date,Q_target,precip_target,temp_target,Q_02035000,precip_02035000,Q_02034000,precip_02034000
2000-01-01,3560.0,0.0,7.0,3500.0,0.0,411.0,0.0
2000-01-02,3460.0,0.0,11.2,3300.0,0.0,419.0,0.0
2000-01-03,3250.0,0.0,15.9,3300.0,0.0,394.0,0.0
2000-01-04,3280.0,7.2,16.9,3040.0,14.7,410.0,15.7
2000-01-05,4030.0,11.1,7.5,3700.0,3.4,495.0,2.8
2000-01-06,4610.0,0.0,3.1,4050.0,0.0,441.0,0.0
2000-01-07,4330.0,0.0,6.5,3480.0,0.0,379.0,0.0
2000-01-08,3470.0,0.0,3.4,3190.0,0.0,362.0,0.0
2000-01-09,3340.0,6.7,5.0,3090.0,7.7,393.0,8.3
2000-01-10,3560.0,18.0,9.9,3360.0,13.6,549.0,13.1
2000-01-11,5970.0,0.0,11.4,7020.0,0.0,874.0,0.0
2000-01-12,8370.0,0.0,6.9,6860.0,0.0,638.0,0.0
2000-01-13,6450.0,0.0,10.0,5230.0,0.2,520.0,0.0
2000-01-14,5430.0,0.0,0.5,5090.0,0.0,488.0,0.0
2000-01-15,5200.0,0.0,-1.3,4710.0,0.0,429.0,0.0
2000-01-16,4870.0,1.0,5.3,4270.0,0.0,409.0,0.0
2000-01-17,4520.0,0.0,0.6,3920.0,0.0,414.0,0.0
2000-01-18,4170.0,0.8,-2.9,3760.0,0.5,412.0,0.8
2000-01-19,3890.0,0.0,-1.3,3480.0,0.0,369.0,0.0
2000-01-20,3710.0,5.2,0.8,3520.0,4.8,403.0,5.2
2000-01-21,3750.0,0.0,-3.3,3550.0,0.0,430.0,0.0
2000-01-22,3760.0,0.0,-4.0,3460.0,0.0,350.0,0.0
2000-01-23,3530.0,2.7,-1.1,3110.0,1.1,305.0,0.9
2000-01-24,3280.0,0.0,0.2,3080.0,0.0,315.0,0.0
2000-01-25,3350.0,31.4,-1.5,3020.0,20.9,330.0,18.2
2000-01-26,3210.0,0.2,-5.3,2900.0,0.1,340.0,0.0
2000-01-27,3180.0,0.0,-7.9,2800.0,0.0,320.0,0.0
2000-01-28,3050.0,0.0,-10.6,2700.0,0.0,290.0,0.0
2000-01-29,2730.0,0.0,-7.5,2700.0,0.0,305.0,0.0
2000-01-30,2840.0,18.6,-3.5,2790.0,16.1,325.0,16.2
2000-01-31,3990.0,2.9,-1.7,2900.0,1.9,340.0,1.2
2000-02-01,4360.0,0.0,-2.7,3000.0,0.0,345.0,0.0
2000-02-02,4350.0,0.0,-3.2,3000.0,0.0,330.0,0.0
2000-02-03,3990.0,0.0,-1.4,3100.0,0.0,310.0,0.0
2000-02-04,3760.0,0.0,2.1,3240.0,0.0,315.0,0.0
2000-02-05,3820.0,0.0,-1.4,3310.0,0.0,374.0,0.0
2000-02-06,3940.0,0.0,-0.9,3560.0,0.0,365.0,0.0
2000-02-07,4090.0,0.0,2.1,3490.0,0.0,320.0,0.0
2000-02-08,4040.0,0.0,-0.2,3360.0,0.0,370.0,0.0
2000-02-09,4040.0,0.0,0.7,3570.0,0.0,350.0,0.0
2000-02-10,4120.0,0.0,4.3,3490.0,0.0,454.0,0.0
2000-02-11,4120.0,1.0,9.3,3570.0,1.0,518.0,1.3
2000-02-12,4370.0,8.9,2.9,3960.0,5.9,582.0,5.6
2000-02-13,4620.0,0.0,-1.0,4340.0,0.0,520.0,0.0
2000-02-14,4970.0,8.9,8.5,4620.0,9.3,621.0,9.5
2000-02-15,6070.0,0.0,5.5,6120.0,0.0,868.0,0.0
2000-02-16,7400.0,0.0,7.4,6530.0,0.0,796.0,0.0
2000-02-17,7890.0,0.0,5.5,9760.0,0.0,647.0,0.0
2000-02-18,10400.0,10.9,2.3,8910.0,10.8,648.0,9.3
2000-02-19,11400.0,4.3,13.7,12300.0,2.6,992.0,1.9
2000-02-20,14700.0,0.0,5.4,14300.0,0.0,943.0,0.0
2000-02-21,21000.0,0.0,3.9,24300.0,0.0,733.0,0.0
2000-02-22,19500.0,0.0,4.3,16000.0,0.0,682.0,0.0
2000-02-23,13700.0,0.0,6.6,13000.0,0.0,621.0,0.0
2000-02-24,10800.0,0.0,11.4,9800.0,0.0,600.0,0.0
2000-02-25,8950.0,0.0,15.1,8380.0,0.0,537.0,0.0
2000-02-26,7760.0,0.0,14.3,7380.0,0.0,491.0,0.0
2000-02-27,6960.0,0.6,13.8,6640.0,1.0,485.0,0.4
2000-02-28,6680.0,13.9,12.3,6370.0,11.1,551.0,10.0
2000-02-29,6580.0,0.0,8.3,6190.0,0.0,565.0,0.0
2000-03-01,6090.0,0.5,10.0,5580.0,0.6,462.0,0.5
2000-03-02,5640.0,0.0,11.1,5440.0,0.0,433.0,0.0
2000-03-03,5350.0,0.0,7.0,5170.0,0.0,429.0,0.0
2000-03-04,4970.0,0.0,6.2,4890.0,0.0,422.0,0.0
2000-03-05,4710.0,0.0,9.2,4710.0,0.0,382.0,0.0
2000-03-06,4550.0,0.0,10.5,4500.0,0.0,389.0,0.0
2000-03-07,4340.0,0.0,10.5,4270.0,0.0,369.0,0.0
2000-03-08,4140.0,0.0,17.2,3910.0,0.0,346.0,0.0
2000-03-09,3890.0,0.0,19.3,3950.0,0.0,345.0,0.0
2000-03-10,3940.0,0.0,19.0,3850.0,0.0,343.0,0.0
2000-03-11,3870.0,3.1,16.2,3860.0,2.7,347.0,4.5
2000-03-12,3940.0,13.0,14.2,3910.0,12.8,426.0,13.2
2000-03-13,3990.0,0.0,5.4,4610.0,0.0,501.0,0.0
2000-03-14,6220.0,0.0,7.5,11700.0,0.0,433.0,0.0
2000-03-15,12100.0,0.0,11.3,11100.0,0.0,394.0,0.0
2000-03-16,10100.0,5.7,13.9,9800.0,4.4,392.0,4.6
2000-03-17,10400.0,14.3,14.1,8910.0,18.2,512.0,16.9
2000-03-18,9690.0,0.0,3.7,8400.0,0.0,534.0,0.0
2000-03-19,8160.0,0.0,5.0,6880.0,0.0,412.0,0.0
2000-03-20,6930.0,1.9,7.5,6370.0,2.2,435.0,3.1
2000-03-21,6960.0,18.6,6.6,7480.0,32.7,1190.0,32.7
2000-03-22,11900.0,0.4,5.7,18000.0,0.1,2070.0,0.2
2000-03-23,25400.0,0.0,10.1,25900.0,0.0,1240.0,0.0
2000-03-24,21600.0,0.0,11.5,19400.0,0.0,963.0,0.0
2000-03-25,17200.0,0.2,14.4,15700.0,0.0,795.0,0.2
2000-03-26,14200.0,0.0,16.6,13000.0,0.2,704.0,0.2
2000-03-27,11600.0,7.6,12.9,10100.0,9.0,610.0,9.6
2000-03-28,11000.0,11.7,12.2,9700.0,14.1,616.0,13.1
2000-03-29,9960.0,0.0,9.6,8890.0,0.0,575.0,0.0
2000-03-30,8790.0,0.2,10.3,7730.0,0.0,522.0,0.0
2000-03-31,7450.0,0.0,10.2,6980.0,0.0,481.0,0.0
2000-04-01,6870.0,0.0,10.6,6410.0,0.0,445.0,0.0
2000-04-02,6340.0,0.0,13.5,6000.0,0.4,419.0,0.7
2000-04-03,5850.0,11.0,17.3,5630.0,5.5,427.0,4.1
2000-04-04,5690.0,5.1,18.0,5550.0,5.2,480.0,4.3
2000-04-05,5580.0,0.0,9.4,5570.0,0.0,444.0,0.0
2000-04-06,5540.0,0.2,13.5,5710.0,0.5,458.0,0.1
2000-04-07,6280.0,0.0,17.4,7900.0,0.0,371.0,0.0
2000-04-08,8130.0,5.1,18.4,8180.0,11.4,398.0,12.3
2000-04-09,8730.0,12.6,7.2,9170.0,6.7,852.0,3.8
2000-04-10,9830.0,0.0,11.7,8920.0,0.0,690.0,0.0
2000-04-11,8210.0,0.1,14.6,7260.0,0.5,590.0,0.8
2000-04-12,7030.0,0.0,15.5,6650.0,0.2,540.0,0.3
2000-04-13,6310.0,0.0,8.5,6000.0,0.0,495.0,0.0
2000-04-14,5540.0,1.2,9.2,5540.0,0.0,471.0,0.0
2000-04-15,5270.0,13.8,13.4,5310.0,8.1,465.0,6.0
2000-04-16,5250.0,4.3,17.8,5290.0,0.5,479.0,0.6
2000-04-17,5990.0,6.3,17.7,6570.0,21.2,603.0,17.9
2000-04-18,16200.0,15.4,10.9,14000.0,20.6,1040.0,25.0
2000-04-19,21000.0,0.0,11.4,24800.0,0.0,927.0,0.0
2000-04-20,30400.0,0.0,14.6,27600.0,0.0,720.0,0.0
2000-04-21,21700.0,18.1,16.8,19100.0,10.1,661.0,8.1
2000-04-22,16800.0,0.7,12.4,15200.0,0.9,658.0,0.3
2000-04-23,13500.0,0.0,13.1,12100.0,0.0,584.0,0.0
2000-04-24,11100.0,0.0,12.5,10300.0,0.0,521.0,0.1
2000-04-25,9960.0,12.0,10.4,9410.0,12.1,1060.0,12.7
2000-04-26,12200.0,0.8,9.8,12900.0,0.5,1830.0,0.1
2000-04-27,13400.0,4.7,10.2,13200.0,9.3,1370.0,9.8
2000-04-28,14600.0,2.1,12.0,14300.0,0.8,1060.0,0.1
2000-04-29,13500.0,0.4,12.5,12600.0,0.1,1050.0,0.7
2000-04-30,11800.0,0.0,14.6,11000.0,0.0,855.0,0.0
2000-05-01,10300.0,0.0,15.9,9520.0,0.0,700.0,0.0
2000-05-02,8990.0,0.2,20.3,8410.0,0.0,658.0,0.6
2000-05-03,8060.0,0.0,16.3,7390.0,0.0,599.0,0.0
2000-05-04,7020.0,0.0,16.8,6570.0,0.0,531.0,0.0
2000-05-05,6270.0,0.0,20.4,6000.0,0.0,517.0,0.4
2000-05-06,5680.0,0.0,22.8,5490.0,0.0,517.0,0.0
2000-05-07,5510.0,0.1,24.3,5170.0,0.0,476.0,0.0
2000-05-08,5120.0,0.0,24.3,4400.0,0.0,442.0,0.0
2000-05-09,4530.0,0.0,24.7,4310.0,0.0,414.0,0.0
2000-05-10,4470.0,2.1,24.6,4040.0,0.2,372.0,0.0
2000-05-11,4320.0,0.0,19.9,3820.0,0.0,370.0,0.0
2000-05-12,4120.0,0.0,22.9,3650.0,0.0,368.0,0.0
2000-05-13,3830.0,0.0,27.1,3410.0,0.3,315.0,2.1
2000-05-14,3610.0,0.8,21.7,3420.0,1.4,340.0,1.5
2000-05-15,3560.0,0.0,18.2,3740.0,0.0,332.0,0.0
2000-05-16,3750.0,0.0,17.5,3390.0,0.0,292.0,0.0
2000-05-17,3450.0,0.8,18.9,2960.0,1.5,281.0,1.5
2000-05-18,3030.0,0.5,23.0,2600.0,0.0,295.0,0.0
2000-05-19,2710.0,0.9,25.6,2850.0,1.1,288.0,0.8
2000-05-20,2910.0,1.4,22.2,2950.0,1.9,340.0,2.2
2000-05-21,2890.0,15.5,18.0,3000.0,12.0,445.0,11.9
2000-05-22,3160.0,17.5,17.5,4680.0,14.5,883.0,16.5
2000-05-23,6420.0,0.0,18.5,7570.0,0.2,1280.0,0.4
2000-05-24,6740.0,3.3,22.5,5160.0,2.8,623.0,3.3
2000-05-25,4500.0,1.1,22.8,4480.0,1.5,405.0,1.4
2000-05-26,4300.0,0.0,20.5,4190.0,0.0,247.0,0.0
2000-05-27,3750.0,6.2,19.0,3530.0,4.8,320.0,4.8
2000-05-28,3430.0,8.0,16.7,3640.0,14.2,254.0,13.4
2000-05-29,3880.0,20.8,14.7,3910.0,10.8,331.0,9.0
2000-05-30,4030.0,0.1,14.2,4140.0,0.0,309.0,0.0
2000-05-31,4230.0,0.0,16.2,4600.0,0.0,294.0,0.0
2000-06-01,4310.0,0.0,21.4,4580.0,0.9,256.0,0.7
2000-06-02,4530.0,0.0,26.0,4460.0,0.0,201.0,0.0
2000-06-03,3990.0,0.0,23.6,3980.0,0.0,236.0,0.0
2000-06-04,3510.0,0.6,19.1,3570.0,0.2,165.0,0.6
2000-06-05,3060.0,0.9,18.3,3110.0,0.6,155.0,0.6
2000-06-06,3230.0,15.2,17.5,3120.0,11.9,309.0,13.7
2000-06-07,3500.0,1.4,17.5,3930.0,0.0,317.0,0.0
2000-06-08,3800.0,0.0,19.5,3790.0,0.0,207.0,0.0
2000-06-09,3190.0,0.0,22.3,3200.0,0.0,188.0,0.0
2000-06-10,2750.0,0.0,24.9,3250.0,0.0,167.0,0.0
2000-06-11,2820.0,0.0,26.2,3170.0,0.0,151.0,0.0
2000-06-12,2550.0,0.0,27.3,2930.0,0.0,136.0,0.0
2000-06-13,2220.0,7.6,26.2,2700.0,9.8,130.0,3.4
2000-06-14,2170.0,4.1,24.4,2700.0,5.0,340.0,7.5
2000-06-15,2400.0,2.8,25.2,3040.0,6.2,436.0,12.4
2000-06-16,2720.0,5.4,25.1,3360.0,6.2,331.0,3.5
2000-06-17,2830.0,5.4,26.7,3140.0,9.0,291.0,4.6
2000-06-18,2580.0,14.4,25.7,3080.0,9.1,684.0,5.5
2000-06-19,2690.0,14.8,23.3,3580.0,13.5,592.0,14.7
2000-06-20,3160.0,0.5,22.0,3800.0,0.1,522.0,0.0
2000-06-21,3410.0,0.5,23.4,4880.0,0.3,430.0,0.1
2000-06-22,4070.0,0.1,26.1,4490.0,0.6,318.0,0.6
2000-06-23,3630.0,0.0,24.7,4170.0,0.0,256.0,0.0
2000-06-24,3340.0,0.0,25.2,3750.0,0.0,214.0,0.0
2000-06-25,2830.0,0.0,26.1,3200.0,1.1,178.0,0.3
2000-06-26,2360.0,1.9,27.1,3010.0,1.2,113.0,2.4
2000-06-27,2290.0,4.5,26.0,2890.0,8.8,258.0,5.9
2000-06-28,2920.0,22.9,23.2,3950.0,26.0,2070.0,21.0
2000-06-29,6690.0,29.4,22.8,8460.0,15.6,2840.0,12.4
2000-06-30,7870.0,0.0,22.5,6390.0,0.3,853.0,0.1
2000-07-01,5590.0,0.0,21.7,6070.0,0.0,547.0,0.0
2000-07-02,5620.0,0.0,22.7,6360.0,0.0,402.0,0.0
2000-07-03,4860.0,0.0,24.3,4410.0,0.0,340.0,0.0
2000-07-04,3570.0,5.9,25.1,3300.0,2.8,294.0,4.0
2000-07-05,2970.0,1.5,25.4,2980.0,0.2,293.0,0.4
2000-07-06,2630.0,0.0,24.7,2740.0,0.0,312.0,0.0
2000-07-07,2580.0,0.1,23.3,3190.0,0.3,277.0,0.1
2000-07-08,2800.0,0.0,21.4,2680.0,0.0,254.0,0.0
2000-07-09,2240.0,0.0,23.7,2540.0,0.0,218.0,0.0
2000-07-10,2030.0,0.2,27.8,2420.0,0.2,141.0,1.1
2000-07-11,1870.0,3.5,24.6,2280.0,4.3,146.0,5.1
2000-07-12,1660.0,0.0,22.9,2290.0,0.0,156.0,0.0
2000-07-13,1550.0,0.0,22.7,2340.0,0.0,181.0,0.0
2000-07-14,1520.0,1.8,23.5,2570.0,1.7,175.0,1.3
2000-07-15,2460.0,23.3,22.0,2390.0,9.7,162.0,12.0
2000-07-16,2060.0,8.9,22.2,2320.0,1.5,155.0,2.1
2000-07-17,1830.0,0.8,22.4,2330.0,1.7,152.0,0.7
2000-07-18,1590.0,0.0,25.2,2370.0,0.0,186.0,0.0
2000-07-19,1550.0,14.9,25.0,2380.0,17.1,117.0,15.6
2000-07-20,1550.0,13.1,20.8,2340.0,17.9,326.0,11.7
2000-07-21,1380.0,0.7,22.3,2470.0,0.9,269.0,0.1
2000-07-22,1900.0,0.0,22.4,2830.0,0.0,170.0,0.0
2000-07-23,2200.0,2.3,22.1,2650.0,2.2,159.0,1.4
2000-07-24,2200.0,25.1,19.7,2510.0,22.2,181.0,23.9
2000-07-25,1960.0,1.8,19.3,2370.0,0.1,233.0,0.0
2000-07-26,2000.0,10.4,19.9,2760.0,13.4,199.0,12.1
2000-07-27,2550.0,0.0,22.1,3270.0,0.0,145.0,0.0
2000-07-28,2820.0,1.2,24.3,3040.0,1.0,214.0,1.7
2000-07-29,2710.0,3.8,23.3,3700.0,6.3,676.0,9.1
2000-07-30,3370.0,7.6,24.1,4120.0,5.2,344.0,1.8
2000-07-31,3240.0,10.1,23.6,3490.0,11.6,640.0,8.2
2000-08-01,3110.0,1.0,24.8,4440.0,0.5,529.0,2.5
2000-08-02,3690.0,2.2,25.3,4620.0,5.0,365.0,3.8
2000-08-03,3590.0,4.9,24.5,5280.0,4.4,294.0,2.6
2000-08-04,4820.0,7.2,24.8,6670.0,12.3,231.0,14.9
2000-08-05,4930.0,2.6,22.6,6010.0,1.5,334.0,1.6
2000-08-06,4740.0,0.0,23.5,5630.0,1.6,239.0,1.1
2000-08-07,4060.0,0.0,28.0,4290.0,0.5,239.0,1.6
2000-08-08,3100.0,0.0,27.7,3440.0,0.0,157.0,0.0
2000-08-09,2520.0,0.0,27.4,3270.0,0.4,152.0,1.4
2000-08-10,2480.0,0.1,27.0,2660.0,1.4,176.0,1.7
2000-08-11,1820.0,6.9,25.0,2580.0,0.7,156.0,0.3
2000-08-12,1720.0,0.2,22.8,2720.0,0.0,120.0,0.0
2000-08-13,1820.0,6.6,20.1,2600.0,9.0,101.0,7.9
2000-08-14,1700.0,1.9,20.6,2520.0,1.3,101.0,0.5
2000-08-15,1610.0,0.1,22.7,2410.0,0.1,100.0,0.0
2000-08-16,1500.0,0.0,25.7,2360.0,0.0,98.0,0.0
2000-08-17,1430.0,0.0,23.2,2330.0,0.0,93.0,0.0
2000-08-18,1440.0,2.5,23.9,2170.0,2.8,221.0,2.9
2000-08-19,1330.0,3.3,21.6,2390.0,1.4,361.0,1.5
2000-08-20,1520.0,0.0,20.3,2620.0,0.0,237.0,0.0
2000-08-21,1640.0,0.0,19.6,2460.0,0.0,132.0,0.0
2000-08-22,1460.0,0.0,20.1,2250.0,0.0,113.0,0.0
2000-08-23,1400.0,0.0,22.3,2630.0,0.9,104.0,1.2
2000-08-24,1670.0,9.8,23.8,2430.0,4.9,99.0,5.1
2000-08-25,1480.0,1.8,23.0,2240.0,0.0,100.0,0.0
2000-08-26,1350.0,0.0,22.6,2220.0,0.6,105.0,0.6
2000-08-27,1360.0,16.6,22.8,2200.0,11.5,114.0,5.6
2000-08-28,1390.0,12.8,21.9,2160.0,12.4,126.0,9.5
2000-08-29,1360.0,1.5,22.9,3940.0,2.3,151.0,1.7
2000-08-30,3130.0,10.0,21.9,4360.0,4.9,257.0,3.7
2000-08-31,3090.0,4.1,23.7,3890.0,5.3,354.0,5.2
2000-09-01,3050.0,4.1,24.5,3730.0,6.1,302.0,8.1
2000-09-02,2960.0,12.2,24.5,3700.0,12.2,478.0,7.4
2000-09-03,6110.0,17.8,23.4,17100.0,18.1,1790.0,18.2
2000-09-04,18000.0,6.3,23.7,21200.0,8.4,3820.0,7.3
2000-09-05,16300.0,4.2,20.0,16800.0,4.4,3030.0,3.8
2000-09-06,13800.0,0.0,17.6,14900.0,0.0,1200.0,0.0
2000-09-07,11200.0,0.0,17.6,11700.0,0.0,727.0,0.0
2000-09-08,8660.0,0.0,19.2,8790.0,0.0,559.0,0.0
2000-09-09,6590.0,0.0,21.1,6720.0,0.1,471.0,0.1
2000-09-10,5560.0,0.0,23.0,5390.0,0.0,401.0,0.0
2000-09-11,4470.0,0.0,21.9,4390.0,0.0,303.0,0.0
2000-09-12,3750.0,0.0,22.8,3800.0,0.0,295.0,0.0
2000-09-13,3470.0,0.2,23.6,3700.0,0.0,272.0,0.2
2000-09-14,3230.0,3.0,22.9,3290.0,3.2,244.0,2.5
2000-09-15,2940.0,7.2,21.5,3060.0,2.4,225.0,1.0
2000-09-16,2670.0,0.0,16.2,2810.0,0.0,209.0,0.0
2000-09-17,2470.0,0.0,15.0,2610.0,0.0,188.0,0.0
2000-09-18,2280.0,0.1,16.6,2400.0,1.6,130.0,2.1
2000-09-19,2220.0,17.8,19.0,2360.0,21.1,384.0,19.5
2000-09-20,2360.0,0.0,21.5,3800.0,0.0,889.0,0.0
2000-09-21,4730.0,1.1,23.5,7180.0,0.0,489.0,0.0
2000-09-22,5610.0,0.0,18.6,4880.0,0.0,319.0,0.0
2000-09-23,3830.0,8.2,19.6,3600.0,7.3,281.0,6.1
2000-09-24,3180.0,0.3,22.3,3130.0,0.6,244.0,0.5
2000-09-25,2980.0,18.4,17.3,2900.0,12.2,283.0,11.8
2000-09-26,3380.0,25.9,12.0,3990.0,22.7,955.0,23.3
2000-09-27,5190.0,0.0,14.1,7580.0,0.0,809.0,0.0
2000-09-28,6950.0,0.0,15.3,8010.0,0.0,498.0,0.0
2000-09-29,6950.0,0.0,15.2,7490.0,0.0,449.0,0.0
2000-09-30,6060.0,0.0,14.8,5900.0,0.0,330.0,0.0
2000-10-01,4920.0,0.0,16.2,4640.0,0.0,273.0,0.0
2000-10-02,4050.0,0.0,18.6,4120.0,0.0,292.0,0.1
2000-10-03,3690.0,0.0,20.5,3430.0,0.0,241.0,0.0
2000-10-04,3200.0,0.0,22.7,3300.0,0.0,225.0,0.0
2000-10-05,3070.0,0.0,22.3,2970.0,0.0,217.0,0.0
2000-10-06,2760.0,0.2,22.1,2900.0,0.1,212.0,0.0
2000-10-07,2770.0,0.0,16.6,2560.0,0.0,153.0,0.0
2000-10-08,2270.0,0.0,10.5,2390.0,0.0,172.0,0.0
2000-10-09,2220.0,0.1,7.8,2210.0,0.4,166.0,0.0
2000-10-10,2050.0,0.0,9.0,2160.0,0.0,157.0,0.0
2000-10-11,1830.0,0.0,11.8,2180.0,0.0,153.0,0.0
2000-10-12,1990.0,0.0,13.9,2030.0,0.0,151.0,0.0
2000-10-13,1830.0,0.0,14.0,1970.0,0.0,181.0,0.0
2000-10-14,1790.0,0.0,15.9,2110.0,0.0,172.0,0.0
2000-10-15,1900.0,0.0,16.7,1930.0,0.0,108.0,0.0
2000-10-16,1770.0,0.0,18.2,1850.0,0.0,124.0,0.0
2000-10-17,1690.0,0.4,17.1,1930.0,0.1,136.0,0.2
2000-10-18,1780.0,0.4,17.4,1790.0,0.0,163.0,0.0
2000-10-19,1670.0,0.0,16.3,1880.0,0.0,149.0,0.0
2000-10-20,1710.0,0.0,15.5,1680.0,0.0,118.0,0.0
2000-10-21,1610.0,0.0,16.2,1770.0,0.0,109.0,0.0
2000-10-22,1660.0,0.0,17.1,1660.0,0.0,128.0,0.0
2000-10-23,1590.0,0.0,13.3,1610.0,0.0,130.0,0.0
2000-10-24,1570.0,0.0,13.1,2500.0,0.0,132.0,0.0
2000-10-25,2390.0,0.0,15.2,2470.0,0.0,136.0,0.0
2000-10-26,2100.0,0.0,14.7,1660.0,0.0,161.0,0.0
2000-10-27,1620.0,0.0,15.4,1650.0,0.0,148.0,0.0
2000-10-28,1600.0,0.0,16.4,1360.0,0.0,152.0,0.0
2000-10-29,1380.0,0.0,10.9,1030.0,0.0,133.0,0.0
2000-10-30,1160.0,0.0,10.8,1450.0,0.0,100.0,0.0
2000-10-31,1430.0,0.0,10.3,1420.0,0.0,135.0,0.0
2000-11-01,1440.0,0.0,10.1,1490.0,0.0,134.0,0.0
2000-11-02,1500.0,0.0,11.3,1450.0,0.0,92.0,0.0
2000-11-03,1470.0,0.0,12.6,1260.0,0.0,110.0,0.0
2000-11-04,1360.0,0.0,14.9,1150.0,0.0,161.0,0.0
2000-11-05,1280.0,0.0,12.8,1120.0,0.0,97.0,0.0
2000-11-06,1260.0,0.0,9.0,1340.0,0.0,119.0,0.0
2000-11-07,1410.0,0.0,10.4,1500.0,0.0,125.0,0.0
2000-11-08,1530.0,0.0,13.9,1340.0,0.0,126.0,0.2
2000-11-09,1460.0,1.7,15.9,1430.0,3.5,132.0,5.9
2000-11-10,1590.0,2.1,16.4,1620.0,3.4,215.0,3.3
2000-11-11,1680.0,0.0,11.4,1690.0,0.0,224.0,0.0
2000-11-12,1760.0,0.0,10.4,2180.0,0.0,182.0,0.0
2000-11-13,2100.0,0.0,9.8,2240.0,0.0,114.0,0.0
2000-11-14,2250.0,7.0,10.7,2400.0,5.0,164.0,5.4
2000-11-15,2350.0,0.0,6.1,2420.0,0.0,161.0,0.0
2000-11-16,2300.0,0.0,5.5,2050.0,0.0,106.0,0.0
2000-11-17,2020.0,1.4,9.8,1890.0,1.4,156.0,1.5
2000-11-18,1900.0,0.0,4.1,1920.0,0.0,155.0,0.0
2000-11-19,1970.0,2.0,4.2,1920.0,1.1,101.0,0.7
2000-11-20,1950.0,0.3,3.6,1880.0,0.0,105.0,0.1
2000-11-21,1840.0,0.0,1.9,1500.0,0.0,162.0,0.0
2000-11-22,1610.0,0.0,-0.5,1570.0,0.0,128.0,0.0
2000-11-23,1650.0,0.0,-0.0,1220.0,0.0,100.0,0.0
2000-11-24,1400.0,0.0,0.7,1080.0,0.0,120.0,0.0
2000-11-25,1370.0,10.9,3.7,1460.0,9.6,135.0,9.4
2000-11-26,1860.0,9.6,12.2,1660.0,10.4,350.0,10.7
2000-11-27,2050.0,0.0,9.6,2610.0,0.0,457.0,0.0
2000-11-28,2680.0,0.0,7.4,2580.0,0.0,281.0,0.0
2000-11-29,2490.0,2.1,6.2,2230.0,0.3,167.0,0.3
2000-11-30,2270.0,0.1,5.9,2080.0,0.2,190.0,0.2
2000-12-01,2070.0,0.0,3.2,1850.0,0.0,210.0,0.0
2000-12-02,1950.0,0.0,3.2,1870.0,0.0,231.0,0.0
2000-12-03,1940.0,0.0,-0.1,1880.0,0.0,230.0,0.0
2000-12-04,1930.0,0.0,-0.1,1660.0,0.0,219.0,0.0
2000-12-05,1780.0,0.0,1.0,1680.0,0.0,214.0,0.0
2000-12-06,1800.0,0.0,-0.3,1850.0,0.0,211.0,0.0
2000-12-07,1900.0,0.0,2.1,1560.0,0.0,205.0,0.0
2000-12-08,1710.0,0.0,4.8,1640.0,0.0,198.0,0.0
2000-12-09,1760.0,0.0,2.4,1610.0,0.0,191.0,0.0
2000-12-10,1780.0,2.4,0.2,1610.0,1.0,183.0,0.6
2000-12-11,1770.0,0.0,1.8,1540.0,0.0,179.0,0.0
2000-12-12,1700.0,0.0,7.7,1560.0,0.0,172.0,0.0
2000-12-13,1750.0,0.0,0.3,1600.0,0.0,178.0,0.0
2000-12-14,1760.0,11.3,4.0,1520.0,10.1,203.0,8.3
2000-12-15,1750.0,0.0,2.7,1750.0,0.0,304.0,0.0
2000-12-16,1970.0,3.0,3.2,2100.0,7.1,363.0,7.3
2000-12-17,2390.0,25.8,12.5,3000.0,30.3,1610.0,29.8
2000-12-18,6450.0,0.0,0.9,7000.0,0.0,1180.0,0.0
2000-12-19,7600.0,1.2,1.2,8090.0,3.1,702.0,4.2
2000-12-20,8760.0,2.2,-2.0,9030.0,1.6,589.0,1.4
2000-12-21,7530.0,0.0,-2.1,6680.0,0.0,451.0,0.0
2000-12-22,5810.0,0.6,-0.3,5350.0,0.0,429.0,0.0
2000-12-23,4900.0,0.0,-4.3,4230.0,0.0,388.0,0.0
2000-12-24,3910.0,0.0,-2.0,3610.0,0.0,360.0,0.0
2000-12-25,3580.0,0.0,-2.8,3300.0,0.0,310.0,0.0
2000-12-26,3000.0,0.0,-4.4,2640.0,0.0,294.0,0.0
2000-12-27,2600.0,0.2,-0.7,2790.0,0.0,255.0,0.0
2000-12-28,2600.0,0.0,-2.3,2720.0,0.0,265.0,0.0
2000-12-29,2450.0,0.0,-2.6,2640.0,0.0,250.0,0.0
2000-12-30,2300.0,0.0,-2.1,2390.0,0.0,230.0,0.0
2000-12-31,2200.0,0.0,-2.4,2370.0,0.0,205.0,0.0
2001-01-01,2190.0,0.0,-1.7,2190.0,0.0,195.0,0.0
2001-01-02,2100.0,0.0,-1.1,2040.0,0.0,190.0,0.0
2001-01-03,2000.0,0.0,-2.1,2140.0,0.0,180.0,0.0
2001-01-04,2050.0,0.0,-1.2,2150.0,0.0,185.0,0.0
2001-01-05,2090.0,0.2,-0.7,1910.0,0.2,200.0,0.2
2001-01-06,2060.0,0.0,1.6,2030.0,0.0,215.0,0.0
2001-01-07,2140.0,0.0,2.5,2220.0,0.0,230.0,0.0
2001-01-08,2140.0,4.0,3.3,2220.0,4.1,238.0,3.7
2001-01-09,2280.0,0.0,0.3,2260.0,0.0,297.0,0.0
2001-01-10,2290.0,0.0,1.1,2370.0,0.0,266.0,0.0
2001-01-11,2370.0,0.0,3.6,2180.0,0.0,235.0,0.0
2001-01-12,2180.0,0.0,4.3,2060.0,0.0,237.0,0.0
2001-01-13,2070.0,0.0,2.2,1970.0,0.0,231.0,0.0
2001-01-14,2000.0,0.4,1.6,1880.0,0.0,218.0,0.3
2001-01-15,1940.0,1.3,6.2,1990.0,1.9,221.0,1.2
2001-01-16,2030.0,0.0,6.3,1880.0,0.0,227.0,0.0
2001-01-17,1910.0,0.0,3.3,1880.0,0.0,222.0,0.0
2001-01-18,1920.0,3.8,2.8,1890.0,4.7,215.0,5.1
2001-01-19,2090.0,8.7,5.0,2170.0,18.1,301.0,17.7
2001-01-20,4090.0,25.8,2.9,4830.0,26.8,981.0,26.9
2001-01-21,8950.0,3.3,0.5,9140.0,3.6,911.0,3.0
2001-01-22,10100.0,0.0,-0.9,11300.0,0.0,653.0,0.0
2001-01-23,10400.0,0.0,-0.4,10100.0,0.0,534.0,0.0
2001-01-24,8420.0,0.0,1.7,7630.0,0.0,509.0,0.0
2001-01-25,6690.0,0.0,1.4,6210.0,0.0,448.0,0.0
2001-01-26,5660.0,0.0,-0.4,5410.0,0.0,358.0,0.0
2001-01-27,5000.0,0.8,3.7,4580.0,0.0,364.0,0.0
2001-01-28,4350.0,0.0,1.3,4130.0,0.0,342.0,0.0
2001-01-29,4070.0,0.0,3.0,3670.0,0.0,318.0,0.0
2001-01-30,3600.0,6.8,9.7,3410.0,8.6,334.0,8.7
2001-01-31,3500.0,0.0,11.5,3410.0,0.0,390.0,0.0
2001-02-01,3510.0,0.0,7.1,3440.0,0.0,369.0,0.0
2001-02-02,3470.0,0.0,4.8,3310.0,0.0,331.0,0.0
2001-02-03,3570.0,0.0,1.0,4090.0,0.0,315.0,0.0
2001-02-04,4030.0,0.0,0.8,3820.0,0.0,296.0,0.0
2001-02-05,3780.0,14.3,4.2,3430.0,8.6,291.0,6.1
2001-02-06,3580.0,0.0,4.7,3300.0,0.0,296.0,0.0
2001-02-07,3380.0,0.0,6.0,3090.0,0.0,286.0,0.0
2001-02-08,3190.0,0.0,7.5,2950.0,0.0,278.0,0.0
2001-02-09,2980.0,0.0,11.8,2930.0,0.0,266.0,0.0
2001-02-10,2990.0,1.2,13.7,2830.0,0.9,265.0,1.0
2001-02-11,2840.0,0.0,3.0,2690.0,0.0,264.0,0.0
2001-02-12,2710.0,0.3,1.2,2600.0,0.0,248.0,0.0
2001-02-13,2630.0,3.2,5.4,2480.0,2.0,247.0,1.3
2001-02-14,2560.0,2.0,7.4,2480.0,2.2,258.0,1.8
2001-02-15,2600.0,4.6,13.4,2730.0,3.1,263.0,4.0
2001-02-16,2910.0,5.5,7.8,2520.0,6.8,274.0,7.3
2001-02-17,3690.0,22.9,6.4,3190.0,17.8,372.0,16.7
2001-02-18,4770.0,0.0,0.2,4560.0,0.0,377.0,0.0
2001-02-19,5000.0,0.0,0.9,3880.0,0.0,319.0,0.0
2001-02-20,3910.0,0.0,8.1,3310.0,0.0,291.0,0.0
2001-02-21,3520.0,0.0,11.4,3150.0,0.0,285.0,0.0
2001-02-22,3470.0,13.1,0.5,3220.0,12.7,280.0,10.8
2001-02-23,3370.0,0.2,-1.1,3100.0,0.2,289.0,0.2
2001-02-24,3360.0,0.0,0.8,3150.0,0.0,310.0,0.0
2001-02-25,3490.0,0.2,6.6,3150.0,0.0,317.0,0.0
2001-02-26,3660.0,0.0,12.9,3190.0,0.0,361.0,0.0
2001-02-27,3730.0,0.0,7.0,3480.0,0.0,356.0,0.0
2001-02-28,3890.0,0.0,6.8,3430.0,0.0,331.0,0.0
2001-03-01,3700.0,0.0,3.9,3580.0,0.0,321.0,0.0
2001-03-02,3890.0,1.5,6.2,3730.0,0.5,311.0,0.4
2001-03-03,3880.0,0.0,8.2,3540.0,0.0,304.0,0.0
2001-03-04,3790.0,5.5,6.7,3430.0,5.7,303.0,5.2
2001-03-05,3560.0,5.3,4.8,3460.0,2.6,361.0,2.7
2001-03-06,3720.0,0.0,1.1,3520.0,0.0,364.0,0.0
2001-03-07,3700.0,0.0,3.3,3290.0,0.0,322.0,0.0
2001-03-08,3570.0,0.0,4.1,3380.0,0.0,301.0,0.0
2001-03-09,3610.0,0.6,5.8,3170.0,3.1,287.0,1.6
2001-03-10,3240.0,0.0,2.8,2960.0,0.0,280.0,0.0
2001-03-11,3090.0,0.0,6.4,2840.0,0.0,268.0,0.0
2001-03-12,2980.0,0.0,7.6,2640.0,0.0,264.0,0.0
2001-03-13,2820.0,9.3,14.2,2750.0,7.6,272.0,8.3
2001-03-14,2890.0,0.0,11.8,2780.0,0.0,286.0,0.0
2001-03-15,2970.0,16.4,8.2,2940.0,13.4,271.0,12.1
2001-03-16,3270.0,0.1,9.2,2990.0,0.3,315.0,0.8
2001-03-17,3390.0,1.2,10.5,3300.0,0.0,336.0,0.1
2001-03-18,3770.0,0.0,7.0,3390.0,0.0,310.0,0.0
2001-03-19,3720.0,0.0,5.3,3140.0,0.0,280.0,0.0
2001-03-20,3550.0,1.7,5.0,3560.0,1.9,265.0,2.3
2001-03-21,6250.0,38.2,8.9,11800.0,45.1,2320.0,47.3
2001-03-22,28600.0,2.0,8.5,29000.0,3.5,3350.0,3.3
2001-03-23,28500.0,0.0,9.3,27000.0,0.0,1300.0,0.0
2001-03-24,22000.0,0.5,10.9,18300.0,0.9,920.0,0.3
2001-03-25,17100.0,0.3,6.4,14700.0,0.0,726.0,0.0
2001-03-26,13900.0,0.0,4.0,11800.0,0.0,628.0,0.0
2001-03-27,11000.0,0.0,1.0,9250.0,0.0,561.0,0.0
2001-03-28,8950.0,0.0,3.4,7730.0,0.0,497.0,0.0
2001-03-29,7810.0,18.5,4.3,7170.0,15.9,550.0,15.9
2001-03-30,21400.0,25.4,11.7,27100.0,18.7,5810.0,18.4
2001-03-31,35500.0,0.0,9.3,30300.0,0.2,2430.0,0.4
2001-04-01,30900.0,7.2,6.8,28400.0,6.9,1400.0,5.9
2001-04-02,24100.0,0.0,8.2,20800.0,0.8,1270.0,0.6
2001-04-03,19900.0,0.9,6.9,17600.0,0.0,1020.0,0.1
2001-04-04,17500.0,0.0,8.2,15200.0,0.0,865.0,0.0
2001-04-05,15000.0,0.0,9.5,12900.0,0.0,755.0,0.0
2001-04-06,13000.0,0.0,14.9,11000.0,0.1,658.0,0.0
2001-04-07,11100.0,0.0,19.9,9760.0,0.0,584.0,0.0
2001-04-08,9600.0,0.5,17.2,8730.0,0.0,552.0,0.0
2001-04-09,8650.0,0.0,23.0,8060.0,0.0,518.0,0.0
2001-04-10,7930.0,0.0,20.3,7330.0,0.7,506.0,1.2
2001-04-11,7880.0,11.3,12.9,7730.0,10.5,737.0,14.5
2001-04-12,8950.0,0.0,18.5,8320.0,0.0,663.0,0.0
2001-04-13,8970.0,9.6,20.0,8010.0,8.7,557.0,7.7
2001-04-14,8210.0,0.0,16.0,7590.0,0.0,494.0,0.0
2001-04-15,7700.0,3.1,16.5,7040.0,3.2,479.0,2.4
2001-04-16,7010.0,2.4,13.3,6440.0,1.7,463.0,0.9
2001-04-17,6480.0,1.5,8.5,6030.0,1.0,470.0,1.5
2001-04-18,5790.0,0.5,6.1,5290.0,0.0,407.0,0.0
2001-04-19,5080.0,0.0,8.0,4790.0,0.0,381.0,0.0
2001-04-20,4820.0,0.0,12.0,4560.0,0.3,351.0,0.5
2001-04-21,4520.0,0.4,16.8,4370.0,0.0,345.0,0.1
2001-04-22,4360.0,0.0,20.3,4240.0,0.0,348.0,0.0
2001-04-23,4180.0,0.0,21.7,4090.0,0.0,351.0,0.0
2001-04-24,4030.0,0.6,21.8,3910.0,1.1,282.0,0.4
2001-04-25,3910.0,6.7,12.5,3840.0,0.9,306.0,0.3
2001-04-26,3660.0,0.0,10.8,3630.0,0.0,289.0,0.0
2001-04-27,3540.0,0.0,13.8,3290.0,0.0,286.0,0.0
2001-04-28,3270.0,0.0,16.0,3250.0,0.0,277.0,0.0
2001-04-29,3210.0,0.0,13.0,3080.0,0.0,267.0,0.0
2001-04-30,3050.0,0.0,14.1,3020.0,0.0,250.0,0.0
2001-05-01,2910.0,0.2,17.7,2660.0,0.0,269.0,0.0
2001-05-02,2640.0,0.0,20.2,2830.0,0.0,254.0,0.0
2001-05-03,2770.0,0.0,21.5,2670.0,0.0,244.0,0.0
2001-05-04,2610.0,0.0,22.2,2500.0,0.0,208.0,0.0
2001-05-05,2490.0,6.5,22.0,2590.0,4.7,190.0,2.8
2001-05-06,2560.0,0.6,17.1,2700.0,0.4,211.0,1.3
2001-05-07,2490.0,0.0,13.4,2700.0,0.0,207.0,0.0
2001-05-08,2550.0,0.0,14.3,2880.0,0.0,193.0,0.0
2001-05-09,2650.0,0.1,16.7,3120.0,0.0,188.0,0.0
2001-05-10,2670.0,0.0,19.4,2960.0,0.0,185.0,0.0
2001-05-11,2450.0,0.0,21.4,2320.0,0.0,174.0,0.0
2001-05-12,2260.0,3.0,22.6,2140.0,2.2,164.0,2.3
2001-05-13,2240.0,0.0,17.4,2130.0,0.0,156.0,0.0
2001-05-14,2060.0,0.0,15.4,2070.0,0.0,147.0,0.0
2001-05-15,2050.0,1.0,13.9,1910.0,3.6,142.0,2.7
2001-05-16,1950.0,0.0,14.8,1790.0,0.3,133.0,1.5
2001-05-17,1830.0,1.9,13.3,1830.0,2.1,152.0,3.1
2001-05-18,1920.0,4.6,16.5,2100.0,3.6,180.0,4.0
2001-05-19,2400.0,2.4,18.7,2820.0,4.0,234.0,4.4
2001-05-20,3130.0,13.2,18.2,3610.0,5.2,276.0,4.6
2001-05-21,4180.0,7.6,18.5,4760.0,9.1,307.0,10.3
2001-05-22,6290.0,3.6,22.5,8140.0,3.6,735.0,6.3
2001-05-23,9460.0,0.5,19.4,10400.0,9.2,1250.0,9.2
2001-05-24,19600.0,0.0,19.1,27000.0,0.0,803.0,0.0
2001-05-25,24700.0,8.4,20.7,21600.0,1.6,543.0,2.9
2001-05-26,18300.0,47.9,18.2,15900.0,26.3,520.0,21.9
2001-05-27,17700.0,2.4,18.6,19900.0,0.0,479.0,0.0
2001-05-28,22300.0,0.0,19.4,19800.0,0.1,386.0,0.0
2001-05-29,16500.0,0.2,18.8,14300.0,0.0,324.0,0.0
2001-05-30,12600.0,0.0,18.3,11300.0,0.0,284.0,0.0
2001-05-31,10100.0,0.0,15.7,8950.0,0.0,241.0,0.0
2001-06-01,8150.0,20.5,17.5,6970.0,16.7,213.0,18.7
2001-06-02,7080.0,11.8,21.6,6060.0,12.5,290.0,10.2
2001-06-03,6170.0,0.3,20.2,5660.0,0.0,270.0,0.0
2001-06-04,5320.0,2.1,18.4,4990.0,0.8,213.0,3.6
2001-06-05,4640.0,2.5,21.2,4430.0,2.8,300.0,3.2
2001-06-06,4530.0,10.9,23.2,5060.0,8.7,538.0,7.5
2001-06-07,6170.0,3.7,22.2,6190.0,1.7,1040.0,2.5
2001-06-08,6590.0,1.2,21.2,6210.0,1.2,662.0,0.5
2001-06-09,5950.0,0.0,20.9,5250.0,0.0,467.0,0.0
2001-06-10,4760.0,0.0,21.6,4410.0,0.0,371.0,0.0
2001-06-11,4090.0,0.4,22.4,3880.0,0.3,219.0,0.2
2001-06-12,3590.0,0.0,24.9,3380.0,0.0,290.0,0.0
2001-06-13,3260.0,0.2,25.8,3200.0,0.0,180.0,0.2
2001-06-14,3010.0,6.6,24.7,2750.0,2.3,148.0,3.8
2001-06-15,2700.0,16.1,23.5,2690.0,15.5,173.0,10.2
2001-06-16,3260.0,17.5,22.6,3140.0,5.3,216.0,1.5
2001-06-17,3450.0,0.4,24.2,3280.0,0.0,264.0,0.0
2001-06-18,3400.0,0.0,23.9,3420.0,0.0,213.0,0.0
2001-06-19,3240.0,0.0,23.6,2870.0,0.0,168.0,0.0
2001-06-20,2670.0,0.0,24.2,2210.0,0.0,139.0,0.0
2001-06-21,2200.0,0.0,25.2,2410.0,3.0,470.0,1.4
2001-06-22,2330.0,0.5,25.1,2500.0,1.3,592.0,3.6
2001-06-23,2480.0,23.3,22.3,3550.0,26.3,811.0,25.0
2001-06-24,4390.0,0.0,21.5,6280.0,0.0,578.0,0.0
2001-06-25,5200.0,0.0,22.5,4640.0,0.0,362.0,0.0
2001-06-26,3680.0,0.0,23.7,3390.0,0.0,243.0,0.0
2001-06-27,2880.0,0.0,24.8,2960.0,0.0,170.0,0.1
2001-06-28,2490.0,0.1,26.7,2640.0,0.0,135.0,0.0
2001-06-29,2290.0,1.2,26.9,2060.0,1.5,148.0,0.7
2001-06-30,1880.0,1.8,27.1,1950.0,2.8,139.0,2.4
2001-07-01,1780.0,3.9,26.1,2050.0,2.2,166.0,1.5
2001-07-02,1870.0,1.4,22.2,1870.0,0.2,126.0,0.0
2001-07-03,1680.0,0.0,19.7,1640.0,0.0,114.0,0.0
2001-07-04,1560.0,1.9,24.9,1620.0,0.4,100.0,1.4
2001-07-05,1520.0,7.8,25.0,1570.0,3.2,99.0,1.3
2001-07-06,1460.0,0.0,23.4,1430.0,0.0,101.0,0.0
2001-07-07,1380.0,0.0,22.0,1490.0,0.0,95.0,0.0
2001-07-08,1430.0,0.7,24.1,1480.0,2.7,89.0,4.5
2001-07-09,1430.0,0.0,26.5,1430.0,0.0,109.0,0.3
2001-07-10,1350.0,0.0,26.5,1490.0,0.0,108.0,0.0
2001-07-11,1360.0,1.0,27.6,1540.0,0.0,94.0,0.1
2001-07-12,1370.0,0.0,24.0,1420.0,0.0,80.0,0.0
2001-07-13,1300.0,0.0,23.4,1490.0,0.0,73.0,0.0
2001-07-14,1320.0,0.0,22.5,1340.0,0.0,64.0,0.0
2001-07-15,1240.0,0.0,23.7,1190.0,0.0,62.0,0.0
2001-07-16,1120.0,0.0,24.8,1070.0,0.0,60.0,0.0
2001-07-17,1010.0,0.0,26.5,995.0,0.0,58.0,0.0
2001-07-18,960.0,16.9,24.5,1090.0,15.7,60.0,18.4
2001-07-19,1050.0,10.9,23.0,1210.0,2.6,92.0,2.5
2001-07-20,1120.0,0.0,22.0,1430.0,0.0,86.0,0.0
2001-07-21,1250.0,0.0,21.2,1400.0,0.0,69.0,0.0
2001-07-22,1230.0,0.0,22.1,1200.0,0.0,61.0,0.0
2001-07-23,1100.0,0.8,24.2,1220.0,0.1,57.0,0.3
2001-07-24,1090.0,1.3,25.7,1150.0,6.6,51.0,6.3
2001-07-25,1020.0,0.0,27.2,1070.0,0.2,47.0,0.0
2001-07-26,947.0,14.7,25.9,1010.0,43.1,53.0,42.4
2001-07-27,990.0,12.4,21.7,1280.0,3.3,153.0,3.0
2001-07-28,1110.0,3.2,20.3,1370.0,4.1,79.0,8.8
2001-07-29,1510.0,47.6,18.6,1910.0,44.5,157.0,38.7
2001-07-30,2420.0,3.1,21.1,3600.0,6.7,574.0,6.0
2001-07-31,3630.0,0.0,21.7,4160.0,0.2,350.0,0.1
2001-08-01,3630.0,0.0,22.0,4300.0,0.0,225.0,0.0
2001-08-02,4130.0,0.0,21.9,4390.0,0.0,140.0,0.0
2001-08-03,3680.0,0.0,22.9,3090.0,0.0,96.0,0.0
2001-08-04,2570.0,0.7,24.2,2070.0,0.5,101.0,0.5
2001-08-05,2120.0,0.8,25.2,2170.0,2.6,81.0,0.8
2001-08-06,2130.0,0.0,26.4,1640.0,0.1,73.0,0.0
2001-08-07,1560.0,0.0,27.6,1570.0,0.0,77.0,0.0
2001-08-08,1550.0,0.0,28.4,2170.0,0.0,73.0,0.0
2001-08-09,2130.0,0.0,29.5,1940.0,0.0,66.0,0.0
2001-08-10,1910.0,5.2,28.9,1410.0,5.3,60.0,4.0
2001-08-11,1400.0,19.0,25.8,1280.0,17.4,107.0,14.4
2001-08-12,1420.0,13.9,25.2,1460.0,11.2,425.0,7.0
2001-08-13,2840.0,12.2,24.8,1940.0,20.1,471.0,17.7
2001-08-14,2950.0,3.6,24.3,2770.0,0.0,526.0,0.0
2001-08-15,3030.0,0.0,23.9,2710.0,0.0,259.0,0.0
2001-08-16,2850.0,0.0,23.8,2880.0,0.0,148.0,0.0
2001-08-17,2910.0,0.0,25.1,2750.0,0.9,105.0,1.0
2001-08-18,2560.0,7.3,24.7,1740.0,0.0,87.0,0.0
2001-08-19,1960.0,20.6,23.4,1470.0,13.5,77.0,21.0
2001-08-20,1630.0,0.0,24.6,1400.0,0.1,74.0,1.2
2001-08-21,1480.0,0.0,23.2,1300.0,0.0,81.0,0.0
2001-08-22,1310.0,0.0,23.1,1320.0,0.0,72.0,0.0
2001-08-23,1320.0,0.0,24.3,1460.0,0.4,62.0,0.3
2001-08-24,1440.0,5.7,23.7,1320.0,7.9,55.0,7.6
2001-08-25,1300.0,0.1,23.3,1260.0,0.1,52.0,0.2
2001-08-26,1230.0,0.0,22.5,1280.0,0.0,55.0,0.0
2001-08-27,1230.0,2.0,24.4,1380.0,2.8,58.0,1.5
2001-08-28,1410.0,7.8,24.6,1200.0,1.8,120.0,0.4
2001-08-29,1200.0,1.1,25.3,1240.0,1.8,73.0,1.0
2001-08-30,1190.0,1.3,25.0,1200.0,6.9,63.0,6.3
2001-08-31,1160.0,1.1,24.5,1580.0,2.1,175.0,3.6
2001-09-01,1520.0,3.2,23.4,1340.0,1.5,138.0,2.2
2001-09-02,1320.0,0.0,21.9,1250.0,0.0,87.0,0.0
2001-09-03,1210.0,0.0,21.6,1400.0,0.0,70.0,0.0
2001-09-04,1320.0,0.0,23.2,1500.0,0.0,62.0,0.0
2001-09-05,1400.0,0.0,23.3,1440.0,0.0,58.0,0.0
2001-09-06,1360.0,0.0,21.2,1810.0,0.0,54.0,0.0
2001-09-07,1620.0,0.0,21.2,1240.0,0.0,53.0,0.0
2001-09-08,1180.0,0.0,22.3,1080.0,0.0,49.0,0.0
2001-09-09,1000.0,1.3,22.8,1120.0,0.5,46.0,1.2
2001-09-10,1060.0,5.9,24.0,1030.0,1.2,46.0,1.9
2001-09-11,969.0,4.7,22.5,850.0,0.4,62.0,0.0
2001-09-12,876.0,0.0,21.3,778.0,0.0,52.0,0.0
2001-09-13,740.0,0.0,21.0,855.0,0.0,52.0,0.0
2001-09-14,753.0,0.5,18.3,997.0,1.3,51.0,1.5
2001-09-15,897.0,0.0,15.5,1050.0,0.0,45.0,0.0
2001-09-16,952.0,0.0,16.1,1050.0,0.0,44.0,0.0
2001-09-17,972.0,0.0,17.5,1130.0,0.0,41.0,0.0
2001-09-18,1020.0,0.0,19.3,994.0,0.0,41.0,0.0
2001-09-19,944.0,0.0,20.6,1310.0,0.0,40.0,0.0
2001-09-20,1160.0,1.9,20.6,1000.0,5.1,41.0,6.3
2001-09-21,1020.0,0.3,21.5,915.0,1.8,40.0,3.9
2001-09-22,928.0,0.0,22.2,782.0,0.0,39.0,0.0
2001-09-23,795.0,0.0,22.8,770.0,0.0,39.0,0.0
2001-09-24,739.0,7.9,22.1,912.0,10.3,38.0,14.0
2001-09-25,796.0,8.6,18.7,1030.0,14.5,293.0,11.1
2001-09-26,929.0,0.0,14.1,1460.0,0.0,189.0,0.0
2001-09-27,1290.0,0.0,15.8,1650.0,0.0,99.0,0.0
2001-09-28,1470.0,0.0,14.9,1410.0,0.0,71.0,0.0
2001-09-29,1260.0,0.0,13.4,1270.0,0.0,59.0,0.0
2001-09-30,1150.0,0.0,13.3,960.0,0.0,53.0,0.0
2001-10-01,924.0,0.0,14.1,990.0,0.0,50.5,0.0
2001-10-02,855.0,0.0,17.1,985.0,0.0,46.5,0.0
2001-10-03,930.0,0.0,20.7,1270.0,0.0,45.0,0.0
2001-10-04,1150.0,0.0,21.3,1480.0,0.0,42.4,0.0
2001-10-05,1350.0,0.0,20.8,1100.0,0.0,43.6,0.0
2001-10-06,1090.0,6.8,18.7,702.0,8.2,45.3,5.4
2001-10-07,808.0,0.0,12.3,835.0,0.0,44.9,0.0
2001-10-08,719.0,0.0,9.6,685.0,0.0,43.1,0.0
2001-10-09,752.0,0.0,10.0,758.0,0.0,41.7,0.0
2001-10-10,680.0,0.0,13.3,706.0,0.0,42.6,0.0
2001-10-11,718.0,0.0,17.0,810.0,0.0,40.0,0.0
2001-10-12,731.0,0.0,17.8,728.0,0.0,39.2,0.0
2001-10-13,753.0,0.2,19.6,729.0,0.3,40.7,0.0
2001-10-14,679.0,0.0,19.7,837.0,0.9,41.5,2.8
2001-10-15,815.0,8.6,17.6,880.0,19.4,255.0,18.5
2001-10-16,836.0,0.0,15.5,1260.0,0.5,151.0,0.5
2001-10-17,1110.0,0.1,12.0,1590.0,0.1,91.8,0.0
2001-10-18,1470.0,0.0,9.7,1060.0,0.0,70.9,0.0
2001-10-19,1080.0,0.0,11.0,744.0,0.0,64.1,0.0
2001-10-20,794.0,0.0,15.3,1020.0,0.0,62.1,0.0
2001-10-21,852.0,0.0,16.5,949.0,0.0,60.1,0.0
2001-10-22,951.0,0.0,19.3,935.0,0.0,58.9,0.0
2001-10-23,855.0,0.0,19.3,981.0,0.0,57.8,0.0
2001-10-24,957.0,0.0,21.6,917.0,0.0,56.9,0.0
2001-10-25,879.0,0.0,21.7,911.0,0.0,59.6,0.0
2001-10-26,823.0,0.0,13.9,937.0,0.0,54.1,0.0
2001-10-27,888.0,0.0,8.2,863.0,0.0,50.4,0.0
2001-10-28,858.0,0.0,7.3,855.0,0.0,47.4,0.0
2001-10-29,832.0,0.0,7.7,822.0,0.0,48.5,0.0
2001-10-30,807.0,0.0,10.7,870.0,0.0,49.5,0.0
2001-10-31,835.0,0.0,12.4,850.0,0.0,51.3,0.0
2001-11-01,853.0,0.0,14.4,857.0,0.0,53.6,0.0
2001-11-02,845.0,0.0,18.1,874.0,0.0,55.2,0.0
2001-11-03,855.0,0.5,18.6,903.0,2.5,58.7,0.9
2001-11-04,876.0,0.0,14.5,958.0,0.0,58.2,0.0
2001-11-05,938.0,0.0,12.0,914.0,0.0,58.1,0.0
2001-11-06,911.0,0.0,8.6,905.0,0.0,59.0,0.0
2001-11-07,908.0,0.0,11.6,904.0,0.0,56.3,0.0
2001-11-08,908.0,0.0,14.1,918.0,0.0,57.4,0.0
2001-11-09,908.0,0.0,12.9,912.0,0.0,56.5,0.0
2001-11-10,941.0,0.0,10.9,896.0,0.0,56.5,0.0
2001-11-11,923.0,0.0,12.3,885.0,0.0,52.5,0.0
2001-11-12,895.0,0.0,7.1,888.0,0.0,54.0,0.0
2001-11-13,903.0,0.0,7.1,887.0,0.0,56.8,0.0
2001-11-14,908.0,0.0,9.3,892.0,0.0,60.1,0.0
2001-11-15,908.0,0.0,11.3,898.0,0.0,63.0,0.0
2001-11-16,908.0,0.0,13.2,923.0,0.0,60.7,0.0
2001-11-17,936.0,0.0,13.7,916.0,0.0,61.8,0.0
2001-11-18,940.0,0.0,10.4,924.0,0.0,61.7,0.0
2001-11-19,947.0,0.0,11.7,932.0,0.0,64.7,0.0
2001-11-20,955.0,0.8,12.6,935.0,0.0,64.1,0.0
2001-11-21,961.0,0.0,5.6,933.0,0.0,65.3,0.0
2001-11-22,965.0,0.0,6.9,940.0,0.0,62.5,0.0
2001-11-23,970.0,0.0,9.2,951.0,0.0,59.7,0.0
2001-11-24,990.0,16.0,12.0,961.0,16.5,60.5,12.0
2001-11-25,1030.0,4.4,16.8,990.0,5.7,71.6,5.4
2001-11-26,1050.0,1.0,17.3,1030.0,0.8,92.3,1.4
2001-11-27,1090.0,0.0,14.8,1070.0,0.0,103.0,0.0
2001-11-28,1140.0,0.0,17.4,1130.0,0.0,101.0,0.0
2001-11-29,1210.0,0.0,17.1,1090.0,0.0,81.0,0.0
2001-11-30,1190.0,1.8,19.0,1110.0,0.5,73.0,0.8
2001-12-01,1180.0,0.0,18.9,1080.0,0.0,71.2,0.0
2001-12-02,1180.0,0.0,12.7,1070.0,0.0,77.7,0.0
2001-12-03,1160.0,0.0,8.9,1100.0,0.0,77.8,0.0
2001-12-04,1160.0,0.0,10.0,1060.0,0.0,77.1,0.0
2001-12-05,1130.0,0.0,12.9,1040.0,0.0,77.5,0.0
2001-12-06,1090.0,0.0,15.0,1010.0,0.0,74.6,0.0
2001-12-07,1070.0,0.5,16.1,1050.0,0.5,72.2,0.4
2001-12-08,1080.0,7.8,12.5,1070.0,10.5,77.5,9.9
2001-12-09,1120.0,2.1,10.3,1080.0,4.2,88.5,4.1
2001-12-10,1130.0,0.7,6.3,1140.0,0.8,103.0,1.0
2001-12-11,1350.0,22.7,7.8,1270.0,23.9,258.0,22.5
2001-12-12,1560.0,0.0,9.3,2310.0,0.0,366.0,0.0
2001-12-13,2830.0,0.1,11.6,3810.0,1.3,273.0,1.3
2001-12-14,3270.0,0.3,15.7,2910.0,5.1,193.0,5.8
2001-12-15,2760.0,0.0,13.3,2130.0,0.0,182.0,0.0
2001-12-16,2110.0,0.0,6.4,2180.0,0.0,173.0,0.0
2001-12-17,2130.0,0.0,8.1,1760.0,2.3,152.0,3.3
2001-12-18,1770.0,25.4,12.7,1650.0,19.5,157.0,18.7
2001-12-19,1740.0,0.0,7.2,1810.0,0.0,157.0,0.0
2001-12-20,1850.0,0.0,7.1,1810.0,0.0,134.0,0.0
2001-12-21,1780.0,0.0,3.3,1580.0,0.0,122.0,0.0
2001-12-22,1640.0,0.0,1.8,1610.0,0.0,108.0,0.0
2001-12-23,1630.0,0.0,3.9,1560.0,0.0,99.3,0.0
2001-12-24,1640.0,10.4,8.6,1550.0,11.6,106.0,9.8
2001-12-25,1620.0,0.0,1.9,1580.0,0.0,123.0,0.0
2001-12-26,1640.0,0.0,2.1,1650.0,0.0,116.0,0.0
2001-12-27,1690.0,0.0,-0.3,1580.0,0.0,105.0,0.0
2001-12-28,1610.0,0.0,1.4,1480.0,0.0,98.0,0.0
2001-12-29,1520.0,0.0,3.5,1420.0,0.0,95.3,0.0
2001-12-30,1440.0,0.0,-0.5,1310.0,0.0,91.6,0.0
2001-12-31,1360.0,0.0,-1.2,1290.0,0.0,86.4,0.0
2002-01-01,1330.0,0.0,-1.2,1240.0,0.0,80.0,0.0
2002-01-02,1280.0,0.0,-2.5,1150.0,0.0,72.0,0.0
2002-01-03,1240.0,11.5,-2.0,1180.0,5.1,76.0,4.2
2002-01-04,1230.0,0.1,-2.2,1230.0,0.0,74.0,0.0
2002-01-05,1290.0,0.0,-2.2,1190.0,0.0,95.0,0.0
2002-01-06,1340.0,17.7,-1.8,1230.0,15.5,102.0,15.2
2002-01-07,1630.0,0.4,0.8,1400.0,0.4,150.0,0.2
2002-01-08,1680.0,0.0,-0.9,1680.0,0.0,170.0,0.0
2002-01-09,1870.0,0.0,1.8,1770.0,0.0,132.0,0.0
2002-01-10,1850.0,0.0,9.5,1500.0,0.0,148.0,0.0
2002-01-11,1630.0,0.0,10.4,1490.0,0.0,136.0,0.0
2002-01-12,1600.0,0.0,4.1,1410.0,0.0,93.4,0.0
2002-01-13,1500.0,3.0,5.9,1340.0,1.4,86.3,0.7
2002-01-14,1450.0,0.0,4.2,1290.0,0.0,94.2,0.0
2002-01-15,1420.0,0.0,7.6,1250.0,0.0,99.9,0.0
2002-01-16,1390.0,0.0,3.9,1230.0,0.0,92.5,0.0
2002-01-17,1390.0,0.0,5.4,1250.0,0.0,90.1,0.0
2002-01-18,1400.0,3.7,5.1,1440.0,3.4,89.0,3.0
2002-01-19,1580.0,12.6,0.8,1120.0,10.9,91.9,11.3
2002-01-20,1460.0,5.6,1.4,1370.0,4.1,111.0,3.6
2002-01-21,1640.0,3.8,3.0,1490.0,1.7,126.0,1.9
2002-01-22,1750.0,0.0,5.8,1650.0,0.0,125.0,0.0
2002-01-23,1870.0,9.7,6.5,1680.0,8.4,126.0,8.6
2002-01-24,1880.0,1.2,12.6,1700.0,3.0,157.0,2.2
2002-01-25,1910.0,8.0,10.4,2010.0,4.9,121.0,4.6
2002-01-26,2180.0,0.0,5.3,2130.0,0.0,149.0,0.0
2002-01-27,2280.0,0.0,7.8,2250.0,0.0,105.0,0.0
2002-01-28,2380.0,0.0,12.9,2660.0,0.0,141.0,0.0
2002-01-29,2630.0,0.0,14.1,2740.0,0.0,104.0,0.0
2002-01-30,2580.0,0.0,17.8,2470.0,0.0,89.0,0.0
2002-01-31,2460.0,0.0,14.4,2140.0,0.0,96.7,0.0
2002-02-01,2160.0,0.9,18.0,2010.0,0.4,104.0,0.7
2002-02-02,2010.0,0.0,6.7,1830.0,0.0,105.0,0.0
2002-02-03,1880.0,0.0,3.6,1720.0,0.0,98.4,0.0
2002-02-04,1780.0,0.0,3.8,1630.0,0.0,91.5,0.2
2002-02-05,1640.0,0.0,-1.0,1520.0,0.0,88.0,0.0
2002-02-06,1560.0,0.0,1.5,1380.0,0.0,84.7,0.0
2002-02-07,1590.0,16.4,3.2,1490.0,13.3,103.0,13.4
2002-02-08,1720.0,0.0,4.8,1680.0,0.0,166.0,0.0
2002-02-09,1840.0,0.0,6.6,1960.0,0.0,150.0,0.0
2002-02-10,2110.0,2.8,7.6,1850.0,2.6,131.0,2.5
2002-02-11,1960.0,0.9,8.2,1670.0,0.3,122.0,0.2
2002-02-12,1770.0,0.0,3.3,1650.0,0.0,123.0,0.0
2002-02-13,1760.0,0.0,5.8,1710.0,0.0,150.0,0.0
2002-02-14,1790.0,0.0,2.4,1640.0,0.0,115.0,0.0
2002-02-15,1740.0,0.0,4.0,1530.0,0.0,86.5,0.0
2002-02-16,1640.0,0.0,8.8,1450.0,0.0,87.3,0.0
2002-02-17,1570.0,0.3,6.2,1450.0,0.5,96.0,0.1
2002-02-18,1540.0,0.0,2.9,1430.0,0.0,97.1,0.0
2002-02-19,1530.0,0.0,4.2,1410.0,0.0,92.4,0.0
2002-02-20,1500.0,0.4,10.3,1390.0,0.0,93.0,0.0
2002-02-21,1480.0,1.9,13.9,1320.0,0.5,92.1,0.3
2002-02-22,1420.0,0.0,9.3,1400.0,0.0,91.7,0.0
2002-02-23,1480.0,0.0,6.2,1360.0,0.0,91.0,0.0
2002-02-24,1450.0,0.0,4.7,1300.0,0.0,88.3,0.0
2002-02-25,1390.0,0.0,5.9,1240.0,0.0,84.3,0.0
2002-02-26,1320.0,0.0,11.0,1270.0,0.0,82.0,0.0
2002-02-27,1340.0,0.0,6.6,1210.0,0.0,85.1,0.0
2002-02-28,1300.0,0.0,0.4,1280.0,0.0,85.6,0.0
2002-03-01,1350.0,0.0,1.8,1210.0,0.0,79.8,0.0
2002-03-02,1290.0,4.4,3.8,1200.0,6.4,80.0,7.3
2002-03-03,1450.0,13.8,13.0,1540.0,16.0,388.0,12.6
2002-03-04,1900.0,0.0,4.1,2790.0,0.0,495.0,0.0
2002-03-05,3210.0,0.0,0.1,3180.0,0.0,286.0,0.0
2002-03-06,3310.0,0.0,5.2,2770.0,0.0,213.0,0.0
2002-03-07,2850.0,0.0,10.3,2810.0,0.0,182.0,0.0
2002-03-08,2820.0,0.0,12.0,2590.0,0.0,163.0,0.0
2002-03-09,2610.0,0.4,15.2,2290.0,3.2,148.0,2.2
2002-03-10,2240.0,3.0,11.7,1920.0,1.7,147.0,1.3
2002-03-11,1960.0,0.0,4.7,1900.0,0.0,146.0,0.0
2002-03-12,1940.0,1.4,6.6,2120.0,2.3,138.0,2.9
2002-03-13,2250.0,21.2,9.3,2070.0,4.8,146.0,4.5
2002-03-14,2100.0,0.0,12.0,1940.0,0.0,196.0,0.0
2002-03-15,2010.0,0.0,15.8,2110.0,0.0,221.0,0.0
2002-03-16,2160.0,3.3,19.1,2050.0,6.6,204.0,5.5
2002-03-17,2140.0,13.9,9.6,2000.0,12.0,195.0,12.3
2002-03-18,2520.0,13.9,7.4,2750.0,11.4,270.0,12.5
2002-03-19,4290.0,1.1,8.6,6130.0,1.9,355.0,2.1
2002-03-20,6870.0,9.7,8.8,6920.0,7.4,351.0,6.4
2002-03-21,7960.0,0.2,10.3,8730.0,0.0,425.0,0.0
2002-03-22,9200.0,0.0,4.1,7280.0,0.0,410.0,0.0
2002-03-23,7590.0,0.0,2.9,6870.0,0.0,336.0,0.0
2002-03-24,6230.0,0.0,8.4,6070.0,0.0,259.0,0.0
2002-03-25,5530.0,0.0,12.1,5420.0,0.0,255.0,0.0
2002-03-26,4870.0,0.0,13.1,4060.0,0.1,260.0,0.8
2002-03-27,3910.0,12.1,13.2,4010.0,16.9,251.0,14.1
2002-03-28,3910.0,0.0,7.4,3730.0,0.0,346.0,0.0
2002-03-29,3710.0,0.1,11.1,3540.0,0.1,250.0,0.1
2002-03-30,3400.0,0.2,17.6,3240.0,0.0,255.0,0.0
2002-03-31,3510.0,18.4,13.0,3490.0,13.0,211.0,11.4
2002-04-01,3600.0,23.0,11.5,3630.0,6.2,264.0,4.6
2002-04-02,3760.0,0.0,12.7,4260.0,0.0,301.0,0.0
2002-04-03,3900.0,1.1,18.3,3920.0,1.3,230.0,0.3
2002-04-04,5800.0,0.0,8.7,5680.0,0.0,213.0,0.0
2002-04-05,5300.0,0.0,7.3,5190.0,0.0,200.0,0.0
2002-04-06,4790.0,0.0,5.9,4600.0,0.0,197.0,0.0
2002-04-07,4510.0,0.0,5.3,4050.0,0.0,164.0,0.0
2002-04-08,3780.0,0.0,10.7,3250.0,0.0,165.0,0.0
2002-04-09,3170.0,0.3,17.6,2910.0,3.3,162.0,4.4
2002-04-10,3110.0,4.3,15.4,2720.0,2.6,187.0,1.9
2002-04-11,2870.0,0.0,12.4,2700.0,0.0,279.0,0.0
2002-04-12,2820.0,0.2,14.6,2750.0,0.0,190.0,0.0
2002-04-13,2950.0,0.2,18.1,3030.0,0.3,201.0,0.1
2002-04-14,3230.0,0.0,19.6,3600.0,0.0,205.0,0.0
2002-04-15,3540.0,0.0,21.9,3220.0,0.0,202.0,0.9
2002-04-16,3290.0,0.0,23.4,3350.0,0.0,198.0,0.0
2002-04-17,3490.0,0.0,24.5,3870.0,0.0,183.0,0.0
2002-04-18,3890.0,0.3,24.6,3790.0,1.0,184.0,0.9
2002-04-19,4030.0,2.2,23.6,3790.0,2.1,206.0,2.0
2002-04-20,4080.0,0.6,23.5,3760.0,0.5,370.0,0.6
2002-04-21,3930.0,6.9,17.9,3770.0,10.8,504.0,9.2
2002-04-22,4080.0,1.0,16.3,4840.0,2.7,1740.0,1.9
2002-04-23,6590.0,0.0,11.9,9730.0,0.0,1440.0,0.0
2002-04-24,17700.0,0.0,10.9,23400.0,0.0,779.0,0.0
2002-04-25,18300.0,4.8,14.5,15600.0,3.9,557.0,3.9
2002-04-26,13200.0,0.0,12.6,12100.0,0.0,425.0,0.0
2002-04-27,10600.0,0.0,13.8,9890.0,0.0,358.0,0.0
2002-04-28,8590.0,8.9,18.8,7440.0,8.0,359.0,6.3
2002-04-29,6580.0,0.0,18.4,6580.0,0.0,901.0,0.0
2002-04-30,6280.0,0.0,14.1,8970.0,0.0,619.0,0.0
2002-05-01,10000.0,0.0,17.0,14100.0,0.0,456.0,0.0
2002-05-02,13300.0,1.1,20.9,12100.0,1.1,381.0,1.1
2002-05-03,11000.0,0.0,20.2,10400.0,0.1,352.0,0.0
2002-05-04,8910.0,3.3,13.7,8180.0,3.8,286.0,1.4
2002-05-05,9690.0,8.4,13.2,11700.0,3.5,295.0,2.1
2002-05-06,10200.0,0.0,16.4,8940.0,0.0,285.0,0.0
2002-05-07,7860.0,2.5,20.8,7380.0,1.7,235.0,1.8
2002-05-08,6960.0,4.8,21.3,6770.0,8.0,209.0,6.4
2002-05-09,6630.0,5.5,20.8,6380.0,2.6,241.0,1.7
2002-05-10,7600.0,0.0,22.7,8280.0,0.0,376.0,0.0
2002-05-11,10000.0,0.0,18.7,10200.0,0.0,341.0,0.0
2002-05-12,9630.0,0.0,20.3,8790.0,0.0,215.0,0.0
2002-05-13,7590.0,2.2,25.0,6520.0,4.1,208.0,2.1
2002-05-14,6270.0,2.7,16.8,5780.0,1.8,225.0,1.3
2002-05-15,5420.0,0.0,16.0,5390.0,0.0,151.0,0.0
2002-05-16,4800.0,0.0,18.8,4210.0,0.0,151.0,0.0
2002-05-17,3860.0,0.0,22.7,3900.0,0.0,145.0,0.0
2002-05-18,3770.0,9.6,19.2,3540.0,7.9,173.0,7.8
2002-05-19,3450.0,0.0,12.0,3440.0,0.0,240.0,0.0
2002-05-20,3350.0,0.0,11.4,3310.0,0.0,170.0,0.0
2002-05-21,3140.0,0.0,11.9,2940.0,0.0,140.0,0.0
2002-05-22,2680.0,0.0,12.1,2700.0,0.0,130.0,0.0
2002-05-23,2450.0,0.0,14.7,2380.0,0.0,124.0,0.0
2002-05-24,2230.0,0.0,19.7,2310.0,0.0,118.0,0.0
2002-05-25,2160.0,0.1,22.1,2130.0,0.1,110.0,0.0
2002-05-26,2030.0,0.1,22.4,1950.0,0.0,103.0,0.0
2002-05-27,1860.0,0.0,23.7,1880.0,0.9,99.7,0.2
2002-05-28,1790.0,0.0,23.3,1920.0,0.0,99.9,0.0
2002-05-29,1870.0,0.0,22.5,2430.0,0.0,97.0,0.0
2002-05-30,2130.0,2.5,22.1,2120.0,0.4,88.9,0.1
2002-05-31,1880.0,0.0,24.2,1750.0,0.0,83.6,0.0
2002-06-01,1600.0,0.0,26.9,1900.0,0.0,76.4,0.0
2002-06-02,1690.0,0.0,26.9,1860.0,0.2,68.1,0.2
2002-06-03,1610.0,0.0,23.7,1550.0,0.0,62.1,0.0
2002-06-04,1400.0,0.0,24.4,1620.0,0.0,55.8,0.0
2002-06-05,1450.0,0.4,27.9,1960.0,2.0,82.0,2.1
2002-06-06,1610.0,9.7,28.0,1430.0,6.8,89.8,6.5
2002-06-07,1360.0,22.0,20.4,1870.0,9.8,63.4,9.6
2002-06-08,1560.0,0.0,18.7,1560.0,0.0,67.4,0.0
2002-06-09,1340.0,0.0,19.8,1130.0,0.0,64.6,0.0
2002-06-10,1050.0,0.0,24.0,1120.0,0.0,56.5,0.0
2002-06-11,974.0,0.0,26.0,1060.0,0.0,50.0,0.0
2002-06-12,952.0,0.0,27.3,1620.0,0.0,46.6,0.0
2002-06-13,1290.0,7.0,26.6,1140.0,5.5,43.2,10.5
2002-06-14,1070.0,5.6,23.8,948.0,13.9,41.9,11.8
2002-06-15,952.0,58.0,22.6,900.0,27.0,73.9,12.4
2002-06-16,879.0,0.0,21.8,740.0,0.0,66.7,0.0
2002-06-17,742.0,0.0,22.6,660.0,0.0,51.4,0.0
2002-06-18,618.0,0.0,22.0,1300.0,0.0,43.2,0.0
2002-06-19,1110.0,0.5,22.5,800.0,0.0,626.0,0.0
2002-06-20,836.0,0.0,22.4,1480.0,0.0,313.0,0.0
2002-06-21,1210.0,0.0,22.0,1040.0,0.0,125.0,0.0
2002-06-22,988.0,0.0,22.4,953.0,0.0,76.8,0.0
2002-06-23,902.0,0.0,23.7,850.0,0.0,58.2,0.0
2002-06-24,808.0,0.3,26.9,710.0,0.0,48.8,0.0
2002-06-25,660.0,0.6,28.2,640.0,0.8,44.0,0.4
2002-06-26,512.0,0.4,27.7,970.0,0.3,40.4,0.0
2002-06-27,703.0,9.7,26.8,798.0,10.4,84.3,7.4
2002-06-28,815.0,3.7,24.9,665.0,2.6,192.0,3.5
2002-06-29,597.0,2.2,25.0,763.0,0.1,114.0,0.0
2002-06-30,686.0,0.0,25.4,814.0,0.0,84.0,0.0
2002-07-01,706.0,0.0,25.5,692.0,0.0,57.8,0.2
2002-07-02,654.0,0.2,27.2,745.0,2.3,49.9,2.0
2002-07-03,548.0,3.6,27.9,1350.0,6.5,45.0,5.6
2002-07-04,948.0,0.6,27.5,955.0,0.0,38.2,0.0
2002-07-05,778.0,0.0,29.3,1070.0,0.0,33.3,0.0
2002-07-06,792.0,0.0,26.1,835.0,0.0,30.4,0.0
2002-07-07,687.0,0.0,25.9,620.0,0.0,26.2,0.0
2002-07-08,504.0,0.0,26.9,556.0,0.0,26.7,0.0
2002-07-09,399.0,0.3,27.9,574.0,0.2,26.6,0.1
2002-07-10,359.0,16.8,25.2,1270.0,14.2,28.8,13.4
2002-07-11,783.0,5.3,23.0,873.0,3.4,52.1,3.0
2002-07-12,707.0,0.0,21.2,829.0,0.0,37.3,0.0
2002-07-13,592.0,0.0,22.1,865.0,0.0,31.1,0.3
2002-07-14,702.0,9.2,22.0,811.0,14.4,33.7,16.8
2002-07-15,713.0,0.1,23.0,760.0,0.0,103.0,0.0
2002-07-16,613.0,0.0,27.0,1220.0,0.0,63.5,0.0
2002-07-17,837.0,0.0,27.8,1370.0,0.0,51.4,0.0
2002-07-18,1020.0,1.5,28.0,1540.0,0.9,41.3,0.6
2002-07-19,1170.0,6.2,26.9,1560.0,5.5,35.1,6.2
2002-07-20,1200.0,2.9,25.9,1190.0,2.8,32.0,1.2
2002-07-21,955.0,0.2,26.0,1120.0,0.1,32.8,0.0
2002-07-22,879.0,0.0,26.5,927.0,0.0,56.4,0.0
2002-07-23,779.0,0.1,27.4,750.0,0.0,41.1,0.0
2002-07-24,685.0,19.6,24.9,792.0,11.7,364.0,11.5
2002-07-25,676.0,2.2,23.2,1130.0,0.4,172.0,0.8
2002-07-26,1040.0,7.1,22.2,922.0,4.9,86.3,3.9
2002-07-27,1000.0,2.5,24.7,947.0,1.8,111.0,0.5
2002-07-28,1170.0,0.0,28.0,2610.0,0.0,87.1,0.0
2002-07-29,2440.0,0.2,29.5,1740.0,0.0,76.6,0.0
2002-07-30,1660.0,0.0,29.8,1520.0,0.0,62.9,0.0
2002-07-31,1410.0,0.0,28.1,1320.0,0.0,50.7,0.0
2002-08-01,1220.0,0.1,28.3,1390.0,0.0,42.0,0.0
2002-08-02,1250.0,0.0,29.0,1210.0,0.2,38.7,0.0
2002-08-03,1040.0,0.0,28.4,1190.0,0.9,35.6,0.4
2002-08-04,1020.0,0.0,28.2,1170.0,0.0,32.4,0.0
2002-08-05,980.0,0.0,28.5,1160.0,0.0,29.8,0.0
2002-08-06,954.0,0.0,27.4,897.0,0.0,26.9,0.0
2002-08-07,784.0,0.0,22.7,689.0,0.0,26.0,0.0
2002-08-08,568.0,0.0,22.7,626.0,0.0,25.9,0.0
2002-08-09,429.0,0.0,23.6,656.0,0.0,24.3,0.0
2002-08-10,404.0,0.0,24.3,788.0,0.0,23.1,0.0
2002-08-11,540.0,0.0,26.0,839.0,0.0,21.2,0.0
2002-08-12,618.0,0.0,28.5,801.0,0.0,20.7,0.0
2002-08-13,665.0,0.0,29.5,642.0,0.0,21.4,0.0
2002-08-14,526.0,0.0,29.7,569.0,0.0,20.0,0.0
2002-08-15,400.0,0.6,28.3,600.0,0.6,22.0,3.3
2002-08-16,337.0,2.5,27.5,656.0,3.4,23.5,6.5
2002-08-17,367.0,5.5,27.8,656.0,1.1,22.2,1.1
2002-08-18,419.0,2.9,27.7,668.0,0.0,21.9,0.9
2002-08-19,429.0,0.0,29.2,701.0,0.0,37.1,0.0
2002-08-20,472.0,0.0,28.8,695.0,0.2,32.8,0.0
2002-08-21,473.0,0.0,27.0,660.0,0.0,27.5,0.2
2002-08-22,449.0,0.6,27.2,647.0,0.0,23.6,0.0
2002-08-23,412.0,0.0,30.3,704.0,0.0,23.7,0.0
2002-08-24,403.0,3.2,29.6,682.0,3.3,22.2,1.9
2002-08-25,448.0,0.0,27.6,735.0,0.0,23.9,0.0
2002-08-26,455.0,0.2,25.6,750.0,0.9,21.9,3.2
2002-08-27,578.0,0.0,24.7,703.0,0.3,20.4,0.8
2002-08-28,829.0,46.9,20.5,1030.0,44.4,31.4,39.5
2002-08-29,2680.0,9.0,18.9,2420.0,8.7,110.0,8.0
2002-08-30,3790.0,1.3,20.0,1560.0,0.7,92.9,0.2
2002-08-31,1880.0,17.0,19.5,1060.0,6.3,50.8,4.1
2002-09-01,1860.0,32.2,19.1,874.0,15.5,37.1,12.6
2002-09-02,1600.0,0.0,21.0,810.0,0.0,29.0,0.0
2002-09-03,1170.0,0.0,23.1,705.0,0.0,29.0,0.0
2002-09-04,938.0,6.9,25.3,586.0,0.9,25.9,0.1
2002-09-05,915.0,0.0,23.5,674.0,0.0,23.3,0.0
2002-09-06,814.0,0.0,22.2,703.0,0.0,23.0,0.0
2002-09-07,760.0,0.0,21.0,680.0,0.0,22.4,0.0
2002-09-08,701.0,0.0,21.3,642.0,0.0,21.7,0.0
2002-09-09,618.0,0.0,22.1,621.0,0.0,20.8,0.0
2002-09-10,567.0,3.5,23.6,551.0,0.2,19.4,0.0
2002-09-11,506.0,0.0,24.0,496.0,0.0,19.1,0.0
2002-09-12,403.0,0.0,19.9,481.0,0.0,18.2,0.0
2002-09-13,345.0,0.0,20.0,496.0,0.0,18.2,0.0
2002-09-14,328.0,3.6,22.1,519.0,3.3,18.3,3.1
2002-09-15,364.0,9.3,22.2,447.0,6.7,18.0,7.4
2002-09-16,470.0,2.9,23.5,505.0,1.8,19.2,0.7
2002-09-17,434.0,0.0,23.3,536.0,0.0,19.8,0.0
2002-09-18,403.0,0.0,22.6,569.0,0.0,25.2,0.0
2002-09-19,426.0,0.0,22.2,606.0,0.0,25.3,0.0
2002-09-20,489.0,0.2,22.8,590.0,0.1,21.1,0.0
2002-09-21,489.0,0.0,23.9,644.0,0.0,20.5,0.0
2002-09-22,507.0,0.0,24.1,659.0,0.0,19.1,0.0
2002-09-23,559.0,0.3,21.1,658.0,3.9,22.9,4.6
2002-09-24,619.0,0.0,20.2,595.0,0.0,34.0,0.0
2002-09-25,568.0,0.6,19.7,596.0,0.3,31.4,0.7
2002-09-26,550.0,19.3,18.8,705.0,23.3,26.0,24.9
2002-09-27,638.0,1.5,22.5,840.0,1.4,138.0,2.2
2002-09-28,794.0,2.0,23.1,1360.0,2.5,135.0,1.3
2002-09-29,1180.0,0.0,19.7,1610.0,0.0,74.2,0.0
2002-09-30,1500.0,0.0,19.4,2610.0,0.0,46.8,0.0
2002-10-01,2260.0,0.0,21.0,2630.0,0.0,35.9,0.0
2002-10-02,2230.0,0.0,23.3,1970.0,0.0,26.4,0.0
2002-10-03,1850.0,0.0,24.6,1560.0,0.0,30.5,0.0
2002-10-04,1510.0,0.0,24.6,1240.0,0.0,31.7,0.0
2002-10-05,1200.0,0.0,26.0,1000.0,0.0,25.6,0.0
2002-10-06,1010.0,0.0,21.2,1030.0,0.0,23.9,0.0
2002-10-07,984.0,0.0,21.9,807.0,0.0,20.5,0.0
2002-10-08,862.0,0.0,17.4,769.0,0.0,18.4,0.0
2002-10-09,790.0,0.0,16.5,724.0,0.0,18.7,0.0
2002-10-10,717.0,2.6,18.2,723.0,2.5,18.1,3.6
2002-10-11,898.0,60.9,18.9,744.0,85.6,25.8,88.7
2002-10-12,971.0,6.2,19.6,826.0,0.3,153.0,1.3
2002-10-13,900.0,0.1,19.7,1110.0,0.2,82.6,0.2
2002-10-14,1070.0,0.0,15.2,1190.0,0.8,52.7,1.2
2002-10-15,1160.0,0.9,11.9,1010.0,1.3,48.2,1.8
2002-10-16,1320.0,17.2,14.0,971.0,24.4,99.5,27.9
2002-10-17,1280.0,0.2,13.2,1280.0,0.3,303.0,0.1
2002-10-18,1350.0,0.0,11.4,1790.0,0.0,179.0,0.0
2002-10-19,1800.0,0.0,13.0,1990.0,0.0,105.0,0.0
2002-10-20,2060.0,0.1,16.3,2770.0,0.2,75.7,0.3
2002-10-21,2670.0,3.5,12.3,1870.0,3.9,64.0,4.5
2002-10-22,1890.0,0.0,13.0,1750.0,0.0,62.3,0.0
2002-10-23,1720.0,0.0,12.8,1680.0,0.0,54.5,0.0
2002-10-24,1660.0,0.0,12.6,1470.0,0.1,47.2,0.0
2002-10-25,1460.0,0.4,12.7,1290.0,1.3,45.5,2.1
2002-10-26,1500.0,5.4,15.3,1560.0,8.1,113.0,8.0
2002-10-27,1850.0,0.0,14.7,1920.0,0.3,147.0,0.1
2002-10-28,2310.0,9.1,11.6,2210.0,6.3,96.1,6.7
2002-10-29,2850.0,9.1,9.0,2300.0,9.5,99.7,11.7
2002-10-30,3920.0,19.8,6.8,4560.0,15.7,371.0,12.3
2002-10-31,7360.0,0.0,6.5,7080.0,0.0,584.0,0.0
2002-11-01,9020.0,0.0,6.8,9850.0,0.0,385.0,0.0
2002-11-02,9950.0,0.0,6.3,7090.0,0.0,230.0,0.0
2002-11-03,6670.0,0.0,6.3,4720.0,0.0,191.0,0.0
2002-11-04,4920.0,3.5,8.2,3690.0,5.1,162.0,6.0
2002-11-05,3900.0,6.0,8.7,2980.0,6.7,151.0,7.4
2002-11-06,3760.0,17.6,9.9,3150.0,14.1,271.0,12.6
2002-11-07,4090.0,0.0,7.9,3970.0,0.0,408.0,0.0
2002-11-08,4610.0,0.0,8.1,5120.0,0.0,273.0,0.0
2002-11-09,6440.0,0.0,12.9,6600.0,0.0,215.0,0.0
2002-11-10,6140.0,0.4,17.6,5040.0,0.5,186.0,0.3
2002-11-11,5310.0,3.1,20.7,5120.0,6.2,264.0,7.4
2002-11-12,10300.0,42.5,13.9,12200.0,34.7,1180.0,36.7
2002-11-13,24200.0,6.9,9.6,20000.0,1.2,2010.0,0.7
2002-11-14,21800.0,0.0,8.2,18300.0,0.0,925.0,0.0
2002-11-15,18700.0,0.0,10.8,14500.0,0.0,652.0,0.0
2002-11-16,13100.0,20.3,11.7,9690.0,22.3,615.0,23.2
2002-11-17,12600.0,22.1,9.0,12100.0,19.8,2070.0,19.4
2002-11-18,20500.0,6.1,6.3,17700.0,4.4,2160.0,3.0
2002-11-19,19800.0,0.0,5.9,16400.0,0.0,1180.0,0.0
2002-11-20,16400.0,0.0,7.8,12800.0,0.0,852.0,0.0
2002-11-21,12000.0,0.1,9.0,9400.0,0.0,681.0,0.0
2002-11-22,9170.0,0.0,9.9,7490.0,0.0,586.0,0.0
2002-11-23,7430.0,0.0,5.3,6420.0,0.0,495.0,0.0
2002-11-24,6520.0,0.0,7.6,6300.0,0.0,416.0,0.0
2002-11-25,6900.0,0.0,9.3,6550.0,0.0,319.0,0.0
2002-11-26,6490.0,0.0,8.4,5740.0,0.0,320.0,0.0
2002-11-27,5660.0,0.0,6.0,5030.0,0.0,332.0,0.2
2002-11-28,5050.0,0.0,1.0,4580.0,0.0,241.0,0.0
2002-11-29,4610.0,0.0,1.6,4150.0,0.0,246.0,0.0
2002-11-30,4100.0,0.3,7.9,3510.0,0.5,238.0,0.2
2002-12-01,3630.0,0.0,2.5,3470.0,0.0,234.0,0.0
2002-12-02,3600.0,0.0,2.1,3250.0,0.0,212.0,0.0
2002-12-03,3360.0,0.0,1.9,2980.0,0.0,199.0,0.0
2002-12-04,3170.0,0.3,-3.1,2810.0,0.2,180.0,0.5
2002-12-05,3220.0,29.6,-2.0,2890.0,25.8,189.0,25.9
2002-12-06,3190.0,0.0,-3.3,2770.0,0.0,224.0,0.0
2002-12-07,3130.0,0.0,-5.8,2860.0,0.0,233.0,0.0
2002-12-08,3110.0,0.0,0.1,2590.0,0.0,205.0,0.0
2002-12-09,2930.0,0.0,-0.5,2390.0,0.0,223.0,0.0
2002-12-10,2740.0,0.0,-1.0,2360.0,0.0,211.0,0.0
2002-12-11,2950.0,19.3,0.4,2640.0,21.0,413.0,20.9
2002-12-12,4480.0,0.0,1.8,5650.0,0.0,1100.0,0.0
2002-12-13,7640.0,9.8,1.0,6870.0,9.4,993.0,9.4
2002-12-14,12200.0,1.0,5.7,14900.0,2.7,2250.0,2.4
2002-12-15,20000.0,0.0,4.4,19100.0,0.0,1630.0,0.0
2002-12-16,19900.0,0.0,6.0,17900.0,0.0,1130.0,0.0
2002-12-17,16200.0,0.0,0.8,13700.0,0.0,876.0,0.0
2002-12-18,12600.0,0.0,1.4,10700.0,0.0,724.0,0.0
2002-12-19,10100.0,0.0,4.6,8600.0,0.0,602.0,0.0
2002-12-20,8710.0,20.7,13.7,7760.0,16.8,786.0,14.4
2002-12-21,9950.0,0.0,7.1,10200.0,0.0,1030.0,0.0
2002-12-22,15100.0,0.0,7.4,19500.0,0.6,820.0,0.3
2002-12-23,20000.0,0.0,7.9,17000.0,0.0,718.0,0.0
2002-12-24,15400.0,12.9,4.6,13500.0,11.2,630.0,12.0
2002-12-25,14800.0,9.1,2.9,14500.0,10.4,999.0,9.9
2002-12-26,19700.0,0.0,2.5,18100.0,0.0,1120.0,0.0
2002-12-27,18400.0,0.0,0.3,16000.0,0.0,830.0,0.0
2002-12-28,14400.0,0.0,1.0,11900.0,0.0,680.0,0.0
2002-12-29,10900.0,0.0,4.0,9010.0,0.0,601.0,0.0
2002-12-30,8830.0,0.0,4.2,7660.0,0.0,542.0,0.0
2002-12-31,7590.0,0.0,9.1,6770.0,0.0,496.0,0.0
2003-01-01,7100.0,58.3,12.9,6840.0,59.8,1460.0,58.5
2003-01-02,14500.0,0.0,7.8,18800.0,0.2,5460.0,0.1
2003-01-03,19200.0,7.7,6.2,17300.0,7.9,2180.0,7.9
2003-01-04,19600.0,0.0,2.9,19000.0,0.0,1550.0,0.0
2003-01-05,18200.0,0.5,-0.0,18500.0,0.8,1160.0,0.7
2003-01-06,16900.0,2.9,2.0,16800.0,2.5,971.0,1.6
2003-01-07,14700.0,2.1,-0.6,12900.0,0.3,871.0,0.0
2003-01-08,11800.0,0.0,5.6,10200.0,0.0,805.0,0.0
2003-01-09,9870.0,0.0,11.3,8660.0,0.0,736.0,0.0
2003-01-10,8570.0,0.0,7.6,7670.0,0.0,637.0,0.0
2003-01-11,7570.0,0.0,1.6,7000.0,0.0,549.0,0.0
2003-01-12,6880.0,0.0,-1.2,6200.0,0.0,500.0,0.0
2003-01-13,6010.0,0.0,-0.1,5670.0,0.0,470.0,0.0
2003-01-14,5660.0,0.0,-0.2,5190.0,0.0,450.0,0.0
2003-01-15,5150.0,2.0,-0.8,4840.0,1.3,442.0,0.8
2003-01-16,4790.0,0.0,-3.2,4500.0,0.0,390.0,0.0
2003-01-17,4520.0,4.3,-3.4,4350.0,2.3,379.0,1.8
2003-01-18,4310.0,0.0,-7.6,4030.0,0.0,366.0,0.0
2003-01-19,3950.0,0.0,-5.2,3710.0,0.0,331.0,0.0
2003-01-20,3660.0,0.0,1.9,3650.0,0.0,350.0,0.0
2003-01-21,3710.0,0.2,-1.1,3380.0,0.0,335.0,0.0
2003-01-22,3470.0,0.0,-3.2,3430.0,0.0,310.0,0.0
2003-01-23,3400.0,0.5,-6.2,3420.0,1.4,280.0,1.9
2003-01-24,3150.0,0.0,-5.8,3130.0,0.0,255.0,0.0
2003-01-25,3070.0,0.0,-3.5,2780.0,0.0,270.0,0.0
2003-01-26,2880.0,0.0,0.3,2870.0,0.0,290.0,0.0
2003-01-27,2800.0,0.0,-3.8,2610.0,0.0,275.0,0.0
2003-01-28,2500.0,0.0,-3.4,2430.0,0.0,255.0,0.0
2003-01-29,2590.0,4.6,3.7,2790.0,4.1,260.0,2.5
2003-01-30,2910.0,10.3,0.8,2650.0,7.3,277.0,6.8
2003-01-31,2850.0,2.3,0.4,2740.0,2.2,311.0,2.7
2003-02-01,3000.0,0.9,1.8,2970.0,1.8,353.0,1.8
2003-02-02,3280.0,0.0,2.4,3050.0,0.0,340.0,0.0
2003-02-03,3250.0,0.0,3.9,2920.0,0.0,313.0,0.0
2003-02-04,3230.0,9.0,10.1,2810.0,6.8,282.0,6.5
2003-02-05,3290.0,0.0,2.5,3500.0,0.0,428.0,0.0
2003-02-06,3830.0,0.0,0.2,3470.0,0.0,344.0,0.0
2003-02-07,3780.0,16.2,0.4,3290.0,14.1,299.0,13.5
2003-02-08,3710.0,0.0,-1.4,3370.0,0.0,362.0,0.0
2003-02-09,3720.0,0.0,-2.2,3500.0,0.0,325.0,0.0
2003-02-10,3740.0,8.0,0.4,2880.0,3.6,324.0,3.6
2003-02-11,3270.0,0.0,0.9,3120.0,0.0,363.0,0.0
2003-02-12,3550.0,0.0,2.9,3330.0,0.0,375.0,0.0
2003-02-13,3680.0,0.0,-1.7,3470.0,0.0,361.0,0.0
2003-02-14,3700.0,0.1,0.9,3290.0,0.3,334.0,0.6
2003-02-15,3810.0,19.8,3.1,3470.0,18.5,507.0,19.7
2003-02-16,5600.0,27.5,-4.5,5860.0,30.3,789.0,32.1
2003-02-17,7230.0,11.0,-2.5,6500.0,13.6,644.0,14.0
2003-02-18,8450.0,0.0,-1.1,10300.0,0.0,682.0,0.0
2003-02-19,10500.0,0.0,0.3,8910.0,0.0,628.0,0.0
2003-02-20,8600.0,0.4,4.2,8070.0,0.0,719.0,0.0
2003-02-21,10200.0,0.7,3.9,10500.0,2.0,1040.0,2.6
2003-02-22,19300.0,24.7,5.7,26300.0,23.0,8410.0,21.8
2003-02-23,67300.0,6.3,12.2,86500.0,8.4,19400.0,10.8
2003-02-24,103000.0,0.0,4.3,101000.0,0.0,6260.0,0.0
2003-02-25,106000.0,0.0,3.1,71800.0,0.2,3570.0,0.5
2003-02-26,54800.0,5.2,-0.7,37200.0,6.5,2350.0,6.0
2003-02-27,31400.0,15.3,-0.6,28800.0,11.9,1740.0,11.5
2003-02-28,26100.0,8.5,1.1,24300.0,5.5,1500.0,4.6
2003-03-01,22400.0,0.0,2.5,20400.0,0.0,1380.0,0.0
2003-03-02,20500.0,20.6,6.0,20400.0,14.7,1990.0,11.3
2003-03-03,22800.0,0.0,2.5,22400.0,0.0,2610.0,0.0
2003-03-04,22500.0,0.0,1.9,22100.0,0.0,1860.0,0.0
2003-03-05,21100.0,5.3,9.9,20100.0,3.8,1580.0,2.7
2003-03-06,19400.0,9.6,12.2,18300.0,7.3,1770.0,6.0
2003-03-07,19000.0,0.2,1.3,19400.0,0.0,1840.0,0.0
2003-03-08,21000.0,0.0,4.1,21500.0,0.0,1570.0,0.0
2003-03-09,20700.0,0.0,12.2,19600.0,0.0,1370.0,0.0
2003-03-10,17500.0,0.0,5.1,15900.0,0.0,1200.0,0.0
2003-03-11,13600.0,1.3,2.1,12400.0,0.6,1130.0,0.6
2003-03-12,11700.0,0.0,6.5,11300.0,0.0,1060.0,0.0
2003-03-13,10700.0,0.2,13.2,10200.0,0.0,967.0,1.5
2003-03-14,9930.0,3.9,7.3,9440.0,2.6,912.0,2.0
2003-03-15,9100.0,0.0,5.1,8350.0,0.0,852.0,0.0
2003-03-16,8140.0,2.0,11.5,7740.0,0.5,820.0,0.5
2003-03-17,8030.0,2.3,13.5,8090.0,0.2,794.0,0.0
2003-03-18,8150.0,0.0,15.2,7730.0,0.2,762.0,0.6
2003-03-19,7650.0,0.8,10.5,7310.0,0.0,715.0,0.1
2003-03-20,12100.0,46.1,9.3,17600.0,55.3,5650.0,53.0
2003-03-21,52800.0,4.6,13.5,54600.0,4.5,11200.0,4.7
2003-03-22,47100.0,0.0,14.2,37300.0,0.0,3150.0,0.0
2003-03-23,31200.0,0.0,12.6,27100.0,0.0,1970.0,0.0
2003-03-24,23100.0,0.0,12.5,20400.0,0.0,1540.0,0.0
2003-03-25,18100.0,0.0,13.2,16100.0,0.0,1330.0,0.0
2003-03-26,14400.0,0.9,16.6,12700.0,1.8,1210.0,1.7
2003-03-27,12200.0,1.9,11.1,11200.0,1.2,1210.0,1.0
2003-03-28,11000.0,0.7,12.2,9800.0,0.0,1060.0,0.0
2003-03-29,9740.0,2.1,17.5,8760.0,1.3,987.0,2.8
2003-03-30,9900.0,24.4,7.5,9570.0,19.9,1660.0,19.4
2003-03-31,14500.0,0.0,3.2,15100.0,0.0,2360.0,0.1
2003-04-01,15500.0,0.6,7.6,13400.0,1.7,1720.0,1.4
2003-04-02,13000.0,0.0,17.6,11700.0,0.0,1510.0,0.0
2003-04-03,11700.0,0.0,19.5,11100.0,0.0,1370.0,0.0
2003-04-04,11900.0,0.0,19.7,12200.0,0.0,1250.0,0.0
2003-04-05,12700.0,0.0,19.1,12000.0,0.1,1150.0,0.2
2003-04-06,11600.0,0.0,13.0,10700.0,0.0,1040.0,0.0
2003-04-07,12200.0,18.1,6.1,11000.0,19.5,1260.0,20.3
2003-04-08,17800.0,0.0,5.9,15600.0,0.0,1750.0,0.1
2003-04-09,19700.0,21.4,4.8,21300.0,24.5,2700.0,25.4
2003-04-10,38000.0,6.8,6.5,39600.0,9.3,3170.0,10.6
2003-04-11,46000.0,14.2,6.3,44900.0,13.8,4470.0,12.1
2003-04-12,47400.0,0.4,12.3,45000.0,0.0,3130.0,0.0
2003-04-13,42300.0,0.0,13.1,37500.0,0.0,2090.0,0.0
2003-04-14,31100.0,0.0,13.2,28000.0,0.0,1630.0,0.0
2003-04-15,24600.0,0.0,16.8,22100.0,0.0,1400.0,0.0
2003-04-16,19500.0,0.0,20.5,17500.0,0.0,1320.0,0.0
2003-04-17,15400.0,0.0,15.9,13700.0,0.0,1150.0,0.0
2003-04-18,13000.0,3.0,9.0,12000.0,3.8,1050.0,4.9
2003-04-19,11900.0,4.5,11.4,11300.0,7.4,1240.0,7.0
2003-04-20,11800.0,0.0,12.2,10800.0,0.0,1140.0,0.0
2003-04-21,10700.0,0.0,14.7,9710.0,0.0,1030.0,0.0
2003-04-22,9860.0,0.9,17.4,9020.0,0.8,990.0,0.7
2003-04-23,9070.0,0.0,12.8,8460.0,0.0,936.0,0.0
2003-04-24,8510.0,0.0,11.7,8490.0,0.0,859.0,0.0
2003-04-25,8550.0,3.5,13.7,8110.0,3.2,818.0,2.5
2003-04-26,8220.0,2.6,14.4,7820.0,4.2,860.0,3.7
2003-04-27,8130.0,0.0,16.1,7800.0,0.0,871.0,0.3
2003-04-28,7940.0,0.0,17.1,7360.0,0.0,792.0,0.0
2003-04-29,7310.0,2.8,19.9,6860.0,1.9,741.0,3.5
2003-04-30,6810.0,0.4,19.1,6430.0,0.0,716.0,0.0
2003-05-01,6890.0,0.1,20.2,7020.0,0.7,1040.0,1.3
2003-05-02,7840.0,1.7,20.9,7570.0,0.3,904.0,0.3
2003-05-03,7570.0,0.3,17.8,6940.0,0.9,763.0,1.4
2003-05-04,6920.0,1.3,14.1,6750.0,1.3,672.0,1.7
2003-05-05,7040.0,1.6,11.5,7380.0,2.2,665.0,2.4
2003-05-06,8420.0,1.6,16.1,10600.0,3.0,723.0,2.2
2003-05-07,12500.0,2.7,20.8,13500.0,1.4,700.0,1.7
2003-05-08,14000.0,2.0,22.4,14100.0,0.9,677.0,1.0
2003-05-09,12900.0,0.0,21.0,12300.0,0.0,668.0,0.0
2003-05-10,13500.0,0.0,20.7,14000.0,0.0,1370.0,0.0
2003-05-11,13700.0,0.0,23.7,13100.0,0.0,1550.0,0.0
2003-05-12,13800.0,0.0,21.3,14100.0,0.0,1190.0,0.0
2003-05-13,13600.0,0.0,17.8,12700.0,0.0,961.0,0.0
2003-05-14,11300.0,0.0,17.6,10400.0,0.0,837.0,0.0
2003-05-15,10000.0,0.3,19.0,9840.0,1.2,775.0,1.3
2003-05-16,9530.0,5.9,18.3,10600.0,4.0,2440.0,5.3
2003-05-17,13300.0,2.3,14.0,13000.0,3.1,1890.0,3.6
2003-05-18,12200.0,26.1,11.3,15600.0,27.1,3420.0,27.7
2003-05-19,38900.0,4.2,13.8,51100.0,3.7,5540.0,3.4
2003-05-20,59400.0,0.0,15.9,58800.0,0.0,2850.0,0.0
2003-05-21,45500.0,7.1,16.6,35700.0,15.4,2210.0,19.4
2003-05-22,32800.0,21.0,13.8,29000.0,5.9,2340.0,4.9
2003-05-23,27500.0,13.2,13.9,25700.0,15.3,1960.0,14.2
2003-05-24,27000.0,0.0,16.4,24300.0,0.1,2050.0,0.2
2003-05-25,23500.0,9.3,17.3,23700.0,9.7,1740.0,8.5
2003-05-26,31700.0,12.9,19.0,30100.0,27.8,3900.0,25.5
2003-05-27,34000.0,4.2,16.4,26600.0,4.1,2290.0,6.0
2003-05-28,26900.0,2.3,15.4,25500.0,1.9,2080.0,2.4
2003-05-29,23900.0,7.7,16.6,20500.0,9.6,1660.0,7.2
2003-05-30,20600.0,0.0,17.6,19800.0,0.0,1890.0,0.0
2003-05-31,20000.0,7.5,19.1,18400.0,5.0,1510.0,4.6
2003-06-01,18100.0,0.0,17.5,16600.0,0.0,1460.0,0.0
2003-06-02,16400.0,0.0,15.7,15000.0,0.0,1210.0,0.0
2003-06-03,14400.0,3.9,17.1,13300.0,7.7,1070.0,9.7
2003-06-04,13000.0,17.7,19.7,12300.0,16.2,1200.0,10.7
2003-06-05,13300.0,2.7,19.7,14200.0,2.7,1310.0,2.0
2003-06-06,20600.0,0.0,19.3,24400.0,0.0,1140.0,0.0
2003-06-07,23400.0,21.2,19.4,22100.0,21.0,2440.0,21.8
2003-06-08,31600.0,2.4,19.7,33900.0,2.5,3500.0,2.4
2003-06-09,29400.0,1.9,21.8,28900.0,1.9,2840.0,2.4
2003-06-10,30500.0,0.0,21.8,28900.0,0.0,1860.0,0.0
2003-06-11,27100.0,0.0,24.1,24200.0,0.0,1380.0,0.0
2003-06-12,21900.0,2.7,25.0,20800.0,6.0,1350.0,6.1
2003-06-13,20500.0,16.4,24.6,19300.0,7.6,1470.0,5.8
2003-06-14,21100.0,0.2,25.0,21600.0,0.4,1630.0,0.1
2003-06-15,22800.0,11.8,22.8,23300.0,10.9,2300.0,11.0
2003-06-16,22100.0,0.0,21.5,20100.0,1.4,1580.0,1.6
2003-06-17,18600.0,4.5,18.5,20100.0,4.6,1470.0,7.0
2003-06-18,31800.0,1.9,19.8,36400.0,0.3,2180.0,1.5
2003-06-19,32700.0,17.7,22.4,30300.0,8.1,2090.0,7.8
2003-06-20,33000.0,6.6,20.3,34000.0,3.7,2990.0,4.9
2003-06-21,37500.0,0.0,18.0,27900.0,0.3,5150.0,0.4
2003-06-22,29600.0,0.3,18.9,26200.0,0.0,2410.0,0.0
2003-06-23,24400.0,0.0,22.7,22400.0,0.0,1740.0,0.0
2003-06-24,20600.0,0.0,24.6,18400.0,0.0,1400.0,0.0
2003-06-25,16400.0,0.0,25.7,14600.0,0.0,1200.0,0.0
2003-06-26,12600.0,0.0,27.0,11700.0,0.0,1060.0,0.0
2003-06-27,10400.0,0.4,27.1,10200.0,1.2,1170.0,0.9
2003-06-28,9230.0,0.4,23.5,8830.0,0.0,1220.0,0.7
2003-06-29,8450.0,1.5,24.1,7680.0,0.6,897.0,0.2
2003-06-30,7400.0,1.5,25.7,7010.0,0.3,819.0,0.0
2003-07-01,6830.0,10.0,23.8,6520.0,2.5,761.0,1.2
2003-07-02,6430.0,32.1,20.8,6380.0,20.5,837.0,18.9
2003-07-03,12800.0,37.5,20.9,28200.0,20.4,11600.0,16.9
2003-07-04,47900.0,0.0,23.9,45800.0,0.2,6490.0,0.2
2003-07-05,35600.0,0.1,27.0,28700.0,0.2,2100.0,0.2
2003-07-06,21200.0,4.7,27.2,17600.0,6.7,1340.0,5.7
2003-07-07,15500.0,0.9,26.5,15400.0,0.6,1260.0,0.2
2003-07-08,14600.0,0.0,27.5,12200.0,0.0,945.0,0.0
2003-07-09,10700.0,0.9,27.9,9760.0,0.4,863.0,2.0
2003-07-10,9410.0,1.8,26.1,8590.0,0.9,858.0,1.5
2003-07-11,8410.0,4.2,26.2,8310.0,2.8,784.0,0.9
2003-07-12,8140.0,0.0,25.0,7730.0,0.0,678.0,0.0
2003-07-13,7560.0,10.5,23.9,7260.0,2.2,596.0,1.5
2003-07-14,9470.0,19.5,21.6,8020.0,16.8,829.0,13.9
2003-07-15,10000.0,0.3,23.2,7450.0,0.0,648.0,0.0
2003-07-16,7500.0,1.4,25.5,7500.0,0.0,550.0,0.0
2003-07-17,8420.0,0.0,25.4,8600.0,0.0,499.0,0.0
2003-07-18,8280.0,0.3,25.2,7370.0,3.2,451.0,3.3
2003-07-19,6960.0,5.0,24.2,6390.0,1.4,430.0,1.1
2003-07-20,6110.0,1.4,23.7,5370.0,1.6,462.0,1.4
2003-07-21,5230.0,0.0,25.7,5120.0,0.8,482.0,0.7
2003-07-22,5180.0,1.4,26.8,4750.0,3.0,467.0,4.0
2003-07-23,6120.0,2.7,23.4,4810.0,3.1,510.0,1.6
2003-07-24,6370.0,1.0,23.4,5030.0,0.9,492.0,1.6
2003-07-25,5520.0,0.0,23.3,4530.0,0.0,408.0,0.0
2003-07-26,4380.0,0.0,24.4,3810.0,0.0,357.0,0.0
2003-07-27,3980.0,0.0,26.5,3800.0,0.0,329.0,0.0
2003-07-28,3620.0,0.0,27.3,3220.0,0.3,314.0,1.5
2003-07-29,3330.0,5.7,23.3,3410.0,7.6,464.0,9.6
2003-07-30,3880.0,28.9,20.8,3820.0,13.0,488.0,10.0
2003-07-31,4130.0,0.8,22.8,3930.0,0.3,406.0,0.3
2003-08-01,4290.0,22.9,24.1,3970.0,14.7,707.0,13.9
2003-08-02,5310.0,7.2,23.9,5090.0,4.3,617.0,5.5
2003-08-03,5000.0,9.5,24.1,4260.0,15.2,582.0,7.9
2003-08-04,5380.0,12.5,24.1,6780.0,2.9,3040.0,2.7
2003-08-05,8940.0,4.4,23.7,7640.0,2.1,1270.0,1.3
2003-08-06,7430.0,2.1,23.5,7640.0,0.5,986.0,0.1
2003-08-07,8060.0,18.9,23.2,7320.0,4.7,746.0,2.3
2003-08-08,6890.0,3.8,22.9,6480.0,4.0,820.0,1.1
2003-08-09,6630.0,8.8,23.3,6100.0,7.7,766.0,14.4
2003-08-10,6390.0,5.5,23.3,9520.0,5.3,1440.0,6.1
2003-08-11,11300.0,6.3,23.4,11700.0,2.9,2420.0,5.7
2003-08-12,14400.0,2.4,24.5,15100.0,0.3,1720.0,1.1
2003-08-13,12500.0,0.8,25.2,11000.0,2.1,1440.0,0.7
2003-08-14,10300.0,0.5,25.9,9840.0,0.1,1040.0,0.3
2003-08-15,9810.0,0.0,27.0,9220.0,0.3,829.0,0.0
2003-08-16,8250.0,7.2,25.8,7420.0,4.2,652.0,4.4
2003-08-17,7090.0,5.4,24.2,7220.0,3.1,1130.0,2.7
2003-08-18,7710.0,6.9,23.4,7540.0,7.1,929.0,8.0
2003-08-19,7030.0,4.6,22.7,6520.0,3.4,748.0,2.5
2003-08-20,6330.0,0.1,23.9,5970.0,0.1,660.0,0.5
2003-08-21,5510.0,0.1,25.0,5320.0,0.0,564.0,0.0
2003-08-22,4860.0,0.2,26.4,4580.0,0.9,492.0,0.7
2003-08-23,4350.0,0.0,25.6,4200.0,0.0,429.0,0.0
2003-08-24,4090.0,0.0,22.3,4060.0,0.0,431.0,0.0
2003-08-25,3650.0,0.0,23.0,3530.0,0.0,394.0,0.0
2003-08-26,3410.0,0.0,26.3,3420.0,0.0,372.0,0.0
2003-08-27,3230.0,0.0,28.0,3220.0,0.0,356.0,0.0
2003-08-28,3110.0,2.0,27.2,3180.0,2.2,354.0,6.4
2003-08-29,3140.0,0.5,27.1,3580.0,0.6,678.0,2.5
2003-08-30,4440.0,6.2,27.7,5460.0,5.8,487.0,4.8
2003-08-31,4950.0,19.8,22.9,4190.0,14.1,550.0,15.8
2003-09-01,4270.0,8.4,24.3,4360.0,10.9,437.0,10.3
2003-09-02,4220.0,0.2,25.9,4050.0,0.2,610.0,0.8
2003-09-03,3960.0,5.4,24.6,4270.0,8.4,1110.0,5.7
2003-09-04,4650.0,19.4,23.7,4680.0,22.8,740.0,24.8
2003-09-05,5600.0,5.2,21.4,5920.0,11.4,764.0,8.0
2003-09-06,6150.0,0.0,19.2,6160.0,0.0,576.0,0.0
2003-09-07,6350.0,0.0,19.4,6330.0,0.0,460.0,0.0
2003-09-08,5720.0,0.2,19.8,5280.0,0.3,412.0,0.3
2003-09-09,4680.0,0.0,20.4,4270.0,0.0,392.0,0.0
2003-09-10,4050.0,0.0,19.3,3720.0,0.0,366.0,0.0
2003-09-11,3500.0,0.0,18.6,3460.0,0.0,336.0,0.0
2003-09-12,3500.0,20.2,18.3,3150.0,18.0,319.0,12.5
2003-09-13,4230.0,15.4,20.7,3450.0,17.5,634.0,16.1
2003-09-14,4640.0,0.1,21.7,4470.0,0.2,765.0,0.1
2003-09-15,4830.0,0.2,22.5,4020.0,0.2,700.0,0.4
2003-09-16,4280.0,0.0,21.3,3830.0,0.0,643.0,0.0
2003-09-17,3930.0,0.0,19.1,3500.0,0.0,541.0,0.0
2003-09-18,4670.0,61.3,19.8,3900.0,42.5,976.0,39.3
2003-09-19,38100.0,29.9,22.0,53700.0,54.0,23200.0,65.0
2003-09-20,82500.0,0.0,22.3,81800.0,0.0,15600.0,0.0
2003-09-21,69700.0,0.0,22.5,40300.0,0.6,2410.0,0.3
2003-09-22,27600.0,0.4,21.5,20500.0,2.3,1590.0,1.9
2003-09-23,27400.0,23.5,21.8,26700.0,24.8,6770.0,30.4
2003-09-24,46800.0,0.0,19.0,40300.0,0.0,4140.0,0.0
2003-09-25,33200.0,0.0,20.2,27700.0,0.0,2000.0,0.0
2003-09-26,23500.0,0.0,21.6,20100.0,0.0,1420.0,0.0
2003-09-27,17600.0,0.0,21.3,15900.0,0.0,1130.0,0.0
2003-09-28,13600.0,0.4,20.2,12300.0,0.6,1350.0,1.2
2003-09-29,13300.0,0.0,15.7,15600.0,0.0,1050.0,0.0
2003-09-30,16000.0,0.0,13.3,14200.0,0.0,828.0,0.0
2003-10-01,11800.0,0.0,13.5,10800.0,0.0,678.0,0.0
2003-10-02,9540.0,0.0,13.3,9170.0,0.0,687.0,0.1
2003-10-03,8270.0,0.0,9.4,8090.0,0.0,642.0,0.0
2003-10-04,7280.0,0.0,13.2,7140.0,0.0,617.0,0.0
2003-10-05,6580.0,0.0,14.9,6560.0,0.0,606.0,0.0
2003-10-06,6120.0,0.6,15.1,6110.0,0.4,581.0,0.5
2003-10-07,5680.0,0.9,16.6,5210.0,0.2,559.0,0.0
2003-10-08,5030.0,0.0,17.9,4800.0,0.0,555.0,0.0
2003-10-09,5050.0,2.2,19.0,4730.0,3.6,521.0,5.3
2003-10-10,4870.0,5.7,16.9,4520.0,1.4,509.0,0.6
2003-10-11,4700.0,3.3,16.8,4480.0,3.6,500.0,4.5
2003-10-12,4590.0,0.2,19.3,4450.0,0.0,493.0,0.0
2003-10-13,4510.0,0.0,18.6,4330.0,0.0,489.0,0.0
2003-10-14,4290.0,6.7,16.2,4020.0,4.0,478.0,3.6
2003-10-15,4370.0,7.0,15.5,4740.0,5.3,1100.0,5.8
2003-10-16,5720.0,0.0,13.2,5900.0,0.0,794.0,0.0
2003-10-17,5510.0,0.0,14.3,4800.0,0.0,617.0,0.1
2003-10-18,4780.0,0.7,12.3,4850.0,0.5,569.0,0.2
2003-10-19,5030.0,0.0,12.0,4830.0,0.0,547.0,0.0
2003-10-20,4730.0,0.0,13.8,4390.0,0.0,522.0,0.0
2003-10-21,4400.0,0.0,17.5,4240.0,0.0,499.0,0.0
2003-10-22,4250.0,0.0,15.7,4030.0,0.0,496.0,0.0
2003-10-23,4110.0,0.0,9.0,3910.0,0.0,482.0,0.0
2003-10-24,3980.0,0.0,7.6,3740.0,0.0,472.0,0.0
2003-10-25,3850.0,0.0,9.6,3480.0,0.0,464.0,0.0
2003-10-26,3620.0,4.4,16.5,3510.0,2.4,463.0,3.0
2003-10-27,4010.0,14.1,16.6,4750.0,25.8,1610.0,31.1
2003-10-28,7890.0,4.1,11.2,9580.0,4.7,1630.0,2.5
2003-10-29,10200.0,34.6,11.4,8110.0,27.2,1270.0,22.5
2003-10-30,8810.0,0.0,11.7,7560.0,0.0,1170.0,0.0
2003-10-31,7560.0,0.0,14.1,6390.0,0.0,936.0,0.0
2003-11-01,6710.0,0.0,16.6,5980.0,0.0,891.0,0.0
2003-11-02,6270.0,0.0,18.0,5630.0,0.0,830.0,0.0
2003-11-03,5990.0,0.0,18.0,5230.0,0.0,779.0,0.0
2003-11-04,5370.0,0.0,18.7,4930.0,0.0,748.0,0.0
2003-11-05,5320.0,0.0,21.3,4900.0,0.0,661.0,0.0
2003-11-06,6350.0,9.0,20.4,9150.0,12.3,4840.0,10.8
2003-11-07,25400.0,6.9,16.7,27200.0,4.6,4500.0,4.6
2003-11-08,29600.0,0.0,11.4,24500.0,0.0,1960.0,0.0
2003-11-09,21700.0,0.0,5.9,18100.0,0.0,1350.0,0.0
2003-11-10,16400.0,0.0,5.6,13800.0,0.0,1130.0,0.0
2003-11-11,12700.0,0.0,9.1,11100.0,0.0,1030.0,0.0
2003-11-12,10600.0,2.2,15.7,9510.0,5.2,949.0,7.2
2003-11-13,9560.0,1.5,13.5,9990.0,2.3,2250.0,2.3
2003-11-14,12000.0,0.0,5.2,14900.0,0.0,1630.0,0.0
2003-11-15,22200.0,0.0,8.0,21400.0,0.0,1280.0,0.0
2003-11-16,20100.0,0.6,9.1,17800.0,0.6,1130.0,0.4
2003-11-17,17200.0,0.2,12.4,15000.0,0.0,1070.0,0.4
2003-11-18,13500.0,0.7,12.1,11600.0,0.3,976.0,0.5
2003-11-19,11200.0,31.9,17.5,9910.0,26.0,2170.0,25.1
2003-11-20,20900.0,2.9,12.1,31900.0,1.0,6030.0,0.6
2003-11-21,56800.0,0.0,10.8,56200.0,0.0,2500.0,0.0
2003-11-22,47400.0,0.0,12.6,33200.0,0.0,1710.0,0.0
2003-11-23,29400.0,0.0,12.1,24500.0,0.0,1400.0,0.0
2003-11-24,23600.0,0.0,13.3,20100.0,0.9,1260.0,1.6
2003-11-25,19700.0,1.6,6.8,17200.0,1.4,1330.0,0.4
2003-11-26,17100.0,0.0,4.7,14400.0,0.0,1130.0,0.0
2003-11-27,13900.0,0.0,8.3,11500.0,0.0,1030.0,0.0
2003-11-28,11700.0,4.7,14.2,10200.0,6.3,1020.0,7.6
2003-11-29,11500.0,2.9,5.4,11000.0,1.5,1410.0,0.7
2003-11-30,12500.0,0.0,5.0,11200.0,0.0,1190.0,0.0
2003-12-01,12300.0,0.0,9.1,11500.0,0.0,1080.0,0.0
2003-12-02,12300.0,0.0,3.9,10800.0,0.0,995.0,0.0
2003-12-03,11100.0,0.0,0.4,9840.0,0.0,948.0,0.0
2003-12-04,10400.0,3.6,-0.1,9080.0,3.6,920.0,4.1
2003-12-05,10700.0,25.5,1.7,9970.0,28.4,1290.0,25.0
2003-12-06,14700.0,0.6,0.9,13600.0,0.9,1610.0,0.5
2003-12-07,15200.0,0.0,0.8,11800.0,0.0,1350.0,0.0
2003-12-08,12700.0,0.0,0.7,10400.0,0.0,1220.0,0.0
2003-12-09,11200.0,0.0,2.3,9270.0,0.0,1120.0,0.0
2003-12-10,10300.0,5.5,5.4,8740.0,8.8,1130.0,10.0
2003-12-11,24800.0,24.5,10.7,28600.0,18.8,10700.0,18.2
2003-12-12,51200.0,0.0,3.4,45200.0,0.0,4710.0,0.0
2003-12-13,42600.0,0.0,0.2,34000.0,0.0,2400.0,0.0
2003-12-14,34000.0,26.9,1.9,25800.0,25.1,2040.0,25.6
2003-12-15,31700.0,0.0,2.7,23600.0,0.0,2250.0,0.0
2003-12-16,26300.0,0.0,3.0,20800.0,0.0,1920.0,0.0
2003-12-17,23400.0,11.1,8.9,18900.0,12.3,2330.0,10.1
2003-12-18,25000.0,0.0,1.8,21200.0,0.0,2610.0,0.0
2003-12-19,22900.0,1.4,1.1,18500.0,1.1,1810.0,1.3
2003-12-20,20500.0,0.0,-0.8,16800.0,0.0,1520.0,0.0
2003-12-21,17700.0,0.0,0.1,14500.0,0.0,1340.0,0.0
2003-12-22,15200.0,0.0,4.7,12500.0,0.0,1230.0,0.0
2003-12-23,13500.0,0.0,8.3,11300.0,0.0,1180.0,0.0
2003-12-24,12700.0,16.0,12.0,10600.0,2.7,1220.0,2.6
2003-12-25,12400.0,0.0,3.2,10900.0,0.0,1300.0,0.0
2003-12-26,12800.0,0.0,1.5,11800.0,0.0,1180.0,0.0
2003-12-27,14200.0,0.0,2.6,13000.0,0.0,1110.0,0.0
2003-12-28,14300.0,0.0,3.5,12300.0,0.0,1050.0,0.0
2003-12-29,13100.0,0.0,4.9,11200.0,0.0,1010.0,0.0
2003-12-30,12100.0,1.0,10.6,10200.0,1.0,980.0,1.3
2003-12-31,11100.0,0.0,4.7,9250.0,0.0,928.0,0.0
2004-01-01,10200.0,0.0,6.6,8690.0,0.0,886.0,0.0
2004-01-02,9780.0,6.0,8.0,8330.0,6.0,862.0,6.4
2004-01-03,9400.0,0.0,11.0,8110.0,0.0,858.0,0.0
2004-01-04,9080.0,0.0,16.0,7780.0,0.8,840.0,1.0
2004-01-05,9070.0,7.6,17.0,8140.0,5.3,865.0,4.4
2004-01-06,9820.0,3.3,6.9,8920.0,0.7,958.0,0.2
2004-01-07,10200.0,0.0,-1.7,8660.0,0.0,808.0,0.0
2004-01-08,9630.0,0.0,-1.9,8560.0,0.0,757.0,0.1
2004-01-09,9460.0,3.8,-0.7,7950.0,4.1,745.0,4.3
2004-01-10,8770.0,0.0,-5.0,7640.0,0.0,720.0,0.0
2004-01-11,8350.0,0.0,-6.6,7270.0,0.0,669.0,0.0
2004-01-12,8020.0,0.0,2.8,7010.0,0.6,734.0,0.2
2004-01-13,8070.0,0.0,4.7,7190.0,0.0,774.0,0.0
2004-01-14,8090.0,0.0,0.9,7000.0,0.0,727.0,0.0
2004-01-15,7590.0,0.0,2.4,6560.0,0.0,700.0,0.0
2004-01-16,7310.0,0.0,-1.9,6430.0,0.0,681.0,0.0
2004-01-17,6900.0,0.0,-0.7,6000.0,0.0,643.0,0.0
2004-01-18,6850.0,12.0,3.1,5980.0,10.5,690.0,9.5
2004-01-19,7100.0,0.2,-0.5,6470.0,0.1,801.0,0.1
2004-01-20,7520.0,0.0,-2.6,6440.0,0.0,689.0,0.0
2004-01-21,6960.0,0.0,-2.5,6050.0,0.0,625.0,0.0
2004-01-22,6720.0,0.0,1.5,6030.0,0.0,613.0,0.0
2004-01-23,6650.0,0.0,-1.3,5850.0,0.0,620.0,0.0
2004-01-24,6480.0,0.0,-0.0,5690.0,0.0,600.0,0.0
2004-01-25,6320.0,2.6,-4.8,5630.0,2.9,570.0,3.3
2004-01-26,6150.0,10.7,-5.3,5490.0,10.0,542.0,9.8
2004-01-27,5590.0,0.9,-2.6,5520.0,3.6,620.0,3.2
2004-01-28,6230.0,0.0,-3.8,5630.0,0.0,640.0,0.0
2004-01-29,7000.0,0.0,-1.8,5540.0,0.0,623.0,0.0
2004-01-30,6880.0,0.0,-1.2,5560.0,0.0,652.0,0.0
2004-01-31,6960.0,0.0,-5.6,5390.0,0.0,604.0,0.0
2004-02-01,5680.0,0.0,-4.9,4980.0,0.0,550.0,0.0
2004-02-02,5270.0,0.0,-1.9,4850.0,0.0,586.0,0.0
2004-02-03,5500.0,11.7,2.1,5040.0,12.3,956.0,12.7
2004-02-04,8190.0,0.0,2.6,10200.0,0.0,1900.0,0.0
2004-02-05,12800.0,0.1,-0.2,9840.0,0.0,1210.0,0.7
2004-02-06,10600.0,17.5,2.7,9190.0,21.7,2200.0,21.6
2004-02-07,26500.0,16.3,4.3,31400.0,7.2,6950.0,4.4
2004-02-08,45100.0,0.0,0.7,40400.0,0.0,2870.0,0.0
2004-02-09,37700.0,0.2,1.6,29300.0,0.2,1780.0,0.0
2004-02-10,27800.0,0.0,5.7,22200.0,0.0,1450.0,0.0
2004-02-11,22100.0,0.0,4.9,17700.0,0.0,1300.0,0.0
2004-02-12,17800.0,2.4,2.5,14800.0,1.2,1160.0,0.9
2004-02-13,16000.0,0.0,3.5,13500.0,0.0,1070.0,0.0
2004-02-14,14400.0,0.0,5.2,12100.0,0.0,993.0,0.0
2004-02-15,13200.0,0.4,3.1,11400.0,0.3,936.0,0.4
2004-02-16,12800.0,1.3,-1.2,11300.0,0.9,873.0,0.9
2004-02-17,12400.0,3.6,-1.5,10600.0,0.0,814.0,0.0
2004-02-18,11300.0,0.6,1.3,9790.0,0.0,788.0,0.0
2004-02-19,10500.0,0.0,5.0,9210.0,0.0,776.0,0.0
2004-02-20,10000.0,0.0,7.6,8800.0,0.0,768.0,0.0
2004-02-21,9670.0,0.0,11.8,8500.0,0.0,751.0,0.0
2004-02-22,9260.0,0.0,5.3,8500.0,0.0,724.0,0.0
2004-02-23,9940.0,0.0,3.5,10500.0,0.0,688.0,0.0
2004-02-24,12700.0,0.3,5.3,11500.0,0.9,685.0,1.0
2004-02-25,11800.0,0.0,2.8,10300.0,0.0,671.0,0.0
2004-02-26,10800.0,0.0,1.1,9490.0,0.0,642.0,0.0
2004-02-27,10000.0,0.2,3.6,8900.0,0.1,627.0,0.2
2004-02-28,9480.0,0.0,4.4,8350.0,0.0,615.0,0.0
2004-02-29,8950.0,0.0,6.7,7830.0,0.0,602.0,0.0
2004-03-01,8520.0,0.0,11.0,7280.0,0.0,598.0,0.0
2004-03-02,7850.0,3.7,15.1,6810.0,0.8,591.0,0.6
2004-03-03,7440.0,0.0,13.8,6460.0,0.0,589.0,0.0
2004-03-04,7200.0,0.0,16.1,6400.0,0.0,575.0,0.0
2004-03-05,7200.0,0.0,17.6,6610.0,0.0,573.0,0.0
2004-03-06,7750.0,3.5,19.5,7310.0,5.9,615.0,7.0
2004-03-07,8490.0,0.0,12.6,7780.0,0.0,659.0,0.0
2004-03-08,8740.0,5.2,7.6,7750.0,2.8,609.0,2.4
2004-03-09,8820.0,0.0,4.8,8270.0,0.2,591.0,0.1
2004-03-10,9150.0,1.4,3.4,8070.0,0.1,572.0,0.0
2004-03-11,8660.0,0.0,6.0,7690.0,0.0,557.0,0.0
2004-03-12,8230.0,0.0,9.0,7340.0,0.0,555.0,0.0
2004-03-13,7850.0,0.0,4.7,6760.0,0.0,535.0,0.0
2004-03-14,7040.0,0.0,6.2,6150.0,0.0,520.0,0.0
2004-03-15,6700.0,0.0,12.8,5960.0,0.0,521.0,0.0
2004-03-16,7350.0,21.0,8.2,6480.0,20.9,695.0,19.6
2004-03-17,10400.0,0.2,4.7,9010.0,0.4,1060.0,0.4
2004-03-18,10900.0,0.3,5.9,8600.0,0.0,816.0,0.1
2004-03-19,10100.0,0.6,8.9,9240.0,2.8,761.0,2.3
2004-03-20,10700.0,0.0,7.0,9120.0,0.0,708.0,0.0
2004-03-21,9940.0,0.3,12.6,8420.0,1.0,676.0,0.5
2004-03-22,9270.0,0.0,3.7,8140.0,0.0,653.0,0.0
2004-03-23,8860.0,0.0,2.5,7710.0,0.0,617.0,0.0
2004-03-24,8550.0,0.0,6.3,7460.0,0.0,600.0,0.0
2004-03-25,8050.0,0.6,12.1,6790.0,0.0,577.0,0.0
2004-03-26,7220.0,0.0,15.5,6350.0,0.0,547.0,0.0
2004-03-27,6940.0,2.3,16.4,6220.0,2.4,544.0,3.5
2004-03-28,6750.0,0.0,13.7,5950.0,0.0,555.0,0.0
2004-03-29,6460.0,0.0,9.5,5680.0,0.0,532.0,0.0
2004-03-30,6200.0,0.0,7.9,5540.0,0.0,509.0,0.1
2004-03-31,6110.0,5.4,8.8,5450.0,7.1,534.0,7.2
2004-04-01,6180.0,26.7,8.7,5810.0,30.9,619.0,29.4
2004-04-02,7140.0,3.1,7.4,6420.0,3.6,647.0,2.6
2004-04-03,7010.0,1.1,8.3,6030.0,1.2,598.0,0.6
2004-04-04,6790.0,0.0,8.9,6000.0,0.0,565.0,0.0
2004-04-05,6380.0,0.0,5.4,5570.0,0.0,529.0,0.0
2004-04-06,6010.0,0.0,6.9,5340.0,0.0,558.0,0.0
2004-04-07,5870.0,0.0,12.9,5220.0,0.0,496.0,0.0
2004-04-08,5660.0,0.0,13.9,4940.0,0.0,426.0,0.5
2004-04-09,5430.0,0.0,12.4,4880.0,0.0,485.0,0.0
2004-04-10,5350.0,1.6,10.9,4830.0,0.3,481.0,0.0
2004-04-11,5320.0,3.2,9.1,4760.0,0.8,474.0,1.1
2004-04-12,5450.0,19.0,7.1,5160.0,23.7,841.0,27.0
2004-04-13,13200.0,19.2,10.9,18000.0,19.5,4410.0,18.6
2004-04-14,30800.0,6.6,10.3,32600.0,7.4,4680.0,8.1
2004-04-15,48100.0,2.3,10.4,46600.0,0.5,2720.0,0.3
2004-04-16,42700.0,0.0,11.1,33000.0,0.0,1680.0,0.0
2004-04-17,29400.0,0.0,15.6,23800.0,0.0,1300.0,0.0
2004-04-18,23000.0,0.0,20.5,18600.0,0.0,1100.0,0.0
2004-04-19,18100.0,0.0,21.9,14800.0,0.0,966.0,0.0
2004-04-20,14400.0,0.0,22.3,11700.0,0.0,851.0,0.0
2004-04-21,12100.0,0.0,21.4,10300.0,0.0,820.0,0.0
2004-04-22,10900.0,0.0,22.3,9470.0,0.0,760.0,0.0
2004-04-23,10000.0,0.8,22.4,8510.0,0.2,707.0,0.7
2004-04-24,8970.0,0.3,20.0,7810.0,0.6,688.0,0.5
2004-04-25,8230.0,0.0,17.5,7200.0,0.8,647.0,1.3
2004-04-26,7730.0,16.0,19.4,6990.0,14.1,687.0,11.9
2004-04-27,7930.0,6.1,15.0,6900.0,2.5,862.0,1.0
2004-04-28,7920.0,0.0,11.1,7140.0,0.0,725.0,0.0
2004-04-29,8730.0,0.0,15.2,8850.0,0.0,640.0,0.0
2004-04-30,10900.0,0.0,18.0,10100.0,0.0,613.0,0.0
2004-05-01,10600.0,6.1,18.4,9270.0,4.2,611.0,4.4
2004-05-02,9600.0,8.0,20.3,7650.0,13.1,790.0,11.4
2004-05-03,9190.0,35.7,13.3,9000.0,20.4,1600.0,16.9
2004-05-04,11400.0,0.0,10.7,9610.0,0.0,1200.0,0.0
2004-05-05,10000.0,0.9,14.9,8070.0,0.0,972.0,0.0
2004-05-06,8870.0,0.1,17.7,8010.0,0.0,858.0,0.0
2004-05-07,8590.0,0.0,22.2,7320.0,0.0,791.0,0.2
2004-05-08,7780.0,0.1,19.4,6570.0,0.0,733.0,0.0
2004-05-09,6940.0,0.4,19.4,6100.0,1.1,669.0,0.8
2004-05-10,6470.0,0.1,23.4,5590.0,0.1,632.0,0.0
2004-05-11,6030.0,0.0,23.4,5300.0,0.4,597.0,0.1
2004-05-12,5550.0,0.0,23.3,4840.0,0.0,569.0,0.0
2004-05-13,5210.0,0.3,23.0,4770.0,0.0,560.0,0.0
2004-05-14,5150.0,0.0,23.8,4830.0,0.3,525.0,0.2
2004-05-15,5150.0,0.0,23.9,4610.0,0.0,520.0,0.0
2004-05-16,4850.0,2.9,23.3,4350.0,6.9,487.0,6.4
2004-05-17,4850.0,6.4,21.9,4240.0,4.7,469.0,2.0
2004-05-18,4850.0,0.8,22.8,4560.0,0.7,516.0,1.0
2004-05-19,5230.0,9.7,23.3,5360.0,18.4,805.0,11.2
2004-05-20,6130.0,2.1,21.8,6020.0,4.3,1170.0,1.9
2004-05-21,6830.0,4.5,23.8,7080.0,3.7,815.0,1.9
2004-05-22,8000.0,1.0,25.2,7750.0,0.6,720.0,0.2
2004-05-23,8600.0,2.3,25.8,8520.0,0.7,656.0,1.3
2004-05-24,10800.0,0.0,26.0,10400.0,0.0,537.0,0.0
2004-05-25,9400.0,2.1,25.9,7290.0,0.9,477.0,0.8
2004-05-26,7200.0,2.6,25.5,6150.0,3.1,449.0,2.9
2004-05-27,7070.0,3.7,22.9,6480.0,2.3,762.0,1.9
2004-05-28,7380.0,4.6,23.5,6440.0,4.2,829.0,3.7
2004-05-29,7370.0,0.0,20.3,7370.0,0.0,780.0,0.0
2004-05-30,7970.0,5.2,18.6,7660.0,3.3,609.0,2.4
2004-05-31,9160.0,2.9,22.5,8700.0,3.5,610.0,3.9
2004-06-01,9990.0,0.0,23.0,10100.0,0.0,697.0,0.0
2004-06-02,12300.0,0.0,22.4,12900.0,0.2,527.0,0.2
2004-06-03,12600.0,0.0,22.9,9490.0,0.0,416.0,0.0
2004-06-04,8930.0,14.4,19.4,7260.0,11.8,365.0,12.9
2004-06-05,7680.0,20.0,17.0,6880.0,21.9,1410.0,23.8
2004-06-06,9630.0,0.2,18.7,10700.0,0.2,1450.0,0.2
2004-06-07,11100.0,0.2,21.4,9780.0,0.3,883.0,0.3
2004-06-08,10500.0,0.0,22.4,9100.0,0.0,705.0,0.2
2004-06-09,9220.0,0.1,25.3,8100.0,0.0,598.0,0.0
2004-06-10,8220.0,4.6,26.0,6730.0,2.6,546.0,3.4
2004-06-11,6720.0,0.9,24.5,6000.0,0.1,570.0,0.3
2004-06-12,8040.0,12.2,20.2,8370.0,8.6,1270.0,6.0
2004-06-13,10300.0,0.0,19.6,7820.0,0.0,824.0,0.0
2004-06-14,7650.0,0.0,23.6,6290.0,0.0,644.0,0.0
2004-06-15,6750.0,3.8,24.8,5870.0,6.3,592.0,9.0
2004-06-16,8160.0,15.9,23.2,9750.0,11.4,917.0,8.7
2004-06-17,18500.0,0.5,26.1,12400.0,0.2,983.0,0.2
2004-06-18,13600.0,2.6,27.1,8830.0,1.9,1070.0,1.3
2004-06-19,10700.0,0.0,25.7,8290.0,0.0,1050.0,1.0
2004-06-20,9440.0,0.0,21.2,7010.0,0.0,683.0,0.0
2004-06-21,7110.0,0.0,20.6,5670.0,0.0,528.0,0.0
2004-06-22,5990.0,3.4,24.3,4750.0,5.3,461.0,5.7
2004-06-23,5090.0,1.5,24.2,4580.0,0.7,495.0,1.1
2004-06-24,4800.0,0.6,23.8,4220.0,0.4,493.0,0.5
2004-06-25,4540.0,17.3,23.5,3990.0,14.4,453.0,9.5
2004-06-26,4770.0,23.4,23.1,4070.0,8.9,447.0,7.1
2004-06-27,4920.0,0.0,21.5,4380.0,0.0,423.0,0.0
2004-06-28,5050.0,0.0,22.0,3950.0,0.0,362.0,0.0
2004-06-29,4140.0,0.0,22.8,3340.0,0.0,354.0,0.0
2004-06-30,3790.0,12.5,22.7,3240.0,0.1,310.0,0.0
2004-07-01,3470.0,6.3,22.8,3060.0,0.9,424.0,0.5
2004-07-02,3470.0,7.0,24.7,4560.0,3.4,1050.0,5.3
2004-07-03,4920.0,0.9,25.0,3420.0,3.3,485.0,2.0
2004-07-04,3610.0,9.2,24.7,3570.0,4.9,695.0,3.1
2004-07-05,9890.0,0.6,26.6,12400.0,3.7,2190.0,7.4
2004-07-06,12100.0,0.0,27.0,8390.0,0.2,921.0,0.2
2004-07-07,8130.0,6.6,26.7,6240.0,1.0,762.0,1.2
2004-07-08,6400.0,3.5,25.6,4840.0,0.2,572.0,0.0
2004-07-09,5120.0,0.0,25.7,3770.0,0.0,473.0,0.0
2004-07-10,4010.0,0.0,26.0,3440.0,0.0,392.0,0.0
2004-07-11,3520.0,8.2,25.5,3130.0,5.0,388.0,3.0
2004-07-12,3290.0,10.8,24.7,3320.0,19.3,476.0,14.9
2004-07-13,4730.0,0.3,26.2,6040.0,1.9,1730.0,0.5
2004-07-14,7130.0,2.8,26.6,6250.0,2.0,784.0,3.6
2004-07-15,6690.0,0.0,24.7,5430.0,0.0,480.0,0.0
2004-07-16,5210.0,0.0,24.2,4250.0,0.0,358.0,0.0
2004-07-17,3890.0,0.4,23.8,3300.0,1.9,300.0,2.0
2004-07-18,3480.0,13.2,22.8,3300.0,10.3,341.0,13.3
2004-07-19,3490.0,0.3,23.4,3200.0,1.4,372.0,3.2
2004-07-20,3580.0,2.1,23.9,3030.0,0.2,408.0,0.0
2004-07-21,3190.0,0.0,25.0,3050.0,0.0,319.0,0.0
2004-07-22,3170.0,0.1,25.6,2990.0,2.9,268.0,2.1
2004-07-23,3390.0,16.8,23.5,2610.0,0.7,289.0,0.4
2004-07-24,2980.0,2.6,23.0,2940.0,0.1,491.0,0.4
2004-07-25,3350.0,19.1,21.8,3670.0,10.2,439.0,6.3
2004-07-26,4050.0,7.8,22.9,3600.0,10.9,627.0,11.7
2004-07-27,4780.0,26.8,24.4,4110.0,17.9,611.0,11.9
2004-07-28,5330.0,10.0,24.4,3720.0,10.1,474.0,8.4
2004-07-29,4740.0,1.9,24.3,3830.0,1.8,392.0,0.7
2004-07-30,4670.0,1.3,25.2,3750.0,3.7,357.0,3.9
2004-07-31,4070.0,1.8,25.8,3510.0,0.6,335.0,0.2
2004-08-01,3700.0,6.2,25.7,3060.0,9.4,301.0,10.6
2004-08-02,3420.0,29.4,23.9,3290.0,25.2,485.0,22.9
2004-08-03,5210.0,17.8,23.9,6580.0,3.3,631.0,2.8
2004-08-04,8580.0,0.0,26.1,5630.0,0.0,317.0,0.0
2004-08-05,4940.0,9.3,24.0,3780.0,9.2,291.0,10.4
2004-08-06,4590.0,0.5,19.6,4510.0,0.1,396.0,0.0
2004-08-07,4500.0,0.0,18.3,3630.0,0.0,330.0,0.0
2004-08-08,3720.0,0.0,20.3,3180.0,0.0,263.0,0.0
2004-08-09,3180.0,0.0,21.9,2810.0,0.0,231.0,0.0
2004-08-10,2910.0,0.0,23.4,2660.0,0.2,213.0,0.0
2004-08-11,2710.0,0.2,24.7,2400.0,3.7,206.0,3.5
2004-08-12,2650.0,9.5,23.4,2390.0,23.8,279.0,18.7
2004-08-13,3790.0,4.7,22.4,3560.0,3.2,364.0,3.6
2004-08-14,5680.0,34.5,19.7,3910.0,31.0,363.0,25.0
2004-08-15,5960.0,26.3,18.8,3940.0,14.8,325.0,4.1
2004-08-16,5540.0,70.8,21.0,4210.0,11.1,273.0,2.8
2004-08-17,4660.0,5.5,21.6,3370.0,5.1,228.0,4.9
2004-08-18,3760.0,2.1,22.7,2940.0,4.1,216.0,1.4
2004-08-19,3490.0,0.0,25.1,2600.0,0.0,204.0,0.1
2004-08-20,2930.0,0.3,26.4,2430.0,0.8,192.0,0.2
2004-08-21,2750.0,18.1,25.4,2280.0,9.5,208.0,13.2
2004-08-22,3000.0,2.5,21.2,2380.0,0.0,220.0,1.0
2004-08-23,2960.0,0.0,21.8,2610.0,0.0,204.0,0.0
2004-08-24,2900.0,0.0,23.2,2450.0,0.0,191.0,0.0
2004-08-25,2600.0,0.0,22.3,2210.0,0.0,177.0,0.0
2004-08-26,2330.0,0.0,22.4,1800.0,0.0,159.0,0.0
2004-08-27,2080.0,0.0,23.6,1960.0,0.0,152.0,0.0
2004-08-28,2090.0,0.0,24.7,1880.0,0.2,156.0,1.9
2004-08-29,2000.0,0.7,24.6,1830.0,0.0,150.0,0.2
2004-08-30,4930.0,65.0,23.4,1810.0,33.2,150.0,15.9
2004-08-31,6480.0,13.4,24.0,2120.0,12.4,207.0,4.7
2004-09-01,3710.0,0.0,23.4,2350.0,0.0,177.0,0.0
2004-09-02,2590.0,0.0,22.1,1690.0,0.0,146.0,0.0
2004-09-03,2000.0,0.8,21.8,1800.0,0.0,130.0,0.0
2004-09-04,2000.0,0.1,22.1,1740.0,0.0,127.0,0.0
2004-09-05,1890.0,2.4,21.8,1710.0,0.8,124.0,1.3
2004-09-06,1880.0,1.3,22.2,1650.0,1.9,122.0,2.9
2004-09-07,1840.0,3.8,23.4,1700.0,6.8,146.0,9.3
2004-09-08,2200.0,12.6,22.6,2260.0,12.3,735.0,14.3
2004-09-09,7030.0,3.9,24.0,17200.0,2.2,8830.0,2.8
2004-09-10,42300.0,0.0,22.2,41000.0,0.0,2620.0,0.0
2004-09-11,32100.0,0.6,21.9,20400.0,0.0,1190.0,0.0
2004-09-12,16100.0,0.0,21.4,11100.0,0.0,822.0,0.0
2004-09-13,10300.0,0.0,21.6,7750.0,0.2,629.0,0.2
2004-09-14,7710.0,0.7,20.2,6100.0,0.0,508.0,0.0
2004-09-15,7080.0,19.0,19.9,5180.0,16.2,442.0,13.5
2004-09-16,6240.0,0.0,21.1,4370.0,0.0,396.0,0.0
2004-09-17,5580.0,3.9,22.9,4060.0,5.3,431.0,7.7
2004-09-18,10500.0,15.4,19.7,10800.0,8.6,3990.0,9.6
2004-09-19,18400.0,0.0,17.0,14500.0,0.0,1940.0,0.0
2004-09-20,21100.0,0.0,15.7,18300.0,0.0,1080.0,0.0
2004-09-21,16300.0,0.0,16.6,11400.0,0.0,775.0,0.0
2004-09-22,11100.0,0.0,20.3,8150.0,0.0,599.0,0.0
2004-09-23,8410.0,0.0,21.2,6420.0,0.0,470.0,0.0
2004-09-24,6670.0,0.0,20.9,5370.0,0.0,439.0,0.0
2004-09-25,5870.0,0.0,18.1,4710.0,0.0,394.0,0.0
2004-09-26,4890.0,0.0,18.9,4060.0,0.0,369.0,0.0
2004-09-27,4600.0,4.8,19.3,3830.0,4.2,363.0,4.4
2004-09-28,4470.0,10.7,21.5,4470.0,22.1,1120.0,27.0
2004-09-29,12600.0,0.0,19.9,29700.0,0.1,9330.0,0.0
2004-09-30,60400.0,0.0,19.2,68800.0,0.7,3170.0,0.3
2004-10-01,57300.0,1.0,19.3,33200.0,0.0,1610.0,0.0
2004-10-02,23400.0,2.3,20.3,16800.0,0.8,1090.0,0.9
2004-10-03,16100.0,0.0,19.1,12300.0,0.0,896.0,0.0
2004-10-04,12500.0,1.0,18.8,9690.0,0.3,729.0,0.2
2004-10-05,10200.0,0.0,16.2,8100.0,0.0,647.0,0.0
2004-10-06,8720.0,0.0,12.8,6850.0,0.0,568.0,0.0
2004-10-07,7730.0,0.0,14.1,6010.0,0.0,510.0,0.0
2004-10-08,8100.0,0.0,16.1,5410.0,0.0,472.0,0.0
2004-10-09,7440.0,0.0,16.3,4860.0,0.0,446.0,0.0
2004-10-10,6690.0,0.0,18.0,4560.0,0.0,434.0,0.0
2004-10-11,6230.0,0.0,14.1,4080.0,0.0,407.0,0.0
2004-10-12,5470.0,0.0,12.8,3790.0,0.0,365.0,0.0
2004-10-13,5130.0,15.1,12.3,3810.0,6.0,392.0,5.7
2004-10-14,5090.0,0.9,14.6,4290.0,0.0,463.0,0.0
2004-10-15,6900.0,3.2,15.8,6430.0,2.1,477.0,1.8
2004-10-16,7930.0,0.0,13.4,5380.0,0.0,421.0,0.4
2004-10-17,6150.0,0.0,12.2,4510.0,0.0,379.0,0.0
2004-10-18,5360.0,0.0,12.5,4310.0,0.0,356.0,0.1
2004-10-19,5410.0,4.4,19.2,4210.0,5.7,348.0,4.2
2004-10-20,4890.0,7.1,15.0,3680.0,5.2,370.0,4.3
2004-10-21,4360.0,0.0,13.9,3700.0,0.1,373.0,0.1
2004-10-22,4190.0,0.0,13.2,3620.0,0.4,381.0,0.7
2004-10-23,4100.0,0.0,11.7,3590.0,0.0,380.0,0.0
2004-10-24,4080.0,4.0,9.6,3570.0,6.4,389.0,6.0
2004-10-25,4070.0,0.0,11.6,3650.0,0.0,463.0,0.0
2004-10-26,4260.0,0.0,13.1,3610.0,0.0,445.0,0.0
2004-10-27,3770.0,0.0,11.4,3260.0,0.0,398.0,0.0
2004-10-28,3690.0,0.0,12.3,3560.0,0.0,383.0,0.0
2004-10-29,4050.0,1.8,13.1,3620.0,2.3,386.0,2.0
2004-10-30,4110.0,0.0,17.9,3580.0,0.0,387.0,0.0
2004-10-31,3950.0,0.0,20.7,3490.0,0.0,384.0,0.0
2004-11-01,3880.0,0.0,17.4,3500.0,0.0,372.0,0.0
2004-11-02,3760.0,0.0,18.7,3330.0,0.0,356.0,0.0
2004-11-03,3570.0,0.6,19.0,3270.0,0.2,356.0,0.5
2004-11-04,3770.0,18.7,11.9,3430.0,19.0,476.0,19.6
2004-11-05,5220.0,2.2,11.9,5300.0,1.2,824.0,1.0
2004-11-06,7970.0,0.0,9.3,5990.0,0.0,612.0,0.0
2004-11-07,6850.0,0.0,12.6,5410.0,0.0,500.0,0.0
2004-11-08,8140.0,0.0,11.9,7250.0,0.0,465.0,0.0
2004-11-09,8910.0,0.0,6.0,6610.0,0.0,425.0,0.0
2004-11-10,7980.0,0.0,5.4,5760.0,0.0,397.0,0.0
2004-11-11,6810.0,0.0,8.0,5040.0,0.0,381.0,0.0
2004-11-12,6400.0,32.2,10.5,6520.0,38.4,749.0,35.9
2004-11-13,19500.0,19.2,7.3,18100.0,12.6,2030.0,9.2
2004-11-14,22000.0,0.0,4.6,13800.0,0.0,1170.0,0.0
2004-11-15,17000.0,0.0,5.8,13300.0,0.0,904.0,0.0
2004-11-16,15300.0,0.0,7.1,11000.0,0.0,768.0,0.0
2004-11-17,12500.0,0.0,8.2,8830.0,0.0,684.0,0.0
2004-11-18,10400.0,1.0,11.3,7690.0,0.0,634.0,0.2
2004-11-19,9330.0,1.1,13.0,7240.0,3.1,605.0,2.6
2004-11-20,8880.0,0.8,12.9,6790.0,0.0,695.0,0.0
2004-11-21,8130.0,0.2,13.9,6360.0,0.0,638.0,0.0
2004-11-22,7740.0,4.0,12.7,6330.0,3.3,588.0,3.2
2004-11-23,8320.0,6.3,12.7,6750.0,3.4,566.0,5.7
2004-11-24,8980.0,6.0,13.9,7190.0,10.2,696.0,12.2
2004-11-25,12100.0,6.7,15.6,10500.0,4.4,1620.0,6.4
2004-11-26,18700.0,0.0,5.0,16400.0,0.0,1320.0,0.0
2004-11-27,23900.0,0.4,5.1,20300.0,0.6,1020.0,0.1
2004-11-28,22500.0,12.2,12.0,16900.0,7.7,1960.0,7.0
2004-11-29,22800.0,0.0,6.6,17400.0,0.0,1630.0,0.0
2004-11-30,20400.0,0.0,6.3,15300.0,0.0,1180.0,0.0
2004-12-01,18300.0,5.0,10.9,13600.0,11.3,1110.0,9.4
2004-12-02,17400.0,0.0,5.6,14500.0,0.0,1110.0,0.0
2004-12-03,21800.0,0.0,6.4,20300.0,0.0,960.0,0.0
2004-12-04,22400.0,0.0,4.5,17200.0,0.0,873.0,0.0
2004-12-05,19600.0,0.0,7.5,15000.0,0.0,800.0,0.0
2004-12-06,17300.0,0.2,8.2,12700.0,0.5,741.0,2.0
2004-12-07,14700.0,6.8,13.2,10200.0,11.1,766.0,10.1
2004-12-08,13100.0,0.4,15.6,9510.0,0.0,806.0,0.0
2004-12-09,12200.0,8.3,9.2,8670.0,9.5,771.0,9.6
2004-12-10,15700.0,25.8,13.1,13600.0,21.5,2060.0,16.2
2004-12-11,23200.0,1.7,10.2,19400.0,0.5,1500.0,0.4
2004-12-12,27400.0,0.0,6.4,23200.0,0.0,1160.0,0.0
2004-12-13,24800.0,0.2,8.1,18900.0,0.0,1020.0,0.0
2004-12-14,20800.0,0.0,2.6,15600.0,0.0,905.0,0.0
2004-12-15,17800.0,0.0,0.0,13100.0,0.0,803.0,0.0
2004-12-16,15200.0,0.0,-0.2,10900.0,0.0,734.0,0.0
2004-12-17,13200.0,0.0,3.3,9440.0,0.0,699.0,0.0
2004-12-18,11600.0,0.0,3.4,8210.0,0.0,670.0,0.0
2004-12-19,10300.0,0.5,2.3,7510.0,0.3,648.0,0.0
2004-12-20,9550.0,0.6,-4.9,7040.0,0.1,623.0,0.0
2004-12-21,8930.0,0.0,-1.7,6590.0,0.0,552.0,0.0
2004-12-22,8250.0,0.0,4.6,6290.0,0.0,578.0,0.0
2004-12-23,8070.0,12.3,11.8,6140.0,12.1,846.0,12.5
2004-12-24,10800.0,0.0,2.0,15100.0,0.0,4380.0,0.0
2004-12-25,21600.0,0.0,-1.5,13800.0,0.0,1750.0,0.0
2004-12-26,17400.0,0.2,-2.2,12600.0,0.0,1250.0,0.0
2004-12-27,15700.0,0.0,-1.6,11400.0,0.0,1060.0,0.0
2004-12-28,14400.0,0.0,-2.1,9690.0,0.0,918.0,0.0
2004-12-29,12500.0,0.0,3.5,8490.0,0.0,838.0,0.0
2004-12-30,11000.0,0.0,6.8,7710.0,0.0,794.0,0.0
2004-12-31,10100.0,0.0,9.2,7320.0,0.0,735.0,0.0
2005-01-01,9430.0,0.0,11.9,6830.0,0.0,680.0,0.0
2005-01-02,8730.0,0.0,10.8,6560.0,0.0,663.0,0.0
2005-01-03,8190.0,0.0,12.9,6340.0,0.0,663.0,0.0
2005-01-04,8000.0,0.4,16.7,6090.0,0.2,623.0,0.2
2005-01-05,7840.0,0.2,14.0,5970.0,1.0,623.0,1.5
2005-01-06,7890.0,0.1,13.9,6070.0,0.2,643.0,0.2
2005-01-07,7670.0,0.7,11.9,5870.0,0.0,609.0,0.1
2005-01-08,6630.0,4.7,10.3,5760.0,7.1,599.0,7.1
2005-01-09,6670.0,0.0,5.9,6000.0,0.0,611.0,0.0
2005-01-10,6700.0,0.0,7.4,5650.0,0.0,570.0,0.0
2005-01-11,6330.0,0.0,7.5,5750.0,0.0,558.0,0.0
2005-01-12,6450.0,0.4,11.9,5650.0,0.7,547.0,0.9
2005-01-13,6300.0,0.1,16.2,5580.0,0.4,545.0,0.4
2005-01-14,14100.0,38.0,13.8,24500.0,34.8,9490.0,32.6
2005-01-15,56900.0,0.0,3.2,51400.0,0.0,5540.0,0.0
2005-01-16,44900.0,0.0,1.4,33800.0,0.0,2080.0,0.0
2005-01-17,29700.0,0.0,-1.4,22300.0,0.1,1450.0,0.4
2005-01-18,22200.0,0.0,-5.8,16600.0,0.0,1150.0,0.0
2005-01-19,17900.0,1.3,-5.7,13300.0,1.0,1010.0,0.8
2005-01-20,15800.0,0.1,-1.2,11500.0,0.0,949.0,0.0
2005-01-21,14500.0,2.3,-1.2,10200.0,2.0,915.0,2.3
2005-01-22,13400.0,10.2,-3.8,9500.0,7.5,862.0,6.8
2005-01-23,12300.0,1.1,-5.3,8540.0,0.0,800.0,0.0
2005-01-24,10900.0,0.0,-6.2,7670.0,0.0,740.0,0.0
2005-01-25,9500.0,0.0,-0.1,7040.0,0.0,700.0,0.0
2005-01-26,9590.0,1.5,3.7,7070.0,2.9,685.0,3.2
2005-01-27,9390.0,0.4,-0.2,6770.0,0.3,690.0,0.0
2005-01-28,9540.0,0.0,-4.2,6750.0,0.0,666.0,0.0
2005-01-29,8260.0,0.1,-3.4,6090.0,0.5,607.0,0.5
2005-01-30,7300.0,16.4,-0.1,6180.0,11.2,683.0,9.9
2005-01-31,7850.0,0.0,-0.8,6640.0,0.0,722.0,0.0
2005-02-01,8510.0,0.0,-0.8,6740.0,0.0,661.0,0.0
2005-02-02,7730.0,0.0,-0.9,5940.0,0.0,625.0,0.0
2005-02-03,6800.0,5.3,-0.5,6090.0,4.2,622.0,4.4
2005-02-04,6680.0,0.0,1.7,5980.0,0.0,643.0,0.0
2005-02-05,6680.0,0.0,4.6,6120.0,0.0,642.0,0.0
2005-02-06,6700.0,0.0,4.8,5970.0,0.0,620.0,0.0
2005-02-07,6530.0,0.0,5.5,5920.0,0.0,607.0,0.0
2005-02-08,6490.0,0.4,7.6,5860.0,0.3,607.0,0.1
2005-02-09,6380.0,0.0,9.8,5860.0,0.0,609.0,0.0
2005-02-10,6390.0,2.3,8.6,5880.0,1.6,612.0,1.4
2005-02-11,6380.0,0.0,2.2,5950.0,0.0,581.0,0.0
2005-02-12,6440.0,0.0,2.8,6170.0,0.0,548.0,0.0
2005-02-13,6640.0,0.0,5.1,6120.0,0.0,536.0,0.0
2005-02-14,6440.0,7.4,6.9,5970.0,4.6,529.0,5.4
2005-02-15,6160.0,1.0,11.4,5830.0,0.6,557.0,0.9
2005-02-16,6240.0,0.8,12.3,5910.0,1.5,530.0,0.9
2005-02-17,6110.0,0.0,6.0,6030.0,0.0,522.0,0.0
2005-02-18,6290.0,0.0,1.0,6080.0,0.0,502.0,0.0
2005-02-19,6270.0,0.0,-0.3,5990.0,0.0,483.0,0.0
2005-02-20,6070.0,0.0,0.8,5780.0,0.0,467.0,0.5
2005-02-21,5860.0,2.7,8.9,5570.0,3.9,484.0,4.4
2005-02-22,5950.0,1.3,8.9,5880.0,2.7,664.0,2.5
2005-02-23,6260.0,0.0,6.1,6070.0,0.0,650.0,0.0
2005-02-24,6350.0,9.3,2.3,6020.0,10.2,593.0,10.2
2005-02-25,6750.0,0.9,-0.0,6320.0,1.6,635.0,1.4
2005-02-26,7060.0,0.0,2.0,6550.0,0.0,624.0,0.0
2005-02-27,6950.0,0.0,1.8,6400.0,0.0,643.0,0.0
2005-02-28,6980.0,18.7,0.7,6400.0,18.5,650.0,19.0
2005-03-01,7500.0,1.3,0.7,6740.0,1.3,726.0,1.2
2005-03-02,8190.0,0.0,-0.7,7110.0,0.0,711.0,0.0
2005-03-03,8130.0,0.0,-1.8,7050.0,0.0,669.0,0.0
2005-03-04,7890.0,0.0,0.5,6840.0,0.0,654.0,0.0
2005-03-05,7770.0,5.6,1.2,6890.0,7.0,694.0,6.5
2005-03-06,8460.0,0.0,2.6,7780.0,0.0,850.0,0.0
2005-03-07,9250.0,0.0,10.4,8120.0,0.0,826.0,0.0
2005-03-08,10300.0,21.2,8.8,10900.0,21.2,1020.0,20.3
2005-03-09,15100.0,0.0,0.5,14500.0,0.0,1190.0,0.0
2005-03-10,16000.0,0.0,1.1,14700.0,0.0,1030.0,0.0
2005-03-11,15500.0,1.1,4.7,13500.0,0.2,921.0,0.0
2005-03-12,13500.0,0.8,5.5,11600.0,0.2,844.0,0.0
2005-03-13,12000.0,2.1,6.3,10400.0,2.3,758.0,1.6
2005-03-14,10900.0,2.4,4.9,9740.0,2.5,812.0,3.3
2005-03-15,10500.0,0.0,3.4,9720.0,0.0,799.0,0.0
2005-03-16,10200.0,1.3,3.8,8970.0,0.5,707.0,0.6
2005-03-17,9340.0,4.2,3.1,8210.0,2.5,678.0,2.5
2005-03-18,8710.0,0.0,5.2,7820.0,0.0,663.0,0.0
2005-03-19,8310.0,0.0,8.2,7540.0,0.0,637.0,0.0
2005-03-20,8060.0,7.2,10.2,7160.0,1.8,616.0,1.0
2005-03-21,7630.0,0.0,8.5,6840.0,0.0,599.0,0.0
2005-03-22,7300.0,0.0,7.1,6510.0,0.0,580.0,0.0
2005-03-23,7150.0,18.4,9.3,6740.0,19.1,838.0,18.1
2005-03-24,9510.0,0.3,7.8,9930.0,0.0,1190.0,0.0
2005-03-25,11600.0,2.1,7.3,10400.0,2.2,909.0,1.6
2005-03-26,11800.0,0.5,8.3,11500.0,0.6,839.0,0.4
2005-03-27,12500.0,0.9,8.3,11300.0,1.5,779.0,2.1
2005-03-28,13800.0,23.7,12.6,16000.0,18.6,3970.0,26.8
2005-03-29,34700.0,1.7,12.5,36200.0,1.9,4710.0,2.3
2005-03-30,41500.0,0.0,12.3,40000.0,0.0,2010.0,0.0
2005-03-31,34700.0,0.0,12.8,29600.0,1.1,1400.0,0.7
2005-04-01,26100.0,0.0,14.9,22800.0,0.7,1170.0,0.2
2005-04-02,22500.0,24.6,14.0,22900.0,23.6,3580.0,27.8
2005-04-03,31000.0,0.0,9.8,30700.0,0.5,3970.0,0.1
2005-04-04,32900.0,0.0,12.2,31500.0,0.0,1810.0,0.0
2005-04-05,27800.0,0.0,12.8,24500.0,0.0,1330.0,0.0
2005-04-06,21200.0,0.0,17.8,19000.0,0.0,1120.0,0.0
2005-04-07,17400.0,0.1,18.4,15900.0,1.0,991.0,2.3
2005-04-08,16300.0,18.9,16.5,14700.0,13.5,1030.0,13.1
2005-04-09,15600.0,0.0,13.8,14000.0,0.2,953.0,0.0
2005-04-10,14200.0,0.0,12.2,12500.0,0.0,839.0,0.0
2005-04-11,12800.0,0.0,14.1,11200.0,0.0,779.0,0.0
2005-04-12,11300.0,1.9,9.3,9830.0,2.2,746.0,3.1
2005-04-13,10100.0,7.1,8.4,9150.0,6.6,737.0,7.3
2005-04-14,9810.0,0.0,9.6,9060.0,0.0,717.0,0.0
2005-04-15,9390.0,0.0,9.4,8470.0,0.0,676.0,0.0
2005-04-16,8760.0,0.0,8.6,7760.0,0.0,636.0,0.0
2005-04-17,7870.0,0.0,10.3,7190.0,0.0,615.0,0.0
2005-04-18,7490.0,0.0,15.7,6840.0,0.0,620.0,0.0
2005-04-19,7100.0,0.0,18.2,6470.0,0.0,612.0,0.0
2005-04-20,6730.0,0.0,20.5,6230.0,0.0,613.0,0.0
2005-04-21,6570.0,0.5,19.2,6120.0,1.7,600.0,2.9
2005-04-22,7170.0,4.4,13.7,6540.0,2.7,719.0,2.4
2005-04-23,7560.0,11.4,17.5,7100.0,7.1,940.0,4.3
2005-04-24,8970.0,0.1,9.4,8930.0,0.1,856.0,0.0
2005-04-25,11100.0,0.0,10.5,12000.0,0.0,705.0,0.0
2005-04-26,12700.0,0.0,12.9,11000.0,0.0,651.0,0.0
2005-04-27,10800.0,0.3,15.6,9460.0,0.4,635.0,0.8
2005-04-28,9970.0,0.0,13.6,9350.0,0.0,614.0,0.0
2005-04-29,9570.0,3.0,13.7,8310.0,3.9,589.0,4.2
2005-04-30,8500.0,2.2,16.6,7350.0,6.7,657.0,9.3
2005-05-01,8180.0,16.4,15.9,7660.0,15.7,899.0,12.7
2005-05-02,8970.0,0.3,13.1,8410.0,0.1,778.0,0.7
2005-05-03,10100.0,0.0,11.3,10300.0,0.0,680.0,0.0
2005-05-04,10800.0,0.9,10.8,9520.0,0.0,639.0,0.3
2005-05-05,9760.0,0.0,11.3,8640.0,0.0,619.0,0.0
2005-05-06,8980.0,3.8,10.5,7970.0,0.0,594.0,0.0
2005-05-07,8340.0,1.1,12.7,7490.0,1.5,584.0,0.7
2005-05-08,7900.0,0.5,15.8,7150.0,0.3,577.0,0.1
2005-05-09,7340.0,0.0,16.7,6420.0,0.0,569.0,0.0
2005-05-10,6440.0,0.0,17.3,5940.0,0.0,531.0,0.0
2005-05-11,5980.0,0.0,19.7,5650.0,0.0,514.0,0.0
2005-05-12,5700.0,0.1,22.0,5330.0,0.3,497.0,0.8
2005-05-13,5400.0,0.2,16.8,5360.0,0.1,475.0,0.7
2005-05-14,5530.0,0.0,19.0,5370.0,0.0,468.0,0.2
2005-05-15,5350.0,4.3,21.4,5140.0,3.1,562.0,4.5
2005-05-16,5340.0,5.3,17.9,5120.0,2.6,536.0,0.7
2005-05-17,5090.0,0.0,16.7,4890.0,0.0,483.0,0.0
2005-05-18,4870.0,0.0,16.9,4710.0,0.1,452.0,0.0
2005-05-19,4660.0,0.7,17.7,4570.0,1.3,434.0,1.6
2005-05-20,5530.0,17.4,16.5,6840.0,34.3,1290.0,33.2
2005-05-21,10500.0,0.0,15.0,9500.0,0.0,981.0,0.0
2005-05-22,9000.0,0.0,17.3,7400.0,0.0,604.0,0.0
2005-05-23,7680.0,0.5,19.0,7220.0,0.9,519.0,0.8
2005-05-24,8270.0,13.8,14.8,7640.0,15.4,674.0,10.9
2005-05-25,9120.0,4.3,12.4,7390.0,2.7,865.0,1.9
2005-05-26,8280.0,0.0,17.1,6610.0,0.0,641.0,0.0
2005-05-27,6780.0,0.0,20.2,5910.0,0.0,527.0,0.0
2005-05-28,5660.0,0.0,19.7,5030.0,0.0,455.0,0.3
2005-05-29,5050.0,0.0,18.6,4780.0,0.0,385.0,0.0
2005-05-30,4750.0,0.0,20.1,4390.0,0.0,383.0,0.0
2005-05-31,4530.0,3.4,19.5,4300.0,3.0,374.0,3.0
2005-06-01,4400.0,0.0,18.9,4170.0,0.0,365.0,0.0
2005-06-02,4260.0,14.5,16.1,4160.0,8.9,362.0,9.2
2005-06-03,4270.0,5.6,16.6,4320.0,9.1,575.0,8.3
2005-06-04,4940.0,0.1,19.3,5550.0,0.0,650.0,0.0
2005-06-05,5520.0,0.1,23.3,5090.0,0.6,522.0,0.2
2005-06-06,4770.0,0.5,25.5,4420.0,0.0,445.0,0.0
2005-06-07,4190.0,0.0,25.7,4160.0,0.0,394.0,0.2
2005-06-08,3900.0,0.4,25.7,3920.0,2.0,364.0,1.0
2005-06-09,3650.0,6.7,24.6,3750.0,3.6,338.0,3.7
2005-06-10,3630.0,0.6,24.8,3920.0,5.5,550.0,3.0
2005-06-11,4110.0,0.0,25.4,4960.0,0.0,553.0,0.0
2005-06-12,4680.0,0.8,24.4,4430.0,0.0,399.0,0.0
2005-06-13,3970.0,0.0,26.2,3850.0,1.0,344.0,0.4
2005-06-14,3520.0,0.0,28.3,3680.0,0.0,334.0,0.2
2005-06-15,3380.0,0.0,28.5,3470.0,0.0,314.0,0.0
2005-06-16,3100.0,0.0,25.9,3140.0,0.0,286.0,0.0
2005-06-17,2760.0,0.0,22.5,2870.0,0.0,246.0,0.0
2005-06-18,2510.0,0.0,21.7,2710.0,0.0,233.0,0.0
2005-06-19,2400.0,0.8,21.8,2480.0,0.0,225.0,0.0
2005-06-20,2220.0,0.0,20.2,3090.0,0.0,224.0,0.0
2005-06-21,2930.0,0.0,20.7,2630.0,0.1,223.0,0.5
2005-06-22,2190.0,0.9,23.6,2220.0,0.5,228.0,0.5
2005-06-23,2040.0,0.3,23.9,2250.0,0.8,222.0,0.5
2005-06-24,2040.0,0.0,24.2,2390.0,0.0,214.0,0.0
2005-06-25,2080.0,0.0,25.4,2260.0,0.0,196.0,0.0
2005-06-26,2000.0,0.0,24.9,2130.0,0.0,171.0,0.0
2005-06-27,1910.0,0.0,26.3,2050.0,0.0,168.0,0.1
2005-06-28,1830.0,4.4,27.3,1940.0,2.9,165.0,1.0
2005-06-29,1770.0,6.9,25.0,1720.0,1.2,153.0,1.3
2005-06-30,1610.0,0.5,25.9,1890.0,2.0,189.0,4.4
2005-07-01,1750.0,0.0,28.3,2420.0,0.1,245.0,0.1
2005-07-02,2100.0,5.8,26.1,2160.0,8.5,208.0,7.1
2005-07-03,1840.0,0.0,24.8,1890.0,2.2,169.0,1.3
2005-07-04,1710.0,0.0,25.1,2210.0,0.0,154.0,0.0
2005-07-05,1960.0,1.7,26.5,2260.0,0.9,143.0,0.3
2005-07-06,1950.0,6.8,26.6,2190.0,0.5,203.0,0.0
2005-07-07,1900.0,0.9,26.1,2160.0,0.8,171.0,1.6
2005-07-08,2930.0,16.4,23.8,4200.0,26.7,1090.0,25.6
2005-07-09,7300.0,0.0,25.5,8910.0,0.0,962.0,0.0
2005-07-10,6810.0,0.0,26.6,5080.0,0.0,419.0,0.0
2005-07-11,4460.0,0.0,27.0,4850.0,0.0,293.0,0.0
2005-07-12,4250.0,6.9,27.8,3990.0,0.3,231.0,0.2
2005-07-13,3210.0,32.3,25.7,2830.0,12.5,217.0,7.4
2005-07-14,2760.0,1.0,25.5,2900.0,1.4,449.0,4.4
2005-07-15,4190.0,9.4,25.5,5690.0,17.1,371.0,10.6
2005-07-16,4770.0,6.6,26.6,4450.0,5.6,383.0,4.4
2005-07-17,4300.0,3.7,27.2,4710.0,0.1,362.0,0.0
2005-07-18,4360.0,0.2,28.4,4620.0,0.2,340.0,0.0
2005-07-19,4160.0,1.0,29.1,4650.0,0.2,371.0,0.0
2005-07-20,4180.0,0.3,28.3,4480.0,0.0,505.0,0.0
2005-07-21,3960.0,0.0,28.8,4060.0,0.0,345.0,0.0
2005-07-22,3690.0,0.3,28.8,3540.0,1.1,360.0,1.3
2005-07-23,3040.0,0.3,27.5,2980.0,0.0,286.0,0.0
2005-07-24,2620.0,0.0,25.7,2790.0,0.0,219.0,0.0
2005-07-25,2350.0,0.0,28.4,2390.0,0.0,180.0,0.0
2005-07-26,2010.0,0.0,31.2,2160.0,0.0,166.0,0.0
2005-07-27,1880.0,0.0,32.2,2190.0,0.0,152.0,0.0
2005-07-28,1840.0,0.2,28.6,1920.0,0.5,154.0,1.1
2005-07-29,1660.0,39.7,24.3,1780.0,27.0,143.0,23.3
2005-07-30,1610.0,27.7,23.1,1820.0,10.6,164.0,6.9
2005-07-31,1670.0,1.9,23.4,2060.0,1.2,181.0,1.2
2005-08-01,2010.0,0.0,24.2,2960.0,0.0,165.0,0.0
2005-08-02,2420.0,0.0,26.0,2340.0,0.0,152.0,0.0
2005-08-03,1970.0,0.1,27.6,2140.0,0.0,136.0,0.0
2005-08-04,1830.0,0.0,28.2,1930.0,0.0,123.0,0.0
2005-08-05,1670.0,0.0,28.4,1760.0,0.0,111.0,0.0
2005-08-06,1540.0,4.8,27.3,1910.0,14.6,106.0,10.0
2005-08-07,1770.0,0.0,25.6,2220.0,1.6,390.0,2.0
2005-08-08,1990.0,0.3,25.4,2210.0,0.0,238.0,0.0
2005-08-09,1930.0,18.5,23.7,2160.0,16.9,171.0,17.6
2005-08-10,2000.0,0.0,24.3,2320.0,0.2,161.0,0.0
2005-08-11,2060.0,0.1,26.9,2210.0,0.0,150.0,0.0
2005-08-12,2050.0,0.0,28.4,2160.0,0.0,133.0,0.0
2005-08-13,2190.0,0.0,29.0,2380.0,0.0,118.0,0.0
2005-08-14,2250.0,0.0,29.4,1950.0,0.0,109.0,0.0
2005-08-15,1910.0,2.7,29.1,1720.0,0.2,169.0,0.0
2005-08-16,1970.0,8.1,27.2,2170.0,11.9,441.0,6.8
2005-08-17,2360.0,19.6,24.9,2540.0,14.2,404.0,7.1
2005-08-18,2530.0,0.8,24.3,2520.0,0.4,283.0,1.0
2005-08-19,2540.0,10.1,23.5,2560.0,6.4,202.0,3.0
2005-08-20,2540.0,0.0,26.5,2410.0,0.1,188.0,0.0
2005-08-21,2400.0,0.3,28.6,2280.0,0.0,164.0,0.0
2005-08-22,2240.0,0.0,27.2,2040.0,0.0,146.0,0.0
2005-08-23,1970.0,2.8,24.0,1790.0,0.4,128.0,0.3
2005-08-24,1780.0,0.0,23.9,1680.0,0.0,105.0,0.0
2005-08-25,1680.0,0.0,22.8,1610.0,0.0,102.0,0.0
2005-08-26,1610.0,0.3,21.5,1580.0,0.3,95.0,0.2
2005-08-27,1590.0,0.9,22.5,1590.0,2.4,92.6,1.7
2005-08-28,1630.0,0.2,25.0,1460.0,0.0,126.0,0.0
2005-08-29,1530.0,0.0,25.2,1750.0,0.0,140.0,0.0
2005-08-30,1710.0,0.0,26.3,1840.0,0.0,124.0,0.0
2005-08-31,1770.0,0.0,28.4,1980.0,0.0,132.0,0.2
2005-09-01,1880.0,0.0,25.7,2370.0,0.0,303.0,0.0
2005-09-02,2210.0,0.0,25.7,2350.0,0.0,172.0,0.0
2005-09-03,2090.0,0.0,25.0,2310.0,0.0,127.0,0.0
2005-09-04,2130.0,0.0,23.1,2060.0,0.0,110.0,0.0
2005-09-05,1970.0,0.0,22.8,1920.0,0.0,95.3,0.0
2005-09-06,1800.0,0.0,21.8,1700.0,0.0,86.7,0.0
2005-09-07,1610.0,0.0,21.2,1590.0,0.0,86.1,0.0
2005-09-08,1540.0,0.0,22.1,1490.0,0.0,77.8,0.0
2005-09-09,1450.0,0.0,23.2,1410.0,0.0,72.7,0.0
2005-09-10,1330.0,0.0,23.8,1390.0,0.0,66.1,0.0
2005-09-11,1330.0,0.0,22.2,1320.0,0.0,63.9,0.0
2005-09-12,1330.0,0.0,21.8,1300.0,0.0,63.9,0.0
2005-09-13,1310.0,0.0,22.6,1320.0,0.0,61.0,0.0
2005-09-14,1340.0,0.0,25.2,1310.0,0.2,59.6,0.0
2005-09-15,1330.0,0.5,26.3,1240.0,0.2,56.9,0.3
2005-09-16,1290.0,0.0,26.1,1210.0,0.0,55.0,0.8
2005-09-17,1230.0,3.4,26.2,1250.0,0.7,62.3,0.0
2005-09-18,1250.0,0.0,25.4,1240.0,0.0,80.7,0.0
2005-09-19,1210.0,0.0,25.3,1240.0,0.0,76.1,0.0
2005-09-20,1250.0,0.0,26.4,1210.0,0.0,66.7,0.0
2005-09-21,1240.0,0.0,25.6,1210.0,0.0,57.8,0.0
2005-09-22,1240.0,0.0,24.4,1160.0,0.0,57.3,0.0
2005-09-23,1200.0,0.0,26.7,1040.0,0.0,51.1,0.0
2005-09-24,1090.0,1.8,24.7,1040.0,0.3,50.2,0.2
2005-09-25,1130.0,0.0,23.0,1120.0,0.1,63.7,0.2
2005-09-26,1150.0,1.1,23.7,1040.0,2.0,68.3,3.6
2005-09-27,1150.0,1.3,22.7,833.0,3.0,69.0,1.6
2005-09-28,1020.0,0.0,20.8,875.0,0.0,71.5,0.0
2005-09-29,971.0,0.0,21.4,1270.0,0.2,67.9,0.1
2005-09-30,1290.0,0.0,18.1,964.0,0.0,62.2,0.0
2005-10-01,1160.0,0.0,19.2,969.0,0.0,56.3,0.0
2005-10-02,1080.0,0.0,20.2,817.0,0.0,47.3,0.0
2005-10-03,1040.0,0.0,19.2,913.0,0.0,44.3,0.0
2005-10-04,1020.0,0.2,20.4,829.0,0.0,45.5,0.0
2005-10-05,994.0,0.0,22.0,782.0,0.1,48.0,0.2
2005-10-06,1020.0,0.9,23.3,840.0,1.2,52.5,1.0
2005-10-07,1210.0,35.1,22.1,960.0,39.2,163.0,48.7
2005-10-08,2120.0,74.0,21.6,9300.0,71.8,5770.0,48.1
2005-10-09,28600.0,0.5,16.7,33900.0,0.1,5790.0,0.2
2005-10-10,21800.0,4.5,17.2,14000.0,0.5,1250.0,0.3
2005-10-11,11000.0,8.4,16.6,8190.0,17.5,955.0,16.9
2005-10-12,9360.0,0.1,17.4,8550.0,0.3,872.0,0.3
2005-10-13,8600.0,0.0,15.9,6670.0,0.0,665.0,0.0
2005-10-14,6570.0,0.0,17.7,4850.0,0.0,528.0,0.0
2005-10-15,5250.0,0.0,19.0,3740.0,0.0,411.0,0.0
2005-10-16,4080.0,0.0,16.0,2770.0,0.0,389.0,0.0
2005-10-17,3330.0,0.0,13.8,2270.0,0.0,340.0,0.0
2005-10-18,2930.0,0.0,16.1,1980.0,0.0,303.0,0.0
2005-10-19,2510.0,0.0,18.1,1820.0,0.0,285.0,0.0
2005-10-20,2290.0,0.0,19.0,1570.0,0.0,271.0,0.0
2005-10-21,2590.0,5.8,14.0,4940.0,6.6,272.0,4.2
2005-10-22,6090.0,11.3,14.7,3490.0,6.8,332.0,4.7
2005-10-23,4430.0,0.0,13.0,2900.0,0.0,392.0,0.0
2005-10-24,3400.0,7.1,12.0,2110.0,4.3,327.0,4.0
2005-10-25,3130.0,21.1,7.8,2170.0,20.4,437.0,18.6
2005-10-26,3470.0,0.0,9.0,2410.0,0.1,533.0,0.1
2005-10-27,3300.0,0.0,8.8,2090.0,0.0,459.0,0.0
2005-10-28,2770.0,0.0,8.6,1910.0,0.2,398.0,0.1
2005-10-29,2470.0,0.0,7.0,1670.0,0.0,362.0,0.0
2005-10-30,2240.0,0.0,9.3,1620.0,0.0,338.0,0.0
2005-10-31,2100.0,0.0,12.0,1530.0,0.0,314.0,0.0
2005-11-01,2040.0,0.0,13.3,1470.0,0.0,298.0,0.0
2005-11-02,1910.0,0.0,13.7,1420.0,0.0,288.0,0.0
2005-11-03,1870.0,0.0,11.7,1380.0,0.0,273.0,0.0
2005-11-04,1800.0,0.0,14.2,1380.0,0.0,259.0,0.0
2005-11-05,1810.0,0.0,16.6,1380.0,0.0,255.0,0.0
2005-11-06,1820.0,0.0,17.6,1410.0,0.2,255.0,0.3
2005-11-07,1820.0,0.0,16.8,1280.0,0.0,249.0,0.0
2005-11-08,1660.0,0.0,14.7,1280.0,0.0,244.0,0.0
2005-11-09,1710.0,1.1,16.7,1380.0,0.0,312.0,0.0
2005-11-10,1780.0,1.1,16.9,1390.0,0.3,323.0,0.0
2005-11-11,1840.0,0.0,8.5,1500.0,0.0,296.0,0.0
2005-11-12,1910.0,0.0,9.8,1410.0,0.0,262.0,0.0
2005-11-13,1840.0,0.0,11.9,1510.0,0.0,248.0,0.0
2005-11-14,1960.0,0.0,16.1,1390.0,0.0,242.0,0.0
2005-11-15,1880.0,0.1,17.3,1440.0,0.4,247.0,0.0
2005-11-16,1920.0,0.8,20.3,1360.0,1.4,250.0,0.8
2005-11-17,1900.0,6.5,8.7,1490.0,5.0,336.0,4.9
2005-11-18,2040.0,0.0,2.8,1610.0,0.0,353.0,0.0
2005-11-19,2120.0,0.0,3.0,1640.0,0.0,294.0,0.0
2005-11-20,2200.0,0.0,7.2,1660.0,0.0,270.0,0.0
2005-11-21,2340.0,19.6,8.7,1590.0,12.8,283.0,11.1
2005-11-22,2730.0,17.2,7.7,2460.0,18.1,630.0,18.0
2005-11-23,4370.0,0.0,3.8,4170.0,0.0,828.0,0.0
2005-11-24,5530.0,0.6,8.1,4960.0,0.7,634.0,0.7
2005-11-25,5990.0,0.0,1.5,4700.0,0.0,541.0,0.0
2005-11-26,5050.0,0.0,0.5,3640.0,0.0,456.0,0.0
2005-11-27,4120.0,1.5,4.2,2970.0,1.1,419.0,2.0
2005-11-28,3590.0,2.5,13.3,2550.0,6.0,483.0,9.7
2005-11-29,3680.0,7.9,17.7,3370.0,13.5,1680.0,17.7
2005-11-30,18100.0,13.8,13.1,41200.0,9.5,11400.0,8.2
2005-12-01,57400.0,0.0,5.6,51700.0,0.2,3320.0,0.0
2005-12-02,34200.0,0.4,4.0,25000.0,0.0,1640.0,0.0
2005-12-03,18300.0,0.0,1.6,14900.0,0.0,1100.0,0.0
2005-12-04,12800.0,2.3,9.2,10400.0,2.8,927.0,3.7
2005-12-05,10100.0,23.6,3.1,8280.0,14.6,806.0,13.5
2005-12-06,8800.0,12.5,0.3,7250.0,8.5,744.0,7.3
2005-12-07,8110.0,0.0,-2.9,6720.0,0.0,667.0,0.0
2005-12-08,7430.0,0.0,-3.8,5980.0,0.0,587.0,0.0
2005-12-09,7130.0,17.6,0.2,5680.0,16.7,655.0,14.9
2005-12-10,7860.0,0.0,-0.5,7080.0,0.0,811.0,0.0
2005-12-11,8420.0,0.0,1.7,6500.0,0.0,690.0,0.0
2005-12-12,7350.0,0.0,2.2,5760.0,0.1,657.0,0.2
2005-12-13,6750.0,0.4,-0.9,5180.0,0.0,629.0,0.0
2005-12-14,6110.0,0.0,-4.4,4830.0,0.0,573.0,0.0
2005-12-15,5840.0,13.7,-1.0,4420.0,18.5,559.0,21.3
2005-12-16,9340.0,12.4,4.7,10500.0,8.7,1930.0,5.7
2005-12-17,15200.0,0.0,2.5,13100.0,0.0,1530.0,0.0
2005-12-18,12500.0,0.0,3.0,10100.0,0.0,1040.0,0.0
2005-12-19,10200.0,0.0,1.7,8200.0,0.0,884.0,0.0
2005-12-20,8370.0,0.0,-0.9,6700.0,0.0,775.0,0.0
2005-12-21,7220.0,0.0,-1.2,5870.0,0.0,693.0,0.0
2005-12-22,6400.0,0.0,-0.3,5290.0,0.0,633.0,0.0
2005-12-23,5790.0,0.0,2.3,4670.0,0.0,596.0,0.0
2005-12-24,5370.0,0.0,5.2,4520.0,0.0,570.0,0.0
2005-12-25,5360.0,12.1,6.5,4290.0,9.0,597.0,8.6
2005-12-26,5730.0,0.0,8.1,5270.0,0.1,860.0,0.3
2005-12-27,6680.0,0.0,4.5,5860.0,0.0,782.0,0.0
2005-12-28,6450.0,0.0,5.7,5650.0,0.0,717.0,0.0
2005-12-29,6970.0,9.8,9.2,7110.0,9.0,711.0,5.2
2005-12-30,8300.0,0.0,6.2,7450.0,0.0,691.0,0.0
2005-12-31,7860.0,1.7,5.6,7090.0,0.1,644.0,0.4
2006-01-01,8220.0,0.0,6.1,8170.0,0.0,608.0,0.0
2006-01-02,8730.0,9.1,4.7,7790.0,9.3,592.0,8.2
2006-01-03,10100.0,8.2,6.4,9700.0,6.2,766.0,4.9
2006-01-04,11200.0,0.0,5.0,9400.0,0.0,708.0,0.0
2006-01-05,9540.0,0.0,7.8,7930.0,0.0,648.0,0.0
2006-01-06,8440.0,1.0,5.8,7480.0,0.0,614.0,0.0
2006-01-07,7750.0,0.0,0.5,6740.0,0.0,574.0,0.0
2006-01-08,7060.0,0.0,3.2,6130.0,0.0,543.0,0.0
2006-01-09,6440.0,0.0,11.1,5360.0,0.0,516.0,0.0
2006-01-10,5880.0,0.0,9.3,5100.0,0.0,510.0,0.0
2006-01-11,5650.0,3.6,10.0,4780.0,8.3,498.0,9.1
2006-01-12,5390.0,1.8,11.7,4770.0,0.4,624.0,0.1
2006-01-13,5600.0,0.0,12.9,5200.0,0.0,595.0,0.0
2006-01-14,5800.0,7.6,11.8,5210.0,6.3,786.0,6.5
2006-01-15,7510.0,0.0,2.6,12700.0,0.0,976.0,0.0
2006-01-16,18700.0,0.0,2.6,18800.0,0.0,831.0,0.0
2006-01-17,16100.0,0.2,5.3,14000.0,0.2,750.0,0.5
2006-01-18,12700.0,14.7,11.6,11500.0,14.7,949.0,14.5
2006-01-19,12500.0,0.0,5.7,13400.0,0.0,1510.0,0.0
2006-01-20,17300.0,0.0,9.1,20100.0,0.0,1130.0,0.0
2006-01-21,19000.0,3.8,10.5,16900.0,3.3,976.0,3.9
2006-01-22,15600.0,0.2,6.0,14200.0,0.0,868.0,0.0
2006-01-23,14600.0,10.9,5.7,13700.0,9.1,1010.0,8.6
2006-01-24,16200.0,0.0,7.7,14300.0,0.0,1060.0,0.0
2006-01-25,13600.0,0.0,6.7,11900.0,0.0,919.0,0.0
2006-01-26,11500.0,0.0,2.4,10100.0,0.0,813.0,0.0
2006-01-27,9720.0,0.0,0.9,8590.0,0.0,732.0,0.0
2006-01-28,8470.0,0.0,5.1,7870.0,0.0,703.0,0.0
2006-01-29,7860.0,1.3,9.0,7130.0,2.2,690.0,2.5
2006-01-30,7170.0,0.0,13.1,6550.0,0.0,697.0,0.0
2006-01-31,6830.0,10.4,8.8,6250.0,8.5,678.0,7.2
2006-02-01,6370.0,0.0,4.3,6140.0,0.0,650.0,0.0
2006-02-02,6390.0,0.0,6.3,6090.0,0.0,618.0,0.0
2006-02-03,6410.0,11.4,13.2,6260.0,6.7,803.0,8.4
2006-02-04,7690.0,9.2,11.1,7710.0,10.0,907.0,10.0
2006-02-05,9990.0,0.6,6.3,8790.0,2.5,1190.0,1.1
2006-02-06,10500.0,0.0,3.5,10200.0,0.0,1050.0,0.0
2006-02-07,10500.0,0.0,2.7,10000.0,0.0,934.0,0.0
2006-02-08,10200.0,0.0,0.8,9540.0,0.0,865.0,0.0
2006-02-09,9350.0,0.0,0.4,8530.0,0.0,818.0,0.0
2006-02-10,8410.0,0.0,0.3,7750.0,0.0,777.0,0.0
2006-02-11,7650.0,8.9,1.6,6990.0,9.1,756.0,9.6
2006-02-12,7490.0,13.9,0.9,7010.0,13.6,832.0,11.3
2006-02-13,7840.0,0.0,-2.3,7190.0,0.0,819.0,0.0
2006-02-14,7410.0,0.0,-0.7,6540.0,0.0,748.0,0.0
2006-02-15,6840.0,0.0,5.8,6330.0,0.0,736.0,0.0
2006-02-16,6580.0,0.0,10.4,5990.0,0.0,718.0,0.0
2006-02-17,6220.0,0.4,13.3,5780.0,0.3,732.0,0.2
2006-02-18,6160.0,2.2,4.7,5700.0,2.4,712.0,2.3
2006-02-19,5830.0,0.0,-2.7,5430.0,0.0,681.0,0.0
2006-02-20,5690.0,1.4,0.2,5530.0,1.2,647.0,1.0
2006-02-21,5740.0,0.0,3.4,5380.0,0.0,645.0,0.0
2006-02-22,5600.0,2.8,2.8,5300.0,3.9,639.0,4.3
2006-02-23,5590.0,0.8,5.9,5210.0,0.2,667.0,0.1
2006-02-24,5490.0,0.0,5.3,5080.0,0.0,625.0,0.0
2006-02-25,5290.0,0.0,5.1,4960.0,0.0,575.0,0.0
2006-02-26,5190.0,0.0,3.4,5050.0,0.0,551.0,0.0
2006-02-27,5210.0,0.0,-0.2,4870.0,0.0,526.0,0.0
2006-02-28,4880.0,0.0,3.4,4350.0,0.0,492.0,0.0
2006-03-01,4530.0,0.0,4.8,4040.0,0.0,510.0,0.0
2006-03-02,4310.0,0.0,10.0,4170.0,0.0,497.0,0.1
2006-03-03,4450.0,0.0,7.2,3910.0,0.0,494.0,0.0
2006-03-04,4030.0,0.0,3.8,3930.0,0.0,466.0,0.0
2006-03-05,4190.0,0.0,4.8,3850.0,0.0,450.0,0.0
2006-03-06,3890.0,1.4,4.2,3600.0,1.5,444.0,1.6
2006-03-07,3740.0,0.0,3.7,3550.0,0.0,450.0,0.0
2006-03-08,3720.0,0.0,4.5,3520.0,0.0,442.0,0.0
2006-03-09,3670.0,0.0,11.7,3420.0,0.0,430.0,0.0
2006-03-10,3610.0,0.0,18.0,3440.0,0.0,426.0,0.0
2006-03-11,3550.0,0.0,15.5,3350.0,0.0,418.0,0.0
2006-03-12,3550.0,0.0,17.6,3180.0,0.0,404.0,0.0
2006-03-13,3370.0,0.0,21.0,3090.0,0.0,411.0,0.0
2006-03-14,3300.0,0.6,18.3,3140.0,0.9,410.0,0.6
2006-03-15,3260.0,0.0,9.2,2890.0,0.0,380.0,0.0
2006-03-16,3090.0,0.0,8.6,2850.0,0.0,350.0,0.0
2006-03-17,3010.0,0.2,8.6,2790.0,0.2,340.0,0.5
2006-03-18,2920.0,0.0,6.3,2710.0,0.0,338.0,0.0
2006-03-19,2890.0,0.0,5.2,2990.0,0.0,331.0,0.0
2006-03-20,3160.0,0.0,6.4,3130.0,0.0,326.0,0.0
2006-03-21,3310.0,5.0,4.3,3160.0,3.9,327.0,3.7
2006-03-22,3280.0,0.4,3.7,3160.0,0.5,332.0,0.5
2006-03-23,3290.0,0.0,4.8,3110.0,0.0,325.0,0.0
2006-03-24,3200.0,0.0,6.4,2960.0,0.0,311.0,0.0
2006-03-25,3100.0,1.3,6.1,2760.0,1.4,311.0,2.5
2006-03-26,2930.0,0.1,5.8,2870.0,0.0,318.0,0.0
2006-03-27,3110.0,0.0,7.4,3130.0,0.0,312.0,0.0
2006-03-28,3220.0,0.2,10.2,3000.0,0.0,297.0,0.1
2006-03-29,3160.0,1.4,10.8,3020.0,0.7,298.0,1.2
2006-03-30,3110.0,0.0,12.1,3080.0,0.0,293.0,0.0
2006-03-31,3210.0,0.0,15.5,2920.0,0.0,288.0,0.0
2006-04-01,3070.0,1.6,19.9,2850.0,2.6,285.0,2.2
2006-04-02,3030.0,0.0,16.0,2920.0,0.0,290.0,0.0
2006-04-03,3140.0,8.2,16.4,3080.0,7.2,286.0,5.6
2006-04-04,3280.0,0.8,12.8,3110.0,0.0,317.0,0.0
2006-04-05,3330.0,0.0,11.4,3230.0,0.0,299.0,0.0
2006-04-06,3300.0,0.0,11.6,3090.0,0.0,267.0,0.0
2006-04-07,3240.0,0.0,18.1,3120.0,0.5,266.0,0.6
2006-04-08,3350.0,6.8,16.7,3510.0,10.9,335.0,14.1
2006-04-09,3770.0,1.1,7.8,3680.0,0.1,397.0,0.0
2006-04-10,3710.0,0.0,10.3,3550.0,0.0,339.0,0.0
2006-04-11,4240.0,0.0,13.8,5700.0,0.0,299.0,0.0
2006-04-12,5940.0,0.0,15.9,5900.0,0.0,282.0,0.0
2006-04-13,5760.0,0.0,19.7,5300.0,0.0,270.0,0.0
2006-04-14,5180.0,0.3,18.2,5020.0,1.1,276.0,1.7
2006-04-15,5060.0,0.3,21.8,4560.0,2.3,363.0,0.9
2006-04-16,4550.0,0.4,19.4,4400.0,0.3,355.0,0.5
2006-04-17,4640.0,13.0,12.9,4760.0,15.0,323.0,12.8
2006-04-18,5410.0,0.0,12.1,6260.0,0.0,335.0,0.0
2006-04-19,6410.0,0.0,15.6,6420.0,0.0,304.0,0.0
2006-04-20,6800.0,0.0,18.1,7470.0,0.0,286.0,0.0
2006-04-21,7240.0,4.5,19.0,6660.0,5.5,272.0,5.2
2006-04-22,6450.0,16.9,17.4,6080.0,16.9,330.0,14.5
2006-04-23,6990.0,1.5,18.2,7390.0,3.7,933.0,2.9
2006-04-24,9950.0,0.0,19.9,10600.0,0.0,712.0,0.0
2006-04-25,10300.0,0.0,18.8,9780.0,0.0,535.0,0.1
2006-04-26,9230.0,13.1,14.3,8160.0,10.8,501.0,11.3
2006-04-27,8000.0,0.0,13.8,7320.0,0.0,470.0,0.0
2006-04-28,7130.0,0.0,14.0,6640.0,0.0,358.0,0.0
2006-04-29,6490.0,0.0,12.7,5550.0,0.0,354.0,0.0
2006-04-30,5560.0,0.0,12.1,4950.0,0.0,311.0,0.0
2006-05-01,5000.0,0.0,12.9,4440.0,0.0,274.0,0.0
2006-05-02,4500.0,0.0,15.5,3920.0,0.0,281.0,0.0
2006-05-03,4220.0,1.5,18.1,3700.0,0.0,292.0,0.0
2006-05-04,3860.0,0.0,20.0,3310.0,0.0,264.0,0.0
2006-05-05,3650.0,0.7,21.1,3190.0,0.1,270.0,0.2
2006-05-06,3610.0,3.0,20.4,3160.0,1.9,312.0,1.3
2006-05-07,3510.0,3.7,15.4,3100.0,5.9,316.0,6.4
2006-05-08,4180.0,16.5,10.5,3230.0,9.9,336.0,7.8
2006-05-09,4870.0,0.0,13.7,3660.0,0.3,336.0,0.7
2006-05-10,4660.0,0.0,16.6,3340.0,0.0,272.0,0.0
2006-05-11,3980.0,7.9,19.1,3070.0,13.2,270.0,13.9
2006-05-12,3720.0,12.3,16.1,3140.0,2.9,354.0,0.9
2006-05-13,3710.0,0.0,16.7,2980.0,0.3,309.0,0.1
2006-05-14,3480.0,5.8,16.6,2720.0,5.2,283.0,4.4
2006-05-15,3750.0,3.5,16.5,3020.0,4.4,600.0,5.7
2006-05-16,5140.0,2.5,15.0,3650.0,1.9,549.0,1.3
2006-05-17,4490.0,0.0,16.2,3720.0,0.0,403.0,0.0
2006-05-18,3640.0,0.0,17.8,3180.0,0.0,339.0,0.0
2006-05-19,3190.0,0.0,16.4,2830.0,0.0,280.0,0.0
2006-05-20,2960.0,0.9,17.8,2610.0,0.2,269.0,0.2
2006-05-21,2680.0,0.0,18.9,2290.0,0.0,263.0,0.0
2006-05-22,2610.0,0.0,17.6,2230.0,0.0,229.0,0.0
2006-05-23,2400.0,0.0,15.5,2130.0,0.0,211.0,0.0
2006-05-24,2290.0,0.0,17.1,1840.0,0.0,199.0,0.0
2006-05-25,2040.0,1.9,19.8,1660.0,2.3,185.0,2.1
2006-05-26,2070.0,1.0,25.3,1790.0,0.5,195.0,0.9
2006-05-27,1940.0,0.0,23.7,1890.0,0.0,230.0,0.0
2006-05-28,2030.0,0.0,24.7,1780.0,0.0,205.0,0.0
2006-05-29,1910.0,0.0,24.7,1770.0,0.0,177.0,0.0
2006-05-30,1820.0,1.8,26.1,1770.0,1.3,166.0,0.5
2006-05-31,1750.0,3.4,25.9,2090.0,1.5,190.0,1.4
2006-06-01,1530.0,2.8,25.6,2260.0,3.4,129.0,2.9
2006-06-02,1780.0,4.3,25.1,2160.0,4.9,124.0,4.5
2006-06-03,1600.0,5.6,22.1,2080.0,2.1,270.0,1.2
2006-06-04,1980.0,0.0,21.0,1970.0,0.0,196.0,0.1
2006-06-05,2000.0,4.5,18.8,1900.0,1.6,170.0,0.7
2006-06-06,1890.0,1.5,19.6,1970.0,0.4,156.0,0.1
2006-06-07,1510.0,0.0,21.3,1800.0,0.0,138.0,0.0
2006-06-08,1580.0,2.2,22.5,1450.0,3.3,129.0,1.8
2006-06-09,1450.0,0.1,22.4,1360.0,0.3,120.0,0.7
2006-06-10,1370.0,0.0,21.6,1330.0,0.0,119.0,0.0
2006-06-11,1360.0,1.6,20.3,1330.0,1.2,111.0,1.3
2006-06-12,1480.0,40.1,18.0,1290.0,19.8,125.0,20.9
2006-06-13,1650.0,0.0,19.2,1440.0,0.0,182.0,0.0
2006-06-14,2950.0,32.6,18.7,3150.0,14.5,171.0,10.8
2006-06-15,3170.0,0.0,20.7,2310.0,0.0,175.0,0.0
2006-06-16,2410.0,0.0,21.9,2040.0,0.0,145.0,0.0
2006-06-17,2000.0,0.0,22.9,1820.0,0.0,122.0,0.0
2006-06-18,1720.0,0.0,24.8,1600.0,0.0,108.0,0.0
2006-06-19,1390.0,0.0,25.2,1390.0,0.0,95.6,0.0
2006-06-20,1380.0,0.0,26.2,1380.0,0.0,87.9,0.0
2006-06-21,1660.0,0.0,26.2,1320.0,0.0,83.1,0.0
2006-06-22,1180.0,0.7,27.3,1190.0,1.1,76.4,1.0
2006-06-23,1130.0,14.1,26.8,1170.0,7.9,74.7,12.3
2006-06-24,1540.0,7.6,24.9,3890.0,30.6,228.0,28.6
2006-06-25,5170.0,8.2,24.3,5850.0,18.8,485.0,19.1
2006-06-26,5720.0,26.6,22.8,5720.0,21.2,661.0,23.3
2006-06-27,9090.0,15.2,22.7,25600.0,21.4,855.0,28.6
2006-06-28,55400.0,8.2,24.6,71600.0,5.6,5420.0,4.3
2006-06-29,73400.0,0.2,25.3,70000.0,0.0,1330.0,0.2
2006-06-30,50400.0,0.0,23.5,29700.0,0.0,744.0,0.0
2006-07-01,20200.0,0.0,24.0,16700.0,0.0,524.0,0.0
2006-07-02,14500.0,0.0,25.9,11800.0,0.0,405.0,0.0
2006-07-03,9700.0,0.9,27.7,8500.0,0.2,296.0,0.3
2006-07-04,6880.0,1.2,28.4,6700.0,0.3,276.0,0.1
2006-07-05,5800.0,11.3,26.6,6000.0,7.9,220.0,4.6
2006-07-06,6030.0,25.5,22.0,6200.0,16.1,452.0,14.1
2006-07-07,4800.0,0.0,21.3,5200.0,0.0,385.0,0.0
2006-07-08,4590.0,0.0,21.2,4700.0,0.0,231.0,0.0
2006-07-09,3920.0,0.0,22.6,4000.0,0.0,213.0,0.0
2006-07-10,3380.0,0.0,23.9,3500.0,0.0,197.0,0.0
2006-07-11,3000.0,0.0,26.1,3100.0,0.0,203.0,0.0
2006-07-12,2830.0,0.3,27.5,2790.0,0.6,178.0,2.0
2006-07-13,2550.0,0.7,27.3,2600.0,0.2,177.0,0.6
2006-07-14,2400.0,34.1,25.1,2790.0,11.4,226.0,6.3
2006-07-15,2620.0,3.3,26.6,3230.0,3.0,257.0,2.0
2006-07-16,2860.0,0.0,27.1,3180.0,0.0,238.0,0.0
2006-07-17,2620.0,0.0,27.8,2710.0,0.0,195.0,0.0
2006-07-18,2360.0,0.7,28.8,2890.0,1.2,157.0,0.4
2006-07-19,2540.0,7.5,26.6,2800.0,5.1,134.0,3.5
2006-07-20,2290.0,0.0,25.7,2900.0,9.3,133.0,8.4
2006-07-21,2300.0,1.4,27.2,3210.0,4.9,127.0,5.5
2006-07-22,2390.0,10.3,26.2,2770.0,5.9,124.0,6.4
2006-07-23,2360.0,20.9,23.4,3110.0,4.9,157.0,1.6
2006-07-24,3140.0,0.0,23.9,4740.0,0.0,139.0,0.0
2006-07-25,4530.0,0.3,24.1,4080.0,5.5,121.0,3.2
2006-07-26,3280.0,0.3,25.0,3040.0,0.3,121.0,0.0
2006-07-27,2650.0,0.3,27.1,2340.0,0.0,137.0,0.0
2006-07-28,2240.0,0.0,28.3,2100.0,0.0,115.0,0.0
2006-07-29,2050.0,0.6,28.1,1880.0,0.4,111.0,0.7
2006-07-30,1830.0,1.4,28.0,1790.0,0.4,90.9,1.8
2006-07-31,1690.0,0.8,28.4,1660.0,0.0,86.5,0.2
2006-08-01,1550.0,0.0,29.9,1540.0,0.0,160.0,0.0
2006-08-02,1440.0,0.0,31.1,1570.0,0.0,145.0,0.0
2006-08-03,1400.0,0.4,31.4,1510.0,0.0,114.0,0.0
2006-08-04,1350.0,3.0,30.7,1460.0,1.6,88.2,3.0
2006-08-05,1310.0,1.3,28.1,1350.0,0.7,74.0,0.4
2006-08-06,1230.0,0.0,26.8,1240.0,0.0,61.3,0.0
2006-08-07,1150.0,0.7,27.8,1120.0,1.5,53.9,1.9
2006-08-08,1080.0,5.8,27.3,1160.0,2.7,50.6,2.4
2006-08-09,1070.0,0.0,25.7,1110.0,0.0,61.5,0.0
2006-08-10,1090.0,6.1,23.7,1220.0,2.2,79.6,2.9
2006-08-11,1180.0,0.6,22.8,1320.0,0.3,78.0,0.1
2006-08-12,1210.0,0.0,23.3,1360.0,0.0,73.9,0.0
2006-08-13,1200.0,0.0,22.8,1240.0,0.0,60.5,0.0
2006-08-14,1110.0,0.0,24.5,1250.0,0.0,52.6,0.0
2006-08-15,1080.0,1.3,27.1,1200.0,0.9,48.7,0.3
2006-08-16,1060.0,5.1,26.1,1350.0,0.9,51.5,0.5
2006-08-17,1120.0,0.0,24.7,1180.0,0.0,60.8,0.0
2006-08-18,1030.0,1.1,23.8,1120.0,0.6,50.9,0.3
2006-08-19,990.0,0.5,25.2,1190.0,0.5,48.2,0.3
2006-08-20,1050.0,0.0,28.2,1040.0,0.5,46.1,1.0
2006-08-21,964.0,0.1,26.9,952.0,0.0,45.2,0.0
2006-08-22,912.0,2.8,25.0,878.0,0.4,42.8,0.4
2006-08-23,848.0,0.0,25.6,950.0,0.0,41.2,0.0
2006-08-24,900.0,0.0,26.4,913.0,0.0,37.9,0.0
2006-08-25,877.0,0.0,27.5,921.0,0.0,37.4,0.0
2006-08-26,850.0,0.0,28.3,841.0,0.0,37.4,0.0
2006-08-27,784.0,0.0,27.8,859.0,0.0,32.8,0.0
2006-08-28,853.0,1.6,28.8,792.0,2.4,30.6,1.8
2006-08-29,979.0,1.7,29.2,761.0,0.8,53.1,0.8
2006-08-30,865.0,4.5,26.8,900.0,1.9,57.1,1.4
2006-08-31,1630.0,32.4,21.3,1190.0,24.7,152.0,26.6
2006-09-01,3850.0,88.8,18.5,3600.0,57.7,322.0,53.4
2006-09-02,13900.0,5.3,17.9,13700.0,4.0,1860.0,4.1
2006-09-03,18000.0,0.7,20.8,12200.0,2.0,823.0,1.8
2006-09-04,9100.0,1.0,21.1,6320.0,1.5,452.0,1.3
2006-09-05,5980.0,19.4,21.0,11800.0,18.2,1570.0,18.6
2006-09-06,16900.0,0.2,20.3,13300.0,0.3,572.0,0.0
2006-09-07,9140.0,0.0,21.0,6760.0,0.2,428.0,0.0
2006-09-08,5690.0,0.2,21.7,5320.0,0.4,359.0,0.2
2006-09-09,4470.0,0.2,22.2,4550.0,0.0,211.0,0.0
2006-09-10,4010.0,0.0,22.2,4170.0,0.0,203.0,0.0
2006-09-11,3410.0,0.0,20.4,3170.0,0.2,172.0,0.4
2006-09-12,2700.0,0.0,18.7,2680.0,0.0,150.0,0.0
2006-09-13,2360.0,4.2,17.4,2260.0,3.6,144.0,3.5
2006-09-14,2290.0,25.5,18.1,3530.0,36.5,338.0,34.0
2006-09-15,5230.0,0.7,19.0,7120.0,0.0,406.0,0.0
2006-09-16,6460.0,2.8,19.9,5050.0,2.2,305.0,2.0
2006-09-17,3810.0,0.3,20.6,3480.0,0.0,239.0,0.0
2006-09-18,2900.0,0.0,22.0,2760.0,0.0,208.0,0.0
2006-09-19,2450.0,12.1,22.4,2370.0,7.5,186.0,8.6
2006-09-20,2170.0,1.9,19.1,2170.0,0.0,168.0,0.4
2006-09-21,1980.0,0.0,15.3,1960.0,0.0,144.0,0.0
2006-09-22,1840.0,0.0,15.8,1850.0,0.2,129.0,0.7
2006-09-23,1800.0,0.5,21.7,1760.0,0.5,126.0,0.5
2006-09-24,1630.0,2.2,25.3,1620.0,4.6,128.0,2.9
2006-09-25,1660.0,6.5,20.3,1860.0,3.9,142.0,2.1
2006-09-26,1750.0,0.0,18.2,1710.0,0.0,142.0,0.0
2006-09-27,1610.0,0.0,18.9,1870.0,0.0,127.0,0.0
2006-09-28,1790.0,0.0,19.3,1800.0,4.0,122.0,6.2
2006-09-29,2010.0,14.0,16.7,1940.0,16.4,614.0,12.9
2006-09-30,2080.0,0.0,15.0,2030.0,0.0,273.0,0.0
2006-10-01,1970.0,1.4,17.4,2120.0,3.6,216.0,3.1
2006-10-02,1960.0,0.0,17.2,1950.0,0.0,218.0,0.0
2006-10-03,1810.0,0.0,19.0,1930.0,0.0,190.0,0.0
2006-10-04,1830.0,0.0,20.8,1960.0,0.0,191.0,0.0
2006-10-05,1820.0,0.0,20.7,1800.0,0.0,162.0,0.1
2006-10-06,2670.0,57.9,15.0,4170.0,51.8,1850.0,50.2
2006-10-07,32100.0,32.8,12.9,47800.0,15.6,11100.0,18.1
2006-10-08,67500.0,0.0,16.9,61600.0,0.0,6900.0,0.0
2006-10-09,45400.0,0.0,16.3,30800.0,0.0,1950.0,0.0
2006-10-10,22500.0,0.0,17.8,18700.0,0.0,1090.0,0.0
2006-10-11,14700.0,0.0,17.7,12000.0,0.0,822.0,0.0
2006-10-12,10100.0,0.0,18.7,8960.0,0.0,711.0,0.0
2006-10-13,7800.0,0.0,11.8,7390.0,0.0,698.0,0.0
2006-10-14,6250.0,0.0,9.5,6300.0,0.0,554.0,0.0
2006-10-15,5250.0,0.0,9.9,5400.0,0.0,464.0,0.0
2006-10-16,4510.0,0.0,11.5,4870.0,0.0,426.0,0.0
2006-10-17,4220.0,11.0,13.9,4470.0,14.1,382.0,15.3
2006-10-18,4080.0,1.5,19.0,4870.0,3.4,678.0,2.7
2006-10-19,4800.0,0.0,18.4,5820.0,0.1,673.0,0.4
2006-10-20,5530.0,16.3,18.9,6360.0,14.0,598.0,12.1
2006-10-21,6970.0,0.0,11.3,7520.0,0.0,588.0,0.0
2006-10-22,7330.0,1.7,10.5,6490.0,1.0,524.0,0.8
2006-10-23,6380.0,0.0,10.8,5700.0,0.0,465.0,0.0
2006-10-24,5500.0,0.0,6.9,4870.0,0.0,447.0,0.0
2006-10-25,4710.0,0.0,7.0,4400.0,0.0,420.0,0.0
2006-10-26,4340.0,0.0,7.2,4030.0,0.0,372.0,0.0
2006-10-27,4060.0,7.4,8.9,3750.0,9.0,371.0,9.3
2006-10-28,4640.0,15.9,15.1,7130.0,19.5,1210.0,19.6
2006-10-29,13800.0,0.0,11.3,14600.0,0.0,1140.0,0.0
2006-10-30,15500.0,0.0,12.8,16300.0,0.0,802.0,0.0
2006-10-31,15600.0,0.0,15.1,12300.0,0.0,684.0,0.0
2006-11-01,10700.0,0.3,16.8,8530.0,0.0,603.0,0.2
2006-11-02,8080.0,1.3,13.4,7110.0,3.0,537.0,3.0
2006-11-03,6740.0,0.0,6.1,6360.0,0.0,600.0,0.0
2006-11-04,6050.0,0.0,3.1,5800.0,0.0,455.0,0.0
2006-11-05,5270.0,0.0,4.8,5110.0,0.0,446.0,0.0
2006-11-06,4790.0,0.0,6.3,4860.0,0.0,433.0,0.0
2006-11-07,4620.0,8.8,8.8,4650.0,7.5,436.0,7.1
2006-11-08,7590.0,49.8,15.1,12000.0,34.9,2840.0,27.0
2006-11-09,24500.0,0.0,15.3,22500.0,0.2,3060.0,0.8
2006-11-10,17700.0,0.0,15.7,12900.0,0.0,1480.0,0.0
2006-11-11,12400.0,0.0,17.1,10600.0,0.0,1060.0,0.0
2006-11-12,14700.0,57.9,12.1,15200.0,46.5,3190.0,47.0
2006-11-13,27200.0,9.1,10.5,19500.0,5.2,2480.0,1.6
2006-11-14,16700.0,0.0,14.2,11700.0,0.0,1260.0,0.0
2006-11-15,12100.0,0.2,13.1,9990.0,0.4,1040.0,0.5
2006-11-16,12200.0,19.2,17.6,9700.0,24.8,1300.0,29.4
2006-11-17,21200.0,0.0,13.1,29700.0,0.0,3460.0,0.0
2006-11-18,50800.0,0.0,9.0,50100.0,0.0,1860.0,0.0
2006-11-19,36100.0,0.0,6.0,25900.0,0.0,1220.0,0.0
2006-11-20,22300.0,0.0,6.2,17900.0,0.0,1020.0,0.0
2006-11-21,17400.0,1.8,4.6,14100.0,0.5,877.0,0.5
2006-11-22,15000.0,44.8,5.2,11600.0,24.4,819.0,21.9
2006-11-23,19400.0,2.5,5.8,21100.0,3.0,4540.0,5.2
2006-11-24,27200.0,0.0,9.4,20100.0,0.0,2690.0,0.0
2006-11-25,18300.0,0.0,8.1,14800.0,0.0,1660.0,0.0
2006-11-26,15400.0,0.0,8.2,12400.0,0.0,1210.0,0.0
2006-11-27,12600.0,0.0,9.0,10100.0,0.0,1010.0,0.0
2006-11-28,10600.0,0.0,10.9,8650.0,0.0,875.0,0.0
2006-11-29,9180.0,0.0,13.0,7730.0,0.0,809.0,0.0
2006-11-30,8360.0,0.0,16.3,6980.0,0.0,760.0,0.0
2006-12-01,7570.0,3.4,19.7,6420.0,3.2,740.0,2.9
2006-12-02,6930.0,0.0,10.3,5950.0,0.0,747.0,0.0
2006-12-03,6700.0,0.0,6.4,5830.0,0.0,687.0,0.0
2006-12-04,6280.0,0.0,4.5,5190.0,0.0,629.0,0.0
2006-12-05,5610.0,0.0,1.8,4780.0,0.0,585.0,0.0
2006-12-06,5360.0,0.0,2.2,4650.0,0.0,588.0,0.0
2006-12-07,5120.0,0.0,7.4,4450.0,0.0,607.0,0.0
2006-12-08,5060.0,0.0,-0.6,4300.0,0.0,563.0,0.0
2006-12-09,4660.0,0.0,-1.2,4000.0,0.0,542.0,0.0
2006-12-10,4300.0,0.0,2.8,3770.0,0.0,521.0,0.0
2006-12-11,4190.0,0.0,5.9,3650.0,0.0,516.0,0.0
2006-12-12,4050.0,0.0,6.2,3540.0,0.0,514.0,0.0
2006-12-13,3970.0,0.9,8.6,3450.0,2.6,503.0,3.0
2006-12-14,3880.0,0.0,8.6,3410.0,0.0,510.0,0.0
2006-12-15,3920.0,0.0,10.6,3440.0,0.0,499.0,0.0
2006-12-16,3930.0,0.0,9.0,3360.0,0.0,487.0,0.0
2006-12-17,3810.0,0.0,9.0,3220.0,0.0,486.0,0.0
2006-12-18,3720.0,0.0,13.1,3150.0,0.0,445.0,0.0
2006-12-19,3630.0,0.0,10.4,3000.0,0.0,436.0,0.0
2006-12-20,3570.0,0.0,4.4,2930.0,0.0,442.0,0.0
2006-12-21,3490.0,0.0,5.8,2870.0,0.0,424.0,0.0
2006-12-22,3460.0,7.6,9.7,2760.0,7.9,427.0,8.9
2006-12-23,3590.0,8.9,15.0,3990.0,18.4,939.0,16.8
2006-12-24,7040.0,0.0,8.4,9020.0,0.0,884.0,0.0
2006-12-25,13300.0,31.3,6.1,13700.0,17.8,768.0,15.5
2006-12-26,16000.0,1.1,11.0,14400.0,0.6,1260.0,0.4
2006-12-27,16400.0,0.0,7.3,13800.0,0.0,1020.0,0.0
2006-12-28,14700.0,0.0,4.6,12500.0,0.0,855.0,0.0
2006-12-29,12900.0,0.0,6.2,10700.0,0.0,759.0,0.0
2006-12-30,11000.0,0.0,6.8,9160.0,0.0,708.0,0.0
2006-12-31,9470.0,0.0,6.6,7730.0,0.0,649.0,0.0
2007-01-01,14400.0,33.7,13.6,11300.0,36.4,1750.0,32.6
2007-01-02,30900.0,0.0,8.6,23500.0,0.0,1920.0,0.0
2007-01-03,25100.0,0.0,6.0,20700.0,0.0,1110.0,0.0
2007-01-04,20700.0,0.0,11.1,16600.0,0.0,924.0,0.0
2007-01-05,16700.0,3.1,15.7,13400.0,6.1,907.0,6.6
2007-01-06,16100.0,1.7,18.3,12800.0,2.4,955.0,2.4
2007-01-07,15700.0,6.8,11.7,14100.0,5.3,885.0,3.6
2007-01-08,20400.0,35.8,12.8,20800.0,33.8,1630.0,32.6
2007-01-09,29800.0,0.4,5.1,28200.0,0.5,1540.0,0.4
2007-01-10,31300.0,0.0,2.6,29100.0,0.0,1180.0,0.0
2007-01-11,25800.0,0.0,0.6,21800.0,0.0,986.0,0.0
2007-01-12,20800.0,0.4,5.5,17400.0,1.2,888.0,1.2
2007-01-13,17200.0,0.0,12.2,14300.0,0.0,828.0,0.0
2007-01-14,14600.0,0.0,15.4,12000.0,0.2,770.0,0.0
2007-01-15,12200.0,0.0,16.7,9840.0,0.0,730.0,0.0
2007-01-16,10500.0,0.9,13.9,8790.0,0.4,656.0,0.0
2007-01-17,9490.0,0.0,1.5,8080.0,0.0,699.0,0.0
2007-01-18,8650.0,1.6,-1.4,7280.0,0.3,602.0,0.1
2007-01-19,7830.0,1.6,3.2,6510.0,1.1,619.0,0.7
2007-01-20,6970.0,0.0,1.4,5950.0,0.0,587.0,0.0
2007-01-21,6510.0,4.1,-1.5,5440.0,4.0,547.0,4.1
2007-01-22,6240.0,4.8,0.8,5430.0,4.6,590.0,3.4
2007-01-23,6500.0,0.0,1.8,5750.0,0.0,612.0,0.0
2007-01-24,6650.0,0.0,1.6,5640.0,0.0,610.0,0.0
2007-01-25,6360.0,0.4,1.0,5400.0,0.0,587.0,0.0
2007-01-26,6120.0,0.0,-1.5,5360.0,0.0,561.0,0.0
2007-01-27,6000.0,0.0,4.6,5010.0,0.0,531.0,0.0
2007-01-28,5680.0,2.4,6.9,4800.0,2.3,529.0,1.4
2007-01-29,5540.0,0.3,-1.2,4650.0,0.0,520.0,0.0
2007-01-30,5170.0,0.0,-0.6,4380.0,0.0,496.0,0.0
2007-01-31,4820.0,0.0,-1.1,4250.0,0.0,458.0,0.0
2007-02-01,4750.0,0.7,-0.8,4140.0,0.4,475.0,1.4
2007-02-02,4730.0,3.9,1.0,4030.0,2.3,502.0,1.7
2007-02-03,4570.0,0.0,1.1,4040.0,0.0,448.0,0.0
2007-02-04,4520.0,0.0,1.1,3850.0,0.2,444.0,0.0
2007-02-05,4360.0,0.0,-3.0,3720.0,0.0,428.0,0.0
2007-02-06,4280.0,0.0,-6.1,3420.0,0.0,373.0,0.0
2007-02-07,4110.0,0.6,-1.7,3280.0,1.5,415.0,1.8
2007-02-08,4020.0,0.0,-2.4,3260.0,0.0,425.0,0.0
2007-02-09,3970.0,0.0,-2.3,3240.0,0.0,419.0,0.0
2007-02-10,3960.0,0.0,-2.0,3360.0,0.0,411.0,0.0
2007-02-11,3980.0,0.0,-2.2,3200.0,0.0,400.0,0.0
2007-02-12,3870.0,0.0,1.3,3210.0,0.0,375.0,0.0
2007-02-13,3860.0,1.1,1.9,3210.0,3.5,452.0,3.9
2007-02-14,5000.0,27.1,2.1,5290.0,25.3,1120.0,26.3
2007-02-15,16700.0,0.0,-2.8,19700.0,0.0,1880.0,0.0
2007-02-16,18300.0,0.0,-3.2,13400.0,0.0,940.0,0.0
2007-02-17,12800.0,0.0,-0.9,9610.0,0.0,766.0,0.0
2007-02-18,9560.0,0.2,0.0,7470.0,0.1,682.0,0.0
2007-02-19,7810.0,0.0,-1.2,6350.0,0.0,610.0,0.0
2007-02-20,6790.0,0.0,6.4,5760.0,0.9,627.0,0.5
2007-02-21,6410.0,1.3,9.1,5540.0,1.0,750.0,0.4
2007-02-22,6270.0,1.3,8.8,5620.0,1.4,851.0,0.4
2007-02-23,6270.0,0.0,4.2,5680.0,0.0,779.0,0.0
2007-02-24,6460.0,0.0,1.8,6370.0,0.0,631.0,0.0
2007-02-25,7500.0,9.6,2.1,7150.0,12.6,650.0,11.1
2007-02-26,8140.0,4.9,5.3,7280.0,2.1,789.0,2.0
2007-02-27,8390.0,0.0,6.3,7380.0,0.0,813.0,0.0
2007-02-28,8450.0,0.0,5.3,7720.0,0.0,773.0,0.0
2007-03-01,8540.0,0.1,7.3,7370.0,2.9,725.0,2.3
2007-03-02,8600.0,33.1,14.2,10800.0,18.8,2490.0,18.9
2007-03-03,24300.0,0.0,10.1,33100.0,0.0,2340.0,0.0
2007-03-04,41200.0,0.0,5.5,38000.0,0.0,1350.0,0.0
2007-03-05,28500.0,0.0,4.1,23100.0,0.0,1050.0,0.0
2007-03-06,21400.0,0.0,2.2,18000.0,0.0,897.0,0.0
2007-03-07,17600.0,0.4,1.4,14800.0,0.1,795.0,0.0
2007-03-08,14800.0,0.7,0.8,12300.0,0.1,759.0,0.1
2007-03-09,12400.0,0.0,2.2,10100.0,0.0,700.0,0.0
2007-03-10,10200.0,0.0,7.9,8140.0,0.0,646.0,0.0
2007-03-11,8610.0,0.0,11.9,7180.0,0.3,629.0,0.6
2007-03-12,7850.0,0.0,8.4,6480.0,0.0,598.0,0.0
2007-03-13,7150.0,0.2,12.5,5990.0,0.5,581.0,0.3
2007-03-14,6810.0,0.0,17.9,5680.0,0.0,562.0,0.0
2007-03-15,6500.0,1.5,19.4,5450.0,1.8,533.0,1.2
2007-03-16,7830.0,34.3,5.7,12700.0,37.2,2200.0,39.1
2007-03-17,39700.0,2.3,2.3,43700.0,1.4,4170.0,1.0
2007-03-18,47500.0,0.0,2.7,44900.0,0.0,1860.0,0.0
2007-03-19,35200.0,0.0,4.1,28100.0,0.0,1260.0,0.0
2007-03-20,24300.0,0.6,13.5,20200.0,0.0,1020.0,0.3
2007-03-21,19000.0,0.4,8.7,15600.0,0.8,893.0,0.8
2007-03-22,15600.0,0.0,12.3,12900.0,0.0,749.0,0.0
2007-03-23,13200.0,0.0,18.6,11100.0,0.0,782.0,0.0
2007-03-24,11900.0,0.0,17.2,10100.0,0.0,717.0,0.0
2007-03-25,10900.0,0.0,15.3,9210.0,0.0,675.0,0.0
2007-03-26,9700.0,0.0,11.3,8140.0,0.0,648.0,0.0
2007-03-27,8640.0,0.0,19.6,7460.0,0.0,629.0,0.0
2007-03-28,8150.0,0.0,19.1,7060.0,0.0,593.0,0.2
2007-03-29,7680.0,1.8,13.6,6640.0,1.3,647.0,2.0
2007-03-30,7320.0,0.0,10.3,6810.0,0.0,670.0,0.0
2007-03-31,8500.0,0.0,13.6,11200.0,0.0,544.0,0.5
2007-04-01,13600.0,4.5,15.0,11600.0,3.1,624.0,1.6
2007-04-02,11900.0,1.1,19.7,9930.0,0.1,574.0,0.0
2007-04-03,9960.0,0.0,19.1,8130.0,0.0,559.0,0.0
2007-04-04,8740.0,0.0,18.3,7530.0,0.8,520.0,0.7
2007-04-05,8140.0,0.0,10.2,7120.0,0.0,594.0,0.0
2007-04-06,7520.0,0.0,6.1,6240.0,0.0,530.0,0.0
2007-04-07,6850.0,3.6,4.8,5800.0,3.5,489.0,3.1
2007-04-08,6630.0,0.0,3.4,5490.0,0.0,543.0,0.0
2007-04-09,6240.0,0.0,4.7,5200.0,0.0,499.0,0.0
2007-04-10,5920.0,0.0,6.1,4840.0,0.0,482.0,0.0
2007-04-11,5650.0,0.9,7.2,4770.0,1.3,489.0,1.6
2007-04-12,5720.0,19.9,13.6,6070.0,14.4,1010.0,13.5
2007-04-13,9440.0,0.0,11.6,10200.0,0.0,961.0,0.0
2007-04-14,10700.0,1.5,9.2,10100.0,2.2,741.0,2.4
2007-04-15,13400.0,50.6,12.7,12400.0,62.2,2120.0,63.2
2007-04-16,27000.0,3.8,8.3,36900.0,0.8,4480.0,0.3
2007-04-17,52000.0,0.0,10.4,53600.0,0.0,2090.0,0.0
2007-04-18,42000.0,0.0,9.6,32900.0,0.0,1370.0,0.0
2007-04-19,27300.0,0.2,9.7,23300.0,0.8,1110.0,0.6
2007-04-20,21400.0,0.0,12.3,18400.0,0.0,816.0,0.0
2007-04-21,17500.0,0.0,14.4,14900.0,0.0,774.0,0.0
2007-04-22,14400.0,0.0,16.6,12100.0,0.0,698.0,0.0
2007-04-23,11700.0,0.0,19.0,9890.0,0.0,645.0,0.0
2007-04-24,9940.0,0.0,21.4,8640.0,1.2,555.0,0.6
2007-04-25,8900.0,0.2,21.2,8040.0,0.0,614.0,0.0
2007-04-26,8300.0,0.0,18.0,7400.0,0.0,534.0,0.1
2007-04-27,7530.0,15.1,18.0,7010.0,15.8,575.0,9.6
2007-04-28,7380.0,0.2,17.7,7250.0,0.0,648.0,0.0
2007-04-29,7430.0,0.1,16.9,7080.0,0.0,533.0,0.0
2007-04-30,7360.0,0.0,19.4,7310.0,0.2,464.0,0.0
2007-05-01,7500.0,0.0,21.6,7100.0,0.0,466.0,0.0
2007-05-02,7140.0,0.1,23.9,6630.0,4.0,474.0,3.4
2007-05-03,6760.0,8.1,16.0,6470.0,7.8,545.0,9.2
2007-05-04,6870.0,0.4,15.3,6540.0,0.1,636.0,0.9
2007-05-05,6660.0,0.4,13.0,6770.0,0.5,511.0,0.2
2007-05-06,7230.0,4.7,12.8,7340.0,2.7,519.0,2.4
2007-05-07,7820.0,0.0,12.0,7380.0,0.0,449.0,0.0
2007-05-08,7240.0,0.0,13.2,6770.0,0.0,418.0,0.0
2007-05-09,6830.0,2.6,17.5,6410.0,0.5,431.0,0.2
2007-05-10,6340.0,0.0,19.6,6100.0,0.2,424.0,0.0
2007-05-11,6190.0,0.0,21.9,5760.0,1.6,425.0,1.0
2007-05-12,5760.0,1.0,21.9,5780.0,0.6,464.0,1.3
2007-05-13,6250.0,0.4,18.6,6580.0,3.8,497.0,4.6
2007-05-14,6670.0,0.0,15.9,6080.0,0.0,447.0,0.0
2007-05-15,5840.0,0.0,20.1,5350.0,0.0,361.0,0.0
2007-05-16,5140.0,0.0,23.4,4770.0,0.9,400.0,1.8
2007-05-17,4780.0,3.5,17.5,4760.0,2.2,437.0,1.6
2007-05-18,4970.0,12.8,13.3,4860.0,8.8,325.0,5.8
2007-05-19,5330.0,1.6,13.9,5630.0,1.8,726.0,1.1
2007-05-20,6200.0,0.0,18.7,5590.0,0.0,570.0,0.0
2007-05-21,5120.0,0.0,20.1,4490.0,0.0,492.0,0.0
2007-05-22,4380.0,0.0,18.9,4040.0,0.0,457.0,0.0
2007-05-23,3940.0,0.0,18.8,3650.0,0.0,446.0,0.0
2007-05-24,3680.0,0.0,19.4,3900.0,0.0,441.0,0.0
2007-05-25,3840.0,0.0,21.7,3670.0,0.0,327.0,0.0
2007-05-26,3660.0,0.0,24.5,3660.0,1.3,307.0,0.5
2007-05-27,3600.0,0.0,25.3,3420.0,0.0,360.0,0.0
2007-05-28,3420.0,0.0,25.6,3380.0,1.0,389.0,0.8
2007-05-29,3440.0,0.0,24.4,3510.0,0.7,389.0,0.2
2007-05-30,3410.0,0.0,23.6,3130.0,0.0,424.0,0.0
2007-05-31,3130.0,0.0,24.5,3020.0,0.0,355.0,0.0
2007-06-01,2980.0,0.0,25.1,2770.0,0.0,304.0,0.0
2007-06-02,2770.0,0.0,25.3,2820.0,0.0,203.0,0.0
2007-06-03,2930.0,11.6,20.5,3150.0,10.8,279.0,10.5
2007-06-04,3370.0,5.8,22.8,5070.0,5.4,550.0,3.8
2007-06-05,5420.0,0.0,24.3,5410.0,0.0,486.0,0.0
2007-06-06,4780.0,0.0,22.4,5170.0,0.0,341.0,0.0
2007-06-07,4770.0,0.0,23.3,4670.0,0.0,293.0,0.0
2007-06-08,4220.0,0.0,28.2,3890.0,0.0,211.0,0.0
2007-06-09,3770.0,0.2,27.5,3350.0,1.8,322.0,1.5
2007-06-10,3430.0,0.6,23.4,2970.0,0.0,228.0,0.0
2007-06-11,3090.0,0.4,22.7,2610.0,0.7,196.0,0.4
2007-06-12,2940.0,0.3,23.8,2520.0,2.0,256.0,0.9
2007-06-13,2910.0,9.2,21.9,2540.0,8.1,202.0,3.9
2007-06-14,2860.0,1.0,18.4,2900.0,0.5,333.0,1.3
2007-06-15,3180.0,0.1,17.7,3300.0,0.2,294.0,0.0
2007-06-16,3220.0,0.0,20.4,2780.0,0.0,298.0,0.0
2007-06-17,2950.0,0.0,24.0,2490.0,0.0,288.0,0.0
2007-06-18,2760.0,0.0,27.2,3040.0,0.2,178.0,0.0
2007-06-19,3090.0,0.0,28.6,2280.0,0.0,224.0,0.0
2007-06-20,2260.0,2.7,26.2,1780.0,0.1,218.0,0.0
2007-06-21,2010.0,0.0,24.5,1920.0,0.0,205.0,0.0
2007-06-22,2180.0,0.0,24.8,2010.0,0.0,171.0,0.0
2007-06-23,2170.0,0.0,22.9,1780.0,0.0,150.0,0.0
2007-06-24,2030.0,0.0,23.7,1830.0,0.0,138.0,0.0
2007-06-25,2050.0,5.5,25.6,1830.0,4.7,142.0,3.4
2007-06-26,2190.0,1.7,26.7,2570.0,12.1,146.0,8.0
2007-06-27,2680.0,2.1,27.9,2700.0,0.4,144.0,0.0
2007-06-28,2700.0,1.6,28.0,2730.0,0.6,136.0,1.9
2007-06-29,2670.0,1.6,25.9,2440.0,9.9,140.0,6.0
2007-06-30,3680.0,11.4,24.5,2680.0,18.9,488.0,16.7
2007-07-01,3470.0,0.2,23.3,2970.0,0.0,386.0,0.0
2007-07-02,2980.0,0.0,21.4,2860.0,0.0,225.0,0.0
2007-07-03,2850.0,0.0,21.4,2760.0,0.1,161.0,0.0
2007-07-04,2650.0,0.0,24.5,2240.0,0.3,138.0,0.2
2007-07-05,2270.0,2.3,26.5,1860.0,5.8,127.0,5.1
2007-07-06,2010.0,0.4,25.9,1700.0,0.0,160.0,0.0
2007-07-07,1890.0,0.0,27.0,1680.0,0.0,105.0,0.0
2007-07-08,1810.0,0.0,28.2,1650.0,0.0,82.6,0.0
2007-07-09,1780.0,0.0,29.4,1400.0,0.0,84.8,0.0
2007-07-10,1590.0,0.2,29.9,1390.0,0.0,85.9,0.4
2007-07-11,1570.0,4.8,28.0,1500.0,7.8,143.0,7.8
2007-07-12,1640.0,1.0,24.7,1710.0,0.2,110.0,0.0
2007-07-13,1730.0,0.0,25.1,1760.0,0.0,107.0,0.0
2007-07-14,1820.0,0.0,25.4,2050.0,0.0,88.1,0.0
2007-07-15,1960.0,0.0,27.5,1690.0,0.0,75.0,0.0
2007-07-16,1710.0,2.4,28.4,1500.0,0.2,75.4,0.5
2007-07-17,1600.0,2.0,27.0,1720.0,2.1,367.0,3.4
2007-07-18,1790.0,0.5,26.9,1820.0,0.3,184.0,0.2
2007-07-19,1800.0,0.0,28.8,1480.0,0.6,122.0,1.9
2007-07-20,1640.0,3.1,25.9,1410.0,0.5,94.7,0.4
2007-07-21,1590.0,0.0,24.1,2700.0,0.0,81.8,0.0
2007-07-22,2570.0,0.0,23.6,2230.0,0.0,71.5,0.0
2007-07-23,1970.0,0.0,23.5,1650.0,0.0,59.9,0.0
2007-07-24,1680.0,0.0,24.6,1420.0,0.0,54.2,0.0
2007-07-25,1530.0,0.2,24.5,1230.0,7.2,52.9,17.0
2007-07-26,1400.0,0.0,26.2,1270.0,0.0,51.7,0.0
2007-07-27,1400.0,1.7,27.1,1500.0,2.0,56.6,0.9
2007-07-28,1530.0,3.4,27.2,1500.0,3.9,143.0,2.2
2007-07-29,1590.0,1.1,26.2,1550.0,1.2,125.0,1.7
2007-07-30,1760.0,9.5,24.5,1860.0,5.8,263.0,6.0
2007-07-31,2010.0,0.3,25.2,2000.0,0.3,174.0,0.6
2007-08-01,1860.0,0.0,26.4,1740.0,0.0,129.0,0.0
2007-08-02,1710.0,0.0,27.5,1610.0,0.0,87.7,0.0
2007-08-03,1580.0,0.0,27.8,1470.0,0.0,74.0,0.0
2007-08-04,1470.0,0.1,29.3,1390.0,0.0,69.9,0.0
2007-08-05,1410.0,0.1,30.0,1280.0,0.0,63.8,0.0
2007-08-06,1460.0,0.5,29.3,1320.0,1.4,67.3,0.8
2007-08-07,1480.0,0.0,31.0,1200.0,0.0,90.5,0.0
2007-08-08,1310.0,0.0,32.6,1200.0,0.0,63.8,0.6
2007-08-09,1240.0,7.4,32.3,1120.0,2.2,58.6,1.2
2007-08-10,1190.0,0.1,29.5,1130.0,0.2,131.0,0.0
2007-08-11,1170.0,0.0,27.4,1180.0,0.0,240.0,0.0
2007-08-12,1180.0,0.0,25.8,1190.0,0.0,118.0,0.0
2007-08-13,1190.0,0.0,27.7,1090.0,0.0,74.4,0.0
2007-08-14,1100.0,0.0,26.8,1010.0,0.0,55.5,0.0
2007-08-15,1030.0,0.0,27.1,925.0,0.0,55.5,0.0
2007-08-16,1030.0,2.4,30.2,845.0,0.4,55.7,0.5
2007-08-17,2380.0,1.7,29.2,952.0,0.4,208.0,0.1
2007-08-18,1600.0,0.0,26.9,1160.0,0.0,221.0,0.0
2007-08-19,1340.0,2.0,25.2,1090.0,0.6,92.6,0.4
2007-08-20,1340.0,7.4,24.6,970.0,2.4,67.3,0.8
2007-08-21,1250.0,4.7,26.6,897.0,5.8,65.2,3.8
2007-08-22,1310.0,6.7,24.6,1030.0,4.4,153.0,10.4
2007-08-23,1230.0,0.1,24.8,1190.0,0.1,141.0,0.0
2007-08-24,1300.0,0.0,27.2,1320.0,0.0,113.0,0.0
2007-08-25,1350.0,0.4,30.2,1300.0,0.2,95.8,1.8
2007-08-26,1330.0,13.4,27.7,1450.0,12.9,1350.0,8.8
2007-08-27,1680.0,0.7,25.4,3930.0,0.0,1260.0,0.5
2007-08-28,2830.0,0.0,25.8,2400.0,0.0,542.0,0.0
2007-08-29,1950.0,0.0,25.8,2110.0,0.0,208.0,0.0
2007-08-30,1750.0,0.0,25.3,1640.0,0.0,169.0,0.0
2007-08-31,1490.0,1.6,25.4,1350.0,1.0,149.0,0.2
2007-09-01,1290.0,0.0,24.4,1180.0,0.0,131.0,0.0
2007-09-02,1160.0,0.0,22.8,1200.0,0.0,117.0,0.0
2007-09-03,1160.0,0.0,23.6,1290.0,0.0,106.0,0.0
2007-09-04,1200.0,0.0,26.2,1590.0,0.0,94.4,0.0
2007-09-05,1400.0,0.0,26.9,1320.0,0.0,86.8,0.0
2007-09-06,1230.0,0.0,26.5,1170.0,0.0,79.5,0.0
2007-09-07,1120.0,0.0,26.9,1010.0,0.0,73.1,0.0
2007-09-08,986.0,0.0,26.2,979.0,0.0,66.8,0.0
2007-09-09,942.0,0.6,24.6,915.0,0.0,62.3,0.0
2007-09-10,897.0,0.0,27.0,804.0,0.0,57.6,0.0
2007-09-11,814.0,0.0,27.6,934.0,2.0,54.6,1.9
2007-09-12,864.0,0.0,25.3,728.0,0.0,58.0,0.0
2007-09-13,818.0,0.0,23.6,792.0,0.0,86.6,0.0
2007-09-14,761.0,0.1,23.7,930.0,2.4,78.4,4.3
2007-09-15,947.0,10.1,21.2,1160.0,15.5,73.3,15.5
2007-09-16,1060.0,0.0,17.2,1120.0,0.0,82.0,0.0
2007-09-17,1050.0,0.0,16.6,1350.0,0.0,77.6,0.0
2007-09-18,1190.0,0.0,17.7,1310.0,0.0,67.5,0.0
2007-09-19,1180.0,0.0,19.5,1110.0,0.0,58.9,0.0
2007-09-20,1060.0,0.7,20.7,1240.0,0.0,56.5,0.0
2007-09-21,1110.0,8.7,20.6,990.0,3.4,54.1,1.9
2007-09-22,979.0,0.0,24.1,1120.0,0.0,51.3,0.1
2007-09-23,1010.0,0.0,25.3,827.0,0.0,51.6,0.0
2007-09-24,888.0,0.0,22.4,940.0,0.0,50.9,0.0
2007-09-25,866.0,0.0,22.8,964.0,0.0,46.3,0.0
2007-09-26,914.0,0.0,25.2,740.0,0.0,43.4,0.0
2007-09-27,800.0,0.0,25.5,839.0,0.0,43.4,0.0
2007-09-28,774.0,0.0,24.0,941.0,0.0,45.6,0.0
2007-09-29,851.0,0.0,20.2,665.0,0.0,44.9,0.0
2007-09-30,775.0,0.0,19.2,751.0,0.0,40.2,0.0
2007-10-01,644.0,0.0,19.3,741.0,0.0,37.9,0.0
2007-10-02,775.0,0.2,20.3,705.0,0.2,37.1,0.1
2007-10-03,716.0,0.0,22.0,832.0,0.0,36.4,0.0
2007-10-04,805.0,0.0,23.9,722.0,0.1,37.6,0.1
2007-10-05,784.0,0.3,22.8,748.0,0.0,38.1,0.0
2007-10-06,718.0,0.0,23.6,762.0,0.0,39.4,0.0
2007-10-07,805.0,0.0,24.7,685.0,0.0,38.7,0.0
2007-10-08,715.0,0.0,26.1,688.0,0.0,39.4,0.0
2007-10-09,691.0,0.0,26.9,691.0,0.0,38.2,0.0
2007-10-10,696.0,0.7,25.1,690.0,0.2,37.9,0.2
2007-10-11,692.0,0.0,18.5,618.0,0.0,37.9,0.0
2007-10-12,634.0,0.0,15.9,555.0,0.0,37.0,0.0
2007-10-13,567.0,0.0,15.9,564.0,0.0,32.7,0.0
2007-10-14,539.0,0.0,15.9,546.0,0.0,30.9,0.0
2007-10-15,543.0,0.0,16.8,543.0,0.0,31.4,0.0
2007-10-16,526.0,0.0,18.9,556.0,0.0,32.7,0.0
2007-10-17,534.0,0.0,20.4,596.0,0.0,35.8,0.0
2007-10-18,559.0,0.0,20.7,651.0,0.0,37.7,0.0
2007-10-19,659.0,6.9,21.9,667.0,8.1,38.2,7.5
2007-10-20,716.0,0.4,20.6,625.0,2.0,51.8,1.8
2007-10-21,696.0,0.0,18.1,657.0,0.0,73.2,0.0
2007-10-22,675.0,0.0,19.4,736.0,0.0,51.6,0.0
2007-10-23,762.0,0.0,22.2,692.0,0.0,45.0,0.0
2007-10-24,833.0,25.9,23.3,733.0,18.1,48.4,14.9
2007-10-25,1640.0,28.2,15.4,1340.0,18.3,337.0,19.6
2007-10-26,1870.0,41.9,16.7,3830.0,40.5,399.0,36.2
2007-10-27,4670.0,29.8,19.9,7380.0,17.5,1090.0,11.4
2007-10-28,9710.0,0.0,13.7,10600.0,0.0,907.0,0.0
2007-10-29,9580.0,0.0,9.8,8540.0,0.0,368.0,0.0
2007-10-30,6870.0,0.0,9.4,5750.0,0.0,222.0,0.0
2007-10-31,4420.0,0.0,11.7,3910.0,0.0,161.0,0.0
2007-11-01,3070.0,0.0,15.5,2740.0,0.0,134.0,0.0
2007-11-02,2420.0,0.0,12.3,2190.0,0.0,122.0,0.0
2007-11-03,2080.0,0.0,11.4,1980.0,0.0,114.0,0.0
2007-11-04,1950.0,0.0,10.2,1550.0,0.0,107.0,0.0
2007-11-05,1600.0,0.0,10.2,1390.0,0.0,103.0,0.0
2007-11-06,1490.0,3.2,11.3,1300.0,2.3,99.1,1.6
2007-11-07,1440.0,0.0,7.0,1380.0,0.0,99.7,0.0
2007-11-08,1480.0,0.0,4.8,1180.0,0.0,92.3,0.0
2007-11-09,1330.0,0.3,5.6,958.0,0.1,86.9,0.3
2007-11-10,1200.0,4.8,6.5,1150.0,4.1,92.2,4.1
2007-11-11,1320.0,0.0,5.5,1040.0,0.0,108.0,0.0
2007-11-12,1250.0,0.2,9.5,1120.0,0.0,107.0,0.0
2007-11-13,1310.0,0.8,14.0,1070.0,1.8,104.0,2.1
2007-11-14,1290.0,0.0,14.7,1070.0,0.0,105.0,0.9
2007-11-15,1320.0,14.8,13.8,1020.0,13.8,110.0,12.1
2007-11-16,1280.0,0.0,6.7,1210.0,0.0,136.0,0.0
2007-11-17,1420.0,0.0,5.0,1140.0,0.0,118.0,0.0
2007-11-18,1380.0,0.0,7.7,1140.0,0.0,103.0,0.0
2007-11-19,1370.0,0.0,7.6,1100.0,0.0,99.5,0.0
2007-11-20,1320.0,0.0,9.6,1050.0,0.0,99.5,0.0
2007-11-21,1320.0,0.0,14.4,1330.0,0.0,99.8,0.0
2007-11-22,1530.0,0.0,17.7,1230.0,0.1,101.0,0.0
2007-11-23,1460.0,0.0,8.0,1130.0,0.0,104.0,0.0
2007-11-24,1380.0,0.0,2.7,1010.0,0.0,98.6,0.0
2007-11-25,1310.0,0.2,4.9,994.0,0.2,94.9,0.2
2007-11-26,1300.0,0.9,10.4,1020.0,3.8,98.6,3.5
2007-11-27,1330.0,5.5,14.5,992.0,10.4,114.0,10.0
2007-11-28,1290.0,0.0,6.5,977.0,0.0,118.0,0.0
2007-11-29,1280.0,0.0,6.7,1110.0,0.0,108.0,0.0
2007-11-30,1400.0,0.0,6.0,1110.0,0.0,103.0,0.0
2007-12-01,1400.0,0.0,4.0,860.0,0.0,102.0,0.0
2007-12-02,1220.0,0.1,5.6,1140.0,1.2,100.0,2.4
2007-12-03,1430.0,1.3,10.3,1040.0,3.9,128.0,4.0
2007-12-04,1350.0,0.0,3.4,985.0,0.0,152.0,0.0
2007-12-05,1320.0,0.5,0.5,1110.0,0.7,130.0,1.1
2007-12-06,1410.0,0.7,-0.3,1130.0,1.2,118.0,1.1
2007-12-07,1430.0,0.0,-0.4,891.0,0.0,112.0,0.0
2007-12-08,1240.0,0.0,5.2,1010.0,0.1,110.0,0.3
2007-12-09,1320.0,0.0,9.4,1010.0,0.0,110.0,0.0
2007-12-10,1330.0,0.6,15.5,999.0,2.7,113.0,2.8
2007-12-11,1330.0,0.0,12.4,957.0,0.0,112.0,0.0
2007-12-12,1300.0,0.1,16.2,1030.0,0.0,112.0,0.0
2007-12-13,1380.0,1.3,10.4,1010.0,1.1,112.0,0.9
2007-12-14,1330.0,0.7,7.9,968.0,0.1,112.0,0.0
2007-12-15,1310.0,0.4,4.4,1140.0,0.4,110.0,0.2
2007-12-16,1620.0,25.2,5.4,1300.0,18.8,242.0,18.8
2007-12-17,1700.0,0.0,2.4,1750.0,0.0,445.0,0.0
2007-12-18,2090.0,0.0,0.5,2460.0,0.0,298.0,0.0
2007-12-19,2400.0,0.0,2.8,4150.0,0.5,215.0,0.4
2007-12-20,4610.0,0.0,3.3,4510.0,0.0,181.0,0.0
2007-12-21,3580.0,0.0,3.6,3270.0,0.0,163.0,0.0
2007-12-22,2820.0,0.0,6.0,2530.0,0.0,151.0,0.0
2007-12-23,2420.0,8.9,11.1,2260.0,7.7,146.0,7.2
2007-12-24,2250.0,0.0,8.3,2110.0,0.0,228.0,0.0
2007-12-25,2180.0,0.0,6.0,2590.0,0.0,298.0,0.0
2007-12-26,2670.0,7.4,3.6,2650.0,5.3,241.0,3.6
2007-12-27,2800.0,0.3,4.8,3100.0,0.2,203.0,0.0
2007-12-28,3330.0,0.7,6.3,3560.0,0.5,187.0,0.9
2007-12-29,3410.0,10.0,12.3,3180.0,12.6,285.0,10.6
2007-12-30,3450.0,16.9,7.4,3740.0,11.4,334.0,10.2
2007-12-31,4570.0,9.0,6.6,4250.0,5.4,395.0,4.5
2008-01-01,5630.0,0.0,6.6,6440.0,0.0,354.0,0.0
2008-01-02,6200.0,0.0,0.9,5290.0,0.1,288.0,0.1
2008-01-03,4720.0,0.0,-1.9,4210.0,0.0,237.0,0.0
2008-01-04,3740.0,0.0,-1.2,3530.0,0.0,186.0,0.0
2008-01-05,3100.0,0.0,1.0,2940.0,0.0,177.0,0.0
2008-01-06,2800.0,1.3,7.1,2790.0,2.8,202.0,2.1
2008-01-07,2660.0,0.0,11.9,2500.0,0.0,204.0,0.0
2008-01-08,2460.0,0.0,14.2,2240.0,0.0,195.0,0.0
2008-01-09,2320.0,0.0,16.1,2220.0,0.4,184.0,0.8
2008-01-10,2360.0,3.5,7.5,2160.0,3.4,189.0,2.2
2008-01-11,2370.0,6.0,13.4,2340.0,2.3,194.0,3.4
2008-01-12,2510.0,0.0,8.6,2460.0,0.0,212.0,0.0
2008-01-13,2580.0,1.4,5.2,2410.0,0.7,199.0,0.4
2008-01-14,2450.0,0.5,4.4,2440.0,0.0,184.0,0.0
2008-01-15,2870.0,0.0,1.4,3980.0,0.1,170.0,0.2
2008-01-16,3560.0,0.0,0.3,3550.0,0.0,163.0,0.0
2008-01-17,3300.0,12.4,1.1,3050.0,13.6,161.0,13.8
2008-01-18,3100.0,0.3,3.7,2910.0,0.3,225.0,0.3
2008-01-19,3080.0,2.2,2.7,3020.0,0.9,275.0,0.6
2008-01-20,3050.0,1.6,-1.3,2930.0,0.2,256.0,0.1
2008-01-21,2830.0,0.0,-4.2,2630.0,0.0,209.0,0.0
2008-01-22,2590.0,0.7,-0.8,2300.0,0.0,170.0,0.0
2008-01-23,2360.0,2.2,3.2,2310.0,0.9,197.0,0.3
2008-01-24,2420.0,0.0,0.3,2120.0,0.0,195.0,0.0
2008-01-25,2200.0,0.0,-1.3,1850.0,0.0,172.0,0.0
2008-01-26,2040.0,0.0,-0.6,1920.0,0.0,153.0,0.2
2008-01-27,2080.0,0.0,1.3,1880.0,0.0,169.0,0.0
2008-01-28,2080.0,0.0,1.9,1890.0,0.0,166.0,0.0
2008-01-29,2040.0,0.1,5.2,1750.0,0.1,159.0,0.0
2008-01-30,2000.0,2.0,8.8,1750.0,2.7,164.0,2.4
2008-01-31,1950.0,0.0,1.1,1640.0,0.0,170.0,0.0
2008-02-01,2360.0,32.6,5.8,2050.0,28.3,356.0,28.2
2008-02-02,4260.0,0.0,4.8,4860.0,0.0,1220.0,0.0
2008-02-03,6250.0,0.0,6.8,6400.0,0.0,787.0,0.0
2008-02-04,9630.0,0.0,9.8,10800.0,0.0,534.0,0.0
2008-02-05,9680.0,1.6,14.0,7750.0,0.0,450.0,0.2
2008-02-06,7000.0,0.1,18.5,6080.0,0.2,430.0,0.2
2008-02-07,5730.0,2.8,14.1,5450.0,3.7,392.0,4.1
2008-02-08,5520.0,0.0,6.9,5410.0,0.0,345.0,0.0
2008-02-09,5150.0,0.0,8.0,4970.0,0.0,275.0,0.0
2008-02-10,4670.0,0.0,8.9,4670.0,0.0,245.0,0.0
2008-02-11,4420.0,0.0,-0.9,4460.0,0.0,224.0,0.0
2008-02-12,3900.0,0.2,-0.2,4000.0,0.1,198.0,0.1
2008-02-13,3980.0,18.0,5.7,4220.0,7.6,327.0,5.7
2008-02-14,5290.0,2.9,1.7,4850.0,0.9,1000.0,1.0
2008-02-15,6660.0,0.0,5.5,5000.0,0.0,768.0,0.0
2008-02-16,5910.0,0.0,6.3,5620.0,0.0,489.0,0.0
2008-02-17,5910.0,0.0,5.7,5340.0,0.0,434.0,0.0
2008-02-18,5400.0,9.1,16.1,4740.0,6.1,409.0,7.3
2008-02-19,4630.0,0.0,7.0,4800.0,0.0,431.0,0.0
2008-02-20,4520.0,0.3,4.1,4390.0,0.3,414.0,0.3
2008-02-21,4140.0,1.8,-0.4,3950.0,0.4,250.0,0.1
2008-02-22,3840.0,0.4,0.3,3920.0,0.0,365.0,0.0
2008-02-23,3880.0,0.0,3.5,3710.0,0.0,228.0,0.0
2008-02-24,3610.0,0.6,2.9,3510.0,0.2,264.0,0.1
2008-02-25,3370.0,0.7,5.2,3400.0,1.0,251.0,1.2
2008-02-26,3310.0,5.6,7.5,3130.0,4.9,289.0,5.3
2008-02-27,3130.0,0.0,5.9,3060.0,0.0,248.0,0.0
2008-02-28,3060.0,0.0,0.2,3090.0,0.0,216.0,0.0
2008-02-29,3020.0,0.0,0.9,2820.0,0.0,210.0,0.0
2008-03-01,2820.0,1.1,6.9,2680.0,0.4,199.0,0.5
2008-03-02,2780.0,0.0,4.4,2710.0,0.0,195.0,0.0
2008-03-03,2730.0,0.0,8.8,2530.0,0.0,187.0,0.0
2008-03-04,2630.0,0.0,16.6,2440.0,0.4,186.0,1.3
2008-03-05,4150.0,11.7,14.4,3780.0,23.2,1610.0,26.0
2008-03-06,8020.0,0.0,8.4,8550.0,0.0,1410.0,0.0
2008-03-07,9010.0,7.0,7.8,10100.0,6.3,793.0,6.8
2008-03-08,15300.0,23.8,12.0,12100.0,15.0,1060.0,10.9
2008-03-09,15000.0,0.0,3.5,12500.0,0.0,1410.0,0.0
2008-03-10,14200.0,0.0,5.1,10100.0,0.0,1010.0,0.0
2008-03-11,11400.0,1.3,8.1,9000.0,1.4,829.0,1.7
2008-03-12,9900.0,0.0,9.3,7210.0,0.0,710.0,0.0
2008-03-13,8100.0,0.0,9.3,6320.0,0.0,582.0,0.0
2008-03-14,7080.0,0.1,15.2,5370.0,0.1,480.0,0.1
2008-03-15,5980.0,0.6,13.9,4760.0,2.1,442.0,1.6
2008-03-16,5760.0,24.1,9.7,4440.0,13.7,494.0,12.2
2008-03-17,5510.0,0.0,6.1,4440.0,0.0,519.0,0.0
2008-03-18,5350.0,0.0,7.3,4130.0,0.0,366.0,0.0
2008-03-19,4850.0,0.3,15.9,4300.0,1.6,412.0,2.3
2008-03-20,5650.0,1.6,13.2,4780.0,2.2,521.0,2.6
2008-03-21,5840.0,0.0,8.7,5330.0,0.0,629.0,0.0
2008-03-22,6810.0,1.2,11.4,7230.0,0.7,506.0,0.7
2008-03-23,9590.0,0.0,6.5,7720.0,0.0,475.0,0.0
2008-03-24,8530.0,0.0,5.6,6600.0,1.1,431.0,1.5
2008-03-25,7330.0,0.0,5.3,5730.0,0.0,396.0,0.0
2008-03-26,6310.0,0.0,12.0,4700.0,0.0,323.0,0.0
2008-03-27,5180.0,0.0,15.0,4160.0,0.7,385.0,0.4
2008-03-28,4690.0,0.2,18.1,3530.0,0.4,355.0,0.1
2008-03-29,4200.0,0.0,9.8,3340.0,0.0,255.0,0.0
2008-03-30,3950.0,0.2,6.4,3080.0,0.6,287.0,1.4
2008-03-31,3660.0,1.6,9.8,2880.0,4.6,281.0,3.0
2008-04-01,4070.0,5.2,17.0,3980.0,7.2,396.0,4.5
2008-04-02,5580.0,0.0,13.4,5240.0,0.0,404.0,0.0
2008-04-03,5170.0,1.7,8.3,4670.0,3.7,364.0,3.5
2008-04-04,5170.0,7.8,11.2,4820.0,5.4,683.0,5.1
2008-04-05,6550.0,15.4,15.5,6340.0,7.2,802.0,6.0
2008-04-06,8470.0,12.4,9.7,9460.0,6.7,843.0,6.3
2008-04-07,14700.0,0.2,8.5,13700.0,0.0,1130.0,0.3
2008-04-08,14300.0,0.1,9.5,13100.0,0.1,887.0,0.0
2008-04-09,14300.0,0.0,12.0,12600.0,0.0,759.0,0.0
2008-04-10,12200.0,0.0,15.9,10700.0,0.0,760.0,0.0
2008-04-11,10500.0,0.0,18.6,9240.0,0.0,625.0,0.0
2008-04-12,9160.0,0.0,22.0,8100.0,4.5,582.0,1.4
2008-04-13,7910.0,0.0,14.9,6760.0,0.0,521.0,0.1
2008-04-14,6250.0,0.0,10.0,5950.0,0.0,467.0,0.0
2008-04-15,5860.0,0.0,9.1,5880.0,0.0,397.0,0.0
2008-04-16,5750.0,0.0,10.2,5410.0,0.0,386.0,0.0
2008-04-17,4870.0,0.0,13.0,4790.0,0.0,351.0,0.0
2008-04-18,4520.0,0.0,17.4,4390.0,0.0,337.0,0.0
2008-04-19,4150.0,0.0,19.3,4280.0,0.1,331.0,0.3
2008-04-20,4330.0,28.0,16.1,4090.0,28.1,380.0,21.8
2008-04-21,6660.0,23.1,14.5,5310.0,18.7,729.0,12.7
2008-04-22,9470.0,5.8,15.9,6750.0,3.6,1170.0,3.1
2008-04-23,9410.0,0.0,17.1,7650.0,0.1,1080.0,0.0
2008-04-24,9510.0,0.0,17.9,9230.0,0.1,908.0,0.0
2008-04-25,9930.0,0.0,19.6,8560.0,0.0,865.0,0.0
2008-04-26,8490.0,0.0,20.9,7090.0,0.0,546.0,0.6
2008-04-27,7300.0,5.8,17.2,7320.0,5.1,1230.0,3.9
2008-04-28,8940.0,17.2,15.4,9300.0,18.3,1880.0,18.7
2008-04-29,19200.0,9.6,12.7,22800.0,8.7,3290.0,13.9
2008-04-30,33600.0,0.0,11.2,34000.0,0.0,2050.0,0.0
2008-05-01,26900.0,0.0,14.1,21500.0,0.0,1460.0,0.0
2008-05-02,17900.0,0.0,19.6,14700.0,0.0,1230.0,0.0
2008-05-03,13700.0,0.2,20.7,11700.0,0.0,1030.0,0.2
2008-05-04,11200.0,1.3,20.2,9660.0,0.0,851.0,0.2
2008-05-05,9350.0,0.0,17.4,8280.0,0.0,697.0,0.0
2008-05-06,8050.0,0.0,17.6,7310.0,0.0,630.0,0.0
2008-05-07,6920.0,0.0,19.3,6140.0,0.0,526.0,0.0
2008-05-08,5730.0,3.0,20.9,5360.0,1.6,532.0,2.2
2008-05-09,7140.0,18.0,19.0,13900.0,25.9,6230.0,31.6
2008-05-10,21300.0,2.4,15.2,15900.0,2.4,3290.0,1.1
2008-05-11,12400.0,16.6,12.8,9590.0,21.3,2320.0,23.1
2008-05-12,16200.0,14.1,9.8,16300.0,14.6,3520.0,10.6
2008-05-13,18700.0,0.0,13.3,14900.0,0.0,2280.0,0.0
2008-05-14,15000.0,0.0,15.8,14200.0,0.0,1670.0,0.0
2008-05-15,14800.0,0.1,18.9,13000.0,0.5,1340.0,0.5
2008-05-16,12600.0,13.5,19.7,11000.0,6.0,1310.0,5.1
2008-05-17,10800.0,0.0,16.6,9140.0,0.0,1270.0,0.0
2008-05-18,8930.0,3.3,18.2,8000.0,1.5,996.0,0.9
2008-05-19,7870.0,0.3,15.8,7220.0,0.0,894.0,0.0
2008-05-20,6970.0,1.8,16.3,6650.0,3.5,778.0,3.6
2008-05-21,6380.0,0.0,15.5,6340.0,0.0,773.0,0.0
2008-05-22,5980.0,0.0,16.3,5780.0,0.0,636.0,0.0
2008-05-23,5410.0,0.0,15.7,5350.0,0.0,533.0,0.0
2008-05-24,5260.0,0.0,17.7,5480.0,0.0,465.0,0.0
2008-05-25,5140.0,0.0,17.6,5430.0,0.0,413.0,0.0
2008-05-26,4730.0,0.0,20.6,4580.0,0.0,377.0,0.0
2008-05-27,3910.0,1.0,24.1,3720.0,0.3,354.0,0.4
2008-05-28,3510.0,2.0,19.1,3570.0,2.9,344.0,1.3
2008-05-29,3390.0,0.0,16.7,3600.0,0.0,328.0,0.0
2008-05-30,3150.0,0.0,20.7,3250.0,0.0,294.0,0.0
2008-05-31,2880.0,1.7,25.1,2830.0,2.0,314.0,1.4
2008-06-01,2660.0,0.0,25.5,3050.0,0.0,256.0,0.0
2008-06-02,2690.0,0.0,22.5,2730.0,0.0,248.0,0.0
2008-06-03,2360.0,1.3,21.9,2400.0,2.1,231.0,2.5
2008-06-04,2720.0,1.7,26.2,2500.0,7.2,316.0,6.0
2008-06-05,2650.0,1.2,27.8,2900.0,1.0,898.0,1.0
2008-06-06,3070.0,0.0,27.3,3380.0,0.0,651.0,0.0
2008-06-07,2840.0,1.9,29.8,2640.0,1.6,336.0,0.6
2008-06-08,2520.0,0.0,30.0,2140.0,0.0,287.0,0.2
2008-06-09,2130.0,0.0,30.7,1960.0,0.0,244.0,0.0
2008-06-10,2020.0,0.0,31.0,1930.0,0.0,205.0,0.0
2008-06-11,1910.0,0.6,28.1,1750.0,0.0,186.0,0.0
2008-06-12,1740.0,0.0,26.9,1590.0,0.0,175.0,0.0
2008-06-13,1640.0,0.0,26.9,1440.0,0.0,149.0,0.0
2008-06-14,1450.0,2.2,27.8,1410.0,0.0,141.0,0.0
2008-06-15,1520.0,4.5,25.7,1570.0,2.4,175.0,0.6
2008-06-16,1580.0,0.0,26.2,1850.0,0.9,212.0,1.4
2008-06-17,1950.0,0.2,24.7,2040.0,0.1,478.0,0.1
2008-06-18,1830.0,0.0,22.3,1490.0,0.0,377.0,0.0
2008-06-19,1550.0,0.0,21.9,1450.0,0.0,210.0,0.0
2008-06-20,1510.0,0.0,23.3,1280.0,0.0,159.0,0.0
2008-06-21,1380.0,4.7,24.8,1200.0,0.0,146.0,0.4
2008-06-22,1300.0,4.7,24.1,1150.0,9.1,136.0,6.2
2008-06-23,1240.0,10.3,23.3,1140.0,17.8,208.0,16.0
2008-06-24,1200.0,0.6,23.5,1340.0,0.0,192.0,0.0
2008-06-25,1380.0,0.0,24.9,1580.0,0.0,145.0,0.0
2008-06-26,1470.0,0.0,27.9,1350.0,0.0,118.0,0.0
2008-06-27,1290.0,0.1,29.1,1220.0,0.2,103.0,0.0
2008-06-28,1210.0,0.2,28.6,1220.0,0.0,90.7,0.0
2008-06-29,1170.0,1.1,29.0,1070.0,0.3,81.6,0.2
2008-06-30,1020.0,2.0,26.9,1160.0,0.8,75.5,1.4
2008-07-01,1020.0,0.0,24.1,1160.0,0.2,96.8,0.1
2008-07-02,955.0,0.0,24.7,1270.0,0.0,77.7,0.0
2008-07-03,1020.0,0.0,26.5,1240.0,0.0,67.7,0.0
2008-07-04,1090.0,0.0,28.3,994.0,0.0,61.4,0.3
2008-07-05,1030.0,2.5,25.5,854.0,1.2,113.0,1.4
2008-07-06,1070.0,11.8,23.8,3160.0,13.6,1680.0,16.2
2008-07-07,3310.0,2.1,24.4,3400.0,6.1,526.0,4.3
2008-07-08,2960.0,3.4,25.5,2910.0,3.7,379.0,2.0
2008-07-09,2620.0,6.3,24.4,2460.0,4.1,370.0,3.4
2008-07-10,2470.0,3.1,25.7,2650.0,7.2,612.0,5.3
2008-07-11,2440.0,0.0,25.9,2190.0,0.1,323.0,0.2
2008-07-12,2000.0,0.0,26.3,2030.0,0.1,175.0,0.2
2008-07-13,1830.0,0.3,26.3,1530.0,0.2,132.0,0.4
2008-07-14,1590.0,8.4,24.4,1610.0,13.3,142.0,13.8
2008-07-15,1580.0,0.0,24.4,1320.0,0.0,159.0,0.0
2008-07-16,1370.0,0.0,25.4,1220.0,0.0,147.0,0.0
2008-07-17,1260.0,0.0,26.3,1510.0,0.0,120.0,0.0
2008-07-18,1400.0,0.0,27.4,1430.0,0.0,101.0,0.0
2008-07-19,1340.0,0.3,27.4,1300.0,0.1,90.0,0.0
2008-07-20,1270.0,0.0,28.5,1160.0,0.0,78.7,0.0
2008-07-21,1130.0,0.0,29.2,1020.0,0.0,72.1,0.0
2008-07-22,995.0,2.0,30.3,923.0,3.5,67.1,2.8
2008-07-23,917.0,8.7,28.3,910.0,10.7,71.9,12.1
2008-07-24,911.0,13.4,24.4,1130.0,3.6,216.0,1.3
2008-07-25,956.0,0.0,24.8,1470.0,0.0,76.0,0.0
2008-07-26,1220.0,0.0,25.4,2110.0,0.0,69.9,0.0
2008-07-27,1550.0,13.7,26.2,1660.0,6.2,65.2,2.4
2008-07-28,1380.0,0.2,25.2,1370.0,0.0,60.1,0.0
2008-07-29,1170.0,3.5,25.8,1230.0,3.7,58.0,1.9
2008-07-30,1040.0,0.0,28.0,1190.0,0.0,56.7,0.0
2008-07-31,1000.0,0.0,28.4,903.0,0.0,54.7,0.0
2008-08-01,861.0,0.0,27.9,967.0,0.0,55.8,0.0
2008-08-02,817.0,1.4,28.1,988.0,2.5,53.0,1.2
2008-08-03,835.0,0.0,26.4,1020.0,0.0,53.2,0.0
2008-08-04,849.0,0.0,26.2,749.0,0.0,52.5,0.0
2008-08-05,764.0,0.0,27.1,870.0,0.0,50.8,0.0
2008-08-06,726.0,0.1,28.6,735.0,0.1,48.4,0.0
2008-08-07,717.0,0.0,28.2,789.0,0.0,47.1,0.0
2008-08-08,660.0,0.0,26.0,842.0,0.0,47.1,0.0
2008-08-09,719.0,0.0,24.9,675.0,0.0,44.7,0.0
2008-08-10,609.0,0.8,25.5,642.0,0.3,41.7,0.7
2008-08-11,584.0,0.9,23.6,736.0,0.0,39.3,0.0
2008-08-12,596.0,0.0,23.8,645.0,0.0,38.7,0.0
2008-08-13,589.0,0.0,24.1,633.0,0.5,37.2,0.3
2008-08-14,556.0,0.7,24.1,637.0,0.0,35.2,0.0
2008-08-15,550.0,3.0,24.2,561.0,0.7,33.7,1.1
2008-08-16,552.0,0.0,24.6,474.0,1.5,34.0,3.2
2008-08-17,477.0,0.1,24.5,535.0,0.0,32.8,0.0
2008-08-18,440.0,0.0,25.4,697.0,0.0,31.6,0.0
2008-08-19,510.0,0.0,27.6,675.0,0.0,30.9,0.0
2008-08-20,583.0,0.0,26.0,761.0,0.0,32.2,0.0
2008-08-21,568.0,0.0,24.5,706.0,0.0,30.6,0.0
2008-08-22,662.0,0.0,23.3,576.0,0.0,30.0,0.0
2008-08-23,564.0,0.3,23.9,548.0,0.2,31.7,0.0
2008-08-24,504.0,0.1,25.0,550.0,0.0,30.8,0.0
2008-08-25,502.0,0.0,26.9,556.0,0.0,27.1,0.0
2008-08-26,540.0,4.8,24.0,593.0,1.0,26.1,0.8
2008-08-27,650.0,6.5,21.0,610.0,11.9,30.9,18.3
2008-08-28,1370.0,22.6,21.3,1110.0,22.5,952.0,27.8
2008-08-29,2780.0,6.1,23.3,7330.0,4.9,925.0,3.7
2008-08-30,7620.0,0.5,24.4,6480.0,0.4,503.0,0.3
2008-08-31,5160.0,0.6,25.3,4410.0,0.4,239.0,0.1
2008-09-01,3390.0,0.0,23.9,2940.0,0.0,174.0,0.0
2008-09-02,2370.0,0.0,23.8,1990.0,0.0,148.0,0.0
2008-09-03,1780.0,0.0,26.0,1580.0,0.0,114.0,0.0
2008-09-04,1510.0,0.0,26.9,1440.0,0.0,94.5,0.0
2008-09-05,1410.0,20.2,24.6,1060.0,10.4,81.7,6.6
2008-09-06,2730.0,38.6,23.2,3810.0,77.9,1870.0,103.5
2008-09-07,15800.0,0.0,23.8,16800.0,0.0,1270.0,0.0
2008-09-08,12200.0,0.0,24.1,7170.0,0.0,417.0,0.0
2008-09-09,5280.0,1.1,24.5,3720.0,2.5,238.0,3.2
2008-09-10,3100.0,0.8,21.1,3020.0,0.1,186.0,0.5
2008-09-11,2600.0,0.6,20.8,1820.0,0.3,157.0,0.7
2008-09-12,1880.0,0.4,22.7,1100.0,0.6,144.0,0.3
2008-09-13,1420.0,0.4,25.8,1320.0,0.0,141.0,0.0
2008-09-14,1440.0,0.0,27.5,1350.0,0.0,136.0,0.0
2008-09-15,1460.0,0.0,27.3,1180.0,0.0,123.0,0.0
2008-09-16,1310.0,5.8,21.4,1070.0,6.0,108.0,4.6
2008-09-17,1260.0,0.0,19.5,971.0,0.0,94.6,0.0
2008-09-18,1170.0,0.0,20.1,750.0,0.0,87.4,0.0
2008-09-19,1030.0,0.0,19.9,1030.0,0.7,82.2,0.3
2008-09-20,1090.0,0.0,17.3,866.0,0.0,79.0,0.0
2008-09-21,1070.0,0.0,18.5,743.0,0.0,76.6,0.0
2008-09-22,960.0,0.0,20.6,685.0,0.0,74.3,0.0
2008-09-23,892.0,0.0,19.9,673.0,0.0,74.2,0.0
2008-09-24,861.0,0.0,17.8,639.0,0.0,74.3,0.0
2008-09-25,868.0,24.3,16.0,536.0,15.0,72.2,12.8
2008-09-26,1820.0,8.6,17.5,856.0,4.2,156.0,6.6
2008-09-27,1790.0,1.1,21.6,2540.0,2.7,291.0,12.5
2008-09-28,3070.0,1.2,21.3,3860.0,1.0,768.0,1.6
2008-09-29,3790.0,0.0,20.9,3720.0,0.0,510.0,0.0
2008-09-30,3080.0,3.2,20.1,2730.0,1.5,301.0,0.9
2008-10-01,2400.0,4.4,18.8,2170.0,0.3,221.0,0.1
2008-10-02,1940.0,0.0,15.4,2000.0,0.0,188.0,0.0
2008-10-03,1740.0,0.0,15.3,1660.0,0.0,165.0,0.0
2008-10-04,1430.0,0.0,17.3,1410.0,0.0,141.0,0.0
2008-10-05,1280.0,0.0,19.0,1510.0,0.0,125.0,0.0
2008-10-06,1310.0,0.0,18.5,1340.0,0.0,117.0,0.0
2008-10-07,1180.0,0.0,15.7,1110.0,0.0,111.0,0.0
2008-10-08,976.0,0.0,15.3,800.0,0.0,105.0,0.0
2008-10-09,896.0,4.2,19.3,929.0,0.4,99.0,0.3
2008-10-10,954.0,0.0,20.1,877.0,0.0,97.0,0.0
2008-10-11,990.0,0.0,18.4,857.0,0.0,96.3,0.0
2008-10-12,936.0,0.0,17.6,851.0,0.0,91.2,0.0
2008-10-13,916.0,0.0,17.7,820.0,0.0,88.8,0.0
2008-10-14,892.0,0.0,20.0,811.0,0.0,88.3,0.0
2008-10-15,876.0,0.0,21.2,738.0,0.0,89.9,0.0
2008-10-16,849.0,0.0,22.7,690.0,0.0,88.3,0.0
2008-10-17,849.0,15.1,16.0,703.0,12.6,90.8,11.3
2008-10-18,897.0,3.2,12.7,735.0,0.2,112.0,0.0
2008-10-19,861.0,0.0,11.9,824.0,0.0,105.0,0.0
2008-10-20,885.0,0.0,10.1,1110.0,0.0,103.0,0.0
2008-10-21,1050.0,0.0,13.0,1350.0,0.0,95.5,0.0
2008-10-22,1200.0,0.0,10.6,1140.0,0.0,91.6,0.0
2008-10-23,1140.0,0.0,9.0,985.0,0.0,88.1,0.0
2008-10-24,1010.0,0.0,11.6,792.0,0.0,86.5,0.2
2008-10-25,935.0,8.3,16.1,717.0,11.2,92.7,14.2
2008-10-26,867.0,0.0,13.4,852.0,0.0,579.0,0.0
2008-10-27,926.0,3.5,10.6,2530.0,3.0,446.0,2.7
2008-10-28,2340.0,0.8,7.1,2250.0,0.5,274.0,0.3
2008-10-29,2180.0,0.0,7.9,1710.0,0.0,210.0,0.0
2008-10-30,1800.0,0.0,6.6,1470.0,0.0,176.0,0.0
2008-10-31,1610.0,0.0,8.4,1290.0,0.0,154.0,0.0
2008-11-01,1460.0,0.0,12.7,1150.0,0.0,144.0,0.0
2008-11-02,1340.0,0.0,13.2,1130.0,0.0,140.0,0.0
2008-11-03,1300.0,0.0,14.1,1080.0,0.0,137.0,0.0
2008-11-04,1290.0,21.6,13.6,1070.0,11.9,134.0,12.3
2008-11-05,1310.0,19.4,14.1,1030.0,18.1,134.0,17.2
2008-11-06,1240.0,3.5,16.1,1020.0,0.9,139.0,0.2
2008-11-07,1250.0,0.0,16.9,1180.0,0.0,139.0,0.0
2008-11-08,1340.0,3.4,15.7,1220.0,2.7,131.0,2.5
2008-11-09,1320.0,0.0,12.2,1100.0,0.0,130.0,0.0
2008-11-10,1230.0,0.0,8.4,1120.0,0.0,128.0,0.0
2008-11-11,1230.0,0.0,5.7,1100.0,0.0,119.0,0.0
2008-11-12,1200.0,0.3,7.6,1120.0,0.2,118.0,0.3
2008-11-13,1240.0,22.4,9.5,970.0,12.5,161.0,9.7
2008-11-14,1290.0,2.2,11.3,1560.0,0.1,525.0,0.0
2008-11-15,3070.0,30.3,17.2,2890.0,13.4,564.0,11.3
2008-11-16,3800.0,0.0,10.3,3770.0,0.0,646.0,0.0
2008-11-17,3780.0,0.0,5.4,4250.0,0.0,501.0,0.0
2008-11-18,4140.0,0.2,3.0,3670.0,0.2,383.0,0.0
2008-11-19,3370.0,0.0,1.1,2940.0,0.0,312.0,0.0
2008-11-20,2770.0,0.0,3.8,2480.0,0.0,246.0,0.0
2008-11-21,2390.0,0.2,3.0,1800.0,0.0,255.0,0.0
2008-11-22,1900.0,0.0,0.1,1720.0,0.0,230.0,0.0
2008-11-23,1840.0,0.0,0.9,1630.0,0.0,157.0,0.0
2008-11-24,1780.0,0.0,3.1,1460.0,0.1,188.0,0.6
2008-11-25,1700.0,7.7,6.6,1310.0,6.3,197.0,5.9
2008-11-26,1580.0,0.0,4.2,1590.0,0.0,234.0,0.0
2008-11-27,1770.0,0.0,3.6,1670.0,0.0,206.0,0.0
2008-11-28,1840.0,0.0,6.9,1490.0,0.0,146.0,0.0
2008-11-29,1710.0,0.0,5.5,1290.0,0.0,170.0,0.0
2008-11-30,1730.0,21.2,5.3,1410.0,19.8,190.0,19.7
2008-12-01,2080.0,4.3,8.1,2030.0,4.7,364.0,4.9
2008-12-02,2690.0,0.0,4.9,3450.0,0.0,461.0,0.0
2008-12-03,3620.0,0.0,2.4,3030.0,0.0,327.0,0.0
2008-12-04,3070.0,0.0,5.9,2520.0,0.0,287.0,0.0
2008-12-05,2670.0,1.4,5.1,2260.0,1.7,226.0,1.4
2008-12-06,2450.0,0.0,0.4,1990.0,0.2,210.0,0.2
2008-12-07,2220.0,0.1,0.7,1880.0,0.0,225.0,0.0
2008-12-08,2100.0,0.0,-1.4,1730.0,0.0,216.0,0.0
2008-12-09,2030.0,0.0,4.6,1640.0,0.0,207.0,0.0
2008-12-10,1960.0,0.7,16.0,1510.0,5.2,210.0,6.8
2008-12-11,2930.0,47.2,11.5,1910.0,48.5,336.0,47.5
2008-12-12,12800.0,33.4,6.2,14100.0,26.9,3570.0,20.8
2008-12-13,21800.0,0.0,1.3,15300.0,0.0,1600.0,0.0
2008-12-14,12900.0,0.0,2.3,11400.0,0.0,966.0,0.0
2008-12-15,10900.0,0.0,12.4,8670.0,0.2,722.0,0.0
2008-12-16,7890.0,11.6,9.0,6350.0,10.8,653.0,8.2
2008-12-17,6810.0,0.4,7.3,5810.0,0.9,745.0,1.1
2008-12-18,6320.0,0.0,8.2,5980.0,0.3,832.0,0.1
2008-12-19,6050.0,1.7,9.5,5260.0,2.9,694.0,2.6
2008-12-20,5280.0,0.3,9.6,5800.0,0.1,648.0,0.4
2008-12-21,6390.0,9.2,4.7,6030.0,7.3,711.0,6.0
2008-12-22,6060.0,0.0,-1.7,5890.0,0.0,735.0,0.0
2008-12-23,5720.0,0.0,-3.3,5250.0,0.0,605.0,0.0
2008-12-24,4970.0,0.0,5.2,4730.0,0.0,484.0,0.0
2008-12-25,4610.0,1.1,12.3,4660.0,2.0,492.0,2.0
2008-12-26,4440.0,0.0,3.7,4180.0,1.0,421.0,0.4
2008-12-27,3920.0,0.0,8.9,3760.0,0.0,359.0,0.0
2008-12-28,3580.0,0.7,16.2,3600.0,1.4,383.0,0.8
2008-12-29,3420.0,0.0,10.0,3430.0,0.0,352.0,0.0
2008-12-30,3260.0,0.0,7.8,3190.0,0.0,325.0,0.0
2008-12-31,3020.0,0.0,6.6,2790.0,0.0,317.0,0.0
2009-01-01,2690.0,0.0,-1.1,2560.0,0.0,217.0,0.0
2009-01-02,2540.0,2.0,0.6,2370.0,1.1,234.0,0.9
2009-01-03,2430.0,0.0,3.5,2300.0,0.0,296.0,0.0
2009-01-04,2350.0,0.0,3.5,2120.0,0.0,221.0,0.0
2009-01-05,2210.0,0.0,9.6,2060.0,0.0,231.0,0.0
2009-01-06,2190.0,12.4,4.3,2210.0,7.8,238.0,7.4
2009-01-07,2610.0,17.3,6.9,3470.0,28.4,1180.0,28.1
2009-01-08,8230.0,1.8,5.4,11700.0,1.3,1580.0,0.5
2009-01-09,14700.0,0.0,1.1,16100.0,0.0,981.0,0.0
2009-01-10,16900.0,1.1,3.2,13100.0,1.3,747.0,1.5
2009-01-11,11300.0,6.6,8.0,8970.0,5.8,659.0,4.2
2009-01-12,8490.0,0.0,2.3,7140.0,0.0,571.0,0.0
2009-01-13,6990.0,0.0,1.2,5980.0,0.0,494.0,0.0
2009-01-14,5890.0,0.0,0.1,5700.0,0.0,473.0,0.0
2009-01-15,5720.0,0.0,-0.6,5270.0,0.0,382.0,0.0
2009-01-16,5210.0,0.0,-6.6,4810.0,0.0,325.0,0.0
2009-01-17,4280.0,0.0,-7.6,3690.0,0.0,219.0,0.0
2009-01-18,3480.0,0.0,0.1,3640.0,0.0,315.0,0.0
2009-01-19,3590.0,0.1,0.6,3480.0,0.0,315.0,0.0
2009-01-20,3250.0,0.0,-1.9,3330.0,0.0,306.0,0.0
2009-01-21,3140.0,0.0,-2.7,3200.0,0.0,302.0,0.0
2009-01-22,3070.0,0.0,-0.4,3000.0,0.0,291.0,0.0
2009-01-23,2930.0,0.0,3.1,2740.0,0.0,274.0,0.0
2009-01-24,2790.0,0.0,6.0,2780.0,0.0,276.0,0.0
2009-01-25,2800.0,0.0,-1.4,2630.0,0.0,256.0,0.0
2009-01-26,2620.0,0.0,-0.3,2340.0,0.0,248.0,0.0
2009-01-27,2410.0,7.9,-0.3,2350.0,9.3,246.0,9.7
2009-01-28,2730.0,7.0,5.3,2750.0,8.7,314.0,9.4
2009-01-29,3530.0,0.2,1.6,3430.0,0.0,371.0,0.0
2009-01-30,3910.0,0.0,0.5,3940.0,0.0,344.0,0.0
2009-01-31,4170.0,0.0,-1.1,3990.0,0.0,299.0,0.0
2009-02-01,4230.0,0.0,4.7,4200.0,0.0,268.0,0.0
2009-02-02,4180.0,0.0,8.7,4090.0,0.8,270.0,0.9
2009-02-03,4060.0,4.9,3.2,3660.0,4.5,300.0,5.1
2009-02-04,3640.0,0.1,-1.0,3470.0,0.0,339.0,0.0
2009-02-05,3560.0,0.0,-3.7,3430.0,0.0,281.0,0.0
2009-02-06,3290.0,0.0,-1.8,3080.0,0.0,255.0,0.0
2009-02-07,2960.0,0.0,4.1,2570.0,0.0,206.0,0.0
2009-02-08,2700.0,0.0,11.8,2680.0,0.0,235.0,0.0
2009-02-09,2770.0,0.0,7.2,2870.0,0.0,264.0,0.0
2009-02-10,2860.0,0.0,10.0,2360.0,0.0,277.0,0.0
2009-02-11,2380.0,0.0,14.8,2500.0,0.0,266.0,0.0
2009-02-12,2690.0,0.0,14.7,2840.0,0.0,313.0,0.1
2009-02-13,2710.0,0.0,9.0,2870.0,0.0,295.0,0.0
2009-02-14,2720.0,0.3,5.6,2900.0,0.0,236.0,0.0
2009-02-15,2690.0,0.0,4.8,2190.0,0.0,189.0,0.0
2009-02-16,2420.0,0.0,2.3,2750.0,0.0,236.0,0.0
2009-02-17,2860.0,0.0,0.9,2670.0,0.0,233.0,0.0
2009-02-18,2780.0,3.2,3.3,2840.0,3.8,265.0,4.0
2009-02-19,2910.0,0.2,8.9,2620.0,0.0,276.0,0.0
2009-02-20,2710.0,0.0,0.4,2760.0,0.0,267.0,0.0
2009-02-21,2810.0,0.0,0.8,2590.0,0.0,214.0,0.0
2009-02-22,2640.0,0.9,4.1,2400.0,0.4,156.0,0.3
2009-02-23,2460.0,0.0,0.8,2350.0,0.0,202.0,0.0
2009-02-24,2460.0,0.0,-0.1,2520.0,0.0,239.0,0.0
2009-02-25,2560.0,0.0,1.3,2420.0,0.0,236.0,0.0
2009-02-26,2460.0,0.0,5.1,2280.0,0.0,166.0,0.0
2009-02-27,2330.0,0.8,12.2,2260.0,0.6,153.0,1.8
2009-02-28,2350.0,4.5,8.0,2080.0,2.2,206.0,1.6
2009-03-01,2400.0,20.8,1.1,2210.0,17.8,226.0,15.9
2009-03-02,2730.0,23.2,-1.8,2510.0,18.2,278.0,16.1
2009-03-03,2940.0,0.0,-8.4,2940.0,0.0,323.0,0.0
2009-03-04,3050.0,0.0,-8.2,2600.0,0.0,276.0,0.0
2009-03-05,2810.0,0.0,-1.0,2770.0,0.0,199.0,0.0
2009-03-06,3090.0,0.0,8.1,2530.0,0.0,206.0,0.0
2009-03-07,3350.0,0.0,15.8,3400.0,0.0,270.0,0.0
2009-03-08,4050.0,0.0,18.8,3420.0,0.0,265.0,0.0
2009-03-09,3620.0,0.0,19.3,3250.0,0.0,265.0,0.0
2009-03-10,3510.0,0.0,10.3,3380.0,0.2,246.0,0.4
2009-03-11,3580.0,0.0,14.2,3410.0,0.0,266.0,0.0
2009-03-12,3470.0,0.0,9.6,3290.0,0.0,250.0,0.0
2009-03-13,3410.0,5.3,3.6,3170.0,7.2,174.0,7.0
2009-03-14,3370.0,8.2,3.1,3150.0,7.8,238.0,7.4
2009-03-15,3740.0,10.9,4.4,3700.0,9.2,374.0,9.6
2009-03-16,5210.0,0.8,6.9,5400.0,1.1,535.0,1.4
2009-03-17,7930.0,7.3,7.5,7940.0,7.1,893.0,5.5
2009-03-18,13000.0,0.0,9.0,13300.0,0.0,802.0,0.0
2009-03-19,14100.0,1.0,11.6,12300.0,1.5,688.0,1.2
2009-03-20,12300.0,0.5,7.1,10200.0,0.0,586.0,0.0
2009-03-21,9950.0,0.0,4.6,8310.0,0.0,497.0,0.0
2009-03-22,8070.0,0.0,6.7,6650.0,0.0,434.0,0.0
2009-03-23,6750.0,0.0,7.9,5930.0,0.0,397.0,0.0
2009-03-24,6020.0,0.0,4.5,5390.0,0.0,362.0,0.0
2009-03-25,5360.0,0.0,3.6,4650.0,0.0,333.0,0.0
2009-03-26,4740.0,3.8,8.2,4430.0,5.6,340.0,6.3
2009-03-27,4710.0,6.1,12.2,4250.0,3.0,436.0,3.2
2009-03-28,5650.0,14.5,10.3,5410.0,12.7,624.0,12.7
2009-03-29,6890.0,7.0,17.4,6330.0,6.1,771.0,8.0
2009-03-30,7540.0,0.0,11.5,7180.0,0.0,741.0,0.0
2009-03-31,8200.0,0.0,9.8,8230.0,0.0,633.0,0.0
2009-04-01,8800.0,4.1,12.0,7750.0,4.8,625.0,4.6
2009-04-02,7990.0,2.4,14.7,6930.0,4.4,524.0,3.3
2009-04-03,7420.0,6.6,16.7,6630.0,7.8,765.0,10.7
2009-04-04,8480.0,0.0,13.4,10200.0,0.0,2380.0,0.0
2009-04-05,15900.0,0.0,13.2,17200.0,0.0,1470.0,0.0
2009-04-06,17400.0,7.3,16.4,14500.0,1.8,1060.0,1.2
2009-04-07,13700.0,0.2,8.6,11700.0,0.5,906.0,0.0
2009-04-08,11400.0,0.0,7.0,9600.0,0.0,750.0,0.0
2009-04-09,9720.0,0.0,10.2,8430.0,0.0,614.0,0.0
2009-04-10,8480.0,0.3,14.3,7250.0,0.5,539.0,0.2
2009-04-11,7450.0,13.3,13.4,6490.0,9.0,509.0,8.4
2009-04-12,6670.0,0.0,9.2,5810.0,0.0,480.0,0.0
2009-04-13,6200.0,0.0,8.6,5400.0,0.6,366.0,1.1
2009-04-14,5930.0,13.9,10.0,5000.0,9.1,512.0,7.0
2009-04-15,5750.0,2.1,9.1,5100.0,3.1,591.0,3.0
2009-04-16,6020.0,1.7,9.1,5100.0,1.4,530.0,1.2
2009-04-17,5690.0,0.0,11.7,4550.0,0.0,474.0,0.0
2009-04-18,5170.0,0.0,15.8,4480.0,0.0,403.0,0.0
2009-04-19,4850.0,0.4,17.2,4100.0,0.3,376.0,0.2
2009-04-20,4820.0,16.1,14.9,4600.0,24.9,1240.0,24.0
2009-04-21,9470.0,2.1,15.9,12700.0,4.2,1890.0,4.6
2009-04-22,15500.0,2.0,12.4,15500.0,1.6,1410.0,0.8
2009-04-23,18100.0,0.0,12.5,15700.0,0.0,1150.0,0.0
2009-04-24,14600.0,0.0,14.8,12200.0,0.0,933.0,0.0
2009-04-25,11900.0,0.4,22.6,10000.0,0.0,814.0,0.3
2009-04-26,10000.0,0.1,24.2,8580.0,0.0,658.0,0.0
2009-04-27,8670.0,0.0,23.9,7540.0,0.0,656.0,0.0
2009-04-28,7590.0,0.0,22.7,6400.0,0.0,566.0,0.0
2009-04-29,6510.0,0.0,19.3,5730.0,0.0,547.0,0.0
2009-04-30,5900.0,2.5,14.5,5000.0,0.5,509.0,1.2
2009-05-01,5140.0,2.1,20.2,4530.0,0.7,522.0,0.5
2009-05-02,4850.0,7.5,21.4,4450.0,13.6,463.0,5.2
2009-05-03,4960.0,14.7,18.4,5380.0,10.9,913.0,12.3
2009-05-04,6820.0,13.2,16.8,7210.0,8.6,1500.0,7.4
2009-05-05,9400.0,19.8,13.5,10600.0,12.8,1490.0,10.4
2009-05-06,20300.0,5.8,15.8,22500.0,1.5,1360.0,1.7
2009-05-07,24700.0,15.8,20.7,25900.0,13.4,4940.0,8.9
2009-05-08,28500.0,0.1,20.4,23500.0,0.0,2510.0,0.0
2009-05-09,23600.0,2.3,23.6,21900.0,1.3,1620.0,2.0
2009-05-10,20700.0,0.0,20.7,18000.0,0.0,1060.0,0.0
2009-05-11,18300.0,2.3,15.1,17500.0,3.9,881.0,4.2
2009-05-12,17500.0,0.0,14.4,15000.0,0.0,918.0,0.0
2009-05-13,14100.0,0.0,15.8,11800.0,0.0,648.0,0.0
2009-05-14,11100.0,0.0,18.3,9530.0,0.0,520.0,0.0
2009-05-15,9170.0,8.6,21.0,8050.0,13.4,743.0,6.5
2009-05-16,11100.0,0.3,21.8,11900.0,3.4,758.0,1.6
2009-05-17,11000.0,8.5,18.1,11000.0,3.8,2140.0,2.1
2009-05-18,16200.0,0.4,14.0,20000.0,0.0,1470.0,0.0
2009-05-19,22900.0,0.0,13.1,18900.0,0.0,953.0,0.0
2009-05-20,15500.0,0.0,14.8,12600.0,0.0,734.0,0.0
2009-05-21,11700.0,0.0,17.0,9950.0,0.0,600.0,0.0
2009-05-22,9500.0,0.0,20.2,8320.0,0.0,509.0,0.0
2009-05-23,7930.0,0.0,22.3,6960.0,0.0,415.0,0.0
2009-05-24,6680.0,0.0,23.2,5870.0,0.0,382.0,0.2
2009-05-25,5640.0,1.6,23.0,5140.0,1.9,359.0,1.4
2009-05-26,5210.0,1.7,22.3,4890.0,1.0,715.0,1.7
2009-05-27,5430.0,1.0,21.8,6720.0,5.8,1350.0,5.7
2009-05-28,8300.0,8.8,22.5,8750.0,4.5,1070.0,6.3
2009-05-29,10000.0,12.1,23.1,9700.0,10.1,993.0,10.8
2009-05-30,10700.0,0.6,21.3,11100.0,1.3,1300.0,0.3
2009-05-31,11900.0,0.0,22.4,11700.0,0.0,844.0,0.0
2009-06-01,11200.0,0.0,21.5,9900.0,0.0,734.0,0.0
2009-06-02,8840.0,0.5,25.0,8230.0,0.0,555.0,0.0
2009-06-03,7610.0,3.6,25.9,7170.0,1.5,512.0,0.8
2009-06-04,6890.0,9.4,20.4,6200.0,6.8,757.0,9.0
2009-06-05,6690.0,39.9,17.8,6890.0,39.6,1590.0,40.3
2009-06-06,9820.0,1.0,18.1,11700.0,0.2,2030.0,0.2
2009-06-07,14700.0,0.0,20.6,14100.0,0.0,1270.0,0.0
2009-06-08,13100.0,0.0,23.5,11100.0,0.0,886.0,0.0
2009-06-09,10100.0,3.7,24.7,8660.0,11.6,796.0,5.8
2009-06-10,8530.0,0.3,23.2,8810.0,0.1,967.0,0.0
2009-06-11,9820.0,7.6,24.6,9320.0,0.1,1360.0,0.2
2009-06-12,8340.0,5.8,24.2,7500.0,4.6,839.0,6.4
2009-06-13,7070.0,2.3,24.0,7160.0,0.5,700.0,0.2
2009-06-14,6700.0,2.2,23.4,7350.0,0.2,863.0,0.3
2009-06-15,7720.0,0.1,22.0,7920.0,2.2,762.0,1.4
2009-06-16,7230.0,1.0,21.6,7720.0,0.9,659.0,1.5
2009-06-17,7150.0,9.1,20.0,6690.0,12.9,728.0,15.5
2009-06-18,6910.0,4.7,22.5,9620.0,5.2,2550.0,5.2
2009-06-19,12800.0,0.0,24.8,13100.0,0.0,1770.0,0.3
2009-06-20,14000.0,0.8,26.9,12300.0,0.8,1210.0,1.6
2009-06-21,11200.0,0.0,25.8,9350.0,0.0,918.0,0.0
2009-06-22,8450.0,0.8,24.3,7450.0,0.1,713.0,0.0
2009-06-23,6710.0,0.2,23.8,6220.0,0.0,520.0,0.0
2009-06-24,5490.0,0.0,25.0,5210.0,0.0,434.0,0.0
2009-06-25,4680.0,0.0,25.9,4260.0,0.0,355.0,0.0
2009-06-26,4120.0,2.0,26.5,3900.0,1.8,341.0,2.9
2009-06-27,4430.0,0.1,25.6,6710.0,0.0,381.0,0.0
2009-06-28,6270.0,0.0,24.5,4130.0,0.0,313.0,0.2
2009-06-29,3640.0,0.0,26.2,3000.0,0.0,277.0,0.0
2009-06-30,3030.0,0.0,25.9,2570.0,0.0,257.0,0.0
2009-07-01,2670.0,0.0,26.3,2420.0,0.0,232.0,0.0
2009-07-02,2740.0,0.0,24.6,2480.0,0.5,400.0,1.0
2009-07-03,2720.0,0.0,23.7,2580.0,0.0,302.0,0.0
2009-07-04,2670.0,0.0,23.9,2280.0,0.0,240.0,0.0
2009-07-05,2500.0,1.7,22.4,2240.0,0.5,226.0,0.1
2009-07-06,2570.0,0.0,23.2,2420.0,0.0,266.0,0.0
2009-07-07,2650.0,0.0,25.2,2920.0,0.0,259.0,0.0
2009-07-08,3060.0,0.0,25.3,3090.0,0.0,213.0,0.0
2009-07-09,3170.0,0.0,24.2,3290.0,0.0,194.0,0.0
2009-07-10,3070.0,0.0,23.1,2650.0,0.0,166.0,0.0
2009-07-11,2580.0,0.4,23.9,2280.0,0.4,175.0,1.9
2009-07-12,2290.0,12.4,25.8,2110.0,3.8,179.0,2.6
2009-07-13,2300.0,0.3,24.6,1930.0,0.0,191.0,0.0
2009-07-14,2080.0,0.0,24.9,2030.0,0.0,175.0,0.0
2009-07-15,2150.0,0.0,24.5,1880.0,0.0,149.0,0.0
2009-07-16,1920.0,0.0,27.4,1660.0,0.2,133.0,0.2
2009-07-17,1820.0,6.0,26.5,1590.0,3.9,128.0,2.9
2009-07-18,1790.0,1.2,24.9,1480.0,0.5,231.0,1.1
2009-07-19,1760.0,0.0,23.8,1800.0,0.0,186.0,0.0
2009-07-20,1980.0,1.4,23.3,1700.0,3.2,153.0,5.2
2009-07-21,1930.0,0.0,23.7,1790.0,0.8,230.0,2.6
2009-07-22,2060.0,0.0,25.4,2520.0,0.1,178.0,0.1
2009-07-23,2390.0,2.4,25.7,2100.0,0.2,162.0,0.4
2009-07-24,2180.0,1.5,26.4,1810.0,0.0,189.0,0.0
2009-07-25,1900.0,0.0,26.7,1470.0,0.0,139.0,0.0
2009-07-26,1680.0,2.0,28.6,1980.0,2.1,129.0,1.0
2009-07-27,2280.0,4.9,26.1,1820.0,5.3,127.0,5.5
2009-07-28,1920.0,1.4,26.4,1480.0,1.2,133.0,0.9
2009-07-29,1750.0,12.6,26.3,1700.0,10.3,122.0,11.4
2009-07-30,1920.0,4.0,26.3,1890.0,0.4,193.0,0.2
2009-07-31,2130.0,8.2,27.0,2390.0,6.7,171.0,7.0
2009-08-01,2460.0,0.7,26.0,2420.0,0.0,145.0,0.1
2009-08-02,2400.0,5.5,25.5,2290.0,4.0,121.0,2.1
2009-08-03,2330.0,1.0,25.7,2170.0,2.4,112.0,0.9
2009-08-04,2170.0,0.0,27.3,1850.0,0.0,118.0,0.0
2009-08-05,1930.0,2.1,27.9,1820.0,1.6,105.0,1.6
2009-08-06,2040.0,11.8,23.3,2050.0,15.0,96.2,16.1
2009-08-07,2170.0,0.0,22.9,2630.0,0.0,443.0,0.0
2009-08-08,2630.0,0.9,24.3,2590.0,0.0,209.0,0.0
2009-08-09,2440.0,0.0,28.1,2550.0,0.0,142.0,0.0
2009-08-10,2470.0,0.0,30.1,2370.0,0.0,117.0,0.1
2009-08-11,2240.0,1.7,29.6,2700.0,2.7,97.5,1.4
2009-08-12,2780.0,6.3,26.4,2520.0,0.8,83.6,1.9
2009-08-13,2200.0,2.8,25.4,1660.0,0.0,78.4,0.0
2009-08-14,1730.0,1.2,24.4,1460.0,0.2,78.3,0.0
2009-08-15,1610.0,0.7,24.6,1500.0,0.0,78.8,0.0
2009-08-16,1620.0,0.0,26.0,1440.0,0.0,73.1,0.0
2009-08-17,1570.0,0.0,27.0,1040.0,0.2,72.8,0.0
2009-08-18,1250.0,0.5,28.5,1080.0,1.9,72.8,1.8
2009-08-19,1130.0,3.1,28.0,1290.0,1.3,70.7,3.3
2009-08-20,1360.0,3.6,27.2,1300.0,0.1,118.0,0.6
2009-08-21,1380.0,11.3,27.6,1290.0,3.0,100.0,0.8
2009-08-22,1410.0,29.1,24.2,1570.0,18.5,103.0,15.0
2009-08-23,2210.0,3.6,23.6,2450.0,2.1,207.0,2.2
2009-08-24,3480.0,2.0,23.7,2790.0,1.6,145.0,0.5
2009-08-25,3000.0,0.0,24.1,2470.0,0.0,128.0,0.0
2009-08-26,2480.0,0.0,25.4,2000.0,0.0,99.5,0.0
2009-08-27,2010.0,0.2,26.7,1220.0,0.0,85.6,0.0
2009-08-28,1420.0,7.9,25.6,1440.0,0.5,76.6,0.1
2009-08-29,1520.0,1.5,24.9,1630.0,0.9,76.7,1.3
2009-08-30,1640.0,0.0,25.6,1270.0,0.0,81.0,0.0
2009-08-31,1340.0,2.1,22.1,1480.0,0.2,90.7,0.0
2009-09-01,1470.0,0.0,20.2,1520.0,0.0,78.7,0.0
2009-09-02,1500.0,0.0,19.7,1460.0,0.0,70.9,0.0
2009-09-03,1440.0,0.0,20.7,1400.0,0.0,66.3,0.0
2009-09-04,1410.0,0.0,22.9,1390.0,0.0,64.0,0.0
2009-09-05,1370.0,0.0,23.2,956.0,0.0,61.5,0.0
2009-09-06,1090.0,0.0,24.0,1060.0,0.0,59.8,0.0
2009-09-07,1070.0,4.3,21.8,1140.0,2.3,57.5,2.7
2009-09-08,1340.0,28.8,20.0,1190.0,24.4,61.1,17.1
2009-09-09,1300.0,0.0,20.9,1200.0,0.0,143.0,0.0
2009-09-10,1230.0,2.2,19.9,1220.0,0.7,91.3,0.5
2009-09-11,1250.0,0.3,19.5,1110.0,0.0,78.4,0.0
2009-09-12,1130.0,0.0,19.8,1180.0,0.0,70.0,0.0
2009-09-13,1170.0,0.0,21.3,1290.0,0.0,67.5,0.0
2009-09-14,1220.0,0.0,21.8,1190.0,0.0,61.9,0.0
2009-09-15,1160.0,0.0,23.2,1040.0,0.0,58.2,0.0
2009-09-16,1050.0,1.6,22.3,1010.0,1.6,56.2,1.2
2009-09-17,1010.0,0.6,20.1,1120.0,2.0,56.4,3.1
2009-09-18,1050.0,0.0,20.8,1250.0,0.4,136.0,0.4
2009-09-19,1160.0,0.0,20.6,1250.0,0.0,84.9,0.0
2009-09-20,1150.0,0.0,19.2,1070.0,0.0,75.8,0.0
2009-09-21,1060.0,0.0,20.2,1060.0,0.0,70.5,0.0
2009-09-22,1010.0,1.0,21.7,1080.0,4.3,66.5,4.5
2009-09-23,1030.0,1.6,22.9,1200.0,1.2,65.2,2.4
2009-09-24,1070.0,0.2,25.1,1230.0,0.0,61.6,0.1
2009-09-25,1330.0,3.8,20.6,1250.0,8.6,67.8,8.8
2009-09-26,1260.0,1.0,17.8,1400.0,3.7,148.0,7.5
2009-09-27,1720.0,10.8,19.4,2510.0,16.0,756.0,16.3
2009-09-28,2470.0,0.1,20.5,5130.0,0.2,616.0,0.2
2009-09-29,4430.0,0.0,17.7,5270.0,0.0,306.0,0.0
2009-09-30,4460.0,0.0,16.8,5660.0,0.0,198.0,0.0
2009-10-01,4480.0,0.0,15.6,3840.0,0.1,150.0,0.0
2009-10-02,2980.0,0.0,17.4,2900.0,0.0,122.0,0.0
2009-10-03,2340.0,0.2,21.4,2390.0,1.0,114.0,1.6
2009-10-04,1980.0,0.0,18.4,2120.0,0.0,106.0,0.0
2009-10-05,1790.0,0.0,18.3,1590.0,0.0,101.0,0.0
2009-10-06,1480.0,0.0,17.0,1640.0,0.3,93.6,0.1
2009-10-07,1480.0,1.9,20.0,1520.0,2.0,90.2,0.7
2009-10-08,1420.0,0.0,16.3,1480.0,0.0,84.2,0.0
2009-10-09,1380.0,0.0,20.4,1460.0,0.0,79.3,0.0
2009-10-10,1390.0,1.0,22.6,1170.0,1.6,76.6,1.1
2009-10-11,1210.0,0.0,16.3,1150.0,0.0,77.5,0.0
2009-10-12,1180.0,0.0,15.0,1220.0,0.0,77.6,0.0
2009-10-13,1220.0,0.0,16.0,1150.0,0.0,76.3,0.0
2009-10-14,1220.0,0.1,13.2,1170.0,0.0,80.3,0.4
2009-10-15,1270.0,13.4,10.1,1390.0,14.1,86.0,12.8
2009-10-16,1460.0,0.8,7.9,1300.0,1.3,106.0,1.3
2009-10-17,1370.0,0.2,7.0,1470.0,0.0,111.0,0.0
2009-10-18,1470.0,5.9,6.0,1620.0,6.0,110.0,2.9
2009-10-19,1620.0,0.0,9.7,1630.0,0.0,108.0,0.0
2009-10-20,1610.0,0.0,10.9,1560.0,0.0,98.1,0.0
2009-10-21,1590.0,0.0,15.2,1310.0,0.0,88.3,0.0
2009-10-22,1420.0,0.0,16.6,1400.0,0.0,87.1,0.0
2009-10-23,1460.0,0.3,18.1,1280.0,1.3,88.4,1.4
2009-10-24,1420.0,13.0,21.0,1310.0,17.6,94.5,13.4
2009-10-25,1520.0,3.8,15.0,1420.0,0.8,293.0,0.3
2009-10-26,1550.0,0.0,12.5,1730.0,0.0,185.0,0.0
2009-10-27,1920.0,5.3,13.6,1860.0,5.0,147.0,5.3
2009-10-28,2830.0,24.8,16.0,2330.0,27.8,803.0,25.4
2009-10-29,3490.0,0.0,15.4,5600.0,0.0,645.0,0.0
2009-10-30,5430.0,0.0,14.6,4740.0,0.0,350.0,0.1
2009-10-31,4230.0,0.6,18.1,4930.0,0.0,245.0,0.0
2009-11-01,6400.0,32.9,13.1,5940.0,48.1,1290.0,46.3
2009-11-02,12000.0,0.6,11.4,10400.0,0.0,1490.0,0.0
2009-11-03,13400.0,0.0,11.3,9930.0,0.0,710.0,0.0
2009-11-04,9050.0,0.0,9.7,8060.0,0.9,447.0,0.7
2009-11-05,7010.0,0.5,9.2,6160.0,0.0,334.0,0.0
2009-11-06,5400.0,0.0,8.4,4930.0,0.0,274.0,0.0
2009-11-07,4480.0,0.0,7.6,4020.0,0.0,239.0,0.0
2009-11-08,3840.0,0.0,13.4,3490.0,0.0,217.0,0.0
2009-11-09,3370.0,0.0,14.1,2980.0,0.0,204.0,0.0
2009-11-10,3020.0,0.7,15.2,2620.0,0.5,195.0,0.7
2009-11-11,3280.0,39.5,11.1,3030.0,49.1,888.0,52.9
2009-11-12,14900.0,61.6,8.1,15500.0,43.7,3710.0,40.0
2009-11-13,45200.0,28.3,9.8,37200.0,17.0,2780.0,13.5
2009-11-14,48500.0,0.0,13.3,35800.0,0.0,1800.0,0.0
2009-11-15,28900.0,0.0,13.9,24200.0,0.0,1270.0,0.0
2009-11-16,18600.0,0.0,13.9,15700.0,0.0,926.0,0.0
2009-11-17,13100.0,0.0,11.8,11100.0,0.0,736.0,0.0
2009-11-18,9490.0,0.0,12.1,8120.0,0.0,507.0,0.0
2009-11-19,7290.0,11.1,14.8,7460.0,13.3,1830.0,15.5
2009-11-20,15900.0,2.5,14.3,17900.0,1.3,3640.0,1.0
2009-11-21,17400.0,0.0,8.9,14300.0,0.0,1790.0,0.0
2009-11-22,13100.0,0.0,9.3,11600.0,0.0,1200.0,0.0
2009-11-23,10600.0,4.4,10.0,9310.0,7.7,962.0,6.7
2009-11-24,9580.0,6.2,9.2,8990.0,4.0,1040.0,3.2
2009-11-25,10100.0,1.2,11.0,9200.0,0.1,941.0,0.0
2009-11-26,9110.0,0.0,10.1,8310.0,0.0,843.0,0.0
2009-11-27,9800.0,16.5,7.5,8040.0,9.9,761.0,8.3
2009-11-28,9050.0,0.0,5.9,7250.0,0.0,649.0,0.0
2009-11-29,7310.0,0.0,9.2,6200.0,0.0,561.0,0.0
2009-11-30,6300.0,5.6,12.3,5510.0,6.8,521.0,6.6
2009-12-01,6000.0,2.9,6.3,5380.0,1.1,680.0,0.6
2009-12-02,6000.0,10.9,7.3,5120.0,11.6,461.0,12.2
2009-12-03,10500.0,14.6,15.1,10900.0,20.9,3650.0,24.4
2009-12-04,21600.0,0.0,8.1,19700.0,0.0,1950.0,0.0
2009-12-05,22600.0,15.2,6.2,21200.0,16.6,1510.0,17.3
2009-12-06,22500.0,0.6,1.1,20300.0,0.3,1920.0,0.2
2009-12-07,19400.0,0.0,2.6,16000.0,0.0,1340.0,0.0
2009-12-08,14600.0,0.3,3.6,12000.0,0.8,1100.0,1.1
2009-12-09,21800.0,24.2,8.3,23000.0,24.9,6300.0,25.9
2009-12-10,52400.0,0.0,8.5,46900.0,0.0,5410.0,0.0
2009-12-11,51900.0,0.0,0.6,45600.0,0.0,2200.0,0.0
2009-12-12,34100.0,0.0,0.4,28300.0,0.0,1550.0,0.0
2009-12-13,26100.0,22.7,3.7,23600.0,17.2,1880.0,15.9
2009-12-14,36800.0,0.0,5.8,33900.0,0.0,2200.0,0.0
2009-12-15,31100.0,0.1,10.2,25800.0,0.0,1500.0,0.0
2009-12-16,23700.0,0.0,5.1,20500.0,0.0,1220.0,0.0
2009-12-17,18600.0,0.0,-0.1,16000.0,0.0,1050.0,0.0
2009-12-18,15300.0,1.7,-0.6,13000.0,1.9,997.0,2.2
2009-12-19,13700.0,45.3,-1.3,11800.0,52.7,982.0,51.5
2009-12-20,12800.0,1.5,-2.9,11100.0,1.2,1070.0,0.9
2009-12-21,12000.0,0.0,-3.8,10100.0,0.0,937.0,0.0
2009-12-22,10600.0,0.0,-1.5,8530.0,0.0,876.0,0.0
2009-12-23,9250.0,0.0,-1.8,7870.0,0.0,860.0,0.0
2009-12-24,8860.0,0.0,-2.7,7830.0,0.0,847.0,0.0
2009-12-25,9060.0,12.3,1.9,7520.0,14.2,992.0,15.3
2009-12-26,22300.0,15.7,8.3,28100.0,9.4,8570.0,7.1
2009-12-27,49300.0,0.0,5.4,46300.0,0.0,6170.0,0.0
2009-12-28,43100.0,0.0,3.4,36300.0,0.0,3110.0,0.0
2009-12-29,31200.0,0.0,-0.1,26700.0,0.0,2090.0,0.0
2009-12-30,24000.0,0.0,-1.7,20300.0,0.0,1580.0,0.0
2009-12-31,19100.0,6.8,0.8,15900.0,6.4,1370.0,5.8
2010-01-01,16000.0,0.5,2.8,13700.0,0.8,1330.0,0.3
2010-01-02,14600.0,0.0,-1.8,12500.0,0.0,1230.0,0.0
2010-01-03,12800.0,0.0,-4.5,10600.0,0.0,1060.0,0.0
2010-01-04,10900.0,0.0,-3.1,9030.0,0.0,888.0,0.0
2010-01-05,9510.0,0.0,-2.0,7990.0,0.0,853.0,0.0
2010-01-06,8540.0,0.0,-0.8,7480.0,0.0,803.0,0.0
2010-01-07,8490.0,0.0,-0.6,7410.0,0.0,742.0,0.0
2010-01-08,7890.0,1.1,-0.8,6640.0,0.5,765.0,0.4
2010-01-09,7130.0,0.0,-2.2,6090.0,0.0,679.0,0.0
2010-01-10,6430.0,0.0,-2.2,5390.0,0.0,640.0,0.0
2010-01-11,5660.0,0.0,-1.6,4880.0,0.0,518.0,0.0
2010-01-12,5620.0,0.2,-0.5,4910.0,0.0,504.0,0.0
2010-01-13,5230.0,0.0,0.0,4360.0,0.0,591.0,0.0
2010-01-14,5120.0,0.0,1.5,4390.0,0.0,565.0,0.0
2010-01-15,5050.0,0.0,4.4,4330.0,0.0,560.0,0.0
2010-01-16,4900.0,0.0,5.4,4060.0,0.0,583.0,0.0
2010-01-17,5150.0,24.5,6.8,4460.0,24.1,969.0,23.3
2010-01-18,8070.0,0.0,7.0,8630.0,0.0,1820.0,0.0
2010-01-19,11000.0,0.0,7.2,10100.0,0.0,1310.0,0.0
2010-01-20,14000.0,2.5,5.4,14200.0,3.1,1110.0,3.4
2010-01-21,15000.0,4.8,3.2,13400.0,3.7,1110.0,3.8
2010-01-22,15500.0,11.5,2.6,14500.0,13.1,1550.0,15.6
2010-01-23,20400.0,0.0,2.8,18900.0,0.0,1840.0,0.0
2010-01-24,18900.0,0.0,6.3,15900.0,0.5,1360.0,1.2
2010-01-25,22000.0,23.7,14.6,36200.0,21.9,11000.0,27.6
2010-01-26,70200.0,0.4,6.6,92600.0,0.1,15200.0,0.0
2010-01-27,101000.0,0.0,2.8,79500.0,0.0,3380.0,0.0
2010-01-28,60800.0,0.0,4.7,33900.0,0.0,2230.0,0.0
2010-01-29,26900.0,0.0,-0.2,23900.0,0.0,1710.0,0.0
2010-01-30,21500.0,19.4,-4.2,19500.0,17.9,1460.0,19.1
2010-01-31,18000.0,2.2,-7.2,16800.0,1.8,1380.0,1.6
2010-02-01,15700.0,0.0,-4.5,14400.0,0.0,1150.0,0.0
2010-02-02,13800.0,0.6,-1.8,12800.0,1.0,1060.0,1.6
2010-02-03,12600.0,7.9,1.3,11600.0,7.5,1050.0,6.3
2010-02-04,12100.0,0.0,-0.4,11400.0,0.0,1020.0,0.0
2010-02-05,11900.0,12.7,-0.3,10900.0,14.7,994.0,16.2
2010-02-06,16100.0,42.1,-0.1,13900.0,37.6,1260.0,35.3
2010-02-07,17000.0,0.0,-4.9,13300.0,0.0,1110.0,0.0
2010-02-08,13700.0,0.0,-5.4,11700.0,0.0,988.0,0.0
2010-02-09,12000.0,2.3,-3.3,10600.0,2.1,938.0,2.3
2010-02-10,11400.0,11.5,-1.0,9940.0,7.8,1010.0,6.7
2010-02-11,11100.0,0.0,-0.6,9760.0,0.0,901.0,0.0
2010-02-12,10500.0,0.0,-2.3,9320.0,0.0,885.0,0.0
2010-02-13,9850.0,1.1,-1.2,8900.0,0.8,862.0,0.7
2010-02-14,9240.0,0.0,-2.4,8590.0,0.0,855.0,0.0
2010-02-15,8760.0,3.4,-0.4,8380.0,3.4,842.0,3.8
2010-02-16,8670.0,0.7,-0.8,8170.0,0.9,838.0,0.4
2010-02-17,8360.0,0.0,-1.8,7940.0,0.0,866.0,0.0
2010-02-18,7970.0,0.0,0.3,7660.0,0.0,739.0,0.0
2010-02-19,7940.0,0.0,1.6,7800.0,0.0,829.0,0.0
2010-02-20,8350.0,0.0,1.2,8250.0,0.0,1010.0,0.0
2010-02-21,9040.0,0.0,3.2,9140.0,0.0,1210.0,0.0
2010-02-22,10300.0,3.1,4.3,10600.0,5.0,1510.0,6.0
2010-02-23,12400.0,3.0,6.1,12700.0,1.1,1800.0,0.5
2010-02-24,16200.0,1.5,3.8,17600.0,1.5,2430.0,1.4
2010-02-25,20100.0,3.6,2.8,20900.0,1.7,2180.0,1.4
2010-02-26,21700.0,0.0,1.5,20800.0,0.0,1780.0,0.0
2010-02-27,18800.0,0.0,2.9,17200.0,0.0,1440.0,0.0
2010-02-28,15600.0,0.0,3.1,14600.0,0.2,1350.0,0.0
2010-03-01,13700.0,0.0,4.6,13000.0,0.0,1320.0,0.0
2010-03-02,12600.0,2.2,4.0,12000.0,2.2,1290.0,2.0
2010-03-03,11800.0,7.8,2.5,11100.0,4.1,1260.0,2.5
2010-03-04,11300.0,0.5,4.0,10700.0,0.3,1220.0,0.1
2010-03-05,10800.0,0.0,3.5,9990.0,0.0,1060.0,0.0
2010-03-06,10100.0,0.0,4.7,9240.0,0.0,970.0,0.0
2010-03-07,9410.0,0.0,5.5,8730.0,0.0,899.0,0.0
2010-03-08,9070.0,0.0,6.7,8410.0,0.0,867.0,0.0
2010-03-09,8690.0,0.0,7.7,8250.0,0.0,854.0,0.0
2010-03-10,8580.0,0.0,11.6,8290.0,0.0,902.0,0.0
2010-03-11,8990.0,1.6,13.9,9270.0,1.2,959.0,1.5
2010-03-12,11400.0,24.7,12.9,15000.0,25.3,3920.0,24.2
2010-03-13,29800.0,5.6,12.7,36800.0,10.8,9170.0,11.8
2010-03-14,45400.0,11.6,9.4,46100.0,9.2,6740.0,9.8
2010-03-15,50600.0,0.4,8.9,47300.0,0.1,3500.0,0.0
2010-03-16,36700.0,0.0,9.4,31600.0,0.0,2440.0,0.0
2010-03-17,27500.0,0.0,9.5,25000.0,0.0,1950.0,0.0
2010-03-18,21900.0,0.0,11.0,19800.0,0.0,1680.0,0.0
2010-03-19,17300.0,0.0,12.2,16200.0,0.0,1440.0,0.0
2010-03-20,14900.0,0.0,14.1,14200.0,0.0,1280.0,0.0
2010-03-21,13100.0,0.0,15.4,12600.0,0.0,1170.0,0.0
2010-03-22,11900.0,3.9,15.7,11500.0,4.4,1140.0,5.1
2010-03-23,11400.0,1.9,10.5,11200.0,3.4,1360.0,1.9
2010-03-24,13500.0,0.0,12.2,16100.0,0.0,1130.0,0.0
2010-03-25,17000.0,0.0,13.9,15800.0,0.6,1030.0,1.0
2010-03-26,14700.0,15.1,10.5,14500.0,22.7,1420.0,21.6
2010-03-27,17000.0,0.2,5.6,17200.0,0.0,1400.0,0.0
2010-03-28,15400.0,1.9,8.2,15400.0,5.1,1120.0,8.6
2010-03-29,27100.0,37.6,12.8,25700.0,26.9,5230.0,20.6
2010-03-30,38900.0,1.7,11.5,35100.0,2.1,3210.0,0.8
2010-03-31,33300.0,0.0,13.5,30200.0,0.0,2060.0,0.0
2010-04-01,24900.0,0.0,14.7,23100.0,0.0,1630.0,0.0
2010-04-02,19600.0,0.0,16.4,18900.0,0.0,1360.0,0.0
2010-04-03,16400.0,0.0,17.1,16300.0,0.0,1220.0,0.0
2010-04-04,14400.0,0.0,18.8,14700.0,0.0,1110.0,0.0
2010-04-05,13000.0,0.0,19.6,13100.0,1.5,1010.0,1.3
2010-04-06,11900.0,0.0,23.3,11700.0,0.0,999.0,0.1
2010-04-07,11000.0,0.0,24.6,9980.0,0.0,904.0,0.0
2010-04-08,9830.0,0.0,23.2,9000.0,0.0,823.0,0.0
2010-04-09,9990.0,17.3,15.4,10800.0,14.8,1180.0,15.7
2010-04-10,12500.0,0.0,11.9,12000.0,0.0,940.0,0.0
2010-04-11,11100.0,0.0,14.8,11200.0,0.0,788.0,0.0
2010-04-12,9660.0,0.0,16.4,9980.0,0.0,734.0,0.0
2010-04-13,8570.0,2.5,14.5,8620.0,0.0,685.0,0.0
2010-04-14,7840.0,0.0,11.2,7240.0,0.0,659.0,0.0
2010-04-15,7460.0,0.0,13.1,6960.0,0.0,638.0,0.0
2010-04-16,7050.0,0.0,19.7,7020.0,0.0,629.0,0.0
2010-04-17,7060.0,0.2,18.7,7300.0,0.0,672.0,0.0
2010-04-18,6780.0,0.0,11.6,6580.0,0.0,632.0,0.0
2010-04-19,6230.0,0.0,11.3,6400.0,0.0,606.0,0.0
2010-04-20,5960.0,0.0,13.3,6100.0,0.0,488.0,0.0
2010-04-21,5770.0,11.7,13.0,5800.0,9.7,494.0,8.5
2010-04-22,5770.0,0.0,14.5,5580.0,0.0,610.0,0.0
2010-04-23,5900.0,0.0,16.2,5350.0,0.0,383.0,0.0
2010-04-24,5360.0,0.5,15.4,5440.0,0.1,461.0,0.0
2010-04-25,5480.0,4.3,17.7,5420.0,3.2,607.0,3.3
2010-04-26,5570.0,4.4,19.2,5810.0,7.6,637.0,6.2
2010-04-27,5940.0,0.6,15.2,5630.0,0.4,541.0,0.2
2010-04-28,5520.0,0.0,11.9,5580.0,0.0,483.0,0.0
2010-04-29,5340.0,0.0,12.7,5120.0,0.0,440.0,0.0
2010-04-30,4860.0,0.0,18.3,4970.0,0.0,422.0,0.0
2010-05-01,4790.0,0.0,22.9,4870.0,0.0,412.0,0.0
2010-05-02,4500.0,0.0,25.8,4460.0,2.7,402.0,1.5
2010-05-03,4180.0,9.8,24.5,4230.0,7.8,383.0,9.2
2010-05-04,4070.0,0.1,24.0,4230.0,0.0,398.0,0.0
2010-05-05,4000.0,0.0,22.4,4070.0,0.0,352.0,0.0
2010-05-06,3850.0,0.0,23.9,4000.0,0.0,328.0,0.0
2010-05-07,3640.0,0.0,21.4,3800.0,0.0,308.0,0.0
2010-05-08,3380.0,0.0,24.2,3570.0,0.0,290.0,0.0
2010-05-09,3180.0,0.0,15.5,3470.0,0.0,272.0,0.0
2010-05-10,3130.0,0.0,13.4,3370.0,0.0,243.0,0.0
2010-05-11,2900.0,1.3,13.5,3240.0,1.8,254.0,1.8
2010-05-12,2820.0,0.1,20.3,3100.0,1.5,352.0,0.8
2010-05-13,3090.0,3.8,17.3,3570.0,9.3,435.0,9.5
2010-05-14,3590.0,0.0,21.8,4340.0,0.0,414.0,0.0
2010-05-15,4240.0,0.0,24.8,4280.0,0.0,565.0,0.0
2010-05-16,4120.0,1.6,21.0,4540.0,0.2,388.0,0.1
2010-05-17,4760.0,44.7,15.1,5150.0,30.6,451.0,30.3
2010-05-18,5220.0,5.5,13.1,5820.0,2.2,818.0,1.9
2010-05-19,6100.0,0.0,16.1,6530.0,0.0,648.0,0.0
2010-05-20,7590.0,0.0,18.8,9100.0,0.0,495.0,0.0
2010-05-21,9640.0,0.0,20.6,9720.0,0.0,426.0,0.0
2010-05-22,8810.0,0.3,20.5,8020.0,4.0,356.0,8.3
2010-05-23,7420.0,18.5,19.8,6650.0,14.2,511.0,17.8
2010-05-24,6630.0,1.4,20.4,6960.0,1.3,741.0,2.0
2010-05-25,6740.0,1.3,20.5,6200.0,1.1,572.0,0.8
2010-05-26,5660.0,0.0,21.3,5310.0,0.0,458.0,0.0
2010-05-27,5090.0,2.1,24.8,4870.0,1.1,393.0,2.5
2010-05-28,4710.0,22.8,20.5,5710.0,4.0,437.0,6.1
2010-05-29,6940.0,18.9,20.5,9650.0,12.4,1350.0,11.3
2010-05-30,10500.0,1.2,24.2,8610.0,0.3,702.0,0.6
2010-05-31,6710.0,1.8,25.3,5810.0,0.1,478.0,1.6
2010-06-01,5440.0,9.7,24.6,5620.0,4.4,365.0,2.0
2010-06-02,5350.0,0.0,24.6,5210.0,0.0,364.0,0.0
2010-06-03,4770.0,1.5,25.1,4400.0,3.9,337.0,1.8
2010-06-04,5130.0,0.0,26.0,4200.0,0.1,1080.0,0.0
2010-06-05,5530.0,0.0,27.2,3800.0,0.0,646.0,0.0
2010-06-06,4200.0,0.7,27.5,3400.0,2.7,464.0,1.1
2010-06-07,3510.0,0.0,22.6,3000.0,0.0,347.0,0.0
2010-06-08,3180.0,0.0,21.1,2800.0,0.0,288.0,0.0
2010-06-09,2870.0,2.7,21.0,2370.0,3.5,250.0,4.4
2010-06-10,2370.0,0.4,25.4,2440.0,0.2,248.0,0.1
2010-06-11,2580.0,0.0,25.0,2340.0,0.0,249.0,0.0
2010-06-12,2380.0,1.2,25.5,2180.0,0.7,225.0,0.0
2010-06-13,2130.0,2.9,27.6,2330.0,3.4,277.0,2.6
2010-06-14,2160.0,0.1,28.2,2400.0,1.3,256.0,0.3
2010-06-15,2480.0,1.0,26.7,2180.0,0.0,214.0,0.7
2010-06-16,2100.0,6.0,24.6,2060.0,1.5,194.0,1.8
2010-06-17,2140.0,0.0,27.5,2450.0,0.0,244.0,0.2
2010-06-18,2530.0,0.0,25.3,2800.0,0.0,218.0,0.0
2010-06-19,2730.0,0.0,25.9,2120.0,0.0,183.0,0.0
2010-06-20,2210.0,0.0,28.4,2150.0,0.0,169.0,0.0
2010-06-21,1820.0,0.0,28.5,2310.0,0.0,163.0,0.0
2010-06-22,2180.0,1.9,29.1,1630.0,1.7,160.0,1.1
2010-06-23,1830.0,0.0,30.1,1600.0,0.0,155.0,0.0
2010-06-24,1400.0,1.9,30.7,1570.0,2.3,171.0,1.0
2010-06-25,1150.0,0.0,29.0,1520.0,0.0,173.0,0.0
2010-06-26,1390.0,0.5,29.1,1410.0,0.1,144.0,0.0
2010-06-27,1410.0,0.0,30.6,1320.0,0.0,131.0,0.7
2010-06-28,1300.0,0.0,31.8,1190.0,1.0,123.0,1.6
2010-06-29,1190.0,0.4,29.3,1330.0,0.4,117.0,1.0
2010-06-30,1180.0,2.3,25.9,1350.0,0.0,112.0,0.0
2010-07-01,1150.0,0.0,23.6,1320.0,0.0,102.0,0.0
2010-07-02,1110.0,0.0,22.5,1270.0,0.0,94.3,0.0
2010-07-03,1070.0,0.0,23.3,1210.0,0.0,89.4,0.0
2010-07-04,1040.0,0.0,26.1,1190.0,0.0,82.4,0.0
2010-07-05,1020.0,0.0,28.9,1100.0,0.0,77.5,0.0
2010-07-06,961.0,0.0,30.9,1090.0,0.0,75.1,0.0
2010-07-07,882.0,0.0,31.8,1050.0,0.0,72.8,0.0
2010-07-08,865.0,0.9,29.9,1030.0,0.2,71.2,0.1
2010-07-09,852.0,0.1,27.4,1010.0,0.2,65.9,0.2
2010-07-10,855.0,13.8,25.7,1000.0,10.6,70.7,10.6
2010-07-11,871.0,0.0,26.6,1150.0,0.0,95.7,0.0
2010-07-12,976.0,0.2,26.9,1250.0,6.0,78.8,5.9
2010-07-13,1180.0,10.9,26.8,1600.0,4.7,84.0,2.5
2010-07-14,1180.0,4.3,27.0,2180.0,8.2,123.0,7.7
2010-07-15,1420.0,0.0,27.9,3020.0,0.0,210.0,0.0
2010-07-16,1930.0,0.3,29.2,3830.0,0.0,148.0,0.1
2010-07-17,2790.0,0.4,29.2,2310.0,0.2,107.0,0.6
2010-07-18,1790.0,2.2,28.7,1930.0,0.6,87.1,0.0
2010-07-19,1640.0,2.9,28.4,1700.0,4.3,75.2,1.9
2010-07-20,1350.0,2.7,28.6,1520.0,7.7,66.6,8.8
2010-07-21,1310.0,0.0,28.5,1370.0,0.8,66.7,1.0
2010-07-22,1130.0,0.0,30.1,1380.0,0.0,69.0,0.0
2010-07-23,1060.0,0.0,30.8,1300.0,0.0,69.1,0.0
2010-07-24,1110.0,0.0,33.1,1190.0,0.0,64.5,0.0
2010-07-25,1020.0,0.0,33.7,1160.0,0.0,59.3,0.0
2010-07-26,920.0,0.8,29.7,1070.0,0.0,53.4,0.0
2010-07-27,922.0,0.0,26.9,1070.0,0.2,52.1,2.1
2010-07-28,836.0,0.0,27.7,1100.0,0.3,52.0,1.5
2010-07-29,850.0,7.2,29.2,1220.0,6.6,53.5,6.2
2010-07-30,942.0,0.5,25.6,1120.0,0.0,52.6,0.0
2010-07-31,1020.0,0.0,25.0,1020.0,0.0,61.1,0.0
2010-08-01,950.0,6.5,22.9,1110.0,8.2,57.3,9.7
2010-08-02,1010.0,1.2,24.0,1330.0,0.4,65.7,0.1
2010-08-03,1140.0,0.0,25.7,1390.0,0.4,64.6,0.4
2010-08-04,1220.0,5.2,27.6,1370.0,10.0,70.4,7.3
2010-08-05,1360.0,19.1,28.4,1600.0,22.7,95.9,22.4
2010-08-06,1630.0,4.7,27.4,1740.0,0.6,122.0,0.4
2010-08-07,1560.0,0.0,26.7,1980.0,0.0,94.2,0.0
2010-08-08,1630.0,0.0,26.0,1960.0,0.0,70.3,0.0
2010-08-09,1590.0,0.0,27.3,1670.0,0.0,63.1,0.0
2010-08-10,1380.0,0.0,29.4,1470.0,0.0,56.1,0.0
2010-08-11,1280.0,1.5,30.3,1230.0,1.8,52.6,0.9
2010-08-12,1220.0,7.9,28.4,1240.0,1.1,50.6,0.3
2010-08-13,1270.0,10.8,24.8,1190.0,5.4,52.2,3.7
2010-08-14,1170.0,3.2,24.4,1000.0,3.1,53.3,2.0
2010-08-15,975.0,0.3,24.5,1000.0,2.1,49.0,1.4
2010-08-16,912.0,0.4,27.3,1040.0,0.2,55.5,0.0
2010-08-17,981.0,4.0,27.9,1140.0,2.2,69.6,1.8
2010-08-18,1340.0,18.9,24.9,2040.0,37.5,87.5,35.0
2010-08-19,2120.0,2.7,23.5,2080.0,3.7,92.3,3.7
2010-08-20,1940.0,0.0,25.8,2280.0,0.0,86.1,0.0
2010-08-21,1960.0,0.0,26.5,2510.0,0.0,66.1,0.0
2010-08-22,2100.0,6.2,26.7,1990.0,2.6,62.5,2.1
2010-08-23,1750.0,0.7,25.0,1480.0,0.0,58.6,0.3
2010-08-24,1330.0,0.1,23.0,1610.0,5.7,56.2,12.8
2010-08-25,1390.0,0.0,22.2,2490.0,0.7,69.0,0.6
2010-08-26,2500.0,0.5,24.2,4040.0,0.7,70.1,1.6
2010-08-27,3450.0,0.1,23.9,2720.0,0.3,97.1,0.1
2010-08-28,2220.0,0.2,24.3,2240.0,0.1,86.4,0.0
2010-08-29,1880.0,0.0,25.6,2190.0,0.0,70.1,0.0
2010-08-30,1780.0,0.0,27.9,1990.0,0.0,58.5,0.0
2010-08-31,1620.0,0.0,28.3,1880.0,0.0,55.9,0.0
2010-09-01,1520.0,0.0,28.2,1550.0,0.0,50.3,0.0
2010-09-02,1300.0,0.0,27.6,1390.0,0.0,48.3,0.0
2010-09-03,1160.0,0.0,27.2,1340.0,0.0,52.6,0.0
2010-09-04,1110.0,0.0,26.2,1200.0,0.0,53.7,0.0
2010-09-05,1000.0,0.0,22.3,1210.0,0.0,49.1,0.0
2010-09-06,1010.0,0.0,22.8,1090.0,0.0,48.3,0.0
2010-09-07,930.0,0.0,25.1,999.0,0.0,45.8,0.0
2010-09-08,885.0,0.0,27.4,896.0,0.0,42.4,0.0
2010-09-09,770.0,0.0,24.0,946.0,0.0,40.9,0.0
2010-09-10,796.0,0.0,21.1,944.0,0.0,40.0,0.0
2010-09-11,800.0,0.0,20.9,944.0,0.0,39.2,0.2
2010-09-12,865.0,5.6,21.0,911.0,4.0,38.4,4.4
2010-09-13,823.0,0.0,21.7,859.0,0.0,37.2,0.0
2010-09-14,758.0,0.0,24.8,886.0,0.0,36.5,0.0
2010-09-15,761.0,0.0,23.5,879.0,0.0,35.7,0.0
2010-09-16,765.0,0.0,25.7,924.0,0.0,34.3,0.0
2010-09-17,777.0,0.0,26.9,899.0,0.0,33.3,0.0
2010-09-18,779.0,0.0,22.5,813.0,0.0,32.3,0.0
2010-09-19,744.0,0.0,22.7,740.0,0.0,31.6,0.0
2010-09-20,629.0,0.0,22.9,778.0,0.0,30.4,0.0
2010-09-21,621.0,0.0,21.8,743.0,0.0,29.7,0.0
2010-09-22,651.0,0.2,25.7,678.0,2.3,28.6,1.5
2010-09-23,583.0,0.2,27.2,668.0,0.0,27.7,0.0
2010-09-24,535.0,0.0,28.7,827.0,0.0,26.9,0.0
2010-09-25,602.0,0.0,28.1,736.0,0.0,25.5,0.0
2010-09-26,711.0,1.4,23.6,791.0,4.0,24.3,3.6
2010-09-27,749.0,35.6,20.6,985.0,35.9,68.1,42.6
2010-09-28,919.0,13.4,22.6,1410.0,5.6,266.0,5.6
2010-09-29,1400.0,47.7,18.2,3120.0,24.0,234.0,15.8
2010-09-30,4080.0,55.4,21.8,3480.0,87.2,860.0,98.7
2010-10-01,14500.0,80.2,19.7,25800.0,98.9,2890.0,54.1
2010-10-02,24700.0,0.0,16.4,17900.0,0.0,1150.0,0.0
2010-10-03,13100.0,0.0,14.5,9050.0,0.0,428.0,0.0
2010-10-04,7460.0,3.1,13.3,5670.0,3.8,255.0,4.9
2010-10-05,4970.0,0.0,11.8,4120.0,0.0,206.0,0.0
2010-10-06,3570.0,0.0,12.1,3150.0,0.0,165.0,0.0
2010-10-07,2830.0,0.0,16.1,2630.0,0.0,149.0,0.0
2010-10-08,2430.0,0.0,16.6,2160.0,0.0,137.0,0.0
2010-10-09,2010.0,0.0,17.8,2000.0,0.0,125.0,0.0
2010-10-10,1960.0,0.0,18.6,2030.0,0.0,118.0,0.0
2010-10-11,1940.0,0.0,21.4,1930.0,0.0,109.0,0.0
2010-10-12,1820.0,0.2,21.6,1340.0,0.0,106.0,0.0
2010-10-13,1410.0,0.0,19.3,1530.0,0.0,103.0,0.1
2010-10-14,1690.0,6.9,15.7,1510.0,11.5,105.0,11.5
2010-10-15,1830.0,1.1,13.0,1550.0,1.6,200.0,1.1
2010-10-16,1760.0,0.0,13.1,1730.0,0.0,158.0,0.0
2010-10-17,1810.0,0.0,14.1,1810.0,0.0,128.0,0.0
2010-10-18,1840.0,0.0,16.0,1560.0,0.0,110.0,0.0
2010-10-19,1620.0,0.0,15.9,1490.0,0.0,107.0,0.0
2010-10-20,1690.0,11.8,13.5,1690.0,21.4,121.0,21.1
2010-10-21,2010.0,0.0,14.4,2130.0,0.0,193.0,0.0
2010-10-22,2370.0,0.0,11.7,2750.0,0.0,170.0,0.0
2010-10-23,2630.0,0.0,11.6,2370.0,0.0,144.0,0.0
2010-10-24,2270.0,0.0,15.9,1850.0,0.0,123.0,0.0
2010-10-25,1820.0,0.4,18.5,1640.0,1.6,123.0,0.9
2010-10-26,1670.0,6.1,19.7,1510.0,0.1,123.0,0.2
2010-10-27,1710.0,3.3,23.7,1600.0,3.8,217.0,3.1
2010-10-28,3010.0,16.4,22.3,3290.0,10.6,775.0,8.6
2010-10-29,4920.0,0.0,13.7,5540.0,0.0,418.0,0.0
2010-10-30,5330.0,0.0,9.3,4500.0,0.0,275.0,0.0
2010-10-31,4230.0,0.0,14.3,3570.0,0.0,225.0,0.0
2010-11-01,3340.0,0.0,10.6,2920.0,0.0,203.0,0.0
2010-11-02,2740.0,0.0,7.3,2550.0,0.0,184.0,0.0
2010-11-03,2470.0,0.0,8.9,2330.0,0.0,168.0,0.0
2010-11-04,2540.0,18.9,10.0,2250.0,26.3,295.0,27.6
2010-11-05,2860.0,1.2,9.5,3170.0,1.0,668.0,0.9
2010-11-06,3830.0,0.5,7.3,3950.0,0.0,473.0,0.0
2010-11-07,3820.0,0.0,6.0,3480.0,0.0,351.0,0.0
2010-11-08,3510.0,0.0,7.2,3630.0,0.0,298.0,0.0
2010-11-09,3480.0,0.0,10.4,3250.0,0.0,273.0,0.0
2010-11-10,3070.0,0.0,10.7,2900.0,0.0,253.0,0.0
2010-11-11,2740.0,0.0,10.1,2620.0,0.0,230.0,0.0
2010-11-12,2520.0,0.0,8.2,2440.0,0.0,215.0,0.0
2010-11-13,2380.0,0.0,9.1,2370.0,0.0,199.0,0.0
2010-11-14,2290.0,0.0,9.4,2150.0,0.0,194.0,0.0
2010-11-15,2100.0,0.0,9.7,2030.0,0.0,189.0,0.0
2010-11-16,2060.0,11.8,12.4,2070.0,14.4,338.0,13.5
2010-11-17,2650.0,2.5,14.6,4950.0,1.9,1510.0,2.3
2010-11-18,7110.0,0.0,8.7,6740.0,0.0,979.0,0.0
2010-11-19,6500.0,0.0,7.4,4880.0,0.0,615.0,0.0
2010-11-20,5480.0,0.0,9.4,4760.0,0.0,469.0,0.0
2010-11-21,5130.0,0.0,10.3,4000.0,0.0,399.0,0.0
2010-11-22,4510.0,0.0,11.8,3650.0,0.0,352.0,0.0
2010-11-23,4210.0,0.2,15.3,3310.0,0.0,320.0,0.2
2010-11-24,3900.0,0.0,10.4,3070.0,0.0,297.0,0.0
2010-11-25,3600.0,0.0,8.8,2810.0,0.0,270.0,0.0
2010-11-26,3430.0,1.3,13.8,2690.0,0.9,258.0,0.6
2010-11-27,3300.0,0.0,6.9,2590.0,0.0,253.0,0.0
2010-11-28,3160.0,0.0,3.1,2410.0,0.0,236.0,0.0
2010-11-29,3050.0,0.0,3.4,2240.0,0.0,219.0,0.0
2010-11-30,2910.0,2.3,10.3,2130.0,3.4,213.0,3.0
2010-12-01,3380.0,11.1,14.0,2440.0,17.1,1830.0,21.6
2010-12-02,11600.0,0.0,3.4,26000.0,0.0,2910.0,0.0
2010-12-03,33700.0,0.0,2.7,28400.0,0.0,1350.0,0.0
2010-12-04,19500.0,0.0,1.8,14600.0,0.0,926.0,0.1
2010-12-05,12000.0,1.2,1.3,9670.0,1.6,724.0,1.5
2010-12-06,9000.0,0.0,-0.0,7470.0,0.0,620.0,0.0
2010-12-07,7400.0,0.0,-1.4,6010.0,0.0,320.0,0.0
2010-12-08,6230.0,0.0,-1.8,5100.0,0.0,388.0,0.0
2010-12-09,5490.0,0.0,-2.2,4440.0,0.0,337.0,0.0
2010-12-10,4950.0,0.0,-1.2,4030.0,0.0,309.0,0.0
2010-12-11,4660.0,0.0,-0.0,3700.0,0.0,304.0,0.0
2010-12-12,4360.0,25.5,3.2,3420.0,15.9,307.0,12.8
2010-12-13,4530.0,3.9,0.7,3660.0,1.9,398.0,1.4
2010-12-14,4730.0,0.0,-4.8,3740.0,0.0,350.0,0.0
2010-12-15,4350.0,0.0,-4.3,3090.0,0.0,243.0,0.0
2010-12-16,3660.0,6.7,-3.9,2570.0,6.0,250.0,6.1
2010-12-17,3290.0,0.0,-2.2,2810.0,0.0,273.0,0.0
2010-12-18,3700.0,0.0,-1.8,3030.0,0.0,277.0,0.0
2010-12-19,3820.0,0.0,-1.5,3090.0,0.0,256.0,0.0
2010-12-20,3730.0,0.0,-2.3,2820.0,0.0,240.0,0.0
2010-12-21,3550.0,0.0,-0.2,2750.0,0.0,231.0,0.0
2010-12-22,3450.0,0.0,0.9,2750.0,0.0,231.0,0.0
2010-12-23,3410.0,0.0,1.3,2450.0,0.0,232.0,0.0
2010-12-24,3150.0,0.0,0.8,2410.0,0.0,228.0,0.0
2010-12-25,3140.0,1.9,0.2,2320.0,1.8,217.0,1.8
2010-12-26,3050.0,8.2,-1.6,2310.0,4.7,221.0,3.7
2010-12-27,3090.0,0.9,-2.3,2380.0,0.5,224.0,0.4
2010-12-28,3080.0,0.0,-1.5,2290.0,0.0,204.0,0.0
2010-12-29,3000.0,0.0,-0.2,2190.0,0.0,195.0,0.0
2010-12-30,2890.0,0.0,0.1,2130.0,0.0,207.0,0.0
2010-12-31,2890.0,0.0,0.8,2170.0,0.0,202.0,0.0
2011-01-01,2860.0,0.7,8.0,2000.0,0.7,196.0,1.5
2011-01-02,2910.0,10.1,11.5,2220.0,7.0,202.0,6.0
2011-01-03,3060.0,0.2,1.8,2330.0,0.0,218.0,0.0
2011-01-04,3170.0,0.0,0.2,2390.0,0.0,206.0,0.0
2011-01-05,3130.0,0.0,1.1,2270.0,0.0,192.0,0.0
2011-01-06,3100.0,0.0,0.2,2790.0,0.0,187.0,0.0
2011-01-07,3650.0,0.0,0.6,2970.0,0.0,192.0,0.0
2011-01-08,3610.0,1.0,-0.7,2820.0,0.9,194.0,0.6
2011-01-09,3450.0,0.0,-2.7,2630.0,0.0,179.0,0.0
2011-01-10,3280.0,0.0,-2.2,2460.0,0.0,156.0,0.0
2011-01-11,3090.0,2.8,-1.9,2310.0,2.5,175.0,1.7
2011-01-12,3020.0,0.8,-0.6,2260.0,0.2,182.0,0.1
2011-01-13,2900.0,0.0,-1.0,2050.0,0.0,172.0,0.0
2011-01-14,2750.0,0.0,-1.9,2000.0,0.0,167.0,0.0
2011-01-15,2750.0,0.0,0.6,2090.0,0.0,178.0,0.0
2011-01-16,2770.0,0.0,2.3,2150.0,0.0,173.0,0.0
2011-01-17,2870.0,0.0,1.5,1980.0,0.0,172.0,0.0
2011-01-18,2750.0,6.9,1.9,2020.0,2.9,169.0,2.2
2011-01-19,2800.0,0.1,5.4,1900.0,0.5,178.0,0.5
2011-01-20,2680.0,0.0,2.9,2030.0,0.0,179.0,0.0
2011-01-21,2800.0,0.5,2.6,1930.0,0.2,174.0,0.1
2011-01-22,2600.0,0.0,-3.2,1860.0,0.0,167.0,0.0
2011-01-23,2570.0,0.0,-3.6,1820.0,0.0,149.0,0.0
2011-01-24,2530.0,0.0,-3.9,1720.0,0.0,136.0,0.0
2011-01-25,2380.0,0.0,0.8,1610.0,0.0,153.0,0.0
2011-01-26,2730.0,23.1,2.3,2030.0,21.7,189.0,18.4
2011-01-27,3750.0,2.7,1.1,2540.0,2.2,358.0,1.8
2011-01-28,3940.0,0.5,0.8,2970.0,0.0,410.0,0.1
2011-01-29,4150.0,0.0,1.8,3110.0,0.0,370.0,0.0
2011-01-30,3930.0,0.0,3.8,2750.0,0.3,291.0,0.3
2011-01-31,3510.0,0.0,1.9,2540.0,0.0,251.0,0.0
2011-02-01,3290.0,0.0,2.6,2230.0,0.0,244.0,0.0
2011-02-02,3320.0,7.2,11.2,2860.0,7.4,811.0,7.8
2011-02-03,4760.0,0.0,2.5,5010.0,0.0,1070.0,0.0
2011-02-04,5790.0,0.0,1.8,4540.0,0.0,740.0,0.0
2011-02-05,5480.0,6.2,3.9,5400.0,5.5,598.0,4.4
2011-02-06,6510.0,0.0,5.2,5540.0,0.0,512.0,0.0
2011-02-07,5930.0,0.0,4.1,4700.0,0.0,431.0,0.0
2011-02-08,5290.0,0.6,4.9,4250.0,0.5,380.0,0.6
2011-02-09,4810.0,0.0,-0.5,3880.0,0.0,333.0,0.0
2011-02-10,4500.0,0.5,0.1,3510.0,0.1,301.0,0.0
2011-02-11,4070.0,0.0,-0.5,3220.0,0.0,284.0,0.0
2011-02-12,3900.0,0.0,1.4,3080.0,0.0,265.0,0.0
2011-02-13,3660.0,0.0,3.7,2890.0,0.0,257.0,0.0
2011-02-14,3540.0,0.0,10.5,2680.0,0.0,252.0,0.0
2011-02-15,3280.0,0.0,5.8,2550.0,0.0,241.0,0.0
2011-02-16,3230.0,0.0,4.1,2650.0,0.0,213.0,0.0
2011-02-17,3250.0,0.0,10.0,2360.0,0.0,210.0,0.0
2011-02-18,3030.0,0.0,15.6,2330.0,0.0,218.0,0.0
2011-02-19,2980.0,0.0,13.0,2280.0,0.0,216.0,0.0
2011-02-20,2920.0,0.0,6.5,2230.0,0.0,199.0,0.0
2011-02-21,2890.0,0.9,11.9,2150.0,1.6,183.0,1.5
2011-02-22,2820.0,1.0,2.7,1990.0,2.3,203.0,2.5
2011-02-23,2670.0,0.0,2.2,2120.0,0.0,225.0,0.0
2011-02-24,2880.0,2.8,4.3,2230.0,4.0,210.0,4.2
2011-02-25,2940.0,6.3,12.0,2340.0,8.3,245.0,9.0
2011-02-26,3090.0,0.0,5.1,2640.0,0.0,288.0,0.0
2011-02-27,3440.0,0.0,10.6,3080.0,0.0,257.0,0.0
2011-02-28,3950.0,2.4,16.5,4020.0,15.6,264.0,17.2
2011-03-01,5320.0,23.4,7.3,5130.0,11.5,419.0,9.7
2011-03-02,6290.0,0.0,6.3,6130.0,0.0,395.0,0.0
2011-03-03,7070.0,0.0,4.3,7650.0,0.0,344.0,0.0
2011-03-04,8440.0,0.0,3.1,7410.0,0.0,311.0,0.0
2011-03-05,7280.0,0.0,8.9,6250.0,0.0,301.0,0.0
2011-03-06,6640.0,16.7,13.5,6050.0,28.5,1720.0,31.2
2011-03-07,19900.0,7.7,5.6,32400.0,4.3,8250.0,4.3
2011-03-08,44400.0,0.0,5.3,44100.0,0.0,2600.0,0.0
2011-03-09,36300.0,0.0,5.9,26900.0,0.0,1610.0,0.1
2011-03-10,22200.0,17.6,11.8,21500.0,15.7,5090.0,20.7
2011-03-11,44200.0,3.0,8.2,56600.0,3.8,9680.0,2.7
2011-03-12,62700.0,0.0,8.3,56000.0,0.0,3390.0,0.0
2011-03-13,45500.0,0.0,14.0,34600.0,0.0,2060.0,0.0
2011-03-14,28200.0,0.0,7.8,23600.0,0.0,1470.0,0.0
2011-03-15,20600.0,0.6,7.1,17800.0,0.8,1190.0,0.7
2011-03-16,17300.0,4.9,9.6,14800.0,6.3,1230.0,7.1
2011-03-17,14600.0,0.0,11.0,12400.0,0.0,1030.0,0.0
2011-03-18,12000.0,0.0,15.8,10300.0,0.0,783.0,0.0
2011-03-19,10400.0,0.2,16.1,9130.0,0.3,800.0,0.0
2011-03-20,9300.0,0.0,9.5,8130.0,0.1,675.0,0.4
2011-03-21,8430.0,3.7,12.5,7360.0,3.7,600.0,3.6
2011-03-22,8010.0,0.9,15.6,6770.0,0.2,602.0,0.2
2011-03-23,7410.0,0.3,13.7,6460.0,0.8,567.0,1.1
2011-03-24,7100.0,9.3,10.9,6190.0,7.0,665.0,6.5
2011-03-25,6900.0,0.0,5.8,6400.0,0.0,762.0,0.0
2011-03-26,7170.0,0.0,6.6,7060.0,0.0,637.0,0.0
2011-03-27,8360.0,9.6,3.4,7950.0,7.5,591.0,7.7
2011-03-28,8200.0,0.4,3.0,7380.0,0.1,577.0,0.1
2011-03-29,7710.0,0.0,4.6,6840.0,0.0,514.0,0.0
2011-03-30,7270.0,10.3,5.3,6430.0,9.2,469.0,10.9
2011-03-31,6940.0,1.4,4.8,6020.0,2.1,472.0,2.3
2011-04-01,6610.0,2.7,6.6,5660.0,3.7,503.0,3.8
2011-04-02,6190.0,1.5,7.7,5380.0,1.4,496.0,0.2
2011-04-03,6040.0,0.0,8.7,5190.0,0.0,439.0,0.0
2011-04-04,5750.0,0.0,16.3,4950.0,0.0,403.0,0.0
2011-04-05,5710.0,13.6,17.3,5150.0,26.0,518.0,24.4
2011-04-06,6120.0,0.0,10.2,5980.0,0.0,660.0,0.0
2011-04-07,7170.0,0.0,15.8,9000.0,0.0,594.0,0.0
2011-04-08,11200.0,2.7,12.2,10900.0,7.0,553.0,4.6
2011-04-09,10300.0,2.5,9.4,9450.0,2.3,609.0,1.8
2011-04-10,9470.0,1.5,13.4,8870.0,1.9,575.0,2.6
2011-04-11,9210.0,0.0,19.8,9590.0,0.0,537.0,0.0
2011-04-12,12200.0,2.1,20.7,13300.0,13.4,598.0,14.6
2011-04-13,12900.0,0.2,14.6,13700.0,0.8,2230.0,1.5
2011-04-14,21900.0,0.0,14.0,28700.0,0.0,1830.0,0.0
2011-04-15,28100.0,0.0,14.3,24400.0,0.0,1290.0,0.0
2011-04-16,21900.0,26.1,14.8,19600.0,34.0,1360.0,27.3
2011-04-17,28800.0,2.4,13.9,43400.0,0.5,11200.0,0.1
2011-04-18,62200.0,0.0,17.1,62700.0,0.0,4080.0,0.0
2011-04-19,48000.0,0.0,19.5,34100.0,0.0,2160.0,0.0
2011-04-20,27700.0,0.0,22.7,24300.0,0.0,1580.0,0.0
2011-04-21,21500.0,0.0,17.6,19200.0,0.0,1240.0,0.0
2011-04-22,16900.0,3.9,10.8,15000.0,3.0,1020.0,3.7
2011-04-23,13000.0,1.3,14.4,11800.0,0.7,1090.0,1.2
2011-04-24,11400.0,0.0,22.2,10800.0,0.0,1000.0,0.0
2011-04-25,10100.0,0.3,23.5,9490.0,0.1,844.0,0.0
2011-04-26,9250.0,0.6,22.7,8800.0,0.2,744.0,0.2
2011-04-27,8570.0,0.6,22.8,8820.0,1.1,1040.0,0.9
2011-04-28,9230.0,24.9,22.6,9510.0,12.7,1390.0,10.8
2011-04-29,11200.0,0.0,17.7,16100.0,0.0,1920.0,0.0
2011-04-30,29500.0,0.0,15.1,32100.0,0.0,1330.0,0.0
2011-05-01,24400.0,0.1,14.8,20600.0,0.8,1060.0,0.2
2011-05-02,18600.0,0.0,18.6,16900.0,0.0,907.0,0.0
2011-05-03,15400.0,0.0,21.9,14100.0,0.0,779.0,0.0
2011-05-04,13500.0,16.9,15.2,12200.0,17.6,1030.0,16.5
2011-05-05,12700.0,0.0,12.9,11700.0,0.0,1060.0,0.0
2011-05-06,11100.0,0.4,14.4,10000.0,0.0,770.0,0.1
2011-05-07,9780.0,0.0,15.7,9060.0,0.0,701.0,0.0
2011-05-08,8810.0,1.3,16.9,8060.0,1.6,646.0,1.2
2011-05-09,7820.0,0.0,17.1,7350.0,0.0,592.0,0.0
2011-05-10,7170.0,0.0,16.9,6560.0,0.0,527.0,0.0
2011-05-11,6340.0,0.0,17.1,6060.0,0.0,473.0,0.0
2011-05-12,5990.0,0.0,16.3,5610.0,0.0,438.0,0.0
2011-05-13,5470.0,1.1,17.4,5140.0,1.4,438.0,1.5
2011-05-14,5270.0,7.7,18.4,5210.0,4.7,443.0,4.5
2011-05-15,5740.0,11.6,20.1,5500.0,26.3,796.0,31.1
2011-05-16,6500.0,10.4,18.5,8350.0,8.4,1380.0,5.3
2011-05-17,11300.0,5.9,18.4,13500.0,13.5,5620.0,13.0
2011-05-18,23300.0,0.0,18.5,25800.0,6.5,11900.0,10.9
2011-05-19,26300.0,0.1,17.6,24700.0,0.0,4620.0,0.0
2011-05-20,25200.0,0.4,17.7,22900.0,0.6,2470.0,0.3
2011-05-21,20400.0,0.0,19.3,17900.0,0.0,1760.0,0.0
2011-05-22,15900.0,0.0,21.8,13900.0,0.0,1360.0,0.0
2011-05-23,12500.0,6.0,23.4,11500.0,5.5,1260.0,4.4
2011-05-24,11200.0,0.0,24.8,10500.0,0.0,1090.0,0.1
2011-05-25,10300.0,8.6,24.5,9620.0,1.1,895.0,0.6
2011-05-26,9100.0,0.0,26.6,8030.0,0.0,681.0,0.0
2011-05-27,7480.0,1.0,25.2,6610.0,9.4,653.0,10.9
2011-05-28,6330.0,1.3,22.9,5870.0,0.7,604.0,1.7
2011-05-29,6150.0,0.4,24.5,6610.0,0.0,582.0,0.0
2011-05-30,7970.0,0.0,27.1,8910.0,0.0,556.0,0.0
2011-05-31,8520.0,0.0,28.8,7580.0,0.0,502.0,0.0
2011-06-01,6940.0,0.9,28.1,6380.0,2.6,441.0,2.5
2011-06-02,6020.0,0.0,26.8,5660.0,0.0,396.0,0.0
2011-06-03,5340.0,0.0,22.7,5070.0,0.0,350.0,0.0
2011-06-04,4770.0,0.0,22.1,4330.0,0.0,311.0,0.0
2011-06-05,4060.0,1.1,23.8,3720.0,3.0,299.0,4.0
2011-06-06,3560.0,0.0,24.2,3250.0,0.0,281.0,0.0
2011-06-07,3120.0,0.0,25.2,3080.0,0.0,273.0,0.0
2011-06-08,3000.0,0.0,28.4,2840.0,0.0,253.0,0.0
2011-06-09,2790.0,0.0,30.0,2750.0,0.0,242.0,0.0
2011-06-10,2700.0,4.0,28.6,2510.0,1.1,330.0,1.4
2011-06-11,2460.0,2.6,26.9,2490.0,2.6,264.0,2.3
2011-06-12,2470.0,5.4,26.0,2480.0,5.5,314.0,3.9
2011-06-13,2470.0,0.5,23.7,2840.0,0.0,542.0,0.0
2011-06-14,2880.0,0.0,21.6,3360.0,0.0,335.0,0.0
2011-06-15,3130.0,0.0,21.1,2890.0,0.0,236.0,0.0
2011-06-16,2590.0,6.0,22.0,2330.0,8.6,202.0,6.2
2011-06-17,2240.0,4.1,23.9,2140.0,1.6,187.0,0.3
2011-06-18,2090.0,1.0,26.3,2070.0,0.3,216.0,0.2
2011-06-19,2030.0,1.8,24.7,2120.0,1.4,266.0,2.2
2011-06-20,2440.0,8.5,23.1,4780.0,7.2,918.0,6.9
2011-06-21,5800.0,0.0,25.0,5200.0,0.0,708.0,0.0
2011-06-22,4070.0,1.8,27.4,3200.0,2.4,468.0,3.6
2011-06-23,2860.0,1.3,27.1,2850.0,1.1,329.0,1.0
2011-06-24,2550.0,0.0,26.9,2590.0,0.0,272.0,0.0
2011-06-25,2330.0,0.0,26.1,2440.0,0.0,237.0,0.0
2011-06-26,2210.0,0.0,24.6,2320.0,0.0,201.0,0.0
2011-06-27,2120.0,1.8,25.3,2370.0,3.3,196.0,3.2
2011-06-28,2260.0,2.6,27.7,2600.0,4.3,190.0,2.4
2011-06-29,2410.0,2.7,26.4,2380.0,0.3,326.0,0.1
2011-06-30,2190.0,0.0,25.5,2830.0,0.0,311.0,0.0
2011-07-01,2540.0,0.0,25.7,2510.0,0.0,197.0,0.0
2011-07-02,2150.0,0.0,27.1,1920.0,0.0,161.0,0.0
2011-07-03,1730.0,0.0,28.8,1690.0,0.2,158.0,0.9
2011-07-04,1640.0,19.3,28.4,1880.0,7.3,347.0,7.3
2011-07-05,1880.0,0.3,26.0,1920.0,0.0,455.0,0.0
2011-07-06,2020.0,1.8,26.6,2360.0,1.7,247.0,1.2
2011-07-07,2520.0,0.7,26.8,2400.0,1.8,349.0,2.5
2011-07-08,2550.0,22.3,26.2,2400.0,20.3,297.0,13.0
2011-07-09,3970.0,20.5,25.3,3110.0,7.6,461.0,3.1
2011-07-10,3460.0,0.0,26.2,2880.0,0.0,324.0,0.0
2011-07-11,2700.0,0.2,26.8,2500.0,0.3,208.0,0.1
2011-07-12,2290.0,0.3,29.7,2140.0,0.1,163.0,0.0
2011-07-13,1890.0,4.7,28.8,1860.0,4.7,148.0,7.3
2011-07-14,1650.0,0.8,24.7,1740.0,0.3,219.0,0.2
2011-07-15,1600.0,0.0,23.4,1990.0,0.0,177.0,0.0
2011-07-16,1700.0,0.0,23.5,1480.0,0.0,129.0,0.0
2011-07-17,1350.0,0.0,24.5,1260.0,0.0,113.0,0.0
2011-07-18,1170.0,0.0,26.4,1420.0,0.0,103.0,0.0
2011-07-19,1250.0,0.4,28.2,1110.0,1.0,97.1,0.2
2011-07-20,1040.0,5.1,28.4,1180.0,0.2,94.1,0.0
2011-07-21,1070.0,0.0,30.1,1340.0,0.0,94.5,0.0
2011-07-22,1190.0,0.0,32.5,1060.0,0.0,88.8,0.0
2011-07-23,990.0,2.5,32.3,1150.0,3.7,85.1,3.9
2011-07-24,1020.0,3.7,30.5,1370.0,1.1,81.6,1.3
2011-07-25,1200.0,6.0,28.5,1210.0,4.2,76.6,4.1
2011-07-26,1090.0,4.3,27.7,1250.0,2.3,75.2,1.4
2011-07-27,1100.0,0.0,28.8,1470.0,0.0,73.7,0.0
2011-07-28,1250.0,0.0,29.3,1350.0,0.0,71.2,0.0
2011-07-29,1160.0,0.0,31.3,1240.0,0.0,67.1,0.0
2011-07-30,1060.0,3.2,30.9,1190.0,0.4,64.0,0.8
2011-07-31,1050.0,0.2,28.0,1100.0,3.0,59.6,1.8
2011-08-01,1030.0,0.0,27.7,1240.0,0.0,55.1,0.0
2011-08-02,1090.0,0.0,29.3,1960.0,0.0,53.2,0.0
2011-08-03,1600.0,0.7,29.2,1450.0,1.1,55.1,2.2
2011-08-04,1240.0,6.0,27.2,1200.0,3.1,58.6,1.4
2011-08-05,1030.0,0.0,25.7,1080.0,0.0,64.3,0.0
2011-08-06,956.0,1.5,25.2,1070.0,1.7,57.0,4.0
2011-08-07,929.0,4.3,28.2,1180.0,3.4,83.1,5.3
2011-08-08,1010.0,0.6,28.3,1460.0,0.0,140.0,0.0
2011-08-09,1190.0,0.0,29.0,1500.0,0.0,142.0,0.0
2011-08-10,1200.0,0.0,29.3,1220.0,0.0,87.9,0.0
2011-08-11,1030.0,0.0,27.7,1140.0,0.0,71.8,0.0
2011-08-12,955.0,0.4,25.6,1090.0,0.0,64.3,0.1
2011-08-13,934.0,4.1,25.3,1060.0,8.0,63.6,5.0
2011-08-14,980.0,12.3,24.3,1530.0,19.5,75.6,13.6
2011-08-15,2510.0,5.7,23.7,5790.0,5.9,265.0,5.2
2011-08-16,4310.0,0.0,24.6,3420.0,0.0,249.0,0.0
2011-08-17,2550.0,0.0,25.9,2810.0,0.0,169.0,0.0
2011-08-18,2480.0,2.6,25.6,2960.0,2.0,111.0,0.7
2011-08-19,2320.0,0.7,25.6,2220.0,0.1,88.6,0.0
2011-08-20,1840.0,4.8,24.7,1750.0,0.3,81.1,0.0
2011-08-21,1510.0,8.8,26.1,1660.0,3.5,85.5,1.7
2011-08-22,1450.0,0.0,26.0,1510.0,0.2,135.0,0.5
2011-08-23,1320.0,0.0,23.7,1690.0,0.0,105.0,0.0
2011-08-24,1500.0,0.0,24.0,1670.0,0.0,105.0,0.0
2011-08-25,1550.0,0.9,27.1,1850.0,5.6,100.0,10.5
2011-08-26,1860.0,0.8,26.5,1910.0,2.8,235.0,4.0
2011-08-27,2220.0,58.7,23.7,2060.0,26.3,116.0,18.0
2011-08-28,3230.0,46.0,24.4,2520.0,20.3,167.0,15.7
2011-08-29,2890.0,16.2,23.3,2330.0,4.4,159.0,2.0
2011-08-30,2260.0,2.2,21.9,1910.0,0.2,110.0,0.0
2011-08-31,1740.0,0.0,22.0,1570.0,0.0,91.8,0.0
2011-09-01,1450.0,0.0,21.9,1340.0,0.0,93.5,0.0
2011-09-02,1240.0,2.0,21.9,1440.0,4.7,90.0,5.0
2011-09-03,1280.0,0.0,23.6,1360.0,0.7,112.0,0.2
2011-09-04,1210.0,0.0,25.1,1580.0,0.0,98.7,0.0
2011-09-05,1360.0,5.0,24.5,1570.0,4.4,95.0,2.9
2011-09-06,1730.0,25.1,19.7,8890.0,28.2,4490.0,29.3
2011-09-07,23500.0,25.8,22.5,26300.0,43.0,4220.0,28.0
2011-09-08,29300.0,32.7,22.5,18400.0,3.2,1510.0,3.8
2011-09-09,17500.0,3.1,23.4,11100.0,3.8,545.0,4.0
2011-09-10,11000.0,0.1,23.2,7260.0,0.0,413.0,0.0
2011-09-11,6810.0,0.0,23.4,5170.0,0.0,233.0,0.0
2011-09-12,4760.0,0.2,23.0,3900.0,0.0,229.0,0.1
2011-09-13,3670.0,0.0,22.9,3250.0,0.0,267.0,0.0
2011-09-14,3080.0,0.2,24.0,2840.0,1.7,199.0,2.0
2011-09-15,2850.0,6.5,23.1,2500.0,2.3,175.0,4.0
2011-09-16,2390.0,0.0,15.8,1780.0,0.0,161.0,0.2
2011-09-17,1940.0,3.9,15.3,2160.0,2.8,154.0,2.5
2011-09-18,2210.0,0.0,16.1,1760.0,0.0,148.0,0.0
2011-09-19,1940.0,0.2,17.6,1820.0,0.8,146.0,0.9
2011-09-20,2030.0,0.1,19.6,1800.0,2.0,159.0,3.4
2011-09-21,2020.0,7.2,20.5,1730.0,2.1,176.0,0.8
2011-09-22,2030.0,7.8,21.5,1840.0,3.7,186.0,3.8
2011-09-23,2870.0,29.6,21.4,2480.0,21.8,262.0,20.8
2011-09-24,8530.0,1.1,21.2,4490.0,0.0,340.0,0.0
2011-09-25,6990.0,0.1,22.1,4310.0,0.2,261.0,0.3
2011-09-26,5220.0,0.0,22.3,3810.0,0.0,392.0,0.1
2011-09-27,4160.0,9.2,22.5,3310.0,11.0,474.0,10.7
2011-09-28,3710.0,8.9,21.8,3570.0,3.0,504.0,1.4
2011-09-29,4150.0,1.1,21.2,3970.0,1.5,519.0,0.7
2011-09-30,4030.0,0.0,19.6,3160.0,0.0,398.0,0.0
2011-10-01,3300.0,0.2,15.4,2580.0,0.2,309.0,0.2
2011-10-02,2800.0,1.0,10.5,2640.0,3.3,255.0,3.4
2011-10-03,2840.0,0.4,10.8,2430.0,0.5,230.0,0.5
2011-10-04,2610.0,0.0,13.7,2020.0,0.0,218.0,0.0
2011-10-05,2290.0,0.0,16.3,1860.0,0.0,209.0,0.0
2011-10-06,2160.0,0.0,16.2,1860.0,0.0,196.0,0.0
2011-10-07,2120.0,0.0,15.0,1670.0,0.0,187.0,0.0
2011-10-08,1970.0,0.0,15.4,1580.0,0.0,175.0,0.0
2011-10-09,1880.0,0.0,16.1,1510.0,0.0,167.0,0.0
2011-10-10,1800.0,0.0,18.0,1530.0,0.0,164.0,0.0
2011-10-11,1820.0,0.1,17.9,1520.0,0.0,164.0,0.0
2011-10-12,1990.0,11.4,18.6,1750.0,21.3,1570.0,23.5
2011-10-13,7140.0,4.8,19.8,18600.0,5.5,6430.0,10.9
2011-10-14,27900.0,4.5,18.7,16400.0,2.5,3070.0,2.5
2011-10-15,13900.0,0.0,16.6,9460.0,0.0,1570.0,0.0
2011-10-16,8850.0,0.0,16.0,6760.0,0.0,939.0,0.0
2011-10-17,6320.0,0.0,20.2,5460.0,0.0,719.0,0.0
2011-10-18,5040.0,0.0,19.4,4490.0,0.0,559.0,0.0
2011-10-19,4490.0,22.9,18.4,4240.0,12.6,652.0,13.5
2011-10-20,5080.0,3.2,15.0,5500.0,1.3,685.0,0.8
2011-10-21,5630.0,0.0,12.7,4490.0,0.0,595.0,0.0
2011-10-22,4480.0,0.0,12.8,3780.0,0.0,452.0,0.0
2011-10-23,3820.0,0.0,12.6,3360.0,0.0,351.0,0.0
2011-10-24,3440.0,0.0,13.2,3020.0,0.0,322.0,0.0
2011-10-25,3180.0,0.0,14.0,2890.0,0.0,363.0,0.0
2011-10-26,3090.0,0.0,15.3,2730.0,0.0,352.0,0.0
2011-10-27,2940.0,0.4,18.6,2490.0,1.3,344.0,0.4
2011-10-28,2820.0,2.6,9.6,2410.0,2.7,255.0,2.6
2011-10-29,3150.0,27.4,5.2,2540.0,28.5,489.0,28.8
2011-10-30,3960.0,0.0,5.5,4310.0,0.0,987.0,0.0
2011-10-31,5210.0,0.1,7.2,4190.0,0.0,667.0,0.0
2011-11-01,4380.0,1.3,9.2,3550.0,0.0,565.0,0.0
2011-11-02,3670.0,0.0,8.8,3240.0,0.0,454.0,0.0
2011-11-03,3450.0,0.0,9.8,2990.0,0.0,424.0,0.0
2011-11-04,3310.0,17.0,9.9,2910.0,11.3,324.0,9.6
2011-11-05,3160.0,0.0,7.8,2770.0,0.0,381.0,0.0
2011-11-06,3090.0,0.0,9.0,2820.0,0.0,363.0,0.0
2011-11-07,3080.0,0.0,10.6,2540.0,0.0,356.0,0.0
2011-11-08,2840.0,0.0,11.0,2490.0,0.0,242.0,0.0
2011-11-09,2740.0,0.0,10.2,2300.0,0.0,329.0,0.0
2011-11-10,2700.0,1.3,10.9,2410.0,0.8,349.0,1.2
2011-11-11,2690.0,0.0,7.4,2370.0,0.0,277.0,0.0
2011-11-12,2650.0,0.0,7.0,2110.0,0.0,222.0,0.0
2011-11-13,2450.0,0.0,11.0,2060.0,0.0,258.0,0.0
2011-11-14,2400.0,0.0,15.7,2030.0,0.0,260.0,0.0
2011-11-15,2380.0,0.7,18.6,2020.0,0.0,259.0,0.0
2011-11-16,2530.0,9.5,17.7,2120.0,10.5,378.0,10.9
2011-11-17,4880.0,35.5,10.0,4780.0,30.6,1300.0,27.5
2011-11-18,8090.0,0.0,4.4,5570.0,0.0,833.0,0.0
2011-11-19,6120.0,0.0,4.8,4630.0,0.0,563.0,0.0
2011-11-20,4900.0,0.0,12.3,4200.0,0.0,429.0,0.0
2011-11-21,4300.0,0.4,16.0,3610.0,0.6,342.0,0.3
2011-11-22,3850.0,9.0,14.1,3470.0,7.4,455.0,8.4
2011-11-23,4010.0,7.9,15.9,4700.0,15.0,1460.0,15.7
2011-11-24,7490.0,0.0,9.7,7550.0,0.0,1520.0,0.0
2011-11-25,7910.0,0.0,9.6,6130.0,0.0,951.0,0.0
2011-11-26,6240.0,0.0,10.8,5810.0,0.0,758.0,0.0
2011-11-27,6180.0,0.0,13.5,5620.0,0.0,642.0,0.0
2011-11-28,5520.0,0.0,15.8,4840.0,0.0,589.0,0.0
2011-11-29,5070.0,15.1,13.9,4730.0,17.6,1090.0,20.4
2011-11-30,7270.0,0.0,7.7,10700.0,0.1,1940.0,0.0
2011-12-01,21800.0,0.0,5.9,22000.0,0.0,1310.0,0.0
2011-12-02,20500.0,0.0,5.3,14300.0,0.0,995.0,0.0
2011-12-03,12700.0,0.0,5.4,9710.0,0.0,805.0,0.0
2011-12-04,9120.0,0.0,7.0,7470.0,0.0,680.0,0.0
2011-12-05,7180.0,0.3,10.5,6220.0,0.0,607.0,0.0
2011-12-06,6090.0,4.3,15.1,5490.0,10.1,623.0,10.0
2011-12-07,5900.0,21.2,16.5,10600.0,51.4,4460.0,53.2
2011-12-08,46000.0,23.2,5.9,58000.0,19.9,11100.0,16.8
2011-12-09,67400.0,0.0,4.6,57600.0,0.0,3330.0,0.0
2011-12-10,48200.0,0.0,5.6,31300.0,0.0,2100.0,0.0
2011-12-11,24500.0,0.0,1.9,18400.0,0.0,1550.0,0.0
2011-12-12,16800.0,0.0,2.0,13300.0,0.0,1210.0,0.0
2011-12-13,12600.0,0.0,2.8,10400.0,0.0,1020.0,0.0
2011-12-14,10200.0,0.0,5.1,8830.0,0.0,935.0,0.0
2011-12-15,8710.0,0.0,9.9,7680.0,0.0,806.0,0.0
2011-12-16,7660.0,3.3,12.3,7020.0,3.4,750.0,3.5
2011-12-17,7560.0,5.3,4.4,6840.0,3.5,741.0,3.7
2011-12-18,7380.0,0.0,1.6,6320.0,0.0,638.0,0.0
2011-12-19,6570.0,0.0,2.3,5620.0,0.0,559.0,0.0
2011-12-20,5940.0,0.0,8.7,4960.0,0.0,496.0,0.0
2011-12-21,5750.0,9.7,12.3,4750.0,3.9,540.0,3.4
2011-12-22,5610.0,1.2,16.3,4650.0,0.4,559.0,0.3
2011-12-23,7200.0,8.0,13.9,8520.0,9.9,2320.0,10.3
2011-12-24,16400.0,0.0,7.1,15800.0,0.0,1900.0,0.0
2011-12-25,21400.0,0.0,4.8,18500.0,0.0,1300.0,0.0
2011-12-26,19500.0,0.0,6.0,14200.0,0.0,1040.0,0.0
2011-12-27,15100.0,15.3,6.2,11600.0,17.4,1230.0,17.8
2011-12-28,16000.0,0.0,6.7,14700.0,0.0,2030.0,0.0
2011-12-29,17000.0,0.0,2.7,12400.0,0.0,1330.0,0.0
2011-12-30,14000.0,0.0,6.3,11200.0,0.3,1080.0,0.6
2011-12-31,12700.0,0.6,11.8,10100.0,0.0,989.0,0.0
2012-01-01,11300.0,0.2,8.6,9220.0,1.5,854.0,0.7
2012-01-02,10100.0,0.7,6.5,8050.0,0.0,783.0,0.0
2012-01-03,8800.0,0.0,-0.3,7060.0,0.0,702.0,0.0
2012-01-04,7620.0,0.0,-2.4,6300.0,0.0,624.0,0.0
2012-01-05,7000.0,0.0,2.4,5900.0,0.2,634.0,0.5
2012-01-06,6550.0,0.0,6.6,5680.0,0.0,554.0,0.0
2012-01-07,6330.0,0.0,10.4,5430.0,0.0,584.0,0.0
2012-01-08,5980.0,0.0,8.2,5130.0,0.0,486.0,0.0
2012-01-09,5760.0,3.6,2.9,4840.0,4.1,519.0,3.6
2012-01-10,5800.0,0.0,5.1,4690.0,0.0,500.0,0.0
2012-01-11,5520.0,9.2,4.6,4460.0,7.3,506.0,8.6
2012-01-12,7180.0,14.2,11.3,8730.0,12.5,2450.0,11.3
2012-01-13,15700.0,0.8,6.3,13100.0,1.4,1820.0,0.9
2012-01-14,13900.0,0.0,1.0,11700.0,0.0,1340.0,0.0
2012-01-15,14700.0,0.0,-0.7,13300.0,0.0,1080.0,0.0
2012-01-16,15100.0,0.0,-0.9,11800.0,0.0,919.0,0.0
2012-01-17,12400.0,0.9,8.4,9710.0,2.5,844.0,1.7
2012-01-18,10500.0,0.4,9.0,8130.0,0.1,743.0,0.0
2012-01-19,8990.0,0.0,0.7,7310.0,0.0,707.0,0.0
2012-01-20,8430.0,0.0,3.0,7090.0,0.0,653.0,0.0
2012-01-21,8930.0,7.8,3.3,7750.0,4.6,826.0,3.4
2012-01-22,9910.0,0.0,0.9,8310.0,0.0,914.0,0.0
2012-01-23,10300.0,1.3,3.9,9660.0,0.2,829.0,0.1
2012-01-24,13200.0,0.0,10.2,11300.0,0.0,809.0,0.0
2012-01-25,12500.0,0.0,5.9,10100.0,0.0,769.0,0.0
2012-01-26,11500.0,0.0,8.2,9480.0,0.0,729.0,0.0
2012-01-27,10600.0,10.7,14.9,8480.0,7.2,883.0,6.2
2012-01-28,10200.0,0.0,7.2,9280.0,0.0,1310.0,0.0
2012-01-29,11100.0,0.0,4.9,9220.0,0.0,951.0,0.0
2012-01-30,10300.0,0.0,4.5,8400.0,0.0,874.0,0.0
2012-01-31,9550.0,0.0,8.7,7790.0,0.0,748.0,0.0
2012-02-01,8790.0,0.0,13.0,7190.0,0.2,627.0,0.2
2012-02-02,8330.0,14.7,12.4,7050.0,13.1,941.0,12.6
2012-02-03,8610.0,0.0,6.8,7500.0,0.0,1200.0,0.0
2012-02-04,8460.0,2.2,5.6,6860.0,2.6,947.0,2.4
2012-02-05,7780.0,5.6,4.1,6430.0,3.8,866.0,3.5
2012-02-06,7240.0,0.0,2.9,6120.0,0.0,802.0,0.0
2012-02-07,6800.0,0.0,6.3,5680.0,0.0,728.0,0.0
2012-02-08,6450.0,1.7,4.2,5480.0,1.5,681.0,1.9
2012-02-09,6340.0,0.0,3.5,5440.0,0.0,648.0,0.0
2012-02-10,6150.0,0.0,3.2,5230.0,0.0,611.0,0.0
2012-02-11,5840.0,2.3,4.5,5020.0,2.6,599.0,1.8
2012-02-12,5450.0,0.0,-2.1,4880.0,0.0,575.0,0.0
2012-02-13,5170.0,0.0,-0.3,4570.0,0.0,503.0,0.0
2012-02-14,4750.0,0.0,4.8,4410.0,0.0,502.0,0.0
2012-02-15,4720.0,0.0,8.4,4360.0,0.0,494.0,0.0
2012-02-16,4630.0,3.7,6.5,4240.0,5.2,515.0,5.1
2012-02-17,4590.0,0.0,7.5,4250.0,0.0,540.0,0.0
2012-02-18,4670.0,0.0,6.9,4440.0,0.0,547.0,0.0
2012-02-19,4850.0,5.1,5.6,4470.0,5.4,481.0,4.2
2012-02-20,5120.0,7.5,2.9,4810.0,3.7,594.0,3.3
2012-02-21,5660.0,0.0,2.5,5210.0,0.0,615.0,0.0
2012-02-22,6000.0,0.0,9.9,5600.0,0.0,625.0,0.0
2012-02-23,6550.0,4.9,12.8,6900.0,8.1,767.0,8.7
2012-02-24,9030.0,1.5,17.6,8680.0,0.4,705.0,1.4
2012-02-25,9710.0,0.1,7.9,9300.0,0.0,735.0,0.0
2012-02-26,10500.0,0.0,3.6,9310.0,0.0,583.0,0.0
2012-02-27,9260.0,0.0,6.3,8090.0,0.0,525.0,0.0
2012-02-28,8430.0,0.0,8.4,7570.0,0.0,518.0,0.0
2012-02-29,8180.0,3.9,7.9,7500.0,5.0,859.0,4.6
2012-03-01,15900.0,0.6,17.0,16700.0,2.6,2780.0,1.8
2012-03-02,21400.0,4.5,9.9,23700.0,6.8,1860.0,7.5
2012-03-03,41500.0,17.9,13.6,33800.0,10.5,2120.0,8.2
2012-03-04,36900.0,3.3,8.6,28500.0,0.0,1670.0,0.0
2012-03-05,33500.0,3.1,3.1,27100.0,5.9,1360.0,5.6
2012-03-06,27500.0,0.0,2.9,22200.0,0.0,1370.0,0.0
2012-03-07,21300.0,0.0,8.4,17900.0,0.0,1240.0,0.0
2012-03-08,16700.0,0.0,14.6,14100.0,0.0,1070.0,0.0
2012-03-09,13800.0,5.1,13.5,11600.0,2.8,977.0,3.4
2012-03-10,12000.0,0.0,6.2,10600.0,0.0,870.0,0.0
2012-03-11,11000.0,0.0,6.5,9540.0,0.0,782.0,0.0
2012-03-12,9820.0,0.0,11.4,8320.0,0.2,733.0,0.1
2012-03-13,8760.0,7.0,16.9,7710.0,3.5,692.0,2.4
2012-03-14,8180.0,0.0,18.7,7220.0,0.0,640.0,0.0
2012-03-15,7670.0,0.0,19.3,6820.0,0.0,639.0,0.0
2012-03-16,7330.0,0.3,18.2,6530.0,0.2,607.0,0.8
2012-03-17,7030.0,0.0,16.7,6230.0,0.0,574.0,0.0
2012-03-18,6680.0,0.0,15.2,5830.0,0.8,559.0,0.2
2012-03-19,6210.0,0.1,16.7,5570.0,0.0,541.0,0.6
2012-03-20,6010.0,2.3,17.5,5490.0,0.7,585.0,0.5
2012-03-21,6590.0,12.6,16.5,5660.0,6.2,470.0,6.5
2012-03-22,7510.0,1.3,17.9,8010.0,2.8,647.0,1.4
2012-03-23,9120.0,0.4,20.0,8490.0,0.3,644.0,0.0
2012-03-24,9160.0,14.4,18.2,7800.0,16.0,652.0,16.1
2012-03-25,16300.0,9.1,15.2,25200.0,13.9,3680.0,13.5
2012-03-26,40600.0,0.5,14.8,31300.0,1.0,2550.0,1.3
2012-03-27,35600.0,0.0,8.1,27600.0,0.0,1530.0,0.0
2012-03-28,25300.0,0.0,13.2,20700.0,0.6,1200.0,0.3
2012-03-29,19600.0,0.0,17.8,16700.0,0.0,1050.0,0.0
2012-03-30,16100.0,0.0,13.0,13900.0,0.0,907.0,0.0
2012-03-31,13500.0,3.4,15.9,11600.0,1.7,800.0,1.6
2012-04-01,11600.0,0.0,12.9,10100.0,0.0,771.0,0.0
2012-04-02,10400.0,0.6,14.1,9050.0,0.6,689.0,0.1
2012-04-03,9170.0,0.0,12.5,7740.0,0.0,617.0,0.0
2012-04-04,8010.0,0.7,19.0,6980.0,0.2,590.0,0.7
2012-04-05,7430.0,0.7,13.6,6660.0,0.0,624.0,0.3
2012-04-06,7140.0,0.0,10.0,6200.0,0.0,536.0,0.0
2012-04-07,6560.0,0.0,10.8,5770.0,0.0,502.0,0.0
2012-04-08,6190.0,0.0,12.2,5450.0,0.0,400.0,0.0
2012-04-09,5860.0,0.0,15.0,5120.0,0.0,434.0,0.0
2012-04-10,5590.0,0.0,13.8,4870.0,0.0,453.0,0.0
2012-04-11,5310.0,0.2,9.6,4570.0,0.0,410.0,0.0
2012-04-12,4960.0,0.0,9.3,4390.0,0.0,392.0,0.0
2012-04-13,4800.0,0.0,11.0,4250.0,0.0,376.0,0.0
2012-04-14,4650.0,0.0,13.9,4120.0,0.0,369.0,0.0
2012-04-15,4550.0,0.0,20.1,4080.0,0.0,369.0,0.0
2012-04-16,4470.0,0.0,23.1,3940.0,0.0,364.0,0.0
2012-04-17,4340.0,0.0,21.8,3800.0,0.0,306.0,0.0
2012-04-18,4220.0,1.1,16.4,3680.0,2.3,342.0,2.2
2012-04-19,4190.0,1.6,15.0,3900.0,2.4,485.0,3.7
2012-04-20,4410.0,0.0,16.1,4230.0,0.0,429.0,0.0
2012-04-21,4610.0,1.8,18.9,4070.0,0.1,381.0,0.4
2012-04-22,4780.0,27.8,11.6,4200.0,23.1,470.0,23.4
2012-04-23,5490.0,5.1,8.0,4700.0,7.5,497.0,8.1
2012-04-24,5700.0,0.0,9.6,5190.0,0.0,575.0,0.0
2012-04-25,5850.0,0.0,12.3,5260.0,0.0,521.0,0.0
2012-04-26,5890.0,18.6,14.7,5320.0,12.2,561.0,12.3
2012-04-27,6300.0,0.0,16.3,6110.0,0.0,595.0,0.0
2012-04-28,8490.0,1.1,11.8,12600.0,2.0,455.0,1.0
2012-04-29,14900.0,1.6,13.1,12700.0,1.4,429.0,1.9
2012-04-30,11900.0,0.0,15.0,10200.0,0.0,431.0,0.0
2012-05-01,9860.0,6.0,21.2,8570.0,0.8,412.0,0.6
2012-05-02,8670.0,1.5,23.0,7700.0,0.0,506.0,0.0
2012-05-03,7870.0,0.0,21.7,7100.0,0.0,423.0,0.0
2012-05-04,7340.0,0.3,23.3,6660.0,0.2,394.0,0.3
2012-05-05,6950.0,4.7,22.3,6410.0,6.6,353.0,4.1
2012-05-06,6870.0,2.0,19.2,6080.0,1.4,443.0,1.1
2012-05-07,6440.0,0.0,17.9,5720.0,0.0,432.0,0.0
2012-05-08,5940.0,0.0,18.7,5450.0,0.0,385.0,0.7
2012-05-09,5810.0,12.2,19.7,5730.0,10.0,507.0,6.3
2012-05-10,6870.0,6.0,16.4,7320.0,7.0,434.0,4.1
2012-05-11,7810.0,0.0,15.2,7540.0,0.0,386.0,0.0
2012-05-12,7800.0,0.0,17.0,7000.0,0.0,360.0,0.0
2012-05-13,7000.0,0.0,19.0,6130.0,0.0,312.0,0.0
2012-05-14,6210.0,6.6,18.3,5390.0,12.9,280.0,18.4
2012-05-15,5870.0,17.8,19.8,7980.0,9.7,1020.0,6.8
2012-05-16,24000.0,1.1,20.6,28900.0,2.2,2090.0,1.5
2012-05-17,26500.0,0.0,20.0,20100.0,0.0,1240.0,0.0
2012-05-18,16900.0,0.0,18.0,13800.0,0.0,879.0,0.0
2012-05-19,12600.0,0.0,17.4,10800.0,0.0,727.0,0.0
2012-05-20,10400.0,0.0,18.6,9760.0,0.0,609.0,0.0
2012-05-21,9620.0,5.7,19.3,8380.0,3.6,551.0,5.2
2012-05-22,8020.0,7.3,19.9,6800.0,6.3,517.0,2.9
2012-05-23,7320.0,10.8,19.5,7370.0,5.1,786.0,5.9
2012-05-24,8870.0,0.1,20.4,8720.0,0.2,918.0,0.3
2012-05-25,9340.0,0.5,22.5,8260.0,0.1,620.0,0.0
2012-05-26,8220.0,0.0,23.2,7050.0,0.0,534.0,0.0
2012-05-27,7050.0,0.0,23.4,6180.0,0.0,415.0,0.0
2012-05-28,6040.0,0.0,24.4,5240.0,0.0,365.0,0.0
2012-05-29,5290.0,0.1,25.4,4630.0,0.0,336.0,0.2
2012-05-30,4720.0,12.4,22.6,4140.0,6.0,377.0,3.9
2012-05-31,4330.0,0.0,22.6,4130.0,0.0,442.0,0.0
2012-06-01,4650.0,11.6,22.5,4900.0,21.3,332.0,29.6
2012-06-02,5680.0,6.4,19.3,5960.0,10.9,890.0,7.1
2012-06-03,6340.0,0.2,18.9,5420.0,0.0,341.0,0.0
2012-06-04,5240.0,0.0,20.4,4530.0,0.0,317.0,0.0
2012-06-05,4490.0,1.0,17.2,3810.0,0.3,285.0,0.0
2012-06-06,3900.0,0.4,16.9,3470.0,1.1,286.0,1.5
2012-06-07,3630.0,0.0,18.4,3300.0,0.0,304.0,0.0
2012-06-08,3540.0,0.0,20.8,3280.0,0.0,273.0,0.0
2012-06-09,3470.0,0.0,23.1,3150.0,0.0,248.0,0.0
2012-06-10,3340.0,0.0,24.4,2990.0,0.0,218.0,0.0
2012-06-11,3140.0,0.2,24.1,2740.0,0.2,199.0,0.3
2012-06-12,2980.0,6.1,22.2,2770.0,7.5,215.0,9.6
2012-06-13,3270.0,0.9,23.2,3730.0,2.0,502.0,1.0
2012-06-14,4500.0,0.3,21.2,5080.0,0.2,432.0,0.2
2012-06-15,4710.0,0.0,20.6,4130.0,0.0,370.0,0.0
2012-06-16,3870.0,0.0,20.2,3530.0,0.0,202.0,0.0
2012-06-17,3380.0,0.0,19.7,3130.0,0.0,193.0,0.0
2012-06-18,3110.0,3.0,18.6,3040.0,3.5,182.0,2.8
2012-06-19,3020.0,1.7,23.3,2610.0,0.2,217.0,0.0
2012-06-20,2520.0,0.0,27.3,2570.0,0.0,229.0,0.0
2012-06-21,2670.0,1.5,28.5,2650.0,0.4,201.0,0.1
2012-06-22,2680.0,0.0,28.2,2620.0,1.5,242.0,0.4
2012-06-23,2980.0,12.8,26.1,2830.0,2.1,239.0,1.9
2012-06-24,2850.0,0.0,25.7,2590.0,0.0,226.0,0.0
2012-06-25,2550.0,3.8,25.6,2280.0,1.8,185.0,2.0
2012-06-26,2390.0,0.0,22.3,2170.0,0.0,216.0,0.0
2012-06-27,2270.0,0.0,22.7,2120.0,0.0,160.0,0.0
2012-06-28,2170.0,0.0,26.5,1910.0,0.0,123.0,0.0
2012-06-29,1960.0,0.2,30.7,1730.0,2.1,106.0,2.0
2012-06-30,1860.0,1.0,30.7,1610.0,0.3,103.0,0.3
2012-07-01,1760.0,0.5,30.4,1460.0,0.5,89.1,0.5
2012-07-02,1600.0,0.6,29.1,1080.0,0.4,90.6,1.2
2012-07-03,1310.0,0.0,29.2,1230.0,0.2,84.6,0.8
2012-07-04,1360.0,0.5,29.8,1250.0,1.3,75.8,1.1
2012-07-05,1390.0,0.0,30.7,1230.0,0.0,71.8,0.0
2012-07-06,1380.0,0.1,31.1,1340.0,0.0,68.2,0.0
2012-07-07,1460.0,0.0,31.7,1330.0,0.0,61.7,0.0
2012-07-08,1450.0,0.0,33.7,1230.0,0.0,59.6,0.0
2012-07-09,1360.0,4.0,28.5,1180.0,3.3,58.7,2.8
2012-07-10,1400.0,7.6,25.2,1170.0,0.9,64.2,0.6
2012-07-11,1340.0,0.0,25.6,1550.0,0.0,59.3,0.0
2012-07-12,1570.0,0.1,25.0,1830.0,0.0,57.6,0.0
2012-07-13,1670.0,0.0,24.8,1330.0,0.0,54.6,0.0
2012-07-14,1380.0,7.6,25.4,1260.0,6.3,53.3,4.4
2012-07-15,1410.0,4.6,27.4,1290.0,1.9,93.4,2.8
2012-07-16,1430.0,0.4,28.2,1510.0,0.0,148.0,0.0
2012-07-17,1500.0,0.0,29.8,1630.0,0.0,101.0,0.0
2012-07-18,1580.0,1.7,30.4,1440.0,0.4,72.2,0.0
2012-07-19,1960.0,2.2,30.1,1580.0,2.6,59.0,2.8
2012-07-20,1700.0,4.7,28.2,1500.0,3.3,53.9,4.1
2012-07-21,1620.0,7.1,23.9,1370.0,11.4,55.1,10.3
2012-07-22,1490.0,2.1,23.9,1520.0,0.9,153.0,0.5
2012-07-23,1590.0,0.7,27.1,1870.0,0.0,108.0,0.0
2012-07-24,1880.0,6.7,27.9,2090.0,5.0,86.2,2.2
2012-07-25,1990.0,0.0,26.8,1860.0,0.0,119.0,0.0
2012-07-26,1810.0,0.0,29.4,1870.0,0.0,160.0,0.0
2012-07-27,1810.0,7.7,29.9,1780.0,9.3,113.0,7.0
2012-07-28,1770.0,0.0,28.2,1650.0,0.0,77.8,0.0
2012-07-29,1620.0,0.0,27.3,1580.0,0.0,64.4,0.0
2012-07-30,1550.0,0.5,25.8,1400.0,0.4,59.7,0.1
2012-07-31,1470.0,1.1,25.3,1410.0,0.5,82.8,0.4
2012-08-01,1530.0,2.9,26.4,1610.0,2.1,143.0,2.3
2012-08-02,1730.0,4.9,26.2,1670.0,1.7,133.0,0.7
2012-08-03,1720.0,0.1,27.7,1790.0,1.0,104.0,0.4
2012-08-04,1710.0,0.3,28.1,1550.0,0.1,78.7,0.0
2012-08-05,1540.0,0.0,28.9,1760.0,0.0,66.6,0.0
2012-08-06,1660.0,6.0,27.3,1660.0,4.8,59.7,4.9
2012-08-07,1620.0,5.1,25.5,1420.0,2.2,56.5,0.5
2012-08-08,1470.0,0.1,26.1,1710.0,0.0,56.9,0.0
2012-08-09,1770.0,0.5,26.8,2570.0,0.0,59.5,0.0
2012-08-10,2300.0,10.9,26.0,2250.0,16.4,59.8,18.4
2012-08-11,2090.0,5.7,25.5,1890.0,7.1,216.0,4.5
2012-08-12,1890.0,6.6,24.4,2560.0,1.8,367.0,1.1
2012-08-13,2310.0,0.0,25.2,2700.0,0.0,154.0,0.0
2012-08-14,2340.0,0.5,26.5,2300.0,0.0,98.2,0.1
2012-08-15,2000.0,2.5,26.6,1790.0,3.7,81.7,3.3
2012-08-16,1690.0,0.7,25.1,1520.0,0.0,187.0,0.0
2012-08-17,1490.0,0.0,26.3,1620.0,0.0,200.0,1.0
2012-08-18,1550.0,0.3,25.3,1910.0,2.4,129.0,2.1
2012-08-19,1770.0,4.2,22.3,1810.0,6.4,109.0,12.0
2012-08-20,1690.0,0.0,22.5,1640.0,0.0,93.5,1.3
2012-08-21,1640.0,0.5,23.4,1740.0,0.9,133.0,0.3
2012-08-22,1650.0,0.1,23.6,1880.0,0.4,163.0,0.1
2012-08-23,1820.0,0.2,24.5,2560.0,0.0,127.0,0.0
2012-08-24,2140.0,0.2,23.9,2150.0,0.0,128.0,0.0
2012-08-25,2000.0,48.4,21.7,1970.0,42.7,105.0,30.2
2012-08-26,2090.0,5.4,22.5,6290.0,7.8,495.0,8.7
2012-08-27,7550.0,1.0,23.7,7620.0,0.4,486.0,0.0
2012-08-28,5340.0,0.3,25.6,4410.0,0.2,248.0,0.0
2012-08-29,3390.0,0.0,25.1,2900.0,0.0,166.0,0.0
2012-08-30,2430.0,0.6,24.4,2260.0,0.4,132.0,0.2
2012-08-31,2040.0,0.0,26.9,1980.0,0.0,110.0,0.0
2012-09-01,1820.0,0.6,27.5,1590.0,0.3,99.6,0.0
2012-09-02,1630.0,0.6,26.5,1520.0,0.5,124.0,0.1
2012-09-03,1680.0,13.4,24.5,1980.0,24.5,268.0,19.5
2012-09-04,1960.0,1.2,25.5,2310.0,2.8,343.0,4.2
2012-09-05,2120.0,8.8,26.1,2550.0,5.9,198.0,8.7
2012-09-06,2300.0,21.0,24.1,2410.0,18.5,301.0,20.5
2012-09-07,2220.0,0.0,23.7,2750.0,0.0,411.0,0.0
2012-09-08,2390.0,6.5,24.9,2770.0,16.0,262.0,16.5
2012-09-09,2140.0,14.8,20.7,2670.0,5.8,261.0,2.8
2012-09-10,2090.0,0.0,19.6,2300.0,0.0,174.0,0.0
2012-09-11,2010.0,0.0,18.3,1990.0,0.0,137.0,0.0
2012-09-12,1770.0,0.0,19.0,1910.0,0.0,113.0,0.0
2012-09-13,1720.0,0.0,19.6,1680.0,0.0,99.8,0.0
2012-09-14,1560.0,0.0,20.8,1540.0,0.0,93.6,0.0
2012-09-15,1450.0,0.0,20.8,1490.0,0.0,88.2,0.0
2012-09-16,1420.0,0.4,18.6,1400.0,0.6,84.7,0.7
2012-09-17,1370.0,0.0,18.9,1270.0,0.2,80.5,0.5
2012-09-18,1360.0,8.8,21.9,1350.0,17.2,101.0,16.8
2012-09-19,1480.0,6.4,19.0,2130.0,1.9,645.0,0.9
2012-09-20,2020.0,0.0,17.4,4520.0,0.0,466.0,0.0
2012-09-21,5490.0,0.0,19.6,9030.0,0.0,235.0,0.0
2012-09-22,6960.0,0.2,22.2,6010.0,0.1,168.0,0.0
2012-09-23,4540.0,0.0,19.9,4130.0,0.0,138.0,0.0
2012-09-24,3370.0,0.0,16.1,3090.0,0.0,115.0,0.0
2012-09-25,2690.0,0.0,17.0,2400.0,0.0,104.0,0.0
2012-09-26,2320.0,0.0,21.2,1860.0,0.0,93.6,0.0
2012-09-27,2010.0,0.0,23.3,1490.0,0.0,88.2,0.0
2012-09-28,1800.0,3.7,22.6,1300.0,3.6,85.8,2.6
2012-09-29,1710.0,2.6,18.5,1580.0,7.0,99.0,8.0
2012-09-30,1860.0,0.0,18.1,1470.0,0.0,151.0,0.0
2012-10-01,1780.0,0.0,15.9,1440.0,1.0,116.0,1.0
2012-10-02,1800.0,1.0,20.6,1620.0,3.7,331.0,5.6
2012-10-03,1960.0,2.4,24.0,2690.0,0.0,516.0,0.0
2012-10-04,2780.0,0.0,23.6,2620.0,0.0,299.0,0.1
2012-10-05,2610.0,0.0,21.7,2290.0,0.0,187.0,0.0
2012-10-06,2360.0,0.1,21.1,2000.0,0.0,145.0,0.0
2012-10-07,2220.0,5.3,14.1,2270.0,4.1,125.0,4.5
2012-10-08,2360.0,4.8,9.5,1710.0,1.1,115.0,0.6
2012-10-09,1970.0,4.6,10.9,1410.0,3.9,111.0,3.2
2012-10-10,1760.0,0.0,15.0,1410.0,0.0,126.0,0.0
2012-10-11,1740.0,0.0,13.8,1370.0,0.0,115.0,0.0
2012-10-12,1720.0,0.0,13.6,1340.0,0.0,101.0,0.0
2012-10-13,1690.0,0.0,11.8,1210.0,0.0,95.0,0.0
2012-10-14,1590.0,0.0,14.9,1170.0,0.0,89.9,0.0
2012-10-15,1570.0,13.8,18.5,1130.0,6.6,89.4,5.1
2012-10-16,1550.0,0.2,14.6,1070.0,0.0,91.0,0.0
2012-10-17,1510.0,0.0,13.5,1100.0,0.0,96.4,0.0
2012-10-18,1520.0,0.0,15.6,1130.0,0.2,94.2,0.5
2012-10-19,1620.0,6.4,19.1,1160.0,8.1,340.0,6.7
2012-10-20,1670.0,0.0,16.4,1680.0,0.0,251.0,0.0
2012-10-21,2090.0,0.0,13.5,1540.0,0.0,157.0,0.0
2012-10-22,1990.0,0.0,13.7,1270.0,0.0,121.0,0.0
2012-10-23,1880.0,0.0,16.7,1130.0,0.0,102.0,0.0
2012-10-24,1630.0,0.0,19.2,1030.0,0.0,97.3,0.0
2012-10-25,1540.0,0.0,19.5,1050.0,0.0,95.9,0.0
2012-10-26,1510.0,0.2,18.5,999.0,0.8,94.6,0.3
2012-10-27,1490.0,0.0,17.5,1050.0,0.0,94.3,0.0
2012-10-28,1530.0,2.7,14.7,1030.0,1.7,128.0,1.1
2012-10-29,1620.0,61.1,9.7,1300.0,59.3,172.0,55.2
2012-10-30,2100.0,34.4,5.3,2300.0,41.8,1560.0,40.2
2012-10-31,3060.0,0.0,8.1,4830.0,0.0,1170.0,0.0
2012-11-01,3870.0,0.0,9.0,3400.0,0.0,618.0,0.0
2012-11-02,2790.0,0.0,8.5,2620.0,0.0,430.0,0.0
2012-11-03,2280.0,0.0,7.1,2360.0,0.0,354.0,0.0
2012-11-04,2080.0,0.6,7.3,2100.0,0.1,314.0,0.4
2012-11-05,1920.0,0.0,5.6,1990.0,0.0,215.0,0.0
2012-11-06,1840.0,0.0,4.1,1800.0,0.0,233.0,0.0
2012-11-07,1720.0,0.0,5.1,1770.0,0.0,219.0,0.0
2012-11-08,1690.0,0.0,7.1,1730.0,0.0,213.0,0.0
2012-11-09,1670.0,0.0,7.3,1700.0,0.0,198.0,0.0
2012-11-10,1660.0,0.0,9.4,1650.0,0.0,188.0,0.0
2012-11-11,1640.0,0.0,12.1,1620.0,0.0,185.0,0.0
2012-11-12,1630.0,0.0,14.9,1590.0,0.0,180.0,0.0
2012-11-13,1640.0,8.9,11.2,1620.0,13.5,218.0,10.2
2012-11-14,1670.0,0.0,5.2,1760.0,0.0,283.0,0.0
2012-11-15,1830.0,0.2,5.5,1990.0,0.0,249.0,0.0
2012-11-16,2080.0,1.0,7.1,2020.0,0.1,224.0,0.3
2012-11-17,2170.0,0.0,5.6,1960.0,0.0,214.0,0.0
2012-11-18,2140.0,0.0,9.0,1880.0,0.0,205.0,0.0
2012-11-19,2080.0,0.0,9.2,1890.0,0.0,197.0,0.0
2012-11-20,2080.0,0.0,9.5,1860.0,0.0,193.0,0.0
2012-11-21,2040.0,0.0,7.9,1730.0,0.0,187.0,0.0
2012-11-22,1940.0,0.0,7.0,1730.0,0.0,185.0,0.0
2012-11-23,1930.0,0.0,8.0,1710.0,0.0,182.0,0.0
2012-11-24,1910.0,0.0,7.0,1640.0,0.0,181.0,0.0
2012-11-25,1870.0,0.0,2.2,1640.0,0.0,177.0,0.0
2012-11-26,1840.0,0.0,6.9,1610.0,0.0,170.0,0.0
2012-11-27,1830.0,2.3,6.3,1590.0,5.5,168.0,3.3
2012-11-28,1810.0,0.0,4.6,1530.0,0.0,167.0,0.0
2012-11-29,1760.0,0.0,3.2,1550.0,0.0,163.0,0.0
2012-11-30,1750.0,0.0,5.0,1530.0,0.0,159.0,0.0
2012-12-01,1750.0,0.0,6.5,1480.0,0.0,158.0,0.0
2012-12-02,1710.0,0.0,8.5,1500.0,0.0,157.0,0.0
2012-12-03,1720.0,2.1,14.3,1460.0,0.8,157.0,0.2
2012-12-04,1710.0,0.0,14.6,1480.0,0.0,159.0,0.0
2012-12-05,1710.0,2.1,14.2,1490.0,0.6,159.0,0.5
2012-12-06,1710.0,0.0,5.7,1470.0,0.0,159.0,0.0
2012-12-07,1700.0,2.6,5.6,1520.0,1.4,154.0,2.4
2012-12-08,1870.0,1.7,11.1,1510.0,1.1,154.0,0.6
2012-12-09,1830.0,1.0,12.5,1570.0,0.0,155.0,0.0
2012-12-10,1830.0,0.8,16.2,1580.0,0.1,160.0,0.0
2012-12-11,1800.0,1.6,12.4,1540.0,1.8,175.0,1.0
2012-12-12,1730.0,0.0,6.8,1540.0,0.0,177.0,0.0
2012-12-13,1710.0,0.2,6.0,1500.0,0.0,158.0,0.0
2012-12-14,1670.0,0.0,4.3,1420.0,0.0,148.0,0.0
2012-12-15,1610.0,0.0,5.4,1420.0,0.0,146.0,0.0
2012-12-16,1640.0,7.5,8.2,1460.0,5.2,148.0,4.7
2012-12-17,1680.0,1.8,12.7,1480.0,0.3,155.0,0.3
2012-12-18,1680.0,2.4,13.1,1520.0,1.9,161.0,1.3
2012-12-19,1710.0,0.0,8.6,1570.0,0.0,157.0,0.0
2012-12-20,1720.0,0.2,6.6,1490.0,0.5,150.0,0.7
2012-12-21,1920.0,14.9,7.8,1530.0,11.9,386.0,11.5
2012-12-22,1990.0,0.0,3.7,2490.0,0.0,448.0,0.0
2012-12-23,2680.0,0.0,2.7,2730.0,0.0,298.0,0.0
2012-12-24,2710.0,4.6,3.8,2290.0,5.0,238.0,5.7
2012-12-25,2380.0,0.0,6.4,2100.0,0.0,229.0,0.0
2012-12-26,2570.0,22.9,5.3,2160.0,29.6,438.0,28.7
2012-12-27,4040.0,0.2,4.4,6870.0,0.0,1420.0,0.1
2012-12-28,7490.0,0.0,2.3,6620.0,0.0,878.0,0.0
2012-12-29,6150.0,7.0,3.1,5170.0,5.2,621.0,5.5
2012-12-30,5100.0,0.0,3.3,4630.0,0.0,517.0,0.0
2012-12-31,4550.0,0.0,0.7,4150.0,0.0,410.0,0.0
2013-01-01,3960.0,2.4,5.4,3670.0,0.6,356.0,0.3
2013-01-02,3630.0,4.6,3.7,3320.0,3.1,329.0,2.9
2013-01-03,3300.0,0.0,1.0,3240.0,0.0,305.0,0.0
2013-01-04,3170.0,0.0,1.0,3050.0,0.0,284.0,0.0
2013-01-05,3000.0,0.0,2.4,2820.0,0.0,270.0,0.2
2013-01-06,2810.0,0.6,5.5,2700.0,2.2,254.0,1.2
2013-01-07,2740.0,0.0,4.9,2630.0,0.0,252.0,0.0
2013-01-08,2660.0,0.0,3.1,2570.0,0.0,241.0,0.0
2013-01-09,2590.0,0.0,7.9,2490.0,0.0,231.0,0.0
2013-01-10,2510.0,0.0,8.9,2090.0,0.0,228.0,0.0
2013-01-11,2200.0,0.6,5.5,2200.0,1.9,226.0,1.6
2013-01-12,2350.0,0.0,11.2,2260.0,0.0,229.0,0.0
2013-01-13,2390.0,0.0,14.7,2230.0,0.0,237.0,0.0
2013-01-14,2410.0,14.9,15.8,2020.0,12.4,241.0,10.4
2013-01-15,2900.0,38.0,6.0,2740.0,37.0,414.0,34.9
2013-01-16,5720.0,24.0,4.5,8460.0,29.7,1990.0,27.4
2013-01-17,17400.0,27.0,5.7,18400.0,26.1,2080.0,26.2
2013-01-18,38800.0,14.0,0.7,34800.0,11.7,2360.0,10.9
2013-01-19,36500.0,0.0,-0.8,23500.0,0.0,1330.0,0.0
2013-01-20,22800.0,0.0,6.7,16300.0,0.0,916.0,0.0
2013-01-21,16200.0,0.0,4.3,12100.0,0.0,724.0,0.0
2013-01-22,12100.0,0.0,0.2,9380.0,0.0,646.0,0.0
2013-01-23,9740.0,0.0,-4.0,7880.0,0.0,489.0,0.0
2013-01-24,8180.0,0.6,-2.9,6710.0,1.1,402.0,1.0
2013-01-25,6980.0,2.1,-5.4,5820.0,1.5,373.0,1.5
2013-01-26,5970.0,0.0,-2.6,5100.0,0.0,342.0,0.0
2013-01-27,5380.0,0.0,-1.2,4820.0,0.0,330.0,0.0
2013-01-28,5080.0,2.5,1.8,4380.0,3.9,361.0,3.5
2013-01-29,4770.0,0.0,10.6,4280.0,0.0,385.0,0.0
2013-01-30,4670.0,0.2,16.2,4170.0,1.2,368.0,0.9
2013-01-31,6450.0,9.2,11.7,16500.0,14.8,9460.0,16.9
2013-02-01,53200.0,0.0,1.3,59000.0,0.0,4810.0,0.0
2013-02-02,58700.0,0.0,-2.2,39100.0,0.2,2020.0,0.2
2013-02-03,29900.0,0.1,0.6,19600.0,0.0,1470.0,0.0
2013-02-04,18700.0,0.0,0.6,13900.0,0.0,1180.0,0.0
2013-02-05,13900.0,1.0,4.9,10900.0,0.0,972.0,0.0
2013-02-06,11200.0,0.0,5.7,8990.0,0.0,831.0,0.0
2013-02-07,9410.0,0.0,2.8,7680.0,0.0,710.0,0.0
2013-02-08,8460.0,20.1,4.2,6860.0,11.2,676.0,11.2
2013-02-09,7710.0,0.0,3.4,6490.0,0.0,697.0,0.0
2013-02-10,7190.0,0.0,1.5,5960.0,0.0,585.0,0.0
2013-02-11,6380.0,3.0,8.3,5400.0,4.3,522.0,3.4
2013-02-12,5820.0,0.0,10.6,5150.0,0.0,508.0,0.0
2013-02-13,5410.0,2.2,6.5,4840.0,3.4,457.0,3.3
2013-02-14,4980.0,0.3,5.1,4590.0,0.8,431.0,0.7
2013-02-15,4670.0,0.0,6.7,4400.0,0.0,403.0,0.0
2013-02-16,4490.0,5.2,3.5,4330.0,4.7,389.0,3.8
2013-02-17,4350.0,1.2,-0.5,4160.0,0.1,370.0,0.0
2013-02-18,4250.0,0.0,-0.4,4130.0,0.0,327.0,0.0
2013-02-19,4050.0,5.1,3.4,3820.0,4.5,309.0,4.5
2013-02-20,3820.0,0.3,3.6,3730.0,0.2,336.0,0.3
2013-02-21,3790.0,0.0,1.0,3730.0,0.0,311.0,0.0
2013-02-22,3670.0,0.6,0.7,3590.0,0.0,289.0,0.0
2013-02-23,3570.0,10.5,2.7,3480.0,5.8,280.0,5.1
2013-02-24,3460.0,0.4,6.9,3330.0,0.0,279.0,0.0
2013-02-25,3330.0,0.0,3.5,3290.0,0.0,276.0,0.0
2013-02-26,3320.0,10.6,2.4,3230.0,12.2,296.0,14.8
2013-02-27,4050.0,9.1,10.4,6300.0,13.6,1830.0,12.6
2013-02-28,8300.0,0.4,6.2,7910.0,0.0,1220.0,0.0
2013-03-01,7400.0,0.0,4.4,7330.0,0.0,895.0,0.0
2013-03-02,7040.0,0.0,2.4,6930.0,0.0,737.0,0.0
2013-03-03,6540.0,0.0,1.2,6280.0,0.0,643.0,0.0
2013-03-04,5850.0,0.0,2.0,5620.0,0.0,574.0,0.0
2013-03-05,5270.0,0.0,3.5,5150.0,0.0,508.0,0.3
2013-03-06,5910.0,55.8,2.0,5520.0,52.6,918.0,49.0
2013-03-07,10200.0,0.3,3.3,10800.0,0.0,1840.0,0.0
2013-03-08,13200.0,0.0,3.2,11600.0,0.0,1800.0,0.0
2013-03-09,12300.0,0.0,6.1,11500.0,0.0,1940.0,0.0
2013-03-10,11200.0,0.0,7.2,10100.0,0.0,1680.0,0.0
2013-03-11,9500.0,0.0,10.1,8710.0,0.0,1420.0,0.0
2013-03-12,8730.0,13.2,14.3,9150.0,19.3,3470.0,22.6
2013-03-13,17700.0,0.1,8.3,25600.0,0.0,5680.0,0.0
2013-03-14,27900.0,0.0,4.3,27200.0,0.0,2580.0,0.0
2013-03-15,23200.0,0.0,5.1,19500.0,0.0,1740.0,0.0
2013-03-16,16500.0,4.1,10.6,14500.0,7.1,1410.0,4.6
2013-03-17,14300.0,5.7,6.2,13200.0,4.8,1340.0,4.1
2013-03-18,13400.0,10.6,2.5,11700.0,11.8,1170.0,12.4
2013-03-19,13900.0,1.0,8.0,13400.0,1.3,1780.0,1.3
2013-03-20,14600.0,0.0,7.6,13100.0,0.0,1470.0,0.0
2013-03-21,13100.0,0.4,3.9,12300.0,0.0,1280.0,0.0
2013-03-22,12300.0,0.0,1.7,11500.0,0.0,1110.0,0.0
2013-03-23,11400.0,0.0,4.2,10300.0,0.0,971.0,0.0
2013-03-24,10100.0,14.1,3.3,9050.0,10.0,859.0,10.8
2013-03-25,9330.0,7.6,1.8,8500.0,7.9,950.0,7.2
2013-03-26,9230.0,0.5,3.3,8590.0,0.5,1040.0,0.2
2013-03-27,9340.0,0.0,5.1,8610.0,0.0,1050.0,0.0
2013-03-28,8790.0,0.0,5.4,7750.0,0.5,842.0,0.0
2013-03-29,7890.0,0.0,6.2,7010.0,0.0,789.0,0.0
2013-03-30,7270.0,0.0,7.6,6540.0,0.0,734.0,0.0
2013-03-31,6930.0,6.7,9.2,6180.0,7.3,685.0,7.5
2013-04-01,6590.0,0.2,12.6,5980.0,0.0,668.0,0.0
2013-04-02,6490.0,0.0,7.8,6120.0,0.0,622.0,0.0
2013-04-03,6530.0,0.0,5.8,6050.0,0.0,558.0,0.0
2013-04-04,6450.0,0.5,5.0,6200.0,0.4,518.0,0.6
2013-04-05,7620.0,16.3,7.4,7320.0,19.4,764.0,19.0
2013-04-06,9250.0,0.0,8.9,8530.0,0.0,743.0,0.0
2013-04-07,8800.0,0.0,9.8,7720.0,0.0,592.0,0.0
2013-04-08,8560.0,0.0,16.5,8700.0,0.0,538.0,0.0
2013-04-09,9160.0,0.0,20.2,8220.0,0.2,509.0,0.2
2013-04-10,8220.0,0.0,22.2,7430.0,0.0,488.0,0.0
2013-04-11,7550.0,0.0,22.7,6810.0,0.0,468.0,0.0
2013-04-12,7290.0,18.5,20.5,6650.0,30.0,812.0,29.1
2013-04-13,8480.0,0.3,16.8,9710.0,0.0,1100.0,0.0
2013-04-14,14200.0,0.0,15.3,17100.0,0.0,764.0,0.0
2013-04-15,16400.0,3.5,14.3,14100.0,6.0,701.0,7.7
2013-04-16,13000.0,0.1,16.5,11900.0,0.3,722.0,0.2
2013-04-17,11800.0,1.0,19.4,11400.0,1.1,667.0,1.5
2013-04-18,11600.0,0.9,19.8,11000.0,0.9,624.0,0.3
2013-04-19,11000.0,0.9,20.7,10300.0,3.4,625.0,4.5
2013-04-20,10700.0,23.4,14.3,10800.0,14.0,1220.0,12.4
2013-04-21,12200.0,0.0,10.4,12100.0,0.0,969.0,0.0
2013-04-22,13600.0,0.0,8.3,14100.0,0.0,804.0,0.0
2013-04-23,13000.0,0.0,11.1,11400.0,0.0,729.0,0.0
2013-04-24,10800.0,0.0,14.8,9740.0,0.0,669.0,0.0
2013-04-25,9490.0,0.2,15.5,8530.0,0.4,627.0,0.2
2013-04-26,8400.0,0.0,12.9,7500.0,0.0,552.0,0.0
2013-04-27,7500.0,0.0,14.5,6720.0,0.0,499.0,0.0
2013-04-28,6780.0,0.0,13.8,6030.0,0.9,466.0,2.7
2013-04-29,6430.0,23.1,13.8,5680.0,12.5,544.0,7.2
2013-04-30,6390.0,0.4,14.9,5840.0,0.2,598.0,0.0
2013-05-01,6320.0,0.0,15.3,5470.0,0.1,489.0,0.1
2013-05-02,5760.0,0.0,14.1,5160.0,0.0,443.0,0.0
2013-05-03,5600.0,0.0,13.2,5170.0,0.0,404.0,0.0
2013-05-04,5440.0,0.0,12.0,4790.0,0.0,384.0,0.0
2013-05-05,5060.0,0.0,11.9,4470.0,0.0,381.0,0.0
2013-05-06,4770.0,2.5,14.8,4300.0,3.5,376.0,6.3
2013-05-07,5490.0,22.6,15.6,6150.0,20.3,1110.0,19.0
2013-05-08,24700.0,14.2,14.4,45500.0,12.8,6850.0,8.6
2013-05-09,61400.0,0.5,16.2,66600.0,0.0,3410.0,0.0
2013-05-10,57100.0,0.0,20.2,44900.0,0.0,2080.0,0.0
2013-05-11,34800.0,2.6,21.4,29700.0,0.6,1620.0,0.0
2013-05-12,25400.0,1.5,18.0,22400.0,0.5,1270.0,0.2
2013-05-13,20000.0,0.0,12.2,18300.0,0.0,985.0,0.3
2013-05-14,16600.0,0.0,11.3,14800.0,0.0,810.0,0.0
2013-05-15,13100.0,0.1,18.6,11400.0,0.5,699.0,0.2
2013-05-16,10700.0,0.0,23.8,9660.0,1.6,605.0,1.6
2013-05-17,9510.0,0.0,22.1,8920.0,0.0,829.0,0.0
2013-05-18,9030.0,4.0,19.0,8360.0,1.8,669.0,1.4
2013-05-19,8920.0,7.5,19.3,8570.0,1.9,653.0,2.3
2013-05-20,8780.0,3.7,20.8,8080.0,8.8,623.0,8.0
2013-05-21,8450.0,0.8,21.7,8090.0,0.5,551.0,0.0
2013-05-22,8650.0,1.2,23.0,8090.0,0.9,556.0,0.7
2013-05-23,8400.0,15.3,21.9,7890.0,11.9,456.0,7.6
2013-05-24,7640.0,0.6,17.6,7620.0,0.2,811.0,1.4
2013-05-25,8040.0,0.0,12.8,8880.0,0.0,626.0,0.0
2013-05-26,8940.0,0.0,14.7,8180.0,0.0,456.0,0.0
2013-05-27,7590.0,0.0,16.7,7160.0,0.0,393.0,0.0
2013-05-28,6720.0,0.4,20.6,6250.0,0.1,365.0,0.0
2013-05-29,5820.0,0.0,24.1,5600.0,0.0,368.0,0.0
2013-05-30,5270.0,0.0,24.9,5150.0,0.0,334.0,0.0
2013-05-31,4800.0,0.0,25.0,4690.0,0.0,298.0,0.0
2013-06-01,4370.0,0.0,25.7,4320.0,0.0,276.0,0.0
2013-06-02,4020.0,2.1,25.6,3980.0,1.1,258.0,1.5
2013-06-03,3880.0,19.7,22.0,3920.0,14.9,377.0,12.1
2013-06-04,3930.0,2.3,20.8,4370.0,0.0,373.0,0.0
2013-06-05,4200.0,0.0,20.3,4070.0,0.0,279.0,0.0
2013-06-06,3700.0,0.0,19.9,3530.0,3.2,268.0,6.4
2013-06-07,6270.0,49.2,20.9,20200.0,43.6,4330.0,49.1
2013-06-08,34500.0,11.4,20.7,30700.0,5.7,2720.0,4.8
2013-06-09,21300.0,0.1,23.0,17500.0,0.0,1490.0,0.1
2013-06-10,17900.0,13.1,23.1,19800.0,12.8,7400.0,19.4
2013-06-11,29200.0,10.3,23.3,30600.0,2.3,6260.0,1.0
2013-06-12,34400.0,0.0,25.1,36700.0,0.0,2650.0,0.0
2013-06-13,33700.0,1.7,26.8,29000.0,4.2,1740.0,6.4
2013-06-14,23200.0,0.7,21.0,20400.0,1.4,1370.0,1.1
2013-06-15,18500.0,0.0,21.2,16400.0,0.0,1020.0,0.0
2013-06-16,14800.0,0.0,23.5,13300.0,0.1,809.0,0.4
2013-06-17,12100.0,10.3,23.8,10700.0,2.7,664.0,1.6
2013-06-18,10700.0,18.5,22.2,11700.0,7.7,2390.0,7.0
2013-06-19,18000.0,0.3,20.6,18900.0,0.2,1900.0,0.0
2013-06-20,16800.0,0.0,21.0,16400.0,0.0,1150.0,0.0
2013-06-21,16200.0,0.0,20.2,15000.0,0.0,877.0,0.0
2013-06-22,13100.0,6.5,21.6,11300.0,1.1,695.0,0.3
2013-06-23,10600.0,16.7,22.8,8990.0,14.1,544.0,7.2
2013-06-24,8750.0,1.4,25.1,7670.0,2.4,510.0,1.7
2013-06-25,7450.0,0.1,26.2,6810.0,0.0,499.0,0.2
2013-06-26,6660.0,3.0,26.8,6210.0,4.6,502.0,5.7
2013-06-27,6920.0,6.1,24.3,7330.0,0.0,975.0,0.1
2013-06-28,7300.0,2.0,26.0,6360.0,0.4,565.0,0.2
2013-06-29,6020.0,3.8,25.5,5430.0,1.4,418.0,0.9
2013-06-30,5170.0,8.5,25.0,4910.0,12.7,609.0,8.5
2013-07-01,7800.0,19.1,23.3,6360.0,18.7,661.0,19.1
2013-07-02,8960.0,14.6,22.8,6080.0,14.4,483.0,12.8
2013-07-03,7980.0,14.7,23.9,9750.0,16.0,2040.0,14.3
2013-07-04,15800.0,0.1,25.2,15400.0,0.2,1880.0,0.2
2013-07-05,16600.0,0.0,25.7,23600.0,0.0,897.0,0.0
2013-07-06,31600.0,0.0,26.6,27500.0,0.0,619.0,0.0
2013-07-07,19900.0,0.0,26.5,16200.0,0.3,462.0,0.0
2013-07-08,13600.0,1.2,25.9,11600.0,0.0,494.0,0.5
2013-07-09,10500.0,0.6,25.3,9650.0,0.0,626.0,0.0
2013-07-10,9430.0,4.8,25.9,8750.0,4.5,475.0,3.0
2013-07-11,11100.0,11.9,23.8,9260.0,2.4,669.0,4.6
2013-07-12,15200.0,59.2,21.9,24400.0,127.6,2940.0,122.5
2013-07-13,35200.0,5.1,23.0,27700.0,2.6,1950.0,1.5
2013-07-14,21100.0,0.4,25.4,16800.0,0.6,1230.0,0.2
2013-07-15,15400.0,0.0,26.2,12900.0,0.0,991.0,0.0
2013-07-16,11600.0,1.0,27.5,9680.0,0.6,657.0,4.9
2013-07-17,9160.0,5.0,27.1,8030.0,3.4,616.0,1.9
2013-07-18,7730.0,0.7,27.8,7290.0,1.3,547.0,0.7
2013-07-19,7340.0,0.2,28.3,6810.0,0.2,478.0,0.0
2013-07-20,6490.0,0.6,28.1,6180.0,1.2,404.0,1.7
2013-07-21,5980.0,6.0,26.6,5900.0,13.1,396.0,10.4
2013-07-22,6400.0,9.6,25.5,6680.0,9.6,418.0,9.5
2013-07-23,6600.0,0.4,26.1,6590.0,0.5,418.0,1.4
2013-07-24,6540.0,1.1,26.0,7230.0,0.0,363.0,0.1
2013-07-25,7460.0,0.3,23.4,7190.0,0.0,374.0,0.0
2013-07-26,7340.0,0.0,22.0,7200.0,0.0,496.0,0.0
2013-07-27,6100.0,0.5,23.2,5340.0,0.2,341.0,0.7
2013-07-28,5120.0,4.2,24.1,5070.0,2.8,309.0,3.1
2013-07-29,5060.0,1.7,23.5,4870.0,0.0,459.0,0.0
2013-07-30,4780.0,0.0,22.4,4650.0,0.0,302.0,0.0
2013-07-31,4450.0,4.9,22.5,4210.0,0.7,252.0,0.2
2013-08-01,4510.0,20.5,22.3,3890.0,15.6,295.0,14.3
2013-08-02,5030.0,0.9,24.1,4810.0,0.1,740.0,0.0
2013-08-03,5220.0,0.0,24.3,4260.0,0.0,395.0,0.0
2013-08-04,4060.0,0.0,23.9,3700.0,0.0,283.0,0.0
2013-08-05,3510.0,0.0,21.4,3410.0,0.0,241.0,0.0
2013-08-06,3360.0,10.1,21.3,3280.0,11.0,242.0,9.7
2013-08-07,3890.0,0.7,23.4,6790.0,0.2,205.0,1.7
2013-08-08,6760.0,0.0,25.3,4590.0,1.4,224.0,0.7
2013-08-09,3910.0,4.0,26.4,3880.0,4.9,238.0,3.2
2013-08-10,3790.0,9.2,26.1,3720.0,16.3,777.0,12.0
2013-08-11,4910.0,2.0,24.7,5890.0,0.8,1200.0,1.4
2013-08-12,5550.0,3.3,25.4,5170.0,2.3,650.0,2.4
2013-08-13,5580.0,6.1,25.1,5270.0,5.9,424.0,7.2
2013-08-14,4330.0,0.1,21.8,4010.0,0.0,522.0,0.0
2013-08-15,3820.0,0.0,19.1,3660.0,0.0,311.0,0.0
2013-08-16,3350.0,0.0,19.6,3170.0,0.0,243.0,0.0
2013-08-17,3080.0,2.2,19.6,3270.0,0.9,216.0,0.5
2013-08-18,3250.0,14.7,19.1,3470.0,36.8,1590.0,40.4
2013-08-19,5430.0,3.4,19.9,7520.0,4.1,1620.0,4.5
2013-08-20,7330.0,0.0,22.3,6380.0,0.0,868.0,0.0
2013-08-21,5480.0,0.2,24.4,4640.0,0.0,498.0,0.0
2013-08-22,4300.0,0.0,25.4,3830.0,0.5,423.0,0.0
2013-08-23,4370.0,6.0,22.9,3600.0,2.9,471.0,6.2
2013-08-24,5810.0,2.7,20.9,4680.0,1.3,1180.0,0.5
2013-08-25,5370.0,0.0,21.0,4760.0,0.0,784.0,0.0
2013-08-26,4560.0,0.0,21.0,4070.0,0.0,524.0,0.0
2013-08-27,3730.0,0.8,24.1,3370.0,0.3,413.0,0.4
2013-08-28,3340.0,5.2,24.1,3040.0,5.5,354.0,5.0
2013-08-29,3120.0,16.5,23.7,2980.0,30.0,481.0,24.9
2013-08-30,3020.0,0.0,23.2,3150.0,0.0,417.0,0.0
2013-08-31,3050.0,0.0,24.8,3130.0,0.0,373.0,0.0
2013-09-01,3480.0,3.0,25.8,6410.0,0.6,1310.0,0.9
2013-09-02,7030.0,0.1,25.6,5920.0,0.0,654.0,0.0
2013-09-03,5010.0,0.4,25.1,4320.0,0.0,412.0,0.4
2013-09-04,3920.0,0.0,22.6,3720.0,0.0,329.0,0.0
2013-09-05,3350.0,0.0,22.9,3100.0,0.0,279.0,0.0
2013-09-06,2850.0,0.0,21.7,2830.0,0.0,251.0,0.0
2013-09-07,2780.0,0.0,20.1,3000.0,0.0,226.0,0.0
2013-09-08,2700.0,0.0,22.4,2390.0,0.0,222.0,0.0
2013-09-09,2340.0,0.0,23.6,2290.0,0.0,217.0,0.0
2013-09-10,2240.0,0.0,25.2,2130.0,0.0,208.0,0.0
2013-09-11,2050.0,0.0,26.8,1800.0,0.0,202.0,0.0
2013-09-12,1850.0,1.6,26.6,2010.0,2.1,197.0,2.1
2013-09-13,2030.0,0.2,23.8,2060.0,0.1,191.0,0.6
2013-09-14,2040.0,0.0,18.8,1990.0,0.0,191.0,0.0
2013-09-15,1930.0,0.0,17.8,1880.0,0.0,168.0,0.0
2013-09-16,1850.0,0.0,20.2,1850.0,1.4,158.0,1.1
2013-09-17,1820.0,0.0,17.7,1810.0,0.0,159.0,0.0
2013-09-18,1770.0,0.0,15.7,1780.0,0.0,158.0,0.0
2013-09-19,1730.0,0.0,17.7,1570.0,0.0,158.0,0.0
2013-09-20,1590.0,0.0,20.3,1730.0,0.0,157.0,0.0
2013-09-21,1720.0,4.1,19.9,1690.0,4.5,176.0,4.8
2013-09-22,1910.0,14.6,19.2,1890.0,8.3,213.0,6.2
2013-09-23,1950.0,0.0,16.6,2120.0,0.0,260.0,0.0
2013-09-24,2110.0,0.0,14.9,2300.0,0.0,208.0,0.0
2013-09-25,2260.0,0.0,16.6,2110.0,0.0,176.0,0.0
2013-09-26,2140.0,0.1,17.5,2060.0,0.0,167.0,0.0
2013-09-27,2010.0,0.4,17.1,1950.0,0.0,161.0,0.0
2013-09-28,1880.0,0.6,17.1,2190.0,0.2,150.0,0.2
2013-09-29,2060.0,1.1,16.6,1760.0,0.0,147.0,0.0
2013-09-30,1710.0,0.0,17.7,1620.0,0.0,144.0,0.0
2013-10-01,1620.0,0.0,19.3,1610.0,0.0,139.0,0.0
2013-10-02,1590.0,0.0,21.3,1540.0,0.0,129.0,0.0
2013-10-03,1530.0,0.0,21.8,1520.0,0.0,124.0,0.0
2013-10-04,1530.0,0.0,23.3,1490.0,0.0,124.0,0.0
2013-10-05,1510.0,0.0,24.1,1460.0,0.0,124.0,0.0
2013-10-06,1470.0,0.0,24.2,1430.0,0.0,119.0,0.0
2013-10-07,1520.0,9.1,22.6,1450.0,9.5,128.0,8.0
2013-10-08,1680.0,0.0,16.7,1790.0,0.0,636.0,0.0
2013-10-09,2030.0,24.9,14.4,2910.0,10.9,362.0,8.7
2013-10-10,3560.0,34.4,12.8,3600.0,46.7,275.0,42.4
2013-10-11,3720.0,6.9,14.2,3360.0,2.1,1100.0,2.8
2013-10-12,3580.0,2.8,16.8,3550.0,2.5,737.0,4.5
2013-10-13,3260.0,3.1,17.2,2840.0,3.6,494.0,4.3
2013-10-14,2780.0,0.7,17.0,2700.0,1.1,541.0,1.1
2013-10-15,2720.0,0.0,15.9,2820.0,0.0,626.0,0.0
2013-10-16,2720.0,0.2,17.9,2720.0,0.0,486.0,0.0
2013-10-17,2600.0,2.5,18.3,2440.0,2.1,393.0,3.3
2013-10-18,2340.0,0.6,16.7,2300.0,0.0,347.0,0.0
2013-10-19,2340.0,1.0,14.6,2760.0,1.0,299.0,1.0
2013-10-20,2530.0,0.1,13.3,2130.0,0.0,269.0,0.0
2013-10-21,2030.0,0.0,11.5,1930.0,0.0,247.0,0.0
2013-10-22,1930.0,0.0,14.6,1920.0,0.0,231.0,0.0
2013-10-23,1910.0,2.2,12.1,1920.0,7.7,245.0,7.8
2013-10-24,1920.0,0.0,8.8,2050.0,0.0,264.0,0.0
2013-10-25,2030.0,0.0,6.9,2140.0,0.0,227.0,0.0
2013-10-26,2020.0,0.0,6.5,1910.0,0.0,200.0,0.0
2013-10-27,1870.0,0.0,10.8,1820.0,0.0,192.0,0.0
2013-10-28,1820.0,0.0,11.0,1770.0,0.0,194.0,0.0
2013-10-29,1780.0,0.0,13.3,1760.0,0.0,193.0,0.0
2013-10-30,1770.0,2.4,13.9,1780.0,4.7,189.0,3.5
2013-10-31,1800.0,0.2,17.3,1880.0,0.0,192.0,0.0
2013-11-01,1900.0,1.2,20.7,1760.0,0.6,197.0,0.2
2013-11-02,1770.0,0.0,17.7,1850.0,0.7,200.0,0.5
2013-11-03,1830.0,0.0,11.6,1820.0,0.0,195.0,0.0
2013-11-04,1810.0,0.0,7.0,1800.0,0.0,182.0,0.0
2013-11-05,1770.0,0.0,8.2,1740.0,0.0,173.0,0.0
2013-11-06,1730.0,0.0,14.0,1700.0,0.0,172.0,0.0
2013-11-07,1720.0,0.4,15.2,1680.0,0.9,177.0,1.0
2013-11-08,1700.0,0.0,8.8,1710.0,0.0,178.0,0.0
2013-11-09,1720.0,0.0,6.9,1720.0,0.0,175.0,0.0
2013-11-10,1700.0,0.0,11.0,1670.0,0.0,171.0,0.0
2013-11-11,1690.0,0.0,8.6,1660.0,0.0,170.0,0.0
2013-11-12,1660.0,0.7,6.8,1660.0,0.0,169.0,0.0
2013-11-13,1660.0,0.0,2.7,1620.0,0.0,167.0,0.0
2013-11-14,1620.0,0.0,3.1,1630.0,0.0,162.0,0.0
2013-11-15,1630.0,0.0,7.0,1620.0,0.0,160.0,0.0
2013-11-16,1720.0,8.2,10.9,1710.0,6.2,211.0,5.7
2013-11-17,1810.0,0.2,13.8,1920.0,0.5,231.0,0.3
2013-11-18,2010.0,2.6,17.5,2050.0,3.3,228.0,2.1
2013-11-19,2110.0,0.0,9.5,2110.0,0.0,222.0,0.0
2013-11-20,2100.0,0.0,5.7,2030.0,0.0,200.0,0.0
2013-11-21,2010.0,0.0,7.4,1900.0,0.0,181.0,0.0
2013-11-22,1920.0,0.0,12.0,1820.0,0.0,176.0,0.6
2013-11-23,1890.0,2.0,11.9,1760.0,1.8,180.0,1.6
2013-11-24,1820.0,0.0,1.3,1730.0,0.0,185.0,0.0
2013-11-25,1800.0,0.0,-1.8,1730.0,0.0,170.0,0.0
2013-11-26,1830.0,12.6,1.9,1760.0,16.3,197.0,19.5
2013-11-27,4190.0,55.8,6.5,8530.0,44.3,3560.0,41.7
2013-11-28,16000.0,0.0,0.6,14400.0,0.0,1770.0,0.0
2013-11-29,12900.0,0.0,0.6,11600.0,0.0,994.0,0.0
2013-11-30,10600.0,0.0,0.3,8580.0,0.0,713.0,0.0
2013-12-01,7360.0,0.0,2.0,6200.0,0.0,565.0,0.0
2013-12-02,5670.0,0.0,4.5,5050.0,0.0,483.0,0.0
2013-12-03,4780.0,0.0,6.2,4380.0,0.0,427.0,0.0
2013-12-04,4160.0,1.0,9.6,3870.0,0.4,384.0,0.2
2013-12-05,3710.0,0.0,13.6,3550.0,0.0,348.0,0.0
2013-12-06,3500.0,9.8,16.1,3400.0,11.5,433.0,13.4
2013-12-07,3880.0,8.2,5.7,5500.0,10.6,1820.0,9.9
2013-12-08,7420.0,9.8,1.2,7820.0,8.1,1510.0,6.2
2013-12-09,10500.0,10.2,2.3,13300.0,12.8,2620.0,11.6
2013-12-10,20300.0,7.9,3.2,19400.0,7.8,3190.0,8.2
2013-12-11,21900.0,0.0,1.0,22000.0,0.0,2390.0,0.0
2013-12-12,21800.0,0.0,0.3,19400.0,0.0,1590.0,0.0
2013-12-13,16600.0,0.0,-0.0,13900.0,0.0,1240.0,0.0
2013-12-14,12300.0,12.0,1.6,10300.0,10.8,1020.0,10.0
2013-12-15,11100.0,7.8,5.8,9730.0,3.6,1290.0,2.9
2013-12-16,10800.0,0.0,3.0,9180.0,0.0,1070.0,0.0
2013-12-17,8960.0,0.0,4.2,7640.0,0.7,843.0,1.3
2013-12-18,8060.0,7.3,3.2,6920.0,4.7,767.0,3.9
2013-12-19,7330.0,0.0,3.7,6400.0,0.0,678.0,0.0
2013-12-20,6460.0,0.0,9.7,5890.0,0.0,614.0,0.0
2013-12-21,5970.0,0.0,14.5,5590.0,0.0,576.0,0.0
2013-12-22,5920.0,9.1,19.5,5500.0,8.8,574.0,7.9
2013-12-23,6630.0,36.8,17.6,6330.0,48.6,1100.0,41.9
2013-12-24,10600.0,0.2,5.6,19000.0,0.0,1670.0,0.0
2013-12-25,30400.0,0.0,-1.1,29000.0,0.0,1190.0,0.0
2013-12-26,22400.0,0.0,-0.2,18100.0,0.0,979.0,0.0
2013-12-27,15200.0,0.0,1.6,13100.0,0.0,855.0,0.0
2013-12-28,12000.0,0.0,3.5,10900.0,0.0,753.0,0.0
2013-12-29,11900.0,28.2,6.8,13000.0,28.5,3880.0,27.4
2013-12-30,28700.0,0.0,6.4,31200.0,0.0,5380.0,0.0
2013-12-31,33600.0,0.0,4.5,33200.0,0.0,2210.0,0.0
2014-01-01,27700.0,0.0,2.4,23200.0,0.0,1590.0,0.0
2014-01-02,20300.0,3.1,2.8,17700.0,3.5,1310.0,4.0
2014-01-03,16100.0,7.7,-1.6,14200.0,5.9,1220.0,4.9
2014-01-04,13500.0,0.0,-2.9,11800.0,0.0,990.0,0.0
2014-01-05,11100.0,0.9,2.2,9720.0,2.0,939.0,4.4
2014-01-06,9990.0,4.3,9.1,10700.0,3.6,2040.0,2.6
2014-01-07,12700.0,0.0,-8.1,11900.0,0.0,1650.0,0.0
2014-01-08,10600.0,0.0,-5.0,9070.0,0.0,1180.0,0.0
2014-01-09,8700.0,0.0,0.1,8220.0,0.0,1150.0,0.0
2014-01-10,8170.0,9.1,0.7,7370.0,13.5,1100.0,11.5
2014-01-11,10200.0,22.9,9.7,16000.0,21.3,3220.0,18.6
2014-01-12,30400.0,0.3,8.2,32100.0,0.0,4620.0,0.0
2014-01-13,28900.0,0.0,6.6,23700.0,0.0,2300.0,0.0
2014-01-14,22100.0,7.5,9.0,19900.0,6.7,1850.0,6.2
2014-01-15,19100.0,0.5,6.0,17100.0,1.0,1610.0,0.6
2014-01-16,16300.0,2.3,3.0,14300.0,3.1,1400.0,2.4
2014-01-17,14000.0,0.0,2.4,12400.0,0.0,1260.0,0.0
2014-01-18,12100.0,0.0,2.1,10900.0,0.2,1100.0,0.1
2014-01-19,10800.0,0.0,1.0,9720.0,0.0,993.0,0.0
2014-01-20,9750.0,0.0,5.8,8870.0,0.0,921.0,0.0
2014-01-21,8840.0,2.8,2.0,8290.0,3.8,870.0,3.5
2014-01-22,8180.0,3.2,-6.5,7650.0,1.5,825.0,1.1
2014-01-23,7540.0,0.0,-7.2,7020.0,0.0,645.0,0.0
2014-01-24,6840.0,0.0,-7.9,6440.0,0.0,632.0,0.0
2014-01-25,5870.0,0.0,-4.1,6240.0,0.0,635.0,0.0
2014-01-26,6110.0,0.0,-0.4,5970.0,0.0,630.0,0.0
2014-01-27,6210.0,0.0,5.9,5700.0,0.0,640.0,0.0
2014-01-28,5750.0,0.5,-4.1,5580.0,0.0,600.0,0.0
2014-01-29,5590.0,4.1,-7.3,5430.0,1.7,530.0,1.6
2014-01-30,5400.0,0.0,-6.4,4800.0,0.0,470.0,0.0
2014-01-31,4960.0,0.0,-1.2,4810.0,0.0,550.0,0.0
2014-02-01,5150.0,0.0,2.5,4850.0,0.0,566.0,0.0
2014-02-02,4800.0,0.0,9.0,4680.0,0.0,533.0,0.0
2014-02-03,5990.0,16.5,5.2,7740.0,25.0,2590.0,25.9
2014-02-04,20800.0,0.0,1.4,26800.0,0.0,3390.0,0.0
2014-02-05,33100.0,8.2,2.8,34300.0,11.1,2100.0,9.6
2014-02-06,28200.0,0.0,0.9,23800.0,0.0,1900.0,0.0
2014-02-07,21000.0,0.0,1.4,19400.0,0.0,1500.0,0.0
2014-02-08,18600.0,0.0,0.9,17600.0,0.2,1330.0,0.2
2014-02-09,16600.0,0.0,0.2,15100.0,0.0,1190.0,0.0
2014-02-10,13700.0,0.8,0.7,12400.0,0.2,1060.0,0.2
2014-02-11,11700.0,0.0,-1.6,10600.0,0.0,949.0,0.0
2014-02-12,10300.0,2.1,-3.8,9480.0,1.4,862.0,1.4
2014-02-13,9580.0,25.1,0.0,8570.0,30.1,851.0,32.3
2014-02-14,9250.0,1.6,2.8,8690.0,0.8,1120.0,0.3
2014-02-15,10400.0,4.2,2.6,9520.0,3.9,1420.0,4.0
2014-02-16,11400.0,0.0,-0.1,11000.0,0.0,1420.0,0.0
2014-02-17,12000.0,0.0,-1.5,10700.0,0.0,1220.0,0.0
2014-02-18,10900.0,3.3,4.0,9670.0,2.9,1160.0,1.4
2014-02-19,10900.0,3.0,9.2,10800.0,2.2,1780.0,1.6
2014-02-20,14500.0,0.0,8.6,15900.0,0.0,3120.0,0.0
2014-02-21,18700.0,4.7,14.8,19300.0,10.9,2420.0,15.1
2014-02-22,24100.0,0.0,8.3,25500.0,0.0,3270.0,0.0
2014-02-23,30300.0,0.0,9.9,31700.0,0.0,2180.0,0.0
2014-02-24,28200.0,0.0,7.8,24800.0,0.9,1770.0,1.4
2014-02-25,22100.0,0.0,2.0,19700.0,0.0,1480.0,0.0
2014-02-26,17800.0,0.3,0.8,16100.0,0.5,1320.0,0.5
2014-02-27,14500.0,0.0,0.6,13000.0,0.0,1190.0,0.0
2014-02-28,12300.0,0.0,-2.2,11300.0,0.0,1070.0,0.0
2014-03-01,10800.0,0.0,0.4,9910.0,0.0,970.0,0.0
2014-03-02,9710.0,2.0,6.8,9020.0,4.1,957.0,3.6
2014-03-03,9230.0,22.2,-0.8,8940.0,32.6,1380.0,35.2
2014-03-04,10800.0,0.0,-6.8,12400.0,0.0,1630.0,0.0
2014-03-05,15400.0,0.0,-0.6,16400.0,0.0,1380.0,0.0
2014-03-06,15800.0,0.0,-0.9,14600.0,0.0,1330.0,0.0
2014-03-07,14100.0,8.9,0.8,13200.0,4.0,1270.0,4.0
2014-03-08,13600.0,0.1,5.0,13000.0,0.0,1240.0,0.0
2014-03-09,13100.0,0.0,8.6,12300.0,0.0,1220.0,0.0
2014-03-10,12300.0,0.0,7.1,11500.0,0.0,1150.0,0.8
2014-03-11,11400.0,0.0,14.4,10800.0,0.0,1090.0,0.0
2014-03-12,11000.0,1.0,14.1,10500.0,1.1,1050.0,1.8
2014-03-13,10500.0,0.4,2.8,9990.0,0.0,1040.0,0.0
2014-03-14,9960.0,0.0,2.7,9360.0,0.0,891.0,0.0
2014-03-15,9310.0,0.0,11.8,8830.0,0.0,850.0,0.0
2014-03-16,8800.0,2.0,6.6,8300.0,2.4,820.0,2.7
2014-03-17,8640.0,15.5,-0.5,8300.0,18.9,950.0,18.0
2014-03-18,8870.0,2.8,0.1,8400.0,1.0,952.0,0.9
2014-03-19,8950.0,1.2,2.8,8370.0,2.3,1150.0,2.0
2014-03-20,9680.0,0.0,8.7,9370.0,0.0,1460.0,0.0
2014-03-21,9940.0,0.0,9.0,8980.0,0.0,1300.0,0.0
2014-03-22,9270.0,0.0,13.1,8770.0,0.0,1200.0,0.0
2014-03-23,9430.0,3.3,7.5,9500.0,3.2,1110.0,3.3
2014-03-24,10000.0,0.0,1.8,9690.0,0.0,1070.0,0.1
2014-03-25,9740.0,5.4,1.5,9090.0,6.0,980.0,6.8
2014-03-26,9330.0,1.1,1.0,9020.0,0.2,1050.0,0.0
2014-03-27,9190.0,0.0,1.9,8620.0,0.0,993.0,0.0
2014-03-28,8670.0,0.2,10.4,8180.0,0.3,951.0,0.9
2014-03-29,8430.0,17.1,14.1,7840.0,14.8,974.0,12.7
2014-03-30,9600.0,19.2,9.3,10100.0,21.1,3210.0,21.3
2014-03-31,15200.0,0.8,10.0,14500.0,0.0,2790.0,0.0
2014-04-01,17100.0,0.0,11.8,18600.0,0.0,2010.0,0.0
2014-04-02,19100.0,0.0,14.9,17100.0,0.0,1640.0,0.0
2014-04-03,16000.0,0.2,14.1,14700.0,0.0,1440.0,0.1
2014-04-04,14000.0,0.5,15.4,13000.0,0.2,1290.0,0.0
2014-04-05,12500.0,0.2,16.0,11700.0,0.1,1170.0,0.2
2014-04-06,11500.0,0.0,9.6,10800.0,0.0,1040.0,0.0
2014-04-07,11200.0,21.0,8.9,10700.0,20.6,1340.0,22.7
2014-04-08,15900.0,2.4,15.3,17300.0,1.2,1890.0,1.0
2014-04-09,18000.0,0.0,12.8,15700.0,0.0,1440.0,0.5
2014-04-10,15800.0,0.0,12.9,14700.0,0.0,1280.0,0.0
2014-04-11,13800.0,0.0,17.3,12300.0,0.0,1110.0,0.0
2014-04-12,11900.0,0.0,18.2,10800.0,0.0,1020.0,0.0
2014-04-13,10700.0,0.0,18.9,9940.0,0.0,966.0,0.0
2014-04-14,9910.0,0.0,19.7,9180.0,0.2,911.0,0.0
2014-04-15,9880.0,16.4,18.1,10100.0,20.5,2150.0,21.8
2014-04-16,20300.0,8.1,5.1,23800.0,3.0,3690.0,1.9
2014-04-17,22900.0,0.0,6.8,20100.0,0.0,2030.0,0.0
2014-04-18,18400.0,0.0,7.0,16100.0,0.0,1650.0,0.0
2014-04-19,14700.0,6.3,9.7,13100.0,0.8,1450.0,0.2
2014-04-20,12900.0,0.0,11.7,11900.0,0.0,1310.0,0.0
2014-04-21,11700.0,0.0,10.8,10800.0,0.0,1170.0,0.0
2014-04-22,10600.0,1.8,15.6,9720.0,0.6,1120.0,1.1
2014-04-23,9690.0,0.0,14.8,8960.0,0.0,1050.0,0.0
2014-04-24,8820.0,0.0,11.4,8300.0,0.0,934.0,0.0
2014-04-25,8360.0,8.7,14.1,7710.0,10.1,890.0,15.4
2014-04-26,9410.0,3.2,16.6,8240.0,1.0,1250.0,0.6
2014-04-27,9110.0,0.0,15.7,8120.0,0.0,1020.0,0.0
2014-04-28,8220.0,3.9,12.6,7950.0,3.7,911.0,2.7
2014-04-29,8950.0,16.6,11.0,8790.0,7.6,1330.0,6.9
2014-04-30,23100.0,23.7,17.7,26100.0,53.9,7500.0,63.6
2014-05-01,58700.0,2.4,20.6,58600.0,2.5,11700.0,2.3
2014-05-02,50300.0,0.4,17.1,34500.0,0.0,3560.0,0.0
2014-05-03,27800.0,0.0,15.9,23500.0,0.0,2330.0,0.0
2014-05-04,20900.0,0.0,17.4,18300.0,0.0,1830.0,0.0
2014-05-05,16800.0,2.0,14.5,15000.0,1.1,1540.0,2.0
2014-05-06,14300.0,10.0,14.5,13000.0,9.4,1400.0,11.1
2014-05-07,12700.0,2.5,17.2,11700.0,0.9,1260.0,1.3
2014-05-08,11500.0,0.0,21.5,10500.0,0.0,1150.0,0.0
2014-05-09,10200.0,0.0,22.8,9390.0,0.0,1040.0,0.0
2014-05-10,9180.0,0.0,22.8,8280.0,0.9,980.0,1.1
2014-05-11,8290.0,0.0,21.5,7730.0,0.0,964.0,0.1
2014-05-12,7760.0,0.0,22.5,7300.0,0.0,884.0,0.0
2014-05-13,7390.0,0.0,25.0,7090.0,0.1,892.0,0.0
2014-05-14,7180.0,0.0,23.7,6830.0,0.5,828.0,2.6
2014-05-15,6840.0,2.3,22.3,6470.0,11.1,980.0,29.3
2014-05-16,24500.0,43.4,19.7,45900.0,31.4,19200.0,54.2
2014-05-17,67300.0,0.0,15.7,65100.0,0.0,12000.0,0.0
2014-05-18,54300.0,0.0,14.9,40000.0,0.0,3020.0,0.0
2014-05-19,30500.0,0.0,14.3,26100.0,0.0,2070.0,0.0
2014-05-20,22600.0,0.0,16.7,19800.0,0.0,1660.0,0.0
2014-05-21,17400.0,3.2,22.0,15500.0,0.9,1410.0,0.4
2014-05-22,14000.0,0.0,23.0,12500.0,1.5,1270.0,0.9
2014-05-23,11700.0,0.0,21.4,10500.0,0.0,1080.0,0.0
2014-05-24,9810.0,0.0,18.7,8710.0,0.0,950.0,0.0
2014-05-25,8370.0,0.0,19.6,7600.0,0.0,844.0,0.0
2014-05-26,7500.0,0.0,21.8,7000.0,0.0,774.0,0.0
2014-05-27,6780.0,0.4,24.8,6400.0,0.8,744.0,1.0
2014-05-28,6290.0,0.7,25.0,6110.0,0.4,725.0,0.2
2014-05-29,7030.0,1.3,18.9,6370.0,1.2,845.0,3.1
2014-05-30,6510.0,0.2,17.9,5820.0,0.4,802.0,0.6
2014-05-31,5980.0,0.0,19.2,5770.0,0.0,722.0,0.0
2014-06-01,5810.0,0.0,18.9,5760.0,0.0,599.0,0.0
2014-06-02,5980.0,0.0,19.3,5930.0,0.0,542.0,0.0
2014-06-03,5690.0,0.2,22.9,5240.0,0.1,484.0,0.0
2014-06-04,4990.0,0.0,24.9,4760.0,0.0,483.0,0.0
2014-06-05,4800.0,0.2,24.6,4740.0,1.2,825.0,1.1
2014-06-06,4950.0,0.0,22.3,5440.0,0.0,704.0,0.0
2014-06-07,5440.0,0.0,22.8,5390.0,0.0,491.0,0.0
2014-06-08,5480.0,0.1,23.2,5530.0,0.6,417.0,2.2
2014-06-09,4920.0,0.0,25.0,4550.0,0.8,422.0,0.5
2014-06-10,4320.0,0.0,26.9,4160.0,0.0,388.0,0.0
2014-06-11,4030.0,8.0,27.2,4060.0,9.2,417.0,7.7
2014-06-12,4750.0,20.8,22.6,6100.0,23.0,880.0,27.9
2014-06-13,7140.0,22.9,22.8,6180.0,6.7,1250.0,12.5
2014-06-14,6190.0,1.1,22.6,6780.0,0.0,1970.0,0.0
2014-06-15,6840.0,0.0,21.3,5700.0,0.0,915.0,0.0
2014-06-16,4920.0,0.0,24.7,4540.0,0.0,606.0,0.0
2014-06-17,4470.0,0.0,27.3,4340.0,0.4,482.0,0.2
2014-06-18,4060.0,0.1,28.7,3790.0,0.1,415.0,0.0
2014-06-19,3590.0,3.7,28.2,3490.0,6.0,357.0,3.9
2014-06-20,3590.0,0.1,24.5,3750.0,0.2,333.0,0.6
2014-06-21,3600.0,11.1,23.6,3400.0,7.4,381.0,11.5
2014-06-22,3340.0,4.4,21.6,4530.0,2.3,1130.0,1.6
2014-06-23,5120.0,0.0,22.4,5240.0,0.0,795.0,0.0
2014-06-24,4390.0,0.0,23.3,3900.0,0.1,521.0,0.0
2014-06-25,3570.0,0.1,25.7,3430.0,0.0,420.0,0.0
2014-06-26,3210.0,0.0,26.7,3230.0,0.4,401.0,0.1
2014-06-27,3070.0,0.4,25.8,3270.0,0.1,403.0,0.0
2014-06-28,3170.0,0.0,24.4,3680.0,0.0,832.0,0.3
2014-06-29,3740.0,0.0,23.3,4540.0,0.3,1230.0,0.0
2014-06-30,3990.0,0.0,25.1,3490.0,0.0,671.0,0.0
2014-07-01,3070.0,0.0,27.2,2870.0,0.0,445.0,0.0
2014-07-02,2650.0,0.0,29.5,2660.0,0.1,382.0,0.4
2014-07-03,2540.0,7.1,28.2,2700.0,5.1,456.0,3.7
2014-07-04,2590.0,2.8,25.3,2850.0,0.6,954.0,0.5
2014-07-05,2850.0,0.0,22.8,3450.0,0.0,815.0,0.0
2014-07-06,3280.0,0.0,23.6,3600.0,0.0,542.0,0.0
2014-07-07,3140.0,0.0,27.3,2850.0,0.0,416.0,0.0
2014-07-08,2560.0,0.0,29.6,2480.0,0.0,344.0,0.0
2014-07-09,2320.0,3.0,28.1,2230.0,1.5,377.0,2.8
2014-07-10,2160.0,11.7,23.4,2200.0,4.3,350.0,4.6
2014-07-11,2150.0,0.9,24.4,2200.0,0.0,297.0,0.0
2014-07-12,2120.0,0.0,25.5,2320.0,0.0,263.0,0.0
2014-07-13,2220.0,0.0,27.0,2270.0,0.0,235.0,0.0
2014-07-14,2110.0,0.3,29.2,2090.0,2.3,213.0,1.0
2014-07-15,2020.0,13.0,28.5,2050.0,4.8,244.0,2.5
2014-07-16,2030.0,4.6,23.7,2150.0,4.1,236.0,4.1
2014-07-17,2050.0,0.0,22.9,2060.0,0.4,189.0,0.0
2014-07-18,1950.0,0.0,23.5,1840.0,0.0,162.0,0.0
2014-07-19,1770.0,0.3,23.0,1730.0,0.0,148.0,0.0
2014-07-20,1690.0,0.0,23.3,1670.0,0.0,145.0,0.0
2014-07-21,1640.0,2.4,24.4,1590.0,0.7,151.0,0.3
2014-07-22,1590.0,0.2,24.6,1670.0,0.7,164.0,0.6
2014-07-23,1640.0,0.0,27.2,1720.0,0.0,214.0,0.0
2014-07-24,1880.0,10.1,25.2,1910.0,12.2,252.0,8.6
2014-07-25,2070.0,0.0,23.3,2510.0,0.0,463.0,0.0
2014-07-26,2480.0,0.3,24.9,2580.0,0.5,255.0,0.6
2014-07-27,2610.0,5.7,25.5,2950.0,10.2,193.0,11.3
2014-07-28,2620.0,0.0,27.0,2210.0,0.5,201.0,0.3
2014-07-29,2070.0,0.0,22.8,1770.0,0.0,191.0,0.0
2014-07-30,1740.0,0.0,21.9,1780.0,0.0,151.0,0.0
2014-07-31,1740.0,0.0,23.2,1700.0,0.0,131.0,0.0
2014-08-01,1720.0,9.6,22.1,1580.0,14.0,124.0,14.6
2014-08-02,1720.0,26.2,19.9,1670.0,8.9,129.0,5.2
2014-08-03,1770.0,2.8,22.8,2140.0,0.0,139.0,0.0
2014-08-04,2130.0,0.0,23.5,2310.0,0.0,135.0,0.0
2014-08-05,2170.0,0.0,24.5,1910.0,0.1,117.0,0.1
2014-08-06,1800.0,0.0,25.3,1500.0,0.1,111.0,0.0
2014-08-07,1500.0,0.1,24.1,1540.0,0.0,101.0,0.0
2014-08-08,1530.0,0.0,23.5,1730.0,0.0,95.6,0.0
2014-08-09,1660.0,0.5,23.0,1650.0,0.0,93.7,1.5
2014-08-10,1580.0,0.0,22.7,1460.0,0.0,85.7,0.0
2014-08-11,1460.0,0.3,23.1,1520.0,2.6,84.1,2.5
2014-08-12,1800.0,10.9,22.7,1690.0,13.0,136.0,14.8
2014-08-13,2370.0,0.8,24.0,2190.0,1.5,266.0,2.1
2014-08-14,2770.0,0.0,22.6,3150.0,0.0,219.0,0.0
2014-08-15,2850.0,0.0,22.3,2640.0,0.0,145.0,0.0
2014-08-16,2380.0,0.0,23.7,2260.0,0.0,111.0,0.0
2014-08-17,2080.0,0.0,24.2,2030.0,0.3,97.0,0.1
2014-08-18,1900.0,6.8,24.4,1840.0,11.2,89.7,13.4
2014-08-19,1800.0,41.6,23.3,1780.0,74.3,99.4,47.0
2014-08-20,1710.0,0.0,24.1,1570.0,0.4,107.0,1.5
2014-08-21,1960.0,0.9,25.2,2520.0,1.7,332.0,1.1
2014-08-22,2540.0,8.4,24.9,2580.0,13.8,352.0,15.4
2014-08-23,2480.0,4.9,23.1,3550.0,3.2,1120.0,5.0
2014-08-24,4020.0,0.1,21.6,4280.0,0.2,723.0,0.1
2014-08-25,3360.0,0.0,20.7,2950.0,0.0,412.0,0.0
2014-08-26,2610.0,0.0,21.7,2900.0,0.0,286.0,0.0
2014-08-27,2720.0,0.0,22.5,2840.0,0.0,221.0,0.0
2014-08-28,2500.0,0.0,25.2,2270.0,0.0,188.0,0.0
2014-08-29,2080.0,0.0,23.2,1950.0,0.0,171.0,0.0
2014-08-30,1850.0,0.4,24.1,1870.0,0.1,150.0,0.2
2014-08-31,1790.0,0.5,26.6,1720.0,0.4,141.0,0.5
2014-09-01,1660.0,1.3,27.6,1640.0,1.0,141.0,0.5
2014-09-02,1580.0,0.0,28.4,1530.0,0.2,154.0,0.1
2014-09-03,1500.0,0.3,27.0,1550.0,0.0,141.0,0.0
2014-09-04,1520.0,16.7,24.6,1500.0,9.1,180.0,3.2
2014-09-05,1560.0,13.3,25.3,2030.0,4.8,172.0,2.3
2014-09-06,1920.0,1.2,26.1,1740.0,0.2,135.0,0.1
2014-09-07,1660.0,1.6,22.9,1600.0,4.5,120.0,3.9
2014-09-08,1560.0,29.3,20.5,1450.0,9.1,108.0,4.3
2014-09-09,1480.0,17.2,20.8,1430.0,3.4,107.0,1.9
2014-09-10,1450.0,0.0,22.0,1440.0,0.0,110.0,0.0
2014-09-11,1440.0,0.0,24.2,1460.0,0.2,115.0,1.3
2014-09-12,1460.0,0.4,22.0,1440.0,0.9,115.0,0.8
2014-09-13,1450.0,2.1,20.4,1360.0,2.9,104.0,3.6
2014-09-14,1370.0,0.0,18.0,1590.0,0.0,105.0,0.0
2014-09-15,1550.0,0.0,18.7,1490.0,0.0,99.2,0.0
2014-09-16,1460.0,0.0,21.0,1260.0,0.0,95.7,0.0
2014-09-17,1280.0,0.0,20.0,1320.0,0.0,91.7,0.0
2014-09-18,1320.0,0.3,19.1,1340.0,0.9,88.0,0.7
2014-09-19,1340.0,0.0,19.5,1250.0,0.0,84.5,0.0
2014-09-20,1270.0,0.0,20.1,1240.0,0.0,82.7,0.0
2014-09-21,1250.0,0.0,21.8,1220.0,0.0,82.3,0.0
2014-09-22,1220.0,0.0,21.8,1220.0,0.0,80.7,0.0
2014-09-23,1220.0,0.0,16.8,1180.0,0.0,75.7,0.0
2014-09-24,1220.0,14.4,16.0,1110.0,8.2,66.3,7.4
2014-09-25,1250.0,19.2,16.9,1180.0,16.4,98.0,13.5
2014-09-26,1260.0,0.0,19.6,1250.0,0.0,127.0,0.0
2014-09-27,1310.0,0.0,18.6,1330.0,0.0,102.0,0.0
2014-09-28,1340.0,0.0,19.1,1520.0,0.0,87.3,0.0
2014-09-29,1520.0,1.6,18.3,1430.0,1.3,80.8,1.4
2014-09-30,1430.0,0.0,18.8,1250.0,0.0,83.9,0.0
2014-10-01,1280.0,0.3,19.2,1210.0,0.0,84.1,0.0
2014-10-02,1260.0,1.3,19.5,1240.0,0.4,91.8,0.1
2014-10-03,1270.0,0.0,19.3,1200.0,0.2,109.0,0.5
2014-10-04,1260.0,2.9,19.6,1340.0,3.5,153.0,3.9
2014-10-05,1340.0,0.0,12.6,1260.0,0.0,148.0,0.0
2014-10-06,1270.0,0.0,14.4,1460.0,0.0,119.0,0.0
2014-10-07,1410.0,0.0,18.9,1350.0,0.8,99.9,0.8
2014-10-08,1440.0,0.1,21.6,1420.0,0.0,268.0,2.1
2014-10-09,1450.0,0.0,17.8,1720.0,0.0,234.0,0.0
2014-10-10,1690.0,1.8,18.3,2170.0,2.5,160.0,2.3
2014-10-11,2070.0,9.9,15.2,2330.0,12.4,138.0,12.1
2014-10-12,2190.0,0.7,14.3,2140.0,1.8,147.0,2.9
2014-10-13,2000.0,0.1,17.9,2120.0,0.0,152.0,0.0
2014-10-14,1970.0,0.0,22.1,2150.0,0.0,149.0,0.2
2014-10-15,2380.0,22.7,21.3,2880.0,36.1,799.0,55.0
2014-10-16,4880.0,0.0,16.7,9370.0,0.0,2190.0,0.0
2014-10-17,10800.0,0.0,16.7,11900.0,0.0,767.0,0.0
2014-10-18,10500.0,0.0,17.5,8680.0,0.0,432.0,0.0
2014-10-19,6800.0,0.0,13.5,5990.0,0.0,307.0,0.0
2014-10-20,4910.0,0.0,12.3,4450.0,0.0,242.0,0.0
2014-10-21,3690.0,0.0,15.9,3600.0,0.1,213.0,0.2
2014-10-22,3170.0,3.4,12.7,3140.0,3.1,208.0,3.6
2014-10-23,2820.0,0.0,14.1,2760.0,0.0,195.0,0.0
2014-10-24,2530.0,0.0,14.7,2520.0,0.0,178.0,0.0
2014-10-25,2330.0,0.0,13.5,2230.0,0.0,168.0,0.0
2014-10-26,2100.0,0.0,16.0,2100.0,0.0,171.0,0.0
2014-10-27,2040.0,0.0,13.7,2070.0,0.0,162.0,0.0
2014-10-28,1980.0,0.0,17.8,1930.0,0.0,157.0,0.0
2014-10-29,1900.0,0.6,19.7,1870.0,0.0,159.0,0.1
2014-10-30,1870.0,2.1,13.3,1810.0,0.0,160.0,0.0
2014-10-31,1790.0,0.0,10.8,1720.0,0.0,156.0,0.0
2014-11-01,1750.0,1.9,9.1,1750.0,2.0,154.0,2.2
2014-11-02,1720.0,0.0,7.9,1640.0,0.0,154.0,0.0
2014-11-03,1680.0,0.0,8.1,1670.0,0.0,148.0,0.0
2014-11-04,1680.0,0.0,13.4,1660.0,0.1,143.0,0.0
2014-11-05,1690.0,0.0,16.0,1650.0,0.0,144.0,0.0
2014-11-06,1710.0,3.1,14.9,1580.0,5.3,157.0,4.8
2014-11-07,1650.0,0.0,11.9,1590.0,0.0,176.0,0.0
2014-11-08,1680.0,0.0,7.3,1700.0,0.0,176.0,0.0
2014-11-09,1730.0,0.0,10.4,1700.0,0.0,167.0,0.0
2014-11-10,1740.0,0.0,10.3,1640.0,0.0,155.0,0.0
2014-11-11,1700.0,0.0,11.6,1610.0,0.0,155.0,0.0
2014-11-12,1690.0,0.0,13.9,1510.0,0.0,157.0,0.0
2014-11-13,1630.0,0.1,8.1,1540.0,0.3,160.0,0.4
2014-11-14,1650.0,2.3,4.2,1520.0,0.5,157.0,0.7
2014-11-15,1640.0,0.0,1.9,1500.0,0.0,153.0,0.0
2014-11-16,1620.0,0.0,2.6,1500.0,0.0,148.0,0.0
2014-11-17,1720.0,14.8,8.3,1530.0,14.7,167.0,15.0
2014-11-18,1890.0,0.0,3.2,1740.0,0.0,335.0,0.0
2014-11-19,2000.0,0.0,-1.8,2230.0,0.0,271.0,0.0
2014-11-20,2340.0,0.0,4.3,2210.0,0.0,202.0,0.0
2014-11-21,2220.0,0.0,2.4,2030.0,0.0,184.0,0.0
2014-11-22,2110.0,0.0,0.9,2130.0,0.0,172.0,0.0
2014-11-23,2160.0,0.5,6.2,2010.0,0.2,169.0,0.2
2014-11-24,2130.0,6.1,17.2,2010.0,5.5,431.0,8.9
2014-11-25,2320.0,0.0,15.8,3220.0,0.0,660.0,0.0
2014-11-26,3850.0,35.5,6.9,3930.0,33.8,806.0,31.2
2014-11-27,4890.0,2.0,4.1,6720.0,0.5,1720.0,0.0
2014-11-28,7970.0,0.0,2.2,7840.0,0.0,956.0,0.0
2014-11-29,7550.0,0.0,1.9,6970.0,0.0,640.0,0.0
2014-11-30,6470.0,0.0,7.4,6070.0,0.0,517.0,0.0
2014-12-01,5590.0,0.0,14.1,5100.0,0.3,433.0,0.1
2014-12-02,4790.0,3.2,6.7,4550.0,7.3,518.0,7.9
2014-12-03,4510.0,1.8,8.6,4900.0,1.7,666.0,2.1
2014-12-04,5320.0,0.0,7.0,6540.0,0.0,635.0,0.0
2014-12-05,7820.0,0.1,6.5,8860.0,0.6,438.0,1.0
2014-12-06,8710.0,7.2,8.5,8030.0,8.6,434.0,8.7
2014-12-07,7630.0,5.5,6.3,7380.0,4.5,908.0,4.0
2014-12-08,7450.0,0.0,2.8,7120.0,0.0,787.0,0.0
2014-12-09,6950.0,11.9,3.1,6830.0,17.4,787.0,19.2
2014-12-10,7560.0,0.0,6.0,7860.0,0.0,888.0,0.0
2014-12-11,7680.0,0.0,3.1,6820.0,0.0,791.0,0.0
2014-12-12,6440.0,0.0,3.2,5740.0,0.0,539.0,0.0
2014-12-13,5390.0,0.0,3.3,5080.0,0.0,437.0,0.0
2014-12-14,4880.0,0.0,3.7,4620.0,0.0,435.0,0.0
2014-12-15,4490.0,0.0,7.2,4310.0,0.0,415.0,0.0
2014-12-16,4190.0,4.1,6.4,3980.0,4.7,395.0,3.7
2014-12-17,3940.0,0.0,8.1,3970.0,0.0,455.0,0.0
2014-12-18,3990.0,0.0,3.6,3900.0,0.0,389.0,0.0
2014-12-19,3760.0,0.0,2.1,3560.0,0.0,351.0,0.0
2014-12-20,3430.0,0.1,0.8,3300.0,0.0,316.0,0.0
2014-12-21,3190.0,0.0,1.6,3070.0,0.0,296.0,0.0
2014-12-22,3050.0,6.8,1.3,3020.0,5.2,291.0,4.2
2014-12-23,3070.0,0.1,3.7,3080.0,0.7,332.0,1.4
2014-12-24,3580.0,28.0,9.0,4110.0,25.3,1010.0,24.3
2014-12-25,6520.0,3.0,13.1,7300.0,4.0,1430.0,2.9
2014-12-26,7800.0,0.0,6.0,6770.0,0.0,929.0,0.0
2014-12-27,6430.0,0.0,6.8,5810.0,0.0,722.0,0.0
2014-12-28,5970.0,1.7,11.0,5890.0,2.7,623.0,2.6
2014-12-29,5830.0,9.5,6.7,5400.0,6.1,587.0,6.3
2014-12-30,5450.0,2.1,3.3,5260.0,1.1,567.0,0.9
2014-12-31,5310.0,0.0,0.0,5040.0,0.0,498.0,0.0
2015-01-01,4910.0,0.0,0.8,4560.0,0.0,442.0,0.0
2015-01-02,4460.0,0.3,4.8,4250.0,0.5,422.0,0.8
2015-01-03,4210.0,0.1,5.8,4120.0,0.1,406.0,0.1
2015-01-04,4120.0,3.7,12.8,4040.0,7.5,466.0,8.2
2015-01-05,4120.0,7.5,7.8,4140.0,3.2,500.0,2.2
2015-01-06,4250.0,0.0,1.4,4250.0,0.0,443.0,0.0
2015-01-07,4360.0,0.0,-1.2,5170.0,0.0,413.0,0.0
2015-01-08,5720.0,0.0,-7.2,5630.0,0.0,356.0,0.0
2015-01-09,5210.0,0.0,-1.6,4720.0,0.0,325.0,0.0
2015-01-10,4540.0,0.0,-2.7,4460.0,0.0,384.0,0.0
2015-01-11,4210.0,0.0,-1.7,3960.0,0.0,320.0,0.0
2015-01-12,3980.0,15.6,2.2,4060.0,17.6,402.0,15.9
2015-01-13,4580.0,3.2,2.1,5040.0,4.3,607.0,3.9
2015-01-14,5690.0,5.8,-1.3,5520.0,4.4,515.0,3.5
2015-01-15,5430.0,0.0,0.7,5080.0,0.0,439.0,0.0
2015-01-16,5060.0,0.0,2.5,4770.0,0.0,419.0,0.4
2015-01-17,4680.0,0.0,1.0,4410.0,0.0,400.0,0.0
2015-01-18,4520.0,15.9,4.9,4200.0,7.3,363.0,3.9
2015-01-19,4370.0,0.0,5.6,4000.0,0.0,350.0,0.0
2015-01-20,4100.0,0.0,4.5,3890.0,0.0,339.0,0.0
2015-01-21,3920.0,1.6,3.7,3660.0,2.3,325.0,2.2
2015-01-22,3670.0,0.0,2.4,3570.0,0.0,311.0,0.0
2015-01-23,3590.0,2.6,1.4,3440.0,3.1,303.0,3.4
2015-01-24,4310.0,16.6,2.4,4960.0,17.8,1120.0,17.3
2015-01-25,7090.0,0.0,3.8,6750.0,0.0,1090.0,0.0
2015-01-26,7080.0,6.2,4.3,6640.0,8.0,870.0,7.1
2015-01-27,8270.0,0.4,0.4,8350.0,0.5,916.0,0.0
2015-01-28,8440.0,0.0,-0.6,7220.0,0.0,772.0,0.0
2015-01-29,6950.0,0.0,-0.5,6270.0,0.0,643.0,0.0
2015-01-30,6080.0,1.0,2.8,5610.0,0.0,581.0,0.0
2015-01-31,5520.0,0.0,-1.6,5180.0,0.0,514.0,0.0
2015-02-01,5080.0,0.0,1.2,4710.0,0.0,450.0,0.0
2015-02-02,4850.0,8.9,8.7,4460.0,9.5,452.0,8.3
2015-02-03,4750.0,0.0,-0.6,4430.0,0.0,459.0,0.0
2015-02-04,4610.0,0.0,2.3,4350.0,0.0,421.0,0.0
2015-02-05,4680.0,0.0,2.5,5150.0,0.0,405.0,0.0
2015-02-06,5570.0,0.0,-2.0,5380.0,0.0,379.0,0.0
2015-02-07,5210.0,0.0,2.2,4830.0,0.0,347.0,0.0
2015-02-08,4740.0,0.0,9.0,4490.0,0.0,376.0,0.0
2015-02-09,4500.0,0.6,10.9,4240.0,0.5,363.0,0.4
2015-02-10,4470.0,13.8,2.1,4100.0,8.1,365.0,7.5
2015-02-11,4380.0,0.0,2.1,4030.0,0.0,358.0,0.0
2015-02-12,4250.0,0.5,2.7,3980.0,0.0,335.0,0.0
2015-02-13,4040.0,0.0,-3.0,3800.0,0.0,325.0,0.0
2015-02-14,3820.0,0.1,-1.0,3520.0,0.0,291.0,0.0
2015-02-15,3460.0,0.5,-6.0,3210.0,0.1,278.0,0.1
2015-02-16,3260.0,2.8,-8.2,3150.0,3.1,237.0,3.5
2015-02-17,3090.0,17.8,-6.2,2780.0,13.9,253.0,13.1
2015-02-18,2980.0,0.2,-7.0,3120.0,0.5,325.0,0.8
2015-02-19,2900.0,0.1,-8.7,3140.0,0.0,310.0,0.0
2015-02-20,2850.0,0.0,-13.7,2940.0,0.0,265.0,0.0
2015-02-21,2700.0,3.7,-9.9,2870.0,8.1,275.0,9.3
2015-02-22,3570.0,15.7,4.4,2680.0,14.9,355.0,13.6
2015-02-23,5090.0,1.8,0.7,4740.0,1.4,455.0,1.3
2015-02-24,6280.0,0.0,-4.8,5280.0,0.0,547.0,0.0
2015-02-25,5850.0,0.0,-2.8,5210.0,0.0,408.0,0.0
2015-02-26,5470.0,12.3,-0.2,4700.0,8.3,369.0,8.0
2015-02-27,5070.0,0.0,-1.2,4730.0,0.0,382.0,0.0
2015-02-28,4920.0,0.0,-4.6,4410.0,0.0,363.0,0.0
2015-03-01,4570.0,4.1,-2.7,4140.0,3.0,336.0,2.2
2015-03-02,4440.0,0.0,3.3,4030.0,0.0,359.0,0.0
2015-03-03,4890.0,0.0,-0.3,4790.0,0.0,576.0,0.0
2015-03-04,5940.0,1.8,8.7,5680.0,1.1,617.0,0.9
2015-03-05,7690.0,27.0,3.7,9650.0,27.8,2270.0,26.5
2015-03-06,21700.0,1.7,-5.1,32900.0,0.8,2990.0,0.5
2015-03-07,44900.0,0.0,-0.6,41300.0,0.0,1770.0,0.0
2015-03-08,31200.0,0.0,6.4,25200.0,0.0,1820.0,0.0
2015-03-09,22400.0,0.0,9.1,20100.0,0.0,1870.0,0.0
2015-03-10,20100.0,0.0,10.0,19800.0,0.4,1630.0,1.2
2015-03-11,21200.0,12.3,14.9,21500.0,10.9,1570.0,9.6
2015-03-12,24000.0,0.1,9.8,25000.0,0.0,1400.0,0.0
2015-03-13,26600.0,0.0,7.0,25300.0,0.0,1150.0,0.1
2015-03-14,23100.0,15.6,9.3,21300.0,7.8,1120.0,7.5
2015-03-15,21800.0,0.5,12.0,20300.0,0.0,1170.0,0.0
2015-03-16,19600.0,0.0,10.1,18700.0,0.0,962.0,0.0
2015-03-17,18600.0,0.0,15.3,18100.0,0.0,855.0,0.0
2015-03-18,18100.0,0.0,7.0,16600.0,0.0,775.0,0.0
2015-03-19,15500.0,0.0,5.0,14000.0,0.0,683.0,0.0
2015-03-20,13600.0,16.4,4.7,12200.0,15.3,907.0,16.2
2015-03-21,13000.0,0.0,6.9,11900.0,0.0,1110.0,0.0
2015-03-22,12200.0,0.0,10.5,11200.0,0.0,900.0,0.0
2015-03-23,11300.0,0.0,7.5,10400.0,0.0,785.0,0.0
2015-03-24,10400.0,0.0,5.8,9460.0,0.0,695.0,0.0
2015-03-25,9330.0,0.0,7.3,8380.0,0.3,637.0,0.1
2015-03-26,8460.0,16.3,14.3,7660.0,5.3,614.0,1.6
2015-03-27,8080.0,10.1,8.8,8270.0,10.4,2440.0,11.0
2015-03-28,12200.0,0.2,3.8,14200.0,0.5,2870.0,1.0
2015-03-29,14300.0,0.0,1.4,12500.0,0.0,1640.0,0.0
2015-03-30,11500.0,0.0,8.2,9880.0,0.3,1310.0,0.0
2015-03-31,9570.0,0.2,10.9,8410.0,0.3,1100.0,0.1
2015-04-01,8280.0,0.4,10.1,7500.0,0.0,949.0,0.0
2015-04-02,7490.0,0.0,10.6,6840.0,0.0,806.0,0.0
2015-04-03,6850.0,2.3,18.0,6350.0,2.8,742.0,2.8
2015-04-04,6500.0,2.9,16.4,6140.0,2.8,772.0,1.8
2015-04-05,6290.0,0.0,9.8,6030.0,0.0,746.0,0.0
2015-04-06,7590.0,0.0,14.2,11000.0,0.0,655.0,0.0
2015-04-07,12600.0,0.0,17.9,11200.0,0.0,614.0,0.0
2015-04-08,11400.0,11.1,14.5,10800.0,10.0,605.0,10.3
2015-04-09,10900.0,0.0,10.9,9720.0,0.2,722.0,0.2
2015-04-10,10200.0,6.5,15.5,9840.0,4.0,813.0,3.8
2015-04-11,10900.0,3.6,16.8,11000.0,0.0,823.0,0.0
2015-04-12,12000.0,0.0,13.1,11500.0,0.0,740.0,0.0
2015-04-13,11400.0,0.0,15.8,10400.0,0.0,668.0,0.0
2015-04-14,10300.0,6.8,17.1,9420.0,16.0,788.0,18.6
2015-04-15,10800.0,4.6,13.5,12300.0,2.0,2170.0,1.4
2015-04-16,17400.0,1.4,13.5,22000.0,2.1,1640.0,2.2
2015-04-17,24600.0,0.0,17.1,22200.0,0.0,1340.0,0.0
2015-04-18,20100.0,0.0,19.5,18900.0,0.0,1300.0,0.0
2015-04-19,18300.0,2.5,16.4,16500.0,1.5,1120.0,1.8
2015-04-20,17700.0,23.9,19.2,23800.0,21.3,7800.0,25.4
2015-04-21,39300.0,2.8,17.2,42800.0,3.5,5100.0,2.2
2015-04-22,40700.0,0.3,14.8,36500.0,0.5,2590.0,0.5
2015-04-23,29000.0,0.0,12.2,25900.0,0.0,1830.0,0.0
2015-04-24,22900.0,0.0,9.5,20200.0,0.0,1420.0,0.0
2015-04-25,17900.0,6.3,8.1,15800.0,4.6,1180.0,5.0
2015-04-26,15000.0,6.6,8.5,13600.0,6.8,1360.0,7.9
2015-04-27,14400.0,0.0,10.5,13100.0,0.0,1230.0,0.0
2015-04-28,12900.0,0.0,11.9,11800.0,0.0,996.0,0.0
2015-04-29,12200.0,0.0,14.4,11300.0,0.0,875.0,0.0
2015-04-30,11100.0,0.0,15.0,10200.0,4.2,842.0,4.6
2015-05-01,10400.0,9.4,12.0,10300.0,7.0,1290.0,10.1
2015-05-02,10900.0,0.1,13.7,10400.0,0.1,1090.0,0.2
2015-05-03,10500.0,0.0,17.5,9880.0,0.0,883.0,0.0
2015-05-04,10300.0,0.0,18.7,10100.0,0.0,767.0,0.0
2015-05-05,10200.0,0.1,20.8,9240.0,0.3,683.0,0.0
2015-05-06,9450.0,0.4,21.1,8450.0,1.2,666.0,1.5
2015-05-07,8620.0,0.4,20.4,7980.0,0.6,824.0,1.1
2015-05-08,8300.0,0.0,20.0,7500.0,0.0,661.0,0.0
2015-05-09,7400.0,0.0,20.3,6720.0,0.0,565.0,0.0
2015-05-10,6780.0,1.3,22.2,6290.0,0.2,513.0,0.3
2015-05-11,6340.0,3.1,21.5,5950.0,0.7,501.0,0.6
2015-05-12,6020.0,0.0,24.5,5620.0,0.0,489.0,0.0
2015-05-13,5750.0,0.0,20.6,5560.0,0.0,427.0,0.0
2015-05-14,5380.0,0.0,15.9,4850.0,0.0,370.0,0.0
2015-05-15,5250.0,0.0,17.2,5770.0,0.0,344.0,0.0
2015-05-16,5730.0,1.4,21.8,5240.0,0.7,343.0,1.5
2015-05-17,5170.0,0.6,23.4,4840.0,1.1,432.0,0.8
2015-05-18,4770.0,1.5,24.9,4550.0,1.3,511.0,2.3
2015-05-19,4660.0,0.7,24.9,4650.0,0.2,465.0,0.1
2015-05-20,4630.0,0.0,22.1,4380.0,0.0,429.0,0.0
2015-05-21,4400.0,14.4,15.6,4200.0,13.6,347.0,10.7
2015-05-22,4530.0,0.0,15.5,4420.0,0.0,356.0,0.0
2015-05-23,4340.0,0.0,17.4,4060.0,0.0,323.0,0.0
2015-05-24,3950.0,0.0,19.4,3630.0,0.0,276.0,0.0
2015-05-25,3540.0,0.0,22.2,3310.0,0.0,258.0,0.0
2015-05-26,3300.0,0.1,23.1,3140.0,0.0,241.0,0.0
2015-05-27,3090.0,7.3,24.8,2920.0,1.3,226.0,0.3
2015-05-28,2920.0,0.3,24.4,2780.0,0.0,226.0,0.0
2015-05-29,2960.0,1.1,24.8,3350.0,1.5,251.0,2.0
2015-05-30,3550.0,0.0,24.4,3180.0,0.0,257.0,0.0
2015-05-31,3120.0,0.0,25.2,2780.0,0.1,218.0,0.0
2015-06-01,2870.0,3.9,25.9,2670.0,6.0,205.0,5.0
2015-06-02,2980.0,15.3,21.0,2860.0,10.6,770.0,16.7
2015-06-03,3500.0,9.3,16.2,3960.0,1.3,790.0,1.7
2015-06-04,4130.0,17.1,15.9,3840.0,14.0,674.0,12.3
2015-06-05,4200.0,1.2,17.1,4250.0,2.1,757.0,2.1
2015-06-06,4560.0,3.2,20.4,4630.0,0.5,602.0,0.6
2015-06-07,4550.0,0.0,20.4,4000.0,0.0,433.0,0.0
2015-06-08,3790.0,0.0,22.4,3410.0,0.0,324.0,0.0
2015-06-09,3710.0,5.8,24.6,3160.0,9.1,297.0,8.1
2015-06-10,3430.0,0.0,23.7,3210.0,0.0,251.0,0.0
2015-06-11,3360.0,0.0,25.5,2980.0,0.0,220.0,0.0
2015-06-12,2950.0,1.7,26.6,2620.0,0.0,200.0,0.0
2015-06-13,2650.0,1.9,27.4,2420.0,1.6,388.0,1.4
2015-06-14,2550.0,2.1,26.9,2600.0,2.7,296.0,2.1
2015-06-15,2630.0,1.6,27.6,2540.0,0.5,255.0,0.2
2015-06-16,2540.0,0.0,29.0,2340.0,0.1,227.0,0.0
2015-06-17,2370.0,0.0,26.5,2120.0,0.0,183.0,0.0
2015-06-18,2210.0,1.9,27.3,2020.0,6.1,218.0,4.9
2015-06-19,2110.0,0.0,27.7,2100.0,0.0,374.0,0.0
2015-06-20,2190.0,6.1,27.5,2070.0,5.6,438.0,2.6
2015-06-21,2850.0,25.1,27.0,2910.0,8.2,1120.0,4.8
2015-06-22,3310.0,3.6,28.0,3120.0,2.3,615.0,1.0
2015-06-23,2910.0,0.0,28.6,2230.0,2.1,335.0,2.0
2015-06-24,2280.0,7.9,25.2,2130.0,4.5,284.0,2.7
2015-06-25,2240.0,1.0,24.9,2040.0,0.0,217.0,0.0
2015-06-26,5100.0,7.5,24.0,4550.0,28.9,427.0,24.9
2015-06-27,6990.0,13.5,22.8,3990.0,13.9,1350.0,16.1
2015-06-28,8920.0,0.6,22.9,7850.0,3.7,2630.0,3.7
2015-06-29,8370.0,0.0,22.1,8880.0,0.0,1060.0,0.0
2015-06-30,11400.0,0.4,24.9,10100.0,0.0,618.0,0.0
2015-07-01,8260.0,1.7,25.2,7370.0,1.8,610.0,1.8
2015-07-02,7650.0,5.5,24.2,7770.0,3.5,389.0,1.9
2015-07-03,6830.0,0.5,22.1,5590.0,0.1,312.0,0.4
2015-07-04,4930.0,13.9,23.3,4380.0,9.2,294.0,8.4
2015-07-05,4170.0,2.6,23.8,3880.0,1.0,390.0,1.7
2015-07-06,4050.0,15.7,24.6,3730.0,15.2,325.0,20.9
2015-07-07,3720.0,0.2,26.0,4030.0,0.0,320.0,0.0
2015-07-08,4340.0,3.2,25.9,4670.0,4.0,274.0,3.6
2015-07-09,5250.0,0.0,28.0,6610.0,0.0,235.0,0.0
2015-07-10,6240.0,0.4,27.6,5840.0,0.4,230.0,0.4
2015-07-11,5530.0,26.1,23.4,5280.0,33.0,683.0,33.0
2015-07-12,5360.0,0.0,23.1,5820.0,0.0,1120.0,0.0
2015-07-13,5600.0,8.4,22.7,4920.0,12.4,556.0,8.2
2015-07-14,4750.0,0.3,24.8,4150.0,1.4,419.0,3.0
2015-07-15,4310.0,0.9,25.4,5540.0,3.9,516.0,4.1
2015-07-16,7020.0,0.0,23.6,7720.0,0.0,398.0,0.0
2015-07-17,6230.0,0.0,23.5,5410.0,0.0,281.0,0.0
2015-07-18,4760.0,5.7,25.9,4450.0,2.3,241.0,1.0
2015-07-19,3910.0,3.7,26.6,3660.0,1.1,224.0,0.5
2015-07-20,3270.0,3.5,27.7,3150.0,0.0,204.0,0.0
2015-07-21,2840.0,2.7,27.6,2650.0,4.9,189.0,1.5
2015-07-22,2520.0,0.0,25.8,2560.0,0.0,188.0,0.0
2015-07-23,2370.0,0.0,24.6,2320.0,0.0,183.0,0.0
2015-07-24,2200.0,0.0,24.5,2140.0,0.0,158.0,0.0
2015-07-25,2050.0,0.0,24.5,1980.0,0.0,139.0,0.0
2015-07-26,1910.0,0.0,25.5,1810.0,0.0,125.0,0.0
2015-07-27,1800.0,1.9,26.0,1730.0,5.9,138.0,5.4
2015-07-28,1870.0,13.0,25.3,2020.0,20.5,527.0,14.3
2015-07-29,2130.0,3.7,25.8,2690.0,3.7,897.0,3.3
2015-07-30,2760.0,0.0,27.4,3420.0,0.0,481.0,0.2
2015-07-31,3230.0,0.3,27.3,3950.0,0.0,742.0,0.0
2015-08-01,3710.0,0.0,26.3,3880.0,0.0,455.0,0.0
2015-08-02,3170.0,0.0,25.8,2810.0,0.0,263.0,0.0
2015-08-03,2400.0,0.0,25.7,2200.0,0.0,204.0,0.0
2015-08-04,1980.0,0.0,28.4,1830.0,0.1,172.0,0.2
2015-08-05,1760.0,0.0,28.1,1700.0,0.0,150.0,0.0
2015-08-06,1680.0,3.2,26.1,1560.0,1.6,136.0,0.7
2015-08-07,1580.0,25.9,22.3,1480.0,5.4,140.0,4.2
2015-08-08,1510.0,0.5,22.7,1540.0,0.3,182.0,0.0
2015-08-09,1540.0,0.0,23.1,1590.0,0.0,194.0,0.0
2015-08-10,1620.0,1.3,22.4,1530.0,5.6,166.0,4.5
2015-08-11,1690.0,27.3,23.7,1890.0,18.2,217.0,15.4
2015-08-12,2070.0,1.7,23.9,3220.0,0.0,330.0,0.0
2015-08-13,3000.0,0.0,23.0,3100.0,0.0,182.0,0.0
2015-08-14,2670.0,0.0,23.2,2570.0,0.0,143.0,0.0
2015-08-15,2290.0,0.0,23.8,2270.0,0.0,124.0,0.0
2015-08-16,2150.0,0.0,24.7,2410.0,0.0,115.0,0.0
2015-08-17,2110.0,0.1,25.6,1800.0,0.0,111.0,0.0
2015-08-18,1700.0,0.9,25.5,1490.0,0.7,102.0,2.8
2015-08-19,1490.0,3.3,24.7,1350.0,4.9,104.0,5.9
2015-08-20,1420.0,13.5,24.6,1570.0,4.1,610.0,1.7
2015-08-21,1640.0,2.6,24.8,2180.0,1.7,230.0,0.4
2015-08-22,1960.0,0.0,23.4,2030.0,0.0,152.0,0.0
2015-08-23,1840.0,0.0,22.6,1960.0,0.0,131.0,0.0
2015-08-24,1810.0,0.5,25.2,1890.0,0.0,124.0,0.0
2015-08-25,1740.0,0.0,25.3,1660.0,0.0,117.0,0.0
2015-08-26,1560.0,0.1,23.4,1420.0,0.0,113.0,0.0
2015-08-27,1390.0,0.0,22.3,1340.0,0.0,106.0,0.0
2015-08-28,1320.0,0.0,22.5,1240.0,0.0,103.0,0.0
2015-08-29,1250.0,0.0,23.2,1210.0,0.0,101.0,0.0
2015-08-30,1220.0,0.0,24.6,1150.0,0.0,94.8,0.0
2015-08-31,1190.0,0.1,25.2,1070.0,0.1,94.7,0.0
2015-09-01,1140.0,0.0,25.1,1040.0,0.0,96.7,0.0
2015-09-02,1110.0,1.2,27.6,1020.0,0.5,95.6,1.0
2015-09-03,1160.0,1.6,26.5,1040.0,0.3,91.3,0.0
2015-09-04,1160.0,4.7,26.1,1030.0,3.9,100.0,3.9
2015-09-05,1180.0,0.2,24.9,1170.0,0.1,111.0,0.7
2015-09-06,1210.0,0.2,23.3,1600.0,0.0,102.0,0.0
2015-09-07,1510.0,0.1,24.6,1320.0,0.2,99.9,0.0
2015-09-08,1310.0,0.0,25.7,1120.0,0.0,96.6,0.0
2015-09-09,1160.0,0.6,26.9,1040.0,0.0,96.0,1.0
2015-09-10,1340.0,13.0,24.7,1110.0,5.9,97.8,6.7
2015-09-11,1290.0,0.6,23.0,1530.0,0.3,475.0,0.0
2015-09-12,1850.0,8.9,22.3,1950.0,9.6,323.0,7.5
2015-09-13,2130.0,0.0,20.2,2050.0,0.0,280.0,0.0
2015-09-14,1970.0,0.0,18.5,1970.0,0.0,164.0,0.0
2015-09-15,1800.0,0.0,19.9,1590.0,0.0,135.0,0.0
2015-09-16,1530.0,0.0,21.2,1300.0,0.0,122.0,0.0
2015-09-17,1320.0,0.0,22.0,1190.0,0.0,118.0,0.0
2015-09-18,1220.0,0.0,22.0,1180.0,0.0,114.0,0.0
2015-09-19,1210.0,0.0,22.7,1110.0,0.0,107.0,0.0
2015-09-20,1150.0,0.3,22.2,1010.0,1.1,98.5,0.3
2015-09-21,1080.0,3.1,19.5,955.0,1.8,99.0,3.3
2015-09-22,1050.0,1.0,18.9,1300.0,0.9,739.0,0.2
2015-09-23,1310.0,0.0,20.6,2180.0,0.0,254.0,0.0
2015-09-24,1890.0,0.0,19.7,1920.0,0.0,163.0,0.0
2015-09-25,1730.0,0.2,20.3,1750.0,0.3,144.0,0.8
2015-09-26,1690.0,21.2,18.0,1640.0,25.5,145.0,26.3
2015-09-27,1660.0,6.1,19.3,2270.0,9.1,171.0,10.9
2015-09-28,2080.0,1.9,21.9,2130.0,2.1,160.0,2.0
2015-09-29,2320.0,9.5,22.5,3210.0,26.4,604.0,60.7
2015-09-30,8740.0,3.9,23.5,21300.0,26.3,6680.0,13.9
2015-10-01,25400.0,2.4,17.3,20400.0,4.0,1580.0,2.3
2015-10-02,17900.0,35.6,12.8,14300.0,44.6,1050.0,38.9
2015-10-03,18500.0,14.5,13.2,20000.0,19.5,6170.0,28.0
2015-10-04,32400.0,4.5,16.3,31200.0,2.3,5420.0,2.9
2015-10-05,23400.0,0.0,15.6,19100.0,0.0,2360.0,0.0
2015-10-06,16100.0,0.0,15.8,14200.0,0.0,1380.0,0.0
2015-10-07,12100.0,0.0,18.0,10400.0,0.0,952.0,0.0
2015-10-08,9040.0,0.0,18.9,7930.0,0.0,760.0,0.0
2015-10-09,7160.0,0.0,20.3,6420.0,0.0,599.0,0.0
2015-10-10,5860.0,3.6,17.4,5350.0,0.7,501.0,0.5
2015-10-11,4940.0,0.0,14.4,4640.0,0.0,420.0,0.0
2015-10-12,4400.0,0.0,16.2,4180.0,0.0,377.0,0.0
2015-10-13,3950.0,0.0,18.8,3700.0,1.0,338.0,0.2
2015-10-14,3570.0,0.0,17.7,3650.0,0.0,310.0,0.0
2015-10-15,3480.0,0.0,15.8,3400.0,0.0,285.0,0.0
2015-10-16,3210.0,0.0,14.8,3130.0,0.0,270.0,0.0
2015-10-17,2980.0,0.0,11.7,3020.0,0.0,261.0,0.0
2015-10-18,3040.0,0.0,8.7,3070.0,0.0,242.0,0.0
2015-10-19,2830.0,0.0,7.6,2600.0,0.0,228.0,0.0
2015-10-20,2500.0,0.0,11.1,2200.0,0.0,228.0,0.0
2015-10-21,2190.0,0.0,14.2,2160.0,0.0,232.0,0.0
2015-10-22,2260.0,0.0,16.1,2210.0,0.0,231.0,0.0
2015-10-23,2250.0,0.0,17.2,2160.0,0.0,234.0,0.0
2015-10-24,2210.0,0.0,13.9,2100.0,0.0,234.0,0.0
2015-10-25,2180.0,1.9,15.0,2040.0,1.2,227.0,1.1
2015-10-26,2110.0,0.0,13.4,2020.0,0.0,228.0,0.0
2015-10-27,2110.0,2.6,11.2,2020.0,3.8,226.0,4.8
2015-10-28,2260.0,11.6,16.7,2240.0,20.6,999.0,27.7
2015-10-29,4080.0,2.4,19.5,11000.0,1.9,4500.0,1.3
2015-10-30,15800.0,0.0,13.6,16100.0,0.0,1880.0,0.0
2015-10-31,13600.0,0.0,10.3,11800.0,0.0,1160.0,0.0
2015-11-01,10200.0,1.7,13.9,8920.0,1.3,878.0,1.2
2015-11-02,7850.0,10.5,14.4,7080.0,2.2,736.0,1.6
2015-11-03,6490.0,0.0,14.8,5940.0,0.0,609.0,0.0
2015-11-04,5540.0,0.9,14.5,5190.0,0.7,525.0,0.4
2015-11-05,4890.0,0.3,17.5,4620.0,1.3,465.0,0.2
2015-11-06,4420.0,0.0,19.4,4140.0,0.0,431.0,0.0
2015-11-07,3990.0,13.8,18.0,3830.0,16.5,432.0,16.8
2015-11-08,3790.0,0.2,11.7,3680.0,0.0,441.0,0.0
2015-11-09,3680.0,7.1,8.9,3580.0,7.5,428.0,8.5
2015-11-10,8790.0,39.7,14.0,6660.0,26.8,993.0,22.4
2015-11-11,13600.0,0.0,12.4,12100.0,0.0,1240.0,0.0
2015-11-12,11800.0,0.0,13.5,9640.0,0.3,980.0,0.1
2015-11-13,9530.0,0.0,14.2,8780.0,0.0,836.0,0.0
2015-11-14,8360.0,0.0,8.9,7280.0,0.0,696.0,0.0
2015-11-15,6820.0,0.0,8.3,6170.0,0.0,595.0,0.0
2015-11-16,5900.0,0.0,10.4,5380.0,0.0,534.0,0.0
2015-11-17,5260.0,0.0,11.2,4810.0,0.0,499.0,0.0
2015-11-18,4780.0,0.6,14.1,4420.0,0.6,464.0,0.4
2015-11-19,4640.0,19.8,17.2,4790.0,26.4,1620.0,27.8
2015-11-20,9550.0,0.0,12.9,16200.0,0.0,3000.0,0.0
2015-11-21,22700.0,0.0,7.6,23100.0,0.0,1720.0,0.0
2015-11-22,18600.0,0.0,8.0,15400.0,0.0,1310.0,0.0
2015-11-23,13000.0,0.0,3.1,11300.0,0.0,1070.0,0.0
2015-11-24,10100.0,0.0,3.5,9000.0,0.0,900.0,0.0
2015-11-25,8440.0,0.0,5.8,7620.0,0.0,777.0,0.0
2015-11-26,7230.0,0.0,8.6,6520.0,0.0,681.0,0.0
2015-11-27,6220.0,0.0,11.3,5780.0,0.0,621.0,0.0
2015-11-28,5700.0,0.0,13.0,5280.0,0.0,588.0,0.0
2015-11-29,5260.0,0.2,12.4,4930.0,2.7,586.0,3.3
2015-11-30,5000.0,8.9,6.6,4730.0,9.4,583.0,11.5
2015-12-01,5870.0,7.8,7.2,6760.0,14.2,1700.0,16.7
2015-12-02,14500.0,3.1,12.5,17600.0,8.6,3180.0,9.8
2015-12-03,21900.0,0.9,9.8,23200.0,0.5,2300.0,0.6
2015-12-04,24500.0,0.0,5.0,23800.0,0.0,1600.0,0.0
2015-12-05,21100.0,0.0,5.4,18200.0,0.0,1300.0,0.0
2015-12-06,15400.0,0.0,4.3,13300.0,0.0,1100.0,0.0
2015-12-07,11900.0,0.0,6.7,10600.0,0.0,987.0,0.0
2015-12-08,10000.0,0.0,6.6,9070.0,0.0,895.0,0.0
2015-12-09,8740.0,0.0,7.9,8030.0,0.0,808.0,0.0
2015-12-10,7840.0,0.0,11.2,7250.0,0.0,739.0,0.6
2015-12-11,7090.0,0.0,13.4,6600.0,0.0,676.0,0.0
2015-12-12,6510.0,0.0,15.3,6030.0,0.0,624.0,0.0
2015-12-13,5980.0,0.0,15.9,5530.0,0.0,583.0,0.0
2015-12-14,5560.0,1.9,17.4,5240.0,2.0,564.0,1.4
2015-12-15,5480.0,0.5,17.4,5360.0,0.1,628.0,0.0
2015-12-16,5600.0,0.0,10.0,5440.0,0.0,610.0,0.0
2015-12-17,5780.0,17.5,10.3,5110.0,13.5,605.0,13.6
2015-12-18,6440.0,1.1,9.1,5900.0,0.5,1050.0,1.2
2015-12-19,7190.0,0.0,3.6,6910.0,0.0,880.0,0.0
2015-12-20,7920.0,0.0,2.7,8670.0,0.0,732.0,0.0
2015-12-21,8890.0,0.0,7.1,8060.0,0.0,676.0,0.0
2015-12-22,7900.0,17.6,12.8,7200.0,11.9,719.0,9.7
2015-12-23,8400.0,18.2,16.2,8460.0,31.9,1130.0,35.0
2015-12-24,23800.0,15.2,20.4,21600.0,6.1,2840.0,6.0
2015-12-25,28900.0,4.2,20.9,23400.0,3.6,2100.0,3.6
2015-12-26,27400.0,0.6,16.9,27600.0,1.6,1670.0,1.7
2015-12-27,25800.0,0.3,16.7,22600.0,0.1,1370.0,0.1
2015-12-28,20400.0,0.7,12.7,19000.0,0.4,1240.0,0.0
2015-12-29,19000.0,6.9,12.1,18100.0,6.5,1810.0,7.4
2015-12-30,19000.0,12.0,12.4,18000.0,3.9,2040.0,3.1
2015-12-31,17100.0,7.1,12.3,15800.0,2.7,1640.0,2.0
2016-01-01,15500.0,0.4,9.2,14200.0,0.5,1370.0,0.6
2016-01-02,13500.0,0.0,4.2,12300.0,0.0,1170.0,0.0
2016-01-03,11800.0,0.0,4.9,10700.0,0.0,1040.0,0.0
2016-01-04,10400.0,0.0,2.5,9620.0,0.0,939.0,0.0
2016-01-05,9440.0,0.0,-2.8,8720.0,0.0,818.0,0.0
2016-01-06,8510.0,0.0,-1.9,7840.0,0.0,726.0,0.0
2016-01-07,7740.0,0.0,2.2,7150.0,0.0,686.0,0.0
2016-01-08,7180.0,0.0,4.2,6640.0,1.2,678.0,0.9
2016-01-09,6730.0,0.6,7.5,6320.0,1.2,695.0,0.9
2016-01-10,7020.0,11.8,12.2,7200.0,13.0,1980.0,15.2
2016-01-11,10700.0,0.0,2.5,12500.0,0.0,2310.0,0.0
2016-01-12,12400.0,0.0,1.8,11600.0,0.0,1560.0,0.0
2016-01-13,11800.0,0.0,-0.2,11300.0,0.0,1290.0,0.0
2016-01-14,10900.0,0.0,2.2,10000.0,0.0,1110.0,0.0
2016-01-15,9830.0,4.1,5.6,9060.0,4.1,1030.0,4.4
2016-01-16,11000.0,17.1,7.8,11400.0,14.1,1480.0,11.3
2016-01-17,13600.0,3.1,3.0,11900.0,1.6,1220.0,1.4
2016-01-18,11400.0,0.0,-2.6,10000.0,0.0,1060.0,0.0
2016-01-19,10100.0,0.0,-5.8,9120.0,0.0,890.0,0.0
2016-01-20,8950.0,0.4,-4.0,8080.0,0.3,787.0,0.1
2016-01-21,8110.0,0.7,-1.5,7570.0,0.3,847.0,0.2
2016-01-22,7690.0,10.4,-3.8,7070.0,12.0,745.0,12.7
2016-01-23,7530.0,32.7,-3.4,7080.0,31.4,668.0,29.7
2016-01-24,7530.0,1.5,-2.3,6920.0,0.5,771.0,0.3
2016-01-25,7280.0,0.0,-3.8,7330.0,0.0,915.0,0.0
2016-01-26,7480.0,0.0,4.2,6730.0,0.0,872.0,0.0
2016-01-27,8180.0,3.2,4.1,7670.0,1.7,1100.0,0.9
2016-01-28,10600.0,0.0,0.6,9740.0,0.0,1460.0,0.0
2016-01-29,11000.0,0.0,2.2,9580.0,0.0,1350.0,0.0
2016-01-30,10400.0,0.0,0.9,9680.0,0.0,1260.0,0.0
2016-01-31,10500.0,0.0,7.7,9620.0,0.0,1190.0,0.0
2016-02-01,10900.0,1.0,13.5,10700.0,4.0,1850.0,4.2
2016-02-02,13000.0,10.7,8.3,13000.0,5.0,2650.0,4.3
2016-02-03,15500.0,38.9,11.3,16700.0,28.4,2890.0,23.1
2016-02-04,29800.0,19.0,12.8,33800.0,9.2,5430.0,4.9
2016-02-05,40700.0,10.2,4.2,40400.0,4.0,2850.0,1.9
2016-02-06,34200.0,0.0,1.9,28900.0,0.0,1990.0,0.0
2016-02-07,24200.0,0.0,1.7,21700.0,0.0,1630.0,0.0
2016-02-08,19800.0,0.1,3.8,18000.0,0.2,1410.0,0.2
2016-02-09,16600.0,1.5,3.5,15000.0,1.2,1330.0,1.4
2016-02-10,14000.0,0.0,1.0,12500.0,0.0,1160.0,0.0
2016-02-11,11800.0,0.0,-2.3,10600.0,0.0,1010.0,0.0
2016-02-12,10300.0,0.4,-3.4,9220.0,0.1,900.0,0.0
2016-02-13,9060.0,0.0,-3.7,8270.0,0.0,844.0,0.0
2016-02-14,8180.0,0.0,-6.5,7540.0,0.0,713.0,0.0
2016-02-15,7480.0,9.1,-3.4,7000.0,7.1,773.0,6.9
2016-02-16,8540.0,18.7,7.6,10400.0,33.0,3200.0,34.5
2016-02-17,28800.0,0.2,3.8,37200.0,0.0,5780.0,0.0
2016-02-18,38400.0,0.0,2.0,35700.0,0.0,2610.0,0.0
2016-02-19,29600.0,0.0,0.9,25800.0,0.0,1870.0,0.0
2016-02-20,22600.0,0.0,9.0,20500.0,0.0,1610.0,0.0
2016-02-21,19000.0,8.7,12.1,17600.0,7.4,1520.0,8.3
2016-02-22,17600.0,0.7,9.0,17500.0,0.0,1840.0,0.0
2016-02-23,21500.0,14.3,6.1,23500.0,14.9,1990.0,15.3
2016-02-24,29300.0,6.6,10.1,29100.0,21.2,3510.0,27.5
2016-02-25,44600.0,5.8,10.1,48400.0,1.6,7080.0,2.9
2016-02-26,44200.0,0.0,4.6,38100.0,0.0,3160.0,0.0
2016-02-27,32900.0,0.0,1.5,28900.0,0.0,2180.0,0.0
2016-02-28,24800.0,0.0,6.7,22800.0,0.0,1770.0,0.0
2016-02-29,21500.0,0.0,13.0,19800.0,0.0,1530.0,0.0
2016-03-01,18500.0,0.0,11.2,17000.0,0.0,1340.0,0.0
2016-03-02,16200.0,5.7,10.3,15100.0,4.0,1370.0,3.8
2016-03-03,14500.0,0.1,2.1,13300.0,0.2,1160.0,0.4
2016-03-04,12700.0,3.9,3.1,11700.0,1.6,1060.0,1.5
2016-03-05,11600.0,0.0,2.6,10700.0,0.0,1000.0,0.0
2016-03-06,10500.0,0.7,4.7,9540.0,0.8,933.0,0.7
2016-03-07,9610.0,0.0,7.3,8880.0,0.0,866.0,0.0
2016-03-08,9040.0,0.0,15.1,8380.0,0.0,828.0,0.0
2016-03-09,8560.0,0.0,16.4,8070.0,0.0,762.0,0.0
2016-03-10,8170.0,0.0,18.7,7610.0,0.0,712.0,0.0
2016-03-11,7810.0,0.0,20.3,7470.0,0.0,738.0,0.0
2016-03-12,7650.0,0.3,14.1,7260.0,0.0,696.0,0.0
2016-03-13,7420.0,0.5,16.3,7070.0,0.4,675.0,0.6
2016-03-14,7470.0,2.9,13.4,7230.0,4.3,747.0,4.1
2016-03-15,8230.0,4.1,13.0,9090.0,5.3,965.0,4.4
2016-03-16,11900.0,0.0,17.1,12500.0,0.0,896.0,0.0
2016-03-17,12000.0,0.0,16.7,11800.0,0.0,777.0,0.0
2016-03-18,12200.0,0.0,13.6,11400.0,0.0,679.0,0.0
2016-03-19,10900.0,1.9,9.1,9970.0,3.5,648.0,2.3
2016-03-20,9770.0,5.7,4.2,9180.0,2.7,713.0,1.9
2016-03-21,9350.0,1.6,5.7,8800.0,1.1,674.0,1.0
2016-03-22,8840.0,0.0,8.0,8370.0,0.0,613.0,0.0
2016-03-23,8320.0,0.0,14.6,7840.0,0.0,596.0,0.0
2016-03-24,8000.0,0.0,17.2,7520.0,0.0,593.0,0.0
2016-03-25,7540.0,0.8,19.7,7050.0,0.5,580.0,0.4
2016-03-26,7140.0,0.0,12.7,6760.0,0.0,559.0,0.0
2016-03-27,6810.0,0.9,11.9,6390.0,0.0,541.0,0.0
2016-03-28,6750.0,7.2,14.6,6740.0,5.1,695.0,4.8
2016-03-29,7780.0,0.0,12.0,7800.0,0.0,663.0,0.0
2016-03-30,7780.0,0.0,10.8,6870.0,0.0,558.0,0.0
2016-03-31,6780.0,0.0,16.0,6190.0,0.0,525.0,0.0
2016-04-01,6590.0,2.4,20.5,6320.0,2.5,620.0,2.1
2016-04-02,7280.0,11.8,16.3,7140.0,8.3,648.0,7.3
2016-04-03,7580.0,0.0,9.3,6740.0,0.0,567.0,0.0
2016-04-04,6740.0,0.2,14.3,6030.0,0.6,496.0,0.3
2016-04-05,6220.0,6.7,7.2,5810.0,1.9,479.0,1.1
2016-04-06,5880.0,0.0,5.6,5440.0,0.0,442.0,0.0
2016-04-07,5750.0,11.1,13.2,5560.0,13.1,698.0,13.7
2016-04-08,6860.0,0.0,10.0,7450.0,0.0,1010.0,0.0
2016-04-09,7780.0,1.5,7.3,6670.0,2.1,713.0,0.6
2016-04-10,6520.0,0.0,4.9,5900.0,0.0,587.0,0.0
2016-04-11,6010.0,0.2,12.3,5580.0,0.4,539.0,0.4
2016-04-12,5720.0,7.8,15.5,5380.0,4.7,535.0,3.5
2016-04-13,5580.0,0.0,10.6,5230.0,0.0,512.0,0.0
2016-04-14,5380.0,0.0,9.5,5010.0,0.0,472.0,0.0
2016-04-15,5100.0,0.0,10.0,4750.0,0.0,461.0,0.0
2016-04-16,4910.0,0.0,11.3,4670.0,0.0,444.0,0.0
2016-04-17,4820.0,0.0,12.4,4590.0,0.0,430.0,0.0
2016-04-18,4690.0,0.0,17.3,4440.0,0.0,424.0,0.0
2016-04-19,4580.0,0.0,20.3,4380.0,0.0,410.0,0.0
2016-04-20,4500.0,0.0,17.0,4330.0,0.0,396.0,0.0
2016-04-21,4380.0,0.1,15.7,4160.0,0.0,376.0,0.0
2016-04-22,4290.0,4.1,18.9,4080.0,2.7,383.0,2.8
2016-04-23,4370.0,6.6,17.3,4370.0,0.8,446.0,0.4
2016-04-24,4740.0,0.0,15.6,4680.0,0.0,385.0,0.0
2016-04-25,4660.0,0.0,17.8,4310.0,0.0,348.0,0.0
2016-04-26,4280.0,0.0,23.3,4070.0,0.0,344.0,0.0
2016-04-27,4260.0,5.0,21.4,4150.0,2.5,409.0,2.5
2016-04-28,4380.0,23.6,14.2,4290.0,14.2,572.0,9.1
2016-04-29,4550.0,3.6,12.8,5030.0,5.3,1010.0,4.9
2016-04-30,5790.0,0.0,13.9,5760.0,0.0,670.0,0.0
2016-05-01,5790.0,9.8,14.1,5380.0,17.8,930.0,19.6
2016-05-02,9980.0,7.4,20.8,14900.0,10.5,1300.0,7.8
2016-05-03,20600.0,21.4,20.1,23000.0,16.7,1620.0,14.5
2016-05-04,30900.0,4.2,16.5,29700.0,5.6,2090.0,4.6
2016-05-05,26200.0,3.1,13.1,23200.0,2.9,2340.0,4.6
2016-05-06,25200.0,28.7,11.3,24600.0,19.8,3010.0,17.2
2016-05-07,27200.0,0.2,13.3,24200.0,0.2,2610.0,0.2
2016-05-08,23500.0,1.8,17.3,20500.0,1.1,1860.0,0.3
2016-05-09,18500.0,0.3,16.7,16000.0,0.0,1430.0,0.0
2016-05-10,14800.0,2.9,17.2,13100.0,4.2,1250.0,3.0
2016-05-11,13100.0,3.4,17.1,11700.0,3.6,1090.0,3.3
2016-05-12,11700.0,0.0,17.7,10400.0,2.1,1010.0,1.6
2016-05-13,10600.0,3.2,19.7,9810.0,3.5,967.0,3.2
2016-05-14,10400.0,0.1,18.6,9850.0,0.2,879.0,0.4
2016-05-15,10700.0,0.0,13.8,11100.0,0.0,829.0,0.0
2016-05-16,11400.0,0.0,12.6,10300.0,0.0,698.0,0.0
2016-05-17,10200.0,15.3,13.1,8660.0,15.2,706.0,12.8
2016-05-18,9610.0,0.7,13.6,8490.0,0.5,832.0,0.3
2016-05-19,9110.0,0.1,15.2,7940.0,0.0,711.0,0.0
2016-05-20,8150.0,0.0,15.7,7260.0,0.0,630.0,0.0
2016-05-21,10000.0,27.3,14.7,12200.0,31.3,2750.0,30.1
2016-05-22,23300.0,1.9,13.3,20500.0,2.0,2590.0,1.6
2016-05-23,18200.0,7.0,14.9,16600.0,8.6,2650.0,7.8
2016-05-24,20600.0,0.4,18.8,17700.0,0.0,2170.0,0.0
2016-05-25,16600.0,0.0,21.5,13900.0,0.0,1510.0,0.0
2016-05-26,13200.0,0.0,23.2,11300.0,0.0,1150.0,0.0
2016-05-27,11000.0,0.3,24.5,9620.0,0.4,999.0,0.1
2016-05-28,9630.0,0.0,24.1,8590.0,0.0,860.0,0.0
2016-05-29,8680.0,7.4,21.9,7430.0,4.0,744.0,3.5
2016-05-30,7870.0,12.0,21.4,6980.0,2.6,679.0,2.5
2016-05-31,7560.0,0.1,22.6,6720.0,0.0,703.0,0.5
2016-06-01,7100.0,0.4,22.9,6480.0,0.2,667.0,0.0
2016-06-02,6620.0,0.7,22.5,5730.0,0.0,530.0,0.0
2016-06-03,6080.0,4.0,23.8,8390.0,2.2,827.0,1.0
2016-06-04,10800.0,0.5,23.5,9580.0,5.1,1090.0,2.8
2016-06-05,12400.0,11.8,24.2,21300.0,18.8,3180.0,16.7
2016-06-06,27700.0,1.2,24.3,22600.0,0.1,1610.0,0.0
2016-06-07,17700.0,0.0,25.1,15200.0,0.0,995.0,0.0
2016-06-08,13900.0,0.0,20.9,11900.0,0.0,751.0,0.0
2016-06-09,11000.0,0.0,19.7,9380.0,0.0,617.0,0.0
2016-06-10,8950.0,0.0,21.7,7770.0,0.0,512.0,0.0
2016-06-11,7620.0,0.0,25.6,6430.0,0.0,447.0,0.0
2016-06-12,6280.0,0.0,28.7,5460.0,0.5,418.0,0.8
2016-06-13,5480.0,0.0,23.7,4860.0,0.0,373.0,0.0
2016-06-14,4910.0,0.0,23.0,4410.0,0.0,333.0,0.0
2016-06-15,4490.0,0.6,23.5,4030.0,0.0,328.0,0.0
2016-06-16,4180.0,1.6,26.2,3760.0,5.5,335.0,2.6
2016-06-17,4910.0,17.4,21.9,4480.0,14.5,818.0,10.5
2016-06-18,5750.0,0.0,21.3,5350.0,0.0,784.0,0.0
2016-06-19,5340.0,0.0,21.9,4400.0,0.0,478.0,0.0
2016-06-20,4580.0,0.0,24.7,4000.0,0.0,384.0,0.0
2016-06-21,4040.0,4.8,26.3,3510.0,12.0,337.0,8.0
2016-06-22,3710.0,2.6,25.4,3480.0,0.0,414.0,0.1
2016-06-23,3850.0,2.6,25.2,3710.0,4.7,607.0,4.9
2016-06-24,4510.0,53.1,23.2,4830.0,18.4,872.0,11.7
2016-06-25,18800.0,1.4,23.5,35600.0,1.4,582.0,1.2
2016-06-26,31300.0,0.0,22.7,21800.0,0.0,531.0,0.0
2016-06-27,15500.0,0.0,23.5,13500.0,0.0,405.0,0.4
2016-06-28,12900.0,9.2,24.5,13300.0,9.8,348.0,7.1
2016-06-29,13800.0,0.0,24.2,13400.0,0.0,334.0,0.0
2016-06-30,11700.0,1.3,23.0,10500.0,0.9,310.0,0.3
2016-07-01,9280.0,7.7,24.2,7960.0,0.0,265.0,0.1
2016-07-02,7170.0,3.5,24.0,6180.0,0.0,246.0,0.0
2016-07-03,5810.0,7.1,20.5,5510.0,14.2,269.0,16.6
2016-07-04,5660.0,24.2,20.1,5570.0,26.8,288.0,25.2
2016-07-05,5750.0,17.4,25.5,5640.0,7.1,452.0,7.4
2016-07-06,5860.0,1.7,27.1,6000.0,1.0,423.0,0.2
2016-07-07,6040.0,0.2,27.7,6590.0,0.1,326.0,0.4
2016-07-08,6850.0,3.2,27.2,6800.0,0.5,267.0,0.4
2016-07-09,6290.0,0.0,27.9,5750.0,0.0,241.0,0.0
2016-07-10,5390.0,0.0,26.0,5070.0,0.0,212.0,0.0
2016-07-11,4810.0,0.0,25.1,4610.0,0.0,184.0,0.0
2016-07-12,4450.0,0.2,25.6,4450.0,0.0,173.0,0.0
2016-07-13,4230.0,0.9,26.7,4220.0,0.0,190.0,0.0
2016-07-14,4020.0,1.2,28.7,4110.0,0.4,226.0,0.1
2016-07-15,3990.0,2.3,29.0,4170.0,0.0,202.0,0.0
2016-07-16,3920.0,0.9,26.8,4030.0,0.7,169.0,0.2
2016-07-17,3990.0,0.0,27.4,4080.0,0.0,149.0,0.0
2016-07-18,3700.0,2.7,27.8,3580.0,2.2,145.0,0.6
2016-07-19,3540.0,5.7,26.9,3230.0,2.8,147.0,2.0
2016-07-20,3290.0,2.1,25.4,3040.0,0.0,154.0,0.0
2016-07-21,3030.0,0.0,26.1,2990.0,0.0,143.0,0.0
2016-07-22,2890.0,0.0,27.9,2870.0,0.0,121.0,0.0
2016-07-23,2670.0,0.0,29.8,2700.0,0.0,108.0,0.0
2016-07-24,2720.0,0.0,30.8,2810.0,0.0,100.0,0.0
2016-07-25,2540.0,0.0,31.7,2330.0,0.0,91.0,0.0
2016-07-26,2190.0,1.5,31.5,2160.0,0.6,82.3,0.3
2016-07-27,2980.0,2.4,28.9,2230.0,6.3,74.8,5.5
2016-07-28,2680.0,17.6,28.0,2640.0,21.3,93.2,10.6
2016-07-29,3840.0,18.1,26.1,3760.0,23.4,129.0,16.2
2016-07-30,3790.0,0.7,26.6,3970.0,1.5,122.0,1.5
2016-07-31,4390.0,1.7,27.1,5240.0,0.3,1410.0,1.0
2016-08-01,5970.0,0.5,27.3,5680.0,1.2,707.0,2.1
2016-08-02,5160.0,4.6,26.7,4320.0,2.9,327.0,1.4
2016-08-03,3710.0,0.3,24.7,3250.0,1.3,293.0,1.4
2016-08-04,3080.0,1.6,23.7,3580.0,3.1,1160.0,2.6
2016-08-05,3530.0,4.7,23.4,3470.0,1.6,615.0,2.5
2016-08-06,3160.0,0.0,26.5,3430.0,2.2,553.0,2.0
2016-08-07,4070.0,0.2,26.5,8210.0,0.6,951.0,0.4
2016-08-08,9550.0,4.1,24.3,7660.0,11.3,735.0,11.5
2016-08-09,6010.0,7.9,23.2,6020.0,3.5,778.0,1.7
2016-08-10,6100.0,0.0,26.9,5520.0,0.0,469.0,0.0
2016-08-11,4790.0,0.0,28.2,4230.0,0.0,365.0,0.0
2016-08-12,3820.0,0.0,29.1,3690.0,0.2,283.0,0.1
2016-08-13,3350.0,0.1,30.4,3440.0,0.0,241.0,0.0
2016-08-14,3280.0,1.8,30.8,3290.0,1.4,218.0,2.1
2016-08-15,2840.0,2.2,29.3,2680.0,1.6,234.0,1.9
2016-08-16,2920.0,1.9,28.8,3510.0,2.5,697.0,2.6
2016-08-17,3830.0,2.2,30.0,3730.0,0.9,365.0,1.6
2016-08-18,3330.0,0.5,27.3,2920.0,0.0,283.0,0.0
2016-08-19,2710.0,0.0,27.2,2680.0,0.8,208.0,0.9
2016-08-20,2480.0,0.0,27.0,2550.0,0.4,188.0,0.2
2016-08-21,2390.0,3.9,27.2,2410.0,1.7,177.0,0.5
2016-08-22,2220.0,0.6,26.0,2340.0,0.0,203.0,0.0
2016-08-23,2180.0,0.0,24.5,2370.0,0.0,179.0,0.0
2016-08-24,2170.0,0.0,24.4,2270.0,0.0,152.0,0.0
2016-08-25,2090.0,0.0,26.1,2260.0,0.0,139.0,0.0
2016-08-26,2080.0,0.0,29.3,2140.0,0.3,134.0,0.1
2016-08-27,1970.0,0.0,29.4,2000.0,0.0,129.0,0.0
2016-08-28,1860.0,0.0,27.1,1920.0,0.0,132.0,0.0
2016-08-29,1770.0,0.0,26.6,1820.0,0.0,121.0,0.0
2016-08-30,1680.0,0.0,27.2,1670.0,0.0,109.0,0.0
2016-08-31,1570.0,0.0,27.3,1630.0,0.3,101.0,0.1
2016-09-01,1580.0,5.1,26.3,1720.0,0.1,100.0,1.5
2016-09-02,1600.0,0.0,23.8,1600.0,0.0,129.0,0.0
2016-09-03,1530.0,11.3,21.1,1670.0,0.3,132.0,0.0
2016-09-04,1610.0,0.0,21.8,2120.0,0.0,112.0,0.0
2016-09-05,1930.0,0.0,22.4,1710.0,0.0,97.9,0.0
2016-09-06,1600.0,0.0,25.5,1440.0,0.0,91.2,0.0
2016-09-07,1410.0,0.0,27.9,1480.0,0.6,85.0,0.2
2016-09-08,1510.0,0.2,28.6,1420.0,0.2,82.7,0.0
2016-09-09,1390.0,0.0,29.8,1370.0,0.0,93.5,0.0
2016-09-10,1340.0,0.0,29.1,1380.0,0.0,139.0,0.0
2016-09-11,1330.0,0.0,27.9,1380.0,0.0,186.0,0.0
2016-09-12,1310.0,0.0,24.5,1320.0,0.0,142.0,0.0
2016-09-13,1260.0,0.0,24.5,1220.0,0.0,83.3,0.0
2016-09-14,1170.0,0.0,27.4,1120.0,0.0,78.2,0.0
2016-09-15,1100.0,0.9,24.6,1090.0,0.2,76.5,0.1
2016-09-16,1060.0,0.0,22.6,1110.0,0.0,73.1,0.0
2016-09-17,1070.0,0.0,23.1,1110.0,0.0,72.8,0.0
2016-09-18,1080.0,0.0,25.1,1080.0,0.0,72.8,0.0
2016-09-19,1670.0,40.2,22.8,1540.0,50.1,80.9,43.1
2016-09-20,2550.0,4.4,22.0,1880.0,0.5,148.0,0.0
2016-09-21,2280.0,5.6,22.3,2310.0,0.4,105.0,0.2
2016-09-22,2490.0,31.0,21.7,1820.0,7.6,91.1,5.1
2016-09-23,1900.0,0.1,23.4,1670.0,0.0,85.8,0.0
2016-09-24,1710.0,0.0,23.5,1540.0,0.0,82.8,0.0
2016-09-25,1590.0,0.0,20.8,1900.0,0.1,77.6,0.2
2016-09-26,1820.0,0.0,19.3,1560.0,0.5,74.3,0.5
2016-09-27,1550.0,14.6,20.4,1320.0,9.5,149.0,7.4
2016-09-28,1510.0,25.5,19.8,1710.0,11.4,205.0,11.1
2016-09-29,3320.0,29.6,20.6,2840.0,49.4,249.0,47.6
2016-09-30,3550.0,4.8,20.2,2660.0,7.8,326.0,13.8
2016-10-01,3380.0,11.6,21.3,9030.0,10.5,347.0,11.3
2016-10-02,20400.0,0.2,19.3,24700.0,0.0,238.0,0.0
2016-10-03,17100.0,0.0,20.0,12900.0,0.0,231.0,0.0
2016-10-04,9370.0,0.0,18.5,7370.0,0.0,224.0,0.0
2016-10-05,5970.0,0.0,17.8,5170.0,0.0,176.0,0.0
2016-10-06,4370.0,0.0,16.9,4030.0,0.1,151.0,0.0
2016-10-07,3550.0,1.5,19.4,3420.0,2.7,138.0,7.5
2016-10-08,3630.0,45.6,19.2,3580.0,47.6,198.0,46.0
2016-10-09,8850.0,57.6,15.7,7040.0,27.1,472.0,15.7
2016-10-10,11800.0,0.0,13.8,11600.0,0.0,381.0,0.0
2016-10-11,11300.0,0.0,12.6,9290.0,0.0,261.0,0.0
2016-10-12,8150.0,0.0,14.2,6850.0,0.0,208.0,0.0
2016-10-13,5950.0,0.0,16.6,5120.0,0.0,182.0,0.0
2016-10-14,4660.0,0.0,15.5,4290.0,0.0,166.0,0.0
2016-10-15,3940.0,0.0,13.8,4090.0,0.0,152.0,0.0
2016-10-16,3830.0,0.0,15.9,3470.0,0.0,138.0,0.0
2016-10-17,3150.0,0.0,19.4,3110.0,0.0,136.0,0.0
2016-10-18,2890.0,0.0,21.1,2880.0,0.0,133.0,0.0
2016-10-19,2700.0,0.0,23.0,2660.0,0.0,124.0,0.0
2016-10-20,2500.0,0.1,22.9,2480.0,0.5,118.0,0.3
2016-10-21,2310.0,6.5,20.5,2480.0,4.0,116.0,3.8
2016-10-22,2290.0,1.9,13.8,2240.0,0.2,116.0,0.2
2016-10-23,2070.0,0.0,12.0,2230.0,0.0,112.0,0.0
2016-10-24,2020.0,0.0,16.8,2140.0,0.0,107.0,0.0
2016-10-25,1930.0,0.0,13.2,2070.0,0.0,108.0,0.0
2016-10-26,1880.0,0.0,10.7,2080.0,0.0,102.0,0.0
2016-10-27,1870.0,0.2,13.0,2040.0,0.7,99.5,0.9
2016-10-28,1830.0,0.1,15.7,2020.0,0.0,107.0,0.0
2016-10-29,1810.0,0.0,14.2,2070.0,0.0,110.0,0.0
2016-10-30,1850.0,0.0,19.3,1970.0,0.0,112.0,0.0
2016-10-31,1760.0,0.0,16.1,1900.0,0.0,114.0,0.0
2016-11-01,1700.0,0.2,12.1,1980.0,0.5,113.0,0.4
2016-11-02,1750.0,0.0,16.1,1910.0,0.0,111.0,0.0
2016-11-03,1700.0,0.0,19.9,1940.0,0.0,115.0,0.0
2016-11-04,1770.0,11.6,15.7,1970.0,6.2,137.0,4.5
2016-11-05,1750.0,0.0,11.5,1890.0,0.0,138.0,0.0
2016-11-06,1680.0,0.0,12.0,2070.0,0.0,132.0,0.0
2016-11-07,1790.0,0.0,10.6,1970.0,0.0,129.0,0.0
2016-11-08,1700.0,0.0,10.1,1940.0,0.0,124.0,0.0
2016-11-09,1670.0,5.9,12.3,1920.0,8.0,125.0,6.6
2016-11-10,1650.0,0.2,10.9,1920.0,0.0,133.0,0.0
2016-11-11,1630.0,0.0,11.8,1910.0,0.0,129.0,0.0
2016-11-12,1610.0,0.0,8.5,1860.0,0.0,123.0,0.0
2016-11-13,1570.0,0.0,5.9,1820.0,0.0,114.0,0.0
2016-11-14,1550.0,3.5,5.8,1800.0,5.0,111.0,4.1
2016-11-15,1600.0,1.5,9.3,1820.0,7.2,119.0,5.5
2016-11-16,1590.0,0.0,9.5,1850.0,0.0,125.0,0.0
2016-11-17,1580.0,0.0,10.8,1820.0,0.0,126.0,0.0
2016-11-18,1550.0,0.0,10.9,1840.0,0.0,119.0,0.0
2016-11-19,1550.0,0.0,12.4,1770.0,0.0,117.0,0.0
2016-11-20,1480.0,0.0,5.8,1710.0,0.0,117.0,0.0
2016-11-21,1460.0,0.0,3.3,1750.0,0.0,112.0,0.0
2016-11-22,1450.0,0.0,3.0,1730.0,0.0,107.0,0.0
2016-11-23,1430.0,0.0,3.8,1740.0,0.0,106.0,0.0
2016-11-24,1440.0,0.2,9.0,1680.0,0.5,107.0,0.2
2016-11-25,1410.0,0.2,11.3,1690.0,0.0,110.0,0.0
2016-11-26,1420.0,0.9,9.6,1690.0,0.0,116.0,0.0
2016-11-27,1420.0,0.0,5.6,1760.0,0.0,116.0,0.0
2016-11-28,1460.0,0.0,5.9,1740.0,0.0,116.0,0.0
2016-11-29,1460.0,11.6,13.1,1750.0,12.3,122.0,11.7
2016-11-30,1530.0,5.4,18.8,1950.0,2.4,294.0,2.2
2016-12-01,1860.0,5.5,15.0,2850.0,4.1,409.0,5.8
2016-12-02,2640.0,0.0,7.6,4000.0,0.0,341.0,0.0
2016-12-03,6860.0,0.0,6.2,10400.0,0.0,227.0,0.0
2016-12-04,7940.0,0.0,4.9,6740.0,0.0,184.0,0.0
2016-12-05,5490.0,6.1,7.1,5120.0,5.6,181.0,4.4
2016-12-06,4490.0,22.7,7.0,4520.0,28.7,242.0,29.3
2016-12-07,5580.0,3.8,8.0,6230.0,2.7,931.0,2.6
2016-12-08,7490.0,0.0,6.2,8420.0,0.0,556.0,0.0
2016-12-09,9110.0,0.0,2.0,9700.0,0.0,335.0,0.0
2016-12-10,8530.0,0.0,-0.7,7590.0,0.0,254.0,0.0
2016-12-11,6380.0,0.0,0.0,6020.0,0.0,221.0,0.0
2016-12-12,5290.0,8.3,7.5,5250.0,8.7,211.0,8.8
2016-12-13,4870.0,0.0,5.9,5040.0,0.0,211.0,0.0
2016-12-14,4600.0,0.4,6.5,4730.0,0.0,193.0,0.0
2016-12-15,4120.0,0.0,2.1,4300.0,0.0,183.0,0.0
2016-12-16,3740.0,0.0,-4.4,4070.0,0.0,163.0,0.0
2016-12-17,3380.0,0.0,2.5,3620.0,0.3,148.0,0.2
2016-12-18,3040.0,0.6,13.4,3380.0,1.4,166.0,0.9
2016-12-19,2930.0,0.2,2.7,3340.0,0.0,164.0,0.0
2016-12-20,2810.0,0.0,0.0,3200.0,0.0,159.0,0.0
2016-12-21,2690.0,0.0,1.4,3160.0,0.0,148.0,0.0
2016-12-22,2680.0,0.0,6.3,3080.0,0.0,146.0,0.0
2016-12-23,2600.0,0.0,3.9,3010.0,0.0,148.0,0.0
2016-12-24,2600.0,15.1,6.1,2800.0,17.1,153.0,16.7
2016-12-25,2580.0,0.0,7.6,3100.0,0.0,198.0,0.0
2016-12-26,2930.0,0.0,7.3,3590.0,0.2,187.0,1.1
2016-12-27,3140.0,0.0,14.2,3350.0,0.0,174.0,0.0
2016-12-28,3050.0,0.0,9.2,3950.0,0.0,171.0,0.0
2016-12-29,3670.0,5.9,6.7,4050.0,8.2,181.0,8.9
2016-12-30,3630.0,0.0,4.4,4070.0,0.0,228.0,0.0
2016-12-31,3740.0,0.0,2.0,4330.0,0.0,194.0,0.0
2017-01-01,3930.0,0.0,8.4,4890.0,0.0,176.0,0.0
2017-01-02,4830.0,14.8,7.3,5170.0,14.5,182.0,7.7
2017-01-03,5960.0,8.4,6.8,5700.0,11.1,453.0,13.2
2017-01-04,8000.0,0.0,10.4,7490.0,0.0,687.0,0.0
2017-01-05,7910.0,0.1,2.2,8270.0,0.0,503.0,0.1
2017-01-06,9950.0,0.2,1.8,10600.0,0.6,372.0,1.2
2017-01-07,9500.0,13.5,-4.3,8700.0,11.1,319.0,9.2
2017-01-08,8010.0,0.0,-10.3,7820.0,0.0,270.0,0.0
2017-01-09,6930.0,0.0,-11.8,6630.0,0.0,197.0,0.0
2017-01-10,5870.0,0.0,-5.4,5940.0,0.0,222.0,0.0
2017-01-11,5510.0,2.0,6.5,5760.0,1.6,243.0,1.6
2017-01-12,5440.0,0.0,13.3,5300.0,0.2,242.0,0.5
2017-01-13,4920.0,0.0,13.9,5060.0,0.0,250.0,0.1
2017-01-14,4760.0,0.5,5.5,4970.0,1.1,228.0,2.6
2017-01-15,4570.0,1.1,5.7,4800.0,1.0,239.0,2.1
2017-01-16,4400.0,2.3,4.1,4720.0,3.0,235.0,5.9
2017-01-17,4320.0,2.3,8.3,4730.0,3.1,233.0,3.5
2017-01-18,4570.0,0.6,13.4,5390.0,0.0,246.0,0.2
2017-01-19,5900.0,0.0,7.5,7220.0,0.0,243.0,0.0
2017-01-20,7110.0,4.0,6.3,7670.0,5.7,228.0,5.8
2017-01-21,7430.0,0.1,8.7,7720.0,0.0,233.0,0.0
2017-01-22,8060.0,6.9,9.8,7870.0,4.0,246.0,4.9
2017-01-23,9940.0,18.9,9.4,11600.0,23.2,1690.0,31.4
2017-01-24,24500.0,0.4,6.5,27500.0,0.2,3680.0,0.2
2017-01-25,33800.0,0.0,9.4,35600.0,0.0,1500.0,0.0
2017-01-26,28500.0,4.0,12.8,23500.0,1.4,944.0,0.6
2017-01-27,18900.0,0.0,5.0,16900.0,0.0,661.0,0.0
2017-01-28,15200.0,0.0,2.8,13900.0,0.0,492.0,0.0
2017-01-29,12200.0,0.0,4.0,10900.0,0.1,394.0,0.0
2017-01-30,9720.0,1.5,1.9,8530.0,0.4,336.0,0.2
2017-01-31,8020.0,0.0,3.2,7460.0,0.0,287.0,0.0
2017-02-01,7170.0,0.0,8.3,6690.0,0.0,250.0,0.0
2017-02-02,6410.0,0.1,7.3,5930.0,0.1,225.0,0.0
2017-02-03,5620.0,0.0,2.7,5230.0,0.0,204.0,0.0
2017-02-04,5150.0,0.0,-0.5,4850.0,0.0,188.0,0.0
2017-02-05,4760.0,0.1,2.7,4490.0,0.0,175.0,0.0
2017-02-06,4470.0,0.0,8.0,4230.0,0.0,170.0,0.0
2017-02-07,4230.0,0.6,14.0,4040.0,0.6,162.0,0.0
2017-02-08,4040.0,0.4,17.3,3770.0,0.0,156.0,0.0
2017-02-09,3850.0,5.8,8.3,3620.0,6.9,190.0,7.0
2017-02-10,3760.0,0.0,-0.3,3670.0,0.0,205.0,0.0
2017-02-11,3710.0,0.0,9.1,3590.0,0.0,145.0,0.0
2017-02-12,3600.0,0.1,16.1,3530.0,0.1,139.0,1.1
2017-02-13,3680.0,0.1,8.8,3510.0,0.0,140.0,0.0
2017-02-14,3610.0,0.0,4.4,3390.0,0.0,129.0,0.0
2017-02-15,3460.0,8.9,6.8,3210.0,7.4,123.0,4.1
2017-02-16,3370.0,0.0,3.0,3090.0,0.0,125.0,0.0
2017-02-17,3270.0,0.0,3.9,3130.0,0.0,121.0,0.0
2017-02-18,3190.0,0.0,10.6,2920.0,0.0,118.0,0.0
2017-02-19,3020.0,0.0,14.9,2870.0,0.0,116.0,0.0
2017-02-20,3030.0,0.0,13.4,2870.0,0.0,115.0,0.0
2017-02-21,2970.0,0.0,9.6,2780.0,0.0,108.0,0.0
2017-02-22,2890.0,1.7,10.0,2680.0,2.5,108.0,1.0
2017-02-23,2840.0,0.5,15.1,2640.0,0.6,117.0,0.0
2017-02-24,2800.0,0.1,16.3,2700.0,0.0,118.0,0.0
2017-02-25,2870.0,0.5,17.7,2680.0,1.5,113.0,1.4
2017-02-26,2860.0,0.2,7.6,2650.0,0.0,222.0,0.0
2017-02-27,2840.0,0.0,6.6,2780.0,0.0,137.0,0.0
2017-02-28,2840.0,0.0,14.1,2580.0,0.0,117.0,0.0
2017-03-01,2710.0,5.6,18.4,2480.0,8.8,174.0,5.9
2017-03-02,2730.0,2.1,12.1,2620.0,1.5,169.0,3.0
2017-03-03,2830.0,0.2,5.1,2730.0,0.2,150.0,0.3
2017-03-04,2840.0,0.0,1.8,2670.0,0.0,127.0,0.0
2017-03-05,2730.0,0.0,0.8,3120.0,0.0,122.0,0.0
2017-03-06,3330.0,0.0,5.5,3440.0,0.0,120.0,0.0
2017-03-07,3340.0,0.0,14.1,3100.0,0.0,122.0,0.0
2017-03-08,3110.0,0.8,15.8,2950.0,3.3,137.0,2.5
2017-03-09,3010.0,0.0,14.6,2870.0,0.0,144.0,0.0
2017-03-10,2990.0,0.6,10.6,2900.0,1.4,140.0,1.6
2017-03-11,2930.0,0.0,3.1,2840.0,0.0,142.0,0.0
2017-03-12,2890.0,0.0,1.3,2770.0,0.0,135.0,0.0
2017-03-13,2770.0,0.2,1.8,2560.0,0.3,135.0,1.4
2017-03-14,3080.0,23.8,3.1,2850.0,16.9,268.0,16.2
2017-03-15,3510.0,0.0,-1.4,3690.0,0.0,361.0,0.0
2017-03-16,4000.0,0.0,0.8,3650.0,0.0,267.0,0.0
2017-03-17,3570.0,0.0,3.9,3240.0,0.0,215.0,0.4
2017-03-18,3230.0,4.8,9.8,3020.0,3.8,210.0,4.9
2017-03-19,3150.0,14.3,6.8,3110.0,3.5,276.0,5.1
2017-03-20,3330.0,0.0,7.1,3180.0,0.0,261.0,0.0
2017-03-21,3270.0,0.9,12.3,3150.0,2.6,237.0,2.1
2017-03-22,3420.0,0.0,10.3,3680.0,0.0,227.0,0.0
2017-03-23,3790.0,0.0,4.1,3750.0,0.0,210.0,0.0
2017-03-24,3740.0,0.1,7.3,3720.0,0.1,195.0,0.3
2017-03-25,3730.0,0.0,17.8,3790.0,0.0,192.0,0.0
2017-03-26,3820.0,0.8,16.6,3730.0,0.6,196.0,1.6
2017-03-27,3750.0,0.4,17.5,3650.0,0.4,202.0,1.9
2017-03-28,3670.0,10.3,18.1,3530.0,3.9,250.0,5.7
2017-03-29,3610.0,0.2,16.2,3600.0,0.0,295.0,0.0
2017-03-30,3720.0,0.0,10.9,3810.0,0.0,259.0,0.0
2017-03-31,4190.0,36.6,12.5,3980.0,24.8,804.0,29.4
2017-04-01,6540.0,1.2,13.7,7980.0,0.0,1290.0,0.5
2017-04-02,8320.0,0.0,11.1,8330.0,0.0,745.0,0.0
2017-04-03,10700.0,0.6,13.6,11900.0,2.2,551.0,2.6
2017-04-04,11400.0,1.7,20.0,11000.0,7.3,825.0,6.7
2017-04-05,11500.0,0.0,18.7,11700.0,0.0,723.0,0.0
2017-04-06,13000.0,18.3,17.2,13000.0,16.4,789.0,15.3
2017-04-07,14400.0,0.0,9.9,13200.0,0.0,1000.0,0.0
2017-04-08,12700.0,0.0,9.6,12300.0,0.0,742.0,0.0
2017-04-09,13600.0,0.0,12.6,13300.0,0.0,589.0,0.0
2017-04-10,12400.0,0.0,16.8,11100.0,0.0,493.0,0.0
2017-04-11,10200.0,0.0,20.3,9000.0,0.0,434.0,0.0
2017-04-12,8270.0,2.3,20.5,7020.0,0.0,395.0,0.0
2017-04-13,6690.0,0.3,18.6,6120.0,0.0,359.0,0.0
2017-04-14,6070.0,0.5,16.1,5620.0,0.1,319.0,0.8
2017-04-15,5470.0,3.7,17.8,5070.0,1.6,293.0,0.7
2017-04-16,5110.0,0.0,23.6,4730.0,0.0,281.0,0.0
2017-04-17,4630.0,3.7,21.9,4170.0,1.4,270.0,5.6
2017-04-18,4220.0,0.5,17.9,3920.0,0.0,262.0,0.0
2017-04-19,4010.0,0.2,14.0,4000.0,1.1,253.0,0.0
2017-04-20,3960.0,2.6,19.6,3660.0,0.4,242.0,2.6
2017-04-21,3900.0,4.5,23.2,4000.0,2.9,329.0,1.7
2017-04-22,4290.0,9.0,17.9,4230.0,13.4,329.0,11.6
2017-04-23,4610.0,8.4,12.1,4350.0,2.9,373.0,1.2
2017-04-24,5160.0,22.1,11.3,5340.0,21.2,477.0,27.1
2017-04-25,7730.0,9.6,14.4,12700.0,11.4,1130.0,11.6
2017-04-26,24800.0,0.2,16.9,29700.0,0.2,1410.0,0.1
2017-04-27,26900.0,0.0,21.0,23000.0,0.0,1130.0,0.0
2017-04-28,19100.0,0.3,23.7,16200.0,0.0,851.0,0.0
2017-04-29,14200.0,0.0,25.8,12200.0,0.0,654.0,0.1
2017-04-30,11100.0,0.0,25.1,9720.0,0.0,515.0,0.1
2017-05-01,9200.0,1.0,23.9,8250.0,1.3,472.0,1.4
2017-05-02,8120.0,2.1,21.7,7910.0,1.9,525.0,1.8
2017-05-03,8090.0,0.0,18.5,7480.0,0.0,407.0,0.0
2017-05-04,7020.0,0.4,16.3,6140.0,1.3,312.0,1.2
2017-05-05,6900.0,24.7,18.8,15200.0,28.0,6340.0,42.7
2017-05-06,43000.0,0.7,16.1,56800.0,0.6,6800.0,1.1
2017-05-07,51100.0,1.3,13.1,41300.0,1.8,2590.0,0.7
2017-05-08,28000.0,0.0,13.0,22900.0,0.0,1620.0,0.0
2017-05-09,19000.0,0.0,13.5,17100.0,0.0,1180.0,0.0
2017-05-10,15900.0,0.0,16.6,14400.0,0.0,909.0,0.0
2017-05-11,13400.0,6.2,15.8,11900.0,4.3,796.0,5.3
2017-05-12,11300.0,13.2,11.5,9980.0,11.2,863.0,12.7
2017-05-13,11900.0,12.9,11.9,11600.0,10.2,2260.0,10.4
2017-05-14,15000.0,0.0,16.8,16400.0,0.0,1840.0,0.0
2017-05-15,19900.0,0.1,19.7,19700.0,0.0,1280.0,0.0
2017-05-16,17200.0,0.0,19.6,15000.0,0.0,962.0,0.0
2017-05-17,13900.0,0.0,24.9,12300.0,0.0,768.0,0.0
2017-05-18,11300.0,0.0,26.7,9880.0,0.0,629.0,0.0
2017-05-19,9180.0,0.1,27.2,7990.0,1.1,518.0,2.6
2017-05-20,7580.0,0.7,24.5,6670.0,1.2,437.0,0.7
2017-05-21,6440.0,0.0,18.4,5760.0,0.2,399.0,0.0
2017-05-22,5800.0,8.7,18.7,5760.0,7.2,428.0,7.8
2017-05-23,6140.0,7.3,17.7,6130.0,9.4,494.0,5.7
2017-05-24,6870.0,10.4,16.5,6720.0,6.8,907.0,9.3
2017-05-25,9530.0,17.0,17.8,19600.0,18.0,6150.0,18.3
2017-05-26,46700.0,0.0,20.0,60300.0,0.0,4530.0,0.0
2017-05-27,55300.0,3.0,20.9,44500.0,0.2,2130.0,1.1
2017-05-28,30100.0,19.2,19.9,24700.0,8.0,1660.0,2.1
2017-05-29,21800.0,2.7,22.6,19400.0,2.7,1530.0,2.5
2017-05-30,18200.0,1.9,22.4,16600.0,1.3,1220.0,0.2
2017-05-31,15500.0,0.3,23.2,13500.0,0.0,955.0,0.0
2017-06-01,12000.0,0.0,22.8,10300.0,0.0,819.0,0.0
2017-06-02,9640.0,0.0,22.8,8600.0,0.0,702.0,0.0
2017-06-03,8140.0,0.0,23.6,7200.0,0.0,569.0,0.0
2017-06-04,6880.0,0.0,24.0,6240.0,0.0,475.0,0.0
2017-06-05,6090.0,6.1,22.8,5700.0,8.4,539.0,7.8
2017-06-06,5840.0,0.3,22.1,5730.0,0.2,533.0,0.2
2017-06-07,5940.0,1.7,19.3,5890.0,0.4,421.0,0.1
2017-06-08,5860.0,0.3,17.9,5390.0,0.0,366.0,0.0
2017-06-09,5230.0,0.0,20.5,4840.0,0.0,345.0,0.0
2017-06-10,4650.0,0.0,24.0,4200.0,0.0,302.0,0.0
2017-06-11,4130.0,0.0,27.5,3830.0,0.0,271.0,0.0
2017-06-12,3730.0,0.0,28.2,3590.0,0.0,251.0,0.0
2017-06-13,3510.0,0.5,27.9,3370.0,0.1,227.0,0.1
2017-06-14,3340.0,2.1,26.8,3190.0,9.5,234.0,9.7
2017-06-15,3490.0,0.9,24.8,3130.0,3.3,251.0,1.2
2017-06-16,3500.0,12.7,23.1,3990.0,4.4,273.0,1.8
2017-06-17,5570.0,14.3,23.7,7030.0,10.7,955.0,13.2
2017-06-18,6790.0,10.1,26.0,6140.0,1.5,614.0,1.7
2017-06-19,6330.0,22.6,27.0,6300.0,10.2,448.0,12.9
2017-06-20,7130.0,15.2,24.9,7570.0,7.7,750.0,0.5
2017-06-21,8890.0,0.9,25.1,7960.0,0.0,683.0,0.0
2017-06-22,6760.0,0.0,26.8,5690.0,0.0,446.0,0.0
2017-06-23,5370.0,7.8,26.4,4690.0,5.2,346.0,6.6
2017-06-24,4480.0,0.1,28.4,4090.0,0.3,295.0,0.9
2017-06-25,4030.0,0.0,25.5,3730.0,0.0,255.0,0.0
2017-06-26,3610.0,0.0,23.6,3390.0,0.0,203.0,0.0
2017-06-27,3280.0,0.1,22.6,3040.0,0.8,170.0,0.7
2017-06-28,3130.0,0.0,22.4,2770.0,0.0,149.0,0.0
2017-06-29,2920.0,0.0,24.1,2560.0,0.0,134.0,0.0
2017-06-30,2740.0,0.3,26.4,2200.0,0.3,125.0,0.0
2017-07-01,2460.0,4.5,26.3,2390.0,7.5,172.0,4.0
2017-07-02,2550.0,0.2,28.5,2580.0,0.0,149.0,0.1
2017-07-03,2620.0,0.0,28.8,2210.0,0.0,125.0,0.0
2017-07-04,2330.0,0.2,28.1,2010.0,0.0,108.0,0.0
2017-07-05,2280.0,20.5,25.3,2060.0,13.3,98.7,27.5
2017-07-06,2910.0,3.6,25.7,2730.0,4.0,1100.0,12.1
2017-07-07,3000.0,2.1,27.6,3350.0,1.0,459.0,1.8
2017-07-08,3030.0,1.0,27.4,2730.0,0.0,221.0,0.0
2017-07-09,2520.0,0.0,25.9,2420.0,0.0,155.0,0.0
2017-07-10,2190.0,0.3,26.1,2160.0,0.0,128.0,0.0
2017-07-11,2030.0,0.0,28.6,2000.0,0.0,109.0,0.0
2017-07-12,1930.0,0.0,30.1,1790.0,0.0,91.3,0.0
2017-07-13,1810.0,0.1,30.7,1740.0,0.0,81.9,0.1
2017-07-14,1740.0,1.3,30.5,1580.0,1.0,78.2,4.0
2017-07-15,1630.0,0.4,30.2,1550.0,0.3,72.3,0.0
2017-07-16,1590.0,0.2,28.1,1490.0,0.0,106.0,0.0
2017-07-17,1550.0,8.8,26.3,1570.0,10.3,76.0,3.7
2017-07-18,1530.0,4.1,26.4,1570.0,2.4,63.0,3.9
2017-07-19,1530.0,0.7,28.6,1480.0,0.0,56.7,0.3
2017-07-20,1490.0,0.0,30.7,1460.0,0.0,47.6,0.0
2017-07-21,1440.0,0.0,31.0,1190.0,0.0,40.3,0.1
2017-07-22,1230.0,0.5,30.3,1330.0,4.3,36.7,2.5
2017-07-23,1220.0,4.2,29.5,1220.0,1.5,61.2,1.9
2017-07-24,1240.0,0.0,29.4,1390.0,0.0,68.4,0.3
2017-07-25,1270.0,0.0,28.1,1410.0,0.0,56.9,0.0
2017-07-26,1300.0,0.3,25.4,1470.0,0.0,48.7,0.0
2017-07-27,1320.0,0.7,26.8,1360.0,0.7,38.0,0.7
2017-07-28,1320.0,25.6,25.8,1280.0,7.7,39.2,12.9
2017-07-29,1320.0,23.5,21.8,1490.0,5.0,570.0,3.6
2017-07-30,1600.0,0.1,21.9,2690.0,0.0,249.0,0.0
2017-07-31,2110.0,0.0,22.5,1820.0,0.0,115.0,0.0
2017-08-01,1590.0,0.0,24.2,1660.0,0.0,80.2,0.0
2017-08-02,1450.0,3.0,25.0,1540.0,2.0,67.9,1.1
2017-08-03,1400.0,0.8,26.9,1440.0,0.5,51.8,0.0
2017-08-04,1320.0,0.0,26.5,1360.0,0.0,44.6,0.0
2017-08-05,1260.0,0.0,27.3,1260.0,0.0,66.0,0.0
2017-08-06,1180.0,0.0,23.9,1290.0,0.0,62.3,0.0
2017-08-07,1160.0,12.1,23.6,1240.0,19.3,104.0,23.5
2017-08-08,1230.0,26.1,22.0,1710.0,22.5,246.0,9.4
2017-08-09,1430.0,0.0,22.3,2430.0,0.0,148.0,0.0
2017-08-10,2030.0,0.0,22.8,2860.0,0.0,108.0,0.0
2017-08-11,2180.0,0.9,23.3,2460.0,3.0,92.5,18.3
2017-08-12,1900.0,16.5,23.9,2110.0,28.6,84.8,13.8
2017-08-13,1670.0,9.7,24.3,1930.0,1.4,89.0,3.3
2017-08-14,1530.0,0.9,23.1,1740.0,0.0,94.4,0.1
2017-08-15,1480.0,7.0,24.4,1680.0,10.9,84.1,7.0
2017-08-16,1650.0,2.4,25.1,1590.0,0.2,138.0,0.3
2017-08-17,1440.0,4.7,25.8,1600.0,2.1,146.0,5.4
2017-08-18,1350.0,9.4,27.2,1750.0,0.8,326.0,3.3
2017-08-19,1570.0,8.8,26.3,1870.0,5.9,318.0,4.2
2017-08-20,1550.0,0.0,25.9,2190.0,0.0,165.0,0.0
2017-08-21,1700.0,4.5,26.2,1640.0,1.8,115.0,0.2
2017-08-22,1440.0,0.0,27.4,1340.0,0.0,102.0,0.0
2017-08-23,1270.0,6.3,26.3,1320.0,0.9,94.2,1.6
2017-08-24,1170.0,0.0,22.7,1300.0,0.0,139.0,0.1
2017-08-25,1110.0,0.0,22.6,1260.0,0.0,110.0,0.2
2017-08-26,1060.0,0.4,21.8,1210.0,0.0,82.4,0.0
2017-08-27,1020.0,0.0,21.6,1110.0,0.0,76.2,0.0
2017-08-28,967.0,0.0,20.9,1070.0,0.0,73.9,0.1
2017-08-29,943.0,56.8,18.9,1110.0,40.4,78.3,33.6
2017-08-30,956.0,0.5,19.6,1050.0,0.0,108.0,0.0
2017-08-31,941.0,0.0,23.3,1170.0,0.3,106.0,0.1
2017-09-01,917.0,5.2,19.7,1260.0,3.4,103.0,6.5
2017-09-02,1420.0,9.5,16.2,1670.0,6.9,193.0,8.2
2017-09-03,1680.0,0.6,20.2,1960.0,0.0,161.0,0.0
2017-09-04,1690.0,0.0,21.2,1900.0,0.1,124.0,0.0
2017-09-05,1550.0,0.0,24.1,1700.0,0.3,109.0,0.3
2017-09-06,1410.0,18.1,21.0,1610.0,26.7,166.0,19.9
2017-09-07,1440.0,5.2,17.9,2060.0,3.2,434.0,3.3
2017-09-08,1830.0,0.0,17.6,2680.0,0.0,215.0,0.0
2017-09-09,2080.0,0.0,17.5,2110.0,0.0,153.0,0.0
2017-09-10,1690.0,0.0,16.2,2210.0,0.0,127.0,0.0
2017-09-11,1720.0,0.0,17.1,1510.0,0.0,118.0,0.0
2017-09-12,1340.0,5.9,18.9,1390.0,10.0,113.0,12.4
2017-09-13,1250.0,7.5,22.7,1400.0,0.8,113.0,3.4
2017-09-14,1190.0,0.2,22.2,1400.0,0.8,118.0,0.6
2017-09-15,1150.0,0.0,22.4,1420.0,0.0,110.0,0.0
2017-09-16,1120.0,0.1,23.1,1390.0,0.0,105.0,0.2
2017-09-17,1120.0,0.0,22.5,1280.0,0.3,102.0,1.2
2017-09-18,1080.0,0.1,22.4,1250.0,0.3,98.0,0.1
2017-09-19,1010.0,0.0,22.8,1200.0,0.0,96.7,0.0
2017-09-20,951.0,0.0,24.2,1120.0,0.0,94.3,0.0
2017-09-21,923.0,0.0,24.4,1180.0,0.0,90.7,0.0
2017-09-22,908.0,0.0,23.9,1190.0,0.0,83.8,0.0
2017-09-23,908.0,0.0,23.3,1120.0,0.0,78.0,0.0
2017-09-24,903.0,0.0,24.5,984.0,0.0,75.2,0.0
2017-09-25,829.0,0.0,24.5,1000.0,0.0,72.9,0.0
2017-09-26,780.0,0.0,23.3,988.0,0.6,70.7,0.0
2017-09-27,783.0,0.0,25.9,895.0,0.0,65.8,0.0
2017-09-28,734.0,0.0,26.4,902.0,0.0,62.5,0.0
2017-09-29,669.0,0.0,20.5,926.0,0.0,60.4,0.0
2017-09-30,683.0,0.0,18.7,893.0,0.0,59.0,0.0
2017-10-01,695.0,0.0,15.7,996.0,0.0,54.3,0.0
2017-10-02,732.0,0.0,16.8,1090.0,0.0,52.9,0.0
2017-10-03,868.0,0.0,17.5,867.0,0.0,52.7,0.0
2017-10-04,706.0,0.0,17.6,801.0,0.0,43.1,0.0
2017-10-05,625.0,0.0,20.0,799.0,0.0,44.6,0.0
2017-10-06,608.0,0.0,22.0,790.0,0.0,41.4,0.0
2017-10-07,609.0,1.0,22.5,770.0,0.0,37.6,0.0
2017-10-08,638.0,7.6,24.2,809.0,2.0,35.8,4.5
2017-10-09,647.0,7.3,25.0,798.0,14.7,46.8,19.5
2017-10-10,663.0,7.6,24.5,909.0,6.1,76.0,2.5
2017-10-11,1120.0,24.6,24.0,1550.0,8.5,71.2,11.1
2017-10-12,2180.0,1.3,21.3,2770.0,1.4,64.7,1.8
2017-10-13,2870.0,0.2,18.6,3130.0,0.3,52.9,0.3
2017-10-14,2570.0,0.0,20.5,2640.0,0.0,59.5,0.0
2017-10-15,2230.0,0.0,20.3,2160.0,0.0,57.8,0.0
2017-10-16,1800.0,6.8,18.7,1740.0,11.1,55.4,7.5
2017-10-17,1510.0,0.0,11.9,1530.0,0.0,54.1,0.0
2017-10-18,1340.0,0.0,11.6,1310.0,0.0,49.5,0.0
2017-10-19,1220.0,0.0,14.0,1250.0,0.0,46.4,0.0
2017-10-20,1140.0,0.0,16.6,1150.0,0.0,44.7,0.0
2017-10-21,1080.0,0.0,17.3,1140.0,0.0,46.9,0.0
2017-10-22,1040.0,0.0,17.1,1420.0,0.0,47.2,0.0
2017-10-23,1080.0,0.0,18.8,1300.0,0.0,45.8,1.9
2017-10-24,1480.0,32.7,19.0,1360.0,10.0,104.0,15.2
2017-10-25,1410.0,0.0,15.0,1620.0,0.0,111.0,0.0
2017-10-26,1730.0,0.2,11.9,5610.0,0.6,81.9,0.0
2017-10-27,6020.0,0.0,11.8,5060.0,0.0,62.0,0.0
2017-10-28,3820.0,0.0,14.8,3440.0,0.0,55.6,0.0
2017-10-29,3010.0,17.9,16.6,2820.0,30.3,190.0,43.9
2017-10-30,3380.0,13.4,9.3,4780.0,8.7,1530.0,7.1
2017-10-31,5200.0,0.0,11.7,5710.0,0.0,411.0,0.0
2017-11-01,7060.0,0.0,12.6,7820.0,0.0,205.0,0.0
2017-11-02,6070.0,0.1,17.0,5160.0,0.0,153.0,0.0
2017-11-03,4200.0,0.0,18.4,3860.0,0.2,158.0,0.0
2017-11-04,3280.0,2.8,14.7,3110.0,2.9,150.0,4.6
2017-11-05,2750.0,0.5,14.4,2980.0,2.9,305.0,6.1
2017-11-06,2810.0,0.0,17.5,3060.0,2.1,284.0,1.6
2017-11-07,2840.0,6.7,12.1,2660.0,2.1,208.0,2.3
2017-11-08,2520.0,3.7,6.5,2460.0,2.1,192.0,2.0
2017-11-09,2370.0,2.3,8.3,2400.0,4.6,216.0,6.1
2017-11-10,2330.0,0.4,7.6,2350.0,0.3,231.0,0.1
2017-11-11,2240.0,0.0,0.7,2490.0,0.0,201.0,0.0
2017-11-12,2410.0,0.0,3.1,2530.0,0.0,177.0,0.0
2017-11-13,2510.0,12.6,7.3,2430.0,7.7,176.0,5.8
2017-11-14,2440.0,0.0,6.9,2520.0,0.0,183.0,0.0
2017-11-15,2470.0,0.0,6.0,2470.0,0.0,165.0,0.0
2017-11-16,2390.0,0.1,10.2,2310.0,0.8,156.0,0.7
2017-11-17,2230.0,0.0,7.1,2210.0,0.0,148.0,0.0
2017-11-18,2140.0,0.4,8.0,2050.0,0.0,137.0,0.4
2017-11-19,2010.0,1.7,13.4,1980.0,4.1,131.0,4.3
2017-11-20,1920.0,0.0,6.0,1870.0,0.0,127.0,0.0
2017-11-21,1860.0,0.0,8.0,1800.0,0.0,116.0,0.0
2017-11-22,1810.0,5.0,11.8,1770.0,1.7,117.0,0.2
2017-11-23,1780.0,0.0,3.7,1790.0,0.0,114.0,0.0
2017-11-24,1780.0,0.0,3.6,1750.0,0.0,109.0,0.0
2017-11-25,1740.0,0.0,7.5,1690.0,0.0,109.0,0.0
2017-11-26,1700.0,0.0,9.5,1670.0,0.0,110.0,0.0
2017-11-27,1690.0,0.0,6.7,1660.0,0.0,106.0,0.0
2017-11-28,1670.0,0.0,8.1,1590.0,0.0,105.0,0.0
2017-11-29,1610.0,0.0,11.3,1560.0,0.0,102.0,0.0
2017-11-30,1570.0,0.0,9.9,1570.0,0.0,100.0,0.0
2017-12-01,1580.0,0.0,10.6,1520.0,0.0,99.3,0.0
2017-12-02,1550.0,0.0,6.5,1510.0,0.0,97.1,0.0
2017-12-03,1530.0,0.4,8.0,1470.0,0.7,99.5,0.6
2017-12-04,1490.0,0.0,6.4,1510.0,0.0,101.0,0.0
2017-12-05,1530.0,3.4,11.9,1480.0,0.5,96.5,1.5
2017-12-06,1530.0,2.1,11.4,1540.0,2.1,106.0,2.2
2017-12-07,1560.0,0.0,6.9,1550.0,0.0,106.0,0.0
2017-12-08,1580.0,6.0,3.8,1550.0,5.5,105.0,3.3
2017-12-09,1630.0,14.5,0.9,1580.0,11.0,104.0,10.3
2017-12-10,1660.0,0.6,0.5,1600.0,0.1,107.0,0.0
2017-12-11,1660.0,0.0,3.2,1530.0,0.0,107.0,0.0
2017-12-12,1590.0,0.3,5.8,1450.0,0.7,106.0,0.3
2017-12-13,1520.0,0.0,-1.2,1590.0,0.0,99.3,0.0
2017-12-14,1650.0,1.2,4.3,1530.0,0.1,95.6,0.2
2017-12-15,1560.0,0.0,0.8,1570.0,0.0,92.4,0.0
2017-12-16,1620.0,0.0,1.2,1610.0,0.0,90.4,0.0
2017-12-17,1590.0,0.0,3.9,1300.0,0.0,87.1,0.0
2017-12-18,1380.0,0.1,8.5,1360.0,0.0,91.4,0.0
2017-12-19,1410.0,0.0,9.8,1360.0,0.0,93.2,0.0
2017-12-20,1410.0,0.0,11.8,1240.0,0.0,92.8,0.0
2017-12-21,1320.0,0.0,4.4,1310.0,0.0,90.9,0.0
2017-12-22,1360.0,0.0,6.1,1370.0,0.0,88.7,0.0
2017-12-23,1430.0,2.5,13.5,1420.0,4.5,89.7,6.1
2017-12-24,1500.0,2.4,7.6,1420.0,0.8,97.2,0.9
2017-12-25,1460.0,0.3,3.2,1310.0,0.1,98.8,0.0
2017-12-26,1390.0,0.0,1.0,1520.0,0.0,99.5,0.0
2017-12-27,1530.0,0.0,0.3,1490.0,0.0,89.9,0.0
2017-12-28,1500.0,0.0,-5.9,1460.0,0.0,87.1,0.0
2017-12-29,1460.0,0.0,-3.7,1370.0,0.0,78.5,0.0
2017-12-30,1410.0,0.0,-1.9,1370.0,0.0,80.4,0.0
2017-12-31,1370.0,0.0,-4.4,1250.0,0.0,101.0,0.0
2018-01-01,1140.0,0.0,-7.0,876.0,0.0,112.0,0.0
2018-01-02,886.0,0.0,-7.6,794.0,0.0,105.0,0.0
2018-01-03,1160.0,0.0,-5.0,1130.0,0.0,90.0,0.0
2018-01-04,1140.0,8.0,-3.2,1130.0,3.1,73.4,1.3
2018-01-05,1270.0,0.0,-7.1,1340.0,0.0,70.3,0.0
2018-01-06,1190.0,0.0,-7.8,876.0,0.0,74.0,0.0
2018-01-07,1110.0,0.0,-8.6,1140.0,0.0,66.3,0.0
2018-01-08,1040.0,0.9,-2.3,1260.0,0.9,55.5,0.6
2018-01-09,1360.0,3.0,4.0,1340.0,1.7,55.7,1.1
2018-01-10,1330.0,0.0,2.2,1440.0,0.0,63.4,0.0
2018-01-11,1340.0,0.6,6.8,1600.0,0.0,82.5,0.0
2018-01-12,1760.0,17.6,16.1,1460.0,6.9,159.0,7.7
2018-01-13,1960.0,7.2,8.4,2670.0,5.5,1020.0,9.7
2018-01-14,3680.0,0.0,-5.0,4460.0,0.0,743.0,0.0
2018-01-15,4340.0,0.0,-4.5,4520.0,0.0,399.0,0.0
2018-01-16,5340.0,0.0,-1.0,5660.0,0.0,284.0,0.0
2018-01-17,5260.0,6.3,-2.1,4580.0,6.0,241.0,4.3
2018-01-18,4290.0,0.2,-2.9,3810.0,0.0,208.0,0.0
2018-01-19,3620.0,0.0,2.1,3450.0,0.0,187.0,0.0
2018-01-20,3300.0,0.0,5.7,2790.0,0.0,188.0,0.0
2018-01-21,2760.0,0.0,8.5,2440.0,0.0,179.0,0.0
2018-01-22,2490.0,0.0,12.1,2260.0,0.0,165.0,0.0
2018-01-23,2590.0,6.7,14.6,2280.0,8.5,177.0,7.0
2018-01-24,2610.0,0.0,7.6,2430.0,0.0,248.0,0.0
2018-01-25,2680.0,0.2,3.4,2520.0,0.0,230.0,0.0
2018-01-26,2690.0,0.0,2.5,2630.0,0.0,190.0,0.0
2018-01-27,2760.0,0.0,8.0,2090.0,0.0,170.0,0.0
2018-01-28,2420.0,9.8,12.3,2280.0,11.8,169.0,9.9
2018-01-29,3080.0,21.2,7.1,2560.0,16.1,201.0,10.1
2018-01-30,3880.0,2.6,1.6,3440.0,0.7,221.0,0.3
2018-01-31,4130.0,0.0,-2.0,3290.0,0.0,196.0,0.0
2018-02-01,3480.0,0.0,6.0,2830.0,0.0,173.0,0.0
2018-02-02,3230.0,5.5,4.4,3340.0,4.0,169.0,3.2
2018-02-03,3570.0,0.0,-3.7,2730.0,0.0,159.0,0.0
2018-02-04,3080.0,19.6,1.1,2880.0,19.6,181.0,20.4
2018-02-05,4100.0,0.0,2.3,4770.0,0.0,1160.0,0.0
2018-02-06,6580.0,0.0,2.0,6140.0,0.0,748.0,0.0
2018-02-07,6260.0,9.2,4.7,5590.0,10.9,634.0,11.3
2018-02-08,6820.0,0.5,2.3,8420.0,0.0,1430.0,0.0
2018-02-09,11400.0,0.0,2.2,14600.0,0.0,935.0,0.0
2018-02-10,17300.0,7.2,6.9,15000.0,8.0,783.0,11.1
2018-02-11,24700.0,14.4,16.4,39900.0,33.1,8430.0,35.7
2018-02-12,64600.0,7.5,12.7,67200.0,3.3,4210.0,2.7
2018-02-13,57300.0,0.6,3.0,42900.0,0.3,1770.0,0.0
2018-02-14,30800.0,0.0,5.4,23900.0,0.0,1200.0,0.0
2018-02-15,19300.0,0.2,14.0,15800.0,0.0,942.0,1.7
2018-02-16,14100.0,4.8,17.4,12000.0,3.9,785.0,2.0
2018-02-17,11800.0,2.5,5.6,10500.0,5.2,673.0,6.6
2018-02-18,10600.0,3.0,6.0,9320.0,2.4,714.0,2.4
2018-02-19,9570.0,3.5,5.8,8380.0,3.4,624.0,3.0
2018-02-20,8880.0,0.0,14.7,8150.0,0.0,564.0,0.0
2018-02-21,8650.0,0.0,18.7,7780.0,0.0,500.0,0.0
2018-02-22,8280.0,1.6,19.2,7600.0,1.9,456.0,0.3
2018-02-23,7900.0,1.3,8.6,7160.0,1.5,424.0,2.0
2018-02-24,7500.0,1.3,14.1,6980.0,2.2,407.0,1.4
2018-02-25,7280.0,2.4,15.9,6650.0,2.0,527.0,5.4
2018-02-26,6910.0,3.3,12.4,6170.0,4.4,601.0,2.8
2018-02-27,6430.0,0.0,7.9,6330.0,0.2,537.0,0.0
2018-02-28,7500.0,0.0,8.8,7660.0,0.0,486.0,0.0
2018-03-01,7930.0,6.3,10.5,7120.0,5.8,460.0,5.5
2018-03-02,7170.0,0.2,8.5,6390.0,0.1,440.0,0.4
2018-03-03,6640.0,0.0,5.8,6060.0,0.0,366.0,0.0
2018-03-04,6250.0,0.0,5.2,5880.0,0.0,315.0,0.0
2018-03-05,6140.0,0.0,3.8,5520.0,0.0,306.0,0.0
2018-03-06,5660.0,1.5,2.8,5090.0,2.8,291.0,1.2
2018-03-07,5490.0,11.6,5.5,4740.0,7.3,293.0,5.0
2018-03-08,5170.0,0.1,3.4,4520.0,0.0,288.0,0.0
2018-03-09,4880.0,0.0,2.6,4210.0,0.2,268.0,0.0
2018-03-10,4560.0,0.4,3.7,3950.0,0.2,250.0,0.0
2018-03-11,4260.0,0.0,5.2,3730.0,0.0,236.0,0.0
2018-03-12,4060.0,8.9,3.5,3520.0,7.9,233.0,6.6
2018-03-13,4010.0,0.3,3.6,3480.0,0.1,234.0,0.1
2018-03-14,3940.0,0.1,1.9,3420.0,0.2,229.0,0.1
2018-03-15,3880.0,0.0,4.1,3270.0,0.0,217.0,0.0
2018-03-16,3670.0,0.0,5.2,3150.0,0.0,210.0,0.0
2018-03-17,3480.0,0.2,4.3,2990.0,0.6,202.0,0.5
2018-03-18,3350.0,5.0,6.8,2850.0,5.4,202.0,5.3
2018-03-19,3200.0,0.0,7.0,2810.0,0.0,204.0,0.0
2018-03-20,3850.0,25.5,5.3,3730.0,26.7,551.0,30.7
2018-03-21,7350.0,15.3,0.5,8740.0,11.6,834.0,11.2
2018-03-22,10800.0,0.3,4.1,9250.0,0.2,740.0,0.4
2018-03-23,11500.0,0.0,4.5,11400.0,0.0,772.0,0.1
2018-03-24,11600.0,0.0,4.3,10100.0,0.0,679.0,0.0
2018-03-25,10400.0,0.0,4.5,9500.0,0.0,574.0,0.0
2018-03-26,10400.0,0.0,3.8,9960.0,0.0,492.0,0.0
2018-03-27,10100.0,0.9,3.1,8940.0,1.5,444.0,2.2
2018-03-28,9240.0,0.2,10.5,8630.0,0.0,488.0,0.1
2018-03-29,9210.0,0.0,17.9,8530.0,0.0,470.0,0.0
2018-03-30,9190.0,0.2,19.6,8660.0,0.0,450.0,0.5
2018-03-31,9590.0,0.0,10.1,9500.0,0.0,417.0,0.0
2018-04-01,9870.0,0.7,13.8,8780.0,0.5,375.0,0.0
2018-04-02,8760.0,0.0,12.3,7680.0,0.1,365.0,1.3
2018-04-03,7730.0,0.0,11.2,6890.0,0.0,359.0,0.0
2018-04-04,7140.0,0.1,17.4,6380.0,0.4,342.0,0.7
2018-04-05,6580.0,0.0,7.9,5850.0,0.0,318.0,0.0
2018-04-06,6000.0,0.0,11.8,5230.0,0.0,284.0,0.0
2018-04-07,5560.0,11.3,9.5,5000.0,8.9,278.0,7.7
2018-04-08,5340.0,1.4,5.0,4820.0,1.5,283.0,1.3
2018-04-09,5220.0,2.1,6.1,4960.0,1.8,270.0,1.6
2018-04-10,5390.0,0.0,8.2,4710.0,0.2,259.0,0.0
2018-04-11,4910.0,0.0,7.3,4410.0,0.0,251.0,0.0
2018-04-12,4620.0,0.0,13.6,4090.0,0.0,240.0,0.0
2018-04-13,4290.0,0.0,19.8,3640.0,0.0,229.0,0.0
2018-04-14,3930.0,0.0,21.4,3520.0,0.0,220.0,0.0
2018-04-15,3870.0,3.3,21.1,3510.0,2.2,321.0,1.9
2018-04-16,14300.0,39.0,15.8,18400.0,59.2,4830.0,48.5
2018-04-17,30500.0,0.0,8.0,38400.0,0.0,2630.0,0.0
2018-04-18,51200.0,0.0,10.1,45100.0,0.0,1480.0,0.0
2018-04-19,29700.0,0.7,14.1,23400.0,0.3,1070.0,0.5
2018-04-20,20900.0,0.0,9.2,17800.0,0.0,807.0,0.0
2018-04-21,16400.0,0.0,10.7,14100.0,0.0,657.0,0.0
2018-04-22,13400.0,0.0,13.0,11500.0,0.0,567.0,0.0
2018-04-23,11300.0,0.0,13.8,9600.0,0.0,504.0,0.0
2018-04-24,9630.0,16.9,12.3,8200.0,19.8,623.0,25.1
2018-04-25,12500.0,6.8,14.7,17400.0,13.5,2680.0,12.8
2018-04-26,30400.0,0.2,15.5,32900.0,0.0,2050.0,0.0
2018-04-27,35300.0,11.0,16.5,31100.0,28.3,2150.0,10.6
2018-04-28,29000.0,0.0,16.4,23300.0,0.0,1620.0,0.1
2018-04-29,20600.0,1.1,12.9,17400.0,0.0,1170.0,0.2
2018-04-30,16400.0,0.0,12.0,13900.0,0.0,909.0,0.0
2018-05-01,13400.0,0.0,16.6,11400.0,0.0,770.0,0.0
2018-05-02,11300.0,0.0,21.3,9770.0,0.0,669.0,0.0
2018-05-03,9910.0,0.0,24.2,8610.0,0.0,577.0,0.0
2018-05-04,8600.0,0.0,25.2,7300.0,0.0,503.0,0.0
2018-05-05,7380.0,0.2,23.1,6500.0,0.6,442.0,0.2
2018-05-06,6600.0,0.8,19.6,5900.0,0.5,410.0,3.5
2018-05-07,6040.0,0.5,18.0,5540.0,0.5,403.0,0.2
2018-05-08,7480.0,0.0,18.3,11500.0,0.0,362.0,0.0
2018-05-09,13600.0,0.0,18.8,11900.0,0.0,324.0,0.0
2018-05-10,11600.0,1.3,21.5,10500.0,1.4,301.0,1.1
2018-05-11,10800.0,0.0,23.8,9840.0,0.1,367.0,0.0
2018-05-12,9770.0,0.2,26.7,8450.0,0.1,292.0,0.7
2018-05-13,8180.0,0.6,26.6,6850.0,0.5,257.0,1.0
2018-05-14,6790.0,0.7,25.2,5990.0,1.3,246.0,3.7
2018-05-15,6380.0,5.1,23.9,5530.0,2.1,742.0,0.5
2018-05-16,6220.0,12.0,22.9,5400.0,1.9,490.0,2.2
2018-05-17,7030.0,24.8,21.0,7200.0,22.3,665.0,17.7
2018-05-18,26600.0,37.8,21.0,16700.0,77.7,1430.0,48.5
2018-05-19,39900.0,23.6,20.5,47200.0,21.4,10600.0,27.5
2018-05-20,60400.0,0.8,23.7,52600.0,0.1,4730.0,1.3
2018-05-21,46000.0,0.8,23.3,38500.0,2.8,2520.0,1.1
2018-05-22,32100.0,1.6,21.5,27800.0,2.3,1680.0,11.0
2018-05-23,29600.0,9.6,23.0,32700.0,12.5,1700.0,2.9
2018-05-24,34300.0,0.0,22.4,30300.0,0.0,1230.0,0.0
2018-05-25,24300.0,0.4,22.7,20200.0,0.1,943.0,0.2
2018-05-26,17700.0,3.4,23.8,14600.0,0.7,772.0,5.0
2018-05-27,12900.0,10.3,24.0,11000.0,10.4,807.0,12.5
2018-05-28,11800.0,2.4,23.7,13200.0,10.9,921.0,13.1
2018-05-29,16200.0,7.8,22.1,13700.0,6.0,842.0,1.4
2018-05-30,13200.0,6.4,23.0,12000.0,4.0,791.0,4.5
2018-05-31,13500.0,6.9,23.8,18800.0,5.3,14700.0,10.0
2018-06-01,31800.0,15.4,25.1,35600.0,6.5,16200.0,3.4
2018-06-02,27900.0,17.0,23.5,19200.0,15.1,4650.0,14.6
2018-06-03,21000.0,52.2,20.6,19100.0,35.8,4010.0,41.4
2018-06-04,23100.0,0.3,19.4,21500.0,0.0,4200.0,0.0
2018-06-05,18200.0,0.0,21.2,15200.0,0.0,2260.0,0.0
2018-06-06,13900.0,0.0,20.5,11600.0,0.3,1540.0,0.2
2018-06-07,10900.0,0.0,20.3,9110.0,0.0,1190.0,0.0
2018-06-08,8830.0,0.1,22.8,7610.0,0.1,939.0,0.3
2018-06-09,7710.0,2.0,25.1,6820.0,4.3,855.0,2.1
2018-06-10,8220.0,8.0,23.9,6290.0,5.6,890.0,12.0
2018-06-11,10900.0,16.8,20.9,9630.0,7.1,1610.0,4.0
2018-06-12,10200.0,0.0,18.9,7800.0,0.0,1590.0,0.1
2018-06-13,8640.0,0.1,23.0,7280.0,2.5,1080.0,0.0
2018-06-14,7690.0,0.0,25.5,6900.0,0.0,866.0,0.0
2018-06-15,7110.0,0.0,23.7,6300.0,0.0,716.0,0.0
2018-06-16,6320.0,0.0,24.4,5410.0,0.0,604.0,0.0
2018-06-17,5520.0,0.2,26.2,4710.0,0.8,531.0,1.5
2018-06-18,4890.0,0.0,28.4,4300.0,0.0,495.0,0.5
2018-06-19,4510.0,0.5,30.3,3970.0,0.8,574.0,0.4
2018-06-20,4700.0,6.4,26.3,3860.0,5.0,621.0,16.4
2018-06-21,4320.0,12.7,26.8,4500.0,4.8,1330.0,4.9
2018-06-22,8760.0,38.6,24.8,17400.0,36.9,6520.0,31.9
2018-06-23,28900.0,4.7,24.2,24600.0,14.2,8030.0,8.6
2018-06-24,16800.0,0.4,26.7,12200.0,1.1,2940.0,0.3
2018-06-25,12200.0,0.0,25.5,11300.0,0.0,2470.0,0.0
2018-06-26,11300.0,0.7,23.0,9560.0,3.3,1580.0,0.3
2018-06-27,8960.0,0.8,23.4,7620.0,0.5,1230.0,0.1
2018-06-28,7630.0,0.0,27.1,6680.0,0.8,1050.0,0.0
2018-06-29,6660.0,0.0,27.5,5970.0,0.0,879.0,0.0
2018-06-30,6070.0,0.0,28.4,5430.0,0.0,734.0,0.0
2018-07-01,5310.0,0.0,29.6,4670.0,0.0,635.0,0.0
2018-07-02,4760.0,0.1,31.3,4190.0,0.0,559.0,0.0
2018-07-03,4230.0,0.0,31.0,3800.0,0.4,497.0,0.0
2018-07-04,3800.0,0.2,29.0,3020.0,0.0,442.0,0.0
2018-07-05,3130.0,2.8,28.2,2980.0,0.6,407.0,0.6
2018-07-06,3140.0,11.9,26.7,2780.0,4.0,393.0,3.5
2018-07-07,3030.0,1.7,23.8,2620.0,1.2,383.0,0.1
2018-07-08,2870.0,0.0,21.9,2590.0,0.0,341.0,0.0
2018-07-09,2860.0,0.0,23.1,2720.0,0.0,307.0,0.0
2018-07-10,2840.0,0.0,26.3,2460.0,0.0,288.0,0.0
2018-07-11,2600.0,4.4,27.4,2240.0,1.1,284.0,2.4
2018-07-12,2530.0,7.9,26.1,2150.0,0.8,290.0,0.1
2018-07-13,2390.0,0.0,25.2,2130.0,0.0,277.0,0.0
2018-07-14,2320.0,0.0,25.9,1980.0,0.0,241.0,0.0
2018-07-15,2180.0,0.0,27.7,1790.0,0.0,221.0,0.0
2018-07-16,2030.0,0.4,28.6,1640.0,0.0,233.0,1.3
2018-07-17,2030.0,2.5,28.7,1680.0,8.5,306.0,4.3
2018-07-18,2400.0,5.0,26.1,2110.0,7.6,456.0,6.6
2018-07-19,2420.0,0.0,25.4,2030.0,0.0,304.0,0.0
2018-07-20,2230.0,0.0,25.6,1850.0,0.0,224.0,0.0
2018-07-21,2170.0,48.9,22.1,1640.0,3.6,200.0,0.8
2018-07-22,2130.0,10.5,21.4,1500.0,8.6,194.0,5.0
2018-07-23,1910.0,9.3,23.8,1860.0,7.5,409.0,10.8
2018-07-24,2300.0,15.8,23.7,2380.0,9.3,457.0,11.0
2018-07-25,2910.0,7.7,23.6,3600.0,3.6,1510.0,3.1
2018-07-26,5270.0,0.5,24.7,6560.0,1.2,1460.0,1.3
2018-07-27,6560.0,6.9,25.1,5320.0,4.3,780.0,0.5
2018-07-28,5270.0,0.4,24.9,4130.0,1.1,779.0,1.8
2018-07-29,4450.0,1.3,24.0,3950.0,1.0,596.0,0.4
2018-07-30,3720.0,18.6,23.2,2830.0,12.6,384.0,11.2
2018-07-31,3070.0,7.5,22.7,2360.0,3.4,416.0,3.0
2018-08-01,3530.0,4.7,25.1,10300.0,4.6,8280.0,3.9
2018-08-02,15200.0,4.3,25.4,11700.0,6.9,2900.0,16.5
2018-08-03,8830.0,8.3,23.4,8550.0,9.3,3780.0,11.6
2018-08-04,13700.0,2.3,25.3,18400.0,0.4,7280.0,1.0
2018-08-05,17300.0,5.5,25.7,14800.0,1.5,3070.0,0.0
2018-08-06,13800.0,2.7,26.1,12600.0,0.0,1750.0,0.0
2018-08-07,10500.0,3.6,26.4,8370.0,4.2,1230.0,1.0
2018-08-08,7470.0,0.1,27.3,6580.0,0.3,1400.0,0.1
2018-08-09,6800.0,10.7,26.6,6680.0,0.4,1310.0,0.0
2018-08-10,6330.0,0.1,26.6,5230.0,0.0,1020.0,0.0
2018-08-11,4750.0,0.0,26.3,3850.0,0.7,782.0,3.2
2018-08-12,4050.0,10.7,25.1,3510.0,11.7,684.0,16.2
2018-08-13,4160.0,9.3,23.7,3850.0,3.1,1120.0,2.6
2018-08-14,4760.0,1.9,24.3,4740.0,0.2,1290.0,0.0
2018-08-15,4760.0,0.0,26.2,4170.0,0.0,830.0,0.0
2018-08-16,4090.0,0.1,27.5,3620.0,0.1,649.0,0.0
2018-08-17,3750.0,0.3,28.3,3620.0,0.1,543.0,0.0
2018-08-18,3620.0,0.7,28.3,3360.0,5.7,472.0,2.3
2018-08-19,3480.0,2.2,25.7,3020.0,3.9,442.0,3.3
2018-08-20,3110.0,16.8,23.7,3380.0,14.9,1140.0,5.9
2018-08-21,3970.0,4.2,24.5,3900.0,8.7,825.0,2.7
2018-08-22,3940.0,4.4,25.3,4330.0,0.6,1280.0,1.3
2018-08-23,5370.0,0.2,22.3,5730.0,0.0,919.0,0.0
2018-08-24,5340.0,0.0,21.3,5070.0,0.0,679.0,0.0
2018-08-25,5050.0,0.0,22.3,4640.0,0.0,542.0,0.0
2018-08-26,4400.0,0.0,24.3,3730.0,0.0,466.0,0.0
2018-08-27,3600.0,0.8,27.1,3100.0,0.2,429.0,0.5
2018-08-28,3070.0,0.1,28.9,2610.0,0.2,393.0,0.0
2018-08-29,2710.0,0.4,29.8,2510.0,0.5,361.0,0.3
2018-08-30,2710.0,4.7,29.1,2340.0,3.4,349.0,9.6
2018-08-31,3630.0,23.5,26.0,4440.0,13.4,701.0,8.0
2018-09-01,5130.0,5.7,26.0,4430.0,7.9,564.0,6.9
2018-09-02,6140.0,0.2,26.0,5320.0,0.7,585.0,0.7
2018-09-03,5740.0,1.3,27.5,4530.0,2.5,387.0,1.4
2018-09-04,4200.0,1.3,27.8,3460.0,1.5,332.0,0.5
2018-09-05,3600.0,0.2,28.5,3230.0,0.1,304.0,0.1
2018-09-06,3250.0,0.0,28.7,2870.0,0.0,278.0,0.0
2018-09-07,2910.0,0.0,28.9,2430.0,0.2,269.0,0.2
2018-09-08,2600.0,8.3,25.1,2250.0,1.6,256.0,7.2
2018-09-09,2560.0,11.4,21.8,2580.0,10.6,941.0,15.5
2018-09-10,3050.0,0.9,23.5,5920.0,2.3,1930.0,4.5
2018-09-11,8440.0,2.0,25.4,8680.0,1.5,1780.0,3.1
2018-09-12,8820.0,16.6,24.4,7610.0,6.2,1160.0,6.3
2018-09-13,7030.0,2.5,25.1,6310.0,1.5,873.0,2.0
2018-09-14,6540.0,15.8,23.9,6100.0,7.3,695.0,5.7
2018-09-15,6110.0,8.3,23.3,5320.0,11.1,673.0,9.2
2018-09-16,5470.0,5.5,22.7,5390.0,6.4,1020.0,9.5
2018-09-17,8950.0,12.6,24.2,11100.0,63.2,3680.0,108.0
2018-09-18,46200.0,9.5,24.8,63700.0,11.1,13900.0,9.0
2018-09-19,58000.0,0.1,24.8,40200.0,0.8,3170.0,0.3
2018-09-20,28700.0,0.4,24.1,22500.0,0.3,2030.0,1.1
2018-09-21,18400.0,4.3,22.7,14800.0,2.8,1450.0,2.4
2018-09-22,13600.0,1.6,24.2,11800.0,0.1,1160.0,0.0
2018-09-23,11400.0,6.9,19.3,13200.0,13.7,1930.0,11.9
2018-09-24,20700.0,0.3,19.1,25000.0,0.6,2300.0,1.2
2018-09-25,26000.0,2.9,23.1,23500.0,4.3,2150.0,5.6
2018-09-26,20100.0,0.2,24.9,17200.0,3.5,1890.0,2.2
2018-09-27,16000.0,6.3,21.2,15400.0,1.6,1920.0,1.9
2018-09-28,18000.0,9.6,20.0,23300.0,11.5,5750.0,15.9
2018-09-29,40000.0,0.0,19.8,51200.0,0.0,3700.0,0.0
2018-09-30,48700.0,0.0,19.7,38400.0,0.1,2160.0,0.3
2018-10-01,26500.0,0.0,21.5,22600.0,0.0,1580.0,0.0
2018-10-02,19300.0,0.0,22.9,17600.0,0.0,1220.0,0.2
2018-10-03,15300.0,0.5,24.5,13700.0,0.5,1020.0,0.0
2018-10-04,12300.0,0.0,25.5,11100.0,0.0,872.0,0.0
2018-10-05,9850.0,0.2,24.4,8790.0,0.3,750.0,0.2
2018-10-06,8100.0,0.1,21.5,7380.0,0.0,676.0,0.0
2018-10-07,7070.0,0.1,24.3,6620.0,0.0,624.0,0.0
2018-10-08,6340.0,0.0,24.3,6000.0,0.1,575.0,0.1
2018-10-09,5760.0,1.6,23.8,5440.0,1.1,526.0,1.2
2018-10-10,5350.0,1.3,23.3,5060.0,2.4,536.0,4.6
2018-10-11,6120.0,25.4,24.3,8630.0,76.6,3060.0,44.2
2018-10-12,46800.0,42.5,17.6,58000.0,46.5,8710.0,18.7
2018-10-13,62000.0,0.1,13.7,50700.0,0.8,2410.0,1.6
2018-10-14,38100.0,0.1,12.1,28000.0,1.9,1540.0,1.5
2018-10-15,22100.0,0.0,18.7,18400.0,0.7,1250.0,0.8
2018-10-16,16800.0,0.6,18.2,14500.0,0.5,1080.0,0.0
2018-10-17,13900.0,3.2,16.0,12200.0,2.4,928.0,2.2
2018-10-18,11700.0,0.0,11.9,10000.0,0.0,795.0,0.0
2018-10-19,9770.0,0.0,11.0,8480.0,0.0,680.0,0.0
2018-10-20,8540.0,4.9,15.4,7370.0,2.4,620.0,2.0
2018-10-21,7530.0,0.3,11.3,6730.0,0.0,584.0,0.0
2018-10-22,6860.0,0.0,7.8,6040.0,0.0,517.0,0.0
2018-10-23,6240.0,0.0,12.7,5590.0,0.0,489.0,0.0
2018-10-24,5870.0,0.0,11.3,5300.0,0.0,472.0,0.0
2018-10-25,5640.0,0.0,8.0,5050.0,0.0,445.0,0.0
2018-10-26,5430.0,12.8,7.6,4770.0,11.4,488.0,10.3
2018-10-27,9100.0,33.2,12.2,9060.0,22.8,1680.0,28.3
2018-10-28,13100.0,0.1,12.2,10500.0,0.3,1390.0,0.5
2018-10-29,10000.0,0.0,13.0,7600.0,0.0,941.0,0.0
2018-10-30,7710.0,0.0,10.6,6370.0,0.0,789.0,0.0
2018-10-31,6640.0,0.0,13.1,5710.0,0.0,711.0,0.0
2018-11-01,6040.0,0.3,17.8,5210.0,0.2,660.0,0.4
2018-11-02,5690.0,3.3,20.3,5200.0,6.7,641.0,10.6
2018-11-03,5820.0,6.3,13.9,7920.0,44.0,2880.0,11.4
2018-11-04,11000.0,0.0,9.6,10000.0,0.0,1660.0,0.0
2018-11-05,12600.0,26.0,13.7,13700.0,42.2,3480.0,25.7
2018-11-06,23800.0,9.1,15.4,21900.0,8.8,4730.0,15.3
2018-11-07,24900.0,0.0,14.5,21700.0,0.0,3450.0,0.0
2018-11-08,19100.0,0.0,12.5,15300.0,0.0,2080.0,0.0
2018-11-09,15000.0,7.9,10.8,13300.0,7.5,1730.0,11.5
2018-11-10,14100.0,0.6,8.1,12600.0,0.0,1870.0,0.0
2018-11-11,13100.0,0.0,2.6,11400.0,0.0,1470.0,0.0
2018-11-12,11600.0,7.8,5.1,10300.0,11.5,1300.0,11.8
2018-11-13,18500.0,27.8,8.7,25400.0,28.8,4010.0,24.2
2018-11-14,35500.0,0.8,5.8,30000.0,0.3,3100.0,0.0
2018-11-15,29300.0,23.1,4.4,29000.0,24.0,3960.0,24.0
2018-11-16,49300.0,1.1,5.6,54600.0,1.6,9680.0,1.8
2018-11-17,50700.0,0.0,5.8,39900.0,0.0,3880.0,0.0
2018-11-18,33900.0,0.0,5.5,27900.0,0.0,2600.0,0.0
2018-11-19,24900.0,0.0,8.5,21400.0,0.0,2060.0,0.0
2018-11-20,20300.0,0.0,10.9,17800.0,0.1,1740.0,0.0
2018-11-21,17500.0,0.0,5.3,15700.0,0.0,1510.0,0.0
2018-11-22,16000.0,0.0,3.4,14200.0,0.0,1360.0,0.0
2018-11-23,14000.0,0.0,-0.7,12200.0,0.0,1220.0,0.0
2018-11-24,12900.0,24.7,4.2,12100.0,21.2,1860.0,19.5
2018-11-25,21200.0,0.0,8.0,23900.0,0.0,4020.0,0.0
2018-11-26,25300.0,4.2,9.3,22300.0,4.8,2400.0,3.1
2018-11-27,22600.0,0.0,5.1,20100.0,0.0,1920.0,0.0
2018-11-28,18700.0,0.0,1.5,16000.0,0.0,1600.0,0.0
2018-11-29,15500.0,0.0,0.6,13500.0,0.0,1390.0,0.0
2018-11-30,13700.0,2.1,6.4,12000.0,0.7,1260.0,1.5
2018-12-01,12400.0,0.5,5.6,11000.0,0.6,1170.0,1.1
2018-12-02,11500.0,2.3,12.6,10100.0,5.8,1200.0,5.1
2018-12-03,11000.0,0.2,15.1,9860.0,0.1,1140.0,0.0
2018-12-04,10600.0,0.0,6.5,9280.0,0.0,1010.0,0.0
2018-12-05,9840.0,2.1,2.3,8600.0,4.5,938.0,1.4
2018-12-06,9120.0,0.0,0.9,8080.0,0.0,906.0,0.0
2018-12-07,8630.0,0.0,3.6,7550.0,0.0,859.0,0.0
2018-12-08,8080.0,0.0,0.4,7150.0,0.0,812.0,0.0
2018-12-09,7810.0,20.0,-0.1,6840.0,19.6,803.0,15.3
2018-12-10,7750.0,5.0,-0.5,7110.0,5.8,931.0,4.7
2018-12-11,8040.0,0.0,-2.8,7130.0,0.0,849.0,0.0
2018-12-12,7810.0,0.0,-0.9,6820.0,0.0,808.0,0.0
2018-12-13,7590.0,0.0,1.7,6670.0,0.0,799.0,0.0
2018-12-14,7550.0,6.7,2.9,6700.0,5.3,869.0,3.4
2018-12-15,12700.0,9.7,10.5,24800.0,15.1,7030.0,23.3
2018-12-16,50300.0,2.3,9.3,52900.0,3.0,8510.0,8.2
2018-12-17,54800.0,0.0,7.1,49900.0,0.0,4130.0,0.0
2018-12-18,43600.0,0.0,4.8,36200.0,0.0,2610.0,0.0
2018-12-19,31100.0,0.0,2.2,26500.0,0.0,1960.0,0.0
2018-12-20,24000.0,5.9,5.5,20600.0,5.7,1750.0,6.1
2018-12-21,27300.0,12.3,16.1,40300.0,15.4,9230.0,28.0
2018-12-22,62300.0,1.7,9.0,66200.0,0.8,6650.0,0.6
2018-12-23,63900.0,0.0,4.5,56000.0,0.0,3370.0,0.0
2018-12-24,47200.0,1.4,5.5,37500.0,0.5,2450.0,0.4
2018-12-25,31800.0,0.0,1.7,28000.0,0.0,1950.0,0.1
2018-12-26,25600.0,0.0,1.3,22300.0,0.0,1720.0,0.0
2018-12-27,20600.0,0.0,2.7,17900.0,0.0,1550.0,0.0
2018-12-28,19300.0,39.8,12.5,20600.0,46.6,4170.0,41.9
2018-12-29,40800.0,0.1,12.4,39800.0,0.0,4550.0,0.0
2018-12-30,36800.0,0.0,6.9,32400.0,0.0,2430.0,0.0
2018-12-31,30200.0,4.4,7.2,26300.0,5.7,1970.0,5.3
2019-01-01,25400.0,0.4,16.1,22700.0,0.1,1890.0,0.7
2019-01-02,22200.0,0.0,7.8,19600.0,0.0,1580.0,0.1
2019-01-03,19100.0,5.8,8.7,17200.0,5.2,1470.0,2.1
2019-01-04,17400.0,2.6,6.9,15700.0,3.0,1340.0,3.0
2019-01-05,16200.0,8.8,10.1,15200.0,4.5,1540.0,5.9
2019-01-06,16500.0,0.0,9.3,15100.0,0.0,1400.0,0.0
2019-01-07,15300.0,0.0,4.7,13900.0,0.0,1200.0,0.0
2019-01-08,14400.0,0.5,8.3,13100.0,0.3,1130.0,0.4
2019-01-09,13500.0,0.7,8.9,12100.0,0.6,1170.0,0.8
2019-01-10,12600.0,0.0,0.3,11300.0,0.0,1060.0,0.0
2019-01-11,11700.0,0.0,-1.4,10500.0,0.0,985.0,0.0
2019-01-12,11000.0,0.1,-0.3,9790.0,0.1,938.0,0.2
2019-01-13,10800.0,21.7,-0.6,9490.0,21.7,1040.0,21.2
2019-01-14,11100.0,1.4,-1.3,9790.0,0.5,1040.0,0.7
2019-01-15,11000.0,0.0,-0.9,9390.0,0.0,977.0,0.0
2019-01-16,10600.0,0.0,0.4,9230.0,0.0,996.0,0.0
2019-01-17,10300.0,0.4,2.5,8890.0,0.6,935.0,1.2
2019-01-18,9850.0,0.1,5.0,8610.0,0.8,1000.0,1.7
2019-01-19,9720.0,0.3,5.9,8630.0,2.2,993.0,4.0
2019-01-20,11000.0,24.7,8.7,14900.0,16.3,3930.0,18.4
2019-01-21,23300.0,0.0,-5.8,26300.0,0.0,2660.0,0.0
2019-01-22,31600.0,0.0,-4.7,29000.0,0.0,1630.0,0.0
2019-01-23,24500.0,0.0,3.7,20900.0,0.0,1350.0,0.0
2019-01-24,21300.0,31.7,13.3,20300.0,23.6,2560.0,20.3
2019-01-25,30600.0,0.0,2.7,31300.0,0.0,3790.0,0.0
2019-01-26,34500.0,0.0,-0.1,32900.0,0.0,2230.0,0.0
2019-01-27,29900.0,0.0,2.4,25400.0,0.0,1750.0,0.0
2019-01-28,23700.0,0.0,3.0,20900.0,0.0,1500.0,0.0
2019-01-29,20400.0,5.1,2.2,17700.0,5.1,1300.0,4.1
2019-01-30,17000.0,1.2,-0.8,14800.0,0.5,1190.0,0.1
2019-01-31,14900.0,0.0,-5.4,12900.0,0.0,1030.0,0.0
2019-02-01,13100.0,0.3,-2.3,11300.0,0.0,932.0,0.0
2019-02-02,11700.0,0.0,-0.7,10100.0,0.0,910.0,0.0
2019-02-03,10800.0,0.0,5.5,9440.0,0.0,884.0,0.0
2019-02-04,10400.0,0.0,6.2,9130.0,0.0,892.0,0.0
2019-02-05,9980.0,0.0,8.9,8740.0,0.0,887.0,0.0
2019-02-06,9540.0,0.1,13.8,8360.0,0.5,855.0,1.7
2019-02-07,9160.0,7.4,15.1,8120.0,11.7,869.0,11.9
2019-02-08,8970.0,0.0,15.3,7850.0,0.0,851.0,0.1
2019-02-09,8550.0,0.0,2.9,7480.0,0.0,735.0,0.0
2019-02-10,8080.0,0.0,-0.6,7070.0,0.0,687.0,0.0
2019-02-11,8010.0,12.5,2.9,7460.0,12.8,894.0,10.6
2019-02-12,9670.0,13.8,3.5,9530.0,18.8,1550.0,16.1
2019-02-13,15400.0,6.6,6.1,13500.0,6.7,2180.0,4.5
2019-02-14,14900.0,0.0,5.8,13600.0,0.0,1470.0,0.0
2019-02-15,17000.0,0.1,12.1,16500.0,0.1,1280.0,0.0
2019-02-16,16700.0,4.7,7.2,14600.0,4.0,1130.0,4.4
2019-02-17,15800.0,2.1,1.8,14100.0,3.3,1050.0,1.7
2019-02-18,19000.0,8.7,6.6,18000.0,8.6,2300.0,11.9
2019-02-19,23900.0,0.0,3.2,21400.0,0.0,1610.0,0.0
2019-02-20,24500.0,16.1,1.2,22700.0,16.3,1770.0,18.3
2019-02-21,29800.0,2.5,6.8,31400.0,5.1,4950.0,3.6
2019-02-22,40400.0,15.9,7.5,41300.0,12.6,4520.0,8.3
2019-02-23,49600.0,26.5,4.8,50000.0,26.3,3140.0,22.4
2019-02-24,60900.0,6.2,7.7,65600.0,5.6,5160.0,7.4
2019-02-25,76000.0,0.0,8.3,74500.0,0.0,3970.0,0.0
2019-02-26,72100.0,0.0,6.5,53600.0,0.0,2400.0,0.0
2019-02-27,42800.0,0.0,6.1,34400.0,0.0,1820.0,0.0
2019-02-28,31300.0,0.0,6.7,27800.0,0.0,1570.0,0.0
2019-03-01,26500.0,5.5,3.8,23600.0,8.0,1470.0,8.0
2019-03-02,27400.0,13.8,4.9,26700.0,11.2,3070.0,10.1
2019-03-03,28500.0,1.3,5.3,25300.0,4.7,2210.0,9.6
2019-03-04,28400.0,8.4,4.4,29600.0,9.6,4650.0,8.0
2019-03-05,36500.0,0.0,0.9,36800.0,0.0,2830.0,0.0
2019-03-06,34900.0,0.0,-1.5,30100.0,0.0,2160.0,0.0
2019-03-07,27200.0,0.0,-0.3,23800.0,0.0,1690.0,0.0
2019-03-08,22700.0,2.0,2.0,20100.0,3.5,1490.0,2.6
2019-03-09,19800.0,1.0,2.8,17800.0,0.7,1400.0,0.2
2019-03-10,18000.0,8.5,9.8,16600.0,8.8,1810.0,7.6
2019-03-11,18200.0,0.0,13.1,16700.0,0.0,1730.0,0.0
2019-03-12,17500.0,0.0,7.9,16700.0,0.0,1480.0,0.0
2019-03-13,17600.0,0.0,6.6,16200.0,0.0,1350.0,0.0
2019-03-14,16600.0,0.0,13.0,14900.0,0.0,1340.0,0.0
2019-03-15,15400.0,5.8,18.5,13800.0,3.6,1240.0,2.9
2019-03-16,14400.0,7.2,11.8,13000.0,0.2,1180.0,0.0
2019-03-17,13500.0,0.0,6.4,11900.0,0.0,1080.0,0.0
2019-03-18,12400.0,0.3,5.1,10900.0,1.9,1050.0,0.2
2019-03-19,11500.0,0.0,4.1,10200.0,0.0,1050.0,0.0
2019-03-20,10900.0,0.3,4.5,9480.0,0.0,963.0,0.1
2019-03-21,12900.0,44.2,7.2,14900.0,43.8,3360.0,46.1
2019-03-22,39900.0,2.5,8.2,38800.0,0.9,8470.0,0.8
2019-03-23,29700.0,0.0,7.3,21100.0,0.0,3550.0,0.0
2019-03-24,19000.0,0.0,8.1,15600.0,0.0,2350.0,0.0
2019-03-25,15500.0,6.3,13.7,12800.0,5.9,1870.0,2.0
2019-03-26,13500.0,1.4,7.4,11400.0,0.4,1570.0,0.2
2019-03-27,12300.0,0.0,4.8,10400.0,0.0,1380.0,0.0
2019-03-28,11300.0,0.0,7.0,9600.0,0.0,1280.0,0.0
2019-03-29,10600.0,0.0,13.6,9010.0,0.0,1220.0,0.0
2019-03-30,10000.0,0.0,16.3,8430.0,0.0,1180.0,0.0
2019-03-31,9610.0,0.3,15.4,8160.0,0.5,1130.0,0.5
2019-04-01,9200.0,0.0,5.1,7830.0,0.0,1020.0,0.0
2019-04-02,8830.0,2.6,4.6,7450.0,3.8,968.0,2.2
2019-04-03,8520.0,0.4,8.5,7230.0,0.2,951.0,0.1
2019-04-04,8310.0,0.0,12.0,7080.0,0.0,910.0,0.0
2019-04-05,8160.0,11.8,10.9,6860.0,10.2,945.0,10.6
2019-04-06,8560.0,0.9,12.0,7440.0,1.1,1020.0,0.3
2019-04-07,8860.0,0.1,15.2,7340.0,0.1,894.0,0.5
2019-04-08,8660.0,0.3,20.0,7240.0,0.9,869.0,2.6
2019-04-09,9770.0,6.4,19.0,8250.0,3.5,885.0,1.4
2019-04-10,10400.0,0.0,16.3,8840.0,0.0,822.0,0.0
2019-04-11,10200.0,0.0,14.9,7980.0,0.0,762.0,0.0
2019-04-12,9210.0,0.9,17.5,7500.0,4.9,773.0,3.2
2019-04-13,10600.0,10.3,19.2,10900.0,4.3,1810.0,3.9
2019-04-14,19200.0,0.5,19.8,17300.0,2.3,1490.0,4.5
2019-04-15,20300.0,9.6,17.1,24500.0,11.9,2960.0,10.7
2019-04-16,37800.0,0.0,11.2,36000.0,0.0,2400.0,0.0
2019-04-17,34400.0,0.0,17.9,29900.0,0.0,1730.0,0.0
2019-04-18,26200.0,0.0,17.9,21400.0,0.0,1440.0,0.0
2019-04-19,20200.0,13.2,20.3,17300.0,21.7,1670.0,15.1
2019-04-20,23500.0,6.3,18.3,26500.0,3.0,3940.0,3.7
2019-04-21,38300.0,0.4,13.4,40900.0,0.0,2670.0,0.0
2019-04-22,38800.0,0.1,15.2,32000.0,0.0,1870.0,0.0
2019-04-23,28000.0,0.0,17.9,24000.0,0.0,1530.0,0.0
2019-04-24,23200.0,0.0,21.6,20000.0,0.0,1350.0,0.0
2019-04-25,19900.0,0.0,20.0,17200.0,0.0,1200.0,0.0
2019-04-26,17400.0,12.7,18.8,14600.0,6.4,1170.0,4.9
2019-04-27,14400.0,1.1,15.2,12200.0,0.1,1200.0,0.4
2019-04-28,12900.0,0.3,18.4,11200.0,0.6,1000.0,1.1
2019-04-29,12300.0,0.0,13.4,11100.0,0.0,934.0,0.0
2019-04-30,12000.0,0.0,19.1,10500.0,0.0,880.0,0.0
2019-05-01,11700.0,0.0,22.9,10500.0,0.0,868.0,0.0
2019-05-02,11300.0,0.0,24.2,9850.0,0.1,853.0,0.6
2019-05-03,10500.0,0.0,23.6,8900.0,0.0,907.0,0.0
2019-05-04,9800.0,1.6,23.7,8560.0,2.3,840.0,0.5
2019-05-05,9630.0,20.2,20.9,8240.0,22.4,857.0,22.5
2019-05-06,9700.0,0.3,17.1,9580.0,0.4,970.0,0.4
2019-05-07,12400.0,0.0,19.1,11200.0,0.3,836.0,0.2
2019-05-08,11600.0,2.3,20.5,9420.0,2.6,821.0,2.9
2019-05-09,10800.0,4.1,21.3,8970.0,1.2,813.0,1.5
2019-05-10,10500.0,0.3,21.5,8870.0,1.1,775.0,0.9
2019-05-11,9280.0,9.6,21.0,7360.0,8.4,761.0,10.3
2019-05-12,8450.0,16.1,20.1,8230.0,19.1,1110.0,15.5
2019-05-13,11200.0,16.3,14.3,11100.0,20.3,1350.0,10.9
2019-05-14,12900.0,0.7,14.1,10900.0,0.7,1160.0,0.3
2019-05-15,11700.0,0.0,14.3,11000.0,0.0,952.0,0.0
2019-05-16,12400.0,0.0,18.0,10600.0,0.0,842.0,0.0
2019-05-17,10900.0,0.0,21.1,8930.0,0.1,780.0,0.7
2019-05-18,9850.0,0.4,24.1,8240.0,0.1,989.0,0.6
2019-05-19,9230.0,0.0,25.2,7310.0,0.0,809.0,0.0
2019-05-20,8140.0,0.2,26.1,6700.0,0.0,710.0,0.0
2019-05-21,7470.0,0.0,22.1,6130.0,0.0,627.0,0.0
2019-05-22,6950.0,0.0,19.2,5610.0,0.0,565.0,0.0
2019-05-23,6310.0,0.1,23.1,5100.0,0.0,529.0,0.0
2019-05-24,5930.0,0.0,27.9,4840.0,0.0,520.0,0.0
2019-05-25,5650.0,0.0,25.0,4630.0,0.0,491.0,0.4
2019-05-26,5450.0,0.4,27.4,4440.0,3.6,612.0,2.3
2019-05-27,5270.0,1.3,26.2,4580.0,0.6,743.0,3.2
2019-05-28,5470.0,0.0,27.4,4360.0,0.0,619.0,0.5
2019-05-29,5090.0,0.0,29.5,4130.0,0.0,526.0,0.0
2019-05-30,4830.0,0.0,28.4,3830.0,0.0,459.0,0.0
2019-05-31,4550.0,16.5,25.8,3660.0,3.4,430.0,0.4
2019-06-01,4690.0,20.8,22.9,4160.0,14.5,1010.0,13.0
2019-06-02,5190.0,0.0,25.0,4090.0,0.0,661.0,0.0
2019-06-03,4630.0,0.3,22.8,3590.0,0.1,472.0,0.2
2019-06-04,4280.0,0.0,20.5,3490.0,0.0,411.0,0.0
2019-06-05,4150.0,5.2,23.3,3190.0,3.6,380.0,1.3
2019-06-06,4120.0,1.2,25.8,3200.0,0.0,386.0,0.0
2019-06-07,4370.0,24.2,22.9,3650.0,12.3,448.0,12.3
2019-06-08,6380.0,8.2,21.1,4720.0,10.6,462.0,6.6
2019-06-09,6780.0,21.1,21.2,5620.0,16.1,416.0,14.2
2019-06-10,8970.0,17.2,22.8,9390.0,9.5,1010.0,8.5
2019-06-11,13600.0,8.8,22.2,12200.0,11.9,1320.0,8.5
2019-06-12,13300.0,0.4,19.6,9450.0,1.1,806.0,0.1
2019-06-13,14200.0,22.8,20.3,11000.0,33.5,1000.0,31.0
2019-06-14,15700.0,0.0,19.5,10200.0,0.0,908.0,0.0
2019-06-15,10900.0,0.0,20.4,7400.0,0.0,623.0,0.0
2019-06-16,8150.0,0.0,23.6,5770.0,0.0,517.0,0.0
2019-06-17,6340.0,0.3,26.9,4590.0,2.0,486.0,1.4
2019-06-18,5450.0,0.9,26.3,4420.0,0.2,775.0,1.4
2019-06-19,5460.0,21.0,24.0,4390.0,8.6,643.0,5.5
2019-06-20,5240.0,1.9,25.6,4090.0,1.3,499.0,1.3
2019-06-21,4920.0,0.0,25.6,3950.0,0.0,445.0,0.0
2019-06-22,4680.0,0.0,23.1,3590.0,0.0,390.0,0.0
2019-06-23,4320.0,0.0,22.6,3650.0,0.0,358.0,0.0
2019-06-24,4240.0,0.3,25.4,3340.0,0.0,343.0,0.1
2019-06-25,3980.0,0.3,27.7,3280.0,3.0,723.0,4.5
2019-06-26,3930.0,0.0,27.6,3670.0,0.0,721.0,0.0
2019-06-27,4140.0,0.0,27.8,3400.0,0.0,449.0,1.6
2019-06-28,3890.0,0.0,28.6,3320.0,0.0,436.0,0.0
2019-06-29,3820.0,0.1,28.8,3690.0,0.0,366.0,0.0
2019-06-30,4270.0,0.1,29.6,3420.0,0.0,369.0,0.0
2019-07-01,3770.0,0.0,26.6,3220.0,0.0,331.0,0.0
2019-07-02,3570.0,0.0,26.7,2960.0,0.1,297.0,0.1
2019-07-03,3280.0,1.1,29.0,2830.0,0.1,278.0,0.1
2019-07-04,3220.0,0.3,28.4,2960.0,0.8,323.0,2.1
2019-07-05,3810.0,6.5,26.8,3000.0,3.2,381.0,5.0
2019-07-06,3530.0,10.3,27.2,3090.0,2.5,508.0,2.7
2019-07-07,3550.0,12.3,27.0,3200.0,7.1,588.0,2.1
2019-07-08,4230.0,6.7,25.4,4410.0,3.3,476.0,4.3
2019-07-09,5120.0,0.2,24.2,4300.0,0.0,406.0,0.0
2019-07-10,4490.0,0.0,24.7,3640.0,0.0,363.0,0.0
2019-07-11,4020.0,12.0,26.2,3830.0,5.2,316.0,15.4
2019-07-12,4560.0,5.5,26.1,4040.0,1.2,818.0,0.5
2019-07-13,4690.0,0.0,27.7,4470.0,0.0,508.0,0.0
2019-07-14,5180.0,0.0,28.4,4430.0,0.0,340.0,0.0
2019-07-15,4590.0,0.0,29.3,3690.0,0.0,335.0,0.0
2019-07-16,3880.0,0.0,28.8,3200.0,0.1,291.0,0.7
2019-07-17,3330.0,0.0,29.6,2980.0,0.0,263.0,0.1
2019-07-18,3130.0,2.1,29.7,2910.0,1.5,266.0,1.4
2019-07-19,3090.0,0.1,29.5,2890.0,0.0,266.0,0.0
2019-07-20,3120.0,0.0,31.6,2940.0,0.0,226.0,0.0
2019-07-21,3020.0,0.0,31.5,2630.0,0.1,200.0,0.1
2019-07-22,2750.0,0.0,29.8,2540.0,0.8,182.0,2.1
2019-07-23,2780.0,32.0,22.2,3040.0,20.8,195.0,17.8
2019-07-24,3550.0,0.7,22.0,3450.0,0.1,229.0,0.1
2019-07-25,3880.0,0.0,23.7,3580.0,0.0,212.0,0.1
2019-07-26,3720.0,0.0,24.7,3220.0,0.0,178.0,0.0
2019-07-27,3330.0,0.0,25.1,3210.0,0.0,160.0,0.0
2019-07-28,3310.0,0.1,26.0,2840.0,0.0,148.0,0.0
2019-07-29,2860.0,0.0,27.6,2370.0,0.0,135.0,0.0
2019-07-30,2420.0,0.0,28.3,2160.0,0.0,132.0,0.0
2019-07-31,2240.0,1.6,27.2,2270.0,5.0,521.0,0.6
2019-08-01,2510.0,2.0,26.4,2730.0,4.3,572.0,0.8
2019-08-02,2880.0,10.0,24.2,2910.0,12.5,844.0,8.4
2019-08-03,3160.0,0.0,25.7,4010.0,0.1,430.0,0.3
2019-08-04,4550.0,0.0,27.2,3320.0,0.0,266.0,0.0
2019-08-05,3380.0,0.1,25.9,2450.0,0.3,215.0,0.0
2019-08-06,2940.0,0.2,25.3,2270.0,0.0,187.0,0.0
2019-08-07,2410.0,2.3,27.1,2180.0,1.4,174.0,1.8
2019-08-08,2600.0,0.0,26.8,2330.0,0.0,258.0,0.0
2019-08-09,2820.0,0.0,28.0,2530.0,0.1,186.0,0.0
2019-08-10,2550.0,0.0,25.9,2090.0,0.0,156.0,0.0
2019-08-11,2120.0,0.0,24.8,1870.0,0.0,135.0,0.0
2019-08-12,1900.0,0.2,25.9,1770.0,0.3,126.0,0.4
2019-08-13,1790.0,4.3,27.3,1720.0,8.8,128.0,4.7
2019-08-14,1750.0,14.7,27.3,1920.0,3.6,175.0,3.9
2019-08-15,2130.0,6.6,26.6,1920.0,11.6,227.0,6.9
2019-08-16,2350.0,1.7,26.3,2470.0,3.8,450.0,14.6
2019-08-17,3100.0,2.1,26.5,2850.0,0.4,336.0,1.5
2019-08-18,2900.0,0.4,28.0,2480.0,0.1,215.0,0.2
2019-08-19,2500.0,0.1,29.2,2160.0,0.0,179.0,0.4
2019-08-20,2180.0,1.0,28.5,1860.0,0.3,186.0,0.1
2019-08-21,1840.0,0.3,27.5,1420.0,0.0,167.0,0.0
2019-08-22,1460.0,0.2,28.6,1580.0,0.1,156.0,0.3
2019-08-23,1720.0,6.2,25.5,1700.0,6.0,236.0,13.4
2019-08-24,1830.0,4.4,22.1,1960.0,1.7,375.0,0.6
2019-08-25,2160.0,0.0,21.9,2400.0,0.0,292.0,0.0
2019-08-26,2440.0,0.3,20.6,2090.0,0.0,190.0,0.0
2019-08-27,2110.0,0.9,21.8,1870.0,0.2,166.0,0.6
2019-08-28,1890.0,1.1,23.8,1770.0,0.7,160.0,0.5
2019-08-29,1780.0,0.0,23.6,1770.0,0.0,154.0,0.0
2019-08-30,1770.0,0.0,24.1,1680.0,0.0,142.0,0.0
2019-08-31,1660.0,0.2,25.7,1590.0,0.4,126.0,0.5
2019-09-01,1560.0,0.0,25.5,1540.0,0.1,116.0,0.3
2019-09-02,1500.0,0.1,25.7,1450.0,0.0,110.0,0.0
2019-09-03,1410.0,1.6,26.2,1410.0,0.0,109.0,0.0
2019-09-04,1360.0,0.0,27.6,1400.0,0.0,112.0,0.0
2019-09-05,1350.0,5.6,25.2,1460.0,1.0,110.0,0.2
2019-09-06,1400.0,3.2,22.2,1510.0,0.7,99.6,0.0
2019-09-07,1450.0,0.0,23.1,1390.0,0.0,87.4,0.0
2019-09-08,1340.0,0.0,23.9,1560.0,0.0,83.8,0.0
2019-09-09,1520.0,0.1,24.7,1380.0,0.3,78.3,0.2
2019-09-10,1320.0,0.1,24.7,1200.0,0.5,74.7,0.9
2019-09-11,1190.0,0.0,26.4,1160.0,0.0,74.4,0.0
2019-09-12,1200.0,0.0,29.2,1320.0,0.0,86.4,0.1
2019-09-13,1320.0,0.0,24.7,1290.0,0.1,136.0,0.0
2019-09-14,1240.0,0.0,23.3,1370.0,0.1,124.0,0.0
2019-09-15,1330.0,1.1,25.4,1400.0,1.1,115.0,0.0
2019-09-16,1350.0,0.0,25.4,1390.0,0.0,112.0,0.0
2019-09-17,1340.0,5.1,23.4,1320.0,6.3,99.0,1.6
2019-09-18,1290.0,0.0,20.8,1300.0,0.0,88.7,0.0
2019-09-19,1260.0,0.0,18.6,1260.0,0.0,82.7,0.0
2019-09-20,1210.0,0.0,18.2,1200.0,0.0,77.8,0.0
2019-09-21,1180.0,0.0,22.4,1200.0,0.0,73.5,0.1
2019-09-22,1170.0,0.2,25.9,1120.0,0.2,70.2,0.1
2019-09-23,1100.0,0.0,26.8,1120.0,0.0,67.1,0.0
2019-09-24,1080.0,0.0,25.5,1090.0,0.0,65.0,0.0
2019-09-25,1060.0,0.0,21.8,1070.0,0.0,56.3,0.0
2019-09-26,1040.0,0.0,25.4,998.0,0.0,52.2,0.1
2019-09-27,974.0,0.0,23.9,992.0,0.0,49.5,0.0
2019-09-28,965.0,0.1,25.3,984.0,0.0,48.3,0.1
2019-09-29,953.0,0.0,27.0,1030.0,0.1,75.8,0.1
2019-09-30,972.0,2.3,23.9,1220.0,2.5,77.4,1.0
2019-10-01,1130.0,0.0,23.8,1060.0,0.0,87.2,0.0
2019-10-02,1000.0,0.0,28.0,1190.0,0.0,75.0,0.0
2019-10-03,1080.0,0.0,28.9,1120.0,0.0,74.3,0.0
2019-10-04,1020.0,0.0,24.8,1120.0,0.0,67.7,0.0
2019-10-05,1010.0,0.0,16.7,1160.0,0.0,56.5,0.0
2019-10-06,1060.0,0.8,19.7,1150.0,0.7,47.8,2.7
2019-10-07,1060.0,0.6,21.8,1080.0,0.0,46.2,0.0
2019-10-08,1010.0,0.6,18.1,1060.0,0.1,51.1,0.2
2019-10-09,1000.0,0.5,17.2,1110.0,0.0,55.2,0.0
2019-10-10,1020.0,0.0,16.5,1110.0,0.0,54.2,0.0
2019-10-11,1020.0,0.0,17.7,1150.0,0.0,54.2,0.0
2019-10-12,1050.0,0.0,17.1,1290.0,0.0,54.8,0.0
2019-10-13,1190.0,7.7,16.6,1280.0,9.0,52.9,3.6
2019-10-14,1220.0,3.0,17.2,1230.0,0.0,54.0,0.0
2019-10-15,1160.0,0.0,16.5,1130.0,0.0,54.2,0.0
2019-10-16,1250.0,32.9,14.8,1170.0,27.2,63.8,19.4
2019-10-17,1360.0,0.0,12.9,1300.0,0.0,168.0,0.0
2019-10-18,1340.0,0.0,12.0,1700.0,0.0,156.0,0.0
2019-10-19,1690.0,0.0,11.1,1680.0,0.0,99.8,0.0
2019-10-20,2060.0,31.1,13.5,1990.0,27.7,497.0,40.5
2019-10-21,2790.0,0.0,13.9,3590.0,0.0,873.0,0.0
2019-10-22,4680.0,11.4,15.6,4080.0,9.1,335.0,12.7
2019-10-23,4340.0,0.2,14.7,4000.0,0.0,414.0,0.0
2019-10-24,4490.0,0.0,12.2,3770.0,0.0,305.0,0.0
2019-10-25,3700.0,0.0,13.9,2810.0,0.0,195.0,0.0
2019-10-26,2690.0,0.0,16.0,2300.0,0.0,165.0,0.0
2019-10-27,2490.0,8.5,20.4,2490.0,13.5,1490.0,20.6
2019-10-28,5080.0,0.0,16.9,8370.0,0.0,1750.0,0.0
2019-10-29,8350.0,0.0,15.8,5710.0,0.0,609.0,0.0
2019-10-30,4940.0,4.6,15.4,3690.0,5.4,411.0,3.8
2019-10-31,3870.0,7.1,20.8,3640.0,14.4,769.0,17.8
2019-11-01,5390.0,17.6,11.8,12000.0,9.4,4270.0,10.7
2019-11-02,16800.0,0.0,7.8,14500.0,0.0,1650.0,0.0
2019-11-03,13500.0,0.0,8.0,11600.0,0.0,920.0,0.0
2019-11-04,9890.0,0.0,8.8,7360.0,0.0,646.0,0.0
2019-11-05,6710.0,0.0,12.0,5210.0,0.0,502.0,0.0
2019-11-06,5130.0,0.0,11.0,4120.0,0.0,421.0,0.0
2019-11-07,4200.0,0.0,10.8,3520.0,0.0,379.0,0.1
2019-11-08,3650.0,2.7,7.3,3200.0,1.4,344.0,0.9
2019-11-09,3280.0,0.0,2.6,2940.0,0.0,304.0,0.0
2019-11-10,3010.0,0.0,7.0,2720.0,0.0,286.0,0.0
2019-11-11,2800.0,0.0,12.0,2500.0,0.0,274.0,0.0
2019-11-12,2730.0,16.0,9.6,2620.0,10.6,274.0,6.3
2019-11-13,2850.0,0.0,-0.7,2380.0,0.0,263.0,0.0
2019-11-14,2440.0,0.0,0.5,2310.0,0.0,238.0,0.0
2019-11-15,2460.0,2.1,4.6,2250.0,0.0,236.0,0.0
2019-11-16,2350.0,0.0,5.7,2190.0,0.0,235.0,0.0
2019-11-17,2280.0,0.0,5.3,2130.0,0.0,224.0,0.0
2019-11-18,2190.0,1.7,5.8,2070.0,3.2,224.0,2.1
2019-11-19,2170.0,3.4,6.2,2140.0,4.1,238.0,3.4
2019-11-20,2220.0,0.0,7.6,2150.0,0.0,248.0,0.0
2019-11-21,2230.0,0.0,6.9,2100.0,0.0,234.0,0.0
2019-11-22,2160.0,2.0,11.1,2070.0,2.4,221.0,3.8
2019-11-23,2160.0,4.6,6.0,2070.0,4.4,267.0,4.3
2019-11-24,2370.0,11.4,8.3,2330.0,14.4,537.0,16.0
2019-11-25,2840.0,0.0,6.6,3300.0,0.0,654.0,0.0
2019-11-26,3810.0,0.0,9.0,3320.0,0.0,431.0,0.0
2019-11-27,3450.0,5.8,11.1,2900.0,5.9,363.0,3.7
2019-11-28,3070.0,0.0,10.3,2710.0,0.0,358.0,0.0
2019-11-29,2910.0,0.0,6.1,2710.0,0.0,310.0,0.0
2019-11-30,2880.0,0.5,6.4,2560.0,1.2,291.0,1.0
2019-12-01,2840.0,14.2,6.7,2710.0,19.2,347.0,19.5
2019-12-02,3250.0,2.9,6.5,3480.0,1.1,648.0,0.5
2019-12-03,4580.0,0.2,6.4,4480.0,0.0,539.0,0.0
2019-12-04,5600.0,0.0,5.3,6080.0,0.0,409.0,0.0
2019-12-05,6490.0,0.0,6.0,5090.0,0.0,376.0,0.0
2019-12-06,5130.0,0.0,4.6,4130.0,0.0,356.0,0.0
2019-12-07,4340.0,0.0,6.4,3630.0,0.0,324.0,0.0
2019-12-08,3840.0,0.0,2.0,3370.0,0.0,298.0,0.0
2019-12-09,3540.0,4.1,7.5,3090.0,9.0,314.0,8.3
2019-12-10,3410.0,3.4,15.3,3450.0,4.3,657.0,3.4
2019-12-11,4440.0,12.6,5.3,4220.0,11.2,652.0,9.4
2019-12-12,4940.0,0.0,0.8,4270.0,0.0,586.0,0.0
2019-12-13,4950.0,8.5,3.0,4330.0,11.1,553.0,11.5
2019-12-14,5410.0,17.5,7.9,4710.0,17.7,791.0,15.8
2019-12-15,6810.0,0.0,7.9,7570.0,0.0,1370.0,0.0
2019-12-16,9390.0,2.5,5.9,9460.0,2.0,973.0,4.7
2019-12-17,11700.0,8.6,9.8,10700.0,7.3,850.0,5.8
2019-12-18,10200.0,0.4,4.3,8080.0,0.8,691.0,0.3
2019-12-19,8050.0,0.0,-1.0,6530.0,0.0,574.0,0.0
2019-12-20,6680.0,0.0,0.4,5580.0,0.0,497.0,0.0
2019-12-21,5880.0,0.0,0.2,4970.0,0.0,456.0,0.0
2019-12-22,5280.0,0.0,1.9,4400.0,0.0,427.0,0.0
2019-12-23,4740.0,0.0,4.5,4060.0,0.0,406.0,0.0
2019-12-24,4410.0,0.0,6.2,3820.0,0.0,387.0,0.0
2019-12-25,4160.0,0.0,3.8,3600.0,0.0,368.0,0.0
2019-12-26,3870.0,0.0,5.8,3390.0,0.0,350.0,0.0
2019-12-27,3640.0,0.0,8.6,3300.0,0.0,341.0,0.0
2019-12-28,3520.0,0.0,11.6,3080.0,0.0,328.0,0.0
2019-12-29,3320.0,5.1,10.7,3080.0,7.9,333.0,6.2
2019-12-30,3450.0,1.7,18.2,3220.0,4.9,577.0,6.7
2019-12-31,3960.0,0.0,10.2,4130.0,0.0,632.0,0.0
2020-01-01,4790.0,0.0,7.0,4120.0,0.0,498.0,0.0
2020-01-02,4380.0,0.0,7.2,3650.0,0.0,434.0,0.0
2020-01-03,3970.0,7.2,10.7,3500.0,7.9,413.0,7.1
2020-01-04,3900.0,8.5,13.7,3460.0,8.9,437.0,7.8
2020-01-05,4120.0,7.4,6.7,3600.0,0.9,468.0,2.2
2020-01-06,4130.0,0.0,5.9,3550.0,0.0,403.0,0.0
2020-01-07,3990.0,5.2,3.1,3410.0,5.6,374.0,6.6
2020-01-08,3970.0,0.0,3.6,3460.0,0.0,411.0,0.0
2020-01-09,4090.0,0.0,1.2,3660.0,0.0,421.0,0.0
2020-01-10,4110.0,0.0,6.1,3540.0,0.0,383.0,0.0
2020-01-11,3900.0,0.4,16.3,3400.0,0.2,394.0,0.0
2020-01-12,3980.0,4.9,18.7,4300.0,1.0,2300.0,2.6
2020-01-13,8300.0,1.1,12.4,11400.0,0.4,1950.0,0.0
2020-01-14,14300.0,16.7,11.4,14000.0,11.7,1360.0,5.1
2020-01-15,17700.0,0.0,9.7,15300.0,0.0,1150.0,0.0
2020-01-16,14300.0,0.0,12.6,11100.0,0.0,936.0,0.0
2020-01-17,10800.0,0.0,2.8,8690.0,0.0,771.0,0.0
2020-01-18,8820.0,2.7,1.0,7160.0,3.8,657.0,5.3
2020-01-19,7600.0,0.8,7.7,6350.0,0.4,646.0,0.3
2020-01-20,6950.0,0.0,-1.2,5900.0,0.0,580.0,0.0
2020-01-21,6290.0,0.0,-2.7,5220.0,0.0,502.0,0.0
2020-01-22,5630.0,0.0,-1.4,4750.0,0.0,462.0,0.0
2020-01-23,5250.0,0.0,0.3,4400.0,0.0,445.0,0.0
2020-01-24,4850.0,2.6,4.9,4160.0,0.7,435.0,2.2
2020-01-25,6390.0,25.3,11.3,11000.0,31.9,4150.0,32.6
2020-01-26,22700.0,0.0,5.9,23900.0,0.0,3100.0,0.0
2020-01-27,26100.0,0.0,5.2,23700.0,0.0,1690.0,0.0
2020-01-28,19800.0,0.0,5.2,15900.0,0.0,1260.0,0.0
2020-01-29,14300.0,0.0,3.2,11600.0,0.0,1010.0,0.0
2020-01-30,11200.0,0.0,1.6,9230.0,0.0,846.0,0.0
2020-01-31,9460.0,0.3,2.1,8010.0,1.2,734.0,1.7
2020-02-01,8450.0,1.8,4.0,7070.0,0.3,672.0,0.3
2020-02-02,7600.0,0.0,6.7,6390.0,0.0,625.0,0.9
2020-02-03,6950.0,0.0,13.8,5840.0,0.0,572.0,0.0
2020-02-04,6370.0,0.7,16.0,5340.0,0.2,535.0,0.4
2020-02-05,5970.0,5.0,12.9,4920.0,10.8,495.0,10.6
2020-02-06,6050.0,43.0,7.9,5190.0,68.9,966.0,45.4
2020-02-07,20200.0,37.8,11.8,27700.0,22.6,3890.0,17.1
2020-02-08,46000.0,0.0,3.3,49700.0,0.0,2740.0,0.0
2020-02-09,49300.0,0.0,3.6,40700.0,0.0,1630.0,0.0
2020-02-10,30300.0,2.2,7.5,25000.0,3.3,1270.0,3.5
2020-02-11,23600.0,18.2,13.6,20500.0,14.5,1300.0,9.7
2020-02-12,22600.0,1.2,9.8,20100.0,0.6,1270.0,1.0
2020-02-13,21100.0,2.6,12.2,19700.0,9.0,1230.0,14.2
2020-02-14,21700.0,0.0,6.9,20900.0,0.0,1350.0,0.0
2020-02-15,22300.0,0.0,-1.3,21300.0,0.0,1080.0,0.0
2020-02-16,21100.0,0.0,3.8,18400.0,0.3,967.0,0.0
2020-02-17,17300.0,0.0,6.8,14900.0,0.0,919.0,0.0
2020-02-18,14200.0,0.0,8.0,12100.0,0.1,805.0,1.1
2020-02-19,12200.0,3.9,9.3,10400.0,4.2,760.0,3.1
2020-02-20,10800.0,0.8,3.0,9160.0,0.4,683.0,0.3
2020-02-21,9420.0,1.2,-0.3,7930.0,0.2,624.0,0.1
2020-02-22,8380.0,0.0,1.8,7090.0,0.0,574.0,0.0
2020-02-23,7580.0,0.0,4.9,6420.0,0.0,546.0,0.0
2020-02-24,7070.0,0.1,7.9,6060.0,0.0,528.0,0.0
2020-02-25,6850.0,7.5,10.3,5700.0,7.1,550.0,3.9
2020-02-26,6810.0,0.4,10.2,5730.0,0.0,593.0,0.2
2020-02-27,6760.0,3.1,6.8,6010.0,3.6,1140.0,5.9
2020-02-28,7250.0,0.4,3.3,6170.0,0.0,829.0,0.0
2020-02-29,6650.0,0.0,2.5,5500.0,0.0,673.0,0.0
2020-03-01,6130.0,0.0,2.2,5390.0,0.0,580.0,0.0
2020-03-02,6120.0,0.0,8.9,5180.0,0.0,534.0,0.0
2020-03-03,5810.0,1.7,13.1,4980.0,2.3,518.0,1.9
2020-03-04,5640.0,0.1,12.7,4900.0,0.0,511.0,0.4
2020-03-05,5590.0,0.0,9.6,4810.0,0.0,480.0,0.0
2020-03-06,5410.0,0.7,7.3,4580.0,0.4,454.0,0.7
2020-03-07,5180.0,0.0,6.6,4410.0,0.0,433.0,0.0
2020-03-08,5030.0,0.0,6.3,4270.0,0.0,400.0,0.0
2020-03-09,4780.0,0.0,11.7,3990.0,0.0,389.0,0.0
2020-03-10,4590.0,0.1,15.6,3940.0,0.8,387.0,0.1
2020-03-11,4570.0,0.0,15.1,3900.0,0.1,392.0,0.1
2020-03-12,4490.0,0.0,12.4,3890.0,0.0,387.0,0.0
2020-03-13,4450.0,10.6,17.8,3740.0,10.6,417.0,6.9
2020-03-14,4350.0,0.0,12.9,3880.0,0.0,436.0,0.0
2020-03-15,4520.0,3.2,8.2,3930.0,3.8,388.0,5.2
2020-03-16,4480.0,0.0,8.1,4230.0,0.0,386.0,0.0
2020-03-17,5200.0,0.0,10.5,4770.0,0.0,370.0,0.0
2020-03-18,5380.0,0.1,12.0,5130.0,0.0,364.0,0.0
2020-03-19,6020.0,3.9,16.3,5560.0,4.5,397.0,3.1
2020-03-20,6230.0,0.1,23.0,5650.0,0.0,433.0,0.1
2020-03-21,6340.0,3.5,16.0,5750.0,3.8,417.0,5.5
2020-03-22,6710.0,0.0,9.4,6630.0,0.0,397.0,0.0
2020-03-23,7670.0,9.6,7.8,6940.0,9.4,375.0,13.2
2020-03-24,8260.0,0.0,9.0,7570.0,0.0,395.0,0.0
2020-03-25,8760.0,20.4,8.1,7590.0,16.5,588.0,16.3
2020-03-26,9760.0,0.0,8.6,9360.0,0.0,663.0,0.0
2020-03-27,11700.0,1.9,15.2,12300.0,1.0,544.0,1.0
2020-03-28,13500.0,2.3,16.7,11400.0,0.9,495.0,2.3
2020-03-29,11100.0,0.0,17.9,9240.0,0.0,481.0,0.1
2020-03-30,9470.0,0.0,19.3,7920.0,0.0,455.0,0.0
2020-03-31,8330.0,5.5,11.6,6960.0,6.1,414.0,5.2
2020-04-01,7720.0,6.0,7.6,6590.0,5.9,573.0,6.2
2020-04-02,7620.0,0.0,10.3,6590.0,0.0,550.0,0.0
2020-04-03,7200.0,0.0,12.5,6240.0,0.0,456.0,0.0
2020-04-04,7090.0,0.0,11.4,6100.0,0.0,417.0,0.0
2020-04-05,6650.0,0.0,12.1,5660.0,0.0,403.0,0.0
2020-04-06,6290.0,0.6,15.4,5400.0,0.5,402.0,0.5
2020-04-07,6010.0,0.8,16.0,5060.0,0.3,394.0,0.1
2020-04-08,5820.0,1.0,18.7,4830.0,0.5,404.0,1.0
2020-04-09,5620.0,1.1,17.7,4720.0,1.4,434.0,1.3
2020-04-10,5410.0,0.0,10.4,4520.0,0.0,400.0,0.0
2020-04-11,5150.0,0.0,9.8,4270.0,0.0,342.0,0.0
2020-04-12,5020.0,0.0,15.3,4810.0,0.3,327.0,0.0
2020-04-13,6720.0,27.2,19.4,20500.0,27.7,5690.0,43.0
2020-04-14,53300.0,0.0,14.0,63300.0,0.0,5310.0,0.0
2020-04-15,57500.0,4.5,7.9,48700.0,7.3,2880.0,10.6
2020-04-16,36400.0,0.0,8.9,29300.0,0.0,2010.0,0.0
2020-04-17,25200.0,0.0,9.7,22000.0,0.0,1480.0,0.0
2020-04-18,20400.0,2.5,14.5,17700.0,2.7,1240.0,3.0
2020-04-19,16800.0,0.0,10.3,14400.0,0.0,1070.0,0.0
2020-04-20,13500.0,9.6,12.2,11400.0,5.6,948.0,3.6
2020-04-21,11600.0,0.2,14.0,9920.0,0.6,856.0,0.0
2020-04-22,10300.0,0.0,12.0,8830.0,0.0,742.0,0.0
2020-04-23,9210.0,5.1,12.3,7910.0,6.0,705.0,4.8
2020-04-24,9030.0,16.9,16.6,9290.0,14.6,1440.0,12.7
2020-04-25,12800.0,3.6,12.4,11900.0,3.1,1270.0,3.1
2020-04-26,14000.0,8.9,13.4,15100.0,11.2,1810.0,14.5
2020-04-27,21600.0,4.2,11.8,19300.0,1.0,1820.0,1.6
2020-04-28,18200.0,0.0,11.3,16100.0,0.0,1400.0,0.0
2020-04-29,16300.0,0.0,17.2,14200.0,0.0,1210.0,0.0
2020-04-30,15000.0,45.2,17.3,15200.0,27.1,2850.0,27.4
2020-05-01,32900.0,5.7,13.7,43800.0,2.9,4500.0,0.2
2020-05-02,50600.0,0.0,14.4,43500.0,0.0,2350.0,0.0
2020-05-03,32000.0,0.9,19.8,26300.0,0.9,1660.0,0.1
2020-05-04,23800.0,1.8,20.9,21000.0,3.7,1560.0,8.1
2020-05-05,20200.0,4.8,13.3,17600.0,4.9,1310.0,3.9
2020-05-06,16800.0,5.4,13.2,14700.0,6.7,1120.0,2.1
2020-05-07,14600.0,0.0,12.0,12700.0,0.0,986.0,0.0
2020-05-08,12400.0,0.8,14.1,10500.0,0.8,859.0,0.7
2020-05-09,10700.0,2.2,8.7,9220.0,2.5,817.0,1.7
2020-05-10,9620.0,0.0,10.0,8240.0,0.0,725.0,0.0
2020-05-11,8680.0,0.4,14.5,7610.0,0.2,679.0,0.0
2020-05-12,8140.0,0.0,11.3,7010.0,0.0,625.0,0.0
2020-05-13,7420.0,0.0,13.4,6430.0,0.0,579.0,0.0
2020-05-14,6920.0,0.0,16.3,5980.0,0.0,546.0,0.7
2020-05-15,6580.0,0.0,22.8,5690.0,0.0,542.0,0.0
2020-05-16,6230.0,0.5,24.3,5330.0,0.0,520.0,0.1
2020-05-17,5930.0,0.8,21.6,5290.0,2.2,494.0,1.8
2020-05-18,6140.0,2.3,18.0,5820.0,0.1,522.0,0.1
2020-05-19,10800.0,1.5,16.0,13500.0,6.7,525.0,5.5
2020-05-20,12700.0,3.6,12.5,12600.0,8.1,519.0,6.9
2020-05-21,18000.0,4.2,15.4,21400.0,7.3,480.0,6.7
2020-05-22,30600.0,4.6,20.0,41200.0,7.0,1810.0,15.9
2020-05-23,55100.0,0.3,22.5,58000.0,1.0,1920.0,0.7
2020-05-24,48100.0,0.0,20.4,37300.0,0.0,1240.0,0.0
2020-05-25,28000.0,0.1,19.3,24000.0,0.1,986.0,0.0
2020-05-26,23600.0,0.0,20.2,22000.0,0.0,841.0,0.0
2020-05-27,20400.0,0.3,21.4,17900.0,0.2,721.0,0.0
2020-05-28,16900.0,14.1,22.9,14400.0,4.2,781.0,8.6
2020-05-29,14600.0,13.3,24.0,13900.0,7.0,1450.0,4.0
2020-05-30,15800.0,6.3,23.0,15800.0,0.2,1260.0,0.7
2020-05-31,15900.0,1.0,20.9,14300.0,0.0,1020.0,0.0
2020-06-01,13900.0,0.0,18.6,11900.0,0.0,794.0,0.0
2020-06-02,11500.0,0.0,20.4,9800.0,0.0,682.0,0.0
2020-06-03,9890.0,0.0,28.3,8490.0,0.0,603.0,0.0
2020-06-04,8620.0,0.1,29.0,7290.0,0.3,516.0,0.0
2020-06-05,7320.0,0.8,27.0,6400.0,0.9,473.0,0.2
2020-06-06,6810.0,2.2,26.6,5930.0,3.1,531.0,7.7
2020-06-07,6280.0,0.2,26.5,5930.0,0.5,478.0,1.7
2020-06-08,6460.0,0.0,24.5,6430.0,0.0,389.0,0.0
2020-06-09,6770.0,0.2,26.4,5910.0,0.2,345.0,0.0
2020-06-10,5870.0,0.5,28.1,5140.0,0.3,328.0,0.3
2020-06-11,5290.0,5.8,26.3,4960.0,3.1,648.0,6.7
2020-06-12,5360.0,4.1,24.6,4820.0,0.3,440.0,0.1
2020-06-13,4910.0,0.0,23.2,4860.0,0.0,320.0,0.0
2020-06-14,5170.0,0.0,21.3,4740.0,0.3,284.0,1.2
2020-06-15,4710.0,11.5,17.6,4250.0,11.8,287.0,6.0
2020-06-16,4340.0,6.7,16.9,3970.0,7.2,274.0,6.5
2020-06-17,4960.0,28.2,17.9,6910.0,33.7,343.0,30.1
2020-06-18,9540.0,4.4,20.9,16000.0,7.0,524.0,8.3
2020-06-19,34600.0,8.2,21.8,42400.0,8.6,762.0,6.2
2020-06-20,39200.0,10.2,21.6,34300.0,9.2,651.0,3.9
2020-06-21,28700.0,1.6,22.9,23000.0,1.6,575.0,0.7
2020-06-22,20100.0,20.3,24.4,17400.0,8.1,509.0,3.6
2020-06-23,16900.0,3.1,25.0,15300.0,0.7,435.0,0.6
2020-06-24,15400.0,0.0,25.1,13100.0,1.0,387.0,0.2
2020-06-25,12600.0,8.6,23.6,11300.0,1.8,338.0,0.2
2020-06-26,11200.0,0.1,24.7,8920.0,0.0,284.0,0.0
2020-06-27,8580.0,0.0,26.6,6880.0,0.0,248.0,0.0
2020-06-28,6850.0,0.8,26.7,5690.0,0.0,225.0,0.2
2020-06-29,5790.0,0.0,27.5,4980.0,0.0,218.0,0.0
2020-06-30,5090.0,0.4,27.0,4480.0,0.0,230.0,0.2
2020-07-01,4780.0,4.9,25.5,4240.0,0.9,251.0,0.3
2020-07-02,4580.0,0.2,25.6,4060.0,0.0,302.0,0.0
2020-07-03,4320.0,0.0,28.1,3800.0,0.1,214.0,0.0
2020-07-04,3930.0,0.8,28.7,3370.0,0.1,176.0,0.5
2020-07-05,3450.0,1.7,27.4,3160.0,0.7,159.0,1.2
2020-07-06,3160.0,3.0,28.1,3110.0,1.3,198.0,3.6
2020-07-07,3110.0,0.4,29.2,3030.0,0.0,187.0,0.5
2020-07-08,3020.0,0.1,27.8,3130.0,0.3,153.0,0.3
2020-07-09,3120.0,0.3,27.5,2980.0,0.1,134.0,0.0
2020-07-10,2850.0,0.2,28.8,2750.0,0.0,126.0,0.0
2020-07-11,2700.0,0.2,29.9,2590.0,3.0,131.0,0.3
2020-07-12,2550.0,0.3,28.8,2870.0,0.1,118.0,0.0
2020-07-13,2760.0,0.0,27.5,2770.0,0.0,120.0,0.0
2020-07-14,2570.0,0.4,27.7,2380.0,0.0,141.0,0.0
2020-07-15,2250.0,0.2,28.1,2370.0,0.5,118.0,0.9
2020-07-16,2230.0,0.0,27.9,2270.0,0.1,98.9,0.1
2020-07-17,2080.0,0.9,28.6,2100.0,0.8,90.1,1.3
2020-07-18,1950.0,0.5,29.9,2150.0,0.2,120.0,0.0
2020-07-19,1980.0,0.1,32.0,2160.0,0.0,103.0,0.0
2020-07-20,1950.0,0.0,32.4,1980.0,0.0,94.9,0.0
2020-07-21,1760.0,3.4,31.2,1880.0,0.5,88.2,1.6
2020-07-22,1730.0,1.1,29.7,1820.0,0.5,76.9,0.8
2020-07-23,1700.0,5.1,27.5,1970.0,0.0,221.0,0.7
2020-07-24,1810.0,4.2,26.3,2720.0,7.4,447.0,14.0
2020-07-25,2790.0,2.7,27.2,3550.0,0.3,680.0,0.3
2020-07-26,3640.0,0.0,29.9,3350.0,0.0,281.0,0.0
2020-07-27,2860.0,0.0,30.9,2640.0,0.0,171.0,0.0
2020-07-28,2310.0,0.0,31.3,2270.0,0.0,134.0,0.4
2020-07-29,1990.0,3.4,27.6,2080.0,0.1,156.0,0.0
2020-07-30,1850.0,0.9,28.7,1990.0,1.3,124.0,0.6
2020-07-31,1960.0,17.9,26.4,2370.0,34.6,162.0,29.0
2020-08-01,2460.0,14.6,26.4,2850.0,2.6,288.0,2.1
2020-08-02,2960.0,0.1,28.1,3000.0,2.9,363.0,2.2
2020-08-03,2830.0,2.7,27.6,2680.0,21.7,361.0,14.2
2020-08-04,4720.0,66.7,24.9,3940.0,59.6,1330.0,41.0
2020-08-05,6320.0,0.1,26.0,4620.0,0.2,621.0,0.4
2020-08-06,5130.0,24.5,24.7,3620.0,7.3,929.0,11.0
2020-08-07,6010.0,16.5,24.3,5740.0,10.1,2210.0,4.8
2020-08-08,6470.0,16.8,24.6,4640.0,7.3,974.0,2.3
2020-08-09,4810.0,0.8,25.6,3960.0,0.4,625.0,0.4
2020-08-10,4230.0,0.3,26.6,4050.0,0.1,529.0,0.0
2020-08-11,4250.0,0.8,26.4,4100.0,3.2,384.0,0.0
2020-08-12,4400.0,7.5,26.2,3890.0,19.1,352.0,0.5
2020-08-13,4080.0,17.9,25.3,4780.0,9.9,923.0,13.5
2020-08-14,5390.0,15.7,24.5,4910.0,10.2,900.0,4.9
2020-08-15,10700.0,9.9,22.8,10300.0,15.3,2300.0,13.4
2020-08-16,21400.0,4.4,22.3,13300.0,13.5,3470.0,14.2
2020-08-17,14200.0,0.4,21.9,13500.0,0.3,2180.0,0.5
2020-08-18,18600.0,0.3,24.3,16100.0,0.0,1370.0,0.0
2020-08-19,13500.0,2.2,23.6,10100.0,0.3,1230.0,1.0
2020-08-20,9970.0,0.0,23.1,8190.0,0.1,1160.0,0.3
2020-08-21,7740.0,5.2,23.0,6210.0,4.8,778.0,4.9
2020-08-22,6390.0,8.4,23.9,5400.0,9.1,877.0,11.1
2020-08-23,5840.0,0.0,25.7,5860.0,0.0,1090.0,0.0
2020-08-24,6390.0,0.1,26.9,6780.0,0.0,1120.0,0.0
2020-08-25,7430.0,0.0,27.7,6790.0,0.1,760.0,0.1
2020-08-26,6520.0,0.0,27.1,6070.0,0.0,605.0,0.0
2020-08-27,5620.0,0.0,28.1,4470.0,0.0,472.0,0.0
2020-08-28,4320.0,2.1,28.4,3740.0,2.4,410.0,1.0
2020-08-29,3720.0,6.1,26.9,3510.0,9.3,444.0,25.1
2020-08-30,3520.0,0.0,25.8,3450.0,0.0,445.0,0.0
2020-08-31,3450.0,0.8,23.2,3640.0,21.4,759.0,26.3
2020-09-01,20800.0,11.6,22.2,36200.0,2.0,5830.0,7.4
2020-09-02,27400.0,0.4,26.0,19200.0,0.0,2650.0,0.0
2020-09-03,17800.0,0.3,28.2,16200.0,0.0,1600.0,0.3
2020-09-04,14700.0,0.0,28.5,12400.0,0.1,1130.0,0.5
2020-09-05,11100.0,0.4,23.7,9430.0,0.1,901.0,0.0
2020-09-06,8580.0,0.0,21.7,7060.0,0.0,704.0,0.0
2020-09-07,6550.0,0.0,22.0,5900.0,0.0,579.0,0.0
2020-09-08,5580.0,0.1,23.1,5090.0,0.0,498.0,0.0
2020-09-09,4780.0,11.9,22.7,4260.0,4.6,445.0,2.6
2020-09-10,4170.0,22.7,24.6,3950.0,10.4,444.0,8.0
2020-09-11,3930.0,7.9,24.6,3790.0,2.6,534.0,2.0
2020-09-12,3760.0,0.6,22.7,3590.0,0.9,452.0,1.3
2020-09-13,3480.0,0.0,21.3,3210.0,0.0,408.0,0.0
2020-09-14,3190.0,0.3,22.9,3140.0,0.0,411.0,0.0
2020-09-15,3100.0,0.0,18.3,2910.0,0.0,367.0,0.0
2020-09-16,2820.0,0.0,17.4,2720.0,0.0,327.0,0.0
2020-09-17,2920.0,31.2,19.3,2710.0,25.6,336.0,24.6
2020-09-18,3940.0,23.9,19.9,5480.0,9.7,424.0,8.3
2020-09-19,6960.0,0.0,15.5,6610.0,0.0,431.0,0.0
2020-09-20,5700.0,0.0,13.4,4010.0,0.0,328.0,0.0
2020-09-21,3720.0,0.0,13.7,3150.0,0.0,292.0,0.0
2020-09-22,3030.0,0.0,13.6,2720.0,0.0,274.0,0.0
2020-09-23,2720.0,0.0,16.9,2590.0,0.0,266.0,0.0
2020-09-24,2650.0,0.1,16.8,2410.0,0.3,260.0,0.1
2020-09-25,2570.0,11.7,16.5,2550.0,10.9,271.0,9.9
2020-09-26,3560.0,9.1,18.5,3510.0,15.7,500.0,11.7
2020-09-27,6080.0,0.0,20.1,7120.0,0.0,459.0,0.0
2020-09-28,6660.0,1.9,21.4,4840.0,0.5,341.0,0.1
2020-09-29,4520.0,2.7,22.1,3700.0,3.9,375.0,3.3
2020-09-30,7130.0,32.1,16.4,7780.0,29.6,1460.0,23.0
2020-10-01,9820.0,0.0,18.4,7070.0,0.2,902.0,0.1
2020-10-02,7210.0,4.7,16.0,6310.0,9.6,673.0,7.7
2020-10-03,6880.0,0.0,13.4,6270.0,0.0,494.0,0.0
2020-10-04,5900.0,0.0,13.5,4840.0,0.0,398.0,0.0
2020-10-05,4580.0,0.0,14.5,3950.0,0.0,358.0,0.0
2020-10-06,3900.0,0.0,15.3,3460.0,0.0,328.0,0.0
2020-10-07,3490.0,0.0,19.3,3150.0,0.0,304.0,0.0
2020-10-08,3210.0,0.0,19.6,2950.0,0.0,286.0,0.0
2020-10-09,2980.0,0.0,15.5,2780.0,0.0,267.0,0.0
2020-10-10,2920.0,13.4,16.9,2620.0,10.9,261.0,10.4
2020-10-11,2870.0,21.2,18.4,2860.0,14.7,317.0,14.6
2020-10-12,5320.0,11.4,18.9,9780.0,16.2,2160.0,23.3
2020-10-13,15600.0,0.0,17.3,13500.0,0.0,1590.0,0.1
2020-10-14,11000.0,0.0,15.8,7980.0,0.0,1040.0,0.0
2020-10-15,7300.0,0.0,17.1,5820.0,0.0,801.0,0.0
2020-10-16,7060.0,18.8,16.1,5180.0,5.5,645.0,4.6
2020-10-17,6790.0,1.7,11.6,4960.0,0.0,549.0,0.0
2020-10-18,5920.0,0.0,11.7,4280.0,0.0,476.0,0.0
2020-10-19,4620.0,0.0,15.1,3720.0,0.0,437.0,0.0
2020-10-20,4140.0,0.0,17.1,3530.0,0.0,409.0,0.0
2020-10-21,3880.0,0.4,20.1,3440.0,0.2,401.0,0.0
2020-10-22,3750.0,0.0,19.9,3270.0,0.0,357.0,0.0
2020-10-23,3590.0,0.0,18.4,3170.0,0.0,345.0,0.0
2020-10-24,3440.0,0.3,19.6,3080.0,0.0,334.0,0.0
2020-10-25,3650.0,29.7,12.9,3130.0,18.0,545.0,10.7
2020-10-26,4200.0,0.3,13.4,4520.0,0.0,903.0,0.1
2020-10-27,5520.0,0.0,14.5,5080.0,0.0,645.0,0.0
2020-10-28,5070.0,0.0,17.3,4280.0,0.0,539.0,0.0
2020-10-29,5270.0,23.2,19.8,7120.0,61.3,2700.0,40.5
2020-10-30,38800.0,21.2,13.0,53800.0,41.3,8310.0,11.2
2020-10-31,59600.0,0.0,9.1,41300.0,0.0,3030.0,0.0
2020-11-01,30300.0,12.9,10.8,23200.0,14.1,2320.0,10.1
2020-11-02,24000.0,0.0,7.5,21000.0,0.0,2180.0,0.0
2020-11-03,18400.0,0.0,8.7,14600.0,0.0,1420.0,0.0
2020-11-04,13500.0,0.0,10.7,11200.0,0.0,1150.0,0.0
2020-11-05,10800.0,0.0,12.2,9180.0,0.0,989.0,0.0
2020-11-06,9020.0,0.0,14.1,7740.0,0.0,890.0,0.0
2020-11-07,7770.0,0.0,13.8,6800.0,0.0,790.0,0.0
2020-11-08,6960.0,0.0,15.4,6180.0,0.0,729.0,0.0
2020-11-09,6340.0,0.0,15.5,5640.0,0.0,664.0,0.0
2020-11-10,5780.0,0.0,16.6,5230.0,0.0,623.0,0.0
2020-11-11,6080.0,7.3,19.5,9330.0,44.5,1950.0,74.0
2020-11-12,54200.0,66.4,18.3,74400.0,62.0,14200.0,88.8
2020-11-13,99300.0,0.4,12.9,95700.0,0.1,11200.0,0.0
2020-11-14,95100.0,0.0,10.1,53400.0,0.0,3120.0,0.0
2020-11-15,40600.0,0.8,13.5,28400.0,0.5,1990.0,1.0
2020-11-16,24400.0,0.7,12.9,20900.0,0.4,1550.0,0.1
2020-11-17,19000.0,0.1,8.7,16500.0,0.0,1250.0,0.1
2020-11-18,15500.0,0.0,4.3,13700.0,0.0,1050.0,0.0
2020-11-19,13100.0,0.0,4.0,11600.0,0.0,948.0,0.0
2020-11-20,11200.0,0.0,9.0,9830.0,0.0,901.0,0.0
2020-11-21,9580.0,0.0,12.3,8550.0,0.0,849.0,0.0
2020-11-22,8500.0,0.0,13.7,7610.0,0.0,758.0,0.0
2020-11-23,7720.0,14.0,12.7,7030.0,2.8,735.0,1.0
2020-11-24,7150.0,0.0,6.3,6590.0,0.0,690.0,0.0
2020-11-25,6660.0,0.0,8.3,6190.0,0.0,655.0,0.0
2020-11-26,6320.0,5.1,16.5,5900.0,3.6,652.0,4.1
2020-11-27,6140.0,0.1,13.4,5750.0,0.0,623.0,0.0
2020-11-28,5860.0,0.0,11.4,5460.0,0.0,596.0,0.0
2020-11-29,5560.0,0.0,8.5,5170.0,0.0,567.0,0.0
2020-11-30,7200.0,32.4,13.9,15600.0,36.8,4960.0,36.8
2020-12-01,42100.0,0.0,7.0,41700.0,0.0,4990.0,0.0
2020-12-02,26800.0,0.0,3.7,20100.0,0.0,2110.0,0.0
2020-12-03,18700.0,0.0,4.3,16100.0,0.0,1520.0,0.0
2020-12-04,14900.0,0.1,9.2,12800.0,0.1,1270.0,0.1
2020-12-05,23600.0,47.4,9.5,30000.0,38.1,5330.0,39.3
2020-12-06,41100.0,0.0,5.3,31400.0,0.0,2770.0,0.0
2020-12-07,27700.0,2.0,2.2,24000.0,1.4,1770.0,0.9
2020-12-08,21800.0,0.0,1.9,18500.0,0.0,1460.0,0.0
2020-12-09,17300.0,0.0,1.7,14800.0,0.0,1250.0,0.0
2020-12-10,14400.0,0.0,4.0,12500.0,0.0,1080.0,0.0
2020-12-11,12400.0,0.0,7.9,10900.0,0.0,993.0,0.0
2020-12-12,11100.0,0.0,11.5,9840.0,0.0,930.0,0.0
2020-12-13,10200.0,0.0,14.1,9010.0,0.0,886.0,0.0
2020-12-14,11200.0,32.8,7.2,10900.0,30.4,1860.0,27.0
2020-12-15,21200.0,0.0,2.1,19800.0,0.0,2470.0,0.0
2020-12-16,19900.0,24.0,1.0,18300.0,22.2,1970.0,20.7
2020-12-17,32500.0,1.3,2.2,32200.0,1.1,4190.0,2.9
2020-12-18,30500.0,0.0,3.1,23500.0,1.0,2620.0,0.2
2020-12-19,22000.0,0.0,0.8,19400.0,0.0,1960.0,0.0
2020-12-20,19500.0,2.5,2.3,17100.0,0.9,1670.0,0.3
2020-12-21,16900.0,0.0,4.2,14700.0,0.0,1450.0,0.0
2020-12-22,14900.0,0.1,7.0,13200.0,0.4,1310.0,0.1
2020-12-23,13300.0,0.0,3.5,11600.0,0.0,1130.0,0.0
2020-12-24,12600.0,12.2,11.5,12800.0,28.9,2920.0,44.6
2020-12-25,40700.0,23.8,6.5,48700.0,12.6,12700.0,9.5
2020-12-26,47300.0,0.0,-2.7,35200.0,0.0,4150.0,0.0
2020-12-27,33400.0,0.0,-0.1,29300.0,0.0,2530.0,0.0
2020-12-28,25800.0,0.0,4.1,22300.0,0.0,1940.0,0.0
2020-12-29,21700.0,0.0,4.6,19000.0,0.0,1620.0,0.0
2020-12-30,18500.0,0.0,1.1,16000.0,0.0,1370.0,0.0
2020-12-31,15400.0,0.9,10.0,13300.0,0.0,1260.0,0.1
2021-01-01,13700.0,3.7,5.0,12200.0,6.0,1200.0,9.0
2021-01-02,15300.0,12.6,8.9,16600.0,10.0,2720.0,14.0
2021-01-03,21100.0,11.8,7.0,20300.0,8.2,2250.0,5.3
2021-01-04,26000.0,0.0,4.9,23700.0,0.0,1870.0,0.0
2021-01-05,22200.0,0.0,4.9,18900.0,0.0,1570.0,0.1
2021-01-06,18700.0,0.0,3.6,16700.0,0.0,1380.0,0.0
2021-01-07,17200.0,0.0,2.7,15200.0,0.0,1240.0,0.0
2021-01-08,15300.0,0.3,2.3,13400.0,0.1,1170.0,0.0
2021-01-09,13400.0,0.0,1.8,11500.0,0.0,1080.0,0.0
2021-01-10,11900.0,0.0,3.4,10400.0,0.0,1010.0,0.0
2021-01-11,11000.0,0.1,2.3,9660.0,0.1,949.0,0.1
2021-01-12,10300.0,0.1,4.0,9040.0,0.0,912.0,0.0
2021-01-13,9760.0,0.0,2.3,8510.0,0.0,860.0,0.0
2021-01-14,9150.0,0.0,4.3,7960.0,0.0,839.0,0.0
2021-01-15,8650.0,1.3,4.3,7640.0,2.0,816.0,3.0
2021-01-16,8460.0,3.7,4.3,7510.0,0.7,836.0,0.6
2021-01-17,8300.0,0.0,3.1,7260.0,0.0,798.0,0.0
2021-01-18,7910.0,0.3,3.8,6890.0,0.0,765.0,0.0
2021-01-19,7590.0,0.0,3.7,6600.0,0.0,723.0,0.0
2021-01-20,7120.0,0.0,4.2,6290.0,0.0,720.0,0.0
2021-01-21,6940.0,0.0,2.9,6130.0,0.0,678.0,0.0
2021-01-22,6710.0,0.0,6.0,5850.0,0.0,678.0,0.0
2021-01-23,6390.0,0.0,0.6,5610.0,0.0,675.0,0.0
2021-01-24,6180.0,0.0,-1.0,5460.0,0.0,651.0,0.0
2021-01-25,6020.0,6.1,3.5,5290.0,7.1,661.0,7.9
2021-01-26,7660.0,12.1,4.0,8000.0,11.1,1080.0,8.3
2021-01-27,13800.0,0.0,3.7,15600.0,0.0,950.0,0.0
2021-01-28,22400.0,2.6,1.1,22000.0,2.3,814.0,2.0
2021-01-29,19100.0,0.0,-2.0,15600.0,0.0,737.0,0.0
2021-01-30,15000.0,0.0,-2.0,12900.0,0.0,693.0,0.0
2021-01-31,13100.0,17.7,-0.5,11300.0,16.3,709.0,15.1
2021-02-01,12400.0,0.1,0.3,11000.0,0.0,805.0,0.2
2021-02-02,11900.0,1.0,1.6,10200.0,0.0,788.0,0.1
2021-02-03,11700.0,0.0,2.5,10200.0,0.0,849.0,0.0
2021-02-04,11400.0,0.0,2.1,9470.0,0.0,796.0,0.0
2021-02-05,10400.0,2.5,7.3,8630.0,1.8,755.0,2.0
2021-02-06,9800.0,0.0,5.8,8230.0,0.0,747.0,0.0
2021-02-07,10000.0,16.9,3.5,8450.0,15.5,911.0,11.4
2021-02-08,12700.0,0.0,0.4,11100.0,0.0,1160.0,0.0
2021-02-09,12800.0,3.9,4.0,10200.0,0.8,942.0,0.5
2021-02-10,11300.0,0.1,4.3,9320.0,0.2,855.0,0.3
2021-02-11,10400.0,9.2,2.9,8730.0,9.5,846.0,7.4
2021-02-12,10800.0,12.9,-0.7,9580.0,13.0,966.0,11.1
2021-02-13,12200.0,17.5,-1.0,11000.0,15.5,981.0,13.8
2021-02-14,14700.0,2.7,0.6,14400.0,1.2,1160.0,0.6
2021-02-15,19100.0,3.9,2.0,18000.0,2.3,1340.0,2.2
2021-02-16,34000.0,20.6,6.1,37000.0,26.1,4290.0,17.4
2021-02-17,44700.0,0.0,0.4,34700.0,0.0,3180.0,0.0
2021-02-18,32800.0,10.5,-0.8,28300.0,15.6,2160.0,18.7
2021-02-19,28300.0,6.8,0.2,23800.0,5.9,1820.0,4.0
2021-02-20,26500.0,0.0,-0.8,24200.0,0.0,1850.0,0.0
2021-02-21,25700.0,0.0,-1.6,22700.0,0.0,1490.0,0.0
2021-02-22,23700.0,13.8,1.7,21300.0,12.3,1740.0,11.8
2021-02-23,27200.0,0.0,7.3,24600.0,0.0,2240.0,0.0
2021-02-24,24400.0,0.0,8.8,20600.0,0.0,1770.0,0.0
2021-02-25,21100.0,0.0,11.2,18700.0,0.0,1540.0,0.0
2021-02-26,19200.0,0.3,4.9,17200.0,0.6,1390.0,0.8
2021-02-27,19500.0,23.6,6.4,18600.0,13.6,1820.0,10.7
2021-02-28,22700.0,5.8,9.5,22000.0,8.7,2630.0,13.7
2021-03-01,32400.0,6.9,12.5,35400.0,8.3,3710.0,7.0
2021-03-02,45000.0,0.0,5.4,42900.0,0.0,2970.0,0.0
2021-03-03,44400.0,0.0,5.3,38600.0,0.0,2170.0,0.0
2021-03-04,33700.0,0.0,8.5,29100.0,0.0,1780.0,0.0
2021-03-05,28000.0,0.0,3.3,24800.0,0.0,1490.0,0.0
2021-03-06,24100.0,0.0,3.8,21300.0,0.0,1340.0,0.0
2021-03-07,20700.0,0.0,2.5,18500.0,0.0,1190.0,0.0
2021-03-08,18200.0,0.0,2.9,15800.0,0.0,1110.0,0.0
2021-03-09,15000.0,0.0,8.6,13000.0,0.0,1040.0,0.0
2021-03-10,12800.0,0.0,12.0,11100.0,0.0,997.0,0.0
2021-03-11,11300.0,0.0,15.2,10100.0,0.0,955.0,0.0
2021-03-12,10400.0,1.8,16.2,9340.0,1.5,903.0,0.2
2021-03-13,9910.0,0.0,13.0,8990.0,0.0,913.0,0.0
2021-03-14,9450.0,0.0,10.2,8440.0,0.0,853.0,0.0
2021-03-15,8880.0,0.0,7.0,8080.0,0.0,821.0,0.0
2021-03-16,8640.0,8.5,4.7,7890.0,4.7,813.0,2.9
2021-03-17,8460.0,0.0,7.9,7740.0,0.0,791.0,0.0
2021-03-18,8750.0,12.4,11.0,7980.0,12.0,937.0,12.9
2021-03-19,11100.0,20.2,8.0,10400.0,19.0,1150.0,6.4
2021-03-20,13700.0,0.0,4.9,12600.0,0.0,945.0,0.0
2021-03-21,12400.0,0.0,7.0,10400.0,0.0,805.0,0.0
2021-03-22,10900.0,0.0,9.0,9700.0,0.0,772.0,0.0
2021-03-23,9960.0,0.3,11.6,8830.0,0.2,742.0,0.0
2021-03-24,9920.0,21.5,13.5,8570.0,3.6,778.0,1.8
2021-03-25,10600.0,0.0,16.2,8640.0,0.7,807.0,1.8
2021-03-26,9750.0,9.6,21.1,8250.0,7.6,813.0,1.7
2021-03-27,9260.0,0.2,15.8,8330.0,0.7,775.0,0.2
2021-03-28,9370.0,7.5,17.2,8650.0,4.5,870.0,4.9
2021-03-29,10400.0,1.0,11.6,10000.0,0.1,961.0,0.1
2021-03-30,11500.0,0.0,11.5,12100.0,0.0,813.0,0.0
2021-03-31,14700.0,33.6,16.2,14200.0,12.6,1090.0,15.2
2021-04-01,22900.0,6.9,10.4,22400.0,6.4,2550.0,8.2
2021-04-02,25000.0,0.0,3.1,19300.0,0.0,1740.0,0.0
2021-04-03,18800.0,0.0,4.5,16400.0,0.0,1270.0,0.0
2021-04-04,16300.0,0.0,11.2,14200.0,0.0,1110.0,0.0
2021-04-05,14400.0,0.0,13.9,12800.0,0.0,1020.0,0.0
2021-04-06,13300.0,0.0,15.9,11900.0,0.0,944.0,0.0
2021-04-07,12200.0,0.0,17.0,10700.0,0.0,901.0,0.0
2021-04-08,11000.0,0.0,16.8,9450.0,0.0,838.0,0.0
2021-04-09,10100.0,9.1,15.3,9560.0,3.5,1240.0,4.9
2021-04-10,12100.0,3.9,17.5,11500.0,0.4,1170.0,0.5
2021-04-11,12800.0,4.9,19.9,12700.0,7.4,1460.0,17.5
2021-04-12,16300.0,0.2,17.3,23800.0,0.0,1720.0,0.0
2021-04-13,35400.0,2.2,13.9,30300.0,0.0,1380.0,0.0
2021-04-14,24300.0,0.6,14.5,21100.0,1.1,1170.0,1.1
2021-04-15,21100.0,5.7,14.3,18900.0,7.1,1250.0,8.6
2021-04-16,18600.0,0.0,11.7,16200.0,0.0,1110.0,0.0
2021-04-17,15800.0,0.0,11.7,13900.0,0.0,992.0,0.0
2021-04-18,13700.0,0.2,13.1,12000.0,0.2,918.0,0.1
2021-04-19,12200.0,5.4,11.5,10900.0,4.6,927.0,8.1
2021-04-20,11900.0,0.0,13.9,10700.0,0.0,913.0,0.0
2021-04-21,11000.0,0.9,16.3,9470.0,0.4,810.0,0.5
2021-04-22,9790.0,0.0,7.7,8580.0,0.3,760.0,0.0
2021-04-23,9020.0,0.0,9.3,8000.0,0.0,727.0,0.0
2021-04-24,8580.0,2.8,11.5,7580.0,3.5,719.0,4.0
2021-04-25,8860.0,9.9,12.9,8420.0,11.5,1050.0,9.8
2021-04-26,10100.0,0.0,13.7,9080.0,0.0,893.0,0.0
2021-04-27,9300.0,0.0,18.6,7960.0,0.0,759.0,0.0
2021-04-28,8600.0,0.0,23.6,7580.0,0.0,709.0,0.0
2021-04-29,8120.0,0.4,25.1,7010.0,0.4,673.0,0.4
2021-04-30,7620.0,0.2,22.3,6650.0,0.0,651.0,0.2
2021-05-01,7170.0,0.0,14.8,6270.0,0.0,595.0,0.0
2021-05-02,6720.0,0.0,19.5,5880.0,0.0,574.0,0.0
2021-05-03,6540.0,6.9,21.7,5810.0,8.2,587.0,7.9
2021-05-04,6550.0,4.5,23.8,5980.0,2.0,635.0,1.3
2021-05-05,6870.0,3.7,22.9,6330.0,2.3,725.0,2.3
2021-05-06,7050.0,0.0,15.6,6410.0,0.0,594.0,0.0
2021-05-07,6880.0,1.1,12.9,6210.0,4.0,541.0,10.1
2021-05-08,6600.0,1.8,12.7,5760.0,0.2,582.0,0.3
2021-05-09,6410.0,0.0,15.0,5520.0,0.7,542.0,0.5
2021-05-10,5930.0,5.6,19.0,5260.0,4.0,521.0,3.6
2021-05-11,5800.0,0.0,15.5,5220.0,0.0,504.0,0.0
2021-05-12,5780.0,0.1,13.7,4960.0,0.0,479.0,0.0
2021-05-13,5310.0,0.0,14.2,4520.0,0.0,464.0,0.0
2021-05-14,5100.0,0.0,15.0,4560.0,0.0,456.0,0.0
2021-05-15,4950.0,0.0,17.0,4420.0,0.0,449.0,0.0
2021-05-16,4990.0,0.0,16.8,4520.0,0.0,437.0,0.2
2021-05-17,4690.0,0.0,17.5,3790.0,0.0,440.0,0.0
2021-05-18,4410.0,0.0,19.4,4070.0,0.0,441.0,0.0
2021-05-19,4480.0,0.0,21.0,4150.0,0.0,428.0,0.0
2021-05-20,4240.0,0.0,23.1,3670.0,0.0,400.0,0.0
2021-05-21,4240.0,0.0,20.9,3840.0,0.0,378.0,0.0
2021-05-22,3990.0,0.0,23.2,3360.0,0.0,359.0,0.0
2021-05-23,3680.0,0.0,25.9,3350.0,0.1,351.0,0.0
2021-05-24,3650.0,0.4,23.9,3200.0,1.0,343.0,0.3
2021-05-25,3580.0,0.6,19.8,3440.0,0.5,346.0,0.1
2021-05-26,3620.0,0.1,25.9,3010.0,0.6,379.0,0.1
2021-05-27,3350.0,1.2,26.4,3220.0,0.1,347.0,0.1
2021-05-28,3410.0,0.5,25.1,3060.0,0.2,320.0,1.1
2021-05-29,3810.0,24.6,18.9,3660.0,13.1,344.0,10.8
2021-05-30,4550.0,16.4,12.3,3370.0,3.3,381.0,2.4
2021-05-31,3960.0,0.0,15.3,3350.0,0.0,372.0,0.0
2021-06-01,3640.0,0.0,19.0,3180.0,0.0,334.0,0.0
2021-06-02,3470.0,0.3,20.7,3130.0,0.1,312.0,0.1
2021-06-03,3460.0,12.2,21.3,3050.0,2.9,304.0,2.7
2021-06-04,3470.0,4.5,22.7,3130.0,5.1,376.0,2.8
2021-06-05,3480.0,0.0,23.9,3060.0,0.0,387.0,0.0
2021-06-06,3320.0,0.0,25.7,2860.0,0.1,326.0,0.2
2021-06-07,3070.0,0.1,26.0,2940.0,0.6,285.0,1.1
2021-06-08,3080.0,0.2,26.0,2520.0,2.3,267.0,1.2
2021-06-09,2730.0,14.3,25.6,2640.0,2.4,290.0,14.8
2021-06-10,3080.0,1.2,23.9,2890.0,7.2,477.0,5.5
2021-06-11,4250.0,20.7,23.3,5270.0,15.6,1860.0,20.4
2021-06-12,7820.0,6.9,21.2,7560.0,3.9,1000.0,2.9
2021-06-13,9950.0,0.0,22.1,10400.0,0.0,573.0,0.0
2021-06-14,9870.0,0.9,23.8,9720.0,0.8,541.0,1.3
2021-06-15,9500.0,0.0,24.2,9280.0,0.0,504.0,0.0
2021-06-16,9270.0,0.0,22.3,9590.0,0.0,415.0,0.0
2021-06-17,8890.0,0.0,21.3,7570.0,0.0,336.0,0.0
2021-06-18,7170.0,0.0,22.2,6830.0,0.0,288.0,0.0
2021-06-19,6600.0,0.2,27.5,6330.0,0.3,265.0,0.0
2021-06-20,5920.0,0.0,27.6,4870.0,0.0,252.0,0.0
2021-06-21,4610.0,0.1,28.0,4040.0,0.3,246.0,0.1
2021-06-22,4010.0,13.8,25.2,3350.0,12.4,268.0,15.1
2021-06-23,3550.0,0.0,19.5,3380.0,0.1,382.0,0.8
2021-06-24,3670.0,0.0,20.1,3360.0,0.0,285.0,0.0
2021-06-25,3360.0,0.0,20.5,2800.0,0.0,228.0,0.0
2021-06-26,2890.0,1.0,24.3,2590.0,1.0,210.0,0.9
2021-06-27,2750.0,0.0,26.0,2530.0,0.0,210.0,0.1
2021-06-28,2640.0,0.3,27.4,2280.0,0.3,197.0,0.3
2021-06-29,2440.0,0.1,28.2,2430.0,0.1,182.0,0.3
2021-06-30,2500.0,0.0,29.4,1990.0,0.0,168.0,0.0
2021-07-01,2230.0,6.3,29.2,2150.0,4.3,160.0,4.2
2021-07-02,3550.0,40.0,23.3,3150.0,74.7,261.0,39.4
2021-07-03,4560.0,0.4,21.6,3430.0,0.3,311.0,0.0
2021-07-04,3910.0,0.0,22.9,3020.0,0.0,211.0,0.0
2021-07-05,3100.0,0.1,25.3,2380.0,0.0,171.0,0.0
2021-07-06,2580.0,0.0,27.4,2190.0,0.0,157.0,0.0
2021-07-07,2340.0,0.0,28.5,2010.0,0.0,142.0,0.0
2021-07-08,2240.0,20.1,25.8,1950.0,13.5,219.0,10.4
2021-07-09,2500.0,36.9,24.2,1910.0,4.0,192.0,6.9
2021-07-10,2180.0,0.0,25.5,2090.0,0.0,200.0,0.0
2021-07-11,2330.0,1.4,25.4,2070.0,2.3,177.0,2.3
2021-07-12,2170.0,0.0,27.3,1870.0,0.0,160.0,0.6
2021-07-13,2000.0,0.0,28.0,1940.0,0.0,146.0,0.6
2021-07-14,2030.0,0.1,27.6,1810.0,0.7,130.0,0.3
2021-07-15,1890.0,0.8,27.0,1730.0,0.0,118.0,0.1
2021-07-16,1800.0,0.0,28.4,1760.0,0.1,115.0,0.2
2021-07-17,1840.0,1.2,28.5,1800.0,3.4,119.0,0.4
2021-07-18,1850.0,5.4,27.2,1550.0,0.2,178.0,1.7
2021-07-19,1570.0,0.2,24.8,1480.0,0.4,160.0,0.0
2021-07-20,1530.0,0.0,25.0,1550.0,0.2,123.0,0.1
2021-07-21,1580.0,0.0,26.9,1550.0,0.0,103.0,0.0
2021-07-22,1570.0,0.2,25.1,1490.0,0.0,94.7,0.0
2021-07-23,1500.0,0.0,24.3,1420.0,0.0,85.3,0.0
2021-07-24,1420.0,0.3,24.3,1360.0,0.6,89.7,0.7
2021-07-25,1400.0,0.0,26.9,3810.0,0.2,145.0,0.2
2021-07-26,4470.0,5.4,27.3,2480.0,1.7,108.0,4.6
2021-07-27,2340.0,0.8,26.9,1770.0,6.4,98.0,1.3
2021-07-28,2040.0,0.6,27.4,1640.0,0.1,86.9,0.0
2021-07-29,1950.0,0.0,27.7,1900.0,0.0,105.0,0.5
2021-07-30,2260.0,0.9,28.7,1780.0,0.8,103.0,1.2
2021-07-31,1940.0,0.0,26.2,1400.0,0.0,81.6,0.0
2021-08-01,1870.0,12.6,24.3,1530.0,33.2,104.0,10.8
2021-08-02,1940.0,0.2,23.5,1450.0,0.1,76.2,0.3
2021-08-03,1740.0,0.0,21.8,1360.0,0.0,66.1,0.0
2021-08-04,1580.0,0.3,22.2,1290.0,0.1,58.5,0.0
2021-08-05,1490.0,0.0,22.5,1140.0,0.0,54.4,0.0
2021-08-06,1330.0,0.0,24.3,1150.0,0.0,46.9,0.0
2021-08-07,1950.0,78.4,21.0,1390.0,36.3,47.0,10.3
2021-08-08,3600.0,0.0,22.2,1460.0,0.0,46.3,0.0
2021-08-09,2390.0,0.0,25.8,1320.0,0.2,83.3,0.1
2021-08-10,1770.0,0.2,27.6,1370.0,0.4,80.9,1.0
2021-08-11,1800.0,1.4,27.9,1320.0,0.6,90.8,0.2
2021-08-12,1920.0,0.0,28.6,1380.0,0.0,118.0,0.0
2021-08-13,1740.0,0.1,29.2,1400.0,0.5,136.0,1.7
2021-08-14,1900.0,4.2,27.4,1870.0,5.1,218.0,2.2
2021-08-15,3030.0,15.8,24.7,2530.0,2.3,224.0,12.2
2021-08-16,3830.0,11.7,24.0,2550.0,16.0,273.0,15.9
2021-08-17,3670.0,2.4,25.8,2850.0,2.9,358.0,6.8
2021-08-18,4390.0,2.9,26.2,4910.0,8.7,634.0,23.5
2021-08-19,5010.0,0.2,27.7,3960.0,0.0,508.0,0.0
2021-08-20,5940.0,6.7,25.1,3850.0,7.3,573.0,15.0
2021-08-21,4640.0,3.3,23.9,4170.0,0.9,861.0,0.4
2021-08-22,4720.0,0.5,25.4,3640.0,0.0,450.0,0.0
2021-08-23,3830.0,0.3,26.4,3040.0,0.1,416.0,0.8
2021-08-24,3420.0,0.0,28.6,2850.0,0.0,261.0,0.0
2021-08-25,3060.0,0.0,28.3,2400.0,0.2,198.0,0.5
2021-08-26,2570.0,0.6,28.5,1930.0,0.7,189.0,0.1
2021-08-27,2150.0,0.9,28.3,1880.0,0.0,150.0,0.0
2021-08-28,2080.0,0.1,29.3,1760.0,0.0,143.0,0.0
2021-08-29,1960.0,1.5,26.4,1650.0,1.5,685.0,0.6
2021-08-30,2060.0,0.8,27.5,2490.0,0.0,487.0,0.3
2021-08-31,2650.0,0.5,26.8,2240.0,0.1,276.0,0.0
2021-09-01,2480.0,24.3,24.9,2550.0,16.4,1270.0,25.7
2021-09-02,3340.0,4.6,21.9,4750.0,3.0,1880.0,5.0
2021-09-03,6610.0,0.0,20.6,9560.0,0.0,765.0,0.0
2021-09-04,10500.0,0.0,21.2,9190.0,0.0,464.0,0.0
2021-09-05,7440.0,0.0,24.2,5630.0,0.0,339.0,0.0
2021-09-06,5060.0,1.3,25.6,3970.0,0.2,280.0,0.0
2021-09-07,3840.0,0.0,24.2,3160.0,0.0,246.0,0.0
2021-09-08,3270.0,3.5,24.2,2500.0,1.8,204.0,0.3
2021-09-09,2710.0,18.7,23.2,2170.0,4.3,182.0,2.4
2021-09-10,2440.0,0.0,21.1,2010.0,0.0,169.0,0.0
2021-09-11,2200.0,0.0,20.6,1840.0,0.0,155.0,0.0
2021-09-12,2040.0,0.0,23.8,1750.0,0.0,145.0,0.0
2021-09-13,1950.0,0.0,26.9,1660.0,0.0,135.0,0.0
2021-09-14,1840.0,0.0,26.9,1620.0,0.0,128.0,0.0
2021-09-15,1790.0,0.0,26.6,1540.0,0.0,127.0,0.0
2021-09-16,1780.0,4.6,24.5,1430.0,8.5,120.0,3.9
2021-09-17,1880.0,1.0,23.9,1490.0,2.6,150.0,4.0
2021-09-18,1770.0,0.2,24.0,1580.0,0.2,139.0,0.6
2021-09-19,1790.0,0.3,24.9,1580.0,0.1,134.0,0.1
2021-09-20,1770.0,0.0,22.6,1570.0,0.0,124.0,0.0
2021-09-21,1780.0,0.0,22.2,1500.0,0.2,115.0,1.2
2021-09-22,1770.0,13.3,22.9,1490.0,27.3,199.0,36.2
2021-09-23,2210.0,17.5,21.3,8200.0,19.8,1170.0,27.8
2021-09-24,27100.0,0.0,17.4,33400.0,0.0,937.0,0.0
2021-09-25,25700.0,0.0,17.2,19400.0,0.0,541.0,0.0
2021-09-26,13600.0,0.0,17.9,10100.0,0.0,383.0,0.0
2021-09-27,8490.0,0.0,18.5,6830.0,0.0,296.0,0.0
2021-09-28,6220.0,0.0,22.2,5160.0,0.4,245.0,0.0
2021-09-29,4840.0,0.7,20.0,3990.0,0.5,308.0,0.0
2021-09-30,4050.0,0.0,17.8,3430.0,0.0,228.0,0.0
2021-10-01,3540.0,0.0,17.2,3030.0,0.0,195.0,0.0
2021-10-02,3160.0,0.0,18.5,2610.0,0.0,172.0,0.0
2021-10-03,2800.0,0.0,22.4,2360.0,0.0,163.0,0.0
2021-10-04,2590.0,2.8,23.1,2160.0,1.2,159.0,1.1
2021-10-05,2410.0,5.0,22.2,2070.0,3.4,162.0,7.3
2021-10-06,2390.0,14.4,21.4,2150.0,8.6,229.0,9.6
2021-10-07,2640.0,0.0,20.2,3700.0,0.1,1210.0,0.3
2021-10-08,4610.0,0.0,19.9,4340.0,0.0,941.0,0.2
2021-10-09,4110.0,5.0,18.9,3230.0,5.0,599.0,3.2
2021-10-10,3320.0,2.6,19.9,2730.0,3.3,455.0,2.1
2021-10-11,2960.0,0.0,19.2,2510.0,0.0,378.0,0.0
2021-10-12,2740.0,1.3,19.2,2310.0,0.0,324.0,0.2
2021-10-13,2570.0,0.0,19.2,2200.0,0.0,289.0,0.0
2021-10-14,2490.0,0.0,20.0,2140.0,0.0,342.0,0.0
2021-10-15,2450.0,0.0,20.8,2090.0,0.0,254.0,0.0
2021-10-16,2390.0,4.1,21.4,1920.0,1.5,230.0,6.9
2021-10-17,2290.0,0.0,14.9,2220.0,0.0,226.0,0.0
2021-10-18,2460.0,0.0,14.4,1910.0,0.0,212.0,0.0
2021-10-19,2130.0,0.0,14.8,1680.0,0.0,196.0,0.0
2021-10-20,1940.0,0.0,16.5,1680.0,0.0,180.0,0.0
2021-10-21,1920.0,0.0,17.7,1600.0,0.0,171.0,0.0
2021-10-22,1850.0,1.2,19.9,1590.0,0.1,179.0,0.0
2021-10-23,1820.0,0.0,15.5,1570.0,0.0,173.0,0.0
2021-10-24,1810.0,0.0,15.5,1570.0,0.0,161.0,0.0
2021-10-25,1880.0,0.6,19.4,1600.0,4.0,175.0,8.8
2021-10-26,2150.0,26.9,16.5,2140.0,35.1,711.0,33.1
2021-10-27,2950.0,0.0,15.1,3550.0,0.0,387.0,0.0
2021-10-28,3700.0,0.0,14.8,2460.0,0.0,251.0,0.0
2021-10-29,3180.0,32.8,16.6,2190.0,38.0,1400.0,49.4
2021-10-30,6360.0,0.3,14.2,9880.0,1.6,3550.0,1.7
2021-10-31,9030.0,0.0,14.3,6420.0,0.1,1400.0,0.0
2021-11-01,5620.0,0.0,13.7,4420.0,0.0,903.0,0.0
2021-11-02,4770.0,2.7,9.3,4720.0,1.9,683.0,3.7
2021-11-03,4880.0,0.1,7.5,4390.0,0.0,605.0,0.5
2021-11-04,4520.0,0.0,7.8,3840.0,0.0,507.0,0.0
2021-11-05,3870.0,0.0,6.0,3230.0,0.0,439.0,0.0
2021-11-06,3410.0,0.0,7.1,2860.0,0.0,397.0,0.0
2021-11-07,3070.0,0.0,8.9,2630.0,0.0,370.0,0.0
2021-11-08,2910.0,0.0,11.3,2540.0,0.0,346.0,0.0
2021-11-09,2800.0,0.0,12.8,2410.0,0.0,322.0,0.0
2021-11-10,2700.0,0.0,15.1,2330.0,0.0,303.0,0.0
2021-11-11,2620.0,0.0,13.6,2240.0,0.0,290.0,0.0
2021-11-12,2570.0,8.5,17.3,2200.0,4.4,415.0,8.1
2021-11-13,2560.0,0.0,11.5,3020.0,0.0,711.0,0.0
2021-11-14,3930.0,0.0,6.0,4440.0,0.0,574.0,0.0
2021-11-15,4900.0,0.0,8.3,4690.0,0.0,506.0,0.0
2021-11-16,4650.0,0.0,6.9,4000.0,0.0,449.0,0.0
2021-11-17,4030.0,0.0,11.3,3500.0,0.0,408.0,0.0
2021-11-18,3650.0,0.0,16.8,3110.0,0.0,382.0,0.1
2021-11-19,3340.0,0.1,10.5,2930.0,0.2,347.0,1.2
2021-11-20,3160.0,0.0,3.9,2770.0,0.0,317.0,0.0
2021-11-21,3000.0,0.0,6.5,2610.0,0.0,298.0,0.0
2021-11-22,2800.0,4.2,10.9,2410.0,1.5,291.0,1.1
2021-11-23,2670.0,0.0,4.1,2400.0,0.0,289.0,0.0
2021-11-24,2650.0,0.0,2.7,2380.0,0.0,274.0,0.0
2021-11-25,2610.0,0.0,6.7,2310.0,0.0,266.0,0.0
2021-11-26,2570.0,4.7,9.2,2170.0,3.6,259.0,2.8
2021-11-27,2430.0,0.0,2.7,2160.0,0.0,257.0,0.0
2021-11-28,2440.0,0.0,8.1,2170.0,0.0,247.0,0.0
2021-11-29,2420.0,0.0,6.2,2080.0,0.0,245.0,0.0
2021-11-30,2340.0,0.0,4.9,2070.0,0.0,239.0,0.0
2021-12-01,2330.0,0.0,8.8,2030.0,0.0,233.0,0.0
2021-12-02,2290.0,0.0,12.9,2080.0,0.0,230.0,0.1
2021-12-03,2350.0,0.0,14.0,1910.0,0.0,230.0,0.0
2021-12-04,2160.0,0.0,9.4,1940.0,0.0,225.0,0.0
2021-12-05,2210.0,0.0,8.8,1960.0,0.0,220.0,0.0
2021-12-06,2220.0,0.0,13.1,1920.0,2.3,214.0,0.0
2021-12-07,2150.0,0.6,7.5,1900.0,0.6,210.0,0.0
2021-12-08,2150.0,0.8,3.5,1900.0,0.8,210.0,0.5
2021-12-09,2140.0,0.0,2.7,1900.0,0.0,204.0,0.0
2021-12-10,2120.0,1.3,6.4,1800.0,1.1,202.0,0.0
2021-12-11,2100.0,1.4,14.8,1870.0,0.2,207.0,2.0
2021-12-12,2200.0,6.2,9.8,1940.0,4.4,218.0,4.4
2021-12-13,2240.0,0.0,5.5,2050.0,0.0,221.0,0.0
2021-12-14,2300.0,0.0,7.3,2050.0,0.0,207.0,0.0
2021-12-15,2290.0,0.0,7.2,1940.0,0.0,206.0,0.0
2021-12-16,2180.0,0.0,10.9,1900.0,0.0,204.0,0.0
2021-12-17,2150.0,1.4,16.2,1890.0,0.4,205.0,0.7
2021-12-18,2170.0,2.8,13.6,1870.0,2.2,212.0,2.7
2021-12-19,2170.0,7.7,10.9,1920.0,7.1,215.0,3.4
2021-12-20,2200.0,0.0,1.5,1950.0,0.0,211.0,0.0
2021-12-21,2210.0,0.6,0.5,1950.0,0.0,203.0,0.0
2021-12-22,2200.0,4.0,4.9,1920.0,1.4,198.0,0.3
2021-12-23,2160.0,0.0,2.0,1890.0,0.0,198.0,0.0
2021-12-24,2140.0,0.0,7.1,1870.0,0.0,190.0,0.0
2021-12-25,2090.0,0.1,14.0,1790.0,0.9,192.0,1.1
2021-12-26,2050.0,0.0,16.3,1790.0,0.0,207.0,0.0
2021-12-27,2040.0,2.3,8.6,1800.0,0.0,206.0,0.2
2021-12-28,2030.0,0.0,12.1,1800.0,0.0,198.0,0.0
2021-12-29,2020.0,1.5,17.0,1770.0,2.2,188.0,2.5
2021-12-30,2060.0,12.6,12.2,1840.0,6.2,195.0,2.0
2021-12-31,2110.0,0.0,11.5,1890.0,0.0,198.0,0.3
2022-01-01,2170.0,6.2,16.9,1960.0,2.1,274.0,6.6
2022-01-02,2740.0,12.7,18.4,3140.0,12.5,706.0,26.3
2022-01-03,5860.0,41.4,4.6,5560.0,32.6,633.0,34.4
2022-01-04,7930.0,0.0,-3.7,8530.0,0.0,664.0,0.0
2022-01-05,11200.0,0.9,0.5,10200.0,0.0,538.0,0.0
2022-01-06,10100.0,0.0,6.3,8560.0,0.0,475.0,0.0
2022-01-07,8460.0,1.4,1.5,7130.0,2.1,509.0,3.2
2022-01-08,7380.0,0.0,-3.1,6530.0,0.0,509.0,0.0
2022-01-09,6690.0,0.2,3.6,5710.0,2.7,451.0,3.6
2022-01-10,6400.0,6.0,5.6,5910.0,3.8,561.0,1.6
2022-01-11,7070.0,0.0,-1.5,6390.0,0.0,605.0,0.0
2022-01-12,6600.0,0.0,0.4,6020.0,0.0,533.0,0.0
2022-01-13,6950.0,0.0,3.7,6960.0,0.0,498.0,0.0
2022-01-14,7060.0,0.0,4.6,6220.0,0.0,481.0,0.0
2022-01-15,6320.0,0.0,0.1,5730.0,0.0,467.0,0.0
2022-01-16,5940.0,11.9,-3.6,5090.0,13.6,430.0,13.2
2022-01-17,6710.0,18.9,2.5,5110.0,13.7,431.0,14.1
2022-01-18,6510.0,0.0,0.8,5240.0,0.0,570.0,0.0
2022-01-19,6090.0,0.0,3.1,4910.0,0.0,465.0,0.0
2022-01-20,5530.0,5.5,5.3,4690.0,6.5,549.0,5.8
2022-01-21,6080.0,0.6,-3.1,5850.0,0.0,774.0,0.0
2022-01-22,6860.0,1.5,-3.5,5790.0,0.8,644.0,0.1
2022-01-23,5960.0,0.0,-0.4,5390.0,0.0,558.0,0.0
2022-01-24,6160.0,0.0,1.9,5590.0,0.0,551.0,0.1
2022-01-25,5810.0,0.0,4.9,5030.0,0.0,505.0,0.0
2022-01-26,5270.0,0.0,-0.1,4780.0,0.0,509.0,0.0
2022-01-27,5150.0,0.0,-2.7,4720.0,0.0,485.0,0.0
2022-01-28,5010.0,0.1,1.1,4590.0,0.9,449.0,1.6
2022-01-29,5030.0,2.9,-1.2,4630.0,2.8,451.0,2.7
2022-01-30,4900.0,0.0,-3.7,4400.0,0.3,408.0,0.4
2022-01-31,4590.0,0.0,-0.7,4040.0,0.0,376.0,0.0
2022-02-01,4230.0,0.0,0.2,3720.0,0.0,386.0,0.0
2022-02-02,4080.0,0.0,2.2,3610.0,0.0,358.0,0.0
2022-02-03,3930.0,4.9,8.8,3550.0,9.7,404.0,10.5
2022-02-04,4430.0,24.1,14.9,5430.0,22.0,1660.0,15.7
2022-02-05,14100.0,3.3,2.2,24700.0,2.2,2630.0,0.8
2022-02-06,34900.0,0.0,-1.6,31400.0,0.0,1430.0,0.0
2022-02-07,24500.0,6.7,0.2,19500.0,2.7,1050.0,2.5
2022-02-08,16600.0,2.0,3.5,13700.0,2.0,878.0,0.9
2022-02-09,12800.0,0.0,4.1,10900.0,0.0,754.0,0.0
2022-02-10,10500.0,0.0,8.3,8910.0,0.0,666.0,0.0
2022-02-11,8870.0,0.0,9.0,7650.0,0.0,601.0,0.0
2022-02-12,7710.0,0.0,13.5,6660.0,0.0,545.0,0.0
2022-02-13,6880.0,1.5,5.4,5990.0,2.4,514.0,2.1
2022-02-14,6250.0,0.0,-0.5,5540.0,0.1,530.0,0.1
2022-02-15,5970.0,0.0,-1.4,5380.0,0.0,484.0,0.0
2022-02-16,5610.0,0.0,3.4,4920.0,0.0,449.0,0.0
2022-02-17,5200.0,0.0,14.2,4560.0,0.2,448.0,0.0
2022-02-18,5020.0,10.7,15.2,4370.0,10.5,509.0,16.7
2022-02-19,5000.0,0.0,3.4,4870.0,0.0,555.0,0.0
2022-02-20,5490.0,0.0,0.7,4950.0,0.0,497.0,0.0
2022-02-21,5380.0,0.0,7.0,5410.0,0.0,484.0,0.0
2022-02-22,6070.0,0.7,14.3,5640.0,0.9,475.0,1.3
2022-02-23,6070.0,5.6,17.2,5500.0,4.5,486.0,3.2
2022-02-24,6040.0,5.1,7.0,5530.0,3.9,481.0,3.3
2022-02-25,5840.0,2.4,6.8,5360.0,3.8,454.0,2.1
2022-02-26,6040.0,0.0,4.7,6210.0,0.0,456.0,0.0
2022-02-27,7760.0,0.0,5.8,8850.0,0.0,428.0,0.0
2022-02-28,9620.0,0.0,6.1,9180.0,0.0,415.0,0.0
2022-03-01,9240.0,0.0,6.4,8470.0,0.0,389.0,0.0
2022-03-02,8300.0,0.0,11.8,7650.0,0.0,382.0,0.0
2022-03-03,7530.0,0.0,13.6,6790.0,0.0,379.0,0.0
2022-03-04,6590.0,0.0,5.7,5980.0,0.0,366.0,0.0
2022-03-05,6090.0,0.0,9.1,5490.0,0.0,349.0,0.0
2022-03-06,5520.0,0.0,18.6,4960.0,0.0,342.0,1.0
2022-03-07,5100.0,0.2,21.3,4450.0,2.1,348.0,2.1
2022-03-08,4730.0,4.1,13.1,4410.0,5.5,361.0,1.6
2022-03-09,5350.0,29.6,7.8,4580.0,18.9,436.0,10.7
2022-03-10,5970.0,0.0,6.6,5710.0,0.0,552.0,0.0
2022-03-11,6970.0,0.0,8.5,6720.0,0.0,468.0,0.0
2022-03-12,9200.0,23.6,5.3,9080.0,19.4,613.0,17.3
2022-03-13,12100.0,0.0,-0.4,10800.0,0.0,821.0,0.0
2022-03-14,11200.0,0.0,7.6,9350.0,0.0,632.0,0.0
2022-03-15,9470.0,0.0,11.5,8040.0,0.0,570.0,0.0
2022-03-16,8230.0,0.0,13.4,7500.0,0.1,549.0,0.0
2022-03-17,9910.0,24.5,12.8,11100.0,22.5,1720.0,25.4
2022-03-18,22500.0,0.0,14.4,18600.0,0.0,1720.0,0.0
2022-03-19,15300.0,0.1,18.6,11000.0,0.3,1030.0,0.3
2022-03-20,10800.0,0.0,15.5,9010.0,0.0,834.0,0.0
2022-03-21,9180.0,0.0,12.0,7740.0,0.0,699.0,0.0
2022-03-22,7700.0,0.0,15.3,6380.0,0.0,630.0,0.0
2022-03-23,6870.0,6.2,13.4,5880.0,7.7,622.0,12.1
2022-03-24,9500.0,22.1,18.5,16000.0,9.7,3130.0,12.6
2022-03-25,23300.0,2.5,15.1,18400.0,4.0,1520.0,0.2
2022-03-26,15000.0,0.2,9.7,11900.0,0.1,991.0,0.5
2022-03-27,11500.0,0.0,6.1,9740.0,0.0,777.0,0.0
2022-03-28,9420.0,0.0,3.6,8080.0,0.0,666.0,0.0
2022-03-29,8140.0,0.0,1.4,7180.0,0.0,601.0,0.0
2022-03-30,7280.0,0.5,8.8,6370.0,0.4,560.0,1.1
2022-03-31,6830.0,5.1,17.0,5820.0,7.3,549.0,5.7
2022-04-01,6560.0,0.2,15.1,5670.0,1.2,583.0,0.1
2022-04-02,6500.0,0.0,8.4,5900.0,0.0,572.0,0.0
2022-04-03,6160.0,0.0,13.0,5340.0,0.0,515.0,0.2
2022-04-04,5840.0,0.0,9.7,5390.0,0.0,487.0,0.0
2022-04-05,5810.0,0.1,14.3,5220.0,0.9,471.0,1.6
2022-04-06,6140.0,19.6,16.6,6000.0,21.0,835.0,14.1
2022-04-07,7580.0,8.1,13.6,7730.0,9.7,1080.0,7.8
2022-04-08,10400.0,0.1,11.9,13300.0,0.0,1390.0,0.1
2022-04-09,18000.0,0.1,10.2,18900.0,0.3,1200.0,0.2
2022-04-10,18900.0,0.0,9.0,17100.0,0.0,992.0,0.1
2022-04-11,16200.0,0.0,11.5,14500.0,0.0,822.0,0.0
2022-04-12,13700.0,0.0,19.0,12200.0,0.0,712.0,0.2
2022-04-13,11600.0,0.5,22.1,10500.0,0.0,653.0,0.0
2022-04-14,10200.0,0.3,23.1,9300.0,0.6,606.0,1.5
2022-04-15,9000.0,0.4,17.7,8100.0,0.3,568.0,0.0
2022-04-16,7800.0,0.0,18.0,7040.0,0.0,516.0,0.0
2022-04-17,6870.0,0.0,16.0,6210.0,0.0,487.0,0.0
2022-04-18,6340.0,26.4,8.9,5860.0,24.4,526.0,26.1
2022-04-19,7190.0,3.5,8.2,6910.0,0.6,959.0,9.7
2022-04-20,8530.0,0.0,9.1,7940.0,0.0,741.0,0.0
2022-04-21,8180.0,0.0,12.8,7870.0,0.0,630.0,0.0
2022-04-22,8190.0,0.0,18.4,7580.0,0.0,599.0,0.0
2022-04-23,7620.0,0.0,18.7,7280.0,0.0,571.0,0.0
2022-04-24,7280.0,0.0,23.9,6800.0,0.0,541.0,0.0
2022-04-25,6890.0,0.0,23.6,6380.0,0.0,512.0,0.0
2022-04-26,6390.0,9.3,20.5,6200.0,15.0,488.0,10.7
2022-04-27,6780.0,0.9,14.2,6420.0,0.9,677.0,0.6
2022-04-28,6480.0,0.0,10.6,5900.0,0.0,574.0,0.0
2022-04-29,5770.0,0.0,12.0,5200.0,0.0,498.0,0.0
2022-04-30,5200.0,0.8,13.9,4740.0,0.0,465.0,0.0
2022-05-01,4890.0,5.5,16.0,4540.0,2.3,448.0,0.1
2022-05-02,4690.0,2.4,21.5,4360.0,10.2,449.0,10.9
2022-05-03,4540.0,0.0,20.6,4250.0,0.1,429.0,0.0
2022-05-04,4370.0,0.4,21.8,4020.0,1.4,443.0,2.8
2022-05-05,4260.0,0.0,19.6,4110.0,0.0,489.0,0.0
2022-05-06,4320.0,11.1,17.3,3950.0,7.2,443.0,9.3
2022-05-07,5350.0,12.7,15.3,5240.0,19.5,1220.0,22.5
2022-05-08,6960.0,2.3,9.5,6900.0,0.9,1210.0,0.2
2022-05-09,9710.0,0.0,12.3,13500.0,0.0,891.0,0.0
2022-05-10,14700.0,0.0,14.7,13200.0,0.0,724.0,0.0
2022-05-11,12300.0,0.0,15.4,11300.0,0.0,624.0,0.0
2022-05-12,10900.0,1.2,16.4,10000.0,0.6,560.0,1.0
2022-05-13,9130.0,20.4,18.4,8040.0,10.3,552.0,6.2
2022-05-14,7920.0,10.8,19.0,8460.0,11.6,2460.0,1.6
2022-05-15,9920.0,0.9,21.0,9360.0,0.0,2240.0,0.5
2022-05-16,9080.0,6.4,22.8,8500.0,3.8,2070.0,3.3
2022-05-17,8360.0,0.0,22.1,7550.0,0.0,1190.0,0.0
2022-05-18,7200.0,0.0,21.2,6640.0,0.0,878.0,0.0
2022-05-19,6380.0,2.8,24.9,5830.0,0.4,746.0,1.0
2022-05-20,5680.0,3.1,26.2,5090.0,0.2,659.0,0.0
2022-05-21,5040.0,0.0,28.9,4560.0,0.0,576.0,0.0
2022-05-22,4570.0,0.7,26.5,4230.0,0.5,511.0,1.2
2022-05-23,4160.0,0.7,22.6,3770.0,1.3,554.0,2.4
2022-05-24,4600.0,41.7,15.6,5000.0,46.5,998.0,36.2
2022-05-25,8380.0,0.6,15.9,11200.0,0.1,1240.0,0.0
2022-05-26,12400.0,0.3,18.5,12900.0,0.0,828.0,0.2
2022-05-27,13100.0,19.9,20.2,11300.0,18.8,929.0,23.4
2022-05-28,18500.0,13.5,20.7,24700.0,1.3,2140.0,0.7
2022-05-29,29400.0,0.0,21.4,27900.0,0.0,1510.0,0.0
2022-05-30,24200.0,0.0,24.0,19900.0,0.0,1080.0,0.0
2022-05-31,16700.0,0.0,26.2,14100.0,0.0,870.0,0.0
2022-06-01,12400.0,0.0,27.7,10700.0,0.0,717.0,0.0
2022-06-02,9790.0,0.0,27.8,8880.0,0.0,739.0,0.0
2022-06-03,8480.0,0.0,24.2,8110.0,0.1,769.0,0.0
2022-06-04,7800.0,0.0,22.6,7260.0,0.0,625.0,0.0
2022-06-05,6750.0,0.0,22.3,6030.0,0.0,533.0,0.0
2022-06-06,5560.0,0.0,21.2,5030.0,0.0,473.0,0.0
2022-06-07,4790.0,0.1,22.9,4370.0,0.0,435.0,2.1
2022-06-08,4260.0,0.6,26.1,4000.0,7.3,431.0,10.6
2022-06-09,4240.0,11.0,25.9,4120.0,1.1,507.0,0.3
2022-06-10,4260.0,0.0,22.3,4090.0,0.0,516.0,0.0
2022-06-11,4070.0,1.4,22.9,3710.0,0.1,415.0,0.0
2022-06-12,5020.0,2.0,23.7,6400.0,6.3,469.0,13.1
2022-06-13,9270.0,0.1,27.1,6900.0,1.1,588.0,0.0
2022-06-14,6360.0,3.8,27.0,4530.0,5.3,484.0,0.7
2022-06-15,4740.0,0.0,26.4,3840.0,0.0,440.0,0.0
2022-06-16,4050.0,2.4,26.0,3550.0,0.2,397.0,1.7
2022-06-17,4080.0,0.1,29.6,4130.0,0.4,387.0,0.1
2022-06-18,4320.0,0.0,25.4,3330.0,0.0,341.0,0.0
2022-06-19,3360.0,0.0,21.4,2940.0,0.0,283.0,0.0
2022-06-20,3020.0,0.0,21.6,2880.0,0.0,244.0,0.0
2022-06-21,2930.0,0.0,23.0,2720.0,0.0,229.0,0.0
2022-06-22,2730.0,2.5,25.5,2540.0,0.8,232.0,0.4
2022-06-23,2890.0,22.1,23.0,5080.0,17.4,2150.0,12.5
2022-06-24,6300.0,0.0,22.5,5440.0,0.1,846.0,0.0
2022-06-25,4400.0,0.0,24.6,3520.0,0.0,501.0,0.0
2022-06-26,3260.0,0.5,26.1,2840.0,0.5,380.0,1.5
2022-06-27,2850.0,21.6,24.6,2840.0,6.8,464.0,5.5
2022-06-28,3360.0,0.0,22.3,3540.0,0.0,438.0,0.0
2022-06-29,3260.0,0.1,23.0,2710.0,0.0,328.0,0.0
2022-06-30,2640.0,0.0,26.6,2330.0,0.0,278.0,0.0
2022-07-01,2350.0,0.1,28.1,2110.0,0.0,250.0,0.0
2022-07-02,2110.0,0.2,28.4,2030.0,0.1,228.0,1.9
2022-07-03,2030.0,0.3,27.3,1970.0,0.2,214.0,1.3
2022-07-04,1970.0,0.0,26.7,2190.0,0.0,208.0,0.0
2022-07-05,2120.0,0.5,27.1,2010.0,0.9,184.0,3.5
2022-07-06,1930.0,1.2,29.2,1940.0,1.1,173.0,0.9
2022-07-07,1900.0,2.5,27.5,2020.0,2.8,171.0,2.7
2022-07-08,2110.0,1.0,26.2,3120.0,0.8,180.0,0.8
2022-07-09,3110.0,11.2,24.6,3650.0,5.2,1370.0,7.2
2022-07-10,3660.0,9.5,21.0,3760.0,4.0,745.0,9.0
2022-07-11,3310.0,0.0,22.2,2940.0,0.0,432.0,0.0
2022-07-12,2650.0,0.0,26.2,2530.0,0.0,303.0,0.2
2022-07-13,2350.0,1.2,27.5,2340.0,1.8,264.0,2.1
2022-07-14,2190.0,0.1,26.9,2290.0,0.0,346.0,0.0
2022-07-15,2150.0,4.1,25.2,2350.0,0.2,722.0,0.2
2022-07-16,2360.0,3.4,24.5,2650.0,0.3,444.0,0.8
2022-07-17,2350.0,1.5,25.8,2080.0,3.4,722.0,4.0
2022-07-18,2020.0,0.3,28.4,2430.0,0.1,655.0,0.1
2022-07-19,2290.0,1.1,27.8,2550.0,0.4,986.0,2.6
2022-07-20,2420.0,0.2,28.7,2560.0,0.1,627.0,0.0
2022-07-21,2240.0,2.0,29.8,2220.0,1.1,444.0,0.0
2022-07-22,2000.0,0.0,28.9,1950.0,0.0,355.0,0.0
2022-07-23,1770.0,0.0,30.0,1840.0,0.0,296.0,0.0
2022-07-24,1670.0,0.6,29.8,2060.0,0.1,227.0,0.1
2022-07-25,1840.0,1.1,28.6,1670.0,3.1,232.0,0.5
2022-07-26,1570.0,6.9,26.6,1860.0,5.6,565.0,5.0
2022-07-27,1980.0,4.5,27.1,2090.0,2.6,305.0,6.2
2022-07-28,2120.0,0.0,29.5,2350.0,0.7,299.0,0.3
2022-07-29,2240.0,1.7,28.6,2380.0,3.3,278.0,2.2
2022-07-30,2640.0,0.1,26.5,2830.0,0.0,358.0,0.5
2022-07-31,3070.0,2.0,24.8,3560.0,16.4,293.0,10.4
2022-08-01,3690.0,12.8,25.2,3450.0,22.9,426.0,14.3
2022-08-02,3620.0,0.0,27.6,3870.0,0.0,374.0,0.0
2022-08-03,3890.0,0.0,27.4,3820.0,0.0,266.0,0.0
2022-08-04,3040.0,16.6,27.5,2650.0,5.3,214.0,9.1
2022-08-05,2420.0,15.9,26.4,2520.0,9.9,184.0,6.1
2022-08-06,3790.0,8.6,25.1,3000.0,3.1,385.0,2.5
2022-08-07,3610.0,0.4,26.8,2920.0,0.1,262.0,0.1
2022-08-08,2700.0,0.0,28.2,2690.0,0.0,205.0,0.0
2022-08-09,2500.0,0.1,29.3,2970.0,0.4,245.0,0.0
2022-08-10,2590.0,6.1,27.9,2800.0,7.3,290.0,9.3
2022-08-11,2920.0,15.2,24.7,3060.0,12.3,345.0,10.2
2022-08-12,2770.0,1.0,24.4,3140.0,0.6,330.0,1.5
2022-08-13,2750.0,0.0,22.9,2880.0,0.0,209.0,0.0
2022-08-14,2610.0,0.2,22.8,3120.0,0.0,159.0,0.1
2022-08-15,2510.0,11.3,20.1,2290.0,21.6,152.0,18.9
2022-08-16,1980.0,0.1,20.9,2050.0,2.5,267.0,2.4
2022-08-17,1810.0,0.1,21.7,2380.0,0.0,290.0,0.0
2022-08-18,2110.0,0.0,22.7,2540.0,0.1,224.0,0.1
2022-08-19,2100.0,0.0,24.3,2340.0,0.0,190.0,0.1
2022-08-20,1970.0,0.8,24.6,2390.0,0.2,202.0,0.1
2022-08-21,2010.0,6.4,24.8,2320.0,10.5,424.0,11.0
2022-08-22,2940.0,1.3,25.3,7580.0,3.1,901.0,3.1
2022-08-23,7670.0,0.0,25.4,7520.0,0.0,495.0,0.0
2022-08-24,5830.0,0.0,25.5,5500.0,0.0,303.0,0.0
2022-08-25,4240.0,0.0,26.6,4070.0,0.0,225.0,0.2
2022-08-26,3150.0,0.2,26.5,2840.0,0.2,191.0,0.9
2022-08-27,2280.0,4.1,26.7,2630.0,0.2,173.0,0.2
2022-08-28,2180.0,0.0,26.2,2390.0,0.0,178.0,0.2
2022-08-29,1970.0,0.1,27.2,2150.0,0.0,157.0,0.0
2022-08-30,1770.0,0.5,27.6,1930.0,2.4,144.0,1.9
2022-08-31,1610.0,0.7,26.2,1920.0,0.7,180.0,1.2
2022-09-01,1600.0,0.0,25.0,1930.0,0.0,162.0,0.0
2022-09-02,1580.0,0.0,25.4,1840.0,0.0,131.0,0.0
2022-09-03,1520.0,0.3,26.1,1730.0,0.7,114.0,0.7
2022-09-04,1440.0,0.1,26.2,1950.0,0.1,104.0,0.6
2022-09-05,1600.0,0.6,25.6,1730.0,5.1,98.9,7.8
2022-09-06,1420.0,9.4,25.8,1630.0,19.6,136.0,13.6
2022-09-07,1390.0,1.4,24.3,1630.0,0.3,272.0,3.2
2022-09-08,1440.0,0.1,22.6,2450.0,1.3,489.0,2.3
2022-09-09,2230.0,0.0,22.5,3440.0,0.0,417.0,0.0
2022-09-10,2780.0,0.0,22.4,3100.0,0.0,256.0,0.1
2022-09-11,2660.0,9.4,23.7,2650.0,18.3,253.0,21.8
2022-09-12,2680.0,4.2,24.5,2800.0,3.3,292.0,3.3
2022-09-13,2570.0,6.7,23.3,3510.0,8.1,601.0,6.4
2022-09-14,3110.0,0.0,20.8,3610.0,0.0,413.0,0.0
2022-09-15,2820.0,0.0,21.4,2930.0,0.0,263.0,0.0
2022-09-16,2340.0,0.0,20.9,2560.0,0.0,208.0,0.0
2022-09-17,2050.0,0.0,20.8,2270.0,0.0,183.0,0.0
2022-09-18,1820.0,0.0,21.8,2020.0,0.0,165.0,0.0
2022-09-19,1640.0,0.0,23.8,1890.0,0.0,156.0,0.0
2022-09-20,1550.0,0.1,24.7,1790.0,0.0,146.0,0.0
2022-09-21,1460.0,0.0,23.7,1730.0,0.0,135.0,0.0
2022-09-22,1410.0,1.1,24.7,1600.0,0.4,136.0,0.5
2022-09-23,1290.0,0.0,17.2,1570.0,0.0,117.0,0.0
2022-09-24,1270.0,0.0,16.8,1640.0,0.0,100.0,0.0
2022-09-25,1340.0,0.4,21.1,1730.0,0.0,87.7,0.0
2022-09-26,1430.0,0.1,20.9,1690.0,0.0,90.5,0.0
2022-09-27,1370.0,0.0,19.1,1480.0,0.0,93.3,0.0
2022-09-28,1210.0,0.0,15.9,1410.0,0.0,86.4,0.0
2022-09-29,1160.0,0.0,16.0,1280.0,0.0,84.1,0.0
2022-09-30,1130.0,19.2,14.6,1370.0,20.9,80.5,13.0
2022-10-01,1400.0,21.3,17.4,1540.0,19.1,186.0,22.1
2022-10-02,1430.0,8.2,14.5,1940.0,13.7,290.0,5.8
2022-10-03,1900.0,6.7,11.2,3220.0,2.6,428.0,0.9
2022-10-04,3000.0,0.7,10.5,3750.0,0.4,337.0,0.1
2022-10-05,3220.0,0.1,14.1,4060.0,0.0,223.0,0.0
2022-10-06,3240.0,0.0,17.3,3260.0,0.0,176.0,0.0
2022-10-07,2610.0,0.0,17.3,2790.0,0.0,157.0,0.0
2022-10-08,2220.0,0.0,14.8,2330.0,0.0,140.0,0.0
2022-10-09,1890.0,0.0,11.0,2000.0,0.0,125.0,0.0
2022-10-10,1650.0,0.0,12.3,1930.0,0.0,120.0,0.0
2022-10-11,1580.0,0.0,13.2,1730.0,0.0,117.0,0.0
2022-10-12,1450.0,0.0,15.1,1720.0,0.0,116.0,0.0
2022-10-13,1500.0,6.5,18.6,1700.0,10.6,130.0,4.3
2022-10-14,1500.0,1.2,16.4,1680.0,2.2,155.0,0.5
2022-10-15,1470.0,0.0,15.8,1890.0,0.0,145.0,0.0
2022-10-16,1680.0,0.7,18.9,2210.0,2.5,131.0,7.5
2022-10-17,2080.0,16.9,16.8,1920.0,12.7,147.0,17.5
2022-10-18,1740.0,0.0,11.6,1830.0,0.0,159.0,0.0
2022-10-19,1660.0,0.0,8.3,2130.0,0.0,142.0,0.0
2022-10-20,1860.0,0.0,9.1,2060.0,0.0,126.0,0.0
2022-10-21,1750.0,0.0,10.7,1910.0,0.0,124.0,0.0
2022-10-22,1650.0,0.0,11.9,1840.0,0.0,119.0,0.0
2022-10-23,1590.0,0.5,12.2,1780.0,0.0,117.0,0.1
2022-10-24,1550.0,0.0,15.6,1700.0,0.0,118.0,0.0
2022-10-25,1490.0,0.0,14.3,1630.0,0.0,121.0,0.0
2022-10-26,1430.0,0.1,15.6,1580.0,1.9,123.0,2.6
2022-10-27,1380.0,0.0,14.5,1580.0,0.0,126.0,0.0
2022-10-28,1390.0,0.0,12.1,1580.0,0.0,121.0,0.0
2022-10-29,1390.0,0.0,12.7,1560.0,0.0,121.0,0.0
2022-10-30,1360.0,0.0,10.6,1550.0,0.0,118.0,0.0
2022-10-31,1360.0,0.4,14.8,1540.0,4.9,121.0,5.8
2022-11-01,1370.0,8.1,18.5,1580.0,4.9,150.0,0.4
2022-11-02,1400.0,0.0,16.0,1680.0,0.0,159.0,0.0
2022-11-03,1480.0,0.0,15.2,1750.0,0.0,154.0,0.0
2022-11-04,1550.0,0.0,15.6,1700.0,0.0,141.0,0.0
2022-11-05,1530.0,0.0,19.5,1610.0,0.1,132.0,0.2
2022-11-06,1490.0,0.4,21.7,1620.0,14.3,143.0,4.0
2022-11-07,1500.0,0.0,21.2,1690.0,0.0,179.0,0.1
2022-11-08,1560.0,0.0,14.4,2100.0,0.0,189.0,0.0
2022-11-09,1980.0,0.0,10.9,2410.0,0.0,166.0,0.0
2022-11-10,2210.0,0.3,13.0,2200.0,0.0,147.0,0.0
2022-11-11,2100.0,16.6,18.5,2120.0,25.9,453.0,22.1
2022-11-12,2480.0,4.9,20.0,8550.0,5.7,2310.0,7.2
2022-11-13,17200.0,0.9,12.5,21000.0,1.8,1190.0,0.0
2022-11-14,18900.0,0.0,5.4,16000.0,0.0,718.0,0.0
2022-11-15,12200.0,2.7,5.1,9960.0,8.7,563.0,8.8
2022-11-16,9150.0,21.5,7.4,9740.0,6.2,2080.0,6.4
2022-11-17,12000.0,0.0,5.1,13400.0,0.0,1250.0,0.0
2022-11-18,13800.0,0.0,2.8,13100.0,0.0,818.0,0.0
2022-11-19,11000.0,0.0,4.5,9500.0,0.0,654.0,0.0
2022-11-20,8090.0,0.0,4.2,7320.0,0.0,557.0,0.0
2022-11-21,6390.0,0.0,1.6,5990.0,0.0,483.0,0.0
2022-11-22,5370.0,0.0,5.3,5090.0,0.0,432.0,0.0
2022-11-23,4610.0,0.0,7.7,4490.0,0.0,399.0,0.0
2022-11-24,4110.0,0.0,7.2,3950.0,0.0,374.0,0.0
2022-11-25,3720.0,9.6,10.0,3670.0,1.3,353.0,0.1
2022-11-26,3440.0,0.0,8.6,3360.0,0.0,340.0,0.0
2022-11-27,3330.0,15.5,11.4,3240.0,10.0,328.0,11.6
2022-11-28,3510.0,0.0,14.2,3250.0,0.0,352.0,0.0
2022-11-29,3290.0,0.0,7.5,3260.0,0.0,329.0,0.0
2022-11-30,3260.0,13.0,10.9,3140.0,12.2,335.0,10.4
2022-12-01,3270.0,0.0,6.2,3400.0,0.0,408.0,0.0
2022-12-02,3630.0,0.0,3.4,3970.0,0.0,349.0,0.0
2022-12-03,3730.0,9.9,12.0,3480.0,8.8,327.0,5.1
2022-12-04,3500.0,0.0,7.4,3690.0,0.1,364.0,0.0
2022-12-05,3810.0,0.0,3.1,4070.0,0.0,331.0,0.0
2022-12-06,3850.0,0.8,7.5,3860.0,2.9,310.0,3.4
2022-12-07,4010.0,6.5,13.8,4170.0,6.4,356.0,4.8
2022-12-08,4720.0,2.2,13.1,5660.0,0.0,389.0,0.0
2022-12-09,6470.0,0.7,8.5,8180.0,1.7,359.0,0.5
2022-12-10,8580.0,0.0,5.1,8330.0,0.0,334.0,0.0
2022-12-11,7490.0,0.1,7.5,7420.0,0.0,315.0,0.1
2022-12-12,7170.0,0.0,6.3,7330.0,0.0,309.0,0.0
2022-12-13,6670.0,0.0,2.8,6530.0,0.0,299.0,0.0
2022-12-14,5860.0,0.0,0.9,5690.0,0.0,282.0,0.0
2022-12-15,6700.0,47.6,4.1,6790.0,39.5,1060.0,32.6
2022-12-16,15900.0,0.3,5.9,17200.0,0.0,2830.0,0.0
2022-12-17,18700.0,0.0,4.6,18000.0,0.0,1160.0,0.0
2022-12-18,18100.0,0.0,2.9,15600.0,0.0,796.0,0.0
2022-12-19,13100.0,0.0,0.6,11400.0,0.0,661.0,0.0
2022-12-20,10000.0,0.0,0.0,9150.0,0.0,587.0,0.0
2022-12-21,8220.0,0.0,0.1,7610.0,0.0,529.0,0.0
2022-12-22,7300.0,17.8,4.0,7330.0,35.1,956.0,43.7
2022-12-23,21300.0,5.1,2.8,30900.0,6.4,6090.0,11.9
2022-12-24,33300.0,0.0,-9.6,27000.0,0.0,2650.0,0.0
2022-12-25,23800.0,0.0,-4.2,20500.0,0.0,1390.0,0.0
2022-12-26,17000.0,0.0,-2.6,14500.0,0.0,1000.0,0.0
2022-12-27,12400.0,0.0,-0.3,11100.0,0.0,823.0,0.0
2022-12-28,10100.0,0.0,1.6,9340.0,0.0,723.0,0.0
2022-12-29,8550.0,0.0,4.5,8050.0,0.0,661.0,0.0
2022-12-30,7470.0,0.0,8.9,7060.0,0.0,611.0,0.0
2022-12-31,6670.0,5.1,12.9,6430.0,10.3,596.0,9.5
2023-01-01,7030.0,2.5,12.6,7280.0,2.7,790.0,1.0
2023-01-02,8370.0,0.0,12.1,8040.0,0.0,672.0,0.0
2023-01-03,7410.0,0.0,14.7,6750.0,0.4,597.0,0.0
2023-01-04,6400.0,3.1,16.8,6160.0,4.8,562.0,5.6
2023-01-05,6030.0,0.4,14.7,5910.0,0.0,538.0,0.1
2023-01-06,5690.0,0.0,9.3,5510.0,0.0,510.0,0.0
2023-01-07,5220.0,0.0,5.2,5140.0,0.0,479.0,0.0
2023-01-08,5010.0,1.3,2.2,4900.0,0.8,454.0,0.8
2023-01-09,5270.0,9.2,5.3,5030.0,7.4,496.0,5.3
2023-01-10,5510.0,0.0,2.4,5490.0,0.0,487.0,0.0
2023-01-11,5550.0,0.1,2.2,5220.0,0.0,453.0,0.0
2023-01-12,5100.0,0.0,8.3,4800.0,0.0,447.0,0.0
2023-01-13,5520.0,9.6,11.9,5680.0,34.7,654.0,18.4
2023-01-14,7170.0,0.0,3.1,7570.0,0.0,633.0,0.0
2023-01-15,7440.0,0.0,1.1,6980.0,0.0,541.0,0.0
2023-01-16,6980.0,0.0,3.3,6960.0,0.0,493.0,0.0
2023-01-17,6740.0,3.8,7.2,6520.0,5.7,489.0,6.4
2023-01-18,6310.0,0.0,9.9,6270.0,0.0,531.0,0.0
2023-01-19,6160.0,3.6,10.1,6030.0,0.5,494.0,1.9
2023-01-20,5790.0,0.2,12.0,5790.0,0.1,496.0,0.5
2023-01-21,5630.0,0.0,4.6,5550.0,0.0,465.0,0.0
2023-01-22,5280.0,4.2,2.9,5120.0,4.5,428.0,2.8
2023-01-23,5310.0,9.2,6.1,5140.0,6.5,486.0,4.3
2023-01-24,5270.0,0.0,4.2,5220.0,0.0,505.0,0.0
2023-01-25,5360.0,8.3,4.5,5050.0,16.7,535.0,18.4
2023-01-26,6680.0,9.7,8.9,7780.0,1.5,1230.0,2.7
2023-01-27,9460.0,0.0,3.8,9040.0,0.0,912.0,0.0
2023-01-28,9050.0,0.0,5.6,9380.0,0.0,741.0,0.0
2023-01-29,9350.0,2.0,6.0,8780.0,1.8,666.0,1.9
2023-01-30,8170.0,1.2,8.9,7770.0,0.5,630.0,0.0
2023-01-31,7460.0,6.1,8.8,7170.0,6.7,609.0,5.3
2023-02-01,7340.0,7.0,3.0,7280.0,6.5,723.0,4.9
2023-02-02,8000.0,2.1,1.9,7900.0,1.9,718.0,0.8
2023-02-03,7970.0,0.0,3.3,7580.0,0.0,658.0,0.0
2023-02-04,7480.0,0.0,-3.9,7230.0,0.0,599.0,0.0
2023-02-05,6920.0,0.0,3.4,6630.0,0.0,558.0,0.0
2023-02-06,6450.0,0.0,7.9,6290.0,0.0,555.0,0.0
2023-02-07,6050.0,0.0,5.0,5900.0,0.0,532.0,0.0
2023-02-08,5740.0,0.0,12.2,5580.0,0.0,506.0,0.0
2023-02-09,5500.0,0.0,12.7,5360.0,0.0,494.0,0.0
2023-02-10,5210.0,0.0,17.0,4990.0,0.0,485.0,0.0
2023-02-11,4970.0,0.0,8.6,4810.0,0.0,459.0,0.0
2023-02-12,5150.0,15.7,4.2,5160.0,31.7,597.0,33.0
2023-02-13,13400.0,5.5,7.4,15500.0,19.0,2390.0,6.4
2023-02-14,22400.0,0.0,8.7,25300.0,0.0,1380.0,0.0
2023-02-15,29900.0,0.6,11.5,24700.0,0.0,978.0,0.9
2023-02-16,19800.0,0.0,17.0,16600.0,2.8,827.0,6.9
2023-02-17,14900.0,11.3,16.4,13200.0,11.9,1290.0,12.3
2023-02-18,14600.0,0.0,3.5,18800.0,0.0,1950.0,0.0
2023-02-19,31400.0,0.0,6.7,32000.0,0.0,1270.0,0.0
2023-02-20,24700.0,0.0,11.5,20500.0,0.0,1050.0,0.0
2023-02-21,18500.0,0.0,12.9,17400.0,0.0,910.0,0.0
2023-02-22,17300.0,0.7,11.6,16200.0,1.2,812.0,2.9
2023-02-23,15200.0,0.0,19.1,13700.0,0.0,797.0,0.0
2023-02-24,12100.0,0.0,16.6,10800.0,0.0,710.0,0.0
2023-02-25,10000.0,11.3,6.4,9190.0,4.4,645.0,7.0
2023-02-26,8800.0,0.0,6.5,8380.0,0.0,624.0,0.0
2023-02-27,8060.0,0.0,8.0,7600.0,1.1,612.0,3.5
2023-02-28,7500.0,5.6,11.8,7350.0,6.4,645.0,3.6
2023-03-01,7400.0,0.0,10.1,7340.0,0.0,611.0,0.0
2023-03-02,7170.0,4.7,14.2,6900.0,3.2,571.0,2.4
2023-03-03,6830.0,1.7,10.4,6740.0,4.7,565.0,4.2
2023-03-04,6990.0,1.5,13.8,7800.0,1.8,877.0,6.8
2023-03-05,9650.0,0.0,9.5,11400.0,0.0,849.0,0.0
2023-03-06,13300.0,0.0,9.9,14000.0,0.0,726.0,0.0
2023-03-07,13300.0,0.0,11.8,12100.0,0.0,683.0,0.0
2023-03-08,11300.0,0.0,6.2,10700.0,0.0,638.0,0.0
2023-03-09,9860.0,0.0,7.4,9210.0,0.0,604.0,0.0
2023-03-10,8660.0,1.9,6.8,8300.0,2.6,590.0,1.1
2023-03-11,7880.0,0.5,6.5,7450.0,0.1,592.0,0.0
2023-03-12,7210.0,5.1,2.3,7090.0,6.9,560.0,5.1
2023-03-13,6920.0,3.9,5.2,6840.0,2.7,585.0,1.0
2023-03-14,6780.0,0.4,4.7,6500.0,0.1,573.0,0.1
2023-03-15,6270.0,0.0,3.8,6090.0,0.0,525.0,0.0
2023-03-16,5900.0,0.0,7.3,5640.0,0.0,494.0,0.0
2023-03-17,5490.0,0.9,12.6,5340.0,1.6,487.0,1.7
2023-03-18,5290.0,2.9,11.4,4990.0,1.3,490.0,0.7
2023-03-19,4970.0,0.0,4.7,4870.0,0.0,470.0,0.0
2023-03-20,4810.0,0.0,2.8,4640.0,0.0,442.0,0.0
2023-03-21,4600.0,0.0,6.8,4510.0,0.0,427.0,0.0
2023-03-22,4420.0,0.0,10.9,4310.0,0.0,420.0,0.0
2023-03-23,4280.0,0.0,14.9,4200.0,0.0,419.0,0.0
2023-03-24,4180.0,0.0,20.6,4000.0,4.6,429.0,17.6
2023-03-25,4100.0,0.9,14.5,4110.0,6.2,473.0,3.7
2023-03-26,4170.0,10.5,17.4,4240.0,0.0,512.0,0.5
2023-03-27,4280.0,3.1,14.5,4220.0,0.5,464.0,0.0
2023-03-28,4210.0,0.2,13.1,4060.0,0.1,430.0,0.2
2023-03-29,4220.0,8.6,9.7,4110.0,6.1,432.0,2.8
2023-03-30,4240.0,0.0,9.4,3970.0,0.0,418.0,0.0
2023-03-31,4010.0,0.0,11.6,3780.0,0.2,402.0,0.5
2023-04-01,3960.0,6.9,18.4,3920.0,6.3,479.0,15.9
2023-04-02,4490.0,0.0,12.8,4600.0,0.2,506.0,0.0
2023-04-03,4990.0,0.0,12.7,4890.0,0.0,438.0,0.0
2023-04-04,5540.0,0.0,18.6,7070.0,0.0,413.0,0.0
2023-04-05,7370.0,0.0,22.1,7160.0,0.0,407.0,0.0
2023-04-06,7190.0,8.0,23.9,7390.0,14.2,401.0,4.9
2023-04-07,7330.0,17.8,13.5,6590.0,19.7,395.0,10.2
2023-04-08,6540.0,0.7,9.1,6080.0,0.1,398.0,0.0
2023-04-09,6020.0,0.0,9.6,5630.0,0.0,388.0,0.0
2023-04-10,5430.0,0.0,9.6,5500.0,0.0,369.0,0.0
2023-04-11,5620.0,0.0,13.0,5510.0,0.0,356.0,0.0
2023-04-12,5340.0,0.0,18.9,5150.0,0.0,352.0,0.0
2023-04-13,4920.0,0.0,21.9,4720.0,0.0,345.0,0.0
2023-04-14,4600.0,1.0,19.7,4420.0,0.6,337.0,0.7
2023-04-15,4370.0,1.9,20.3,4280.0,4.2,346.0,8.5
2023-04-16,4330.0,0.0,21.2,4750.0,0.1,381.0,0.0
2023-04-17,4800.0,0.1,18.6,4530.0,0.0,358.0,0.1
2023-04-18,4320.0,0.0,16.3,4260.0,0.0,333.0,0.0
2023-04-19,4150.0,0.0,17.3,4150.0,0.0,302.0,0.0
2023-04-20,4030.0,0.0,22.5,4030.0,0.0,285.0,0.0
2023-04-21,3940.0,0.0,24.0,4010.0,0.0,281.0,0.0
2023-04-22,3900.0,16.2,19.4,3860.0,8.9,321.0,16.8
2023-04-23,3980.0,0.9,15.9,4120.0,0.0,493.0,0.0
2023-04-24,4100.0,0.0,12.8,4130.0,0.0,369.0,0.0
2023-04-25,3900.0,0.0,11.6,3760.0,0.0,298.0,0.0
2023-04-26,3570.0,0.1,13.8,3450.0,0.0,277.0,0.0
2023-04-27,3310.0,0.1,16.1,3340.0,0.0,276.0,0.0
2023-04-28,4400.0,49.4,15.6,8620.0,47.0,2330.0,64.5
2023-04-29,31800.0,0.1,16.4,35300.0,0.0,4050.0,0.0
2023-04-30,27500.0,25.4,17.5,23800.0,9.7,2020.0,9.0
2023-05-01,23000.0,0.5,13.2,19300.0,0.0,1520.0,0.1
2023-05-02,16800.0,0.0,14.2,14500.0,0.0,1010.0,0.0
2023-05-03,13300.0,0.7,11.7,12400.0,0.2,796.0,0.2
2023-05-04,11900.0,0.0,12.2,11400.0,0.0,674.0,0.1
2023-05-05,10600.0,0.0,13.2,9980.0,0.0,585.0,0.0
2023-05-06,8930.0,0.0,15.6,8180.0,0.0,519.0,0.0
2023-05-07,7560.0,0.5,18.6,7160.0,1.1,471.0,3.2
2023-05-08,6750.0,2.3,21.5,6460.0,3.7,484.0,1.6
2023-05-09,6060.0,2.7,20.5,5800.0,1.3,453.0,0.6
2023-05-10,5370.0,0.0,16.9,5090.0,0.0,443.0,0.0
2023-05-11,4870.0,0.0,19.0,4650.0,0.0,393.0,0.0
2023-05-12,4440.0,2.8,22.1,4250.0,0.1,348.0,0.0
2023-05-13,4200.0,9.3,21.6,4190.0,20.2,387.0,13.1
2023-05-14,4580.0,2.6,19.8,4970.0,0.5,542.0,0.1
2023-05-15,4870.0,0.0,17.7,4420.0,0.0,387.0,0.0
2023-05-16,4430.0,4.1,19.5,3840.0,1.6,323.0,1.1
2023-05-17,6890.0,19.2,20.6,5020.0,10.4,326.0,8.3
2023-05-18,7070.0,0.0,16.3,5750.0,0.0,301.0,0.0
2023-05-19,5490.0,0.0,16.7,4270.0,0.0,267.0,0.0
2023-05-20,4390.0,0.0,19.4,4200.0,0.4,256.0,0.1
2023-05-21,4320.0,3.0,20.3,3760.0,6.4,359.0,7.7
2023-05-22,3890.0,0.0,19.7,3500.0,0.0,282.0,0.0
2023-05-23,3490.0,0.0,18.8,3050.0,0.0,241.0,0.0
2023-05-24,3090.0,0.0,18.2,2870.0,0.0,223.0,0.0
2023-05-25,2860.0,0.0,17.2,2760.0,0.0,214.0,0.0
2023-05-26,2760.0,0.0,15.7,2590.0,0.0,202.0,0.0
2023-05-27,2540.0,0.0,16.4,2430.0,0.0,189.0,0.0
2023-05-28,2460.0,4.2,16.8,2390.0,1.9,179.0,2.5
2023-05-29,2490.0,7.8,19.3,2560.0,19.7,222.0,12.0
2023-05-30,2800.0,2.2,18.5,2920.0,5.9,322.0,4.7
2023-05-31,3040.0,0.0,19.0,3100.0,0.0,292.0,0.0
2023-06-01,3110.0,1.3,19.8,2990.0,0.0,235.0,0.0
2023-06-02,2950.0,0.0,21.7,2810.0,0.0,197.0,0.0
2023-06-03,2790.0,3.3,21.7,2700.0,5.9,174.0,1.9
2023-06-04,2630.0,1.4,17.7,2390.0,1.6,157.0,2.3
2023-06-05,2350.0,0.0,19.1,2330.0,0.0,153.0,0.0
2023-06-06,2290.0,0.0,21.4,2180.0,0.0,154.0,0.0
2023-06-07,2150.0,0.0,21.7,2220.0,0.3,147.0,0.4
2023-06-08,2180.0,1.1,19.5,2250.0,0.2,198.0,0.1
2023-06-09,2240.0,0.0,19.2,2220.0,0.0,146.0,0.0
2023-06-10,2140.0,0.0,21.2,2010.0,0.0,127.0,0.0
2023-06-11,1960.0,0.0,23.9,1890.0,0.0,113.0,0.0
2023-06-12,1840.0,5.8,23.6,1790.0,2.2,107.0,2.6
2023-06-13,1730.0,0.6,21.7,1750.0,0.0,106.0,0.0
2023-06-14,1680.0,0.0,22.3,1710.0,0.0,103.0,0.2
2023-06-15,1640.0,0.0,23.0,1730.0,0.0,96.0,0.0
2023-06-16,1640.0,3.4,23.6,1650.0,0.4,89.0,2.0
2023-06-17,1600.0,0.0,22.9,1660.0,0.0,121.0,0.0
2023-06-18,1580.0,0.0,23.5,1610.0,0.0,98.0,0.0
2023-06-19,1520.0,0.3,24.1,1730.0,2.0,81.7,2.1
2023-06-20,1650.0,6.7,22.4,1650.0,5.6,191.0,7.4
2023-06-21,1720.0,18.6,19.2,2250.0,29.6,217.0,29.0
2023-06-22,3130.0,10.7,19.1,5380.0,23.8,1110.0,25.7
2023-06-23,6670.0,23.3,22.5,8490.0,11.4,1480.0,18.1
2023-06-24,10600.0,1.5,23.5,10400.0,1.6,1000.0,4.6
2023-06-25,8670.0,0.1,25.1,8050.0,0.0,725.0,0.3
2023-06-26,7730.0,0.8,26.4,8040.0,0.0,470.0,0.1
2023-06-27,8760.0,5.8,23.6,10100.0,4.3,687.0,11.5
2023-06-28,9360.0,0.0,23.8,7760.0,0.3,496.0,0.8
2023-06-29,6330.0,0.0,23.6,5460.0,0.0,327.0,0.0
2023-06-30,4660.0,0.2,24.6,4100.0,0.0,247.0,0.0
2023-07-01,3780.0,5.0,25.4,3620.0,17.5,220.0,2.3
2023-07-02,4380.0,1.2,26.7,6310.0,0.2,294.0,0.3
2023-07-03,6020.0,0.2,29.3,4890.0,0.2,305.0,1.6
2023-07-04,4380.0,0.1,27.8,4170.0,0.1,291.0,0.9
2023-07-05,4130.0,0.0,28.6,4540.0,0.0,209.0,0.0
2023-07-06,4100.0,4.9,26.9,3520.0,0.7,172.0,0.0
2023-07-07,3150.0,16.4,25.7,2830.0,7.3,185.0,1.7
2023-07-08,3120.0,8.9,26.0,4220.0,2.6,554.0,0.8
2023-07-09,4140.0,10.5,25.0,3490.0,6.5,427.0,11.8
2023-07-10,4270.0,4.9,24.1,6460.0,14.6,725.0,13.1
2023-07-11,7130.0,0.0,25.4,6270.0,0.0,649.0,0.0
2023-07-12,4650.0,0.0,26.2,3630.0,0.0,350.0,0.0
2023-07-13,3230.0,0.0,28.1,2840.0,0.9,250.0,3.4
2023-07-14,2720.0,7.5,26.5,2900.0,8.4,245.0,13.6
2023-07-15,7200.0,1.7,26.6,11500.0,8.3,282.0,8.2
2023-07-16,15000.0,17.5,25.3,30700.0,29.6,3060.0,9.5
2023-07-17,41700.0,0.0,26.3,30500.0,0.2,1150.0,0.0
2023-07-18,17800.0,0.0,26.3,12300.0,0.0,582.0,0.0
2023-07-19,9780.0,4.9,25.2,8310.0,0.4,404.0,1.0
2023-07-20,6970.0,0.0,26.3,5990.0,0.0,335.0,1.3
2023-07-21,5400.0,3.6,26.3,4760.0,0.3,347.0,3.6
2023-07-22,4380.0,0.0,24.7,4440.0,0.0,274.0,0.0
2023-07-23,4200.0,0.0,24.0,3630.0,0.0,251.0,0.4
2023-07-24,3720.0,13.5,24.4,3770.0,8.6,256.0,3.1
2023-07-25,3630.0,0.6,25.8,3530.0,0.0,212.0,0.0
2023-07-26,3320.0,0.0,26.2,2960.0,0.0,234.0,0.0
2023-07-27,2830.0,0.0,28.7,2740.0,0.0,178.0,0.0
2023-07-28,2570.0,0.0,30.7,2450.0,0.1,155.0,0.0
2023-07-29,2350.0,1.4,29.2,2250.0,0.0,164.0,0.0
2023-07-30,2180.0,0.1,26.8,2250.0,0.0,164.0,0.0
2023-07-31,2170.0,0.4,24.7,2150.0,0.3,131.0,0.0
2023-08-01,1980.0,0.0,24.1,2120.0,0.0,111.0,0.0
2023-08-02,2000.0,0.1,22.8,2060.0,0.0,96.1,0.0
2023-08-03,1960.0,1.2,22.1,1980.0,4.8,92.9,11.2
2023-08-04,1970.0,7.2,21.5,1960.0,0.7,132.0,0.0
2023-08-05,1950.0,0.0,24.6,2310.0,0.0,138.0,0.0
2023-08-06,2700.0,0.3,25.9,2520.0,1.1,142.0,0.9
2023-08-07,3030.0,4.0,26.2,2530.0,4.7,170.0,3.6
2023-08-08,2890.0,0.3,25.9,3110.0,0.4,177.0,0.3
2023-08-09,3020.0,0.0,24.5,2660.0,0.1,175.0,0.1
2023-08-10,2510.0,3.1,23.9,2430.0,3.6,131.0,2.2
2023-08-11,2220.0,0.0,25.2,2180.0,0.0,107.0,0.0
2023-08-12,2050.0,0.0,25.9,2090.0,0.0,95.4,0.0
2023-08-13,2040.0,0.0,28.6,2250.0,0.0,85.0,0.0
2023-08-14,2010.0,4.7,26.9,1890.0,9.5,81.6,0.7
2023-08-15,1820.0,3.1,28.0,1880.0,1.2,79.1,0.6
2023-08-16,1760.0,0.0,26.1,1850.0,0.0,133.0,0.0
2023-08-17,1730.0,3.0,26.0,1950.0,0.4,120.0,0.2
2023-08-18,1780.0,0.2,26.2,1840.0,1.4,88.1,0.6
2023-08-19,1640.0,0.0,23.7,1680.0,0.0,70.1,0.0
2023-08-20,1470.0,0.0,24.2,1600.0,0.0,58.1,0.0
2023-08-21,1400.0,0.0,26.7,1540.0,0.0,51.5,0.0
2023-08-22,1340.0,0.0,26.8,1490.0,0.0,47.9,0.0
2023-08-23,1290.0,0.0,22.6,1420.0,0.0,43.5,0.0
2023-08-24,1240.0,0.0,24.4,1300.0,0.0,39.0,0.2
2023-08-25,1160.0,0.4,27.0,1330.0,0.4,35.3,0.2
2023-08-26,1160.0,0.0,27.9,1310.0,0.0,36.1,0.2
2023-08-27,1330.0,3.4,26.1,1490.0,4.8,246.0,0.8
2023-08-28,1670.0,13.2,23.1,1790.0,3.7,272.0,3.1
2023-08-29,2530.0,1.9,24.3,2810.0,4.5,104.0,1.5
2023-08-30,3260.0,0.7,25.0,3350.0,0.9,82.8,0.4
2023-08-31,3510.0,0.0,23.0,3190.0,0.0,72.0,0.0
2023-09-01,2990.0,0.0,20.4,3020.0,0.0,59.0,0.0
2023-09-02,2810.0,0.0,20.7,2390.0,0.0,47.3,0.0
2023-09-03,2130.0,0.0,24.3,2150.0,0.0,40.5,0.0
2023-09-04,1940.0,0.0,27.9,1600.0,0.0,36.8,0.0
2023-09-05,1490.0,0.0,28.5,1430.0,0.0,33.3,0.0
2023-09-06,1330.0,0.0,28.7,1340.0,0.0,32.4,0.0
2023-09-07,1240.0,2.0,28.5,1290.0,0.0,40.4,0.0
2023-09-08,1200.0,0.1,26.7,1270.0,0.0,37.6,0.6
2023-09-09,1190.0,3.1,25.3,1260.0,0.0,55.6,0.7
2023-09-10,1250.0,7.6,23.0,1260.0,1.5,42.7,2.1
2023-09-11,1240.0,0.3,24.0,1400.0,0.5,129.0,0.1
2023-09-12,1320.0,0.1,25.2,1630.0,0.1,224.0,0.5
2023-09-13,1590.0,0.6,23.9,1670.0,1.3,101.0,0.9
2023-09-14,1590.0,0.2,23.0,1720.0,0.0,92.4,0.0
2023-09-15,1590.0,0.0,19.8,1590.0,0.0,91.9,0.0
2023-09-16,1470.0,0.0,19.7,1470.0,0.0,78.4,0.0
2023-09-17,1380.0,0.4,21.2,1340.0,1.4,71.7,0.5
2023-09-18,1400.0,13.1,20.3,1290.0,1.2,68.3,3.0
2023-09-19,1290.0,0.0,20.2,1240.0,0.0,69.7,0.0
2023-09-20,1210.0,0.0,19.9,1280.0,0.0,66.8,0.0
2023-09-21,1210.0,0.0,20.7,1280.0,0.0,61.9,0.0
2023-09-22,1200.0,0.7,19.1,1240.0,0.0,56.9,0.0
2023-09-23,2020.0,57.2,16.5,1360.0,39.7,154.0,40.3
2023-09-24,5860.0,20.4,18.2,3060.0,22.8,450.0,11.5
2023-09-25,5010.0,0.0,19.9,3160.0,0.1,238.0,0.0
2023-09-26,3220.0,0.2,17.9,2370.0,0.0,143.0,0.0
2023-09-27,2330.0,0.0,16.8,1830.0,0.1,101.0,0.0
2023-09-28,1820.0,0.1,15.8,1620.0,0.0,102.0,0.0
2023-09-29,1650.0,0.0,18.5,1570.0,0.0,93.4,0.1
2023-09-30,1560.0,0.3,18.6,1470.0,0.0,88.2,0.2
2023-10-01,1490.0,0.0,19.6,1500.0,0.0,83.3,0.0
2023-10-02,1480.0,0.0,20.3,1360.0,0.0,75.4,0.0
2023-10-03,1360.0,0.0,20.3,1320.0,0.0,72.3,0.0
2023-10-04,1310.0,0.0,19.9,1280.0,0.0,69.2,0.0
2023-10-05,1270.0,0.1,19.1,1230.0,0.3,65.5,0.2
2023-10-06,1230.0,0.0,20.4,1220.0,0.0,62.9,0.0
2023-10-07,1230.0,3.0,18.7,1210.0,2.2,64.7,2.8
2023-10-08,1210.0,0.0,12.9,1160.0,0.0,66.7,0.0
2023-10-09,1160.0,0.1,12.5,1180.0,1.1,64.8,1.6
2023-10-10,1140.0,0.4,14.7,1180.0,0.8,62.0,0.3
2023-10-11,1160.0,0.0,14.9,1200.0,0.0,62.3,0.0
2023-10-12,1170.0,0.0,15.7,1220.0,0.0,61.7,0.0
2023-10-13,1180.0,0.0,15.9,1220.0,0.0,63.0,0.0
2023-10-14,1270.0,17.0,14.9,1280.0,18.7,66.6,13.5
2023-10-15,1440.0,1.9,14.1,1380.0,0.5,78.6,1.2
2023-10-16,1460.0,0.0,11.2,1450.0,0.0,82.5,0.0
2023-10-17,1480.0,0.0,12.3,1460.0,0.0,72.2,0.0
2023-10-18,1460.0,0.0,12.7,1310.0,0.0,64.9,0.0
2023-10-19,1320.0,0.0,13.5,1230.0,0.0,61.9,0.0
2023-10-20,1290.0,5.3,14.6,1210.0,4.9,60.6,8.8
2023-10-21,1280.0,0.1,14.2,1190.0,0.0,59.0,0.0
2023-10-22,1210.0,0.1,14.5,1170.0,0.0,59.5,0.0
2023-10-23,1190.0,0.0,11.4,1200.0,0.0,61.0,0.0
2023-10-24,1190.0,0.0,11.6,1230.0,0.0,57.9,0.0
2023-10-25,1220.0,0.0,14.5,1200.0,0.0,57.5,0.0
2023-10-26,1200.0,0.0,17.6,1180.0,0.0,54.9,0.0
2023-10-27,1170.0,0.0,19.4,1160.0,0.0,54.7,0.0
2023-10-28,1160.0,0.0,21.2,1150.0,0.0,54.0,0.0
2023-10-29,1150.0,0.0,21.8,1160.0,0.0,51.6,0.0
2023-10-30,1150.0,0.0,21.7,1160.0,0.0,52.5,0.0
2023-10-31,1170.0,2.3,10.9,1190.0,3.1,52.5,1.8
2023-11-01,1170.0,0.0,7.4,1110.0,0.0,54.6,0.0
2023-11-02,1110.0,0.0,4.9,1100.0,0.0,52.1,0.0
2023-11-03,1100.0,0.0,6.5,1120.0,0.0,47.7,0.0
2023-11-04,1100.0,0.0,10.0,1120.0,0.0,47.3,0.0
2023-11-05,1120.0,0.0,13.0,1080.0,0.0,53.0,0.0
2023-11-06,1080.0,0.0,12.8,1160.0,0.0,60.0,0.0
2023-11-07,1160.0,0.0,17.1,1140.0,0.0,65.8,0.0
2023-11-08,1150.0,0.0,15.7,1130.0,0.0,66.7,0.0
2023-11-09,1140.0,0.0,16.9,1170.0,0.1,68.6,0.0
2023-11-10,1180.0,1.1,13.7,1150.0,1.4,68.2,2.1
2023-11-11,1170.0,0.0,8.5,1190.0,0.0,75.3,0.0
2023-11-12,1190.0,0.0,7.8,1160.0,0.0,82.9,0.0
2023-11-13,1170.0,0.0,6.8,1180.0,0.0,82.6,0.0
2023-11-14,1190.0,0.0,9.5,1210.0,0.0,80.5,0.0
2023-11-15,1220.0,0.0,9.1,1210.0,0.0,78.3,0.0
2023-11-16,1220.0,0.0,10.6,1170.0,0.0,77.4,0.0
2023-11-17,1200.0,0.0,13.5,1240.0,0.0,74.1,0.0
2023-11-18,1250.0,0.0,14.5,1200.0,0.4,78.8,1.2
2023-11-19,1230.0,0.0,8.2,1190.0,0.0,81.7,0.0
2023-11-20,1220.0,0.0,7.0,1210.0,0.0,83.2,0.0
2023-11-21,1300.0,13.1,8.2,1280.0,18.9,135.0,35.8
2023-11-22,2810.0,27.1,13.7,6140.0,21.3,1870.0,19.8
2023-11-23,9510.0,0.0,8.9,8430.0,0.0,742.0,0.0
2023-11-24,6670.0,0.0,7.6,4940.0,0.0,353.0,0.0
2023-11-25,4300.0,0.0,4.6,3620.0,0.0,232.0,0.0
2023-11-26,3310.0,2.0,3.6,2920.0,0.0,177.0,0.0
2023-11-27,2780.0,0.0,7.7,2270.0,0.0,151.0,0.0
2023-11-28,2190.0,0.0,3.1,1990.0,0.0,136.0,0.0
2023-11-29,1990.0,0.0,-1.0,1770.0,0.0,120.0,0.0
2023-11-30,1780.0,0.0,4.3,1640.0,0.0,108.0,0.0
2023-12-01,1680.0,1.3,7.8,1630.0,1.9,109.0,2.9
2023-12-02,1720.0,0.9,13.8,1580.0,0.0,112.0,0.0
2023-12-03,1810.0,6.5,16.0,1650.0,5.1,201.0,14.6
2023-12-04,1940.0,0.3,11.4,1970.0,0.0,361.0,0.0
2023-12-05,2310.0,0.2,6.6,2600.0,0.0,283.0,0.0
2023-12-06,2720.0,2.2,5.0,2390.0,2.0,210.0,2.0
2023-12-07,2540.0,0.0,3.4,2230.0,0.0,176.0,0.0
2023-12-08,2380.0,0.0,7.1,2330.0,0.0,154.0,0.0
2023-12-09,2400.0,0.3,9.5,2110.0,0.0,140.0,0.0
2023-12-10,2400.0,10.2,15.0,2050.0,19.3,248.0,31.5
2023-12-11,7680.0,35.4,7.1,8920.0,35.9,2120.0,26.4
2023-12-12,16200.0,0.0,2.3,13100.0,0.0,1310.0,0.0
2023-12-13,11000.0,0.0,5.3,8210.0,0.0,664.0,0.0
2023-12-14,7510.0,0.0,3.5,6360.0,0.0,476.0,0.0
2023-12-15,5820.0,0.0,4.3,4670.0,0.0,371.0,0.0
2023-12-16,4440.0,0.0,5.2,3710.0,0.0,312.0,0.0
2023-12-17,4040.0,17.2,7.6,3300.0,16.0,308.0,13.6
2023-12-18,10300.0,39.4,11.3,11200.0,28.0,2250.0,26.6
2023-12-19,15900.0,0.0,4.1,11900.0,0.0,1330.0,0.0
2023-12-20,9820.0,0.0,1.2,7440.0,0.0,735.0,0.0
2023-12-21,6920.0,0.0,2.3,5770.0,0.0,550.0,0.0
2023-12-22,5500.0,0.0,2.5,4540.0,0.0,452.0,0.0
2023-12-23,4470.0,0.0,3.7,3920.0,0.0,386.0,0.0
2023-12-24,3960.0,0.0,5.4,3470.0,0.0,338.0,0.2
2023-12-25,3500.0,0.0,6.8,3090.0,0.0,305.0,0.0
2023-12-26,3280.0,0.7,9.0,2920.0,0.9,311.0,1.2
2023-12-27,4180.0,49.2,11.6,3390.0,30.2,450.0,26.4
2023-12-28,9110.0,9.0,11.7,7200.0,0.0,806.0,0.0
2023-12-29,9080.0,0.4,7.6,7760.0,0.3,654.0,2.8
2023-12-30,10400.0,3.5,4.9,9470.0,3.3,543.0,2.2
2023-12-31,9110.0,0.0,4.1,7320.0,0.0,457.0,0.0
2024-01-01,7010.0,0.1,5.2,5880.0,0.0,396.0,0.0
2024-01-02,5750.0,0.2,3.0,4900.0,0.1,350.0,0.2
2024-01-03,4910.0,0.0,1.6,4220.0,0.0,316.0,0.0
2024-01-04,4270.0,0.2,4.5,3760.0,0.1,295.0,0.2
2024-01-05,3900.0,0.0,0.2,3500.0,0.0,273.0,0.0
2024-01-06,4100.0,21.0,2.4,3680.0,14.8,357.0,20.7
2024-01-07,8040.0,0.0,4.1,7630.0,0.0,1210.0,0.0
2024-01-08,9140.0,0.0,4.2,7370.0,0.0,777.0,0.0
2024-01-09,9220.0,15.7,5.9,10400.0,24.8,1940.0,41.6
2024-01-10,56200.0,14.8,9.9,68000.0,8.8,18700.0,4.4
2024-01-11,79800.0,0.0,5.0,62000.0,0.0,4260.0,0.0
2024-01-12,46400.0,1.1,5.7,30700.0,0.4,1650.0,0.8
2024-01-13,25000.0,5.2,10.4,22200.0,14.8,2600.0,3.8
2024-01-14,21400.0,0.0,4.2,17800.0,0.0,1720.0,0.0
2024-01-15,15600.0,3.7,0.6,13500.0,4.5,1180.0,5.6
2024-01-16,13200.0,4.4,0.5,11700.0,2.8,1040.0,3.8
2024-01-17,11300.0,0.0,-4.3,9690.0,0.0,884.0,0.0
2024-01-18,9300.0,0.0,0.3,8130.0,0.0,780.0,0.0
2024-01-19,8040.0,2.3,2.5,6970.0,1.5,677.0,1.6
2024-01-20,7050.0,0.0,-2.7,6200.0,0.0,631.0,0.0
2024-01-21,6260.0,0.0,-4.1,5630.0,0.0,532.0,0.0
2024-01-22,5630.0,0.0,-1.1,4960.0,0.0,497.0,0.0
2024-01-23,5000.0,0.1,3.2,4570.0,0.0,501.0,0.0
2024-01-24,4860.0,0.0,9.9,4270.0,0.0,494.0,0.1
2024-01-25,4620.0,1.8,16.7,4320.0,2.5,519.0,3.2
2024-01-26,4840.0,3.7,19.1,4650.0,3.4,542.0,1.2
2024-01-27,5160.0,0.0,14.0,4770.0,0.0,531.0,0.0
2024-01-28,8600.0,28.3,8.2,15100.0,22.5,3250.0,31.8
2024-01-29,30200.0,2.0,6.9,32500.0,1.4,3180.0,1.6
2024-01-30,38300.0,0.0,3.7,35400.0,0.0,1760.0,0.0
2024-01-31,26300.0,0.0,4.4,21300.0,0.8,1250.0,0.2
2024-02-01,17900.0,0.0,3.6,15000.0,0.0,992.0,0.0
2024-02-02,13600.0,0.0,7.8,11700.0,0.0,841.0,0.0
2024-02-03,11100.0,0.0,4.8,9700.0,0.0,740.0,0.0
2024-02-04,9350.0,0.0,3.1,8210.0,0.0,663.0,0.0
2024-02-05,8090.0,0.0,3.5,7100.0,0.0,603.0,0.0
2024-02-06,7160.0,0.0,2.0,6340.0,0.0,562.0,0.0
2024-02-07,6460.0,0.0,1.7,5780.0,0.0,523.0,0.0
2024-02-08,5910.0,0.0,3.6,5250.0,0.0,490.0,0.0
2024-02-09,5540.0,0.0,8.5,4970.0,0.0,477.0,0.0
2024-02-10,5240.0,1.8,12.1,4660.0,2.6,466.0,2.7
2024-02-11,5770.0,16.7,12.9,4790.0,14.6,486.0,11.2
2024-02-12,6910.0,2.2,10.1,6020.0,1.4,538.0,0.8
2024-02-13,8130.0,13.9,7.8,8390.0,21.7,1270.0,20.5
2024-02-14,13500.0,0.0,5.2,14000.0,0.0,1430.0,0.0
2024-02-15,15200.0,0.0,3.7,14900.0,0.0,1000.0,0.0
2024-02-16,15000.0,0.0,8.5,13000.0,0.0,835.0,0.0
2024-02-17,12000.0,2.0,4.5,10300.0,4.9,748.0,1.9
2024-02-18,9910.0,0.0,0.9,8760.0,0.0,677.0,0.0
2024-02-19,8530.0,0.0,3.4,7520.0,0.0,620.0,0.0
2024-02-20,7560.0,0.0,2.6,6750.0,0.0,568.0,0.0
2024-02-21,6840.0,0.0,2.4,6080.0,0.0,533.0,0.0
2024-02-22,6190.0,0.0,5.6,5520.0,0.0,510.0,0.0
2024-02-23,5860.0,8.7,10.7,5230.0,5.1,504.0,2.9
2024-02-24,5700.0,3.7,6.9,5100.0,6.5,535.0,2.1
2024-02-25,5790.0,3.0,3.1,5170.0,0.5,614.0,0.7
2024-02-26,5700.0,0.0,8.4,4970.0,0.0,551.0,0.1
2024-02-27,5400.0,0.0,12.3,4580.0,0.2,511.0,0.7
2024-02-28,5680.0,10.3,15.7,4770.0,12.2,547.0,6.5
2024-02-29,7350.0,3.2,6.6,5890.0,0.8,617.0,0.3
2024-03-01,7360.0,0.0,5.2,6040.0,0.3,543.0,0.3
2024-03-02,10200.0,29.7,10.4,9540.0,21.7,986.0,15.1
2024-03-03,17200.0,0.0,11.3,14000.0,0.0,1240.0,0.1
2024-03-04,13800.0,1.8,11.8,10800.0,0.7,938.0,0.0
2024-03-05,12600.0,17.9,12.2,10600.0,12.7,954.0,10.2
2024-03-06,12400.0,20.5,10.9,9570.0,9.3,889.0,6.5
2024-03-07,11300.0,3.5,13.4,8670.0,3.0,861.0,3.5
2024-03-08,10100.0,0.0,10.7,8220.0,0.0,763.0,0.0
2024-03-09,10100.0,22.1,9.1,8860.0,25.8,1060.0,22.0
2024-03-10,18500.0,3.8,9.3,18800.0,1.1,2750.0,1.2
2024-03-11,19700.0,0.0,6.5,15800.0,0.0,1640.0,0.0
2024-03-12,18200.0,0.0,10.9,17300.0,0.0,1210.0,0.0
2024-03-13,16600.0,0.0,13.6,14100.0,0.0,1020.0,0.0
2024-03-14,13600.0,0.0,14.6,11600.0,0.0,886.0,0.0
2024-03-15,11600.0,1.7,17.9,10000.0,0.2,767.0,0.8
2024-03-16,10200.0,1.1,13.4,8970.0,0.3,741.0,1.0
2024-03-17,9130.0,0.0,15.2,7820.0,0.0,673.0,0.0
2024-03-18,8050.0,0.0,10.9,6980.0,0.0,618.0,0.0
2024-03-19,7290.0,0.0,5.4,6320.0,0.0,569.0,0.0
2024-03-20,6550.0,0.0,11.0,5570.0,0.0,538.0,0.0
2024-03-21,6020.0,0.0,7.5,5280.0,0.0,512.0,0.0
2024-03-22,5620.0,0.0,7.5,4870.0,0.0,491.0,0.0
2024-03-23,9300.0,37.7,12.2,7220.0,37.6,1010.0,34.9
2024-03-24,14700.0,0.0,4.6,10600.0,0.0,1030.0,0.0
2024-03-25,11100.0,0.0,6.1,8040.0,0.0,737.0,0.0
2024-03-26,8600.0,0.0,7.6,7390.0,0.0,645.0,0.5
2024-03-27,9110.0,8.0,8.0,7530.0,32.3,765.0,10.7
2024-03-28,14400.0,24.1,9.4,11000.0,12.6,963.0,10.3
2024-03-29,13200.0,0.5,9.6,9030.0,0.9,752.0,0.1
2024-03-30,9850.0,0.0,12.5,7530.0,0.0,648.0,0.0
2024-03-31,8220.0,2.7,16.2,6550.0,0.7,607.0,3.9
2024-04-01,7500.0,1.9,14.5,6340.0,1.8,603.0,4.3
2024-04-02,7450.0,0.3,14.8,6320.0,0.0,615.0,0.2
2024-04-03,7780.0,20.8,14.9,7650.0,23.7,1290.0,19.7
2024-04-04,18400.0,5.9,9.9,20700.0,5.7,2090.0,3.0
2024-04-05,22500.0,0.0,8.8,20500.0,0.0,1200.0,0.0
2024-04-06,20200.0,0.1,7.7,16500.0,0.0,939.0,0.0
2024-04-07,15500.0,0.0,9.9,13300.0,0.0,810.0,0.0
2024-04-08,13500.0,0.0,12.2,11900.0,0.0,735.0,0.0
2024-04-09,12100.0,0.0,17.5,10500.0,0.0,680.0,0.0
2024-04-10,10400.0,0.7,18.3,8720.0,0.0,643.0,0.0
2024-04-11,9050.0,1.1,18.1,7710.0,3.5,618.0,7.2
2024-04-12,9300.0,10.1,17.4,7910.0,2.3,979.0,5.3
2024-04-13,11800.0,0.0,14.6,18300.0,0.0,1170.0,0.0
2024-04-14,29200.0,0.0,15.7,26100.0,0.0,937.0,0.0
2024-04-15,20900.0,1.1,21.6,17100.0,1.9,819.0,0.0
2024-04-16,16500.0,0.0,18.6,14000.0,0.0,739.0,0.0
2024-04-17,13800.0,0.0,17.3,11900.0,0.0,653.0,0.0
2024-04-18,11900.0,0.0,22.1,10100.0,0.0,618.0,0.0
2024-04-19,9830.0,0.0,15.3,8500.0,0.1,577.0,0.7
2024-04-20,8990.0,0.4,15.6,8040.0,0.5,557.0,0.1
2024-04-21,8250.0,4.0,10.6,7120.0,1.8,534.0,1.0
2024-04-22,7260.0,0.0,9.6,6370.0,0.0,501.0,0.0
2024-04-23,6600.0,0.0,12.1,5820.0,0.0,480.0,0.0
2024-04-24,6000.0,0.5,16.9,5200.0,0.0,462.0,0.7
2024-04-25,5490.0,0.4,14.6,4860.0,0.0,444.0,0.0
2024-04-26,5230.0,0.0,12.1,4590.0,0.0,426.0,0.0
2024-04-27,4940.0,0.4,13.3,4380.0,0.1,419.0,0.0
2024-04-28,4760.0,0.0,20.0,4160.0,0.0,423.0,0.0
2024-04-29,4570.0,0.0,22.9,4130.0,0.0,415.0,0.0
2024-04-30,4460.0,0.0,22.6,3870.0,0.0,389.0,0.0
2024-05-01,4180.0,0.4,21.8,3690.0,0.4,369.0,1.4
2024-05-02,3970.0,0.0,22.7,3480.0,0.0,348.0,0.0
2024-05-03,3770.0,0.0,22.9,3370.0,0.0,329.0,0.0
2024-05-04,3670.0,8.2,16.1,3440.0,1.8,481.0,6.7
2024-05-05,4070.0,9.9,18.2,3810.0,13.6,657.0,12.8
2024-05-06,4690.0,9.2,20.4,4520.0,11.4,614.0,12.1
2024-05-07,7850.0,1.3,21.2,8520.0,2.3,1080.0,2.1
2024-05-08,7960.0,0.0,23.9,5960.0,0.0,804.0,0.0
2024-05-09,5760.0,0.5,22.6,4650.0,0.4,585.0,0.7
2024-05-10,4780.0,3.7,19.7,4200.0,3.2,517.0,1.4
2024-05-11,4450.0,0.9,14.0,3870.0,0.3,494.0,1.4
2024-05-12,4040.0,0.2,15.6,3570.0,0.0,483.0,0.0
2024-05-13,3740.0,0.0,16.5,3370.0,0.0,444.0,0.0
2024-05-14,3590.0,10.5,18.0,3160.0,16.3,403.0,13.6
2024-05-15,4060.0,33.4,17.5,3770.0,14.2,612.0,7.2
2024-05-16,4780.0,0.0,19.0,4420.0,0.1,669.0,0.2
2024-05-17,4720.0,0.2,18.8,3860.0,0.3,580.0,0.5
2024-05-18,5460.0,11.4,16.7,8320.0,14.2,1210.0,41.9
2024-05-19,16500.0,1.0,17.5,15200.0,0.5,2330.0,0.5
2024-05-20,13500.0,0.1,17.8,10900.0,0.0,1410.0,0.0
2024-05-21,11200.0,0.0,19.9,10200.0,0.0,1030.0,0.0
2024-05-22,9880.0,0.0,22.1,8060.0,0.0,806.0,0.1
2024-05-23,7530.0,0.2,24.1,6270.0,0.0,667.0,1.3
2024-05-24,6160.0,5.5,22.4,5200.0,2.0,594.0,4.2
2024-05-25,5390.0,0.0,22.6,4640.0,0.6,549.0,0.4
2024-05-26,4880.0,1.1,24.0,4260.0,0.1,494.0,0.1
2024-05-27,4630.0,10.1,23.0,4310.0,11.9,617.0,14.6
2024-05-28,4810.0,0.0,23.5,4400.0,0.0,541.0,0.0
2024-05-29,4520.0,0.0,21.3,3870.0,0.0,456.0,0.3
2024-05-30,4040.0,0.0,18.9,3510.0,0.0,423.0,0.0
2024-05-31,3730.0,0.0,18.0,3210.0,0.0,373.0,0.0
2024-06-01,3370.0,0.0,19.3,2880.0,0.0,322.0,0.0
2024-06-02,3110.0,0.0,21.4,2630.0,0.1,300.0,0.8
2024-06-03,2910.0,0.5,23.1,2530.0,2.4,301.0,3.9
2024-06-04,2840.0,0.7,23.9,2460.0,1.5,310.0,0.1
2024-06-05,2700.0,17.5,23.1,2380.0,19.2,299.0,20.3
2024-06-06,2580.0,2.3,25.3,2600.0,2.6,306.0,4.6
2024-06-07,2900.0,0.0,25.3,2760.0,0.0,330.0,0.0
2024-06-08,2930.0,0.0,23.6,3060.0,0.0,302.0,0.0
2024-06-09,3270.0,0.0,25.2,3000.0,0.1,256.0,0.0
2024-06-10,2960.0,0.0,23.1,2600.0,0.0,228.0,0.0
2024-06-11,2650.0,0.1,21.2,2310.0,0.3,207.0,0.7
2024-06-12,2390.0,0.0,21.2,2090.0,0.0,192.0,0.0
2024-06-13,2190.0,0.5,24.4,1920.0,0.3,186.0,0.1
2024-06-14,2040.0,0.0,26.5,1910.0,0.0,176.0,0.0
2024-06-15,1950.0,0.0,25.4,1850.0,0.0,166.0,0.0
2024-06-16,1900.0,0.0,24.0,1750.0,0.0,159.0,0.0
2024-06-17,1830.0,0.5,25.1,1720.0,0.4,145.0,0.4
2024-06-18,1750.0,0.0,26.3,1620.0,0.0,131.0,0.0
2024-06-19,1680.0,0.0,25.1,1530.0,0.0,124.0,0.0
2024-06-20,1600.0,0.0,25.2,1590.0,0.0,119.0,0.0
2024-06-21,1580.0,0.0,26.4,1490.0,0.0,103.0,0.0
2024-06-22,1550.0,0.0,28.7,1420.0,0.0,97.5,0.0
2024-06-23,1490.0,0.2,29.6,1340.0,0.0,83.5,0.1
2024-06-24,1430.0,0.0,29.5,1230.0,0.0,78.7,0.0
2024-06-25,1320.0,0.0,26.2,1220.0,0.0,73.2,0.0
2024-06-26,1270.0,0.0,29.2,1190.0,0.6,58.6,1.2
2024-06-27,1250.0,7.6,25.2,1110.0,8.0,119.0,6.6
2024-06-28,1210.0,0.0,24.9,1160.0,2.2,138.0,0.2
2024-06-29,1160.0,0.2,26.0,1220.0,0.0,111.0,0.0
2024-06-30,1160.0,7.1,29.3,1590.0,11.6,80.7,2.1
2024-07-01,1360.0,5.4,23.1,1300.0,7.9,65.3,0.4
2024-07-02,1390.0,0.0,22.9,1150.0,0.0,59.2,0.0
2024-07-03,1230.0,0.0,23.9,1090.0,0.0,46.0,0.0
2024-07-04,1140.0,2.1,26.6,1060.0,9.0,39.7,6.0
2024-07-05,1120.0,0.0,28.8,1050.0,0.1,74.1,0.1
2024-07-06,1090.0,0.0,30.5,1140.0,0.0,84.4,0.0
2024-07-07,1050.0,0.0,29.6,1210.0,0.0,65.5,0.0
2024-07-08,1060.0,2.2,27.7,1190.0,0.1,47.5,0.7
2024-07-09,1090.0,0.9,28.1,1270.0,0.0,37.7,0.0
2024-07-10,1090.0,2.1,29.5,1210.0,0.6,37.0,10.8
2024-07-11,1130.0,0.1,28.7,1390.0,0.5,71.6,0.0
2024-07-12,1260.0,22.3,24.6,1320.0,21.0,72.4,42.4
2024-07-13,1630.0,8.6,25.4,1260.0,1.3,99.2,8.6
2024-07-14,1500.0,0.0,28.4,1310.0,0.0,78.5,0.0
2024-07-15,1350.0,0.0,29.2,1330.0,0.0,52.4,0.2
2024-07-16,1280.0,0.0,29.9,1130.0,0.3,48.9,0.0
2024-07-17,1180.0,0.2,29.3,981.0,0.0,40.6,1.0
2024-07-18,1070.0,10.2,25.4,1030.0,3.4,69.3,8.5
2024-07-19,1010.0,1.3,24.7,1190.0,0.0,54.3,0.5
2024-07-20,1030.0,6.2,23.5,1370.0,3.5,40.8,1.5
2024-07-21,1140.0,0.2,24.6,1900.0,0.1,35.6,0.4
2024-07-22,1590.0,2.8,24.9,1570.0,5.0,155.0,6.3
2024-07-23,1570.0,3.0,25.4,1420.0,1.8,161.0,3.3
2024-07-24,1470.0,6.6,25.1,1900.0,16.2,554.0,4.4
2024-07-25,2230.0,9.1,24.3,2190.0,7.9,143.0,5.5
2024-07-26,2130.0,1.1,23.4,1840.0,1.0,99.0,0.0
2024-07-27,1820.0,0.0,23.7,1970.0,0.0,73.5,0.0
2024-07-28,1780.0,0.0,23.8,1790.0,0.0,52.5,0.0
2024-07-29,1690.0,1.0,24.7,1380.0,1.8,50.4,1.1
2024-07-30,1420.0,1.0,25.3,2090.0,0.3,58.3,0.5
2024-07-31,1790.0,0.0,26.3,1760.0,0.0,71.4,0.1
2024-08-01,1720.0,0.0,28.0,1560.0,0.0,106.0,0.0
2024-08-02,1470.0,0.1,28.7,1580.0,4.5,65.1,1.0
2024-08-03,1440.0,3.1,26.3,1420.0,2.9,43.9,3.5
2024-08-04,1330.0,6.8,25.3,1360.0,2.0,77.0,6.8
2024-08-05,1230.0,0.2,26.3,1630.0,0.1,50.7,0.0
2024-08-06,1280.0,0.3,26.5,2340.0,0.0,42.4,0.0
2024-08-07,1870.0,1.1,25.1,2150.0,1.9,34.6,2.3
2024-08-08,1990.0,20.8,24.1,1490.0,28.0,40.2,44.5
2024-08-09,2010.0,16.0,25.0,15000.0,14.1,4240.0,21.4
2024-08-10,32600.0,0.4,26.3,30900.0,0.4,3130.0,0.5
2024-08-11,19700.0,0.1,24.9,14100.0,0.0,983.0,0.0
2024-08-12,10400.0,0.0,24.1,8160.0,0.0,560.0,0.0
2024-08-13,6550.0,0.7,22.6,5250.0,0.0,377.0,0.1
2024-08-14,4490.0,0.0,23.1,3880.0,0.0,269.0,0.0
2024-08-15,3560.0,0.0,23.4,2740.0,0.0,207.0,0.0
2024-08-16,2700.0,0.0,24.1,2130.0,0.0,168.0,0.1
2024-08-17,2230.0,1.0,25.3,2040.0,1.6,142.0,1.4
2024-08-18,2120.0,4.6,25.6,2220.0,0.3,134.0,1.3
2024-08-19,2250.0,3.5,23.7,2250.0,8.7,135.0,15.9
2024-08-20,2270.0,0.5,21.3,1850.0,0.0,150.0,0.0
2024-08-21,1960.0,0.0,18.5,1740.0,0.0,122.0,0.0
2024-08-22,1830.0,0.0,19.0,1550.0,0.0,98.5,0.0
2024-08-23,1640.0,0.0,19.9,1390.0,0.0,83.4,0.0
2024-08-24,1500.0,0.0,21.1,1350.0,0.0,72.7,0.0
2024-08-25,1410.0,0.0,21.8,1310.0,0.0,66.5,0.0
2024-08-26,1350.0,0.0,24.2,1270.0,0.0,70.4,0.0
2024-08-27,1400.0,0.2,26.3,1330.0,0.0,112.0,0.1
2024-08-28,1470.0,0.0,27.8,1300.0,0.0,80.9,0.0
2024-08-29,1370.0,0.1,28.3,1220.0,3.0,70.1,19.5
2024-08-30,1790.0,0.9,25.3,1380.0,8.4,289.0,8.8
2024-08-31,1870.0,0.3,25.2,1530.0,0.3,348.0,0.2
2024-09-01,1690.0,2.5,25.2,2050.0,10.8,334.0,0.7
2024-09-02,1970.0,2.4,24.0,2140.0,1.6,465.0,0.0
2024-09-03,2060.0,0.0,19.3,2060.0,0.0,296.0,0.0
2024-09-04,1970.0,0.0,18.6,1610.0,0.0,165.0,0.0
2024-09-05,1650.0,0.0,20.0,1510.0,0.0,121.0,0.0
2024-09-06,1500.0,0.0,20.0,1360.0,0.0,102.0,0.0
2024-09-07,1370.0,0.3,20.9,1270.0,0.4,91.5,0.0
2024-09-08,1280.0,0.0,17.1,1190.0,0.0,81.2,0.0
2024-09-09,1190.0,0.0,17.7,1220.0,0.0,74.1,0.0
2024-09-10,1150.0,0.0,19.6,1090.0,0.0,68.6,0.0
2024-09-11,1100.0,0.0,20.3,1090.0,0.0,62.6,0.0
2024-09-12,1050.0,0.0,20.6,1060.0,0.0,56.7,0.0
2024-09-13,1030.0,0.2,21.5,993.0,0.0,52.5,0.1
2024-09-14,984.0,0.0,22.5,999.0,0.0,50.3,0.0
2024-09-15,966.0,0.0,21.7,1010.0,0.0,47.5,0.0
2024-09-16,952.0,0.7,20.0,987.0,0.2,45.3,0.0
2024-09-17,944.0,15.7,21.1,1010.0,9.4,68.7,12.4
2024-09-18,1000.0,27.7,21.4,1450.0,27.5,1110.0,38.0
2024-09-19,2180.0,5.1,21.3,5920.0,4.4,1520.0,1.3
2024-09-20,5810.0,0.3,21.7,4770.0,0.0,720.0,0.0
2024-09-21,3780.0,0.0,21.6,3170.0,0.4,446.0,1.0
2024-09-22,2990.0,6.7,21.2,3410.0,14.7,532.0,4.7
2024-09-23,3570.0,0.0,19.9,4700.0,0.0,594.0,0.5
2024-09-24,4090.0,2.7,20.0,3200.0,8.0,461.0,17.2
2024-09-25,2900.0,15.7,21.6,3230.0,25.7,697.0,11.4
2024-09-26,3820.0,0.5,22.7,13900.0,16.5,7660.0,14.6
2024-09-27,28600.0,7.3,22.8,26800.0,20.7,5910.0,23.1
2024-09-28,27100.0,0.6,23.7,35600.0,0.7,8150.0,1.2
2024-09-29,44600.0,0.4,22.0,42200.0,0.9,3390.0,0.5
2024-09-30,37400.0,7.1,21.7,39800.0,26.1,8890.0,32.3
2024-10-01,54100.0,15.4,19.7,56400.0,10.8,18400.0,13.8
2024-10-02,55100.0,0.1,19.4,44500.0,0.2,6920.0,0.2
2024-10-03,32900.0,0.3,19.4,26500.0,0.3,3580.0,0.5
2024-10-04,22600.0,0.2,20.1,18500.0,0.1,2460.0,0.2
2024-10-05,16000.0,0.2,20.7,13400.0,0.0,1890.0,0.0
2024-10-06,12200.0,0.0,17.8,10500.0,0.0,1480.0,0.0
2024-10-07,9600.0,0.0,19.7,8410.0,0.0,1190.0,0.0
2024-10-08,7760.0,0.0,15.5,6910.0,0.0,973.0,0.0
2024-10-09,6470.0,0.0,15.4,5760.0,0.0,805.0,0.0
2024-10-10,5440.0,0.0,13.8,4820.0,0.0,682.0,0.0
2024-10-11,4720.0,0.0,12.7,4210.0,0.0,601.0,0.0
2024-10-12,4180.0,0.0,15.8,3780.0,0.0,549.0,0.0
2024-10-13,3850.0,0.0,17.9,3480.0,0.0,505.0,0.0
2024-10-14,3590.0,0.0,19.1,3210.0,0.0,463.0,0.0
2024-10-15,3360.0,0.2,11.8,2960.0,0.4,415.0,0.5
2024-10-16,3110.0,0.0,10.4,2870.0,0.0,389.0,0.0
2024-10-17,3010.0,0.0,9.8,2730.0,0.0,376.0,0.0
2024-10-18,2870.0,0.0,11.2,2640.0,0.0,345.0,0.0
2024-10-19,2790.0,0.0,12.2,2620.0,0.0,326.0,0.0
2024-10-20,2730.0,0.0,12.7,2430.0,0.0,317.0,0.0
2024-10-21,2580.0,0.0,14.2,2400.0,0.0,312.0,0.0
2024-10-22,2530.0,0.0,15.0,2300.0,0.0,303.0,0.0
2024-10-23,2450.0,0.0,15.4,2320.0,0.0,297.0,0.0
2024-10-24,2440.0,0.0,16.8,2220.0,0.0,289.0,0.0
2024-10-25,2320.0,0.0,12.9,2170.0,0.0,278.0,0.0
2024-10-26,2250.0,0.0,17.0,2050.0,0.0,278.0,0.0
2024-10-27,2170.0,0.0,12.2,2100.0,0.0,276.0,0.0
2024-10-28,2160.0,0.0,10.6,2060.0,0.0,263.0,0.0
2024-10-29,2110.0,0.0,11.7,2000.0,0.0,255.0,0.0
2024-10-30,2090.0,0.0,17.0,2080.0,0.0,264.0,0.0
2024-10-31,2160.0,0.0,19.4,2130.0,0.0,263.0,0.0
2024-11-01,2140.0,0.0,20.6,1990.0,0.0,261.0,0.0
2024-11-02,2030.0,0.0,14.9,1900.0,0.0,263.0,0.0
2024-11-03,1970.0,0.0,10.6,1880.0,0.0,248.0,0.0
2024-11-04,1960.0,0.0,10.8,1920.0,0.0,243.0,0.0
2024-11-05,1980.0,0.0,15.5,1980.0,0.0,246.0,0.0
2024-11-06,2020.0,0.0,19.0,1990.0,0.0,247.0,0.0
2024-11-07,2020.0,0.2,21.6,1850.0,0.3,255.0,1.1
2024-11-08,1910.0,4.5,18.4,1900.0,0.2,255.0,0.0
2024-11-09,1930.0,0.0,13.2,1910.0,0.0,253.0,0.0
2024-11-10,1960.0,0.0,10.1,1840.0,0.0,236.0,0.0
2024-11-11,2130.0,18.3,16.6,2100.0,11.2,253.0,11.6
2024-11-12,2380.0,0.0,13.9,2470.0,0.0,251.0,0.0
2024-11-13,2600.0,0.0,7.0,2420.0,0.0,233.0,0.0
2024-11-14,2460.0,9.1,7.0,2020.0,8.0,235.0,6.7
2024-11-15,2360.0,13.9,10.4,2280.0,6.9,490.0,8.0
2024-11-16,2660.0,0.0,11.2,3070.0,0.0,494.0,0.0
2024-11-17,3200.0,0.0,9.5,2820.0,0.0,347.0,0.0
2024-11-18,2820.0,0.0,11.7,2580.0,0.0,293.0,0.0
2024-11-19,2560.0,0.0,13.4,2130.0,0.0,274.0,0.0
2024-11-20,2220.0,0.9,15.9,2300.0,0.2,266.0,1.9
2024-11-21,2380.0,2.2,9.4,2310.0,3.5,396.0,7.5
2024-11-22,2370.0,1.8,4.2,2330.0,0.7,338.0,0.3
2024-11-23,2330.0,0.5,8.8,2260.0,0.0,281.0,0.0
2024-11-24,2250.0,0.0,8.9,2100.0,0.0,251.0,0.0
2024-11-25,2120.0,0.0,8.9,2040.0,0.0,239.0,0.0
2024-11-26,2060.0,0.6,13.7,1950.0,1.8,235.0,0.1
2024-11-27,1950.0,0.0,7.6,1960.0,0.0,226.0,0.0
2024-11-28,1980.0,4.1,11.4,1970.0,3.4,234.0,11.7
2024-11-29,2000.0,0.0,6.1,1980.0,0.0,263.0,0.0
2024-11-30,1960.0,0.0,1.4,1990.0,0.0,242.0,0.0
2024-12-01,1980.0,0.0,2.5,1970.0,0.0,222.0,0.0
2024-12-02,1920.0,0.0,1.1,1900.0,0.0,215.0,0.0
2024-12-03,1850.0,0.0,-0.1,1880.0,0.0,207.0,0.0
2024-12-04,1830.0,0.0,0.2,1890.0,0.0,199.0,0.0
2024-12-05,1820.0,0.2,4.6,1850.0,0.3,203.0,0.0
2024-12-06,1780.0,0.0,-1.3,1840.0,0.0,214.0,0.0
2024-12-07,1780.0,0.0,-0.3,1820.0,0.0,208.0,0.0
2024-12-08,1750.0,0.0,6.6,1800.0,0.0,210.0,0.0
2024-12-09,1760.0,2.1,10.3,1810.0,3.5,228.0,3.7
2024-12-10,1790.0,0.3,11.3,1870.0,0.1,245.0,0.5
2024-12-11,2010.0,36.2,15.2,1990.0,41.4,453.0,36.7
2024-12-12,2510.0,0.0,3.7,5240.0,0.0,1050.0,0.0
2024-12-13,7120.0,0.0,2.4,6630.0,0.0,652.0,0.0
2024-12-14,7240.0,0.0,1.8,8200.0,0.0,459.0,0.0
2024-12-15,7260.0,0.4,3.0,6130.0,2.1,382.0,1.8
2024-12-16,5530.0,4.3,7.0,4860.0,12.6,474.0,9.8
2024-12-17,4700.0,0.0,12.8,4600.0,0.0,542.0,0.5
2024-12-18,4620.0,0.0,11.0,4290.0,0.0,488.0,0.0
2024-12-19,4410.0,0.8,8.5,4810.0,4.5,442.0,1.2
2024-12-20,5120.0,0.2,5.0,5020.0,0.1,400.0,0.0
2024-12-21,4790.0,0.0,2.8,4410.0,0.0,369.0,0.0
2024-12-22,4260.0,0.0,-1.7,4010.0,0.0,340.0,0.0
2024-12-23,3870.0,0.0,-2.2,3580.0,0.0,308.0,0.0
2024-12-24,3480.0,0.0,1.0,3260.0,0.1,286.0,1.0
2024-12-25,3180.0,0.0,3.2,3040.0,0.0,306.0,0.0
2024-12-26,3030.0,0.0,3.0,2920.0,0.0,296.0,0.0
2024-12-27,2880.0,0.0,2.6,2660.0,0.0,281.0,0.0
2024-12-28,2690.0,4.0,7.9,2690.0,6.2,334.0,6.2
2024-12-29,2820.0,1.8,14.6,3580.0,3.4,1010.0,4.3
2024-12-30,5500.0,0.6,13.1,8100.0,0.0,1210.0,0.1
2024-12-31,8600.0,1.1,9.2,7940.0,4.8,965.0,0.4
