date,discharge_cfs,precip_mm,temp_c,site_id
2000-01-01,1870.0,0.0,3.7,01636500
2000-01-02,1840.0,0.0,10.0,01636500
2000-01-03,1780.0,0.2,13.0,01636500
2000-01-04,1720.0,15.0,15.1,01636500
2000-01-05,1700.0,0.5,4.1,01636500
2000-01-06,1580.0,0.0,1.2,01636500
2000-01-07,1540.0,0.0,2.5,01636500
2000-01-08,1470.0,0.0,1.5,01636500
2000-01-09,1470.0,1.1,4.2,01636500
2000-01-10,1430.0,10.4,5.4,01636500
2000-01-11,1470.0,0.2,7.3,01636500
2000-01-12,1480.0,0.0,4.4,01636500
2000-01-13,1470.0,0.1,5.0,01636500
2000-01-14,1480.0,0.0,-2.7,01636500
2000-01-15,1440.0,0.0,-2.3,01636500
2000-01-16,1370.0,0.0,3.4,01636500
2000-01-17,1350.0,0.0,-3.9,01636500
2000-01-18,1340.0,1.9,-6.0,01636500
2000-01-19,1280.0,0.0,-2.3,01636500
2000-01-20,1300.0,7.7,-0.6,01636500
2000-01-21,1680.0,0.0,-7.2,01636500
2000-01-22,1350.0,0.0,-9.5,01636500
2000-01-23,1320.0,0.2,-3.8,01636500
2000-01-24,1520.0,0.0,-2.1,01636500
2000-01-25,1560.0,12.5,-3.4,01636500
2000-01-26,1370.0,0.5,-5.4,01636500
2000-01-27,1740.0,0.0,-9.5,01636500
2000-01-28,1830.0,0.0,-8.8,01636500
2000-01-29,1490.0,0.0,-6.9,01636500
2000-01-30,1490.0,13.1,-2.9,01636500
2000-01-31,1670.0,4.8,-2.9,01636500
2000-02-01,1560.0,0.0,-4.7,01636500
2000-02-02,1600.0,0.0,-4.2,01636500
2000-02-03,1570.0,0.0,-3.2,01636500
2000-02-04,1550.0,0.8,0.2,01636500
2000-02-05,1480.0,0.0,-1.1,01636500
2000-02-06,1390.0,0.0,-1.4,01636500
2000-02-07,1320.0,0.0,0.5,01636500
2000-02-08,1320.0,0.0,-0.8,01636500
2000-02-09,1300.0,0.0,0.5,01636500
2000-02-10,1220.0,0.0,3.0,01636500
2000-02-11,1390.0,0.9,7.0,01636500
2000-02-12,1680.0,0.0,0.9,01636500
2000-02-13,1770.0,0.0,-0.4,01636500
2000-02-14,1830.0,13.0,6.0,01636500
2000-02-15,1850.0,0.0,2.6,01636500
2000-02-16,1870.0,1.0,6.1,01636500
2000-02-17,2010.0,0.0,2.0,01636500
2000-02-18,2180.0,18.3,0.4,01636500
2000-02-19,3840.0,9.8,4.9,01636500
2000-02-20,6150.0,0.0,2.3,01636500
2000-02-21,6080.0,0.0,2.2,01636500
2000-02-22,5790.0,0.0,4.4,01636500
2000-02-23,4870.0,0.0,6.9,01636500
2000-02-24,4180.0,0.0,11.1,01636500
2000-02-25,3600.0,0.0,15.0,01636500
2000-02-26,3180.0,0.0,10.9,01636500
2000-02-27,2840.0,0.0,12.5,01636500
2000-02-28,2810.0,16.2,10.3,01636500
2000-02-29,2720.0,0.0,7.4,01636500
2000-03-01,2520.0,1.0,8.7,01636500
2000-03-02,2370.0,0.0,8.1,01636500
2000-03-03,2250.0,0.0,4.3,01636500
2000-03-04,2120.0,0.0,5.5,01636500
2000-03-05,2000.0,0.0,8.5,01636500
2000-03-06,1960.0,0.0,8.4,01636500
2000-03-07,1870.0,0.0,10.5,01636500
2000-03-08,1800.0,0.0,17.0,01636500
2000-03-09,1640.0,0.0,17.1,01636500
2000-03-10,1660.0,0.0,15.3,01636500
2000-03-11,1660.0,6.8,10.4,01636500
2000-03-12,1750.0,17.2,7.7,01636500
2000-03-13,2680.0,0.0,3.7,01636500
2000-03-14,3140.0,0.0,6.9,01636500
2000-03-15,3170.0,0.0,10.5,01636500
2000-03-16,3080.0,1.8,13.8,01636500
2000-03-17,2940.0,7.6,9.6,01636500
2000-03-18,2730.0,0.1,1.3,01636500
2000-03-19,2450.0,0.0,2.9,01636500
2000-03-20,2390.0,0.0,5.2,01636500
2000-03-21,2560.0,28.4,4.0,01636500
2000-03-22,5170.0,9.6,4.8,01636500
2000-03-23,8860.0,0.0,8.6,01636500
2000-03-24,8720.0,0.0,11.7,01636500
2000-03-25,6900.0,1.7,14.3,01636500
2000-03-26,5930.0,0.2,13.9,01636500
2000-03-27,5160.0,2.1,11.2,01636500
2000-03-28,4590.0,16.3,10.0,01636500
2000-03-29,4090.0,0.0,8.3,01636500
2000-03-30,3630.0,0.0,9.1,01636500
2000-03-31,3220.0,0.0,8.3,01636500
2000-04-01,2880.0,0.0,10.4,01636500
2000-04-02,2550.0,0.0,13.7,01636500
2000-04-03,2450.0,0.0,16.9,01636500
2000-04-04,2370.0,9.1,16.0,01636500
2000-04-05,2320.0,0.0,6.9,01636500
2000-04-06,2230.0,0.0,12.5,01636500
2000-04-07,2260.0,0.4,14.0,01636500
2000-04-08,2290.0,17.2,15.5,01636500
2000-04-09,2940.0,5.2,5.2,01636500
2000-04-10,2940.0,0.0,8.3,01636500
2000-04-11,2910.0,0.7,10.6,01636500
2000-04-12,2710.0,5.3,9.4,01636500
2000-04-13,2400.0,0.0,5.9,01636500
2000-04-14,2210.0,0.0,8.5,01636500
2000-04-15,2120.0,2.0,11.6,01636500
2000-04-16,2000.0,1.0,16.5,01636500
2000-04-17,2020.0,22.1,14.1,01636500
2000-04-18,2430.0,24.9,6.7,01636500
2000-04-19,3150.0,0.1,10.4,01636500
2000-04-20,4560.0,0.0,14.8,01636500
2000-04-21,5280.0,15.0,15.3,01636500
2000-04-22,4760.0,10.0,9.2,01636500
2000-04-23,4220.0,1.0,10.3,01636500
2000-04-24,3710.0,0.0,12.1,01636500
2000-04-25,3200.0,0.2,12.6,01636500
2000-04-26,2890.0,2.3,10.0,01636500
2000-04-27,3100.0,4.1,9.2,01636500
2000-04-28,3860.0,0.7,10.5,01636500
2000-04-29,3620.0,0.0,12.2,01636500
2000-04-30,3210.0,0.0,13.9,01636500
2000-05-01,2970.0,0.0,15.1,01636500
2000-05-02,2750.0,6.6,16.0,01636500
2000-05-03,2540.0,0.0,15.2,01636500
2000-05-04,2230.0,0.0,17.2,01636500
2000-05-05,2080.0,0.7,21.2,01636500
2000-05-06,1950.0,0.0,22.4,01636500
2000-05-07,1710.0,0.0,23.8,01636500
2000-05-08,1760.0,0.0,24.0,01636500
2000-05-09,1660.0,0.0,24.6,01636500
2000-05-10,1600.0,3.1,23.3,01636500
2000-05-11,1450.0,0.0,17.9,01636500
2000-05-12,1440.0,0.2,22.1,01636500
2000-05-13,1360.0,8.1,25.6,01636500
2000-05-14,1240.0,0.2,18.2,01636500
2000-05-15,1280.0,0.0,14.7,01636500
2000-05-16,1220.0,0.0,14.6,01636500
2000-05-17,1150.0,0.0,17.5,01636500
2000-05-18,1080.0,0.0,22.5,01636500
2000-05-19,1030.0,7.1,22.0,01636500
2000-05-20,1060.0,13.1,16.4,01636500
2000-05-21,1040.0,4.3,15.5,01636500
2000-05-22,1120.0,13.9,15.4,01636500
2000-05-23,1260.0,0.6,16.9,01636500
2000-05-24,1700.0,1.4,20.9,01636500
2000-05-25,3150.0,0.0,21.0,01636500
2000-05-26,2560.0,0.0,18.8,01636500
2000-05-27,2080.0,7.3,16.2,01636500
2000-05-28,1730.0,6.5,14.0,01636500
2000-05-29,1620.0,5.3,14.2,01636500
2000-05-30,1500.0,0.0,14.3,01636500
2000-05-31,1430.0,0.0,16.1,01636500
2000-06-01,1520.0,0.0,21.4,01636500
2000-06-02,1480.0,0.0,25.4,01636500
2000-06-03,1340.0,0.0,21.1,01636500
2000-06-04,1210.0,0.0,17.6,01636500
2000-06-05,1130.0,0.2,17.9,01636500
2000-06-06,1140.0,13.8,15.3,01636500
2000-06-07,1120.0,0.0,17.2,01636500
2000-06-08,1110.0,0.0,19.7,01636500
2000-06-09,1060.0,0.0,22.8,01636500
2000-06-10,1250.0,0.0,25.2,01636500
2000-06-11,1210.0,0.1,26.7,01636500
2000-06-12,1140.0,1.0,26.5,01636500
2000-06-13,1050.0,0.4,23.7,01636500
2000-06-14,991.0,0.0,23.2,01636500
2000-06-15,1160.0,2.4,25.1,01636500
2000-06-16,1540.0,1.4,25.4,01636500
2000-06-17,2660.0,9.1,26.0,01636500
2000-06-18,2950.0,8.3,24.2,01636500
2000-06-19,3050.0,3.2,20.3,01636500
2000-06-20,3660.0,0.0,20.3,01636500
2000-06-21,3370.0,0.5,23.9,01636500
2000-06-22,3670.0,5.6,24.9,01636500
2000-06-23,3780.0,0.0,23.3,01636500
2000-06-24,3050.0,0.0,24.8,01636500
2000-06-25,2480.0,0.3,26.6,01636500
2000-06-26,2120.0,4.4,26.0,01636500
2000-06-27,1840.0,0.8,25.3,01636500
2000-06-28,1640.0,2.1,22.8,01636500
2000-06-29,1530.0,2.5,22.8,01636500
2000-06-30,1750.0,0.0,21.5,01636500
2000-07-01,2190.0,0.0,22.5,01636500
2000-07-02,2340.0,0.0,23.4,01636500
2000-07-03,1870.0,0.3,24.1,01636500
2000-07-04,1600.0,5.8,24.4,01636500
2000-07-05,1430.0,0.0,25.6,01636500
2000-07-06,1380.0,0.0,23.8,01636500
2000-07-07,1300.0,0.2,22.7,01636500
2000-07-08,1070.0,0.0,21.0,01636500
2000-07-09,1040.0,0.0,24.0,01636500
2000-07-10,1090.0,3.0,26.4,01636500
2000-07-11,988.0,5.5,23.4,01636500
2000-07-12,983.0,0.0,23.5,01636500
2000-07-13,846.0,1.9,21.4,01636500
2000-07-14,868.0,0.9,22.7,01636500
2000-07-15,976.0,16.5,21.1,01636500
2000-07-16,1090.0,5.9,21.6,01636500
2000-07-17,971.0,0.0,21.8,01636500
2000-07-18,851.0,0.0,24.4,01636500
2000-07-19,813.0,14.9,21.0,01636500
2000-07-20,779.0,4.1,19.5,01636500
2000-07-21,789.0,0.2,21.5,01636500
2000-07-22,836.0,0.0,22.2,01636500
2000-07-23,812.0,0.0,21.2,01636500
2000-07-24,887.0,6.1,19.4,01636500
2000-07-25,819.0,2.4,19.3,01636500
2000-07-26,786.0,30.6,18.4,01636500
2000-07-27,775.0,0.0,21.7,01636500
2000-07-28,764.0,6.5,22.8,01636500
2000-07-29,804.0,2.2,22.7,01636500
2000-07-30,780.0,2.3,24.4,01636500
2000-07-31,817.0,1.1,24.5,01636500
2000-08-01,2220.0,6.5,24.7,01636500
2000-08-02,2590.0,2.2,24.7,01636500
2000-08-03,2500.0,1.2,24.6,01636500
2000-08-04,2290.0,9.7,22.7,01636500
2000-08-05,2040.0,0.0,22.0,01636500
2000-08-06,2320.0,5.6,21.2,01636500
2000-08-07,2710.0,0.2,26.7,01636500
2000-08-08,1950.0,0.0,26.7,01636500
2000-08-09,1520.0,8.3,26.8,01636500
2000-08-10,1320.0,0.1,25.0,01636500
2000-08-11,1130.0,0.0,24.2,01636500
2000-08-12,1050.0,0.3,22.0,01636500
2000-08-13,926.0,0.7,20.1,01636500
2000-08-14,867.0,0.0,21.7,01636500
2000-08-15,849.0,0.1,23.7,01636500
2000-08-16,824.0,2.9,25.1,01636500
2000-08-17,767.0,0.0,21.4,01636500
2000-08-18,741.0,18.1,19.6,01636500
2000-08-19,758.0,0.0,19.4,01636500
2000-08-20,777.0,0.0,19.7,01636500
2000-08-21,797.0,0.0,18.8,01636500
2000-08-22,1040.0,0.0,20.4,01636500
2000-08-23,914.0,1.2,21.7,01636500
2000-08-24,813.0,1.4,22.6,01636500
2000-08-25,789.0,0.0,22.2,01636500
2000-08-26,762.0,0.0,22.5,01636500
2000-08-27,740.0,4.8,22.3,01636500
2000-08-28,814.0,7.9,21.6,01636500
2000-08-29,1120.0,2.9,21.6,01636500
2000-08-30,802.0,0.2,23.1,01636500
2000-08-31,809.0,2.0,23.5,01636500
2000-09-01,868.0,5.8,24.1,01636500
2000-09-02,957.0,2.4,24.2,01636500
2000-09-03,1180.0,9.6,23.6,01636500
2000-09-04,1490.0,0.6,24.1,01636500
2000-09-05,4440.0,0.0,18.9,01636500
2000-09-06,3550.0,0.0,16.1,01636500
2000-09-07,2800.0,0.0,16.9,01636500
2000-09-08,2630.0,0.0,18.6,01636500
2000-09-09,2280.0,6.9,21.8,01636500
2000-09-10,1930.0,0.0,23.9,01636500
2000-09-11,1670.0,1.6,22.1,01636500
2000-09-12,1560.0,0.0,23.5,01636500
2000-09-13,1460.0,1.5,23.2,01636500
2000-09-14,1250.0,1.6,20.3,01636500
2000-09-15,1220.0,5.6,19.1,01636500
2000-09-16,1060.0,0.0,14.6,01636500
2000-09-17,1010.0,0.0,14.8,01636500
2000-09-18,888.0,0.0,17.2,01636500
2000-09-19,1170.0,17.7,15.9,01636500
2000-09-20,3410.0,0.6,19.0,01636500
2000-09-21,2970.0,0.0,21.4,01636500
2000-09-22,2890.0,0.0,16.4,01636500
2000-09-23,2000.0,0.0,18.7,01636500
2000-09-24,1610.0,2.2,21.1,01636500
2000-09-25,1480.0,26.7,14.4,01636500
2000-09-26,2840.0,22.2,10.3,01636500
2000-09-27,4390.0,0.0,13.8,01636500
2000-09-28,5440.0,0.1,15.3,01636500
2000-09-29,4390.0,0.0,12.8,01636500
2000-09-30,3590.0,0.0,13.3,01636500
2000-10-01,2900.0,0.0,15.2,01636500
2000-10-02,2420.0,0.0,17.4,01636500
2000-10-03,2080.0,0.0,19.8,01636500
2000-10-04,1830.0,0.2,22.0,01636500
2000-10-05,1670.0,0.1,19.6,01636500
2000-10-06,1530.0,1.1,19.5,01636500
2000-10-07,1410.0,0.0,13.1,01636500
2000-10-08,1290.0,0.0,7.9,01636500
2000-10-09,1210.0,0.5,6.5,01636500
2000-10-10,1170.0,0.3,8.9,01636500
2000-10-11,1100.0,0.0,12.0,01636500
2000-10-12,1040.0,0.0,14.1,01636500
2000-10-13,1010.0,0.0,14.7,01636500
2000-10-14,975.0,0.0,15.5,01636500
2000-10-15,905.0,0.0,17.4,01636500
2000-10-16,873.0,0.0,16.6,01636500
2000-10-17,877.0,0.1,15.7,01636500
2000-10-18,889.0,1.7,16.6,01636500
2000-10-19,840.0,0.0,15.0,01636500
2000-10-20,808.0,0.0,14.4,01636500
2000-10-21,769.0,0.0,16.2,01636500
2000-10-22,755.0,0.0,15.6,01636500
2000-10-23,733.0,0.0,12.2,01636500
2000-10-24,724.0,3.2,11.9,01636500
2000-10-25,730.0,0.0,15.2,01636500
2000-10-26,741.0,0.0,16.5,01636500
2000-10-27,730.0,0.0,15.3,01636500
2000-10-28,722.0,0.0,15.9,01636500
2000-10-29,712.0,0.0,8.7,01636500
2000-10-30,697.0,0.0,9.3,01636500
2000-10-31,671.0,0.0,9.2,01636500
2000-11-01,677.0,0.0,9.1,01636500
2000-11-02,678.0,0.0,10.9,01636500
2000-11-03,662.0,0.0,12.7,01636500
2000-11-04,662.0,0.0,13.8,01636500
2000-11-05,663.0,0.0,9.9,01636500
2000-11-06,658.0,0.0,7.5,01636500
2000-11-07,643.0,0.0,9.5,01636500
2000-11-08,652.0,0.0,11.8,01636500
2000-11-09,675.0,6.3,13.5,01636500
2000-11-10,688.0,8.5,13.5,01636500
2000-11-11,733.0,0.0,10.4,01636500
2000-11-12,753.0,0.0,8.6,01636500
2000-11-13,736.0,0.0,8.3,01636500
2000-11-14,781.0,2.6,8.4,01636500
2000-11-15,805.0,0.0,4.4,01636500
2000-11-16,759.0,0.0,3.2,01636500
2000-11-17,712.0,0.0,6.2,01636500
2000-11-18,707.0,0.0,2.7,01636500
2000-11-19,694.0,0.0,2.3,01636500
2000-11-20,685.0,0.9,1.8,01636500
2000-11-21,679.0,0.0,-0.0,01636500
2000-11-22,683.0,0.0,-1.9,01636500
2000-11-23,670.0,0.0,-1.0,01636500
2000-11-24,660.0,0.0,-0.4,01636500
2000-11-25,652.0,4.7,0.9,01636500
2000-11-26,759.0,15.3,7.5,01636500
2000-11-27,880.0,0.0,7.6,01636500
2000-11-28,841.0,0.0,6.8,01636500
2000-11-29,888.0,3.8,4.2,01636500
2000-11-30,879.0,0.3,4.0,01636500
2000-12-01,838.0,0.0,2.4,01636500
2000-12-02,793.0,0.0,1.1,01636500
2000-12-03,709.0,0.0,-1.7,01636500
2000-12-04,714.0,0.0,-0.7,01636500
2000-12-05,686.0,0.0,1.1,01636500
2000-12-06,690.0,0.0,-1.5,01636500
2000-12-07,678.0,0.0,-1.0,01636500
2000-12-08,684.0,0.0,2.3,01636500
2000-12-09,689.0,0.0,0.8,01636500
2000-12-10,678.0,0.0,0.2,01636500
2000-12-11,671.0,0.0,1.6,01636500
2000-12-12,692.0,0.0,3.3,01636500
2000-12-13,657.0,0.0,-1.3,01636500
2000-12-14,729.0,23.4,1.2,01636500
2000-12-15,762.0,0.0,0.7,01636500
2000-12-16,901.0,11.0,1.6,01636500
2000-12-17,1040.0,29.7,8.5,01636500
2000-12-18,1520.0,0.0,-1.6,01636500
2000-12-19,1820.0,5.6,-1.4,01636500
2000-12-20,3340.0,1.4,-5.3,01636500
2000-12-21,2890.0,0.0,-5.4,01636500
2000-12-22,2330.0,0.0,-3.6,01636500
2000-12-23,1930.0,0.0,-8.6,01636500
2000-12-24,1500.0,0.0,-4.0,01636500
2000-12-25,1250.0,0.0,-5.8,01636500
2000-12-26,1160.0,0.0,-7.6,01636500
2000-12-27,1130.0,0.0,-3.6,01636500
2000-12-28,1100.0,0.0,-4.2,01636500
2000-12-29,1070.0,0.0,-6.3,01636500
2000-12-30,1040.0,0.0,-4.1,01636500
2000-12-31,1010.0,0.0,-4.5,01636500
2001-01-01,980.0,0.0,-3.4,01636500
2001-01-02,960.0,0.0,-3.5,01636500
2001-01-03,945.0,0.0,-3.9,01636500
2001-01-04,930.0,0.0,-2.7,01636500
2001-01-05,915.0,1.3,-1.9,01636500
2001-01-06,900.0,0.0,0.3,01636500
2001-01-07,890.0,0.0,1.1,01636500
2001-01-08,875.0,4.0,0.7,01636500
2001-01-09,860.0,0.0,-2.6,01636500
2001-01-10,850.0,0.0,-0.7,01636500
2001-01-11,840.0,0.0,3.2,01636500
2001-01-12,825.0,0.0,1.6,01636500
2001-01-13,810.0,0.0,1.3,01636500
2001-01-14,795.0,0.2,1.3,01636500
2001-01-15,790.0,0.5,2.9,01636500
2001-01-16,790.0,0.1,2.9,01636500
2001-01-17,785.0,0.0,1.5,01636500
2001-01-18,782.0,2.0,0.7,01636500
2001-01-19,821.0,23.9,1.4,01636500
2001-01-20,1050.0,17.1,0.9,01636500
2001-01-21,1690.0,10.4,-3.3,01636500
2001-01-22,2090.0,0.0,-8.0,01636500
2001-01-23,2670.0,0.0,-5.1,01636500
2001-01-24,2400.0,0.0,-1.9,01636500
2001-01-25,2000.0,0.0,-1.7,01636500
2001-01-26,1880.0,0.0,-3.2,01636500
2001-01-27,1590.0,0.2,0.5,01636500
2001-01-28,1580.0,0.0,-1.4,01636500
2001-01-29,1460.0,0.0,0.7,01636500
2001-01-30,1580.0,11.6,4.7,01636500
2001-01-31,2490.0,0.0,5.3,01636500
2001-02-01,2740.0,0.0,3.1,01636500
2001-02-02,3100.0,0.9,2.9,01636500
2001-02-03,2760.0,0.0,-1.5,01636500
2001-02-04,2420.0,0.0,0.3,01636500
2001-02-05,2210.0,4.1,2.0,01636500
2001-02-06,2030.0,0.0,3.5,01636500
2001-02-07,1890.0,0.0,4.3,01636500
2001-02-08,1730.0,0.0,4.0,01636500
2001-02-09,1610.0,0.0,9.6,01636500
2001-02-10,1510.0,1.2,9.4,01636500
2001-02-11,1370.0,0.0,-0.0,01636500
2001-02-12,1340.0,0.0,0.3,01636500
2001-02-13,1310.0,1.0,4.4,01636500
2001-02-14,1240.0,0.6,7.6,01636500
2001-02-15,1220.0,1.2,9.4,01636500
2001-02-16,1210.0,8.5,5.6,01636500
2001-02-17,1280.0,5.7,3.0,01636500
2001-02-18,1530.0,0.0,-1.7,01636500
2001-02-19,1560.0,0.0,0.1,01636500
2001-02-20,1540.0,1.1,5.4,01636500
2001-02-21,1520.0,0.0,5.8,01636500
2001-02-22,1470.0,7.4,-3.0,01636500
2001-02-23,1420.0,0.8,-1.2,01636500
2001-02-24,1400.0,0.0,-0.5,01636500
2001-02-25,1370.0,2.5,4.7,01636500
2001-02-26,1390.0,0.0,7.5,01636500
2001-02-27,1420.0,0.0,5.4,01636500
2001-02-28,1430.0,0.3,4.2,01636500
2001-03-01,1410.0,0.0,1.4,01636500
2001-03-02,1370.0,0.0,4.5,01636500
2001-03-03,1330.0,0.0,6.4,01636500
2001-03-04,1270.0,11.0,4.1,01636500
2001-03-05,1430.0,10.7,0.7,01636500
2001-03-06,1520.0,0.0,-3.4,01636500
2001-03-07,1510.0,0.0,1.1,01636500
2001-03-08,1490.0,0.0,1.9,01636500
2001-03-09,1450.0,5.8,1.4,01636500
2001-03-10,1400.0,0.0,0.7,01636500
2001-03-11,1280.0,0.0,3.4,01636500
2001-03-12,1270.0,0.0,4.0,01636500
2001-03-13,1290.0,8.7,8.6,01636500
2001-03-14,1260.0,0.8,8.0,01636500
2001-03-15,1240.0,2.5,5.5,01636500
2001-03-16,1230.0,2.8,4.7,01636500
2001-03-17,1290.0,1.0,7.4,01636500
2001-03-18,1320.0,0.0,4.5,01636500
2001-03-19,1410.0,0.0,4.2,01636500
2001-03-20,1480.0,0.0,4.9,01636500
2001-03-21,2160.0,26.4,5.1,01636500
2001-03-22,16500.0,2.3,6.1,01636500
2001-03-23,19400.0,0.9,7.5,01636500
2001-03-24,11400.0,0.1,6.1,01636500
2001-03-25,8230.0,0.0,2.8,01636500
2001-03-26,6400.0,0.0,0.3,01636500
2001-03-27,5240.0,0.0,-0.3,01636500
2001-03-28,4480.0,0.0,2.0,01636500
2001-03-29,3940.0,7.7,2.8,01636500
2001-03-30,6520.0,21.7,6.1,01636500
2001-03-31,10100.0,1.0,6.9,01636500
2001-04-01,10500.0,2.7,7.0,01636500
2001-04-02,8600.0,0.2,6.8,01636500
2001-04-03,7720.0,0.0,7.5,01636500
2001-04-04,6920.0,0.0,8.8,01636500
2001-04-05,5950.0,0.0,9.7,01636500
2001-04-06,5220.0,0.7,12.8,01636500
2001-04-07,4800.0,0.0,16.6,01636500
2001-04-08,4430.0,0.2,13.8,01636500
2001-04-09,4040.0,0.0,19.9,01636500
2001-04-10,3820.0,0.0,17.7,01636500
2001-04-11,4030.0,11.6,11.6,01636500
2001-04-12,7880.0,0.1,16.3,01636500
2001-04-13,8670.0,1.3,18.5,01636500
2001-04-14,6830.0,0.0,14.2,01636500
2001-04-15,5620.0,5.3,14.9,01636500
2001-04-16,4930.0,6.2,9.6,01636500
2001-04-17,4440.0,1.2,6.5,01636500
2001-04-18,3890.0,1.0,5.0,01636500
2001-04-19,3430.0,0.0,6.7,01636500
2001-04-20,3120.0,0.3,10.3,01636500
2001-04-21,2770.0,3.8,14.6,01636500
2001-04-22,2550.0,0.0,19.3,01636500
2001-04-23,2460.0,0.0,21.9,01636500
2001-04-24,2350.0,0.5,19.9,01636500
2001-04-25,2180.0,0.0,10.9,01636500
2001-04-26,2000.0,0.0,10.6,01636500
2001-04-27,1880.0,0.0,13.9,01636500
2001-04-28,1800.0,0.0,14.0,01636500
2001-04-29,1650.0,0.0,11.4,01636500
2001-04-30,1620.0,0.0,14.6,01636500
2001-05-01,1530.0,0.0,18.6,01636500
2001-05-02,1520.0,0.0,20.9,01636500
2001-05-03,1450.0,0.0,22.0,01636500
2001-05-04,1390.0,0.0,23.3,01636500
2001-05-05,1300.0,0.9,22.3,01636500
2001-05-06,1260.0,0.0,16.3,01636500
2001-05-07,1240.0,0.0,13.6,01636500
2001-05-08,1190.0,0.0,14.9,01636500
2001-05-09,1180.0,2.4,18.3,01636500
2001-05-10,1140.0,0.0,19.2,01636500
2001-05-11,1080.0,0.0,21.3,01636500
2001-05-12,1060.0,0.0,20.6,01636500
2001-05-13,1020.0,0.0,16.2,01636500
2001-05-14,953.0,0.0,14.3,01636500
2001-05-15,931.0,0.0,15.1,01636500
2001-05-16,934.0,0.0,15.7,01636500
2001-05-17,923.0,0.4,14.1,01636500
2001-05-18,924.0,2.6,15.8,01636500
2001-05-19,1020.0,28.3,17.7,01636500
2001-05-20,1330.0,3.6,17.5,01636500
2001-05-21,1640.0,14.1,14.2,01636500
2001-05-22,1950.0,12.3,18.6,01636500
2001-05-23,3550.0,5.9,17.3,01636500
2001-05-24,5420.0,0.0,18.2,01636500
2001-05-25,5880.0,3.6,18.4,01636500
2001-05-26,4620.0,33.5,16.6,01636500
2001-05-27,4380.0,26.7,16.9,01636500
2001-05-28,4770.0,0.0,17.4,01636500
2001-05-29,4220.0,0.3,17.5,01636500
2001-05-30,3450.0,0.0,15.9,01636500
2001-05-31,2820.0,0.0,14.0,01636500
2001-06-01,2360.0,10.0,15.0,01636500
2001-06-02,2130.0,14.8,18.0,01636500
2001-06-03,1950.0,0.9,16.8,01636500
2001-06-04,1820.0,0.0,16.8,01636500
2001-06-05,1770.0,12.9,19.7,01636500
2001-06-06,1800.0,0.2,20.8,01636500
2001-06-07,2180.0,29.2,18.9,01636500
2001-06-08,2610.0,0.0,19.9,01636500
2001-06-09,2610.0,0.0,20.0,01636500
2001-06-10,2150.0,0.0,20.4,01636500
2001-06-11,2030.0,0.0,22.3,01636500
2001-06-12,1890.0,0.2,24.6,01636500
2001-06-13,1740.0,1.3,25.7,01636500
2001-06-14,1560.0,0.6,24.8,01636500
2001-06-15,1510.0,2.5,24.1,01636500
2001-06-16,1690.0,14.6,23.5,01636500
2001-06-17,2160.0,4.0,23.2,01636500
2001-06-18,1970.0,0.0,22.8,01636500
2001-06-19,1820.0,0.0,24.5,01636500
2001-06-20,1610.0,0.0,25.9,01636500
2001-06-21,1480.0,3.5,25.3,01636500
2001-06-22,1780.0,19.6,23.3,01636500
2001-06-23,7990.0,16.4,20.6,01636500
2001-06-24,11100.0,0.0,20.4,01636500
2001-06-25,5240.0,0.0,21.6,01636500
2001-06-26,3900.0,0.0,23.1,01636500
2001-06-27,2830.0,0.0,25.1,01636500
2001-06-28,2310.0,0.0,26.4,01636500
2001-06-29,1990.0,0.0,26.5,01636500
2001-06-30,1810.0,3.0,26.5,01636500
2001-07-01,1690.0,2.5,25.4,01636500
2001-07-02,1600.0,0.0,19.2,01636500
2001-07-03,1420.0,0.0,19.6,01636500
2001-07-04,1420.0,1.7,23.3,01636500
2001-07-05,1620.0,2.9,22.8,01636500
2001-07-06,1480.0,0.0,21.2,01636500
2001-07-07,1280.0,0.0,21.5,01636500
2001-07-08,1200.0,8.3,23.6,01636500
2001-07-09,1420.0,0.6,25.4,01636500
2001-07-10,1290.0,0.7,25.4,01636500
2001-07-11,1200.0,4.1,24.4,01636500
2001-07-12,1190.0,0.0,21.5,01636500
2001-07-13,1100.0,0.0,21.2,01636500
2001-07-14,1010.0,0.0,21.1,01636500
2001-07-15,971.0,0.0,22.2,01636500
2001-07-16,928.0,0.0,23.9,01636500
2001-07-17,908.0,0.2,26.0,01636500
2001-07-18,906.0,11.2,23.9,01636500
2001-07-19,981.0,0.0,23.3,01636500
2001-07-20,940.0,0.0,22.7,01636500
2001-07-21,873.0,0.0,22.4,01636500
2001-07-22,827.0,0.0,23.1,01636500
2001-07-23,886.0,0.0,25.6,01636500
2001-07-24,886.0,0.0,27.4,01636500
2001-07-25,839.0,3.6,27.9,01636500
2001-07-26,810.0,19.0,25.2,01636500
2001-07-27,960.0,0.0,21.6,01636500
2001-07-28,1020.0,0.0,21.2,01636500
2001-07-29,923.0,26.4,18.2,01636500
2001-07-30,1770.0,0.2,19.9,01636500
2001-07-31,3290.0,0.7,22.5,01636500
2001-08-01,3610.0,0.0,23.1,01636500
2001-08-02,2610.0,0.0,23.6,01636500
2001-08-03,1950.0,0.0,24.1,01636500
2001-08-04,1660.0,4.2,24.9,01636500
2001-08-05,2170.0,0.4,24.9,01636500
2001-08-06,1820.0,0.0,27.0,01636500
2001-08-07,1420.0,0.0,28.3,01636500
2001-08-08,1440.0,0.5,28.8,01636500
2001-08-09,1210.0,0.0,29.5,01636500
2001-08-10,1050.0,6.0,27.9,01636500
2001-08-11,1030.0,9.3,26.4,01636500
2001-08-12,1650.0,11.7,24.5,01636500
2001-08-13,1810.0,4.0,24.4,01636500
2001-08-14,5100.0,0.0,24.5,01636500
2001-08-15,3580.0,0.0,23.5,01636500
2001-08-16,2300.0,0.5,24.1,01636500
2001-08-17,1700.0,1.0,25.5,01636500
2001-08-18,1330.0,0.0,23.5,01636500
2001-08-19,1150.0,0.7,23.9,01636500
2001-08-20,1030.0,0.2,23.5,01636500
2001-08-21,1110.0,0.0,22.9,01636500
2001-08-22,1100.0,0.0,23.5,01636500
2001-08-23,944.0,1.8,24.0,01636500
2001-08-24,956.0,6.2,23.1,01636500
2001-08-25,1040.0,0.9,23.6,01636500
2001-08-26,928.0,0.0,23.4,01636500
2001-08-27,873.0,2.2,25.1,01636500
2001-08-28,870.0,0.0,25.2,01636500
2001-08-29,831.0,0.0,24.8,01636500
2001-08-30,797.0,11.6,23.5,01636500
2001-08-31,802.0,11.4,23.9,01636500
2001-09-01,827.0,0.6,22.5,01636500
2001-09-02,754.0,0.0,19.8,01636500
2001-09-03,768.0,0.0,20.8,01636500
2001-09-04,835.0,0.1,23.5,01636500
2001-09-05,759.0,0.0,22.0,01636500
2001-09-06,658.0,0.0,20.8,01636500
2001-09-07,621.0,0.0,21.7,01636500
2001-09-08,621.0,0.0,23.1,01636500
2001-09-09,607.0,0.0,23.4,01636500
2001-09-10,585.0,6.9,24.0,01636500
2001-09-11,564.0,0.0,22.0,01636500
2001-09-12,538.0,0.0,20.9,01636500
2001-09-13,549.0,0.0,22.1,01636500
2001-09-14,540.0,4.6,18.3,01636500
2001-09-15,556.0,0.0,15.3,01636500
2001-09-16,542.0,0.0,16.3,01636500
2001-09-17,529.0,0.0,18.1,01636500
2001-09-18,516.0,0.0,19.7,01636500
2001-09-19,502.0,0.0,20.5,01636500
2001-09-20,519.0,7.1,19.4,01636500
2001-09-21,517.0,2.0,19.6,01636500
2001-09-22,538.0,0.0,21.0,01636500
2001-09-23,523.0,0.0,21.2,01636500
2001-09-24,530.0,12.5,20.4,01636500
2001-09-25,595.0,14.4,15.5,01636500
2001-09-26,615.0,0.0,12.3,01636500
2001-09-27,597.0,0.4,13.8,01636500
2001-09-28,587.0,0.5,12.5,01636500
2001-09-29,609.0,0.0,13.0,01636500
2001-09-30,631.0,0.0,12.7,01636500
2001-10-01,569.0,0.0,14.4,01636500
2001-10-02,537.0,0.0,17.3,01636500
2001-10-03,536.0,0.0,19.3,01636500
2001-10-04,534.0,0.0,19.7,01636500
2001-10-05,521.0,0.0,18.9,01636500
2001-10-06,489.0,1.5,17.1,01636500
2001-10-07,484.0,0.0,10.0,01636500
2001-10-08,479.0,0.0,7.9,01636500
2001-10-09,462.0,0.0,8.9,01636500
2001-10-10,422.0,0.0,11.9,01636500
2001-10-11,422.0,0.0,16.2,01636500
2001-10-12,433.0,0.0,17.6,01636500
2001-10-13,424.0,0.0,19.3,01636500
2001-10-14,437.0,0.4,19.3,01636500
2001-10-15,452.0,7.3,15.9,01636500
2001-10-16,456.0,3.7,13.4,01636500
2001-10-17,465.0,0.0,9.6,01636500
2001-10-18,476.0,0.0,8.5,01636500
2001-10-19,469.0,0.0,10.5,01636500
2001-10-20,476.0,0.0,13.8,01636500
2001-10-21,474.0,0.0,15.8,01636500
2001-10-22,455.0,0.0,17.5,01636500
2001-10-23,445.0,0.0,18.4,01636500
2001-10-24,449.0,0.0,20.5,01636500
2001-10-25,447.0,0.2,19.0,01636500
2001-10-26,440.0,0.0,10.6,01636500
2001-10-27,429.0,0.1,6.4,01636500
2001-10-28,425.0,0.0,6.1,01636500
2001-10-29,423.0,0.0,7.1,01636500
2001-10-30,419.0,0.0,10.4,01636500
2001-10-31,426.0,0.0,10.9,01636500
2001-11-01,443.0,0.0,13.6,01636500
2001-11-02,446.0,0.0,17.3,01636500
2001-11-03,439.0,1.7,17.2,01636500
2001-11-04,432.0,0.0,12.8,01636500
2001-11-05,432.0,0.0,10.1,01636500
2001-11-06,423.0,0.0,7.2,01636500
2001-11-07,417.0,0.0,11.5,01636500
2001-11-08,435.0,0.0,13.2,01636500
2001-11-09,448.0,0.0,11.1,01636500
2001-11-10,431.0,0.0,9.5,01636500
2001-11-11,418.0,0.0,9.7,01636500
2001-11-12,421.0,0.0,5.4,01636500
2001-11-13,416.0,0.0,5.8,01636500
2001-11-14,413.0,0.0,7.5,01636500
2001-11-15,425.0,0.0,10.7,01636500
2001-11-16,445.0,0.0,12.9,01636500
2001-11-17,453.0,0.0,12.0,01636500
2001-11-18,448.0,0.0,9.4,01636500
2001-11-19,447.0,0.0,11.1,01636500
2001-11-20,430.0,1.3,9.8,01636500
2001-11-21,421.0,0.0,4.4,01636500
2001-11-22,437.0,0.0,5.9,01636500
2001-11-23,448.0,0.0,8.2,01636500
2001-11-24,451.0,6.7,9.2,01636500
2001-11-25,486.0,11.4,15.4,01636500
2001-11-26,531.0,0.0,12.4,01636500
2001-11-27,517.0,0.3,10.1,01636500
2001-11-28,522.0,0.0,13.8,01636500
2001-11-29,522.0,0.0,14.8,01636500
2001-11-30,530.0,4.6,17.2,01636500
2001-12-01,515.0,0.2,15.0,01636500
2001-12-02,499.0,0.0,9.3,01636500
2001-12-03,495.0,0.0,7.1,01636500
2001-12-04,486.0,0.0,9.1,01636500
2001-12-05,483.0,0.0,13.0,01636500
2001-12-06,475.0,0.0,14.3,01636500
2001-12-07,463.0,0.0,13.3,01636500
2001-12-08,477.0,8.4,7.3,01636500
2001-12-09,499.0,3.8,6.7,01636500
2001-12-10,505.0,0.0,4.3,01636500
2001-12-11,501.0,10.0,6.4,01636500
2001-12-12,516.0,0.0,6.9,01636500
2001-12-13,571.0,0.3,10.0,01636500
2001-12-14,608.0,6.6,12.2,01636500
2001-12-15,760.0,0.0,9.7,01636500
2001-12-16,734.0,0.0,4.3,01636500
2001-12-17,647.0,2.9,6.7,01636500
2001-12-18,625.0,4.0,9.8,01636500
2001-12-19,590.0,0.0,6.1,01636500
2001-12-20,542.0,0.0,4.8,01636500
2001-12-21,531.0,0.0,2.7,01636500
2001-12-22,518.0,0.0,1.2,01636500
2001-12-23,512.0,0.2,2.9,01636500
2001-12-24,490.0,5.6,4.5,01636500
2001-12-25,470.0,0.0,0.0,01636500
2001-12-26,460.0,0.0,-0.5,01636500
2001-12-27,450.0,0.0,-1.7,01636500
2001-12-28,440.0,0.0,0.1,01636500
2001-12-29,430.0,0.0,0.6,01636500
2001-12-30,420.0,0.0,-3.4,01636500
2001-12-31,410.0,0.0,-3.6,01636500
2002-01-01,400.0,0.0,-3.7,01636500
2002-01-02,385.0,0.0,-2.8,01636500
2002-01-03,370.0,0.0,-1.8,01636500
2002-01-04,360.0,0.0,-1.0,01636500
2002-01-05,350.0,0.0,1.1,01636500
2002-01-06,340.0,15.9,-0.1,01636500
2002-01-07,400.0,4.2,1.0,01636500
2002-01-08,493.0,0.0,-3.1,01636500
2002-01-09,520.0,0.0,-1.8,01636500
2002-01-10,509.0,0.0,5.7,01636500
2002-01-11,551.0,4.6,5.7,01636500
2002-01-12,534.0,0.0,3.3,01636500
2002-01-13,525.0,0.0,3.8,01636500
2002-01-14,519.0,0.0,3.2,01636500
2002-01-15,519.0,0.8,5.0,01636500
2002-01-16,510.0,0.0,2.3,01636500
2002-01-17,494.0,0.0,4.2,01636500
2002-01-18,475.0,0.0,1.9,01636500
2002-01-19,479.0,8.4,-0.5,01636500
2002-01-20,476.0,3.6,-0.0,01636500
2002-01-21,484.0,0.1,2.0,01636500
2002-01-22,483.0,0.0,4.3,01636500
2002-01-23,480.0,0.6,7.4,01636500
2002-01-24,499.0,4.6,9.4,01636500
2002-01-25,500.0,1.0,6.3,01636500
2002-01-26,508.0,0.0,4.4,01636500
2002-01-27,509.0,0.0,5.6,01636500
2002-01-28,509.0,0.0,7.7,01636500
2002-01-29,513.0,0.0,12.1,01636500
2002-01-30,511.0,0.0,14.8,01636500
2002-01-31,527.0,1.2,9.7,01636500
2002-02-01,519.0,4.3,13.3,01636500
2002-02-02,510.0,0.0,3.1,01636500
2002-02-03,505.0,0.0,1.8,01636500
2002-02-04,496.0,0.6,0.4,01636500
2002-02-05,485.0,0.0,-2.8,01636500
2002-02-06,471.0,0.0,0.9,01636500
2002-02-07,468.0,3.8,3.0,01636500
2002-02-08,468.0,0.0,5.2,01636500
2002-02-09,477.0,0.0,5.6,01636500
2002-02-10,483.0,2.3,5.5,01636500
2002-02-11,496.0,2.7,4.5,01636500
2002-02-12,507.0,0.0,2.2,01636500
2002-02-13,514.0,0.0,2.5,01636500
2002-02-14,475.0,0.0,0.3,01636500
2002-02-15,486.0,0.0,3.1,01636500
2002-02-16,472.0,0.0,6.7,01636500
2002-02-17,466.0,0.0,4.1,01636500
2002-02-18,459.0,0.0,1.4,01636500
2002-02-19,454.0,0.0,3.7,01636500
2002-02-20,448.0,0.0,9.0,01636500
2002-02-21,450.0,0.0,11.5,01636500
2002-02-22,447.0,0.0,6.7,01636500
2002-02-23,447.0,0.0,3.5,01636500
2002-02-24,445.0,0.0,3.4,01636500
2002-02-25,445.0,0.0,6.1,01636500
2002-02-26,439.0,0.0,9.5,01636500
2002-02-27,430.0,0.0,2.1,01636500
2002-02-28,418.0,0.0,-0.7,01636500
2002-03-01,409.0,0.0,1.5,01636500
2002-03-02,430.0,3.4,2.5,01636500
2002-03-03,478.0,12.9,8.8,01636500
2002-03-04,530.0,0.0,-0.5,01636500
2002-03-05,520.0,0.0,-1.9,01636500
2002-03-06,570.0,0.0,4.8,01636500
2002-03-07,715.0,0.0,8.5,01636500
2002-03-08,757.0,0.0,11.2,01636500
2002-03-09,643.0,1.9,13.2,01636500
2002-03-10,597.0,5.2,7.2,01636500
2002-03-11,571.0,0.0,2.0,01636500
2002-03-12,539.0,0.0,5.8,01636500
2002-03-13,554.0,6.9,7.8,01636500
2002-03-14,597.0,0.0,11.9,01636500
2002-03-15,593.0,0.0,16.0,01636500
2002-03-16,599.0,1.2,15.3,01636500
2002-03-17,619.0,3.0,5.4,01636500
2002-03-18,673.0,7.5,5.2,01636500
2002-03-19,720.0,0.0,7.6,01636500
2002-03-20,833.0,20.7,6.4,01636500
2002-03-21,1360.0,0.0,8.6,01636500
2002-03-22,2490.0,0.0,-0.2,01636500
2002-03-23,2190.0,0.0,2.2,01636500
2002-03-24,1820.0,0.0,6.0,01636500
2002-03-25,1750.0,0.1,7.8,01636500
2002-03-26,1530.0,6.8,6.7,01636500
2002-03-27,1510.0,13.5,7.3,01636500
2002-03-28,1480.0,0.0,5.2,01636500
2002-03-29,1510.0,0.0,10.0,01636500
2002-03-30,1510.0,2.0,15.2,01636500
2002-03-31,1460.0,8.5,10.6,01636500
2002-04-01,1400.0,5.3,8.6,01636500
2002-04-02,1400.0,0.0,10.6,01636500
2002-04-03,1460.0,1.3,14.2,01636500
2002-04-04,1540.0,0.0,5.5,01636500
2002-04-05,1500.0,0.0,4.4,01636500
2002-04-06,1440.0,0.0,3.5,01636500
2002-04-07,1230.0,0.0,4.2,01636500
2002-04-08,1200.0,0.0,10.2,01636500
2002-04-09,1090.0,4.6,16.8,01636500
2002-04-10,1060.0,0.2,13.0,01636500
2002-04-11,1020.0,0.0,12.7,01636500
2002-04-12,968.0,0.0,11.7,01636500
2002-04-13,941.0,4.6,15.7,01636500
2002-04-14,969.0,2.7,17.2,01636500
2002-04-15,994.0,0.3,20.2,01636500
2002-04-16,991.0,0.0,22.4,01636500
2002-04-17,982.0,0.0,23.9,01636500
2002-04-18,907.0,0.3,24.0,01636500
2002-04-19,991.0,0.1,23.3,01636500
2002-04-20,1100.0,3.6,20.8,01636500
2002-04-21,1310.0,7.9,13.1,01636500
2002-04-22,2680.0,9.9,10.4,01636500
2002-04-23,13500.0,0.0,8.2,01636500
2002-04-24,12100.0,0.0,9.6,01636500
2002-04-25,7590.0,4.0,11.5,01636500
2002-04-26,5410.0,0.0,11.1,01636500
2002-04-27,4130.0,0.0,11.4,01636500
2002-04-28,3520.0,26.9,16.2,01636500
2002-04-29,5600.0,1.6,12.2,01636500
2002-04-30,7530.0,0.0,12.4,01636500
2002-05-01,6130.0,0.0,14.9,01636500
2002-05-02,4790.0,5.2,19.3,01636500
2002-05-03,4360.0,3.5,14.5,01636500
2002-05-04,3480.0,0.7,11.0,01636500
2002-05-05,2830.0,0.4,12.5,01636500
2002-05-06,2480.0,0.0,16.6,01636500
2002-05-07,2180.0,1.2,20.2,01636500
2002-05-08,2010.0,2.6,19.2,01636500
2002-05-09,1910.0,0.7,17.7,01636500
2002-05-10,2380.0,0.6,19.0,01636500
2002-05-11,3100.0,0.0,15.5,01636500
2002-05-12,2830.0,2.6,19.5,01636500
2002-05-13,2540.0,10.4,20.9,01636500
2002-05-14,2320.0,11.2,13.0,01636500
2002-05-15,2150.0,0.0,14.0,01636500
2002-05-16,1920.0,0.0,17.3,01636500
2002-05-17,1690.0,0.1,19.6,01636500
2002-05-18,1660.0,16.9,13.0,01636500
2002-05-19,2000.0,0.0,10.0,01636500
2002-05-20,2010.0,0.0,9.3,01636500
2002-05-21,1850.0,0.0,8.7,01636500
2002-05-22,1610.0,0.0,10.9,01636500
2002-05-23,1440.0,0.0,14.7,01636500
2002-05-24,1260.0,0.0,19.1,01636500
2002-05-25,1200.0,0.0,19.9,01636500
2002-05-26,1100.0,9.5,20.5,01636500
2002-05-27,1280.0,3.2,20.4,01636500
2002-05-28,4210.0,7.3,20.4,01636500
2002-05-29,3220.0,0.2,20.8,01636500
2002-05-30,2360.0,0.0,22.0,01636500
2002-05-31,2200.0,0.0,23.9,01636500
2002-06-01,1780.0,1.6,24.6,01636500
2002-06-02,1410.0,0.1,23.2,01636500
2002-06-03,1300.0,0.0,19.6,01636500
2002-06-04,1180.0,0.1,22.0,01636500
2002-06-05,1010.0,1.6,25.6,01636500
2002-06-06,1260.0,8.4,23.4,01636500
2002-06-07,1450.0,2.6,18.6,01636500
2002-06-08,1230.0,0.0,19.3,01636500
2002-06-09,1010.0,0.0,21.4,01636500
2002-06-10,951.0,0.0,24.6,01636500
2002-06-11,800.0,0.0,26.8,01636500
2002-06-12,746.0,3.1,25.7,01636500
2002-06-13,729.0,10.5,23.5,01636500
2002-06-14,929.0,28.2,19.2,01636500
2002-06-15,1340.0,7.3,20.0,01636500
2002-06-16,1270.0,0.0,19.8,01636500
2002-06-17,1110.0,0.0,19.8,01636500
2002-06-18,902.0,0.0,21.0,01636500
2002-06-19,783.0,4.8,21.5,01636500
2002-06-20,716.0,0.6,21.8,01636500
2002-06-21,659.0,0.0,22.8,01636500
2002-06-22,642.0,0.0,23.4,01636500
2002-06-23,643.0,0.0,24.8,01636500
2002-06-24,591.0,0.0,26.8,01636500
2002-06-25,568.0,0.2,27.7,01636500
2002-06-26,521.0,3.2,27.6,01636500
2002-06-27,508.0,7.6,26.4,01636500
2002-06-28,505.0,7.0,24.1,01636500
2002-06-29,545.0,0.0,24.4,01636500
2002-06-30,678.0,0.0,25.1,01636500
2002-07-01,611.0,0.0,26.4,01636500
2002-07-02,585.0,0.1,28.0,01636500
2002-07-03,498.0,0.0,29.0,01636500
2002-07-04,489.0,0.0,30.1,01636500
2002-07-05,460.0,0.0,28.4,01636500
2002-07-06,414.0,0.0,24.3,01636500
2002-07-07,394.0,0.0,24.9,01636500
2002-07-08,366.0,0.0,27.3,01636500
2002-07-09,343.0,2.8,28.2,01636500
2002-07-10,340.0,0.9,25.3,01636500
2002-07-11,328.0,0.0,22.4,01636500
2002-07-12,315.0,0.0,22.1,01636500
2002-07-13,321.0,0.0,22.0,01636500
2002-07-14,423.0,20.7,20.9,01636500
2002-07-15,530.0,0.0,24.0,01636500
2002-07-16,612.0,0.0,26.6,01636500
2002-07-17,543.0,0.0,27.5,01636500
2002-07-18,467.0,0.7,27.7,01636500
2002-07-19,482.0,3.1,26.4,01636500
2002-07-20,506.0,0.0,26.1,01636500
2002-07-21,455.0,0.1,27.0,01636500
2002-07-22,441.0,0.0,28.1,01636500
2002-07-23,401.0,23.9,28.3,01636500
2002-07-24,408.0,8.4,24.0,01636500
2002-07-25,408.0,1.0,23.1,01636500
2002-07-26,501.0,3.4,21.2,01636500
2002-07-27,522.0,6.7,23.8,01636500
2002-07-28,588.0,0.4,27.1,01636500
2002-07-29,667.0,0.0,29.0,01636500
2002-07-30,618.0,0.0,28.4,01636500
2002-07-31,589.0,0.0,27.9,01636500
2002-08-01,562.0,0.2,28.6,01636500
2002-08-02,487.0,0.6,29.3,01636500
2002-08-03,485.0,3.3,28.4,01636500
2002-08-04,424.0,0.4,27.8,01636500
2002-08-05,498.0,2.6,28.5,01636500
2002-08-06,518.0,0.3,24.4,01636500
2002-08-07,635.0,0.0,20.9,01636500
2002-08-08,491.0,0.0,21.0,01636500
2002-08-09,522.0,0.0,22.5,01636500
2002-08-10,441.0,0.0,24.6,01636500
2002-08-11,391.0,0.0,26.5,01636500
2002-08-12,393.0,0.9,28.0,01636500
2002-08-13,384.0,0.0,27.7,01636500
2002-08-14,371.0,0.0,29.7,01636500
2002-08-15,372.0,0.9,28.6,01636500
2002-08-16,367.0,0.0,28.6,01636500
2002-08-17,354.0,0.0,28.8,01636500
2002-08-18,379.0,1.9,27.9,01636500
2002-08-19,377.0,0.0,28.1,01636500
2002-08-20,374.0,0.3,27.6,01636500
2002-08-21,351.0,0.0,25.7,01636500
2002-08-22,339.0,0.0,27.6,01636500
2002-08-23,319.0,0.0,27.4,01636500
2002-08-24,338.0,2.7,26.9,01636500
2002-08-25,310.0,0.0,25.6,01636500
2002-08-26,302.0,0.2,24.7,01636500
2002-08-27,324.0,0.2,24.7,01636500
2002-08-28,360.0,18.7,21.1,01636500
2002-08-29,418.0,18.8,17.2,01636500
2002-08-30,417.0,0.0,20.5,01636500
2002-08-31,436.0,0.0,20.3,01636500
2002-09-01,441.0,0.9,18.8,01636500
2002-09-02,447.0,0.0,20.1,01636500
2002-09-03,476.0,0.1,23.0,01636500
2002-09-04,498.0,0.0,25.7,01636500
2002-09-05,527.0,0.0,23.3,01636500
2002-09-06,462.0,0.0,21.9,01636500
2002-09-07,425.0,0.0,21.8,01636500
2002-09-08,396.0,0.0,21.9,01636500
2002-09-09,396.0,0.0,23.3,01636500
2002-09-10,370.0,0.0,25.0,01636500
2002-09-11,395.0,0.0,23.8,01636500
2002-09-12,375.0,0.0,20.2,01636500
2002-09-13,362.0,0.0,21.4,01636500
2002-09-14,357.0,1.2,23.2,01636500
2002-09-15,354.0,7.1,22.2,01636500
2002-09-16,308.0,1.1,23.3,01636500
2002-09-17,357.0,0.2,23.2,01636500
2002-09-18,383.0,0.0,22.9,01636500
2002-09-19,372.0,0.0,22.9,01636500
2002-09-20,404.0,0.0,23.9,01636500
2002-09-21,401.0,0.0,24.9,01636500
2002-09-22,403.0,4.3,23.8,01636500
2002-09-23,446.0,8.3,20.3,01636500
2002-09-24,925.0,0.0,17.8,01636500
2002-09-25,724.0,0.0,18.4,01636500
2002-09-26,635.0,26.8,17.3,01636500
2002-09-27,760.0,19.5,18.2,01636500
2002-09-28,1820.0,2.8,20.7,01636500
2002-09-29,1820.0,0.0,17.8,01636500
2002-09-30,1690.0,0.0,18.8,01636500
2002-10-01,1450.0,0.0,20.5,01636500
2002-10-02,1160.0,0.0,22.6,01636500
2002-10-03,885.0,0.0,23.3,01636500
2002-10-04,766.0,0.0,23.5,01636500
2002-10-05,711.0,2.8,23.6,01636500
2002-10-06,665.0,0.0,17.4,01636500
2002-10-07,592.0,0.0,19.3,01636500
2002-10-08,537.0,0.0,13.4,01636500
2002-10-09,498.0,0.8,13.5,01636500
2002-10-10,482.0,12.8,14.1,01636500
2002-10-11,521.0,38.8,15.7,01636500
2002-10-12,544.0,0.0,16.1,01636500
2002-10-13,710.0,1.2,17.2,01636500
2002-10-14,817.0,0.0,12.2,01636500
2002-10-15,796.0,0.0,10.1,01636500
2002-10-16,1010.0,26.4,11.5,01636500
2002-10-17,2430.0,1.2,10.7,01636500
2002-10-18,2980.0,0.0,8.9,01636500
2002-10-19,2740.0,0.0,11.4,01636500
2002-10-20,2060.0,0.8,13.1,01636500
2002-10-21,1620.0,0.0,10.5,01636500
2002-10-22,1460.0,0.0,9.9,01636500
2002-10-23,1240.0,0.0,10.8,01636500
2002-10-24,1120.0,1.3,8.5,01636500
2002-10-25,941.0,2.9,6.9,01636500
2002-10-26,958.0,14.8,12.4,01636500
2002-10-27,908.0,0.0,12.3,01636500
2002-10-28,917.0,1.5,10.1,01636500
2002-10-29,961.0,15.0,7.0,01636500
2002-10-30,1310.0,10.1,3.2,01636500
2002-10-31,3200.0,1.1,4.9,01636500
2002-11-01,4180.0,0.0,5.8,01636500
2002-11-02,3940.0,0.0,4.6,01636500
2002-11-03,3140.0,0.0,4.7,01636500
2002-11-04,2470.0,0.2,6.3,01636500
2002-11-05,2030.0,1.9,7.0,01636500
2002-11-06,1890.0,18.2,7.5,01636500
2002-11-07,2210.0,0.0,6.7,01636500
2002-11-08,2070.0,0.0,7.9,01636500
2002-11-09,2130.0,0.0,11.0,01636500
2002-11-10,2050.0,0.4,15.9,01636500
2002-11-11,1940.0,8.4,19.2,01636500
2002-11-12,2060.0,21.7,11.5,01636500
2002-11-13,3710.0,0.1,8.6,01636500
2002-11-14,6210.0,0.0,8.5,01636500
2002-11-15,6470.0,0.0,9.8,01636500
2002-11-16,4990.0,12.9,9.0,01636500
2002-11-17,4690.0,20.9,6.5,01636500
2002-11-18,6250.0,2.2,4.7,01636500
2002-11-19,7450.0,0.0,4.8,01636500
2002-11-20,6470.0,0.0,6.8,01636500
2002-11-21,5190.0,6.1,6.3,01636500
2002-11-22,4630.0,2.4,8.1,01636500
2002-11-23,4340.0,0.0,3.8,01636500
2002-11-24,3910.0,0.0,5.6,01636500
2002-11-25,3510.0,0.0,7.1,01636500
2002-11-26,3190.0,0.4,4.8,01636500
2002-11-27,2790.0,2.4,2.5,01636500
2002-11-28,2530.0,0.0,-0.1,01636500
2002-11-29,2290.0,0.0,1.2,01636500
2002-11-30,2100.0,0.4,5.3,01636500
2002-12-01,1950.0,0.2,-0.0,01636500
2002-12-02,1780.0,0.0,1.1,01636500
2002-12-03,1690.0,0.0,-1.8,01636500
2002-12-04,1580.0,0.0,-4.0,01636500
2002-12-05,1520.0,18.3,-2.9,01636500
2002-12-06,1490.0,0.0,-3.9,01636500
2002-12-07,1430.0,0.0,-7.8,01636500
2002-12-08,1290.0,0.0,0.1,01636500
2002-12-09,1200.0,0.0,-3.2,01636500
2002-12-10,1260.0,0.0,-2.8,01636500
2002-12-11,1430.0,26.2,-1.3,01636500
2002-12-12,2300.0,0.0,2.0,01636500
2002-12-13,3650.0,9.7,0.2,01636500
2002-12-14,7080.0,4.3,2.9,01636500
2002-12-15,9210.0,0.0,3.3,01636500
2002-12-16,9240.0,0.0,3.1,01636500
2002-12-17,7410.0,0.0,-2.4,01636500
2002-12-18,5910.0,0.0,-1.0,01636500
2002-12-19,4950.0,0.0,2.6,01636500
2002-12-20,4390.0,9.7,10.0,01636500
2002-12-21,4570.0,0.0,4.2,01636500
2002-12-22,7700.0,0.7,4.9,01636500
2002-12-23,7670.0,0.0,4.7,01636500
2002-12-24,6040.0,3.7,1.4,01636500
2002-12-25,5050.0,18.5,0.7,01636500
2002-12-26,4450.0,0.0,0.2,01636500
2002-12-27,4100.0,0.0,-3.5,01636500
2002-12-28,3740.0,0.0,-3.1,01636500
2002-12-29,3290.0,0.0,-0.1,01636500
2002-12-30,2990.0,0.0,0.7,01636500
2002-12-31,2800.0,0.2,5.1,01636500
2003-01-01,2960.0,34.3,6.9,01636500
2003-01-02,11500.0,12.7,3.4,01636500
2003-01-03,15700.0,18.9,1.8,01636500
2003-01-04,12000.0,0.0,-0.5,01636500
2003-01-05,9890.0,3.3,-4.2,01636500
2003-01-06,7980.0,1.9,-1.8,01636500
2003-01-07,6690.0,0.0,-4.0,01636500
2003-01-08,5670.0,0.0,2.5,01636500
2003-01-09,5100.0,0.0,6.9,01636500
2003-01-10,4710.0,0.0,3.9,01636500
2003-01-11,4260.0,0.0,-1.8,01636500
2003-01-12,3820.0,0.0,-3.8,01636500
2003-01-13,3480.0,0.0,-1.3,01636500
2003-01-14,3220.0,0.1,-2.0,01636500
2003-01-15,2970.0,0.7,-3.5,01636500
2003-01-16,2780.0,0.0,-5.5,01636500
2003-01-17,2680.0,1.3,-4.6,01636500
2003-01-18,2470.0,0.0,-8.8,01636500
2003-01-19,2350.0,0.0,-5.4,01636500
2003-01-20,2300.0,0.0,-1.8,01636500
2003-01-21,2250.0,0.0,-4.2,01636500
2003-01-22,2200.0,0.0,-7.9,01636500
2003-01-23,2150.0,0.0,-10.4,01636500
2003-01-24,2100.0,0.0,-8.2,01636500
2003-01-25,2060.0,0.0,-5.5,01636500
2003-01-26,2040.0,0.7,-3.0,01636500
2003-01-27,2000.0,0.0,-9.2,01636500
2003-01-28,1950.0,0.0,-6.8,01636500
2003-01-29,1940.0,0.4,-0.2,01636500
2003-01-30,1850.0,0.1,-0.1,01636500
2003-01-31,1820.0,3.5,-0.3,01636500
2003-02-01,1770.0,5.7,1.5,01636500
2003-02-02,1730.0,0.0,1.8,01636500
2003-02-03,1710.0,0.0,1.5,01636500
2003-02-04,1680.0,4.0,4.9,01636500
2003-02-05,1690.0,0.0,-0.3,01636500
2003-02-06,1620.0,0.0,-1.2,01636500
2003-02-07,1650.0,7.1,-0.7,01636500
2003-02-08,1640.0,0.0,-5.2,01636500
2003-02-09,1560.0,0.0,-3.9,01636500
2003-02-10,1510.0,1.5,-0.1,01636500
2003-02-11,1500.0,0.6,-0.9,01636500
2003-02-12,1470.0,0.0,-2.3,01636500
2003-02-13,1400.0,0.0,-3.4,01636500
2003-02-14,1370.0,0.0,-0.6,01636500
2003-02-15,1410.0,9.6,-0.4,01636500
2003-02-16,1420.0,32.0,-7.5,01636500
2003-02-17,1400.0,23.7,-6.7,01636500
2003-02-18,1350.0,1.3,-2.3,01636500
2003-02-19,1810.0,0.0,-1.6,01636500
2003-02-20,2320.0,0.0,1.9,01636500
2003-02-21,2730.0,6.4,0.5,01636500
2003-02-22,2940.0,16.4,1.9,01636500
2003-02-23,16000.0,6.8,5.4,01636500
2003-02-24,37000.0,0.8,-1.6,01636500
2003-02-25,26200.0,0.0,-3.2,01636500
2003-02-26,17200.0,5.0,-6.8,01636500
2003-02-27,12000.0,2.6,-3.6,01636500
2003-02-28,9410.0,5.9,-0.5,01636500
2003-03-01,7700.0,0.1,1.5,01636500
2003-03-02,7020.0,0.0,3.4,01636500
2003-03-03,9600.0,0.0,-4.5,01636500
2003-03-04,13400.0,0.0,-4.1,01636500
2003-03-05,11100.0,0.0,4.9,01636500
2003-03-06,14800.0,5.7,2.7,01636500
2003-03-07,19200.0,0.0,-2.1,01636500
2003-03-08,15700.0,0.0,2.0,01636500
2003-03-09,14000.0,0.0,6.3,01636500
2003-03-10,13700.0,0.0,-1.3,01636500
2003-03-11,11000.0,0.2,0.3,01636500
2003-03-12,8830.0,0.1,4.1,01636500
2003-03-13,7660.0,2.8,7.8,01636500
2003-03-14,7770.0,4.0,3.0,01636500
2003-03-15,7780.0,0.0,5.0,01636500
2003-03-16,6900.0,0.0,9.9,01636500
2003-03-17,6190.0,0.0,11.5,01636500
2003-03-18,5640.0,0.0,13.8,01636500
2003-03-19,5170.0,1.7,9.8,01636500
2003-03-20,5330.0,34.4,4.4,01636500
2003-03-21,19300.0,4.9,8.4,01636500
2003-03-22,23200.0,0.4,11.8,01636500
2003-03-23,15000.0,0.0,10.7,01636500
2003-03-24,10900.0,0.0,11.2,01636500
2003-03-25,8660.0,0.0,13.1,01636500
2003-03-26,7260.0,7.0,12.8,01636500
2003-03-27,6580.0,0.0,9.1,01636500
2003-03-28,5900.0,0.0,9.8,01636500
2003-03-29,5260.0,6.4,15.4,01636500
2003-03-30,4980.0,17.7,5.1,01636500
2003-03-31,5250.0,0.8,0.6,01636500
2003-04-01,5700.0,1.9,4.1,01636500
2003-04-02,5810.0,0.1,14.7,01636500
2003-04-03,5800.0,0.0,17.4,01636500
2003-04-04,5670.0,0.1,16.4,01636500
2003-04-05,5390.0,1.4,12.8,01636500
2003-04-06,5070.0,0.0,8.3,01636500
2003-04-07,4870.0,16.8,4.1,01636500
2003-04-08,6050.0,0.0,3.2,01636500
2003-04-09,9380.0,13.7,3.5,01636500
2003-04-10,13800.0,0.0,6.9,01636500
2003-04-11,18000.0,10.2,5.1,01636500
2003-04-12,24200.0,0.0,11.3,01636500
2003-04-13,17900.0,0.0,11.4,01636500
2003-04-14,12700.0,0.0,12.3,01636500
2003-04-15,9920.0,0.0,17.3,01636500
2003-04-16,8110.0,0.0,19.2,01636500
2003-04-17,6950.0,0.3,13.5,01636500
2003-04-18,6070.0,2.9,6.0,01636500
2003-04-19,5740.0,3.0,8.9,01636500
2003-04-20,5770.0,0.0,12.0,01636500
2003-04-21,5630.0,2.2,13.4,01636500
2003-04-22,5320.0,4.0,14.1,01636500
2003-04-23,5340.0,0.0,9.7,01636500
2003-04-24,5130.0,0.0,9.8,01636500
2003-04-25,4730.0,0.5,12.8,01636500
2003-04-26,4470.0,8.7,12.6,01636500
2003-04-27,4270.0,0.0,14.2,01636500
2003-04-28,4040.0,0.0,15.8,01636500
2003-04-29,3830.0,2.0,17.2,01636500
2003-04-30,3670.0,0.0,16.2,01636500
2003-05-01,3500.0,3.9,19.2,01636500
2003-05-02,3400.0,0.2,20.0,01636500
2003-05-03,3970.0,0.0,15.7,01636500
2003-05-04,4020.0,5.6,13.4,01636500
2003-05-05,3670.0,7.2,9.7,01636500
2003-05-06,4350.0,4.0,13.0,01636500
2003-05-07,4930.0,6.6,17.4,01636500
2003-05-08,4880.0,6.2,19.0,01636500
2003-05-09,4710.0,9.2,16.8,01636500
2003-05-10,4730.0,1.6,17.6,01636500
2003-05-11,8870.0,1.5,20.8,01636500
2003-05-12,12600.0,0.0,17.0,01636500
2003-05-13,9420.0,0.1,13.2,01636500
2003-05-14,7050.0,0.0,14.4,01636500
2003-05-15,5680.0,6.1,15.2,01636500
2003-05-16,7470.0,36.0,13.0,01636500
2003-05-17,7760.0,0.9,10.7,01636500
2003-05-18,7110.0,6.1,10.0,01636500
2003-05-19,8010.0,0.0,12.9,01636500
2003-05-20,14400.0,0.0,15.8,01636500
2003-05-21,11500.0,9.9,14.5,01636500
2003-05-22,9180.0,0.1,13.4,01636500
2003-05-23,8520.0,1.0,13.3,01636500
2003-05-24,7460.0,3.0,14.5,01636500
2003-05-25,7270.0,1.3,15.7,01636500
2003-05-26,6530.0,34.2,16.2,01636500
2003-05-27,5930.0,1.8,15.5,01636500
2003-05-28,5530.0,4.5,15.1,01636500
2003-05-29,5290.0,2.7,15.8,01636500
2003-05-30,5010.0,0.0,17.5,01636500
2003-05-31,4840.0,10.6,18.1,01636500
2003-06-01,5050.0,1.2,15.3,01636500
2003-06-02,4410.0,0.0,14.9,01636500
2003-06-03,4170.0,17.8,15.0,01636500
2003-06-04,4420.0,11.1,14.6,01636500
2003-06-05,6530.0,2.8,16.3,01636500
2003-06-06,7960.0,0.0,17.3,01636500
2003-06-07,8010.0,21.8,16.9,01636500
2003-06-08,7320.0,0.0,18.1,01636500
2003-06-09,7890.0,1.1,20.4,01636500
2003-06-10,9070.0,0.0,20.4,01636500
2003-06-11,8160.0,3.4,22.5,01636500
2003-06-12,6850.0,7.9,23.0,01636500
2003-06-13,7730.0,8.8,23.1,01636500
2003-06-14,11400.0,11.0,23.1,01636500
2003-06-15,9240.0,0.8,22.1,01636500
2003-06-16,8800.0,0.0,20.3,01636500
2003-06-17,9930.0,6.5,16.6,01636500
2003-06-18,9720.0,12.2,18.2,01636500
2003-06-19,14400.0,4.0,21.4,01636500
2003-06-20,14400.0,9.9,17.9,01636500
2003-06-21,15800.0,1.5,16.2,01636500
2003-06-22,17600.0,1.4,19.1,01636500
2003-06-23,12200.0,0.0,22.3,01636500
2003-06-24,9160.0,0.0,24.1,01636500
2003-06-25,7220.0,0.0,24.7,01636500
2003-06-26,6000.0,0.0,26.6,01636500
2003-06-27,5140.0,3.3,24.8,01636500
2003-06-28,4590.0,0.0,22.0,01636500
2003-06-29,4160.0,0.0,23.4,01636500
2003-06-30,3810.0,0.7,24.6,01636500
2003-07-01,3670.0,0.2,23.9,01636500
2003-07-02,3480.0,8.7,21.8,01636500
2003-07-03,3540.0,2.4,21.2,01636500
2003-07-04,6040.0,0.1,25.1,01636500
2003-07-05,7750.0,1.6,26.0,01636500
2003-07-06,6050.0,0.4,26.5,01636500
2003-07-07,5560.0,2.6,25.4,01636500
2003-07-08,4720.0,0.0,27.1,01636500
2003-07-09,5050.0,25.4,26.8,01636500
2003-07-10,5560.0,6.0,22.9,01636500
2003-07-11,4980.0,5.8,24.5,01636500
2003-07-12,4900.0,1.0,22.8,01636500
2003-07-13,4110.0,0.0,22.3,01636500
2003-07-14,3580.0,0.3,22.9,01636500
2003-07-15,3230.0,0.2,22.8,01636500
2003-07-16,3470.0,0.2,25.4,01636500
2003-07-17,3590.0,0.0,23.5,01636500
2003-07-18,3050.0,0.0,23.6,01636500
2003-07-19,2680.0,0.5,23.4,01636500
2003-07-20,2500.0,0.1,23.4,01636500
2003-07-21,2380.0,0.0,26.2,01636500
2003-07-22,2250.0,3.7,26.1,01636500
2003-07-23,2220.0,5.0,23.4,01636500
2003-07-24,2130.0,1.8,21.9,01636500
2003-07-25,2180.0,0.0,23.1,01636500
2003-07-26,2180.0,0.0,24.8,01636500
2003-07-27,2020.0,0.0,26.5,01636500
2003-07-28,1920.0,8.1,24.6,01636500
2003-07-29,2120.0,0.0,22.6,01636500
2003-07-30,2120.0,0.0,22.8,01636500
2003-07-31,1880.0,0.5,22.0,01636500
2003-08-01,1970.0,5.2,23.1,01636500
2003-08-02,1910.0,1.6,24.7,01636500
2003-08-03,1860.0,5.1,24.5,01636500
2003-08-04,2090.0,2.3,24.3,01636500
2003-08-05,2170.0,11.7,23.3,01636500
2003-08-06,2200.0,0.0,22.8,01636500
2003-08-07,2320.0,0.0,23.8,01636500
2003-08-08,2560.0,0.7,23.7,01636500
2003-08-09,2510.0,3.8,23.3,01636500
2003-08-10,2300.0,5.2,23.2,01636500
2003-08-11,2400.0,2.1,23.2,01636500
2003-08-12,4090.0,0.8,24.0,01636500
2003-08-13,4700.0,0.2,25.2,01636500
2003-08-14,4490.0,0.0,25.9,01636500
2003-08-15,3870.0,0.0,27.3,01636500
2003-08-16,3450.0,8.8,25.7,01636500
2003-08-17,3010.0,3.1,23.7,01636500
2003-08-18,2750.0,0.2,22.8,01636500
2003-08-19,2560.0,0.0,23.2,01636500
2003-08-20,2490.0,0.0,24.3,01636500
2003-08-21,2330.0,0.0,25.9,01636500
2003-08-22,2060.0,0.7,27.2,01636500
2003-08-23,2000.0,0.0,25.1,01636500
2003-08-24,1780.0,0.0,22.0,01636500
2003-08-25,1720.0,0.0,23.6,01636500
2003-08-26,1720.0,0.5,26.5,01636500
2003-08-27,1580.0,2.1,26.9,01636500
2003-08-28,1620.0,0.2,25.2,01636500
2003-08-29,1620.0,2.3,26.6,01636500
2003-08-30,1530.0,11.6,25.0,01636500
2003-08-31,1520.0,0.0,20.9,01636500
2003-09-01,1570.0,0.4,23.9,01636500
2003-09-02,1590.0,15.4,23.8,01636500
2003-09-03,1600.0,9.0,22.7,01636500
2003-09-04,4940.0,7.0,22.4,01636500
2003-09-05,3790.0,0.1,20.2,01636500
2003-09-06,2460.0,0.0,19.3,01636500
2003-09-07,2170.0,0.0,19.8,01636500
2003-09-08,2030.0,0.0,21.1,01636500
2003-09-09,1820.0,0.6,20.2,01636500
2003-09-10,1710.0,0.0,18.5,01636500
2003-09-11,1540.0,0.0,19.4,01636500
2003-09-12,1570.0,9.1,17.9,01636500
2003-09-13,1680.0,24.8,18.0,01636500
2003-09-14,1940.0,1.6,21.7,01636500
2003-09-15,2010.0,1.2,21.9,01636500
2003-09-16,2110.0,1.9,19.7,01636500
2003-09-17,1960.0,0.0,19.2,01636500
2003-09-18,1860.0,15.3,17.7,01636500
2003-09-19,21100.0,42.4,19.2,01636500
2003-09-20,60600.0,0.2,19.7,01636500
2003-09-21,35400.0,0.1,20.3,01636500
2003-09-22,14800.0,1.6,20.5,01636500
2003-09-23,18100.0,41.2,20.0,01636500
2003-09-24,31800.0,0.0,17.5,01636500
2003-09-25,17800.0,0.9,18.8,01636500
2003-09-26,11200.0,2.1,19.6,01636500
2003-09-27,8510.0,0.0,21.4,01636500
2003-09-28,7270.0,9.0,18.3,01636500
2003-09-29,6960.0,0.1,13.9,01636500
2003-09-30,6920.0,0.0,12.3,01636500
2003-10-01,5000.0,2.1,11.6,01636500
2003-10-02,4600.0,0.0,9.8,01636500
2003-10-03,4200.0,0.0,8.0,01636500
2003-10-04,3800.0,6.0,10.6,01636500
2003-10-05,3550.0,0.0,11.4,01636500
2003-10-06,3350.0,0.0,12.1,01636500
2003-10-07,3150.0,0.0,13.6,01636500
2003-10-08,3000.0,0.0,16.2,01636500
2003-10-09,2850.0,0.0,18.1,01636500
2003-10-10,2700.0,0.0,17.7,01636500
2003-10-11,2550.0,0.0,16.7,01636500
2003-10-12,2500.0,0.0,17.8,01636500
2003-10-13,2450.0,0.0,16.7,01636500
2003-10-14,2450.0,3.4,14.7,01636500
2003-10-15,2900.0,17.0,13.9,01636500
2003-10-16,3500.0,0.0,12.8,01636500
2003-10-17,3300.0,1.5,11.7,01636500
2003-10-18,2900.0,1.1,9.8,01636500
2003-10-19,2650.0,0.0,11.5,01636500
2003-10-20,2500.0,0.0,11.5,01636500
2003-10-21,2450.0,0.0,16.3,01636500
2003-10-22,2350.0,1.2,12.3,01636500
2003-10-23,2300.0,0.0,6.5,01636500
2003-10-24,2250.0,0.0,6.5,01636500
2003-10-25,2140.0,0.0,9.2,01636500
2003-10-26,2070.0,0.4,15.0,01636500
2003-10-27,2160.0,36.8,14.7,01636500
2003-10-28,2350.0,0.0,8.1,01636500
2003-10-29,2580.0,13.8,10.0,01636500
2003-10-30,2760.0,0.0,10.0,01636500
2003-10-31,2540.0,0.0,13.5,01636500
2003-11-01,2410.0,0.0,16.2,01636500
2003-11-02,2270.0,0.0,18.4,01636500
2003-11-03,2220.0,0.0,18.6,01636500
2003-11-04,2130.0,0.0,18.1,01636500
2003-11-05,2100.0,1.7,19.6,01636500
2003-11-06,2270.0,24.0,17.2,01636500
2003-11-07,2320.0,6.4,12.9,01636500
2003-11-08,3390.0,0.0,7.4,01636500
2003-11-09,4090.0,0.0,2.7,01636500
2003-11-10,3440.0,0.0,2.9,01636500
2003-11-11,3010.0,0.4,4.8,01636500
2003-11-12,2810.0,25.6,10.4,01636500
2003-11-13,3160.0,4.4,9.5,01636500
2003-11-14,4330.0,0.0,3.6,01636500
2003-11-15,6100.0,0.0,6.8,01636500
2003-11-16,5030.0,0.0,8.0,01636500
2003-11-17,4380.0,0.8,10.0,01636500
2003-11-18,3960.0,0.0,8.5,01636500
2003-11-19,4140.0,18.7,15.2,01636500
2003-11-20,11200.0,4.1,10.1,01636500
2003-11-21,22300.0,0.0,10.1,01636500
2003-11-22,13300.0,0.0,11.0,01636500
2003-11-23,9330.0,0.0,11.1,01636500
2003-11-24,7310.0,6.1,11.6,01636500
2003-11-25,6710.0,2.5,3.3,01636500
2003-11-26,5980.0,0.0,3.6,01636500
2003-11-27,5220.0,0.0,6.6,01636500
2003-11-28,4700.0,12.4,12.0,01636500
2003-11-29,4610.0,1.7,3.6,01636500
2003-11-30,5000.0,0.0,4.1,01636500
2003-12-01,4800.0,0.0,6.7,01636500
2003-12-02,4660.0,0.0,2.2,01636500
2003-12-03,4320.0,0.0,-0.0,01636500
2003-12-04,3990.0,0.0,0.1,01636500
2003-12-05,3890.0,24.6,0.1,01636500
2003-12-06,3910.0,9.9,-0.9,01636500
2003-12-07,3820.0,0.0,-3.3,01636500
2003-12-08,3640.0,0.0,-3.2,01636500
2003-12-09,3440.0,0.0,-1.9,01636500
2003-12-10,3400.0,5.1,2.5,01636500
2003-12-11,16200.0,21.4,7.5,01636500
2003-12-12,28200.0,0.0,1.4,01636500
2003-12-13,17400.0,0.0,-1.3,01636500
2003-12-14,11900.0,26.6,-0.8,01636500
2003-12-15,9670.0,0.4,0.6,01636500
2003-12-16,8330.0,0.0,-1.7,01636500
2003-12-17,7420.0,9.9,2.8,01636500
2003-12-18,8240.0,0.0,-2.5,01636500
2003-12-19,8940.0,0.2,-4.3,01636500
2003-12-20,7720.0,0.0,-2.6,01636500
2003-12-21,6630.0,0.0,-3.4,01636500
2003-12-22,5890.0,0.0,1.1,01636500
2003-12-23,5420.0,0.0,6.3,01636500
2003-12-24,5740.0,5.3,8.5,01636500
2003-12-25,7360.0,0.0,1.1,01636500
2003-12-26,8450.0,0.0,0.8,01636500
2003-12-27,7670.0,0.0,3.3,01636500
2003-12-28,6670.0,0.0,2.8,01636500
2003-12-29,5960.0,0.0,4.6,01636500
2003-12-30,5410.0,1.6,6.8,01636500
2003-12-31,4950.0,0.0,3.1,01636500
2004-01-01,4700.0,0.0,4.3,01636500
2004-01-02,4430.0,4.4,6.7,01636500
2004-01-03,4210.0,0.0,11.4,01636500
2004-01-04,4020.0,1.5,12.8,01636500
2004-01-05,3850.0,1.4,7.7,01636500
2004-01-06,3740.0,0.0,2.2,01636500
2004-01-07,3560.0,0.0,-4.9,01636500
2004-01-08,3390.0,0.0,-3.2,01636500
2004-01-09,3210.0,0.3,-1.5,01636500
2004-01-10,3090.0,0.0,-8.2,01636500
2004-01-11,2910.0,0.0,-5.8,01636500
2004-01-12,2840.0,0.0,1.6,01636500
2004-01-13,2850.0,0.0,3.3,01636500
2004-01-14,2830.0,0.0,-1.3,01636500
2004-01-15,2770.0,0.4,-1.7,01636500
2004-01-16,2690.0,0.0,-7.7,01636500
2004-01-17,2570.0,0.6,-4.4,01636500
2004-01-18,2550.0,9.3,0.5,01636500
2004-01-19,2450.0,0.0,-4.2,01636500
2004-01-20,2510.0,0.0,-6.1,01636500
2004-01-21,2540.0,0.0,-6.2,01636500
2004-01-22,2350.0,0.0,-1.3,01636500
2004-01-23,2350.0,0.0,-7.8,01636500
2004-01-24,2240.0,1.1,-5.5,01636500
2004-01-25,2180.0,0.0,-8.9,01636500
2004-01-26,1840.0,13.6,-8.0,01636500
2004-01-27,1880.0,7.9,-5.4,01636500
2004-01-28,1980.0,0.8,-5.0,01636500
2004-01-29,2360.0,0.0,-4.5,01636500
2004-01-30,2700.0,0.1,-6.8,01636500
2004-01-31,2430.0,0.0,-11.0,01636500
2004-02-01,2410.0,0.0,-9.1,01636500
2004-02-02,2670.0,0.0,-7.2,01636500
2004-02-03,2470.0,15.6,-0.4,01636500
2004-02-04,2490.0,0.0,1.1,01636500
2004-02-05,2650.0,0.0,-3.8,01636500
2004-02-06,3410.0,40.8,0.2,01636500
2004-02-07,10000.0,1.3,1.8,01636500
2004-02-08,16700.0,0.0,-3.9,01636500
2004-02-09,11200.0,0.0,-4.0,01636500
2004-02-10,8080.0,0.3,1.6,01636500
2004-02-11,7400.0,0.0,-0.0,01636500
2004-02-12,7310.0,0.0,0.4,01636500
2004-02-13,6720.0,0.0,1.3,01636500
2004-02-14,6220.0,0.0,1.1,01636500
2004-02-15,5940.0,0.0,-2.5,01636500
2004-02-16,5470.0,0.0,-6.1,01636500
2004-02-17,4960.0,0.0,-3.3,01636500
2004-02-18,4560.0,0.0,-1.5,01636500
2004-02-19,4240.0,0.0,2.2,01636500
2004-02-20,4220.0,0.0,4.6,01636500
2004-02-21,4580.0,0.0,6.2,01636500
2004-02-22,5460.0,0.0,2.8,01636500
2004-02-23,5730.0,0.0,1.9,01636500
2004-02-24,5220.0,4.2,2.2,01636500
2004-02-25,4860.0,0.0,0.8,01636500
2004-02-26,4520.0,0.0,0.6,01636500
2004-02-27,4180.0,0.0,2.5,01636500
2004-02-28,3860.0,0.0,4.0,01636500
2004-02-29,3650.0,0.0,5.3,01636500
2004-03-01,3450.0,0.0,8.0,01636500
2004-03-02,3360.0,2.0,13.7,01636500
2004-03-03,3220.0,0.4,11.1,01636500
2004-03-04,3160.0,7.8,10.9,01636500
2004-03-05,3130.0,0.0,13.7,01636500
2004-03-06,3470.0,18.3,15.7,01636500
2004-03-07,4270.0,0.3,9.6,01636500
2004-03-08,4280.0,3.8,5.3,01636500
2004-03-09,4200.0,0.0,2.7,01636500
2004-03-10,4060.0,0.0,2.5,01636500
2004-03-11,3830.0,0.0,4.9,01636500
2004-03-12,3590.0,0.0,4.6,01636500
2004-03-13,3370.0,0.0,2.3,01636500
2004-03-14,3150.0,0.0,4.8,01636500
2004-03-15,3000.0,0.0,9.6,01636500
2004-03-16,2850.0,7.9,3.4,01636500
2004-03-17,2930.0,0.3,1.7,01636500
2004-03-18,3140.0,1.2,3.5,01636500
2004-03-19,3650.0,6.8,5.0,01636500
2004-03-20,3730.0,0.0,6.1,01636500
2004-03-21,3860.0,4.0,8.3,01636500
2004-03-22,3910.0,0.0,0.3,01636500
2004-03-23,3820.0,0.0,1.5,01636500
2004-03-24,3620.0,0.0,5.6,01636500
2004-03-25,3360.0,0.0,12.7,01636500
2004-03-26,3190.0,0.0,15.2,01636500
2004-03-27,3020.0,2.9,15.3,01636500
2004-03-28,2910.0,0.0,13.2,01636500
2004-03-29,2790.0,0.0,9.9,01636500
2004-03-30,2680.0,0.0,6.0,01636500
2004-03-31,2630.0,5.9,7.0,01636500
2004-04-01,2710.0,20.9,7.5,01636500
2004-04-02,3460.0,13.2,7.1,01636500
2004-04-03,4730.0,1.9,7.3,01636500
2004-04-04,4530.0,1.1,6.5,01636500
2004-04-05,4060.0,0.0,2.3,01636500
2004-04-06,3640.0,0.0,5.5,01636500
2004-04-07,3340.0,0.1,12.2,01636500
2004-04-08,3100.0,3.5,9.6,01636500
2004-04-09,2990.0,1.9,9.7,01636500
2004-04-10,2890.0,0.0,10.5,01636500
2004-04-11,2770.0,0.9,8.2,01636500
2004-04-12,2720.0,18.3,6.2,01636500
2004-04-13,6580.0,26.1,6.9,01636500
2004-04-14,16300.0,0.7,7.8,01636500
2004-04-15,19000.0,0.0,9.9,01636500
2004-04-16,13400.0,0.0,10.0,01636500
2004-04-17,9600.0,0.0,15.8,01636500
2004-04-18,7530.0,0.0,19.6,01636500
2004-04-19,6250.0,0.0,21.2,01636500
2004-04-20,5380.0,0.0,20.2,01636500
2004-04-21,4910.0,0.4,18.9,01636500
2004-04-22,4490.0,1.4,20.2,01636500
2004-04-23,4160.0,8.4,18.5,01636500
2004-04-24,3980.0,1.1,17.0,01636500
2004-04-25,3750.0,1.0,15.0,01636500
2004-04-26,3680.0,44.8,15.3,01636500
2004-04-27,6300.0,0.6,12.3,01636500
2004-04-28,6300.0,0.0,8.5,01636500
2004-04-29,5260.0,0.0,15.2,01636500
2004-04-30,4640.0,0.0,18.4,01636500
2004-05-01,4200.0,1.8,19.1,01636500
2004-05-02,3930.0,7.7,20.5,01636500
2004-05-03,5260.0,12.5,11.7,01636500
2004-05-04,4960.0,0.0,10.5,01636500
2004-05-05,4760.0,0.3,13.5,01636500
2004-05-06,4340.0,0.0,15.6,01636500
2004-05-07,3970.0,2.7,20.3,01636500
2004-05-08,4380.0,2.4,16.4,01636500
2004-05-09,3930.0,0.0,19.2,01636500
2004-05-10,3560.0,0.0,23.0,01636500
2004-05-11,3190.0,1.2,23.1,01636500
2004-05-12,2890.0,0.0,23.4,01636500
2004-05-13,2730.0,0.0,23.3,01636500
2004-05-14,2580.0,0.0,23.7,01636500
2004-05-15,2400.0,0.8,23.6,01636500
2004-05-16,2420.0,9.7,19.7,01636500
2004-05-17,2980.0,2.3,20.9,01636500
2004-05-18,3190.0,6.0,22.0,01636500
2004-05-19,3550.0,3.4,20.8,01636500
2004-05-20,3660.0,0.0,20.0,01636500
2004-05-21,3600.0,0.3,22.7,01636500
2004-05-22,3830.0,0.2,24.4,01636500
2004-05-23,3390.0,0.0,25.6,01636500
2004-05-24,3010.0,0.0,25.5,01636500
2004-05-25,2850.0,0.0,24.8,01636500
2004-05-26,2630.0,10.6,23.0,01636500
2004-05-27,2380.0,0.3,21.9,01636500
2004-05-28,2340.0,8.4,21.2,01636500
2004-05-29,2430.0,0.0,17.7,01636500
2004-05-30,2890.0,0.0,18.6,01636500
2004-05-31,2900.0,21.4,19.2,01636500
2004-06-01,2670.0,1.2,20.1,01636500
2004-06-02,2430.0,0.0,20.3,01636500
2004-06-03,2290.0,0.0,19.8,01636500
2004-06-04,2130.0,1.7,18.1,01636500
2004-06-05,3540.0,29.9,14.8,01636500
2004-06-06,3580.0,0.0,17.2,01636500
2004-06-07,3390.0,0.3,19.8,01636500
2004-06-08,3330.0,0.1,22.3,01636500
2004-06-09,2690.0,0.0,24.8,01636500
2004-06-10,2350.0,8.1,24.3,01636500
2004-06-11,2140.0,8.2,19.5,01636500
2004-06-12,2500.0,27.4,17.7,01636500
2004-06-13,2850.0,0.0,18.8,01636500
2004-06-14,2780.0,1.1,23.0,01636500
2004-06-15,2730.0,4.0,24.9,01636500
2004-06-16,2640.0,7.6,23.9,01636500
2004-06-17,2690.0,2.6,25.3,01636500
2004-06-18,2880.0,0.7,26.0,01636500
2004-06-19,2610.0,0.1,23.8,01636500
2004-06-20,2220.0,0.0,18.4,01636500
2004-06-21,2110.0,0.0,19.7,01636500
2004-06-22,1920.0,5.0,22.5,01636500
2004-06-23,1830.0,0.0,22.8,01636500
2004-06-24,1760.0,0.0,23.4,01636500
2004-06-25,1700.0,1.1,23.5,01636500
2004-06-26,1670.0,0.0,22.0,01636500
2004-06-27,1600.0,0.0,20.5,01636500
2004-06-28,1530.0,0.0,21.2,01636500
2004-06-29,1470.0,0.0,21.0,01636500
2004-06-30,1450.0,0.0,22.1,01636500
2004-07-01,1310.0,0.4,23.3,01636500
2004-07-02,1270.0,2.0,24.9,01636500
2004-07-03,1230.0,0.0,25.3,01636500
2004-07-04,1260.0,8.0,25.0,01636500
2004-07-05,1510.0,4.2,25.7,01636500
2004-07-06,2250.0,1.2,25.2,01636500
2004-07-07,2970.0,21.0,24.6,01636500
2004-07-08,2100.0,0.0,24.3,01636500
2004-07-09,1650.0,0.0,24.1,01636500
2004-07-10,1430.0,0.0,23.6,01636500
2004-07-11,1370.0,0.3,25.2,01636500
2004-07-12,1300.0,30.7,24.2,01636500
2004-07-13,1310.0,0.3,24.0,01636500
2004-07-14,1330.0,2.0,24.6,01636500
2004-07-15,1690.0,0.0,22.8,01636500
2004-07-16,1630.0,0.0,22.5,01636500
2004-07-17,1450.0,0.0,23.1,01636500
2004-07-18,1320.0,13.8,21.7,01636500
2004-07-19,1370.0,1.0,22.2,01636500
2004-07-20,1360.0,0.0,23.3,01636500
2004-07-21,1240.0,0.0,24.4,01636500
2004-07-22,1250.0,0.9,25.3,01636500
2004-07-23,1260.0,3.5,24.1,01636500
2004-07-24,1250.0,1.4,23.0,01636500
2004-07-25,1100.0,0.5,21.8,01636500
2004-07-26,1160.0,1.5,21.9,01636500
2004-07-27,1250.0,12.1,22.9,01636500
2004-07-28,1210.0,2.9,23.1,01636500
2004-07-29,1110.0,0.0,23.1,01636500
2004-07-30,1110.0,0.1,25.0,01636500
2004-07-31,1070.0,0.2,26.4,01636500
2004-08-01,1060.0,5.9,25.7,01636500
2004-08-02,997.0,3.9,24.5,01636500
2004-08-03,959.0,0.0,25.2,01636500
2004-08-04,990.0,0.0,26.3,01636500
2004-08-05,1050.0,1.8,23.3,01636500
2004-08-06,1070.0,0.0,19.3,01636500
2004-08-07,961.0,0.2,18.2,01636500
2004-08-08,906.0,0.0,19.8,01636500
2004-08-09,1020.0,0.0,21.8,01636500
2004-08-10,897.0,1.3,24.0,01636500
2004-08-11,945.0,2.8,23.4,01636500
2004-08-12,1080.0,18.7,21.8,01636500
2004-08-13,987.0,42.7,20.7,01636500
2004-08-14,1020.0,1.9,20.2,01636500
2004-08-15,956.0,8.2,20.3,01636500
2004-08-16,1110.0,0.0,22.0,01636500
2004-08-17,1200.0,0.7,22.2,01636500
2004-08-18,1030.0,0.0,22.8,01636500
2004-08-19,952.0,2.1,24.5,01636500
2004-08-20,965.0,0.2,26.0,01636500
2004-08-21,890.0,7.0,23.9,01636500
2004-08-22,852.0,0.0,20.4,01636500
2004-08-23,908.0,0.0,21.7,01636500
2004-08-24,853.0,0.0,23.6,01636500
2004-08-25,834.0,0.0,23.5,01636500
2004-08-26,820.0,0.1,23.4,01636500
2004-08-27,782.0,0.0,24.4,01636500
2004-08-28,743.0,0.4,26.0,01636500
2004-08-29,759.0,0.0,26.7,01636500
2004-08-30,719.0,1.8,25.4,01636500
2004-08-31,678.0,3.2,24.2,01636500
2004-09-01,720.0,0.0,22.9,01636500
2004-09-02,795.0,0.0,22.7,01636500
2004-09-03,709.0,0.0,22.5,01636500
2004-09-04,683.0,0.0,23.4,01636500
2004-09-05,681.0,0.2,23.2,01636500
2004-09-06,669.0,0.0,20.8,01636500
2004-09-07,640.0,0.1,22.9,01636500
2004-09-08,755.0,15.0,21.9,01636500
2004-09-09,1850.0,3.3,23.5,01636500
2004-09-10,15800.0,0.0,21.4,01636500
2004-09-11,9920.0,0.0,21.0,01636500
2004-09-12,6050.0,0.2,21.8,01636500
2004-09-13,4330.0,0.0,22.9,01636500
2004-09-14,3270.0,0.2,21.7,01636500
2004-09-15,2630.0,4.2,20.0,01636500
2004-09-16,2180.0,1.0,21.6,01636500
2004-09-17,1810.0,6.6,21.8,01636500
2004-09-18,7520.0,25.4,19.2,01636500
2004-09-19,13800.0,0.0,15.6,01636500
2004-09-20,9980.0,0.0,15.0,01636500
2004-09-21,6620.0,0.0,17.8,01636500
2004-09-22,4830.0,0.0,21.0,01636500
2004-09-23,3800.0,0.0,21.8,01636500
2004-09-24,3060.0,0.0,22.1,01636500
2004-09-25,2510.0,0.0,20.4,01636500
2004-09-26,2190.0,0.2,19.9,01636500
2004-09-27,1950.0,0.4,20.2,01636500
2004-09-28,2370.0,45.5,19.4,01636500
2004-09-29,24300.0,2.0,18.3,01636500
2004-09-30,36400.0,3.3,18.3,01636500
2004-10-01,14900.0,0.0,17.6,01636500
2004-10-02,9570.0,1.3,20.2,01636500
2004-10-03,7030.0,0.0,16.8,01636500
2004-10-04,5560.0,0.0,17.2,01636500
2004-10-05,4680.0,0.0,14.2,01636500
2004-10-06,3950.0,0.0,12.2,01636500
2004-10-07,3410.0,0.0,14.8,01636500
2004-10-08,3020.0,0.0,16.8,01636500
2004-10-09,2770.0,0.0,16.9,01636500
2004-10-10,2530.0,0.0,17.1,01636500
2004-10-11,2380.0,0.0,13.2,01636500
2004-10-12,2250.0,0.0,12.1,01636500
2004-10-13,2110.0,4.6,12.1,01636500
2004-10-14,2070.0,2.9,14.0,01636500
2004-10-15,2060.0,1.2,15.5,01636500
2004-10-16,2130.0,4.8,11.6,01636500
2004-10-17,2080.0,0.0,9.4,01636500
2004-10-18,1980.0,0.2,9.8,01636500
2004-10-19,1860.0,15.2,13.0,01636500
2004-10-20,1730.0,3.6,10.8,01636500
2004-10-21,1870.0,5.8,10.8,01636500
2004-10-22,1810.0,0.2,10.2,01636500
2004-10-23,1690.0,0.0,9.7,01636500
2004-10-24,1730.0,2.6,8.9,01636500
2004-10-25,1750.0,0.0,11.8,01636500
2004-10-26,1620.0,0.0,13.3,01636500
2004-10-27,1820.0,0.0,12.6,01636500
2004-10-28,1600.0,0.0,12.4,01636500
2004-10-29,1630.0,0.0,13.0,01636500
2004-10-30,1630.0,0.0,17.2,01636500
2004-10-31,1680.0,0.0,18.8,01636500
2004-11-01,1660.0,0.0,14.4,01636500
2004-11-02,1640.0,0.0,15.6,01636500
2004-11-03,1590.0,0.0,15.6,01636500
2004-11-04,1660.0,23.5,9.2,01636500
2004-11-05,1800.0,0.0,9.8,01636500
2004-11-06,2210.0,0.0,9.3,01636500
2004-11-07,2670.0,0.0,12.1,01636500
2004-11-08,2660.0,0.0,9.4,01636500
2004-11-09,2550.0,0.0,4.3,01636500
2004-11-10,2290.0,0.0,4.3,01636500
2004-11-11,2140.0,0.0,8.3,01636500
2004-11-12,2120.0,31.6,7.2,01636500
2004-11-13,2570.0,5.4,5.2,01636500
2004-11-14,3020.0,0.0,3.6,01636500
2004-11-15,3730.0,0.0,5.8,01636500
2004-11-16,3340.0,0.0,7.9,01636500
2004-11-17,3020.0,0.0,8.8,01636500
2004-11-18,2820.0,1.8,12.1,01636500
2004-11-19,2660.0,4.9,12.5,01636500
2004-11-20,2610.0,1.2,12.3,01636500
2004-11-21,2570.0,0.2,12.4,01636500
2004-11-22,2710.0,1.0,11.3,01636500
2004-11-23,2630.0,0.9,9.8,01636500
2004-11-24,2550.0,16.2,11.9,01636500
2004-11-25,2550.0,3.3,12.6,01636500
2004-11-26,2720.0,0.0,3.5,01636500
2004-11-27,4020.0,0.3,5.0,01636500
2004-11-28,4900.0,9.7,9.9,01636500
2004-11-29,6090.0,0.0,5.3,01636500
2004-11-30,6890.0,0.2,6.1,01636500
2004-12-01,6040.0,15.4,8.0,01636500
2004-12-02,5680.0,0.0,5.0,01636500
2004-12-03,5960.0,0.0,3.6,01636500
2004-12-04,5540.0,0.0,2.4,01636500
2004-12-05,4920.0,0.0,5.9,01636500
2004-12-06,4420.0,0.9,6.2,01636500
2004-12-07,4000.0,7.8,9.5,01636500
2004-12-08,3730.0,0.3,12.1,01636500
2004-12-09,3650.0,15.5,6.5,01636500
2004-12-10,5000.0,16.7,8.8,01636500
2004-12-11,10500.0,0.7,8.0,01636500
2004-12-12,11900.0,0.0,4.5,01636500
2004-12-13,9120.0,0.3,5.0,01636500
2004-12-14,7170.0,0.0,0.9,01636500
2004-12-15,5930.0,0.0,-1.1,01636500
2004-12-16,5050.0,0.0,-0.4,01636500
2004-12-17,4480.0,0.0,2.2,01636500
2004-12-18,4090.0,0.0,1.2,01636500
2004-12-19,3780.0,0.0,1.4,01636500
2004-12-20,3550.0,0.0,-8.1,01636500
2004-12-21,3290.0,0.0,-2.4,01636500
2004-12-22,3070.0,0.0,3.5,01636500
2004-12-23,3010.0,15.3,8.3,01636500
2004-12-24,3370.0,0.0,-0.3,01636500
2004-12-25,3750.0,0.0,-3.8,01636500
2004-12-26,4560.0,0.0,-3.7,01636500
2004-12-27,4060.0,0.0,-2.9,01636500
2004-12-28,3710.0,0.0,-3.1,01636500
2004-12-29,3460.0,0.0,2.5,01636500
2004-12-30,3220.0,0.0,4.5,01636500
2004-12-31,3060.0,0.0,7.5,01636500
2005-01-01,2930.0,0.0,10.5,01636500
2005-01-02,2790.0,0.0,7.1,01636500
2005-01-03,2690.0,1.2,10.8,01636500
2005-01-04,2490.0,2.0,12.6,01636500
2005-01-05,2540.0,21.0,7.6,01636500
2005-01-06,2470.0,3.2,4.8,01636500
2005-01-07,2500.0,0.2,5.2,01636500
2005-01-08,2450.0,7.6,4.9,01636500
2005-01-09,2400.0,0.0,3.3,01636500
2005-01-10,2310.0,0.0,5.0,01636500
2005-01-11,2290.0,1.6,4.5,01636500
2005-01-12,2210.0,1.2,8.1,01636500
2005-01-13,2140.0,0.0,14.1,01636500
2005-01-14,3580.0,37.0,10.6,01636500
2005-01-15,5420.0,0.0,0.4,01636500
2005-01-16,8280.0,0.0,-0.7,01636500
2005-01-17,7060.0,0.0,-4.6,01636500
2005-01-18,5750.0,0.0,-8.4,01636500
2005-01-19,4840.0,1.4,-6.0,01636500
2005-01-20,4310.0,0.0,-1.1,01636500
2005-01-21,3920.0,0.0,-3.6,01636500
2005-01-22,3680.0,6.7,-6.1,01636500
2005-01-23,3420.0,0.0,-8.1,01636500
2005-01-24,3040.0,0.5,-9.3,01636500
2005-01-25,2920.0,0.0,-2.4,01636500
2005-01-26,3220.0,0.0,1.7,01636500
2005-01-27,3120.0,0.0,-4.6,01636500
2005-01-28,2790.0,0.0,-7.2,01636500
2005-01-29,2660.0,0.0,-4.2,01636500
2005-01-30,2550.0,3.6,-0.6,01636500
2005-01-31,2470.0,0.0,-2.3,01636500
2005-02-01,2290.0,0.0,-1.4,01636500
2005-02-02,2170.0,0.0,-1.1,01636500
2005-02-03,2120.0,1.8,-0.1,01636500
2005-02-04,2060.0,0.1,1.8,01636500
2005-02-05,2070.0,0.0,3.0,01636500
2005-02-06,2080.0,0.0,3.8,01636500
2005-02-07,2070.0,0.0,5.1,01636500
2005-02-08,2060.0,0.1,5.9,01636500
2005-02-09,1990.0,0.5,8.0,01636500
2005-02-10,2080.0,7.1,4.0,01636500
2005-02-11,2150.0,0.0,-0.4,01636500
2005-02-12,2050.0,0.0,2.4,01636500
2005-02-13,2010.0,0.0,3.0,01636500
2005-02-14,1980.0,6.3,3.4,01636500
2005-02-15,1990.0,2.3,8.8,01636500
2005-02-16,2050.0,1.9,8.6,01636500
2005-02-17,2020.0,0.0,2.6,01636500
2005-02-18,2000.0,0.0,-1.3,01636500
2005-02-19,1940.0,0.0,-2.3,01636500
2005-02-20,1890.0,0.0,0.4,01636500
2005-02-21,1880.0,2.5,5.2,01636500
2005-02-22,1870.0,9.9,5.2,01636500
2005-02-23,1900.0,1.0,3.3,01636500
2005-02-24,2030.0,6.9,-0.1,01636500
2005-02-25,2170.0,3.6,-1.4,01636500
2005-02-26,2110.0,0.0,0.1,01636500
2005-02-27,2110.0,0.0,-2.0,01636500
2005-02-28,2140.0,12.1,-1.0,01636500
2005-03-01,2240.0,4.5,-0.3,01636500
2005-03-02,2320.0,0.0,-2.9,01636500
2005-03-03,2410.0,0.0,-5.0,01636500
2005-03-04,2360.0,0.1,-3.3,01636500
2005-03-05,2330.0,1.0,1.0,01636500
2005-03-06,2340.0,0.0,2.3,01636500
2005-03-07,2530.0,0.2,7.4,01636500
2005-03-08,3070.0,9.3,3.7,01636500
2005-03-09,4330.0,0.0,-3.1,01636500
2005-03-10,6240.0,0.0,-1.0,01636500
2005-03-11,5650.0,1.6,3.1,01636500
2005-03-12,4900.0,0.6,2.4,01636500
2005-03-13,4370.0,0.0,3.0,01636500
2005-03-14,3910.0,0.0,2.3,01636500
2005-03-15,3550.0,0.0,1.8,01636500
2005-03-16,3340.0,0.0,3.0,01636500
2005-03-17,3110.0,0.0,4.0,01636500
2005-03-18,2890.0,0.0,5.1,01636500
2005-03-19,2760.0,0.2,6.9,01636500
2005-03-20,2660.0,0.4,8.5,01636500
2005-03-21,2560.0,0.0,6.1,01636500
2005-03-22,2390.0,0.0,5.5,01636500
2005-03-23,2620.0,35.9,5.7,01636500
2005-03-24,3850.0,0.0,4.9,01636500
2005-03-25,4180.0,0.9,5.4,01636500
2005-03-26,4260.0,0.1,5.6,01636500
2005-03-27,4170.0,1.2,6.4,01636500
2005-03-28,4700.0,38.3,7.4,01636500
2005-03-29,9050.0,20.3,10.5,01636500
2005-03-30,15300.0,0.0,10.6,01636500
2005-03-31,11700.0,0.0,10.2,01636500
2005-04-01,8760.0,0.0,11.7,01636500
2005-04-02,8020.0,38.5,9.8,01636500
2005-04-03,13600.0,3.6,5.3,01636500
2005-04-04,13600.0,0.0,9.3,01636500
2005-04-05,10100.0,0.0,11.1,01636500
2005-04-06,7950.0,0.0,17.4,01636500
2005-04-07,6640.0,1.8,18.3,01636500
2005-04-08,5980.0,10.1,15.6,01636500
2005-04-09,5450.0,0.0,12.5,01636500
2005-04-10,5020.0,0.0,13.2,01636500
2005-04-11,4580.0,0.0,13.7,01636500
2005-04-12,4170.0,0.0,9.2,01636500
2005-04-13,3890.0,1.5,10.1,01636500
2005-04-14,3700.0,0.0,10.6,01636500
2005-04-15,3500.0,0.0,10.1,01636500
2005-04-16,3330.0,0.0,9.3,01636500
2005-04-17,3100.0,0.0,12.5,01636500
2005-04-18,2940.0,0.0,16.0,01636500
2005-04-19,2790.0,0.0,18.5,01636500
2005-04-20,2720.0,0.3,19.9,01636500
2005-04-21,2660.0,1.3,16.3,01636500
2005-04-22,2620.0,6.5,11.6,01636500
2005-04-23,2730.0,12.9,13.8,01636500
2005-04-24,2950.0,0.5,7.4,01636500
2005-04-25,3270.0,0.1,7.8,01636500
2005-04-26,3500.0,0.0,12.5,01636500
2005-04-27,3330.0,0.8,14.5,01636500
2005-04-28,3060.0,0.0,12.3,01636500
2005-04-29,2850.0,0.1,11.2,01636500
2005-04-30,2790.0,16.8,14.4,01636500
2005-05-01,2810.0,0.7,13.0,01636500
2005-05-02,2880.0,1.7,10.1,01636500
2005-05-03,3080.0,0.0,9.0,01636500
2005-05-04,3010.0,0.0,10.6,01636500
2005-05-05,2860.0,0.0,11.0,01636500
2005-05-06,2740.0,0.0,10.8,01636500
2005-05-07,2590.0,0.7,12.3,01636500
2005-05-08,2470.0,0.0,15.3,01636500
2005-05-09,2390.0,0.0,16.6,01636500
2005-05-10,2280.0,0.0,17.9,01636500
2005-05-11,2150.0,0.0,21.3,01636500
2005-05-12,2080.0,0.0,19.9,01636500
2005-05-13,2010.0,0.0,14.9,01636500
2005-05-14,1930.0,2.4,19.0,01636500
2005-05-15,2420.0,0.1,20.3,01636500
2005-05-16,2450.0,0.0,16.1,01636500
2005-05-17,2100.0,0.0,14.7,01636500
2005-05-18,2000.0,0.0,16.4,01636500
2005-05-19,1870.0,0.0,16.6,01636500
2005-05-20,1860.0,48.9,12.7,01636500
2005-05-21,4000.0,0.0,14.3,01636500
2005-05-22,3700.0,0.0,16.3,01636500
2005-05-23,3760.0,2.8,15.6,01636500
2005-05-24,3980.0,10.3,13.1,01636500
2005-05-25,4190.0,2.8,12.2,01636500
2005-05-26,3800.0,0.0,17.0,01636500
2005-05-27,3430.0,0.0,19.4,01636500
2005-05-28,2970.0,5.3,17.6,01636500
2005-05-29,2660.0,0.0,17.1,01636500
2005-05-30,2400.0,0.0,17.4,01636500
2005-05-31,2210.0,0.6,17.8,01636500
2005-06-01,2030.0,0.0,19.7,01636500
2005-06-02,1930.0,0.0,16.7,01636500
2005-06-03,1870.0,14.3,15.1,01636500
2005-06-04,1880.0,0.0,18.5,01636500
2005-06-05,1870.0,0.0,23.3,01636500
2005-06-06,1850.0,2.2,25.7,01636500
2005-06-07,1900.0,1.0,25.3,01636500
2005-06-08,1670.0,0.0,26.0,01636500
2005-06-09,1670.0,0.0,25.8,01636500
2005-06-10,1840.0,3.3,25.6,01636500
2005-06-11,1750.0,0.3,25.9,01636500
2005-06-12,1990.0,0.0,26.0,01636500
2005-06-13,1900.0,2.8,26.7,01636500
2005-06-14,1720.0,0.0,28.0,01636500
2005-06-15,1700.0,0.0,26.8,01636500
2005-06-16,1500.0,0.2,23.9,01636500
2005-06-17,1360.0,0.1,20.1,01636500
2005-06-18,1270.0,0.0,20.3,01636500
2005-06-19,1240.0,0.0,20.4,01636500
2005-06-20,1200.0,0.2,20.1,01636500
2005-06-21,1160.0,0.0,21.2,01636500
2005-06-22,1160.0,3.1,22.8,01636500
2005-06-23,1180.0,0.1,22.6,01636500
2005-06-24,1150.0,0.0,24.8,01636500
2005-06-25,1120.0,0.0,26.8,01636500
2005-06-26,1110.0,0.0,27.5,01636500
2005-06-27,1020.0,0.5,26.0,01636500
2005-06-28,990.0,3.4,26.7,01636500
2005-06-29,960.0,4.3,25.8,01636500
2005-06-30,1180.0,2.1,26.3,01636500
2005-07-01,1140.0,0.1,27.8,01636500
2005-07-02,990.0,0.0,26.7,01636500
2005-07-03,973.0,0.1,25.0,01636500
2005-07-04,1000.0,0.0,25.7,01636500
2005-07-05,1210.0,5.4,26.4,01636500
2005-07-06,1200.0,5.5,24.8,01636500
2005-07-07,1080.0,3.0,24.3,01636500
2005-07-08,2570.0,73.1,21.5,01636500
2005-07-09,4070.0,0.0,23.4,01636500
2005-07-10,4350.0,0.0,24.7,01636500
2005-07-11,3210.0,0.0,25.4,01636500
2005-07-12,2340.0,0.2,27.0,01636500
2005-07-13,1920.0,0.8,25.7,01636500
2005-07-14,1660.0,18.3,24.7,01636500
2005-07-15,1530.0,24.8,24.0,01636500
2005-07-16,1640.0,5.8,25.2,01636500
2005-07-17,2650.0,6.7,25.8,01636500
2005-07-18,2690.0,0.9,26.7,01636500
2005-07-19,2510.0,1.4,27.3,01636500
2005-07-20,2960.0,0.0,27.4,01636500
2005-07-21,2910.0,1.2,26.7,01636500
2005-07-22,2520.0,1.3,26.6,01636500
2005-07-23,2140.0,0.0,26.5,01636500
2005-07-24,1850.0,0.0,24.3,01636500
2005-07-25,1600.0,3.5,26.9,01636500
2005-07-26,1390.0,0.0,29.2,01636500
2005-07-27,1290.0,0.4,29.7,01636500
2005-07-28,1250.0,0.9,25.1,01636500
2005-07-29,1140.0,2.1,23.4,01636500
2005-07-30,1100.0,0.0,24.7,01636500
2005-07-31,1090.0,0.0,24.7,01636500
2005-08-01,1130.0,0.0,25.6,01636500
2005-08-02,1200.0,0.4,27.6,01636500
2005-08-03,1090.0,2.4,28.1,01636500
2005-08-04,1140.0,0.0,29.1,01636500
2005-08-05,1130.0,1.1,28.9,01636500
2005-08-06,998.0,0.2,26.6,01636500
2005-08-07,1060.0,0.5,26.6,01636500
2005-08-08,884.0,1.9,25.5,01636500
2005-08-09,1080.0,12.4,22.7,01636500
2005-08-10,1220.0,0.0,24.2,01636500
2005-08-11,1160.0,0.0,27.1,01636500
2005-08-12,1060.0,0.5,28.5,01636500
2005-08-13,1070.0,0.0,29.5,01636500
2005-08-14,1180.0,0.0,29.5,01636500
2005-08-15,1140.0,0.0,28.0,01636500
2005-08-16,1020.0,10.6,24.8,01636500
2005-08-17,1010.0,0.4,24.1,01636500
2005-08-18,1040.0,0.0,25.2,01636500
2005-08-19,1250.0,6.9,22.9,01636500
2005-08-20,1150.0,0.0,26.1,01636500
2005-08-21,1030.0,0.0,28.3,01636500
2005-08-22,975.0,0.0,25.4,01636500
2005-08-23,881.0,0.0,23.1,01636500
2005-08-24,852.0,0.0,23.5,01636500
2005-08-25,809.0,0.0,23.0,01636500
2005-08-26,635.0,0.0,22.9,01636500
2005-08-27,741.0,12.3,20.1,01636500
2005-08-28,818.0,3.5,23.4,01636500
2005-08-29,803.0,0.0,25.0,01636500
2005-08-30,1030.0,2.0,25.0,01636500
2005-08-31,975.0,0.2,26.2,01636500
2005-09-01,1160.0,0.0,23.6,01636500
2005-09-02,833.0,0.0,24.0,01636500
2005-09-03,819.0,0.0,23.0,01636500
2005-09-04,850.0,0.0,22.2,01636500
2005-09-05,871.0,0.0,22.1,01636500
2005-09-06,763.0,0.0,22.1,01636500
2005-09-07,750.0,0.0,21.6,01636500
2005-09-08,734.0,0.0,22.0,01636500
2005-09-09,577.0,0.9,22.9,01636500
2005-09-10,531.0,0.2,23.0,01636500
2005-09-11,629.0,0.0,22.5,01636500
2005-09-12,649.0,0.0,23.2,01636500
2005-09-13,640.0,0.0,24.5,01636500
2005-09-14,623.0,0.1,24.9,01636500
2005-09-15,618.0,0.1,25.7,01636500
2005-09-16,631.0,1.9,26.2,01636500
2005-09-17,643.0,3.9,24.4,01636500
2005-09-18,662.0,0.0,23.5,01636500
2005-09-19,617.0,0.0,23.6,01636500
2005-09-20,651.0,0.0,24.1,01636500
2005-09-21,642.0,0.0,23.4,01636500
2005-09-22,626.0,0.0,23.4,01636500
2005-09-23,603.0,0.2,25.4,01636500
2005-09-24,598.0,0.5,21.5,01636500
2005-09-25,617.0,0.0,21.9,01636500
2005-09-26,609.0,5.8,22.5,01636500
2005-09-27,594.0,0.2,20.8,01636500
2005-09-28,590.0,0.0,19.1,01636500
2005-09-29,581.0,0.6,19.2,01636500
2005-09-30,577.0,0.0,15.3,01636500
2005-10-01,584.0,0.0,17.1,01636500
2005-10-02,583.0,0.0,19.8,01636500
2005-10-03,565.0,0.0,19.9,01636500
2005-10-04,570.0,0.0,20.1,01636500
2005-10-05,552.0,0.0,22.2,01636500
2005-10-06,569.0,0.7,21.5,01636500
2005-10-07,720.0,51.7,21.0,01636500
2005-10-08,1020.0,47.1,18.3,01636500
2005-10-09,1520.0,0.1,15.1,01636500
2005-10-10,3710.0,0.0,16.7,01636500
2005-10-11,2960.0,1.3,16.7,01636500
2005-10-12,2050.0,0.0,16.6,01636500
2005-10-13,1660.0,0.6,14.3,01636500
2005-10-14,1530.0,3.9,15.6,01636500
2005-10-15,1440.0,0.0,17.9,01636500
2005-10-16,1240.0,0.0,14.7,01636500
2005-10-17,1130.0,0.0,13.4,01636500
2005-10-18,1040.0,0.1,15.7,01636500
2005-10-19,993.0,0.0,16.3,01636500
2005-10-20,945.0,1.7,14.5,01636500
2005-10-21,935.0,10.0,10.5,01636500
2005-10-22,1010.0,16.2,10.8,01636500
2005-10-23,1050.0,0.8,11.0,01636500
2005-10-24,1090.0,2.7,10.6,01636500
2005-10-25,1270.0,34.0,5.6,01636500
2005-10-26,1760.0,2.6,7.3,01636500
2005-10-27,1690.0,0.0,7.4,01636500
2005-10-28,1640.0,0.6,7.0,01636500
2005-10-29,1540.0,0.0,6.0,01636500
2005-10-30,1310.0,0.0,9.8,01636500
2005-10-31,1240.0,0.0,10.6,01636500
2005-11-01,1140.0,0.0,12.3,01636500
2005-11-02,1090.0,1.5,11.2,01636500
2005-11-03,1050.0,0.0,11.0,01636500
2005-11-04,1030.0,0.0,13.2,01636500
2005-11-05,985.0,0.0,15.5,01636500
2005-11-06,949.0,1.3,16.3,01636500
2005-11-07,928.0,0.2,13.4,01636500
2005-11-08,861.0,2.0,11.7,01636500
2005-11-09,904.0,1.7,14.1,01636500
2005-11-10,907.0,0.0,13.0,01636500
2005-11-11,883.0,0.0,7.0,01636500
2005-11-12,881.0,0.0,7.6,01636500
2005-11-13,982.0,0.0,10.6,01636500
2005-11-14,961.0,0.6,14.2,01636500
2005-11-15,895.0,2.1,14.6,01636500
2005-11-16,885.0,8.2,17.0,01636500
2005-11-17,882.0,3.1,4.7,01636500
2005-11-18,925.0,0.0,0.4,01636500
2005-11-19,876.0,0.0,2.1,01636500
2005-11-20,914.0,0.0,5.4,01636500
2005-11-21,933.0,3.1,6.3,01636500
2005-11-22,1250.0,11.9,5.8,01636500
2005-11-23,2050.0,0.0,1.6,01636500
2005-11-24,2870.0,1.7,3.0,01636500
2005-11-25,2830.0,0.0,-3.1,01636500
2005-11-26,2220.0,0.0,-0.2,01636500
2005-11-27,1910.0,0.0,2.4,01636500
2005-11-28,1740.0,2.8,9.8,01636500
2005-11-29,1800.0,12.2,16.0,01636500
2005-11-30,15500.0,24.4,8.3,01636500
2005-12-01,34000.0,0.0,3.1,01636500
2005-12-02,15200.0,0.1,1.6,01636500
2005-12-03,9510.0,0.0,-1.1,01636500
2005-12-04,6870.0,4.3,1.8,01636500
2005-12-05,5430.0,1.5,0.5,01636500
2005-12-06,4530.0,2.3,-0.1,01636500
2005-12-07,3930.0,0.0,-2.0,01636500
2005-12-08,3290.0,0.0,-2.5,01636500
2005-12-09,2940.0,15.8,-2.0,01636500
2005-12-10,2670.0,0.0,-1.7,01636500
2005-12-11,2500.0,0.0,-0.7,01636500
2005-12-12,2470.0,0.0,-0.9,01636500
2005-12-13,2350.0,0.0,-4.8,01636500
2005-12-14,2210.0,0.0,-5.3,01636500
2005-12-15,2110.0,8.7,-4.2,01636500
2005-12-16,2120.0,11.4,2.5,01636500
2005-12-17,2240.0,0.0,0.4,01636500
2005-12-18,2420.0,0.0,1.0,01636500
2005-12-19,2560.0,0.0,-1.5,01636500
2005-12-20,2420.0,0.0,-5.1,01636500
2005-12-21,2270.0,0.0,-3.3,01636500
2005-12-22,2130.0,0.0,-1.3,01636500
2005-12-23,2060.0,0.0,1.1,01636500
2005-12-24,2020.0,0.0,3.3,01636500
2005-12-25,1980.0,7.5,1.7,01636500
2005-12-26,2080.0,0.5,3.1,01636500
2005-12-27,2460.0,0.0,3.2,01636500
2005-12-28,3220.0,0.4,3.5,01636500
2005-12-29,3560.0,3.6,7.3,01636500
2005-12-30,3470.0,0.0,4.9,01636500
2005-12-31,3580.0,0.3,3.5,01636500
2006-01-01,3680.0,0.0,4.5,01636500
2006-01-02,3540.0,12.6,2.8,01636500
2006-01-03,3990.0,12.9,4.6,01636500
2006-01-04,4270.0,0.0,4.0,01636500
2006-01-05,4040.0,0.0,6.0,01636500
2006-01-06,3740.0,0.0,2.8,01636500
2006-01-07,3440.0,0.0,-0.3,01636500
2006-01-08,3170.0,0.0,2.5,01636500
2006-01-09,2860.0,0.0,8.7,01636500
2006-01-10,2600.0,0.0,6.0,01636500
2006-01-11,2450.0,6.9,6.9,01636500
2006-01-12,2360.0,0.0,8.5,01636500
2006-01-13,2310.0,0.0,8.3,01636500
2006-01-14,2430.0,12.0,9.8,01636500
2006-01-15,2640.0,0.0,0.1,01636500
2006-01-16,4800.0,0.0,0.9,01636500
2006-01-17,5060.0,0.2,1.6,01636500
2006-01-18,4610.0,20.6,8.1,01636500
2006-01-19,5840.0,0.0,3.0,01636500
2006-01-20,9340.0,0.0,7.9,01636500
2006-01-21,7600.0,0.3,8.8,01636500
2006-01-22,5970.0,0.0,2.8,01636500
2006-01-23,5070.0,18.8,2.6,01636500
2006-01-24,4640.0,0.0,3.8,01636500
2006-01-25,4490.0,0.1,3.6,01636500
2006-01-26,4130.0,0.0,0.2,01636500
2006-01-27,3670.0,0.0,0.4,01636500
2006-01-28,3360.0,0.0,4.2,01636500
2006-01-29,3040.0,3.4,6.9,01636500
2006-01-30,2920.0,0.0,9.7,01636500
2006-01-31,2780.0,7.4,6.7,01636500
2006-02-01,2720.0,0.0,3.7,01636500
2006-02-02,2610.0,0.0,5.0,01636500
2006-02-03,2530.0,5.2,9.9,01636500
2006-02-04,2580.0,3.6,8.1,01636500
2006-02-05,2770.0,4.1,5.0,01636500
2006-02-06,3330.0,0.0,1.6,01636500
2006-02-07,4700.0,0.0,1.0,01636500
2006-02-08,4230.0,0.0,-0.2,01636500
2006-02-09,3810.0,0.0,-1.0,01636500
2006-02-10,3510.0,0.0,-0.3,01636500
2006-02-11,3240.0,4.7,0.7,01636500
2006-02-12,3210.0,16.3,-0.2,01636500
2006-02-13,3040.0,0.0,-4.2,01636500
2006-02-14,2890.0,0.0,-0.8,01636500
2006-02-15,2680.0,0.0,3.2,01636500
2006-02-16,2650.0,0.0,7.8,01636500
2006-02-17,3100.0,0.6,10.0,01636500
2006-02-18,3480.0,0.0,1.0,01636500
2006-02-19,3580.0,0.0,-5.6,01636500
2006-02-20,3380.0,0.0,-1.1,01636500
2006-02-21,3170.0,0.0,1.0,01636500
2006-02-22,2960.0,0.1,1.5,01636500
2006-02-23,2910.0,0.1,4.1,01636500
2006-02-24,2770.0,0.1,2.3,01636500
2006-02-25,2610.0,0.0,3.3,01636500
2006-02-26,2460.0,0.0,-0.4,01636500
2006-02-27,2310.0,0.0,-1.6,01636500
2006-02-28,2200.0,0.3,0.9,01636500
2006-03-01,2090.0,0.0,3.1,01636500
2006-03-02,2030.0,3.6,3.8,01636500
2006-03-03,1980.0,0.0,2.4,01636500
2006-03-04,1970.0,0.0,1.3,01636500
2006-03-05,1870.0,0.0,3.1,01636500
2006-03-06,1790.0,0.0,3.6,01636500
2006-03-07,1740.0,0.0,3.5,01636500
2006-03-08,1710.0,0.0,3.7,01636500
2006-03-09,1680.0,0.0,10.3,01636500
2006-03-10,1690.0,1.1,17.0,01636500
2006-03-11,1600.0,0.0,13.2,01636500
2006-03-12,1560.0,4.2,14.6,01636500
2006-03-13,1530.0,0.3,16.9,01636500
2006-03-14,1530.0,1.5,14.0,01636500
2006-03-15,1470.0,0.0,5.7,01636500
2006-03-16,1430.0,0.0,6.1,01636500
2006-03-17,1410.0,0.3,6.1,01636500
2006-03-18,1390.0,0.0,3.1,01636500
2006-03-19,1370.0,0.0,3.3,01636500
2006-03-20,1350.0,0.0,3.9,01636500
2006-03-21,1340.0,0.3,1.5,01636500
2006-03-22,1330.0,0.1,2.5,01636500
2006-03-23,1330.0,0.0,3.7,01636500
2006-03-24,1300.0,0.0,4.9,01636500
2006-03-25,1290.0,0.0,5.2,01636500
2006-03-26,1270.0,0.0,4.7,01636500
2006-03-27,1240.0,0.0,6.4,01636500
2006-03-28,1220.0,0.3,8.7,01636500
2006-03-29,1250.0,0.4,10.2,01636500
2006-03-30,1230.0,0.0,11.6,01636500
2006-03-31,1200.0,0.0,15.0,01636500
2006-04-01,1200.0,2.1,17.2,01636500
2006-04-02,1200.0,0.0,13.5,01636500
2006-04-03,1180.0,9.3,14.4,01636500
2006-04-04,1200.0,0.2,9.7,01636500
2006-04-05,1180.0,0.2,7.1,01636500
2006-04-06,1170.0,0.0,9.7,01636500
2006-04-07,1170.0,4.1,13.8,01636500
2006-04-08,1190.0,18.2,11.0,01636500
2006-04-09,1280.0,0.0,6.3,01636500
2006-04-10,1300.0,0.0,9.7,01636500
2006-04-11,1370.0,0.0,13.1,01636500
2006-04-12,1400.0,0.0,15.5,01636500
2006-04-13,1340.0,0.8,18.3,01636500
2006-04-14,1360.0,2.8,16.9,01636500
2006-04-15,1330.0,1.4,19.7,01636500
2006-04-16,1330.0,0.0,15.8,01636500
2006-04-17,1410.0,5.0,12.5,01636500
2006-04-18,1880.0,0.0,13.1,01636500
2006-04-19,2530.0,0.0,15.3,01636500
2006-04-20,2830.0,0.0,17.7,01636500
2006-04-21,2670.0,1.9,17.9,01636500
2006-04-22,2570.0,31.1,13.0,01636500
2006-04-23,3750.0,4.1,14.5,01636500
2006-04-24,6800.0,0.0,15.9,01636500
2006-04-25,6320.0,0.0,16.2,01636500
2006-04-26,4970.0,5.3,11.0,01636500
2006-04-27,4140.0,0.0,13.1,01636500
2006-04-28,3530.0,0.0,13.3,01636500
2006-04-29,3010.0,0.0,12.3,01636500
2006-04-30,2590.0,0.0,12.9,01636500
2006-05-01,2320.0,0.0,14.1,01636500
2006-05-02,2050.0,0.0,16.5,01636500
2006-05-03,1970.0,0.0,18.0,01636500
2006-05-04,1860.0,0.0,19.6,01636500
2006-05-05,1740.0,0.0,21.1,01636500
2006-05-06,1650.0,0.0,18.6,01636500
2006-05-07,1600.0,0.0,13.8,01636500
2006-05-08,1560.0,5.0,10.7,01636500
2006-05-09,1540.0,0.0,13.8,01636500
2006-05-10,1490.0,0.0,17.2,01636500
2006-05-11,1480.0,9.4,17.6,01636500
2006-05-12,1580.0,23.4,14.7,01636500
2006-05-13,1440.0,0.2,16.0,01636500
2006-05-14,1370.0,2.8,15.9,01636500
2006-05-15,1420.0,6.7,13.3,01636500
2006-05-16,1780.0,0.4,13.5,01636500
2006-05-17,2260.0,4.8,14.5,01636500
2006-05-18,2330.0,0.8,15.4,01636500
2006-05-19,2140.0,2.9,12.6,01636500
2006-05-20,2000.0,0.7,14.5,01636500
2006-05-21,1850.0,0.0,14.9,01636500
2006-05-22,1640.0,0.0,13.3,01636500
2006-05-23,1520.0,0.0,12.6,01636500
2006-05-24,1410.0,0.0,15.5,01636500
2006-05-25,1290.0,0.0,17.8,01636500
2006-05-26,1220.0,7.6,20.6,01636500
2006-05-27,1200.0,0.7,21.1,01636500
2006-05-28,1160.0,0.0,23.0,01636500
2006-05-29,1130.0,0.0,25.0,01636500
2006-05-30,1090.0,0.6,26.7,01636500
2006-05-31,1030.0,2.3,25.9,01636500
2006-06-01,989.0,0.1,26.5,01636500
2006-06-02,953.0,1.4,23.5,01636500
2006-06-03,1110.0,2.2,20.9,01636500
2006-06-04,1350.0,1.1,18.7,01636500
2006-06-05,1220.0,0.0,18.2,01636500
2006-06-06,1180.0,0.0,19.8,01636500
2006-06-07,1050.0,0.0,21.3,01636500
2006-06-08,966.0,0.0,22.2,01636500
2006-06-09,920.0,3.1,21.7,01636500
2006-06-10,871.0,0.0,18.7,01636500
2006-06-11,821.0,0.0,17.4,01636500
2006-06-12,790.0,0.2,19.5,01636500
2006-06-13,805.0,0.0,20.7,01636500
2006-06-14,802.0,0.0,21.6,01636500
2006-06-15,793.0,0.0,21.7,01636500
2006-06-16,816.0,0.0,22.9,01636500
2006-06-17,797.0,0.0,25.5,01636500
2006-06-18,726.0,0.0,28.1,01636500
2006-06-19,664.0,2.0,27.7,01636500
2006-06-20,638.0,0.3,25.6,01636500
2006-06-21,641.0,0.0,25.8,01636500
2006-06-22,607.0,1.2,28.1,01636500
2006-06-23,610.0,4.5,25.9,01636500
2006-06-24,668.0,9.6,24.7,01636500
2006-06-25,736.0,34.6,22.0,01636500
2006-06-26,1560.0,23.3,22.4,01636500
2006-06-27,3240.0,28.0,22.2,01636500
2006-06-28,16100.0,10.8,23.8,01636500
2006-06-29,22400.0,0.2,23.6,01636500
2006-06-30,11300.0,0.0,21.8,01636500
2006-07-01,7090.0,0.0,23.4,01636500
2006-07-02,4960.0,0.0,26.1,01636500
2006-07-03,3840.0,0.0,26.6,01636500
2006-07-04,3170.0,0.0,27.2,01636500
2006-07-05,2710.0,15.3,23.9,01636500
2006-07-06,2610.0,12.3,21.4,01636500
2006-07-07,3100.0,0.0,20.6,01636500
2006-07-08,3600.0,0.0,21.8,01636500
2006-07-09,2850.0,0.0,22.8,01636500
2006-07-10,2350.0,0.0,23.8,01636500
2006-07-11,2080.0,0.0,26.3,01636500
2006-07-12,1900.0,0.0,26.8,01636500
2006-07-13,1810.0,11.3,24.8,01636500
2006-07-14,1830.0,4.1,24.9,01636500
2006-07-15,1820.0,5.1,25.6,01636500
2006-07-16,1810.0,0.0,27.1,01636500
2006-07-17,1940.0,0.0,29.2,01636500
2006-07-18,1800.0,1.0,29.2,01636500
2006-07-19,1570.0,0.6,26.9,01636500
2006-07-20,1490.0,5.2,26.3,01636500
2006-07-21,1280.0,2.2,27.5,01636500
2006-07-22,1340.0,1.8,26.2,01636500
2006-07-23,1510.0,0.5,23.9,01636500
2006-07-24,1840.0,0.0,24.1,01636500
2006-07-25,1680.0,1.6,24.9,01636500
2006-07-26,1500.0,0.3,25.8,01636500
2006-07-27,1350.0,0.2,27.7,01636500
2006-07-28,1300.0,1.1,27.6,01636500
2006-07-29,1270.0,0.0,27.6,01636500
2006-07-30,1230.0,0.3,28.3,01636500
2006-07-31,1150.0,0.0,29.2,01636500
2006-08-01,1100.0,0.0,30.5,01636500
2006-08-02,1140.0,0.0,31.5,01636500
2006-08-03,1050.0,0.0,31.9,01636500
2006-08-04,1090.0,0.0,30.1,01636500
2006-08-05,1050.0,0.0,27.8,01636500
2006-08-06,922.0,0.0,27.5,01636500
2006-08-07,892.0,3.8,27.8,01636500
2006-08-08,847.0,0.0,28.0,01636500
2006-08-09,800.0,0.0,25.4,01636500
2006-08-10,774.0,6.3,24.5,01636500
2006-08-11,822.0,0.0,24.6,01636500
2006-08-12,853.0,0.0,22.7,01636500
2006-08-13,795.0,0.0,23.0,01636500
2006-08-14,766.0,0.0,25.2,01636500
2006-08-15,749.0,0.0,27.2,01636500
2006-08-16,716.0,0.0,26.2,01636500
2006-08-17,692.0,0.0,25.9,01636500
2006-08-18,676.0,0.0,25.7,01636500
2006-08-19,672.0,0.0,26.6,01636500
2006-08-20,649.0,1.5,27.6,01636500
2006-08-21,627.0,0.0,25.0,01636500
2006-08-22,615.0,0.0,25.4,01636500
2006-08-23,597.0,0.0,25.7,01636500
2006-08-24,601.0,0.0,26.2,01636500
2006-08-25,592.0,0.0,27.5,01636500
2006-08-26,581.0,2.4,28.1,01636500
2006-08-27,712.0,2.5,26.2,01636500
2006-08-28,641.0,5.1,26.2,01636500
2006-08-29,655.0,1.3,26.8,01636500
2006-08-30,625.0,0.0,24.7,01636500
2006-08-31,613.0,0.0,22.3,01636500
2006-09-01,695.0,27.7,17.5,01636500
2006-09-02,2900.0,51.6,14.5,01636500
2006-09-03,7900.0,0.0,17.9,01636500
2006-09-04,6510.0,0.0,20.2,01636500
2006-09-05,4670.0,52.7,18.6,01636500
2006-09-06,5070.0,0.7,19.7,01636500
2006-09-07,5980.0,0.0,20.1,01636500
2006-09-08,4380.0,1.3,21.3,01636500
2006-09-09,3360.0,0.0,21.4,01636500
2006-09-10,2740.0,0.7,21.3,01636500
2006-09-11,2490.0,3.4,18.6,01636500
2006-09-12,2030.0,0.0,17.6,01636500
2006-09-13,1820.0,4.0,16.8,01636500
2006-09-14,1760.0,22.8,16.4,01636500
2006-09-15,1670.0,0.3,17.9,01636500
2006-09-16,1650.0,1.9,19.2,01636500
2006-09-17,1610.0,0.0,20.3,01636500
2006-09-18,1530.0,0.0,21.8,01636500
2006-09-19,1410.0,2.5,21.1,01636500
2006-09-20,1320.0,0.0,16.8,01636500
2006-09-21,1240.0,0.0,14.3,01636500
2006-09-22,1180.0,0.4,15.4,01636500
2006-09-23,1140.0,7.7,20.1,01636500
2006-09-24,1110.0,8.6,22.2,01636500
2006-09-25,1090.0,0.0,18.9,01636500
2006-09-26,1080.0,0.0,17.3,01636500
2006-09-27,1040.0,0.0,18.1,01636500
2006-09-28,1010.0,5.3,17.9,01636500
2006-09-29,1040.0,0.9,13.8,01636500
2006-09-30,1030.0,0.5,13.1,01636500
2006-10-01,1000.0,2.6,16.1,01636500
2006-10-02,1010.0,0.0,16.1,01636500
2006-10-03,1020.0,0.0,19.8,01636500
2006-10-04,985.0,0.0,21.7,01636500
2006-10-05,1010.0,1.1,18.8,01636500
2006-10-06,1100.0,40.4,12.0,01636500
2006-10-07,1800.0,2.5,12.1,01636500
2006-10-08,7120.0,0.0,15.4,01636500
2006-10-09,13700.0,0.0,16.6,01636500
2006-10-10,8560.0,0.0,18.6,01636500
2006-10-11,5870.0,0.0,18.2,01636500
2006-10-12,4500.0,0.0,16.3,01636500
2006-10-13,3680.0,0.0,8.4,01636500
2006-10-14,3260.0,0.0,8.4,01636500
2006-10-15,2820.0,0.0,8.9,01636500
2006-10-16,2460.0,0.0,9.8,01636500
2006-10-17,2290.0,12.9,12.4,01636500
2006-10-18,2280.0,0.4,17.1,01636500
2006-10-19,2250.0,0.0,17.3,01636500
2006-10-20,2440.0,3.2,16.3,01636500
2006-10-21,2410.0,0.0,10.7,01636500
2006-10-22,2230.0,1.1,10.7,01636500
2006-10-23,2110.0,0.3,8.2,01636500
2006-10-24,1980.0,0.0,5.4,01636500
2006-10-25,1880.0,0.0,6.3,01636500
2006-10-26,1790.0,0.0,6.4,01636500
2006-10-27,1740.0,5.9,7.5,01636500
2006-10-28,1800.0,28.1,10.5,01636500
2006-10-29,1980.0,0.0,8.8,01636500
2006-10-30,2530.0,0.0,10.2,01636500
2006-10-31,3600.0,0.0,14.3,01636500
2006-11-01,3200.0,0.3,15.5,01636500
2006-11-02,2930.0,7.7,10.1,01636500
2006-11-03,2820.0,0.0,3.9,01636500
2006-11-04,2610.0,0.0,2.3,01636500
2006-11-05,2410.0,0.0,4.0,01636500
2006-11-06,2210.0,0.0,5.8,01636500
2006-11-07,2090.0,2.6,7.3,01636500
2006-11-08,2310.0,31.8,12.0,01636500
2006-11-09,3340.0,0.0,14.4,01636500
2006-11-10,7780.0,0.0,14.5,01636500
2006-11-11,6610.0,0.0,16.0,01636500
2006-11-12,6390.0,23.1,10.3,01636500
2006-11-13,8500.0,2.5,9.8,01636500
2006-11-14,7310.0,0.0,12.2,01636500
2006-11-15,5820.0,0.0,12.2,01636500
2006-11-16,5180.0,19.3,15.8,01636500
2006-11-17,11900.0,0.1,11.6,01636500
2006-11-18,25900.0,0.0,6.6,01636500
2006-11-19,13800.0,0.0,5.4,01636500
2006-11-20,9400.0,0.0,4.5,01636500
2006-11-21,7240.0,0.0,3.3,01636500
2006-11-22,5910.0,3.5,4.0,01636500
2006-11-23,6850.0,15.4,4.3,01636500
2006-11-24,11900.0,0.0,8.2,01636500
2006-11-25,10700.0,0.0,7.2,01636500
2006-11-26,8220.0,0.0,8.0,01636500
2006-11-27,6720.0,0.0,9.1,01636500
2006-11-28,5750.0,0.0,10.0,01636500
2006-11-29,5090.0,0.0,11.6,01636500
2006-11-30,4600.0,0.4,14.9,01636500
2006-12-01,4220.0,1.0,18.5,01636500
2006-12-02,3940.0,0.0,5.9,01636500
2006-12-03,3640.0,0.0,3.7,01636500
2006-12-04,3420.0,0.0,1.2,01636500
2006-12-05,3160.0,0.0,0.1,01636500
2006-12-06,2970.0,0.0,1.5,01636500
2006-12-07,2810.0,0.0,3.4,01636500
2006-12-08,2690.0,0.0,-2.7,01636500
2006-12-09,2560.0,0.0,-1.7,01636500
2006-12-10,2460.0,0.0,2.3,01636500
2006-12-11,2360.0,0.0,5.5,01636500
2006-12-12,2290.0,0.0,6.4,01636500
2006-12-13,2250.0,2.4,8.4,01636500
2006-12-14,2170.0,0.0,8.3,01636500
2006-12-15,2190.0,0.0,9.2,01636500
2006-12-16,2110.0,0.0,7.3,01636500
2006-12-17,2120.0,0.0,8.1,01636500
2006-12-18,1980.0,0.0,12.1,01636500
2006-12-19,1930.0,0.0,7.0,01636500
2006-12-20,1890.0,0.0,3.5,01636500
2006-12-21,1820.0,0.0,5.4,01636500
2006-12-22,1840.0,7.8,7.3,01636500
2006-12-23,1940.0,8.6,10.8,01636500
2006-12-24,2130.0,0.0,7.1,01636500
2006-12-25,2930.0,10.3,3.8,01636500
2006-12-26,3730.0,1.5,7.8,01636500
2006-12-27,3710.0,0.0,4.4,01636500
2006-12-28,4000.0,0.0,3.5,01636500
2006-12-29,3760.0,0.0,4.5,01636500
2006-12-30,3430.0,0.0,5.2,01636500
2006-12-31,3150.0,0.1,4.7,01636500
2007-01-01,3010.0,22.4,9.2,01636500
2007-01-02,3090.0,0.0,6.5,01636500
2007-01-03,4230.0,0.0,4.0,01636500
2007-01-04,4280.0,0.0,5.6,01636500
2007-01-05,3920.0,6.0,13.0,01636500
2007-01-06,3730.0,3.2,16.6,01636500
2007-01-07,3900.0,1.9,9.9,01636500
2007-01-08,4490.0,12.7,8.4,01636500
2007-01-09,5050.0,0.1,2.9,01636500
2007-01-10,6960.0,0.0,0.7,01636500
2007-01-11,6220.0,0.0,-0.3,01636500
2007-01-12,5260.0,0.0,4.0,01636500
2007-01-13,4620.0,2.7,10.1,01636500
2007-01-14,4220.0,4.9,12.2,01636500
2007-01-15,3890.0,1.0,13.5,01636500
2007-01-16,3600.0,0.1,8.6,01636500
2007-01-17,3320.0,0.0,-0.9,01636500
2007-01-18,3060.0,0.0,-1.4,01636500
2007-01-19,2840.0,0.0,1.4,01636500
2007-01-20,2660.0,0.0,-0.4,01636500
2007-01-21,2550.0,4.7,-2.4,01636500
2007-01-22,2480.0,2.0,-0.8,01636500
2007-01-23,2440.0,0.0,0.7,01636500
2007-01-24,2380.0,0.3,0.8,01636500
2007-01-25,2380.0,0.4,-0.2,01636500
2007-01-26,2300.0,0.0,-5.1,01636500
2007-01-27,2180.0,0.0,1.5,01636500
2007-01-28,2110.0,0.0,2.6,01636500
2007-01-29,2080.0,0.0,-3.3,01636500
2007-01-30,1980.0,0.5,-2.1,01636500
2007-01-31,1940.0,0.0,-3.4,01636500
2007-02-01,1890.0,0.0,-1.0,01636500
2007-02-02,1860.0,0.9,0.6,01636500
2007-02-03,1840.0,0.0,-1.3,01636500
2007-02-04,1790.0,0.0,-3.3,01636500
2007-02-05,1740.0,0.0,-9.3,01636500
2007-02-06,1730.0,0.0,-9.6,01636500
2007-02-07,1630.0,2.5,-6.1,01636500
2007-02-08,1720.0,0.0,-7.2,01636500
2007-02-09,1650.0,0.0,-6.2,01636500
2007-02-10,1780.0,0.0,-4.5,01636500
2007-02-11,1810.0,0.0,-4.1,01636500
2007-02-12,1650.0,0.0,-0.8,01636500
2007-02-13,1760.0,6.8,-0.3,01636500
2007-02-14,2710.0,33.0,-2.6,01636500
2007-02-15,1880.0,0.0,-9.3,01636500
2007-02-16,1990.0,0.0,-10.3,01636500
2007-02-17,3390.0,0.0,-8.1,01636500
2007-02-18,2880.0,0.0,-3.7,01636500
2007-02-19,2460.0,0.0,-6.9,01636500
2007-02-20,2130.0,0.4,3.2,01636500
2007-02-21,2100.0,1.3,4.3,01636500
2007-02-22,4310.0,0.8,4.6,01636500
2007-02-23,7370.0,0.0,-0.3,01636500
2007-02-24,5430.0,0.0,-1.6,01636500
2007-02-25,4500.0,14.2,0.0,01636500
2007-02-26,4130.0,7.2,2.4,01636500
2007-02-27,4240.0,0.0,2.9,01636500
2007-02-28,5380.0,0.0,0.9,01636500
2007-03-01,6300.0,0.9,2.4,01636500
2007-03-02,8360.0,18.2,10.3,01636500
2007-03-03,18500.0,0.0,5.7,01636500
2007-03-04,16800.0,0.0,1.6,01636500
2007-03-05,10900.0,0.0,1.8,01636500
2007-03-06,8050.0,0.0,-3.1,01636500
2007-03-07,6530.0,4.8,-2.2,01636500
2007-03-08,5520.0,0.0,-1.5,01636500
2007-03-09,4890.0,0.0,0.8,01636500
2007-03-10,4430.0,3.4,6.2,01636500
2007-03-11,4150.0,4.4,7.8,01636500
2007-03-12,3930.0,0.0,5.9,01636500
2007-03-13,3700.0,0.0,11.0,01636500
2007-03-14,3510.0,1.7,15.2,01636500
2007-03-15,3450.0,2.6,12.3,01636500
2007-03-16,4300.0,40.7,1.8,01636500
2007-03-17,10900.0,1.9,-1.3,01636500
2007-03-18,14500.0,0.0,-0.8,01636500
2007-03-19,11000.0,2.0,1.4,01636500
2007-03-20,9010.0,0.0,8.9,01636500
2007-03-21,8000.0,0.0,4.4,01636500
2007-03-22,7350.0,1.2,11.3,01636500
2007-03-23,6700.0,6.0,15.4,01636500
2007-03-24,6150.0,4.6,11.9,01636500
2007-03-25,5590.0,1.8,12.0,01636500
2007-03-26,5050.0,0.0,11.1,01636500
2007-03-27,4610.0,0.0,18.7,01636500
2007-03-28,4280.0,0.1,16.8,01636500
2007-03-29,4000.0,0.0,10.3,01636500
2007-03-30,3730.0,0.0,9.4,01636500
2007-03-31,4860.0,0.0,11.1,01636500
2007-04-01,4630.0,1.3,11.7,01636500
2007-04-02,4200.0,3.0,15.9,01636500
2007-04-03,3940.0,0.0,17.1,01636500
2007-04-04,3680.0,3.0,12.9,01636500
2007-04-05,3390.0,0.0,4.7,01636500
2007-04-06,3130.0,0.0,3.2,01636500
2007-04-07,2970.0,0.7,2.5,01636500
2007-04-08,2830.0,0.0,1.7,01636500
2007-04-09,2720.0,0.0,3.0,01636500
2007-04-10,2600.0,0.0,4.7,01636500
2007-04-11,2510.0,0.0,5.3,01636500
2007-04-12,2480.0,12.8,9.5,01636500
2007-04-13,2650.0,0.0,8.3,01636500
2007-04-14,2910.0,2.7,6.9,01636500
2007-04-15,3870.0,49.1,7.3,01636500
2007-04-16,11900.0,1.9,5.7,01636500
2007-04-17,18200.0,0.5,7.4,01636500
2007-04-18,11600.0,0.0,7.7,01636500
2007-04-19,8330.0,0.5,9.5,01636500
2007-04-20,6640.0,0.0,12.3,01636500
2007-04-21,5560.0,0.0,14.0,01636500
2007-04-22,4840.0,0.0,16.5,01636500
2007-04-23,4320.0,0.0,19.2,01636500
2007-04-24,3930.0,0.2,20.1,01636500
2007-04-25,3630.0,1.9,17.1,01636500
2007-04-26,3390.0,3.5,12.8,01636500
2007-04-27,4080.0,7.3,14.0,01636500
2007-04-28,4390.0,1.5,15.1,01636500
2007-04-29,4130.0,0.0,15.2,01636500
2007-04-30,3740.0,0.0,18.4,01636500
2007-05-01,3430.0,0.0,18.3,01636500
2007-05-02,3240.0,0.0,20.5,01636500
2007-05-03,3050.0,0.0,15.8,01636500
2007-05-04,2870.0,0.0,14.8,01636500
2007-05-05,2990.0,0.7,14.7,01636500
2007-05-06,2870.0,0.0,13.1,01636500
2007-05-07,2690.0,0.0,12.7,01636500
2007-05-08,2550.0,0.0,15.2,01636500
2007-05-09,2440.0,0.2,19.5,01636500
2007-05-10,2310.0,0.0,21.9,01636500
2007-05-11,2240.0,0.0,22.9,01636500
2007-05-12,2150.0,1.4,21.5,01636500
2007-05-13,2290.0,4.1,16.6,01636500
2007-05-14,2230.0,0.0,15.7,01636500
2007-05-15,2140.0,0.0,21.1,01636500
2007-05-16,2090.0,8.9,22.0,01636500
2007-05-17,2010.0,0.0,16.1,01636500
2007-05-18,1930.0,7.1,12.8,01636500
2007-05-19,1970.0,1.4,14.3,01636500
2007-05-20,2090.0,0.2,18.4,01636500
2007-05-21,2090.0,0.0,18.5,01636500
2007-05-22,1930.0,0.0,18.9,01636500
2007-05-23,1780.0,0.0,20.3,01636500
2007-05-24,1670.0,0.0,21.2,01636500
2007-05-25,1630.0,0.0,23.3,01636500
2007-05-26,1580.0,0.0,25.5,01636500
2007-05-27,1510.0,0.2,25.1,01636500
2007-05-28,1550.0,0.0,24.2,01636500
2007-05-29,1550.0,0.0,23.9,01636500
2007-05-30,1550.0,0.0,24.8,01636500
2007-05-31,1530.0,2.0,25.6,01636500
2007-06-01,1450.0,5.1,25.0,01636500
2007-06-02,1380.0,3.4,24.5,01636500
2007-06-03,1360.0,13.8,21.2,01636500
2007-06-04,1690.0,6.3,21.4,01636500
2007-06-05,1740.0,0.4,22.2,01636500
2007-06-06,1760.0,0.2,19.6,01636500
2007-06-07,1890.0,0.0,21.5,01636500
2007-06-08,1720.0,0.0,26.7,01636500
2007-06-09,1530.0,0.0,25.9,01636500
2007-06-10,1460.0,0.0,22.5,01636500
2007-06-11,1470.0,0.0,23.2,01636500
2007-06-12,1390.0,0.0,23.9,01636500
2007-06-13,1350.0,2.8,22.9,01636500
2007-06-14,1340.0,3.6,18.0,01636500
2007-06-15,1420.0,0.0,17.8,01636500
2007-06-16,1360.0,0.0,20.1,01636500
2007-06-17,1340.0,0.0,24.0,01636500
2007-06-18,1290.0,0.0,27.4,01636500
2007-06-19,1250.0,1.8,28.0,01636500
2007-06-20,1220.0,1.3,24.7,01636500
2007-06-21,1250.0,0.0,23.5,01636500
2007-06-22,1320.0,0.0,23.1,01636500
2007-06-23,1310.0,0.0,21.3,01636500
2007-06-24,1180.0,0.0,22.8,01636500
2007-06-25,1100.0,4.6,24.9,01636500
2007-06-26,1050.0,1.0,26.1,01636500
2007-06-27,1030.0,0.4,28.4,01636500
2007-06-28,1000.0,5.1,26.1,01636500
2007-06-29,1070.0,4.3,23.4,01636500
2007-06-30,1240.0,2.5,23.6,01636500
2007-07-01,1190.0,0.0,22.5,01636500
2007-07-02,1110.0,0.0,20.8,01636500
2007-07-03,1150.0,0.0,21.3,01636500
2007-07-04,1090.0,1.3,23.5,01636500
2007-07-05,1060.0,28.5,22.2,01636500
2007-07-06,1010.0,0.3,24.3,01636500
2007-07-07,1020.0,0.0,25.0,01636500
2007-07-08,972.0,0.0,26.5,01636500
2007-07-09,911.0,0.0,28.4,01636500
2007-07-10,883.0,0.0,28.6,01636500
2007-07-11,841.0,2.0,26.3,01636500
2007-07-12,817.0,1.1,23.1,01636500
2007-07-13,840.0,0.0,23.5,01636500
2007-07-14,792.0,0.0,23.9,01636500
2007-07-15,771.0,0.0,26.4,01636500
2007-07-16,825.0,0.6,26.1,01636500
2007-07-17,873.0,0.0,26.4,01636500
2007-07-18,884.0,0.3,26.3,01636500
2007-07-19,795.0,3.4,26.5,01636500
2007-07-20,774.0,4.1,23.3,01636500
2007-07-21,801.0,0.0,22.0,01636500
2007-07-22,784.0,0.0,22.8,01636500
2007-07-23,743.0,0.2,21.8,01636500
2007-07-24,699.0,0.9,22.4,01636500
2007-07-25,671.0,3.5,22.2,01636500
2007-07-26,689.0,0.3,25.2,01636500
2007-07-27,703.0,4.0,25.2,01636500
2007-07-28,696.0,1.7,24.6,01636500
2007-07-29,756.0,11.4,24.1,01636500
2007-07-30,782.0,6.5,24.4,01636500
2007-07-31,719.0,0.0,25.7,01636500
2007-08-01,739.0,0.0,26.4,01636500
2007-08-02,703.0,0.0,27.6,01636500
2007-08-03,826.0,1.1,27.5,01636500
2007-08-04,722.0,0.0,27.9,01636500
2007-08-05,672.0,0.7,27.0,01636500
2007-08-06,669.0,10.6,26.0,01636500
2007-08-07,663.0,0.0,28.6,01636500
2007-08-08,636.0,0.0,30.4,01636500
2007-08-09,641.0,2.8,29.1,01636500
2007-08-10,698.0,0.4,27.4,01636500
2007-08-11,792.0,0.0,25.4,01636500
2007-08-12,880.0,0.0,25.5,01636500
2007-08-13,793.0,0.0,26.8,01636500
2007-08-14,743.0,0.0,24.9,01636500
2007-08-15,719.0,0.0,25.4,01636500
2007-08-16,661.0,0.3,27.5,01636500
2007-08-17,625.0,1.1,27.8,01636500
2007-08-18,601.0,0.0,23.8,01636500
2007-08-19,599.0,0.5,21.9,01636500
2007-08-20,795.0,11.4,18.2,01636500
2007-08-21,960.0,20.2,19.7,01636500
2007-08-22,929.0,1.9,18.8,01636500
2007-08-23,940.0,0.0,22.4,01636500
2007-08-24,1060.0,0.0,26.1,01636500
2007-08-25,1000.0,1.8,28.3,01636500
2007-08-26,973.0,5.1,25.8,01636500
2007-08-27,843.0,0.0,24.1,01636500
2007-08-28,861.0,0.0,24.1,01636500
2007-08-29,1350.0,0.0,24.9,01636500
2007-08-30,1170.0,0.0,25.1,01636500
2007-08-31,990.0,0.0,25.1,01636500
2007-09-01,831.0,0.0,22.4,01636500
2007-09-02,745.0,0.0,22.2,01636500
2007-09-03,708.0,0.0,23.9,01636500
2007-09-04,663.0,0.0,25.3,01636500
2007-09-05,743.0,0.0,26.0,01636500
2007-09-06,722.0,0.5,26.0,01636500
2007-09-07,661.0,0.0,27.4,01636500
2007-09-08,614.0,0.0,27.9,01636500
2007-09-09,597.0,0.0,26.5,01636500
2007-09-10,572.0,0.0,26.4,01636500
2007-09-11,648.0,19.3,23.1,01636500
2007-09-12,768.0,0.0,20.8,01636500
2007-09-13,763.0,0.0,19.8,01636500
2007-09-14,709.0,0.9,21.5,01636500
2007-09-15,769.0,12.3,18.3,01636500
2007-09-16,755.0,0.0,14.7,01636500
2007-09-17,685.0,0.0,15.1,01636500
2007-09-18,626.0,0.0,16.3,01636500
2007-09-19,680.0,0.0,17.8,01636500
2007-09-20,720.0,0.0,19.7,01636500
2007-09-21,662.0,0.0,21.3,01636500
2007-09-22,644.0,0.7,23.9,01636500
2007-09-23,619.0,0.0,23.8,01636500
2007-09-24,583.0,0.0,21.1,01636500
2007-09-25,545.0,0.0,23.0,01636500
2007-09-26,535.0,0.0,25.1,01636500
2007-09-27,567.0,2.3,24.7,01636500
2007-09-28,579.0,5.1,20.8,01636500
2007-09-29,719.0,0.0,18.5,01636500
2007-09-30,653.0,0.0,18.7,01636500
2007-10-01,596.0,0.0,18.3,01636500
2007-10-02,570.0,0.0,19.2,01636500
2007-10-03,582.0,0.0,21.5,01636500
2007-10-04,551.0,0.0,23.1,01636500
2007-10-05,561.0,0.0,23.2,01636500
2007-10-06,545.0,0.2,22.8,01636500
2007-10-07,542.0,0.1,24.2,01636500
2007-10-08,535.0,0.0,25.0,01636500
2007-10-09,521.0,0.0,25.7,01636500
2007-10-10,523.0,1.8,23.0,01636500
2007-10-11,515.0,0.0,15.8,01636500
2007-10-12,491.0,0.2,13.9,01636500
2007-10-13,497.0,0.0,13.4,01636500
2007-10-14,498.0,0.0,13.9,01636500
2007-10-15,485.0,0.0,15.4,01636500
2007-10-16,485.0,0.0,17.6,01636500
2007-10-17,490.0,0.0,19.5,01636500
2007-10-18,492.0,0.0,20.6,01636500
2007-10-19,516.0,5.1,21.0,01636500
2007-10-20,533.0,0.5,17.9,01636500
2007-10-21,555.0,0.0,17.0,01636500
2007-10-22,528.0,0.0,18.2,01636500
2007-10-23,526.0,1.0,20.9,01636500
2007-10-24,565.0,12.5,18.4,01636500
2007-10-25,662.0,14.7,11.8,01636500
2007-10-26,840.0,25.0,12.4,01636500
2007-10-27,1180.0,19.9,15.6,01636500
2007-10-28,1440.0,0.0,12.2,01636500
2007-10-29,1440.0,0.0,8.5,01636500
2007-10-30,1550.0,0.0,9.6,01636500
2007-10-31,1140.0,0.0,11.1,01636500
2007-11-01,894.0,0.0,12.5,01636500
2007-11-02,748.0,0.0,8.9,01636500
2007-11-03,698.0,0.0,9.0,01636500
2007-11-04,678.0,0.0,9.5,01636500
2007-11-05,634.0,0.0,8.6,01636500
2007-11-06,609.0,2.7,9.8,01636500
2007-11-07,607.0,0.0,6.5,01636500
2007-11-08,598.0,0.0,4.0,01636500
2007-11-09,590.0,1.3,4.7,01636500
2007-11-10,588.0,1.8,5.0,01636500
2007-11-11,586.0,0.0,5.1,01636500
2007-11-12,603.0,1.5,8.5,01636500
2007-11-13,601.0,2.3,12.4,01636500
2007-11-14,593.0,0.0,13.2,01636500
2007-11-15,696.0,19.1,11.1,01636500
2007-11-16,861.0,0.0,4.8,01636500
2007-11-17,858.0,0.0,3.8,01636500
2007-11-18,753.0,0.0,5.7,01636500
2007-11-19,709.0,0.7,4.8,01636500
2007-11-20,704.0,0.0,9.3,01636500
2007-11-21,662.0,0.0,14.8,01636500
2007-11-22,636.0,0.0,14.9,01636500
2007-11-23,617.0,0.0,4.5,01636500
2007-11-24,595.0,0.0,1.1,01636500
2007-11-25,585.0,0.0,3.8,01636500
2007-11-26,582.0,8.0,8.4,01636500
2007-11-27,578.0,2.9,10.5,01636500
2007-11-28,574.0,0.0,4.7,01636500
2007-11-29,566.0,0.0,6.0,01636500
2007-11-30,571.0,0.0,4.0,01636500
2007-12-01,573.0,0.0,2.1,01636500
2007-12-02,569.0,6.5,2.6,01636500
2007-12-03,591.0,12.0,5.7,01636500
2007-12-04,582.0,0.0,1.1,01636500
2007-12-05,573.0,4.4,-0.9,01636500
2007-12-06,566.0,0.9,-3.0,01636500
2007-12-07,576.0,0.3,-2.1,01636500
2007-12-08,592.0,4.5,2.6,01636500
2007-12-09,583.0,3.5,3.4,01636500
2007-12-10,620.0,1.4,6.2,01636500
2007-12-11,648.0,1.7,7.3,01636500
2007-12-12,664.0,0.1,11.1,01636500
2007-12-13,674.0,5.6,3.4,01636500
2007-12-14,631.0,0.0,5.0,01636500
2007-12-15,643.0,0.0,1.4,01636500
2007-12-16,850.0,21.7,2.3,01636500
2007-12-17,1740.0,0.0,0.2,01636500
2007-12-18,1750.0,0.0,0.0,01636500
2007-12-19,2090.0,0.4,1.2,01636500
2007-12-20,1660.0,0.0,2.5,01636500
2007-12-21,1440.0,0.0,2.2,01636500
2007-12-22,1260.0,0.0,4.8,01636500
2007-12-23,1160.0,9.9,8.3,01636500
2007-12-24,1040.0,0.4,5.0,01636500
2007-12-25,1140.0,0.0,3.5,01636500
2007-12-26,1090.0,0.9,1.9,01636500
2007-12-27,1100.0,0.0,2.6,01636500
2007-12-28,1230.0,1.0,4.2,01636500
2007-12-29,1320.0,15.4,7.7,01636500
2007-12-30,1260.0,2.3,3.0,01636500
2007-12-31,1230.0,3.6,3.9,01636500
2008-01-01,1280.0,0.0,4.2,01636500
2008-01-02,1320.0,0.0,-0.5,01636500
2008-01-03,1340.0,0.0,-3.9,01636500
2008-01-04,1200.0,0.0,-2.4,01636500
2008-01-05,1120.0,0.0,0.6,01636500
2008-01-06,1130.0,0.3,5.5,01636500
2008-01-07,1040.0,0.0,11.2,01636500
2008-01-08,1060.0,0.0,12.6,01636500
2008-01-09,1040.0,2.1,13.6,01636500
2008-01-10,987.0,0.2,6.4,01636500
2008-01-11,954.0,13.7,9.1,01636500
2008-01-12,941.0,0.0,6.4,01636500
2008-01-13,956.0,0.4,3.4,01636500
2008-01-14,962.0,0.3,2.6,01636500
2008-01-15,978.0,0.0,0.0,01636500
2008-01-16,977.0,0.0,-0.1,01636500
2008-01-17,967.0,8.0,0.1,01636500
2008-01-18,986.0,1.8,1.1,01636500
2008-01-19,985.0,0.0,-1.1,01636500
2008-01-20,981.0,0.0,-5.1,01636500
2008-01-21,947.0,0.0,-8.7,01636500
2008-01-22,851.0,0.0,-2.3,01636500
2008-01-23,875.0,0.0,1.1,01636500
2008-01-24,964.0,0.0,-0.7,01636500
2008-01-25,795.0,0.0,-3.4,01636500
2008-01-26,832.0,0.0,-1.6,01636500
2008-01-27,850.0,0.0,0.2,01636500
2008-01-28,852.0,0.0,1.3,01636500
2008-01-29,824.0,1.3,2.5,01636500
2008-01-30,850.0,3.8,4.1,01636500
2008-01-31,860.0,0.0,0.1,01636500
2008-02-01,929.0,23.1,0.8,01636500
2008-02-02,1070.0,0.0,2.5,01636500
2008-02-03,1500.0,0.0,3.6,01636500
2008-02-04,2260.0,0.4,4.9,01636500
2008-02-05,3410.0,1.9,8.0,01636500
2008-02-06,2940.0,1.7,15.0,01636500
2008-02-07,2650.0,1.8,9.3,01636500
2008-02-08,2440.0,0.0,3.9,01636500
2008-02-09,2260.0,1.7,5.0,01636500
2008-02-10,2120.0,0.0,4.0,01636500
2008-02-11,1860.0,0.0,-6.4,01636500
2008-02-12,1750.0,2.8,-3.4,01636500
2008-02-13,1720.0,18.1,0.1,01636500
2008-02-14,1970.0,0.6,-0.8,01636500
2008-02-15,2290.0,0.0,2.6,01636500
2008-02-16,2610.0,0.0,1.5,01636500
2008-02-17,2480.0,1.1,2.5,01636500
2008-02-18,2280.0,3.7,11.1,01636500
2008-02-19,2080.0,0.1,2.5,01636500
2008-02-20,1930.0,2.0,-1.0,01636500
2008-02-21,1840.0,0.8,-3.6,01636500
2008-02-22,1750.0,4.9,-1.6,01636500
2008-02-23,1630.0,0.0,1.1,01636500
2008-02-24,1550.0,0.0,0.3,01636500
2008-02-25,1490.0,0.5,3.0,01636500
2008-02-26,1420.0,6.9,4.0,01636500
2008-02-27,1330.0,0.0,2.0,01636500
2008-02-28,1260.0,0.0,-3.2,01636500
2008-02-29,1150.0,0.0,-0.4,01636500
2008-03-01,1120.0,1.1,3.4,01636500
2008-03-02,1070.0,0.0,2.1,01636500
2008-03-03,988.0,0.0,8.0,01636500
2008-03-04,960.0,5.0,13.9,01636500
2008-03-05,1600.0,25.0,10.8,01636500
2008-03-06,2620.0,0.0,5.2,01636500
2008-03-07,2890.0,9.7,4.7,01636500
2008-03-08,3940.0,8.8,5.7,01636500
2008-03-09,4060.0,0.0,0.5,01636500
2008-03-10,3910.0,0.0,3.3,01636500
2008-03-11,3930.0,0.0,5.4,01636500
2008-03-12,3630.0,0.0,6.1,01636500
2008-03-13,3180.0,0.0,6.4,01636500
2008-03-14,2800.0,0.6,10.7,01636500
2008-03-15,2460.0,2.8,10.4,01636500
2008-03-16,2220.0,3.9,7.1,01636500
2008-03-17,2110.0,0.0,4.1,01636500
2008-03-18,2040.0,3.4,6.3,01636500
2008-03-19,2130.0,12.3,10.7,01636500
2008-03-20,2110.0,6.5,9.2,01636500
2008-03-21,2320.0,0.0,5.6,01636500
2008-03-22,2680.0,0.0,5.1,01636500
2008-03-23,2980.0,0.0,3.8,01636500
2008-03-24,2740.0,0.2,4.7,01636500
2008-03-25,2430.0,0.0,4.2,01636500
2008-03-26,2130.0,0.0,10.5,01636500
2008-03-27,2030.0,9.3,8.9,01636500
2008-03-28,1820.0,4.0,11.6,01636500
2008-03-29,1720.0,0.0,5.8,01636500
2008-03-30,1580.0,0.0,4.9,01636500
2008-03-31,1500.0,0.0,7.0,01636500
2008-04-01,1340.0,3.2,14.6,01636500
2008-04-02,1330.0,0.0,9.5,01636500
2008-04-03,1310.0,4.1,5.6,01636500
2008-04-04,1390.0,14.0,7.6,01636500
2008-04-05,1580.0,1.6,12.2,01636500
2008-04-06,1630.0,14.0,8.2,01636500
2008-04-07,1860.0,0.0,7.3,01636500
2008-04-08,1880.0,0.0,9.2,01636500
2008-04-09,2110.0,0.0,12.1,01636500
2008-04-10,2390.0,0.0,15.4,01636500
2008-04-11,2470.0,0.3,18.2,01636500
2008-04-12,2500.0,0.0,19.3,01636500
2008-04-13,2770.0,0.5,11.4,01636500
2008-04-14,2600.0,0.6,7.7,01636500
2008-04-15,2490.0,0.0,8.3,01636500
2008-04-16,2190.0,0.0,10.4,01636500
2008-04-17,2010.0,0.0,13.9,01636500
2008-04-18,1840.0,0.0,17.6,01636500
2008-04-19,1710.0,0.0,18.9,01636500
2008-04-20,1800.0,23.6,15.1,01636500
2008-04-21,6320.0,9.6,14.7,01636500
2008-04-22,7550.0,0.6,15.8,01636500
2008-04-23,7660.0,0.0,16.4,01636500
2008-04-24,6530.0,0.0,17.6,01636500
2008-04-25,5710.0,0.0,18.4,01636500
2008-04-26,4880.0,2.5,20.0,01636500
2008-04-27,4930.0,14.0,15.7,01636500
2008-04-28,4900.0,19.7,12.0,01636500
2008-04-29,6030.0,0.5,11.3,01636500
2008-04-30,8460.0,0.1,9.6,01636500
2008-05-01,8070.0,1.8,11.3,01636500
2008-05-02,6260.0,0.0,17.1,01636500
2008-05-03,5110.0,0.4,19.9,01636500
2008-05-04,4280.0,0.6,17.2,01636500
2008-05-05,3620.0,0.0,14.7,01636500
2008-05-06,3090.0,0.0,16.6,01636500
2008-05-07,2700.0,0.0,18.4,01636500
2008-05-08,2380.0,0.5,20.4,01636500
2008-05-09,2300.0,28.4,15.5,01636500
2008-05-10,2520.0,13.6,12.7,01636500
2008-05-11,4550.0,8.0,12.3,01636500
2008-05-12,12100.0,54.3,7.7,01636500
2008-05-13,14600.0,0.1,12.9,01636500
2008-05-14,11600.0,0.0,16.4,01636500
2008-05-15,8580.0,0.6,18.5,01636500
2008-05-16,7360.0,19.6,15.2,01636500
2008-05-17,8000.0,0.0,15.0,01636500
2008-05-18,6600.0,4.1,16.5,01636500
2008-05-19,5400.0,0.0,13.0,01636500
2008-05-20,4790.0,11.0,11.2,01636500
2008-05-21,5690.0,0.1,13.0,01636500
2008-05-22,5520.0,0.4,12.8,01636500
2008-05-23,4750.0,0.0,13.3,01636500
2008-05-24,4050.0,0.0,15.3,01636500
2008-05-25,3510.0,0.0,16.4,01636500
2008-05-26,3080.0,0.0,19.7,01636500
2008-05-27,2730.0,5.6,22.6,01636500
2008-05-28,2450.0,0.6,17.3,01636500
2008-05-29,2200.0,0.0,17.1,01636500
2008-05-30,2080.0,0.0,19.5,01636500
2008-05-31,1980.0,1.6,22.7,01636500
2008-06-01,1880.0,0.1,22.6,01636500
2008-06-02,1740.0,0.0,19.7,01636500
2008-06-03,1600.0,2.0,21.0,01636500
2008-06-04,1630.0,39.1,22.4,01636500
2008-06-05,1820.0,7.9,23.6,01636500
2008-06-06,2160.0,0.0,25.3,01636500
2008-06-07,2410.0,0.0,27.5,01636500
2008-06-08,2000.0,0.0,28.0,01636500
2008-06-09,1680.0,0.0,28.4,01636500
2008-06-10,1580.0,1.1,28.0,01636500
2008-06-11,1480.0,0.0,24.9,01636500
2008-06-12,1350.0,0.0,24.7,01636500
2008-06-13,1200.0,0.0,25.6,01636500
2008-06-14,1190.0,11.5,24.7,01636500
2008-06-15,1360.0,5.0,23.2,01636500
2008-06-16,1450.0,2.0,23.2,01636500
2008-06-17,1590.0,1.5,20.1,01636500
2008-06-18,1520.0,0.0,18.5,01636500
2008-06-19,1440.0,0.2,17.6,01636500
2008-06-20,1410.0,0.0,20.2,01636500
2008-06-21,1260.0,0.0,22.1,01636500
2008-06-22,1140.0,2.7,22.9,01636500
2008-06-23,1090.0,0.3,22.8,01636500
2008-06-24,1160.0,0.0,21.6,01636500
2008-06-25,1880.0,0.0,23.0,01636500
2008-06-26,1390.0,0.0,25.3,01636500
2008-06-27,1220.0,1.1,26.5,01636500
2008-06-28,1060.0,0.0,26.6,01636500
2008-06-29,1040.0,0.9,25.7,01636500
2008-06-30,1030.0,2.4,23.7,01636500
2008-07-01,1040.0,2.2,21.0,01636500
2008-07-02,991.0,0.0,22.7,01636500
2008-07-03,967.0,0.0,24.4,01636500
2008-07-04,965.0,7.8,23.4,01636500
2008-07-05,965.0,23.5,21.6,01636500
2008-07-06,1000.0,12.9,22.1,01636500
2008-07-07,1020.0,3.7,23.4,01636500
2008-07-08,1040.0,0.0,24.9,01636500
2008-07-09,1470.0,12.5,24.3,01636500
2008-07-10,1410.0,0.0,24.4,01636500
2008-07-11,1260.0,0.0,23.8,01636500
2008-07-12,1080.0,0.1,25.8,01636500
2008-07-13,1010.0,5.4,25.9,01636500
2008-07-14,1090.0,26.0,24.1,01636500
2008-07-15,1150.0,0.0,23.3,01636500
2008-07-16,1130.0,0.0,24.4,01636500
2008-07-17,1050.0,0.0,25.8,01636500
2008-07-18,987.0,0.0,27.3,01636500
2008-07-19,866.0,0.0,27.0,01636500
2008-07-20,804.0,0.0,28.1,01636500
2008-07-21,768.0,0.4,27.9,01636500
2008-07-22,769.0,0.0,27.7,01636500
2008-07-23,830.0,17.6,23.9,01636500
2008-07-24,979.0,0.0,22.8,01636500
2008-07-25,1050.0,0.0,22.9,01636500
2008-07-26,1160.0,0.0,24.7,01636500
2008-07-27,1040.0,1.5,25.0,01636500
2008-07-28,948.0,0.0,24.3,01636500
2008-07-29,778.0,0.0,25.6,01636500
2008-07-30,750.0,0.2,26.8,01636500
2008-07-31,705.0,0.0,26.4,01636500
2008-08-01,676.0,0.0,26.6,01636500
2008-08-02,686.0,13.7,25.7,01636500
2008-08-03,741.0,0.0,24.2,01636500
2008-08-04,725.0,0.0,24.4,01636500
2008-08-05,701.0,1.1,24.4,01636500
2008-08-06,679.0,0.0,25.9,01636500
2008-08-07,665.0,0.2,25.3,01636500
2008-08-08,631.0,0.0,23.0,01636500
2008-08-09,592.0,0.0,21.9,01636500
2008-08-10,562.0,1.8,22.3,01636500
2008-08-11,523.0,0.0,20.4,01636500
2008-08-12,525.0,0.0,21.6,01636500
2008-08-13,519.0,0.2,22.7,01636500
2008-08-14,545.0,4.0,22.7,01636500
2008-08-15,556.0,0.0,21.7,01636500
2008-08-16,564.0,0.0,22.2,01636500
2008-08-17,565.0,0.0,23.2,01636500
2008-08-18,567.0,0.0,24.6,01636500
2008-08-19,576.0,0.0,25.5,01636500
2008-08-20,587.0,0.0,22.7,01636500
2008-08-21,556.0,0.0,23.1,01636500
2008-08-22,518.0,0.0,23.4,01636500
2008-08-23,483.0,0.0,23.3,01636500
2008-08-24,458.0,0.0,25.2,01636500
2008-08-25,435.0,0.2,25.4,01636500
2008-08-26,406.0,0.0,23.0,01636500
2008-08-27,406.0,0.0,22.0,01636500
2008-08-28,610.0,19.5,19.5,01636500
2008-08-29,780.0,4.6,19.8,01636500
2008-08-30,1630.0,0.0,22.6,01636500
2008-08-31,1150.0,0.0,24.1,01636500
2008-09-01,900.0,0.0,22.5,01636500
2008-09-02,820.0,0.0,23.2,01636500
2008-09-03,780.0,0.0,24.9,01636500
2008-09-04,620.0,0.0,26.2,01636500
2008-09-05,629.0,0.0,26.3,01636500
2008-09-06,695.0,105.6,22.5,01636500
2008-09-07,755.0,0.0,22.2,01636500
2008-09-08,708.0,0.0,22.9,01636500
2008-09-09,679.0,18.0,22.1,01636500
2008-09-10,660.0,0.0,19.8,01636500
2008-09-11,676.0,0.0,20.3,01636500
2008-09-12,626.0,2.6,21.4,01636500
2008-09-13,600.0,2.5,23.2,01636500
2008-09-14,594.0,0.0,26.2,01636500
2008-09-15,596.0,0.0,24.9,01636500
2008-09-16,582.0,0.0,19.6,01636500
2008-09-17,534.0,0.0,18.6,01636500
2008-09-18,522.0,0.1,19.3,01636500
2008-09-19,498.0,0.1,17.5,01636500
2008-09-20,488.0,0.0,16.6,01636500
2008-09-21,477.0,0.0,18.2,01636500
2008-09-22,469.0,0.3,19.1,01636500
2008-09-23,468.0,0.0,18.6,01636500
2008-09-24,459.0,0.0,17.5,01636500
2008-09-25,453.0,2.0,16.2,01636500
2008-09-26,488.0,23.2,14.7,01636500
2008-09-27,622.0,6.0,19.5,01636500
2008-09-28,1130.0,7.2,20.1,01636500
2008-09-29,989.0,0.0,19.9,01636500
2008-09-30,1450.0,2.0,18.4,01636500
2008-10-01,1470.0,0.7,15.8,01636500
2008-10-02,1100.0,0.0,13.4,01636500
2008-10-03,905.0,0.0,14.2,01636500
2008-10-04,790.0,0.0,15.7,01636500
2008-10-05,743.0,0.0,16.4,01636500
2008-10-06,700.0,0.0,14.6,01636500
2008-10-07,660.0,0.0,12.4,01636500
2008-10-08,647.0,0.0,13.9,01636500
2008-10-09,630.0,1.7,18.9,01636500
2008-10-10,604.0,0.0,18.3,01636500
2008-10-11,596.0,0.0,16.6,01636500
2008-10-12,558.0,0.0,16.9,01636500
2008-10-13,566.0,0.0,17.7,01636500
2008-10-14,546.0,0.0,19.1,01636500
2008-10-15,555.0,0.0,21.1,01636500
2008-10-16,560.0,0.6,20.6,01636500
2008-10-17,538.0,0.0,14.9,01636500
2008-10-18,530.0,0.0,11.2,01636500
2008-10-19,526.0,0.0,9.4,01636500
2008-10-20,514.0,0.0,9.7,01636500
2008-10-21,505.0,0.0,10.4,01636500
2008-10-22,510.0,0.0,9.0,01636500
2008-10-23,510.0,0.0,7.1,01636500
2008-10-24,502.0,0.0,9.3,01636500
2008-10-25,573.0,15.7,13.2,01636500
2008-10-26,781.0,0.0,11.0,01636500
2008-10-27,819.0,0.5,9.4,01636500
2008-10-28,742.0,2.7,6.4,01636500
2008-10-29,823.0,0.6,6.0,01636500
2008-10-30,848.0,0.0,5.7,01636500
2008-10-31,735.0,0.0,8.6,01636500
2008-11-01,659.0,0.0,12.8,01636500
2008-11-02,641.0,0.0,12.8,01636500
2008-11-03,625.0,0.0,11.4,01636500
2008-11-04,582.0,1.1,12.2,01636500
2008-11-05,598.0,0.7,13.5,01636500
2008-11-06,611.0,2.3,15.3,01636500
2008-11-07,587.0,0.2,16.9,01636500
2008-11-08,593.0,3.0,14.4,01636500
2008-11-09,578.0,0.0,10.0,01636500
2008-11-10,574.0,0.0,6.6,01636500
2008-11-11,554.0,0.0,4.1,01636500
2008-11-12,564.0,0.0,7.0,01636500
2008-11-13,588.0,15.5,7.8,01636500
2008-11-14,623.0,0.0,10.1,01636500
2008-11-15,755.0,21.9,13.6,01636500
2008-11-16,828.0,0.0,7.1,01636500
2008-11-17,892.0,0.6,3.5,01636500
2008-11-18,977.0,0.1,1.0,01636500
2008-11-19,971.0,0.0,-0.0,01636500
2008-11-20,925.0,0.0,2.4,01636500
2008-11-21,817.0,0.0,0.8,01636500
2008-11-22,768.0,0.0,-1.3,01636500
2008-11-23,716.0,0.0,-0.4,01636500
2008-11-24,668.0,1.5,1.1,01636500
2008-11-25,697.0,6.7,4.1,01636500
2008-11-26,692.0,0.0,3.0,01636500
2008-11-27,672.0,0.0,2.5,01636500
2008-11-28,632.0,0.0,3.9,01636500
2008-11-29,637.0,0.0,3.0,01636500
2008-11-30,690.0,14.6,2.6,01636500
2008-12-01,692.0,3.3,5.0,01636500
2008-12-02,705.0,0.0,2.6,01636500
2008-12-03,707.0,0.0,1.6,01636500
2008-12-04,713.0,0.3,5.5,01636500
2008-12-05,736.0,0.5,1.8,01636500
2008-12-06,744.0,0.2,-1.5,01636500
2008-12-07,718.0,0.0,-1.5,01636500
2008-12-08,672.0,0.0,-3.4,01636500
2008-12-09,643.0,0.0,2.5,01636500
2008-12-10,675.0,16.6,12.2,01636500
2008-12-11,794.0,24.3,4.4,01636500
2008-12-12,2540.0,26.6,2.9,01636500
2008-12-13,3170.0,0.0,-0.1,01636500
2008-12-14,4090.0,0.0,1.3,01636500
2008-12-15,3290.0,0.0,10.3,01636500
2008-12-16,2590.0,14.8,4.6,01636500
2008-12-17,2290.0,8.1,3.8,01636500
2008-12-18,2470.0,0.0,3.2,01636500
2008-12-19,2770.0,12.1,4.2,01636500
2008-12-20,2890.0,0.2,3.0,01636500
2008-12-21,2730.0,1.2,1.1,01636500
2008-12-22,2450.0,0.0,-5.9,01636500
2008-12-23,2170.0,0.0,-4.8,01636500
2008-12-24,1940.0,9.0,3.7,01636500
2008-12-25,1810.0,1.5,6.5,01636500
2008-12-26,1630.0,0.0,0.5,01636500
2008-12-27,1570.0,0.0,5.5,01636500
2008-12-28,1500.0,1.6,13.2,01636500
2008-12-29,1350.0,0.0,5.2,01636500
2008-12-30,1340.0,0.0,5.4,01636500
2008-12-31,1260.0,0.0,1.7,01636500
2009-01-01,1200.0,0.0,-2.6,01636500
2009-01-02,1160.0,0.0,0.3,01636500
2009-01-03,1100.0,0.0,1.9,01636500
2009-01-04,1090.0,0.0,1.2,01636500
2009-01-05,1070.0,0.0,4.6,01636500
2009-01-06,1060.0,3.2,1.3,01636500
2009-01-07,1230.0,33.3,1.2,01636500
2009-01-08,2170.0,0.0,1.5,01636500
2009-01-09,3510.0,0.0,-0.8,01636500
2009-01-10,4280.0,4.6,0.2,01636500
2009-01-11,3750.0,5.5,1.1,01636500
2009-01-12,3050.0,0.0,-0.7,01636500
2009-01-13,2640.0,0.0,0.3,01636500
2009-01-14,2300.0,0.0,-2.5,01636500
2009-01-15,2010.0,0.0,-4.3,01636500
2009-01-16,1820.0,0.0,-10.5,01636500
2009-01-17,1640.0,0.0,-9.5,01636500
2009-01-18,1550.0,0.0,-1.6,01636500
2009-01-19,1490.0,0.5,-1.4,01636500
2009-01-20,1440.0,0.0,-4.7,01636500
2009-01-21,1410.0,0.0,-5.5,01636500
2009-01-22,1390.0,0.0,-1.8,01636500
2009-01-23,1370.0,0.0,2.1,01636500
2009-01-24,1350.0,0.0,1.5,01636500
2009-01-25,1340.0,0.0,-2.8,01636500
2009-01-26,1320.0,0.0,-2.7,01636500
2009-01-27,1300.0,5.8,-1.7,01636500
2009-01-28,1290.0,15.7,-0.2,01636500
2009-01-29,1280.0,0.0,-1.6,01636500
2009-01-30,1270.0,0.0,-2.0,01636500
2009-01-31,1270.0,0.0,-5.4,01636500
2009-02-01,1250.0,0.0,-0.1,01636500
2009-02-02,1100.0,0.5,2.6,01636500
2009-02-03,1120.0,1.3,0.8,01636500
2009-02-04,1100.0,0.1,-2.4,01636500
2009-02-05,1070.0,0.0,-7.2,01636500
2009-02-06,1020.0,0.0,-3.1,01636500
2009-02-07,980.0,0.0,3.2,01636500
2009-02-08,960.0,0.0,8.8,01636500
2009-02-09,1010.0,0.0,3.5,01636500
2009-02-10,1080.0,0.1,6.1,01636500
2009-02-11,1120.0,0.0,10.7,01636500
2009-02-12,1140.0,0.6,10.8,01636500
2009-02-13,1170.0,0.0,5.3,01636500
2009-02-14,1150.0,0.2,2.5,01636500
2009-02-15,1180.0,0.6,1.5,01636500
2009-02-16,1170.0,0.0,0.6,01636500
2009-02-17,1150.0,0.0,0.1,01636500
2009-02-18,1150.0,5.5,1.1,01636500
2009-02-19,1140.0,1.0,4.0,01636500
2009-02-20,1140.0,0.0,-1.8,01636500
2009-02-21,1120.0,0.0,-0.1,01636500
2009-02-22,1110.0,0.7,1.8,01636500
2009-02-23,1100.0,0.0,-1.3,01636500
2009-02-24,1060.0,0.0,-2.2,01636500
2009-02-25,1020.0,0.0,1.5,01636500
2009-02-26,1010.0,0.0,4.2,01636500
2009-02-27,961.0,0.8,9.9,01636500
2009-02-28,977.0,0.2,4.9,01636500
2009-03-01,991.0,3.4,1.6,01636500
2009-03-02,986.0,5.2,-2.1,01636500
2009-03-03,955.0,0.0,-6.4,01636500
2009-03-04,909.0,0.0,-1.7,01636500
2009-03-05,885.0,0.0,1.6,01636500
2009-03-06,886.0,0.3,8.6,01636500
2009-03-07,870.0,0.0,13.8,01636500
2009-03-08,889.0,0.0,15.8,01636500
2009-03-09,870.0,0.0,13.1,01636500
2009-03-10,850.0,0.0,6.4,01636500
2009-03-11,860.0,0.0,11.4,01636500
2009-03-12,862.0,0.0,5.3,01636500
2009-03-13,824.0,0.0,3.7,01636500
2009-03-14,799.0,1.9,3.8,01636500
2009-03-15,825.0,3.0,4.2,01636500
2009-03-16,850.0,1.5,5.8,01636500
2009-03-17,898.0,1.7,7.3,01636500
2009-03-18,961.0,0.0,10.0,01636500
2009-03-19,1080.0,2.3,10.7,01636500
2009-03-20,1170.0,0.0,5.5,01636500
2009-03-21,1310.0,0.0,3.2,01636500
2009-03-22,1280.0,0.0,6.2,01636500
2009-03-23,1260.0,0.0,5.5,01636500
2009-03-24,1230.0,0.0,3.1,01636500
2009-03-25,1160.0,0.0,4.5,01636500
2009-03-26,1160.0,8.9,5.9,01636500
2009-03-27,1160.0,0.1,10.2,01636500
2009-03-28,1280.0,12.8,10.0,01636500
2009-03-29,1840.0,8.4,11.7,01636500
2009-03-30,1930.0,0.0,8.4,01636500
2009-03-31,2270.0,0.0,7.5,01636500
2009-04-01,2300.0,7.1,9.1,01636500
2009-04-02,2230.0,0.3,9.9,01636500
2009-04-03,2330.0,12.5,14.3,01636500
2009-04-04,2800.0,0.0,10.8,01636500
2009-04-05,6640.0,0.0,11.2,01636500
2009-04-06,6890.0,7.9,13.5,01636500
2009-04-07,5050.0,0.1,5.1,01636500
2009-04-08,3990.0,0.0,5.8,01636500
2009-04-09,3190.0,0.0,8.3,01636500
2009-04-10,2580.0,0.0,11.2,01636500
2009-04-11,2300.0,21.5,10.2,01636500
2009-04-12,2170.0,0.0,7.2,01636500
2009-04-13,1930.0,0.0,6.5,01636500
2009-04-14,1730.0,8.1,7.5,01636500
2009-04-15,1650.0,10.1,6.6,01636500
2009-04-16,1690.0,1.3,8.5,01636500
2009-04-17,1800.0,0.0,11.7,01636500
2009-04-18,2230.0,0.0,15.0,01636500
2009-04-19,2190.0,0.0,15.2,01636500
2009-04-20,2110.0,29.4,10.6,01636500
2009-04-21,2900.0,6.0,12.9,01636500
2009-04-22,5010.0,0.4,9.6,01636500
2009-04-23,6390.0,1.1,9.8,01636500
2009-04-24,5270.0,0.0,13.2,01636500
2009-04-25,4360.0,0.1,20.5,01636500
2009-04-26,3700.0,0.0,22.6,01636500
2009-04-27,3120.0,0.0,23.3,01636500
2009-04-28,2680.0,0.0,23.4,01636500
2009-04-29,2360.0,3.3,15.5,01636500
2009-04-30,2220.0,0.0,12.6,01636500
2009-05-01,2290.0,11.5,17.3,01636500
2009-05-02,2690.0,0.5,17.2,01636500
2009-05-03,2840.0,10.2,13.4,01636500
2009-05-04,3830.0,31.6,11.4,01636500
2009-05-05,10900.0,5.5,12.6,01636500
2009-05-06,15000.0,3.3,14.3,01636500
2009-05-07,12100.0,31.2,18.1,01636500
2009-05-08,13300.0,0.2,18.4,01636500
2009-05-09,10600.0,1.4,21.8,01636500
2009-05-10,7950.0,0.0,17.3,01636500
2009-05-11,6330.0,0.4,14.0,01636500
2009-05-12,5240.0,0.7,13.1,01636500
2009-05-13,4470.0,0.0,14.4,01636500
2009-05-14,3850.0,4.8,17.5,01636500
2009-05-15,3380.0,6.5,19.3,01636500
2009-05-16,3050.0,3.2,21.3,01636500
2009-05-17,3120.0,9.4,16.4,01636500
2009-05-18,5720.0,0.0,12.4,01636500
2009-05-19,5350.0,0.0,13.1,01636500
2009-05-20,4480.0,0.0,16.1,01636500
2009-05-21,3610.0,0.0,18.0,01636500
2009-05-22,3050.0,0.0,20.8,01636500
2009-05-23,2610.0,0.0,22.9,01636500
2009-05-24,2300.0,0.0,22.9,01636500
2009-05-25,2160.0,9.7,22.0,01636500
2009-05-26,2630.0,20.2,17.1,01636500
2009-05-27,3140.0,0.1,15.7,01636500
2009-05-28,3530.0,6.2,20.2,01636500
2009-05-29,4010.0,1.4,21.4,01636500
2009-05-30,3740.0,0.0,19.2,01636500
2009-05-31,4140.0,0.4,19.4,01636500
2009-06-01,3810.0,0.0,17.1,01636500
2009-06-02,3320.0,0.0,22.3,01636500
2009-06-03,2830.0,5.1,22.1,01636500
2009-06-04,2940.0,13.5,16.0,01636500
2009-06-05,4220.0,35.3,14.4,01636500
2009-06-06,6100.0,0.3,18.1,01636500
2009-06-07,5840.0,0.0,20.9,01636500
2009-06-08,5180.0,0.0,23.3,01636500
2009-06-09,4190.0,2.7,24.5,01636500
2009-06-10,3960.0,6.3,22.8,01636500
2009-06-11,5520.0,8.2,21.9,01636500
2009-06-12,5130.0,11.0,22.7,01636500
2009-06-13,3980.0,0.2,22.5,01636500
2009-06-14,3460.0,0.0,21.5,01636500
2009-06-15,3400.0,0.0,21.7,01636500
2009-06-16,2990.0,3.6,21.0,01636500
2009-06-17,2670.0,5.8,17.9,01636500
2009-06-18,3100.0,7.6,21.7,01636500
2009-06-19,3620.0,0.0,21.8,01636500
2009-06-20,3410.0,5.6,23.9,01636500
2009-06-21,3740.0,1.0,22.9,01636500
2009-06-22,3460.0,0.0,22.8,01636500
2009-06-23,2910.0,0.0,22.5,01636500
2009-06-24,2380.0,0.0,23.6,01636500
2009-06-25,2070.0,0.0,25.3,01636500
2009-06-26,1780.0,10.9,23.7,01636500
2009-06-27,1680.0,0.0,22.9,01636500
2009-06-28,1500.0,0.7,22.0,01636500
2009-06-29,1430.0,0.2,23.2,01636500
2009-06-30,1350.0,0.0,22.8,01636500
2009-07-01,1280.0,0.0,22.9,01636500
2009-07-02,1260.0,2.3,21.1,01636500
2009-07-03,1260.0,0.0,20.5,01636500
2009-07-04,1130.0,0.0,21.9,01636500
2009-07-05,1110.0,0.0,20.8,01636500
2009-07-06,1060.0,0.0,21.6,01636500
2009-07-07,1030.0,0.0,23.5,01636500
2009-07-08,982.0,0.0,22.0,01636500
2009-07-09,966.0,0.0,21.3,01636500
2009-07-10,947.0,0.0,21.9,01636500
2009-07-11,902.0,0.0,23.7,01636500
2009-07-12,923.0,1.7,24.6,01636500
2009-07-13,876.0,0.0,24.0,01636500
2009-07-14,825.0,0.0,22.7,01636500
2009-07-15,788.0,0.0,23.8,01636500
2009-07-16,775.0,0.0,27.3,01636500
2009-07-17,754.0,16.3,24.9,01636500
2009-07-18,811.0,0.0,21.4,01636500
2009-07-19,767.0,0.0,21.3,01636500
2009-07-20,746.0,2.5,21.9,01636500
2009-07-21,740.0,0.4,22.0,01636500
2009-07-22,764.0,0.2,23.5,01636500
2009-07-23,770.0,1.1,24.4,01636500
2009-07-24,814.0,0.4,23.3,01636500
2009-07-25,819.0,0.0,24.8,01636500
2009-07-26,806.0,7.2,24.8,01636500
2009-07-27,809.0,0.2,24.3,01636500
2009-07-28,791.0,0.0,25.4,01636500
2009-07-29,770.0,10.1,24.4,01636500
2009-07-30,767.0,1.1,24.0,01636500
2009-07-31,771.0,13.5,24.3,01636500
2009-08-01,772.0,0.1,24.2,01636500
2009-08-02,826.0,9.1,23.8,01636500
2009-08-03,853.0,0.0,24.1,01636500
2009-08-04,774.0,0.0,25.1,01636500
2009-08-05,758.0,0.2,24.7,01636500
2009-08-06,738.0,3.4,23.0,01636500
2009-08-07,850.0,0.0,22.6,01636500
2009-08-08,817.0,0.0,23.5,01636500
2009-08-09,761.0,0.0,27.1,01636500
2009-08-10,724.0,0.1,28.9,01636500
2009-08-11,715.0,1.9,27.5,01636500
2009-08-12,644.0,1.9,25.2,01636500
2009-08-13,614.0,5.7,23.7,01636500
2009-08-14,602.0,0.5,24.5,01636500
2009-08-15,586.0,0.0,25.3,01636500
2009-08-16,560.0,0.0,26.5,01636500
2009-08-17,530.0,0.0,27.2,01636500
2009-08-18,520.0,4.3,27.2,01636500
2009-08-19,820.0,5.4,25.7,01636500
2009-08-20,760.0,0.1,26.7,01636500
2009-08-21,660.0,0.5,26.5,01636500
2009-08-22,709.0,17.4,24.0,01636500
2009-08-23,694.0,1.5,23.9,01636500
2009-08-24,671.0,0.0,23.9,01636500
2009-08-25,625.0,0.0,24.1,01636500
2009-08-26,617.0,0.0,25.8,01636500
2009-08-27,591.0,0.1,26.2,01636500
2009-08-28,584.0,7.7,24.1,01636500
2009-08-29,589.0,2.2,24.6,01636500
2009-08-30,554.0,0.0,23.8,01636500
2009-08-31,535.0,0.0,20.1,01636500
2009-09-01,493.0,0.0,18.4,01636500
2009-09-02,486.0,0.0,18.8,01636500
2009-09-03,486.0,0.0,20.0,01636500
2009-09-04,477.0,0.0,21.4,01636500
2009-09-05,467.0,0.0,22.7,01636500
2009-09-06,454.0,0.0,22.8,01636500
2009-09-07,451.0,0.6,21.9,01636500
2009-09-08,452.0,1.6,21.0,01636500
2009-09-09,443.0,1.8,20.9,01636500
2009-09-10,423.0,0.1,20.2,01636500
2009-09-11,419.0,1.7,17.3,01636500
2009-09-12,436.0,0.7,17.6,01636500
2009-09-13,470.0,0.1,21.4,01636500
2009-09-14,471.0,0.0,22.1,01636500
2009-09-15,462.0,0.0,23.3,01636500
2009-09-16,452.0,0.5,20.8,01636500
2009-09-17,451.0,2.1,17.7,01636500
2009-09-18,444.0,0.0,21.1,01636500
2009-09-19,447.0,0.0,19.8,01636500
2009-09-20,445.0,0.0,18.6,01636500
2009-09-21,430.0,0.0,20.3,01636500
2009-09-22,426.0,2.3,20.7,01636500
2009-09-23,434.0,0.0,23.1,01636500
2009-09-24,441.0,0.0,24.3,01636500
2009-09-25,464.0,4.7,20.7,01636500
2009-09-26,426.0,13.3,16.5,01636500
2009-09-27,511.0,22.9,17.4,01636500
2009-09-28,564.0,0.5,18.3,01636500
2009-09-29,567.0,0.0,15.5,01636500
2009-09-30,701.0,1.4,14.5,01636500
2009-10-01,780.0,0.0,13.2,01636500
2009-10-02,639.0,0.0,15.3,01636500
2009-10-03,576.0,1.3,18.8,01636500
2009-10-04,539.0,0.0,15.6,01636500
2009-10-05,510.0,0.0,15.0,01636500
2009-10-06,467.0,0.0,14.6,01636500
2009-10-07,449.0,0.1,16.6,01636500
2009-10-08,442.0,0.0,14.4,01636500
2009-10-09,436.0,1.1,19.3,01636500
2009-10-10,439.0,1.9,18.9,01636500
2009-10-11,431.0,0.0,13.2,01636500
2009-10-12,425.0,0.0,11.0,01636500
2009-10-13,421.0,0.0,13.3,01636500
2009-10-14,434.0,0.7,9.4,01636500
2009-10-15,464.0,15.7,6.5,01636500
2009-10-16,532.0,6.3,4.4,01636500
2009-10-17,586.0,19.0,4.1,01636500
2009-10-18,641.0,11.7,6.0,01636500
2009-10-19,600.0,0.0,8.1,01636500
2009-10-20,584.0,0.0,10.7,01636500
2009-10-21,560.0,0.0,14.4,01636500
2009-10-22,509.0,0.0,15.9,01636500
2009-10-23,500.0,4.4,14.9,01636500
2009-10-24,506.0,21.6,18.2,01636500
2009-10-25,515.0,0.0,12.6,01636500
2009-10-26,515.0,0.0,10.8,01636500
2009-10-27,500.0,8.9,10.9,01636500
2009-10-28,598.0,22.5,14.4,01636500
2009-10-29,688.0,0.0,14.2,01636500
2009-10-30,685.0,0.0,13.3,01636500
2009-10-31,725.0,1.3,16.3,01636500
2009-11-01,989.0,18.2,11.1,01636500
2009-11-02,832.0,0.0,11.6,01636500
2009-11-03,790.0,0.0,10.1,01636500
2009-11-04,865.0,0.0,7.3,01636500
2009-11-05,1120.0,0.2,6.8,01636500
2009-11-06,933.0,0.0,6.2,01636500
2009-11-07,888.0,0.0,6.1,01636500
2009-11-08,788.0,0.0,11.6,01636500
2009-11-09,712.0,0.0,14.0,01636500
2009-11-10,675.0,0.0,13.8,01636500
2009-11-11,728.0,17.4,9.2,01636500
2009-11-12,800.0,16.5,6.2,01636500
2009-11-13,1030.0,2.6,10.2,01636500
2009-11-14,2820.0,0.2,12.9,01636500
2009-11-15,5010.0,0.0,13.1,01636500
2009-11-16,4050.0,0.0,13.6,01636500
2009-11-17,3020.0,0.0,9.7,01636500
2009-11-18,2380.0,0.0,8.8,01636500
2009-11-19,2020.0,20.7,11.5,01636500
2009-11-20,2080.0,2.9,10.8,01636500
2009-11-21,3880.0,0.0,8.6,01636500
2009-11-22,4290.0,0.0,9.3,01636500
2009-11-23,3520.0,3.8,7.7,01636500
2009-11-24,3070.0,8.8,8.0,01636500
2009-11-25,2780.0,1.0,10.2,01636500
2009-11-26,2650.0,0.5,8.3,01636500
2009-11-27,2450.0,5.1,6.5,01636500
2009-11-28,2210.0,0.0,5.6,01636500
2009-11-29,1990.0,0.0,7.2,01636500
2009-11-30,1830.0,7.1,8.7,01636500
2009-12-01,1670.0,0.0,5.7,01636500
2009-12-02,1600.0,5.5,5.1,01636500
2009-12-03,1730.0,25.6,11.7,01636500
2009-12-04,2090.0,0.0,5.9,01636500
2009-12-05,4350.0,9.6,3.9,01636500
2009-12-06,4640.0,0.2,-1.4,01636500
2009-12-07,3850.0,0.0,-1.1,01636500
2009-12-08,3270.0,0.0,2.3,01636500
2009-12-09,4030.0,31.0,4.4,01636500
2009-12-10,11200.0,0.0,3.1,01636500
2009-12-11,15200.0,0.0,-2.2,01636500
2009-12-12,9420.0,0.0,-0.1,01636500
2009-12-13,6570.0,13.4,1.4,01636500
2009-12-14,5500.0,0.0,5.6,01636500
2009-12-15,5090.0,0.0,7.5,01636500
2009-12-16,4770.0,0.0,1.9,01636500
2009-12-17,4310.0,0.0,-0.7,01636500
2009-12-18,3890.0,0.0,-1.0,01636500
2009-12-19,3750.0,33.1,-3.4,01636500
2009-12-20,3560.0,2.8,-3.1,01636500
2009-12-21,3400.0,0.0,-3.2,01636500
2009-12-22,3020.0,0.0,-2.0,01636500
2009-12-23,2780.0,0.0,-2.8,01636500
2009-12-24,2570.0,0.0,-5.8,01636500
2009-12-25,2470.0,6.8,-2.6,01636500
2009-12-26,4330.0,20.8,5.9,01636500
2009-12-27,11000.0,0.0,2.3,01636500
2009-12-28,13100.0,0.0,0.2,01636500
2009-12-29,9730.0,0.0,-2.4,01636500
2009-12-30,7490.0,0.0,-3.2,01636500
2009-12-31,6000.0,6.8,-0.6,01636500
2010-01-01,5110.0,0.9,1.0,01636500
2010-01-02,4590.0,0.0,-4.4,01636500
2010-01-03,4180.0,0.0,-8.6,01636500
2010-01-04,3860.0,0.0,-5.0,01636500
2010-01-05,3760.0,0.0,-3.6,01636500
2010-01-06,3330.0,0.0,-2.0,01636500
2010-01-07,2920.0,0.0,-1.6,01636500
2010-01-08,2730.0,0.7,-3.3,01636500
2010-01-09,2480.0,0.0,-4.7,01636500
2010-01-10,2350.0,0.0,-5.7,01636500
2010-01-11,2210.0,0.0,-5.0,01636500
2010-01-12,2200.0,0.0,-3.6,01636500
2010-01-13,2110.0,0.0,-1.6,01636500
2010-01-14,2040.0,0.0,0.8,01636500
2010-01-15,1910.0,0.0,2.7,01636500
2010-01-16,1800.0,0.0,4.4,01636500
2010-01-17,1830.0,15.8,3.3,01636500
2010-01-18,2360.0,0.1,5.0,01636500
2010-01-19,4250.0,0.0,3.9,01636500
2010-01-20,5710.0,0.4,2.6,01636500
2010-01-21,5290.0,0.0,0.9,01636500
2010-01-22,5170.0,10.9,1.1,01636500
2010-01-23,5240.0,0.0,1.5,01636500
2010-01-24,5390.0,4.9,2.6,01636500
2010-01-25,11100.0,43.7,12.0,01636500
2010-01-26,40600.0,0.1,3.7,01636500
2010-01-27,34000.0,0.0,1.0,01636500
2010-01-28,16300.0,0.0,1.8,01636500
2010-01-29,11600.0,0.0,-4.7,01636500
2010-01-30,8710.0,5.8,-6.2,01636500
2010-01-31,7120.0,0.1,-6.1,01636500
2010-02-01,6140.0,0.0,-1.8,01636500
2010-02-02,5410.0,1.2,-0.9,01636500
2010-02-03,4890.0,6.3,0.2,01636500
2010-02-04,4500.0,0.0,-0.9,01636500
2010-02-05,4230.0,8.2,-0.3,01636500
2010-02-06,4320.0,49.5,-1.8,01636500
2010-02-07,4140.0,0.0,-6.6,01636500
2010-02-08,4260.0,0.0,-6.0,01636500
2010-02-09,3800.0,1.4,-5.7,01636500
2010-02-10,3600.0,15.9,-3.4,01636500
2010-02-11,3590.0,0.6,-2.2,01636500
2010-02-12,3350.0,0.0,-2.7,01636500
2010-02-13,3240.0,0.0,-3.2,01636500
2010-02-14,3120.0,0.0,-2.9,01636500
2010-02-15,3040.0,2.8,-4.5,01636500
2010-02-16,3010.0,0.2,-3.0,01636500
2010-02-17,2970.0,0.2,-3.1,01636500
2010-02-18,2910.0,0.0,0.6,01636500
2010-02-19,2890.0,0.0,1.2,01636500
2010-02-20,3020.0,0.0,0.7,01636500
2010-02-21,3230.0,0.0,1.3,01636500
2010-02-22,3470.0,3.1,2.0,01636500
2010-02-23,4140.0,0.6,2.7,01636500
2010-02-24,5580.0,0.0,1.0,01636500
2010-02-25,6850.0,0.1,0.4,01636500
2010-02-26,7220.0,0.3,-2.6,01636500
2010-02-27,6480.0,0.1,-0.7,01636500
2010-02-28,5740.0,0.0,1.0,01636500
2010-03-01,5340.0,0.0,2.1,01636500
2010-03-02,5320.0,1.2,0.9,01636500
2010-03-03,5630.0,3.3,2.5,01636500
2010-03-04,5810.0,0.0,1.7,01636500
2010-03-05,5560.0,0.0,1.5,01636500
2010-03-06,5350.0,0.0,2.0,01636500
2010-03-07,5150.0,0.0,2.9,01636500
2010-03-08,5020.0,0.0,3.5,01636500
2010-03-09,5070.0,0.0,5.9,01636500
2010-03-10,5360.0,0.0,8.0,01636500
2010-03-11,5970.0,0.0,11.4,01636500
2010-03-12,9090.0,30.2,10.5,01636500
2010-03-13,26700.0,31.2,9.7,01636500
2010-03-14,45500.0,10.8,8.1,01636500
2010-03-15,37200.0,0.8,7.4,01636500
2010-03-16,20700.0,0.1,9.6,01636500
2010-03-17,14700.0,0.0,9.8,01636500
2010-03-18,11100.0,0.0,10.5,01636500
2010-03-19,9150.0,0.0,11.9,01636500
2010-03-20,7750.0,0.0,13.4,01636500
2010-03-21,6690.0,0.0,14.6,01636500
2010-03-22,5930.0,15.2,14.2,01636500
2010-03-23,5690.0,3.6,9.0,01636500
2010-03-24,5960.0,0.0,10.9,01636500
2010-03-25,5330.0,0.3,12.7,01636500
2010-03-26,5020.0,9.9,9.0,01636500
2010-03-27,4880.0,0.0,4.1,01636500
2010-03-28,4820.0,5.4,5.7,01636500
2010-03-29,11200.0,6.6,11.0,01636500
2010-03-30,17900.0,0.1,9.5,01636500
2010-03-31,14000.0,0.2,11.8,01636500
2010-04-01,11000.0,0.0,14.0,01636500
2010-04-02,8670.0,0.0,16.2,01636500
2010-04-03,7250.0,0.0,16.3,01636500
2010-04-04,6260.0,0.0,17.5,01636500
2010-04-05,5520.0,0.0,18.3,01636500
2010-04-06,4970.0,0.0,22.1,01636500
2010-04-07,4560.0,0.0,22.6,01636500
2010-04-08,4240.0,0.2,21.7,01636500
2010-04-09,4000.0,11.7,11.7,01636500
2010-04-10,3750.0,0.0,9.9,01636500
2010-04-11,3630.0,0.0,14.1,01636500
2010-04-12,3330.0,0.0,15.4,01636500
2010-04-13,3100.0,3.7,10.2,01636500
2010-04-14,2930.0,0.3,8.8,01636500
2010-04-15,2790.0,0.0,13.7,01636500
2010-04-16,2650.0,0.0,19.4,01636500
2010-04-17,2550.0,1.9,14.1,01636500
2010-04-18,2430.0,0.0,8.4,01636500
2010-04-19,2330.0,0.0,10.8,01636500
2010-04-20,2240.0,0.0,12.8,01636500
2010-04-21,2170.0,6.0,12.4,01636500
2010-04-22,2160.0,0.0,14.3,01636500
2010-04-23,2100.0,0.0,14.9,01636500
2010-04-24,2030.0,2.5,12.7,01636500
2010-04-25,2070.0,13.5,15.5,01636500
2010-04-26,2540.0,23.0,13.7,01636500
2010-04-27,2700.0,2.3,12.6,01636500
2010-04-28,2370.0,0.0,8.9,01636500
2010-04-29,2070.0,0.0,11.7,01636500
2010-04-30,1890.0,0.0,16.9,01636500
2010-05-01,1870.0,0.0,21.6,01636500
2010-05-02,1720.0,0.6,24.1,01636500
2010-05-03,1730.0,8.1,23.8,01636500
2010-05-04,1820.0,0.0,21.4,01636500
2010-05-05,1680.0,0.0,19.5,01636500
2010-05-06,1600.0,0.0,20.9,01636500
2010-05-07,1510.0,0.0,18.1,01636500
2010-05-08,1400.0,0.4,19.7,01636500
2010-05-09,1340.0,0.0,11.3,01636500
2010-05-10,1290.0,0.0,10.4,01636500
2010-05-11,1270.0,4.4,9.6,01636500
2010-05-12,1280.0,4.6,15.2,01636500
2010-05-13,1370.0,3.3,13.4,01636500
2010-05-14,1360.0,0.0,20.2,01636500
2010-05-15,1430.0,0.0,20.7,01636500
2010-05-16,1390.0,0.9,17.5,01636500
2010-05-17,1350.0,7.7,15.0,01636500
2010-05-18,1440.0,3.2,11.9,01636500
2010-05-19,1510.0,1.1,12.6,01636500
2010-05-20,1460.0,0.0,17.5,01636500
2010-05-21,1550.0,0.0,21.2,01636500
2010-05-22,1460.0,1.0,20.7,01636500
2010-05-23,1800.0,11.1,18.7,01636500
2010-05-24,1580.0,0.8,19.5,01636500
2010-05-25,1490.0,0.1,20.7,01636500
2010-05-26,1650.0,0.0,22.9,01636500
2010-05-27,1570.0,2.5,25.4,01636500
2010-05-28,1710.0,14.8,20.5,01636500
2010-05-29,1720.0,1.6,21.8,01636500
2010-05-30,1510.0,0.0,24.1,01636500
2010-05-31,1880.0,1.6,24.9,01636500
2010-06-01,2320.0,5.2,24.5,01636500
2010-06-02,1930.0,0.0,25.0,01636500
2010-06-03,1620.0,2.7,25.4,01636500
2010-06-04,1480.0,0.7,25.7,01636500
2010-06-05,1400.0,9.5,25.2,01636500
2010-06-06,1730.0,9.6,25.6,01636500
2010-06-07,2790.0,0.5,20.0,01636500
2010-06-08,1980.0,0.0,19.0,01636500
2010-06-09,1690.0,9.9,17.8,01636500
2010-06-10,1410.0,0.0,23.1,01636500
2010-06-11,1330.0,0.0,22.7,01636500
2010-06-12,1200.0,2.3,25.2,01636500
2010-06-13,1170.0,0.0,26.6,01636500
2010-06-14,1060.0,0.0,26.0,01636500
2010-06-15,1080.0,4.1,23.1,01636500
2010-06-16,1000.0,6.4,23.3,01636500
2010-06-17,1020.0,0.5,24.1,01636500
2010-06-18,989.0,0.0,23.2,01636500
2010-06-19,1020.0,0.0,25.7,01636500
2010-06-20,984.0,0.0,27.4,01636500
2010-06-21,920.0,0.0,26.4,01636500
2010-06-22,875.0,0.6,28.3,01636500
2010-06-23,836.0,0.0,28.9,01636500
2010-06-24,796.0,1.5,29.5,01636500
2010-06-25,763.0,0.0,27.0,01636500
2010-06-26,723.0,0.0,27.7,01636500
2010-06-27,719.0,0.3,29.5,01636500
2010-06-28,699.0,7.3,29.2,01636500
2010-06-29,689.0,0.0,27.5,01636500
2010-06-30,659.0,0.0,23.2,01636500
2010-07-01,643.0,0.0,21.4,01636500
2010-07-02,625.0,0.0,21.4,01636500
2010-07-03,570.0,0.0,24.0,01636500
2010-07-04,565.0,0.0,27.1,01636500
2010-07-05,567.0,0.0,29.6,01636500
2010-07-06,548.0,0.0,31.4,01636500
2010-07-07,539.0,0.0,32.1,01636500
2010-07-08,515.0,0.0,32.2,01636500
2010-07-09,513.0,0.0,29.3,01636500
2010-07-10,590.0,6.7,26.3,01636500
2010-07-11,736.0,0.0,26.9,01636500
2010-07-12,833.0,3.1,25.9,01636500
2010-07-13,916.0,0.5,25.6,01636500
2010-07-14,949.0,16.9,24.7,01636500
2010-07-15,923.0,0.0,27.2,01636500
2010-07-16,1060.0,0.0,28.7,01636500
2010-07-17,1120.0,0.0,28.6,01636500
2010-07-18,886.0,0.0,28.6,01636500
2010-07-19,778.0,0.0,28.8,01636500
2010-07-20,707.0,0.6,28.3,01636500
2010-07-21,666.0,0.9,27.8,01636500
2010-07-22,633.0,0.0,28.8,01636500
2010-07-23,660.0,0.0,30.1,01636500
2010-07-24,651.0,0.0,32.7,01636500
2010-07-25,630.0,4.9,31.3,01636500
2010-07-26,608.0,0.0,26.6,01636500
2010-07-27,579.0,0.6,25.9,01636500
2010-07-28,532.0,0.0,28.2,01636500
2010-07-29,530.0,0.1,29.0,01636500
2010-07-30,502.0,0.0,25.6,01636500
2010-07-31,497.0,0.0,25.1,01636500
2010-08-01,476.0,6.4,23.2,01636500
2010-08-02,478.0,0.4,23.9,01636500
2010-08-03,531.0,0.0,25.6,01636500
2010-08-04,550.0,3.9,27.5,01636500
2010-08-05,557.0,7.0,28.2,01636500
2010-08-06,673.0,0.3,26.5,01636500
2010-08-07,644.0,0.0,24.8,01636500
2010-08-08,627.0,0.0,25.7,01636500
2010-08-09,701.0,0.0,27.7,01636500
2010-08-10,594.0,0.0,29.6,01636500
2010-08-11,562.0,0.0,29.9,01636500
2010-08-12,545.0,13.7,27.1,01636500
2010-08-13,560.0,3.2,23.0,01636500
2010-08-14,564.0,0.0,23.8,01636500
2010-08-15,534.0,7.8,23.3,01636500
2010-08-16,532.0,8.6,26.4,01636500
2010-08-17,566.0,0.0,26.2,01636500
2010-08-18,586.0,11.8,22.7,01636500
2010-08-19,659.0,0.0,22.9,01636500
2010-08-20,604.0,0.0,26.1,01636500
2010-08-21,618.0,0.0,26.7,01636500
2010-08-22,617.0,3.4,26.4,01636500
2010-08-23,555.0,0.1,24.5,01636500
2010-08-24,546.0,2.6,20.7,01636500
2010-08-25,525.0,0.0,22.0,01636500
2010-08-26,521.0,0.0,23.7,01636500
2010-08-27,511.0,0.0,22.2,01636500
2010-08-28,584.0,0.0,23.4,01636500
2010-08-29,722.0,0.0,26.0,01636500
2010-08-30,604.0,0.0,27.9,01636500
2010-08-31,574.0,0.0,28.1,01636500
2010-09-01,544.0,0.0,29.0,01636500
2010-09-02,498.0,0.0,29.1,01636500
2010-09-03,459.0,0.0,28.9,01636500
2010-09-04,449.0,0.0,23.9,01636500
2010-09-05,416.0,0.0,20.5,01636500
2010-09-06,411.0,0.0,21.5,01636500
2010-09-07,409.0,0.0,25.3,01636500
2010-09-08,401.0,0.0,27.1,01636500
2010-09-09,399.0,0.0,20.9,01636500
2010-09-10,386.0,0.0,19.0,01636500
2010-09-11,375.0,0.0,20.3,01636500
2010-09-12,413.0,10.5,20.0,01636500
2010-09-13,411.0,0.0,21.1,01636500
2010-09-14,413.0,0.0,21.9,01636500
2010-09-15,408.0,0.0,21.5,01636500
2010-09-16,403.0,7.0,21.1,01636500
2010-09-17,420.0,8.7,20.0,01636500
2010-09-18,410.0,0.0,18.5,01636500
2010-09-19,424.0,0.0,21.1,01636500
2010-09-20,427.0,0.0,21.1,01636500
2010-09-21,406.0,0.0,19.1,01636500
2010-09-22,397.0,1.0,23.9,01636500
2010-09-23,398.0,0.0,25.0,01636500
2010-09-24,396.0,0.0,26.8,01636500
2010-09-25,382.0,0.0,26.1,01636500
2010-09-26,380.0,0.2,20.4,01636500
2010-09-27,417.0,44.3,18.7,01636500
2010-09-28,488.0,10.1,21.5,01636500
2010-09-29,553.0,2.5,17.5,01636500
2010-09-30,836.0,96.6,18.0,01636500
2010-10-01,2520.0,44.1,17.2,01636500
2010-10-02,5910.0,0.0,15.2,01636500
2010-10-03,4600.0,0.2,14.1,01636500
2010-10-04,2840.0,4.3,12.3,01636500
2010-10-05,2090.0,0.0,11.1,01636500
2010-10-06,1610.0,0.0,12.1,01636500
2010-10-07,1340.0,1.4,14.8,01636500
2010-10-08,1180.0,0.0,16.4,01636500
2010-10-09,1000.0,0.0,18.3,01636500
2010-10-10,969.0,0.0,17.8,01636500
2010-10-11,889.0,0.0,21.0,01636500
2010-10-12,844.0,0.0,19.7,01636500
2010-10-13,838.0,0.0,15.1,01636500
2010-10-14,777.0,12.5,13.1,01636500
2010-10-15,739.0,0.1,12.1,01636500
2010-10-16,695.0,0.0,12.8,01636500
2010-10-17,663.0,0.0,14.3,01636500
2010-10-18,659.0,0.0,14.0,01636500
2010-10-19,705.0,4.8,12.6,01636500
2010-10-20,690.0,0.0,11.9,01636500
2010-10-21,660.0,0.0,12.3,01636500
2010-10-22,641.0,0.0,9.9,01636500
2010-10-23,630.0,0.0,11.4,01636500
2010-10-24,626.0,0.0,16.2,01636500
2010-10-25,624.0,1.8,17.0,01636500
2010-10-26,629.0,0.0,18.4,01636500
2010-10-27,701.0,31.5,19.8,01636500
2010-10-28,672.0,0.0,17.9,01636500
2010-10-29,754.0,0.0,10.7,01636500
2010-10-30,943.0,0.0,8.7,01636500
2010-10-31,948.0,0.0,10.9,01636500
2010-11-01,813.0,0.0,7.7,01636500
2010-11-02,760.0,0.0,5.3,01636500
2010-11-03,702.0,0.0,6.7,01636500
2010-11-04,747.0,22.6,8.2,01636500
2010-11-05,846.0,0.0,8.0,01636500
2010-11-06,932.0,0.0,5.6,01636500
2010-11-07,968.0,0.0,5.3,01636500
2010-11-08,1080.0,0.0,7.1,01636500
2010-11-09,1020.0,0.0,9.7,01636500
2010-11-10,896.0,0.0,10.4,01636500
2010-11-11,845.0,0.0,9.4,01636500
2010-11-12,843.0,0.0,8.5,01636500
2010-11-13,748.0,0.0,8.0,01636500
2010-11-14,775.0,0.0,8.7,01636500
2010-11-15,740.0,0.0,9.9,01636500
2010-11-16,888.0,24.3,9.4,01636500
2010-11-17,780.0,2.3,12.9,01636500
2010-11-18,963.0,0.0,8.2,01636500
2010-11-19,971.0,0.0,6.1,01636500
2010-11-20,1190.0,0.0,7.5,01636500
2010-11-21,1210.0,0.0,7.5,01636500
2010-11-22,1090.0,0.0,10.2,01636500
2010-11-23,1040.0,1.9,12.0,01636500
2010-11-24,1010.0,0.0,6.6,01636500
2010-11-25,967.0,2.1,6.3,01636500
2010-11-26,885.0,2.2,9.0,01636500
2010-11-27,873.0,0.0,3.0,01636500
2010-11-28,867.0,0.0,2.2,01636500
2010-11-29,801.0,0.0,2.7,01636500
2010-11-30,807.0,7.0,7.8,01636500
2010-12-01,1520.0,37.1,10.5,01636500
2010-12-02,5880.0,0.0,1.9,01636500
2010-12-03,11100.0,0.0,1.1,01636500
2010-12-04,7070.0,0.0,0.5,01636500
2010-12-05,4900.0,0.0,0.4,01636500
2010-12-06,3800.0,0.0,-1.0,01636500
2010-12-07,3060.0,0.0,-2.3,01636500
2010-12-08,2470.0,0.0,-2.6,01636500
2010-12-09,2080.0,0.0,-2.2,01636500
2010-12-10,1840.0,0.0,-1.1,01636500
2010-12-11,1680.0,0.0,0.2,01636500
2010-12-12,1600.0,13.8,2.4,01636500
2010-12-13,1530.0,1.1,-0.7,01636500
2010-12-14,1400.0,0.0,-5.9,01636500
2010-12-15,1420.0,0.0,-5.4,01636500
2010-12-16,1310.0,3.4,-4.8,01636500
2010-12-17,1430.0,0.0,-2.9,01636500
2010-12-18,1300.0,0.0,-1.8,01636500
2010-12-19,1570.0,0.0,-1.8,01636500
2010-12-20,1410.0,0.0,-2.2,01636500
2010-12-21,1220.0,0.0,-0.8,01636500
2010-12-22,1300.0,0.0,1.0,01636500
2010-12-23,1240.0,0.0,0.0,01636500
2010-12-24,1090.0,0.0,-0.2,01636500
2010-12-25,1110.0,0.0,-0.2,01636500
2010-12-26,1100.0,0.9,-1.5,01636500
2010-12-27,1110.0,0.6,-3.2,01636500
2010-12-28,890.0,0.0,-0.6,01636500
2010-12-29,999.0,0.0,1.3,01636500
2010-12-30,1110.0,0.1,1.0,01636500
2010-12-31,996.0,0.0,3.2,01636500
2011-01-01,996.0,0.2,6.0,01636500
2011-01-02,962.0,2.0,8.2,01636500
2011-01-03,886.0,0.0,0.0,01636500
2011-01-04,897.0,0.0,0.2,01636500
2011-01-05,892.0,0.0,-0.2,01636500
2011-01-06,905.0,0.0,-1.2,01636500
2011-01-07,877.0,0.6,-0.8,01636500
2011-01-08,898.0,0.9,-2.3,01636500
2011-01-09,812.0,0.0,-4.3,01636500
2011-01-10,662.0,0.0,-3.6,01636500
2011-01-11,758.0,1.0,-3.0,01636500
2011-01-12,930.0,1.5,-2.0,01636500
2011-01-13,890.0,0.0,-2.8,01636500
2011-01-14,789.0,0.0,-2.2,01636500
2011-01-15,938.0,0.0,0.4,01636500
2011-01-16,936.0,0.0,0.5,01636500
2011-01-17,837.0,0.0,-1.4,01636500
2011-01-18,833.0,5.2,-0.3,01636500
2011-01-19,840.0,2.3,1.8,01636500
2011-01-20,826.0,0.0,0.9,01636500
2011-01-21,815.0,1.2,-1.6,01636500
2011-01-22,814.0,0.0,-6.6,01636500
2011-01-23,663.0,0.0,-5.8,01636500
2011-01-24,786.0,0.0,-5.7,01636500
2011-01-25,770.0,0.0,1.0,01636500
2011-01-26,961.0,16.5,0.2,01636500
2011-01-27,870.0,7.2,-0.4,01636500
2011-01-28,870.0,0.4,-3.9,01636500
2011-01-29,1050.0,0.0,-3.4,01636500
2011-01-30,895.0,0.0,-1.3,01636500
2011-01-31,923.0,0.0,-4.6,01636500
2011-02-01,912.0,0.6,-1.0,01636500
2011-02-02,885.0,12.0,3.3,01636500
2011-02-03,1170.0,0.0,-3.1,01636500
2011-02-04,1910.0,0.0,-1.0,01636500
2011-02-05,3250.0,3.5,0.8,01636500
2011-02-06,2810.0,0.0,2.5,01636500
2011-02-07,2550.0,0.1,1.6,01636500
2011-02-08,2320.0,0.7,-0.2,01636500
2011-02-09,2070.0,0.0,-3.1,01636500
2011-02-10,1840.0,0.0,-3.0,01636500
2011-02-11,1710.0,0.0,-2.4,01636500
2011-02-12,1510.0,0.0,0.2,01636500
2011-02-13,1470.0,0.0,2.9,01636500
2011-02-14,1420.0,0.5,7.2,01636500
2011-02-15,1390.0,0.0,1.8,01636500
2011-02-16,1320.0,0.0,3.8,01636500
2011-02-17,1270.0,0.0,9.5,01636500
2011-02-18,1230.0,0.2,13.4,01636500
2011-02-19,1180.0,0.0,8.6,01636500
2011-02-20,1130.0,0.0,2.6,01636500
2011-02-21,1110.0,2.1,4.8,01636500
2011-02-22,1130.0,11.2,-2.3,01636500
2011-02-23,1150.0,0.0,-0.2,01636500
2011-02-24,1130.0,1.4,1.8,01636500
2011-02-25,1190.0,11.5,8.2,01636500
2011-02-26,1370.0,0.0,2.8,01636500
2011-02-27,1500.0,0.0,7.1,01636500
2011-02-28,1800.0,11.8,11.5,01636500
2011-03-01,1940.0,0.7,3.6,01636500
2011-03-02,2180.0,0.0,5.4,01636500
2011-03-03,2390.0,0.0,0.5,01636500
2011-03-04,2330.0,0.0,2.2,01636500
2011-03-05,2240.0,0.0,7.8,01636500
2011-03-06,2430.0,28.1,10.9,01636500
2011-03-07,5780.0,12.1,2.5,01636500
2011-03-08,10800.0,0.0,2.4,01636500
2011-03-09,10200.0,1.3,3.3,01636500
2011-03-10,8320.0,11.1,9.1,01636500
2011-03-11,17500.0,7.6,6.7,01636500
2011-03-12,27100.0,0.0,7.5,01636500
2011-03-13,15600.0,0.0,8.7,01636500
2011-03-14,9980.0,0.0,5.2,01636500
2011-03-15,7480.0,1.2,4.9,01636500
2011-03-16,6100.0,4.8,7.7,01636500
2011-03-17,5260.0,0.0,10.2,01636500
2011-03-18,4700.0,0.0,15.3,01636500
2011-03-19,4150.0,0.0,12.9,01636500
2011-03-20,3690.0,0.0,6.8,01636500
2011-03-21,3390.0,3.3,11.3,01636500
2011-03-22,3250.0,0.0,12.8,01636500
2011-03-23,3030.0,3.8,9.2,01636500
2011-03-24,3220.0,13.2,6.0,01636500
2011-03-25,3680.0,0.0,3.4,01636500
2011-03-26,4190.0,0.0,2.6,01636500
2011-03-27,4090.0,1.1,2.9,01636500
2011-03-28,3720.0,0.0,2.3,01636500
2011-03-29,3380.0,0.0,3.2,01636500
2011-03-30,3110.0,5.8,3.7,01636500
2011-03-31,2900.0,4.9,2.9,01636500
2011-04-01,2800.0,2.2,5.1,01636500
2011-04-02,2740.0,1.3,5.4,01636500
2011-04-03,2660.0,0.1,7.2,01636500
2011-04-04,2550.0,0.2,13.8,01636500
2011-04-05,2510.0,16.0,14.4,01636500
2011-04-06,2730.0,0.0,8.7,01636500
2011-04-07,3310.0,0.0,11.4,01636500
2011-04-08,3540.0,11.2,8.7,01636500
2011-04-09,3570.0,0.6,6.8,01636500
2011-04-10,3580.0,0.0,12.3,01636500
2011-04-11,3440.0,0.0,19.8,01636500
2011-04-12,3560.0,19.2,15.2,01636500
2011-04-13,7460.0,12.6,10.9,01636500
2011-04-14,19000.0,0.0,12.8,01636500
2011-04-15,11900.0,0.0,12.9,01636500
2011-04-16,8900.0,30.0,11.3,01636500
2011-04-17,33600.0,5.4,12.1,01636500
2011-04-18,48900.0,0.4,15.0,01636500
2011-04-19,20800.0,2.5,14.5,01636500
2011-04-20,12000.0,0.0,19.0,01636500
2011-04-21,8790.0,0.0,13.1,01636500
2011-04-22,6970.0,3.2,7.4,01636500
2011-04-23,6070.0,1.3,11.1,01636500
2011-04-24,6020.0,1.3,19.8,01636500
2011-04-25,6340.0,2.2,21.3,01636500
2011-04-26,6020.0,0.1,22.9,01636500
2011-04-27,5770.0,1.9,22.5,01636500
2011-04-28,6220.0,13.0,21.8,01636500
2011-04-29,14800.0,0.0,14.7,01636500
2011-04-30,15000.0,0.0,12.5,01636500
2011-05-01,10200.0,3.4,13.1,01636500
2011-05-02,7840.0,0.0,16.3,01636500
2011-05-03,6430.0,0.6,20.8,01636500
2011-05-04,5650.0,15.0,11.9,01636500
2011-05-05,5410.0,0.0,12.1,01636500
2011-05-06,5690.0,1.2,13.5,01636500
2011-05-07,5180.0,0.0,14.8,01636500
2011-05-08,4720.0,0.0,15.7,01636500
2011-05-09,4280.0,0.0,15.6,01636500
2011-05-10,3840.0,0.0,15.4,01636500
2011-05-11,3450.0,0.0,17.6,01636500
2011-05-12,3100.0,0.0,17.8,01636500
2011-05-13,2880.0,1.0,17.5,01636500
2011-05-14,2810.0,1.4,17.2,01636500
2011-05-15,2820.0,13.7,18.7,01636500
2011-05-16,3530.0,6.8,17.5,01636500
2011-05-17,5140.0,24.8,16.7,01636500
2011-05-18,19500.0,17.5,17.3,01636500
2011-05-19,43300.0,7.3,15.9,01636500
2011-05-20,21000.0,0.1,16.3,01636500
2011-05-21,13400.0,0.0,19.1,01636500
2011-05-22,9820.0,0.8,21.2,01636500
2011-05-23,8090.0,4.7,21.6,01636500
2011-05-24,7030.0,0.6,22.4,01636500
2011-05-25,6330.0,0.0,22.4,01636500
2011-05-26,5420.0,0.0,24.9,01636500
2011-05-27,4540.0,6.0,23.3,01636500
2011-05-28,3980.0,3.8,21.5,01636500
2011-05-29,3700.0,0.0,23.9,01636500
2011-05-30,4460.0,0.0,26.4,01636500
2011-05-31,4260.0,0.0,27.9,01636500
2011-06-01,3680.0,2.5,27.6,01636500
2011-06-02,3190.0,0.0,23.8,01636500
2011-06-03,2760.0,0.0,19.2,01636500
2011-06-04,2430.0,0.0,20.3,01636500
2011-06-05,2260.0,2.1,22.7,01636500
2011-06-06,2190.0,0.0,23.1,01636500
2011-06-07,1980.0,0.0,24.4,01636500
2011-06-08,1890.0,0.5,27.1,01636500
2011-06-09,1840.0,0.6,28.3,01636500
2011-06-10,1910.0,2.8,26.7,01636500
2011-06-11,1700.0,0.3,26.5,01636500
2011-06-12,1940.0,3.2,25.1,01636500
2011-06-13,1970.0,0.0,21.6,01636500
2011-06-14,1990.0,0.1,19.2,01636500
2011-06-15,2010.0,0.0,20.0,01636500
2011-06-16,1710.0,5.7,20.8,01636500
2011-06-17,1570.0,1.5,21.8,01636500
2011-06-18,1610.0,0.8,23.3,01636500
2011-06-19,1480.0,2.8,23.2,01636500
2011-06-20,2260.0,27.6,22.2,01636500
2011-06-21,2610.0,3.0,23.8,01636500
2011-06-22,4700.0,0.7,26.2,01636500
2011-06-23,3740.0,4.2,24.6,01636500
2011-06-24,3120.0,0.3,24.0,01636500
2011-06-25,2450.0,0.0,22.3,01636500
2011-06-26,2050.0,0.0,21.8,01636500
2011-06-27,1860.0,0.1,22.7,01636500
2011-06-28,1700.0,2.9,24.7,01636500
2011-06-29,1620.0,0.0,24.7,01636500
2011-06-30,1480.0,0.0,23.0,01636500
2011-07-01,1420.0,0.0,23.9,01636500
2011-07-02,1330.0,0.0,25.6,01636500
2011-07-03,1250.0,5.6,25.3,01636500
2011-07-04,1270.0,0.0,25.8,01636500
2011-07-05,1230.0,0.0,26.1,01636500
2011-07-06,1200.0,0.0,26.9,01636500
2011-07-07,1200.0,0.5,27.6,01636500
2011-07-08,1430.0,9.4,25.5,01636500
2011-07-09,1390.0,0.3,24.4,01636500
2011-07-10,1440.0,0.0,26.4,01636500
2011-07-11,1330.0,0.0,28.0,01636500
2011-07-12,1360.0,0.0,29.7,01636500
2011-07-13,1190.0,1.7,27.7,01636500
2011-07-14,1080.0,0.0,24.9,01636500
2011-07-15,1000.0,0.0,24.0,01636500
2011-07-16,952.0,0.0,24.1,01636500
2011-07-17,889.0,0.0,25.5,01636500
2011-07-18,851.0,0.0,28.0,01636500
2011-07-19,846.0,1.0,28.6,01636500
2011-07-20,856.0,1.7,28.5,01636500
2011-07-21,815.0,0.0,31.4,01636500
2011-07-22,792.0,2.4,32.8,01636500
2011-07-23,778.0,3.6,31.1,01636500
2011-07-24,770.0,5.2,28.6,01636500
2011-07-25,733.0,2.6,27.4,01636500
2011-07-26,675.0,0.0,27.7,01636500
2011-07-27,692.0,0.0,27.3,01636500
2011-07-28,698.0,0.0,27.6,01636500
2011-07-29,804.0,0.0,30.5,01636500
2011-07-30,752.0,0.0,30.2,01636500
2011-07-31,667.0,0.0,28.8,01636500
2011-08-01,620.0,0.9,29.2,01636500
2011-08-02,601.0,0.1,28.3,01636500
2011-08-03,571.0,3.6,27.4,01636500
2011-08-04,598.0,0.3,26.5,01636500
2011-08-05,601.0,0.0,25.6,01636500
2011-08-06,593.0,1.8,25.7,01636500
2011-08-07,583.0,13.5,25.9,01636500
2011-08-08,622.0,0.0,27.1,01636500
2011-08-09,650.0,0.3,26.6,01636500
2011-08-10,632.0,0.0,26.0,01636500
2011-08-11,627.0,0.0,24.1,01636500
2011-08-12,617.0,0.0,23.6,01636500
2011-08-13,575.0,3.5,24.3,01636500
2011-08-14,539.0,7.3,24.0,01636500
2011-08-15,627.0,24.0,21.8,01636500
2011-08-16,644.0,0.0,22.6,01636500
2011-08-17,1420.0,0.0,24.1,01636500
2011-08-18,1150.0,1.2,25.3,01636500
2011-08-19,989.0,5.2,24.2,01636500
2011-08-20,916.0,3.6,24.1,01636500
2011-08-21,863.0,0.2,26.0,01636500
2011-08-22,688.0,0.7,23.9,01636500
2011-08-23,637.0,0.0,21.4,01636500
2011-08-24,692.0,0.0,23.1,01636500
2011-08-25,654.0,7.8,25.3,01636500
2011-08-26,688.0,0.4,24.5,01636500
2011-08-27,666.0,7.9,23.7,01636500
2011-08-28,756.0,29.9,22.4,01636500
2011-08-29,743.0,0.0,21.4,01636500
2011-08-30,768.0,0.0,21.3,01636500
2011-08-31,727.0,0.0,22.2,01636500
2011-09-01,751.0,0.0,22.8,01636500
2011-09-02,661.0,2.8,22.7,01636500
2011-09-03,631.0,0.0,24.2,01636500
2011-09-04,644.0,0.9,26.0,01636500
2011-09-05,636.0,25.6,22.5,01636500
2011-09-06,802.0,34.8,16.9,01636500
2011-09-07,1700.0,32.9,17.2,01636500
2011-09-08,2840.0,26.3,20.5,01636500
2011-09-09,4270.0,17.9,21.5,01636500
2011-09-10,3520.0,1.8,21.5,01636500
2011-09-11,2570.0,1.0,21.6,01636500
2011-09-12,2000.0,0.0,21.0,01636500
2011-09-13,1610.0,0.0,21.9,01636500
2011-09-14,1370.0,1.9,22.6,01636500
2011-09-15,1330.0,4.3,18.8,01636500
2011-09-16,1930.0,0.0,13.3,01636500
2011-09-17,1320.0,0.0,13.7,01636500
2011-09-18,1210.0,0.0,14.8,01636500
2011-09-19,1220.0,0.0,16.8,01636500
2011-09-20,1080.0,7.8,18.1,01636500
2011-09-21,1030.0,1.5,19.4,01636500
2011-09-22,1040.0,1.8,21.3,01636500
2011-09-23,1030.0,24.7,20.5,01636500
2011-09-24,1040.0,0.0,20.1,01636500
2011-09-25,1150.0,0.0,21.1,01636500
2011-09-26,1140.0,0.2,21.6,01636500
2011-09-27,1890.0,11.0,21.4,01636500
2011-09-28,2170.0,8.6,21.4,01636500
2011-09-29,1740.0,4.1,19.3,01636500
2011-09-30,1520.0,0.0,18.1,01636500
2011-10-01,1410.0,8.5,11.3,01636500
2011-10-02,1360.0,16.1,7.7,01636500
2011-10-03,1400.0,3.2,7.9,01636500
2011-10-04,1470.0,0.4,12.6,01636500
2011-10-05,1420.0,0.0,15.8,01636500
2011-10-06,1350.0,0.0,14.6,01636500
2011-10-07,1240.0,0.0,15.5,01636500
2011-10-08,1170.0,0.0,16.2,01636500
2011-10-09,1080.0,0.0,16.7,01636500
2011-10-10,1010.0,0.0,17.9,01636500
2011-10-11,951.0,0.0,17.8,01636500
2011-10-12,1020.0,17.4,16.5,01636500
2011-10-13,1180.0,3.7,17.1,01636500
2011-10-14,1670.0,9.3,17.4,01636500
2011-10-15,2680.0,0.0,14.5,01636500
2011-10-16,3690.0,0.0,14.7,01636500
2011-10-17,3530.0,0.0,16.6,01636500
2011-10-18,2940.0,0.0,15.2,01636500
2011-10-19,2450.0,12.8,16.3,01636500
2011-10-20,2130.0,11.7,14.1,01636500
2011-10-21,1840.0,0.0,10.8,01636500
2011-10-22,1630.0,0.0,10.7,01636500
2011-10-23,1530.0,0.0,10.9,01636500
2011-10-24,1410.0,0.0,13.1,01636500
2011-10-25,1310.0,0.0,13.2,01636500
2011-10-26,1270.0,0.2,13.4,01636500
2011-10-27,1190.0,8.2,14.5,01636500
2011-10-28,1130.0,0.3,6.8,01636500
2011-10-29,1250.0,33.9,2.9,01636500
2011-10-30,1280.0,0.0,2.4,01636500
2011-10-31,1510.0,0.0,2.7,01636500
2011-11-01,1580.0,0.0,6.1,01636500
2011-11-02,1690.0,0.0,8.6,01636500
2011-11-03,1660.0,0.0,9.7,01636500
2011-11-04,1670.0,0.0,9.8,01636500
2011-11-05,1640.0,0.0,5.9,01636500
2011-11-06,1600.0,0.0,6.2,01636500
2011-11-07,1550.0,0.0,8.8,01636500
2011-11-08,1490.0,0.0,10.7,01636500
2011-11-09,1440.0,0.0,10.7,01636500
2011-11-10,1380.0,1.7,9.9,01636500
2011-11-11,1320.0,0.0,5.7,01636500
2011-11-12,1260.0,0.0,6.3,01636500
2011-11-13,1210.0,0.0,9.6,01636500
2011-11-14,1170.0,0.0,14.3,01636500
2011-11-15,1130.0,1.5,15.5,01636500
2011-11-16,1190.0,20.9,13.4,01636500
2011-11-17,1240.0,7.2,7.7,01636500
2011-11-18,1420.0,0.0,3.2,01636500
2011-11-19,1360.0,0.0,4.3,01636500
2011-11-20,1420.0,0.0,10.6,01636500
2011-11-21,1460.0,4.5,12.1,01636500
2011-11-22,1430.0,12.9,9.9,01636500
2011-11-23,1880.0,14.6,12.6,01636500
2011-11-24,3450.0,0.0,8.2,01636500
2011-11-25,3220.0,0.0,8.8,01636500
2011-11-26,3270.0,0.0,8.5,01636500
2011-11-27,3150.0,0.0,11.3,01636500
2011-11-28,2770.0,0.0,15.0,01636500
2011-11-29,2590.0,12.1,14.0,01636500
2011-11-30,3120.0,0.5,7.1,01636500
2011-12-01,6750.0,0.0,4.7,01636500
2011-12-02,7560.0,0.0,4.1,01636500
2011-12-03,5460.0,0.0,3.4,01636500
2011-12-04,4310.0,0.0,5.6,01636500
2011-12-05,3570.0,0.0,9.0,01636500
2011-12-06,3070.0,6.5,13.9,01636500
2011-12-07,2930.0,24.3,11.8,01636500
2011-12-08,8810.0,12.9,3.0,01636500
2011-12-09,21200.0,0.0,2.9,01636500
2011-12-10,13600.0,0.0,2.6,01636500
2011-12-11,9010.0,0.0,0.3,01636500
2011-12-12,6900.0,0.0,0.5,01636500
2011-12-13,5580.0,0.0,1.6,01636500
2011-12-14,4700.0,0.0,3.9,01636500
2011-12-15,4160.0,1.3,8.2,01636500
2011-12-16,3670.0,0.0,8.4,01636500
2011-12-17,3310.0,0.0,3.0,01636500
2011-12-18,3020.0,0.0,0.8,01636500
2011-12-19,2790.0,0.0,2.2,01636500
2011-12-20,2570.0,0.3,7.7,01636500
2011-12-21,2440.0,3.7,9.8,01636500
2011-12-22,2330.0,0.0,10.7,01636500
2011-12-23,2520.0,26.0,8.4,01636500
2011-12-24,3070.0,0.4,3.9,01636500
2011-12-25,4880.0,0.0,2.7,01636500
2011-12-26,4670.0,0.0,4.0,01636500
2011-12-27,4170.0,9.4,3.8,01636500
2011-12-28,4030.0,0.0,3.7,01636500
2011-12-29,3900.0,0.0,0.4,01636500
2011-12-30,4010.0,0.7,3.3,01636500
2011-12-31,3710.0,0.5,7.7,01636500
2012-01-01,3450.0,0.1,7.0,01636500
2012-01-02,3240.0,0.0,3.4,01636500
2012-01-03,3020.0,0.0,-1.8,01636500
2012-01-04,2790.0,0.0,-4.9,01636500
2012-01-05,2590.0,0.0,0.9,01636500
2012-01-06,2430.0,0.0,4.7,01636500
2012-01-07,2350.0,0.0,7.0,01636500
2012-01-08,2230.0,0.0,4.9,01636500
2012-01-09,2160.0,0.0,1.5,01636500
2012-01-10,2070.0,0.0,3.2,01636500
2012-01-11,2000.0,4.6,2.8,01636500
2012-01-12,2340.0,13.5,7.0,01636500
2012-01-13,4000.0,3.0,2.8,01636500
2012-01-14,7970.0,0.0,-1.7,01636500
2012-01-15,7450.0,0.0,-2.2,01636500
2012-01-16,6120.0,0.1,-1.4,01636500
2012-01-17,5130.0,3.9,6.4,01636500
2012-01-18,4420.0,0.0,4.5,01636500
2012-01-19,3920.0,0.0,-1.0,01636500
2012-01-20,3570.0,0.0,-1.1,01636500
2012-01-21,3270.0,7.0,-1.2,01636500
2012-01-22,2950.0,0.0,-2.0,01636500
2012-01-23,2840.0,1.3,1.2,01636500
2012-01-24,2880.0,0.0,5.6,01636500
2012-01-25,2780.0,0.0,3.1,01636500
2012-01-26,2690.0,2.3,4.0,01636500
2012-01-27,2610.0,6.8,11.3,01636500
2012-01-28,2560.0,0.0,5.1,01636500
2012-01-29,2500.0,0.0,3.1,01636500
2012-01-30,2550.0,0.0,2.4,01636500
2012-01-31,2470.0,0.0,6.8,01636500
2012-02-01,2400.0,0.9,10.3,01636500
2012-02-02,2340.0,4.5,8.5,01636500
2012-02-03,2310.0,0.0,4.0,01636500
2012-02-04,2340.0,3.1,2.6,01636500
2012-02-05,2560.0,2.8,2.2,01636500
2012-02-06,2380.0,0.0,2.8,01636500
2012-02-07,2440.0,0.0,4.4,01636500
2012-02-08,2330.0,4.1,2.0,01636500
2012-02-09,2290.0,0.2,1.8,01636500
2012-02-10,2240.0,0.5,1.7,01636500
2012-02-11,2210.0,3.9,1.6,01636500
2012-02-12,2170.0,0.2,-4.3,01636500
2012-02-13,2060.0,0.0,0.0,01636500
2012-02-14,1970.0,1.0,2.9,01636500
2012-02-15,1920.0,0.0,5.0,01636500
2012-02-16,1900.0,4.5,4.8,01636500
2012-02-17,1880.0,0.0,6.9,01636500
2012-02-18,1870.0,0.0,5.4,01636500
2012-02-19,1850.0,0.0,3.7,01636500
2012-02-20,1820.0,0.0,3.7,01636500
2012-02-21,1730.0,0.0,3.1,01636500
2012-02-22,1700.0,0.0,7.5,01636500
2012-02-23,1720.0,0.0,10.4,01636500
2012-02-24,1730.0,7.0,10.3,01636500
2012-02-25,1720.0,0.0,4.2,01636500
2012-02-26,1770.0,0.0,2.6,01636500
2012-02-27,1790.0,0.0,6.0,01636500
2012-02-28,1770.0,0.0,6.6,01636500
2012-02-29,1900.0,15.4,6.2,01636500
2012-03-01,3230.0,0.9,12.5,01636500
2012-03-02,5100.0,2.5,6.8,01636500
2012-03-03,8110.0,3.7,9.1,01636500
2012-03-04,8530.0,0.0,4.6,01636500
2012-03-05,8150.0,0.5,1.7,01636500
2012-03-06,6690.0,0.0,2.1,01636500
2012-03-07,5660.0,0.0,7.8,01636500
2012-03-08,4850.0,0.1,14.2,01636500
2012-03-09,4360.0,2.5,10.0,01636500
2012-03-10,3960.0,0.0,3.5,01636500
2012-03-11,3600.0,0.0,6.4,01636500
2012-03-12,3290.0,0.4,10.9,01636500
2012-03-13,3040.0,1.8,16.3,01636500
2012-03-14,2860.0,0.0,17.1,01636500
2012-03-15,2730.0,0.0,17.9,01636500
2012-03-16,2570.0,1.0,16.2,01636500
2012-03-17,2530.0,0.1,16.0,01636500
2012-03-18,2340.0,0.0,14.9,01636500
2012-03-19,2250.0,0.0,16.1,01636500
2012-03-20,2200.0,1.5,16.8,01636500
2012-03-21,2310.0,0.0,16.3,01636500
2012-03-22,2840.0,0.2,18.4,01636500
2012-03-23,3170.0,0.0,19.3,01636500
2012-03-24,3020.0,8.0,16.5,01636500
2012-03-25,3070.0,1.8,14.0,01636500
2012-03-26,3670.0,0.0,13.1,01636500
2012-03-27,7750.0,0.0,5.6,01636500
2012-03-28,6540.0,1.9,13.0,01636500
2012-03-29,5300.0,0.0,13.8,01636500
2012-03-30,4540.0,0.0,8.8,01636500
2012-03-31,4030.0,0.2,12.6,01636500
2012-04-01,3540.0,0.0,11.8,01636500
2012-04-02,3230.0,3.5,11.6,01636500
2012-04-03,2930.0,0.3,11.4,01636500
2012-04-04,2690.0,0.0,15.4,01636500
2012-04-05,2490.0,0.0,11.6,01636500
2012-04-06,2320.0,0.0,9.4,01636500
2012-04-07,2190.0,0.0,10.0,01636500
2012-04-08,2030.0,0.0,12.0,01636500
2012-04-09,1920.0,0.4,12.9,01636500
2012-04-10,1850.0,0.3,11.3,01636500
2012-04-11,1780.0,1.5,7.1,01636500
2012-04-12,1720.0,0.0,8.3,01636500
2012-04-13,1650.0,0.0,10.8,01636500
2012-04-14,1600.0,0.0,14.1,01636500
2012-04-15,1540.0,0.9,19.3,01636500
2012-04-16,1470.0,0.0,23.0,01636500
2012-04-17,1450.0,0.0,19.7,01636500
2012-04-18,1440.0,10.8,11.6,01636500
2012-04-19,1440.0,2.7,13.1,01636500
2012-04-20,1450.0,0.0,15.4,01636500
2012-04-21,1470.0,0.8,17.6,01636500
2012-04-22,1630.0,18.3,9.8,01636500
2012-04-23,1840.0,18.3,5.3,01636500
2012-04-24,2270.0,0.3,8.5,01636500
2012-04-25,2690.0,0.0,11.3,01636500
2012-04-26,2580.0,1.3,14.1,01636500
2012-04-27,2290.0,0.4,11.1,01636500
2012-04-28,2080.0,1.3,8.4,01636500
2012-04-29,2140.0,2.4,11.8,01636500
2012-04-30,2100.0,0.0,12.2,01636500
2012-05-01,2000.0,5.0,19.2,01636500
2012-05-02,1970.0,3.9,20.2,01636500
2012-05-03,1920.0,0.2,20.9,01636500
2012-05-04,1900.0,1.3,22.6,01636500
2012-05-05,1900.0,0.0,21.4,01636500
2012-05-06,1840.0,0.0,18.7,01636500
2012-05-07,1860.0,0.1,17.7,01636500
2012-05-08,1870.0,12.9,17.5,01636500
2012-05-09,1990.0,2.9,18.5,01636500
2012-05-10,1870.0,1.9,14.5,01636500
2012-05-11,1750.0,0.0,14.6,01636500
2012-05-12,1710.0,0.0,17.2,01636500
2012-05-13,1610.0,0.3,19.0,01636500
2012-05-14,1580.0,21.6,16.8,01636500
2012-05-15,1560.0,7.7,18.8,01636500
2012-05-16,1690.0,0.0,20.8,01636500
2012-05-17,5250.0,0.0,18.3,01636500
2012-05-18,5260.0,0.0,17.2,01636500
2012-05-19,3890.0,0.0,19.0,01636500
2012-05-20,3080.0,0.0,21.0,01636500
2012-05-21,2610.0,9.5,18.9,01636500
2012-05-22,2530.0,7.7,19.2,01636500
2012-05-23,2170.0,3.0,20.3,01636500
2012-05-24,2380.0,1.0,20.7,01636500
2012-05-25,2640.0,0.2,22.7,01636500
2012-05-26,2410.0,0.0,24.5,01636500
2012-05-27,2020.0,0.0,25.7,01636500
2012-05-28,2050.0,1.9,26.3,01636500
2012-05-29,1750.0,2.7,25.8,01636500
2012-05-30,1660.0,4.8,23.8,01636500
2012-05-31,1510.0,0.0,22.4,01636500
2012-06-01,1690.0,6.1,20.8,01636500
2012-06-02,1860.0,7.7,17.8,01636500
2012-06-03,1710.0,0.0,18.6,01636500
2012-06-04,1490.0,0.0,18.9,01636500
2012-06-05,1530.0,0.1,16.6,01636500
2012-06-06,1350.0,0.0,17.3,01636500
2012-06-07,1260.0,0.0,19.1,01636500
2012-06-08,1190.0,0.0,20.8,01636500
2012-06-09,1160.0,0.0,23.3,01636500
2012-06-10,1120.0,0.0,25.4,01636500
2012-06-11,1040.0,0.6,25.1,01636500
2012-06-12,1030.0,15.8,21.7,01636500
2012-06-13,1130.0,1.9,21.8,01636500
2012-06-14,1170.0,0.0,20.7,01636500
2012-06-15,1150.0,0.0,21.9,01636500
2012-06-16,1260.0,0.0,21.7,01636500
2012-06-17,1040.0,0.0,21.1,01636500
2012-06-18,949.0,12.2,18.9,01636500
2012-06-19,972.0,0.3,23.4,01636500
2012-06-20,1080.0,0.0,27.9,01636500
2012-06-21,1140.0,0.0,28.6,01636500
2012-06-22,1430.0,3.4,27.7,01636500
2012-06-23,1320.0,0.0,25.3,01636500
2012-06-24,1080.0,0.0,25.3,01636500
2012-06-25,932.0,0.3,24.6,01636500
2012-06-26,911.0,0.0,20.4,01636500
2012-06-27,894.0,0.0,22.8,01636500
2012-06-28,805.0,0.0,26.9,01636500
2012-06-29,765.0,1.9,30.8,01636500
2012-06-30,721.0,1.5,29.5,01636500
2012-07-01,694.0,0.3,29.3,01636500
2012-07-02,705.0,0.4,28.5,01636500
2012-07-03,688.0,0.2,28.7,01636500
2012-07-04,665.0,0.0,29.6,01636500
2012-07-05,621.0,0.3,31.4,01636500
2012-07-06,578.0,1.8,31.1,01636500
2012-07-07,538.0,0.0,33.0,01636500
2012-07-08,560.0,7.9,32.1,01636500
2012-07-09,666.0,0.7,27.1,01636500
2012-07-10,656.0,0.2,26.5,01636500
2012-07-11,649.0,0.3,25.9,01636500
2012-07-12,579.0,0.0,26.0,01636500
2012-07-13,628.0,0.0,24.6,01636500
2012-07-14,620.0,4.8,24.5,01636500
2012-07-15,561.0,7.4,25.9,01636500
2012-07-16,562.0,0.0,27.9,01636500
2012-07-17,532.0,0.0,29.9,01636500
2012-07-18,597.0,0.4,30.5,01636500
2012-07-19,768.0,6.6,28.4,01636500
2012-07-20,800.0,7.7,25.7,01636500
2012-07-21,753.0,12.6,19.3,01636500
2012-07-22,806.0,0.5,23.1,01636500
2012-07-23,1010.0,0.5,25.9,01636500
2012-07-24,1130.0,2.7,27.7,01636500
2012-07-25,1010.0,0.0,25.8,01636500
2012-07-26,974.0,0.0,28.9,01636500
2012-07-27,1160.0,0.3,29.1,01636500
2012-07-28,1620.0,0.0,27.7,01636500
2012-07-29,1170.0,0.0,26.3,01636500
2012-07-30,916.0,0.1,26.2,01636500
2012-07-31,827.0,3.2,26.1,01636500
2012-08-01,804.0,4.3,25.0,01636500
2012-08-02,886.0,1.3,26.8,01636500
2012-08-03,887.0,2.4,27.7,01636500
2012-08-04,863.0,0.0,28.1,01636500
2012-08-05,980.0,3.7,29.3,01636500
2012-08-06,928.0,9.9,26.6,01636500
2012-08-07,814.0,0.0,26.7,01636500
2012-08-08,967.0,0.1,27.3,01636500
2012-08-09,950.0,0.6,27.7,01636500
2012-08-10,898.0,16.0,25.2,01636500
2012-08-11,914.0,0.5,25.2,01636500
2012-08-12,923.0,0.2,23.6,01636500
2012-08-13,1030.0,0.0,24.9,01636500
2012-08-14,914.0,7.3,24.6,01636500
2012-08-15,829.0,1.9,23.5,01636500
2012-08-16,756.0,0.0,24.6,01636500
2012-08-17,1290.0,2.3,25.2,01636500
2012-08-18,1800.0,3.8,23.0,01636500
2012-08-19,1450.0,6.0,21.0,01636500
2012-08-20,1250.0,6.5,21.4,01636500
2012-08-21,1270.0,0.5,21.5,01636500
2012-08-22,1240.0,0.2,23.1,01636500
2012-08-23,1400.0,0.0,23.9,01636500
2012-08-24,1330.0,0.0,24.6,01636500
2012-08-25,1140.0,1.4,23.5,01636500
2012-08-26,1100.0,7.6,21.3,01636500
2012-08-27,1330.0,0.4,24.1,01636500
2012-08-28,1330.0,1.6,25.7,01636500
2012-08-29,1030.0,0.0,23.9,01636500
2012-08-30,1010.0,0.0,24.1,01636500
2012-08-31,890.0,0.0,26.6,01636500
2012-09-01,822.0,1.7,27.5,01636500
2012-09-02,777.0,12.2,24.4,01636500
2012-09-03,763.0,21.2,23.5,01636500
2012-09-04,825.0,9.1,23.7,01636500
2012-09-05,888.0,2.0,24.8,01636500
2012-09-06,776.0,0.3,24.7,01636500
2012-09-07,767.0,0.0,25.5,01636500
2012-09-08,794.0,8.0,23.8,01636500
2012-09-09,806.0,0.0,19.6,01636500
2012-09-10,964.0,0.0,18.6,01636500
2012-09-11,909.0,0.0,18.0,01636500
2012-09-12,815.0,0.0,19.6,01636500
2012-09-13,764.0,0.0,20.4,01636500
2012-09-14,718.0,0.0,20.9,01636500
2012-09-15,663.0,0.0,20.5,01636500
2012-09-16,637.0,0.0,18.7,01636500
2012-09-17,605.0,0.0,18.4,01636500
2012-09-18,757.0,30.2,20.3,01636500
2012-09-19,1520.0,1.0,17.2,01636500
2012-09-20,2460.0,0.0,16.2,01636500
2012-09-21,3770.0,0.0,18.8,01636500
2012-09-22,2980.0,0.0,21.5,01636500
2012-09-23,2210.0,0.0,16.6,01636500
2012-09-24,1760.0,0.0,14.9,01636500
2012-09-25,1430.0,0.0,15.5,01636500
2012-09-26,1220.0,0.8,20.2,01636500
2012-09-27,1080.0,4.2,20.7,01636500
2012-09-28,1080.0,11.4,19.3,01636500
2012-09-29,1440.0,0.0,16.4,01636500
2012-09-30,1150.0,0.0,15.7,01636500
2012-10-01,1010.0,0.0,15.0,01636500
2012-10-02,1020.0,7.4,17.0,01636500
2012-10-03,1030.0,0.0,22.0,01636500
2012-10-04,1000.0,0.0,22.0,01636500
2012-10-05,992.0,0.0,20.3,01636500
2012-10-06,1030.0,0.0,17.7,01636500
2012-10-07,938.0,7.0,10.8,01636500
2012-10-08,859.0,2.9,7.5,01636500
2012-10-09,804.0,0.2,11.1,01636500
2012-10-10,762.0,0.0,14.2,01636500
2012-10-11,739.0,0.0,11.2,01636500
2012-10-12,727.0,0.0,10.8,01636500
2012-10-13,706.0,0.0,8.6,01636500
2012-10-14,674.0,0.0,14.5,01636500
2012-10-15,677.0,10.0,18.3,01636500
2012-10-16,677.0,0.0,13.0,01636500
2012-10-17,674.0,0.0,13.0,01636500
2012-10-18,646.0,0.0,14.4,01636500
2012-10-19,768.0,4.8,16.8,01636500
2012-10-20,828.0,0.0,14.1,01636500
2012-10-21,811.0,0.0,12.1,01636500
2012-10-22,734.0,0.0,12.8,01636500
2012-10-23,709.0,0.0,16.6,01636500
2012-10-24,672.0,0.0,18.8,01636500
2012-10-25,648.0,0.0,18.3,01636500
2012-10-26,634.0,0.5,17.4,01636500
2012-10-27,625.0,0.0,16.9,01636500
2012-10-28,619.0,0.9,14.8,01636500
2012-10-29,1000.0,59.5,9.5,01636500
2012-10-30,13800.0,38.4,5.9,01636500
2012-10-31,14200.0,1.0,6.3,01636500
2012-11-01,6170.0,0.0,7.3,01636500
2012-11-02,3720.0,0.0,7.0,01636500
2012-11-03,2790.0,0.0,5.9,01636500
2012-11-04,2270.0,0.0,5.4,01636500
2012-11-05,1970.0,0.0,5.2,01636500
2012-11-06,1750.0,0.0,3.5,01636500
2012-11-07,1590.0,0.0,3.5,01636500
2012-11-08,1470.0,0.0,5.5,01636500
2012-11-09,1370.0,0.0,7.0,01636500
2012-11-10,1290.0,0.0,8.6,01636500
2012-11-11,1230.0,0.0,11.1,01636500
2012-11-12,1190.0,0.0,13.9,01636500
2012-11-13,1330.0,17.8,8.9,01636500
2012-11-14,1770.0,0.0,3.9,01636500
2012-11-15,1650.0,0.0,3.9,01636500
2012-11-16,1660.0,0.0,5.5,01636500
2012-11-17,1630.0,0.0,5.2,01636500
2012-11-18,1540.0,0.0,5.3,01636500
2012-11-19,1470.0,0.0,6.3,01636500
2012-11-20,1390.0,0.0,6.4,01636500
2012-11-21,1330.0,0.0,6.6,01636500
2012-11-22,1280.0,0.0,6.2,01636500
2012-11-23,1210.0,0.0,7.2,01636500
2012-11-24,1140.0,0.0,4.0,01636500
2012-11-25,1090.0,0.0,1.4,01636500
2012-11-26,1040.0,0.0,3.7,01636500
2012-11-27,1040.0,7.0,3.6,01636500
2012-11-28,1030.0,0.0,3.0,01636500
2012-11-29,1010.0,0.0,2.4,01636500
2012-11-30,976.0,0.0,3.1,01636500
2012-12-01,960.0,0.0,4.7,01636500
2012-12-02,934.0,1.9,6.7,01636500
2012-12-03,915.0,0.7,12.2,01636500
2012-12-04,893.0,0.0,13.8,01636500
2012-12-05,871.0,0.7,12.2,01636500
2012-12-06,845.0,0.0,3.1,01636500
2012-12-07,824.0,3.0,4.1,01636500
2012-12-08,819.0,0.0,9.4,01636500
2012-12-09,845.0,6.1,8.9,01636500
2012-12-10,876.0,3.0,11.4,01636500
2012-12-11,927.0,1.7,7.6,01636500
2012-12-12,888.0,0.0,3.8,01636500
2012-12-13,861.0,0.0,3.0,01636500
2012-12-14,838.0,0.0,2.8,01636500
2012-12-15,833.0,0.0,3.8,01636500
2012-12-16,810.0,1.8,6.3,01636500
2012-12-17,808.0,4.2,8.4,01636500
2012-12-18,824.0,1.9,9.3,01636500
2012-12-19,815.0,0.0,5.9,01636500
2012-12-20,809.0,1.9,4.6,01636500
2012-12-21,941.0,17.5,4.9,01636500
2012-12-22,991.0,0.0,2.0,01636500
2012-12-23,1070.0,0.0,2.2,01636500
2012-12-24,1060.0,6.1,1.3,01636500
2012-12-25,1200.0,0.6,2.7,01636500
2012-12-26,1270.0,26.9,0.4,01636500
2012-12-27,1540.0,10.9,1.8,01636500
2012-12-28,1770.0,0.0,-0.2,01636500
2012-12-29,1780.0,8.1,0.1,01636500
2012-12-30,1810.0,0.0,0.2,01636500
2012-12-31,1790.0,0.0,-3.2,01636500
2013-01-01,1710.0,0.0,1.4,01636500
2013-01-02,1660.0,0.0,-1.2,01636500
2013-01-03,1600.0,0.0,-2.1,01636500
2013-01-04,1570.0,0.0,-1.3,01636500
2013-01-05,1530.0,0.0,0.7,01636500
2013-01-06,1510.0,0.1,1.9,01636500
2013-01-07,1510.0,0.0,2.0,01636500
2013-01-08,1510.0,0.0,-0.0,01636500
2013-01-09,1520.0,0.0,2.7,01636500
2013-01-10,1510.0,0.0,4.6,01636500
2013-01-11,1550.0,3.5,4.0,01636500
2013-01-12,1630.0,0.1,6.6,01636500
2013-01-13,1810.0,0.1,11.2,01636500
2013-01-14,1910.0,1.2,12.1,01636500
2013-01-15,2020.0,7.7,4.0,01636500
2013-01-16,3440.0,20.6,2.2,01636500
2013-01-17,7210.0,0.3,4.4,01636500
2013-01-18,8140.0,0.5,1.2,01636500
2013-01-19,7070.0,0.0,3.2,01636500
2013-01-20,5570.0,0.0,5.9,01636500
2013-01-21,4520.0,0.0,1.1,01636500
2013-01-22,3760.0,0.0,-5.1,01636500
2013-01-23,3220.0,0.0,-7.0,01636500
2013-01-24,2730.0,1.0,-4.9,01636500
2013-01-25,2420.0,2.6,-6.2,01636500
2013-01-26,2140.0,0.0,-3.7,01636500
2013-01-27,2120.0,0.0,-1.8,01636500
2013-01-28,1910.0,4.1,1.2,01636500
2013-01-29,1910.0,0.0,9.9,01636500
2013-01-30,2090.0,0.8,14.2,01636500
2013-01-31,12800.0,31.6,7.6,01636500
2013-02-01,21900.0,2.0,-2.2,01636500
2013-02-02,12900.0,0.0,-5.1,01636500
2013-02-03,8790.0,0.2,-1.2,01636500
2013-02-04,6880.0,0.0,-1.8,01636500
2013-02-05,5340.0,1.4,0.8,01636500
2013-02-06,4440.0,0.0,0.9,01636500
2013-02-07,3760.0,0.0,0.3,01636500
2013-02-08,3360.0,2.9,1.8,01636500
2013-02-09,2930.0,0.0,-0.6,01636500
2013-02-10,2760.0,0.0,0.6,01636500
2013-02-11,2560.0,5.2,6.1,01636500
2013-02-12,2390.0,0.0,7.2,01636500
2013-02-13,2240.0,1.8,3.5,01636500
2013-02-14,2190.0,2.5,3.0,01636500
2013-02-15,2130.0,2.6,5.0,01636500
2013-02-16,2080.0,2.7,1.8,01636500
2013-02-17,1960.0,0.0,-1.5,01636500
2013-02-18,1860.0,0.0,-2.0,01636500
2013-02-19,1800.0,2.3,3.0,01636500
2013-02-20,1730.0,0.0,0.5,01636500
2013-02-21,1710.0,0.0,-1.4,01636500
2013-02-22,1680.0,1.6,-0.8,01636500
2013-02-23,1660.0,0.0,2.1,01636500
2013-02-24,1620.0,0.1,3.9,01636500
2013-02-25,1520.0,0.0,1.9,01636500
2013-02-26,1540.0,7.5,1.5,01636500
2013-02-27,1930.0,15.5,6.6,01636500
2013-02-28,2730.0,0.0,4.8,01636500
2013-03-01,2890.0,0.0,2.8,01636500
2013-03-02,2820.0,0.0,1.1,01636500
2013-03-03,2600.0,0.0,0.7,01636500
2013-03-04,2440.0,0.0,0.8,01636500
2013-03-05,2300.0,0.0,2.4,01636500
2013-03-06,2310.0,22.5,2.4,01636500
2013-03-07,2450.0,0.0,2.4,01636500
2013-03-08,2740.0,0.0,2.9,01636500
2013-03-09,3010.0,0.0,4.5,01636500
2013-03-10,2940.0,0.0,7.3,01636500
2013-03-11,3920.0,0.2,9.4,01636500
2013-03-12,6110.0,24.6,11.8,01636500
2013-03-13,14700.0,0.8,5.1,01636500
2013-03-14,17400.0,0.0,2.2,01636500
2013-03-15,11600.0,0.0,4.7,01636500
2013-03-16,8640.0,4.2,6.5,01636500
2013-03-17,7000.0,0.0,3.7,01636500
2013-03-18,6090.0,11.3,1.7,01636500
2013-03-19,5790.0,4.1,4.6,01636500
2013-03-20,6010.0,0.0,3.9,01636500
2013-03-21,7080.0,0.0,1.0,01636500
2013-03-22,6880.0,0.0,1.3,01636500
2013-03-23,6110.0,0.0,3.2,01636500
2013-03-24,5300.0,0.5,2.6,01636500
2013-03-25,4870.0,12.7,1.7,01636500
2013-03-26,4780.0,0.9,2.8,01636500
2013-03-27,4750.0,0.6,3.5,01636500
2013-03-28,4650.0,0.6,4.1,01636500
2013-03-29,4450.0,0.1,5.8,01636500
2013-03-30,4220.0,0.0,6.9,01636500
2013-03-31,4090.0,5.3,6.8,01636500
2013-04-01,4080.0,0.0,8.6,01636500
2013-04-02,4030.0,0.0,3.7,01636500
2013-04-03,3940.0,0.0,3.3,01636500
2013-04-04,3800.0,0.0,2.8,01636500
2013-04-05,3630.0,2.1,7.7,01636500
2013-04-06,3510.0,0.0,6.8,01636500
2013-04-07,3390.0,0.0,10.1,01636500
2013-04-08,3240.0,0.0,16.4,01636500
2013-04-09,3050.0,0.0,20.1,01636500
2013-04-10,2890.0,1.6,21.7,01636500
2013-04-11,2790.0,0.0,21.3,01636500
2013-04-12,2780.0,19.6,17.6,01636500
2013-04-13,3110.0,0.0,13.7,01636500
2013-04-14,3950.0,0.0,12.1,01636500
2013-04-15,4680.0,1.6,13.4,01636500
2013-04-16,4330.0,0.0,16.7,01636500
2013-04-17,3970.0,2.3,17.4,01636500
2013-04-18,3690.0,0.6,17.8,01636500
2013-04-19,3370.0,9.2,19.2,01636500
2013-04-20,3350.0,17.6,10.9,01636500
2013-04-21,4210.0,0.0,7.5,01636500
2013-04-22,4920.0,0.0,7.9,01636500
2013-04-23,4780.0,0.0,9.6,01636500
2013-04-24,4180.0,0.0,14.3,01636500
2013-04-25,3710.0,2.4,11.9,01636500
2013-04-26,3330.0,0.0,11.5,01636500
2013-04-27,2960.0,0.0,13.4,01636500
2013-04-28,2660.0,2.4,12.7,01636500
2013-04-29,2520.0,0.5,13.3,01636500
2013-04-30,2430.0,0.1,13.6,01636500
2013-05-01,2340.0,0.0,15.0,01636500
2013-05-02,2220.0,0.0,13.8,01636500
2013-05-03,2070.0,0.0,13.9,01636500
2013-05-04,1960.0,0.0,12.3,01636500
2013-05-05,1850.0,0.0,12.1,01636500
2013-05-06,1820.0,0.2,11.8,01636500
2013-05-07,1890.0,19.1,14.3,01636500
2013-05-08,11100.0,17.4,15.7,01636500
2013-05-09,35900.0,0.3,15.8,01636500
2013-05-10,22600.0,0.3,18.8,01636500
2013-05-11,14500.0,7.4,19.2,01636500
2013-05-12,12000.0,0.0,15.0,01636500
2013-05-13,9450.0,0.0,9.8,01636500
2013-05-14,7440.0,0.0,10.1,01636500
2013-05-15,6000.0,2.2,17.2,01636500
2013-05-16,5110.0,0.0,22.3,01636500
2013-05-17,4420.0,0.0,20.9,01636500
2013-05-18,3830.0,7.1,17.7,01636500
2013-05-19,3410.0,0.1,17.7,01636500
2013-05-20,3130.0,0.9,21.2,01636500
2013-05-21,2920.0,0.0,23.6,01636500
2013-05-22,2760.0,2.7,24.8,01636500
2013-05-23,3070.0,13.4,22.3,01636500
2013-05-24,3740.0,0.7,15.1,01636500
2013-05-25,4010.0,0.0,11.9,01636500
2013-05-26,3960.0,0.0,14.3,01636500
2013-05-27,3610.0,0.0,15.4,01636500
2013-05-28,3100.0,0.9,18.6,01636500
2013-05-29,2740.0,0.0,23.9,01636500
2013-05-30,2560.0,0.0,25.5,01636500
2013-05-31,2320.0,0.0,26.1,01636500
2013-06-01,2050.0,0.0,26.5,01636500
2013-06-02,1980.0,4.5,25.9,01636500
2013-06-03,2320.0,16.1,22.2,01636500
2013-06-04,2610.0,0.0,19.3,01636500
2013-06-05,2060.0,0.0,20.0,01636500
2013-06-06,1880.0,16.9,18.2,01636500
2013-06-07,2050.0,32.6,18.1,01636500
2013-06-08,2730.0,1.6,20.4,01636500
2013-06-09,4030.0,1.5,21.8,01636500
2013-06-10,4090.0,19.9,21.3,01636500
2013-06-11,6220.0,5.2,22.1,01636500
2013-06-12,14300.0,0.4,24.2,01636500
2013-06-13,10900.0,6.7,24.4,01636500
2013-06-14,9190.0,0.4,20.2,01636500
2013-06-15,6700.0,0.0,21.2,01636500
2013-06-16,5210.0,0.0,22.3,01636500
2013-06-17,4200.0,0.3,24.0,01636500
2013-06-18,3620.0,2.6,22.7,01636500
2013-06-19,4600.0,0.0,21.0,01636500
2013-06-20,5890.0,0.0,21.2,01636500
2013-06-21,4210.0,0.0,22.0,01636500
2013-06-22,3340.0,0.0,23.5,01636500
2013-06-23,2750.0,2.3,23.5,01636500
2013-06-24,2600.0,2.1,26.2,01636500
2013-06-25,2330.0,0.0,27.2,01636500
2013-06-26,2160.0,3.4,26.6,01636500
2013-06-27,2370.0,5.4,23.8,01636500
2013-06-28,2280.0,1.6,24.4,01636500
2013-06-29,2200.0,0.0,24.5,01636500
2013-06-30,2020.0,2.9,25.0,01636500
2013-07-01,1770.0,5.5,23.6,01636500
2013-07-02,1660.0,1.6,24.2,01636500
2013-07-03,1620.0,6.6,23.9,01636500
2013-07-04,1580.0,0.3,25.6,01636500
2013-07-05,1550.0,0.0,27.1,01636500
2013-07-06,1590.0,0.0,28.0,01636500
2013-07-07,1550.0,6.8,27.6,01636500
2013-07-08,1560.0,0.5,25.2,01636500
2013-07-09,1410.0,7.6,24.8,01636500
2013-07-10,1370.0,1.4,26.2,01636500
2013-07-11,1340.0,0.6,25.7,01636500
2013-07-12,1390.0,19.9,21.1,01636500
2013-07-13,7960.0,0.0,23.3,01636500
2013-07-14,9010.0,0.1,26.2,01636500
2013-07-15,5330.0,0.0,27.6,01636500
2013-07-16,4050.0,0.0,29.0,01636500
2013-07-17,3260.0,0.0,29.3,01636500
2013-07-18,2690.0,2.6,29.8,01636500
2013-07-19,2330.0,3.4,28.8,01636500
2013-07-20,2100.0,6.9,28.1,01636500
2013-07-21,1850.0,4.1,26.1,01636500
2013-07-22,2090.0,7.7,25.3,01636500
2013-07-23,3090.0,6.4,25.1,01636500
2013-07-24,3880.0,0.3,25.1,01636500
2013-07-25,2660.0,0.0,21.7,01636500
2013-07-26,2110.0,0.0,22.8,01636500
2013-07-27,1850.0,1.6,23.1,01636500
2013-07-28,1700.0,0.8,23.0,01636500
2013-07-29,1560.0,0.0,22.6,01636500
2013-07-30,1520.0,0.0,22.2,01636500
2013-07-31,1430.0,0.0,23.0,01636500
2013-08-01,1320.0,8.2,23.4,01636500
2013-08-02,1370.0,0.0,24.4,01636500
2013-08-03,1330.0,4.4,22.7,01636500
2013-08-04,1310.0,0.0,22.1,01636500
2013-08-05,1210.0,0.0,21.3,01636500
2013-08-06,1160.0,0.7,22.1,01636500
2013-08-07,1070.0,4.0,22.8,01636500
2013-08-08,1020.0,1.3,24.9,01636500
2013-08-09,1080.0,8.3,25.0,01636500
2013-08-10,1070.0,0.2,24.9,01636500
2013-08-11,1010.0,0.0,25.6,01636500
2013-08-12,975.0,0.0,25.7,01636500
2013-08-13,983.0,7.5,25.2,01636500
2013-08-14,1060.0,0.2,20.5,01636500
2013-08-15,1080.0,0.0,19.4,01636500
2013-08-16,993.0,0.0,21.1,01636500
2013-08-17,893.0,0.0,21.4,01636500
2013-08-18,836.0,9.1,19.4,01636500
2013-08-19,837.0,0.0,20.7,01636500
2013-08-20,858.0,0.0,24.0,01636500
2013-08-21,986.0,4.0,25.1,01636500
2013-08-22,1170.0,0.2,24.5,01636500
2013-08-23,1060.0,2.7,22.7,01636500
2013-08-24,1420.0,0.0,21.6,01636500
2013-08-25,1760.0,0.0,22.4,01636500
2013-08-26,1780.0,0.0,23.7,01636500
2013-08-27,1540.0,2.6,25.6,01636500
2013-08-28,1230.0,16.5,23.6,01636500
2013-08-29,1160.0,2.3,24.2,01636500
2013-08-30,1120.0,0.0,25.2,01636500
2013-08-31,1100.0,0.0,26.4,01636500
2013-09-01,1160.0,0.2,26.4,01636500
2013-09-02,1290.0,0.3,26.5,01636500
2013-09-03,1270.0,1.2,23.9,01636500
2013-09-04,1120.0,0.0,21.9,01636500
2013-09-05,1040.0,0.0,22.2,01636500
2013-09-06,1010.0,0.0,19.8,01636500
2013-09-07,933.0,0.0,20.7,01636500
2013-09-08,891.0,0.0,23.4,01636500
2013-09-09,862.0,0.0,22.0,01636500
2013-09-10,795.0,0.0,25.8,01636500
2013-09-11,802.0,0.4,27.9,01636500
2013-09-12,780.0,1.2,26.5,01636500
2013-09-13,768.0,3.8,21.6,01636500
2013-09-14,755.0,0.0,17.0,01636500
2013-09-15,719.0,0.0,17.1,01636500
2013-09-16,699.0,2.3,18.2,01636500
2013-09-17,699.0,0.0,16.3,01636500
2013-09-18,685.0,0.0,15.6,01636500
2013-09-19,673.0,0.0,17.2,01636500
2013-09-20,683.0,0.0,19.8,01636500
2013-09-21,687.0,5.6,19.6,01636500
2013-09-22,683.0,6.3,17.1,01636500
2013-09-23,753.0,0.0,15.3,01636500
2013-09-24,760.0,0.0,15.0,01636500
2013-09-25,752.0,0.0,16.5,01636500
2013-09-26,738.0,0.0,17.9,01636500
2013-09-27,712.0,0.0,17.4,01636500
2013-09-28,681.0,0.0,17.3,01636500
2013-09-29,657.0,0.0,17.8,01636500
2013-09-30,673.0,0.0,18.1,01636500
2013-10-01,672.0,0.0,20.1,01636500
2013-10-02,666.0,0.0,21.7,01636500
2013-10-03,666.0,0.0,22.1,01636500
2013-10-04,664.0,0.2,23.1,01636500
2013-10-05,664.0,0.0,23.8,01636500
2013-10-06,659.0,0.0,24.6,01636500
2013-10-07,665.0,21.2,21.2,01636500
2013-10-08,667.0,0.0,15.4,01636500
2013-10-09,695.0,0.0,14.2,01636500
2013-10-10,1010.0,34.9,12.5,01636500
2013-10-11,2400.0,33.8,12.9,01636500
2013-10-12,3730.0,18.0,16.1,01636500
2013-10-13,3660.0,7.5,15.6,01636500
2013-10-14,3720.0,0.1,15.7,01636500
2013-10-15,3400.0,0.0,16.1,01636500
2013-10-16,2600.0,0.2,16.5,01636500
2013-10-17,2210.0,0.2,18.0,01636500
2013-10-18,1870.0,1.0,14.6,01636500
2013-10-19,1590.0,0.0,13.0,01636500
2013-10-20,1410.0,0.0,11.7,01636500
2013-10-21,1270.0,0.0,11.3,01636500
2013-10-22,1210.0,0.0,12.3,01636500
2013-10-23,1130.0,0.2,9.2,01636500
2013-10-24,1040.0,0.0,6.6,01636500
2013-10-25,998.0,0.0,5.9,01636500
2013-10-26,944.0,0.0,6.2,01636500
2013-10-27,859.0,0.0,9.5,01636500
2013-10-28,864.0,0.0,9.6,01636500
2013-10-29,889.0,0.0,9.8,01636500
2013-10-30,852.0,2.6,12.2,01636500
2013-10-31,818.0,0.6,15.9,01636500
2013-11-01,831.0,5.5,19.4,01636500
2013-11-02,829.0,0.2,13.8,01636500
2013-11-03,776.0,0.0,9.6,01636500
2013-11-04,764.0,0.0,4.7,01636500
2013-11-05,762.0,0.0,6.6,01636500
2013-11-06,743.0,0.0,12.4,01636500
2013-11-07,733.0,7.0,12.2,01636500
2013-11-08,692.0,0.0,6.8,01636500
2013-11-09,665.0,0.0,5.4,01636500
2013-11-10,683.0,0.0,8.4,01636500
2013-11-11,681.0,0.0,7.4,01636500
2013-11-12,670.0,0.0,5.7,01636500
2013-11-13,662.0,0.0,1.3,01636500
2013-11-14,653.0,0.0,3.5,01636500
2013-11-15,651.0,0.0,5.4,01636500
2013-11-16,629.0,2.2,9.0,01636500
2013-11-17,638.0,0.0,12.2,01636500
2013-11-18,677.0,2.8,14.5,01636500
2013-11-19,688.0,0.0,7.0,01636500
2013-11-20,689.0,0.0,3.1,01636500
2013-11-21,711.0,0.0,3.6,01636500
2013-11-22,665.0,0.6,9.1,01636500
2013-11-23,653.0,0.0,7.4,01636500
2013-11-24,628.0,0.0,-1.5,01636500
2013-11-25,644.0,0.0,-2.5,01636500
2013-11-26,683.0,13.0,0.0,01636500
2013-11-27,1030.0,31.7,2.2,01636500
2013-11-28,1720.0,0.0,-0.9,01636500
2013-11-29,2690.0,0.0,0.0,01636500
2013-11-30,2660.0,0.0,-0.9,01636500
2013-12-01,2060.0,0.0,0.6,01636500
2013-12-02,1710.0,0.0,4.0,01636500
2013-12-03,1520.0,0.0,5.7,01636500
2013-12-04,1420.0,0.0,7.2,01636500
2013-12-05,1310.0,0.0,12.6,01636500
2013-12-06,1270.0,18.5,9.7,01636500
2013-12-07,1340.0,14.1,2.9,01636500
2013-12-08,2300.0,8.3,-1.3,01636500
2013-12-09,3790.0,12.1,0.3,01636500
2013-12-10,4630.0,9.6,0.1,01636500
2013-12-11,6730.0,0.0,-3.3,01636500
2013-12-12,6590.0,0.0,-5.2,01636500
2013-12-13,5260.0,0.0,-4.8,01636500
2013-12-14,4240.0,7.1,0.1,01636500
2013-12-15,3720.0,6.5,1.7,01636500
2013-12-16,3500.0,0.0,-1.8,01636500
2013-12-17,3470.0,1.2,0.3,01636500
2013-12-18,3170.0,0.0,-0.5,01636500
2013-12-19,3040.0,0.0,0.0,01636500
2013-12-20,2940.0,0.0,5.9,01636500
2013-12-21,3160.0,0.1,11.9,01636500
2013-12-22,3670.0,6.8,18.9,01636500
2013-12-23,4700.0,20.2,12.6,01636500
2013-12-24,6340.0,0.0,1.9,01636500
2013-12-25,8000.0,0.0,-3.3,01636500
2013-12-26,7220.0,0.0,-0.7,01636500
2013-12-27,5830.0,0.0,1.2,01636500
2013-12-28,4830.0,0.0,3.2,01636500
2013-12-29,4550.0,25.5,3.8,01636500
2013-12-30,11900.0,0.0,3.6,01636500
2013-12-31,14800.0,0.0,-0.0,01636500
2014-01-01,9420.0,0.0,0.6,01636500
2014-01-02,6890.0,2.5,0.8,01636500
2014-01-03,6160.0,6.2,-6.3,01636500
2014-01-04,5260.0,0.0,-7.4,01636500
2014-01-05,4430.0,5.4,-1.8,01636500
2014-01-06,4400.0,6.2,2.7,01636500
2014-01-07,5380.0,0.0,-13.4,01636500
2014-01-08,5060.0,0.0,-7.5,01636500
2014-01-09,4380.0,0.0,-1.8,01636500
2014-01-10,4080.0,3.2,0.1,01636500
2014-01-11,3860.0,4.9,6.1,01636500
2014-01-12,4360.0,0.0,4.9,01636500
2014-01-13,5260.0,0.0,3.2,01636500
2014-01-14,5470.0,5.3,6.9,01636500
2014-01-15,5070.0,0.0,1.9,01636500
2014-01-16,4800.0,0.0,1.1,01636500
2014-01-17,4370.0,0.0,1.2,01636500
2014-01-18,3990.0,2.1,-1.3,01636500
2014-01-19,3690.0,0.0,-1.3,01636500
2014-01-20,3450.0,0.0,2.3,01636500
2014-01-21,3300.0,11.5,-1.1,01636500
2014-01-22,3170.0,1.1,-10.8,01636500
2014-01-23,2860.0,0.0,-10.3,01636500
2014-01-24,2630.0,0.0,-10.7,01636500
2014-01-25,2400.0,0.0,-5.1,01636500
2014-01-26,2250.0,0.2,-4.8,01636500
2014-01-27,2160.0,0.0,-0.7,01636500
2014-01-28,2150.0,0.0,-10.7,01636500
2014-01-29,2160.0,0.4,-10.5,01636500
2014-01-30,2130.0,0.0,-8.7,01636500
2014-01-31,2120.0,0.0,-1.7,01636500
2014-02-01,2100.0,0.0,1.3,01636500
2014-02-02,2100.0,0.0,3.8,01636500
2014-02-03,2790.0,31.0,2.4,01636500
2014-02-04,8820.0,0.0,-3.3,01636500
2014-02-05,15000.0,23.6,0.4,01636500
2014-02-06,13800.0,0.0,-3.4,01636500
2014-02-07,11600.0,0.0,-3.6,01636500
2014-02-08,9150.0,0.0,-4.4,01636500
2014-02-09,7540.0,0.9,-1.8,01636500
2014-02-10,6400.0,0.3,-3.8,01636500
2014-02-11,5540.0,0.0,-8.0,01636500
2014-02-12,4820.0,0.0,-7.8,01636500
2014-02-13,4480.0,30.5,-2.9,01636500
2014-02-14,4190.0,1.3,2.0,01636500
2014-02-15,4070.0,3.8,0.0,01636500
2014-02-16,4020.0,0.1,-4.5,01636500
2014-02-17,3850.0,0.0,-5.1,01636500
2014-02-18,3600.0,2.2,0.9,01636500
2014-02-19,3570.0,2.6,4.2,01636500
2014-02-20,5450.0,0.0,4.3,01636500
2014-02-21,9400.0,8.5,7.8,01636500
2014-02-22,12300.0,0.0,3.9,01636500
2014-02-23,14200.0,0.0,5.1,01636500
2014-02-24,11200.0,4.2,2.0,01636500
2014-02-25,8880.0,1.3,-0.3,01636500
2014-02-26,7390.0,0.9,-1.7,01636500
2014-02-27,6340.0,0.0,-3.4,01636500
2014-02-28,5560.0,0.0,-7.1,01636500
2014-03-01,4910.0,0.0,-1.6,01636500
2014-03-02,4450.0,6.9,2.5,01636500
2014-03-03,4400.0,15.7,-5.2,01636500
2014-03-04,4620.0,0.0,-9.4,01636500
2014-03-05,6010.0,0.0,-1.6,01636500
2014-03-06,5620.0,0.0,-2.1,01636500
2014-03-07,5370.0,0.0,0.2,01636500
2014-03-08,5450.0,0.0,4.2,01636500
2014-03-09,5540.0,0.0,4.6,01636500
2014-03-10,5700.0,0.0,6.1,01636500
2014-03-11,5700.0,0.0,10.6,01636500
2014-03-12,5440.0,4.7,10.6,01636500
2014-03-13,5150.0,0.0,-2.2,01636500
2014-03-14,4830.0,0.0,2.5,01636500
2014-03-15,4540.0,0.0,9.5,01636500
2014-03-16,4240.0,0.7,3.8,01636500
2014-03-17,4100.0,9.5,-2.0,01636500
2014-03-18,4020.0,0.0,-0.8,01636500
2014-03-19,3960.0,0.5,2.4,01636500
2014-03-20,4190.0,0.0,6.4,01636500
2014-03-21,4900.0,0.3,6.0,01636500
2014-03-22,5740.0,0.0,9.3,01636500
2014-03-23,5700.0,0.0,5.1,01636500
2014-03-24,5330.0,0.0,-0.1,01636500
2014-03-25,4920.0,7.8,-0.4,01636500
2014-03-26,4640.0,0.0,-2.0,01636500
2014-03-27,4310.0,0.0,0.6,01636500
2014-03-28,4120.0,2.6,8.9,01636500
2014-03-29,3920.0,5.6,9.0,01636500
2014-03-30,5400.0,20.5,5.7,01636500
2014-03-31,6750.0,0.2,8.6,01636500
2014-04-01,8450.0,0.0,9.5,01636500
2014-04-02,7560.0,1.2,12.1,01636500
2014-04-03,6640.0,0.4,12.5,01636500
2014-04-04,5930.0,9.6,11.0,01636500
2014-04-05,5370.0,2.3,9.7,01636500
2014-04-06,4870.0,0.0,7.0,01636500
2014-04-07,4460.0,10.7,5.9,01636500
2014-04-08,4270.0,1.2,11.2,01636500
2014-04-09,4420.0,0.0,10.2,01636500
2014-04-10,4470.0,0.0,11.3,01636500
2014-04-11,4080.0,3.0,16.2,01636500
2014-04-12,3850.0,3.3,15.1,01636500
2014-04-13,3630.0,0.0,18.9,01636500
2014-04-14,3420.0,0.0,20.1,01636500
2014-04-15,3390.0,33.4,14.6,01636500
2014-04-16,3830.0,0.7,3.3,01636500
2014-04-17,5080.0,0.0,6.0,01636500
2014-04-18,5230.0,0.0,6.9,01636500
2014-04-19,4690.0,0.0,11.1,01636500
2014-04-20,4300.0,0.0,11.6,01636500
2014-04-21,3940.0,0.0,11.6,01636500
2014-04-22,3660.0,1.3,14.8,01636500
2014-04-23,3440.0,0.0,11.3,01636500
2014-04-24,3210.0,0.0,9.3,01636500
2014-04-25,3080.0,6.2,12.0,01636500
2014-04-26,3600.0,2.8,14.3,01636500
2014-04-27,4210.0,0.0,12.4,01636500
2014-04-28,4170.0,3.5,11.3,01636500
2014-04-29,3940.0,11.4,8.7,01636500
2014-04-30,5360.0,38.0,11.3,01636500
2014-05-01,12700.0,6.5,17.3,01636500
2014-05-02,13800.0,0.0,13.7,01636500
2014-05-03,10500.0,0.2,13.7,01636500
2014-05-04,8290.0,0.7,14.8,01636500
2014-05-05,6830.0,0.3,11.8,01636500
2014-05-06,5830.0,1.8,14.1,01636500
2014-05-07,5180.0,1.1,14.2,01636500
2014-05-08,4640.0,0.0,19.2,01636500
2014-05-09,4190.0,0.0,21.2,01636500
2014-05-10,3840.0,8.1,21.1,01636500
2014-05-11,3640.0,3.1,19.4,01636500
2014-05-12,3410.0,0.8,21.2,01636500
2014-05-13,3220.0,2.2,23.2,01636500
2014-05-14,3230.0,1.8,19.0,01636500
2014-05-15,3630.0,4.4,20.7,01636500
2014-05-16,21700.0,57.6,16.4,01636500
2014-05-17,42800.0,0.0,13.2,01636500
2014-05-18,21300.0,0.0,12.5,01636500
2014-05-19,13200.0,0.0,14.0,01636500
2014-05-20,9690.0,0.0,15.8,01636500
2014-05-21,7660.0,0.0,19.3,01636500
2014-05-22,6410.0,9.6,21.1,01636500
2014-05-23,5430.0,0.0,18.4,01636500
2014-05-24,4660.0,0.0,16.6,01636500
2014-05-25,4080.0,0.0,19.1,01636500
2014-05-26,3630.0,0.0,21.3,01636500
2014-05-27,3380.0,1.6,23.2,01636500
2014-05-28,3180.0,5.3,23.3,01636500
2014-05-29,3060.0,16.8,15.5,01636500
2014-05-30,3080.0,0.5,16.1,01636500
2014-05-31,2870.0,0.0,19.0,01636500
2014-06-01,2730.0,0.0,18.4,01636500
2014-06-02,2550.0,0.0,19.8,01636500
2014-06-03,2380.0,0.7,22.5,01636500
2014-06-04,2230.0,0.0,23.8,01636500
2014-06-05,2310.0,5.7,21.0,01636500
2014-06-06,2230.0,0.0,19.1,01636500
2014-06-07,2310.0,0.0,20.4,01636500
2014-06-08,2200.0,1.9,21.8,01636500
2014-06-09,3880.0,4.0,22.1,01636500
2014-06-10,3450.0,0.8,23.1,01636500
2014-06-11,2580.0,3.3,23.9,01636500
2014-06-12,2750.0,11.0,21.0,01636500
2014-06-13,2660.0,5.0,22.5,01636500
2014-06-14,2980.0,0.0,20.1,01636500
2014-06-15,2590.0,0.0,19.7,01636500
2014-06-16,2240.0,0.0,23.7,01636500
2014-06-17,2120.0,0.0,26.4,01636500
2014-06-18,2090.0,0.0,27.9,01636500
2014-06-19,2040.0,2.3,25.6,01636500
2014-06-20,1860.0,0.0,22.3,01636500
2014-06-21,1930.0,6.1,20.2,01636500
2014-06-22,1950.0,0.1,21.4,01636500
2014-06-23,2180.0,0.0,22.6,01636500
2014-06-24,2920.0,0.0,23.9,01636500
2014-06-25,2200.0,3.6,25.5,01636500
2014-06-26,1890.0,4.7,24.3,01636500
2014-06-27,1860.0,0.3,24.4,01636500
2014-06-28,1790.0,0.0,24.2,01636500
2014-06-29,1550.0,0.0,24.0,01636500
2014-06-30,2080.0,0.0,25.4,01636500
2014-07-01,2070.0,2.2,27.6,01636500
2014-07-02,1700.0,12.4,28.2,01636500
2014-07-03,1620.0,19.8,25.4,01636500
2014-07-04,1760.0,5.4,21.9,01636500
2014-07-05,1880.0,0.0,21.0,01636500
2014-07-06,2520.0,0.0,22.7,01636500
2014-07-07,2080.0,0.0,26.3,01636500
2014-07-08,1670.0,1.3,28.0,01636500
2014-07-09,1480.0,6.0,26.1,01636500
2014-07-10,1370.0,0.7,24.5,01636500
2014-07-11,1360.0,0.0,23.6,01636500
2014-07-12,1350.0,0.0,25.5,01636500
2014-07-13,1320.0,0.5,27.3,01636500
2014-07-14,1470.0,5.8,25.7,01636500
2014-07-15,1600.0,7.6,25.1,01636500
2014-07-16,1410.0,1.1,23.0,01636500
2014-07-17,1340.0,0.0,21.6,01636500
2014-07-18,1220.0,0.0,21.8,01636500
2014-07-19,1150.0,1.4,22.7,01636500
2014-07-20,1050.0,0.1,22.2,01636500
2014-07-21,1040.0,0.7,24.0,01636500
2014-07-22,1020.0,0.6,25.2,01636500
2014-07-23,1110.0,0.0,27.6,01636500
2014-07-24,1070.0,6.4,24.2,01636500
2014-07-25,1100.0,0.0,22.8,01636500
2014-07-26,1170.0,0.2,24.0,01636500
2014-07-27,1140.0,2.6,26.1,01636500
2014-07-28,1160.0,8.2,23.2,01636500
2014-07-29,1270.0,0.0,19.5,01636500
2014-07-30,1400.0,0.0,19.8,01636500
2014-07-31,1200.0,0.1,22.4,01636500
2014-08-01,1060.0,1.1,22.3,01636500
2014-08-02,984.0,0.1,22.6,01636500
2014-08-03,961.0,2.6,23.2,01636500
2014-08-04,984.0,2.1,23.2,01636500
2014-08-05,911.0,0.0,25.0,01636500
2014-08-06,888.0,3.2,23.8,01636500
2014-08-07,913.0,0.0,23.5,01636500
2014-08-08,987.0,0.0,22.9,01636500
2014-08-09,850.0,1.1,23.6,01636500
2014-08-10,833.0,0.0,23.9,01636500
2014-08-11,814.0,4.5,23.0,01636500
2014-08-12,932.0,32.1,20.6,01636500
2014-08-13,1030.0,0.9,22.1,01636500
2014-08-14,1370.0,0.2,21.2,01636500
2014-08-15,1300.0,0.0,19.9,01636500
2014-08-16,1180.0,0.0,20.7,01636500
2014-08-17,994.0,0.0,23.6,01636500
2014-08-18,910.0,2.4,23.6,01636500
2014-08-19,856.0,0.3,23.3,01636500
2014-08-20,848.0,3.5,24.4,01636500
2014-08-21,915.0,5.3,24.0,01636500
2014-08-22,928.0,4.3,23.6,01636500
2014-08-23,864.0,5.5,21.9,01636500
2014-08-24,954.0,0.2,21.1,01636500
2014-08-25,910.0,0.0,22.1,01636500
2014-08-26,913.0,0.0,22.4,01636500
2014-08-27,981.0,0.0,24.6,01636500
2014-08-28,971.0,0.0,24.6,01636500
2014-08-29,847.0,0.0,21.2,01636500
2014-08-30,774.0,0.2,22.4,01636500
2014-08-31,758.0,6.5,25.3,01636500
2014-09-01,771.0,6.2,25.1,01636500
2014-09-02,838.0,1.5,26.4,01636500
2014-09-03,738.0,0.0,25.2,01636500
2014-09-04,714.0,0.3,25.0,01636500
2014-09-05,650.0,0.4,26.2,01636500
2014-09-06,621.0,7.2,26.3,01636500
2014-09-07,711.0,0.0,22.2,01636500
2014-09-08,621.0,0.2,20.0,01636500
2014-09-09,620.0,0.0,20.1,01636500
2014-09-10,618.0,0.0,21.7,01636500
2014-09-11,644.0,0.3,24.4,01636500
2014-09-12,654.0,0.0,21.0,01636500
2014-09-13,655.0,13.3,17.3,01636500
2014-09-14,637.0,0.0,16.1,01636500
2014-09-15,597.0,0.0,17.0,01636500
2014-09-16,601.0,0.1,19.4,01636500
2014-09-17,582.0,0.0,17.9,01636500
2014-09-18,572.0,0.0,18.9,01636500
2014-09-19,587.0,0.0,17.8,01636500
2014-09-20,569.0,0.0,20.3,01636500
2014-09-21,555.0,0.0,21.9,01636500
2014-09-22,546.0,0.0,19.5,01636500
2014-09-23,532.0,0.0,15.7,01636500
2014-09-24,517.0,0.2,16.4,01636500
2014-09-25,527.0,8.4,16.7,01636500
2014-09-26,601.0,0.0,18.6,01636500
2014-09-27,552.0,0.0,19.2,01636500
2014-09-28,516.0,0.0,20.4,01636500
2014-09-29,498.0,0.0,20.3,01636500
2014-09-30,517.0,0.5,19.6,01636500
2014-10-01,516.0,6.9,18.1,01636500
2014-10-02,502.0,0.3,18.0,01636500
2014-10-03,516.0,2.0,17.6,01636500
2014-10-04,509.0,2.8,16.6,01636500
2014-10-05,470.0,0.0,10.9,01636500
2014-10-06,449.0,0.0,13.6,01636500
2014-10-07,462.0,0.5,17.2,01636500
2014-10-08,497.0,2.8,17.4,01636500
2014-10-09,515.0,0.0,15.8,01636500
2014-10-10,515.0,6.8,13.7,01636500
2014-10-11,554.0,14.8,12.7,01636500
2014-10-12,614.0,0.0,12.8,01636500
2014-10-13,648.0,1.0,15.4,01636500
2014-10-14,617.0,0.0,20.1,01636500
2014-10-15,910.0,33.9,20.0,01636500
2014-10-16,2280.0,0.8,15.2,01636500
2014-10-17,3060.0,0.0,16.3,01636500
2014-10-18,2380.0,0.0,15.5,01636500
2014-10-19,1740.0,0.0,10.9,01636500
2014-10-20,1330.0,0.0,10.6,01636500
2014-10-21,1080.0,3.3,13.5,01636500
2014-10-22,999.0,14.7,10.9,01636500
2014-10-23,917.0,0.0,12.9,01636500
2014-10-24,852.0,0.0,13.4,01636500
2014-10-25,812.0,0.0,13.3,01636500
2014-10-26,775.0,0.0,14.7,01636500
2014-10-27,723.0,0.0,12.8,01636500
2014-10-28,688.0,0.0,17.4,01636500
2014-10-29,691.0,3.7,15.7,01636500
2014-10-30,675.0,0.0,10.6,01636500
2014-10-31,658.0,0.0,9.8,01636500
2014-11-01,660.0,2.3,8.6,01636500
2014-11-02,673.0,0.0,6.0,01636500
2014-11-03,645.0,0.0,7.8,01636500
2014-11-04,640.0,0.0,11.3,01636500
2014-11-05,614.0,0.7,13.5,01636500
2014-11-06,701.0,15.4,12.9,01636500
2014-11-07,642.0,0.0,9.0,01636500
2014-11-08,656.0,0.0,5.2,01636500
2014-11-09,644.0,0.0,8.6,01636500
2014-11-10,644.0,0.0,8.9,01636500
2014-11-11,664.0,0.0,11.3,01636500
2014-11-12,621.0,0.0,11.3,01636500
2014-11-13,599.0,0.8,4.6,01636500
2014-11-14,577.0,1.0,1.9,01636500
2014-11-15,586.0,0.0,1.3,01636500
2014-11-16,576.0,0.5,2.1,01636500
2014-11-17,617.0,20.1,4.4,01636500
2014-11-18,617.0,0.0,-1.2,01636500
2014-11-19,630.0,0.0,-2.9,01636500
2014-11-20,627.0,0.0,1.6,01636500
2014-11-21,657.0,0.0,-0.4,01636500
2014-11-22,686.0,0.0,0.3,01636500
2014-11-23,654.0,0.0,4.5,01636500
2014-11-24,676.0,7.4,14.8,01636500
2014-11-25,684.0,0.0,11.6,01636500
2014-11-26,799.0,25.1,4.0,01636500
2014-11-27,1000.0,0.1,0.9,01636500
2014-11-28,1280.0,0.0,-1.2,01636500
2014-11-29,1320.0,0.0,0.0,01636500
2014-11-30,1420.0,0.0,5.3,01636500
2014-12-01,1310.0,4.0,12.4,01636500
2014-12-02,1310.0,3.1,3.3,01636500
2014-12-03,1420.0,3.2,5.8,01636500
2014-12-04,1690.0,0.0,3.4,01636500
2014-12-05,2160.0,5.7,2.8,01636500
2014-12-06,2270.0,8.9,5.7,01636500
2014-12-07,2570.0,2.6,3.7,01636500
2014-12-08,3440.0,0.0,0.4,01636500
2014-12-09,3900.0,17.7,1.7,01636500
2014-12-10,3820.0,0.0,3.9,01636500
2014-12-11,3450.0,0.0,1.2,01636500
2014-12-12,2950.0,0.0,2.3,01636500
2014-12-13,2590.0,0.0,2.5,01636500
2014-12-14,2280.0,0.0,5.1,01636500
2014-12-15,2050.0,0.0,7.8,01636500
2014-12-16,1920.0,4.0,5.3,01636500
2014-12-17,1860.0,0.0,5.7,01636500
2014-12-18,1620.0,0.0,1.9,01636500
2014-12-19,1470.0,0.0,1.1,01636500
2014-12-20,1450.0,0.0,-0.1,01636500
2014-12-21,1310.0,0.0,0.8,01636500
2014-12-22,1280.0,2.7,-0.5,01636500
2014-12-23,1250.0,3.0,2.0,01636500
2014-12-24,1370.0,18.2,6.3,01636500
2014-12-25,1500.0,1.5,8.6,01636500
2014-12-26,1650.0,0.0,4.2,01636500
2014-12-27,1830.0,0.0,4.9,01636500
2014-12-28,1790.0,1.8,7.9,01636500
2014-12-29,1680.0,0.0,4.7,01636500
2014-12-30,1620.0,0.0,1.7,01636500
2014-12-31,1580.0,0.0,-1.3,01636500
2015-01-01,1520.0,0.0,-0.8,01636500
2015-01-02,1470.0,0.0,1.4,01636500
2015-01-03,1430.0,5.1,0.8,01636500
2015-01-04,1750.0,6.2,8.6,01636500
2015-01-05,2460.0,0.4,2.7,01636500
2015-01-06,2780.0,3.1,-2.5,01636500
2015-01-07,2670.0,0.0,-6.3,01636500
2015-01-08,2280.0,0.0,-10.6,01636500
2015-01-09,2020.0,0.2,-3.3,01636500
2015-01-10,1910.0,0.0,-7.5,01636500
2015-01-11,1780.0,0.0,-4.5,01636500
2015-01-12,2170.0,13.1,1.4,01636500
2015-01-13,2280.0,3.1,-0.3,01636500
2015-01-14,2160.0,1.0,-2.5,01636500
2015-01-15,2070.0,0.0,-0.3,01636500
2015-01-16,1930.0,0.0,0.5,01636500
2015-01-17,1770.0,0.0,-0.4,01636500
2015-01-18,1700.0,0.7,2.3,01636500
2015-01-19,1610.0,0.0,2.2,01636500
2015-01-20,1550.0,1.1,1.6,01636500
2015-01-21,1480.0,2.9,-0.1,01636500
2015-01-22,1480.0,0.7,0.9,01636500
2015-01-23,1450.0,0.2,0.8,01636500
2015-01-24,1620.0,16.4,1.4,01636500
2015-01-25,2790.0,0.0,2.4,01636500
2015-01-26,3400.0,6.6,1.5,01636500
2015-01-27,3640.0,2.7,-2.3,01636500
2015-01-28,3490.0,0.0,-5.2,01636500
2015-01-29,3230.0,0.7,-3.6,01636500
2015-01-30,2840.0,0.3,0.2,01636500
2015-01-31,2550.0,0.0,-6.9,01636500
2015-02-01,2300.0,0.0,-1.6,01636500
2015-02-02,2200.0,9.3,2.3,01636500
2015-02-03,2100.0,0.0,-5.2,01636500
2015-02-04,2120.0,0.0,-1.2,01636500
2015-02-05,2180.0,0.0,-1.6,01636500
2015-02-06,2140.0,0.0,-4.7,01636500
2015-02-07,2100.0,0.0,0.8,01636500
2015-02-08,2040.0,0.0,3.6,01636500
2015-02-09,1990.0,0.2,3.6,01636500
2015-02-10,1930.0,2.3,0.6,01636500
2015-02-11,1890.0,0.0,0.3,01636500
2015-02-12,1850.0,0.1,1.0,01636500
2015-02-13,1790.0,0.0,-7.3,01636500
2015-02-14,1720.0,0.2,-2.8,01636500
2015-02-15,1540.0,0.1,-11.2,01636500
2015-02-16,1610.0,1.6,-12.3,01636500
2015-02-17,1420.0,5.7,-7.8,01636500
2015-02-18,1860.0,0.6,-6.7,01636500
2015-02-19,1830.0,0.0,-11.1,01636500
2015-02-20,1640.0,0.0,-14.4,01636500
2015-02-21,1800.0,14.0,-10.2,01636500
2015-02-22,1780.0,6.1,2.9,01636500
2015-02-23,1790.0,0.0,-3.2,01636500
2015-02-24,1810.0,0.0,-10.0,01636500
2015-02-25,1800.0,0.0,-3.5,01636500
2015-02-26,1800.0,2.1,-1.7,01636500
2015-02-27,1800.0,0.0,-3.2,01636500
2015-02-28,1780.0,0.0,-6.2,01636500
2015-03-01,1720.0,4.4,-4.4,01636500
2015-03-02,1700.0,0.9,0.8,01636500
2015-03-03,1580.0,1.3,-2.6,01636500
2015-03-04,1580.0,10.7,3.9,01636500
2015-03-05,3130.0,35.8,-0.4,01636500
2015-03-06,7080.0,0.2,-9.3,01636500
2015-03-07,8600.0,0.0,-6.4,01636500
2015-03-08,6710.0,0.0,3.2,01636500
2015-03-09,6220.0,0.0,4.5,01636500
2015-03-10,7500.0,8.2,4.8,01636500
2015-03-11,9330.0,4.8,7.6,01636500
2015-03-12,11100.0,0.0,6.7,01636500
2015-03-13,10100.0,0.0,4.9,01636500
2015-03-14,8470.0,16.2,7.4,01636500
2015-03-15,7440.0,0.0,8.0,01636500
2015-03-16,6640.0,0.0,8.5,01636500
2015-03-17,5800.0,1.3,11.9,01636500
2015-03-18,5130.0,0.0,3.0,01636500
2015-03-19,4590.0,0.0,3.7,01636500
2015-03-20,4260.0,17.7,2.4,01636500
2015-03-21,4270.0,0.0,4.9,01636500
2015-03-22,4380.0,0.0,6.6,01636500
2015-03-23,4330.0,0.0,2.7,01636500
2015-03-24,3960.0,0.0,2.7,01636500
2015-03-25,3640.0,0.4,3.2,01636500
2015-03-26,3420.0,0.9,11.6,01636500
2015-03-27,3360.0,8.7,6.3,01636500
2015-03-28,3220.0,0.0,0.5,01636500
2015-03-29,3340.0,0.0,0.5,01636500
2015-03-30,3540.0,0.3,6.2,01636500
2015-03-31,3270.0,0.9,8.0,01636500
2015-04-01,3090.0,0.0,7.1,01636500
2015-04-02,2830.0,0.0,10.2,01636500
2015-04-03,2670.0,10.9,15.7,01636500
2015-04-04,2570.0,10.7,11.0,01636500
2015-04-05,2440.0,0.0,9.2,01636500
2015-04-06,2580.0,0.0,12.6,01636500
2015-04-07,2900.0,2.8,16.0,01636500
2015-04-08,2930.0,5.4,10.9,01636500
2015-04-09,2960.0,4.4,7.6,01636500
2015-04-10,3060.0,1.1,10.8,01636500
2015-04-11,3660.0,0.0,12.6,01636500
2015-04-12,4290.0,0.0,11.1,01636500
2015-04-13,4120.0,0.0,15.5,01636500
2015-04-14,3840.0,11.0,14.3,01636500
2015-04-15,4060.0,0.0,12.9,01636500
2015-04-16,7450.0,0.0,13.7,01636500
2015-04-17,8520.0,0.7,16.4,01636500
2015-04-18,6840.0,0.0,18.3,01636500
2015-04-19,5770.0,0.6,15.7,01636500
2015-04-20,5930.0,30.3,15.9,01636500
2015-04-21,11700.0,4.6,14.3,01636500
2015-04-22,13800.0,0.8,12.2,01636500
2015-04-23,9630.0,0.0,8.1,01636500
2015-04-24,7390.0,0.0,7.1,01636500
2015-04-25,6090.0,0.5,7.2,01636500
2015-04-26,5250.0,6.2,9.0,01636500
2015-04-27,4770.0,0.1,9.9,01636500
2015-04-28,4590.0,0.0,11.4,01636500
2015-04-29,4110.0,0.0,14.2,01636500
2015-04-30,3760.0,1.1,15.0,01636500
2015-05-01,3630.0,2.0,13.0,01636500
2015-05-02,3650.0,1.5,14.6,01636500
2015-05-03,3780.0,0.0,17.2,01636500
2015-05-04,3750.0,0.0,19.2,01636500
2015-05-05,3370.0,3.6,20.4,01636500
2015-05-06,3120.0,0.9,20.3,01636500
2015-05-07,3430.0,0.7,19.4,01636500
2015-05-08,3630.0,0.0,21.4,01636500
2015-05-09,3740.0,0.0,20.6,01636500
2015-05-10,3140.0,0.0,21.8,01636500
2015-05-11,2700.0,0.0,22.6,01636500
2015-05-12,2450.0,0.0,23.6,01636500
2015-05-13,2270.0,0.0,17.1,01636500
2015-05-14,2140.0,0.0,14.6,01636500
2015-05-15,2100.0,0.0,17.7,01636500
2015-05-16,1990.0,3.7,22.1,01636500
2015-05-17,2010.0,4.0,22.0,01636500
2015-05-18,2010.0,3.2,24.2,01636500
2015-05-19,2040.0,5.7,23.7,01636500
2015-05-20,2040.0,0.0,18.2,01636500
2015-05-21,2050.0,3.3,13.0,01636500
2015-05-22,2280.0,0.0,15.4,01636500
2015-05-23,2090.0,0.0,15.9,01636500
2015-05-24,1900.0,0.0,18.9,01636500
2015-05-25,1790.0,0.0,22.4,01636500
2015-05-26,1630.0,0.0,24.0,01636500
2015-05-27,1510.0,0.2,25.1,01636500
2015-05-28,1510.0,0.0,25.1,01636500
2015-05-29,1420.0,0.0,24.5,01636500
2015-05-30,1390.0,0.0,25.3,01636500
2015-05-31,1330.0,0.3,25.7,01636500
2015-06-01,1350.0,4.9,23.8,01636500
2015-06-02,1820.0,17.8,16.8,01636500
2015-06-03,1950.0,0.0,15.3,01636500
2015-06-04,1890.0,3.7,14.7,01636500
2015-06-05,1840.0,1.5,16.6,01636500
2015-06-06,1690.0,0.2,20.4,01636500
2015-06-07,1620.0,0.0,20.0,01636500
2015-06-08,1550.0,8.4,23.2,01636500
2015-06-09,1520.0,2.8,23.5,01636500
2015-06-10,1750.0,0.0,22.7,01636500
2015-06-11,1530.0,0.4,25.5,01636500
2015-06-12,1300.0,1.6,26.8,01636500
2015-06-13,1250.0,3.6,26.0,01636500
2015-06-14,1120.0,4.8,25.7,01636500
2015-06-15,1150.0,1.5,26.3,01636500
2015-06-16,1180.0,0.0,27.0,01636500
2015-06-17,1040.0,0.4,24.4,01636500
2015-06-18,1060.0,16.4,24.5,01636500
2015-06-19,1080.0,3.1,24.9,01636500
2015-06-20,1180.0,4.6,24.9,01636500
2015-06-21,1600.0,6.8,26.0,01636500
2015-06-22,1350.0,0.0,26.4,01636500
2015-06-23,1260.0,2.2,27.0,01636500
2015-06-24,1260.0,0.0,24.1,01636500
2015-06-25,1160.0,0.2,23.3,01636500
2015-06-26,1060.0,18.8,21.6,01636500
2015-06-27,1160.0,31.6,20.1,01636500
2015-06-28,1350.0,9.6,19.7,01636500
2015-06-29,4330.0,0.0,20.4,01636500
2015-06-30,4920.0,1.0,22.8,01636500
2015-07-01,3340.0,0.0,23.5,01636500
2015-07-02,2620.0,9.9,21.0,01636500
2015-07-03,2160.0,0.8,21.1,01636500
2015-07-04,1860.0,9.9,21.4,01636500
2015-07-05,1710.0,1.7,22.6,01636500
2015-07-06,1570.0,6.6,23.0,01636500
2015-07-07,1580.0,0.1,25.3,01636500
2015-07-08,1570.0,16.5,24.5,01636500
2015-07-09,1730.0,0.2,25.7,01636500
2015-07-10,1650.0,0.0,24.1,01636500
2015-07-11,1470.0,7.7,24.1,01636500
2015-07-12,1450.0,0.0,23.2,01636500
2015-07-13,1550.0,2.3,22.3,01636500
2015-07-14,6810.0,7.2,23.3,01636500
2015-07-15,3980.0,2.3,23.5,01636500
2015-07-16,2730.0,0.0,21.7,01636500
2015-07-17,2230.0,0.0,22.8,01636500
2015-07-18,1870.0,0.0,26.2,01636500
2015-07-19,1620.0,0.0,27.6,01636500
2015-07-20,1460.0,0.0,28.1,01636500
2015-07-21,1370.0,1.3,27.1,01636500
2015-07-22,1140.0,0.0,24.4,01636500
2015-07-23,1150.0,0.0,23.4,01636500
2015-07-24,1110.0,0.0,23.5,01636500
2015-07-25,1120.0,0.0,24.7,01636500
2015-07-26,963.0,0.0,26.2,01636500
2015-07-27,917.0,7.7,26.1,01636500
2015-07-28,1000.0,0.1,25.9,01636500
2015-07-29,1120.0,0.5,26.1,01636500
2015-07-30,1170.0,2.1,27.3,01636500
2015-07-31,1110.0,0.0,26.5,01636500
2015-08-01,1070.0,0.0,26.0,01636500
2015-08-02,1090.0,0.0,25.2,01636500
2015-08-03,939.0,0.0,26.1,01636500
2015-08-04,869.0,0.0,26.7,01636500
2015-08-05,772.0,0.0,26.3,01636500
2015-08-06,770.0,5.0,23.2,01636500
2015-08-07,782.0,7.2,21.8,01636500
2015-08-08,724.0,0.0,23.5,01636500
2015-08-09,728.0,0.1,24.5,01636500
2015-08-10,764.0,0.4,23.6,01636500
2015-08-11,919.0,23.7,23.9,01636500
2015-08-12,841.0,0.0,23.5,01636500
2015-08-13,879.0,0.0,22.3,01636500
2015-08-14,863.0,0.0,23.0,01636500
2015-08-15,771.0,0.0,25.1,01636500
2015-08-16,679.0,0.0,26.3,01636500
2015-08-17,679.0,0.0,27.3,01636500
2015-08-18,660.0,0.3,26.5,01636500
2015-08-19,625.0,3.0,25.6,01636500
2015-08-20,677.0,6.9,25.1,01636500
2015-08-21,721.0,6.8,23.8,01636500
2015-08-22,645.0,0.0,22.6,01636500
2015-08-23,583.0,0.0,22.6,01636500
2015-08-24,681.0,0.0,25.2,01636500
2015-08-25,682.0,0.0,23.8,01636500
2015-08-26,612.0,0.0,21.4,01636500
2015-08-27,571.0,0.0,20.6,01636500
2015-08-28,573.0,0.0,21.8,01636500
2015-08-29,553.0,0.0,24.2,01636500
2015-08-30,519.0,0.0,25.3,01636500
2015-08-31,496.0,0.0,26.3,01636500
2015-09-01,513.0,0.0,27.1,01636500
2015-09-02,507.0,17.1,26.7,01636500
2015-09-03,510.0,1.3,25.6,01636500
2015-09-04,561.0,3.0,26.0,01636500
2015-09-05,585.0,0.2,24.9,01636500
2015-09-06,551.0,0.0,23.9,01636500
2015-09-07,545.0,0.0,24.5,01636500
2015-09-08,520.0,0.0,26.4,01636500
2015-09-09,534.0,0.0,26.8,01636500
2015-09-10,547.0,6.1,22.5,01636500
2015-09-11,529.0,0.0,21.7,01636500
2015-09-12,577.0,9.7,20.1,01636500
2015-09-13,639.0,0.0,17.8,01636500
2015-09-14,741.0,0.0,17.5,01636500
2015-09-15,818.0,0.0,19.8,01636500
2015-09-16,688.0,0.0,21.1,01636500
2015-09-17,627.0,0.0,22.0,01636500
2015-09-18,568.0,0.0,22.4,01636500
2015-09-19,546.0,0.0,23.0,01636500
2015-09-20,509.0,0.0,21.8,01636500
2015-09-21,498.0,3.2,17.6,01636500
2015-09-22,515.0,4.4,17.5,01636500
2015-09-23,602.0,0.0,18.7,01636500
2015-09-24,460.0,0.0,19.4,01636500
2015-09-25,511.0,0.0,18.9,01636500
2015-09-26,579.0,0.0,18.9,01636500
2015-09-27,519.0,3.0,17.6,01636500
2015-09-28,522.0,1.9,19.9,01636500
2015-09-29,590.0,22.4,20.6,01636500
2015-09-30,1430.0,39.8,20.9,01636500
2015-10-01,7310.0,3.3,14.2,01636500
2015-10-02,5470.0,15.2,11.4,01636500
2015-10-03,4060.0,34.8,9.0,01636500
2015-10-04,10000.0,0.4,12.2,01636500
2015-10-05,15900.0,0.0,14.0,01636500
2015-10-06,11700.0,0.0,15.1,01636500
2015-10-07,7900.0,0.0,18.2,01636500
2015-10-08,5640.0,0.0,18.3,01636500
2015-10-09,4180.0,2.5,19.4,01636500
2015-10-10,3300.0,0.6,15.6,01636500
2015-10-11,2760.0,0.0,13.6,01636500
2015-10-12,2400.0,0.0,15.4,01636500
2015-10-13,2150.0,0.4,17.2,01636500
2015-10-14,1920.0,0.0,15.7,01636500
2015-10-15,1740.0,0.0,13.8,01636500
2015-10-16,1590.0,0.0,12.6,01636500
2015-10-17,1480.0,0.0,9.7,01636500
2015-10-18,1370.0,0.0,6.5,01636500
2015-10-19,1310.0,0.0,6.7,01636500
2015-10-20,1240.0,0.0,11.4,01636500
2015-10-21,1200.0,0.0,14.5,01636500
2015-10-22,1190.0,0.0,16.4,01636500
2015-10-23,1160.0,0.0,15.7,01636500
2015-10-24,1120.0,0.0,11.8,01636500
2015-10-25,1080.0,0.1,15.1,01636500
2015-10-26,1030.0,0.0,11.2,01636500
2015-10-27,1030.0,0.3,9.2,01636500
2015-10-28,1080.0,17.5,14.1,01636500
2015-10-29,1420.0,1.2,16.8,01636500
2015-10-30,2240.0,0.0,10.5,01636500
2015-10-31,4350.0,0.0,9.3,01636500
2015-11-01,3830.0,0.6,13.6,01636500
2015-11-02,3060.0,0.0,14.3,01636500
2015-11-03,2510.0,0.0,13.1,01636500
2015-11-04,2150.0,0.0,14.8,01636500
2015-11-05,1910.0,0.0,17.1,01636500
2015-11-06,1730.0,0.6,19.1,01636500
2015-11-07,1610.0,0.1,16.1,01636500
2015-11-08,1500.0,0.0,10.6,01636500
2015-11-09,1430.0,4.9,7.1,01636500
2015-11-10,1580.0,13.8,9.7,01636500
2015-11-11,1860.0,0.0,12.0,01636500
2015-11-12,2180.0,4.8,11.1,01636500
2015-11-13,2940.0,0.0,11.9,01636500
2015-11-14,2940.0,0.0,7.3,01636500
2015-11-15,2670.0,0.0,8.1,01636500
2015-11-16,2310.0,0.0,10.7,01636500
2015-11-17,2090.0,0.0,9.9,01636500
2015-11-18,1910.0,0.3,11.7,01636500
2015-11-19,1850.0,16.3,15.7,01636500
2015-11-20,2030.0,0.0,10.2,01636500
2015-11-21,3070.0,0.0,6.0,01636500
2015-11-22,4260.0,0.0,6.2,01636500
2015-11-23,3690.0,0.0,1.8,01636500
2015-11-24,3110.0,0.0,3.8,01636500
2015-11-25,2680.0,0.0,4.9,01636500
2015-11-26,2370.0,0.0,7.5,01636500
2015-11-27,2100.0,0.0,10.9,01636500
2015-11-28,1930.0,1.3,11.6,01636500
2015-11-29,1850.0,9.5,8.6,01636500
2015-11-30,1850.0,2.3,4.7,01636500
2015-12-01,1940.0,18.1,5.3,01636500
2015-12-02,2740.0,11.0,9.1,01636500
2015-12-03,5280.0,0.0,6.6,01636500
2015-12-04,7070.0,0.0,4.7,01636500
2015-12-05,6220.0,0.0,4.4,01636500
2015-12-06,5070.0,0.0,4.4,01636500
2015-12-07,4220.0,0.0,4.1,01636500
2015-12-08,3630.0,0.0,5.2,01636500
2015-12-09,3220.0,0.0,5.8,01636500
2015-12-10,2920.0,0.6,8.4,01636500
2015-12-11,2650.0,0.0,10.5,01636500
2015-12-12,2420.0,0.0,12.2,01636500
2015-12-13,2260.0,0.0,14.1,01636500
2015-12-14,2120.0,2.7,15.6,01636500
2015-12-15,1980.0,2.0,14.0,01636500
2015-12-16,1910.0,0.0,8.0,01636500
2015-12-17,1900.0,11.9,8.2,01636500
2015-12-18,1920.0,0.0,5.6,01636500
2015-12-19,2030.0,0.0,1.5,01636500
2015-12-20,2290.0,0.0,1.4,01636500
2015-12-21,2220.0,0.4,5.0,01636500
2015-12-22,2100.0,5.0,11.2,01636500
2015-12-23,2050.0,14.3,12.5,01636500
2015-12-24,2080.0,3.9,18.3,01636500
2015-12-25,2240.0,16.2,15.0,01636500
2015-12-26,4400.0,3.2,13.1,01636500
2015-12-27,6160.0,0.2,14.4,01636500
2015-12-28,6060.0,3.1,7.7,01636500
2015-12-29,6160.0,9.0,7.6,01636500
2015-12-30,6640.0,0.0,8.6,01636500
2015-12-31,6930.0,1.6,8.8,01636500
2016-01-01,6320.0,0.0,4.3,01636500
2016-01-02,5550.0,0.0,2.4,01636500
2016-01-03,4790.0,0.0,2.9,01636500
2016-01-04,4190.0,0.0,0.7,01636500
2016-01-05,3700.0,0.0,-5.1,01636500
2016-01-06,3300.0,0.0,-2.9,01636500
2016-01-07,2930.0,0.0,0.1,01636500
2016-01-08,2680.0,0.2,1.1,01636500
2016-01-09,2520.0,0.7,4.3,01636500
2016-01-10,2980.0,18.4,8.5,01636500
2016-01-11,3760.0,0.0,-0.3,01636500
2016-01-12,5040.0,0.3,-0.2,01636500
2016-01-13,5050.0,0.0,-4.4,01636500
2016-01-14,4460.0,0.0,-0.1,01636500
2016-01-15,4050.0,0.6,2.9,01636500
2016-01-16,3780.0,12.1,5.0,01636500
2016-01-17,3690.0,0.5,0.9,01636500
2016-01-18,3800.0,0.0,-4.7,01636500
2016-01-19,3440.0,0.0,-7.9,01636500
2016-01-20,3010.0,0.0,-5.3,01636500
2016-01-21,2870.0,0.0,-3.2,01636500
2016-01-22,2800.0,6.8,-4.5,01636500
2016-01-23,1890.0,54.9,-5.1,01636500
2016-01-24,1530.0,1.6,-4.6,01636500
2016-01-25,2430.0,0.0,-6.2,01636500
2016-01-26,3060.0,0.0,2.3,01636500
2016-01-27,4030.0,0.0,2.1,01636500
2016-01-28,4020.0,0.0,-4.2,01636500
2016-01-29,4210.0,0.3,-0.0,01636500
2016-01-30,4480.0,0.0,-3.2,01636500
2016-01-31,4210.0,0.0,4.0,01636500
2016-02-01,4690.0,4.5,4.7,01636500
2016-02-02,8710.0,0.0,1.5,01636500
2016-02-03,13400.0,10.5,6.3,01636500
2016-02-04,21800.0,0.1,5.5,01636500
2016-02-05,21700.0,0.0,2.1,01636500
2016-02-06,14100.0,0.0,0.7,01636500
2016-02-07,10500.0,0.0,1.9,01636500
2016-02-08,8520.0,0.0,2.1,01636500
2016-02-09,7370.0,5.3,1.5,01636500
2016-02-10,6430.0,0.2,-1.5,01636500
2016-02-11,5630.0,0.0,-5.5,01636500
2016-02-12,4920.0,0.1,-5.9,01636500
2016-02-13,4310.0,0.7,-6.8,01636500
2016-02-14,3840.0,0.0,-9.4,01636500
2016-02-15,3560.0,4.5,-5.3,01636500
2016-02-16,3920.0,33.3,2.7,01636500
2016-02-17,11200.0,0.0,1.9,01636500
2016-02-18,19000.0,0.0,-0.5,01636500
2016-02-19,12400.0,0.0,-0.6,01636500
2016-02-20,9460.0,0.0,7.9,01636500
2016-02-21,8040.0,9.6,6.7,01636500
2016-02-22,7280.0,0.0,5.2,01636500
2016-02-23,7500.0,7.4,3.2,01636500
2016-02-24,8300.0,24.4,5.5,01636500
2016-02-25,12300.0,17.3,7.8,01636500
2016-02-26,15600.0,0.0,1.4,01636500
2016-02-27,12600.0,0.0,1.1,01636500
2016-02-28,9880.0,0.0,6.1,01636500
2016-02-29,8280.0,0.0,10.1,01636500
2016-03-01,7140.0,0.0,8.8,01636500
2016-03-02,6220.0,3.2,6.0,01636500
2016-03-03,5490.0,0.0,0.4,01636500
2016-03-04,5020.0,2.0,1.5,01636500
2016-03-05,4600.0,0.0,1.7,01636500
2016-03-06,4280.0,0.3,3.7,01636500
2016-03-07,3990.0,0.0,6.9,01636500
2016-03-08,3730.0,0.0,12.3,01636500
2016-03-09,3510.0,0.0,14.6,01636500
2016-03-10,3310.0,0.0,17.4,01636500
2016-03-11,3140.0,0.4,16.6,01636500
2016-03-12,2990.0,0.9,11.1,01636500
2016-03-13,2890.0,7.4,11.6,01636500
2016-03-14,2970.0,10.0,9.3,01636500
2016-03-15,3150.0,1.5,10.2,01636500
2016-03-16,3230.0,0.0,14.4,01636500
2016-03-17,3240.0,0.2,12.7,01636500
2016-03-18,3090.0,0.0,10.9,01636500
2016-03-19,2960.0,6.8,5.4,01636500
2016-03-20,2980.0,0.8,3.7,01636500
2016-03-21,3020.0,0.0,4.3,01636500
2016-03-22,3020.0,0.0,6.0,01636500
2016-03-23,2900.0,0.0,13.0,01636500
2016-03-24,2770.0,0.0,14.6,01636500
2016-03-25,2620.0,0.2,17.1,01636500
2016-03-26,2540.0,0.0,8.7,01636500
2016-03-27,2420.0,0.0,10.3,01636500
2016-03-28,2400.0,7.7,11.6,01636500
2016-03-29,2360.0,0.0,9.2,01636500
2016-03-30,2330.0,0.0,8.5,01636500
2016-03-31,2290.0,0.0,15.1,01636500
2016-04-01,2180.0,1.6,19.8,01636500
2016-04-02,2140.0,2.8,13.5,01636500
2016-04-03,2030.0,0.3,5.3,01636500
2016-04-04,2020.0,1.2,10.4,01636500
2016-04-05,2040.0,0.0,4.3,01636500
2016-04-06,1900.0,0.0,4.7,01636500
2016-04-07,1880.0,14.1,10.3,01636500
2016-04-08,1870.0,0.0,6.5,01636500
2016-04-09,1850.0,1.9,4.4,01636500
2016-04-10,1850.0,0.0,3.0,01636500
2016-04-11,1820.0,2.9,11.3,01636500
2016-04-12,1750.0,1.2,14.2,01636500
2016-04-13,1630.0,0.0,8.0,01636500
2016-04-14,1680.0,0.0,9.7,01636500
2016-04-15,1580.0,0.0,10.7,01636500
2016-04-16,1540.0,0.0,12.5,01636500
2016-04-17,1510.0,0.0,14.1,01636500
2016-04-18,1450.0,0.0,17.5,01636500
2016-04-19,1450.0,0.4,18.5,01636500
2016-04-20,1410.0,0.0,14.9,01636500
2016-04-21,1380.0,0.5,15.7,01636500
2016-04-22,1360.0,1.7,17.6,01636500
2016-04-23,1400.0,5.2,15.4,01636500
2016-04-24,1730.0,0.0,13.4,01636500
2016-04-25,1630.0,0.0,16.8,01636500
2016-04-26,1500.0,1.3,20.6,01636500
2016-04-27,1450.0,2.0,15.5,01636500
2016-04-28,1430.0,5.9,11.9,01636500
2016-04-29,1480.0,0.2,9.7,01636500
2016-04-30,1580.0,0.7,11.6,01636500
2016-05-01,1710.0,16.7,11.8,01636500
2016-05-02,2270.0,0.2,17.2,01636500
2016-05-03,3430.0,14.3,16.9,01636500
2016-05-04,6980.0,9.6,14.3,01636500
2016-05-05,7910.0,4.4,11.6,01636500
2016-05-06,7910.0,15.7,10.9,01636500
2016-05-07,12000.0,3.7,12.3,01636500
2016-05-08,11900.0,1.9,15.1,01636500
2016-05-09,9210.0,1.6,12.8,01636500
2016-05-10,7440.0,5.2,13.4,01636500
2016-05-11,6360.0,2.4,13.4,01636500
2016-05-12,5480.0,0.0,15.9,01636500
2016-05-13,4950.0,6.4,18.8,01636500
2016-05-14,5430.0,4.2,15.8,01636500
2016-05-15,5730.0,0.0,10.2,01636500
2016-05-16,4960.0,0.0,10.5,01636500
2016-05-17,4320.0,5.1,11.2,01636500
2016-05-18,3840.0,0.8,12.1,01636500
2016-05-19,3480.0,0.0,14.7,01636500
2016-05-20,3250.0,0.0,16.4,01636500
2016-05-21,3070.0,16.9,13.7,01636500
2016-05-22,3310.0,8.1,12.0,01636500
2016-05-23,5460.0,5.3,15.6,01636500
2016-05-24,7060.0,0.0,19.2,01636500
2016-05-25,6540.0,0.0,21.3,01636500
2016-05-26,5700.0,0.0,22.7,01636500
2016-05-27,4830.0,0.0,24.3,01636500
2016-05-28,4600.0,0.0,25.2,01636500
2016-05-29,4050.0,0.0,23.7,01636500
2016-05-30,3870.0,7.5,22.1,01636500
2016-05-31,3860.0,0.0,23.7,01636500
2016-06-01,3510.0,0.0,24.4,01636500
2016-06-02,3080.0,0.0,23.3,01636500
2016-06-03,2700.0,11.4,22.4,01636500
2016-06-04,2630.0,2.3,22.9,01636500
2016-06-05,4570.0,10.0,23.0,01636500
2016-06-06,7030.0,0.0,23.1,01636500
2016-06-07,6650.0,1.5,22.5,01636500
2016-06-08,4880.0,0.7,17.4,01636500
2016-06-09,3830.0,0.0,17.9,01636500
2016-06-10,3130.0,0.0,20.3,01636500
2016-06-11,2630.0,0.2,24.8,01636500
2016-06-12,2320.0,0.0,27.0,01636500
2016-06-13,2080.0,0.0,20.8,01636500
2016-06-14,1880.0,0.0,21.8,01636500
2016-06-15,1770.0,1.8,21.6,01636500
2016-06-16,1710.0,7.0,23.8,01636500
2016-06-17,2030.0,37.9,21.7,01636500
2016-06-18,2150.0,0.0,22.6,01636500
2016-06-19,2090.0,0.0,23.4,01636500
2016-06-20,2060.0,0.0,24.6,01636500
2016-06-21,1740.0,3.2,25.5,01636500
2016-06-22,1720.0,0.0,24.5,01636500
2016-06-23,1870.0,20.6,22.5,01636500
2016-06-24,2610.0,4.4,22.9,01636500
2016-06-25,4440.0,0.0,23.2,01636500
2016-06-26,4940.0,0.0,23.8,01636500
2016-06-27,4480.0,3.1,23.2,01636500
2016-06-28,3290.0,0.6,25.6,01636500
2016-06-29,2750.0,0.0,23.0,01636500
2016-06-30,3380.0,0.0,22.0,01636500
2016-07-01,2520.0,0.7,24.4,01636500
2016-07-02,2060.0,0.0,23.1,01636500
2016-07-03,1760.0,1.2,20.5,01636500
2016-07-04,1670.0,10.9,19.3,01636500
2016-07-05,1770.0,12.5,24.3,01636500
2016-07-06,1860.0,0.1,26.9,01636500
2016-07-07,1830.0,0.3,27.1,01636500
2016-07-08,1940.0,7.7,26.2,01636500
2016-07-09,1700.0,0.0,27.0,01636500
2016-07-10,1620.0,0.0,24.3,01636500
2016-07-11,1650.0,0.0,24.0,01636500
2016-07-12,1420.0,0.1,25.4,01636500
2016-07-13,1290.0,0.7,27.1,01636500
2016-07-14,1230.0,0.0,29.0,01636500
2016-07-15,1210.0,0.0,28.4,01636500
2016-07-16,1280.0,1.3,27.2,01636500
2016-07-17,1320.0,0.0,26.8,01636500
2016-07-18,1260.0,1.3,27.3,01636500
2016-07-19,1550.0,0.0,27.1,01636500
2016-07-20,1630.0,0.0,26.1,01636500
2016-07-21,1270.0,0.0,26.6,01636500
2016-07-22,1220.0,0.0,28.3,01636500
2016-07-23,1130.0,0.3,29.8,01636500
2016-07-24,1050.0,0.0,30.3,01636500
2016-07-25,1000.0,0.0,31.9,01636500
2016-07-26,1040.0,0.0,30.1,01636500
2016-07-27,949.0,1.7,29.0,01636500
2016-07-28,1000.0,14.0,27.5,01636500
2016-07-29,1490.0,15.9,25.5,01636500
2016-07-30,1770.0,10.8,25.8,01636500
2016-07-31,2390.0,12.8,25.2,01636500
2016-08-01,2230.0,1.8,26.2,01636500
2016-08-02,1940.0,0.2,25.7,01636500
2016-08-03,1820.0,0.9,24.0,01636500
2016-08-04,1820.0,0.0,23.8,01636500
2016-08-05,1440.0,1.5,23.7,01636500
2016-08-06,1600.0,1.4,26.1,01636500
2016-08-07,1590.0,0.0,25.4,01636500
2016-08-08,1350.0,0.0,25.0,01636500
2016-08-09,1360.0,0.0,23.5,01636500
2016-08-10,1460.0,0.0,27.0,01636500
2016-08-11,1180.0,4.5,28.5,01636500
2016-08-12,1150.0,6.2,29.0,01636500
2016-08-13,1060.0,1.1,29.0,01636500
2016-08-14,1010.0,0.3,29.9,01636500
2016-08-15,1060.0,5.9,27.7,01636500
2016-08-16,1030.0,1.2,27.5,01636500
2016-08-17,1090.0,1.0,28.0,01636500
2016-08-18,1200.0,12.4,25.9,01636500
2016-08-19,1460.0,0.0,26.5,01636500
2016-08-20,1500.0,0.0,26.7,01636500
2016-08-21,1270.0,11.6,25.2,01636500
2016-08-22,1180.0,0.0,23.6,01636500
2016-08-23,1070.0,0.0,22.8,01636500
2016-08-24,988.0,0.0,24.1,01636500
2016-08-25,956.0,0.0,26.2,01636500
2016-08-26,920.0,0.0,28.4,01636500
2016-08-27,855.0,0.0,27.8,01636500
2016-08-28,810.0,0.0,27.0,01636500
2016-08-29,755.0,0.0,27.4,01636500
2016-08-30,769.0,0.0,26.6,01636500
2016-08-31,720.0,0.1,26.8,01636500
2016-09-01,706.0,2.4,25.3,01636500
2016-09-02,695.0,0.0,22.8,01636500
2016-09-03,676.0,0.0,22.7,01636500
2016-09-04,708.0,0.0,22.9,01636500
2016-09-05,705.0,0.0,23.9,01636500
2016-09-06,680.0,0.0,26.4,01636500
2016-09-07,658.0,0.9,28.0,01636500
2016-09-08,670.0,5.4,28.1,01636500
2016-09-09,638.0,0.0,29.1,01636500
2016-09-10,635.0,0.0,29.3,01636500
2016-09-11,630.0,0.0,27.0,01636500
2016-09-12,602.0,0.0,23.2,01636500
2016-09-13,572.0,0.0,24.6,01636500
2016-09-14,555.0,0.0,26.5,01636500
2016-09-15,524.0,0.7,23.0,01636500
2016-09-16,527.0,0.0,21.3,01636500
2016-09-17,509.0,0.3,22.8,01636500
2016-09-18,501.0,5.7,24.3,01636500
2016-09-19,570.0,15.9,22.6,01636500
2016-09-20,699.0,0.0,22.9,01636500
2016-09-21,807.0,0.0,23.7,01636500
2016-09-22,713.0,0.0,23.5,01636500
2016-09-23,751.0,0.0,24.1,01636500
2016-09-24,668.0,0.0,22.2,01636500
2016-09-25,580.0,0.0,17.8,01636500
2016-09-26,568.0,0.2,18.3,01636500
2016-09-27,581.0,7.7,19.6,01636500
2016-09-28,579.0,29.0,17.5,01636500
2016-09-29,1250.0,78.1,18.0,01636500
2016-09-30,3630.0,10.9,15.0,01636500
2016-10-01,4550.0,8.6,15.4,01636500
2016-10-02,3230.0,0.0,17.5,01636500
2016-10-03,2830.0,0.0,18.2,01636500
2016-10-04,2170.0,0.0,17.3,01636500
2016-10-05,1600.0,0.0,16.7,01636500
2016-10-06,1340.0,0.0,15.8,01636500
2016-10-07,1150.0,3.2,16.7,01636500
2016-10-08,1070.0,11.5,17.3,01636500
2016-10-09,1100.0,0.1,15.1,01636500
2016-10-10,1370.0,0.0,12.6,01636500
2016-10-11,1320.0,0.0,11.8,01636500
2016-10-12,1570.0,0.0,13.5,01636500
2016-10-13,1390.0,0.0,14.6,01636500
2016-10-14,1190.0,0.0,12.5,01636500
2016-10-15,1090.0,0.0,13.1,01636500
2016-10-16,1020.0,0.0,15.9,01636500
2016-10-17,951.0,0.0,19.5,01636500
2016-10-18,928.0,0.0,21.0,01636500
2016-10-19,877.0,0.1,22.2,01636500
2016-10-20,849.0,1.4,22.5,01636500
2016-10-21,843.0,1.9,20.1,01636500
2016-10-22,790.0,0.1,11.8,01636500
2016-10-23,709.0,0.0,11.9,01636500
2016-10-24,721.0,0.0,14.9,01636500
2016-10-25,757.0,0.0,10.6,01636500
2016-10-26,728.0,0.0,8.9,01636500
2016-10-27,676.0,3.8,11.2,01636500
2016-10-28,689.0,0.0,12.2,01636500
2016-10-29,686.0,0.0,13.2,01636500
2016-10-30,658.0,4.8,19.4,01636500
2016-10-31,662.0,0.0,12.8,01636500
2016-11-01,655.0,0.3,11.1,01636500
2016-11-02,688.0,0.0,15.7,01636500
2016-11-03,672.0,0.5,17.8,01636500
2016-11-04,647.0,0.0,13.6,01636500
2016-11-05,624.0,0.0,10.9,01636500
2016-11-06,652.0,0.0,12.4,01636500
2016-11-07,639.0,0.0,10.4,01636500
2016-11-08,654.0,0.0,10.7,01636500
2016-11-09,669.0,10.6,12.3,01636500
2016-11-10,661.0,0.0,10.0,01636500
2016-11-11,634.0,0.0,11.7,01636500
2016-11-12,635.0,0.0,6.5,01636500
2016-11-13,598.0,0.0,6.3,01636500
2016-11-14,606.0,0.0,7.1,01636500
2016-11-15,629.0,1.5,9.6,01636500
2016-11-16,641.0,0.0,9.4,01636500
2016-11-17,680.0,0.0,10.1,01636500
2016-11-18,644.0,0.0,10.8,01636500
2016-11-19,622.0,0.9,11.1,01636500
2016-11-20,604.0,0.2,3.3,01636500
2016-11-21,591.0,0.0,1.7,01636500
2016-11-22,585.0,0.0,2.8,01636500
2016-11-23,569.0,0.6,3.2,01636500
2016-11-24,581.0,0.0,6.7,01636500
2016-11-25,556.0,2.5,9.5,01636500
2016-11-26,580.0,0.2,7.0,01636500
2016-11-27,574.0,0.0,5.2,01636500
2016-11-28,577.0,0.0,4.6,01636500
2016-11-29,608.0,16.5,9.9,01636500
2016-11-30,632.0,9.0,12.5,01636500
2016-12-01,763.0,8.6,11.4,01636500
2016-12-02,1110.0,0.0,5.8,01636500
2016-12-03,1610.0,0.0,5.0,01636500
2016-12-04,1560.0,0.0,4.0,01636500
2016-12-05,1240.0,3.9,5.8,01636500
2016-12-06,1120.0,17.2,4.0,01636500
2016-12-07,1250.0,1.3,5.3,01636500
2016-12-08,1540.0,0.0,3.0,01636500
2016-12-09,1680.0,0.0,-0.1,01636500
2016-12-10,1720.0,0.0,-1.1,01636500
2016-12-11,1460.0,0.0,-1.2,01636500
2016-12-12,1300.0,5.5,4.0,01636500
2016-12-13,1210.0,0.0,2.6,01636500
2016-12-14,1120.0,0.0,2.5,01636500
2016-12-15,1060.0,0.0,-3.2,01636500
2016-12-16,1040.0,0.0,-6.8,01636500
2016-12-17,915.0,7.5,0.1,01636500
2016-12-18,959.0,5.1,7.9,01636500
2016-12-19,952.0,0.0,-0.6,01636500
2016-12-20,906.0,0.0,-1.3,01636500
2016-12-21,858.0,0.0,1.0,01636500
2016-12-22,844.0,0.0,3.7,01636500
2016-12-23,816.0,0.0,2.4,01636500
2016-12-24,787.0,6.3,5.4,01636500
2016-12-25,814.0,0.0,5.6,01636500
2016-12-26,807.0,0.2,5.1,01636500
2016-12-27,795.0,0.0,11.4,01636500
2016-12-28,811.0,0.0,5.8,01636500
2016-12-29,773.0,4.5,4.3,01636500
2016-12-30,776.0,0.1,2.1,01636500
2016-12-31,740.0,0.0,1.7,01636500
2017-01-01,743.0,0.0,5.9,01636500
2017-01-02,762.0,4.5,4.3,01636500
2017-01-03,859.0,14.9,4.5,01636500
2017-01-04,1270.0,1.8,6.7,01636500
2017-01-05,1670.0,0.1,-1.8,01636500
2017-01-06,1670.0,2.7,-2.5,01636500
2017-01-07,1750.0,1.2,-6.0,01636500
2017-01-08,1590.0,0.0,-9.1,01636500
2017-01-09,1220.0,0.0,-8.0,01636500
2017-01-10,1160.0,0.2,-4.0,01636500
2017-01-11,1310.0,2.0,5.6,01636500
2017-01-12,1390.0,5.7,10.8,01636500
2017-01-13,1290.0,1.4,7.5,01636500
2017-01-14,1180.0,4.2,0.7,01636500
2017-01-15,1160.0,2.2,1.6,01636500
2017-01-16,1160.0,0.0,1.2,01636500
2017-01-17,1180.0,3.5,4.7,01636500
2017-01-18,1210.0,1.9,7.7,01636500
2017-01-19,1310.0,0.0,5.3,01636500
2017-01-20,1290.0,1.7,4.4,01636500
2017-01-21,1300.0,0.0,7.6,01636500
2017-01-22,1280.0,1.3,8.0,01636500
2017-01-23,1490.0,25.2,5.8,01636500
2017-01-24,8350.0,3.8,3.6,01636500
2017-01-25,10600.0,0.0,7.5,01636500
2017-01-26,9480.0,0.0,8.0,01636500
2017-01-27,6700.0,0.0,2.9,01636500
2017-01-28,5180.0,0.0,1.4,01636500
2017-01-29,4220.0,0.0,2.1,01636500
2017-01-30,3580.0,1.0,-0.5,01636500
2017-01-31,3140.0,0.2,0.8,01636500
2017-02-01,2780.0,0.0,4.4,01636500
2017-02-02,2490.0,0.0,3.2,01636500
2017-02-03,2260.0,0.0,-1.4,01636500
2017-02-04,2080.0,0.0,-2.7,01636500
2017-02-05,1920.0,0.4,2.1,01636500
2017-02-06,1810.0,0.0,5.6,01636500
2017-02-07,1720.0,4.1,11.5,01636500
2017-02-08,1640.0,0.1,14.1,01636500
2017-02-09,1650.0,13.2,2.4,01636500
2017-02-10,1690.0,0.0,-3.6,01636500
2017-02-11,1670.0,0.2,5.6,01636500
2017-02-12,1610.0,6.6,7.7,01636500
2017-02-13,1580.0,0.2,3.7,01636500
2017-02-14,1570.0,0.0,1.8,01636500
2017-02-15,1490.0,0.5,3.8,01636500
2017-02-16,1450.0,0.1,0.1,01636500
2017-02-17,1340.0,0.0,0.5,01636500
2017-02-18,1330.0,0.0,7.6,01636500
2017-02-19,1320.0,0.0,13.2,01636500
2017-02-20,1300.0,0.0,11.3,01636500
2017-02-21,1230.0,0.0,7.8,01636500
2017-02-22,1230.0,0.0,10.4,01636500
2017-02-23,1180.0,0.0,14.7,01636500
2017-02-24,1160.0,0.0,16.7,01636500
2017-02-25,1160.0,6.6,15.3,01636500
2017-02-26,1120.0,0.0,3.4,01636500
2017-02-27,1070.0,0.0,3.9,01636500
2017-02-28,1060.0,1.5,9.9,01636500
2017-03-01,1070.0,6.1,13.7,01636500
2017-03-02,1050.0,0.1,8.2,01636500
2017-03-03,1060.0,0.4,1.3,01636500
2017-03-04,1050.0,0.0,-1.8,01636500
2017-03-05,1050.0,0.0,-2.6,01636500
2017-03-06,1010.0,0.1,2.3,01636500
2017-03-07,981.0,5.1,9.7,01636500
2017-03-08,969.0,4.5,11.9,01636500
2017-03-09,997.0,0.0,11.6,01636500
2017-03-10,997.0,5.3,5.4,01636500
2017-03-11,973.0,0.0,-3.0,01636500
2017-03-12,950.0,0.0,-2.0,01636500
2017-03-13,909.0,0.0,-1.0,01636500
2017-03-14,943.0,19.5,-0.4,01636500
2017-03-15,974.0,0.5,-5.9,01636500
2017-03-16,1020.0,0.0,-3.8,01636500
2017-03-17,984.0,0.0,-1.3,01636500
2017-03-18,1060.0,1.7,4.8,01636500
2017-03-19,1360.0,8.5,4.3,01636500
2017-03-20,2060.0,0.0,5.1,01636500
2017-03-21,1970.0,0.9,8.9,01636500
2017-03-22,2000.0,0.0,5.3,01636500
2017-03-23,1800.0,0.0,0.8,01636500
2017-03-24,1680.0,5.9,5.8,01636500
2017-03-25,1630.0,0.1,16.2,01636500
2017-03-26,1560.0,0.0,11.9,01636500
2017-03-27,1480.0,2.2,11.9,01636500
2017-03-28,1520.0,6.8,14.1,01636500
2017-03-29,1560.0,0.5,13.2,01636500
2017-03-30,1610.0,0.0,7.9,01636500
2017-03-31,1700.0,26.9,7.1,01636500
2017-04-01,2790.0,0.8,8.8,01636500
2017-04-02,3770.0,0.0,8.8,01636500
2017-04-03,3870.0,1.2,12.5,01636500
2017-04-04,4010.0,4.1,16.6,01636500
2017-04-05,3590.0,0.0,15.3,01636500
2017-04-06,3510.0,22.4,13.4,01636500
2017-04-07,3850.0,1.0,6.3,01636500
2017-04-08,3620.0,0.0,7.1,01636500
2017-04-09,3320.0,0.0,10.6,01636500
2017-04-10,2970.0,0.0,16.2,01636500
2017-04-11,2660.0,0.0,19.7,01636500
2017-04-12,2410.0,0.2,18.2,01636500
2017-04-13,2200.0,0.0,13.8,01636500
2017-04-14,2010.0,0.0,13.7,01636500
2017-04-15,1860.0,0.0,15.9,01636500
2017-04-16,1740.0,0.3,20.7,01636500
2017-04-17,1650.0,10.1,18.1,01636500
2017-04-18,1630.0,0.0,15.4,01636500
2017-04-19,1590.0,0.0,13.0,01636500
2017-04-20,1520.0,4.7,17.0,01636500
2017-04-21,1460.0,5.3,19.0,01636500
2017-04-22,1440.0,13.5,12.6,01636500
2017-04-23,1510.0,0.0,10.7,01636500
2017-04-24,1570.0,4.9,10.8,01636500
2017-04-25,1710.0,10.6,11.0,01636500
2017-04-26,4070.0,0.5,14.5,01636500
2017-04-27,10100.0,0.0,19.0,01636500
2017-04-28,8050.0,0.0,21.2,01636500
2017-04-29,6050.0,0.3,23.7,01636500
2017-04-30,4780.0,0.4,21.9,01636500
2017-05-01,3850.0,0.3,23.0,01636500
2017-05-02,3220.0,1.4,18.5,01636500
2017-05-03,2730.0,0.0,14.2,01636500
2017-05-04,2440.0,0.0,13.3,01636500
2017-05-05,3730.0,34.1,15.2,01636500
2017-05-06,14100.0,5.2,13.0,01636500
2017-05-07,19500.0,1.5,10.4,01636500
2017-05-08,11500.0,0.6,9.4,01636500
2017-05-09,8070.0,0.0,10.5,01636500
2017-05-10,6180.0,0.0,13.0,01636500
2017-05-11,5380.0,21.2,11.6,01636500
2017-05-12,7510.0,5.4,10.1,01636500
2017-05-13,7740.0,9.5,9.7,01636500
2017-05-14,10300.0,0.0,14.1,01636500
2017-05-15,9790.0,0.0,14.9,01636500
2017-05-16,7550.0,0.0,17.3,01636500
2017-05-17,5850.0,0.0,22.9,01636500
2017-05-18,4710.0,0.1,25.7,01636500
2017-05-19,4090.0,4.8,23.1,01636500
2017-05-20,3380.0,3.3,18.8,01636500
2017-05-21,3000.0,0.0,15.9,01636500
2017-05-22,2790.0,3.5,16.6,01636500
2017-05-23,2530.0,0.0,15.8,01636500
2017-05-24,2500.0,11.6,15.7,01636500
2017-05-25,3110.0,13.9,15.2,01636500
2017-05-26,11300.0,1.2,16.9,01636500
2017-05-27,19300.0,2.7,17.6,01636500
2017-05-28,11100.0,1.0,19.2,01636500
2017-05-29,7910.0,2.8,20.2,01636500
2017-05-30,6610.0,2.8,19.3,01636500
2017-05-31,6570.0,0.6,20.5,01636500
2017-06-01,5170.0,0.0,19.7,01636500
2017-06-02,4260.0,0.3,18.5,01636500
2017-06-03,3610.0,0.2,19.6,01636500
2017-06-04,3070.0,0.0,20.8,01636500
2017-06-05,2690.0,3.1,20.0,01636500
2017-06-06,2390.0,0.3,19.4,01636500
2017-06-07,2230.0,1.6,16.0,01636500
2017-06-08,2170.0,0.0,16.4,01636500
2017-06-09,2020.0,0.0,19.5,01636500
2017-06-10,1840.0,0.0,22.9,01636500
2017-06-11,1700.0,0.0,25.8,01636500
2017-06-12,1610.0,0.0,26.8,01636500
2017-06-13,1500.0,0.5,27.1,01636500
2017-06-14,1390.0,3.4,26.4,01636500
2017-06-15,1350.0,3.1,25.1,01636500
2017-06-16,1290.0,7.5,22.4,01636500
2017-06-17,1430.0,5.3,23.8,01636500
2017-06-18,2310.0,4.1,26.3,01636500
2017-06-19,3700.0,16.9,25.7,01636500
2017-06-20,2570.0,0.0,24.5,01636500
2017-06-21,2040.0,0.0,23.8,01636500
2017-06-22,2020.0,0.2,25.3,01636500
2017-06-23,1790.0,9.6,25.3,01636500
2017-06-24,1610.0,13.5,24.8,01636500
2017-06-25,1410.0,0.0,22.4,01636500
2017-06-26,1310.0,0.1,21.0,01636500
2017-06-27,1220.0,1.4,19.7,01636500
2017-06-28,1130.0,0.0,19.6,01636500
2017-06-29,1060.0,0.0,23.1,01636500
2017-06-30,1010.0,0.8,26.9,01636500
2017-07-01,993.0,4.6,26.7,01636500
2017-07-02,947.0,0.0,27.0,01636500
2017-07-03,905.0,0.2,26.0,01636500
2017-07-04,864.0,0.5,25.8,01636500
2017-07-05,924.0,20.2,23.8,01636500
2017-07-06,1310.0,27.7,22.3,01636500
2017-07-07,1330.0,5.7,24.2,01636500
2017-07-08,1350.0,0.4,23.7,01636500
2017-07-09,1260.0,0.0,22.1,01636500
2017-07-10,1090.0,0.0,24.1,01636500
2017-07-11,964.0,4.2,25.3,01636500
2017-07-12,942.0,0.0,26.4,01636500
2017-07-13,840.0,0.2,27.1,01636500
2017-07-14,852.0,12.2,26.4,01636500
2017-07-15,798.0,6.7,25.4,01636500
2017-07-16,788.0,0.0,24.6,01636500
2017-07-17,778.0,3.7,24.8,01636500
2017-07-18,777.0,0.8,25.1,01636500
2017-07-19,728.0,0.0,27.3,01636500
2017-07-20,693.0,0.0,28.4,01636500
2017-07-21,680.0,0.9,28.7,01636500
2017-07-22,766.0,1.3,27.5,01636500
2017-07-23,936.0,10.8,24.7,01636500
2017-07-24,851.0,5.9,24.9,01636500
2017-07-25,770.0,0.0,22.1,01636500
2017-07-26,744.0,0.0,22.8,01636500
2017-07-27,685.0,0.2,24.3,01636500
2017-07-28,747.0,13.0,22.9,01636500
2017-07-29,1870.0,99.0,19.9,01636500
2017-07-30,1350.0,0.0,20.2,01636500
2017-07-31,2160.0,0.0,22.2,01636500
2017-08-01,1730.0,0.6,23.6,01636500
2017-08-02,1290.0,5.1,23.7,01636500
2017-08-03,1060.0,2.5,23.3,01636500
2017-08-04,935.0,0.6,24.5,01636500
2017-08-05,1060.0,12.3,22.0,01636500
2017-08-06,849.0,0.1,20.7,01636500
2017-08-07,812.0,14.4,20.1,01636500
2017-08-08,806.0,0.8,21.4,01636500
2017-08-09,808.0,0.0,20.6,01636500
2017-08-10,1640.0,0.1,21.0,01636500
2017-08-11,1210.0,4.7,22.1,01636500
2017-08-12,2670.0,8.6,22.5,01636500
2017-08-13,1910.0,0.2,22.3,01636500
2017-08-14,1200.0,2.2,21.1,01636500
2017-08-15,1040.0,9.7,21.7,01636500
2017-08-16,959.0,0.2,24.3,01636500
2017-08-17,917.0,1.0,25.1,01636500
2017-08-18,858.0,8.3,25.7,01636500
2017-08-19,923.0,0.0,25.5,01636500
2017-08-20,813.0,0.0,23.8,01636500
2017-08-21,825.0,0.0,25.4,01636500
2017-08-22,765.0,0.3,26.9,01636500
2017-08-23,749.0,6.7,24.9,01636500
2017-08-24,733.0,0.0,21.5,01636500
2017-08-25,702.0,0.1,20.0,01636500
2017-08-26,664.0,0.1,20.4,01636500
2017-08-27,651.0,0.8,20.0,01636500
2017-08-28,624.0,0.0,19.1,01636500
2017-08-29,632.0,11.1,17.3,01636500
2017-08-30,690.0,0.6,18.8,01636500
2017-08-31,711.0,0.1,22.2,01636500
2017-09-01,704.0,0.4,18.1,01636500
2017-09-02,787.0,7.0,14.5,01636500
2017-09-03,753.0,4.3,17.5,01636500
2017-09-04,708.0,0.0,20.4,01636500
2017-09-05,754.0,3.1,23.0,01636500
2017-09-06,964.0,34.5,17.1,01636500
2017-09-07,888.0,0.8,15.8,01636500
2017-09-08,819.0,0.0,16.2,01636500
2017-09-09,747.0,0.1,15.2,01636500
2017-09-10,750.0,0.0,14.8,01636500
2017-09-11,744.0,0.0,15.6,01636500
2017-09-12,690.0,0.0,17.7,01636500
2017-09-13,660.0,2.0,19.0,01636500
2017-09-14,636.0,0.5,20.5,01636500
2017-09-15,619.0,0.0,20.0,01636500
2017-09-16,616.0,0.2,21.4,01636500
2017-09-17,575.0,0.3,22.0,01636500
2017-09-18,579.0,0.6,21.3,01636500
2017-09-19,601.0,0.0,21.5,01636500
2017-09-20,579.0,0.0,22.6,01636500
2017-09-21,563.0,0.0,22.4,01636500
2017-09-22,541.0,0.0,22.5,01636500
2017-09-23,535.0,0.0,21.9,01636500
2017-09-24,500.0,0.0,22.9,01636500
2017-09-25,517.0,0.0,24.4,01636500
2017-09-26,511.0,0.0,24.3,01636500
2017-09-27,477.0,0.0,24.5,01636500
2017-09-28,496.0,0.0,22.9,01636500
2017-09-29,479.0,0.0,17.6,01636500
2017-09-30,463.0,0.0,16.3,01636500
2017-10-01,461.0,0.0,13.2,01636500
2017-10-02,450.0,0.0,14.9,01636500
2017-10-03,439.0,0.0,16.5,01636500
2017-10-04,450.0,0.0,17.7,01636500
2017-10-05,470.0,0.0,20.1,01636500
2017-10-06,474.0,0.0,21.2,01636500
2017-10-07,512.0,0.0,22.6,01636500
2017-10-08,421.0,14.1,23.0,01636500
2017-10-09,541.0,22.1,24.1,01636500
2017-10-10,579.0,0.3,22.7,01636500
2017-10-11,619.0,9.2,20.8,01636500
2017-10-12,667.0,9.3,17.3,01636500
2017-10-13,579.0,0.1,15.2,01636500
2017-10-14,666.0,0.0,16.5,01636500
2017-10-15,603.0,0.0,19.3,01636500
2017-10-16,608.0,4.2,16.0,01636500
2017-10-17,565.0,0.0,10.5,01636500
2017-10-18,524.0,0.0,11.8,01636500
2017-10-19,513.0,0.0,14.1,01636500
2017-10-20,500.0,0.0,16.3,01636500
2017-10-21,494.0,0.0,15.2,01636500
2017-10-22,472.0,0.0,16.6,01636500
2017-10-23,488.0,0.2,17.3,01636500
2017-10-24,551.0,9.9,18.0,01636500
2017-10-25,553.0,0.0,12.9,01636500
2017-10-26,576.0,0.2,9.7,01636500
2017-10-27,573.0,0.0,9.9,01636500
2017-10-28,604.0,0.0,14.5,01636500
2017-10-29,674.0,28.7,12.0,01636500
2017-10-30,1260.0,22.4,8.0,01636500
2017-10-31,1710.0,0.0,9.2,01636500
2017-11-01,1580.0,0.1,8.1,01636500
2017-11-02,1470.0,0.0,12.4,01636500
2017-11-03,1140.0,0.1,16.5,01636500
2017-11-04,972.0,2.3,10.3,01636500
2017-11-05,918.0,6.7,11.6,01636500
2017-11-06,835.0,6.2,14.5,01636500
2017-11-07,913.0,17.4,6.5,01636500
2017-11-08,1000.0,3.2,5.3,01636500
2017-11-09,1160.0,0.7,5.8,01636500
2017-11-10,1050.0,0.0,3.9,01636500
2017-11-11,961.0,0.0,-2.2,01636500
2017-11-12,936.0,0.0,1.1,01636500
2017-11-13,878.0,3.0,5.2,01636500
2017-11-14,856.0,0.0,5.5,01636500
2017-11-15,835.0,0.0,4.4,01636500
2017-11-16,796.0,1.6,7.8,01636500
2017-11-17,780.0,0.0,5.6,01636500
2017-11-18,761.0,1.7,5.8,01636500
2017-11-19,709.0,1.9,9.1,01636500
2017-11-20,721.0,0.0,4.0,01636500
2017-11-21,741.0,0.0,5.8,01636500
2017-11-22,711.0,0.2,7.9,01636500
2017-11-23,687.0,0.0,1.1,01636500
2017-11-24,644.0,0.0,2.6,01636500
2017-11-25,664.0,0.0,6.8,01636500
2017-11-26,656.0,0.0,6.7,01636500
2017-11-27,643.0,0.0,6.5,01636500
2017-11-28,669.0,0.0,6.6,01636500
2017-11-29,636.0,0.0,9.5,01636500
2017-11-30,631.0,0.0,6.5,01636500
2017-12-01,620.0,0.2,7.8,01636500
2017-12-02,596.0,0.0,3.7,01636500
2017-12-03,590.0,1.3,5.5,01636500
2017-12-04,596.0,0.0,3.6,01636500
2017-12-05,607.0,4.7,8.1,01636500
2017-12-06,577.0,1.3,6.0,01636500
2017-12-07,595.0,0.0,3.2,01636500
2017-12-08,562.0,0.0,1.2,01636500
2017-12-09,577.0,3.6,0.2,01636500
2017-12-10,581.0,0.0,-0.3,01636500
2017-12-11,583.0,0.0,1.4,01636500
2017-12-12,591.0,0.0,3.0,01636500
2017-12-13,571.0,0.2,-4.4,01636500
2017-12-14,573.0,0.7,-0.2,01636500
2017-12-15,567.0,0.4,-3.1,01636500
2017-12-16,571.0,0.0,0.7,01636500
2017-12-17,557.0,0.0,2.1,01636500
2017-12-18,563.0,0.1,5.9,01636500
2017-12-19,547.0,0.7,9.5,01636500
2017-12-20,558.0,0.0,6.9,01636500
2017-12-21,547.0,0.0,1.1,01636500
2017-12-22,533.0,0.0,4.0,01636500
2017-12-23,555.0,16.6,9.1,01636500
2017-12-24,590.0,1.4,3.8,01636500
2017-12-25,582.0,0.9,-0.4,01636500
2017-12-26,568.0,0.0,-2.9,01636500
2017-12-27,560.0,0.2,-3.5,01636500
2017-12-28,544.0,0.0,-8.4,01636500
2017-12-29,452.0,0.0,-6.9,01636500
2017-12-30,455.0,2.5,-5.2,01636500
2017-12-31,501.0,0.4,-8.1,01636500
2018-01-01,580.0,0.0,-9.6,01636500
2018-01-02,554.0,0.0,-9.5,01636500
2018-01-03,545.0,0.0,-7.4,01636500
2018-01-04,646.0,2.1,-5.1,01636500
2018-01-05,525.0,0.0,-11.3,01636500
2018-01-06,604.0,0.0,-12.1,01636500
2018-01-07,664.0,0.0,-10.8,01636500
2018-01-08,609.0,2.1,-5.2,01636500
2018-01-09,614.0,0.2,2.1,01636500
2018-01-10,622.0,0.0,0.7,01636500
2018-01-11,660.0,0.0,6.0,01636500
2018-01-12,723.0,2.8,14.6,01636500
2018-01-13,1500.0,15.7,1.5,01636500
2018-01-14,1450.0,0.0,-7.9,01636500
2018-01-15,942.0,0.0,-6.2,01636500
2018-01-16,1240.0,0.1,-2.1,01636500
2018-01-17,1300.0,0.7,-4.5,01636500
2018-01-18,1160.0,0.0,-5.0,01636500
2018-01-19,1010.0,0.0,1.3,01636500
2018-01-20,1070.0,0.0,3.3,01636500
2018-01-21,926.0,0.0,6.6,01636500
2018-01-22,876.0,0.0,10.0,01636500
2018-01-23,926.0,11.1,11.2,01636500
2018-01-24,973.0,0.0,4.2,01636500
2018-01-25,1000.0,0.0,0.1,01636500
2018-01-26,960.0,0.0,-0.0,01636500
2018-01-27,984.0,0.0,5.2,01636500
2018-01-28,961.0,6.2,9.0,01636500
2018-01-29,920.0,0.1,4.9,01636500
2018-01-30,899.0,0.2,-0.4,01636500
2018-01-31,822.0,0.0,-4.1,01636500
2018-02-01,820.0,0.2,3.6,01636500
2018-02-02,837.0,6.0,-1.8,01636500
2018-02-03,827.0,0.0,-5.2,01636500
2018-02-04,828.0,19.0,-0.2,01636500
2018-02-05,937.0,1.1,-1.9,01636500
2018-02-06,1170.0,0.0,-1.3,01636500
2018-02-07,1340.0,16.0,-0.7,01636500
2018-02-08,1990.0,0.0,-2.9,01636500
2018-02-09,2300.0,0.0,-0.9,01636500
2018-02-10,2910.0,8.7,4.2,01636500
2018-02-11,3230.0,22.3,8.0,01636500
2018-02-12,3100.0,2.4,6.5,01636500
2018-02-13,3420.0,0.5,-0.6,01636500
2018-02-14,4080.0,0.0,4.0,01636500
2018-02-15,3490.0,4.8,13.4,01636500
2018-02-16,2970.0,12.2,12.5,01636500
2018-02-17,2570.0,5.6,1.0,01636500
2018-02-18,2330.0,4.3,3.8,01636500
2018-02-19,2170.0,1.2,4.8,01636500
2018-02-20,2140.0,0.0,13.2,01636500
2018-02-21,2110.0,0.1,18.2,01636500
2018-02-22,2070.0,5.9,9.7,01636500
2018-02-23,2070.0,1.0,4.8,01636500
2018-02-24,2080.0,5.7,7.1,01636500
2018-02-25,2180.0,13.5,8.7,01636500
2018-02-26,2740.0,0.0,8.3,01636500
2018-02-27,3520.0,0.0,5.1,01636500
2018-02-28,3740.0,0.0,8.3,01636500
2018-03-01,3440.0,3.7,8.7,01636500
2018-03-02,3000.0,7.0,5.2,01636500
2018-03-03,2580.0,0.0,2.7,01636500
2018-03-04,2360.0,0.0,2.2,01636500
2018-03-05,2150.0,0.0,1.1,01636500
2018-03-06,2010.0,0.6,1.0,01636500
2018-03-07,1820.0,1.9,3.2,01636500
2018-03-08,1730.0,0.0,1.0,01636500
2018-03-09,1630.0,0.0,0.2,01636500
2018-03-10,1560.0,0.0,0.8,01636500
2018-03-11,1440.0,0.0,1.0,01636500
2018-03-12,1390.0,0.8,0.7,01636500
2018-03-13,1310.0,0.2,0.8,01636500
2018-03-14,1240.0,0.0,-0.5,01636500
2018-03-15,1240.0,0.1,2.2,01636500
2018-03-16,1190.0,0.0,1.3,01636500
2018-03-17,1140.0,0.8,0.2,01636500
2018-03-18,1110.0,0.0,3.5,01636500
2018-03-19,1080.0,0.0,5.6,01636500
2018-03-20,1130.0,20.8,1.7,01636500
2018-03-21,1270.0,18.0,-1.1,01636500
2018-03-22,1300.0,0.8,0.8,01636500
2018-03-23,1510.0,0.0,0.4,01636500
2018-03-24,1940.0,0.0,-0.9,01636500
2018-03-25,2120.0,0.0,-0.7,01636500
2018-03-26,2250.0,0.0,2.4,01636500
2018-03-27,2420.0,3.7,1.3,01636500
2018-03-28,2470.0,6.7,4.7,01636500
2018-03-29,2620.0,2.0,11.5,01636500
2018-03-30,2960.0,1.3,14.6,01636500
2018-03-31,3290.0,0.0,6.8,01636500
2018-04-01,3340.0,0.0,9.8,01636500
2018-04-02,3100.0,9.9,5.9,01636500
2018-04-03,2890.0,0.7,7.1,01636500
2018-04-04,2680.0,0.7,10.5,01636500
2018-04-05,2550.0,0.0,3.6,01636500
2018-04-06,2360.0,0.0,8.4,01636500
2018-04-07,2190.0,0.2,5.5,01636500
2018-04-08,2000.0,0.0,1.8,01636500
2018-04-09,1910.0,1.0,2.3,01636500
2018-04-10,1820.0,0.1,4.2,01636500
2018-04-11,1750.0,0.0,5.6,01636500
2018-04-12,1640.0,0.4,10.8,01636500
2018-04-13,1520.0,0.1,18.8,01636500
2018-04-14,1480.0,0.0,21.2,01636500
2018-04-15,1420.0,0.4,16.2,01636500
2018-04-16,2840.0,50.8,7.9,01636500
2018-04-17,9540.0,0.0,4.3,01636500
2018-04-18,16200.0,0.0,5.7,01636500
2018-04-19,9930.0,2.1,8.1,01636500
2018-04-20,6980.0,0.0,6.0,01636500
2018-04-21,5170.0,0.0,7.6,01636500
2018-04-22,4080.0,0.0,11.2,01636500
2018-04-23,3380.0,0.0,12.6,01636500
2018-04-24,2990.0,5.3,11.4,01636500
2018-04-25,2920.0,9.6,12.2,01636500
2018-04-26,3150.0,0.1,12.1,01636500
2018-04-27,6390.0,14.9,11.9,01636500
2018-04-28,6550.0,0.7,13.5,01636500
2018-04-29,5500.0,0.0,7.7,01636500
2018-04-30,4590.0,0.0,9.7,01636500
2018-05-01,3870.0,0.0,14.8,01636500
2018-05-02,3360.0,0.0,19.1,01636500
2018-05-03,2960.0,0.0,22.5,01636500
2018-05-04,2650.0,0.0,23.8,01636500
2018-05-05,2450.0,4.8,18.5,01636500
2018-05-06,2310.0,18.5,13.6,01636500
2018-05-07,2280.0,0.1,15.2,01636500
2018-05-08,2210.0,0.2,17.2,01636500
2018-05-09,2150.0,0.0,18.0,01636500
2018-05-10,2040.0,4.3,18.4,01636500
2018-05-11,1960.0,0.9,19.2,01636500
2018-05-12,1910.0,2.4,20.6,01636500
2018-05-13,1920.0,15.4,19.2,01636500
2018-05-14,2150.0,1.4,19.1,01636500
2018-05-15,4510.0,0.6,22.3,01636500
2018-05-16,5240.0,26.3,21.0,01636500
2018-05-17,13300.0,25.2,18.1,01636500
2018-05-18,18900.0,12.6,17.3,01636500
2018-05-19,23500.0,21.5,13.3,01636500
2018-05-20,23000.0,0.5,21.8,01636500
2018-05-21,17700.0,0.0,20.4,01636500
2018-05-22,12100.0,8.0,20.0,01636500
2018-05-23,16800.0,0.2,20.7,01636500
2018-05-24,12500.0,0.0,20.2,01636500
2018-05-25,8680.0,0.0,21.5,01636500
2018-05-26,6550.0,0.8,24.1,01636500
2018-05-27,6110.0,16.4,22.9,01636500
2018-05-28,5010.0,2.7,20.3,01636500
2018-05-29,6340.0,0.1,23.4,01636500
2018-05-30,6160.0,2.2,22.5,01636500
2018-05-31,5030.0,7.9,22.2,01636500
2018-06-01,8870.0,0.2,23.5,01636500
2018-06-02,17200.0,20.8,22.3,01636500
2018-06-03,27100.0,22.4,18.6,01636500
2018-06-04,61800.0,0.1,16.7,01636500
2018-06-05,29900.0,0.8,18.7,01636500
2018-06-06,15600.0,3.5,15.7,01636500
2018-06-07,11100.0,0.0,17.2,01636500
2018-06-08,8360.0,0.1,21.2,01636500
2018-06-09,6610.0,9.0,22.0,01636500
2018-06-10,5880.0,11.4,21.4,01636500
2018-06-11,6040.0,27.0,16.4,01636500
2018-06-12,8410.0,0.0,18.0,01636500
2018-06-13,11400.0,6.0,21.1,01636500
2018-06-14,8260.0,0.1,22.7,01636500
2018-06-15,6610.0,0.0,20.6,01636500
2018-06-16,5340.0,0.0,21.2,01636500
2018-06-17,4410.0,1.6,24.0,01636500
2018-06-18,3790.0,0.8,26.5,01636500
2018-06-19,3380.0,4.9,26.6,01636500
2018-06-20,3290.0,3.9,23.7,01636500
2018-06-21,5790.0,8.4,23.3,01636500
2018-06-22,6340.0,38.9,20.1,01636500
2018-06-23,27500.0,6.7,19.7,01636500
2018-06-24,27700.0,5.4,23.0,01636500
2018-06-25,16100.0,0.1,22.6,01636500
2018-06-26,11500.0,0.0,20.7,01636500
2018-06-27,8150.0,1.3,21.6,01636500
2018-06-28,6370.0,5.7,24.1,01636500
2018-06-29,5170.0,0.0,24.5,01636500
2018-06-30,4170.0,0.0,25.5,01636500
2018-07-01,3460.0,0.0,26.8,01636500
2018-07-02,3030.0,0.0,28.0,01636500
2018-07-03,2730.0,0.9,27.5,01636500
2018-07-04,2490.0,3.5,27.6,01636500
2018-07-05,2490.0,0.8,26.7,01636500
2018-07-06,3310.0,6.1,24.4,01636500
2018-07-07,2480.0,0.0,21.6,01636500
2018-07-08,2150.0,0.0,20.3,01636500
2018-07-09,1970.0,0.0,22.5,01636500
2018-07-10,1880.0,0.0,25.6,01636500
2018-07-11,1760.0,0.0,26.3,01636500
2018-07-12,1650.0,0.0,24.0,01636500
2018-07-13,1560.0,0.0,24.6,01636500
2018-07-14,1510.0,0.0,26.3,01636500
2018-07-15,1540.0,12.4,25.7,01636500
2018-07-16,1540.0,1.0,26.9,01636500
2018-07-17,1520.0,6.1,26.3,01636500
2018-07-18,1480.0,1.9,23.7,01636500
2018-07-19,1480.0,0.0,23.5,01636500
2018-07-20,1390.0,0.1,24.2,01636500
2018-07-21,1460.0,26.4,21.3,01636500
2018-07-22,1710.0,25.7,19.7,01636500
2018-07-23,1540.0,12.8,22.2,01636500
2018-07-24,1630.0,15.1,22.5,01636500
2018-07-25,2140.0,23.4,22.9,01636500
2018-07-26,4480.0,2.4,23.6,01636500
2018-07-27,4600.0,5.8,24.1,01636500
2018-07-28,3400.0,0.4,22.7,01636500
2018-07-29,2510.0,0.0,22.2,01636500
2018-07-30,2210.0,1.6,22.5,01636500
2018-07-31,2690.0,3.3,21.8,01636500
2018-08-01,2370.0,4.8,24.6,01636500
2018-08-02,2520.0,30.7,22.4,01636500
2018-08-03,5500.0,10.2,22.7,01636500
2018-08-04,13300.0,22.3,23.2,01636500
2018-08-05,16800.0,0.6,25.0,01636500
2018-08-06,9770.0,0.1,25.7,01636500
2018-08-07,6710.0,4.4,25.3,01636500
2018-08-08,5220.0,0.8,25.2,01636500
2018-08-09,5950.0,2.6,24.6,01636500
2018-08-10,5500.0,0.0,24.5,01636500
2018-08-11,4280.0,3.3,24.2,01636500
2018-08-12,3300.0,0.1,23.5,01636500
2018-08-13,3500.0,16.0,22.0,01636500
2018-08-14,3720.0,1.1,21.6,01636500
2018-08-15,4270.0,0.1,24.1,01636500
2018-08-16,3830.0,0.0,24.9,01636500
2018-08-17,3040.0,1.3,25.9,01636500
2018-08-18,2870.0,5.9,24.2,01636500
2018-08-19,4580.0,0.7,22.2,01636500
2018-08-20,4060.0,1.2,21.3,01636500
2018-08-21,3560.0,7.1,23.1,01636500
2018-08-22,4880.0,24.1,23.1,01636500
2018-08-23,4400.0,0.0,20.1,01636500
2018-08-24,3740.0,0.0,20.0,01636500
2018-08-25,3140.0,0.0,21.1,01636500
2018-08-26,2730.0,0.1,23.2,01636500
2018-08-27,2420.0,1.7,24.6,01636500
2018-08-28,2270.0,0.0,26.4,01636500
2018-08-29,2120.0,0.0,27.6,01636500
2018-08-30,2040.0,0.0,26.3,01636500
2018-08-31,2130.0,12.9,24.2,01636500
2018-09-01,2550.0,1.5,24.1,01636500
2018-09-02,4130.0,3.5,24.7,01636500
2018-09-03,3980.0,1.2,25.8,01636500
2018-09-04,2810.0,1.4,26.1,01636500
2018-09-05,2410.0,0.0,26.8,01636500
2018-09-06,2250.0,0.8,27.0,01636500
2018-09-07,2020.0,7.6,24.3,01636500
2018-09-08,1990.0,15.8,20.0,01636500
2018-09-09,2530.0,68.1,14.7,01636500
2018-09-10,8110.0,10.5,16.3,01636500
2018-09-11,11400.0,1.2,20.5,01636500
2018-09-12,8490.0,1.2,20.5,01636500
2018-09-13,6350.0,10.7,22.9,01636500
2018-09-14,5120.0,6.9,22.1,01636500
2018-09-15,4190.0,3.1,22.5,01636500
2018-09-16,3690.0,0.1,22.2,01636500
2018-09-17,4030.0,20.9,22.1,01636500
2018-09-18,16600.0,5.2,23.5,01636500
2018-09-19,34700.0,0.3,23.1,01636500
2018-09-20,16600.0,0.1,22.0,01636500
2018-09-21,11600.0,0.3,22.3,01636500
2018-09-22,8950.0,0.5,21.2,01636500
2018-09-23,7440.0,23.1,15.3,01636500
2018-09-24,10900.0,9.0,16.1,01636500
2018-09-25,14400.0,14.7,18.6,01636500
2018-09-26,11100.0,11.0,22.0,01636500
2018-09-27,10700.0,11.8,16.4,01636500
2018-09-28,22300.0,25.9,16.8,01636500
2018-09-29,34300.0,0.0,18.0,01636500
2018-09-30,22300.0,0.0,17.3,01636500
2018-10-01,13500.0,0.4,20.3,01636500
2018-10-02,10100.0,7.4,21.4,01636500
2018-10-03,8220.0,0.5,22.0,01636500
2018-10-04,6850.0,0.0,22.8,01636500
2018-10-05,5860.0,5.4,19.9,01636500
2018-10-06,5110.0,0.0,19.7,01636500
2018-10-07,4580.0,0.9,22.4,01636500
2018-10-08,4130.0,0.8,23.7,01636500
2018-10-09,3860.0,0.2,23.0,01636500
2018-10-10,3580.0,0.2,23.0,01636500
2018-10-11,3400.0,13.7,22.2,01636500
2018-10-12,3820.0,1.5,14.1,01636500
2018-10-13,5880.0,1.7,10.6,01636500
2018-10-14,6290.0,1.0,9.2,01636500
2018-10-15,4820.0,8.3,14.1,01636500
2018-10-16,4170.0,0.5,12.7,01636500
2018-10-17,3810.0,0.0,11.7,01636500
2018-10-18,3470.0,0.0,8.9,01636500
2018-10-19,3160.0,0.0,8.5,01636500
2018-10-20,2970.0,0.4,14.3,01636500
2018-10-21,2780.0,0.4,8.2,01636500
2018-10-22,2650.0,0.0,5.9,01636500
2018-10-23,2550.0,0.0,11.1,01636500
2018-10-24,2420.0,0.0,8.6,01636500
2018-10-25,2330.0,0.0,6.2,01636500
2018-10-26,2260.0,2.6,6.1,01636500
2018-10-27,2680.0,20.8,7.2,01636500
2018-10-28,3110.0,1.0,9.7,01636500
2018-10-29,3450.0,0.4,10.2,01636500
2018-10-30,3170.0,0.0,9.3,01636500
2018-10-31,2790.0,0.0,11.9,01636500
2018-11-01,2600.0,0.0,16.4,01636500
2018-11-02,2530.0,18.0,17.7,01636500
2018-11-03,3270.0,17.6,9.5,01636500
2018-11-04,3460.0,0.0,6.7,01636500
2018-11-05,4120.0,26.0,9.8,01636500
2018-11-06,5020.0,8.1,11.4,01636500
2018-11-07,6740.0,0.0,11.5,01636500
2018-11-08,6630.0,0.0,8.7,01636500
2018-11-09,5960.0,21.4,6.1,01636500
2018-11-10,6100.0,0.1,3.7,01636500
2018-11-11,5760.0,0.0,0.6,01636500
2018-11-12,5190.0,1.2,2.5,01636500
2018-11-13,5260.0,17.5,5.0,01636500
2018-11-14,7300.0,0.0,3.0,01636500
2018-11-15,9590.0,22.9,0.3,01636500
2018-11-16,9700.0,10.8,1.7,01636500
2018-11-17,14100.0,0.0,2.3,01636500
2018-11-18,14100.0,0.0,1.6,01636500
2018-11-19,11800.0,0.0,6.1,01636500
2018-11-20,10800.0,0.1,6.9,01636500
2018-11-21,10200.0,0.0,3.5,01636500
2018-11-22,9010.0,0.1,-0.9,01636500
2018-11-23,7680.0,0.0,-2.7,01636500
2018-11-24,7040.0,13.4,-0.6,01636500
2018-11-25,11800.0,1.3,5.1,01636500
2018-11-26,17000.0,4.7,7.2,01636500
2018-11-27,12600.0,0.0,2.3,01636500
2018-11-28,9940.0,0.0,-0.3,01636500
2018-11-29,8190.0,0.0,-1.1,01636500
2018-11-30,6940.0,0.2,1.3,01636500
2018-12-01,6150.0,5.5,1.8,01636500
2018-12-02,5640.0,3.8,7.6,01636500
2018-12-03,5170.0,0.0,9.3,01636500
2018-12-04,4800.0,0.0,3.5,01636500
2018-12-05,4400.0,0.6,-0.0,01636500
2018-12-06,4040.0,0.0,0.3,01636500
2018-12-07,3830.0,0.0,0.7,01636500
2018-12-08,3590.0,0.0,-1.9,01636500
2018-12-09,3410.0,0.0,-2.5,01636500
2018-12-10,3250.0,0.0,-2.1,01636500
2018-12-11,3160.0,0.0,-1.5,01636500
2018-12-12,3130.0,0.0,0.9,01636500
2018-12-13,3010.0,0.0,2.7,01636500
2018-12-14,2930.0,1.2,3.1,01636500
2018-12-15,3920.0,31.8,6.3,01636500
2018-12-16,24400.0,24.0,5.8,01636500
2018-12-17,29700.0,0.0,6.0,01636500
2018-12-18,17900.0,0.0,2.8,01636500
2018-12-19,12600.0,0.0,0.9,01636500
2018-12-20,9910.0,3.1,2.2,01636500
2018-12-21,10900.0,14.7,12.7,01636500
2018-12-22,29300.0,2.4,5.6,01636500
2018-12-23,27400.0,0.0,3.5,01636500
2018-12-24,16900.0,3.3,3.3,01636500
2018-12-25,12500.0,0.0,1.1,01636500
2018-12-26,10000.0,0.0,0.5,01636500
2018-12-27,8470.0,0.0,1.9,01636500
2018-12-28,7730.0,18.4,7.2,01636500
2018-12-29,10300.0,0.2,7.3,01636500
2018-12-30,13600.0,0.1,3.0,01636500
2018-12-31,10900.0,9.0,3.3,01636500
2019-01-01,9920.0,2.4,10.2,01636500
2019-01-02,9610.0,0.0,5.4,01636500
2019-01-03,8310.0,0.0,5.8,01636500
2019-01-04,7400.0,0.3,2.3,01636500
2019-01-05,7020.0,7.6,6.4,01636500
2019-01-06,6760.0,0.0,6.0,01636500
2019-01-07,6460.0,0.0,0.9,01636500
2019-01-08,5960.0,0.6,5.0,01636500
2019-01-09,5590.0,1.1,5.5,01636500
2019-01-10,5310.0,0.0,-1.9,01636500
2019-01-11,4940.0,0.0,-2.6,01636500
2019-01-12,4570.0,0.2,-2.1,01636500
2019-01-13,4380.0,11.3,-2.5,01636500
2019-01-14,4290.0,3.2,-2.9,01636500
2019-01-15,4100.0,0.0,-4.8,01636500
2019-01-16,3930.0,0.0,-3.4,01636500
2019-01-17,3800.0,0.9,-0.7,01636500
2019-01-18,3690.0,1.0,0.7,01636500
2019-01-19,3780.0,3.4,0.7,01636500
2019-01-20,7550.0,20.4,-0.4,01636500
2019-01-21,15200.0,0.0,-11.6,01636500
2019-01-22,12700.0,0.0,-9.5,01636500
2019-01-23,9130.0,0.1,1.4,01636500
2019-01-24,8090.0,17.4,7.6,01636500
2019-01-25,9770.0,0.0,-0.6,01636500
2019-01-26,11900.0,0.0,-3.0,01636500
2019-01-27,10200.0,0.0,0.7,01636500
2019-01-28,8500.0,0.0,-1.6,01636500
2019-01-29,7310.0,2.2,-0.8,01636500
2019-01-30,6450.0,0.2,-6.5,01636500
2019-01-31,5660.0,0.0,-11.8,01636500
2019-02-01,4940.0,2.5,-8.9,01636500
2019-02-02,4550.0,0.0,-5.6,01636500
2019-02-03,4410.0,0.0,2.1,01636500
2019-02-04,4230.0,0.0,4.5,01636500
2019-02-05,4110.0,0.0,8.6,01636500
2019-02-06,3960.0,4.2,6.5,01636500
2019-02-07,3810.0,3.0,6.8,01636500
2019-02-08,3670.0,0.8,7.3,01636500
2019-02-09,3540.0,0.0,-2.4,01636500
2019-02-10,3390.0,0.0,-2.7,01636500
2019-02-11,3230.0,10.9,-0.9,01636500
2019-02-12,3610.0,14.9,0.1,01636500
2019-02-13,6660.0,3.8,1.6,01636500
2019-02-14,7890.0,0.0,2.5,01636500
2019-02-15,7150.0,0.1,9.6,01636500
2019-02-16,6270.0,0.0,3.6,01636500
2019-02-17,5590.0,1.4,-0.9,01636500
2019-02-18,5190.0,4.5,2.1,01636500
2019-02-19,5010.0,0.0,-0.5,01636500
2019-02-20,5290.0,21.1,-1.5,01636500
2019-02-21,5320.0,0.9,2.3,01636500
2019-02-22,7130.0,0.0,4.8,01636500
2019-02-23,13900.0,2.6,1.9,01636500
2019-02-24,15100.0,15.8,5.2,01636500
2019-02-25,19700.0,0.0,3.3,01636500
2019-02-26,16600.0,0.0,1.9,01636500
2019-02-27,12200.0,0.0,1.2,01636500
2019-02-28,9840.0,0.0,1.9,01636500
2019-03-01,8400.0,6.5,0.2,01636500
2019-03-02,8190.0,11.1,1.9,01636500
2019-03-03,9310.0,7.8,2.0,01636500
2019-03-04,9860.0,7.9,-0.8,01636500
2019-03-05,12800.0,0.0,-6.9,01636500
2019-03-06,11100.0,0.0,-6.8,01636500
2019-03-07,9180.0,0.1,-3.2,01636500
2019-03-08,7880.0,1.8,-1.0,01636500
2019-03-09,7110.0,0.1,1.1,01636500
2019-03-10,6880.0,11.0,7.0,01636500
2019-03-11,7100.0,0.0,9.0,01636500
2019-03-12,7210.0,0.0,4.7,01636500
2019-03-13,7010.0,0.0,4.4,01636500
2019-03-14,6570.0,0.0,11.9,01636500
2019-03-15,6070.0,0.6,17.6,01636500
2019-03-16,5620.0,0.0,7.9,01636500
2019-03-17,5150.0,0.0,3.8,01636500
2019-03-18,4750.0,0.6,3.5,01636500
2019-03-19,4400.0,0.0,2.4,01636500
2019-03-20,4200.0,0.0,4.1,01636500
2019-03-21,4730.0,42.5,4.2,01636500
2019-03-22,14000.0,14.5,5.3,01636500
2019-03-23,16200.0,0.0,3.6,01636500
2019-03-24,10700.0,0.0,6.1,01636500
2019-03-25,8480.0,5.3,8.2,01636500
2019-03-26,7330.0,0.6,3.8,01636500
2019-03-27,6480.0,0.0,3.3,01636500
2019-03-28,5840.0,0.0,6.5,01636500
2019-03-29,5320.0,0.6,11.7,01636500
2019-03-30,4940.0,0.0,14.0,01636500
2019-03-31,4660.0,0.8,11.9,01636500
2019-04-01,4310.0,0.0,2.1,01636500
2019-04-02,4070.0,0.0,3.9,01636500
2019-04-03,3820.0,0.0,7.4,01636500
2019-04-04,3640.0,0.0,9.1,01636500
2019-04-05,3530.0,7.8,7.6,01636500
2019-04-06,3520.0,0.1,8.6,01636500
2019-04-07,3530.0,0.3,14.3,01636500
2019-04-08,3500.0,6.0,17.9,01636500
2019-04-09,3340.0,1.1,17.1,01636500
2019-04-10,3180.0,0.0,12.9,01636500
2019-04-11,3110.0,0.1,10.6,01636500
2019-04-12,3010.0,0.4,13.4,01636500
2019-04-13,3240.0,13.3,17.8,01636500
2019-04-14,3910.0,1.5,16.9,01636500
2019-04-15,7580.0,4.9,12.7,01636500
2019-04-16,15700.0,0.0,10.5,01636500
2019-04-17,12600.0,0.0,14.2,01636500
2019-04-18,9140.0,0.1,14.9,01636500
2019-04-19,7440.0,9.3,19.7,01636500
2019-04-20,11200.0,5.6,18.5,01636500
2019-04-21,16200.0,0.1,13.3,01636500
2019-04-22,12600.0,0.0,13.4,01636500
2019-04-23,9710.0,0.0,16.7,01636500
2019-04-24,7840.0,0.0,17.3,01636500
2019-04-25,6630.0,1.8,15.5,01636500
2019-04-26,5860.0,11.6,14.7,01636500
2019-04-27,5330.0,0.2,12.7,01636500
2019-04-28,5050.0,2.8,12.8,01636500
2019-04-29,4660.0,0.0,10.5,01636500
2019-04-30,4230.0,0.2,15.8,01636500
2019-05-01,3930.0,4.2,17.0,01636500
2019-05-02,3720.0,2.8,18.6,01636500
2019-05-03,3650.0,1.1,19.8,01636500
2019-05-04,4610.0,10.0,18.9,01636500
2019-05-05,6020.0,69.0,16.4,01636500
2019-05-06,11700.0,0.3,16.6,01636500
2019-05-07,8320.0,0.0,17.7,01636500
2019-05-08,6620.0,0.4,17.6,01636500
2019-05-09,5470.0,1.7,17.5,01636500
2019-05-10,4760.0,3.7,20.7,01636500
2019-05-11,4360.0,2.6,15.6,01636500
2019-05-12,4370.0,28.3,12.0,01636500
2019-05-13,4930.0,15.7,9.7,01636500
2019-05-14,6680.0,0.0,11.0,01636500
2019-05-15,8620.0,0.0,12.8,01636500
2019-05-16,7600.0,0.5,16.1,01636500
2019-05-17,6150.0,1.1,18.2,01636500
2019-05-18,5120.0,0.3,20.6,01636500
2019-05-19,4450.0,0.3,22.9,01636500
2019-05-20,3920.0,1.8,23.6,01636500
2019-05-21,3530.0,0.0,16.9,01636500
2019-05-22,3130.0,0.0,15.7,01636500
2019-05-23,2880.0,0.9,20.8,01636500
2019-05-24,2830.0,0.0,22.6,01636500
2019-05-25,2590.0,0.6,21.4,01636500
2019-05-26,2860.0,2.8,24.1,01636500
2019-05-27,2830.0,2.3,22.5,01636500
2019-05-28,2640.0,3.3,22.3,01636500
2019-05-29,2440.0,0.2,25.6,01636500
2019-05-30,2250.0,3.4,23.3,01636500
2019-05-31,2190.0,1.7,21.6,01636500
2019-06-01,2140.0,0.0,21.6,01636500
2019-06-02,2110.0,1.3,21.4,01636500
2019-06-03,2230.0,0.0,16.8,01636500
2019-06-04,2090.0,0.0,16.2,01636500
2019-06-05,1940.0,3.5,20.1,01636500
2019-06-06,1850.0,3.1,22.7,01636500
2019-06-07,1790.0,0.1,22.5,01636500
2019-06-08,1750.0,0.0,21.9,01636500
2019-06-09,1740.0,3.1,20.3,01636500
2019-06-10,1850.0,4.4,18.3,01636500
2019-06-11,2070.0,5.3,19.3,01636500
2019-06-12,2380.0,0.0,18.9,01636500
2019-06-13,2740.0,25.2,18.4,01636500
2019-06-14,2280.0,0.1,17.4,01636500
2019-06-15,1990.0,0.0,19.5,01636500
2019-06-16,1860.0,4.7,23.2,01636500
2019-06-17,1740.0,3.4,23.2,01636500
2019-06-18,1640.0,20.7,23.0,01636500
2019-06-19,1580.0,7.5,23.5,01636500
2019-06-20,1600.0,2.0,24.1,01636500
2019-06-21,1530.0,6.1,22.4,01636500
2019-06-22,1470.0,0.0,20.6,01636500
2019-06-23,1440.0,0.0,21.6,01636500
2019-06-24,1390.0,0.3,24.2,01636500
2019-06-25,1420.0,10.8,24.6,01636500
2019-06-26,1750.0,0.0,25.0,01636500
2019-06-27,2160.0,0.0,26.0,01636500
2019-06-28,2010.0,0.1,25.7,01636500
2019-06-29,1740.0,0.0,27.5,01636500
2019-06-30,1570.0,6.2,26.3,01636500
2019-07-01,1480.0,0.0,24.1,01636500
2019-07-02,1410.0,2.0,25.1,01636500
2019-07-03,1340.0,2.2,26.9,01636500
2019-07-04,1340.0,5.7,26.2,01636500
2019-07-05,1590.0,12.0,25.9,01636500
2019-07-06,1520.0,17.6,25.6,01636500
2019-07-07,2200.0,12.2,25.0,01636500
2019-07-08,3090.0,55.0,23.7,01636500
2019-07-09,2370.0,0.0,23.1,01636500
2019-07-10,2350.0,0.0,25.0,01636500
2019-07-11,2190.0,10.8,25.1,01636500
2019-07-12,2100.0,0.3,24.8,01636500
2019-07-13,2510.0,0.0,25.1,01636500
2019-07-14,2790.0,0.0,27.0,01636500
2019-07-15,2140.0,0.0,25.9,01636500
2019-07-16,1760.0,0.7,26.2,01636500
2019-07-17,1610.0,0.1,27.5,01636500
2019-07-18,1570.0,2.4,27.2,01636500
2019-07-19,1690.0,0.0,29.0,01636500
2019-07-20,1490.0,0.1,29.9,01636500
2019-07-21,1390.0,0.6,29.6,01636500
2019-07-22,1560.0,3.5,26.9,01636500
2019-07-23,2180.0,14.1,21.5,01636500
2019-07-24,2020.0,0.0,22.0,01636500
2019-07-25,1720.0,0.0,22.2,01636500
2019-07-26,1530.0,0.0,23.3,01636500
2019-07-27,1430.0,0.0,24.6,01636500
2019-07-28,1260.0,0.0,26.3,01636500
2019-07-29,1200.0,0.0,25.8,01636500
2019-07-30,1130.0,0.2,27.1,01636500
2019-07-31,1150.0,1.1,24.2,01636500
2019-08-01,1450.0,0.7,24.7,01636500
2019-08-02,1170.0,2.6,24.9,01636500
2019-08-03,1200.0,0.8,25.0,01636500
2019-08-04,1300.0,0.1,26.2,01636500
2019-08-05,1300.0,0.2,25.0,01636500
2019-08-06,1190.0,0.0,26.2,01636500
2019-08-07,1160.0,0.3,26.2,01636500
2019-08-08,1200.0,0.2,25.2,01636500
2019-08-09,1120.0,1.0,25.3,01636500
2019-08-10,996.0,0.0,23.4,01636500
2019-08-11,977.0,0.0,23.0,01636500
2019-08-12,931.0,0.0,24.6,01636500
2019-08-13,905.0,3.7,25.2,01636500
2019-08-14,963.0,15.4,24.9,01636500
2019-08-15,1140.0,18.9,23.2,01636500
2019-08-16,1140.0,7.8,23.2,01636500
2019-08-17,1190.0,0.1,25.6,01636500
2019-08-18,1380.0,0.0,26.7,01636500
2019-08-19,1140.0,1.0,26.5,01636500
2019-08-20,1010.0,3.2,26.5,01636500
2019-08-21,1010.0,0.1,26.7,01636500
2019-08-22,1010.0,0.0,27.4,01636500
2019-08-23,1130.0,24.6,20.0,01636500
2019-08-24,1370.0,0.0,19.3,01636500
2019-08-25,1120.0,0.0,19.6,01636500
2019-08-26,1100.0,0.0,19.7,01636500
2019-08-27,1260.0,1.6,20.6,01636500
2019-08-28,1070.0,2.6,22.2,01636500
2019-08-29,1040.0,0.3,21.4,01636500
2019-08-30,965.0,0.0,22.6,01636500
2019-08-31,935.0,0.0,24.2,01636500
2019-09-01,892.0,1.0,22.4,01636500
2019-09-02,883.0,3.6,23.3,01636500
2019-09-03,900.0,1.6,23.4,01636500
2019-09-04,1380.0,0.0,26.0,01636500
2019-09-05,1160.0,0.0,23.2,01636500
2019-09-06,978.0,0.0,21.6,01636500
2019-09-07,926.0,0.0,22.1,01636500
2019-09-08,859.0,0.0,22.2,01636500
2019-09-09,820.0,0.9,22.3,01636500
2019-09-10,793.0,0.0,23.7,01636500
2019-09-11,796.0,0.0,26.3,01636500
2019-09-12,810.0,0.6,27.3,01636500
2019-09-13,798.0,2.2,21.5,01636500
2019-09-14,776.0,0.7,21.7,01636500
2019-09-15,778.0,0.0,23.0,01636500
2019-09-16,783.0,0.0,23.9,01636500
2019-09-17,734.0,0.7,22.9,01636500
2019-09-18,733.0,0.0,19.8,01636500
2019-09-19,714.0,0.0,17.5,01636500
2019-09-20,696.0,0.0,18.0,01636500
2019-09-21,691.0,0.4,22.2,01636500
2019-09-22,696.0,0.2,25.2,01636500
2019-09-23,691.0,1.6,25.5,01636500
2019-09-24,679.0,0.0,22.0,01636500
2019-09-25,666.0,0.0,19.6,01636500
2019-09-26,641.0,0.3,21.4,01636500
2019-09-27,625.0,0.0,20.1,01636500
2019-09-28,621.0,0.7,22.8,01636500
2019-09-29,620.0,0.0,23.7,01636500
2019-09-30,634.0,18.2,20.4,01636500
2019-10-01,711.0,1.0,22.2,01636500
2019-10-02,850.0,0.0,26.2,01636500
2019-10-03,725.0,1.3,24.4,01636500
2019-10-04,673.0,0.0,20.7,01636500
2019-10-05,710.0,0.0,12.6,01636500
2019-10-06,646.0,3.6,17.8,01636500
2019-10-07,600.0,6.4,19.0,01636500
2019-10-08,664.0,14.5,13.7,01636500
2019-10-09,708.0,2.3,14.6,01636500
2019-10-10,696.0,0.0,13.7,01636500
2019-10-11,710.0,0.0,15.1,01636500
2019-10-12,704.0,0.2,13.9,01636500
2019-10-13,688.0,0.0,11.8,01636500
2019-10-14,675.0,0.0,13.4,01636500
2019-10-15,673.0,0.0,13.7,01636500
2019-10-16,685.0,18.4,12.6,01636500
2019-10-17,691.0,0.0,10.4,01636500
2019-10-18,683.0,0.0,10.7,01636500
2019-10-19,677.0,0.0,9.5,01636500
2019-10-20,736.0,11.7,11.1,01636500
2019-10-21,774.0,0.0,13.0,01636500
2019-10-22,790.0,23.3,13.7,01636500
2019-10-23,981.0,0.0,12.3,01636500
2019-10-24,1240.0,0.0,10.6,01636500
2019-10-25,1030.0,0.0,11.7,01636500
2019-10-26,933.0,1.0,12.4,01636500
2019-10-27,938.0,14.4,16.9,01636500
2019-10-28,932.0,0.0,14.2,01636500
2019-10-29,920.0,0.0,14.2,01636500
2019-10-30,913.0,1.3,14.3,01636500
2019-10-31,1130.0,10.7,18.4,01636500
2019-11-01,1310.0,32.0,7.9,01636500
2019-11-02,1400.0,0.0,4.8,01636500
2019-11-03,2150.0,0.0,5.6,01636500
2019-11-04,2300.0,0.0,5.9,01636500
2019-11-05,1810.0,0.0,9.1,01636500
2019-11-06,1520.0,0.0,8.4,01636500
2019-11-07,1360.0,4.3,9.6,01636500
2019-11-08,1240.0,0.6,3.6,01636500
2019-11-09,1130.0,0.0,0.3,01636500
2019-11-10,1070.0,0.0,5.7,01636500
2019-11-11,1020.0,0.0,9.7,01636500
2019-11-12,987.0,4.2,7.0,01636500
2019-11-13,944.0,0.0,-2.4,01636500
2019-11-14,922.0,0.0,-0.3,01636500
2019-11-15,901.0,0.0,2.4,01636500
2019-11-16,889.0,0.0,2.4,01636500
2019-11-17,845.0,0.0,1.3,01636500
2019-11-18,831.0,0.0,4.2,01636500
2019-11-19,869.0,0.6,5.8,01636500
2019-11-20,864.0,0.0,7.3,01636500
2019-11-21,844.0,0.0,6.0,01636500
2019-11-22,832.0,2.0,9.1,01636500
2019-11-23,823.0,1.8,3.0,01636500
2019-11-24,860.0,16.2,4.8,01636500
2019-11-25,864.0,0.0,5.8,01636500
2019-11-26,887.0,0.0,7.4,01636500
2019-11-27,917.0,1.3,10.3,01636500
2019-11-28,894.0,0.0,7.1,01636500
2019-11-29,837.0,0.0,4.4,01636500
2019-11-30,801.0,0.0,4.2,01636500
2019-12-01,837.0,10.3,3.8,01636500
2019-12-02,882.0,1.4,3.9,01636500
2019-12-03,914.0,0.3,3.8,01636500
2019-12-04,901.0,1.7,3.0,01636500
2019-12-05,927.0,0.2,3.4,01636500
2019-12-06,928.0,2.3,3.8,01636500
2019-12-07,875.0,0.0,2.8,01636500
2019-12-08,821.0,0.0,1.0,01636500
2019-12-09,824.0,9.1,4.1,01636500
2019-12-10,897.0,6.3,9.2,01636500
2019-12-11,940.0,7.0,1.2,01636500
2019-12-12,971.0,0.0,-1.6,01636500
2019-12-13,1070.0,4.7,0.5,01636500
2019-12-14,1130.0,11.1,3.9,01636500
2019-12-15,1180.0,0.0,5.5,01636500
2019-12-16,1250.0,11.7,0.8,01636500
2019-12-17,1600.0,17.0,1.3,01636500
2019-12-18,1860.0,0.0,-0.2,01636500
2019-12-19,1770.0,0.0,-3.8,01636500
2019-12-20,1710.0,0.0,-2.3,01636500
2019-12-21,1580.0,0.0,-1.5,01636500
2019-12-22,1500.0,0.0,0.4,01636500
2019-12-23,1390.0,0.0,1.8,01636500
2019-12-24,1330.0,0.0,2.1,01636500
2019-12-25,1280.0,0.0,1.8,01636500
2019-12-26,1210.0,0.0,2.8,01636500
2019-12-27,1160.0,0.0,6.8,01636500
2019-12-28,1120.0,0.0,7.8,01636500
2019-12-29,1100.0,9.3,8.0,01636500
2019-12-30,1100.0,2.8,12.9,01636500
2019-12-31,1090.0,0.1,6.3,01636500
2020-01-01,1080.0,0.0,4.1,01636500
2020-01-02,1060.0,0.0,2.6,01636500
2020-01-03,1070.0,5.4,8.4,01636500
2020-01-04,1070.0,6.3,9.3,01636500
2020-01-05,1090.0,0.5,3.4,01636500
2020-01-06,1100.0,0.0,3.1,01636500
2020-01-07,1110.0,9.0,0.4,01636500
2020-01-08,1130.0,0.2,0.8,01636500
2020-01-09,1110.0,0.0,-2.1,01636500
2020-01-10,1070.0,0.0,4.3,01636500
2020-01-11,1070.0,0.0,14.3,01636500
2020-01-12,1170.0,15.2,15.2,01636500
2020-01-13,1370.0,0.0,6.6,01636500
2020-01-14,1600.0,2.3,5.7,01636500
2020-01-15,2460.0,0.0,6.7,01636500
2020-01-16,2490.0,0.0,8.2,01636500
2020-01-17,2190.0,0.0,-0.6,01636500
2020-01-18,1950.0,6.8,-2.2,01636500
2020-01-19,1770.0,0.5,1.4,01636500
2020-01-20,1680.0,0.0,-3.7,01636500
2020-01-21,1590.0,0.0,-3.9,01636500
2020-01-22,1480.0,0.0,-3.0,01636500
2020-01-23,1390.0,0.0,-0.5,01636500
2020-01-24,1300.0,0.5,2.2,01636500
2020-01-25,2390.0,30.2,6.3,01636500
2020-01-26,7330.0,0.0,2.9,01636500
2020-01-27,10100.0,0.0,3.0,01636500
2020-01-28,7000.0,0.0,3.7,01636500
2020-01-29,5080.0,0.0,3.0,01636500
2020-01-30,3980.0,0.0,-0.6,01636500
2020-01-31,3300.0,0.4,1.5,01636500
2020-02-01,2830.0,2.3,1.4,01636500
2020-02-02,2580.0,0.6,4.2,01636500
2020-02-03,2370.0,0.0,11.9,01636500
2020-02-04,2210.0,0.0,13.5,01636500
2020-02-05,2060.0,3.1,7.3,01636500
2020-02-06,2110.0,18.4,2.9,01636500
2020-02-07,2780.0,11.2,5.2,01636500
2020-02-08,6620.0,0.0,0.8,01636500
2020-02-09,9890.0,0.1,1.9,01636500
2020-02-10,7580.0,8.4,5.9,01636500
2020-02-11,5910.0,5.7,7.8,01636500
2020-02-12,5070.0,0.6,5.3,01636500
2020-02-13,4700.0,4.8,6.3,01636500
2020-02-14,4420.0,0.0,1.3,01636500
2020-02-15,4100.0,0.0,-3.6,01636500
2020-02-16,3910.0,0.0,1.3,01636500
2020-02-17,3600.0,0.0,4.0,01636500
2020-02-18,3330.0,0.0,6.8,01636500
2020-02-19,3110.0,0.0,6.0,01636500
2020-02-20,2850.0,0.0,0.9,01636500
2020-02-21,2610.0,0.0,-2.4,01636500
2020-02-22,2420.0,0.0,1.4,01636500
2020-02-23,2270.0,0.0,3.7,01636500
2020-02-24,2150.0,0.0,6.1,01636500
2020-02-25,2040.0,1.5,8.1,01636500
2020-02-26,2060.0,2.8,8.9,01636500
2020-02-27,2130.0,10.7,2.7,01636500
2020-02-28,2160.0,0.4,0.9,01636500
2020-02-29,2070.0,0.0,-1.5,01636500
2020-03-01,1960.0,0.0,0.8,01636500
2020-03-02,1840.0,0.2,7.1,01636500
2020-03-03,1720.0,4.5,9.7,01636500
2020-03-04,1830.0,0.2,9.8,01636500
2020-03-05,1710.0,0.0,7.2,01636500
2020-03-06,1670.0,0.5,5.4,01636500
2020-03-07,1620.0,0.0,4.5,01636500
2020-03-08,1530.0,0.0,5.5,01636500
2020-03-09,1460.0,0.0,11.6,01636500
2020-03-10,1440.0,4.6,13.5,01636500
2020-03-11,1440.0,0.1,8.2,01636500
2020-03-12,1400.0,0.0,9.5,01636500
2020-03-13,1390.0,3.7,13.1,01636500
2020-03-14,1430.0,0.4,8.8,01636500
2020-03-15,1430.0,9.0,5.1,01636500
2020-03-16,1430.0,0.0,4.8,01636500
2020-03-17,1420.0,0.7,8.2,01636500
2020-03-18,1400.0,0.0,8.0,01636500
2020-03-19,1470.0,11.5,12.7,01636500
2020-03-20,1490.0,1.8,18.4,01636500
2020-03-21,1530.0,0.0,10.7,01636500
2020-03-22,1500.0,0.0,5.4,01636500
2020-03-23,1480.0,6.6,4.7,01636500
2020-03-24,1470.0,0.0,7.5,01636500
2020-03-25,1500.0,8.4,6.3,01636500
2020-03-26,1550.0,0.0,8.2,01636500
2020-03-27,1700.0,0.6,12.1,01636500
2020-03-28,1770.0,10.2,13.2,01636500
2020-03-29,1990.0,1.0,13.5,01636500
2020-03-30,2050.0,0.0,14.6,01636500
2020-03-31,1940.0,0.7,9.3,01636500
2020-04-01,1870.0,7.0,7.2,01636500
2020-04-02,1920.0,0.0,8.3,01636500
2020-04-03,1890.0,0.0,10.6,01636500
2020-04-04,1910.0,0.0,10.7,01636500
2020-04-05,1850.0,0.1,12.2,01636500
2020-04-06,1800.0,0.7,13.3,01636500
2020-04-07,1750.0,1.2,13.5,01636500
2020-04-08,1780.0,7.3,16.9,01636500
2020-04-09,1860.0,1.7,13.4,01636500
2020-04-10,1860.0,0.2,6.2,01636500
2020-04-11,1970.0,0.0,7.5,01636500
2020-04-12,2010.0,0.8,10.3,01636500
2020-04-13,2120.0,27.2,16.7,01636500
2020-04-14,2970.0,0.5,9.5,01636500
2020-04-15,8560.0,6.6,5.8,01636500
2020-04-16,8000.0,0.0,5.6,01636500
2020-04-17,6330.0,0.1,5.8,01636500
2020-04-18,5040.0,3.7,8.0,01636500
2020-04-19,4200.0,0.0,7.8,01636500
2020-04-20,3660.0,0.0,10.7,01636500
2020-04-21,3250.0,1.0,10.6,01636500
2020-04-22,2890.0,0.0,6.6,01636500
2020-04-23,2600.0,2.6,9.7,01636500
2020-04-24,2500.0,10.8,11.1,01636500
2020-04-25,2480.0,0.0,11.6,01636500
2020-04-26,2650.0,25.2,10.0,01636500
2020-04-27,3040.0,6.3,8.9,01636500
2020-04-28,5010.0,2.7,8.2,01636500
2020-04-29,5680.0,0.5,11.3,01636500
2020-04-30,5880.0,27.3,14.9,01636500
2020-05-01,13200.0,1.9,12.5,01636500
2020-05-02,16300.0,0.0,13.4,01636500
2020-05-03,10800.0,0.8,18.1,01636500
2020-05-04,8670.0,14.5,16.3,01636500
2020-05-05,8490.0,1.4,9.9,01636500
2020-05-06,7300.0,5.0,9.8,01636500
2020-05-07,6060.0,1.0,9.5,01636500
2020-05-08,5170.0,8.8,10.3,01636500
2020-05-09,4470.0,1.3,3.8,01636500
2020-05-10,3910.0,0.0,7.8,01636500
2020-05-11,3490.0,0.2,10.0,01636500
2020-05-12,3150.0,0.0,7.5,01636500
2020-05-13,2840.0,0.0,11.1,01636500
2020-05-14,2620.0,0.6,13.6,01636500
2020-05-15,2440.0,0.2,21.0,01636500
2020-05-16,2370.0,0.0,21.3,01636500
2020-05-17,2210.0,3.6,17.1,01636500
2020-05-18,2090.0,0.6,15.7,01636500
2020-05-19,2080.0,0.0,15.9,01636500
2020-05-20,2220.0,0.1,13.4,01636500
2020-05-21,2250.0,0.0,13.1,01636500
2020-05-22,2560.0,7.5,16.5,01636500
2020-05-23,3480.0,2.4,19.3,01636500
2020-05-24,5490.0,3.1,18.5,01636500
2020-05-25,6410.0,0.0,19.4,01636500
2020-05-26,5130.0,0.0,20.9,01636500
2020-05-27,4370.0,0.5,20.6,01636500
2020-05-28,3750.0,7.7,22.9,01636500
2020-05-29,3410.0,0.2,25.5,01636500
2020-05-30,3960.0,0.5,22.4,01636500
2020-05-31,4340.0,0.0,17.9,01636500
2020-06-01,4030.0,0.0,16.5,01636500
2020-06-02,3500.0,0.0,19.0,01636500
2020-06-03,3000.0,0.6,25.5,01636500
2020-06-04,2610.0,0.7,27.0,01636500
2020-06-05,2850.0,14.4,23.3,01636500
2020-06-06,7200.0,2.9,24.0,01636500
2020-06-07,6560.0,0.0,21.7,01636500
2020-06-08,5170.0,0.0,20.6,01636500
2020-06-09,3810.0,0.0,24.3,01636500
2020-06-10,3100.0,0.3,28.0,01636500
2020-06-11,2610.0,5.4,25.8,01636500
2020-06-12,2270.0,0.0,23.8,01636500
2020-06-13,2310.0,0.0,20.4,01636500
2020-06-14,2110.0,1.9,18.1,01636500
2020-06-15,1910.0,0.0,19.7,01636500
2020-06-16,1740.0,0.0,20.4,01636500
2020-06-17,1630.0,4.7,19.0,01636500
2020-06-18,1700.0,13.5,20.7,01636500
2020-06-19,2070.0,2.1,22.0,01636500
2020-06-20,3180.0,6.0,21.7,01636500
2020-06-21,5210.0,1.0,23.1,01636500
2020-06-22,4500.0,12.5,24.3,01636500
2020-06-23,4180.0,3.3,23.5,01636500
2020-06-24,3770.0,2.3,23.4,01636500
2020-06-25,3010.0,0.0,22.6,01636500
2020-06-26,2500.0,0.0,23.9,01636500
2020-06-27,2180.0,2.1,25.8,01636500
2020-06-28,1890.0,2.9,26.0,01636500
2020-06-29,1690.0,0.0,26.2,01636500
2020-06-30,1630.0,0.0,26.1,01636500
2020-07-01,1470.0,0.2,25.4,01636500
2020-07-02,1280.0,0.0,25.4,01636500
2020-07-03,1240.0,0.0,28.6,01636500
2020-07-04,1150.0,0.1,28.7,01636500
2020-07-05,1110.0,1.0,27.9,01636500
2020-07-06,1050.0,3.1,27.6,01636500
2020-07-07,992.0,4.1,25.8,01636500
2020-07-08,1020.0,2.1,26.7,01636500
2020-07-09,1170.0,0.0,27.6,01636500
2020-07-10,1160.0,0.0,27.6,01636500
2020-07-11,1020.0,1.4,27.2,01636500
2020-07-12,898.0,0.3,26.0,01636500
2020-07-13,884.0,1.3,24.3,01636500
2020-07-14,906.0,0.0,25.5,01636500
2020-07-15,887.0,0.0,26.5,01636500
2020-07-16,832.0,0.0,27.5,01636500
2020-07-17,802.0,1.5,28.2,01636500
2020-07-18,754.0,0.0,29.5,01636500
2020-07-19,690.0,0.3,30.2,01636500
2020-07-20,689.0,0.0,31.4,01636500
2020-07-21,722.0,0.2,30.3,01636500
2020-07-22,840.0,2.3,26.9,01636500
2020-07-23,1030.0,1.0,25.8,01636500
2020-07-24,1000.0,17.3,24.7,01636500
2020-07-25,1120.0,2.1,25.8,01636500
2020-07-26,1340.0,0.0,27.8,01636500
2020-07-27,1190.0,0.0,28.7,01636500
2020-07-28,1050.0,0.9,28.3,01636500
2020-07-29,892.0,0.0,26.9,01636500
2020-07-30,817.0,0.0,27.8,01636500
2020-07-31,824.0,17.9,23.1,01636500
2020-08-01,841.0,1.7,24.0,01636500
2020-08-02,953.0,0.5,27.2,01636500
2020-08-03,1360.0,0.6,25.0,01636500
2020-08-04,1340.0,44.2,23.3,01636500
2020-08-05,1320.0,0.0,23.7,01636500
2020-08-06,1980.0,20.3,22.7,01636500
2020-08-07,1970.0,10.6,23.1,01636500
2020-08-08,3480.0,4.1,23.0,01636500
2020-08-09,3310.0,0.0,25.3,01636500
2020-08-10,2890.0,0.0,25.5,01636500
2020-08-11,3720.0,0.0,26.5,01636500
2020-08-12,2560.0,0.9,26.7,01636500
2020-08-13,2060.0,13.1,24.2,01636500
2020-08-14,1960.0,4.1,23.7,01636500
2020-08-15,2020.0,4.3,22.2,01636500
2020-08-16,2310.0,13.4,20.9,01636500
2020-08-17,5980.0,0.4,22.0,01636500
2020-08-18,6940.0,0.0,23.2,01636500
2020-08-19,5080.0,0.4,22.2,01636500
2020-08-20,3800.0,0.2,21.3,01636500
2020-08-21,3710.0,0.4,22.7,01636500
2020-08-22,3170.0,3.1,24.1,01636500
2020-08-23,2490.0,15.3,24.3,01636500
2020-08-24,2240.0,8.4,24.6,01636500
2020-08-25,4240.0,0.2,26.4,01636500
2020-08-26,3120.0,0.0,25.5,01636500
2020-08-27,2490.0,0.3,27.2,01636500
2020-08-28,2120.0,0.1,27.6,01636500
2020-08-29,2000.0,15.0,24.6,01636500
2020-08-30,2420.0,0.0,23.0,01636500
2020-08-31,2590.0,21.8,19.7,01636500
2020-09-01,2380.0,2.6,20.7,01636500
2020-09-02,5440.0,1.6,24.3,01636500
2020-09-03,6000.0,2.1,24.8,01636500
2020-09-04,4550.0,1.0,24.8,01636500
2020-09-05,3600.0,0.0,21.1,01636500
2020-09-06,3000.0,0.0,21.1,01636500
2020-09-07,2520.0,0.0,22.1,01636500
2020-09-08,2190.0,0.0,22.6,01636500
2020-09-09,1950.0,0.2,23.5,01636500
2020-09-10,2900.0,18.9,23.3,01636500
2020-09-11,3410.0,0.3,23.5,01636500
2020-09-12,2190.0,1.1,20.0,01636500
2020-09-13,1930.0,0.0,20.5,01636500
2020-09-14,1700.0,1.1,21.7,01636500
2020-09-15,1520.0,0.0,15.9,01636500
2020-09-16,1400.0,0.0,15.6,01636500
2020-09-17,1340.0,0.0,17.4,01636500
2020-09-18,1320.0,0.1,18.5,01636500
2020-09-19,1280.0,0.0,13.5,01636500
2020-09-20,1220.0,0.0,12.4,01636500
2020-09-21,1230.0,0.0,12.4,01636500
2020-09-22,1200.0,0.0,12.7,01636500
2020-09-23,1140.0,0.0,17.9,01636500
2020-09-24,1070.0,0.0,19.1,01636500
2020-09-25,1110.0,0.0,17.9,01636500
2020-09-26,1010.0,3.6,18.2,01636500
2020-09-27,981.0,0.0,19.2,01636500
2020-09-28,993.0,0.4,21.3,01636500
2020-09-29,1120.0,2.6,19.8,01636500
2020-09-30,1400.0,16.2,15.1,01636500
2020-10-01,1650.0,0.0,16.3,01636500
2020-10-02,1740.0,0.9,14.6,01636500
2020-10-03,1740.0,0.0,11.7,01636500
2020-10-04,1460.0,0.0,12.7,01636500
2020-10-05,1310.0,1.1,13.9,01636500
2020-10-06,1230.0,0.0,13.0,01636500
2020-10-07,1190.0,0.0,17.4,01636500
2020-10-08,1090.0,0.0,16.2,01636500
2020-10-09,1050.0,0.0,14.5,01636500
2020-10-10,1010.0,0.0,18.0,01636500
2020-10-11,964.0,2.2,18.8,01636500
2020-10-12,1130.0,28.5,15.1,01636500
2020-10-13,1590.0,0.8,14.4,01636500
2020-10-14,1670.0,0.0,14.5,01636500
2020-10-15,1800.0,0.0,16.9,01636500
2020-10-16,1670.0,0.4,14.2,01636500
2020-10-17,1490.0,0.0,9.5,01636500
2020-10-18,1330.0,0.1,10.5,01636500
2020-10-19,1250.0,0.0,13.9,01636500
2020-10-20,1210.0,0.0,17.5,01636500
2020-10-21,1180.0,0.0,19.1,01636500
2020-10-22,1120.0,0.0,19.2,01636500
2020-10-23,1100.0,0.0,19.6,01636500
2020-10-24,1060.0,0.9,17.6,01636500
2020-10-25,1010.0,3.0,9.1,01636500
2020-10-26,991.0,0.9,11.0,01636500
2020-10-27,1030.0,0.8,14.3,01636500
2020-10-28,1090.0,1.0,16.0,01636500
2020-10-29,1270.0,42.4,13.5,01636500
2020-10-30,1480.0,2.0,9.4,01636500
2020-10-31,2920.0,0.0,6.0,01636500
2020-11-01,4730.0,3.3,8.3,01636500
2020-11-02,3560.0,0.0,4.5,01636500
2020-11-03,2930.0,0.0,7.8,01636500
2020-11-04,2570.0,0.0,9.3,01636500
2020-11-05,2270.0,0.0,12.4,01636500
2020-11-06,2010.0,0.0,14.0,01636500
2020-11-07,1890.0,0.0,12.9,01636500
2020-11-08,1730.0,0.0,14.3,01636500
2020-11-09,1640.0,0.0,15.4,01636500
2020-11-10,1540.0,0.2,16.9,01636500
2020-11-11,1560.0,26.1,18.2,01636500
2020-11-12,1730.0,15.2,13.9,01636500
2020-11-13,3920.0,0.1,9.2,01636500
2020-11-14,9470.0,0.0,7.8,01636500
2020-11-15,6520.0,4.4,10.3,01636500
2020-11-16,4800.0,0.0,9.8,01636500
2020-11-17,3880.0,0.3,5.8,01636500
2020-11-18,3260.0,0.0,2.2,01636500
2020-11-19,2810.0,0.0,3.0,01636500
2020-11-20,2500.0,0.0,9.3,01636500
2020-11-21,2280.0,0.9,12.0,01636500
2020-11-22,2100.0,0.0,10.6,01636500
2020-11-23,1980.0,2.4,9.4,01636500
2020-11-24,1920.0,0.0,4.8,01636500
2020-11-25,1810.0,0.0,7.8,01636500
2020-11-26,1730.0,2.0,13.0,01636500
2020-11-27,1660.0,0.0,10.5,01636500
2020-11-28,1600.0,0.0,8.6,01636500
2020-11-29,1540.0,0.0,5.8,01636500
2020-11-30,1710.0,25.8,9.8,01636500
2020-12-01,2180.0,0.9,4.7,01636500
2020-12-02,4590.0,0.0,2.9,01636500
2020-12-03,4940.0,0.0,2.9,01636500
2020-12-04,3930.0,7.1,5.0,01636500
2020-12-05,3580.0,8.6,5.7,01636500
2020-12-06,3850.0,0.0,2.9,01636500
2020-12-07,4930.0,0.0,-0.3,01636500
2020-12-08,4270.0,0.0,1.1,01636500
2020-12-09,3680.0,0.0,0.8,01636500
2020-12-10,3270.0,0.0,3.6,01636500
2020-12-11,2940.0,0.0,6.5,01636500
2020-12-12,2680.0,0.0,8.8,01636500
2020-12-13,2460.0,0.1,11.2,01636500
2020-12-14,2460.0,20.4,3.6,01636500
2020-12-15,3480.0,0.0,1.1,01636500
2020-12-16,5870.0,21.5,-2.0,01636500
2020-12-17,5730.0,10.7,-2.1,01636500
2020-12-18,4820.0,1.0,-0.2,01636500
2020-12-19,4310.0,0.0,-3.4,01636500
2020-12-20,3870.0,0.0,0.3,01636500
2020-12-21,3670.0,0.0,1.4,01636500
2020-12-22,4020.0,1.8,2.9,01636500
2020-12-23,4960.0,0.0,0.9,01636500
2020-12-24,5560.0,40.0,7.9,01636500
2020-12-25,16700.0,13.8,1.6,01636500
2020-12-26,26100.0,0.0,-4.9,01636500
2020-12-27,16400.0,0.0,-1.6,01636500
2020-12-28,10900.0,0.0,4.4,01636500
2020-12-29,8430.0,0.0,2.6,01636500
2020-12-30,6820.0,0.1,0.3,01636500
2020-12-31,5710.0,5.8,5.1,01636500
2021-01-01,5000.0,7.6,-0.4,01636500
2021-01-02,5680.0,3.7,5.1,01636500
2021-01-03,8570.0,6.6,3.1,01636500
2021-01-04,9430.0,0.0,1.8,01636500
2021-01-05,8040.0,0.1,2.7,01636500
2021-01-06,6820.0,0.1,2.8,01636500
2021-01-07,5840.0,0.0,2.5,01636500
2021-01-08,5100.0,0.0,-0.6,01636500
2021-01-09,4540.0,0.0,0.2,01636500
2021-01-10,4130.0,0.0,1.8,01636500
2021-01-11,3800.0,0.0,0.2,01636500
2021-01-12,3510.0,0.0,0.8,01636500
2021-01-13,3280.0,0.0,1.9,01636500
2021-01-14,3140.0,0.0,3.6,01636500
2021-01-15,2960.0,0.8,4.1,01636500
2021-01-16,2860.0,1.7,2.7,01636500
2021-01-17,2780.0,0.1,2.3,01636500
2021-01-18,2720.0,0.1,1.6,01636500
2021-01-19,2590.0,0.0,1.9,01636500
2021-01-20,2440.0,0.5,1.2,01636500
2021-01-21,2320.0,0.0,0.6,01636500
2021-01-22,2230.0,0.0,2.1,01636500
2021-01-23,2150.0,0.0,-0.9,01636500
2021-01-24,2090.0,0.0,-3.0,01636500
2021-01-25,2020.0,1.0,-0.0,01636500
2021-01-26,1980.0,6.6,-0.1,01636500
2021-01-27,2050.0,0.1,2.3,01636500
2021-01-28,2280.0,0.2,-1.6,01636500
2021-01-29,2430.0,0.0,-3.5,01636500
2021-01-30,2260.0,0.0,-2.9,01636500
2021-01-31,2170.0,12.0,-1.8,01636500
2021-02-01,2210.0,11.2,-2.7,01636500
2021-02-02,2220.0,2.5,-0.7,01636500
2021-02-03,2200.0,0.6,-0.4,01636500
2021-02-04,2130.0,0.0,-1.7,01636500
2021-02-05,2110.0,1.5,3.6,01636500
2021-02-06,2130.0,0.0,0.4,01636500
2021-02-07,2210.0,5.9,0.9,01636500
2021-02-08,2300.0,0.0,-5.2,01636500
2021-02-09,2340.0,0.0,0.7,01636500
2021-02-10,2510.0,0.3,0.6,01636500
2021-02-11,2510.0,15.0,0.1,01636500
2021-02-12,2720.0,0.3,-3.3,01636500
2021-02-13,2860.0,3.5,-3.1,01636500
2021-02-14,3030.0,0.0,-1.5,01636500
2021-02-15,3050.0,0.6,0.2,01636500
2021-02-16,3340.0,14.8,1.3,01636500
2021-02-17,4420.0,0.0,-4.3,01636500
2021-02-18,7370.0,17.0,-3.6,01636500
2021-02-19,7000.0,2.8,-2.1,01636500
2021-02-20,5920.0,0.0,-4.0,01636500
2021-02-21,5170.0,0.0,-6.7,01636500
2021-02-22,4730.0,6.6,-0.3,01636500
2021-02-23,4540.0,0.3,3.9,01636500
2021-02-24,6040.0,0.0,6.5,01636500
2021-02-25,7740.0,0.0,7.3,01636500
2021-02-26,8040.0,0.0,4.1,01636500
2021-02-27,7840.0,6.9,4.8,01636500
2021-02-28,7900.0,22.3,6.7,01636500
2021-03-01,12400.0,7.3,6.7,01636500
2021-03-02,19200.0,0.0,1.0,01636500
2021-03-03,15900.0,0.0,3.4,01636500
2021-03-04,11700.0,0.0,5.9,01636500
2021-03-05,9150.0,0.0,-0.6,01636500
2021-03-06,7470.0,0.0,0.5,01636500
2021-03-07,6290.0,0.0,0.3,01636500
2021-03-08,5430.0,0.0,1.7,01636500
2021-03-09,4810.0,0.0,8.9,01636500
2021-03-10,4350.0,0.0,10.3,01636500
2021-03-11,3990.0,0.5,14.6,01636500
2021-03-12,3720.0,0.1,14.3,01636500
2021-03-13,3490.0,0.0,8.9,01636500
2021-03-14,3290.0,0.0,7.9,01636500
2021-03-15,3110.0,0.0,2.5,01636500
2021-03-16,2950.0,1.4,4.6,01636500
2021-03-17,2810.0,0.0,6.8,01636500
2021-03-18,2870.0,13.7,8.7,01636500
2021-03-19,2880.0,2.0,5.3,01636500
2021-03-20,2850.0,0.0,3.6,01636500
2021-03-21,2830.0,0.0,6.2,01636500
2021-03-22,2730.0,0.0,7.9,01636500
2021-03-23,2610.0,0.0,9.5,01636500
2021-03-24,2560.0,5.1,12.3,01636500
2021-03-25,2510.0,1.6,12.8,01636500
2021-03-26,2450.0,0.3,18.0,01636500
2021-03-27,2410.0,0.0,13.9,01636500
2021-03-28,2390.0,13.9,14.5,01636500
2021-03-29,2360.0,0.0,8.5,01636500
2021-03-30,2290.0,0.0,10.7,01636500
2021-03-31,2420.0,13.3,13.3,01636500
2021-04-01,2800.0,10.0,6.9,01636500
2021-04-02,3330.0,0.0,1.0,01636500
2021-04-03,3580.0,0.0,3.3,01636500
2021-04-04,3470.0,0.0,10.2,01636500
2021-04-05,3230.0,0.0,12.4,01636500
2021-04-06,3070.0,0.0,15.2,01636500
2021-04-07,2900.0,0.0,17.2,01636500
2021-04-08,2730.0,0.0,16.1,01636500
2021-04-09,2690.0,8.4,13.2,01636500
2021-04-10,2760.0,0.3,14.4,01636500
2021-04-11,3170.0,31.3,17.7,01636500
2021-04-12,9000.0,0.5,14.3,01636500
2021-04-13,11100.0,0.7,12.6,01636500
2021-04-14,8050.0,5.5,12.4,01636500
2021-04-15,6600.0,1.9,11.7,01636500
2021-04-16,6130.0,1.7,7.9,01636500
2021-04-17,5520.0,0.0,9.2,01636500
2021-04-18,4800.0,0.0,10.1,01636500
2021-04-19,4280.0,0.1,11.3,01636500
2021-04-20,3850.0,0.1,13.9,01636500
2021-04-21,3500.0,0.5,12.5,01636500
2021-04-22,3200.0,0.0,5.2,01636500
2021-04-23,2920.0,0.0,8.5,01636500
2021-04-24,2760.0,0.5,10.9,01636500
2021-04-25,2800.0,16.8,11.9,01636500
2021-04-26,2950.0,0.0,11.0,01636500
2021-04-27,2910.0,0.0,16.9,01636500
2021-04-28,2720.0,0.0,22.1,01636500
2021-04-29,2530.0,4.6,21.5,01636500
2021-04-30,2390.0,2.4,16.2,01636500
2021-05-01,2260.0,0.0,11.6,01636500
2021-05-02,2150.0,0.0,18.4,01636500
2021-05-03,2070.0,5.3,19.8,01636500
2021-05-04,2030.0,3.1,21.8,01636500
2021-05-05,2240.0,15.7,18.8,01636500
2021-05-06,3870.0,0.0,12.3,01636500
2021-05-07,3130.0,5.4,11.1,01636500
2021-05-08,2710.0,3.6,9.0,01636500
2021-05-09,2400.0,1.2,10.5,01636500
2021-05-10,2280.0,0.1,14.1,01636500
2021-05-11,2080.0,0.3,12.3,01636500
2021-05-12,1950.0,0.0,11.4,01636500
2021-05-13,1840.0,0.1,12.8,01636500
2021-05-14,1720.0,0.0,14.2,01636500
2021-05-15,1650.0,0.0,15.5,01636500
2021-05-16,1580.0,1.1,14.9,01636500
2021-05-17,1540.0,0.0,15.2,01636500
2021-05-18,1510.0,0.0,18.6,01636500
2021-05-19,1470.0,0.0,21.1,01636500
2021-05-20,1390.0,0.0,23.1,01636500
2021-05-21,1350.0,0.0,22.7,01636500
2021-05-22,1310.0,0.0,24.1,01636500
2021-05-23,1260.0,0.2,26.2,01636500
2021-05-24,1240.0,6.0,20.9,01636500
2021-05-25,1200.0,1.1,18.9,01636500
2021-05-26,1230.0,0.1,25.9,01636500
2021-05-27,1260.0,0.3,23.5,01636500
2021-05-28,1280.0,3.5,19.5,01636500
2021-05-29,1470.0,18.9,12.5,01636500
2021-05-30,1740.0,1.2,10.4,01636500
2021-05-31,1770.0,0.0,14.2,01636500
2021-06-01,1640.0,0.0,17.9,01636500
2021-06-02,1430.0,0.0,20.4,01636500
2021-06-03,1410.0,5.7,21.1,01636500
2021-06-04,1320.0,1.3,21.7,01636500
2021-06-05,1190.0,0.0,24.3,01636500
2021-06-06,1140.0,0.0,25.7,01636500
2021-06-07,1100.0,0.0,27.1,01636500
2021-06-08,1060.0,0.8,26.3,01636500
2021-06-09,1050.0,0.6,25.3,01636500
2021-06-10,1100.0,10.1,24.1,01636500
2021-06-11,2060.0,23.6,19.4,01636500
2021-06-12,4040.0,2.7,19.5,01636500
2021-06-13,3600.0,1.1,22.3,01636500
2021-06-14,2880.0,0.4,24.4,01636500
2021-06-15,2770.0,12.9,21.0,01636500
2021-06-16,3100.0,0.0,19.8,01636500
2021-06-17,2790.0,0.0,18.9,01636500
2021-06-18,2520.0,0.0,21.6,01636500
2021-06-19,2130.0,2.4,24.7,01636500
2021-06-20,1890.0,0.7,25.9,01636500
2021-06-21,1710.0,0.4,27.7,01636500
2021-06-22,1630.0,17.3,20.8,01636500
2021-06-23,1460.0,0.0,17.6,01636500
2021-06-24,1380.0,0.0,19.5,01636500
2021-06-25,1280.0,0.0,21.2,01636500
2021-06-26,1240.0,0.0,25.2,01636500
2021-06-27,1140.0,0.7,27.2,01636500
2021-06-28,1090.0,1.5,27.7,01636500
2021-06-29,1000.0,0.2,28.9,01636500
2021-06-30,999.0,0.0,29.8,01636500
2021-07-01,1040.0,30.7,24.3,01636500
2021-07-02,1030.0,12.1,22.2,01636500
2021-07-03,1100.0,0.1,20.3,01636500
2021-07-04,1030.0,0.9,22.0,01636500
2021-07-05,986.0,0.0,25.5,01636500
2021-07-06,959.0,0.0,28.1,01636500
2021-07-07,902.0,2.1,27.5,01636500
2021-07-08,855.0,2.2,25.6,01636500
2021-07-09,855.0,1.9,24.4,01636500
2021-07-10,830.0,0.1,24.1,01636500
2021-07-11,786.0,0.7,25.5,01636500
2021-07-12,819.0,7.9,27.4,01636500
2021-07-13,793.0,9.9,27.7,01636500
2021-07-14,827.0,0.7,27.5,01636500
2021-07-15,794.0,0.1,27.6,01636500
2021-07-16,772.0,0.0,29.0,01636500
2021-07-17,863.0,1.2,28.1,01636500
2021-07-18,921.0,0.3,24.0,01636500
2021-07-19,790.0,0.0,25.1,01636500
2021-07-20,730.0,0.1,26.3,01636500
2021-07-21,702.0,2.4,25.0,01636500
2021-07-22,745.0,0.0,23.6,01636500
2021-07-23,666.0,0.0,23.4,01636500
2021-07-24,609.0,1.7,24.2,01636500
2021-07-25,612.0,0.7,27.2,01636500
2021-07-26,583.0,0.5,27.4,01636500
2021-07-27,568.0,0.0,27.8,01636500
2021-07-28,564.0,0.0,26.8,01636500
2021-07-29,585.0,0.3,26.5,01636500
2021-07-30,609.0,0.8,26.4,01636500
2021-07-31,604.0,0.0,23.6,01636500
2021-08-01,674.0,0.3,23.9,01636500
2021-08-02,603.0,0.1,22.2,01636500
2021-08-03,549.0,0.0,21.3,01636500
2021-08-04,526.0,0.0,22.5,01636500
2021-08-05,508.0,0.0,23.0,01636500
2021-08-06,517.0,0.0,25.5,01636500
2021-08-07,504.0,0.0,24.9,01636500
2021-08-08,487.0,0.1,24.0,01636500
2021-08-09,501.0,0.2,26.8,01636500
2021-08-10,626.0,0.2,27.7,01636500
2021-08-11,644.0,1.6,27.6,01636500
2021-08-12,666.0,0.1,28.8,01636500
2021-08-13,664.0,3.1,28.8,01636500
2021-08-14,659.0,4.3,25.6,01636500
2021-08-15,722.0,0.0,24.0,01636500
2021-08-16,791.0,7.7,22.4,01636500
2021-08-17,781.0,27.8,23.5,01636500
2021-08-18,763.0,21.1,24.7,01636500
2021-08-19,800.0,0.9,25.6,01636500
2021-08-20,865.0,13.4,23.8,01636500
2021-08-21,929.0,0.7,24.2,01636500
2021-08-22,941.0,0.7,23.6,01636500
2021-08-23,1120.0,0.5,25.8,01636500
2021-08-24,1180.0,0.0,27.3,01636500
2021-08-25,945.0,7.1,26.5,01636500
2021-08-26,859.0,0.8,26.7,01636500
2021-08-27,763.0,17.3,25.3,01636500
2021-08-28,778.0,1.9,26.1,01636500
2021-08-29,850.0,11.2,24.6,01636500
2021-08-30,1120.0,1.6,25.7,01636500
2021-08-31,2100.0,3.7,23.2,01636500
2021-09-01,1970.0,60.8,21.6,01636500
2021-09-02,7260.0,0.3,18.9,01636500
2021-09-03,9400.0,0.0,18.2,01636500
2021-09-04,5070.0,0.0,19.8,01636500
2021-09-05,3410.0,12.2,20.0,01636500
2021-09-06,2600.0,1.1,21.9,01636500
2021-09-07,2140.0,0.0,21.9,01636500
2021-09-08,1840.0,0.0,23.7,01636500
2021-09-09,2680.0,9.6,20.4,01636500
2021-09-10,4250.0,0.0,18.7,01636500
2021-09-11,2780.0,0.0,18.7,01636500
2021-09-12,2000.0,0.0,22.7,01636500
2021-09-13,1660.0,0.0,24.4,01636500
2021-09-14,1440.0,0.0,24.6,01636500
2021-09-15,1250.0,0.7,25.1,01636500
2021-09-16,1240.0,5.5,22.3,01636500
2021-09-17,1360.0,8.4,22.1,01636500
2021-09-18,1200.0,0.2,23.3,01636500
2021-09-19,1080.0,0.0,23.0,01636500
2021-09-20,1020.0,0.0,20.7,01636500
2021-09-21,1050.0,1.8,20.2,01636500
2021-09-22,1040.0,13.1,21.3,01636500
2021-09-23,3420.0,56.4,19.1,01636500
2021-09-24,6550.0,0.0,15.4,01636500
2021-09-25,8320.0,0.0,15.8,01636500
2021-09-26,5130.0,0.1,16.9,01636500
2021-09-27,3680.0,0.0,18.1,01636500
2021-09-28,2940.0,0.4,20.3,01636500
2021-09-29,2390.0,0.0,16.9,01636500
2021-09-30,2040.0,0.0,15.8,01636500
2021-10-01,1760.0,0.0,15.3,01636500
2021-10-02,1570.0,0.0,16.6,01636500
2021-10-03,1440.0,0.0,19.8,01636500
2021-10-04,1350.0,5.9,21.4,01636500
2021-10-05,1350.0,6.1,20.4,01636500
2021-10-06,1380.0,0.6,19.9,01636500
2021-10-07,1260.0,0.0,19.8,01636500
2021-10-08,1350.0,0.0,19.1,01636500
2021-10-09,2380.0,2.2,18.7,01636500
2021-10-10,2150.0,2.8,18.6,01636500
2021-10-11,1990.0,0.0,18.2,01636500
2021-10-12,1790.0,0.0,18.3,01636500
2021-10-13,1660.0,0.0,18.9,01636500
2021-10-14,1520.0,0.0,18.9,01636500
2021-10-15,1430.0,0.2,21.2,01636500
2021-10-16,1350.0,9.7,19.5,01636500
2021-10-17,1270.0,0.0,12.9,01636500
2021-10-18,1190.0,0.0,12.4,01636500
2021-10-19,1150.0,0.0,13.2,01636500
2021-10-20,1100.0,0.0,16.3,01636500
2021-10-21,1040.0,0.0,16.1,01636500
2021-10-22,1020.0,1.3,16.2,01636500
2021-10-23,975.0,0.5,14.2,01636500
2021-10-24,940.0,0.6,13.6,01636500
2021-10-25,923.0,2.7,18.5,01636500
2021-10-26,978.0,12.9,13.6,01636500
2021-10-27,962.0,0.9,12.6,01636500
2021-10-28,904.0,0.0,12.6,01636500
2021-10-29,1070.0,39.7,13.0,01636500
2021-10-30,2250.0,5.8,12.1,01636500
2021-10-31,3090.0,1.1,12.0,01636500
2021-11-01,6110.0,0.0,11.5,01636500
2021-11-02,5580.0,3.7,7.3,01636500
2021-11-03,4080.0,0.0,4.9,01636500
2021-11-04,3270.0,0.0,4.5,01636500
2021-11-05,2710.0,0.0,3.8,01636500
2021-11-06,2240.0,0.0,3.9,01636500
2021-11-07,1950.0,0.0,5.0,01636500
2021-11-08,1770.0,0.0,9.7,01636500
2021-11-09,1640.0,0.0,11.6,01636500
2021-11-10,1550.0,0.0,13.9,01636500
2021-11-11,1460.0,0.0,12.6,01636500
2021-11-12,1470.0,18.2,14.3,01636500
2021-11-13,2590.0,3.2,7.8,01636500
2021-11-14,3210.0,0.3,4.3,01636500
2021-11-15,3550.0,0.1,5.2,01636500
2021-11-16,3080.0,0.0,4.5,01636500
2021-11-17,2620.0,0.0,7.6,01636500
2021-11-18,2330.0,4.3,13.9,01636500
2021-11-19,2120.0,0.7,5.2,01636500
2021-11-20,1920.0,0.0,1.6,01636500
2021-11-21,1770.0,0.0,4.5,01636500
2021-11-22,1640.0,0.5,7.2,01636500
2021-11-23,1580.0,0.0,1.2,01636500
2021-11-24,1510.0,0.0,1.0,01636500
2021-11-25,1450.0,0.0,5.4,01636500
2021-11-26,1380.0,0.8,6.2,01636500
2021-11-27,1320.0,0.0,1.1,01636500
2021-11-28,1290.0,0.0,4.6,01636500
2021-11-29,1260.0,0.0,3.2,01636500
2021-11-30,1220.0,0.4,3.7,01636500
2021-12-01,1200.0,0.0,5.5,01636500
2021-12-02,1170.0,0.6,10.9,01636500
2021-12-03,1140.0,0.0,9.2,01636500
2021-12-04,1120.0,0.0,7.6,01636500
2021-12-05,1060.0,0.0,5.5,01636500
2021-12-06,1040.0,0.2,9.7,01636500
2021-12-07,1040.0,0.0,2.2,01636500
2021-12-08,1030.0,1.0,2.3,01636500
2021-12-09,991.0,0.0,1.1,01636500
2021-12-10,977.0,0.1,4.7,01636500
2021-12-11,978.0,1.5,10.6,01636500
2021-12-12,926.0,2.9,5.9,01636500
2021-12-13,927.0,0.0,3.4,01636500
2021-12-14,952.0,0.0,4.5,01636500
2021-12-15,933.0,0.0,5.5,01636500
2021-12-16,908.0,0.0,10.0,01636500
2021-12-17,920.0,0.0,13.0,01636500
2021-12-18,892.0,0.3,8.9,01636500
2021-12-19,865.0,1.0,6.3,01636500
2021-12-20,861.0,0.0,-0.5,01636500
2021-12-21,869.0,0.0,0.7,01636500
2021-12-22,866.0,0.0,2.2,01636500
2021-12-23,847.0,0.0,-0.7,01636500
2021-12-24,842.0,0.0,6.0,01636500
2021-12-25,845.0,4.1,12.0,01636500
2021-12-26,858.0,2.8,10.1,01636500
2021-12-27,843.0,1.9,3.2,01636500
2021-12-28,823.0,0.0,5.5,01636500
2021-12-29,816.0,1.8,9.0,01636500
2021-12-30,846.0,6.7,9.2,01636500
2021-12-31,846.0,0.0,10.4,01636500
2022-01-01,880.0,11.4,11.8,01636500
2022-01-02,927.0,10.6,12.4,01636500
2022-01-03,997.0,3.5,1.4,01636500
2022-01-04,1100.0,0.0,-1.9,01636500
2022-01-05,1140.0,0.0,0.4,01636500
2022-01-06,1130.0,0.1,2.3,01636500
2022-01-07,1170.0,6.9,-3.0,01636500
2022-01-08,1150.0,0.0,-6.2,01636500
2022-01-09,1140.0,6.5,-0.4,01636500
2022-01-10,1180.0,0.1,-1.0,01636500
2022-01-11,1330.0,0.0,-5.2,01636500
2022-01-12,1450.0,0.0,-1.0,01636500
2022-01-13,1570.0,0.0,2.2,01636500
2022-01-14,1720.0,0.0,2.3,01636500
2022-01-15,1630.0,0.0,-3.6,01636500
2022-01-16,1560.0,7.1,-7.1,01636500
2022-01-17,1360.0,24.2,0.4,01636500
2022-01-18,1260.0,0.0,-1.5,01636500
2022-01-19,1760.0,0.0,-1.8,01636500
2022-01-20,1710.0,9.1,1.1,01636500
2022-01-21,2110.0,0.0,-8.7,01636500
2022-01-22,2000.0,0.0,-10.8,01636500
2022-01-23,2180.0,0.0,-4.9,01636500
2022-01-24,2340.0,0.0,-1.1,01636500
2022-01-25,2130.0,0.0,1.5,01636500
2022-01-26,2100.0,0.0,-5.7,01636500
2022-01-27,1790.0,0.0,-5.6,01636500
2022-01-28,1620.0,1.9,-0.9,01636500
2022-01-29,1680.0,1.3,-5.1,01636500
2022-01-30,1540.0,0.2,-6.7,01636500
2022-01-31,1400.0,0.0,-3.1,01636500
2022-02-01,1570.0,0.0,-1.6,01636500
2022-02-02,1360.0,0.0,1.2,01636500
2022-02-03,1470.0,16.2,5.9,01636500
2022-02-04,2080.0,23.5,6.7,01636500
2022-02-05,6760.0,0.0,-2.5,01636500
2022-02-06,11700.0,0.0,-3.6,01636500
2022-02-07,8400.0,0.0,-1.3,01636500
2022-02-08,6190.0,0.0,0.4,01636500
2022-02-09,4910.0,0.0,2.4,01636500
2022-02-10,4150.0,0.5,5.9,01636500
2022-02-11,3530.0,0.0,5.6,01636500
2022-02-12,3150.0,0.0,9.3,01636500
2022-02-13,2840.0,6.6,1.2,01636500
2022-02-14,2650.0,0.1,-3.7,01636500
2022-02-15,2500.0,0.0,-3.4,01636500
2022-02-16,2420.0,0.0,1.6,01636500
2022-02-17,2250.0,2.0,11.0,01636500
2022-02-18,2170.0,5.5,8.4,01636500
2022-02-19,2150.0,0.0,-1.0,01636500
2022-02-20,2140.0,0.0,-2.3,01636500
2022-02-21,2310.0,0.0,5.8,01636500
2022-02-22,2310.0,1.5,11.6,01636500
2022-02-23,2290.0,0.2,15.0,01636500
2022-02-24,2230.0,2.0,1.3,01636500
2022-02-25,2350.0,11.8,2.9,01636500
2022-02-26,2930.0,0.0,1.2,01636500
2022-02-27,3210.0,0.0,3.1,01636500
2022-02-28,3330.0,0.0,3.5,01636500
2022-03-01,3050.0,0.0,4.2,01636500
2022-03-02,2850.0,0.0,8.2,01636500
2022-03-03,2670.0,0.1,7.7,01636500
2022-03-04,2470.0,0.0,-0.2,01636500
2022-03-05,2290.0,0.0,5.1,01636500
2022-03-06,2130.0,6.5,13.8,01636500
2022-03-07,2040.0,3.5,16.9,01636500
2022-03-08,1970.0,1.6,7.9,01636500
2022-03-09,1930.0,11.5,4.6,01636500
2022-03-10,1950.0,0.0,4.3,01636500
2022-03-11,1970.0,0.0,7.3,01636500
2022-03-12,2090.0,9.5,2.5,01636500
2022-03-13,2120.0,0.0,-4.3,01636500
2022-03-14,2150.0,0.0,4.3,01636500
2022-03-15,2390.0,0.0,10.8,01636500
2022-03-16,2390.0,0.0,12.3,01636500
2022-03-17,2400.0,7.4,12.6,01636500
2022-03-18,2450.0,0.0,13.7,01636500
2022-03-19,2600.0,2.5,16.9,01636500
2022-03-20,2910.0,0.0,10.4,01636500
2022-03-21,2760.0,0.0,10.8,01636500
2022-03-22,2600.0,0.0,10.9,01636500
2022-03-23,2440.0,7.5,8.5,01636500
2022-03-24,2380.0,1.7,12.5,01636500
2022-03-25,2350.0,1.6,10.0,01636500
2022-03-26,2430.0,1.3,7.4,01636500
2022-03-27,2500.0,0.0,2.6,01636500
2022-03-28,2370.0,0.3,-1.3,01636500
2022-03-29,2260.0,0.0,-1.1,01636500
2022-03-30,2140.0,0.1,4.8,01636500
2022-03-31,2050.0,7.6,16.3,01636500
2022-04-01,2100.0,0.8,10.2,01636500
2022-04-02,2100.0,0.0,6.1,01636500
2022-04-03,2070.0,0.8,9.1,01636500
2022-04-04,2070.0,0.0,6.1,01636500
2022-04-05,1970.0,2.2,8.5,01636500
2022-04-06,2520.0,27.5,10.7,01636500
2022-04-07,4880.0,13.2,10.4,01636500
2022-04-08,8110.0,1.5,8.8,01636500
2022-04-09,9980.0,1.0,7.8,01636500
2022-04-10,8840.0,0.0,6.0,01636500
2022-04-11,6880.0,0.0,8.4,01636500
2022-04-12,5500.0,0.3,15.7,01636500
2022-04-13,4570.0,0.1,18.1,01636500
2022-04-14,3910.0,0.5,20.6,01636500
2022-04-15,3440.0,0.0,13.7,01636500
2022-04-16,3100.0,0.6,17.9,01636500
2022-04-17,2760.0,3.8,9.7,01636500
2022-04-18,2570.0,15.2,3.6,01636500
2022-04-19,2840.0,6.8,4.7,01636500
2022-04-20,3100.0,0.0,6.7,01636500
2022-04-21,3480.0,3.3,10.5,01636500
2022-04-22,3430.0,0.0,14.6,01636500
2022-04-23,3200.0,0.0,16.5,01636500
2022-04-24,3040.0,5.3,18.1,01636500
2022-04-25,2880.0,0.0,17.0,01636500
2022-04-26,2750.0,2.4,14.9,01636500
2022-04-27,2590.0,0.0,9.8,01636500
2022-04-28,2450.0,0.0,6.4,01636500
2022-04-29,2680.0,0.0,9.6,01636500
2022-04-30,2490.0,0.0,11.7,01636500
2022-05-01,2290.0,7.8,13.7,01636500
2022-05-02,2240.0,5.4,16.2,01636500
2022-05-03,2150.0,0.0,16.7,01636500
2022-05-04,2690.0,6.0,18.9,01636500
2022-05-05,5970.0,0.0,16.4,01636500
2022-05-06,4210.0,22.7,14.6,01636500
2022-05-07,6720.0,51.2,9.8,01636500
2022-05-08,15200.0,0.9,8.6,01636500
2022-05-09,12200.0,0.0,11.0,01636500
2022-05-10,8720.0,0.0,14.2,01636500
2022-05-11,6640.0,0.0,15.7,01636500
2022-05-12,5260.0,0.5,17.3,01636500
2022-05-13,4380.0,12.1,18.3,01636500
2022-05-14,3830.0,9.2,18.6,01636500
2022-05-15,3640.0,0.5,19.7,01636500
2022-05-16,4290.0,10.8,19.8,01636500
2022-05-17,4480.0,0.0,18.7,01636500
2022-05-18,4550.0,0.0,16.7,01636500
2022-05-19,4020.0,4.4,19.5,01636500
2022-05-20,3480.0,0.7,22.6,01636500
2022-05-21,3040.0,0.0,27.4,01636500
2022-05-22,2660.0,2.4,25.4,01636500
2022-05-23,2710.0,4.8,17.9,01636500
2022-05-24,2450.0,10.2,14.8,01636500
2022-05-25,2300.0,0.0,16.3,01636500
2022-05-26,2320.0,0.0,18.2,01636500
2022-05-27,2610.0,13.5,20.2,01636500
2022-05-28,3280.0,0.9,20.5,01636500
2022-05-29,4970.0,0.0,20.8,01636500
2022-05-30,5410.0,0.0,24.8,01636500
2022-05-31,4450.0,0.0,26.8,01636500
2022-06-01,3610.0,0.0,27.7,01636500
2022-06-02,3130.0,3.7,25.3,01636500
2022-06-03,2940.0,1.9,21.4,01636500
2022-06-04,2740.0,0.0,21.4,01636500
2022-06-05,2470.0,0.0,20.7,01636500
2022-06-06,2190.0,0.0,22.1,01636500
2022-06-07,1910.0,1.7,21.8,01636500
2022-06-08,1810.0,2.4,22.8,01636500
2022-06-09,1820.0,13.5,22.5,01636500
2022-06-10,1930.0,0.0,19.6,01636500
2022-06-11,2320.0,2.2,19.2,01636500
2022-06-12,2230.0,4.8,20.6,01636500
2022-06-13,1910.0,0.2,24.6,01636500
2022-06-14,1750.0,5.6,24.4,01636500
2022-06-15,1750.0,0.0,25.4,01636500
2022-06-16,1720.0,13.9,25.0,01636500
2022-06-17,1580.0,0.1,27.1,01636500
2022-06-18,1400.0,0.0,21.7,01636500
2022-06-19,1270.0,0.0,19.1,01636500
2022-06-20,1190.0,0.0,20.2,01636500
2022-06-21,1100.0,0.0,23.8,01636500
2022-06-22,1180.0,7.3,26.0,01636500
2022-06-23,1930.0,15.2,21.0,01636500
2022-06-24,2590.0,0.3,21.9,01636500
2022-06-25,1840.0,0.0,24.6,01636500
2022-06-26,1690.0,10.4,25.1,01636500
2022-06-27,2300.0,2.2,23.7,01636500
2022-06-28,2240.0,0.0,21.2,01636500
2022-06-29,1740.0,0.0,23.2,01636500
2022-06-30,1680.0,0.0,24.7,01636500
2022-07-01,1470.0,14.3,26.0,01636500
2022-07-02,1330.0,0.2,26.5,01636500
2022-07-03,1220.0,2.5,24.6,01636500
2022-07-04,1170.0,0.0,24.3,01636500
2022-07-05,1260.0,6.6,24.8,01636500
2022-07-06,1170.0,1.1,27.2,01636500
2022-07-07,1070.0,16.8,24.5,01636500
2022-07-08,1050.0,1.0,25.4,01636500
2022-07-09,1000.0,40.6,22.2,01636500
2022-07-10,1220.0,0.5,22.0,01636500
2022-07-11,1360.0,0.0,22.8,01636500
2022-07-12,1530.0,0.2,24.9,01636500
2022-07-13,1480.0,0.0,25.0,01636500
2022-07-14,1640.0,0.0,24.7,01636500
2022-07-15,1360.0,0.0,24.0,01636500
2022-07-16,1170.0,18.7,21.8,01636500
2022-07-17,1080.0,6.9,23.1,01636500
2022-07-18,1880.0,12.0,24.8,01636500
2022-07-19,1860.0,0.0,26.3,01636500
2022-07-20,1660.0,0.0,26.8,01636500
2022-07-21,1310.0,0.0,28.6,01636500
2022-07-22,1160.0,0.0,27.9,01636500
2022-07-23,1120.0,0.0,28.9,01636500
2022-07-24,973.0,0.3,27.3,01636500
2022-07-25,950.0,8.8,27.9,01636500
2022-07-26,903.0,0.1,23.7,01636500
2022-07-27,911.0,3.1,24.3,01636500
2022-07-28,905.0,14.2,26.3,01636500
2022-07-29,871.0,8.1,24.5,01636500
2022-07-30,917.0,2.4,24.7,01636500
2022-07-31,964.0,6.3,23.1,01636500
2022-08-01,959.0,6.3,22.8,01636500
2022-08-02,1020.0,2.9,25.5,01636500
2022-08-03,901.0,0.0,26.1,01636500
2022-08-04,911.0,0.0,28.1,01636500
2022-08-05,1020.0,12.1,24.9,01636500
2022-08-06,1040.0,4.6,25.3,01636500
2022-08-07,1130.0,0.2,26.6,01636500
2022-08-08,982.0,0.4,27.0,01636500
2022-08-09,993.0,0.4,28.9,01636500
2022-08-10,1030.0,6.8,25.1,01636500
2022-08-11,2130.0,3.3,24.5,01636500
2022-08-12,1970.0,0.1,23.3,01636500
2022-08-13,1410.0,0.0,21.3,01636500
2022-08-14,1320.0,0.7,21.4,01636500
2022-08-15,1070.0,7.7,20.3,01636500
2022-08-16,1020.0,1.0,20.7,01636500
2022-08-17,1020.0,0.1,21.3,01636500
2022-08-18,966.0,0.0,21.5,01636500
2022-08-19,948.0,0.0,23.3,01636500
2022-08-20,972.0,0.0,24.5,01636500
2022-08-21,899.0,5.2,23.2,01636500
2022-08-22,886.0,3.7,22.6,01636500
2022-08-23,887.0,0.5,23.5,01636500
2022-08-24,853.0,0.0,24.0,01636500
2022-08-25,1130.0,0.6,24.5,01636500
2022-08-26,959.0,0.4,25.2,01636500
2022-08-27,863.0,3.1,24.5,01636500
2022-08-28,764.0,0.0,25.7,01636500
2022-08-29,720.0,0.1,26.8,01636500
2022-08-30,720.0,4.2,25.9,01636500
2022-08-31,816.0,0.0,23.5,01636500
2022-09-01,761.0,0.0,23.8,01636500
2022-09-02,693.0,0.0,23.6,01636500
2022-09-03,645.0,0.2,25.5,01636500
2022-09-04,665.0,0.2,25.8,01636500
2022-09-05,636.0,6.7,23.6,01636500
2022-09-06,795.0,10.3,23.5,01636500
2022-09-07,1400.0,9.7,21.2,01636500
2022-09-08,1510.0,1.9,20.9,01636500
2022-09-09,1540.0,0.0,21.4,01636500
2022-09-10,1320.0,0.4,19.8,01636500
2022-09-11,1080.0,10.9,21.5,01636500
2022-09-12,1130.0,6.2,22.3,01636500
2022-09-13,1310.0,5.3,20.8,01636500
2022-09-14,1320.0,0.0,19.6,01636500
2022-09-15,1110.0,0.0,20.4,01636500
2022-09-16,1100.0,0.0,19.0,01636500
2022-09-17,1020.0,0.0,20.5,01636500
2022-09-18,903.0,0.0,21.5,01636500
2022-09-19,832.0,0.2,22.7,01636500
2022-09-20,801.0,0.1,22.5,01636500
2022-09-21,758.0,0.0,21.7,01636500
2022-09-22,733.0,2.9,21.6,01636500
2022-09-23,681.0,0.0,14.6,01636500
2022-09-24,666.0,0.0,14.7,01636500
2022-09-25,608.0,3.5,17.6,01636500
2022-09-26,625.0,0.1,17.5,01636500
2022-09-27,622.0,0.0,15.8,01636500
2022-09-28,592.0,0.0,13.5,01636500
2022-09-29,580.0,0.0,14.0,01636500
2022-09-30,572.0,2.9,12.3,01636500
2022-10-01,685.0,36.1,12.3,01636500
2022-10-02,958.0,41.5,12.5,01636500
2022-10-03,1520.0,5.1,10.4,01636500
2022-10-04,1680.0,7.5,10.0,01636500
2022-10-05,1950.0,0.7,13.6,01636500
2022-10-06,1860.0,0.0,15.6,01636500
2022-10-07,1530.0,0.0,16.3,01636500
2022-10-08,1290.0,0.0,11.2,01636500
2022-10-09,1110.0,0.0,9.6,01636500
2022-10-10,975.0,0.0,11.4,01636500
2022-10-11,921.0,0.0,12.8,01636500
2022-10-12,874.0,0.0,14.5,01636500
2022-10-13,818.0,3.7,17.4,01636500
2022-10-14,813.0,3.0,13.8,01636500
2022-10-15,789.0,0.0,14.4,01636500
2022-10-16,741.0,0.0,14.2,01636500
2022-10-17,729.0,0.9,14.5,01636500
2022-10-18,734.0,0.0,8.1,01636500
2022-10-19,700.0,0.2,6.5,01636500
2022-10-20,673.0,0.0,7.6,01636500
2022-10-21,670.0,0.0,8.9,01636500
2022-10-22,673.0,0.0,11.1,01636500
2022-10-23,635.0,0.0,11.3,01636500
2022-10-24,647.0,0.0,14.5,01636500
2022-10-25,674.0,0.0,15.8,01636500
2022-10-26,653.0,1.1,15.2,01636500
2022-10-27,630.0,0.0,12.7,01636500
2022-10-28,623.0,0.0,9.1,01636500
2022-10-29,657.0,0.0,9.2,01636500
2022-10-30,607.0,0.0,8.6,01636500
2022-10-31,637.0,1.2,11.6,01636500
2022-11-01,640.0,1.4,15.3,01636500
2022-11-02,663.0,0.0,14.4,01636500
2022-11-03,648.0,0.0,13.2,01636500
2022-11-04,646.0,0.0,14.3,01636500
2022-11-05,626.0,0.0,18.8,01636500
2022-11-06,646.0,6.3,20.6,01636500
2022-11-07,625.0,0.0,19.7,01636500
2022-11-08,644.0,0.0,11.1,01636500
2022-11-09,628.0,0.0,7.9,01636500
2022-11-10,621.0,0.0,10.4,01636500
2022-11-11,705.0,19.8,15.4,01636500
2022-11-12,1330.0,5.0,17.8,01636500
2022-11-13,3040.0,0.1,7.3,01636500
2022-11-14,5240.0,0.0,3.5,01636500
2022-11-15,3730.0,7.6,1.6,01636500
2022-11-16,3380.0,6.9,4.3,01636500
2022-11-17,3440.0,0.0,2.2,01636500
2022-11-18,4300.0,0.1,1.4,01636500
2022-11-19,3420.0,0.0,0.5,01636500
2022-11-20,2770.0,0.0,-1.3,01636500
2022-11-21,2320.0,0.0,-0.5,01636500
2022-11-22,2050.0,0.0,3.5,01636500
2022-11-23,1770.0,0.0,5.5,01636500
2022-11-24,1640.0,0.0,4.4,01636500
2022-11-25,1520.0,0.0,9.1,01636500
2022-11-26,1420.0,0.0,7.3,01636500
2022-11-27,1340.0,6.3,8.3,01636500
2022-11-28,1280.0,0.2,10.0,01636500
2022-11-29,1240.0,0.0,7.2,01636500
2022-11-30,1190.0,6.7,8.1,01636500
2022-12-01,1170.0,0.0,2.2,01636500
2022-12-02,1110.0,0.0,1.2,01636500
2022-12-03,1090.0,3.1,9.6,01636500
2022-12-04,1070.0,0.0,3.8,01636500
2022-12-05,1020.0,0.0,1.0,01636500
2022-12-06,1020.0,4.1,4.9,01636500
2022-12-07,1030.0,6.8,8.8,01636500
2022-12-08,970.0,0.0,9.6,01636500
2022-12-09,967.0,0.0,5.2,01636500
2022-12-10,966.0,0.0,1.3,01636500
2022-12-11,939.0,0.4,4.5,01636500
2022-12-12,911.0,0.0,2.7,01636500
2022-12-13,924.0,0.0,0.5,01636500
2022-12-14,915.0,0.0,-0.8,01636500
2022-12-15,1040.0,37.7,0.6,01636500
2022-12-16,2430.0,7.8,4.2,01636500
2022-12-17,2810.0,0.0,2.4,01636500
2022-12-18,3190.0,0.0,0.7,01636500
2022-12-19,2820.0,0.0,-1.0,01636500
2022-12-20,2500.0,0.0,-1.6,01636500
2022-12-21,2200.0,0.0,-0.6,01636500
2022-12-22,2220.0,24.8,0.7,01636500
2022-12-23,5360.0,30.8,-2.4,01636500
2022-12-24,9410.0,0.0,-13.2,01636500
2022-12-25,9150.0,0.0,-7.8,01636500
2022-12-26,6250.0,0.0,-4.8,01636500
2022-12-27,4700.0,0.0,-1.8,01636500
2022-12-28,3790.0,0.0,0.8,01636500
2022-12-29,3230.0,0.0,3.2,01636500
2022-12-30,2880.0,0.0,6.9,01636500
2022-12-31,2630.0,2.1,10.4,01636500
2023-01-01,2470.0,4.4,9.6,01636500
2023-01-02,2380.0,0.0,10.6,01636500
2023-01-03,2300.0,4.7,12.1,01636500
2023-01-04,2240.0,0.8,13.8,01636500
2023-01-05,2170.0,0.8,11.1,01636500
2023-01-06,2090.0,0.9,6.0,01636500
2023-01-07,2020.0,0.0,4.3,01636500
2023-01-08,1920.0,0.0,0.8,01636500
2023-01-09,1820.0,0.0,2.7,01636500
2023-01-10,1740.0,0.0,1.7,01636500
2023-01-11,1620.0,0.0,1.2,01636500
2023-01-12,1700.0,4.8,4.9,01636500
2023-01-13,1630.0,5.0,7.5,01636500
2023-01-14,1630.0,0.1,0.8,01636500
2023-01-15,1580.0,0.0,-0.6,01636500
2023-01-16,1550.0,0.0,1.7,01636500
2023-01-17,1520.0,3.1,4.9,01636500
2023-01-18,1520.0,0.0,7.4,01636500
2023-01-19,1510.0,7.3,4.7,01636500
2023-01-20,1510.0,0.0,5.3,01636500
2023-01-21,1460.0,0.3,3.0,01636500
2023-01-22,1430.0,1.1,0.8,01636500
2023-01-23,1420.0,7.5,3.0,01636500
2023-01-24,1370.0,0.0,2.8,01636500
2023-01-25,1430.0,4.4,1.3,01636500
2023-01-26,1420.0,0.4,4.2,01636500
2023-01-27,1490.0,0.0,1.2,01636500
2023-01-28,1600.0,0.0,3.5,01636500
2023-01-29,1780.0,0.8,5.0,01636500
2023-01-30,1730.0,0.0,7.0,01636500
2023-01-31,1700.0,1.9,5.0,01636500
2023-02-01,1680.0,1.8,0.1,01636500
2023-02-02,1630.0,0.0,-0.2,01636500
2023-02-03,1610.0,0.0,-1.9,01636500
2023-02-04,1610.0,0.0,-6.6,01636500
2023-02-05,1580.0,0.0,2.0,01636500
2023-02-06,1550.0,0.0,6.0,01636500
2023-02-07,1510.0,0.0,2.0,01636500
2023-02-08,1470.0,0.0,8.6,01636500
2023-02-09,1430.0,0.0,10.5,01636500
2023-02-10,1420.0,0.0,12.2,01636500
2023-02-11,1350.0,0.0,4.5,01636500
2023-02-12,1380.0,0.2,3.9,01636500
2023-02-13,1500.0,6.3,5.6,01636500
2023-02-14,2050.0,0.0,7.0,01636500
2023-02-15,4150.0,0.0,12.1,01636500
2023-02-16,3960.0,16.3,11.4,01636500
2023-02-17,3970.0,8.6,10.6,01636500
2023-02-18,6220.0,0.0,0.4,01636500
2023-02-19,10200.0,0.0,4.8,01636500
2023-02-20,7860.0,0.0,10.6,01636500
2023-02-21,6090.0,0.4,9.2,01636500
2023-02-22,4990.0,3.0,5.8,01636500
2023-02-23,4220.0,0.0,12.3,01636500
2023-02-24,3760.0,0.0,10.9,01636500
2023-02-25,3420.0,1.4,1.1,01636500
2023-02-26,3030.0,0.0,4.2,01636500
2023-02-27,2790.0,1.2,5.5,01636500
2023-02-28,2760.0,9.5,7.1,01636500
2023-03-01,2830.0,0.0,6.5,01636500
2023-03-02,2700.0,7.0,11.5,01636500
2023-03-03,2570.0,5.5,5.1,01636500
2023-03-04,2710.0,19.2,6.4,01636500
2023-03-05,3120.0,0.0,6.9,01636500
2023-03-06,3340.0,0.0,6.1,01636500
2023-03-07,3450.0,0.0,5.8,01636500
2023-03-08,3180.0,0.0,3.4,01636500
2023-03-09,2940.0,0.0,4.7,01636500
2023-03-10,2720.0,4.7,3.7,01636500
2023-03-11,2550.0,0.6,3.2,01636500
2023-03-12,2390.0,1.0,0.8,01636500
2023-03-13,2320.0,1.3,3.4,01636500
2023-03-14,2230.0,0.3,1.3,01636500
2023-03-15,2130.0,0.0,1.4,01636500
2023-03-16,2020.0,0.0,6.0,01636500
2023-03-17,1890.0,3.2,10.1,01636500
2023-03-18,1860.0,4.8,5.8,01636500
2023-03-19,1770.0,0.0,-0.2,01636500
2023-03-20,1670.0,0.0,1.5,01636500
2023-03-21,1600.0,0.0,5.2,01636500
2023-03-22,1580.0,0.2,11.0,01636500
2023-03-23,1530.0,3.7,13.5,01636500
2023-03-24,1550.0,14.9,11.8,01636500
2023-03-25,1650.0,7.7,8.4,01636500
2023-03-26,2000.0,0.1,10.8,01636500
2023-03-27,2150.0,4.0,11.1,01636500
2023-03-28,2130.0,0.0,9.2,01636500
2023-03-29,2040.0,0.5,8.1,01636500
2023-03-30,1890.0,0.0,5.3,01636500
2023-03-31,1800.0,0.9,6.7,01636500
2023-04-01,1750.0,1.1,15.6,01636500
2023-04-02,1750.0,0.3,7.5,01636500
2023-04-03,1740.0,0.0,9.8,01636500
2023-04-04,1810.0,0.0,16.8,01636500
2023-04-05,1790.0,0.3,20.4,01636500
2023-04-06,1760.0,1.7,21.3,01636500
2023-04-07,1770.0,0.2,11.8,01636500
2023-04-08,1690.0,0.0,7.8,01636500
2023-04-09,1610.0,0.0,7.9,01636500
2023-04-10,1550.0,0.0,10.1,01636500
2023-04-11,1500.0,0.0,13.5,01636500
2023-04-12,1440.0,0.0,18.9,01636500
2023-04-13,1390.0,0.0,21.6,01636500
2023-04-14,1330.0,0.0,21.6,01636500
2023-04-15,1320.0,6.5,18.7,01636500
2023-04-16,1300.0,0.0,19.4,01636500
2023-04-17,1310.0,2.6,15.9,01636500
2023-04-18,1270.0,0.0,11.8,01636500
2023-04-19,1250.0,0.0,12.5,01636500
2023-04-20,1200.0,0.0,18.1,01636500
2023-04-21,1110.0,0.0,22.5,01636500
2023-04-22,1160.0,17.7,18.7,01636500
2023-04-23,1170.0,0.4,11.3,01636500
2023-04-24,1120.0,0.0,8.3,01636500
2023-04-25,1070.0,0.0,8.5,01636500
2023-04-26,1070.0,0.0,12.3,01636500
2023-04-27,1040.0,0.0,13.1,01636500
2023-04-28,1130.0,30.7,11.7,01636500
2023-04-29,1670.0,3.7,12.2,01636500
2023-04-30,3500.0,47.1,14.0,01636500
2023-05-01,5790.0,3.1,10.5,01636500
2023-05-02,5230.0,4.3,7.8,01636500
2023-05-03,4690.0,1.1,7.6,01636500
2023-05-04,3850.0,3.7,9.5,01636500
2023-05-05,3220.0,0.0,10.8,01636500
2023-05-06,2720.0,0.0,13.5,01636500
2023-05-07,2350.0,1.5,15.6,01636500
2023-05-08,2090.0,1.7,19.0,01636500
2023-05-09,1970.0,12.4,16.2,01636500
2023-05-10,2290.0,0.0,14.2,01636500
2023-05-11,2510.0,0.0,16.9,01636500
2023-05-12,2250.0,0.0,20.6,01636500
2023-05-13,1980.0,5.7,18.6,01636500
2023-05-14,1760.0,0.3,17.3,01636500
2023-05-15,1640.0,0.0,16.8,01636500
2023-05-16,1530.0,0.6,18.6,01636500
2023-05-17,1460.0,0.0,17.8,01636500
2023-05-18,1380.0,0.0,14.1,01636500
2023-05-19,1270.0,0.0,16.4,01636500
2023-05-20,1250.0,1.6,18.7,01636500
2023-05-21,1260.0,0.2,18.0,01636500
2023-05-22,1210.0,0.0,19.3,01636500
2023-05-23,1090.0,0.0,19.2,01636500
2023-05-24,1020.0,0.0,19.5,01636500
2023-05-25,955.0,0.0,16.5,01636500
2023-05-26,895.0,0.0,16.4,01636500
2023-05-27,833.0,0.0,17.6,01636500
2023-05-28,827.0,0.0,17.6,01636500
2023-05-29,813.0,24.5,20.0,01636500
2023-05-30,828.0,0.5,19.1,01636500
2023-05-31,867.0,0.0,19.3,01636500
2023-06-01,831.0,0.0,20.7,01636500
2023-06-02,891.0,0.0,23.4,01636500
2023-06-03,902.0,1.3,24.1,01636500
2023-06-04,833.0,1.3,18.6,01636500
2023-06-05,775.0,0.0,18.8,01636500
2023-06-06,737.0,0.0,20.5,01636500
2023-06-07,706.0,0.0,20.3,01636500
2023-06-08,657.0,0.0,18.0,01636500
2023-06-09,671.0,3.4,16.5,01636500
2023-06-10,632.0,0.0,20.1,01636500
2023-06-11,608.0,0.0,22.8,01636500
2023-06-12,601.0,12.6,21.6,01636500
2023-06-13,613.0,0.0,19.3,01636500
2023-06-14,607.0,1.5,19.8,01636500
2023-06-15,592.0,0.0,19.9,01636500
2023-06-16,584.0,8.0,19.3,01636500
2023-06-17,594.0,2.6,20.0,01636500
2023-06-18,574.0,0.0,21.7,01636500
2023-06-19,554.0,0.4,24.1,01636500
2023-06-20,608.0,24.2,21.8,01636500
2023-06-21,542.0,5.5,18.7,01636500
2023-06-22,598.0,9.7,15.5,01636500
2023-06-23,773.0,12.6,19.2,01636500
2023-06-24,1130.0,6.8,22.5,01636500
2023-06-25,1930.0,0.9,23.3,01636500
2023-06-26,3130.0,22.5,23.0,01636500
2023-06-27,2890.0,4.8,22.5,01636500
2023-06-28,2410.0,0.3,21.9,01636500
2023-06-29,2120.0,0.0,22.0,01636500
2023-06-30,1890.0,0.0,24.5,01636500
2023-07-01,1610.0,6.0,23.3,01636500
2023-07-02,1410.0,8.3,25.5,01636500
2023-07-03,1260.0,4.1,26.3,01636500
2023-07-04,1390.0,5.5,24.5,01636500
2023-07-05,1420.0,1.2,26.0,01636500
2023-07-06,1180.0,1.4,26.9,01636500
2023-07-07,1010.0,7.4,26.1,01636500
2023-07-08,968.0,0.3,25.9,01636500
2023-07-09,906.0,6.8,24.1,01636500
2023-07-10,1030.0,0.3,24.1,01636500
2023-07-11,934.0,0.0,25.3,01636500
2023-07-12,899.0,0.0,26.9,01636500
2023-07-13,847.0,1.0,28.1,01636500
2023-07-14,903.0,1.9,25.8,01636500
2023-07-15,805.0,2.5,25.5,01636500
2023-07-16,733.0,9.4,25.9,01636500
2023-07-17,758.0,0.2,26.5,01636500
2023-07-18,871.0,0.0,26.4,01636500
2023-07-19,1190.0,0.2,26.1,01636500
2023-07-20,1010.0,0.2,26.4,01636500
2023-07-21,927.0,3.2,24.9,01636500
2023-07-22,825.0,0.0,23.9,01636500
2023-07-23,746.0,0.0,24.5,01636500
2023-07-24,723.0,1.2,24.9,01636500
2023-07-25,712.0,1.6,24.8,01636500
2023-07-26,678.0,0.6,25.8,01636500
2023-07-27,748.0,6.5,28.9,01636500
2023-07-28,700.0,5.3,28.2,01636500
2023-07-29,610.0,0.0,28.6,01636500
2023-07-30,661.0,0.0,25.2,01636500
2023-07-31,664.0,2.7,23.9,01636500
2023-08-01,594.0,0.0,22.8,01636500
2023-08-02,542.0,0.0,22.6,01636500
2023-08-03,486.0,0.2,23.1,01636500
2023-08-04,477.0,0.0,23.6,01636500
2023-08-05,479.0,0.0,25.1,01636500
2023-08-06,469.0,3.0,25.1,01636500
2023-08-07,529.0,13.8,24.6,01636500
2023-08-08,558.0,0.1,23.8,01636500
2023-08-09,555.0,0.0,24.3,01636500
2023-08-10,566.0,7.4,23.2,01636500
2023-08-11,507.0,0.0,24.3,01636500
2023-08-12,522.0,0.6,26.2,01636500
2023-08-13,542.0,1.4,27.0,01636500
2023-08-14,487.0,0.7,25.8,01636500
2023-08-15,468.0,4.2,26.5,01636500
2023-08-16,498.0,0.0,24.4,01636500
2023-08-17,449.0,0.0,24.9,01636500
2023-08-18,434.0,0.1,24.3,01636500
2023-08-19,405.0,0.0,21.6,01636500
2023-08-20,393.0,0.0,23.7,01636500
2023-08-21,382.0,0.0,26.5,01636500
2023-08-22,367.0,0.0,25.3,01636500
2023-08-23,352.0,0.0,22.3,01636500
2023-08-24,348.0,1.5,24.0,01636500
2023-08-25,432.0,2.2,25.4,01636500
2023-08-26,368.0,0.1,25.7,01636500
2023-08-27,350.0,0.1,25.2,01636500
2023-08-30,340.0,1.6,24.0,01636500
2023-08-31,347.0,0.0,20.8,01636500
2023-09-01,344.0,0.0,19.9,01636500
2023-09-02,336.0,0.0,22.1,01636500
2023-09-03,328.0,0.0,26.5,01636500
2023-09-04,324.0,0.0,28.3,01636500
2023-09-05,327.0,0.0,28.5,01636500
2023-09-06,307.0,0.0,28.7,01636500
2023-09-07,312.0,1.4,26.9,01636500
2023-09-08,320.0,0.3,23.3,01636500
2023-09-09,337.0,7.9,23.6,01636500
2023-09-10,352.0,13.2,22.3,01636500
2023-09-11,456.0,14.5,22.5,01636500
2023-09-12,432.0,0.1,22.8,01636500
2023-09-13,381.0,4.9,22.1,01636500
2023-09-14,417.0,0.0,19.8,01636500
2023-09-15,528.0,0.0,17.3,01636500
2023-09-16,463.0,0.0,18.6,01636500
2023-09-17,416.0,8.6,16.7,01636500
2023-09-18,415.0,1.7,18.1,01636500
2023-09-19,425.0,0.0,17.8,01636500
2023-09-20,436.0,0.0,17.2,01636500
2023-09-21,399.0,0.0,17.9,01636500
2023-09-22,390.0,0.0,16.9,01636500
2023-09-23,445.0,24.2,14.2,01636500
2023-09-24,775.0,35.5,15.4,01636500
2023-09-25,1610.0,0.6,17.2,01636500
2023-09-26,1160.0,3.2,14.8,01636500
2023-09-27,928.0,0.0,15.7,01636500
2023-09-28,954.0,0.0,14.7,01636500
2023-09-29,802.0,0.7,17.3,01636500
2023-09-30,714.0,0.0,18.5,01636500
2023-10-01,644.0,0.0,19.5,01636500
2023-10-02,607.0,0.0,19.6,01636500
2023-10-03,570.0,0.0,20.5,01636500
2023-10-04,534.0,0.0,19.6,01636500
2023-10-05,508.0,0.0,18.9,01636500
2023-10-06,491.0,1.4,20.6,01636500
2023-10-07,494.0,6.5,16.5,01636500
2023-10-08,495.0,0.0,11.4,01636500
2023-10-09,512.0,1.2,10.5,01636500
2023-10-10,491.0,0.3,11.8,01636500
2023-10-11,475.0,0.0,13.1,01636500
2023-10-12,483.0,0.0,13.7,01636500
2023-10-13,461.0,0.0,14.3,01636500
2023-10-14,462.0,8.2,13.6,01636500
2023-10-15,487.0,6.5,11.0,01636500
2023-10-16,527.0,0.0,9.9,01636500
2023-10-17,532.0,0.9,12.2,01636500
2023-10-18,503.0,0.0,10.8,01636500
2023-10-19,485.0,0.0,12.2,01636500
2023-10-20,471.0,4.1,14.7,01636500
2023-10-21,473.0,1.1,12.8,01636500
2023-10-22,469.0,0.4,11.4,01636500
2023-10-23,452.0,0.0,9.6,01636500
2023-10-24,438.0,0.0,11.5,01636500
2023-10-25,436.0,0.0,14.5,01636500
2023-10-26,439.0,0.0,16.6,01636500
2023-10-27,440.0,0.0,19.0,01636500
2023-10-28,442.0,0.1,20.2,01636500
2023-10-29,450.0,7.6,18.2,01636500
2023-10-30,434.0,0.7,16.5,01636500
2023-10-31,432.0,0.0,8.3,01636500
2023-11-01,421.0,0.0,5.2,01636500
2023-11-02,416.0,0.0,3.7,01636500
2023-11-03,415.0,0.0,6.1,01636500
2023-11-04,405.0,0.0,9.9,01636500
2023-11-05,407.0,0.0,11.6,01636500
2023-11-06,413.0,0.0,10.3,01636500
2023-11-07,418.0,0.0,16.1,01636500
2023-11-08,429.0,0.0,11.4,01636500
2023-11-09,440.0,0.1,13.9,01636500
2023-11-10,448.0,7.0,9.2,01636500
2023-11-11,452.0,0.0,6.4,01636500
2023-11-12,473.0,0.0,5.7,01636500
2023-11-13,471.0,0.0,5.0,01636500
2023-11-14,475.0,0.0,8.3,01636500
2023-11-15,460.0,0.0,6.9,01636500
2023-11-16,451.0,0.0,9.6,01636500
2023-11-17,457.0,0.0,13.0,01636500
2023-11-18,453.0,4.1,11.5,01636500
2023-11-19,452.0,0.0,6.9,01636500
2023-11-20,451.0,0.0,5.1,01636500
2023-11-21,495.0,30.3,4.2,01636500
2023-11-22,695.0,30.1,8.4,01636500
2023-11-23,1510.0,0.0,7.8,01636500
2023-11-24,1290.0,0.0,5.8,01636500
2023-11-25,1580.0,0.0,1.5,01636500
2023-11-26,1200.0,0.0,2.3,01636500
2023-11-27,921.0,0.0,4.5,01636500
2023-11-28,776.0,0.0,0.1,01636500
2023-11-29,681.0,0.0,-2.6,01636500
2023-11-30,633.0,0.0,3.4,01636500
2023-12-01,584.0,3.0,5.3,01636500
2023-12-02,571.0,0.0,9.6,01636500
2023-12-03,599.0,11.3,11.9,01636500
2023-12-04,618.0,0.0,8.2,01636500
2023-12-05,646.0,0.0,4.2,01636500
2023-12-06,677.0,1.7,3.7,01636500
2023-12-07,744.0,0.0,2.6,01636500
2023-12-08,735.0,0.0,5.2,01636500
2023-12-09,687.0,0.0,6.3,01636500
2023-12-10,670.0,22.2,11.3,01636500
2023-12-11,800.0,17.0,3.7,01636500
2023-12-12,1270.0,0.0,1.0,01636500
2023-12-13,1370.0,0.0,2.9,01636500
2023-12-14,1650.0,0.0,1.1,01636500
2023-12-15,1400.0,0.0,4.6,01636500
2023-12-16,1130.0,0.0,4.0,01636500
2023-12-17,1060.0,4.9,6.3,01636500
2023-12-18,1610.0,35.1,8.2,01636500
2023-12-19,2680.0,0.1,1.7,01636500
2023-12-20,2590.0,0.0,-0.2,01636500
2023-12-21,2480.0,0.0,0.4,01636500
2023-12-22,1880.0,0.0,2.5,01636500
2023-12-23,1560.0,0.1,3.7,01636500
2023-12-24,1380.0,0.2,5.1,01636500
2023-12-25,1230.0,0.0,6.3,01636500
2023-12-26,1150.0,2.9,6.8,01636500
2023-12-27,1180.0,10.1,8.5,01636500
2023-12-28,1270.0,0.7,10.3,01636500
2023-12-29,1410.0,0.0,7.3,01636500
2023-12-30,1450.0,0.0,3.9,01636500
2023-12-31,1510.0,0.0,4.5,01636500
2024-01-01,1540.0,0.4,2.7,01636500
2024-01-02,1500.0,0.0,2.0,01636500
2024-01-03,1340.0,0.0,1.4,01636500
2024-01-04,1260.0,0.3,2.0,01636500
2024-01-05,1160.0,0.0,-1.4,01636500
2024-01-06,1130.0,16.4,-0.6,01636500
2024-01-07,1190.0,0.6,2.2,01636500
2024-01-08,1310.0,0.0,2.7,01636500
2024-01-09,1940.0,31.2,3.4,01636500
2024-01-10,7640.0,8.5,7.1,01636500
2024-01-11,16900.0,0.0,3.8,01636500
2024-01-12,11200.0,2.6,3.0,01636500
2024-01-13,7420.0,15.0,4.9,01636500
2024-01-14,6160.0,0.4,-1.3,01636500
2024-01-15,6060.0,1.2,-4.0,01636500
2024-01-16,5100.0,5.8,-3.5,01636500
2024-01-17,4230.0,0.0,-8.7,01636500
2024-01-18,3550.0,0.0,-5.9,01636500
2024-01-19,3090.0,7.3,-2.4,01636500
2024-01-20,2710.0,0.0,-7.1,01636500
2024-01-21,2550.0,0.0,-6.7,01636500
2024-01-22,2230.0,0.0,-5.7,01636500
2024-01-23,2180.0,0.0,0.4,01636500
2024-01-24,2050.0,0.2,3.1,01636500
2024-01-25,1940.0,6.3,5.4,01636500
2024-01-26,2110.0,1.1,11.9,01636500
2024-01-27,2050.0,0.0,8.9,01636500
2024-01-28,3870.0,32.0,6.1,01636500
2024-01-29,12800.0,1.0,4.2,01636500
2024-01-30,15300.0,0.0,2.7,01636500
2024-01-31,9750.0,0.0,3.1,01636500
2024-02-01,7060.0,0.0,3.9,01636500
2024-02-02,5610.0,1.0,6.4,01636500
2024-02-03,4640.0,0.0,3.2,01636500
2024-02-04,3960.0,0.0,2.4,01636500
2024-02-05,3420.0,0.0,1.9,01636500
2024-02-06,3050.0,0.0,0.2,01636500
2024-02-07,2760.0,0.0,0.9,01636500
2024-02-08,2530.0,0.0,2.9,01636500
2024-02-09,2330.0,0.0,8.2,01636500
2024-02-10,2190.0,0.7,10.0,01636500
2024-02-11,2090.0,1.6,9.8,01636500
2024-02-12,2130.0,2.3,7.3,01636500
2024-02-13,2740.0,25.4,4.7,01636500
2024-02-14,7180.0,0.0,2.1,01636500
2024-02-15,7750.0,0.0,0.7,01636500
2024-02-16,6510.0,1.6,3.9,01636500
2024-02-17,5350.0,6.2,0.6,01636500
2024-02-18,4580.0,0.0,-0.6,01636500
2024-02-19,3980.0,0.0,0.8,01636500
2024-02-20,3550.0,0.0,1.0,01636500
2024-02-21,3140.0,0.0,1.7,01636500
2024-02-22,2860.0,5.9,2.7,01636500
2024-02-23,2750.0,1.5,6.1,01636500
2024-02-24,2550.0,0.4,4.3,01636500
2024-02-25,2460.0,0.0,0.4,01636500
2024-02-26,2380.0,0.0,6.6,01636500
2024-02-27,2260.0,0.7,10.0,01636500
2024-02-28,2170.0,11.8,13.6,01636500
2024-02-29,2120.0,0.0,2.4,01636500
2024-03-01,2120.0,0.0,2.3,01636500
2024-03-02,2160.0,22.7,6.0,01636500
2024-03-03,2380.0,0.2,7.9,01636500
2024-03-04,2510.0,0.0,11.3,01636500
2024-03-05,2820.0,9.8,10.8,01636500
2024-03-06,2860.0,2.3,10.3,01636500
2024-03-07,2830.0,5.3,12.0,01636500
2024-03-08,2750.0,0.0,9.1,01636500
2024-03-09,2820.0,27.9,6.3,01636500
2024-03-10,4870.0,3.1,5.1,01636500
2024-03-11,6820.0,0.0,4.2,01636500
2024-03-12,6830.0,0.0,10.3,01636500
2024-03-13,5800.0,0.0,12.7,01636500
2024-03-14,4840.0,0.0,13.5,01636500
2024-03-15,4210.0,0.2,16.5,01636500
2024-03-16,3700.0,0.0,10.7,01636500
2024-03-17,3320.0,0.0,12.2,01636500
2024-03-18,3030.0,0.0,5.7,01636500
2024-03-19,2730.0,0.0,3.1,01636500
2024-03-20,2470.0,0.0,7.8,01636500
2024-03-21,2310.0,0.0,2.3,01636500
2024-03-22,2180.0,0.0,3.9,01636500
2024-03-23,2310.0,28.6,6.8,01636500
2024-03-24,2770.0,0.0,2.6,01636500
2024-03-25,3010.0,0.0,4.8,01636500
2024-03-26,2980.0,0.0,6.9,01636500
2024-03-27,2720.0,5.3,7.9,01636500
2024-03-28,2550.0,1.8,8.8,01636500
2024-03-29,2460.0,0.0,7.5,01636500
2024-03-30,2360.0,1.4,9.0,01636500
2024-03-31,2260.0,4.9,11.3,01636500
2024-04-01,2270.0,11.3,12.0,01636500
2024-04-02,2260.0,7.3,10.2,01636500
2024-04-03,2780.0,15.6,8.8,01636500
2024-04-04,4290.0,4.2,6.5,01636500
2024-04-05,5270.0,1.3,6.0,01636500
2024-04-06,5560.0,0.3,6.2,01636500
2024-04-07,4850.0,0.0,8.9,01636500
2024-04-08,4180.0,0.0,11.2,01636500
2024-04-09,3680.0,0.0,15.3,01636500
2024-04-10,3330.0,0.3,17.7,01636500
2024-04-11,3050.0,3.6,17.5,01636500
2024-04-12,3140.0,20.2,15.3,01636500
2024-04-13,4880.0,4.0,11.7,01636500
2024-04-14,7760.0,0.0,14.8,01636500
2024-04-15,6820.0,0.1,19.9,01636500
2024-04-16,5370.0,0.0,16.2,01636500
2024-04-17,4460.0,3.7,15.7,01636500
2024-04-18,3810.0,0.4,18.3,01636500
2024-04-19,3350.0,1.7,12.8,01636500
2024-04-20,2950.0,0.5,14.3,01636500
2024-04-21,2650.0,0.0,9.1,01636500
2024-04-22,2390.0,0.0,9.1,01636500
2024-04-23,2170.0,0.0,12.2,01636500
2024-04-24,2010.0,0.1,16.1,01636500
2024-04-25,1890.0,0.0,11.4,01636500
2024-04-26,1780.0,0.0,11.2,01636500
2024-04-27,1680.0,3.4,11.3,01636500
2024-04-28,1660.0,0.1,17.8,01636500
2024-04-29,1600.0,0.3,22.6,01636500
2024-04-30,1500.0,1.6,22.5,01636500
2024-05-01,1380.0,1.9,20.2,01636500
2024-05-02,1390.0,0.0,22.3,01636500
2024-05-03,1300.0,0.0,20.9,01636500
2024-05-04,1270.0,7.4,12.4,01636500
2024-05-05,1390.0,10.0,14.5,01636500
2024-05-06,2920.0,0.0,18.8,01636500
2024-05-07,2660.0,2.4,20.0,01636500
2024-05-08,2630.0,0.1,22.4,01636500
2024-05-09,3380.0,1.1,18.5,01636500
2024-05-10,2580.0,10.2,14.0,01636500
2024-05-11,2250.0,5.0,12.0,01636500
2024-05-12,2120.0,5.8,12.9,01636500
2024-05-13,1960.0,0.0,15.1,01636500
2024-05-14,1780.0,0.9,17.3,01636500
2024-05-15,1700.0,2.8,16.4,01636500
2024-05-16,1620.0,0.0,17.8,01636500
2024-05-17,1570.0,2.9,18.0,01636500
2024-05-18,1590.0,13.1,16.3,01636500
2024-05-19,1830.0,0.1,17.5,01636500
2024-05-20,4280.0,0.0,19.3,01636500
2024-05-21,5000.0,0.0,21.3,01636500
2024-05-22,3960.0,0.0,22.8,01636500
2024-05-23,3240.0,2.5,22.5,01636500
2024-05-24,2780.0,0.4,21.7,01636500
2024-05-25,2540.0,0.5,22.4,01636500
2024-05-26,2420.0,3.5,22.1,01636500
2024-05-27,2350.0,7.2,22.8,01636500
2024-05-28,2110.0,0.0,21.5,01636500
2024-05-29,1840.0,2.1,18.2,01636500
2024-05-30,1850.0,0.0,16.9,01636500
2024-05-31,1610.0,0.0,16.2,01636500
2024-06-01,1450.0,0.0,18.3,01636500
2024-06-02,1300.0,0.4,21.0,01636500
2024-06-03,1240.0,4.2,21.4,01636500
2024-06-04,1160.0,1.5,23.0,01636500
2024-06-05,1110.0,4.2,21.9,01636500
2024-06-06,1100.0,0.5,24.1,01636500
2024-06-07,1230.0,0.9,22.7,01636500
2024-06-08,1520.0,0.0,21.2,01636500
2024-06-09,1280.0,0.1,21.7,01636500
2024-06-10,1170.0,0.0,20.0,01636500
2024-06-11,994.0,0.7,18.2,01636500
2024-06-12,995.0,0.0,19.4,01636500
2024-06-13,935.0,0.0,23.2,01636500
2024-06-14,885.0,7.4,24.7,01636500
2024-06-15,843.0,1.3,22.2,01636500
2024-06-16,814.0,0.0,22.6,01636500
2024-06-17,764.0,0.1,26.1,01636500
2024-06-18,730.0,0.0,27.8,01636500
2024-06-19,694.0,0.0,27.0,01636500
2024-06-20,684.0,0.0,26.5,01636500
2024-06-21,624.0,0.0,28.3,01636500
2024-06-22,626.0,0.1,30.1,01636500
2024-06-23,595.0,0.2,29.4,01636500
2024-06-24,543.0,0.0,26.8,01636500
2024-06-25,527.0,0.0,24.9,01636500
2024-06-26,517.0,0.0,28.5,01636500
2024-06-27,527.0,15.6,24.6,01636500
2024-06-28,553.0,0.0,23.0,01636500
2024-06-29,511.0,0.4,26.0,01636500
2024-06-30,569.0,1.7,28.6,01636500
2024-07-01,558.0,0.0,21.4,01636500
2024-07-02,554.0,0.0,21.9,01636500
2024-07-03,491.0,0.0,24.5,01636500
2024-07-04,481.0,4.6,26.7,01636500
2024-07-05,494.0,0.5,28.8,01636500
2024-07-06,465.0,0.0,30.3,01636500
2024-07-07,470.0,0.0,28.4,01636500
2024-07-08,453.0,0.0,28.8,01636500
2024-07-09,512.0,1.1,29.4,01636500
2024-07-10,492.0,0.6,29.6,01636500
2024-07-11,452.0,1.8,26.6,01636500
2024-07-12,430.0,1.9,24.2,01636500
2024-07-13,420.0,0.0,26.2,01636500
2024-07-14,395.0,0.1,28.5,01636500
2024-07-15,382.0,0.0,29.6,01636500
2024-07-16,368.0,0.1,29.9,01636500
2024-07-17,361.0,9.0,27.2,01636500
2024-07-18,404.0,6.4,24.9,01636500
2024-07-19,387.0,0.0,24.1,01636500
2024-07-20,370.0,0.6,24.6,01636500
2024-07-21,376.0,0.0,25.5,01636500
2024-07-22,361.0,2.7,23.8,01636500
2024-07-23,383.0,4.2,24.8,01636500
2024-07-24,421.0,9.6,24.6,01636500
2024-07-25,446.0,10.7,24.3,01636500
2024-07-26,475.0,0.2,23.5,01636500
2024-07-27,555.0,0.0,23.8,01636500
2024-07-28,469.0,0.0,24.9,01636500
2024-07-29,421.0,0.0,27.1,01636500
2024-07-30,461.0,10.2,25.6,01636500
2024-07-31,575.0,0.1,26.6,01636500
2024-08-01,733.0,0.5,27.2,01636500
2024-08-02,465.0,5.8,27.7,01636500
2024-08-03,462.0,5.2,26.0,01636500
2024-08-04,474.0,2.2,24.9,01636500
2024-08-05,406.0,0.0,26.8,01636500
2024-08-06,449.0,0.4,27.9,01636500
2024-08-07,483.0,11.5,24.4,01636500
2024-08-08,792.0,29.3,22.7,01636500
2024-08-09,7570.0,44.2,24.6,01636500
2024-08-10,17100.0,0.2,24.6,01636500
2024-08-11,9010.0,0.0,22.0,01636500
2024-08-12,4580.0,0.0,20.8,01636500
2024-08-13,2940.0,0.0,21.3,01636500
2024-08-14,2160.0,0.0,21.7,01636500
2024-08-15,1630.0,0.0,22.1,01636500
2024-08-16,1450.0,0.0,23.3,01636500
2024-08-17,1220.0,1.3,24.3,01636500
2024-08-18,1140.0,4.9,23.7,01636500
2024-08-19,1060.0,11.8,22.5,01636500
2024-08-20,1160.0,0.0,19.7,01636500
2024-08-21,1020.0,0.0,17.6,01636500
2024-08-22,918.0,0.0,18.2,01636500
2024-08-23,803.0,0.0,19.1,01636500
2024-08-24,783.0,0.0,21.3,01636500
2024-08-25,736.0,0.0,23.5,01636500
2024-08-26,702.0,5.8,24.2,01636500
2024-08-27,678.0,0.0,24.7,01636500
2024-08-28,652.0,0.2,27.7,01636500
2024-08-29,659.0,7.2,25.0,01636500
2024-08-30,736.0,4.4,22.6,01636500
2024-08-31,680.0,0.2,23.2,01636500
2024-09-01,742.0,8.6,22.9,01636500
2024-09-02,880.0,0.0,21.2,01636500
2024-09-03,860.0,0.0,17.2,01636500
2024-09-04,786.0,0.0,17.2,01636500
2024-09-05,837.0,0.0,18.1,01636500
2024-09-06,786.0,0.0,18.9,01636500
2024-09-07,686.0,3.2,19.1,01636500
2024-09-08,649.0,0.0,15.8,01636500
2024-09-09,603.0,0.0,16.4,01636500
2024-09-10,552.0,0.0,19.0,01636500
2024-09-11,574.0,0.0,20.2,01636500
2024-09-12,570.0,0.0,20.5,01636500
2024-09-13,538.0,0.1,19.6,01636500
2024-09-14,509.0,0.0,21.0,01636500
2024-09-15,515.0,0.0,20.5,01636500
2024-09-16,490.0,0.0,19.1,01636500
2024-09-17,509.0,2.5,19.9,01636500
2024-09-18,531.0,4.8,20.1,01636500
2024-09-19,706.0,0.0,20.8,01636500
2024-09-20,1020.0,0.0,20.4,01636500
2024-09-21,2430.0,0.8,21.7,01636500
2024-09-22,1750.0,3.8,20.1,01636500
2024-09-23,1430.0,2.4,19.0,01636500
2024-09-24,1390.0,1.5,17.5,01636500
2024-09-25,1840.0,3.8,18.8,01636500
2024-09-26,1690.0,1.1,21.9,01636500
2024-09-27,1860.0,12.5,21.4,01636500
2024-09-28,6390.0,5.7,22.9,01636500
2024-09-29,22100.0,5.0,19.7,01636500
2024-09-30,15400.0,17.9,17.5,01636500
2024-10-01,20100.0,6.4,17.2,01636500
2024-10-02,29200.0,3.6,17.7,01636500
2024-10-03,19700.0,0.0,17.5,01636500
2024-10-04,13500.0,0.3,19.2,01636500
2024-10-05,9560.0,0.3,18.8,01636500
2024-10-06,7400.0,0.0,17.0,01636500
2024-10-07,5640.0,3.2,18.0,01636500
2024-10-08,4540.0,0.0,13.8,01636500
2024-10-09,3820.0,0.0,13.6,01636500
2024-10-10,3260.0,0.0,11.7,01636500
2024-10-11,2860.0,0.0,12.0,01636500
2024-10-12,2490.0,0.0,16.2,01636500
2024-10-13,2290.0,0.0,18.1,01636500
2024-10-14,2040.0,0.1,16.0,01636500
2024-10-15,1900.0,0.2,9.4,01636500
2024-10-16,1780.0,0.0,8.0,01636500
2024-10-17,1670.0,0.0,8.4,01636500
2024-10-18,1610.0,0.0,10.4,01636500
2024-10-19,1540.0,0.0,10.8,01636500
2024-10-20,1480.0,0.0,11.6,01636500
2024-10-21,1410.0,0.0,14.0,01636500
2024-10-22,1360.0,0.0,15.9,01636500
2024-10-23,1310.0,0.0,16.6,01636500
2024-10-24,1250.0,0.0,15.1,01636500
2024-10-25,1190.0,0.0,11.1,01636500
2024-10-26,1200.0,0.0,13.9,01636500
2024-10-27,1120.0,0.0,9.1,01636500
2024-10-28,1080.0,0.0,9.1,01636500
2024-10-29,1110.0,0.0,11.9,01636500
2024-10-30,1070.0,0.0,15.9,01636500
2024-10-31,1050.0,0.0,19.3,01636500
2024-11-01,1020.0,0.5,20.2,01636500
2024-11-02,1020.0,0.0,11.5,01636500
2024-11-03,985.0,0.0,8.7,01636500
2024-11-04,975.0,0.0,9.2,01636500
2024-11-05,961.0,0.0,14.8,01636500
2024-11-06,950.0,0.0,20.2,01636500
2024-11-07,944.0,0.0,19.2,01636500
2024-11-08,942.0,0.0,14.4,01636500
2024-11-09,939.0,0.0,10.9,01636500
2024-11-10,903.0,0.8,9.3,01636500
2024-11-11,911.0,5.8,14.6,01636500
2024-11-12,904.0,0.0,11.7,01636500
2024-11-13,872.0,0.0,4.9,01636500
2024-11-14,855.0,5.8,5.4,01636500
2024-11-15,920.0,4.0,8.7,01636500
2024-11-16,1000.0,0.0,11.2,01636500
2024-11-17,1060.0,0.0,6.9,01636500
2024-11-18,1090.0,0.0,11.0,01636500
2024-11-19,1110.0,0.0,12.2,01636500
2024-11-20,1010.0,0.4,13.0,01636500
2024-11-21,973.0,10.4,6.2,01636500
2024-11-22,963.0,4.4,2.1,01636500
2024-11-23,947.0,2.2,6.5,01636500
2024-11-24,920.0,0.0,8.6,01636500
2024-11-25,899.0,0.0,6.0,01636500
2024-11-26,902.0,10.9,11.3,01636500
2024-11-27,871.0,0.0,6.4,01636500
2024-11-28,879.0,6.5,7.8,01636500
2024-11-29,839.0,0.1,3.2,01636500
2024-11-30,842.0,0.0,-1.2,01636500
2024-12-01,851.0,0.0,-1.6,01636500
2024-12-02,807.0,0.0,-1.7,01636500
2024-12-03,793.0,0.0,-1.5,01636500
2024-12-04,781.0,0.0,-1.2,01636500
2024-12-05,782.0,1.0,1.0,01636500
2024-12-06,792.0,0.0,-2.2,01636500
2024-12-07,738.0,0.0,-0.6,01636500
2024-12-08,758.0,0.0,5.6,01636500
2024-12-09,781.0,5.6,6.6,01636500
2024-12-10,776.0,0.0,8.7,01636500
2024-12-11,877.0,36.9,10.1,01636500
2024-12-12,1670.0,0.0,1.1,01636500
2024-12-13,2350.0,0.0,-1.8,01636500
2024-12-14,2210.0,0.0,-2.0,01636500
2024-12-15,1990.0,6.2,-1.0,01636500
2024-12-16,1840.0,8.6,2.2,01636500
2024-12-17,1840.0,0.4,9.4,01636500
2024-12-18,1820.0,3.5,4.7,01636500
2024-12-19,1780.0,1.7,4.3,01636500
2024-12-20,1710.0,0.5,1.1,01636500
2024-12-21,1620.0,0.1,-0.0,01636500
2024-12-22,1580.0,0.0,-3.1,01636500
2024-12-23,1490.0,0.0,-4.6,01636500
2024-12-24,1390.0,0.0,1.2,01636500
2024-12-25,1340.0,0.0,3.0,01636500
2024-12-26,1290.0,0.0,1.2,01636500
2024-12-27,1240.0,0.0,1.7,01636500
2024-12-28,1230.0,9.7,7.3,01636500
2024-12-29,1210.0,11.3,12.6,01636500
2024-12-30,1190.0,0.4,11.3,01636500
2024-12-31,1230.0,0.1,6.4,01636500
2000-01-01,51.0,0.0,3.9,01638480
2000-01-02,48.0,0.0,10.2,01638480
2000-01-03,46.0,0.2,13.2,01638480
2000-01-04,53.0,15.0,15.3,01638480
2000-01-05,66.0,0.5,4.3,01638480
2000-01-06,50.0,0.0,1.4,01638480
2000-01-07,45.0,0.0,2.7,01638480
2000-01-08,42.0,0.0,1.7,01638480
2000-01-09,40.0,1.1,4.3,01638480
2000-01-10,59.0,10.4,5.6,01638480
2000-01-11,111.0,0.2,7.3,01638480
2000-01-12,70.0,0.0,4.5,01638480
2000-01-13,66.0,0.1,5.2,01638480
2000-01-14,47.0,0.0,-2.6,01638480
2000-01-15,41.0,0.0,-2.3,01638480
2000-01-16,37.0,0.0,3.5,01638480
2000-01-17,34.0,0.0,-3.9,01638480
2000-01-18,32.0,1.9,-6.0,01638480
2000-01-19,31.0,0.0,-2.3,01638480
2000-01-20,39.0,7.7,-0.2,01638480
2000-01-21,32.0,0.0,-6.9,01638480
2000-01-22,27.0,0.0,-9.0,01638480
2000-01-23,31.0,0.2,-3.3,01638480
2000-01-24,35.0,0.0,-1.8,01638480
2000-01-25,32.0,12.5,-3.1,01638480
2000-01-26,30.0,0.5,-5.2,01638480
2000-01-27,27.0,0.0,-9.3,01638480
2000-01-28,25.0,0.0,-8.7,01638480
2000-01-29,26.0,0.0,-6.8,01638480
2000-01-30,29.0,13.1,-3.0,01638480
2000-01-31,27.0,4.8,-2.7,01638480
2000-02-01,23.0,0.0,-4.7,01638480
2000-02-02,20.0,0.0,-4.2,01638480
2000-02-03,26.0,0.0,-3.4,01638480
2000-02-04,32.0,0.8,0.2,01638480
2000-02-05,34.0,0.0,-1.0,01638480
2000-02-06,32.0,0.0,-1.3,01638480
2000-02-07,31.0,0.0,1.1,01638480
2000-02-08,29.0,0.0,-0.7,01638480
2000-02-09,31.0,0.0,0.8,01638480
2000-02-10,37.0,0.0,3.2,01638480
2000-02-11,86.0,0.9,7.1,01638480
2000-02-12,177.0,0.0,0.9,01638480
2000-02-13,102.0,0.0,-0.4,01638480
2000-02-14,101.0,13.0,6.1,01638480
2000-02-15,127.0,0.0,2.7,01638480
2000-02-16,96.0,1.0,6.1,01638480
2000-02-17,88.0,0.0,2.1,01638480
2000-02-18,133.0,18.3,0.4,01638480
2000-02-19,621.0,9.8,5.3,01638480
2000-02-20,312.0,0.0,2.5,01638480
2000-02-21,212.0,0.0,2.6,01638480
2000-02-22,175.0,0.0,4.7,01638480
2000-02-23,148.0,0.0,6.8,01638480
2000-02-24,129.0,0.0,11.1,01638480
2000-02-25,116.0,0.0,15.0,01638480
2000-02-26,105.0,0.0,10.9,01638480
2000-02-27,101.0,0.0,12.5,01638480
2000-02-28,237.0,16.2,10.5,01638480
2000-02-29,156.0,0.0,7.5,01638480
2000-03-01,133.0,1.0,8.8,01638480
2000-03-02,120.0,0.0,8.2,01638480
2000-03-03,103.0,0.0,4.4,01638480
2000-03-04,94.0,0.0,5.6,01638480
2000-03-05,88.0,0.0,8.7,01638480
2000-03-06,79.0,0.0,8.5,01638480
2000-03-07,78.0,0.0,10.5,01638480
2000-03-08,70.0,0.0,16.9,01638480
2000-03-09,69.0,0.0,17.4,01638480
2000-03-10,64.0,0.0,15.3,01638480
2000-03-11,78.0,6.8,10.6,01638480
2000-03-12,156.0,17.2,7.9,01638480
2000-03-13,111.0,0.0,3.8,01638480
2000-03-14,87.0,0.0,7.0,01638480
2000-03-15,75.0,0.0,10.7,01638480
2000-03-16,71.0,1.8,13.9,01638480
2000-03-17,90.0,7.6,9.7,01638480
2000-03-18,80.0,0.1,1.4,01638480
2000-03-19,67.0,0.0,2.9,01638480
2000-03-20,64.0,0.0,5.3,01638480
2000-03-21,358.0,28.4,4.2,01638480
2000-03-22,638.0,9.6,5.0,01638480
2000-03-23,369.0,0.0,8.8,01638480
2000-03-24,274.0,0.0,11.9,01638480
2000-03-25,222.0,1.7,14.2,01638480
2000-03-26,206.0,0.2,14.0,01638480
2000-03-27,169.0,2.1,11.4,01638480
2000-03-28,174.0,16.3,10.1,01638480
2000-03-29,156.0,0.0,8.4,01638480
2000-03-30,129.0,0.0,9.3,01638480
2000-03-31,113.0,0.0,8.4,01638480
2000-04-01,101.0,0.0,10.6,01638480
2000-04-02,97.0,0.0,13.8,01638480
2000-04-03,98.0,0.0,17.0,01638480
2000-04-04,121.0,9.1,16.2,01638480
2000-04-05,107.0,0.0,7.0,01638480
2000-04-06,85.0,0.0,12.5,01638480
2000-04-07,76.0,0.4,14.1,01638480
2000-04-08,119.0,17.2,15.8,01638480
2000-04-09,403.0,5.2,5.3,01638480
2000-04-10,200.0,0.0,8.3,01638480
2000-04-11,147.0,0.7,10.7,01638480
2000-04-12,128.0,5.3,9.6,01638480
2000-04-13,111.0,0.0,6.0,01638480
2000-04-14,102.0,0.0,8.6,01638480
2000-04-15,97.0,2.0,11.6,01638480
2000-04-16,94.0,1.0,16.6,01638480
2000-04-17,126.0,22.1,14.2,01638480
2000-04-18,330.0,24.9,6.8,01638480
2000-04-19,336.0,0.1,10.6,01638480
2000-04-20,211.0,0.0,14.9,01638480
2000-04-21,201.0,15.0,15.3,01638480
2000-04-22,274.0,10.0,9.3,01638480
2000-04-23,220.0,1.0,10.2,01638480
2000-04-24,175.0,0.0,12.2,01638480
2000-04-25,153.0,0.2,12.7,01638480
2000-04-26,140.0,2.3,10.1,01638480
2000-04-27,129.0,4.1,9.3,01638480
2000-04-28,121.0,0.7,10.6,01638480
2000-04-29,112.0,0.0,12.4,01638480
2000-04-30,99.0,0.0,13.9,01638480
2000-05-01,89.0,0.0,15.1,01638480
2000-05-02,86.0,6.6,16.1,01638480
2000-05-03,77.0,0.0,15.3,01638480
2000-05-04,71.0,0.0,17.2,01638480
2000-05-05,68.0,0.7,21.4,01638480
2000-05-06,65.0,0.0,22.6,01638480
2000-05-07,60.0,0.0,24.0,01638480
2000-05-08,55.0,0.0,24.1,01638480
2000-05-09,51.0,0.0,24.7,01638480
2000-05-10,49.0,3.1,23.3,01638480
2000-05-11,50.0,0.0,18.0,01638480
2000-05-12,43.0,0.2,22.1,01638480
2000-05-13,46.0,8.1,25.7,01638480
2000-05-14,48.0,0.2,18.3,01638480
2000-05-15,39.0,0.0,14.8,01638480
2000-05-16,34.0,0.0,14.8,01638480
2000-05-17,33.0,0.0,17.6,01638480
2000-05-18,32.0,0.0,22.5,01638480
2000-05-19,37.0,7.1,22.2,01638480
2000-05-20,51.0,13.1,16.2,01638480
2000-05-21,47.0,4.3,15.4,01638480
2000-05-22,57.0,13.9,15.4,01638480
2000-05-23,64.0,0.6,17.1,01638480
2000-05-24,57.0,1.4,21.0,01638480
2000-05-25,45.0,0.0,21.1,01638480
2000-05-26,34.0,0.0,18.8,01638480
2000-05-27,30.0,7.3,16.3,01638480
2000-05-28,39.0,6.5,14.0,01638480
2000-05-29,59.0,5.3,14.4,01638480
2000-05-30,43.0,0.0,14.3,01638480
2000-05-31,35.0,0.0,16.2,01638480
2000-06-01,31.0,0.0,21.4,01638480
2000-06-02,28.0,0.0,25.4,01638480
2000-06-03,25.0,0.0,21.3,01638480
2000-06-04,22.0,0.0,17.7,01638480
2000-06-05,21.0,0.2,17.9,01638480
2000-06-06,34.0,13.8,15.3,01638480
2000-06-07,44.0,0.0,17.3,01638480
2000-06-08,28.0,0.0,19.9,01638480
2000-06-09,22.0,0.0,22.9,01638480
2000-06-10,19.0,0.0,25.3,01638480
2000-06-11,17.0,0.1,26.8,01638480
2000-06-12,15.0,1.0,26.7,01638480
2000-06-13,15.0,0.4,23.6,01638480
2000-06-14,18.0,0.0,22.9,01638480
2000-06-15,40.0,2.4,25.2,01638480
2000-06-16,101.0,1.4,25.6,01638480
2000-06-17,51.0,9.1,26.2,01638480
2000-06-18,67.0,8.3,24.4,01638480
2000-06-19,40.0,3.2,20.4,01638480
2000-06-20,29.0,0.0,20.4,01638480
2000-06-21,23.0,0.5,23.9,01638480
2000-06-22,50.0,5.6,25.0,01638480
2000-06-23,38.0,0.0,23.4,01638480
2000-06-24,23.0,0.0,24.8,01638480
2000-06-25,19.0,0.3,26.7,01638480
2000-06-26,17.0,4.4,26.1,01638480
2000-06-27,15.0,0.8,25.4,01638480
2000-06-28,16.0,2.1,23.0,01638480
2000-06-29,18.0,2.5,23.0,01638480
2000-06-30,16.0,0.0,21.6,01638480
2000-07-01,13.0,0.0,22.6,01638480
2000-07-02,10.0,0.0,23.6,01638480
2000-07-03,9.5,0.3,24.2,01638480
2000-07-04,15.0,5.8,24.5,01638480
2000-07-05,16.0,0.0,25.8,01638480
2000-07-06,12.0,0.0,23.9,01638480
2000-07-07,9.0,0.2,22.8,01638480
2000-07-08,7.5,0.0,21.1,01638480
2000-07-09,6.8,0.0,24.1,01638480
2000-07-10,6.0,3.0,26.5,01638480
2000-07-11,6.2,5.5,23.6,01638480
2000-07-12,6.7,0.0,23.7,01638480
2000-07-13,6.8,1.9,21.5,01638480
2000-07-14,7.6,0.9,22.9,01638480
2000-07-15,44.0,16.5,21.1,01638480
2000-07-16,60.0,5.9,21.6,01638480
2000-07-17,66.0,0.0,22.0,01638480
2000-07-18,15.0,0.0,24.5,01638480
2000-07-19,11.0,14.9,21.1,01638480
2000-07-20,12.0,4.1,19.5,01638480
2000-07-21,13.0,0.2,21.7,01638480
2000-07-22,10.0,0.0,22.4,01638480
2000-07-23,8.1,0.0,21.4,01638480
2000-07-24,8.4,6.1,19.6,01638480
2000-07-25,9.6,2.4,19.6,01638480
2000-07-26,11.0,30.6,18.5,01638480
2000-07-27,10.0,0.0,21.7,01638480
2000-07-28,10.0,6.5,22.9,01638480
2000-07-29,13.0,2.2,22.8,01638480
2000-07-30,12.0,2.3,24.5,01638480
2000-07-31,11.0,1.1,24.7,01638480
2000-08-01,52.0,6.5,24.8,01638480
2000-08-02,108.0,2.2,24.8,01638480
2000-08-03,30.0,1.2,24.6,01638480
2000-08-04,39.0,9.7,22.8,01638480
2000-08-05,24.0,0.0,22.2,01638480
2000-08-06,37.0,5.6,21.2,01638480
2000-08-07,128.0,0.2,26.8,01638480
2000-08-08,39.0,0.0,26.8,01638480
2000-08-09,23.0,8.3,26.9,01638480
2000-08-10,17.0,0.1,25.1,01638480
2000-08-11,15.0,0.0,24.3,01638480
2000-08-12,12.0,0.3,22.1,01638480
2000-08-13,12.0,0.7,20.2,01638480
2000-08-14,10.0,0.0,21.8,01638480
2000-08-15,9.1,0.1,23.8,01638480
2000-08-16,8.2,2.9,25.2,01638480
2000-08-17,6.8,0.0,21.5,01638480
2000-08-18,6.2,18.1,19.9,01638480
2000-08-19,6.5,0.0,19.6,01638480
2000-08-20,6.1,0.0,19.8,01638480
2000-08-21,5.6,0.0,18.9,01638480
2000-08-22,5.2,0.0,20.5,01638480
2000-08-23,4.9,1.2,21.8,01638480
2000-08-24,4.9,1.4,22.7,01638480
2000-08-25,4.9,0.0,22.5,01638480
2000-08-26,4.6,0.0,22.6,01638480
2000-08-27,4.9,4.8,22.4,01638480
2000-08-28,4.7,7.9,21.7,01638480
2000-08-29,4.6,2.9,21.7,01638480
2000-08-30,6.7,0.2,23.2,01638480
2000-08-31,7.2,2.0,23.7,01638480
2000-09-01,28.0,5.8,24.2,01638480
2000-09-02,24.0,2.4,24.4,01638480
2000-09-03,27.0,9.6,23.7,01638480
2000-09-04,30.0,0.6,24.3,01638480
2000-09-05,17.0,0.0,19.1,01638480
2000-09-06,9.6,0.0,16.2,01638480
2000-09-07,6.6,0.0,17.1,01638480
2000-09-08,5.4,0.0,18.8,01638480
2000-09-09,4.9,6.9,21.9,01638480
2000-09-10,4.5,0.0,24.1,01638480
2000-09-11,4.3,1.6,22.2,01638480
2000-09-12,4.5,0.0,23.7,01638480
2000-09-13,4.7,1.5,23.4,01638480
2000-09-14,6.3,1.6,20.4,01638480
2000-09-15,5.3,5.6,19.3,01638480
2000-09-16,3.9,0.0,14.8,01638480
2000-09-17,3.2,0.0,14.9,01638480
2000-09-18,2.9,0.0,17.4,01638480
2000-09-19,25.0,17.7,16.1,01638480
2000-09-20,100.0,0.6,19.3,01638480
2000-09-21,30.0,0.0,21.6,01638480
2000-09-22,15.0,0.0,16.7,01638480
2000-09-23,10.0,0.0,18.7,01638480
2000-09-24,8.6,2.2,21.2,01638480
2000-09-25,33.0,26.7,14.5,01638480
2000-09-26,242.0,22.2,10.4,01638480
2000-09-27,97.0,0.0,13.9,01638480
2000-09-28,53.0,0.1,15.4,01638480
2000-09-29,32.0,0.0,12.9,01638480
2000-09-30,25.0,0.0,13.5,01638480
2000-10-01,22.0,0.0,15.3,01638480
2000-10-02,19.0,0.0,17.7,01638480
2000-10-03,17.0,0.0,19.9,01638480
2000-10-04,15.0,0.2,22.2,01638480
2000-10-05,13.0,0.1,19.7,01638480
2000-10-06,13.0,1.1,19.7,01638480
2000-10-07,12.0,0.0,13.2,01638480
2000-10-08,11.0,0.0,8.1,01638480
2000-10-09,9.9,0.5,6.6,01638480
2000-10-10,10.0,0.3,8.9,01638480
2000-10-11,11.0,0.0,12.0,01638480
2000-10-12,9.9,0.0,14.2,01638480
2000-10-13,9.2,0.0,14.9,01638480
2000-10-14,8.1,0.0,15.7,01638480
2000-10-15,8.2,0.0,17.5,01638480
2000-10-16,8.1,0.0,16.9,01638480
2000-10-17,8.1,0.1,15.8,01638480
2000-10-18,11.0,1.7,16.7,01638480
2000-10-19,15.0,0.0,15.0,01638480
2000-10-20,17.0,0.0,14.5,01638480
2000-10-21,13.0,0.0,16.2,01638480
2000-10-22,12.0,0.0,15.7,01638480
2000-10-23,11.0,0.0,12.2,01638480
2000-10-24,11.0,3.2,12.0,01638480
2000-10-25,12.0,0.0,15.3,01638480
2000-10-26,12.0,0.0,16.4,01638480
2000-10-27,13.0,0.0,15.2,01638480
2000-10-28,13.0,0.0,15.9,01638480
2000-10-29,12.0,0.0,8.8,01638480
2000-10-30,11.0,0.0,9.3,01638480
2000-10-31,9.9,0.0,9.2,01638480
2000-11-01,9.7,0.0,9.1,01638480
2000-11-02,9.3,0.0,11.0,01638480
2000-11-03,13.0,0.0,12.8,01638480
2000-11-04,10.0,0.0,13.9,01638480
2000-11-05,9.9,0.0,10.0,01638480
2000-11-06,9.6,0.0,7.5,01638480
2000-11-07,8.5,0.0,9.5,01638480
2000-11-08,9.0,0.0,11.8,01638480
2000-11-09,9.8,6.3,13.7,01638480
2000-11-10,13.0,8.5,13.8,01638480
2000-11-11,25.0,0.0,10.6,01638480
2000-11-12,15.0,0.0,8.7,01638480
2000-11-13,11.0,0.0,8.5,01638480
2000-11-14,9.4,2.6,8.6,01638480
2000-11-15,9.6,0.0,4.5,01638480
2000-11-16,10.0,0.0,3.4,01638480
2000-11-17,9.6,0.0,6.4,01638480
2000-11-18,9.5,0.0,2.9,01638480
2000-11-19,9.5,0.0,2.4,01638480
2000-11-20,9.2,0.9,1.9,01638480
2000-11-21,8.6,0.0,0.1,01638480
2000-11-22,9.0,0.0,-1.7,01638480
2000-11-23,8.7,0.0,-0.9,01638480
2000-11-24,8.5,0.0,-0.3,01638480
2000-11-25,9.2,4.7,1.1,01638480
2000-11-26,31.0,15.3,8.1,01638480
2000-11-27,43.0,0.0,7.8,01638480
2000-11-28,19.0,0.0,7.0,01638480
2000-11-29,14.0,3.8,4.5,01638480
2000-11-30,12.0,0.3,4.2,01638480
2000-12-01,11.0,0.0,2.5,01638480
2000-12-02,10.0,0.0,1.2,01638480
2000-12-03,9.1,0.0,-1.5,01638480
2000-12-04,7.6,0.0,-0.6,01638480
2000-12-05,7.9,0.0,1.1,01638480
2000-12-06,7.6,0.0,-1.4,01638480
2000-12-07,7.9,0.0,-0.9,01638480
2000-12-08,7.9,0.0,2.4,01638480
2000-12-09,7.8,0.0,0.9,01638480
2000-12-10,7.2,0.0,0.4,01638480
2000-12-11,7.3,0.0,1.7,01638480
2000-12-12,6.8,0.0,3.5,01638480
2000-12-13,6.6,0.0,-1.2,01638480
2000-12-14,19.0,23.4,1.3,01638480
2000-12-15,60.0,0.0,0.8,01638480
2000-12-16,34.0,11.0,1.8,01638480
2000-12-17,400.0,29.7,8.9,01638480
2000-12-18,185.0,0.0,-1.5,01638480
2000-12-19,92.0,5.6,-1.2,01638480
2000-12-20,62.0,1.4,-4.7,01638480
2000-12-21,54.0,0.0,-4.5,01638480
2000-12-22,38.0,0.0,-2.8,01638480
2000-12-23,31.0,0.0,-7.8,01638480
2000-12-24,25.0,0.0,-2.9,01638480
2000-12-25,19.0,0.0,-5.6,01638480
2000-12-26,15.0,0.0,-7.3,01638480
2000-12-27,13.0,0.0,-3.4,01638480
2000-12-28,11.0,0.0,-4.0,01638480
2000-12-29,12.0,0.0,-6.0,01638480
2000-12-30,13.0,0.0,-3.8,01638480
2000-12-31,14.0,0.0,-4.3,01638480
2001-01-01,11.0,0.0,-3.2,01638480
2001-01-02,9.2,0.0,-3.3,01638480
2001-01-03,8.0,0.0,-3.7,01638480
2001-01-04,7.2,0.0,-2.6,01638480
2001-01-05,6.3,1.3,-1.7,01638480
2001-01-06,7.3,0.0,0.4,01638480
2001-01-07,8.8,0.0,1.2,01638480
2001-01-08,10.0,4.0,0.8,01638480
2001-01-09,13.0,0.0,-2.4,01638480
2001-01-10,12.0,0.0,-0.5,01638480
2001-01-11,11.0,0.0,3.2,01638480
2001-01-12,12.0,0.0,1.7,01638480
2001-01-13,10.0,0.0,1.2,01638480
2001-01-14,11.0,0.2,1.4,01638480
2001-01-15,12.0,0.5,3.1,01638480
2001-01-16,12.0,0.1,3.1,01638480
2001-01-17,11.0,0.0,1.6,01638480
2001-01-18,21.0,2.0,0.8,01638480
2001-01-19,68.0,23.9,1.5,01638480
2001-01-20,242.0,17.1,1.0,01638480
2001-01-21,143.0,10.4,-3.1,01638480
2001-01-22,108.0,0.0,-7.8,01638480
2001-01-23,89.0,0.0,-4.6,01638480
2001-01-24,71.0,0.0,-1.8,01638480
2001-01-25,57.0,0.0,-1.5,01638480
2001-01-26,54.0,0.0,-3.0,01638480
2001-01-27,48.0,0.2,0.8,01638480
2001-01-28,42.0,0.0,-0.7,01638480
2001-01-29,44.0,0.0,1.1,01638480
2001-01-30,290.0,11.6,4.9,01638480
2001-01-31,259.0,0.0,5.6,01638480
2001-02-01,163.0,0.0,3.3,01638480
2001-02-02,123.0,0.9,3.0,01638480
2001-02-03,99.0,0.0,-1.4,01638480
2001-02-04,81.0,0.0,0.3,01638480
2001-02-05,81.0,4.1,2.0,01638480
2001-02-06,85.0,0.0,3.5,01638480
2001-02-07,86.0,0.0,4.3,01638480
2001-02-08,73.0,0.0,4.0,01638480
2001-02-09,65.0,0.0,9.7,01638480
2001-02-10,62.0,1.2,9.6,01638480
2001-02-11,53.0,0.0,0.0,01638480
2001-02-12,47.0,0.0,0.4,01638480
2001-02-13,47.0,1.0,4.4,01638480
2001-02-14,49.0,0.6,7.6,01638480
2001-02-15,51.0,1.2,9.5,01638480
2001-02-16,53.0,8.5,5.6,01638480
2001-02-17,85.0,5.7,3.1,01638480
2001-02-18,69.0,0.0,-1.6,01638480
2001-02-19,54.0,0.0,0.2,01638480
2001-02-20,53.0,1.1,5.5,01638480
2001-02-21,52.0,0.0,6.1,01638480
2001-02-22,48.0,7.4,-2.8,01638480
2001-02-23,48.0,0.8,-0.7,01638480
2001-02-24,53.0,0.0,0.2,01638480
2001-02-25,55.0,2.5,4.8,01638480
2001-02-26,67.0,0.0,7.8,01638480
2001-02-27,55.0,0.0,5.5,01638480
2001-02-28,50.0,0.3,4.3,01638480
2001-03-01,48.0,0.0,1.5,01638480
2001-03-02,46.0,0.0,4.7,01638480
2001-03-03,45.0,0.0,6.5,01638480
2001-03-04,45.0,11.0,4.2,01638480
2001-03-05,91.0,10.7,0.9,01638480
2001-03-06,89.0,0.0,-3.0,01638480
2001-03-07,68.0,0.0,1.7,01638480
2001-03-08,60.0,0.0,2.4,01638480
2001-03-09,58.0,5.8,2.0,01638480
2001-03-10,54.0,0.0,1.0,01638480
2001-03-11,51.0,0.0,3.6,01638480
2001-03-12,48.0,0.0,4.2,01638480
2001-03-13,65.0,8.7,8.8,01638480
2001-03-14,72.0,0.8,8.1,01638480
2001-03-15,57.0,2.5,5.7,01638480
2001-03-16,62.0,2.8,4.9,01638480
2001-03-17,72.0,1.0,7.6,01638480
2001-03-18,64.0,0.0,4.6,01638480
2001-03-19,55.0,0.0,4.3,01638480
2001-03-20,51.0,0.0,4.9,01638480
2001-03-21,457.0,26.4,5.3,01638480
2001-03-22,555.0,2.3,6.3,01638480
2001-03-23,276.0,0.9,7.6,01638480
2001-03-24,199.0,0.1,6.2,01638480
2001-03-25,160.0,0.0,2.9,01638480
2001-03-26,134.0,0.0,0.5,01638480
2001-03-27,115.0,0.0,-0.2,01638480
2001-03-28,104.0,0.0,2.1,01638480
2001-03-29,121.0,7.7,2.9,01638480
2001-03-30,999.0,21.7,6.3,01638480
2001-03-31,339.0,1.0,7.1,01638480
2001-04-01,265.0,2.7,7.0,01638480
2001-04-02,213.0,0.2,6.9,01638480
2001-04-03,173.0,0.0,7.7,01638480
2001-04-04,150.0,0.0,8.9,01638480
2001-04-05,132.0,0.0,10.0,01638480
2001-04-06,127.0,0.7,12.8,01638480
2001-04-07,133.0,0.0,16.5,01638480
2001-04-08,114.0,0.2,13.6,01638480
2001-04-09,106.0,0.0,20.0,01638480
2001-04-10,119.0,0.0,17.7,01638480
2001-04-11,252.0,11.6,11.6,01638480
2001-04-12,241.0,0.1,16.2,01638480
2001-04-13,173.0,1.3,18.6,01638480
2001-04-14,140.0,0.0,14.2,01638480
2001-04-15,128.0,5.3,15.0,01638480
2001-04-16,198.0,6.2,9.6,01638480
2001-04-17,164.0,1.2,6.6,01638480
2001-04-18,133.0,1.0,5.1,01638480
2001-04-19,115.0,0.0,6.8,01638480
2001-04-20,105.0,0.3,10.5,01638480
2001-04-21,100.0,3.8,14.7,01638480
2001-04-22,95.0,0.0,19.5,01638480
2001-04-23,87.0,0.0,22.0,01638480
2001-04-24,80.0,0.5,20.1,01638480
2001-04-25,73.0,0.0,11.0,01638480
2001-04-26,69.0,0.0,10.7,01638480
2001-04-27,65.0,0.0,14.0,01638480
2001-04-28,61.0,0.0,14.1,01638480
2001-04-29,53.0,0.0,11.4,01638480
2001-04-30,51.0,0.0,14.6,01638480
2001-05-01,49.0,0.0,18.6,01638480
2001-05-02,48.0,0.0,21.0,01638480
2001-05-03,45.0,0.0,22.2,01638480
2001-05-04,41.0,0.0,23.3,01638480
2001-05-05,38.0,0.9,22.4,01638480
2001-05-06,36.0,0.0,16.3,01638480
2001-05-07,34.0,0.0,13.5,01638480
2001-05-08,32.0,0.0,14.9,01638480
2001-05-09,33.0,2.4,18.2,01638480
2001-05-10,32.0,0.0,19.2,01638480
2001-05-11,30.0,0.0,21.3,01638480
2001-05-12,28.0,0.0,20.7,01638480
2001-05-13,28.0,0.0,16.3,01638480
2001-05-14,25.0,0.0,14.3,01638480
2001-05-15,24.0,0.0,15.2,01638480
2001-05-16,23.0,0.0,15.8,01638480
2001-05-17,23.0,0.4,14.2,01638480
2001-05-18,26.0,2.6,15.8,01638480
2001-05-19,37.0,28.3,17.7,01638480
2001-05-20,39.0,3.6,17.5,01638480
2001-05-21,62.0,14.1,14.2,01638480
2001-05-22,106.0,12.3,18.7,01638480
2001-05-23,238.0,5.9,17.5,01638480
2001-05-24,84.0,0.0,18.2,01638480
2001-05-25,51.0,3.6,18.5,01638480
2001-05-26,51.0,33.5,16.7,01638480
2001-05-27,50.0,26.7,17.0,01638480
2001-05-28,70.0,0.0,17.6,01638480
2001-05-29,46.0,0.3,17.7,01638480
2001-05-30,37.0,0.0,16.0,01638480
2001-05-31,32.0,0.0,14.1,01638480
2001-06-01,30.0,10.0,15.1,01638480
2001-06-02,43.0,14.8,18.1,01638480
2001-06-03,46.0,0.9,17.3,01638480
2001-06-04,36.0,0.0,16.9,01638480
2001-06-05,31.0,12.9,19.8,01638480
2001-06-06,29.0,0.2,20.9,01638480
2001-06-07,377.0,29.2,19.0,01638480
2001-06-08,204.0,0.0,20.0,01638480
2001-06-09,102.0,0.0,20.1,01638480
2001-06-10,66.0,0.0,20.5,01638480
2001-06-11,51.0,0.0,22.4,01638480
2001-06-12,45.0,0.2,24.6,01638480
2001-06-13,90.0,1.3,25.8,01638480
2001-06-14,50.0,0.6,25.1,01638480
2001-06-15,48.0,2.5,24.2,01638480
2001-06-16,95.0,14.6,23.6,01638480
2001-06-17,73.0,4.0,23.3,01638480
2001-06-18,48.0,0.0,22.8,01638480
2001-06-19,34.0,0.0,24.5,01638480
2001-06-20,29.0,0.0,25.8,01638480
2001-06-21,26.0,3.5,25.3,01638480
2001-06-22,204.0,19.6,23.4,01638480
2001-06-23,727.0,16.4,20.7,01638480
2001-06-24,193.0,0.0,20.6,01638480
2001-06-25,127.0,0.0,21.8,01638480
2001-06-26,84.0,0.0,23.2,01638480
2001-06-27,67.0,0.0,25.1,01638480
2001-06-28,56.0,0.0,26.5,01638480
2001-06-29,47.0,0.0,26.6,01638480
2001-06-30,42.0,3.0,26.6,01638480
2001-07-01,78.0,2.5,25.5,01638480
2001-07-02,56.0,0.0,19.2,01638480
2001-07-03,39.0,0.0,19.5,01638480
2001-07-04,79.0,1.7,23.4,01638480
2001-07-05,305.0,2.9,22.9,01638480
2001-07-06,166.0,0.0,21.3,01638480
2001-07-07,84.0,0.0,21.5,01638480
2001-07-08,78.0,8.3,23.6,01638480
2001-07-09,88.0,0.6,25.5,01638480
2001-07-10,68.0,0.7,25.5,01638480
2001-07-11,52.0,4.1,24.4,01638480
2001-07-12,42.0,0.0,21.6,01638480
2001-07-13,34.0,0.0,21.2,01638480
2001-07-14,30.0,0.0,21.1,01638480
2001-07-15,27.0,0.0,22.2,01638480
2001-07-16,24.0,0.0,23.8,01638480
2001-07-17,22.0,0.2,26.0,01638480
2001-07-18,30.0,11.2,24.0,01638480
2001-07-19,53.0,0.0,23.3,01638480
2001-07-20,34.0,0.0,22.7,01638480
2001-07-21,25.0,0.0,22.4,01638480
2001-07-22,23.0,0.0,23.0,01638480
2001-07-23,21.0,0.0,25.5,01638480
2001-07-24,19.0,0.0,27.3,01638480
2001-07-25,17.0,3.6,27.9,01638480
2001-07-26,16.0,19.0,25.2,01638480
2001-07-27,15.0,0.0,21.6,01638480
2001-07-28,14.0,0.0,21.2,01638480
2001-07-29,16.0,26.4,18.4,01638480
2001-07-30,30.0,0.2,20.1,01638480
2001-07-31,25.0,0.7,22.4,01638480
2001-08-01,18.0,0.0,23.1,01638480
2001-08-02,14.0,0.0,23.5,01638480
2001-08-03,12.0,0.0,24.1,01638480
2001-08-04,12.0,4.2,25.1,01638480
2001-08-05,12.0,0.4,25.0,01638480
2001-08-06,11.0,0.0,27.1,01638480
2001-08-07,10.0,0.0,28.3,01638480
2001-08-08,9.1,0.5,28.9,01638480
2001-08-09,7.9,0.0,29.5,01638480
2001-08-10,7.8,6.0,28.0,01638480
2001-08-11,15.0,9.3,26.4,01638480
2001-08-12,124.0,11.7,24.5,01638480
2001-08-13,85.0,4.0,24.4,01638480
2001-08-14,58.0,0.0,24.6,01638480
2001-08-15,37.0,0.0,23.6,01638480
2001-08-16,25.0,0.5,24.1,01638480
2001-08-17,20.0,1.0,25.5,01638480
2001-08-18,17.0,0.0,23.6,01638480
2001-08-19,14.0,0.7,24.0,01638480
2001-08-20,17.0,0.2,23.7,01638480
2001-08-21,18.0,0.0,23.0,01638480
2001-08-22,13.0,0.0,23.6,01638480
2001-08-23,11.0,1.8,24.0,01638480
2001-08-24,13.0,6.2,23.2,01638480
2001-08-25,13.0,0.9,23.5,01638480
2001-08-26,11.0,0.0,23.3,01638480
2001-08-27,9.6,2.2,25.1,01638480
2001-08-28,9.1,0.0,25.3,01638480
2001-08-29,8.1,0.0,24.9,01638480
2001-08-30,7.6,11.6,23.4,01638480
2001-08-31,7.5,11.4,23.9,01638480
2001-09-01,8.9,0.6,22.6,01638480
2001-09-02,7.8,0.0,19.8,01638480
2001-09-03,6.8,0.0,20.7,01638480
2001-09-04,6.2,0.1,23.5,01638480
2001-09-05,6.2,0.0,22.0,01638480
2001-09-06,6.0,0.0,20.7,01638480
2001-09-07,5.3,0.0,21.5,01638480
2001-09-08,5.0,0.0,22.9,01638480
2001-09-09,4.9,0.0,23.3,01638480
2001-09-10,5.0,6.9,23.9,01638480
2001-09-11,6.5,0.0,22.1,01638480
2001-09-12,7.0,0.0,20.9,01638480
2001-09-13,5.1,0.0,22.0,01638480
2001-09-14,4.7,4.6,18.3,01638480
2001-09-15,4.1,0.0,15.3,01638480
2001-09-16,3.8,0.0,16.4,01638480
2001-09-17,3.6,0.0,18.1,01638480
2001-09-18,3.5,0.0,19.7,01638480
2001-09-19,3.3,0.0,20.5,01638480
2001-09-20,4.7,7.1,19.4,01638480
2001-09-21,16.0,2.0,19.8,01638480
2001-09-22,11.0,0.0,21.1,01638480
2001-09-23,6.0,0.0,21.3,01638480
2001-09-24,120.0,12.5,20.6,01638480
2001-09-25,323.0,14.4,15.8,01638480
2001-09-26,84.0,0.0,12.4,01638480
2001-09-27,45.0,0.4,13.9,01638480
2001-09-28,32.0,0.5,12.6,01638480
2001-09-29,25.0,0.0,13.0,01638480
2001-09-30,20.0,0.0,12.8,01638480
2001-10-01,17.6,0.0,14.4,01638480
2001-10-02,12.0,0.0,17.4,01638480
2001-10-03,9.72,0.0,19.4,01638480
2001-10-04,9.09,0.0,19.8,01638480
2001-10-05,7.96,0.0,19.0,01638480
2001-10-06,6.95,1.5,17.3,01638480
2001-10-07,6.66,0.0,10.2,01638480
2001-10-08,6.56,0.0,8.0,01638480
2001-10-09,6.71,0.0,9.0,01638480
2001-10-10,6.73,0.0,12.1,01638480
2001-10-11,8.91,0.0,16.3,01638480
2001-10-12,10.0,0.0,17.7,01638480
2001-10-13,9.71,0.0,19.4,01638480
2001-10-14,11.2,0.4,19.3,01638480
2001-10-15,40.8,7.3,16.1,01638480
2001-10-16,22.0,3.7,13.5,01638480
2001-10-17,11.6,0.0,9.7,01638480
2001-10-18,10.7,0.0,8.6,01638480
2001-10-19,10.1,0.0,10.6,01638480
2001-10-20,9.18,0.0,13.9,01638480
2001-10-21,8.34,0.0,16.1,01638480
2001-10-22,8.54,0.0,17.7,01638480
2001-10-23,8.54,0.0,18.6,01638480
2001-10-24,9.89,0.0,20.6,01638480
2001-10-25,10.3,0.2,19.2,01638480
2001-10-26,8.05,0.0,10.8,01638480
2001-10-27,7.1,0.1,6.6,01638480
2001-10-28,11.5,0.0,6.2,01638480
2001-10-29,6.99,0.0,7.3,01638480
2001-10-30,6.89,0.0,10.6,01638480
2001-10-31,7.76,0.0,11.0,01638480
2001-11-01,8.11,0.0,13.7,01638480
2001-11-02,7.86,0.0,17.4,01638480
2001-11-03,8.12,1.7,17.4,01638480
2001-11-04,16.3,0.0,12.9,01638480
2001-11-05,9.28,0.0,10.2,01638480
2001-11-06,6.31,0.0,7.3,01638480
2001-11-07,5.6,0.0,11.5,01638480
2001-11-08,5.55,0.0,13.4,01638480
2001-11-09,6.01,0.0,11.2,01638480
2001-11-10,5.53,0.0,9.6,01638480
2001-11-11,5.88,0.0,9.8,01638480
2001-11-12,6.02,0.0,5.5,01638480
2001-11-13,6.05,0.0,6.2,01638480
2001-11-14,6.31,0.0,7.7,01638480
2001-11-15,6.3,0.0,10.9,01638480
2001-11-16,6.44,0.0,13.0,01638480
2001-11-17,6.56,0.0,12.1,01638480
2001-11-18,6.68,0.0,9.5,01638480
2001-11-19,6.52,0.0,11.2,01638480
2001-11-20,6.6,1.3,9.9,01638480
2001-11-21,7.6,0.0,4.5,01638480
2001-11-22,6.76,0.0,6.1,01638480
2001-11-23,6.49,0.0,8.5,01638480
2001-11-24,7.74,6.7,9.4,01638480
2001-11-25,24.4,11.4,15.5,01638480
2001-11-26,93.1,0.0,12.6,01638480
2001-11-27,28.0,0.3,10.3,01638480
2001-11-28,14.0,0.0,14.0,01638480
2001-11-29,12.3,0.0,15.0,01638480
2001-11-30,10.3,4.6,17.4,01638480
2001-12-01,9.8,0.2,15.3,01638480
2001-12-02,9.29,0.0,9.5,01638480
2001-12-03,9.27,0.0,7.3,01638480
2001-12-04,8.52,0.0,9.2,01638480
2001-12-05,8.38,0.0,13.1,01638480
2001-12-06,8.07,0.0,14.5,01638480
2001-12-07,7.94,0.0,13.5,01638480
2001-12-08,8.96,8.4,7.5,01638480
2001-12-09,15.3,3.8,6.8,01638480
2001-12-10,16.9,0.0,4.4,01638480
2001-12-11,15.5,10.0,6.6,01638480
2001-12-12,18.1,0.0,7.1,01638480
2001-12-13,16.8,0.3,10.1,01638480
2001-12-14,16.0,6.6,12.3,01638480
2001-12-15,15.7,0.0,9.8,01638480
2001-12-16,14.4,0.0,4.4,01638480
2001-12-17,12.7,2.9,6.8,01638480
2001-12-18,13.4,4.0,9.9,01638480
2001-12-19,16.3,0.0,6.2,01638480
2001-12-20,13.2,0.0,5.0,01638480
2001-12-21,10.8,0.0,2.8,01638480
2001-12-22,9.94,0.0,1.4,01638480
2001-12-23,9.8,0.2,3.1,01638480
2001-12-24,10.2,5.6,4.7,01638480
2001-12-25,12.0,0.0,0.2,01638480
2001-12-26,11.4,0.0,-0.3,01638480
2001-12-27,10.0,0.0,-1.6,01638480
2001-12-28,9.6,0.0,0.2,01638480
2001-12-29,9.71,0.0,0.8,01638480
2001-12-30,8.69,0.0,-3.2,01638480
2001-12-31,8.57,0.0,-3.4,01638480
2002-01-01,7.73,0.0,-3.5,01638480
2002-01-02,7.25,0.0,-2.7,01638480
2002-01-03,7.32,0.0,-1.6,01638480
2002-01-04,7.68,0.0,-0.8,01638480
2002-01-05,7.47,0.0,1.2,01638480
2002-01-06,8.25,15.9,0.0,01638480
2002-01-07,10.9,4.2,1.1,01638480
2002-01-08,12.6,0.0,-2.9,01638480
2002-01-09,12.9,0.0,-1.7,01638480
2002-01-10,12.1,0.0,6.1,01638480
2002-01-11,15.0,4.6,5.8,01638480
2002-01-12,19.8,0.0,3.4,01638480
2002-01-13,17.4,0.0,3.9,01638480
2002-01-14,14.1,0.0,3.3,01638480
2002-01-15,12.4,0.8,5.2,01638480
2002-01-16,11.4,0.0,2.4,01638480
2002-01-17,10.2,0.0,4.3,01638480
2002-01-18,9.89,0.0,2.1,01638480
2002-01-19,9.85,8.4,-0.4,01638480
2002-01-20,11.0,3.6,0.5,01638480
2002-01-21,12.0,0.1,2.5,01638480
2002-01-22,12.0,0.0,5.0,01638480
2002-01-23,12.8,0.6,7.5,01638480
2002-01-24,16.8,4.6,9.4,01638480
2002-01-25,27.8,1.0,6.4,01638480
2002-01-26,25.4,0.0,4.5,01638480
2002-01-27,18.5,0.0,5.7,01638480
2002-01-28,16.2,0.0,7.8,01638480
2002-01-29,15.3,0.0,12.2,01638480
2002-01-30,14.3,0.0,15.0,01638480
2002-01-31,17.6,1.2,9.8,01638480
2002-02-01,25.0,4.3,13.5,01638480
2002-02-02,22.7,0.0,3.2,01638480
2002-02-03,18.3,0.0,1.8,01638480
2002-02-04,15.8,0.6,0.6,01638480
2002-02-05,13.7,0.0,-2.7,01638480
2002-02-06,12.7,0.0,0.9,01638480
2002-02-07,12.9,3.8,3.0,01638480
2002-02-08,14.8,0.0,5.2,01638480
2002-02-09,14.3,0.0,5.7,01638480
2002-02-10,13.0,2.3,5.6,01638480
2002-02-11,13.2,2.7,4.7,01638480
2002-02-12,15.2,0.0,2.2,01638480
2002-02-13,13.7,0.0,2.6,01638480
2002-02-14,12.6,0.0,0.4,01638480
2002-02-15,12.0,0.0,3.1,01638480
2002-02-16,12.0,0.0,6.9,01638480
2002-02-17,11.0,0.0,4.3,01638480
2002-02-18,10.0,0.0,1.5,01638480
2002-02-19,9.84,0.0,3.8,01638480
2002-02-20,9.8,0.0,9.1,01638480
2002-02-21,9.8,0.0,11.7,01638480
2002-02-22,9.8,0.0,6.9,01638480
2002-02-23,9.8,0.0,3.6,01638480
2002-02-24,9.51,0.0,3.5,01638480
2002-02-25,9.12,0.0,6.1,01638480
2002-02-26,9.23,0.0,9.7,01638480
2002-02-27,9.24,0.0,2.4,01638480
2002-02-28,8.95,0.0,-0.6,01638480
2002-03-01,8.41,0.0,1.6,01638480
2002-03-02,8.85,3.4,2.7,01638480
2002-03-03,48.0,12.9,9.1,01638480
2002-03-04,46.7,0.0,-0.3,01638480
2002-03-05,24.3,0.0,-1.8,01638480
2002-03-06,18.2,0.0,4.8,01638480
2002-03-07,17.0,0.0,8.7,01638480
2002-03-08,15.4,0.0,11.4,01638480
2002-03-09,14.0,1.9,13.4,01638480
2002-03-10,14.0,5.2,7.4,01638480
2002-03-11,13.2,0.0,2.0,01638480
2002-03-12,12.2,0.0,5.8,01638480
2002-03-13,15.4,6.9,8.0,01638480
2002-03-14,28.3,0.0,12.1,01638480
2002-03-15,25.3,0.0,16.1,01638480
2002-03-16,21.5,1.2,15.5,01638480
2002-03-17,19.6,3.0,5.5,01638480
2002-03-18,22.7,7.5,5.3,01638480
2002-03-19,26.9,0.0,7.8,01638480
2002-03-20,196.0,20.7,6.5,01638480
2002-03-21,204.0,0.0,8.7,01638480
2002-03-22,101.0,0.0,-0.0,01638480
2002-03-23,66.2,0.0,2.3,01638480
2002-03-24,55.4,0.0,6.2,01638480
2002-03-25,46.4,0.1,8.0,01638480
2002-03-26,46.0,6.8,6.9,01638480
2002-03-27,146.0,13.5,7.6,01638480
2002-03-28,85.8,0.0,5.3,01638480
2002-03-29,62.6,0.0,10.0,01638480
2002-03-30,54.6,2.0,15.4,01638480
2002-03-31,51.2,8.5,10.7,01638480
2002-04-01,64.7,5.3,8.7,01638480
2002-04-02,54.5,0.0,10.7,01638480
2002-04-03,44.9,1.3,14.5,01638480
2002-04-04,39.0,0.0,5.6,01638480
2002-04-05,34.4,0.0,4.6,01638480
2002-04-06,31.9,0.0,3.6,01638480
2002-04-07,29.9,0.0,4.3,01638480
2002-04-08,28.5,0.0,10.3,01638480
2002-04-09,28.5,4.6,16.9,01638480
2002-04-10,30.6,0.2,13.2,01638480
2002-04-11,27.6,0.0,12.5,01638480
2002-04-12,24.6,0.0,11.8,01638480
2002-04-13,24.1,4.6,16.0,01638480
2002-04-14,25.2,2.7,17.5,01638480
2002-04-15,33.5,0.3,20.5,01638480
2002-04-16,35.3,0.0,22.6,01638480
2002-04-17,25.5,0.0,23.9,01638480
2002-04-18,23.0,0.3,24.2,01638480
2002-04-19,21.5,0.1,23.4,01638480
2002-04-20,24.5,3.6,20.9,01638480
2002-04-21,23.3,7.9,13.2,01638480
2002-04-22,35.6,9.9,10.5,01638480
2002-04-23,42.9,0.0,8.3,01638480
2002-04-24,24.7,0.0,9.8,01638480
2002-04-25,22.0,4.0,11.6,01638480
2002-04-26,22.3,0.0,11.2,01638480
2002-04-27,20.3,0.0,11.6,01638480
2002-04-28,76.2,26.9,16.3,01638480
2002-04-29,147.0,1.6,12.4,01638480
2002-04-30,65.4,0.0,12.4,01638480
2002-05-01,46.8,0.0,15.0,01638480
2002-05-02,114.0,5.2,19.5,01638480
2002-05-03,101.0,3.5,14.7,01638480
2002-05-04,56.8,0.7,11.1,01638480
2002-05-05,47.8,0.4,12.7,01638480
2002-05-06,42.1,0.0,16.6,01638480
2002-05-07,37.6,1.2,20.4,01638480
2002-05-08,35.7,2.6,19.4,01638480
2002-05-09,33.5,0.7,17.5,01638480
2002-05-10,36.4,0.6,19.1,01638480
2002-05-11,31.5,0.0,15.7,01638480
2002-05-12,24.9,2.6,19.5,01638480
2002-05-13,25.3,10.4,21.1,01638480
2002-05-14,24.1,11.2,13.2,01638480
2002-05-15,20.7,0.0,14.1,01638480
2002-05-16,17.6,0.0,17.5,01638480
2002-05-17,16.6,0.1,19.7,01638480
2002-05-18,35.3,16.9,13.2,01638480
2002-05-19,44.1,0.0,10.1,01638480
2002-05-20,24.2,0.0,9.4,01638480
2002-05-21,18.6,0.0,8.8,01638480
2002-05-22,16.4,0.0,11.1,01638480
2002-05-23,15.7,0.0,14.8,01638480
2002-05-24,15.0,0.0,19.2,01638480
2002-05-25,13.7,0.0,20.0,01638480
2002-05-26,13.4,9.5,20.6,01638480
2002-05-27,243.0,3.2,20.4,01638480
2002-05-28,139.0,7.3,20.6,01638480
2002-05-29,88.5,0.2,20.9,01638480
2002-05-30,64.0,0.0,22.1,01638480
2002-05-31,54.8,0.0,24.1,01638480
2002-06-01,40.0,1.6,24.7,01638480
2002-06-02,32.0,0.1,23.3,01638480
2002-06-03,26.0,0.0,19.7,01638480
2002-06-04,23.0,0.1,22.1,01638480
2002-06-05,21.0,1.6,25.9,01638480
2002-06-06,23.5,8.4,23.7,01638480
2002-06-07,29.9,2.6,18.8,01638480
2002-06-08,24.1,0.0,19.4,01638480
2002-06-09,19.3,0.0,21.5,01638480
2002-06-10,17.6,0.0,24.8,01638480
2002-06-11,15.7,0.0,26.9,01638480
2002-06-12,14.6,3.1,25.8,01638480
2002-06-13,15.0,10.5,23.7,01638480
2002-06-14,58.1,28.2,19.1,01638480
2002-06-15,198.0,7.3,20.1,01638480
2002-06-16,110.0,0.0,19.9,01638480
2002-06-17,62.5,0.0,20.0,01638480
2002-06-18,41.6,0.0,21.2,01638480
2002-06-19,32.8,4.8,21.6,01638480
2002-06-20,28.9,0.6,22.0,01638480
2002-06-21,25.0,0.0,22.8,01638480
2002-06-22,20.8,0.0,23.5,01638480
2002-06-23,17.3,0.0,24.8,01638480
2002-06-24,14.8,0.0,26.9,01638480
2002-06-25,13.1,0.2,27.9,01638480
2002-06-26,12.1,3.2,27.8,01638480
2002-06-27,11.1,7.6,26.6,01638480
2002-06-28,10.6,7.0,24.1,01638480
2002-06-29,9.94,0.0,24.5,01638480
2002-06-30,11.6,0.0,25.1,01638480
2002-07-01,9.06,0.0,26.4,01638480
2002-07-02,7.64,0.1,28.1,01638480
2002-07-03,7.09,0.0,29.2,01638480
2002-07-04,5.93,0.0,30.2,01638480
2002-07-05,5.15,0.0,28.4,01638480
2002-07-06,4.37,0.0,24.3,01638480
2002-07-07,4.16,0.0,24.9,01638480
2002-07-08,3.8,0.0,27.3,01638480
2002-07-09,3.34,2.8,28.3,01638480
2002-07-10,4.01,0.9,25.3,01638480
2002-07-11,4.42,0.0,22.5,01638480
2002-07-12,4.0,0.0,22.1,01638480
2002-07-13,3.25,0.0,22.2,01638480
2002-07-14,41.4,20.7,21.0,01638480
2002-07-15,52.9,0.0,24.1,01638480
2002-07-16,14.9,0.0,26.7,01638480
2002-07-17,7.27,0.0,27.6,01638480
2002-07-18,4.31,0.7,27.9,01638480
2002-07-19,3.41,3.1,26.5,01638480
2002-07-20,2.9,0.0,26.3,01638480
2002-07-21,2.58,0.1,27.1,01638480
2002-07-22,2.29,0.0,28.1,01638480
2002-07-23,2.08,23.9,28.5,01638480
2002-07-24,2.21,8.4,24.2,01638480
2002-07-25,2.96,1.0,23.3,01638480
2002-07-26,6.28,3.4,21.3,01638480
2002-07-27,28.4,6.7,23.9,01638480
2002-07-28,15.7,0.4,27.3,01638480
2002-07-29,9.11,0.0,29.1,01638480
2002-07-30,4.98,0.0,28.5,01638480
2002-07-31,3.16,0.0,28.0,01638480
2002-08-01,2.22,0.2,28.7,01638480
2002-08-02,1.66,0.6,29.4,01638480
2002-08-03,1.21,3.3,28.5,01638480
2002-08-04,0.9,0.4,27.9,01638480
2002-08-05,0.73,2.6,28.7,01638480
2002-08-06,0.68,0.3,24.4,01638480
2002-08-07,3.01,0.0,20.9,01638480
2002-08-08,2.16,0.0,21.0,01638480
2002-08-09,1.1,0.0,22.6,01638480
2002-08-10,0.79,0.0,24.6,01638480
2002-08-11,0.65,0.0,26.5,01638480
2002-08-12,0.59,0.9,28.2,01638480
2002-08-13,0.46,0.0,27.9,01638480
2002-08-14,0.43,0.0,29.8,01638480
2002-08-15,0.39,0.9,28.8,01638480
2002-08-16,0.31,0.0,28.8,01638480
2002-08-17,0.36,0.0,29.0,01638480
2002-08-18,0.33,1.9,28.1,01638480
2002-08-19,0.3,0.0,28.2,01638480
2002-08-20,0.3,0.3,27.7,01638480
2002-08-21,0.27,0.0,25.9,01638480
2002-08-22,0.25,0.0,27.7,01638480
2002-08-23,0.24,0.0,27.4,01638480
2002-08-24,0.52,2.7,27.1,01638480
2002-08-25,0.6,0.0,25.8,01638480
2002-08-26,0.56,0.2,24.7,01638480
2002-08-27,0.46,0.2,24.8,01638480
2002-08-28,0.73,18.7,21.2,01638480
2002-08-29,3.88,18.8,17.2,01638480
2002-08-30,11.8,0.0,20.6,01638480
2002-08-31,4.07,0.0,20.4,01638480
2002-09-01,2.64,0.9,18.7,01638480
2002-09-02,5.26,0.0,20.2,01638480
2002-09-03,3.7,0.1,23.0,01638480
2002-09-04,2.45,0.0,25.8,01638480
2002-09-05,1.66,0.0,23.3,01638480
2002-09-06,1.03,0.0,21.9,01638480
2002-09-07,0.74,0.0,21.8,01638480
2002-09-08,0.66,0.0,21.9,01638480
2002-09-09,0.56,0.0,23.2,01638480
2002-09-10,0.57,0.0,25.0,01638480
2002-09-11,0.52,0.0,23.7,01638480
2002-09-12,0.48,0.0,20.2,01638480
2002-09-13,0.36,0.0,21.3,01638480
2002-09-14,0.33,1.2,23.2,01638480
2002-09-15,0.36,7.1,22.2,01638480
2002-09-16,0.37,1.1,23.4,01638480
2002-09-17,0.33,0.2,23.2,01638480
2002-09-18,0.28,0.0,22.9,01638480
2002-09-19,0.24,0.0,22.9,01638480
2002-09-20,0.24,0.0,23.9,01638480
2002-09-21,0.45,0.0,25.0,01638480
2002-09-22,17.7,4.3,24.1,01638480
2002-09-23,75.3,8.3,20.5,01638480
2002-09-24,19.6,0.0,18.0,01638480
2002-09-25,6.42,0.0,18.6,01638480
2002-09-26,5.2,26.8,17.4,01638480
2002-09-27,105.0,19.5,18.4,01638480
2002-09-28,60.4,2.8,20.9,01638480
2002-09-29,27.7,0.0,18.0,01638480
2002-09-30,14.7,0.0,18.8,01638480
2002-10-01,9.37,0.0,20.6,01638480
2002-10-02,7.35,0.0,22.8,01638480
2002-10-03,5.83,0.0,23.5,01638480
2002-10-04,5.18,0.0,23.6,01638480
2002-10-05,4.71,2.8,23.8,01638480
2002-10-06,4.26,0.0,17.6,01638480
2002-10-07,3.76,0.0,19.5,01638480
2002-10-08,3.57,0.0,13.6,01638480
2002-10-09,3.23,0.8,13.7,01638480
2002-10-10,4.11,12.8,14.4,01638480
2002-10-11,13.2,38.8,15.9,01638480
2002-10-12,49.6,0.0,16.5,01638480
2002-10-13,26.6,1.2,17.3,01638480
2002-10-14,16.6,0.0,12.3,01638480
2002-10-15,11.4,0.0,10.4,01638480
2002-10-16,87.7,26.4,11.7,01638480
2002-10-17,169.0,1.2,10.8,01638480
2002-10-18,68.8,0.0,9.1,01638480
2002-10-19,45.1,0.0,11.4,01638480
2002-10-20,36.0,0.8,13.2,01638480
2002-10-21,29.0,0.0,10.6,01638480
2002-10-22,24.1,0.0,10.0,01638480
2002-10-23,21.0,0.0,10.9,01638480
2002-10-24,18.8,1.3,8.5,01638480
2002-10-25,17.9,2.9,7.0,01638480
2002-10-26,58.9,14.8,12.6,01638480
2002-10-27,56.7,0.0,12.3,01638480
2002-10-28,36.1,1.5,10.3,01638480
2002-10-29,38.2,15.0,7.2,01638480
2002-10-30,196.0,10.1,3.3,01638480
2002-10-31,145.0,1.1,4.9,01638480
2002-11-01,88.4,0.0,5.9,01638480
2002-11-02,66.3,0.0,4.7,01638480
2002-11-03,54.6,0.0,4.9,01638480
2002-11-04,48.3,0.2,6.5,01638480
2002-11-05,44.2,1.9,7.2,01638480
2002-11-06,170.0,18.2,7.7,01638480
2002-11-07,103.0,0.0,6.8,01638480
2002-11-08,68.0,0.0,8.0,01638480
2002-11-09,58.8,0.0,11.1,01638480
2002-11-10,52.2,0.4,16.1,01638480
2002-11-11,54.0,8.4,19.4,01638480
2002-11-12,86.8,21.7,11.7,01638480
2002-11-13,195.0,0.1,8.7,01638480
2002-11-14,100.0,0.0,8.6,01638480
2002-11-15,76.8,0.0,9.9,01638480
2002-11-16,72.7,12.9,9.1,01638480
2002-11-17,348.0,20.9,6.6,01638480
2002-11-18,462.0,2.2,4.8,01638480
2002-11-19,256.0,0.0,5.0,01638480
2002-11-20,176.0,0.0,7.1,01638480
2002-11-21,149.0,6.1,6.5,01638480
2002-11-22,182.0,2.4,8.3,01638480
2002-11-23,122.0,0.0,4.0,01638480
2002-11-24,95.2,0.0,5.7,01638480
2002-11-25,80.3,0.0,7.4,01638480
2002-11-26,70.6,0.4,5.0,01638480
2002-11-27,67.0,2.4,2.6,01638480
2002-11-28,60.7,0.0,-0.0,01638480
2002-11-29,55.5,0.0,1.2,01638480
2002-11-30,54.0,0.4,5.4,01638480
2002-12-01,50.2,0.2,0.1,01638480
2002-12-02,45.6,0.0,1.2,01638480
2002-12-03,43.9,0.0,-1.7,01638480
2002-12-04,38.8,0.0,-3.8,01638480
2002-12-05,34.7,18.3,-2.7,01638480
2002-12-06,47.0,0.0,-3.7,01638480
2002-12-07,43.0,0.0,-7.6,01638480
2002-12-08,41.0,0.0,0.2,01638480
2002-12-09,40.2,0.0,-2.5,01638480
2002-12-10,39.0,0.0,-2.2,01638480
2002-12-11,177.0,26.2,-0.9,01638480
2002-12-12,393.0,0.0,2.3,01638480
2002-12-13,468.0,9.7,0.5,01638480
2002-12-14,998.0,4.3,3.2,01638480
2002-12-15,548.0,0.0,3.9,01638480
2002-12-16,277.0,0.0,3.7,01638480
2002-12-17,205.0,0.0,-1.6,01638480
2002-12-18,169.0,0.0,-0.4,01638480
2002-12-19,152.0,0.0,3.2,01638480
2002-12-20,162.0,9.7,10.3,01638480
2002-12-21,149.0,0.0,4.4,01638480
2002-12-22,125.0,0.7,5.0,01638480
2002-12-23,98.1,0.0,4.8,01638480
2002-12-24,88.0,3.7,1.6,01638480
2002-12-25,119.0,18.5,0.8,01638480
2002-12-26,149.0,0.0,0.4,01638480
2002-12-27,111.0,0.0,-3.1,01638480
2002-12-28,98.6,0.0,-2.7,01638480
2002-12-29,98.3,0.0,0.3,01638480
2002-12-30,106.0,0.0,1.4,01638480
2002-12-31,104.0,0.2,5.6,01638480
2003-01-01,757.0,34.3,7.2,01638480
2003-01-02,1250.0,12.7,3.6,01638480
2003-01-03,560.0,18.9,2.0,01638480
2003-01-04,411.0,0.0,-0.1,01638480
2003-01-05,281.0,3.3,-3.1,01638480
2003-01-06,241.0,1.9,-1.4,01638480
2003-01-07,201.0,0.0,-3.6,01638480
2003-01-08,210.0,0.0,2.8,01638480
2003-01-09,243.0,0.0,7.2,01638480
2003-01-10,172.0,0.0,4.0,01638480
2003-01-11,145.0,0.0,-1.6,01638480
2003-01-12,127.0,0.0,-3.5,01638480
2003-01-13,118.0,0.0,-1.2,01638480
2003-01-14,112.0,0.1,-2.0,01638480
2003-01-15,105.0,0.7,-3.4,01638480
2003-01-16,91.3,0.0,-5.3,01638480
2003-01-17,88.0,1.3,-3.8,01638480
2003-01-18,80.0,0.0,-8.2,01638480
2003-01-19,70.0,0.0,-5.1,01638480
2003-01-20,65.0,0.0,-1.4,01638480
2003-01-21,60.0,0.0,-3.8,01638480
2003-01-22,56.0,0.0,-7.6,01638480
2003-01-23,52.0,0.0,-10.3,01638480
2003-01-24,50.0,0.0,-8.1,01638480
2003-01-25,47.0,0.0,-5.3,01638480
2003-01-26,54.0,0.7,-2.7,01638480
2003-01-27,60.0,0.0,-8.9,01638480
2003-01-28,57.0,0.0,-6.6,01638480
2003-01-29,54.0,0.4,-0.2,01638480
2003-01-30,51.0,0.1,0.1,01638480
2003-01-31,48.0,3.5,-0.1,01638480
2003-02-01,46.0,5.7,1.6,01638480
2003-02-02,45.0,0.0,2.1,01638480
2003-02-03,44.0,0.0,1.9,01638480
2003-02-04,52.0,4.0,5.2,01638480
2003-02-05,63.0,0.0,-0.2,01638480
2003-02-06,52.0,0.0,-1.1,01638480
2003-02-07,46.0,7.1,-0.5,01638480
2003-02-08,41.0,0.0,-4.6,01638480
2003-02-09,38.0,0.0,-3.1,01638480
2003-02-10,45.0,1.5,0.1,01638480
2003-02-11,42.0,0.6,-0.5,01638480
2003-02-12,38.0,0.0,-1.7,01638480
2003-02-13,35.0,0.0,-2.8,01638480
2003-02-14,32.0,0.0,-0.1,01638480
2003-02-15,48.0,9.6,-0.1,01638480
2003-02-16,40.0,32.0,-7.3,01638480
2003-02-17,38.0,23.7,-6.5,01638480
2003-02-18,65.0,1.3,-2.1,01638480
2003-02-19,55.0,0.0,-1.3,01638480
2003-02-20,50.0,0.0,1.9,01638480
2003-02-21,84.7,6.4,0.7,01638480
2003-02-22,779.0,16.4,2.0,01638480
2003-02-23,975.0,6.8,6.0,01638480
2003-02-24,493.0,0.8,-1.5,01638480
2003-02-25,330.0,0.0,-3.1,01638480
2003-02-26,237.0,5.0,-6.6,01638480
2003-02-27,186.0,2.6,-3.4,01638480
2003-02-28,163.0,5.9,-0.3,01638480
2003-03-01,147.0,0.1,1.5,01638480
2003-03-02,231.0,0.0,3.5,01638480
2003-03-03,451.0,0.0,-4.5,01638480
2003-03-04,250.0,0.0,-4.0,01638480
2003-03-05,274.0,0.0,5.1,01638480
2003-03-06,822.0,5.7,2.9,01638480
2003-03-07,485.0,0.0,-1.8,01638480
2003-03-08,474.0,0.0,2.4,01638480
2003-03-09,879.0,0.0,6.8,01638480
2003-03-10,509.0,0.0,-1.2,01638480
2003-03-11,331.0,0.2,0.3,01638480
2003-03-12,294.0,0.1,4.4,01638480
2003-03-13,287.0,2.8,8.2,01638480
2003-03-14,365.0,4.0,3.0,01638480
2003-03-15,263.0,0.0,5.0,01638480
2003-03-16,227.0,0.0,10.3,01638480
2003-03-17,205.0,0.0,11.6,01638480
2003-03-18,190.0,0.0,14.0,01638480
2003-03-19,165.0,1.7,9.8,01638480
2003-03-20,841.0,34.4,4.7,01638480
2003-03-21,822.0,4.9,8.6,01638480
2003-03-22,401.0,0.4,11.9,01638480
2003-03-23,282.0,0.0,10.8,01638480
2003-03-24,230.0,0.0,11.4,01638480
2003-03-25,195.0,0.0,13.1,01638480
2003-03-26,179.0,7.0,13.0,01638480
2003-03-27,189.0,0.0,9.2,01638480
2003-03-28,153.0,0.0,9.8,01638480
2003-03-29,147.0,6.4,15.5,01638480
2003-03-30,209.0,17.7,5.2,01638480
2003-03-31,249.0,0.8,1.1,01638480
2003-04-01,206.0,1.9,4.8,01638480
2003-04-02,171.0,0.1,14.6,01638480
2003-04-03,153.0,0.0,17.5,01638480
2003-04-04,143.0,0.1,16.2,01638480
2003-04-05,138.0,1.4,12.6,01638480
2003-04-06,134.0,0.0,8.4,01638480
2003-04-07,198.0,16.8,4.1,01638480
2003-04-08,230.0,0.0,3.3,01638480
2003-04-09,433.0,13.7,3.6,01638480
2003-04-10,388.0,0.0,7.0,01638480
2003-04-11,391.0,10.2,5.2,01638480
2003-04-12,329.0,0.0,11.4,01638480
2003-04-13,255.0,0.0,11.5,01638480
2003-04-14,219.0,0.0,12.4,01638480
2003-04-15,196.0,0.0,17.2,01638480
2003-04-16,178.0,0.0,19.3,01638480
2003-04-17,160.0,0.3,13.6,01638480
2003-04-18,152.0,2.9,6.1,01638480
2003-04-19,331.0,3.0,9.2,01638480
2003-04-20,251.0,0.0,12.2,01638480
2003-04-21,194.0,2.2,13.5,01638480
2003-04-22,190.0,4.0,14.3,01638480
2003-04-23,167.0,0.0,9.8,01638480
2003-04-24,145.0,0.0,9.9,01638480
2003-04-25,136.0,0.5,12.9,01638480
2003-04-26,144.0,8.7,12.7,01638480
2003-04-27,136.0,0.0,14.2,01638480
2003-04-28,119.0,0.0,15.9,01638480
2003-04-29,109.0,2.0,17.3,01638480
2003-04-30,102.0,0.0,16.3,01638480
2003-05-01,97.1,3.9,19.1,01638480
2003-05-02,93.3,0.2,20.1,01638480
2003-05-03,85.0,0.0,15.8,01638480
2003-05-04,78.2,5.6,13.5,01638480
2003-05-05,80.7,7.2,9.8,01638480
2003-05-06,98.6,4.0,13.1,01638480
2003-05-07,96.6,6.6,17.5,01638480
2003-05-08,111.0,6.2,19.1,01638480
2003-05-09,122.0,9.2,16.9,01638480
2003-05-10,182.0,1.6,17.5,01638480
2003-05-11,200.0,1.5,20.9,01638480
2003-05-12,133.0,0.0,17.1,01638480
2003-05-13,112.0,0.1,13.3,01638480
2003-05-14,99.9,0.0,14.4,01638480
2003-05-15,113.0,6.1,15.3,01638480
2003-05-16,5030.0,36.0,13.0,01638480
2003-05-17,1200.0,0.9,10.9,01638480
2003-05-18,723.0,6.1,10.1,01638480
2003-05-19,440.0,0.0,13.0,01638480
2003-05-20,358.0,0.0,15.9,01638480
2003-05-21,316.0,9.9,14.6,01638480
2003-05-22,310.0,0.1,13.6,01638480
2003-05-23,252.0,1.0,13.5,01638480
2003-05-24,385.0,3.0,14.6,01638480
2003-05-25,872.0,1.3,15.9,01638480
2003-05-26,514.0,34.2,16.3,01638480
2003-05-27,394.0,1.8,15.6,01638480
2003-05-28,396.0,4.5,15.3,01638480
2003-05-29,338.0,2.7,15.9,01638480
2003-05-30,272.0,0.0,17.7,01638480
2003-05-31,508.0,10.6,18.3,01638480
2003-06-01,670.0,1.2,15.4,01638480
2003-06-02,328.0,0.0,15.1,01638480
2003-06-03,303.0,17.8,15.1,01638480
2003-06-04,977.0,11.1,14.6,01638480
2003-06-05,824.0,2.8,16.5,01638480
2003-06-06,587.0,0.0,17.4,01638480
2003-06-07,775.0,21.8,17.0,01638480
2003-06-08,561.0,0.0,18.2,01638480
2003-06-09,527.0,1.1,20.6,01638480
2003-06-10,372.0,0.0,20.6,01638480
2003-06-11,301.0,3.4,22.7,01638480
2003-06-12,367.0,7.9,23.3,01638480
2003-06-13,308.0,8.8,23.3,01638480
2003-06-14,417.0,11.0,23.3,01638480
2003-06-15,294.0,0.8,22.4,01638480
2003-06-16,228.0,0.0,20.6,01638480
2003-06-17,205.0,6.5,16.8,01638480
2003-06-18,269.0,12.2,18.2,01638480
2003-06-19,243.0,4.0,21.4,01638480
2003-06-20,292.0,9.9,18.2,01638480
2003-06-21,281.0,1.5,16.5,01638480
2003-06-22,232.0,1.4,19.2,01638480
2003-06-23,192.0,0.0,22.5,01638480
2003-06-24,156.0,0.0,24.3,01638480
2003-06-25,133.0,0.0,24.9,01638480
2003-06-26,115.0,0.0,26.8,01638480
2003-06-27,104.0,3.3,25.1,01638480
2003-06-28,91.6,0.0,22.2,01638480
2003-06-29,84.3,0.0,23.5,01638480
2003-06-30,77.6,0.7,24.7,01638480
2003-07-01,81.4,0.2,24.0,01638480
2003-07-02,74.1,8.7,22.0,01638480
2003-07-03,109.0,2.4,21.2,01638480
2003-07-04,124.0,0.1,25.1,01638480
2003-07-05,88.4,1.6,26.1,01638480
2003-07-06,88.3,0.4,26.6,01638480
2003-07-07,96.6,2.6,25.6,01638480
2003-07-08,131.0,0.0,27.2,01638480
2003-07-09,89.0,25.4,27.0,01638480
2003-07-10,145.0,6.0,23.0,01638480
2003-07-11,106.0,5.8,24.7,01638480
2003-07-12,81.7,1.0,23.0,01638480
2003-07-13,79.7,0.0,22.5,01638480
2003-07-14,67.4,0.3,23.0,01638480
2003-07-15,57.0,0.2,22.9,01638480
2003-07-16,51.0,0.2,25.5,01638480
2003-07-17,46.3,0.0,23.6,01638480
2003-07-18,42.1,0.0,23.8,01638480
2003-07-19,43.2,0.5,23.5,01638480
2003-07-20,40.7,0.1,23.4,01638480
2003-07-21,38.3,0.0,26.2,01638480
2003-07-22,41.2,3.7,26.3,01638480
2003-07-23,108.0,5.0,23.4,01638480
2003-07-24,86.2,1.8,22.1,01638480
2003-07-25,52.6,0.0,23.3,01638480
2003-07-26,41.6,0.0,24.9,01638480
2003-07-27,39.3,0.0,26.6,01638480
2003-07-28,38.3,8.1,24.8,01638480
2003-07-29,83.0,0.0,22.8,01638480
2003-07-30,46.1,0.0,22.9,01638480
2003-07-31,38.7,0.5,22.3,01638480
2003-08-01,92.3,5.2,23.3,01638480
2003-08-02,64.2,1.6,24.8,01638480
2003-08-03,48.9,5.1,24.6,01638480
2003-08-04,49.4,2.3,24.4,01638480
2003-08-05,54.9,11.7,23.4,01638480
2003-08-06,43.4,0.0,23.0,01638480
2003-08-07,38.8,0.0,23.9,01638480
2003-08-08,63.5,0.7,23.8,01638480
2003-08-09,45.5,3.8,23.4,01638480
2003-08-10,71.6,5.2,23.3,01638480
2003-08-11,121.0,2.1,23.4,01638480
2003-08-12,61.3,0.8,24.1,01638480
2003-08-13,44.6,0.2,25.4,01638480
2003-08-14,39.2,0.0,25.9,01638480
2003-08-15,34.8,0.0,27.4,01638480
2003-08-16,32.1,8.8,25.7,01638480
2003-08-17,327.0,3.1,23.8,01638480
2003-08-18,110.0,0.2,23.0,01638480
2003-08-19,62.0,0.0,23.3,01638480
2003-08-20,53.1,0.0,24.4,01638480
2003-08-21,47.5,0.0,26.0,01638480
2003-08-22,44.0,0.7,27.3,01638480
2003-08-23,45.1,0.0,25.2,01638480
2003-08-24,36.1,0.0,22.1,01638480
2003-08-25,32.9,0.0,23.7,01638480
2003-08-26,84.9,0.5,26.5,01638480
2003-08-27,132.0,2.1,26.9,01638480
2003-08-28,64.2,0.2,25.4,01638480
2003-08-29,49.7,2.3,26.7,01638480
2003-08-30,46.3,11.6,25.1,01638480
2003-08-31,40.7,0.0,21.0,01638480
2003-09-01,39.0,0.4,24.0,01638480
2003-09-02,46.1,15.4,24.0,01638480
2003-09-03,50.1,9.0,22.7,01638480
2003-09-04,376.0,7.0,22.5,01638480
2003-09-05,183.0,0.1,20.4,01638480
2003-09-06,103.0,0.0,19.5,01638480
2003-09-07,77.7,0.0,20.0,01638480
2003-09-08,65.8,0.0,21.4,01638480
2003-09-09,59.0,0.6,20.4,01638480
2003-09-10,53.2,0.0,18.6,01638480
2003-09-11,48.7,0.0,19.6,01638480
2003-09-12,44.7,9.1,18.0,01638480
2003-09-13,73.7,24.8,18.3,01638480
2003-09-14,71.2,1.6,22.0,01638480
2003-09-15,60.2,1.2,22.2,01638480
2003-09-16,54.9,1.9,20.0,01638480
2003-09-17,47.3,0.0,19.4,01638480
2003-09-18,72.1,15.3,17.9,01638480
2003-09-19,661.0,42.4,19.4,01638480
2003-09-20,302.0,0.2,19.9,01638480
2003-09-21,196.0,0.1,20.5,01638480
2003-09-22,153.0,1.6,20.6,01638480
2003-09-23,5400.0,41.2,20.2,01638480
2003-09-24,570.0,0.0,17.8,01638480
2003-09-25,285.0,0.9,19.0,01638480
2003-09-26,220.0,2.1,19.9,01638480
2003-09-27,170.0,0.0,21.5,01638480
2003-09-28,190.0,9.0,18.5,01638480
2003-09-29,140.0,0.1,14.1,01638480
2003-09-30,120.0,0.0,12.5,01638480
2003-10-01,100.0,2.1,11.8,01638480
2003-10-02,89.0,0.0,10.1,01638480
2003-10-03,80.7,0.0,8.2,01638480
2003-10-04,86.0,6.0,10.7,01638480
2003-10-05,85.4,0.0,11.5,01638480
2003-10-06,73.9,0.0,12.3,01638480
2003-10-07,70.1,0.0,13.8,01638480
2003-10-08,67.1,0.0,16.4,01638480
2003-10-09,64.0,0.0,18.3,01638480
2003-10-10,61.4,0.0,17.6,01638480
2003-10-11,59.8,0.0,16.8,01638480
2003-10-12,60.5,0.0,17.9,01638480
2003-10-13,59.2,0.0,16.9,01638480
2003-10-14,69.8,3.4,14.8,01638480
2003-10-15,275.0,17.0,14.1,01638480
2003-10-16,105.0,0.0,12.9,01638480
2003-10-17,80.5,1.5,11.9,01638480
2003-10-18,74.8,1.1,10.0,01638480
2003-10-19,68.0,0.0,11.7,01638480
2003-10-20,61.9,0.0,11.8,01638480
2003-10-21,59.8,0.0,16.4,01638480
2003-10-22,59.4,1.2,12.4,01638480
2003-10-23,57.7,0.0,6.6,01638480
2003-10-24,54.1,0.0,6.6,01638480
2003-10-25,51.8,0.0,9.3,01638480
2003-10-26,51.9,0.4,15.3,01638480
2003-10-27,169.0,36.8,15.0,01638480
2003-10-28,206.0,0.0,8.4,01638480
2003-10-29,490.0,13.8,10.1,01638480
2003-10-30,235.0,0.0,10.3,01638480
2003-10-31,161.0,0.0,13.5,01638480
2003-11-01,133.0,0.0,16.4,01638480
2003-11-02,114.0,0.0,18.5,01638480
2003-11-03,99.8,0.0,18.7,01638480
2003-11-04,91.0,0.0,18.2,01638480
2003-11-05,99.9,1.7,19.8,01638480
2003-11-06,161.0,24.0,17.5,01638480
2003-11-07,126.0,6.4,13.1,01638480
2003-11-08,98.8,0.0,7.5,01638480
2003-11-09,84.7,0.0,2.8,01638480
2003-11-10,80.8,0.0,3.2,01638480
2003-11-11,79.4,0.4,5.1,01638480
2003-11-12,115.0,25.6,10.4,01638480
2003-11-13,135.0,4.4,9.7,01638480
2003-11-14,93.3,0.0,3.7,01638480
2003-11-15,83.8,0.0,6.9,01638480
2003-11-16,80.8,0.0,8.1,01638480
2003-11-17,78.7,0.8,10.1,01638480
2003-11-18,74.9,0.0,8.7,01638480
2003-11-19,919.0,18.7,15.3,01638480
2003-11-20,803.0,4.1,10.3,01638480
2003-11-21,292.0,0.0,10.2,01638480
2003-11-22,220.0,0.0,11.2,01638480
2003-11-23,187.0,0.0,11.2,01638480
2003-11-24,171.0,6.1,11.8,01638480
2003-11-25,299.0,2.5,3.5,01638480
2003-11-26,181.0,0.0,3.8,01638480
2003-11-27,159.0,0.0,6.9,01638480
2003-11-28,267.0,12.4,12.2,01638480
2003-11-29,436.0,1.7,3.8,01638480
2003-11-30,224.0,0.0,4.3,01638480
2003-12-01,194.0,0.0,6.7,01638480
2003-12-02,159.0,0.0,2.4,01638480
2003-12-03,136.0,0.0,0.1,01638480
2003-12-04,128.0,0.0,0.2,01638480
2003-12-05,143.0,24.6,0.3,01638480
2003-12-06,149.0,9.9,-0.8,01638480
2003-12-07,137.0,0.0,-3.3,01638480
2003-12-08,127.0,0.0,-3.1,01638480
2003-12-09,121.0,0.0,-2.0,01638480
2003-12-10,142.0,5.1,2.8,01638480
2003-12-11,4580.0,21.4,8.1,01638480
2003-12-12,646.0,0.0,1.8,01638480
2003-12-13,452.0,0.0,-0.8,01638480
2003-12-14,414.0,26.6,-0.5,01638480
2003-12-15,432.0,0.4,0.8,01638480
2003-12-16,404.0,0.0,-0.9,01638480
2003-12-17,510.0,9.9,3.3,01638480
2003-12-18,429.0,0.0,-2.2,01638480
2003-12-19,333.0,0.2,-3.6,01638480
2003-12-20,295.0,0.0,-2.4,01638480
2003-12-21,255.0,0.0,-2.7,01638480
2003-12-22,237.0,0.0,1.6,01638480
2003-12-23,242.0,0.0,7.3,01638480
2003-12-24,317.0,5.3,8.9,01638480
2003-12-25,330.0,0.0,1.3,01638480
2003-12-26,243.0,0.0,0.9,01638480
2003-12-27,217.0,0.0,3.4,01638480
2003-12-28,196.0,0.0,2.9,01638480
2003-12-29,189.0,0.0,4.8,01638480
2003-12-30,181.0,1.6,7.1,01638480
2003-12-31,168.0,0.0,3.3,01638480
2004-01-01,161.0,0.0,4.5,01638480
2004-01-02,160.0,4.4,6.8,01638480
2004-01-03,160.0,0.0,11.4,01638480
2004-01-04,153.0,1.5,12.8,01638480
2004-01-05,153.0,1.4,7.9,01638480
2004-01-06,154.0,0.0,2.4,01638480
2004-01-07,131.0,0.0,-4.8,01638480
2004-01-08,115.0,0.0,-3.1,01638480
2004-01-09,102.0,0.3,-1.5,01638480
2004-01-10,90.0,0.0,-8.3,01638480
2004-01-11,96.0,0.0,-5.9,01638480
2004-01-12,105.0,0.0,1.4,01638480
2004-01-13,100.0,0.0,3.3,01638480
2004-01-14,94.0,0.0,-1.3,01638480
2004-01-15,90.0,0.4,-1.8,01638480
2004-01-16,82.0,0.0,-7.6,01638480
2004-01-17,85.0,0.6,-4.3,01638480
2004-01-18,92.0,9.3,0.5,01638480
2004-01-19,82.0,0.0,-4.1,01638480
2004-01-20,77.0,0.0,-5.9,01638480
2004-01-21,70.0,0.0,-6.1,01638480
2004-01-22,67.0,0.0,-1.3,01638480
2004-01-23,66.0,0.0,-7.7,01638480
2004-01-24,64.0,1.1,-5.5,01638480
2004-01-25,62.0,0.0,-8.7,01638480
2004-01-26,58.0,13.6,-7.8,01638480
2004-01-27,56.0,7.9,-5.1,01638480
2004-01-28,55.0,0.8,-4.8,01638480
2004-01-29,54.0,0.0,-4.7,01638480
2004-01-30,53.0,0.1,-6.7,01638480
2004-01-31,52.0,0.0,-10.8,01638480
2004-02-01,51.0,0.0,-8.7,01638480
2004-02-02,48.0,0.0,-7.0,01638480
2004-02-03,110.0,15.6,-0.3,01638480
2004-02-04,286.0,0.0,1.2,01638480
2004-02-05,210.0,0.0,-3.3,01638480
2004-02-06,982.0,40.8,0.3,01638480
2004-02-07,1070.0,1.3,1.9,01638480
2004-02-08,450.0,0.0,-3.8,01638480
2004-02-09,230.0,0.0,-3.3,01638480
2004-02-10,270.0,0.3,1.8,01638480
2004-02-11,360.0,0.0,0.3,01638480
2004-02-12,270.0,0.0,0.5,01638480
2004-02-13,258.0,0.0,1.5,01638480
2004-02-14,219.0,0.0,1.3,01638480
2004-02-15,161.0,0.0,-2.1,01638480
2004-02-16,129.0,0.0,-5.6,01638480
2004-02-17,113.0,0.0,-3.1,01638480
2004-02-18,109.0,0.0,-1.3,01638480
2004-02-19,122.0,0.0,2.8,01638480
2004-02-20,152.0,0.0,5.0,01638480
2004-02-21,167.0,0.0,6.4,01638480
2004-02-22,148.0,0.0,2.9,01638480
2004-02-23,123.0,0.0,2.1,01638480
2004-02-24,123.0,4.2,2.3,01638480
2004-02-25,129.0,0.0,0.8,01638480
2004-02-26,108.0,0.0,0.7,01638480
2004-02-27,101.0,0.0,2.7,01638480
2004-02-28,95.6,0.0,4.1,01638480
2004-02-29,90.8,0.0,5.7,01638480
2004-03-01,89.4,0.0,8.5,01638480
2004-03-02,92.0,2.0,13.9,01638480
2004-03-03,90.1,0.4,11.3,01638480
2004-03-04,91.4,7.8,11.1,01638480
2004-03-05,93.5,0.0,13.8,01638480
2004-03-06,413.0,18.3,15.9,01638480
2004-03-07,276.0,0.3,9.7,01638480
2004-03-08,261.0,3.8,5.4,01638480
2004-03-09,184.0,0.0,2.9,01638480
2004-03-10,156.0,0.0,2.7,01638480
2004-03-11,136.0,0.0,5.0,01638480
2004-03-12,124.0,0.0,4.7,01638480
2004-03-13,109.0,0.0,2.4,01638480
2004-03-14,101.0,0.0,4.8,01638480
2004-03-15,97.7,0.0,9.8,01638480
2004-03-16,98.7,7.9,3.6,01638480
2004-03-17,111.0,0.3,1.8,01638480
2004-03-18,97.8,1.2,3.5,01638480
2004-03-19,138.0,6.8,5.1,01638480
2004-03-20,111.0,0.0,6.1,01638480
2004-03-21,101.0,4.0,8.5,01638480
2004-03-22,89.9,0.0,0.4,01638480
2004-03-23,81.7,0.0,1.5,01638480
2004-03-24,80.4,0.0,5.6,01638480
2004-03-25,78.9,0.0,12.8,01638480
2004-03-26,76.1,0.0,15.3,01638480
2004-03-27,73.8,2.9,15.3,01638480
2004-03-28,75.9,0.0,13.2,01638480
2004-03-29,69.4,0.0,9.9,01638480
2004-03-30,67.1,0.0,6.1,01638480
2004-03-31,79.1,5.9,7.1,01638480
2004-04-01,146.0,20.9,7.7,01638480
2004-04-02,429.0,13.2,7.2,01638480
2004-04-03,452.0,1.9,7.4,01638480
2004-04-04,303.0,1.1,6.6,01638480
2004-04-05,222.0,0.0,2.4,01638480
2004-04-06,178.0,0.0,5.6,01638480
2004-04-07,166.0,0.1,12.4,01638480
2004-04-08,157.0,3.5,9.7,01638480
2004-04-09,146.0,1.9,9.7,01638480
2004-04-10,129.0,0.0,10.6,01638480
2004-04-11,121.0,0.9,8.4,01638480
2004-04-12,190.0,18.3,6.4,01638480
2004-04-13,1060.0,26.1,7.1,01638480
2004-04-14,835.0,0.7,8.1,01638480
2004-04-15,400.0,0.0,10.0,01638480
2004-04-16,270.0,0.0,10.1,01638480
2004-04-17,230.0,0.0,15.8,01638480
2004-04-18,200.0,0.0,19.7,01638480
2004-04-19,175.0,0.0,21.3,01638480
2004-04-20,150.0,0.0,20.2,01638480
2004-04-21,165.0,0.4,18.9,01638480
2004-04-22,145.0,1.4,20.4,01638480
2004-04-23,183.0,8.4,18.7,01638480
2004-04-24,243.0,1.1,17.1,01638480
2004-04-25,182.0,1.0,15.1,01638480
2004-04-26,265.0,44.8,15.5,01638480
2004-04-27,392.0,0.6,12.5,01638480
2004-04-28,255.0,0.0,8.6,01638480
2004-04-29,187.0,0.0,15.3,01638480
2004-04-30,158.0,0.0,18.5,01638480
2004-05-01,136.0,1.8,19.2,01638480
2004-05-02,325.0,7.7,20.6,01638480
2004-05-03,1200.0,12.5,11.8,01638480
2004-05-04,290.0,0.0,10.7,01638480
2004-05-05,220.0,0.3,13.6,01638480
2004-05-06,187.0,0.0,15.6,01638480
2004-05-07,158.0,2.7,20.3,01638480
2004-05-08,173.0,2.4,16.5,01638480
2004-05-09,140.0,0.0,19.1,01638480
2004-05-10,160.0,0.0,23.1,01638480
2004-05-11,120.0,1.2,23.2,01638480
2004-05-12,102.0,0.0,23.6,01638480
2004-05-13,89.5,0.0,23.4,01638480
2004-05-14,79.9,0.0,23.9,01638480
2004-05-15,76.6,0.8,23.8,01638480
2004-05-16,87.5,9.7,19.9,01638480
2004-05-17,77.4,2.3,21.1,01638480
2004-05-18,68.7,6.0,22.1,01638480
2004-05-19,124.0,3.4,21.0,01638480
2004-05-20,89.4,0.0,20.0,01638480
2004-05-21,78.5,0.3,22.8,01638480
2004-05-22,201.0,0.2,24.6,01638480
2004-05-23,101.0,0.0,25.7,01638480
2004-05-24,78.2,0.0,25.6,01638480
2004-05-25,68.9,0.0,24.9,01638480
2004-05-26,86.0,10.6,23.2,01638480
2004-05-27,69.8,0.3,22.0,01638480
2004-05-28,80.0,8.4,21.4,01638480
2004-05-29,73.5,0.0,17.9,01638480
2004-05-30,61.5,0.0,18.7,01638480
2004-05-31,63.4,21.4,19.2,01638480
2004-06-01,90.2,1.2,20.3,01638480
2004-06-02,81.9,0.0,20.3,01638480
2004-06-03,65.0,0.0,19.8,01638480
2004-06-04,60.0,1.7,18.2,01638480
2004-06-05,1680.0,29.9,14.7,01638480
2004-06-06,300.0,0.0,17.2,01638480
2004-06-07,180.0,0.3,19.9,01638480
2004-06-08,160.0,0.1,22.4,01638480
2004-06-09,110.0,0.0,24.9,01638480
2004-06-10,90.0,8.1,24.4,01638480
2004-06-11,110.0,8.2,19.6,01638480
2004-06-12,364.0,27.4,17.8,01638480
2004-06-13,200.0,0.0,18.8,01638480
2004-06-14,115.0,1.1,23.1,01638480
2004-06-15,120.0,4.0,25.1,01638480
2004-06-16,180.0,7.6,24.0,01638480
2004-06-17,130.0,2.6,25.5,01638480
2004-06-18,120.0,0.7,26.1,01638480
2004-06-19,80.0,0.1,24.0,01638480
2004-06-20,70.0,0.0,18.6,01638480
2004-06-21,65.0,0.0,19.9,01638480
2004-06-22,63.0,5.0,22.6,01638480
2004-06-23,62.0,0.0,23.0,01638480
2004-06-24,60.3,0.0,23.5,01638480
2004-06-25,54.3,1.1,23.7,01638480
2004-06-26,54.6,0.0,22.3,01638480
2004-06-27,49.0,0.0,20.7,01638480
2004-06-28,43.6,0.0,21.4,01638480
2004-06-29,43.6,0.0,21.1,01638480
2004-06-30,40.7,0.0,22.3,01638480
2004-07-01,38.7,0.4,23.4,01638480
2004-07-02,37.6,2.0,25.0,01638480
2004-07-03,34.6,0.0,25.4,01638480
2004-07-04,40.2,8.0,24.9,01638480
2004-07-05,59.7,4.2,25.8,01638480
2004-07-06,42.1,1.2,25.3,01638480
2004-07-07,51.8,21.0,24.6,01638480
2004-07-08,102.0,0.0,24.4,01638480
2004-07-09,49.3,0.0,24.2,01638480
2004-07-10,37.3,0.0,23.6,01638480
2004-07-11,35.3,0.3,25.4,01638480
2004-07-12,36.7,30.7,24.2,01638480
2004-07-13,37.9,0.3,24.0,01638480
2004-07-14,38.4,2.0,24.7,01638480
2004-07-15,35.4,0.0,22.9,01638480
2004-07-16,28.0,0.0,22.6,01638480
2004-07-17,25.7,0.0,23.3,01638480
2004-07-18,25.0,13.8,21.9,01638480
2004-07-19,26.6,1.0,22.3,01638480
2004-07-20,25.3,0.0,23.5,01638480
2004-07-21,22.2,0.0,24.6,01638480
2004-07-22,20.3,0.9,25.5,01638480
2004-07-23,26.4,3.5,24.2,01638480
2004-07-24,30.1,1.4,23.1,01638480
2004-07-25,24.8,0.5,21.9,01638480
2004-07-26,23.9,1.5,22.1,01638480
2004-07-27,28.3,12.1,23.1,01638480
2004-07-28,35.0,2.9,23.5,01638480
2004-07-29,26.9,0.0,23.3,01638480
2004-07-30,20.2,0.1,25.2,01638480
2004-07-31,17.9,0.2,26.6,01638480
2004-08-01,16.9,5.9,26.1,01638480
2004-08-02,16.7,3.9,24.7,01638480
2004-08-03,16.4,0.0,25.4,01638480
2004-08-04,14.9,0.0,26.4,01638480
2004-08-05,14.4,1.8,23.6,01638480
2004-08-06,12.6,0.0,19.4,01638480
2004-08-07,11.4,0.2,18.3,01638480
2004-08-08,10.7,0.0,20.0,01638480
2004-08-09,10.0,0.0,22.0,01638480
2004-08-10,9.8,1.3,24.1,01638480
2004-08-11,14.4,2.8,23.6,01638480
2004-08-12,104.0,18.7,22.0,01638480
2004-08-13,57.1,42.7,21.0,01638480
2004-08-14,33.9,1.9,20.3,01638480
2004-08-15,24.0,8.2,20.6,01638480
2004-08-16,19.2,0.0,22.1,01638480
2004-08-17,16.1,0.7,22.3,01638480
2004-08-18,18.2,0.0,22.9,01638480
2004-08-19,19.4,2.1,24.6,01638480
2004-08-20,15.5,0.2,26.1,01638480
2004-08-21,13.1,7.0,24.0,01638480
2004-08-22,13.2,0.0,20.4,01638480
2004-08-23,12.5,0.0,21.8,01638480
2004-08-24,10.6,0.0,23.8,01638480
2004-08-25,9.35,0.0,23.6,01638480
2004-08-26,8.81,0.1,23.5,01638480
2004-08-27,8.25,0.0,24.5,01638480
2004-08-28,7.8,0.4,26.1,01638480
2004-08-29,7.76,0.0,26.7,01638480
2004-08-30,7.35,1.8,25.3,01638480
2004-08-31,6.9,3.2,24.2,01638480
2004-09-01,6.53,0.0,23.0,01638480
2004-09-02,6.1,0.0,22.8,01638480
2004-09-03,6.0,0.0,22.6,01638480
2004-09-04,5.7,0.0,23.4,01638480
2004-09-05,5.7,0.2,23.2,01638480
2004-09-06,5.7,0.0,20.9,01638480
2004-09-07,6.44,0.1,23.0,01638480
2004-09-08,9.76,15.0,22.1,01638480
2004-09-09,26.0,3.3,23.6,01638480
2004-09-10,19.0,0.0,21.6,01638480
2004-09-11,10.2,0.0,21.2,01638480
2004-09-12,7.96,0.2,21.9,01638480
2004-09-13,7.69,0.0,23.1,01638480
2004-09-14,7.5,0.2,21.9,01638480
2004-09-15,8.1,4.2,20.0,01638480
2004-09-16,11.0,1.0,21.8,01638480
2004-09-17,17.0,6.6,21.9,01638480
2004-09-18,243.0,25.4,19.3,01638480
2004-09-19,89.0,0.0,15.8,01638480
2004-09-20,35.0,0.0,15.1,01638480
2004-09-21,25.2,0.0,18.0,01638480
2004-09-22,20.3,0.0,21.2,01638480
2004-09-23,17.6,0.0,22.0,01638480
2004-09-24,15.3,0.0,22.2,01638480
2004-09-25,14.3,0.0,20.4,01638480
2004-09-26,13.7,0.2,20.0,01638480
2004-09-27,13.5,0.4,20.4,01638480
2004-09-28,3060.0,45.5,19.7,01638480
2004-09-29,1660.0,2.0,18.4,01638480
2004-09-30,217.0,3.3,18.5,01638480
2004-10-01,125.0,0.0,17.7,01638480
2004-10-02,91.8,1.3,20.3,01638480
2004-10-03,75.0,0.0,16.9,01638480
2004-10-04,61.3,0.0,17.4,01638480
2004-10-05,51.6,0.0,14.3,01638480
2004-10-06,44.9,0.0,12.4,01638480
2004-10-07,40.8,0.0,15.0,01638480
2004-10-08,37.1,0.0,17.0,01638480
2004-10-09,34.7,0.0,17.0,01638480
2004-10-10,33.6,0.0,17.2,01638480
2004-10-11,30.7,0.0,13.2,01638480
2004-10-12,30.2,0.0,12.0,01638480
2004-10-13,29.3,4.6,12.2,01638480
2004-10-14,31.8,2.9,14.1,01638480
2004-10-15,38.3,1.2,15.7,01638480
2004-10-16,39.7,4.8,11.8,01638480
2004-10-17,32.1,0.0,9.5,01638480
2004-10-18,28.3,0.2,10.1,01638480
2004-10-19,27.3,15.2,13.3,01638480
2004-10-20,31.9,3.6,10.9,01638480
2004-10-21,58.4,5.8,10.9,01638480
2004-10-22,53.3,0.2,10.3,01638480
2004-10-23,43.1,0.0,9.8,01638480
2004-10-24,38.2,2.6,9.0,01638480
2004-10-25,40.3,0.0,11.8,01638480
2004-10-26,36.1,0.0,13.4,01638480
2004-10-27,32.6,0.0,12.7,01638480
2004-10-28,30.5,0.0,12.4,01638480
2004-10-29,29.8,0.0,13.0,01638480
2004-10-30,31.9,0.0,17.2,01638480
2004-10-31,32.0,0.0,18.9,01638480
2004-11-01,28.2,0.0,14.5,01638480
2004-11-02,27.0,0.0,15.6,01638480
2004-11-03,26.1,0.0,15.7,01638480
2004-11-04,39.8,23.5,9.3,01638480
2004-11-05,115.0,0.0,9.9,01638480
2004-11-06,56.2,0.0,9.3,01638480
2004-11-07,44.8,0.0,12.1,01638480
2004-11-08,39.3,0.0,9.5,01638480
2004-11-09,35.9,0.0,4.4,01638480
2004-11-10,32.4,0.0,4.5,01638480
2004-11-11,31.1,0.0,8.4,01638480
2004-11-12,128.0,31.6,7.3,01638480
2004-11-13,274.0,5.4,5.4,01638480
2004-11-14,133.0,0.0,3.7,01638480
2004-11-15,100.0,0.0,6.1,01638480
2004-11-16,83.8,0.0,8.2,01638480
2004-11-17,72.7,0.0,9.0,01638480
2004-11-18,66.8,1.8,12.1,01638480
2004-11-19,61.9,4.9,12.5,01638480
2004-11-20,63.0,1.2,12.4,01638480
2004-11-21,66.2,0.2,12.7,01638480
2004-11-22,58.3,1.0,11.4,01638480
2004-11-23,52.7,0.9,9.9,01638480
2004-11-24,55.6,16.2,12.0,01638480
2004-11-25,105.0,3.3,12.9,01638480
2004-11-26,85.7,0.0,3.7,01638480
2004-11-27,69.1,0.3,5.2,01638480
2004-11-28,152.0,9.7,10.2,01638480
2004-11-29,129.0,0.0,5.4,01638480
2004-11-30,102.0,0.2,6.2,01638480
2004-12-01,187.0,15.4,8.1,01638480
2004-12-02,156.0,0.0,5.2,01638480
2004-12-03,118.0,0.0,3.8,01638480
2004-12-04,102.0,0.0,2.6,01638480
2004-12-05,92.3,0.0,6.0,01638480
2004-12-06,90.4,0.9,6.3,01638480
2004-12-07,86.7,7.8,9.6,01638480
2004-12-08,102.0,0.3,12.3,01638480
2004-12-09,156.0,15.5,6.7,01638480
2004-12-10,800.0,16.7,9.0,01638480
2004-12-11,404.0,0.7,8.2,01638480
2004-12-12,227.0,0.0,4.6,01638480
2004-12-13,174.0,0.3,5.1,01638480
2004-12-14,138.0,0.0,1.1,01638480
2004-12-15,116.0,0.0,-0.9,01638480
2004-12-16,104.0,0.0,-0.2,01638480
2004-12-17,99.3,0.0,2.2,01638480
2004-12-18,91.6,0.0,1.4,01638480
2004-12-19,86.0,0.0,1.6,01638480
2004-12-20,68.5,0.0,-8.0,01638480
2004-12-21,72.9,0.0,-2.4,01638480
2004-12-22,67.8,0.0,3.5,01638480
2004-12-23,193.0,15.3,8.5,01638480
2004-12-24,262.0,0.0,-0.1,01638480
2004-12-25,128.0,0.0,-3.7,01638480
2004-12-26,105.0,0.0,-3.6,01638480
2004-12-27,89.6,0.0,-2.9,01638480
2004-12-28,82.1,0.0,-3.0,01638480
2004-12-29,81.5,0.0,2.5,01638480
2004-12-30,79.7,0.0,4.7,01638480
2004-12-31,79.1,0.0,7.6,01638480
2005-01-01,78.4,0.0,10.6,01638480
2005-01-02,69.7,0.0,7.1,01638480
2005-01-03,65.2,1.2,10.8,01638480
2005-01-04,64.4,2.0,12.8,01638480
2005-01-05,71.3,21.0,7.8,01638480
2005-01-06,86.3,3.2,4.9,01638480
2005-01-07,77.4,0.2,5.4,01638480
2005-01-08,79.8,7.6,4.9,01638480
2005-01-09,83.3,0.0,3.4,01638480
2005-01-10,72.4,0.0,5.1,01638480
2005-01-11,68.6,1.6,4.6,01638480
2005-01-12,66.1,1.2,8.2,01638480
2005-01-13,65.0,0.0,14.3,01638480
2005-01-14,2130.0,37.0,10.8,01638480
2005-01-15,543.0,0.0,0.6,01638480
2005-01-16,339.0,0.0,-0.5,01638480
2005-01-17,254.0,0.0,-4.3,01638480
2005-01-18,178.0,0.0,-8.3,01638480
2005-01-19,155.0,1.4,-6.0,01638480
2005-01-20,150.0,0.0,-1.2,01638480
2005-01-21,141.0,0.0,-3.6,01638480
2005-01-22,108.0,6.7,-6.1,01638480
2005-01-23,102.0,0.0,-7.8,01638480
2005-01-24,95.0,0.5,-8.8,01638480
2005-01-25,110.0,0.0,-1.8,01638480
2005-01-26,103.0,0.0,2.1,01638480
2005-01-27,94.0,0.0,-4.6,01638480
2005-01-28,86.0,0.0,-7.1,01638480
2005-01-29,76.0,0.0,-4.2,01638480
2005-01-30,70.0,3.6,-0.2,01638480
2005-01-31,79.0,0.0,-1.0,01638480
2005-02-01,67.0,0.0,-0.9,01638480
2005-02-02,60.0,0.0,-0.5,01638480
2005-02-03,64.2,1.8,0.3,01638480
2005-02-04,74.1,0.1,2.2,01638480
2005-02-05,113.0,0.0,4.0,01638480
2005-02-06,104.0,0.0,4.0,01638480
2005-02-07,95.1,0.0,5.2,01638480
2005-02-08,100.0,0.1,5.9,01638480
2005-02-09,116.0,0.5,8.2,01638480
2005-02-10,140.0,7.1,4.2,01638480
2005-02-11,101.0,0.0,-0.3,01638480
2005-02-12,81.4,0.0,2.5,01638480
2005-02-13,76.9,0.0,3.1,01638480
2005-02-14,84.6,6.3,3.5,01638480
2005-02-15,132.0,2.3,9.0,01638480
2005-02-16,109.0,1.9,8.8,01638480
2005-02-17,97.3,0.0,2.8,01638480
2005-02-18,81.7,0.0,-1.2,01638480
2005-02-19,69.9,0.0,-2.2,01638480
2005-02-20,69.1,0.0,0.4,01638480
2005-02-21,74.9,2.5,5.2,01638480
2005-02-22,73.6,9.9,5.2,01638480
2005-02-23,65.4,1.0,3.3,01638480
2005-02-24,63.8,6.9,-0.1,01638480
2005-02-25,70.3,3.6,-1.0,01638480
2005-02-26,67.4,0.0,0.4,01638480
2005-02-27,74.0,0.0,-0.7,01638480
2005-02-28,74.6,12.1,-0.3,01638480
2005-03-01,85.0,4.5,-0.1,01638480
2005-03-02,82.7,0.0,-2.7,01638480
2005-03-03,70.1,0.0,-4.7,01638480
2005-03-04,67.4,0.1,-2.8,01638480
2005-03-05,76.8,1.0,1.2,01638480
2005-03-06,79.4,0.0,2.5,01638480
2005-03-07,84.0,0.2,7.9,01638480
2005-03-08,108.0,9.3,4.1,01638480
2005-03-09,108.0,0.0,-3.0,01638480
2005-03-10,92.3,0.0,-0.9,01638480
2005-03-11,91.6,1.6,3.3,01638480
2005-03-12,88.2,0.6,2.5,01638480
2005-03-13,78.1,0.0,3.1,01638480
2005-03-14,70.9,0.0,2.5,01638480
2005-03-15,64.3,0.0,1.9,01638480
2005-03-16,61.5,0.0,3.1,01638480
2005-03-17,60.2,0.0,4.4,01638480
2005-03-18,58.6,0.0,5.1,01638480
2005-03-19,55.5,0.2,7.0,01638480
2005-03-20,55.8,0.4,8.6,01638480
2005-03-21,52.6,0.0,6.2,01638480
2005-03-22,49.1,0.0,5.6,01638480
2005-03-23,465.0,35.9,5.7,01638480
2005-03-24,573.0,0.0,5.0,01638480
2005-03-25,391.0,0.9,5.6,01638480
2005-03-26,338.0,0.1,5.7,01638480
2005-03-27,312.0,1.2,6.5,01638480
2005-03-28,2110.0,38.3,7.6,01638480
2005-03-29,972.0,20.3,10.5,01638480
2005-03-30,464.0,0.0,10.6,01638480
2005-03-31,369.0,0.0,10.2,01638480
2005-04-01,307.0,0.0,11.9,01638480
2005-04-02,1250.0,38.5,10.1,01638480
2005-04-03,830.0,3.6,5.4,01638480
2005-04-04,412.0,0.0,9.4,01638480
2005-04-05,310.0,0.0,11.2,01638480
2005-04-06,259.0,0.0,17.5,01638480
2005-04-07,221.0,1.8,18.5,01638480
2005-04-08,316.0,10.1,15.8,01638480
2005-04-09,222.0,0.0,12.7,01638480
2005-04-10,180.0,0.0,13.3,01638480
2005-04-11,161.0,0.0,13.8,01638480
2005-04-12,143.0,0.0,9.3,01638480
2005-04-13,135.0,1.5,10.2,01638480
2005-04-14,126.0,0.0,10.7,01638480
2005-04-15,115.0,0.0,10.1,01638480
2005-04-16,105.0,0.0,9.4,01638480
2005-04-17,103.0,0.0,12.6,01638480
2005-04-18,97.1,0.0,16.1,01638480
2005-04-19,92.5,0.0,18.6,01638480
2005-04-20,88.4,0.3,20.0,01638480
2005-04-21,83.6,1.3,16.5,01638480
2005-04-22,93.7,6.5,11.7,01638480
2005-04-23,167.0,12.9,13.9,01638480
2005-04-24,155.0,0.5,7.6,01638480
2005-04-25,106.0,0.1,7.9,01638480
2005-04-26,89.6,0.0,12.7,01638480
2005-04-27,81.3,0.8,14.6,01638480
2005-04-28,75.3,0.0,12.4,01638480
2005-04-29,71.7,0.1,11.3,01638480
2005-04-30,119.0,16.8,14.5,01638480
2005-05-01,121.0,0.7,13.2,01638480
2005-05-02,86.2,1.7,10.3,01638480
2005-05-03,79.0,0.0,9.1,01638480
2005-05-04,73.1,0.0,10.8,01638480
2005-05-05,67.6,0.0,11.1,01638480
2005-05-06,64.7,0.0,10.9,01638480
2005-05-07,63.7,0.7,12.3,01638480
2005-05-08,62.4,0.0,15.3,01638480
2005-05-09,57.7,0.0,16.7,01638480
2005-05-10,55.1,0.0,18.0,01638480
2005-05-11,55.1,0.0,21.2,01638480
2005-05-12,53.4,0.0,20.0,01638480
2005-05-13,50.7,0.0,14.9,01638480
2005-05-14,50.4,2.4,18.9,01638480
2005-05-15,54.0,0.1,20.4,01638480
2005-05-16,58.8,0.0,16.3,01638480
2005-05-17,50.4,0.0,14.8,01638480
2005-05-18,46.7,0.0,16.6,01638480
2005-05-19,44.3,0.0,16.7,01638480
2005-05-20,120.0,48.9,12.8,01638480
2005-05-21,124.0,0.0,14.4,01638480
2005-05-22,68.7,0.0,16.4,01638480
2005-05-23,59.5,2.8,15.6,01638480
2005-05-24,92.9,10.3,13.2,01638480
2005-05-25,129.0,2.8,12.3,01638480
2005-05-26,84.7,0.0,17.1,01638480
2005-05-27,64.0,0.0,19.6,01638480
2005-05-28,55.3,5.3,17.9,01638480
2005-05-29,55.4,0.0,17.2,01638480
2005-05-30,52.1,0.0,17.6,01638480
2005-05-31,50.7,0.6,18.1,01638480
2005-06-01,45.7,0.0,19.8,01638480
2005-06-02,42.4,0.0,16.9,01638480
2005-06-03,48.4,14.3,15.3,01638480
2005-06-04,56.1,0.0,18.7,01638480
2005-06-05,47.4,0.0,23.4,01638480
2005-06-06,52.4,2.2,25.8,01638480
2005-06-07,153.0,1.0,25.4,01638480
2005-06-08,54.6,0.0,26.2,01638480
2005-06-09,45.3,0.0,26.0,01638480
2005-06-10,99.8,3.3,25.8,01638480
2005-06-11,53.0,0.3,26.0,01638480
2005-06-12,44.8,0.0,26.1,01638480
2005-06-13,41.1,2.8,26.9,01638480
2005-06-14,46.2,0.0,28.1,01638480
2005-06-15,39.4,0.0,26.9,01638480
2005-06-16,34.7,0.2,24.1,01638480
2005-06-17,31.5,0.1,20.3,01638480
2005-06-18,30.3,0.0,20.5,01638480
2005-06-19,28.8,0.0,20.5,01638480
2005-06-20,29.0,0.2,20.2,01638480
2005-06-21,28.8,0.0,21.2,01638480
2005-06-22,29.7,3.1,22.9,01638480
2005-06-23,31.0,0.1,22.7,01638480
2005-06-24,28.2,0.0,24.8,01638480
2005-06-25,25.9,0.0,26.8,01638480
2005-06-26,24.5,0.0,27.5,01638480
2005-06-27,23.6,0.5,25.8,01638480
2005-06-28,23.4,3.4,26.8,01638480
2005-06-29,28.0,4.3,25.8,01638480
2005-06-30,94.8,2.1,26.4,01638480
2005-07-01,31.7,0.1,27.9,01638480
2005-07-02,26.1,0.0,26.9,01638480
2005-07-03,23.8,0.1,25.1,01638480
2005-07-04,22.4,0.0,25.7,01638480
2005-07-05,23.9,5.4,26.6,01638480
2005-07-06,76.5,5.5,24.9,01638480
2005-07-07,36.4,3.0,24.5,01638480
2005-07-08,1640.0,73.1,21.6,01638480
2005-07-09,323.0,0.0,23.6,01638480
2005-07-10,265.0,0.0,24.9,01638480
2005-07-11,120.0,0.0,25.6,01638480
2005-07-12,90.0,0.2,27.2,01638480
2005-07-13,70.0,0.8,25.9,01638480
2005-07-14,53.0,18.3,24.9,01638480
2005-07-15,90.0,24.8,24.1,01638480
2005-07-16,60.9,5.8,25.3,01638480
2005-07-17,54.1,6.7,26.0,01638480
2005-07-18,49.3,0.9,26.9,01638480
2005-07-19,43.8,1.4,27.4,01638480
2005-07-20,36.4,0.0,27.5,01638480
2005-07-21,31.7,1.2,26.9,01638480
2005-07-22,33.1,1.3,26.9,01638480
2005-07-23,32.3,0.0,26.7,01638480
2005-07-24,28.2,0.0,24.4,01638480
2005-07-25,30.0,3.5,26.8,01638480
2005-07-26,34.9,0.0,29.3,01638480
2005-07-27,28.3,0.4,29.8,01638480
2005-07-28,31.9,0.9,25.2,01638480
2005-07-29,28.1,2.1,23.4,01638480
2005-07-30,26.1,0.0,24.8,01638480
2005-07-31,24.8,0.0,24.8,01638480
2005-08-01,22.7,0.0,25.7,01638480
2005-08-02,21.3,0.4,27.7,01638480
2005-08-03,19.7,2.4,28.2,01638480
2005-08-04,18.1,0.0,29.2,01638480
2005-08-05,17.5,1.1,28.9,01638480
2005-08-06,16.1,0.2,26.7,01638480
2005-08-07,16.1,0.5,26.7,01638480
2005-08-08,13.9,1.9,25.7,01638480
2005-08-09,25.9,12.4,22.8,01638480
2005-08-10,25.9,0.0,24.4,01638480
2005-08-11,17.7,0.0,27.2,01638480
2005-08-12,14.2,0.5,28.7,01638480
2005-08-13,12.6,0.0,29.6,01638480
2005-08-14,11.3,0.0,29.7,01638480
2005-08-15,9.97,0.0,28.2,01638480
2005-08-16,8.94,10.6,24.9,01638480
2005-08-17,8.48,0.4,24.2,01638480
2005-08-18,8.48,0.0,25.4,01638480
2005-08-19,8.91,6.9,22.9,01638480
2005-08-20,11.6,0.0,26.2,01638480
2005-08-21,11.1,0.0,28.4,01638480
2005-08-22,8.6,0.0,25.5,01638480
2005-08-23,6.68,0.0,23.2,01638480
2005-08-24,6.01,0.0,23.7,01638480
2005-08-25,5.64,0.0,23.1,01638480
2005-08-26,5.25,0.0,23.0,01638480
2005-08-27,6.29,12.3,20.3,01638480
2005-08-28,9.67,3.5,23.6,01638480
2005-08-29,11.0,0.0,25.2,01638480
2005-08-30,8.79,2.0,25.2,01638480
2005-08-31,18.8,0.2,26.4,01638480
2005-09-01,19.4,0.0,23.7,01638480
2005-09-02,9.94,0.0,24.2,01638480
2005-09-03,7.02,0.0,23.2,01638480
2005-09-04,6.77,0.0,22.4,01638480
2005-09-05,5.97,0.0,22.3,01638480
2005-09-06,5.37,0.0,22.3,01638480
2005-09-07,5.22,0.0,21.7,01638480
2005-09-08,5.0,0.0,22.2,01638480
2005-09-09,4.85,0.9,22.9,01638480
2005-09-10,4.76,0.2,23.1,01638480
2005-09-11,4.65,0.0,22.6,01638480
2005-09-12,4.46,0.0,23.4,01638480
2005-09-13,4.41,0.0,24.7,01638480
2005-09-14,4.5,0.1,25.0,01638480
2005-09-15,4.5,0.1,25.8,01638480
2005-09-16,3.91,1.9,26.3,01638480
2005-09-17,3.57,3.9,24.6,01638480
2005-09-18,3.55,0.0,23.7,01638480
2005-09-19,3.32,0.0,23.8,01638480
2005-09-20,3.13,0.0,24.3,01638480
2005-09-21,2.79,0.0,23.5,01638480
2005-09-22,2.29,0.0,23.6,01638480
2005-09-23,2.15,0.2,25.5,01638480
2005-09-24,2.06,0.5,21.6,01638480
2005-09-25,2.06,0.0,22.0,01638480
2005-09-26,2.06,5.8,22.6,01638480
2005-09-27,2.23,0.2,20.9,01638480
2005-09-28,2.46,0.0,19.2,01638480
2005-09-29,2.03,0.6,19.3,01638480
2005-09-30,1.75,0.0,15.5,01638480
2005-10-01,1.96,0.0,17.3,01638480
2005-10-02,1.94,0.0,19.9,01638480
2005-10-03,2.06,0.0,20.0,01638480
2005-10-04,2.06,0.0,20.1,01638480
2005-10-05,2.47,0.0,22.3,01638480
2005-10-06,2.89,0.7,21.5,01638480
2005-10-07,143.0,51.7,21.2,01638480
2005-10-08,420.0,47.1,18.5,01638480
2005-10-09,200.0,0.1,15.2,01638480
2005-10-10,80.0,0.0,16.8,01638480
2005-10-11,52.0,1.3,16.8,01638480
2005-10-12,38.0,0.0,16.6,01638480
2005-10-13,33.2,0.6,14.2,01638480
2005-10-14,32.6,3.9,15.5,01638480
2005-10-15,31.5,0.0,18.0,01638480
2005-10-16,27.1,0.0,14.8,01638480
2005-10-17,22.4,0.0,13.5,01638480
2005-10-18,21.1,0.1,15.8,01638480
2005-10-19,19.7,0.0,16.5,01638480
2005-10-20,19.3,1.7,14.6,01638480
2005-10-21,20.5,10.0,10.7,01638480
2005-10-22,47.7,16.2,11.0,01638480
2005-10-23,60.6,0.8,11.1,01638480
2005-10-24,42.2,2.7,10.8,01638480
2005-10-25,343.0,34.0,5.9,01638480
2005-10-26,301.0,2.6,7.5,01638480
2005-10-27,142.0,0.0,7.5,01638480
2005-10-28,95.9,0.6,7.3,01638480
2005-10-29,75.0,0.0,6.2,01638480
2005-10-30,63.2,0.0,9.9,01638480
2005-10-31,54.2,0.0,10.9,01638480
2005-11-01,48.4,0.0,12.4,01638480
2005-11-02,44.9,1.5,11.3,01638480
2005-11-03,42.1,0.0,11.1,01638480
2005-11-04,39.4,0.0,13.3,01638480
2005-11-05,37.3,0.0,15.6,01638480
2005-11-06,35.0,1.3,16.4,01638480
2005-11-07,32.3,0.2,13.5,01638480
2005-11-08,31.7,2.0,11.9,01638480
2005-11-09,32.6,1.7,14.2,01638480
2005-11-10,32.7,0.0,13.2,01638480
2005-11-11,31.3,0.0,7.1,01638480
2005-11-12,31.4,0.0,7.8,01638480
2005-11-13,29.2,0.0,10.7,01638480
2005-11-14,27.9,0.6,14.3,01638480
2005-11-15,27.9,2.1,14.7,01638480
2005-11-16,34.0,8.2,17.2,01638480
2005-11-17,73.4,3.1,4.8,01638480
2005-11-18,44.5,0.0,0.5,01638480
2005-11-19,33.5,0.0,2.2,01638480
2005-11-20,30.3,0.0,5.5,01638480
2005-11-21,31.2,3.1,6.3,01638480
2005-11-22,261.0,11.9,5.9,01638480
2005-11-23,144.0,0.0,1.7,01638480
2005-11-24,86.7,1.7,3.1,01638480
2005-11-25,65.7,0.0,-3.0,01638480
2005-11-26,54.7,0.0,-0.1,01638480
2005-11-27,50.7,0.0,2.6,01638480
2005-11-28,51.3,2.8,10.1,01638480
2005-11-29,332.0,12.2,16.2,01638480
2005-11-30,1060.0,24.4,8.6,01638480
2005-12-01,250.0,0.0,3.3,01638480
2005-12-02,147.0,0.1,1.7,01638480
2005-12-03,105.0,0.0,-1.0,01638480
2005-12-04,100.0,4.3,2.0,01638480
2005-12-05,89.5,1.5,0.6,01638480
2005-12-06,78.0,2.3,0.2,01638480
2005-12-07,69.5,0.0,-1.6,01638480
2005-12-08,60.2,0.0,-2.2,01638480
2005-12-09,65.3,15.8,-1.8,01638480
2005-12-10,61.4,0.0,-1.5,01638480
2005-12-11,57.8,0.0,-0.3,01638480
2005-12-12,55.5,0.0,-0.7,01638480
2005-12-13,53.7,0.0,-4.2,01638480
2005-12-14,49.0,0.0,-5.0,01638480
2005-12-15,52.1,8.7,-3.2,01638480
2005-12-16,173.0,11.4,2.8,01638480
2005-12-17,175.0,0.0,0.9,01638480
2005-12-18,133.0,0.0,1.3,01638480
2005-12-19,119.0,0.0,-0.8,01638480
2005-12-20,99.0,0.0,-3.3,01638480
2005-12-21,85.5,0.0,-2.1,01638480
2005-12-22,78.3,0.0,-0.8,01638480
2005-12-23,74.5,0.0,1.7,01638480
2005-12-24,78.7,0.0,4.3,01638480
2005-12-25,97.4,7.5,2.7,01638480
2005-12-26,164.0,0.5,3.2,01638480
2005-12-27,120.0,0.0,3.3,01638480
2005-12-28,101.0,0.4,3.8,01638480
2005-12-29,96.9,3.6,7.5,01638480
2005-12-30,90.9,0.0,5.1,01638480
2005-12-31,80.2,0.3,3.7,01638480
2006-01-01,75.2,0.0,4.6,01638480
2006-01-02,161.0,12.6,3.0,01638480
2006-01-03,535.0,12.9,4.8,01638480
2006-01-04,275.0,0.0,4.0,01638480
2006-01-05,196.0,0.0,6.2,01638480
2006-01-06,156.0,0.0,2.9,01638480
2006-01-07,129.0,0.0,-0.2,01638480
2006-01-08,114.0,0.0,2.6,01638480
2006-01-09,103.0,0.0,8.9,01638480
2006-01-10,91.1,0.0,6.2,01638480
2006-01-11,90.3,6.9,7.0,01638480
2006-01-12,111.0,0.0,8.8,01638480
2006-01-13,91.1,0.0,8.5,01638480
2006-01-14,143.0,12.0,10.0,01638480
2006-01-15,157.0,0.0,0.2,01638480
2006-01-16,111.0,0.0,1.0,01638480
2006-01-17,99.2,0.2,1.7,01638480
2006-01-18,401.0,20.6,8.3,01638480
2006-01-19,282.0,0.0,3.1,01638480
2006-01-20,180.0,0.0,8.1,01638480
2006-01-21,150.0,0.3,9.0,01638480
2006-01-22,127.0,0.0,3.0,01638480
2006-01-23,156.0,18.8,2.7,01638480
2006-01-24,145.0,0.0,4.0,01638480
2006-01-25,125.0,0.1,3.7,01638480
2006-01-26,105.0,0.0,0.3,01638480
2006-01-27,92.0,0.0,0.5,01638480
2006-01-28,88.1,0.0,4.3,01638480
2006-01-29,93.2,3.4,7.1,01638480
2006-01-30,88.7,0.0,9.9,01638480
2006-01-31,84.8,7.4,6.9,01638480
2006-02-01,79.1,0.0,3.9,01638480
2006-02-02,72.6,0.0,5.1,01638480
2006-02-03,188.0,5.2,10.1,01638480
2006-02-04,195.0,3.6,8.4,01638480
2006-02-05,374.0,4.1,5.3,01638480
2006-02-06,183.0,0.0,1.7,01638480
2006-02-07,141.0,0.0,1.1,01638480
2006-02-08,122.0,0.0,-0.1,01638480
2006-02-09,111.0,0.0,-0.9,01638480
2006-02-10,99.9,0.0,-0.3,01638480
2006-02-11,97.2,4.7,0.8,01638480
2006-02-12,116.0,16.3,-0.1,01638480
2006-02-13,100.0,0.0,-4.2,01638480
2006-02-14,91.0,0.0,-0.5,01638480
2006-02-15,86.8,0.0,4.3,01638480
2006-02-16,123.0,0.0,8.6,01638480
2006-02-17,225.0,0.6,10.3,01638480
2006-02-18,146.0,0.0,1.1,01638480
2006-02-19,112.0,0.0,-5.5,01638480
2006-02-20,106.0,0.0,-1.1,01638480
2006-02-21,100.0,0.0,1.1,01638480
2006-02-22,96.8,0.1,1.6,01638480
2006-02-23,96.2,0.1,4.2,01638480
2006-02-24,87.1,0.1,2.4,01638480
2006-02-25,78.2,0.0,3.2,01638480
2006-02-26,73.3,0.0,-0.3,01638480
2006-02-27,68.1,0.0,-1.5,01638480
2006-02-28,67.9,0.3,1.0,01638480
2006-03-01,67.3,0.0,3.2,01638480
2006-03-02,66.2,3.6,3.7,01638480
2006-03-03,64.0,0.0,2.4,01638480
2006-03-04,57.4,0.0,1.4,01638480
2006-03-05,54.9,0.0,3.2,01638480
2006-03-06,54.5,0.0,3.7,01638480
2006-03-07,53.6,0.0,3.7,01638480
2006-03-08,51.1,0.0,3.8,01638480
2006-03-09,50.2,0.0,10.4,01638480
2006-03-10,50.2,1.1,17.2,01638480
2006-03-11,48.7,0.0,13.3,01638480
2006-03-12,47.7,4.2,14.6,01638480
2006-03-13,47.6,0.3,16.9,01638480
2006-03-14,47.5,1.5,14.3,01638480
2006-03-15,44.2,0.0,5.8,01638480
2006-03-16,42.0,0.0,6.2,01638480
2006-03-17,41.5,0.3,6.3,01638480
2006-03-18,41.1,0.0,3.2,01638480
2006-03-19,40.3,0.0,3.4,01638480
2006-03-20,39.4,0.0,4.0,01638480
2006-03-21,38.1,0.3,1.6,01638480
2006-03-22,38.2,0.1,2.7,01638480
2006-03-23,37.6,0.0,3.7,01638480
2006-03-24,37.0,0.0,5.0,01638480
2006-03-25,37.0,0.0,5.3,01638480
2006-03-26,36.5,0.0,4.8,01638480
2006-03-27,35.3,0.0,6.5,01638480
2006-03-28,34.8,0.3,8.8,01638480
2006-03-29,34.8,0.4,10.4,01638480
2006-03-30,33.8,0.0,11.7,01638480
2006-03-31,32.3,0.0,15.1,01638480
2006-04-01,32.5,2.1,17.4,01638480
2006-04-02,33.0,0.0,13.6,01638480
2006-04-03,35.8,9.3,14.4,01638480
2006-04-04,50.6,0.2,9.8,01638480
2006-04-05,39.5,0.2,7.1,01638480
2006-04-06,34.2,0.0,9.7,01638480
2006-04-07,34.3,4.1,13.9,01638480
2006-04-08,48.1,18.2,11.0,01638480
2006-04-09,64.9,0.0,6.3,01638480
2006-04-10,44.0,0.0,9.8,01638480
2006-04-11,36.7,0.0,13.2,01638480
2006-04-12,33.7,0.0,15.6,01638480
2006-04-13,33.3,0.8,18.4,01638480
2006-04-14,35.5,2.8,17.0,01638480
2006-04-15,34.1,1.4,19.8,01638480
2006-04-16,31.9,0.0,16.0,01638480
2006-04-17,32.0,5.0,12.7,01638480
2006-04-18,36.1,0.0,13.3,01638480
2006-04-19,31.7,0.0,15.5,01638480
2006-04-20,28.8,0.0,17.8,01638480
2006-04-21,28.6,1.9,17.9,01638480
2006-04-22,44.8,31.1,13.1,01638480
2006-04-23,100.0,4.1,14.5,01638480
2006-04-24,61.7,0.0,16.0,01638480
2006-04-25,45.9,0.0,16.4,01638480
2006-04-26,41.2,5.3,11.1,01638480
2006-04-27,36.9,0.0,13.2,01638480
2006-04-28,33.5,0.0,13.5,01638480
2006-04-29,30.3,0.0,12.4,01638480
2006-04-30,28.1,0.0,13.0,01638480
2006-05-01,28.2,0.0,14.1,01638480
2006-05-02,26.6,0.0,16.6,01638480
2006-05-03,26.1,0.0,18.2,01638480
2006-05-04,25.5,0.0,19.6,01638480
2006-05-05,24.0,0.0,21.2,01638480
2006-05-06,23.0,0.0,18.8,01638480
2006-05-07,21.5,0.0,14.0,01638480
2006-05-08,21.5,5.0,10.8,01638480
2006-05-09,23.1,0.0,14.1,01638480
2006-05-10,22.6,0.0,17.3,01638480
2006-05-11,24.9,9.4,17.7,01638480
2006-05-12,79.5,23.4,15.0,01638480
2006-05-13,43.9,0.2,16.2,01638480
2006-05-14,31.9,2.8,16.0,01638480
2006-05-15,30.3,6.7,13.4,01638480
2006-05-16,42.6,0.4,13.7,01638480
2006-05-17,34.9,4.8,14.6,01638480
2006-05-18,30.1,0.8,15.6,01638480
2006-05-19,27.4,2.9,12.8,01638480
2006-05-20,25.2,0.7,14.7,01638480
2006-05-21,23.2,0.0,15.1,01638480
2006-05-22,21.3,0.0,13.4,01638480
2006-05-23,20.0,0.0,12.7,01638480
2006-05-24,18.5,0.0,15.6,01638480
2006-05-25,18.5,0.0,17.9,01638480
2006-05-26,18.5,7.6,20.8,01638480
2006-05-27,19.0,0.7,21.2,01638480
2006-05-28,18.2,0.0,23.1,01638480
2006-05-29,17.1,0.0,25.1,01638480
2006-05-30,16.0,0.6,26.9,01638480
2006-05-31,14.4,2.3,26.2,01638480
2006-06-01,19.4,0.1,26.7,01638480
2006-06-02,24.6,1.4,23.7,01638480
2006-06-03,27.3,2.2,21.1,01638480
2006-06-04,21.8,1.1,18.9,01638480
2006-06-05,16.5,0.0,18.5,01638480
2006-06-06,14.6,0.0,19.9,01638480
2006-06-07,14.1,0.0,21.4,01638480
2006-06-08,13.6,0.0,22.4,01638480
2006-06-09,16.2,3.1,21.9,01638480
2006-06-10,17.1,0.0,18.8,01638480
2006-06-11,14.0,0.0,17.6,01638480
2006-06-12,12.9,0.2,19.6,01638480
2006-06-13,14.6,0.0,20.9,01638480
2006-06-14,12.9,0.0,21.6,01638480
2006-06-15,12.5,0.0,21.9,01638480
2006-06-16,11.4,0.0,23.0,01638480
2006-06-17,10.1,0.0,25.6,01638480
2006-06-18,9.03,0.0,28.1,01638480
2006-06-19,8.37,2.0,27.8,01638480
2006-06-20,7.76,0.3,25.7,01638480
2006-06-21,8.46,0.0,26.0,01638480
2006-06-22,7.48,1.2,28.3,01638480
2006-06-23,6.84,4.5,26.2,01638480
2006-06-24,15.5,9.6,24.8,01638480
2006-06-25,35.8,34.6,22.1,01638480
2006-06-26,322.0,23.3,22.5,01638480
2006-06-27,357.0,28.0,22.3,01638480
2006-06-28,1050.0,10.8,23.9,01638480
2006-06-29,428.0,0.2,23.8,01638480
2006-06-30,196.0,0.0,22.0,01638480
2006-07-01,97.2,0.0,23.6,01638480
2006-07-02,67.9,0.0,26.1,01638480
2006-07-03,54.1,0.0,26.7,01638480
2006-07-04,45.4,0.0,27.3,01638480
2006-07-05,52.4,15.3,24.0,01638480
2006-07-06,214.0,12.3,21.6,01638480
2006-07-07,125.0,0.0,20.7,01638480
2006-07-08,83.5,0.0,21.9,01638480
2006-07-09,63.3,0.0,22.9,01638480
2006-07-10,49.7,0.0,23.8,01638480
2006-07-11,42.4,0.0,26.4,01638480
2006-07-12,37.1,0.0,26.9,01638480
2006-07-13,35.5,11.3,24.9,01638480
2006-07-14,34.9,4.1,25.0,01638480
2006-07-15,33.0,5.1,25.6,01638480
2006-07-16,30.8,0.0,27.1,01638480
2006-07-17,26.3,0.0,29.3,01638480
2006-07-18,23.5,1.0,29.2,01638480
2006-07-19,20.7,0.6,26.9,01638480
2006-07-20,18.8,5.2,26.4,01638480
2006-07-21,18.4,2.2,27.5,01638480
2006-07-22,17.4,1.8,26.3,01638480
2006-07-23,16.0,0.5,23.9,01638480
2006-07-24,15.1,0.0,24.1,01638480
2006-07-25,13.8,1.6,24.9,01638480
2006-07-26,13.0,0.3,25.9,01638480
2006-07-27,15.2,0.2,27.7,01638480
2006-07-28,25.1,1.1,27.6,01638480
2006-07-29,20.5,0.0,27.6,01638480
2006-07-30,15.6,0.3,28.3,01638480
2006-07-31,11.5,0.0,29.2,01638480
2006-08-01,9.65,0.0,30.5,01638480
2006-08-02,8.59,0.0,31.5,01638480
2006-08-03,7.5,0.0,31.9,01638480
2006-08-04,6.68,0.0,30.2,01638480
2006-08-05,5.8,0.0,27.8,01638480
2006-08-06,5.03,0.0,27.4,01638480
2006-08-07,4.76,3.8,27.6,01638480
2006-08-08,5.39,0.0,28.0,01638480
2006-08-09,4.67,0.0,25.3,01638480
2006-08-10,4.39,6.3,24.5,01638480
2006-08-11,4.3,0.0,24.5,01638480
2006-08-12,4.15,0.0,22.7,01638480
2006-08-13,3.56,0.0,23.0,01638480
2006-08-14,3.22,0.0,25.2,01638480
2006-08-15,3.54,0.0,27.2,01638480
2006-08-16,3.43,0.0,26.3,01638480
2006-08-17,3.08,0.0,25.9,01638480
2006-08-18,2.89,0.0,25.6,01638480
2006-08-19,2.6,0.0,26.5,01638480
2006-08-20,2.5,1.5,27.7,01638480
2006-08-21,2.42,0.0,25.2,01638480
2006-08-22,2.2,0.0,25.5,01638480
2006-08-23,2.01,0.0,25.8,01638480
2006-08-24,1.86,0.0,26.3,01638480
2006-08-25,1.82,0.0,27.5,01638480
2006-08-26,1.75,2.4,28.1,01638480
2006-08-27,2.47,2.5,26.2,01638480
2006-08-28,3.03,5.1,26.3,01638480
2006-08-29,3.1,1.3,26.9,01638480
2006-08-30,3.24,0.0,24.8,01638480
2006-08-31,3.29,0.0,22.4,01638480
2006-09-01,4.61,27.7,17.7,01638480
2006-09-02,104.0,51.6,14.7,01638480
2006-09-03,50.1,0.0,18.0,01638480
2006-09-04,21.4,0.0,20.4,01638480
2006-09-05,126.0,52.7,18.7,01638480
2006-09-06,110.0,0.7,19.8,01638480
2006-09-07,41.8,0.0,20.3,01638480
2006-09-08,25.6,1.3,21.5,01638480
2006-09-09,18.3,0.0,21.7,01638480
2006-09-10,14.7,0.7,21.5,01638480
2006-09-11,14.5,3.4,18.7,01638480
2006-09-12,19.5,0.0,17.7,01638480
2006-09-13,15.2,4.0,17.0,01638480
2006-09-14,30.9,22.8,16.5,01638480
2006-09-15,47.0,0.3,18.2,01638480
2006-09-16,28.6,1.9,19.3,01638480
2006-09-17,21.7,0.0,20.4,01638480
2006-09-18,17.7,0.0,21.9,01638480
2006-09-19,15.4,2.5,21.2,01638480
2006-09-20,13.2,0.0,16.9,01638480
2006-09-21,11.4,0.0,14.4,01638480
2006-09-22,9.35,0.4,15.4,01638480
2006-09-23,9.34,7.7,20.1,01638480
2006-09-24,9.79,8.6,22.3,01638480
2006-09-25,11.0,0.0,19.0,01638480
2006-09-26,10.8,0.0,17.4,01638480
2006-09-27,8.76,0.0,18.2,01638480
2006-09-28,8.58,5.3,18.1,01638480
2006-09-29,17.7,0.9,14.0,01638480
2006-09-30,16.7,0.5,13.3,01638480
2006-10-01,13.0,2.6,16.2,01638480
2006-10-02,11.8,0.0,16.2,01638480
2006-10-03,10.2,0.0,19.9,01638480
2006-10-04,9.28,0.0,21.8,01638480
2006-10-05,8.33,1.1,18.9,01638480
2006-10-06,44.3,40.4,12.1,01638480
2006-10-07,74.3,2.5,12.3,01638480
2006-10-08,53.3,0.0,15.6,01638480
2006-10-09,34.2,0.0,16.9,01638480
2006-10-10,25.7,0.0,18.8,01638480
2006-10-11,22.5,0.0,18.2,01638480
2006-10-12,22.7,0.0,16.5,01638480
2006-10-13,22.9,0.0,8.5,01638480
2006-10-14,20.3,0.0,8.5,01638480
2006-10-15,20.0,0.0,9.0,01638480
2006-10-16,19.9,0.0,10.1,01638480
2006-10-17,29.4,12.9,12.6,01638480
2006-10-18,78.2,0.4,17.2,01638480
2006-10-19,39.4,0.0,17.4,01638480
2006-10-20,33.8,3.2,16.5,01638480
2006-10-21,37.3,0.0,10.8,01638480
2006-10-22,30.8,1.1,10.8,01638480
2006-10-23,27.7,0.3,8.4,01638480
2006-10-24,26.9,0.0,5.6,01638480
2006-10-25,23.7,0.0,6.5,01638480
2006-10-26,21.4,0.0,6.5,01638480
2006-10-27,21.9,5.9,7.6,01638480
2006-10-28,143.0,28.1,10.9,01638480
2006-10-29,102.0,0.0,8.9,01638480
2006-10-30,66.6,0.0,10.2,01638480
2006-10-31,49.6,0.0,14.4,01638480
2006-11-01,37.5,0.3,15.5,01638480
2006-11-02,44.7,7.7,10.3,01638480
2006-11-03,46.7,0.0,4.1,01638480
2006-11-04,36.0,0.0,2.5,01638480
2006-11-05,31.9,0.0,4.1,01638480
2006-11-06,30.1,0.0,6.0,01638480
2006-11-07,29.2,2.6,7.5,01638480
2006-11-08,284.0,31.8,12.3,01638480
2006-11-09,225.0,0.0,14.4,01638480
2006-11-10,99.6,0.0,14.6,01638480
2006-11-11,72.8,0.0,16.1,01638480
2006-11-12,246.0,23.1,10.6,01638480
2006-11-13,336.0,2.5,9.9,01638480
2006-11-14,178.0,0.0,12.3,01638480
2006-11-15,126.0,0.0,12.6,01638480
2006-11-16,348.0,19.3,16.0,01638480
2006-11-17,404.0,0.1,11.9,01638480
2006-11-18,198.0,0.0,6.7,01638480
2006-11-19,150.0,0.0,5.6,01638480
2006-11-20,124.0,0.0,4.6,01638480
2006-11-21,105.0,0.0,3.5,01638480
2006-11-22,102.0,3.5,4.2,01638480
2006-11-23,622.0,15.4,4.4,01638480
2006-11-24,358.0,0.0,8.3,01638480
2006-11-25,232.0,0.0,7.3,01638480
2006-11-26,184.0,0.0,8.1,01638480
2006-11-27,152.0,0.0,9.3,01638480
2006-11-28,120.0,0.0,10.3,01638480
2006-11-29,97.0,0.0,11.6,01638480
2006-11-30,90.7,0.4,15.1,01638480
2006-12-01,85.6,1.0,18.8,01638480
2006-12-02,77.4,0.0,6.2,01638480
2006-12-03,67.7,0.0,3.9,01638480
2006-12-04,63.4,0.0,1.4,01638480
2006-12-05,60.4,0.0,0.2,01638480
2006-12-06,56.6,0.0,1.6,01638480
2006-12-07,56.7,0.0,3.7,01638480
2006-12-08,51.8,0.0,-2.5,01638480
2006-12-09,47.9,0.0,-1.6,01638480
2006-12-10,47.9,0.0,2.3,01638480
2006-12-11,48.0,0.0,5.7,01638480
2006-12-12,46.9,0.0,6.5,01638480
2006-12-13,46.7,2.4,8.4,01638480
2006-12-14,48.6,0.0,8.3,01638480
2006-12-15,45.6,0.0,9.3,01638480
2006-12-16,43.9,0.0,7.4,01638480
2006-12-17,42.2,0.0,8.1,01638480
2006-12-18,40.3,0.0,12.2,01638480
2006-12-19,39.6,0.0,7.1,01638480
2006-12-20,38.5,0.0,3.6,01638480
2006-12-21,38.1,0.0,5.4,01638480
2006-12-22,42.4,7.8,7.4,01638480
2006-12-23,210.0,8.6,11.0,01638480
2006-12-24,102.0,0.0,7.2,01638480
2006-12-25,82.7,10.3,4.0,01638480
2006-12-26,187.0,1.5,8.1,01638480
2006-12-27,114.0,0.0,4.6,01638480
2006-12-28,85.2,0.0,3.7,01638480
2006-12-29,74.9,0.0,4.6,01638480
2006-12-30,68.0,0.0,5.4,01638480
2006-12-31,63.8,0.1,4.8,01638480
2007-01-01,233.0,22.4,9.3,01638480
2007-01-02,139.0,0.0,6.6,01638480
2007-01-03,97.2,0.0,4.3,01638480
2007-01-04,85.2,0.0,5.8,01638480
2007-01-05,85.8,6.0,13.2,01638480
2007-01-06,104.0,3.2,16.9,01638480
2007-01-07,93.8,1.9,10.0,01638480
2007-01-08,464.0,12.7,8.6,01638480
2007-01-09,253.0,0.1,3.0,01638480
2007-01-10,169.0,0.0,0.8,01638480
2007-01-11,132.0,0.0,-0.1,01638480
2007-01-12,119.0,0.0,4.1,01638480
2007-01-13,110.0,2.7,10.1,01638480
2007-01-14,103.0,4.9,12.3,01638480
2007-01-15,96.4,1.0,13.7,01638480
2007-01-16,85.7,0.1,8.8,01638480
2007-01-17,73.5,0.0,-0.8,01638480
2007-01-18,67.9,0.0,-1.2,01638480
2007-01-19,67.5,0.0,1.5,01638480
2007-01-20,63.1,0.0,-0.2,01638480
2007-01-21,57.7,4.7,-2.2,01638480
2007-01-22,60.1,2.0,-0.7,01638480
2007-01-23,61.3,0.0,0.8,01638480
2007-01-24,52.0,0.3,1.0,01638480
2007-01-25,44.0,0.4,0.1,01638480
2007-01-26,40.0,0.0,-4.9,01638480
2007-01-27,41.0,0.0,1.7,01638480
2007-01-28,44.0,0.0,2.7,01638480
2007-01-29,43.0,0.0,-3.1,01638480
2007-01-30,40.0,0.5,-2.0,01638480
2007-01-31,42.0,0.0,-3.2,01638480
2007-02-01,40.0,0.0,-1.0,01638480
2007-02-02,41.0,0.9,0.6,01638480
2007-02-03,40.0,0.0,-1.2,01638480
2007-02-04,36.0,0.0,-3.1,01638480
2007-02-05,34.0,0.0,-9.1,01638480
2007-02-06,30.0,0.0,-9.5,01638480
2007-02-07,35.0,2.5,-5.9,01638480
2007-02-08,31.0,0.0,-7.0,01638480
2007-02-09,29.0,0.0,-5.9,01638480
2007-02-10,26.0,0.0,-4.3,01638480
2007-02-11,24.0,0.0,-3.9,01638480
2007-02-12,22.0,0.0,-0.6,01638480
2007-02-13,26.0,6.8,-0.1,01638480
2007-02-14,49.7,33.0,-2.5,01638480
2007-02-15,57.3,0.0,-9.2,01638480
2007-02-16,45.4,0.0,-10.0,01638480
2007-02-17,39.5,0.0,-7.5,01638480
2007-02-18,38.6,0.0,-3.6,01638480
2007-02-19,35.0,0.0,-6.6,01638480
2007-02-20,36.7,0.4,3.5,01638480
2007-02-21,229.0,1.3,4.8,01638480
2007-02-22,525.0,0.8,4.8,01638480
2007-02-23,356.0,0.0,-0.2,01638480
2007-02-24,142.0,0.0,-1.6,01638480
2007-02-25,121.0,14.2,0.2,01638480
2007-02-26,118.0,7.2,2.6,01638480
2007-02-27,336.0,0.0,3.2,01638480
2007-02-28,371.0,0.0,2.0,01638480
2007-03-01,239.0,0.9,3.4,01638480
2007-03-02,724.0,18.2,10.5,01638480
2007-03-03,372.0,0.0,5.8,01638480
2007-03-04,231.0,0.0,1.8,01638480
2007-03-05,171.0,0.0,1.9,01638480
2007-03-06,128.0,0.0,-3.2,01638480
2007-03-07,109.0,4.8,-2.2,01638480
2007-03-08,102.0,0.0,-1.2,01638480
2007-03-09,94.3,0.0,0.7,01638480
2007-03-10,85.7,3.4,6.1,01638480
2007-03-11,89.6,4.4,7.9,01638480
2007-03-12,85.9,0.0,5.9,01638480
2007-03-13,74.1,0.0,11.0,01638480
2007-03-14,68.3,1.7,15.4,01638480
2007-03-15,67.6,2.6,12.6,01638480
2007-03-16,573.0,40.7,1.9,01638480
2007-03-17,553.0,1.9,-1.2,01638480
2007-03-18,362.0,0.0,-0.6,01638480
2007-03-19,311.0,2.0,1.6,01638480
2007-03-20,276.0,0.0,9.4,01638480
2007-03-21,221.0,0.0,4.5,01638480
2007-03-22,193.0,1.2,11.3,01638480
2007-03-23,176.0,6.0,15.5,01638480
2007-03-24,194.0,4.6,12.0,01638480
2007-03-25,187.0,1.8,12.0,01638480
2007-03-26,152.0,0.0,11.1,01638480
2007-03-27,138.0,0.0,18.7,01638480
2007-03-28,129.0,0.1,17.0,01638480
2007-03-29,111.0,0.0,10.3,01638480
2007-03-30,103.0,0.0,9.3,01638480
2007-03-31,94.9,0.0,11.2,01638480
2007-04-01,90.1,1.3,11.8,01638480
2007-04-02,93.5,3.0,16.0,01638480
2007-04-03,88.2,0.0,17.1,01638480
2007-04-04,82.4,3.0,12.8,01638480
2007-04-05,76.8,0.0,4.9,01638480
2007-04-06,71.9,0.0,3.3,01638480
2007-04-07,69.9,0.7,2.7,01638480
2007-04-08,66.9,0.0,1.8,01638480
2007-04-09,64.3,0.0,3.1,01638480
2007-04-10,62.6,0.0,4.8,01638480
2007-04-11,61.3,0.0,5.4,01638480
2007-04-12,103.0,12.8,9.6,01638480
2007-04-13,97.2,0.0,8.4,01638480
2007-04-14,73.6,2.7,7.1,01638480
2007-04-15,400.0,49.1,7.4,01638480
2007-04-16,385.0,1.9,5.9,01638480
2007-04-17,222.0,0.5,7.5,01638480
2007-04-18,155.0,0.0,7.8,01638480
2007-04-19,134.0,0.5,9.6,01638480
2007-04-20,117.0,0.0,12.3,01638480
2007-04-21,102.0,0.0,14.1,01638480
2007-04-22,92.3,0.0,16.6,01638480
2007-04-23,86.4,0.0,19.2,01638480
2007-04-24,79.4,0.2,20.2,01638480
2007-04-25,75.8,1.9,17.2,01638480
2007-04-26,72.9,3.5,12.9,01638480
2007-04-27,562.0,7.3,13.9,01638480
2007-04-28,280.0,1.5,15.2,01638480
2007-04-29,192.0,0.0,15.3,01638480
2007-04-30,143.0,0.0,18.4,01638480
2007-05-01,117.0,0.0,18.3,01638480
2007-05-02,103.0,0.0,20.4,01638480
2007-05-03,91.1,0.0,15.9,01638480
2007-05-04,84.2,0.0,14.9,01638480
2007-05-05,80.8,0.7,14.7,01638480
2007-05-06,76.3,0.0,13.2,01638480
2007-05-07,68.9,0.0,12.8,01638480
2007-05-08,65.3,0.0,15.1,01638480
2007-05-09,63.0,0.2,19.6,01638480
2007-05-10,61.3,0.0,21.9,01638480
2007-05-11,65.2,0.0,23.0,01638480
2007-05-12,59.0,1.4,21.7,01638480
2007-05-13,61.3,4.1,16.7,01638480
2007-05-14,54.4,0.0,15.7,01638480
2007-05-15,48.7,0.0,21.1,01638480
2007-05-16,46.2,8.9,22.2,01638480
2007-05-17,48.4,0.0,16.2,01638480
2007-05-18,45.0,7.1,13.1,01638480
2007-05-19,46.4,1.4,14.4,01638480
2007-05-20,42.9,0.2,18.4,01638480
2007-05-21,39.0,0.0,18.6,01638480
2007-05-22,37.0,0.0,18.8,01638480
2007-05-23,34.5,0.0,20.3,01638480
2007-05-24,32.0,0.0,21.2,01638480
2007-05-25,30.8,0.0,23.3,01638480
2007-05-26,29.8,0.0,25.6,01638480
2007-05-27,28.5,0.2,25.2,01638480
2007-05-28,27.9,0.0,24.3,01638480
2007-05-29,27.7,0.0,23.9,01638480
2007-05-30,25.6,0.0,24.7,01638480
2007-05-31,24.4,2.0,25.7,01638480
2007-06-01,22.5,5.1,25.1,01638480
2007-06-02,41.3,3.4,24.7,01638480
2007-06-03,32.5,13.8,21.4,01638480
2007-06-04,62.6,6.3,21.5,01638480
2007-06-05,55.1,0.4,22.3,01638480
2007-06-06,33.5,0.2,19.7,01638480
2007-06-07,26.4,0.0,21.5,01638480
2007-06-08,24.3,0.0,26.7,01638480
2007-06-09,25.8,0.0,26.0,01638480
2007-06-10,22.1,0.0,22.5,01638480
2007-06-11,20.5,0.0,23.2,01638480
2007-06-12,18.6,0.0,24.0,01638480
2007-06-13,19.3,2.8,22.8,01638480
2007-06-14,23.5,3.6,18.0,01638480
2007-06-15,26.9,0.0,17.9,01638480
2007-06-16,22.6,0.0,20.2,01638480
2007-06-17,19.7,0.0,24.1,01638480
2007-06-18,17.6,0.0,27.4,01638480
2007-06-19,15.3,1.8,28.1,01638480
2007-06-20,14.1,1.3,24.8,01638480
2007-06-21,13.5,0.0,23.5,01638480
2007-06-22,12.6,0.0,23.2,01638480
2007-06-23,11.0,0.0,21.3,01638480
2007-06-24,10.0,0.0,22.9,01638480
2007-06-25,9.6,4.6,25.0,01638480
2007-06-26,9.54,1.0,26.2,01638480
2007-06-27,8.99,0.4,28.6,01638480
2007-06-28,8.31,5.1,26.3,01638480
2007-06-29,25.4,4.3,23.5,01638480
2007-06-30,20.4,2.5,23.6,01638480
2007-07-01,13.1,0.0,22.7,01638480
2007-07-02,9.7,0.0,20.9,01638480
2007-07-03,7.72,0.0,21.3,01638480
2007-07-04,9.41,1.3,23.6,01638480
2007-07-05,23.7,28.5,22.3,01638480
2007-07-06,21.4,0.3,24.3,01638480
2007-07-07,13.8,0.0,25.1,01638480
2007-07-08,10.2,0.0,26.6,01638480
2007-07-09,8.02,0.0,28.5,01638480
2007-07-10,6.66,0.0,28.8,01638480
2007-07-11,6.41,2.0,26.4,01638480
2007-07-12,6.09,1.1,23.2,01638480
2007-07-13,6.35,0.0,23.6,01638480
2007-07-14,5.76,0.0,23.9,01638480
2007-07-15,5.25,0.0,26.5,01638480
2007-07-16,4.28,0.6,26.2,01638480
2007-07-17,3.91,0.0,26.5,01638480
2007-07-18,3.83,0.3,26.4,01638480
2007-07-19,3.41,3.4,26.6,01638480
2007-07-20,3.09,4.1,23.5,01638480
2007-07-21,2.89,0.0,22.2,01638480
2007-07-22,2.43,0.0,22.9,01638480
2007-07-23,2.27,0.2,22.0,01638480
2007-07-24,2.14,0.9,22.7,01638480
2007-07-25,1.95,3.5,22.2,01638480
2007-07-26,1.81,0.3,25.4,01638480
2007-07-27,1.75,4.0,25.5,01638480
2007-07-28,2.25,1.7,24.9,01638480
2007-07-29,2.69,11.4,24.4,01638480
2007-07-30,6.08,6.5,24.4,01638480
2007-07-31,8.11,0.0,25.7,01638480
2007-08-01,4.26,0.0,26.7,01638480
2007-08-02,3.28,0.0,27.7,01638480
2007-08-03,2.35,1.1,27.7,01638480
2007-08-04,1.75,0.0,28.0,01638480
2007-08-05,1.55,0.7,27.2,01638480
2007-08-06,1.67,10.6,26.1,01638480
2007-08-07,1.79,0.0,28.8,01638480
2007-08-08,2.57,0.0,30.5,01638480
2007-08-09,3.1,2.8,29.3,01638480
2007-08-10,2.69,0.4,27.5,01638480
2007-08-11,2.78,0.0,25.5,01638480
2007-08-12,4.31,0.0,25.6,01638480
2007-08-13,2.62,0.0,26.9,01638480
2007-08-14,1.69,0.0,25.0,01638480
2007-08-15,1.41,0.0,25.6,01638480
2007-08-16,1.39,0.3,27.6,01638480
2007-08-17,1.29,1.1,27.9,01638480
2007-08-18,1.15,0.0,24.0,01638480
2007-08-19,1.06,0.5,21.9,01638480
2007-08-20,1.99,11.4,18.4,01638480
2007-08-21,40.6,20.2,19.7,01638480
2007-08-22,32.1,1.9,18.8,01638480
2007-08-23,13.4,0.0,22.4,01638480
2007-08-24,8.32,0.0,26.1,01638480
2007-08-25,6.36,1.8,28.4,01638480
2007-08-26,5.65,5.1,25.8,01638480
2007-08-27,4.4,0.0,24.3,01638480
2007-08-28,3.57,0.0,24.2,01638480
2007-08-29,3.23,0.0,24.9,01638480
2007-08-30,2.58,0.0,25.2,01638480
2007-08-31,2.32,0.0,25.2,01638480
2007-09-01,2.26,0.0,22.5,01638480
2007-09-02,1.79,0.0,22.3,01638480
2007-09-03,1.61,0.0,23.9,01638480
2007-09-04,1.51,0.0,25.5,01638480
2007-09-05,1.43,0.0,26.0,01638480
2007-09-06,1.34,0.5,26.0,01638480
2007-09-07,1.28,0.0,27.4,01638480
2007-09-08,1.18,0.0,27.9,01638480
2007-09-09,1.09,0.0,26.4,01638480
2007-09-10,1.05,0.0,26.5,01638480
2007-09-11,1.46,19.3,23.2,01638480
2007-09-12,1.6,0.0,21.0,01638480
2007-09-13,1.51,0.0,19.9,01638480
2007-09-14,1.78,0.9,21.7,01638480
2007-09-15,2.12,12.3,18.4,01638480
2007-09-16,2.27,0.0,14.8,01638480
2007-09-17,2.08,0.0,15.2,01638480
2007-09-18,1.67,0.0,16.4,01638480
2007-09-19,1.38,0.0,17.9,01638480
2007-09-20,1.05,0.0,19.9,01638480
2007-09-21,0.98,0.0,21.4,01638480
2007-09-22,0.76,0.7,23.9,01638480
2007-09-23,0.79,0.0,23.9,01638480
2007-09-24,0.61,0.0,21.1,01638480
2007-09-25,0.44,0.0,23.0,01638480
2007-09-26,0.43,0.0,25.1,01638480
2007-09-27,0.43,2.3,24.9,01638480
2007-09-28,0.53,5.1,21.0,01638480
2007-09-29,0.46,0.0,18.7,01638480
2007-09-30,0.34,0.0,18.7,01638480
2007-10-01,0.22,0.0,18.4,01638480
2007-10-02,0.17,0.0,19.3,01638480
2007-10-03,0.15,0.0,21.7,01638480
2007-10-04,0.15,0.0,23.3,01638480
2007-10-05,0.14,0.0,23.3,01638480
2007-10-06,0.14,0.2,22.9,01638480
2007-10-07,0.14,0.1,24.2,01638480
2007-10-08,0.14,0.0,25.1,01638480
2007-10-09,0.14,0.0,25.9,01638480
2007-10-10,0.13,1.8,23.2,01638480
2007-10-11,0.13,0.0,16.0,01638480
2007-10-12,0.13,0.2,14.1,01638480
2007-10-13,0.13,0.0,13.6,01638480
2007-10-14,0.13,0.0,14.0,01638480
2007-10-15,0.12,0.0,15.4,01638480
2007-10-16,0.12,0.0,17.7,01638480
2007-10-17,0.12,0.0,19.6,01638480
2007-10-18,0.12,0.0,20.7,01638480
2007-10-19,0.13,5.1,21.2,01638480
2007-10-20,0.17,0.5,18.2,01638480
2007-10-21,0.14,0.0,17.2,01638480
2007-10-22,0.12,0.0,18.4,01638480
2007-10-23,0.14,1.0,21.2,01638480
2007-10-24,0.26,12.5,18.6,01638480
2007-10-25,0.89,14.7,12.1,01638480
2007-10-26,10.3,25.0,12.7,01638480
2007-10-27,42.0,19.9,15.9,01638480
2007-10-28,41.2,0.0,12.3,01638480
2007-10-29,15.8,0.0,8.6,01638480
2007-10-30,8.4,0.0,9.8,01638480
2007-10-31,5.77,0.0,11.3,01638480
2007-11-01,4.87,0.0,12.7,01638480
2007-11-02,4.43,0.0,9.1,01638480
2007-11-03,3.55,0.0,9.2,01638480
2007-11-04,3.26,0.0,9.7,01638480
2007-11-05,3.14,0.0,8.9,01638480
2007-11-06,2.82,2.7,9.9,01638480
2007-11-07,3.0,0.0,6.6,01638480
2007-11-08,3.15,0.0,4.2,01638480
2007-11-09,3.26,1.3,4.9,01638480
2007-11-10,4.04,1.8,5.2,01638480
2007-11-11,5.48,0.0,5.3,01638480
2007-11-12,8.01,1.5,8.5,01638480
2007-11-13,13.2,2.3,12.3,01638480
2007-11-14,16.0,0.0,13.1,01638480
2007-11-15,21.4,19.1,11.3,01638480
2007-11-16,46.2,0.0,5.0,01638480
2007-11-17,21.0,0.0,3.9,01638480
2007-11-18,11.1,0.0,5.9,01638480
2007-11-19,6.44,0.7,5.0,01638480
2007-11-20,4.75,0.0,9.4,01638480
2007-11-21,4.34,0.0,14.9,01638480
2007-11-22,4.09,0.0,15.1,01638480
2007-11-23,2.8,0.0,4.6,01638480
2007-11-24,1.44,0.0,1.3,01638480
2007-11-25,2.02,0.0,3.9,01638480
2007-11-26,3.26,8.0,8.6,01638480
2007-11-27,3.26,2.9,10.7,01638480
2007-11-28,3.46,0.0,4.8,01638480
2007-11-29,3.86,0.0,6.1,01638480
2007-11-30,4.49,0.0,4.1,01638480
2007-12-01,4.4,0.0,2.2,01638480
2007-12-02,4.2,6.5,2.6,01638480
2007-12-03,6.2,12.0,5.9,01638480
2007-12-04,9.34,0.0,1.2,01638480
2007-12-05,10.9,4.4,-0.9,01638480
2007-12-06,9.37,0.9,-2.8,01638480
2007-12-07,8.03,0.3,-1.8,01638480
2007-12-08,8.42,4.5,2.6,01638480
2007-12-09,10.1,3.5,3.5,01638480
2007-12-10,15.0,1.4,6.3,01638480
2007-12-11,17.9,1.7,7.3,01638480
2007-12-12,17.3,0.1,11.2,01638480
2007-12-13,14.9,5.6,3.4,01638480
2007-12-14,13.0,0.0,5.1,01638480
2007-12-15,11.2,0.0,1.6,01638480
2007-12-16,135.0,21.7,2.6,01638480
2007-12-17,90.6,0.0,0.3,01638480
2007-12-18,36.3,0.0,0.1,01638480
2007-12-19,24.1,0.4,1.3,01638480
2007-12-20,18.9,0.0,2.6,01638480
2007-12-21,16.2,0.0,2.4,01638480
2007-12-22,14.0,0.0,5.0,01638480
2007-12-23,13.4,9.9,8.6,01638480
2007-12-24,16.6,0.4,5.2,01638480
2007-12-25,17.1,0.0,3.8,01638480
2007-12-26,14.3,0.9,2.0,01638480
2007-12-27,12.8,0.0,2.6,01638480
2007-12-28,12.6,1.0,4.4,01638480
2007-12-29,14.4,15.4,7.9,01638480
2007-12-30,16.4,2.3,3.2,01638480
2007-12-31,20.1,3.6,4.0,01638480
2008-01-01,23.7,0.0,4.4,01638480
2008-01-02,19.4,0.0,-0.3,01638480
2008-01-03,13.6,0.0,-3.8,01638480
2008-01-04,13.0,0.0,-2.3,01638480
2008-01-05,12.5,0.0,0.6,01638480
2008-01-06,13.0,0.3,5.5,01638480
2008-01-07,13.4,0.0,11.2,01638480
2008-01-08,13.2,0.0,12.7,01638480
2008-01-09,12.9,2.1,13.8,01638480
2008-01-10,12.3,0.2,6.6,01638480
2008-01-11,12.4,13.7,9.3,01638480
2008-01-12,13.8,0.0,6.6,01638480
2008-01-13,13.8,0.4,3.6,01638480
2008-01-14,12.5,0.3,2.9,01638480
2008-01-15,12.2,0.0,0.2,01638480
2008-01-16,11.2,0.0,0.0,01638480
2008-01-17,11.2,8.0,0.3,01638480
2008-01-18,13.6,1.8,1.4,01638480
2008-01-19,17.1,0.0,0.0,01638480
2008-01-20,17.1,0.0,-4.5,01638480
2008-01-21,13.1,0.0,-7.2,01638480
2008-01-22,12.7,0.0,-1.7,01638480
2008-01-23,12.4,0.0,1.4,01638480
2008-01-24,11.4,0.0,-0.6,01638480
2008-01-25,10.8,0.0,-3.1,01638480
2008-01-26,11.4,0.0,-1.6,01638480
2008-01-27,11.1,0.0,0.2,01638480
2008-01-28,11.0,0.0,1.4,01638480
2008-01-29,11.7,1.3,2.6,01638480
2008-01-30,15.4,3.8,4.3,01638480
2008-01-31,18.9,0.0,0.2,01638480
2008-02-01,145.0,23.1,1.0,01638480
2008-02-02,220.0,0.0,2.6,01638480
2008-02-03,89.2,0.0,3.8,01638480
2008-02-04,63.5,0.4,5.1,01638480
2008-02-05,53.1,1.9,8.2,01638480
2008-02-06,47.0,1.7,15.3,01638480
2008-02-07,53.5,1.8,9.5,01638480
2008-02-08,49.0,0.0,4.0,01638480
2008-02-09,39.0,1.7,5.0,01638480
2008-02-10,34.6,0.0,4.2,01638480
2008-02-11,29.0,0.0,-6.3,01638480
2008-02-12,27.6,2.8,-3.4,01638480
2008-02-13,180.0,18.1,0.3,01638480
2008-02-14,278.0,0.6,-0.5,01638480
2008-02-15,120.0,0.0,2.7,01638480
2008-02-16,85.0,0.0,1.5,01638480
2008-02-17,70.0,1.1,2.5,01638480
2008-02-18,67.1,3.7,11.4,01638480
2008-02-19,60.6,0.1,2.7,01638480
2008-02-20,50.1,2.0,-0.9,01638480
2008-02-21,43.6,0.8,-3.5,01638480
2008-02-22,43.8,4.9,-1.6,01638480
2008-02-23,43.5,0.0,1.2,01638480
2008-02-24,41.2,0.0,1.3,01638480
2008-02-25,39.8,0.5,3.1,01638480
2008-02-26,38.3,6.9,4.4,01638480
2008-02-27,45.0,0.0,2.2,01638480
2008-02-28,38.3,0.0,-3.1,01638480
2008-02-29,31.6,0.0,-0.4,01638480
2008-03-01,32.4,1.1,3.5,01638480
2008-03-02,33.8,0.0,2.2,01638480
2008-03-03,29.8,0.0,8.0,01638480
2008-03-04,28.6,5.0,14.2,01638480
2008-03-05,133.0,25.0,11.0,01638480
2008-03-06,111.0,0.0,5.3,01638480
2008-03-07,77.0,9.7,4.8,01638480
2008-03-08,130.0,8.8,6.0,01638480
2008-03-09,164.0,0.0,0.7,01638480
2008-03-10,102.0,0.0,3.3,01638480
2008-03-11,88.3,0.0,5.6,01638480
2008-03-12,79.1,0.0,6.2,01638480
2008-03-13,68.0,0.0,6.4,01638480
2008-03-14,61.5,0.6,10.8,01638480
2008-03-15,59.4,2.8,10.5,01638480
2008-03-16,58.0,3.9,7.3,01638480
2008-03-17,53.3,0.0,4.2,01638480
2008-03-18,47.2,3.4,6.4,01638480
2008-03-19,53.1,12.3,10.8,01638480
2008-03-20,99.9,6.5,9.4,01638480
2008-03-21,76.5,0.0,5.6,01638480
2008-03-22,60.6,0.0,5.2,01638480
2008-03-23,56.2,0.0,3.9,01638480
2008-03-24,51.4,0.2,4.8,01638480
2008-03-25,47.9,0.0,4.2,01638480
2008-03-26,44.8,0.0,10.5,01638480
2008-03-27,44.8,9.3,8.9,01638480
2008-03-28,43.8,4.0,11.7,01638480
2008-03-29,41.1,0.0,5.9,01638480
2008-03-30,37.3,0.0,5.0,01638480
2008-03-31,35.2,0.0,7.1,01638480
2008-04-01,39.6,3.2,14.7,01638480
2008-04-02,38.7,0.0,9.6,01638480
2008-04-03,34.5,4.1,5.7,01638480
2008-04-04,67.9,14.0,7.7,01638480
2008-04-05,66.6,1.6,12.3,01638480
2008-04-06,51.0,14.0,8.3,01638480
2008-04-07,46.2,0.0,7.4,01638480
2008-04-08,42.7,0.0,9.3,01638480
2008-04-09,41.1,0.0,12.1,01638480
2008-04-10,38.7,0.0,15.4,01638480
2008-04-11,38.3,0.3,18.3,01638480
2008-04-12,53.3,0.0,19.5,01638480
2008-04-13,53.4,0.5,11.5,01638480
2008-04-14,41.3,0.6,7.8,01638480
2008-04-15,36.4,0.0,8.3,01638480
2008-04-16,32.9,0.0,10.4,01638480
2008-04-17,31.5,0.0,13.9,01638480
2008-04-18,30.6,0.0,17.6,01638480
2008-04-19,29.8,0.0,18.9,01638480
2008-04-20,181.0,23.6,15.3,01638480
2008-04-21,2440.0,9.6,14.9,01638480
2008-04-22,694.0,0.6,15.9,01638480
2008-04-23,316.0,0.0,16.5,01638480
2008-04-24,222.0,0.0,17.7,01638480
2008-04-25,181.0,0.0,18.3,01638480
2008-04-26,157.0,2.5,20.1,01638480
2008-04-27,213.0,14.0,15.6,01638480
2008-04-28,303.0,19.7,12.0,01638480
2008-04-29,318.0,0.5,11.4,01638480
2008-04-30,195.0,0.1,9.7,01638480
2008-05-01,165.0,1.8,11.4,01638480
2008-05-02,149.0,0.0,17.3,01638480
2008-05-03,133.0,0.4,20.0,01638480
2008-05-04,118.0,0.6,17.4,01638480
2008-05-05,106.0,0.0,14.9,01638480
2008-05-06,98.9,0.0,16.7,01638480
2008-05-07,92.4,0.0,18.5,01638480
2008-05-08,91.6,0.5,20.6,01638480
2008-05-09,138.0,28.4,15.6,01638480
2008-05-10,171.0,13.6,12.7,01638480
2008-05-11,482.0,8.0,12.5,01638480
2008-05-12,6770.0,54.3,7.8,01638480
2008-05-13,1060.0,0.1,13.0,01638480
2008-05-14,556.0,0.0,16.4,01638480
2008-05-15,379.0,0.6,18.6,01638480
2008-05-16,377.0,19.6,15.5,01638480
2008-05-17,311.0,0.0,15.1,01638480
2008-05-18,240.0,4.1,16.7,01638480
2008-05-19,208.0,0.0,13.1,01638480
2008-05-20,311.0,11.0,11.3,01638480
2008-05-21,339.0,0.1,13.1,01638480
2008-05-22,320.0,0.4,12.9,01638480
2008-05-23,241.0,0.0,13.4,01638480
2008-05-24,193.0,0.0,15.4,01638480
2008-05-25,155.0,0.0,16.6,01638480
2008-05-26,127.0,0.0,19.8,01638480
2008-05-27,108.0,5.6,22.8,01638480
2008-05-28,89.9,0.6,17.4,01638480
2008-05-29,74.3,0.0,17.1,01638480
2008-05-30,67.3,0.0,19.8,01638480
2008-05-31,75.4,1.6,22.9,01638480
2008-06-01,110.0,0.1,22.7,01638480
2008-06-02,66.7,0.0,19.8,01638480
2008-06-03,54.8,2.0,21.0,01638480
2008-06-04,95.3,39.1,22.5,01638480
2008-06-05,168.0,7.9,23.8,01638480
2008-06-06,69.4,0.0,25.3,01638480
2008-06-07,56.3,0.0,27.6,01638480
2008-06-08,265.0,0.0,28.1,01638480
2008-06-09,58.8,0.0,28.6,01638480
2008-06-10,84.3,1.1,28.2,01638480
2008-06-11,271.0,0.0,25.0,01638480
2008-06-12,91.4,0.0,24.8,01638480
2008-06-13,68.0,0.0,25.7,01638480
2008-06-14,61.0,11.5,24.9,01638480
2008-06-15,84.5,5.0,23.3,01638480
2008-06-16,66.9,2.0,23.4,01638480
2008-06-17,105.0,1.5,20.2,01638480
2008-06-18,68.8,0.0,18.6,01638480
2008-06-19,53.3,0.2,17.7,01638480
2008-06-20,48.5,0.0,20.3,01638480
2008-06-21,45.1,0.0,22.3,01638480
2008-06-22,40.3,2.7,23.1,01638480
2008-06-23,38.6,0.3,22.9,01638480
2008-06-24,37.4,0.0,21.7,01638480
2008-06-25,35.0,0.0,23.0,01638480
2008-06-26,33.1,0.0,25.3,01638480
2008-06-27,32.4,1.1,26.6,01638480
2008-06-28,33.5,0.0,26.6,01638480
2008-06-29,32.5,0.9,25.8,01638480
2008-06-30,35.5,2.4,23.8,01638480
2008-07-01,36.7,2.2,21.1,01638480
2008-07-02,31.7,0.0,22.7,01638480
2008-07-03,27.7,0.0,24.4,01638480
2008-07-04,27.0,7.8,23.5,01638480
2008-07-05,30.7,23.5,21.9,01638480
2008-07-06,30.4,12.9,22.3,01638480
2008-07-07,29.4,3.7,23.5,01638480
2008-07-08,26.2,0.0,25.0,01638480
2008-07-09,23.6,12.5,24.3,01638480
2008-07-10,24.9,0.0,24.4,01638480
2008-07-11,21.2,0.0,23.9,01638480
2008-07-12,18.1,0.1,25.9,01638480
2008-07-13,20.6,5.4,26.0,01638480
2008-07-14,55.2,26.0,24.2,01638480
2008-07-15,34.2,0.0,23.4,01638480
2008-07-16,23.8,0.0,24.4,01638480
2008-07-17,19.6,0.0,25.8,01638480
2008-07-18,16.4,0.0,27.3,01638480
2008-07-19,14.7,0.0,26.9,01638480
2008-07-20,13.8,0.0,28.1,01638480
2008-07-21,13.7,0.4,27.8,01638480
2008-07-22,11.9,0.0,27.7,01638480
2008-07-23,16.4,17.6,23.9,01638480
2008-07-24,39.2,0.0,22.9,01638480
2008-07-25,26.5,0.0,22.9,01638480
2008-07-26,17.9,0.0,24.6,01638480
2008-07-27,14.9,1.5,25.0,01638480
2008-07-28,13.5,0.0,24.3,01638480
2008-07-29,14.4,0.0,25.6,01638480
2008-07-30,12.6,0.2,26.6,01638480
2008-07-31,11.8,0.0,26.3,01638480
2008-08-01,11.6,0.0,26.5,01638480
2008-08-02,13.5,13.7,25.5,01638480
2008-08-03,15.8,0.0,24.1,01638480
2008-08-04,13.2,0.0,24.3,01638480
2008-08-05,10.7,1.1,24.4,01638480
2008-08-06,9.23,0.0,25.9,01638480
2008-08-07,8.92,0.2,25.2,01638480
2008-08-08,7.77,0.0,23.0,01638480
2008-08-09,6.69,0.0,21.8,01638480
2008-08-10,5.93,1.8,22.4,01638480
2008-08-11,5.48,0.0,20.4,01638480
2008-08-12,5.3,0.0,21.5,01638480
2008-08-13,5.06,0.2,22.7,01638480
2008-08-14,5.18,4.0,22.7,01638480
2008-08-15,7.09,0.0,21.9,01638480
2008-08-16,7.81,0.0,22.3,01638480
2008-08-17,8.91,0.0,23.2,01638480
2008-08-18,6.99,0.0,24.6,01638480
2008-08-19,5.55,0.0,25.5,01638480
2008-08-20,4.22,0.0,22.6,01638480
2008-08-21,3.63,0.0,23.1,01638480
2008-08-22,3.28,0.0,23.3,01638480
2008-08-23,3.16,0.0,23.2,01638480
2008-08-24,2.75,0.0,25.1,01638480
2008-08-25,2.62,0.2,25.5,01638480
2008-08-26,2.53,0.0,23.0,01638480
2008-08-27,2.41,0.0,22.1,01638480
2008-08-28,2.94,19.5,19.6,01638480
2008-08-29,11.8,4.6,19.9,01638480
2008-08-30,23.9,0.0,22.7,01638480
2008-08-31,13.8,0.0,24.2,01638480
2008-09-01,8.77,0.0,22.6,01638480
2008-09-02,6.16,0.0,23.3,01638480
2008-09-03,4.84,0.0,25.0,01638480
2008-09-04,4.13,0.0,26.3,01638480
2008-09-05,3.39,0.0,26.3,01638480
2008-09-06,678.0,105.6,22.6,01638480
2008-09-07,438.0,0.0,22.3,01638480
2008-09-08,94.4,0.0,23.1,01638480
2008-09-09,48.7,18.0,22.1,01638480
2008-09-10,40.4,0.0,20.0,01638480
2008-09-11,32.2,0.0,20.4,01638480
2008-09-12,28.8,2.6,21.4,01638480
2008-09-13,27.3,2.5,23.4,01638480
2008-09-14,25.0,0.0,26.3,01638480
2008-09-15,22.6,0.0,25.0,01638480
2008-09-16,18.8,0.0,19.7,01638480
2008-09-17,16.7,0.0,18.6,01638480
2008-09-18,15.0,0.1,19.5,01638480
2008-09-19,14.1,0.1,17.5,01638480
2008-09-20,13.3,0.0,16.6,01638480
2008-09-21,12.9,0.0,18.3,01638480
2008-09-22,12.7,0.3,19.2,01638480
2008-09-23,12.4,0.0,18.7,01638480
2008-09-24,12.1,0.0,17.5,01638480
2008-09-25,11.6,2.0,16.2,01638480
2008-09-26,15.2,23.2,15.0,01638480
2008-09-27,22.0,6.0,19.7,01638480
2008-09-28,27.2,7.2,20.3,01638480
2008-09-29,30.6,0.0,20.0,01638480
2008-09-30,21.3,2.0,18.6,01638480
2008-10-01,42.9,0.7,16.0,01638480
2008-10-02,31.0,0.0,13.5,01638480
2008-10-03,20.5,0.0,14.3,01638480
2008-10-04,15.9,0.0,15.7,01638480
2008-10-05,13.7,0.0,16.5,01638480
2008-10-06,12.2,0.0,14.7,01638480
2008-10-07,11.0,0.0,12.4,01638480
2008-10-08,10.4,0.0,13.9,01638480
2008-10-09,9.92,1.7,19.0,01638480
2008-10-10,9.74,0.0,18.3,01638480
2008-10-11,9.86,0.0,16.6,01638480
2008-10-12,9.0,0.0,16.8,01638480
2008-10-13,8.07,0.0,17.8,01638480
2008-10-14,7.07,0.0,19.2,01638480
2008-10-15,7.12,0.0,21.2,01638480
2008-10-16,6.76,0.6,20.7,01638480
2008-10-17,6.16,0.0,15.0,01638480
2008-10-18,5.66,0.0,11.3,01638480
2008-10-19,6.46,0.0,9.5,01638480
2008-10-20,5.66,0.0,9.8,01638480
2008-10-21,5.5,0.0,10.4,01638480
2008-10-22,5.87,0.0,9.1,01638480
2008-10-23,6.42,0.0,7.3,01638480
2008-10-24,7.88,0.0,9.4,01638480
2008-10-25,25.7,15.7,13.4,01638480
2008-10-26,106.0,0.0,11.2,01638480
2008-10-27,32.2,0.5,9.5,01638480
2008-10-28,19.6,2.7,6.4,01638480
2008-10-29,14.7,0.6,6.1,01638480
2008-10-30,13.7,0.0,5.8,01638480
2008-10-31,11.0,0.0,8.7,01638480
2008-11-01,12.2,0.0,12.8,01638480
2008-11-02,11.1,0.0,12.8,01638480
2008-11-03,11.2,0.0,11.4,01638480
2008-11-04,11.8,1.1,12.3,01638480
2008-11-05,11.9,0.7,13.5,01638480
2008-11-06,12.2,2.3,15.4,01638480
2008-11-07,13.2,0.2,16.9,01638480
2008-11-08,13.8,3.0,14.5,01638480
2008-11-09,12.2,0.0,10.2,01638480
2008-11-10,11.9,0.0,6.7,01638480
2008-11-11,11.4,0.0,4.2,01638480
2008-11-12,11.2,0.0,7.1,01638480
2008-11-13,15.6,15.5,7.9,01638480
2008-11-14,38.9,0.0,10.1,01638480
2008-11-15,26.2,21.9,14.0,01638480
2008-11-16,28.6,0.0,7.3,01638480
2008-11-17,25.6,0.6,3.7,01638480
2008-11-18,18.6,0.1,1.1,01638480
2008-11-19,15.1,0.0,0.1,01638480
2008-11-20,14.0,0.0,2.5,01638480
2008-11-21,13.6,0.0,1.0,01638480
2008-11-22,12.7,0.0,-1.2,01638480
2008-11-23,12.2,0.0,-0.3,01638480
2008-11-24,12.1,1.5,1.2,01638480
2008-11-25,16.0,6.7,4.3,01638480
2008-11-26,18.4,0.0,3.2,01638480
2008-11-27,15.6,0.0,2.6,01638480
2008-11-28,14.0,0.0,4.0,01638480
2008-11-29,13.4,0.0,3.1,01638480
2008-11-30,14.6,14.6,2.7,01638480
2008-12-01,30.7,3.3,5.3,01638480
2008-12-02,34.8,0.0,2.8,01638480
2008-12-03,26.2,0.0,1.8,01638480
2008-12-04,21.5,0.3,5.6,01638480
2008-12-05,19.6,0.5,1.9,01638480
2008-12-06,18.3,0.2,-1.4,01638480
2008-12-07,17.3,0.0,-1.4,01638480
2008-12-08,15.9,0.0,-3.4,01638480
2008-12-09,15.3,0.0,2.5,01638480
2008-12-10,15.5,16.6,12.5,01638480
2008-12-11,115.0,24.3,4.6,01638480
2008-12-12,861.0,26.6,3.1,01638480
2008-12-13,180.0,0.0,-0.1,01638480
2008-12-14,103.0,0.0,1.4,01638480
2008-12-15,79.8,0.0,10.5,01638480
2008-12-16,69.0,14.8,4.8,01638480
2008-12-17,179.0,8.1,3.9,01638480
2008-12-18,136.0,0.0,3.4,01638480
2008-12-19,106.0,12.1,4.3,01638480
2008-12-20,126.0,0.2,3.1,01638480
2008-12-21,91.1,1.2,1.2,01638480
2008-12-22,67.1,0.0,-5.7,01638480
2008-12-23,50.0,0.0,-4.8,01638480
2008-12-24,55.2,9.0,3.7,01638480
2008-12-25,56.9,1.5,6.8,01638480
2008-12-26,49.7,0.0,0.7,01638480
2008-12-27,49.1,0.0,5.7,01638480
2008-12-28,49.1,1.6,13.5,01638480
2008-12-29,44.0,0.0,5.4,01638480
2008-12-30,38.9,0.0,5.5,01638480
2008-12-31,35.5,0.0,1.9,01638480
2009-01-01,32.2,0.0,-2.5,01638480
2009-01-02,30.0,0.0,0.2,01638480
2009-01-03,32.2,0.0,1.8,01638480
2009-01-04,31.5,0.0,1.3,01638480
2009-01-05,30.9,0.0,4.6,01638480
2009-01-06,32.2,3.2,1.4,01638480
2009-01-07,246.0,33.3,1.2,01638480
2009-01-08,256.0,0.0,1.6,01638480
2009-01-09,128.0,0.0,-0.7,01638480
2009-01-10,97.2,4.6,0.3,01638480
2009-01-11,91.0,5.5,1.2,01638480
2009-01-12,78.6,0.0,-0.6,01638480
2009-01-13,68.9,0.0,0.4,01638480
2009-01-14,61.3,0.0,-2.5,01638480
2009-01-15,52.8,0.0,-4.2,01638480
2009-01-16,41.8,0.0,-10.3,01638480
2009-01-17,33.8,0.0,-9.4,01638480
2009-01-18,41.8,0.0,-1.6,01638480
2009-01-19,43.4,0.5,-1.1,01638480
2009-01-20,41.3,0.0,-4.4,01638480
2009-01-21,36.5,0.0,-5.3,01638480
2009-01-22,34.6,0.0,-1.7,01638480
2009-01-23,37.0,0.0,2.2,01638480
2009-01-24,35.4,0.0,1.6,01638480
2009-01-25,30.2,0.0,-2.8,01638480
2009-01-26,30.0,0.0,-2.8,01638480
2009-01-27,29.2,5.8,-1.6,01638480
2009-01-28,34.3,15.7,-0.1,01638480
2009-01-29,36.0,0.0,-1.1,01638480
2009-01-30,34.4,0.0,-1.4,01638480
2009-01-31,31.8,0.0,-4.7,01638480
2009-02-01,34.5,0.0,1.3,01638480
2009-02-02,46.5,0.5,3.0,01638480
2009-02-03,46.4,1.3,1.1,01638480
2009-02-04,46.9,0.1,-2.1,01638480
2009-02-05,20.8,0.0,-7.0,01638480
2009-02-06,23.3,0.0,-3.1,01638480
2009-02-07,26.7,0.0,3.1,01638480
2009-02-08,32.8,0.0,8.9,01638480
2009-02-09,35.9,0.0,3.6,01638480
2009-02-10,33.3,0.1,6.3,01638480
2009-02-11,35.3,0.0,11.0,01638480
2009-02-12,46.7,0.6,11.1,01638480
2009-02-13,47.2,0.0,5.4,01638480
2009-02-14,37.0,0.2,2.7,01638480
2009-02-15,34.4,0.6,1.6,01638480
2009-02-16,32.2,0.0,0.7,01638480
2009-02-17,30.0,0.0,0.2,01638480
2009-02-18,29.9,5.5,1.2,01638480
2009-02-19,33.6,1.0,4.3,01638480
2009-02-20,31.6,0.0,-1.7,01638480
2009-02-21,26.9,0.0,-0.0,01638480
2009-02-22,26.6,0.7,1.9,01638480
2009-02-23,26.2,0.0,-1.2,01638480
2009-02-24,21.0,0.0,-2.1,01638480
2009-02-25,19.0,0.0,1.5,01638480
2009-02-26,24.2,0.0,4.2,01638480
2009-02-27,24.7,0.8,10.1,01638480
2009-02-28,25.8,0.2,5.2,01638480
2009-03-01,26.4,3.4,1.8,01638480
2009-03-02,27.0,5.2,-2.1,01638480
2009-03-03,22.0,0.0,-6.3,01638480
2009-03-04,18.0,0.0,-1.7,01638480
2009-03-05,23.3,0.0,1.5,01638480
2009-03-06,23.1,0.3,8.6,01638480
2009-03-07,23.8,0.0,13.9,01638480
2009-03-08,23.8,0.0,16.1,01638480
2009-03-09,23.5,0.0,13.3,01638480
2009-03-10,21.6,0.0,6.5,01638480
2009-03-11,20.5,0.0,11.5,01638480
2009-03-12,20.0,0.0,5.4,01638480
2009-03-13,19.0,0.0,3.8,01638480
2009-03-14,18.9,1.9,4.0,01638480
2009-03-15,20.5,3.0,4.3,01638480
2009-03-16,21.6,1.5,6.0,01638480
2009-03-17,29.3,1.7,7.4,01638480
2009-03-18,33.7,0.0,10.1,01638480
2009-03-19,28.5,2.3,10.8,01638480
2009-03-20,26.0,0.0,5.6,01638480
2009-03-21,23.2,0.0,3.3,01638480
2009-03-22,21.2,0.0,6.2,01638480
2009-03-23,20.7,0.0,5.6,01638480
2009-03-24,19.7,0.0,3.2,01638480
2009-03-25,18.6,0.0,4.6,01638480
2009-03-26,20.8,8.9,5.9,01638480
2009-03-27,29.5,0.1,10.3,01638480
2009-03-28,104.0,12.8,10.1,01638480
2009-03-29,135.0,8.4,11.9,01638480
2009-03-30,105.0,0.0,8.5,01638480
2009-03-31,75.0,0.0,7.7,01638480
2009-04-01,62.8,7.1,9.1,01638480
2009-04-02,57.3,0.3,10.3,01638480
2009-04-03,109.0,12.5,14.5,01638480
2009-04-04,139.0,0.0,10.9,01638480
2009-04-05,84.9,0.0,11.3,01638480
2009-04-06,73.2,7.9,13.6,01638480
2009-04-07,65.7,0.1,5.3,01638480
2009-04-08,57.0,0.0,5.9,01638480
2009-04-09,51.2,0.0,8.4,01638480
2009-04-10,47.2,0.0,11.2,01638480
2009-04-11,90.5,21.5,10.4,01638480
2009-04-12,131.0,0.0,7.3,01638480
2009-04-13,74.0,0.0,6.7,01638480
2009-04-14,65.6,8.1,7.6,01638480
2009-04-15,71.7,10.1,6.7,01638480
2009-04-16,118.0,1.3,8.7,01638480
2009-04-17,86.9,0.0,11.8,01638480
2009-04-18,72.9,0.0,15.1,01638480
2009-04-19,66.4,0.0,15.3,01638480
2009-04-20,306.0,29.4,10.7,01638480
2009-04-21,624.0,6.0,13.1,01638480
2009-04-22,289.0,0.4,9.8,01638480
2009-04-23,197.0,1.1,9.9,01638480
2009-04-24,150.0,0.0,13.3,01638480
2009-04-25,128.0,0.1,20.7,01638480
2009-04-26,125.0,0.0,22.6,01638480
2009-04-27,116.0,0.0,23.3,01638480
2009-04-28,108.0,0.0,23.5,01638480
2009-04-29,103.0,3.3,15.6,01638480
2009-04-30,97.9,0.0,12.7,01638480
2009-05-01,92.7,11.5,17.3,01638480
2009-05-02,90.2,0.5,17.3,01638480
2009-05-03,102.0,10.2,13.6,01638480
2009-05-04,600.0,31.6,11.6,01638480
2009-05-05,566.0,5.5,12.7,01638480
2009-05-06,457.0,3.3,14.5,01638480
2009-05-07,385.0,31.2,18.3,01638480
2009-05-08,332.0,0.2,18.6,01638480
2009-05-09,226.0,1.4,22.0,01638480
2009-05-10,171.0,0.0,17.4,01638480
2009-05-11,143.0,0.4,14.1,01638480
2009-05-12,158.0,0.7,13.2,01638480
2009-05-13,122.0,0.0,14.6,01638480
2009-05-14,105.0,4.8,17.6,01638480
2009-05-15,93.6,6.5,19.5,01638480
2009-05-16,86.8,3.2,21.4,01638480
2009-05-17,115.0,9.4,16.6,01638480
2009-05-18,96.3,0.0,12.6,01638480
2009-05-19,74.1,0.0,13.2,01638480
2009-05-20,67.2,0.0,16.2,01638480
2009-05-21,59.6,0.0,18.0,01638480
2009-05-22,54.6,0.0,20.8,01638480
2009-05-23,50.3,0.0,22.9,01638480
2009-05-24,46.5,0.0,22.9,01638480
2009-05-25,44.7,9.7,22.0,01638480
2009-05-26,126.0,20.2,17.3,01638480
2009-05-27,132.0,0.1,15.9,01638480
2009-05-28,89.0,6.2,20.3,01638480
2009-05-29,144.0,1.4,21.6,01638480
2009-05-30,152.0,0.0,19.3,01638480
2009-05-31,88.7,0.4,19.6,01638480
2009-06-01,68.6,0.0,17.2,01638480
2009-06-02,55.6,0.0,22.2,01638480
2009-06-03,50.4,5.1,22.2,01638480
2009-06-04,78.3,13.5,16.1,01638480
2009-06-05,342.0,35.3,14.6,01638480
2009-06-06,286.0,0.3,18.2,01638480
2009-06-07,146.0,0.0,21.0,01638480
2009-06-08,110.0,0.0,23.3,01638480
2009-06-09,92.5,2.7,24.5,01638480
2009-06-10,91.2,6.3,22.8,01638480
2009-06-11,176.0,8.2,21.9,01638480
2009-06-12,113.0,11.0,22.8,01638480
2009-06-13,84.4,0.2,22.7,01638480
2009-06-14,72.5,0.0,21.6,01638480
2009-06-15,64.2,0.0,21.8,01638480
2009-06-16,55.3,3.6,21.1,01638480
2009-06-17,60.8,5.8,18.0,01638480
2009-06-18,416.0,7.6,21.8,01638480
2009-06-19,267.0,0.0,21.9,01638480
2009-06-20,156.0,5.6,23.9,01638480
2009-06-21,145.0,1.0,23.0,01638480
2009-06-22,99.6,0.0,22.8,01638480
2009-06-23,80.9,0.0,22.5,01638480
2009-06-24,68.9,0.0,23.6,01638480
2009-06-25,58.7,0.0,25.3,01638480
2009-06-26,52.5,10.9,23.8,01638480
2009-06-27,48.8,0.0,23.0,01638480
2009-06-28,45.3,0.7,22.0,01638480
2009-06-29,45.2,0.2,23.3,01638480
2009-06-30,39.9,0.0,22.9,01638480
2009-07-01,37.8,0.0,23.0,01638480
2009-07-02,39.9,2.3,21.3,01638480
2009-07-03,36.0,0.0,20.6,01638480
2009-07-04,31.6,0.0,21.9,01638480
2009-07-05,29.3,0.0,20.9,01638480
2009-07-06,28.2,0.0,21.7,01638480
2009-07-07,27.0,0.0,23.6,01638480
2009-07-08,24.1,0.0,22.0,01638480
2009-07-09,21.4,0.0,21.3,01638480
2009-07-10,20.8,0.0,22.0,01638480
2009-07-11,21.0,0.0,23.7,01638480
2009-07-12,21.3,1.7,24.6,01638480
2009-07-13,19.9,0.0,23.9,01638480
2009-07-14,18.3,0.0,22.6,01638480
2009-07-15,16.5,0.0,23.7,01638480
2009-07-16,15.4,0.0,27.2,01638480
2009-07-17,15.8,16.3,25.0,01638480
2009-07-18,23.0,0.0,21.4,01638480
2009-07-19,22.2,0.0,21.4,01638480
2009-07-20,17.0,2.5,22.0,01638480
2009-07-21,15.3,0.4,22.2,01638480
2009-07-22,14.0,0.2,23.7,01638480
2009-07-23,13.7,1.1,24.5,01638480
2009-07-24,15.7,0.4,23.4,01638480
2009-07-25,20.7,0.0,25.0,01638480
2009-07-26,24.9,7.2,25.0,01638480
2009-07-27,36.7,0.2,24.4,01638480
2009-07-28,25.7,0.0,25.4,01638480
2009-07-29,17.3,10.1,24.6,01638480
2009-07-30,20.8,1.1,24.1,01638480
2009-07-31,22.3,13.5,24.4,01638480
2009-08-01,28.3,0.1,24.2,01638480
2009-08-02,28.4,9.1,23.9,01638480
2009-08-03,31.3,0.0,24.1,01638480
2009-08-04,21.7,0.0,25.2,01638480
2009-08-05,15.8,0.2,24.7,01638480
2009-08-06,14.1,3.4,22.9,01638480
2009-08-07,13.4,0.0,22.5,01638480
2009-08-08,11.7,0.0,23.5,01638480
2009-08-09,13.5,0.0,27.1,01638480
2009-08-10,10.6,0.1,28.9,01638480
2009-08-11,9.41,1.9,27.5,01638480
2009-08-12,8.76,1.9,25.3,01638480
2009-08-13,9.43,5.7,23.7,01638480
2009-08-14,8.86,0.5,24.6,01638480
2009-08-15,7.37,0.0,25.3,01638480
2009-08-16,6.65,0.0,26.5,01638480
2009-08-17,6.21,0.0,27.2,01638480
2009-08-18,5.38,4.3,27.3,01638480
2009-08-19,5.5,5.4,25.9,01638480
2009-08-20,5.91,0.1,26.9,01638480
2009-08-21,15.1,0.5,26.7,01638480
2009-08-22,105.0,17.4,24.2,01638480
2009-08-23,33.1,1.5,24.0,01638480
2009-08-24,18.2,0.0,24.0,01638480
2009-08-25,11.7,0.0,24.1,01638480
2009-08-26,10.4,0.0,25.8,01638480
2009-08-27,8.86,0.1,26.1,01638480
2009-08-28,47.7,7.7,24.0,01638480
2009-08-29,36.7,2.2,24.6,01638480
2009-08-30,21.1,0.0,23.9,01638480
2009-08-31,13.6,0.0,20.1,01638480
2009-09-01,9.94,0.0,18.4,01638480
2009-09-02,8.35,0.0,18.8,01638480
2009-09-03,7.65,0.0,20.0,01638480
2009-09-04,6.67,0.0,21.4,01638480
2009-09-05,6.13,0.0,22.8,01638480
2009-09-06,6.05,0.0,22.7,01638480
2009-09-07,5.61,0.6,21.9,01638480
2009-09-08,7.79,1.6,21.0,01638480
2009-09-09,7.8,1.8,21.0,01638480
2009-09-10,6.61,0.1,20.2,01638480
2009-09-11,6.18,1.7,17.1,01638480
2009-09-12,6.16,0.7,17.5,01638480
2009-09-13,6.63,0.1,21.2,01638480
2009-09-14,6.1,0.0,22.0,01638480
2009-09-15,5.3,0.0,23.1,01638480
2009-09-16,4.96,0.5,20.7,01638480
2009-09-17,5.3,2.1,17.8,01638480
2009-09-18,7.04,0.0,21.1,01638480
2009-09-19,8.44,0.0,19.8,01638480
2009-09-20,6.18,0.0,18.6,01638480
2009-09-21,5.19,0.0,20.2,01638480
2009-09-22,4.52,2.3,20.7,01638480
2009-09-23,4.37,0.0,23.2,01638480
2009-09-24,4.29,0.0,24.3,01638480
2009-09-25,4.69,4.7,20.8,01638480
2009-09-26,5.87,13.3,16.6,01638480
2009-09-27,21.2,22.9,17.5,01638480
2009-09-28,20.5,0.5,18.4,01638480
2009-09-29,9.67,0.0,15.6,01638480
2009-09-30,8.09,1.4,14.6,01638480
2009-10-01,10.6,0.0,13.3,01638480
2009-10-02,8.42,0.0,15.4,01638480
2009-10-03,6.09,1.3,19.1,01638480
2009-10-04,5.26,0.0,15.9,01638480
2009-10-05,4.55,0.0,15.1,01638480
2009-10-06,4.33,0.0,14.8,01638480
2009-10-07,4.18,0.1,16.8,01638480
2009-10-08,3.68,0.0,14.5,01638480
2009-10-09,3.63,1.1,19.4,01638480
2009-10-10,5.45,1.9,19.0,01638480
2009-10-11,4.26,0.0,13.3,01638480
2009-10-12,4.26,0.0,11.1,01638480
2009-10-13,4.62,0.0,13.4,01638480
2009-10-14,4.67,0.7,9.6,01638480
2009-10-15,7.26,15.7,6.7,01638480
2009-10-16,30.2,6.3,4.5,01638480
2009-10-17,35.7,19.0,4.2,01638480
2009-10-18,88.7,11.7,6.1,01638480
2009-10-19,50.4,0.0,8.2,01638480
2009-10-20,25.5,0.0,10.9,01638480
2009-10-21,17.5,0.0,14.6,01638480
2009-10-22,13.9,0.0,16.0,01638480
2009-10-23,12.0,4.4,15.0,01638480
2009-10-24,20.9,21.6,18.4,01638480
2009-10-25,43.7,0.0,12.8,01638480
2009-10-26,30.2,0.0,11.1,01638480
2009-10-27,29.6,8.9,11.1,01638480
2009-10-28,217.0,22.5,14.5,01638480
2009-10-29,104.0,0.0,14.4,01638480
2009-10-30,55.7,0.0,13.4,01638480
2009-10-31,39.7,1.3,16.4,01638480
2009-11-01,52.0,18.2,11.2,01638480
2009-11-02,71.1,0.0,11.7,01638480
2009-11-03,45.2,0.0,10.3,01638480
2009-11-04,35.2,0.0,7.5,01638480
2009-11-05,30.6,0.2,7.1,01638480
2009-11-06,27.4,0.0,6.3,01638480
2009-11-07,24.8,0.0,6.3,01638480
2009-11-08,23.3,0.0,11.7,01638480
2009-11-09,21.8,0.0,14.0,01638480
2009-11-10,21.2,0.0,13.9,01638480
2009-11-11,24.8,17.4,9.4,01638480
2009-11-12,72.1,16.5,6.3,01638480
2009-11-13,64.5,2.6,10.3,01638480
2009-11-14,54.3,0.2,13.0,01638480
2009-11-15,50.7,0.0,13.5,01638480
2009-11-16,41.4,0.0,13.8,01638480
2009-11-17,35.8,0.0,9.8,01638480
2009-11-18,31.9,0.0,9.0,01638480
2009-11-19,31.8,20.7,11.8,01638480
2009-11-20,59.2,2.9,11.0,01638480
2009-11-21,51.1,0.0,8.8,01638480
2009-11-22,40.2,0.0,9.3,01638480
2009-11-23,36.7,3.8,7.8,01638480
2009-11-24,131.0,8.8,8.2,01638480
2009-11-25,111.0,1.0,10.3,01638480
2009-11-26,80.3,0.5,8.3,01638480
2009-11-27,69.9,5.1,6.6,01638480
2009-11-28,61.2,0.0,5.8,01638480
2009-11-29,51.9,0.0,7.3,01638480
2009-11-30,49.4,7.1,8.9,01638480
2009-12-01,47.1,0.0,5.8,01638480
2009-12-02,45.1,5.5,5.5,01638480
2009-12-03,177.0,25.6,12.0,01638480
2009-12-04,119.0,0.0,6.1,01638480
2009-12-05,91.0,9.6,4.1,01638480
2009-12-06,95.6,0.2,-0.6,01638480
2009-12-07,80.8,0.0,0.3,01638480
2009-12-08,76.5,0.0,2.5,01638480
2009-12-09,1070.0,31.0,4.7,01638480
2009-12-10,411.0,0.0,3.3,01638480
2009-12-11,188.0,0.0,-2.0,01638480
2009-12-12,135.0,0.0,0.0,01638480
2009-12-13,157.0,13.4,1.6,01638480
2009-12-14,206.0,0.0,5.8,01638480
2009-12-15,142.0,0.0,7.7,01638480
2009-12-16,113.0,0.0,2.1,01638480
2009-12-17,101.0,0.0,-0.6,01638480
2009-12-18,91.9,0.0,-0.9,01638480
2009-12-19,90.6,33.1,-3.2,01638480
2009-12-20,186.0,2.8,-3.0,01638480
2009-12-21,145.0,0.0,-3.1,01638480
2009-12-22,109.0,0.0,-1.9,01638480
2009-12-23,79.4,0.0,-2.6,01638480
2009-12-24,65.0,0.0,-5.5,01638480
2009-12-25,75.5,6.8,-2.2,01638480
2009-12-26,1940.0,20.8,6.4,01638480
2009-12-27,913.0,0.0,3.1,01638480
2009-12-28,453.0,0.0,0.8,01638480
2009-12-29,295.0,0.0,-1.9,01638480
2009-12-30,213.0,0.0,-2.5,01638480
2009-12-31,191.0,6.8,-0.1,01638480
2010-01-01,183.0,0.9,1.4,01638480
2010-01-02,166.0,0.0,-4.0,01638480
2010-01-03,80.0,0.0,-8.3,01638480
2010-01-04,95.0,0.0,-4.7,01638480
2010-01-05,90.0,0.0,-3.3,01638480
2010-01-06,86.9,0.0,-1.7,01638480
2010-01-07,80.8,0.0,-1.3,01638480
2010-01-08,77.2,0.7,-2.8,01638480
2010-01-09,73.4,0.0,-4.5,01638480
2010-01-10,66.8,0.0,-5.1,01638480
2010-01-11,61.7,0.0,-4.2,01638480
2010-01-12,61.0,0.0,-2.5,01638480
2010-01-13,58.5,0.0,-0.9,01638480
2010-01-14,58.6,0.0,1.1,01638480
2010-01-15,56.8,0.0,3.0,01638480
2010-01-16,56.2,0.0,4.6,01638480
2010-01-17,116.0,15.8,3.3,01638480
2010-01-18,247.0,0.1,5.2,01638480
2010-01-19,175.0,0.0,4.1,01638480
2010-01-20,156.0,0.4,2.7,01638480
2010-01-21,141.0,0.0,1.1,01638480
2010-01-22,144.0,10.9,1.4,01638480
2010-01-23,149.0,0.0,2.4,01638480
2010-01-24,119.0,4.9,3.3,01638480
2010-01-25,1020.0,43.7,12.2,01638480
2010-01-26,474.0,0.1,4.0,01638480
2010-01-27,317.0,0.0,1.1,01638480
2010-01-28,229.0,0.0,1.9,01638480
2010-01-29,168.0,0.0,-4.6,01638480
2010-01-30,138.0,5.8,-6.1,01638480
2010-01-31,115.0,0.1,-5.1,01638480
2010-02-01,120.0,0.0,-1.5,01638480
2010-02-02,109.0,1.2,-1.0,01638480
2010-02-03,105.0,6.3,0.5,01638480
2010-02-04,96.5,0.0,0.3,01638480
2010-02-05,93.0,8.2,0.1,01638480
2010-02-06,75.0,49.5,-1.7,01638480
2010-02-07,201.0,0.0,-6.4,01638480
2010-02-08,156.0,0.0,-5.9,01638480
2010-02-09,125.0,1.4,-5.4,01638480
2010-02-10,108.0,15.9,-3.2,01638480
2010-02-11,136.0,0.6,-2.0,01638480
2010-02-12,111.0,0.0,-2.6,01638480
2010-02-13,95.5,0.0,-3.0,01638480
2010-02-14,86.5,0.0,-2.8,01638480
2010-02-15,75.0,2.8,-4.2,01638480
2010-02-16,82.5,0.2,-2.8,01638480
2010-02-17,78.1,0.2,-3.0,01638480
2010-02-18,77.4,0.0,0.7,01638480
2010-02-19,85.2,0.0,1.3,01638480
2010-02-20,101.0,0.0,0.8,01638480
2010-02-21,107.0,0.0,1.4,01638480
2010-02-22,137.0,3.1,2.0,01638480
2010-02-23,184.0,0.6,2.8,01638480
2010-02-24,299.0,0.0,1.1,01638480
2010-02-25,311.0,0.1,0.6,01638480
2010-02-26,256.0,0.3,-2.5,01638480
2010-02-27,210.0,0.1,-0.6,01638480
2010-02-28,219.0,0.0,1.1,01638480
2010-03-01,276.0,0.0,2.2,01638480
2010-03-02,372.0,1.2,1.1,01638480
2010-03-03,365.0,3.3,2.6,01638480
2010-03-04,408.0,0.0,1.9,01638480
2010-03-05,323.0,0.0,1.8,01638480
2010-03-06,279.0,0.0,2.4,01638480
2010-03-07,246.0,0.0,3.7,01638480
2010-03-08,225.0,0.0,4.1,01638480
2010-03-09,207.0,0.0,6.2,01638480
2010-03-10,191.0,0.0,8.0,01638480
2010-03-11,181.0,0.0,11.4,01638480
2010-03-12,740.0,30.2,10.5,01638480
2010-03-13,1830.0,31.2,9.8,01638480
2010-03-14,1530.0,10.8,8.3,01638480
2010-03-15,888.0,0.8,7.5,01638480
2010-03-16,553.0,0.1,9.7,01638480
2010-03-17,403.0,0.0,9.9,01638480
2010-03-18,326.0,0.0,10.6,01638480
2010-03-19,272.0,0.0,12.1,01638480
2010-03-20,218.0,0.0,13.5,01638480
2010-03-21,188.0,0.0,14.7,01638480
2010-03-22,188.0,15.2,14.3,01638480
2010-03-23,214.0,3.6,9.1,01638480
2010-03-24,182.0,0.0,10.9,01638480
2010-03-25,159.0,0.3,12.8,01638480
2010-03-26,192.0,9.9,9.1,01638480
2010-03-27,169.0,0.0,4.2,01638480
2010-03-28,168.0,5.4,6.0,01638480
2010-03-29,942.0,6.6,11.3,01638480
2010-03-30,384.0,0.1,9.6,01638480
2010-03-31,272.0,0.2,11.9,01638480
2010-04-01,224.0,0.0,14.1,01638480
2010-04-02,199.0,0.0,16.2,01638480
2010-04-03,172.0,0.0,16.3,01638480
2010-04-04,155.0,0.0,17.5,01638480
2010-04-05,141.0,0.0,18.4,01638480
2010-04-06,132.0,0.0,22.2,01638480
2010-04-07,122.0,0.0,22.8,01638480
2010-04-08,112.0,0.2,21.9,01638480
2010-04-09,123.0,11.7,11.9,01638480
2010-04-10,107.0,0.0,10.0,01638480
2010-04-11,94.3,0.0,14.2,01638480
2010-04-12,92.8,0.0,15.5,01638480
2010-04-13,82.3,3.7,10.3,01638480
2010-04-14,84.8,0.3,8.9,01638480
2010-04-15,78.6,0.0,13.7,01638480
2010-04-16,74.5,0.0,19.4,01638480
2010-04-17,69.7,1.9,14.3,01638480
2010-04-18,63.0,0.0,8.5,01638480
2010-04-19,60.9,0.0,10.9,01638480
2010-04-20,59.3,0.0,12.9,01638480
2010-04-21,62.4,6.0,12.3,01638480
2010-04-22,70.6,0.0,14.3,01638480
2010-04-23,63.0,0.0,14.9,01638480
2010-04-24,57.1,2.5,12.7,01638480
2010-04-25,70.0,13.5,15.6,01638480
2010-04-26,176.0,23.0,13.7,01638480
2010-04-27,154.0,2.3,12.8,01638480
2010-04-28,87.7,0.0,9.1,01638480
2010-04-29,68.8,0.0,11.8,01638480
2010-04-30,62.0,0.0,17.0,01638480
2010-05-01,57.4,0.0,21.7,01638480
2010-05-02,65.9,0.6,24.3,01638480
2010-05-03,62.6,8.1,24.0,01638480
2010-05-04,63.9,0.0,21.6,01638480
2010-05-05,49.5,0.0,19.7,01638480
2010-05-06,44.6,0.0,21.0,01638480
2010-05-07,39.6,0.0,18.2,01638480
2010-05-08,37.6,0.4,19.9,01638480
2010-05-09,35.3,0.0,11.4,01638480
2010-05-10,33.2,0.0,10.4,01638480
2010-05-11,33.6,4.4,9.7,01638480
2010-05-12,42.7,4.6,15.3,01638480
2010-05-13,56.4,3.3,13.5,01638480
2010-05-14,46.7,0.0,20.3,01638480
2010-05-15,39.2,0.0,20.8,01638480
2010-05-16,33.4,0.9,17.7,01638480
2010-05-17,34.9,7.7,15.2,01638480
2010-05-18,51.8,3.2,12.1,01638480
2010-05-19,52.9,1.1,12.8,01638480
2010-05-20,41.6,0.0,17.7,01638480
2010-05-21,35.4,0.0,21.4,01638480
2010-05-22,31.8,1.0,20.8,01638480
2010-05-23,500.0,11.1,18.8,01638480
2010-05-24,304.0,0.8,19.6,01638480
2010-05-25,139.0,0.1,20.9,01638480
2010-05-26,91.7,0.0,23.1,01638480
2010-05-27,72.8,2.5,25.5,01638480
2010-05-28,62.6,14.8,20.5,01638480
2010-05-29,63.2,1.6,21.7,01638480
2010-05-30,53.9,0.0,24.2,01638480
2010-05-31,46.1,1.6,25.1,01638480
2010-06-01,48.1,5.2,24.7,01638480
2010-06-02,36.0,0.0,25.1,01638480
2010-06-03,36.2,2.7,25.5,01638480
2010-06-04,58.9,0.7,25.9,01638480
2010-06-05,44.3,9.5,25.3,01638480
2010-06-06,38.0,9.6,25.8,01638480
2010-06-07,60.4,0.5,20.1,01638480
2010-06-08,43.4,0.0,19.1,01638480
2010-06-09,34.1,9.9,17.9,01638480
2010-06-10,39.8,0.0,23.2,01638480
2010-06-11,32.6,0.0,22.8,01638480
2010-06-12,27.6,2.3,25.3,01638480
2010-06-13,31.4,0.0,26.7,01638480
2010-06-14,29.2,0.0,26.1,01638480
2010-06-15,25.5,4.1,23.3,01638480
2010-06-16,26.3,6.4,23.3,01638480
2010-06-17,25.9,0.5,24.2,01638480
2010-06-18,22.4,0.0,23.3,01638480
2010-06-19,19.3,0.0,25.8,01638480
2010-06-20,17.8,0.0,27.5,01638480
2010-06-21,17.1,0.0,26.6,01638480
2010-06-22,16.1,0.6,28.4,01638480
2010-06-23,14.0,0.0,29.0,01638480
2010-06-24,12.8,1.5,29.6,01638480
2010-06-25,11.6,0.0,27.1,01638480
2010-06-26,10.6,0.0,27.8,01638480
2010-06-27,10.3,0.3,29.5,01638480
2010-06-28,10.5,7.3,29.2,01638480
2010-06-29,13.3,0.0,27.7,01638480
2010-06-30,12.4,0.0,23.3,01638480
2010-07-01,9.78,0.0,21.4,01638480
2010-07-02,8.47,0.0,21.4,01638480
2010-07-03,7.76,0.0,24.0,01638480
2010-07-04,7.68,0.0,27.1,01638480
2010-07-05,7.48,0.0,29.6,01638480
2010-07-06,7.07,0.0,31.4,01638480
2010-07-07,6.26,0.0,32.2,01638480
2010-07-08,5.82,0.0,32.1,01638480
2010-07-09,7.24,0.0,29.3,01638480
2010-07-10,12.1,6.7,26.5,01638480
2010-07-11,15.9,0.0,27.1,01638480
2010-07-12,11.6,3.1,26.2,01638480
2010-07-13,9.17,0.5,25.7,01638480
2010-07-14,13.1,16.9,24.7,01638480
2010-07-15,17.8,0.0,27.3,01638480
2010-07-16,12.1,0.0,28.9,01638480
2010-07-17,9.51,0.0,28.7,01638480
2010-07-18,8.11,0.0,28.7,01638480
2010-07-19,6.87,0.0,29.0,01638480
2010-07-20,7.61,0.6,28.4,01638480
2010-07-21,13.6,0.9,27.9,01638480
2010-07-22,8.68,0.0,28.9,01638480
2010-07-23,6.16,0.0,30.1,01638480
2010-07-24,4.76,0.0,32.8,01638480
2010-07-25,4.8,4.9,31.3,01638480
2010-07-26,8.4,0.0,26.6,01638480
2010-07-27,6.46,0.6,26.0,01638480
2010-07-28,6.82,0.0,28.2,01638480
2010-07-29,4.92,0.1,29.0,01638480
2010-07-30,3.5,0.0,25.7,01638480
2010-07-31,2.47,0.0,25.1,01638480
2010-08-01,2.0,6.4,23.3,01638480
2010-08-02,1.68,0.4,24.0,01638480
2010-08-03,1.58,0.0,25.7,01638480
2010-08-04,3.09,3.9,27.6,01638480
2010-08-05,2.28,7.0,28.3,01638480
2010-08-06,3.22,0.3,26.7,01638480
2010-08-07,3.39,0.0,25.0,01638480
2010-08-08,3.75,0.0,25.9,01638480
2010-08-09,2.8,0.0,27.8,01638480
2010-08-10,2.06,0.0,29.7,01638480
2010-08-11,1.63,0.0,30.1,01638480
2010-08-12,3.78,13.7,27.1,01638480
2010-08-13,19.7,3.2,22.9,01638480
2010-08-14,14.3,0.0,23.8,01638480
2010-08-15,12.0,7.8,23.3,01638480
2010-08-16,11.7,8.6,26.4,01638480
2010-08-17,8.83,0.0,26.4,01638480
2010-08-18,19.9,11.8,22.8,01638480
2010-08-19,45.9,0.0,23.0,01638480
2010-08-20,17.2,0.0,26.1,01638480
2010-08-21,9.48,0.0,26.8,01638480
2010-08-22,7.43,3.4,26.4,01638480
2010-08-23,13.1,0.1,24.5,01638480
2010-08-24,7.33,2.6,20.8,01638480
2010-08-25,5.15,0.0,22.1,01638480
2010-08-26,4.35,0.0,23.8,01638480
2010-08-27,3.74,0.0,22.2,01638480
2010-08-28,2.81,0.0,23.5,01638480
2010-08-29,2.24,0.0,26.0,01638480
2010-08-30,1.93,0.0,27.9,01638480
2010-08-31,1.7,0.0,28.1,01638480
2010-09-01,1.45,0.0,29.0,01638480
2010-09-02,1.15,0.0,29.1,01638480
2010-09-03,1.06,0.0,28.8,01638480
2010-09-04,0.98,0.0,24.0,01638480
2010-09-05,0.87,0.0,20.6,01638480
2010-09-06,0.77,0.0,21.5,01638480
2010-09-07,0.6,0.0,25.2,01638480
2010-09-08,0.56,0.0,27.2,01638480
2010-09-09,0.53,0.0,20.9,01638480
2010-09-10,0.53,0.0,19.0,01638480
2010-09-11,0.49,0.0,20.4,01638480
2010-09-12,0.72,10.5,19.8,01638480
2010-09-13,0.98,0.0,21.1,01638480
2010-09-14,1.52,0.0,21.9,01638480
2010-09-15,1.37,0.0,21.6,01638480
2010-09-16,1.57,7.0,21.2,01638480
2010-09-17,2.04,8.7,20.1,01638480
2010-09-18,2.04,0.0,18.5,01638480
2010-09-19,1.95,0.0,21.1,01638480
2010-09-20,1.92,0.0,21.1,01638480
2010-09-21,1.58,0.0,19.1,01638480
2010-09-22,1.48,1.0,23.9,01638480
2010-09-23,1.42,0.0,25.0,01638480
2010-09-24,1.36,0.0,26.9,01638480
2010-09-25,1.79,0.0,26.3,01638480
2010-09-26,3.0,0.2,20.5,01638480
2010-09-27,3.18,44.3,18.9,01638480
2010-09-28,3.91,10.1,21.8,01638480
2010-09-29,15.4,2.5,17.7,01638480
2010-09-30,108.0,96.6,18.5,01638480
2010-10-01,254.0,44.1,17.5,01638480
2010-10-02,66.9,0.0,15.4,01638480
2010-10-03,30.6,0.2,14.2,01638480
2010-10-04,24.2,4.3,12.4,01638480
2010-10-05,22.7,0.0,11.2,01638480
2010-10-06,18.9,0.0,12.2,01638480
2010-10-07,13.7,1.4,14.9,01638480
2010-10-08,11.3,0.0,16.5,01638480
2010-10-09,10.7,0.0,18.4,01638480
2010-10-10,11.3,0.0,17.8,01638480
2010-10-11,7.91,0.0,21.1,01638480
2010-10-12,5.3,0.0,19.8,01638480
2010-10-13,4.2,0.0,15.1,01638480
2010-10-14,5.92,12.5,13.1,01638480
2010-10-15,11.2,0.1,12.2,01638480
2010-10-16,12.7,0.0,12.9,01638480
2010-10-17,8.31,0.0,14.4,01638480
2010-10-18,6.53,0.0,14.1,01638480
2010-10-19,7.52,4.8,12.6,01638480
2010-10-20,14.3,0.0,12.0,01638480
2010-10-21,13.6,0.0,12.4,01638480
2010-10-22,9.62,0.0,9.9,01638480
2010-10-23,8.36,0.0,11.5,01638480
2010-10-24,6.76,0.0,16.1,01638480
2010-10-25,6.32,1.8,17.1,01638480
2010-10-26,6.02,0.0,18.6,01638480
2010-10-27,15.9,31.5,20.0,01638480
2010-10-28,29.8,0.0,18.1,01638480
2010-10-29,16.3,0.0,10.8,01638480
2010-10-30,11.7,0.0,8.8,01638480
2010-10-31,9.4,0.0,11.0,01638480
2010-11-01,10.7,0.0,7.8,01638480
2010-11-02,9.15,0.0,5.4,01638480
2010-11-03,7.3,0.0,7.0,01638480
2010-11-04,13.0,22.6,8.4,01638480
2010-11-05,47.4,0.0,8.2,01638480
2010-11-06,29.8,0.0,5.8,01638480
2010-11-07,19.8,0.0,5.4,01638480
2010-11-08,15.3,0.0,7.2,01638480
2010-11-09,13.2,0.0,9.7,01638480
2010-11-10,12.8,0.0,10.5,01638480
2010-11-11,13.4,0.0,9.5,01638480
2010-11-12,11.3,0.0,8.5,01638480
2010-11-13,10.4,0.0,8.0,01638480
2010-11-14,10.0,0.0,9.0,01638480
2010-11-15,9.92,0.0,9.9,01638480
2010-11-16,13.0,24.3,9.6,01638480
2010-11-17,89.8,2.3,13.1,01638480
2010-11-18,71.5,0.0,8.4,01638480
2010-11-19,36.6,0.0,6.2,01638480
2010-11-20,26.6,0.0,7.6,01638480
2010-11-21,22.5,0.0,7.6,01638480
2010-11-22,20.3,0.0,10.3,01638480
2010-11-23,20.7,1.9,12.1,01638480
2010-11-24,18.4,0.0,6.8,01638480
2010-11-25,17.8,2.1,6.4,01638480
2010-11-26,17.9,2.2,9.2,01638480
2010-11-27,17.5,0.0,3.2,01638480
2010-11-28,15.1,0.0,2.4,01638480
2010-11-29,13.9,0.0,2.9,01638480
2010-11-30,14.2,7.0,8.0,01638480
2010-12-01,355.0,37.1,10.7,01638480
2010-12-02,303.0,0.0,2.0,01638480
2010-12-03,117.0,0.0,1.2,01638480
2010-12-04,76.0,0.0,0.6,01638480
2010-12-05,51.0,0.0,0.5,01638480
2010-12-06,39.0,0.0,-0.9,01638480
2010-12-07,32.0,0.0,-2.0,01638480
2010-12-08,28.8,0.0,-2.4,01638480
2010-12-09,25.0,0.0,-2.0,01638480
2010-12-10,24.0,0.0,-1.1,01638480
2010-12-11,26.4,0.0,0.2,01638480
2010-12-12,34.7,13.8,2.7,01638480
2010-12-13,51.3,1.1,-0.5,01638480
2010-12-14,36.6,0.0,-5.7,01638480
2010-12-15,30.0,0.0,-5.3,01638480
2010-12-16,23.7,3.4,-4.6,01638480
2010-12-17,23.1,0.0,-2.8,01638480
2010-12-18,23.7,0.0,-1.8,01638480
2010-12-19,23.0,0.0,-1.6,01638480
2010-12-20,21.9,0.0,-2.1,01638480
2010-12-21,21.3,0.0,-0.7,01638480
2010-12-22,21.4,0.0,1.0,01638480
2010-12-23,20.6,0.0,0.1,01638480
2010-12-24,19.0,0.0,-0.1,01638480
2010-12-25,20.3,0.0,-0.1,01638480
2010-12-26,18.6,0.9,-1.3,01638480
2010-12-27,15.7,0.6,-3.0,01638480
2010-12-28,15.2,0.0,-0.4,01638480
2010-12-29,14.0,0.0,1.3,01638480
2010-12-30,15.4,0.1,1.0,01638480
2010-12-31,16.0,0.0,3.3,01638480
2011-01-01,18.1,0.2,6.4,01638480
2011-01-02,19.0,2.0,8.5,01638480
2011-01-03,16.0,0.0,0.1,01638480
2011-01-04,15.0,0.0,0.3,01638480
2011-01-05,16.8,0.0,-0.1,01638480
2011-01-06,14.2,0.0,-1.1,01638480
2011-01-07,15.0,0.6,-0.8,01638480
2011-01-08,15.9,0.9,-2.2,01638480
2011-01-09,18.0,0.0,-4.2,01638480
2011-01-10,14.1,0.0,-3.4,01638480
2011-01-11,13.1,1.0,-2.9,01638480
2011-01-12,13.7,1.5,-2.0,01638480
2011-01-13,13.9,0.0,-2.7,01638480
2011-01-14,13.2,0.0,-2.0,01638480
2011-01-15,13.8,0.0,0.4,01638480
2011-01-16,14.4,0.0,0.6,01638480
2011-01-17,14.3,0.0,-1.3,01638480
2011-01-18,14.7,5.2,-0.1,01638480
2011-01-19,18.1,2.3,2.0,01638480
2011-01-20,21.0,0.0,1.0,01638480
2011-01-21,18.0,1.2,-1.2,01638480
2011-01-22,15.0,0.0,-6.2,01638480
2011-01-23,15.4,0.0,-5.6,01638480
2011-01-24,12.5,0.0,-5.7,01638480
2011-01-25,13.0,0.0,1.0,01638480
2011-01-26,14.0,16.5,0.5,01638480
2011-01-27,16.0,7.2,-0.2,01638480
2011-01-28,28.4,0.4,-3.9,01638480
2011-01-29,21.0,0.0,-3.3,01638480
2011-01-30,16.0,0.0,-1.3,01638480
2011-01-31,18.1,0.0,-4.5,01638480
2011-02-01,17.4,0.6,-0.8,01638480
2011-02-02,35.9,12.0,3.5,01638480
2011-02-03,90.4,0.0,-3.0,01638480
2011-02-04,67.4,0.0,-0.7,01638480
2011-02-05,51.9,3.5,0.9,01638480
2011-02-06,73.2,0.0,3.0,01638480
2011-02-07,117.0,0.1,2.1,01638480
2011-02-08,91.7,0.7,0.2,01638480
2011-02-09,70.0,0.0,-3.1,01638480
2011-02-10,59.2,0.0,-2.9,01638480
2011-02-11,45.0,0.0,-2.3,01638480
2011-02-12,40.0,0.0,0.2,01638480
2011-02-13,45.3,0.0,2.9,01638480
2011-02-14,101.0,0.5,7.2,01638480
2011-02-15,111.0,0.0,1.9,01638480
2011-02-16,66.2,0.0,3.8,01638480
2011-02-17,57.5,0.0,9.5,01638480
2011-02-18,57.2,0.2,13.7,01638480
2011-02-19,53.9,0.0,8.8,01638480
2011-02-20,45.2,0.0,2.7,01638480
2011-02-21,42.7,2.1,5.0,01638480
2011-02-22,51.5,11.2,-2.1,01638480
2011-02-23,46.9,0.0,0.2,01638480
2011-02-24,45.6,1.4,3.0,01638480
2011-02-25,83.2,11.5,8.4,01638480
2011-02-26,94.3,0.0,2.9,01638480
2011-02-27,72.8,0.0,7.1,01638480
2011-02-28,80.2,11.8,11.6,01638480
2011-03-01,117.0,0.7,3.8,01638480
2011-03-02,85.4,0.0,5.5,01638480
2011-03-03,67.6,0.0,0.5,01638480
2011-03-04,59.1,0.0,2.2,01638480
2011-03-05,55.9,0.0,7.9,01638480
2011-03-06,473.0,28.1,11.1,01638480
2011-03-07,1340.0,12.1,3.1,01638480
2011-03-08,635.0,0.0,3.1,01638480
2011-03-09,418.0,1.3,3.5,01638480
2011-03-10,1330.0,11.1,9.2,01638480
2011-03-11,1930.0,7.6,7.0,01638480
2011-03-12,719.0,0.0,7.5,01638480
2011-03-13,456.0,0.0,8.7,01638480
2011-03-14,322.0,0.0,5.3,01638480
2011-03-15,247.0,1.2,5.0,01638480
2011-03-16,222.0,4.8,7.8,01638480
2011-03-17,191.0,0.0,10.3,01638480
2011-03-18,159.0,0.0,15.3,01638480
2011-03-19,147.0,0.0,13.0,01638480
2011-03-20,134.0,0.0,6.9,01638480
2011-03-21,111.0,3.3,11.1,01638480
2011-03-22,108.0,0.0,12.8,01638480
2011-03-23,96.7,3.8,9.1,01638480
2011-03-24,121.0,13.2,6.0,01638480
2011-03-25,104.0,0.0,3.5,01638480
2011-03-26,86.1,0.0,2.7,01638480
2011-03-27,77.7,1.1,3.0,01638480
2011-03-28,72.2,0.0,2.3,01638480
2011-03-29,67.7,0.0,3.3,01638480
2011-03-30,65.1,5.8,3.9,01638480
2011-03-31,71.8,4.9,2.9,01638480
2011-04-01,85.2,2.2,5.2,01638480
2011-04-02,82.8,1.3,5.5,01638480
2011-04-03,74.7,0.1,7.3,01638480
2011-04-04,67.0,0.2,14.0,01638480
2011-04-05,85.6,16.0,14.7,01638480
2011-04-06,101.0,0.0,8.8,01638480
2011-04-07,77.0,0.0,11.5,01638480
2011-04-08,75.7,11.2,8.7,01638480
2011-04-09,102.0,0.6,6.9,01638480
2011-04-10,88.4,0.0,12.5,01638480
2011-04-11,81.7,0.0,20.0,01638480
2011-04-12,285.0,19.2,15.4,01638480
2011-04-13,434.0,12.6,10.9,01638480
2011-04-14,331.0,0.0,12.9,01638480
2011-04-15,224.0,0.0,13.1,01638480
2011-04-16,634.0,30.0,11.3,01638480
2011-04-17,2080.0,5.4,12.2,01638480
2011-04-18,497.0,0.4,15.0,01638480
2011-04-19,402.0,2.5,14.8,01638480
2011-04-20,424.0,0.0,19.3,01638480
2011-04-21,267.0,0.0,13.3,01638480
2011-04-22,211.0,3.2,7.5,01638480
2011-04-23,255.0,1.3,11.2,01638480
2011-04-24,296.0,1.3,19.9,01638480
2011-04-25,479.0,2.2,21.4,01638480
2011-04-26,247.0,0.1,23.0,01638480
2011-04-27,190.0,1.9,22.6,01638480
2011-04-28,1860.0,13.0,21.9,01638480
2011-04-29,709.0,0.0,14.9,01638480
2011-04-30,405.0,0.0,12.6,01638480
2011-05-01,305.0,3.4,13.2,01638480
2011-05-02,266.0,0.0,16.5,01638480
2011-05-03,223.0,0.6,21.0,01638480
2011-05-04,250.0,15.0,12.2,01638480
2011-05-05,227.0,0.0,12.2,01638480
2011-05-06,166.0,1.2,13.7,01638480
2011-05-07,162.0,0.0,14.9,01638480
2011-05-08,137.0,0.0,15.9,01638480
2011-05-09,118.0,0.0,15.7,01638480
2011-05-10,103.0,0.0,15.5,01638480
2011-05-11,93.0,0.0,17.6,01638480
2011-05-12,83.9,0.0,17.8,01638480
2011-05-13,78.7,1.0,17.6,01638480
2011-05-14,78.8,1.4,17.1,01638480
2011-05-15,88.9,13.7,18.8,01638480
2011-05-16,127.0,6.8,17.7,01638480
2011-05-17,222.0,24.8,16.9,01638480
2011-05-18,1050.0,17.5,17.4,01638480
2011-05-19,875.0,7.3,16.1,01638480
2011-05-20,417.0,0.1,16.4,01638480
2011-05-21,315.0,0.0,19.2,01638480
2011-05-22,247.0,0.8,21.5,01638480
2011-05-23,371.0,4.7,21.7,01638480
2011-05-24,656.0,0.6,22.5,01638480
2011-05-25,414.0,0.0,22.6,01638480
2011-05-26,227.0,0.0,25.0,01638480
2011-05-27,177.0,6.0,23.5,01638480
2011-05-28,154.0,3.8,21.7,01638480
2011-05-29,133.0,0.0,24.0,01638480
2011-05-30,113.0,0.0,26.5,01638480
2011-05-31,95.8,0.0,28.0,01638480
2011-06-01,84.1,2.5,27.7,01638480
2011-06-02,73.2,0.0,23.8,01638480
2011-06-03,62.8,0.0,19.3,01638480
2011-06-04,59.8,0.0,20.3,01638480
2011-06-05,58.7,2.1,22.6,01638480
2011-06-06,57.6,0.0,23.0,01638480
2011-06-07,52.7,0.0,24.4,01638480
2011-06-08,49.8,0.5,27.2,01638480
2011-06-09,48.4,0.6,28.5,01638480
2011-06-10,46.8,2.8,26.7,01638480
2011-06-11,41.1,0.3,26.5,01638480
2011-06-12,39.9,3.2,25.2,01638480
2011-06-13,59.9,0.0,21.7,01638480
2011-06-14,46.5,0.1,19.2,01638480
2011-06-15,37.6,0.0,20.1,01638480
2011-06-16,35.1,5.7,20.9,01638480
2011-06-17,40.5,1.5,21.8,01638480
2011-06-18,46.2,0.8,23.4,01638480
2011-06-19,40.7,2.8,23.6,01638480
2011-06-20,39.1,27.6,22.3,01638480
2011-06-21,38.6,3.0,23.9,01638480
2011-06-22,38.4,0.7,26.3,01638480
2011-06-23,36.7,4.2,24.8,01638480
2011-06-24,32.4,0.3,24.2,01638480
2011-06-25,29.1,0.0,22.5,01638480
2011-06-26,27.4,0.0,22.0,01638480
2011-06-27,25.9,0.1,22.9,01638480
2011-06-28,25.5,2.9,24.9,01638480
2011-06-29,36.8,0.0,24.9,01638480
2011-06-30,25.3,0.0,23.1,01638480
2011-07-01,19.7,0.0,24.2,01638480
2011-07-02,18.1,0.0,25.7,01638480
2011-07-03,18.9,5.6,25.4,01638480
2011-07-04,27.3,0.0,26.1,01638480
2011-07-05,24.4,0.0,26.4,01638480
2011-07-06,19.7,0.0,27.1,01638480
2011-07-07,17.2,0.5,27.8,01638480
2011-07-08,17.0,9.4,25.7,01638480
2011-07-09,27.6,0.3,24.6,01638480
2011-07-10,26.7,0.0,26.5,01638480
2011-07-11,19.7,0.0,28.0,01638480
2011-07-12,21.3,0.0,29.8,01638480
2011-07-13,20.4,1.7,27.8,01638480
2011-07-14,25.9,0.0,25.1,01638480
2011-07-15,20.3,0.0,24.1,01638480
2011-07-16,14.7,0.0,24.2,01638480
2011-07-17,11.8,0.0,25.6,01638480
2011-07-18,9.34,0.0,28.0,01638480
2011-07-19,7.94,1.0,28.7,01638480
2011-07-20,6.77,1.7,28.5,01638480
2011-07-21,10.3,0.0,31.5,01638480
2011-07-22,7.54,2.4,32.8,01638480
2011-07-23,5.51,3.6,31.2,01638480
2011-07-24,4.78,5.2,28.6,01638480
2011-07-25,4.32,2.6,27.5,01638480
2011-07-26,4.3,0.0,27.7,01638480
2011-07-27,4.29,0.0,27.4,01638480
2011-07-28,3.99,0.0,27.6,01638480
2011-07-29,3.78,0.0,30.6,01638480
2011-07-30,3.66,0.0,30.3,01638480
2011-07-31,3.51,0.0,28.7,01638480
2011-08-01,3.42,0.9,29.2,01638480
2011-08-02,3.61,0.1,28.4,01638480
2011-08-03,4.43,3.6,27.5,01638480
2011-08-04,4.41,0.3,26.5,01638480
2011-08-05,4.96,0.0,25.7,01638480
2011-08-06,5.17,1.8,25.8,01638480
2011-08-07,7.1,13.5,26.1,01638480
2011-08-08,6.54,0.0,27.2,01638480
2011-08-09,5.81,0.3,26.8,01638480
2011-08-10,4.94,0.0,26.1,01638480
2011-08-11,4.21,0.0,24.2,01638480
2011-08-12,3.86,0.0,23.7,01638480
2011-08-13,3.51,3.5,24.4,01638480
2011-08-14,3.8,7.3,24.3,01638480
2011-08-15,59.5,24.0,21.9,01638480
2011-08-16,22.5,0.0,22.7,01638480
2011-08-17,10.9,0.0,24.3,01638480
2011-08-18,6.8,1.2,25.5,01638480
2011-08-19,5.38,5.2,24.3,01638480
2011-08-20,6.82,3.6,24.4,01638480
2011-08-21,18.6,0.2,26.1,01638480
2011-08-22,36.0,0.7,24.0,01638480
2011-08-23,17.4,0.0,21.6,01638480
2011-08-24,9.46,0.0,23.2,01638480
2011-08-25,7.42,7.8,25.4,01638480
2011-08-26,6.72,0.4,24.6,01638480
2011-08-27,14.9,7.9,23.8,01638480
2011-08-28,35.5,29.9,22.4,01638480
2011-08-29,32.1,0.0,21.4,01638480
2011-08-30,20.1,0.0,21.4,01638480
2011-08-31,13.0,0.0,22.2,01638480
2011-09-01,9.14,0.0,22.8,01638480
2011-09-02,7.97,2.8,22.5,01638480
2011-09-03,7.55,0.0,24.1,01638480
2011-09-04,9.48,0.9,26.0,01638480
2011-09-05,9.99,25.6,22.7,01638480
2011-09-06,23.8,34.8,17.0,01638480
2011-09-07,132.0,32.9,17.5,01638480
2011-09-08,109.0,26.3,20.7,01638480
2011-09-09,86.2,17.9,21.6,01638480
2011-09-10,57.6,1.8,21.6,01638480
2011-09-11,40.2,1.0,21.8,01638480
2011-09-12,50.0,0.0,21.3,01638480
2011-09-13,43.2,0.0,22.1,01638480
2011-09-14,32.3,1.9,22.6,01638480
2011-09-15,33.8,4.3,19.2,01638480
2011-09-16,32.1,0.0,13.5,01638480
2011-09-17,26.5,0.0,13.7,01638480
2011-09-18,24.2,0.0,14.9,01638480
2011-09-19,21.3,0.0,17.0,01638480
2011-09-20,21.1,7.8,18.2,01638480
2011-09-21,65.3,1.5,19.6,01638480
2011-09-22,240.0,1.8,21.5,01638480
2011-09-23,127.0,24.7,20.7,01638480
2011-09-24,103.0,0.0,20.5,01638480
2011-09-25,91.1,0.0,21.2,01638480
2011-09-26,75.1,0.2,21.8,01638480
2011-09-27,61.8,11.0,21.5,01638480
2011-09-28,53.6,8.6,21.6,01638480
2011-09-29,56.1,4.1,19.5,01638480
2011-09-30,50.4,0.0,18.3,01638480
2011-10-01,45.1,8.5,11.5,01638480
2011-10-02,121.0,16.1,7.8,01638480
2011-10-03,136.0,3.2,8.0,01638480
2011-10-04,94.0,0.4,12.7,01638480
2011-10-05,74.8,0.0,15.9,01638480
2011-10-06,58.7,0.0,14.7,01638480
2011-10-07,50.2,0.0,15.7,01638480
2011-10-08,44.9,0.0,16.3,01638480
2011-10-09,41.7,0.0,16.9,01638480
2011-10-10,39.0,0.0,18.1,01638480
2011-10-11,38.3,0.0,18.0,01638480
2011-10-12,40.4,17.4,16.7,01638480
2011-10-13,128.0,3.7,17.3,01638480
2011-10-14,246.0,9.3,17.6,01638480
2011-10-15,190.0,0.0,14.6,01638480
2011-10-16,104.0,0.0,14.8,01638480
2011-10-17,84.0,0.0,16.8,01638480
2011-10-18,70.5,0.0,15.4,01638480
2011-10-19,304.0,12.8,16.4,01638480
2011-10-20,991.0,11.7,14.4,01638480
2011-10-21,314.0,0.0,11.0,01638480
2011-10-22,200.0,0.0,10.8,01638480
2011-10-23,155.0,0.0,11.2,01638480
2011-10-24,140.0,0.0,13.1,01638480
2011-10-25,120.0,0.0,13.2,01638480
2011-10-26,105.0,0.2,13.6,01638480
2011-10-27,89.5,8.2,14.5,01638480
2011-10-28,71.3,0.3,6.9,01638480
2011-10-29,134.0,33.9,3.0,01638480
2011-10-30,262.0,0.0,2.6,01638480
2011-10-31,201.0,0.0,5.1,01638480
2011-11-01,154.0,0.0,7.2,01638480
2011-11-02,130.0,0.0,8.9,01638480
2011-11-03,113.0,0.0,9.8,01638480
2011-11-04,101.0,0.0,9.9,01638480
2011-11-05,90.3,0.0,6.1,01638480
2011-11-06,82.8,0.0,6.4,01638480
2011-11-07,77.5,0.0,9.0,01638480
2011-11-08,73.5,0.0,10.9,01638480
2011-11-09,69.7,0.0,10.9,01638480
2011-11-10,68.8,1.7,9.9,01638480
2011-11-11,68.1,0.0,5.8,01638480
2011-11-12,61.6,0.0,6.3,01638480
2011-11-13,60.8,0.0,9.8,01638480
2011-11-14,58.3,0.0,14.4,01638480
2011-11-15,56.1,1.5,15.8,01638480
2011-11-16,106.0,20.9,13.5,01638480
2011-11-17,149.0,7.2,7.9,01638480
2011-11-18,95.6,0.0,3.3,01638480
2011-11-19,78.9,0.0,4.4,01638480
2011-11-20,72.7,0.0,10.8,01638480
2011-11-21,73.2,4.5,12.2,01638480
2011-11-22,167.0,12.9,10.1,01638480
2011-11-23,1230.0,14.6,12.9,01638480
2011-11-24,520.0,0.0,8.3,01638480
2011-11-25,250.0,0.0,8.9,01638480
2011-11-26,190.0,0.0,8.5,01638480
2011-11-27,166.0,0.0,11.4,01638480
2011-11-28,140.0,0.0,15.2,01638480
2011-11-29,177.0,12.1,14.1,01638480
2011-11-30,252.0,0.5,7.3,01638480
2011-12-01,159.0,0.0,4.9,01638480
2011-12-02,130.0,0.0,4.3,01638480
2011-12-03,113.0,0.0,3.6,01638480
2011-12-04,101.0,0.0,5.7,01638480
2011-12-05,93.9,0.0,9.2,01638480
2011-12-06,95.8,6.5,14.0,01638480
2011-12-07,431.0,24.3,12.1,01638480
2011-12-08,1370.0,12.9,3.2,01638480
2011-12-09,378.0,0.0,3.2,01638480
2011-12-10,253.0,0.0,2.8,01638480
2011-12-11,195.0,0.0,0.5,01638480
2011-12-12,163.0,0.0,0.8,01638480
2011-12-13,140.0,0.0,1.8,01638480
2011-12-14,127.0,0.0,4.1,01638480
2011-12-15,117.0,1.3,8.4,01638480
2011-12-16,106.0,0.0,8.5,01638480
2011-12-17,95.5,0.0,3.2,01638480
2011-12-18,89.1,0.0,1.0,01638480
2011-12-19,87.8,0.0,2.3,01638480
2011-12-20,81.2,0.3,7.7,01638480
2011-12-21,79.3,3.7,9.9,01638480
2011-12-22,80.8,0.0,10.9,01638480
2011-12-23,272.0,26.0,8.6,01638480
2011-12-24,149.0,0.4,4.1,01638480
2011-12-25,113.0,0.0,2.8,01638480
2011-12-26,101.0,0.0,4.1,01638480
2011-12-27,146.0,9.4,4.1,01638480
2011-12-28,230.0,0.0,3.9,01638480
2011-12-29,144.0,0.0,0.5,01638480
2011-12-30,121.0,0.7,3.6,01638480
2011-12-31,114.0,0.5,8.0,01638480
2012-01-01,104.0,0.1,7.2,01638480
2012-01-02,96.0,0.0,3.5,01638480
2012-01-03,86.5,0.0,-1.7,01638480
2012-01-04,75.5,0.0,-4.9,01638480
2012-01-05,77.5,0.0,0.9,01638480
2012-01-06,77.3,0.0,4.7,01638480
2012-01-07,76.6,0.0,7.1,01638480
2012-01-08,71.7,0.0,5.1,01638480
2012-01-09,67.0,0.0,1.6,01638480
2012-01-10,66.4,0.0,3.5,01638480
2012-01-11,65.6,4.6,2.8,01638480
2012-01-12,349.0,13.5,7.3,01638480
2012-01-13,204.0,3.0,3.1,01638480
2012-01-14,143.0,0.0,-1.5,01638480
2012-01-15,116.0,0.0,-2.1,01638480
2012-01-16,99.3,0.1,-1.4,01638480
2012-01-17,106.0,3.9,6.3,01638480
2012-01-18,109.0,0.0,4.7,01638480
2012-01-19,90.6,0.0,-0.9,01638480
2012-01-20,83.9,0.0,-1.0,01638480
2012-01-21,84.3,7.0,-1.2,01638480
2012-01-22,80.4,0.0,-1.9,01638480
2012-01-23,79.0,1.3,1.3,01638480
2012-01-24,95.0,0.0,5.8,01638480
2012-01-25,87.2,0.0,3.2,01638480
2012-01-26,78.4,2.3,4.2,01638480
2012-01-27,87.0,6.8,11.6,01638480
2012-01-28,85.1,0.0,5.3,01638480
2012-01-29,74.7,0.0,3.2,01638480
2012-01-30,71.0,0.0,2.5,01638480
2012-01-31,71.3,0.0,6.8,01638480
2012-02-01,68.5,0.9,10.5,01638480
2012-02-02,68.1,4.5,8.6,01638480
2012-02-03,66.2,0.0,4.2,01638480
2012-02-04,63.5,3.1,2.7,01638480
2012-02-05,69.5,2.8,2.4,01638480
2012-02-06,69.3,0.0,2.9,01638480
2012-02-07,64.4,0.0,4.5,01638480
2012-02-08,61.7,4.1,2.2,01638480
2012-02-09,64.0,0.2,2.0,01638480
2012-02-10,61.7,0.5,1.7,01638480
2012-02-11,68.7,3.9,1.8,01638480
2012-02-12,69.9,0.2,-4.1,01638480
2012-02-13,56.1,0.0,0.1,01638480
2012-02-14,60.7,1.0,3.0,01638480
2012-02-15,58.1,0.0,5.2,01638480
2012-02-16,58.2,4.5,4.8,01638480
2012-02-17,74.3,0.0,6.9,01638480
2012-02-18,63.3,0.0,5.6,01638480
2012-02-19,57.9,0.0,3.8,01638480
2012-02-20,55.7,0.0,3.8,01638480
2012-02-21,53.3,0.0,3.1,01638480
2012-02-22,53.6,0.0,7.6,01638480
2012-02-23,53.8,0.0,10.6,01638480
2012-02-24,54.1,7.0,10.4,01638480
2012-02-25,53.4,0.0,4.4,01638480
2012-02-26,48.4,0.0,2.7,01638480
2012-02-27,46.5,0.0,6.1,01638480
2012-02-28,46.0,0.0,6.7,01638480
2012-02-29,405.0,15.4,6.2,01638480
2012-03-01,1010.0,0.9,12.6,01638480
2012-03-02,325.0,2.5,6.9,01638480
2012-03-03,355.0,3.7,9.2,01638480
2012-03-04,256.0,0.0,4.8,01638480
2012-03-05,187.0,0.5,1.9,01638480
2012-03-06,150.0,0.0,2.2,01638480
2012-03-07,130.0,0.0,8.0,01638480
2012-03-08,120.0,0.1,14.4,01638480
2012-03-09,112.0,2.5,10.2,01638480
2012-03-10,98.1,0.0,3.5,01638480
2012-03-11,90.4,0.0,6.5,01638480
2012-03-12,86.4,0.4,11.0,01638480
2012-03-13,83.0,1.8,16.4,01638480
2012-03-14,78.2,0.0,17.2,01638480
2012-03-15,73.2,0.0,18.0,01638480
2012-03-16,70.6,1.0,16.1,01638480
2012-03-17,69.0,0.1,16.0,01638480
2012-03-18,66.5,0.0,14.9,01638480
2012-03-19,64.0,0.0,16.2,01638480
2012-03-20,63.0,1.5,16.9,01638480
2012-03-21,59.9,0.0,16.4,01638480
2012-03-22,58.1,0.2,18.4,01638480
2012-03-23,56.9,0.0,19.3,01638480
2012-03-24,57.1,8.0,16.4,01638480
2012-03-25,66.8,1.8,14.0,01638480
2012-03-26,59.0,0.0,13.1,01638480
2012-03-27,49.3,0.0,5.7,01638480
2012-03-28,47.4,1.9,13.0,01638480
2012-03-29,48.5,0.0,13.8,01638480
2012-03-30,45.5,0.0,8.8,01638480
2012-03-31,45.8,0.2,12.5,01638480
2012-04-01,45.7,0.0,11.6,01638480
2012-04-02,49.3,3.5,11.6,01638480
2012-04-03,47.0,0.3,11.4,01638480
2012-04-04,42.5,0.0,15.5,01638480
2012-04-05,40.7,0.0,11.7,01638480
2012-04-06,39.1,0.0,9.3,01638480
2012-04-07,37.6,0.0,10.0,01638480
2012-04-08,36.3,0.0,12.0,01638480
2012-04-09,35.7,0.4,13.0,01638480
2012-04-10,34.3,0.3,11.3,01638480
2012-04-11,33.4,1.5,7.3,01638480
2012-04-12,32.9,0.0,8.3,01638480
2012-04-13,32.9,0.0,10.8,01638480
2012-04-14,32.5,0.0,14.2,01638480
2012-04-15,31.9,0.9,19.4,01638480
2012-04-16,31.6,0.0,23.0,01638480
2012-04-17,30.1,0.0,19.9,01638480
2012-04-18,29.0,10.8,11.8,01638480
2012-04-19,34.7,2.7,13.3,01638480
2012-04-20,34.0,0.0,15.4,01638480
2012-04-21,31.5,0.8,17.7,01638480
2012-04-22,41.2,18.3,9.9,01638480
2012-04-23,99.2,18.3,5.5,01638480
2012-04-24,87.6,0.3,8.6,01638480
2012-04-25,52.9,0.0,11.3,01638480
2012-04-26,42.7,1.3,14.0,01638480
2012-04-27,39.2,0.4,11.2,01638480
2012-04-28,35.1,1.3,8.4,01638480
2012-04-29,35.9,2.4,11.9,01638480
2012-04-30,34.6,0.0,12.2,01638480
2012-05-01,34.8,5.0,19.1,01638480
2012-05-02,35.4,3.9,20.2,01638480
2012-05-03,32.2,0.2,20.8,01638480
2012-05-04,30.5,1.3,22.7,01638480
2012-05-05,29.9,0.0,21.5,01638480
2012-05-06,29.0,0.0,18.7,01638480
2012-05-07,28.5,0.1,17.7,01638480
2012-05-08,28.7,12.9,17.5,01638480
2012-05-09,37.8,2.9,18.7,01638480
2012-05-10,34.8,1.9,14.6,01638480
2012-05-11,28.8,0.0,14.7,01638480
2012-05-12,25.9,0.0,17.4,01638480
2012-05-13,23.5,0.3,19.1,01638480
2012-05-14,29.0,21.6,17.0,01638480
2012-05-15,53.5,7.7,18.9,01638480
2012-05-16,50.4,0.0,20.9,01638480
2012-05-17,34.6,0.0,18.5,01638480
2012-05-18,27.8,0.0,17.3,01638480
2012-05-19,25.2,0.0,19.1,01638480
2012-05-20,23.3,0.0,21.0,01638480
2012-05-21,25.6,9.5,19.1,01638480
2012-05-22,363.0,7.7,19.3,01638480
2012-05-23,255.0,3.0,20.5,01638480
2012-05-24,200.0,1.0,20.9,01638480
2012-05-25,150.0,0.2,22.8,01638480
2012-05-26,115.0,0.0,24.5,01638480
2012-05-27,90.0,0.0,25.8,01638480
2012-05-28,85.0,1.9,26.4,01638480
2012-05-29,75.0,2.7,26.0,01638480
2012-05-30,95.0,4.8,23.9,01638480
2012-05-31,60.8,0.0,22.5,01638480
2012-06-01,68.7,6.1,20.9,01638480
2012-06-02,388.0,7.7,18.0,01638480
2012-06-03,145.0,0.0,18.7,01638480
2012-06-04,84.8,0.0,19.0,01638480
2012-06-05,66.6,0.1,16.7,01638480
2012-06-06,58.6,0.0,17.5,01638480
2012-06-07,54.9,0.0,19.2,01638480
2012-06-08,50.7,0.0,20.9,01638480
2012-06-09,44.5,0.0,23.4,01638480
2012-06-10,41.6,0.0,25.5,01638480
2012-06-11,39.4,0.6,25.3,01638480
2012-06-12,40.8,15.8,21.8,01638480
2012-06-13,57.3,1.9,21.9,01638480
2012-06-14,39.6,0.0,20.8,01638480
2012-06-15,31.1,0.0,21.9,01638480
2012-06-16,27.9,0.0,21.9,01638480
2012-06-17,25.5,0.0,21.1,01638480
2012-06-18,24.4,12.2,18.9,01638480
2012-06-19,27.6,0.3,23.4,01638480
2012-06-20,26.0,0.0,28.0,01638480
2012-06-21,22.8,0.0,28.8,01638480
2012-06-22,19.8,3.4,27.9,01638480
2012-06-23,24.1,0.0,25.4,01638480
2012-06-24,23.2,0.0,25.5,01638480
2012-06-25,17.7,0.3,24.7,01638480
2012-06-26,15.9,0.0,20.4,01638480
2012-06-27,13.9,0.0,22.8,01638480
2012-06-28,13.0,0.0,26.9,01638480
2012-06-29,14.8,1.9,30.7,01638480
2012-06-30,22.6,1.5,29.5,01638480
2012-07-01,17.9,0.3,29.2,01638480
2012-07-02,14.9,0.4,28.6,01638480
2012-07-03,12.8,0.2,29.0,01638480
2012-07-04,13.0,0.0,29.6,01638480
2012-07-05,15.9,0.3,31.4,01638480
2012-07-06,12.2,1.8,31.1,01638480
2012-07-07,9.7,0.0,33.0,01638480
2012-07-08,8.56,7.9,32.0,01638480
2012-07-09,15.0,0.7,27.1,01638480
2012-07-10,18.7,0.2,26.6,01638480
2012-07-11,13.6,0.3,25.9,01638480
2012-07-12,10.4,0.0,26.0,01638480
2012-07-13,9.07,0.0,24.7,01638480
2012-07-14,8.51,4.8,24.6,01638480
2012-07-15,8.51,7.4,25.9,01638480
2012-07-16,8.51,0.0,27.8,01638480
2012-07-17,9.66,0.0,30.0,01638480
2012-07-18,7.71,0.4,30.5,01638480
2012-07-19,7.16,6.6,28.3,01638480
2012-07-20,22.2,7.7,25.7,01638480
2012-07-21,28.5,12.6,19.4,01638480
2012-07-22,27.3,0.5,23.1,01638480
2012-07-23,19.2,0.5,26.0,01638480
2012-07-24,14.4,2.7,27.8,01638480
2012-07-25,11.8,0.0,25.9,01638480
2012-07-26,9.68,0.0,28.9,01638480
2012-07-27,8.28,0.3,29.2,01638480
2012-07-28,7.74,0.0,27.8,01638480
2012-07-29,6.87,0.0,26.4,01638480
2012-07-30,5.89,0.1,26.1,01638480
2012-07-31,5.14,3.2,26.1,01638480
2012-08-01,5.77,4.3,25.1,01638480
2012-08-02,6.18,1.3,26.9,01638480
2012-08-03,6.11,2.4,27.7,01638480
2012-08-04,5.25,0.0,28.1,01638480
2012-08-05,4.64,3.7,29.4,01638480
2012-08-06,4.51,9.9,26.7,01638480
2012-08-07,4.62,0.0,26.7,01638480
2012-08-08,4.2,0.1,27.2,01638480
2012-08-09,4.54,0.6,27.8,01638480
2012-08-10,5.34,16.0,25.3,01638480
2012-08-11,8.69,0.5,25.4,01638480
2012-08-12,8.23,0.2,23.8,01638480
2012-08-13,5.56,0.0,25.0,01638480
2012-08-14,4.43,7.3,24.7,01638480
2012-08-15,3.91,1.9,23.5,01638480
2012-08-16,3.62,0.0,24.8,01638480
2012-08-17,3.27,2.3,25.3,01638480
2012-08-18,2.83,3.8,23.1,01638480
2012-08-19,2.64,6.0,21.1,01638480
2012-08-20,2.82,6.5,21.4,01638480
2012-08-21,6.22,0.5,21.8,01638480
2012-08-22,5.06,0.2,23.2,01638480
2012-08-23,3.49,0.0,23.9,01638480
2012-08-24,3.43,0.0,24.7,01638480
2012-08-25,2.93,1.4,23.5,01638480
2012-08-26,3.47,7.6,21.4,01638480
2012-08-27,40.8,0.4,24.2,01638480
2012-08-28,17.6,1.6,25.7,01638480
2012-08-29,9.23,0.0,24.0,01638480
2012-08-30,6.09,0.0,24.3,01638480
2012-08-31,4.69,0.0,26.7,01638480
2012-09-01,3.65,1.7,27.6,01638480
2012-09-02,3.29,12.2,24.7,01638480
2012-09-03,31.3,21.2,23.6,01638480
2012-09-04,26.7,9.1,23.8,01638480
2012-09-05,22.3,2.0,24.9,01638480
2012-09-06,12.5,0.3,24.7,01638480
2012-09-07,8.78,0.0,25.6,01638480
2012-09-08,11.8,8.0,23.9,01638480
2012-09-09,30.6,0.0,19.8,01638480
2012-09-10,15.2,0.0,18.7,01638480
2012-09-11,9.04,0.0,18.2,01638480
2012-09-12,6.35,0.0,19.7,01638480
2012-09-13,5.31,0.0,20.5,01638480
2012-09-14,4.69,0.0,20.9,01638480
2012-09-15,4.06,0.0,20.5,01638480
2012-09-16,3.43,0.0,18.8,01638480
2012-09-17,3.27,0.0,18.5,01638480
2012-09-18,703.0,30.2,20.5,01638480
2012-09-19,447.0,1.0,17.4,01638480
2012-09-20,91.1,0.0,16.3,01638480
2012-09-21,52.9,0.0,18.8,01638480
2012-09-22,37.7,0.0,21.6,01638480
2012-09-23,28.3,0.0,16.8,01638480
2012-09-24,22.4,0.0,15.1,01638480
2012-09-25,18.9,0.0,15.7,01638480
2012-09-26,17.8,0.8,20.3,01638480
2012-09-27,17.9,4.2,21.0,01638480
2012-09-28,19.0,11.4,19.5,01638480
2012-09-29,20.8,0.0,16.6,01638480
2012-09-30,16.8,0.0,15.9,01638480
2012-10-01,15.7,0.0,15.2,01638480
2012-10-02,72.4,7.4,17.2,01638480
2012-10-03,111.0,0.0,22.2,01638480
2012-10-04,75.8,0.0,22.2,01638480
2012-10-05,56.5,0.0,20.4,01638480
2012-10-06,45.5,0.0,18.0,01638480
2012-10-07,37.7,7.0,11.0,01638480
2012-10-08,32.9,2.9,7.6,01638480
2012-10-09,30.0,0.2,11.3,01638480
2012-10-10,27.9,0.0,14.5,01638480
2012-10-11,24.9,0.0,11.3,01638480
2012-10-12,22.4,0.0,11.0,01638480
2012-10-13,20.7,0.0,8.8,01638480
2012-10-14,20.1,0.0,14.5,01638480
2012-10-15,20.5,10.0,18.3,01638480
2012-10-16,25.5,0.0,13.1,01638480
2012-10-17,28.9,0.0,13.1,01638480
2012-10-18,26.0,0.0,14.5,01638480
2012-10-19,87.4,4.8,17.1,01638480
2012-10-20,77.4,0.0,14.3,01638480
2012-10-21,47.7,0.0,12.2,01638480
2012-10-22,32.8,0.0,12.9,01638480
2012-10-23,27.5,0.0,16.6,01638480
2012-10-24,25.5,0.0,19.1,01638480
2012-10-25,23.5,0.0,18.2,01638480
2012-10-26,21.5,0.5,17.4,01638480
2012-10-27,20.7,0.0,17.0,01638480
2012-10-28,20.5,0.9,14.9,01638480
2012-10-29,1560.0,59.5,9.7,01638480
2012-10-30,5310.0,38.4,6.1,01638480
2012-10-31,788.0,1.0,6.4,01638480
2012-11-01,236.0,0.0,7.5,01638480
2012-11-02,166.0,0.0,7.1,01638480
2012-11-03,131.0,0.0,6.1,01638480
2012-11-04,110.0,0.0,5.6,01638480
2012-11-05,96.0,0.0,5.3,01638480
2012-11-06,92.1,0.0,3.7,01638480
2012-11-07,93.8,0.0,3.7,01638480
2012-11-08,87.9,0.0,5.6,01638480
2012-11-09,80.5,0.0,7.1,01638480
2012-11-10,74.4,0.0,8.9,01638480
2012-11-11,68.7,0.0,11.3,01638480
2012-11-12,64.8,0.0,14.0,01638480
2012-11-13,130.0,17.8,9.2,01638480
2012-11-14,98.0,0.0,4.1,01638480
2012-11-15,73.3,0.0,4.0,01638480
2012-11-16,68.1,0.0,5.7,01638480
2012-11-17,61.6,0.0,5.3,01638480
2012-11-18,56.6,0.0,5.4,01638480
2012-11-19,54.9,0.0,6.6,01638480
2012-11-20,53.2,0.0,6.6,01638480
2012-11-21,50.8,0.0,6.9,01638480
2012-11-22,47.6,0.0,6.4,01638480
2012-11-23,45.4,0.0,7.3,01638480
2012-11-24,43.8,0.0,4.2,01638480
2012-11-25,40.4,0.0,1.4,01638480
2012-11-26,38.8,0.0,3.8,01638480
2012-11-27,43.2,7.0,3.7,01638480
2012-11-28,48.8,0.0,3.1,01638480
2012-11-29,41.8,0.0,2.6,01638480
2012-11-30,38.4,0.0,3.3,01638480
2012-12-01,37.2,0.0,4.8,01638480
2012-12-02,35.9,1.9,6.8,01638480
2012-12-03,35.9,0.7,12.2,01638480
2012-12-04,37.6,0.0,13.9,01638480
2012-12-05,44.7,0.7,12.3,01638480
2012-12-06,33.9,0.0,3.2,01638480
2012-12-07,34.1,3.0,4.1,01638480
2012-12-08,36.8,0.0,9.6,01638480
2012-12-09,45.0,6.1,9.1,01638480
2012-12-10,66.6,3.0,11.5,01638480
2012-12-11,54.6,1.7,7.8,01638480
2012-12-12,44.2,0.0,3.9,01638480
2012-12-13,39.4,0.0,3.2,01638480
2012-12-14,38.5,0.0,3.1,01638480
2012-12-15,37.6,0.0,4.0,01638480
2012-12-16,38.1,1.8,6.4,01638480
2012-12-17,39.3,4.2,8.6,01638480
2012-12-18,41.0,1.9,9.5,01638480
2012-12-19,39.5,0.0,6.0,01638480
2012-12-20,39.3,1.9,4.7,01638480
2012-12-21,216.0,17.5,5.1,01638480
2012-12-22,151.0,0.0,2.1,01638480
2012-12-23,101.0,0.0,2.3,01638480
2012-12-24,92.0,6.1,1.6,01638480
2012-12-25,98.2,0.6,2.9,01638480
2012-12-26,144.0,26.9,0.7,01638480
2012-12-27,421.0,10.9,2.1,01638480
2012-12-28,200.0,0.0,0.0,01638480
2012-12-29,159.0,8.1,0.3,01638480
2012-12-30,147.0,0.0,0.3,01638480
2012-12-31,128.0,0.0,-2.7,01638480
2013-01-01,116.0,0.0,1.7,01638480
2013-01-02,112.0,0.0,-0.9,01638480
2013-01-03,102.0,0.0,-1.8,01638480
2013-01-04,94.5,0.0,-1.0,01638480
2013-01-05,89.9,0.0,0.9,01638480
2013-01-06,87.4,0.1,2.5,01638480
2013-01-07,86.4,0.0,2.4,01638480
2013-01-08,84.5,0.0,0.6,01638480
2013-01-09,82.0,0.0,3.0,01638480
2013-01-10,79.3,0.0,5.2,01638480
2013-01-11,77.5,3.5,4.3,01638480
2013-01-12,81.5,0.1,6.7,01638480
2013-01-13,79.0,0.1,11.2,01638480
2013-01-14,77.1,1.2,12.2,01638480
2013-01-15,91.1,7.7,4.2,01638480
2013-01-16,636.0,20.6,2.4,01638480
2013-01-17,532.0,0.3,4.5,01638480
2013-01-18,367.0,0.5,1.2,01638480
2013-01-19,294.0,0.0,3.2,01638480
2013-01-20,253.0,0.0,6.1,01638480
2013-01-21,216.0,0.0,1.2,01638480
2013-01-22,184.0,0.0,-4.9,01638480
2013-01-23,152.0,0.0,-6.9,01638480
2013-01-24,144.0,1.0,-4.8,01638480
2013-01-25,134.0,2.6,-6.2,01638480
2013-01-26,133.0,0.0,-3.7,01638480
2013-01-27,122.0,0.0,-1.7,01638480
2013-01-28,121.0,4.1,1.1,01638480
2013-01-29,131.0,0.0,9.7,01638480
2013-01-30,846.0,0.8,14.3,01638480
2013-01-31,4660.0,31.6,7.9,01638480
2013-02-01,1290.0,2.0,-2.1,01638480
2013-02-02,550.0,0.0,-5.0,01638480
2013-02-03,300.0,0.2,-1.1,01638480
2013-02-04,210.0,0.0,-1.8,01638480
2013-02-05,180.0,1.4,0.9,01638480
2013-02-06,156.0,0.0,1.0,01638480
2013-02-07,129.0,0.0,0.5,01638480
2013-02-08,121.0,2.9,1.9,01638480
2013-02-09,114.0,0.0,-0.5,01638480
2013-02-10,92.0,0.0,0.6,01638480
2013-02-11,103.0,5.2,6.0,01638480
2013-02-12,102.0,0.0,7.3,01638480
2013-02-13,91.2,1.8,3.5,01638480
2013-02-14,95.7,2.5,3.1,01638480
2013-02-15,90.1,2.6,5.1,01638480
2013-02-16,99.0,2.7,1.9,01638480
2013-02-17,93.8,0.0,-1.3,01638480
2013-02-18,82.0,0.0,-1.9,01638480
2013-02-19,83.6,2.3,3.0,01638480
2013-02-20,85.0,0.0,0.7,01638480
2013-02-21,76.1,0.0,-1.3,01638480
2013-02-22,72.9,1.6,-0.7,01638480
2013-02-23,74.2,0.0,2.1,01638480
2013-02-24,74.5,0.1,4.1,01638480
2013-02-25,70.3,0.0,2.1,01638480
2013-02-26,76.9,7.5,1.6,01638480
2013-02-27,550.0,15.5,6.8,01638480
2013-02-28,400.0,0.0,5.1,01638480
2013-03-01,250.0,0.0,3.0,01638480
2013-03-02,180.0,0.0,1.3,01638480
2013-03-03,150.0,0.0,0.8,01638480
2013-03-04,120.0,0.0,0.9,01638480
2013-03-05,100.0,0.0,2.5,01638480
2013-03-06,132.0,22.5,2.5,01638480
2013-03-07,257.0,0.0,2.8,01638480
2013-03-08,296.0,0.0,3.5,01638480
2013-03-09,188.0,0.0,5.2,01638480
2013-03-10,156.0,0.0,7.7,01638480
2013-03-11,143.0,0.2,9.5,01638480
2013-03-12,910.0,24.6,11.9,01638480
2013-03-13,546.0,0.8,5.2,01638480
2013-03-14,309.0,0.0,2.3,01638480
2013-03-15,205.0,0.0,4.7,01638480
2013-03-16,190.0,4.2,6.7,01638480
2013-03-17,173.0,0.0,3.8,01638480
2013-03-18,160.0,11.3,1.8,01638480
2013-03-19,230.0,4.1,5.2,01638480
2013-03-20,175.0,0.0,4.6,01638480
2013-03-21,154.0,0.0,1.2,01638480
2013-03-22,145.0,0.0,1.4,01638480
2013-03-23,135.0,0.0,3.3,01638480
2013-03-24,133.0,0.5,2.8,01638480
2013-03-25,138.0,12.7,1.8,01638480
2013-03-26,156.0,0.9,3.1,01638480
2013-03-27,130.0,0.6,4.1,01638480
2013-03-28,101.0,0.6,4.5,01638480
2013-03-29,92.3,0.1,5.9,01638480
2013-03-30,88.3,0.0,7.1,01638480
2013-03-31,88.8,5.3,6.8,01638480
2013-04-01,91.9,0.0,8.8,01638480
2013-04-02,84.1,0.0,3.8,01638480
2013-04-03,76.6,0.0,3.4,01638480
2013-04-04,71.7,0.0,2.9,01638480
2013-04-05,71.5,2.1,7.7,01638480
2013-04-06,68.0,0.0,7.0,01638480
2013-04-07,64.4,0.0,10.1,01638480
2013-04-08,64.0,0.0,16.5,01638480
2013-04-09,62.2,0.0,20.2,01638480
2013-04-10,59.9,1.6,21.8,01638480
2013-04-11,57.7,0.0,21.4,01638480
2013-04-12,84.5,19.6,17.5,01638480
2013-04-13,85.8,0.0,13.8,01638480
2013-04-14,64.5,0.0,12.2,01638480
2013-04-15,59.5,1.6,13.5,01638480
2013-04-16,56.4,0.0,16.7,01638480
2013-04-17,60.0,2.3,17.5,01638480
2013-04-18,59.6,0.6,17.9,01638480
2013-04-19,61.5,9.2,19.3,01638480
2013-04-20,114.0,17.6,11.1,01638480
2013-04-21,71.2,0.0,7.6,01638480
2013-04-22,59.9,0.0,7.9,01638480
2013-04-23,55.9,0.0,9.6,01638480
2013-04-24,54.7,0.0,14.3,01638480
2013-04-25,52.6,2.4,12.1,01638480
2013-04-26,48.7,0.0,11.7,01638480
2013-04-27,47.8,0.0,13.4,01638480
2013-04-28,50.3,2.4,12.9,01638480
2013-04-29,56.1,0.5,13.4,01638480
2013-04-30,61.6,0.1,13.7,01638480
2013-05-01,57.8,0.0,15.0,01638480
2013-05-02,51.4,0.0,13.8,01638480
2013-05-03,47.6,0.0,13.9,01638480
2013-05-04,45.0,0.0,12.5,01638480
2013-05-05,43.2,0.0,12.1,01638480
2013-05-06,42.4,0.2,11.9,01638480
2013-05-07,54.1,19.1,14.5,01638480
2013-05-08,126.0,17.4,15.8,01638480
2013-05-09,91.6,0.3,16.0,01638480
2013-05-10,70.0,0.3,19.0,01638480
2013-05-11,155.0,7.4,19.5,01638480
2013-05-12,108.0,0.0,15.2,01638480
2013-05-13,75.4,0.0,10.0,01638480
2013-05-14,66.0,0.0,10.2,01638480
2013-05-15,62.0,2.2,17.3,01638480
2013-05-16,58.0,0.0,22.3,01638480
2013-05-17,52.0,0.0,20.9,01638480
2013-05-18,50.0,7.1,17.7,01638480
2013-05-19,47.0,0.1,18.0,01638480
2013-05-20,50.0,0.9,21.3,01638480
2013-05-21,47.0,0.0,23.7,01638480
2013-05-22,43.0,2.7,24.9,01638480
2013-05-23,114.0,13.4,22.5,01638480
2013-05-24,295.0,0.7,15.2,01638480
2013-05-25,175.0,0.0,12.0,01638480
2013-05-26,138.0,0.0,14.4,01638480
2013-05-27,119.0,0.0,15.6,01638480
2013-05-28,113.0,0.9,18.8,01638480
2013-05-29,107.0,0.0,24.0,01638480
2013-05-30,94.1,0.0,25.7,01638480
2013-05-31,82.9,0.0,26.2,01638480
2013-06-01,74.0,0.0,26.6,01638480
2013-06-02,67.7,4.5,26.0,01638480
2013-06-03,136.0,16.1,22.3,01638480
2013-06-04,129.0,0.0,19.4,01638480
2013-06-05,90.4,0.0,20.1,01638480
2013-06-06,80.4,16.9,18.3,01638480
2013-06-07,157.0,32.6,18.3,01638480
2013-06-08,222.0,1.6,20.5,01638480
2013-06-09,166.0,1.5,22.1,01638480
2013-06-10,436.0,19.9,21.4,01638480
2013-06-11,753.0,5.2,22.2,01638480
2013-06-12,248.0,0.4,24.3,01638480
2013-06-13,302.0,6.7,24.6,01638480
2013-06-14,476.0,0.4,20.3,01638480
2013-06-15,155.0,0.0,21.2,01638480
2013-06-16,116.0,0.0,22.5,01638480
2013-06-17,100.0,0.3,24.1,01638480
2013-06-18,95.5,2.6,22.8,01638480
2013-06-19,182.0,0.0,21.1,01638480
2013-06-20,115.0,0.0,21.3,01638480
2013-06-21,83.9,0.0,22.0,01638480
2013-06-22,72.3,0.0,23.5,01638480
2013-06-23,65.8,2.3,23.5,01638480
2013-06-24,61.8,2.1,26.2,01638480
2013-06-25,69.5,0.0,27.1,01638480
2013-06-26,59.4,3.4,26.6,01638480
2013-06-27,52.8,5.4,24.0,01638480
2013-06-28,51.2,1.6,24.4,01638480
2013-06-29,48.5,0.0,24.6,01638480
2013-06-30,48.2,2.9,25.1,01638480
2013-07-01,49.6,5.5,23.7,01638480
2013-07-02,46.1,1.6,24.2,01638480
2013-07-03,46.0,6.6,23.9,01638480
2013-07-04,47.9,0.3,25.7,01638480
2013-07-05,41.3,0.0,27.1,01638480
2013-07-06,38.1,0.0,28.0,01638480
2013-07-07,36.9,6.8,27.6,01638480
2013-07-08,47.8,0.5,25.3,01638480
2013-07-09,41.5,7.6,24.9,01638480
2013-07-10,38.0,1.4,26.3,01638480
2013-07-11,36.5,0.6,25.8,01638480
2013-07-12,50.6,19.9,21.2,01638480
2013-07-13,55.2,0.0,23.6,01638480
2013-07-14,43.6,0.1,26.3,01638480
2013-07-15,38.0,0.0,27.7,01638480
2013-07-16,34.6,0.0,29.2,01638480
2013-07-17,31.5,0.0,29.5,01638480
2013-07-18,29.7,2.6,29.9,01638480
2013-07-19,28.5,3.4,28.9,01638480
2013-07-20,27.4,6.9,28.0,01638480
2013-07-21,26.8,4.1,26.3,01638480
2013-07-22,26.9,7.7,25.5,01638480
2013-07-23,46.9,6.4,25.1,01638480
2013-07-24,39.8,0.3,25.2,01638480
2013-07-25,30.0,0.0,21.8,01638480
2013-07-26,26.0,0.0,23.0,01638480
2013-07-27,23.9,1.6,23.3,01638480
2013-07-28,23.2,0.8,23.2,01638480
2013-07-29,23.4,0.0,22.7,01638480
2013-07-30,21.9,0.0,22.3,01638480
2013-07-31,20.1,0.0,23.0,01638480
2013-08-01,20.9,8.2,23.5,01638480
2013-08-02,22.8,0.0,24.4,01638480
2013-08-03,21.1,4.4,22.8,01638480
2013-08-04,22.7,0.0,22.2,01638480
2013-08-05,20.5,0.0,21.4,01638480
2013-08-06,21.0,0.7,22.2,01638480
2013-08-07,22.3,4.0,22.9,01638480
2013-08-08,23.1,1.3,25.0,01638480
2013-08-09,19.4,8.3,25.2,01638480
2013-08-10,17.5,0.2,25.0,01638480
2013-08-11,15.7,0.0,25.6,01638480
2013-08-12,14.1,0.0,25.8,01638480
2013-08-13,13.7,7.5,25.4,01638480
2013-08-14,13.5,0.2,20.7,01638480
2013-08-15,12.3,0.0,19.5,01638480
2013-08-16,10.7,0.0,21.2,01638480
2013-08-17,9.75,0.0,21.5,01638480
2013-08-18,9.29,9.1,19.5,01638480
2013-08-19,9.21,0.0,20.8,01638480
2013-08-20,9.02,0.0,24.1,01638480
2013-08-21,8.91,4.0,25.2,01638480
2013-08-22,8.62,0.2,24.6,01638480
2013-08-23,8.72,2.7,22.9,01638480
2013-08-24,9.47,0.0,21.8,01638480
2013-08-25,9.86,0.0,22.4,01638480
2013-08-26,9.18,0.0,23.7,01638480
2013-08-27,8.43,2.6,25.7,01638480
2013-08-28,7.98,16.5,23.7,01638480
2013-08-29,10.1,2.3,24.4,01638480
2013-08-30,10.4,0.0,25.3,01638480
2013-08-31,9.24,0.0,26.5,01638480
2013-09-01,8.25,0.2,26.6,01638480
2013-09-02,7.74,0.3,26.7,01638480
2013-09-03,7.28,1.2,24.0,01638480
2013-09-04,6.41,0.0,22.0,01638480
2013-09-05,5.97,0.0,22.3,01638480
2013-09-06,5.69,0.0,19.9,01638480
2013-09-07,5.18,0.0,20.7,01638480
2013-09-08,5.43,0.0,23.4,01638480
2013-09-09,5.77,0.0,22.0,01638480
2013-09-10,5.51,0.0,25.9,01638480
2013-09-11,5.7,0.4,28.1,01638480
2013-09-12,6.08,1.2,26.7,01638480
2013-09-13,14.0,3.8,21.8,01638480
2013-09-14,8.21,0.0,17.2,01638480
2013-09-15,6.54,0.0,17.2,01638480
2013-09-16,5.49,2.3,18.3,01638480
2013-09-17,5.06,0.0,16.4,01638480
2013-09-18,5.15,0.0,15.7,01638480
2013-09-19,5.21,0.0,17.3,01638480
2013-09-20,5.52,0.0,19.9,01638480
2013-09-21,6.7,5.6,19.7,01638480
2013-09-22,8.93,6.3,17.3,01638480
2013-09-23,10.5,0.0,15.4,01638480
2013-09-24,9.59,0.0,15.2,01638480
2013-09-25,8.32,0.0,16.6,01638480
2013-09-26,7.19,0.0,17.9,01638480
2013-09-27,6.61,0.0,17.5,01638480
2013-09-28,6.54,0.0,17.4,01638480
2013-09-29,6.43,0.0,17.7,01638480
2013-09-30,6.43,0.0,18.2,01638480
2013-10-01,6.69,0.0,20.1,01638480
2013-10-02,6.59,0.0,21.8,01638480
2013-10-03,6.23,0.0,22.3,01638480
2013-10-04,5.89,0.2,23.2,01638480
2013-10-05,5.68,0.0,23.9,01638480
2013-10-06,5.56,0.0,24.7,01638480
2013-10-07,7.76,21.2,21.3,01638480
2013-10-08,21.6,0.0,15.5,01638480
2013-10-09,14.1,0.0,14.3,01638480
2013-10-10,31.7,34.9,12.5,01638480
2013-10-11,224.0,33.8,13.1,01638480
2013-10-12,644.0,18.0,16.4,01638480
2013-10-13,186.0,7.5,15.8,01638480
2013-10-14,110.0,0.1,15.8,01638480
2013-10-15,69.9,0.0,16.3,01638480
2013-10-16,53.9,0.2,16.7,01638480
2013-10-17,47.0,0.2,18.1,01638480
2013-10-18,44.1,1.0,14.7,01638480
2013-10-19,38.8,0.0,13.2,01638480
2013-10-20,36.1,0.0,11.9,01638480
2013-10-21,33.7,0.0,11.6,01638480
2013-10-22,32.5,0.0,12.4,01638480
2013-10-23,30.8,0.2,9.4,01638480
2013-10-24,29.1,0.0,6.8,01638480
2013-10-25,34.0,0.0,6.1,01638480
2013-10-26,27.2,0.0,6.4,01638480
2013-10-27,24.8,0.0,9.6,01638480
2013-10-28,24.7,0.0,9.6,01638480
2013-10-29,24.2,0.0,9.9,01638480
2013-10-30,23.8,2.6,12.3,01638480
2013-10-31,23.8,0.6,16.0,01638480
2013-11-01,27.0,5.5,19.6,01638480
2013-11-02,32.2,0.2,14.0,01638480
2013-11-03,30.1,0.0,9.7,01638480
2013-11-04,24.9,0.0,4.9,01638480
2013-11-05,23.7,0.0,6.8,01638480
2013-11-06,23.0,0.0,12.6,01638480
2013-11-07,23.6,7.0,12.4,01638480
2013-11-08,23.8,0.0,6.9,01638480
2013-11-09,23.7,0.0,5.6,01638480
2013-11-10,22.6,0.0,8.5,01638480
2013-11-11,22.3,0.0,7.5,01638480
2013-11-12,22.4,0.0,5.8,01638480
2013-11-13,21.7,0.0,1.4,01638480
2013-11-14,20.8,0.0,3.5,01638480
2013-11-15,20.7,0.0,5.5,01638480
2013-11-16,21.7,2.2,8.9,01638480
2013-11-17,23.1,0.0,12.4,01638480
2013-11-18,25.0,2.8,14.7,01638480
2013-11-19,25.9,0.0,7.2,01638480
2013-11-20,24.4,0.0,3.3,01638480
2013-11-21,22.2,0.0,3.7,01638480
2013-11-22,21.5,0.6,9.2,01638480
2013-11-23,21.3,0.0,7.5,01638480
2013-11-24,20.7,0.0,-1.4,01638480
2013-11-25,20.3,0.0,-2.4,01638480
2013-11-26,23.1,13.0,0.1,01638480
2013-11-27,246.0,31.7,2.5,01638480
2013-11-28,120.0,0.0,-0.9,01638480
2013-11-29,65.6,0.0,0.1,01638480
2013-11-30,50.4,0.0,-0.7,01638480
2013-12-01,44.7,0.0,0.7,01638480
2013-12-02,41.9,0.0,4.1,01638480
2013-12-03,38.8,0.0,5.7,01638480
2013-12-04,35.3,0.0,7.3,01638480
2013-12-05,33.1,0.0,12.8,01638480
2013-12-06,45.4,18.5,10.0,01638480
2013-12-07,378.0,14.1,3.1,01638480
2013-12-08,176.0,8.3,-1.1,01638480
2013-12-09,201.0,12.1,0.4,01638480
2013-12-10,245.0,9.6,0.2,01638480
2013-12-11,159.0,0.0,-3.1,01638480
2013-12-12,116.0,0.0,-4.9,01638480
2013-12-13,96.3,0.0,-4.3,01638480
2013-12-14,89.7,7.1,0.2,01638480
2013-12-15,141.0,6.5,1.8,01638480
2013-12-16,186.0,0.0,-1.7,01638480
2013-12-17,126.0,1.2,0.4,01638480
2013-12-18,115.0,0.0,-0.3,01638480
2013-12-19,102.0,0.0,0.4,01638480
2013-12-20,101.0,0.0,6.6,01638480
2013-12-21,108.0,0.1,12.1,01638480
2013-12-22,127.0,6.8,19.0,01638480
2013-12-23,423.0,20.2,13.0,01638480
2013-12-24,285.0,0.0,2.1,01638480
2013-12-25,170.0,0.0,-3.1,01638480
2013-12-26,138.0,0.0,-0.7,01638480
2013-12-27,118.0,0.0,1.3,01638480
2013-12-28,105.0,0.0,3.2,01638480
2013-12-29,561.0,25.5,4.0,01638480
2013-12-30,656.0,0.0,3.6,01638480
2013-12-31,331.0,0.0,0.1,01638480
2014-01-01,243.0,0.0,0.6,01638480
2014-01-02,212.0,2.5,0.9,01638480
2014-01-03,191.0,6.2,-5.9,01638480
2014-01-04,160.0,0.0,-6.3,01638480
2014-01-05,158.0,5.4,-1.0,01638480
2014-01-06,256.0,6.2,2.9,01638480
2014-01-07,243.0,0.0,-13.2,01638480
2014-01-08,203.0,0.0,-7.5,01638480
2014-01-09,152.0,0.0,-1.7,01638480
2014-01-10,143.0,3.2,0.2,01638480
2014-01-11,551.0,4.9,6.2,01638480
2014-01-12,714.0,0.0,5.0,01638480
2014-01-13,390.0,0.0,3.5,01638480
2014-01-14,332.0,5.3,7.0,01638480
2014-01-15,307.0,0.0,2.1,01638480
2014-01-16,254.0,0.0,1.2,01638480
2014-01-17,211.0,0.0,1.3,01638480
2014-01-18,185.0,2.1,-1.1,01638480
2014-01-19,161.0,0.0,-1.2,01638480
2014-01-20,150.0,0.0,2.4,01638480
2014-01-21,136.0,11.5,-1.0,01638480
2014-01-22,122.0,1.1,-10.7,01638480
2014-01-23,96.0,0.0,-9.7,01638480
2014-01-24,100.0,0.0,-10.0,01638480
2014-01-25,103.0,0.0,-4.5,01638480
2014-01-26,103.0,0.2,-4.2,01638480
2014-01-27,97.0,0.0,-0.2,01638480
2014-01-28,77.0,0.0,-10.0,01638480
2014-01-29,67.0,0.4,-9.5,01638480
2014-01-30,72.0,0.0,-7.7,01638480
2014-01-31,79.7,0.0,-0.9,01638480
2014-02-01,78.0,0.0,1.4,01638480
2014-02-02,80.0,0.0,4.2,01638480
2014-02-03,537.0,31.0,2.6,01638480
2014-02-04,609.0,0.0,-3.3,01638480
2014-02-05,928.0,23.6,0.5,01638480
2014-02-06,792.0,0.0,-3.2,01638480
2014-02-07,444.0,0.0,-3.1,01638480
2014-02-08,351.0,0.0,-4.1,01638480
2014-02-09,303.0,0.9,-1.6,01638480
2014-02-10,269.0,0.3,-3.6,01638480
2014-02-11,219.0,0.0,-7.6,01638480
2014-02-12,176.0,0.0,-7.6,01638480
2014-02-13,145.0,30.5,-2.6,01638480
2014-02-14,201.0,1.3,2.1,01638480
2014-02-15,194.0,3.8,0.1,01638480
2014-02-16,165.0,0.1,-4.4,01638480
2014-02-17,149.0,0.0,-4.8,01638480
2014-02-18,145.0,2.2,1.0,01638480
2014-02-19,184.0,2.6,4.6,01638480
2014-02-20,390.0,0.0,4.6,01638480
2014-02-21,779.0,8.5,8.1,01638480
2014-02-22,950.0,0.0,4.6,01638480
2014-02-23,650.0,0.0,5.5,01638480
2014-02-24,488.0,4.2,2.1,01638480
2014-02-25,384.0,1.3,-0.3,01638480
2014-02-26,353.0,0.9,-1.2,01638480
2014-02-27,281.0,0.0,-2.4,01638480
2014-02-28,217.0,0.0,-7.1,01638480
2014-03-01,187.0,0.0,-1.6,01638480
2014-03-02,181.0,6.9,2.4,01638480
2014-03-03,245.0,15.7,-5.0,01638480
2014-03-04,216.0,0.0,-9.1,01638480
2014-03-05,209.0,0.0,-1.5,01638480
2014-03-06,215.0,0.0,-1.9,01638480
2014-03-07,221.0,0.0,0.5,01638480
2014-03-08,233.0,0.0,4.8,01638480
2014-03-09,238.0,0.0,4.8,01638480
2014-03-10,214.0,0.0,6.0,01638480
2014-03-11,199.0,0.0,10.6,01638480
2014-03-12,201.0,4.7,10.8,01638480
2014-03-13,285.0,0.0,-2.1,01638480
2014-03-14,229.0,0.0,2.5,01638480
2014-03-15,198.0,0.0,9.7,01638480
2014-03-16,175.0,0.7,4.0,01638480
2014-03-17,177.0,9.5,-1.7,01638480
2014-03-18,173.0,0.0,-0.3,01638480
2014-03-19,219.0,0.5,2.6,01638480
2014-03-20,290.0,0.0,6.4,01638480
2014-03-21,245.0,0.3,6.0,01638480
2014-03-22,220.0,0.0,9.4,01638480
2014-03-23,196.0,0.0,5.2,01638480
2014-03-24,175.0,0.0,0.1,01638480
2014-03-25,170.0,7.8,-0.3,01638480
2014-03-26,170.0,0.0,-1.3,01638480
2014-03-27,163.0,0.0,0.8,01638480
2014-03-28,172.0,2.6,9.0,01638480
2014-03-29,212.0,5.6,9.2,01638480
2014-03-30,1760.0,20.5,5.8,01638480
2014-03-31,1300.0,0.2,8.7,01638480
2014-04-01,800.0,0.0,9.5,01638480
2014-04-02,520.0,1.2,12.1,01638480
2014-04-03,401.0,0.4,12.6,01638480
2014-04-04,330.0,9.6,11.0,01638480
2014-04-05,259.0,2.3,9.7,01638480
2014-04-06,187.0,0.0,7.1,01638480
2014-04-07,181.0,10.7,6.0,01638480
2014-04-08,218.0,1.2,11.5,01638480
2014-04-09,139.0,0.0,10.3,01638480
2014-04-10,111.0,0.0,11.5,01638480
2014-04-11,101.0,3.0,16.4,01638480
2014-04-12,95.7,3.3,15.3,01638480
2014-04-13,89.1,0.0,18.8,01638480
2014-04-14,85.0,0.0,20.2,01638480
2014-04-15,140.0,33.4,14.8,01638480
2014-04-16,224.0,0.7,3.4,01638480
2014-04-17,144.0,0.0,6.1,01638480
2014-04-18,119.0,0.0,7.0,01638480
2014-04-19,110.0,0.0,11.1,01638480
2014-04-20,99.2,0.0,11.7,01638480
2014-04-21,94.7,0.0,11.6,01638480
2014-04-22,92.5,1.3,14.8,01638480
2014-04-23,88.2,0.0,11.3,01638480
2014-04-24,81.4,0.0,9.4,01638480
2014-04-25,87.4,6.2,12.0,01638480
2014-04-26,164.0,2.8,14.2,01638480
2014-04-27,111.0,0.0,12.5,01638480
2014-04-28,95.1,3.5,11.4,01638480
2014-04-29,145.0,11.4,8.9,01638480
2014-04-30,2130.0,38.0,11.7,01638480
2014-05-01,1210.0,6.5,17.7,01638480
2014-05-02,727.0,0.0,13.9,01638480
2014-05-03,476.0,0.2,13.9,01638480
2014-05-04,365.0,0.7,14.9,01638480
2014-05-05,294.0,0.3,11.9,01638480
2014-05-06,338.0,1.8,14.2,01638480
2014-05-07,278.0,1.1,14.3,01638480
2014-05-08,266.0,0.0,19.2,01638480
2014-05-09,206.0,0.0,21.2,01638480
2014-05-10,191.0,8.1,21.2,01638480
2014-05-11,240.0,3.1,19.4,01638480
2014-05-12,162.0,0.8,21.2,01638480
2014-05-13,198.0,2.2,23.3,01638480
2014-05-14,229.0,1.8,19.0,01638480
2014-05-15,208.0,4.4,20.9,01638480
2014-05-16,5000.0,57.6,16.7,01638480
2014-05-17,1300.0,0.0,13.4,01638480
2014-05-18,582.0,0.0,12.6,01638480
2014-05-19,337.0,0.0,14.2,01638480
2014-05-20,238.0,0.0,16.0,01638480
2014-05-21,190.0,0.0,19.2,01638480
2014-05-22,220.0,9.6,21.2,01638480
2014-05-23,173.0,0.0,18.5,01638480
2014-05-24,161.0,0.0,16.7,01638480
2014-05-25,163.0,0.0,19.2,01638480
2014-05-26,145.0,0.0,21.4,01638480
2014-05-27,136.0,1.6,23.2,01638480
2014-05-28,253.0,5.3,23.3,01638480
2014-05-29,164.0,16.8,15.4,01638480
2014-05-30,170.0,0.5,16.1,01638480
2014-05-31,129.0,0.0,19.0,01638480
2014-06-01,113.0,0.0,18.4,01638480
2014-06-02,103.0,0.0,19.7,01638480
2014-06-03,99.0,0.7,22.5,01638480
2014-06-04,92.0,0.0,23.7,01638480
2014-06-05,160.0,5.7,21.1,01638480
2014-06-06,88.5,0.0,19.1,01638480
2014-06-07,67.9,0.0,20.3,01638480
2014-06-08,61.0,1.9,21.9,01638480
2014-06-09,124.0,4.0,22.3,01638480
2014-06-10,94.2,0.8,23.1,01638480
2014-06-11,255.0,3.3,24.1,01638480
2014-06-12,1720.0,11.0,21.1,01638480
2014-06-13,1030.0,5.0,22.6,01638480
2014-06-14,540.0,0.0,20.2,01638480
2014-06-15,318.0,0.0,19.7,01638480
2014-06-16,205.0,0.0,23.7,01638480
2014-06-17,151.0,0.0,26.5,01638480
2014-06-18,124.0,0.0,27.9,01638480
2014-06-19,109.0,2.3,25.6,01638480
2014-06-20,102.0,0.0,22.2,01638480
2014-06-21,94.5,6.1,20.4,01638480
2014-06-22,96.0,0.1,21.5,01638480
2014-06-23,90.2,0.0,22.7,01638480
2014-06-24,91.6,0.0,23.9,01638480
2014-06-25,70.0,3.6,25.6,01638480
2014-06-26,60.0,4.7,24.3,01638480
2014-06-27,58.4,0.3,24.4,01638480
2014-06-28,54.6,0.0,24.2,01638480
2014-06-29,51.2,0.0,24.0,01638480
2014-06-30,48.7,0.0,25.3,01638480
2014-07-01,47.9,2.2,27.6,01638480
2014-07-02,46.6,12.4,28.2,01638480
2014-07-03,54.2,19.8,25.4,01638480
2014-07-04,53.9,5.4,22.0,01638480
2014-07-05,48.3,0.0,20.9,01638480
2014-07-06,41.8,0.0,22.6,01638480
2014-07-07,40.3,0.0,26.2,01638480
2014-07-08,39.8,1.3,27.9,01638480
2014-07-09,47.7,6.0,25.9,01638480
2014-07-10,44.4,0.7,24.4,01638480
2014-07-11,39.4,0.0,23.5,01638480
2014-07-12,37.1,0.0,25.3,01638480
2014-07-13,36.9,0.5,27.0,01638480
2014-07-14,68.3,5.8,25.8,01638480
2014-07-15,144.0,7.6,25.2,01638480
2014-07-16,119.0,1.1,23.1,01638480
2014-07-17,60.7,0.0,21.7,01638480
2014-07-18,44.1,0.0,21.9,01638480
2014-07-19,37.8,1.4,22.8,01638480
2014-07-20,34.5,0.1,22.4,01638480
2014-07-21,31.9,0.7,23.9,01638480
2014-07-22,29.2,0.6,25.1,01638480
2014-07-23,28.9,0.0,27.6,01638480
2014-07-24,48.0,6.4,24.3,01638480
2014-07-25,41.0,0.0,22.8,01638480
2014-07-26,29.3,0.2,23.9,01638480
2014-07-27,26.1,2.6,26.1,01638480
2014-07-28,24.9,8.2,23.4,01638480
2014-07-29,23.3,0.0,19.6,01638480
2014-07-30,21.0,0.0,19.9,01638480
2014-07-31,19.5,0.1,22.4,01638480
2014-08-01,19.0,1.1,22.4,01638480
2014-08-02,19.0,0.1,22.6,01638480
2014-08-03,19.3,2.6,23.2,01638480
2014-08-04,19.7,2.1,23.4,01638480
2014-08-05,20.8,0.0,25.0,01638480
2014-08-06,17.9,3.2,23.8,01638480
2014-08-07,16.5,0.0,23.5,01638480
2014-08-08,17.5,0.0,22.9,01638480
2014-08-09,15.1,1.1,23.6,01638480
2014-08-10,14.3,0.0,23.9,01638480
2014-08-11,13.7,4.5,23.2,01638480
2014-08-12,21.4,32.1,20.8,01638480
2014-08-13,44.6,0.9,22.3,01638480
2014-08-14,23.8,0.2,21.3,01638480
2014-08-15,17.6,0.0,19.9,01638480
2014-08-16,14.8,0.0,20.8,01638480
2014-08-17,13.5,0.0,23.6,01638480
2014-08-18,12.8,2.4,23.6,01638480
2014-08-19,12.4,0.3,23.4,01638480
2014-08-20,15.9,3.5,24.5,01638480
2014-08-21,77.8,5.3,24.1,01638480
2014-08-22,68.3,4.3,23.9,01638480
2014-08-23,43.4,5.5,22.0,01638480
2014-08-24,74.0,0.2,21.2,01638480
2014-08-25,33.4,0.0,22.2,01638480
2014-08-26,23.4,0.0,22.6,01638480
2014-08-27,19.7,0.0,24.7,01638480
2014-08-28,17.3,0.0,24.7,01638480
2014-08-29,14.9,0.0,21.3,01638480
2014-08-30,13.7,0.2,22.4,01638480
2014-08-31,21.3,6.5,25.4,01638480
2014-09-01,30.0,6.2,25.3,01638480
2014-09-02,58.5,1.5,26.5,01638480
2014-09-03,96.8,0.0,25.3,01638480
2014-09-04,33.5,0.3,25.0,01638480
2014-09-05,23.0,0.4,26.3,01638480
2014-09-06,20.0,7.2,26.5,01638480
2014-09-07,29.7,0.0,22.3,01638480
2014-09-08,25.2,0.2,20.2,01638480
2014-09-09,19.8,0.0,20.3,01638480
2014-09-10,18.4,0.0,21.7,01638480
2014-09-11,18.0,0.3,24.4,01638480
2014-09-12,16.4,0.0,21.2,01638480
2014-09-13,15.0,13.3,17.4,01638480
2014-09-14,15.3,0.0,16.2,01638480
2014-09-15,14.7,0.0,17.1,01638480
2014-09-16,13.7,0.1,19.5,01638480
2014-09-17,12.7,0.0,18.1,01638480
2014-09-18,12.4,0.0,19.0,01638480
2014-09-19,11.8,0.0,17.9,01638480
2014-09-20,11.1,0.0,20.3,01638480
2014-09-21,10.4,0.0,21.9,01638480
2014-09-22,9.08,0.0,19.6,01638480
2014-09-23,8.63,0.0,15.8,01638480
2014-09-24,8.41,0.2,16.5,01638480
2014-09-25,14.1,8.4,16.8,01638480
2014-09-26,21.1,0.0,18.7,01638480
2014-09-27,18.2,0.0,19.4,01638480
2014-09-28,14.4,0.0,20.6,01638480
2014-09-29,12.5,0.0,20.4,01638480
2014-09-30,12.6,0.5,19.6,01638480
2014-10-01,18.6,6.9,18.2,01638480
2014-10-02,20.4,0.3,18.2,01638480
2014-10-03,19.6,2.0,17.8,01638480
2014-10-04,88.5,2.8,16.8,01638480
2014-10-05,37.9,0.0,11.0,01638480
2014-10-06,23.4,0.0,13.7,01638480
2014-10-07,19.5,0.5,17.4,01638480
2014-10-08,18.3,2.8,17.6,01638480
2014-10-09,17.7,0.0,16.0,01638480
2014-10-10,19.5,6.8,13.9,01638480
2014-10-11,21.2,14.8,12.8,01638480
2014-10-12,23.4,0.0,12.9,01638480
2014-10-13,23.1,1.0,15.5,01638480
2014-10-14,21.2,0.0,20.3,01638480
2014-10-15,53.5,33.9,20.3,01638480
2014-10-16,126.0,0.8,15.4,01638480
2014-10-17,56.0,0.0,16.4,01638480
2014-10-18,38.6,0.0,15.7,01638480
2014-10-19,30.5,0.0,11.0,01638480
2014-10-20,25.8,0.0,10.8,01638480
2014-10-21,24.7,3.3,13.7,01638480
2014-10-22,29.1,14.7,11.0,01638480
2014-10-23,30.1,0.0,13.1,01638480
2014-10-24,25.4,0.0,13.6,01638480
2014-10-25,22.5,0.0,13.5,01638480
2014-10-26,21.2,0.0,14.7,01638480
2014-10-27,19.9,0.0,13.0,01638480
2014-10-28,18.7,0.0,17.3,01638480
2014-10-29,19.5,3.7,15.8,01638480
2014-10-30,20.8,0.0,10.8,01638480
2014-10-31,20.3,0.0,10.0,01638480
2014-11-01,19.7,2.3,8.7,01638480
2014-11-02,17.8,0.0,6.2,01638480
2014-11-03,16.1,0.0,7.9,01638480
2014-11-04,17.1,0.0,11.4,01638480
2014-11-05,16.9,0.7,13.6,01638480
2014-11-06,25.1,15.4,13.0,01638480
2014-11-07,38.0,0.0,9.1,01638480
2014-11-08,26.6,0.0,5.3,01638480
2014-11-09,21.9,0.0,8.7,01638480
2014-11-10,19.7,0.0,9.1,01638480
2014-11-11,19.3,0.0,11.5,01638480
2014-11-12,18.9,0.0,11.6,01638480
2014-11-13,18.3,0.8,4.8,01638480
2014-11-14,17.4,1.0,2.0,01638480
2014-11-15,16.8,0.0,1.4,01638480
2014-11-16,17.1,0.5,2.2,01638480
2014-11-17,21.0,20.1,4.5,01638480
2014-11-18,24.8,0.0,-1.0,01638480
2014-11-19,21.6,0.0,-2.8,01638480
2014-11-20,18.7,0.0,1.7,01638480
2014-11-21,17.4,0.0,-0.2,01638480
2014-11-22,16.1,0.0,0.4,01638480
2014-11-23,16.2,0.0,4.6,01638480
2014-11-24,26.8,7.4,14.9,01638480
2014-11-25,43.3,0.0,11.8,01638480
2014-11-26,99.2,25.1,4.2,01638480
2014-11-27,165.0,0.1,1.3,01638480
2014-11-28,105.0,0.0,-0.6,01638480
2014-11-29,68.6,0.0,0.5,01638480
2014-11-30,53.7,0.0,6.3,01638480
2014-12-01,46.3,4.0,12.5,01638480
2014-12-02,44.8,3.1,3.4,01638480
2014-12-03,64.5,3.2,5.8,01638480
2014-12-04,61.0,0.0,3.5,01638480
2014-12-05,50.2,5.7,3.0,01638480
2014-12-06,66.0,8.9,5.8,01638480
2014-12-07,237.0,2.6,3.9,01638480
2014-12-08,132.0,0.0,0.6,01638480
2014-12-09,220.0,17.7,1.8,01638480
2014-12-10,287.0,0.0,4.1,01638480
2014-12-11,194.0,0.0,1.4,01638480
2014-12-12,152.0,0.0,2.5,01638480
2014-12-13,124.0,0.0,2.6,01638480
2014-12-14,112.0,0.0,5.2,01638480
2014-12-15,98.5,0.0,7.8,01638480
2014-12-16,89.8,4.0,5.5,01638480
2014-12-17,91.2,0.0,5.9,01638480
2014-12-18,81.6,0.0,2.0,01638480
2014-12-19,72.5,0.0,1.3,01638480
2014-12-20,66.2,0.0,0.0,01638480
2014-12-21,64.2,0.0,1.0,01638480
2014-12-22,61.1,2.7,-0.4,01638480
2014-12-23,65.6,3.0,2.2,01638480
2014-12-24,265.0,18.2,6.6,01638480
2014-12-25,352.0,1.5,8.8,01638480
2014-12-26,268.0,0.0,4.4,01638480
2014-12-27,216.0,0.0,5.1,01638480
2014-12-28,185.0,1.8,8.0,01638480
2014-12-29,158.0,0.0,4.9,01638480
2014-12-30,136.0,0.0,1.8,01638480
2014-12-31,119.0,0.0,-1.1,01638480
2015-01-01,107.0,0.0,-0.7,01638480
2015-01-02,96.2,0.0,1.7,01638480
2015-01-03,89.4,5.1,0.9,01638480
2015-01-04,225.0,6.2,8.6,01638480
2015-01-05,262.0,0.4,2.9,01638480
2015-01-06,178.0,3.1,-2.4,01638480
2015-01-07,149.0,0.0,-6.1,01638480
2015-01-08,103.0,0.0,-10.5,01638480
2015-01-09,97.0,0.2,-3.2,01638480
2015-01-10,78.0,0.0,-7.4,01638480
2015-01-11,70.0,0.0,-4.3,01638480
2015-01-12,72.0,13.1,1.3,01638480
2015-01-13,120.0,3.1,-0.2,01638480
2015-01-14,111.0,1.0,-2.4,01638480
2015-01-15,93.4,0.0,-0.3,01638480
2015-01-16,87.4,0.0,0.4,01638480
2015-01-17,79.7,0.0,-0.4,01638480
2015-01-18,74.8,0.7,2.3,01638480
2015-01-19,74.3,0.0,2.2,01638480
2015-01-20,71.6,1.1,1.7,01638480
2015-01-21,68.7,2.9,0.1,01638480
2015-01-22,66.7,0.7,1.0,01638480
2015-01-23,67.1,0.2,0.8,01638480
2015-01-24,352.0,16.4,1.6,01638480
2015-01-25,296.0,0.0,2.9,01638480
2015-01-26,179.0,6.6,1.7,01638480
2015-01-27,158.0,2.7,-2.0,01638480
2015-01-28,125.0,0.0,-4.8,01638480
2015-01-29,113.0,0.7,-2.7,01638480
2015-01-30,103.0,0.3,0.6,01638480
2015-01-31,111.0,0.0,-6.3,01638480
2015-02-01,99.0,0.0,-1.3,01638480
2015-02-02,88.0,9.3,2.6,01638480
2015-02-03,92.6,0.0,-4.6,01638480
2015-02-04,83.4,0.0,0.2,01638480
2015-02-05,76.7,0.0,-1.0,01638480
2015-02-06,68.8,0.0,-4.0,01638480
2015-02-07,72.0,0.0,0.9,01638480
2015-02-08,74.0,0.0,3.8,01638480
2015-02-09,72.0,0.2,3.5,01638480
2015-02-10,73.0,2.3,0.7,01638480
2015-02-11,67.0,0.0,0.4,01638480
2015-02-12,60.9,0.1,1.0,01638480
2015-02-13,51.7,0.0,-7.2,01638480
2015-02-14,55.0,0.2,-2.8,01638480
2015-02-15,57.3,0.1,-11.0,01638480
2015-02-16,54.9,1.6,-12.2,01638480
2015-02-17,43.6,5.7,-7.6,01638480
2015-02-18,48.3,0.6,-6.1,01638480
2015-02-19,46.7,0.0,-10.5,01638480
2015-02-20,42.5,0.0,-13.8,01638480
2015-02-21,38.0,14.0,-9.5,01638480
2015-02-22,47.8,6.1,3.1,01638480
2015-02-23,74.8,0.0,-3.1,01638480
2015-02-24,65.1,0.0,-9.7,01638480
2015-02-25,62.1,0.0,-3.4,01638480
2015-02-26,62.8,2.1,-1.5,01638480
2015-02-27,60.7,0.0,-3.0,01638480
2015-02-28,50.2,0.0,-6.1,01638480
2015-03-01,50.0,4.4,-4.3,01638480
2015-03-02,60.1,0.9,0.9,01638480
2015-03-03,102.0,1.3,-2.7,01638480
2015-03-04,101.0,10.7,3.9,01638480
2015-03-05,823.0,35.8,-0.4,01638480
2015-03-06,280.0,0.2,-9.2,01638480
2015-03-07,186.0,0.0,-6.3,01638480
2015-03-08,237.0,0.0,3.4,01638480
2015-03-09,499.0,0.0,4.6,01638480
2015-03-10,580.0,8.2,4.6,01638480
2015-03-11,880.0,4.8,7.4,01638480
2015-03-12,468.0,0.0,6.8,01638480
2015-03-13,271.0,0.0,4.9,01638480
2015-03-14,390.0,16.2,7.3,01638480
2015-03-15,320.0,0.0,8.0,01638480
2015-03-16,220.0,0.0,8.4,01638480
2015-03-17,194.0,1.3,12.3,01638480
2015-03-18,154.0,0.0,3.1,01638480
2015-03-19,128.0,0.0,3.8,01638480
2015-03-20,140.0,17.7,2.5,01638480
2015-03-21,186.0,0.0,5.3,01638480
2015-03-22,171.0,0.0,6.6,01638480
2015-03-23,130.0,0.0,2.8,01638480
2015-03-24,111.0,0.0,2.8,01638480
2015-03-25,101.0,0.4,3.3,01638480
2015-03-26,97.6,0.9,11.7,01638480
2015-03-27,149.0,8.7,6.3,01638480
2015-03-28,141.0,0.0,0.7,01638480
2015-03-29,107.0,0.0,0.6,01638480
2015-03-30,95.5,0.3,6.3,01638480
2015-03-31,88.7,0.9,8.1,01638480
2015-04-01,82.6,0.0,7.1,01638480
2015-04-02,76.5,0.0,10.2,01638480
2015-04-03,75.3,10.9,15.8,01638480
2015-04-04,80.5,10.7,11.2,01638480
2015-04-05,69.8,0.0,9.3,01638480
2015-04-06,62.0,0.0,12.7,01638480
2015-04-07,59.7,2.8,16.3,01638480
2015-04-08,70.7,5.4,10.9,01638480
2015-04-09,78.4,4.4,7.6,01638480
2015-04-10,102.0,1.1,10.6,01638480
2015-04-11,85.3,0.0,12.7,01638480
2015-04-12,67.8,0.0,11.1,01638480
2015-04-13,60.6,0.0,15.5,01638480
2015-04-14,63.2,11.0,14.4,01638480
2015-04-15,76.6,0.0,13.0,01638480
2015-04-16,64.6,0.0,13.9,01638480
2015-04-17,59.7,0.7,16.5,01638480
2015-04-18,65.2,0.0,18.4,01638480
2015-04-19,69.7,0.6,15.8,01638480
2015-04-20,355.0,30.3,16.1,01638480
2015-04-21,400.0,4.6,14.4,01638480
2015-04-22,250.0,0.8,12.4,01638480
2015-04-23,180.0,0.0,8.2,01638480
2015-04-24,150.0,0.0,7.2,01638480
2015-04-25,140.0,0.5,7.3,01638480
2015-04-26,160.0,6.2,9.1,01638480
2015-04-27,110.0,0.1,10.1,01638480
2015-04-28,85.0,0.0,11.5,01638480
2015-04-29,75.2,0.0,14.4,01638480
2015-04-30,70.0,1.1,15.2,01638480
2015-05-01,71.3,2.0,13.1,01638480
2015-05-02,66.7,1.5,14.5,01638480
2015-05-03,59.2,0.0,17.4,01638480
2015-05-04,55.8,0.0,19.3,01638480
2015-05-05,50.6,3.6,20.5,01638480
2015-05-06,49.9,0.9,20.4,01638480
2015-05-07,49.3,0.7,19.5,01638480
2015-05-08,45.8,0.0,21.4,01638480
2015-05-09,42.7,0.0,20.5,01638480
2015-05-10,40.7,0.0,21.8,01638480
2015-05-11,38.8,0.0,22.6,01638480
2015-05-12,36.5,0.0,23.6,01638480
2015-05-13,32.0,0.0,17.3,01638480
2015-05-14,29.2,0.0,14.7,01638480
2015-05-15,28.9,0.0,17.7,01638480
2015-05-16,29.2,3.7,22.2,01638480
2015-05-17,54.8,4.0,22.1,01638480
2015-05-18,46.2,3.2,24.3,01638480
2015-05-19,74.6,5.7,23.8,01638480
2015-05-20,50.0,0.0,18.3,01638480
2015-05-21,36.3,3.3,13.0,01638480
2015-05-22,33.5,0.0,15.5,01638480
2015-05-23,28.9,0.0,15.9,01638480
2015-05-24,25.2,0.0,18.9,01638480
2015-05-25,23.9,0.0,22.4,01638480
2015-05-26,22.1,0.0,24.0,01638480
2015-05-27,23.7,0.2,25.2,01638480
2015-05-28,31.5,0.0,25.2,01638480
2015-05-29,23.2,0.0,24.5,01638480
2015-05-30,19.7,0.0,25.4,01638480
2015-05-31,19.0,0.3,25.8,01638480
2015-06-01,36.2,4.9,24.0,01638480
2015-06-02,108.0,17.8,17.0,01638480
2015-06-03,58.4,0.0,15.4,01638480
2015-06-04,51.8,3.7,14.9,01638480
2015-06-05,83.7,1.5,16.8,01638480
2015-06-06,61.1,0.2,20.6,01638480
2015-06-07,43.6,0.0,20.1,01638480
2015-06-08,35.8,8.4,23.2,01638480
2015-06-09,32.7,2.8,23.6,01638480
2015-06-10,29.3,0.0,22.8,01638480
2015-06-11,25.2,0.4,25.5,01638480
2015-06-12,21.8,1.6,27.0,01638480
2015-06-13,19.1,3.6,26.0,01638480
2015-06-14,19.0,4.8,25.9,01638480
2015-06-15,18.9,1.5,26.5,01638480
2015-06-16,21.4,0.0,27.1,01638480
2015-06-17,17.9,0.4,24.6,01638480
2015-06-18,21.2,16.4,24.5,01638480
2015-06-19,25.0,3.1,25.1,01638480
2015-06-20,50.7,4.6,25.1,01638480
2015-06-21,232.0,6.8,26.1,01638480
2015-06-22,115.0,0.0,26.5,01638480
2015-06-23,71.0,2.2,27.2,01638480
2015-06-24,135.0,0.0,24.2,01638480
2015-06-25,80.0,0.2,23.4,01638480
2015-06-26,51.9,18.8,21.7,01638480
2015-06-27,246.0,31.6,20.1,01638480
2015-06-28,719.0,9.6,19.8,01638480
2015-06-29,280.0,0.0,20.5,01638480
2015-06-30,176.0,1.0,23.0,01638480
2015-07-01,119.0,0.0,23.6,01638480
2015-07-02,67.9,9.9,21.0,01638480
2015-07-03,66.2,0.8,21.3,01638480
2015-07-04,86.1,9.9,21.5,01638480
2015-07-05,100.0,1.7,22.7,01638480
2015-07-06,68.7,6.6,23.2,01638480
2015-07-07,67.0,0.1,25.4,01638480
2015-07-08,55.8,16.5,24.6,01638480
2015-07-09,85.4,0.2,25.8,01638480
2015-07-10,54.4,0.0,24.2,01638480
2015-07-11,42.5,7.7,24.3,01638480
2015-07-12,35.5,0.0,23.4,01638480
2015-07-13,31.6,2.3,22.6,01638480
2015-07-14,33.5,7.2,23.5,01638480
2015-07-15,35.4,2.3,23.7,01638480
2015-07-16,28.7,0.0,21.9,01638480
2015-07-17,23.5,0.0,22.9,01638480
2015-07-18,23.4,0.0,26.2,01638480
2015-07-19,24.8,0.0,27.8,01638480
2015-07-20,21.8,0.0,28.2,01638480
2015-07-21,16.8,1.3,27.2,01638480
2015-07-22,15.2,0.0,24.6,01638480
2015-07-23,12.4,0.0,23.5,01638480
2015-07-24,10.9,0.0,23.6,01638480
2015-07-25,9.29,0.0,24.8,01638480
2015-07-26,8.13,0.0,26.2,01638480
2015-07-27,10.9,7.7,26.1,01638480
2015-07-28,8.84,0.1,26.1,01638480
2015-07-29,7.78,0.5,26.2,01638480
2015-07-30,8.19,2.1,27.3,01638480
2015-07-31,10.3,0.0,26.7,01638480
2015-08-01,9.48,0.0,26.2,01638480
2015-08-02,6.43,0.0,25.4,01638480
2015-08-03,4.62,0.0,26.3,01638480
2015-08-04,5.29,0.0,26.8,01638480
2015-08-05,10.7,0.0,26.4,01638480
2015-08-06,9.39,5.0,23.4,01638480
2015-08-07,5.41,7.2,22.0,01638480
2015-08-08,5.19,0.0,23.6,01638480
2015-08-09,4.61,0.1,24.5,01638480
2015-08-10,3.81,0.4,23.7,01638480
2015-08-11,3.79,23.7,24.0,01638480
2015-08-12,3.99,0.0,23.6,01638480
2015-08-13,3.62,0.0,22.4,01638480
2015-08-14,2.49,0.0,23.1,01638480
2015-08-15,2.32,0.0,25.1,01638480
2015-08-16,2.54,0.0,26.3,01638480
2015-08-17,2.87,0.0,27.4,01638480
2015-08-18,3.1,0.3,26.6,01638480
2015-08-19,3.22,3.0,25.8,01638480
2015-08-20,16.3,6.9,25.1,01638480
2015-08-21,57.6,6.8,23.9,01638480
2015-08-22,21.6,0.0,22.7,01638480
2015-08-23,12.0,0.0,22.7,01638480
2015-08-24,8.48,0.0,25.3,01638480
2015-08-25,24.7,0.0,24.0,01638480
2015-08-26,21.5,0.0,21.6,01638480
2015-08-27,16.0,0.0,20.7,01638480
2015-08-28,12.8,0.0,21.9,01638480
2015-08-29,11.0,0.0,24.2,01638480
2015-08-30,9.85,0.0,25.4,01638480
2015-08-31,8.54,0.0,26.4,01638480
2015-09-01,7.57,0.0,27.2,01638480
2015-09-02,6.39,17.1,26.7,01638480
2015-09-03,5.92,1.3,25.7,01638480
2015-09-04,7.3,3.0,26.1,01638480
2015-09-05,7.63,0.2,25.0,01638480
2015-09-06,6.91,0.0,24.0,01638480
2015-09-07,6.85,0.0,24.6,01638480
2015-09-08,6.46,0.0,26.4,01638480
2015-09-09,6.11,0.0,27.0,01638480
2015-09-10,6.65,6.1,22.6,01638480
2015-09-11,7.58,0.0,21.8,01638480
2015-09-12,10.0,9.7,20.2,01638480
2015-09-13,14.2,0.0,18.0,01638480
2015-09-14,10.4,0.0,17.6,01638480
2015-09-15,8.96,0.0,20.0,01638480
2015-09-16,8.05,0.0,21.2,01638480
2015-09-17,7.6,0.0,22.1,01638480
2015-09-18,7.18,0.0,22.4,01638480
2015-09-19,7.26,0.0,23.0,01638480
2015-09-20,7.09,0.0,21.9,01638480
2015-09-21,6.9,3.2,17.9,01638480
2015-09-22,8.17,4.4,17.6,01638480
2015-09-23,9.34,0.0,18.8,01638480
2015-09-24,9.15,0.0,19.5,01638480
2015-09-25,8.85,0.0,19.0,01638480
2015-09-26,9.16,0.0,19.0,01638480
2015-09-27,8.63,3.0,17.7,01638480
2015-09-28,8.52,1.9,20.0,01638480
2015-09-29,259.0,22.4,20.9,01638480
2015-09-30,1060.0,39.8,21.1,01638480
2015-10-01,64.9,3.3,14.3,01638480
2015-10-02,75.8,15.2,11.5,01638480
2015-10-03,275.0,34.8,9.2,01638480
2015-10-04,100.0,0.4,12.6,01638480
2015-10-05,60.8,0.0,14.2,01638480
2015-10-06,40.3,0.0,15.3,01638480
2015-10-07,29.3,0.0,18.2,01638480
2015-10-08,26.8,0.0,18.4,01638480
2015-10-09,24.9,2.5,19.5,01638480
2015-10-10,24.1,0.6,15.7,01638480
2015-10-11,23.2,0.0,13.8,01638480
2015-10-12,22.0,0.0,15.5,01638480
2015-10-13,20.3,0.4,17.3,01638480
2015-10-14,20.0,0.0,15.8,01638480
2015-10-15,18.8,0.0,13.9,01638480
2015-10-16,17.8,0.0,12.7,01638480
2015-10-17,17.6,0.0,9.8,01638480
2015-10-18,17.0,0.0,6.6,01638480
2015-10-19,16.5,0.0,6.9,01638480
2015-10-20,16.2,0.0,11.4,01638480
2015-10-21,17.3,0.0,14.6,01638480
2015-10-22,16.7,0.0,16.5,01638480
2015-10-23,16.0,0.0,15.8,01638480
2015-10-24,16.0,0.0,11.9,01638480
2015-10-25,15.6,0.1,15.2,01638480
2015-10-26,16.6,0.0,11.3,01638480
2015-10-27,18.4,0.3,9.3,01638480
2015-10-28,39.1,17.5,14.3,01638480
2015-10-29,163.0,1.2,17.1,01638480
2015-10-30,45.2,0.0,10.7,01638480
2015-10-31,35.9,0.0,9.6,01638480
2015-11-01,34.4,0.6,13.7,01638480
2015-11-02,34.3,0.0,14.5,01638480
2015-11-03,33.7,0.0,13.3,01638480
2015-11-04,33.5,0.0,15.0,01638480
2015-11-05,34.0,0.0,17.3,01638480
2015-11-06,34.9,0.6,19.2,01638480
2015-11-07,35.7,0.1,16.2,01638480
2015-11-08,36.5,0.0,10.7,01638480
2015-11-09,38.0,4.9,7.4,01638480
2015-11-10,60.3,13.8,10.1,01638480
2015-11-11,71.5,0.0,12.1,01638480
2015-11-12,64.3,4.8,11.2,01638480
2015-11-13,68.7,0.0,12.1,01638480
2015-11-14,63.4,0.0,7.4,01638480
2015-11-15,61.5,0.0,8.3,01638480
2015-11-16,61.4,0.0,10.9,01638480
2015-11-17,62.3,0.0,10.2,01638480
2015-11-18,62.8,0.3,11.8,01638480
2015-11-19,79.4,16.3,15.8,01638480
2015-11-20,96.1,0.0,10.5,01638480
2015-11-21,83.0,0.0,6.3,01638480
2015-11-22,81.0,0.0,6.4,01638480
2015-11-23,80.0,0.0,2.0,01638480
2015-11-24,80.2,0.0,3.9,01638480
2015-11-25,80.9,0.0,5.2,01638480
2015-11-26,82.3,0.0,7.7,01638480
2015-11-27,83.4,0.0,11.0,01638480
2015-11-28,86.6,1.3,11.7,01638480
2015-11-29,94.5,9.5,8.7,01638480
2015-11-30,103.0,2.3,4.8,01638480
2015-12-01,154.0,18.1,5.7,01638480
2015-12-02,196.0,11.0,9.4,01638480
2015-12-03,166.0,0.0,6.9,01638480
2015-12-04,130.0,0.0,4.9,01638480
2015-12-05,111.0,0.0,4.6,01638480
2015-12-06,97.8,0.0,4.7,01638480
2015-12-07,88.3,0.0,4.3,01638480
2015-12-08,80.5,0.0,5.2,01638480
2015-12-09,73.7,0.0,5.9,01638480
2015-12-10,67.3,0.6,8.5,01638480
2015-12-11,60.8,0.0,10.6,01638480
2015-12-12,54.7,0.0,12.3,01638480
2015-12-13,51.4,0.0,14.3,01638480
2015-12-14,49.1,2.7,15.8,01638480
2015-12-15,50.2,2.0,14.1,01638480
2015-12-16,43.9,0.0,8.3,01638480
2015-12-17,54.3,11.9,8.4,01638480
2015-12-18,93.2,0.0,5.9,01638480
2015-12-19,50.0,0.0,1.6,01638480
2015-12-20,37.8,0.0,1.5,01638480
2015-12-21,35.6,0.4,5.2,01638480
2015-12-22,39.8,5.0,11.3,01638480
2015-12-23,93.8,14.3,12.7,01638480
2015-12-24,202.0,3.9,18.5,01638480
2015-12-25,617.0,16.2,15.1,01638480
2015-12-26,747.0,3.2,13.4,01638480
2015-12-27,212.0,0.2,14.5,01638480
2015-12-28,148.0,3.1,8.0,01638480
2015-12-29,507.0,9.0,7.8,01638480
2015-12-30,244.0,0.0,8.8,01638480
2015-12-31,176.0,1.6,9.0,01638480
2016-01-01,140.0,0.0,4.5,01638480
2016-01-02,117.0,0.0,2.5,01638480
2016-01-03,102.0,0.0,3.1,01638480
2016-01-04,89.8,0.0,0.7,01638480
2016-01-05,74.0,0.0,-5.0,01638480
2016-01-06,69.0,0.0,-2.7,01638480
2016-01-07,67.0,0.0,0.3,01638480
2016-01-08,66.0,0.2,1.4,01638480
2016-01-09,67.1,0.7,4.6,01638480
2016-01-10,859.0,18.4,9.0,01638480
2016-01-11,276.0,0.0,-0.1,01638480
2016-01-12,169.0,0.3,-0.1,01638480
2016-01-13,127.0,0.0,-4.2,01638480
2016-01-14,104.0,0.0,-0.1,01638480
2016-01-15,101.0,0.6,3.1,01638480
2016-01-16,180.0,12.1,5.2,01638480
2016-01-17,127.0,0.5,1.0,01638480
2016-01-18,96.9,0.0,-4.5,01638480
2016-01-19,78.0,0.0,-7.7,01638480
2016-01-20,85.0,0.0,-5.2,01638480
2016-01-21,70.0,0.0,-3.0,01638480
2016-01-22,70.0,6.8,-4.3,01638480
2016-01-23,56.5,54.9,-4.9,01638480
2016-01-24,201.0,1.6,-4.5,01638480
2016-01-25,194.0,0.0,-5.7,01638480
2016-01-26,134.0,0.0,2.4,01638480
2016-01-27,117.0,0.0,2.2,01638480
2016-01-28,107.0,0.0,-3.8,01638480
2016-01-29,93.0,0.3,0.0,01638480
2016-01-30,77.6,0.0,-3.1,01638480
2016-01-31,72.6,0.0,4.0,01638480
2016-02-01,118.0,4.5,4.9,01638480
2016-02-02,313.0,0.0,1.7,01638480
2016-02-03,1180.0,10.5,6.4,01638480
2016-02-04,2070.0,0.1,5.7,01638480
2016-02-05,872.0,0.0,2.3,01638480
2016-02-06,483.0,0.0,0.7,01638480
2016-02-07,353.0,0.0,2.0,01638480
2016-02-08,286.0,0.0,2.3,01638480
2016-02-09,289.0,5.3,1.7,01638480
2016-02-10,272.0,0.2,-1.0,01638480
2016-02-11,202.0,0.0,-4.8,01638480
2016-02-12,163.0,0.1,-5.5,01638480
2016-02-13,146.0,0.7,-6.1,01638480
2016-02-14,126.0,0.0,-8.7,01638480
2016-02-15,125.0,4.5,-4.8,01638480
2016-02-16,1120.0,33.3,3.2,01638480
2016-02-17,629.0,0.0,2.1,01638480
2016-02-18,316.0,0.0,-0.5,01638480
2016-02-19,234.0,0.0,-0.6,01638480
2016-02-20,231.0,0.0,7.9,01638480
2016-02-21,287.0,9.6,6.7,01638480
2016-02-22,308.0,0.0,5.4,01638480
2016-02-23,273.0,7.4,3.3,01638480
2016-02-24,778.0,24.4,6.0,01638480
2016-02-25,959.0,17.3,8.1,01638480
2016-02-26,374.0,0.0,1.6,01638480
2016-02-27,280.0,0.0,1.2,01638480
2016-02-28,239.0,0.0,6.2,01638480
2016-02-29,209.0,0.0,10.4,01638480
2016-03-01,181.0,0.0,8.9,01638480
2016-03-02,169.0,3.2,6.3,01638480
2016-03-03,151.0,0.0,0.5,01638480
2016-03-04,148.0,2.0,1.6,01638480
2016-03-05,141.0,0.0,1.8,01638480
2016-03-06,131.0,0.3,3.8,01638480
2016-03-07,122.0,0.0,7.1,01638480
2016-03-08,114.0,0.0,12.4,01638480
2016-03-09,108.0,0.0,15.3,01638480
2016-03-10,103.0,0.0,17.5,01638480
2016-03-11,98.4,0.4,16.8,01638480
2016-03-12,91.0,0.9,11.1,01638480
2016-03-13,96.0,7.4,11.6,01638480
2016-03-14,226.0,10.0,9.3,01638480
2016-03-15,156.0,1.5,10.2,01638480
2016-03-16,128.0,0.0,14.4,01638480
2016-03-17,113.0,0.2,13.0,01638480
2016-03-18,104.0,0.0,11.0,01638480
2016-03-19,101.0,6.8,5.5,01638480
2016-03-20,140.0,0.8,3.7,01638480
2016-03-21,117.0,0.0,4.3,01638480
2016-03-22,99.8,0.0,6.2,01638480
2016-03-23,94.7,0.0,13.1,01638480
2016-03-24,91.2,0.0,14.8,01638480
2016-03-25,90.1,0.2,17.3,01638480
2016-03-26,84.8,0.0,8.8,01638480
2016-03-27,82.6,0.0,10.4,01638480
2016-03-28,105.0,7.7,11.7,01638480
2016-03-29,104.0,0.0,9.3,01638480
2016-03-30,78.8,0.0,8.6,01638480
2016-03-31,74.2,0.0,15.1,01638480
2016-04-01,75.3,1.6,20.0,01638480
2016-04-02,76.9,2.8,13.6,01638480
2016-04-03,73.1,0.3,5.4,01638480
2016-04-04,66.4,1.2,10.3,01638480
2016-04-05,64.1,0.0,4.3,01638480
2016-04-06,54.8,0.0,4.8,01638480
2016-04-07,83.9,14.1,10.4,01638480
2016-04-08,110.0,0.0,6.6,01638480
2016-04-09,79.2,1.9,4.6,01638480
2016-04-10,68.0,0.0,3.1,01638480
2016-04-11,64.8,2.9,11.3,01638480
2016-04-12,63.0,1.2,14.4,01638480
2016-04-13,59.2,0.0,8.1,01638480
2016-04-14,54.5,0.0,9.8,01638480
2016-04-15,52.1,0.0,10.7,01638480
2016-04-16,52.0,0.0,12.5,01638480
2016-04-17,48.4,0.0,14.0,01638480
2016-04-18,47.3,0.0,17.4,01638480
2016-04-19,46.0,0.4,18.6,01638480
2016-04-20,42.8,0.0,14.9,01638480
2016-04-21,41.3,0.5,15.6,01638480
2016-04-22,42.3,1.7,17.8,01638480
2016-04-23,47.5,5.2,15.7,01638480
2016-04-24,47.7,0.0,13.4,01638480
2016-04-25,40.3,0.0,16.7,01638480
2016-04-26,38.8,1.3,20.7,01638480
2016-04-27,36.6,2.0,15.6,01638480
2016-04-28,44.5,5.9,11.9,01638480
2016-04-29,58.0,0.2,9.8,01638480
2016-04-30,48.5,0.7,11.7,01638480
2016-05-01,74.0,16.7,11.8,01638480
2016-05-02,120.0,0.2,17.1,01638480
2016-05-03,343.0,14.3,17.0,01638480
2016-05-04,916.0,9.6,14.5,01638480
2016-05-05,299.0,4.4,11.6,01638480
2016-05-06,378.0,15.7,10.9,01638480
2016-05-07,476.0,3.7,12.3,01638480
2016-05-08,278.0,1.9,15.2,01638480
2016-05-09,213.0,1.6,13.0,01638480
2016-05-10,183.0,5.2,13.5,01638480
2016-05-11,184.0,2.4,13.5,01638480
2016-05-12,179.0,0.0,16.0,01638480
2016-05-13,157.0,6.4,18.9,01638480
2016-05-14,145.0,4.2,16.0,01638480
2016-05-15,138.0,0.0,10.3,01638480
2016-05-16,114.0,0.0,10.6,01638480
2016-05-17,105.0,5.1,11.4,01638480
2016-05-18,107.0,0.8,12.3,01638480
2016-05-19,93.8,0.0,14.8,01638480
2016-05-20,84.5,0.0,16.5,01638480
2016-05-21,118.0,16.9,13.8,01638480
2016-05-22,173.0,8.1,12.1,01638480
2016-05-23,270.0,5.3,15.8,01638480
2016-05-24,155.0,0.0,19.3,01638480
2016-05-25,121.0,0.0,21.4,01638480
2016-05-26,105.0,0.0,22.8,01638480
2016-05-27,95.5,0.0,24.4,01638480
2016-05-28,86.5,0.0,25.2,01638480
2016-05-29,79.6,0.0,23.7,01638480
2016-05-30,79.0,7.5,22.3,01638480
2016-05-31,71.0,0.0,23.9,01638480
2016-06-01,64.1,0.0,24.3,01638480
2016-06-02,59.8,0.0,23.4,01638480
2016-06-03,60.9,11.4,22.5,01638480
2016-06-04,59.0,2.3,23.1,01638480
2016-06-05,56.4,10.0,23.1,01638480
2016-06-06,56.4,0.0,23.2,01638480
2016-06-07,49.3,1.5,22.7,01638480
2016-06-08,42.3,0.7,17.5,01638480
2016-06-09,38.2,0.0,18.0,01638480
2016-06-10,36.6,0.0,20.4,01638480
2016-06-11,35.1,0.2,24.8,01638480
2016-06-12,33.3,0.0,27.1,01638480
2016-06-13,29.7,0.0,20.8,01638480
2016-06-14,29.0,0.0,21.9,01638480
2016-06-15,29.5,1.8,21.5,01638480
2016-06-16,35.0,7.0,23.7,01638480
2016-06-17,160.0,37.9,21.8,01638480
2016-06-18,64.5,0.0,22.8,01638480
2016-06-19,39.0,0.0,23.6,01638480
2016-06-20,31.7,0.0,24.7,01638480
2016-06-21,32.9,3.2,25.6,01638480
2016-06-22,202.0,0.0,24.6,01638480
2016-06-23,81.2,20.6,22.6,01638480
2016-06-24,70.3,4.4,23.0,01638480
2016-06-25,47.5,0.0,23.3,01638480
2016-06-26,38.8,0.0,23.9,01638480
2016-06-27,33.6,3.1,23.2,01638480
2016-06-28,31.6,0.6,25.6,01638480
2016-06-29,29.7,0.0,23.2,01638480
2016-06-30,26.7,0.0,22.2,01638480
2016-07-01,24.8,0.7,24.4,01638480
2016-07-02,23.5,0.0,23.2,01638480
2016-07-03,21.5,1.2,20.6,01638480
2016-07-04,23.1,10.9,19.5,01638480
2016-07-05,88.9,12.5,24.5,01638480
2016-07-06,56.9,0.1,27.1,01638480
2016-07-07,32.0,0.3,27.3,01638480
2016-07-08,25.9,7.7,26.5,01638480
2016-07-09,23.5,0.0,27.1,01638480
2016-07-10,21.1,0.0,24.5,01638480
2016-07-11,19.3,0.0,24.2,01638480
2016-07-12,18.2,0.1,25.4,01638480
2016-07-13,18.3,0.7,27.1,01638480
2016-07-14,52.3,0.0,29.1,01638480
2016-07-15,19.9,0.0,28.5,01638480
2016-07-16,17.7,1.3,27.3,01638480
2016-07-17,17.3,0.0,26.8,01638480
2016-07-18,17.8,1.3,27.5,01638480
2016-07-19,24.6,0.0,27.2,01638480
2016-07-20,19.2,0.0,26.2,01638480
2016-07-21,15.2,0.0,26.8,01638480
2016-07-22,13.9,0.0,28.4,01638480
2016-07-23,13.3,0.3,29.8,01638480
2016-07-24,12.9,0.0,30.3,01638480
2016-07-25,13.6,0.0,32.0,01638480
2016-07-26,12.3,0.0,30.1,01638480
2016-07-27,12.2,1.7,29.2,01638480
2016-07-28,12.2,14.0,27.7,01638480
2016-07-29,70.5,15.9,25.7,01638480
2016-07-30,62.0,10.8,26.0,01638480
2016-07-31,242.0,12.8,25.4,01638480
2016-08-01,116.0,1.8,26.4,01638480
2016-08-02,38.4,0.2,25.9,01638480
2016-08-03,26.3,0.9,24.1,01638480
2016-08-04,23.1,0.0,23.9,01638480
2016-08-05,20.3,1.5,23.8,01638480
2016-08-06,19.5,1.4,26.1,01638480
2016-08-07,20.5,0.0,25.5,01638480
2016-08-08,18.6,0.0,25.1,01638480
2016-08-09,16.7,0.0,23.7,01638480
2016-08-10,15.8,0.0,27.1,01638480
2016-08-11,15.3,4.5,28.5,01638480
2016-08-12,14.2,6.2,29.0,01638480
2016-08-13,13.1,1.1,29.1,01638480
2016-08-14,13.7,0.3,29.9,01638480
2016-08-15,17.1,5.9,27.7,01638480
2016-08-16,21.4,1.2,27.5,01638480
2016-08-17,66.9,1.0,28.1,01638480
2016-08-18,78.2,12.4,26.0,01638480
2016-08-19,34.3,0.0,26.6,01638480
2016-08-20,21.4,0.0,26.8,01638480
2016-08-21,17.3,11.6,25.3,01638480
2016-08-22,16.1,0.0,23.7,01638480
2016-08-23,15.0,0.0,22.8,01638480
2016-08-24,13.1,0.0,24.1,01638480
2016-08-25,12.6,0.0,26.2,01638480
2016-08-26,12.1,0.0,28.5,01638480
2016-08-27,11.6,0.0,27.9,01638480
2016-08-28,10.5,0.0,27.0,01638480
2016-08-29,10.1,0.0,27.4,01638480
2016-08-30,9.68,0.0,26.6,01638480
2016-08-31,9.53,0.1,26.8,01638480
2016-09-01,9.75,2.4,25.3,01638480
2016-09-02,10.7,0.0,22.8,01638480
2016-09-03,10.2,0.0,22.7,01638480
2016-09-04,9.78,0.0,22.8,01638480
2016-09-05,8.85,0.0,23.9,01638480
2016-09-06,8.38,0.0,26.4,01638480
2016-09-07,8.33,0.9,27.9,01638480
2016-09-08,8.55,5.4,27.9,01638480
2016-09-09,9.84,0.0,29.1,01638480
2016-09-10,9.63,0.0,29.3,01638480
2016-09-11,8.33,0.0,27.0,01638480
2016-09-12,7.45,0.0,23.2,01638480
2016-09-13,6.74,0.0,24.4,01638480
2016-09-14,6.4,0.0,26.5,01638480
2016-09-15,6.54,0.7,23.1,01638480
2016-09-16,6.09,0.0,21.3,01638480
2016-09-17,5.63,0.3,22.8,01638480
2016-09-18,5.66,5.7,24.4,01638480
2016-09-19,6.52,15.9,22.7,01638480
2016-09-20,10.9,0.0,22.9,01638480
2016-09-21,12.8,0.0,23.7,01638480
2016-09-22,11.1,0.0,23.5,01638480
2016-09-23,10.1,0.0,24.3,01638480
2016-09-24,8.83,0.0,22.2,01638480
2016-09-25,7.7,0.0,17.9,01638480
2016-09-26,6.99,0.2,18.3,01638480
2016-09-27,6.81,7.7,19.6,01638480
2016-09-28,7.47,29.0,17.6,01638480
2016-09-29,323.0,78.1,18.1,01638480
2016-09-30,173.0,10.9,15.2,01638480
2016-10-01,119.0,8.6,15.7,01638480
2016-10-02,83.9,0.0,17.6,01638480
2016-10-03,37.8,0.0,18.3,01638480
2016-10-04,24.4,0.0,17.5,01638480
2016-10-05,19.6,0.0,16.8,01638480
2016-10-06,16.3,0.0,15.9,01638480
2016-10-07,15.4,3.2,17.0,01638480
2016-10-08,16.2,11.5,17.4,01638480
2016-10-09,23.7,0.1,15.3,01638480
2016-10-10,18.8,0.0,12.7,01638480
2016-10-11,13.5,0.0,12.0,01638480
2016-10-12,12.1,0.0,13.7,01638480
2016-10-13,12.2,0.0,14.8,01638480
2016-10-14,10.5,0.0,12.6,01638480
2016-10-15,9.83,0.0,13.2,01638480
2016-10-16,9.34,0.0,15.9,01638480
2016-10-17,9.16,0.0,19.5,01638480
2016-10-18,9.3,0.0,21.0,01638480
2016-10-19,7.98,0.1,22.3,01638480
2016-10-20,8.32,1.4,22.7,01638480
2016-10-21,9.98,1.9,20.2,01638480
2016-10-22,9.1,0.1,12.0,01638480
2016-10-23,10.7,0.0,12.0,01638480
2016-10-24,11.9,0.0,14.9,01638480
2016-10-25,9.57,0.0,10.7,01638480
2016-10-26,9.12,0.0,9.0,01638480
2016-10-27,8.86,3.8,11.3,01638480
2016-10-28,9.61,0.0,12.3,01638480
2016-10-29,10.2,0.0,13.3,01638480
2016-10-30,10.4,4.8,19.4,01638480
2016-10-31,10.0,0.0,12.9,01638480
2016-11-01,9.35,0.3,11.1,01638480
2016-11-02,8.95,0.0,15.7,01638480
2016-11-03,12.9,0.5,17.9,01638480
2016-11-04,7.05,0.0,13.7,01638480
2016-11-05,6.02,0.0,11.0,01638480
2016-11-06,6.12,0.0,12.4,01638480
2016-11-07,5.69,0.0,10.4,01638480
2016-11-08,7.25,0.0,10.9,01638480
2016-11-09,6.84,10.6,12.3,01638480
2016-11-10,7.11,0.0,10.1,01638480
2016-11-11,8.4,0.0,11.8,01638480
2016-11-12,8.18,0.0,6.6,01638480
2016-11-13,7.94,0.0,6.5,01638480
2016-11-14,8.83,0.0,7.4,01638480
2016-11-15,6.8,1.5,9.7,01638480
2016-11-16,8.09,0.0,9.6,01638480
2016-11-17,8.43,0.0,10.2,01638480
2016-11-18,8.8,0.0,10.9,01638480
2016-11-19,8.09,0.9,11.3,01638480
2016-11-20,9.08,0.2,3.5,01638480
2016-11-21,6.0,0.0,1.9,01638480
2016-11-22,7.08,0.0,2.9,01638480
2016-11-23,6.71,0.6,3.4,01638480
2016-11-24,7.04,0.0,6.8,01638480
2016-11-25,6.63,2.5,9.5,01638480
2016-11-26,11.0,0.2,7.1,01638480
2016-11-27,8.15,0.0,5.2,01638480
2016-11-28,7.87,0.0,4.8,01638480
2016-11-29,8.3,16.5,10.1,01638480
2016-11-30,13.3,9.0,12.9,01638480
2016-12-01,96.0,8.6,11.7,01638480
2016-12-02,46.5,0.0,5.9,01638480
2016-12-03,26.2,0.0,5.1,01638480
2016-12-04,20.9,0.0,4.2,01638480
2016-12-05,21.0,3.9,5.9,01638480
2016-12-06,25.9,17.2,4.2,01638480
2016-12-07,112.0,1.3,5.5,01638480
2016-12-08,58.8,0.0,3.2,01638480
2016-12-09,35.5,0.0,0.1,01638480
2016-12-10,26.7,0.0,-1.0,01638480
2016-12-11,23.3,0.0,-1.0,01638480
2016-12-12,23.3,5.5,4.3,01638480
2016-12-13,23.7,0.0,2.9,01638480
2016-12-14,21.6,0.0,2.7,01638480
2016-12-15,20.5,0.0,-3.0,01638480
2016-12-16,17.5,0.0,-6.7,01638480
2016-12-17,18.5,7.5,0.1,01638480
2016-12-18,24.2,5.1,8.0,01638480
2016-12-19,27.6,0.0,-0.5,01638480
2016-12-20,26.4,0.0,-1.2,01638480
2016-12-21,24.7,0.0,1.0,01638480
2016-12-22,22.0,0.0,3.8,01638480
2016-12-23,20.1,0.0,2.5,01638480
2016-12-24,22.8,6.3,5.4,01638480
2016-12-25,30.3,0.0,5.8,01638480
2016-12-26,27.4,0.2,5.1,01638480
2016-12-27,24.5,0.0,11.6,01638480
2016-12-28,23.2,0.0,5.9,01638480
2016-12-29,22.5,4.5,4.4,01638480
2016-12-30,23.8,0.1,2.2,01638480
2016-12-31,21.9,0.0,1.7,01638480
2017-01-01,20.0,0.0,5.5,01638480
2017-01-02,22.0,6.3,4.0,01638480
2017-01-03,171.0,14.7,4.3,01638480
2017-01-04,223.0,1.3,6.6,01638480
2017-01-05,90.3,0.4,-1.9,01638480
2017-01-06,63.6,2.9,-2.6,01638480
2017-01-07,47.7,1.2,-6.0,01638480
2017-01-08,43.9,0.0,-9.0,01638480
2017-01-09,40.6,0.0,-8.1,01638480
2017-01-10,37.1,0.3,-4.2,01638480
2017-01-11,37.1,1.7,5.3,01638480
2017-01-12,46.2,7.6,10.7,01638480
2017-01-13,45.1,1.1,7.4,01638480
2017-01-14,36.8,4.7,0.6,01638480
2017-01-15,44.2,2.3,1.5,01638480
2017-01-16,44.7,0.0,1.1,01638480
2017-01-17,41.6,7.1,4.4,01638480
2017-01-18,49.7,2.8,7.6,01638480
2017-01-19,46.3,0.0,5.3,01638480
2017-01-20,40.6,1.9,4.0,01638480
2017-01-21,39.1,0.0,7.5,01638480
2017-01-22,39.5,1.0,8.0,01638480
2017-01-23,395.0,22.5,5.6,01638480
2017-01-24,524.0,3.7,3.5,01638480
2017-01-25,177.0,0.0,7.4,01638480
2017-01-26,122.0,0.2,7.9,01638480
2017-01-27,93.7,0.0,2.9,01638480
2017-01-28,78.4,0.0,1.4,01638480
2017-01-29,69.3,0.0,2.1,01638480
2017-01-30,63.6,0.9,-0.5,01638480
2017-01-31,57.0,0.2,0.8,01638480
2017-02-01,52.3,0.0,4.3,01638480
2017-02-02,48.2,0.0,3.1,01638480
2017-02-03,44.3,0.1,-1.5,01638480
2017-02-04,40.6,0.0,-2.9,01638480
2017-02-05,38.8,0.6,2.1,01638480
2017-02-06,38.8,0.0,5.5,01638480
2017-02-07,38.0,3.8,11.1,01638480
2017-02-08,37.2,0.1,14.1,01638480
2017-02-09,41.2,13.7,2.5,01638480
2017-02-10,41.6,0.0,-3.9,01638480
2017-02-11,36.3,0.2,5.6,01638480
2017-02-12,37.3,5.0,7.5,01638480
2017-02-13,40.6,0.3,3.4,01638480
2017-02-14,37.1,0.0,1.7,01638480
2017-02-15,33.0,0.3,4.1,01638480
2017-02-16,32.0,0.1,0.0,01638480
2017-02-17,30.1,0.0,0.5,01638480
2017-02-18,30.0,0.0,7.7,01638480
2017-02-19,32.5,0.0,13.2,01638480
2017-02-20,29.7,0.0,11.3,01638480
2017-02-21,28.0,0.0,7.3,01638480
2017-02-22,27.3,0.0,9.8,01638480
2017-02-23,27.8,0.0,14.3,01638480
2017-02-24,27.1,0.1,16.4,01638480
2017-02-25,29.2,8.1,15.0,01638480
2017-02-26,47.5,0.0,3.3,01638480
2017-02-27,37.9,0.0,3.9,01638480
2017-02-28,31.2,1.9,9.7,01638480
2017-03-01,39.7,7.0,13.6,01638480
2017-03-02,42.3,0.0,8.1,01638480
2017-03-03,32.7,0.6,1.2,01638480
2017-03-04,29.0,0.0,-2.0,01638480
2017-03-05,27.6,0.0,-2.8,01638480
2017-03-06,27.4,0.0,2.1,01638480
2017-03-07,27.9,5.3,9.7,01638480
2017-03-08,30.7,4.7,12.0,01638480
2017-03-09,29.3,0.0,11.7,01638480
2017-03-10,27.9,5.3,5.5,01638480
2017-03-11,28.6,0.0,-3.2,01638480
2017-03-12,26.7,0.0,-2.2,01638480
2017-03-13,27.1,0.0,-1.2,01638480
2017-03-14,34.7,20.5,-0.4,01638480
2017-03-15,36.4,0.6,-5.9,01638480
2017-03-16,28.5,0.0,-3.6,01638480
2017-03-17,30.9,0.0,-0.1,01638480
2017-03-18,55.6,2.2,4.7,01638480
2017-03-19,205.0,9.5,4.1,01638480
2017-03-20,123.0,0.0,4.9,01638480
2017-03-21,89.7,0.1,8.9,01638480
2017-03-22,72.9,0.0,5.3,01638480
2017-03-23,59.8,0.0,0.7,01638480
2017-03-24,56.4,4.0,5.4,01638480
2017-03-25,67.6,0.0,16.2,01638480
2017-03-26,59.3,0.0,11.4,01638480
2017-03-27,53.2,5.3,11.5,01638480
2017-03-28,58.2,6.9,13.8,01638480
2017-03-29,116.0,0.2,13.0,01638480
2017-03-30,78.6,0.0,7.6,01638480
2017-03-31,331.0,26.8,6.8,01638480
2017-04-01,304.0,0.3,8.7,01638480
2017-04-02,159.0,0.0,8.7,01638480
2017-04-03,125.0,0.3,12.5,01638480
2017-04-04,117.0,4.2,16.5,01638480
2017-04-05,97.4,0.0,15.4,01638480
2017-04-06,196.0,29.5,13.1,01638480
2017-04-07,363.0,0.9,6.3,01638480
2017-04-08,160.0,0.0,7.1,01638480
2017-04-09,124.0,0.0,10.9,01638480
2017-04-10,106.0,0.0,15.9,01638480
2017-04-11,93.0,0.0,19.4,01638480
2017-04-12,82.6,0.2,18.1,01638480
2017-04-13,74.1,0.0,13.7,01638480
2017-04-14,67.1,0.0,13.3,01638480
2017-04-15,62.5,0.0,15.3,01638480
2017-04-16,63.5,0.1,20.5,01638480
2017-04-17,58.5,9.0,18.1,01638480
2017-04-18,57.9,0.0,15.3,01638480
2017-04-19,56.5,0.1,12.5,01638480
2017-04-20,52.9,3.9,16.7,01638480
2017-04-21,52.4,6.8,18.9,01638480
2017-04-22,71.2,16.6,12.4,01638480
2017-04-23,85.9,0.0,10.7,01638480
2017-04-24,62.6,4.4,10.6,01638480
2017-04-25,77.3,11.4,10.9,01638480
2017-04-26,99.6,1.2,14.3,01638480
2017-04-27,75.5,0.0,18.7,01638480
2017-04-28,59.8,0.1,21.0,01638480
2017-04-29,54.5,0.5,23.4,01638480
2017-04-30,49.0,0.3,21.8,01638480
2017-05-01,45.7,0.3,22.5,01638480
2017-05-02,41.7,1.3,18.4,01638480
2017-05-03,36.2,0.0,14.0,01638480
2017-05-04,33.4,0.0,13.0,01638480
2017-05-05,364.0,38.3,15.0,01638480
2017-05-06,238.0,4.7,12.9,01638480
2017-05-07,129.0,1.9,10.3,01638480
2017-05-08,90.4,0.3,9.4,01638480
2017-05-09,72.4,0.0,10.5,01638480
2017-05-10,62.9,0.0,13.3,01638480
2017-05-11,167.0,22.4,11.4,01638480
2017-05-12,265.0,6.6,10.0,01638480
2017-05-13,303.0,8.8,9.6,01638480
2017-05-14,207.0,0.0,13.9,01638480
2017-05-15,139.0,0.0,14.8,01638480
2017-05-16,109.0,0.0,17.1,01638480
2017-05-17,94.3,0.6,22.7,01638480
2017-05-18,81.3,0.0,25.3,01638480
2017-05-19,88.9,4.1,23.1,01638480
2017-05-20,84.9,5.5,18.3,01638480
2017-05-21,65.7,0.0,15.4,01638480
2017-05-22,74.3,4.3,16.0,01638480
2017-05-23,82.3,0.3,15.7,01638480
2017-05-24,80.7,9.9,15.5,01638480
2017-05-25,993.0,9.8,15.1,01638480
2017-05-26,600.0,1.1,16.8,01638480
2017-05-27,201.0,2.3,17.6,01638480
2017-05-28,159.0,1.1,19.1,01638480
2017-05-29,125.0,2.9,20.0,01638480
2017-05-30,101.0,0.3,18.9,01638480
2017-05-31,174.0,1.0,20.2,01638480
2017-06-01,99.4,0.0,19.5,01638480
2017-06-02,74.8,0.0,18.4,01638480
2017-06-03,64.5,0.2,19.4,01638480
2017-06-04,57.2,0.0,20.5,01638480
2017-06-05,54.7,2.9,19.7,01638480
2017-06-06,55.0,0.1,19.2,01638480
2017-06-07,48.1,1.7,15.6,01638480
2017-06-08,52.7,0.0,16.1,01638480
2017-06-09,45.4,0.0,19.2,01638480
2017-06-10,39.0,0.0,22.6,01638480
2017-06-11,34.9,0.0,25.4,01638480
2017-06-12,32.5,0.0,26.4,01638480
2017-06-13,30.4,0.0,26.7,01638480
2017-06-14,28.6,4.4,25.8,01638480
2017-06-15,26.7,1.6,24.5,01638480
2017-06-16,26.2,4.0,21.9,01638480
2017-06-17,27.4,7.5,23.4,01638480
2017-06-18,26.5,3.3,25.6,01638480
2017-06-19,45.1,13.3,25.2,01638480
2017-06-20,85.9,0.0,23.9,01638480
2017-06-21,35.6,0.0,23.4,01638480
2017-06-22,26.7,0.3,24.9,01638480
2017-06-23,26.0,12.7,24.8,01638480
2017-06-24,32.3,17.9,24.6,01638480
2017-06-25,29.3,0.0,22.2,01638480
2017-06-26,22.8,0.3,20.7,01638480
2017-06-27,19.3,0.4,19.6,01638480
2017-06-28,17.9,0.0,19.4,01638480
2017-06-29,16.9,0.0,22.6,01638480
2017-06-30,17.1,0.5,26.1,01638480
2017-07-01,19.6,5.5,26.3,01638480
2017-07-02,34.1,0.0,26.5,01638480
2017-07-03,22.8,0.0,25.7,01638480
2017-07-04,16.7,4.2,25.5,01638480
2017-07-05,16.2,19.3,23.5,01638480
2017-07-06,758.0,43.1,22.1,01638480
2017-07-07,311.0,5.7,24.0,01638480
2017-07-08,101.0,0.6,23.6,01638480
2017-07-09,61.1,0.0,21.9,01638480
2017-07-10,47.0,0.0,23.9,01638480
2017-07-11,39.7,1.5,25.2,01638480
2017-07-12,37.2,0.7,26.5,01638480
2017-07-13,35.7,0.1,27.3,01638480
2017-07-14,38.0,15.4,26.3,01638480
2017-07-15,36.3,11.8,25.1,01638480
2017-07-16,30.0,0.0,24.1,01638480
2017-07-17,26.7,4.9,24.4,01638480
2017-07-18,24.8,3.5,24.9,01638480
2017-07-19,23.2,0.0,27.0,01638480
2017-07-20,21.7,0.1,28.3,01638480
2017-07-21,20.4,1.0,28.4,01638480
2017-07-22,21.5,3.2,26.9,01638480
2017-07-23,61.1,9.7,24.7,01638480
2017-07-24,57.8,6.3,24.5,01638480
2017-07-25,30.7,0.0,21.8,01638480
2017-07-26,23.6,0.0,22.5,01638480
2017-07-27,21.7,0.6,23.9,01638480
2017-07-28,50.2,29.6,22.9,01638480
2017-07-29,1680.0,80.1,20.0,01638480
2017-07-30,185.0,0.0,20.3,01638480
2017-07-31,90.9,0.2,22.3,01638480
2017-08-01,63.0,2.2,23.7,01638480
2017-08-02,50.8,5.9,23.5,01638480
2017-08-03,44.5,0.8,23.0,01638480
2017-08-04,51.6,0.8,24.4,01638480
2017-08-05,42.2,9.4,22.0,01638480
2017-08-06,34.7,0.1,20.4,01638480
2017-08-07,33.3,15.4,19.8,01638480
2017-08-08,37.1,0.4,21.4,01638480
2017-08-09,31.7,0.0,20.7,01638480
2017-08-10,27.2,0.0,21.3,01638480
2017-08-11,25.7,2.7,21.9,01638480
2017-08-12,82.8,11.8,22.5,01638480
2017-08-13,127.0,0.1,22.3,01638480
2017-08-14,52.4,1.7,21.3,01638480
2017-08-15,43.6,6.9,21.8,01638480
2017-08-16,39.6,0.2,24.3,01638480
2017-08-17,40.7,0.5,24.7,01638480
2017-08-18,42.9,7.6,25.6,01638480
2017-08-19,52.3,0.1,25.2,01638480
2017-08-20,29.9,0.0,23.5,01638480
2017-08-21,24.5,0.0,25.0,01638480
2017-08-22,22.7,0.6,26.5,01638480
2017-08-23,26.4,4.4,24.5,01638480
2017-08-24,26.5,0.0,21.4,01638480
2017-08-25,24.4,0.4,19.8,01638480
2017-08-26,24.6,0.2,20.3,01638480
2017-08-27,22.1,0.6,19.7,01638480
2017-08-28,21.9,0.0,18.9,01638480
2017-08-29,25.3,11.9,17.1,01638480
2017-08-30,35.4,0.9,18.7,01638480
2017-08-31,30.3,0.1,22.0,01638480
2017-09-01,25.3,0.6,17.8,01638480
2017-09-02,25.3,5.4,14.2,01638480
2017-09-03,31.1,2.5,17.4,01638480
2017-09-04,29.7,0.0,20.4,01638480
2017-09-05,35.8,2.0,22.8,01638480
2017-09-06,158.0,37.3,17.1,01638480
2017-09-07,127.0,1.3,16.0,01638480
2017-09-08,50.4,0.0,16.3,01638480
2017-09-09,33.2,0.4,15.2,01638480
2017-09-10,26.3,0.0,15.0,01638480
2017-09-11,22.5,0.0,15.9,01638480
2017-09-12,20.4,0.0,17.8,01638480
2017-09-13,19.9,3.8,18.8,01638480
2017-09-14,20.6,0.2,20.5,01638480
2017-09-15,18.2,0.0,20.2,01638480
2017-09-16,15.3,0.1,21.6,01638480
2017-09-17,13.7,0.8,21.8,01638480
2017-09-18,14.7,1.2,21.1,01638480
2017-09-19,17.9,0.0,21.5,01638480
2017-09-20,18.2,0.0,22.6,01638480
2017-09-21,16.5,0.0,22.6,01638480
2017-09-22,15.8,0.0,22.8,01638480
2017-09-23,15.8,0.0,21.8,01638480
2017-09-24,15.5,0.0,23.7,01638480
2017-09-25,16.2,0.0,24.6,01638480
2017-09-26,14.9,0.0,24.1,01638480
2017-09-27,13.9,0.0,24.5,01638480
2017-09-28,14.1,0.0,22.7,01638480
2017-09-29,13.1,0.0,17.3,01638480
2017-09-30,11.6,0.0,15.9,01638480
2017-10-01,10.6,0.0,13.1,01638480
2017-10-02,11.0,0.0,14.7,01638480
2017-10-03,11.3,0.0,16.1,01638480
2017-10-04,11.4,0.0,17.3,01638480
2017-10-05,12.0,0.0,19.9,01638480
2017-10-06,12.1,0.0,21.2,01638480
2017-10-07,12.1,0.0,22.3,01638480
2017-10-08,12.7,12.6,22.7,01638480
2017-10-09,30.4,22.1,23.9,01638480
2017-10-10,44.2,0.3,22.9,01638480
2017-10-11,23.6,11.9,20.6,01638480
2017-10-12,40.3,9.7,17.1,01638480
2017-10-13,37.2,0.1,15.1,01638480
2017-10-14,23.5,0.0,16.6,01638480
2017-10-15,19.7,0.0,19.0,01638480
2017-10-16,19.2,4.3,16.0,01638480
2017-10-17,18.1,0.0,10.5,01638480
2017-10-18,17.2,0.0,12.1,01638480
2017-10-19,16.1,0.0,14.2,01638480
2017-10-20,16.0,0.0,16.0,01638480
2017-10-21,16.0,0.0,15.1,01638480
2017-10-22,15.4,0.0,16.2,01638480
2017-10-23,15.0,0.3,16.9,01638480
2017-10-24,30.6,12.9,18.1,01638480
2017-10-25,32.5,0.0,13.0,01638480
2017-10-26,22.0,0.2,9.7,01638480
2017-10-27,18.4,0.0,10.1,01638480
2017-10-28,16.8,0.0,14.1,01638480
2017-10-29,22.1,32.1,12.6,01638480
2017-10-30,223.0,23.5,8.0,01638480
2017-10-31,78.0,0.0,9.2,01638480
2017-11-01,46.6,0.1,8.2,01638480
2017-11-02,35.9,0.0,12.9,01638480
2017-11-03,31.4,0.0,16.4,01638480
2017-11-04,29.1,1.7,10.3,01638480
2017-11-05,44.1,9.9,11.4,01638480
2017-11-06,49.1,6.1,14.4,01638480
2017-11-07,47.4,16.5,6.8,01638480
2017-11-08,149.0,3.2,5.5,01638480
2017-11-09,74.2,1.3,6.1,01638480
2017-11-10,57.3,0.0,4.1,01638480
2017-11-11,48.1,0.0,-2.2,01638480
2017-11-12,42.5,0.0,1.2,01638480
2017-11-13,43.0,3.5,5.1,01638480
2017-11-14,42.5,0.0,5.5,01638480
2017-11-15,38.6,0.0,4.9,01638480
2017-11-16,37.0,1.3,8.0,01638480
2017-11-17,35.2,0.0,5.8,01638480
2017-11-18,32.7,2.0,5.9,01638480
2017-11-19,33.6,3.2,9.2,01638480
2017-11-20,35.6,0.0,3.9,01638480
2017-11-21,30.2,0.0,5.9,01638480
2017-11-22,29.1,0.1,8.0,01638480
2017-11-23,28.7,0.0,1.3,01638480
2017-11-24,28.0,0.0,2.9,01638480
2017-11-25,31.8,0.0,6.6,01638480
2017-11-26,34.2,0.0,6.9,01638480
2017-11-27,32.0,0.0,6.3,01638480
2017-11-28,26.2,0.0,6.9,01638480
2017-11-29,25.1,0.0,9.4,01638480
2017-11-30,25.0,0.0,6.5,01638480
2017-12-01,24.0,1.0,7.7,01638480
2017-12-02,25.7,0.0,3.9,01638480
2017-12-03,25.4,2.5,5.5,01638480
2017-12-04,25.8,0.0,4.0,01638480
2017-12-05,26.4,5.7,8.0,01638480
2017-12-06,29.6,1.6,6.0,01638480
2017-12-07,29.3,0.0,3.4,01638480
2017-12-08,26.4,0.0,1.3,01638480
2017-12-09,25.1,4.6,0.1,01638480
2017-12-10,25.9,0.0,-0.3,01638480
2017-12-11,25.1,0.0,1.6,01638480
2017-12-12,25.0,0.1,2.8,01638480
2017-12-13,23.6,0.2,-4.6,01638480
2017-12-14,23.0,0.8,-0.3,01638480
2017-12-15,22.2,0.5,-3.2,01638480
2017-12-16,21.4,0.0,0.3,01638480
2017-12-17,22.1,0.0,2.2,01638480
2017-12-18,22.8,0.0,5.6,01638480
2017-12-19,22.7,0.8,9.2,01638480
2017-12-20,22.8,0.0,7.0,01638480
2017-12-21,22.0,0.0,1.2,01638480
2017-12-22,20.2,0.0,3.6,01638480
2017-12-23,23.3,17.8,8.8,01638480
2017-12-24,32.7,1.2,3.8,01638480
2017-12-25,32.6,0.9,-0.5,01638480
2017-12-26,27.4,0.0,-3.0,01638480
2017-12-27,23.1,0.3,-3.8,01638480
2017-12-28,18.1,0.0,-8.6,01638480
2017-12-29,19.9,0.0,-7.0,01638480
2017-12-30,19.9,2.4,-5.4,01638480
2017-12-31,19.1,0.4,-8.4,01638480
2018-01-01,17.9,0.0,-9.9,01638480
2018-01-02,16.2,0.0,-9.7,01638480
2018-01-03,15.6,0.0,-7.2,01638480
2018-01-04,17.1,2.6,-5.1,01638480
2018-01-05,18.0,0.0,-11.4,01638480
2018-01-06,15.2,0.0,-12.3,01638480
2018-01-07,13.5,0.0,-11.0,01638480
2018-01-08,13.7,2.2,-5.3,01638480
2018-01-09,16.4,0.3,1.9,01638480
2018-01-10,20.9,0.0,0.7,01638480
2018-01-11,24.6,0.0,5.7,01638480
2018-01-12,35.8,2.0,14.1,01638480
2018-01-13,360.0,18.0,1.6,01638480
2018-01-14,102.0,0.0,-8.0,01638480
2018-01-15,71.8,0.0,-6.2,01638480
2018-01-16,56.7,0.0,-2.2,01638480
2018-01-17,43.1,0.5,-4.4,01638480
2018-01-18,39.1,0.0,-5.1,01638480
2018-01-19,37.2,0.0,1.1,01638480
2018-01-20,32.6,0.0,3.4,01638480
2018-01-21,33.4,0.0,6.5,01638480
2018-01-22,32.9,0.0,9.9,01638480
2018-01-23,57.2,12.1,11.2,01638480
2018-01-24,84.6,0.0,4.2,01638480
2018-01-25,55.5,0.0,0.0,01638480
2018-01-26,42.7,0.0,-0.3,01638480
2018-01-27,39.1,0.0,5.0,01638480
2018-01-28,40.9,6.1,9.1,01638480
2018-01-29,43.6,0.1,5.3,01638480
2018-01-30,40.5,0.3,-0.5,01638480
2018-01-31,34.2,0.0,-4.3,01638480
2018-02-01,34.6,0.1,3.4,01638480
2018-02-02,37.6,5.7,-1.8,01638480
2018-02-03,35.1,0.0,-5.4,01638480
2018-02-04,40.9,20.6,-0.5,01638480
2018-02-05,118.0,1.2,-1.6,01638480
2018-02-06,89.5,0.0,-1.4,01638480
2018-02-07,146.0,16.4,-0.9,01638480
2018-02-08,206.0,0.0,-2.9,01638480
2018-02-09,107.0,0.0,-0.9,01638480
2018-02-10,92.5,10.4,4.0,01638480
2018-02-11,328.0,21.4,8.3,01638480
2018-02-12,226.0,2.7,6.6,01638480
2018-02-13,134.0,0.4,-0.6,01638480
2018-02-14,111.0,0.0,3.7,01638480
2018-02-15,104.0,4.7,12.9,01638480
2018-02-16,132.0,12.9,12.3,01638480
2018-02-17,121.0,4.7,1.0,01638480
2018-02-18,114.0,4.5,3.4,01638480
2018-02-19,133.0,1.2,4.3,01638480
2018-02-20,110.0,0.0,12.7,01638480
2018-02-21,101.0,0.3,17.6,01638480
2018-02-22,106.0,5.7,9.8,01638480
2018-02-23,104.0,1.8,4.5,01638480
2018-02-24,101.0,5.1,6.8,01638480
2018-02-25,154.0,12.2,8.5,01638480
2018-02-26,141.0,0.0,8.1,01638480
2018-02-27,109.0,0.0,5.6,01638480
2018-02-28,97.4,0.0,7.9,01638480
2018-03-01,92.0,3.7,8.8,01638480
2018-03-02,95.6,9.7,5.0,01638480
2018-03-03,80.3,0.0,2.7,01638480
2018-03-04,74.4,0.0,2.2,01638480
2018-03-05,68.1,0.0,1.0,01638480
2018-03-06,65.1,0.3,0.8,01638480
2018-03-07,65.5,2.5,3.0,01638480
2018-03-08,63.8,0.0,1.1,01638480
2018-03-09,60.6,0.0,0.2,01638480
2018-03-10,55.2,0.0,0.8,01638480
2018-03-11,53.1,0.0,1.1,01638480
2018-03-12,51.0,0.8,0.8,01638480
2018-03-13,50.4,0.2,0.8,01638480
2018-03-14,47.9,0.1,-0.5,01638480
2018-03-15,46.4,0.3,2.1,01638480
2018-03-16,44.8,0.0,1.1,01638480
2018-03-17,43.3,0.7,0.3,01638480
2018-03-18,43.7,0.0,3.4,01638480
2018-03-19,42.5,0.0,5.9,01638480
2018-03-20,48.2,20.2,1.6,01638480
2018-03-21,66.5,18.4,-1.1,01638480
2018-03-22,61.6,0.9,0.8,01638480
2018-03-23,75.4,0.0,0.6,01638480
2018-03-24,109.0,0.0,0.1,01638480
2018-03-25,88.4,0.0,0.3,01638480
2018-03-26,72.9,0.0,2.3,01638480
2018-03-27,65.6,3.3,1.1,01638480
2018-03-28,69.0,6.2,4.4,01638480
2018-03-29,76.4,1.9,11.3,01638480
2018-03-30,74.0,0.9,14.3,01638480
2018-03-31,70.9,0.0,6.9,01638480
2018-04-01,62.1,0.0,9.8,01638480
2018-04-02,69.0,9.2,6.0,01638480
2018-04-03,76.0,0.4,6.8,01638480
2018-04-04,70.9,0.7,10.5,01638480
2018-04-05,59.9,0.0,3.5,01638480
2018-04-06,55.3,0.0,8.2,01638480
2018-04-07,56.1,0.3,5.4,01638480
2018-04-08,51.5,0.0,1.8,01638480
2018-04-09,49.5,1.1,2.1,01638480
2018-04-10,49.0,0.4,4.1,01638480
2018-04-11,46.9,0.0,5.6,01638480
2018-04-12,45.3,0.3,10.5,01638480
2018-04-13,44.5,0.0,18.5,01638480
2018-04-14,42.7,0.0,20.6,01638480
2018-04-15,41.7,0.4,15.4,01638480
2018-04-16,1490.0,52.0,7.9,01638480
2018-04-17,406.0,0.2,4.3,01638480
2018-04-18,231.0,0.0,5.5,01638480
2018-04-19,174.0,1.4,7.9,01638480
2018-04-20,142.0,0.0,5.8,01638480
2018-04-21,122.0,0.0,7.6,01638480
2018-04-22,110.0,0.0,11.0,01638480
2018-04-23,99.4,0.0,12.2,01638480
2018-04-24,87.8,5.4,11.1,01638480
2018-04-25,130.0,9.7,12.1,01638480
2018-04-26,134.0,0.1,12.1,01638480
2018-04-27,185.0,14.9,11.8,01638480
2018-04-28,162.0,0.6,13.6,01638480
2018-04-29,123.0,0.1,7.6,01638480
2018-04-30,107.0,0.0,9.7,01638480
2018-05-01,96.4,0.0,14.9,01638480
2018-05-02,86.7,0.0,19.3,01638480
2018-05-03,79.6,0.0,22.6,01638480
2018-05-04,74.8,0.0,23.8,01638480
2018-05-05,73.2,4.9,18.2,01638480
2018-05-06,83.2,18.5,13.7,01638480
2018-05-07,79.1,0.2,15.2,01638480
2018-05-08,66.8,0.2,17.0,01638480
2018-05-09,59.3,0.0,17.6,01638480
2018-05-10,55.9,3.4,18.0,01638480
2018-05-11,65.6,1.5,18.9,01638480
2018-05-12,57.1,0.6,20.3,01638480
2018-05-13,61.3,13.3,18.7,01638480
2018-05-14,98.6,1.4,18.8,01638480
2018-05-15,1210.0,0.7,22.0,01638480
2018-05-16,1280.0,17.9,20.4,01638480
2018-05-17,2900.0,23.1,18.0,01638480
2018-05-18,1010.0,17.2,17.1,01638480
2018-05-19,1780.0,22.3,13.0,01638480
2018-05-20,702.0,0.6,21.6,01638480
2018-05-21,398.0,0.0,20.4,01638480
2018-05-22,421.0,5.3,19.6,01638480
2018-05-23,302.0,0.3,20.7,01638480
2018-05-24,215.0,0.0,20.1,01638480
2018-05-25,178.0,0.0,21.6,01638480
2018-05-26,161.0,0.4,24.0,01638480
2018-05-27,148.0,21.1,22.8,01638480
2018-05-28,150.0,3.3,19.7,01638480
2018-05-29,128.0,0.0,22.9,01638480
2018-05-30,118.0,3.1,22.1,01638480
2018-05-31,242.0,11.2,21.6,01638480
2018-06-01,404.0,0.2,23.4,01638480
2018-06-02,240.0,27.4,22.3,01638480
2018-06-03,1040.0,23.8,18.4,01638480
2018-06-04,465.0,0.4,16.5,01638480
2018-06-05,262.0,0.2,18.7,01638480
2018-06-06,201.0,4.6,15.7,01638480
2018-06-07,168.0,0.0,17.3,01638480
2018-06-08,147.0,0.1,21.4,01638480
2018-06-09,137.0,12.0,22.1,01638480
2018-06-10,144.0,11.1,21.2,01638480
2018-06-11,206.0,27.8,16.2,01638480
2018-06-12,160.0,0.0,17.6,01638480
2018-06-13,131.0,3.8,20.9,01638480
2018-06-14,120.0,0.0,22.7,01638480
2018-06-15,105.0,0.0,20.5,01638480
2018-06-16,96.7,0.0,21.2,01638480
2018-06-17,93.0,1.9,24.0,01638480
2018-06-18,89.5,0.8,26.5,01638480
2018-06-19,113.0,3.7,26.5,01638480
2018-06-20,108.0,5.0,23.2,01638480
2018-06-21,129.0,8.7,23.2,01638480
2018-06-22,260.0,37.9,20.0,01638480
2018-06-23,362.0,8.1,19.5,01638480
2018-06-24,401.0,7.6,23.2,01638480
2018-06-25,310.0,0.1,22.5,01638480
2018-06-26,137.0,0.0,20.5,01638480
2018-06-27,107.0,1.2,21.4,01638480
2018-06-28,98.7,7.7,24.0,01638480
2018-06-29,83.7,0.0,24.4,01638480
2018-06-30,75.0,0.0,25.8,01638480
2018-07-01,68.9,0.0,26.9,01638480
2018-07-02,63.4,0.0,28.2,01638480
2018-07-03,59.6,3.7,27.6,01638480
2018-07-04,58.1,4.8,27.2,01638480
2018-07-05,56.3,1.0,26.2,01638480
2018-07-06,53.5,8.0,24.3,01638480
2018-07-07,50.1,0.0,21.3,01638480
2018-07-08,45.9,0.0,20.1,01638480
2018-07-09,44.1,0.0,22.4,01638480
2018-07-10,41.4,0.0,25.5,01638480
2018-07-11,39.0,0.0,25.9,01638480
2018-07-12,37.3,0.0,23.8,01638480
2018-07-13,35.7,0.0,23.9,01638480
2018-07-14,36.0,0.0,25.5,01638480
2018-07-15,34.2,9.5,25.1,01638480
2018-07-16,36.7,1.0,26.7,01638480
2018-07-17,35.0,7.8,26.0,01638480
2018-07-18,50.7,2.4,23.3,01638480
2018-07-19,43.8,0.0,23.2,01638480
2018-07-20,34.4,0.0,23.5,01638480
2018-07-21,259.0,26.0,20.7,01638480
2018-07-22,1020.0,29.0,19.4,01638480
2018-07-23,560.0,20.8,21.9,01638480
2018-07-24,866.0,21.1,22.3,01638480
2018-07-25,875.0,29.1,22.7,01638480
2018-07-26,524.0,3.0,23.6,01638480
2018-07-27,258.0,8.8,24.3,01638480
2018-07-28,333.0,1.2,22.8,01638480
2018-07-29,185.0,0.0,22.2,01638480
2018-07-30,337.0,1.4,22.3,01638480
2018-07-31,559.0,2.8,21.5,01638480
2018-08-01,325.0,4.3,24.4,01638480
2018-08-02,315.0,46.6,22.7,01638480
2018-08-03,329.0,10.7,22.8,01638480
2018-08-04,1190.0,15.8,23.5,01638480
2018-08-05,379.0,0.5,25.3,01638480
2018-08-06,250.0,0.2,25.9,01638480
2018-08-07,199.0,6.5,25.5,01638480
2018-08-08,178.0,0.5,25.3,01638480
2018-08-09,150.0,5.1,24.6,01638480
2018-08-10,131.0,0.2,24.5,01638480
2018-08-11,117.0,2.9,24.4,01638480
2018-08-12,116.0,0.2,23.5,01638480
2018-08-13,110.0,13.0,22.0,01638480
2018-08-14,98.1,0.4,21.6,01638480
2018-08-15,94.2,0.0,24.0,01638480
2018-08-16,83.3,0.1,25.0,01638480
2018-08-17,76.4,7.2,25.7,01638480
2018-08-18,77.8,6.0,24.2,01638480
2018-08-19,78.8,1.1,22.1,01638480
2018-08-20,70.1,1.3,21.2,01638480
2018-08-21,168.0,15.8,22.6,01638480
2018-08-22,629.0,43.1,23.0,01638480
2018-08-23,108.0,0.0,20.1,01638480
2018-08-24,77.7,0.0,20.4,01638480
2018-08-25,67.3,0.0,20.9,01638480
2018-08-26,61.1,0.0,23.0,01638480
2018-08-27,58.1,1.7,24.8,01638480
2018-08-28,56.1,0.0,26.7,01638480
2018-08-29,51.8,0.1,27.5,01638480
2018-08-30,48.0,0.0,26.3,01638480
2018-08-31,47.6,12.3,23.9,01638480
2018-09-01,70.8,1.8,23.8,01638480
2018-09-02,86.8,3.7,24.3,01638480
2018-09-03,56.7,2.4,25.6,01638480
2018-09-04,48.7,3.3,26.1,01638480
2018-09-05,46.6,0.1,26.7,01638480
2018-09-06,45.7,1.1,26.8,01638480
2018-09-07,43.5,0.7,24.3,01638480
2018-09-08,48.8,16.1,20.1,01638480
2018-09-09,505.0,66.4,14.7,01638480
2018-09-10,544.0,12.7,16.3,01638480
2018-09-11,313.0,3.9,20.9,01638480
2018-09-12,210.0,1.6,20.8,01638480
2018-09-13,173.0,11.0,22.8,01638480
2018-09-14,155.0,5.5,22.0,01638480
2018-09-15,137.0,3.4,22.4,01638480
2018-09-16,122.0,0.2,22.0,01638480
2018-09-17,127.0,21.7,21.8,01638480
2018-09-18,194.0,7.7,23.4,01638480
2018-09-19,141.0,0.1,23.1,01638480
2018-09-20,118.0,0.3,22.1,01638480
2018-09-21,115.0,1.1,21.8,01638480
2018-09-22,115.0,0.4,21.1,01638480
2018-09-23,183.0,19.2,15.2,01638480
2018-09-24,370.0,11.3,15.9,01638480
2018-09-25,692.0,14.9,18.5,01638480
2018-09-26,693.0,12.3,22.2,01638480
2018-09-27,1430.0,10.8,16.5,01638480
2018-09-28,3630.0,25.8,16.9,01638480
2018-09-29,866.0,0.0,18.2,01638480
2018-09-30,587.0,0.0,17.3,01638480
2018-10-01,415.0,0.8,20.3,01638480
2018-10-02,327.0,7.6,21.3,01638480
2018-10-03,272.0,0.3,22.1,01638480
2018-10-04,229.0,0.0,22.7,01638480
2018-10-05,210.0,10.4,20.2,01638480
2018-10-06,197.0,0.0,19.5,01638480
2018-10-07,183.0,0.9,22.3,01638480
2018-10-08,168.0,2.2,23.4,01638480
2018-10-09,159.0,0.1,22.7,01638480
2018-10-10,151.0,0.1,22.7,01638480
2018-10-11,161.0,17.6,22.2,01638480
2018-10-12,213.0,2.6,14.2,01638480
2018-10-13,156.0,2.5,10.6,01638480
2018-10-14,142.0,1.0,9.4,01638480
2018-10-15,137.0,7.6,14.0,01638480
2018-10-16,134.0,0.8,12.7,01638480
2018-10-17,125.0,0.0,11.8,01638480
2018-10-18,117.0,0.0,8.9,01638480
2018-10-19,112.0,0.0,8.9,01638480
2018-10-20,110.0,1.7,14.2,01638480
2018-10-21,111.0,0.6,8.3,01638480
2018-10-22,105.0,0.0,6.2,01638480
2018-10-23,103.0,0.0,11.2,01638480
2018-10-24,101.0,0.0,8.7,01638480
2018-10-25,98.3,0.0,6.1,01638480
2018-10-26,99.4,1.7,6.1,01638480
2018-10-27,283.0,23.3,7.3,01638480
2018-10-28,239.0,0.6,9.7,01638480
2018-10-29,129.0,0.6,10.2,01638480
2018-10-30,121.0,0.0,9.2,01638480
2018-10-31,115.0,0.0,11.9,01638480
2018-11-01,113.0,0.0,16.2,01638480
2018-11-02,226.0,16.4,17.8,01638480
2018-11-03,704.0,17.9,9.6,01638480
2018-11-04,280.0,0.0,7.0,01638480
2018-11-05,814.0,24.1,9.6,01638480
2018-11-06,1020.0,8.9,11.2,01638480
2018-11-07,565.0,0.0,11.7,01638480
2018-11-08,346.0,0.0,9.0,01638480
2018-11-09,387.0,21.3,6.3,01638480
2018-11-10,515.0,0.1,3.8,01638480
2018-11-11,295.0,0.0,0.9,01638480
2018-11-12,254.0,1.1,3.0,01638480
2018-11-13,726.0,17.6,5.1,01638480
2018-11-14,381.0,0.0,3.1,01638480
2018-11-15,335.0,21.8,0.4,01638480
2018-11-16,1100.0,11.3,1.7,01638480
2018-11-17,840.0,0.0,3.3,01638480
2018-11-18,595.0,0.0,2.7,01638480
2018-11-19,445.0,0.0,6.5,01638480
2018-11-20,376.0,0.1,7.0,01638480
2018-11-21,316.0,0.0,3.5,01638480
2018-11-22,268.0,0.0,-1.1,01638480
2018-11-23,234.0,0.0,-2.9,01638480
2018-11-24,879.0,16.8,-0.3,01638480
2018-11-25,974.0,1.3,5.5,01638480
2018-11-26,427.0,5.8,6.9,01638480
2018-11-27,345.0,0.0,2.4,01638480
2018-11-28,275.0,0.0,-0.3,01638480
2018-11-29,233.0,0.0,-1.3,01638480
2018-11-30,217.0,0.1,1.4,01638480
2018-12-01,211.0,5.1,1.9,01638480
2018-12-02,277.0,4.1,7.6,01638480
2018-12-03,232.0,0.0,9.4,01638480
2018-12-04,196.0,0.0,3.5,01638480
2018-12-05,179.0,0.4,-0.1,01638480
2018-12-06,166.0,0.0,0.1,01638480
2018-12-07,157.0,0.0,0.7,01638480
2018-12-08,148.0,0.0,-1.8,01638480
2018-12-09,143.0,0.0,-2.5,01638480
2018-12-10,139.0,0.0,-2.0,01638480
2018-12-11,132.0,0.0,-1.5,01638480
2018-12-12,130.0,0.0,1.1,01638480
2018-12-13,127.0,0.0,2.6,01638480
2018-12-14,123.0,1.1,3.1,01638480
2018-12-15,1470.0,33.3,6.7,01638480
2018-12-16,2570.0,26.1,5.7,01638480
2018-12-17,709.0,0.0,5.8,01638480
2018-12-18,432.0,0.0,2.7,01638480
2018-12-19,334.0,0.0,1.2,01638480
2018-12-20,287.0,3.2,2.0,01638480
2018-12-21,863.0,23.9,12.5,01638480
2018-12-22,473.0,2.7,5.6,01638480
2018-12-23,327.0,0.0,3.4,01638480
2018-12-24,281.0,3.5,3.3,01638480
2018-12-25,241.0,0.0,1.0,01638480
2018-12-26,212.0,0.0,0.6,01638480
2018-12-27,196.0,0.0,2.4,01638480
2018-12-28,709.0,20.7,7.0,01638480
2018-12-29,478.0,0.5,7.3,01638480
2018-12-30,299.0,0.1,2.9,01638480
2018-12-31,437.0,9.2,3.1,01638480
2019-01-01,519.0,3.3,10.1,01638480
2019-01-02,319.0,0.0,5.3,01638480
2019-01-03,276.0,0.0,5.6,01638480
2019-01-04,242.0,0.3,2.5,01638480
2019-01-05,275.0,11.5,6.3,01638480
2019-01-06,233.0,0.0,6.1,01638480
2019-01-07,194.0,0.0,0.8,01638480
2019-01-08,177.0,0.6,4.5,01638480
2019-01-09,187.0,1.3,5.5,01638480
2019-01-10,163.0,0.0,-1.9,01638480
2019-01-11,145.0,0.0,-2.7,01638480
2019-01-12,139.0,0.2,-2.2,01638480
2019-01-13,149.0,11.2,-2.6,01638480
2019-01-14,149.0,3.2,-2.6,01638480
2019-01-15,139.0,0.0,-3.7,01638480
2019-01-16,133.0,0.0,-2.6,01638480
2019-01-17,133.0,0.5,-0.5,01638480
2019-01-18,137.0,1.4,0.9,01638480
2019-01-19,170.0,3.3,0.8,01638480
2019-01-20,1230.0,19.8,-0.2,01638480
2019-01-21,351.0,0.0,-11.3,01638480
2019-01-22,234.0,0.0,-8.5,01638480
2019-01-23,214.0,1.0,1.5,01638480
2019-01-24,733.0,18.7,7.4,01638480
2019-01-25,450.0,0.0,-0.6,01638480
2019-01-26,284.0,0.0,-3.0,01638480
2019-01-27,246.0,0.0,0.7,01638480
2019-01-28,224.0,0.0,-1.4,01638480
2019-01-29,203.0,3.3,-1.1,01638480
2019-01-30,187.0,0.1,-6.6,01638480
2019-01-31,162.0,0.0,-12.0,01638480
2019-02-01,168.0,2.5,-8.8,01638480
2019-02-02,163.0,0.0,-5.9,01638480
2019-02-03,158.0,0.0,2.3,01638480
2019-02-04,163.0,0.0,4.7,01638480
2019-02-05,166.0,0.0,8.6,01638480
2019-02-06,160.0,3.8,6.6,01638480
2019-02-07,166.0,3.3,6.4,01638480
2019-02-08,154.0,1.0,7.1,01638480
2019-02-09,137.0,0.0,-2.6,01638480
2019-02-10,124.0,0.0,-2.9,01638480
2019-02-11,152.0,11.1,-0.9,01638480
2019-02-12,716.0,15.5,0.0,01638480
2019-02-13,520.0,3.7,1.6,01638480
2019-02-14,297.0,0.0,2.5,01638480
2019-02-15,249.0,0.0,9.5,01638480
2019-02-16,214.0,0.0,3.6,01638480
2019-02-17,191.0,2.0,-0.9,01638480
2019-02-18,206.0,5.2,2.0,01638480
2019-02-19,179.0,0.0,-0.8,01638480
2019-02-20,174.0,20.9,-1.6,01638480
2019-02-21,216.0,1.1,2.6,01638480
2019-02-22,366.0,0.0,3.9,01638480
2019-02-23,269.0,2.9,1.9,01638480
2019-02-24,586.0,15.7,5.1,01638480
2019-02-25,350.0,0.0,3.2,01638480
2019-02-26,259.0,0.0,1.7,01638480
2019-02-27,229.0,0.0,1.1,01638480
2019-02-28,212.0,0.0,1.9,01638480
2019-03-01,204.0,5.9,0.1,01638480
2019-03-02,352.0,11.7,2.2,01638480
2019-03-03,290.0,7.5,2.0,01638480
2019-03-04,355.0,8.5,-0.7,01638480
2019-03-05,271.0,0.0,-5.1,01638480
2019-03-06,227.0,0.0,-6.2,01638480
2019-03-07,199.0,0.1,-3.6,01638480
2019-03-08,188.0,2.2,-1.1,01638480
2019-03-09,181.0,0.2,1.1,01638480
2019-03-10,321.0,11.5,6.8,01638480
2019-03-11,244.0,0.0,9.0,01638480
2019-03-12,198.0,0.0,4.7,01638480
2019-03-13,181.0,0.0,4.3,01638480
2019-03-14,173.0,0.0,11.5,01638480
2019-03-15,166.0,1.2,17.7,01638480
2019-03-16,155.0,0.0,7.8,01638480
2019-03-17,145.0,0.0,3.7,01638480
2019-03-18,140.0,0.2,3.6,01638480
2019-03-19,132.0,0.0,2.5,01638480
2019-03-20,127.0,0.0,4.1,01638480
2019-03-21,1940.0,41.3,4.3,01638480
2019-03-22,2420.0,17.6,5.2,01638480
2019-03-23,593.0,0.0,3.5,01638480
2019-03-24,414.0,0.0,6.6,01638480
2019-03-25,362.0,4.6,8.7,01638480
2019-03-26,319.0,0.6,4.1,01638480
2019-03-27,269.0,0.0,3.1,01638480
2019-03-28,241.0,0.0,6.2,01638480
2019-03-29,225.0,0.5,11.6,01638480
2019-03-30,214.0,0.0,14.0,01638480
2019-03-31,202.0,1.2,11.8,01638480
2019-04-01,185.0,0.0,1.9,01638480
2019-04-02,175.0,0.0,3.6,01638480
2019-04-03,169.0,0.0,7.6,01638480
2019-04-04,157.0,0.0,9.3,01638480
2019-04-05,164.0,8.3,7.2,01638480
2019-04-06,177.0,0.2,8.5,01638480
2019-04-07,155.0,0.1,14.0,01638480
2019-04-08,150.0,7.1,17.7,01638480
2019-04-09,144.0,1.5,17.3,01638480
2019-04-10,129.0,0.0,12.9,01638480
2019-04-11,122.0,0.5,10.6,01638480
2019-04-12,123.0,1.6,13.0,01638480
2019-04-13,235.0,15.3,17.9,01638480
2019-04-14,260.0,2.0,16.8,01638480
2019-04-15,1050.0,8.1,12.7,01638480
2019-04-16,344.0,0.0,10.4,01638480
2019-04-17,254.0,0.0,14.1,01638480
2019-04-18,214.0,0.1,14.7,01638480
2019-04-19,255.0,9.9,19.5,01638480
2019-04-20,498.0,7.0,18.5,01638480
2019-04-21,259.0,0.0,13.4,01638480
2019-04-22,211.0,0.0,13.4,01638480
2019-04-23,189.0,0.0,16.8,01638480
2019-04-24,173.0,0.0,17.1,01638480
2019-04-25,161.0,0.1,15.5,01638480
2019-04-26,168.0,12.6,14.5,01638480
2019-04-27,170.0,0.4,12.6,01638480
2019-04-28,148.0,4.7,12.6,01638480
2019-04-29,139.0,0.0,10.3,01638480
2019-04-30,129.0,0.1,15.7,01638480
2019-05-01,123.0,3.4,16.6,01638480
2019-05-02,120.0,2.9,18.5,01638480
2019-05-03,132.0,0.5,19.4,01638480
2019-05-04,280.0,6.2,18.8,01638480
2019-05-05,655.0,71.6,16.2,01638480
2019-05-06,558.0,0.2,16.5,01638480
2019-05-07,281.0,0.0,18.0,01638480
2019-05-08,220.0,0.3,17.5,01638480
2019-05-09,194.0,2.1,17.1,01638480
2019-05-10,290.0,3.2,20.4,01638480
2019-05-11,472.0,2.7,15.6,01638480
2019-05-12,608.0,28.9,11.7,01638480
2019-05-13,786.0,18.5,9.3,01638480
2019-05-14,555.0,0.1,11.0,01638480
2019-05-15,376.0,0.0,12.8,01638480
2019-05-16,295.0,1.2,16.1,01638480
2019-05-17,241.0,0.9,18.4,01638480
2019-05-18,207.0,1.0,20.6,01638480
2019-05-19,185.0,1.3,22.5,01638480
2019-05-20,168.0,1.3,23.8,01638480
2019-05-21,152.0,0.0,16.9,01638480
2019-05-22,140.0,0.0,15.6,01638480
2019-05-23,142.0,2.1,20.3,01638480
2019-05-24,154.0,0.0,22.3,01638480
2019-05-25,125.0,0.6,21.2,01638480
2019-05-26,122.0,2.7,23.9,01638480
2019-05-27,110.0,2.0,22.3,01638480
2019-05-28,104.0,4.3,22.4,01638480
2019-05-29,99.6,0.5,25.4,01638480
2019-05-30,88.0,1.9,23.2,01638480
2019-05-31,84.3,1.5,21.6,01638480
2019-06-01,76.8,0.0,21.7,01638480
2019-06-02,71.5,1.3,21.5,01638480
2019-06-03,70.4,0.1,16.9,01638480
2019-06-04,63.3,0.0,16.0,01638480
2019-06-05,60.1,3.1,20.0,01638480
2019-06-06,61.2,2.8,22.6,01638480
2019-06-07,59.4,0.0,22.3,01638480
2019-06-08,55.4,0.0,21.6,01638480
2019-06-09,52.0,4.5,19.8,01638480
2019-06-10,76.2,5.4,17.9,01638480
2019-06-11,76.1,6.0,19.1,01638480
2019-06-12,57.4,0.0,18.8,01638480
2019-06-13,112.0,27.2,18.3,01638480
2019-06-14,128.0,0.1,17.2,01638480
2019-06-15,69.7,0.0,19.3,01638480
2019-06-16,58.1,4.0,22.6,01638480
2019-06-17,54.1,5.4,23.0,01638480
2019-06-18,59.5,16.7,23.1,01638480
2019-06-19,54.2,14.2,23.2,01638480
2019-06-20,50.7,2.5,24.0,01638480
2019-06-21,44.2,4.4,22.1,01638480
2019-06-22,37.4,0.0,20.4,01638480
2019-06-23,33.9,0.0,21.1,01638480
2019-06-24,32.8,0.3,23.7,01638480
2019-06-25,46.2,10.6,24.3,01638480
2019-06-26,41.1,0.0,24.6,01638480
2019-06-27,33.6,0.1,25.8,01638480
2019-06-28,37.1,0.3,25.4,01638480
2019-06-29,37.7,0.2,27.0,01638480
2019-06-30,36.5,5.7,25.7,01638480
2019-07-01,31.8,0.0,23.7,01638480
2019-07-02,28.7,1.2,25.0,01638480
2019-07-03,32.7,2.0,26.5,01638480
2019-07-04,27.7,4.1,25.6,01638480
2019-07-05,29.0,6.9,25.1,01638480
2019-07-06,27.7,17.9,25.5,01638480
2019-07-07,30.5,8.8,25.0,01638480
2019-07-08,269.0,59.6,23.4,01638480
2019-07-09,128.0,0.0,23.3,01638480
2019-07-10,59.9,0.0,24.8,01638480
2019-07-11,43.6,7.8,24.6,01638480
2019-07-12,84.9,0.4,24.7,01638480
2019-07-13,53.7,0.0,25.0,01638480
2019-07-14,39.3,0.0,26.7,01638480
2019-07-15,32.4,0.0,25.5,01638480
2019-07-16,27.7,0.9,26.2,01638480
2019-07-17,26.6,0.2,27.3,01638480
2019-07-18,38.1,2.2,26.9,01638480
2019-07-19,29.1,0.0,28.5,01638480
2019-07-20,23.9,0.1,29.7,01638480
2019-07-21,21.0,0.5,29.3,01638480
2019-07-22,75.6,4.1,26.6,01638480
2019-07-23,85.3,16.9,21.4,01638480
2019-07-24,59.0,0.0,22.0,01638480
2019-07-25,35.9,0.1,22.1,01638480
2019-07-26,27.6,0.1,23.1,01638480
2019-07-27,23.9,0.0,24.7,01638480
2019-07-28,22.0,0.0,26.0,01638480
2019-07-29,20.7,0.0,26.0,01638480
2019-07-30,19.2,0.1,26.8,01638480
2019-07-31,17.9,0.6,24.3,01638480
2019-08-01,18.8,0.7,24.7,01638480
2019-08-02,17.6,2.8,24.7,01638480
2019-08-03,16.5,1.0,24.6,01638480
2019-08-04,17.3,0.2,25.9,01638480
2019-08-05,15.6,0.1,24.6,01638480
2019-08-06,14.8,0.0,25.8,01638480
2019-08-07,15.5,0.3,26.0,01638480
2019-08-08,22.9,0.0,25.0,01638480
2019-08-09,18.3,0.7,25.0,01638480
2019-08-10,14.8,0.0,23.1,01638480
2019-08-11,13.7,0.0,22.8,01638480
2019-08-12,12.8,0.0,24.4,01638480
2019-08-13,12.7,4.1,25.0,01638480
2019-08-14,15.7,19.5,24.9,01638480
2019-08-15,16.6,32.2,22.9,01638480
2019-08-16,17.0,21.2,23.1,01638480
2019-08-17,15.9,1.4,25.4,01638480
2019-08-18,13.7,0.2,26.5,01638480
2019-08-19,12.3,0.1,26.6,01638480
2019-08-20,11.9,4.2,26.4,01638480
2019-08-21,11.2,0.1,26.1,01638480
2019-08-22,15.6,0.0,27.0,01638480
2019-08-23,43.2,23.7,20.2,01638480
2019-08-24,35.3,0.0,19.6,01638480
2019-08-25,18.7,0.0,19.6,01638480
2019-08-26,13.7,0.0,19.5,01638480
2019-08-27,12.6,4.1,20.3,01638480
2019-08-28,16.4,2.7,21.8,01638480
2019-08-29,48.9,0.3,21.3,01638480
2019-08-30,22.6,0.0,22.7,01638480
2019-08-31,14.5,0.0,24.1,01638480
2019-09-01,12.4,0.4,21.9,01638480
2019-09-02,11.8,2.7,23.2,01638480
2019-09-03,15.7,1.6,23.3,01638480
2019-09-04,16.2,0.0,25.7,01638480
2019-09-05,12.0,0.0,23.0,01638480
2019-09-06,10.9,0.2,21.5,01638480
2019-09-07,10.2,0.0,21.7,01638480
2019-09-08,10.0,0.0,22.0,01638480
2019-09-09,9.45,1.1,22.1,01638480
2019-09-10,8.95,0.0,23.3,01638480
2019-09-11,9.05,0.0,25.8,01638480
2019-09-12,9.53,0.3,26.9,01638480
2019-09-13,9.39,2.2,21.0,01638480
2019-09-14,9.35,0.4,21.2,01638480
2019-09-15,9.53,0.3,22.7,01638480
2019-09-16,9.26,0.0,23.7,01638480
2019-09-17,8.22,1.1,22.5,01638480
2019-09-18,7.66,0.0,19.4,01638480
2019-09-19,7.82,0.0,17.0,01638480
2019-09-20,8.03,0.0,17.5,01638480
2019-09-21,7.36,0.7,21.9,01638480
2019-09-22,7.5,0.4,24.7,01638480
2019-09-23,7.56,1.4,25.2,01638480
2019-09-24,7.13,0.0,21.8,01638480
2019-09-25,6.81,0.0,19.6,01638480
2019-09-26,7.32,0.4,21.2,01638480
2019-09-27,7.22,0.0,20.0,01638480
2019-09-28,8.12,1.3,22.4,01638480
2019-09-29,8.72,0.0,23.6,01638480
2019-09-30,9.58,16.8,20.0,01638480
2019-10-01,12.6,1.7,21.8,01638480
2019-10-02,13.2,0.0,26.0,01638480
2019-10-03,12.2,1.6,23.9,01638480
2019-10-04,11.0,0.3,20.3,01638480
2019-10-05,10.1,0.0,12.2,01638480
2019-10-06,9.88,2.1,17.5,01638480
2019-10-07,11.0,4.7,19.0,01638480
2019-10-08,13.1,11.9,13.8,01638480
2019-10-09,14.8,2.8,14.6,01638480
2019-10-10,15.7,0.0,13.9,01638480
2019-10-11,14.7,0.0,15.4,01638480
2019-10-12,13.9,0.0,14.3,01638480
2019-10-13,13.5,0.0,12.0,01638480
2019-10-14,13.5,0.0,13.7,01638480
2019-10-15,13.5,0.0,13.8,01638480
2019-10-16,15.4,19.3,12.6,01638480
2019-10-17,22.6,0.0,10.3,01638480
2019-10-18,16.6,0.0,10.7,01638480
2019-10-19,12.3,0.0,9.8,01638480
2019-10-20,11.7,11.4,11.0,01638480
2019-10-21,12.9,0.1,13.3,01638480
2019-10-22,15.6,20.9,13.4,01638480
2019-10-23,22.0,0.0,12.5,01638480
2019-10-24,18.8,0.0,11.0,01638480
2019-10-25,14.1,0.0,12.0,01638480
2019-10-26,12.5,1.1,12.8,01638480
2019-10-27,44.3,17.9,16.9,01638480
2019-10-28,57.8,0.0,14.3,01638480
2019-10-29,22.0,0.0,14.1,01638480
2019-10-30,14.2,1.3,14.1,01638480
2019-10-31,49.3,14.0,18.2,01638480
2019-11-01,278.0,30.7,7.9,01638480
2019-11-02,101.0,0.0,5.2,01638480
2019-11-03,52.1,0.0,5.9,01638480
2019-11-04,36.6,0.0,6.9,01638480
2019-11-05,30.3,0.0,9.2,01638480
2019-11-06,24.3,0.0,8.6,01638480
2019-11-07,22.2,4.5,9.3,01638480
2019-11-08,21.9,0.7,3.6,01638480
2019-11-09,26.2,0.0,0.8,01638480
2019-11-10,20.4,0.0,5.5,01638480
2019-11-11,16.6,0.0,9.8,01638480
2019-11-12,15.7,4.4,7.0,01638480
2019-11-13,15.2,0.0,-2.4,01638480
2019-11-14,13.9,0.0,-0.4,01638480
2019-11-15,13.5,0.0,2.7,01638480
2019-11-16,13.6,0.0,2.4,01638480
2019-11-17,13.5,0.0,1.4,01638480
2019-11-18,13.2,0.0,4.2,01638480
2019-11-19,13.0,0.9,6.0,01638480
2019-11-20,16.9,0.0,7.2,01638480
2019-11-21,12.8,0.0,6.0,01638480
2019-11-22,12.4,2.2,8.6,01638480
2019-11-23,12.3,1.6,3.0,01638480
2019-11-24,24.0,17.3,4.7,01638480
2019-11-25,33.2,0.0,6.0,01638480
2019-11-26,22.9,0.0,7.6,01638480
2019-11-27,18.9,1.3,10.0,01638480
2019-11-28,17.7,0.0,7.0,01638480
2019-11-29,17.9,0.0,4.2,01638480
2019-11-30,13.5,0.0,3.9,01638480
2019-12-01,20.0,10.9,3.7,01638480
2019-12-02,63.4,1.4,3.7,01638480
2019-12-03,48.0,0.7,3.5,01638480
2019-12-04,33.2,2.0,3.0,01638480
2019-12-05,26.5,0.0,3.3,01638480
2019-12-06,27.7,0.2,4.1,01638480
2019-12-07,20.8,0.0,2.8,01638480
2019-12-08,17.2,0.0,0.8,01638480
2019-12-09,21.6,10.2,3.8,01638480
2019-12-10,59.8,6.7,8.9,01638480
2019-12-11,70.6,7.4,1.1,01638480
2019-12-12,58.7,0.0,-1.5,01638480
2019-12-13,44.9,5.2,0.5,01638480
2019-12-14,60.6,12.5,4.2,01638480
2019-12-15,105.0,0.1,5.5,01638480
2019-12-16,70.4,10.5,0.7,01638480
2019-12-17,143.0,17.1,1.4,01638480
2019-12-18,119.0,0.0,-0.1,01638480
2019-12-19,78.8,0.0,-4.1,01638480
2019-12-20,60.5,0.0,-1.7,01638480
2019-12-21,54.7,0.0,-1.6,01638480
2019-12-22,47.7,0.0,0.7,01638480
2019-12-23,46.1,0.0,2.3,01638480
2019-12-24,42.9,0.0,3.0,01638480
2019-12-25,39.9,0.0,2.4,01638480
2019-12-26,37.2,0.0,2.9,01638480
2019-12-27,35.1,0.0,6.6,01638480
2019-12-28,34.7,0.0,8.4,01638480
2019-12-29,37.0,8.6,7.7,01638480
2019-12-30,80.0,4.3,12.7,01638480
2019-12-31,77.0,0.1,6.3,01638480
2020-01-01,60.7,0.0,4.1,01638480
2020-01-02,51.1,0.0,2.7,01638480
2020-01-03,51.6,6.4,8.1,01638480
2020-01-04,67.9,7.0,9.1,01638480
2020-01-05,92.2,0.5,3.3,01638480
2020-01-06,74.8,0.0,3.1,01638480
2020-01-07,63.6,8.4,0.9,01638480
2020-01-08,61.6,0.2,0.9,01638480
2020-01-09,57.4,0.0,-2.1,01638480
2020-01-10,52.3,0.0,4.3,01638480
2020-01-11,52.9,0.0,14.4,01638480
2020-01-12,84.9,12.6,15.3,01638480
2020-01-13,98.8,0.0,6.8,01638480
2020-01-14,79.5,2.5,5.7,01638480
2020-01-15,74.5,0.0,6.5,01638480
2020-01-16,69.3,0.0,8.0,01638480
2020-01-17,59.7,0.0,-0.7,01638480
2020-01-18,53.8,6.7,-2.3,01638480
2020-01-19,75.4,0.4,1.4,01638480
2020-01-20,74.4,0.0,-3.8,01638480
2020-01-21,57.6,0.0,-3.9,01638480
2020-01-22,52.7,0.0,-3.1,01638480
2020-01-23,53.3,0.0,-0.2,01638480
2020-01-24,52.6,0.0,2.2,01638480
2020-01-25,798.0,33.5,6.0,01638480
2020-01-26,330.0,0.0,3.1,01638480
2020-01-27,207.0,0.0,3.1,01638480
2020-01-28,158.0,0.0,3.6,01638480
2020-01-29,131.0,0.4,3.0,01638480
2020-01-30,111.0,0.0,-0.7,01638480
2020-01-31,98.5,0.4,1.2,01638480
2020-02-01,88.1,2.5,1.8,01638480
2020-02-02,83.4,0.7,3.9,01638480
2020-02-03,74.5,0.0,11.8,01638480
2020-02-04,68.7,0.5,13.6,01638480
2020-02-05,66.0,2.8,7.3,01638480
2020-02-06,228.0,19.0,2.8,01638480
2020-02-07,942.0,13.6,5.3,01638480
2020-02-08,408.0,0.0,0.8,01638480
2020-02-09,228.0,0.1,2.0,01638480
2020-02-10,183.0,8.7,5.4,01638480
2020-02-11,218.0,6.7,7.5,01638480
2020-02-12,203.0,0.6,5.2,01638480
2020-02-13,196.0,5.8,6.0,01638480
2020-02-14,169.0,0.1,1.3,01638480
2020-02-15,134.0,0.0,-3.7,01638480
2020-02-16,123.0,0.0,0.8,01638480
2020-02-17,116.0,0.0,4.2,01638480
2020-02-18,107.0,0.0,6.6,01638480
2020-02-19,98.7,0.0,6.0,01638480
2020-02-20,89.6,0.0,0.7,01638480
2020-02-21,83.4,0.0,-2.5,01638480
2020-02-22,78.7,0.0,1.3,01638480
2020-02-23,75.4,0.0,4.1,01638480
2020-02-24,73.0,0.0,6.1,01638480
2020-02-25,76.3,2.1,7.9,01638480
2020-02-26,80.2,3.0,8.8,01638480
2020-02-27,211.0,12.0,2.6,01638480
2020-02-28,134.0,0.5,0.8,01638480
2020-02-29,103.0,0.0,-1.5,01638480
2020-03-01,89.7,0.0,0.6,01638480
2020-03-02,83.6,0.2,6.8,01638480
2020-03-03,88.0,3.8,9.6,01638480
2020-03-04,88.3,0.3,9.8,01638480
2020-03-05,77.3,0.0,7.3,01638480
2020-03-06,72.0,0.3,5.0,01638480
2020-03-07,68.1,0.1,4.3,01638480
2020-03-08,62.9,0.0,5.5,01638480
2020-03-09,61.4,0.0,11.5,01638480
2020-03-10,60.2,2.1,13.4,01638480
2020-03-11,60.2,0.6,8.2,01638480
2020-03-12,58.9,0.0,9.5,01638480
2020-03-13,66.7,3.7,12.7,01638480
2020-03-14,65.8,0.4,8.8,01638480
2020-03-15,71.1,9.4,5.0,01638480
2020-03-16,73.1,0.0,4.9,01638480
2020-03-17,63.3,0.8,8.0,01638480
2020-03-18,59.4,0.0,8.0,01638480
2020-03-19,91.8,12.4,12.4,01638480
2020-03-20,94.0,1.5,17.9,01638480
2020-03-21,75.5,0.0,10.6,01638480
2020-03-22,66.5,0.0,5.3,01638480
2020-03-23,65.7,6.4,4.3,01638480
2020-03-24,70.9,0.0,7.4,01638480
2020-03-25,72.1,9.5,6.1,01638480
2020-03-26,83.6,0.0,8.2,01638480
2020-03-27,72.5,0.0,12.0,01638480
2020-03-28,90.7,12.7,12.8,01638480
2020-03-29,103.0,0.5,12.9,01638480
2020-03-30,88.5,0.0,14.2,01638480
2020-03-31,78.6,1.0,9.1,01638480
2020-04-01,90.3,7.0,6.9,01638480
2020-04-02,83.8,0.0,8.0,01638480
2020-04-03,71.5,0.0,10.3,01638480
2020-04-04,67.0,0.0,10.4,01638480
2020-04-05,64.7,0.0,12.1,01638480
2020-04-06,62.7,0.0,13.3,01638480
2020-04-07,59.6,1.5,13.4,01638480
2020-04-08,64.3,9.1,16.6,01638480
2020-04-09,72.2,1.6,13.3,01638480
2020-04-10,63.7,0.6,6.1,01638480
2020-04-11,53.9,0.0,7.4,01638480
2020-04-12,50.7,0.4,10.2,01638480
2020-04-13,225.0,30.4,16.4,01638480
2020-04-14,194.0,0.7,9.6,01638480
2020-04-15,137.0,7.6,5.8,01638480
2020-04-16,113.0,0.0,5.5,01638480
2020-04-17,92.1,0.1,5.6,01638480
2020-04-18,86.6,3.6,7.9,01638480
2020-04-19,80.4,0.0,8.0,01638480
2020-04-20,77.1,0.0,10.9,01638480
2020-04-21,71.3,1.0,10.8,01638480
2020-04-22,64.5,0.0,6.3,01638480
2020-04-23,61.5,2.2,9.4,01638480
2020-04-24,115.0,9.9,10.9,01638480
2020-04-25,106.0,0.0,11.4,01638480
2020-04-26,132.0,21.8,9.8,01638480
2020-04-27,172.0,6.7,8.7,01638480
2020-04-28,129.0,3.1,8.0,01638480
2020-04-29,117.0,2.2,11.3,01638480
2020-04-30,1020.0,31.7,14.7,01638480
2020-05-01,830.0,2.7,12.5,01638480
2020-05-02,413.0,0.0,13.4,01638480
2020-05-03,282.0,0.5,18.0,01638480
2020-05-04,263.0,13.6,16.3,01638480
2020-05-05,201.0,0.7,9.8,01638480
2020-05-06,197.0,5.5,9.7,01638480
2020-05-07,181.0,0.8,9.4,01638480
2020-05-08,147.0,9.4,10.3,01638480
2020-05-09,160.0,1.6,3.8,01638480
2020-05-10,130.0,0.0,7.8,01638480
2020-05-11,112.0,0.5,9.9,01638480
2020-05-12,101.0,0.0,7.4,01638480
2020-05-13,92.4,0.0,10.9,01638480
2020-05-14,85.6,0.0,13.3,01638480
2020-05-15,82.8,0.1,20.7,01638480
2020-05-16,75.9,0.0,21.2,01638480
2020-05-17,71.8,2.6,16.5,01638480
2020-05-18,68.3,0.6,15.3,01638480
2020-05-19,65.7,0.0,15.5,01638480
2020-05-20,59.4,0.0,12.9,01638480
2020-05-21,56.9,0.0,12.7,01638480
2020-05-22,62.4,9.2,16.2,01638480
2020-05-23,76.3,4.5,19.2,01638480
2020-05-24,67.6,2.0,18.2,01638480
2020-05-25,58.8,0.0,18.7,01638480
2020-05-26,54.5,0.0,20.2,01638480
2020-05-27,50.6,0.3,20.0,01638480
2020-05-28,50.1,8.0,22.3,01638480
2020-05-29,48.4,0.4,25.0,01638480
2020-05-30,44.9,1.5,21.9,01638480
2020-05-31,41.1,0.0,17.5,01638480
2020-06-01,36.0,0.0,16.1,01638480
2020-06-02,33.9,0.0,18.5,01638480
2020-06-03,33.8,0.0,25.1,01638480
2020-06-04,32.2,0.7,26.4,01638480
2020-06-05,102.0,16.1,22.9,01638480
2020-06-06,218.0,3.8,23.8,01638480
2020-06-07,85.5,0.0,21.4,01638480
2020-06-08,59.6,0.0,20.3,01638480
2020-06-09,50.5,0.0,23.6,01638480
2020-06-10,45.0,0.5,27.2,01638480
2020-06-11,44.8,6.6,25.4,01638480
2020-06-12,41.6,0.0,23.3,01638480
2020-06-13,34.2,0.0,20.1,01638480
2020-06-14,29.0,1.0,17.7,01638480
2020-06-15,26.2,0.0,19.0,01638480
2020-06-16,25.3,0.0,19.8,01638480
2020-06-17,25.8,5.2,18.4,01638480
2020-06-18,53.5,15.5,20.3,01638480
2020-06-19,44.6,2.1,21.3,01638480
2020-06-20,33.9,10.9,21.3,01638480
2020-06-21,33.3,2.7,22.7,01638480
2020-06-22,57.8,11.1,23.9,01638480
2020-06-23,284.0,5.4,23.1,01638480
2020-06-24,395.0,3.8,23.2,01638480
2020-06-25,166.0,0.0,22.2,01638480
2020-06-26,166.0,0.0,23.4,01638480
2020-06-27,94.0,1.9,25.4,01638480
2020-06-28,65.2,5.6,25.5,01638480
2020-06-29,52.7,0.1,25.7,01638480
2020-06-30,45.1,0.0,25.6,01638480
2020-07-01,39.6,0.4,24.9,01638480
2020-07-02,33.7,0.1,25.0,01638480
2020-07-03,29.5,0.0,27.8,01638480
2020-07-04,25.8,0.0,28.2,01638480
2020-07-05,23.6,0.2,27.1,01638480
2020-07-06,22.2,4.8,26.7,01638480
2020-07-07,82.7,5.9,24.7,01638480
2020-07-08,62.3,2.8,26.3,01638480
2020-07-09,32.3,0.0,26.7,01638480
2020-07-10,23.9,0.1,26.8,01638480
2020-07-11,19.6,1.1,26.6,01638480
2020-07-12,17.4,0.4,25.6,01638480
2020-07-13,17.4,1.2,24.1,01638480
2020-07-14,16.3,0.0,25.1,01638480
2020-07-15,14.2,0.0,25.9,01638480
2020-07-16,12.6,0.5,26.5,01638480
2020-07-17,11.6,1.2,27.6,01638480
2020-07-18,11.2,0.0,28.8,01638480
2020-07-19,10.5,0.3,29.5,01638480
2020-07-20,9.3,0.0,30.6,01638480
2020-07-21,9.09,0.2,29.9,01638480
2020-07-22,17.2,6.6,26.8,01638480
2020-07-23,58.3,0.7,25.8,01638480
2020-07-24,114.0,13.8,24.6,01638480
2020-07-25,84.1,1.5,25.6,01638480
2020-07-26,40.5,0.1,27.6,01638480
2020-07-27,28.1,0.0,28.3,01638480
2020-07-28,22.5,0.8,28.0,01638480
2020-07-29,18.4,0.0,26.7,01638480
2020-07-30,15.7,0.0,27.5,01638480
2020-07-31,17.6,18.8,22.9,01638480
2020-08-01,24.3,1.6,23.9,01638480
2020-08-02,22.2,1.0,27.0,01638480
2020-08-03,18.3,0.4,24.9,01638480
2020-08-04,61.1,48.4,23.4,01638480
2020-08-05,78.9,0.0,23.6,01638480
2020-08-06,104.0,25.3,22.8,01638480
2020-08-07,1550.0,14.0,22.8,01638480
2020-08-08,140.0,9.4,22.9,01638480
2020-08-09,85.6,0.0,25.4,01638480
2020-08-10,57.7,0.1,25.8,01638480
2020-08-11,41.4,0.3,26.2,01638480
2020-08-12,35.0,2.0,26.2,01638480
2020-08-13,35.4,18.3,23.9,01638480
2020-08-14,27.9,4.3,23.7,01638480
2020-08-15,24.9,4.3,22.2,01638480
2020-08-16,41.7,12.9,20.8,01638480
2020-08-17,34.0,0.3,21.9,01638480
2020-08-18,24.2,0.0,22.8,01638480
2020-08-19,21.4,0.7,22.0,01638480
2020-08-20,20.4,0.1,21.0,01638480
2020-08-21,19.1,0.3,22.4,01638480
2020-08-22,18.2,2.3,23.7,01638480
2020-08-23,17.9,10.9,23.9,01638480
2020-08-24,18.8,12.1,24.5,01638480
2020-08-25,16.6,0.2,26.0,01638480
2020-08-26,15.8,0.0,25.2,01638480
2020-08-27,14.4,0.0,26.8,01638480
2020-08-28,13.5,0.1,27.3,01638480
2020-08-29,15.7,17.7,24.4,01638480
2020-08-30,20.8,0.0,22.9,01638480
2020-08-31,16.2,22.3,19.7,01638480
2020-09-01,27.0,4.9,20.4,01638480
2020-09-02,25.8,3.7,23.9,01638480
2020-09-03,202.0,3.3,24.6,01638480
2020-09-04,171.0,2.1,24.5,01638480
2020-09-05,61.2,0.0,20.8,01638480
2020-09-06,40.0,0.0,21.0,01638480
2020-09-07,31.9,0.0,21.6,01638480
2020-09-08,26.7,0.0,22.0,01638480
2020-09-09,25.5,0.2,23.0,01638480
2020-09-10,55.8,22.2,22.7,01638480
2020-09-11,43.5,1.5,23.6,01638480
2020-09-12,31.4,1.1,19.8,01638480
2020-09-13,27.0,0.0,20.1,01638480
2020-09-14,24.4,0.8,21.6,01638480
2020-09-15,22.8,0.0,15.9,01638480
2020-09-16,21.2,0.0,15.4,01638480
2020-09-17,19.9,0.0,17.3,01638480
2020-09-18,18.6,0.0,18.5,01638480
2020-09-19,17.6,0.0,13.2,01638480
2020-09-20,16.7,0.0,12.3,01638480
2020-09-21,16.0,0.0,12.3,01638480
2020-09-22,15.4,0.0,12.9,01638480
2020-09-23,14.9,0.0,17.8,01638480
2020-09-24,14.6,0.0,18.8,01638480
2020-09-25,14.3,0.0,17.6,01638480
2020-09-26,14.0,5.1,18.0,01638480
2020-09-27,14.4,0.0,18.9,01638480
2020-09-28,14.5,1.0,20.9,01638480
2020-09-29,17.2,2.0,19.7,01638480
2020-09-30,74.6,15.4,15.0,01638480
2020-10-01,57.8,0.0,16.2,01638480
2020-10-02,28.0,1.0,14.6,01638480
2020-10-03,20.8,0.0,11.8,01638480
2020-10-04,17.9,0.0,12.8,01638480
2020-10-05,16.3,0.9,13.8,01638480
2020-10-06,14.7,0.0,13.4,01638480
2020-10-07,14.3,0.0,17.6,01638480
2020-10-08,12.9,0.0,16.1,01638480
2020-10-09,11.9,0.0,14.4,01638480
2020-10-10,11.6,0.0,17.5,01638480
2020-10-11,13.1,2.3,18.5,01638480
2020-10-12,118.0,34.3,14.8,01638480
2020-10-13,140.0,1.2,14.3,01638480
2020-10-14,64.7,0.0,14.4,01638480
2020-10-15,42.1,0.0,16.8,01638480
2020-10-16,31.9,0.3,14.2,01638480
2020-10-17,25.5,0.0,9.7,01638480
2020-10-18,20.5,0.2,10.2,01638480
2020-10-19,18.6,0.0,13.9,01638480
2020-10-20,18.7,0.0,17.0,01638480
2020-10-21,17.7,0.0,18.7,01638480
2020-10-22,16.5,0.0,19.1,01638480
2020-10-23,15.1,0.0,19.0,01638480
2020-10-24,13.6,0.6,17.3,01638480
2020-10-25,14.8,3.5,8.8,01638480
2020-10-26,16.0,1.6,10.7,01638480
2020-10-27,15.2,1.1,14.0,01638480
2020-10-28,13.9,0.9,16.0,01638480
2020-10-29,81.8,45.0,13.4,01638480
2020-10-30,157.0,1.8,9.4,01638480
2020-10-31,74.0,0.0,6.0,01638480
2020-11-01,51.8,3.2,8.2,01638480
2020-11-02,35.2,0.0,4.5,01638480
2020-11-03,29.6,0.0,7.7,01638480
2020-11-04,26.5,0.0,9.8,01638480
2020-11-05,23.3,0.0,12.3,01638480
2020-11-06,20.5,0.0,14.0,01638480
2020-11-07,19.0,0.0,13.3,01638480
2020-11-08,17.8,0.0,14.3,01638480
2020-11-09,16.1,0.0,15.5,01638480
2020-11-10,15.2,0.0,16.7,01638480
2020-11-11,20.3,28.7,17.9,01638480
2020-11-12,182.0,16.3,13.9,01638480
2020-11-13,121.0,0.1,9.4,01638480
2020-11-14,70.4,0.0,7.8,01638480
2020-11-15,50.7,4.5,9.9,01638480
2020-11-16,43.2,0.0,9.8,01638480
2020-11-17,36.4,0.3,6.0,01638480
2020-11-18,29.9,0.0,2.1,01638480
2020-11-19,25.0,0.0,3.3,01638480
2020-11-20,23.1,0.0,8.7,01638480
2020-11-21,22.2,1.7,11.8,01638480
2020-11-22,22.2,0.0,10.4,01638480
2020-11-23,22.4,2.1,9.3,01638480
2020-11-24,21.4,0.0,4.8,01638480
2020-11-25,18.7,0.0,7.5,01638480
2020-11-26,17.8,2.8,12.9,01638480
2020-11-27,17.5,0.0,10.6,01638480
2020-11-28,17.9,0.0,8.7,01638480
2020-11-29,17.4,0.0,6.1,01638480
2020-11-30,286.0,26.9,9.6,01638480
2020-12-01,193.0,1.1,4.8,01638480
2020-12-02,93.5,0.0,2.9,01638480
2020-12-03,77.2,0.0,3.2,01638480
2020-12-04,81.4,6.8,5.3,01638480
2020-12-05,353.0,8.8,5.7,01638480
2020-12-06,169.0,0.0,2.8,01638480
2020-12-07,116.0,0.0,-0.3,01638480
2020-12-08,92.8,0.0,1.1,01638480
2020-12-09,81.5,0.0,0.7,01638480
2020-12-10,77.2,0.0,3.8,01638480
2020-12-11,69.7,0.0,6.2,01638480
2020-12-12,64.7,0.8,9.1,01638480
2020-12-13,62.1,0.0,11.0,01638480
2020-12-14,228.0,21.1,3.7,01638480
2020-12-15,231.0,0.0,1.1,01638480
2020-12-16,138.0,20.4,-1.9,01638480
2020-12-17,152.0,10.9,-2.1,01638480
2020-12-18,135.0,0.9,-0.5,01638480
2020-12-19,123.0,0.0,-3.1,01638480
2020-12-20,112.0,0.0,0.2,01638480
2020-12-21,125.0,0.0,1.8,01638480
2020-12-22,240.0,2.2,3.0,01638480
2020-12-23,274.0,0.0,1.7,01638480
2020-12-24,881.0,39.0,7.8,01638480
2020-12-25,2020.0,15.2,1.8,01638480
2020-12-26,490.0,0.0,-5.0,01638480
2020-12-27,303.0,0.0,-1.5,01638480
2020-12-28,237.0,0.0,4.1,01638480
2020-12-29,199.0,0.0,2.4,01638480
2020-12-30,166.0,0.0,0.2,01638480
2020-12-31,149.0,4.9,4.9,01638480
2021-01-01,254.0,7.5,-0.2,01638480
2021-01-02,797.0,4.3,5.0,01638480
2021-01-03,357.0,6.6,2.9,01638480
2021-01-04,337.0,0.0,2.1,01638480
2021-01-05,243.0,0.7,2.7,01638480
2021-01-06,195.0,0.1,2.8,01638480
2021-01-07,162.0,0.0,2.4,01638480
2021-01-08,137.0,0.0,-0.6,01638480
2021-01-09,119.0,0.0,0.1,01638480
2021-01-10,107.0,0.0,1.6,01638480
2021-01-11,101.0,0.0,0.5,01638480
2021-01-12,95.4,0.0,0.8,01638480
2021-01-13,89.7,0.0,1.8,01638480
2021-01-14,88.9,0.0,3.7,01638480
2021-01-15,86.3,0.9,3.7,01638480
2021-01-16,86.2,1.7,2.9,01638480
2021-01-17,80.0,0.0,2.2,01638480
2021-01-18,74.3,0.0,1.8,01638480
2021-01-19,69.0,0.0,1.8,01638480
2021-01-20,65.4,0.5,1.2,01638480
2021-01-21,63.5,0.0,0.7,01638480
2021-01-22,62.6,0.0,2.4,01638480
2021-01-23,59.5,0.0,-1.1,01638480
2021-01-24,54.3,0.0,-3.2,01638480
2021-01-25,56.3,0.9,-0.1,01638480
2021-01-26,60.1,6.7,-0.2,01638480
2021-01-27,63.5,0.0,2.2,01638480
2021-01-28,57.5,0.2,-1.8,01638480
2021-01-29,48.4,0.0,-3.8,01638480
2021-01-30,47.3,0.0,-2.9,01638480
2021-01-31,52.9,11.8,-1.9,01638480
2021-02-01,59.6,11.7,-2.7,01638480
2021-02-02,58.1,2.2,-0.9,01638480
2021-02-03,54.2,0.8,-0.4,01638480
2021-02-04,52.2,0.0,-1.2,01638480
2021-02-05,54.8,1.3,4.1,01638480
2021-02-06,83.8,0.0,1.3,01638480
2021-02-07,82.1,6.2,1.2,01638480
2021-02-08,83.0,0.0,-4.1,01638480
2021-02-09,73.2,0.0,0.6,01638480
2021-02-10,76.9,0.3,0.5,01638480
2021-02-11,89.6,14.9,0.0,01638480
2021-02-12,87.5,0.2,-3.4,01638480
2021-02-13,80.3,3.7,-2.9,01638480
2021-02-14,77.0,0.1,-1.4,01638480
2021-02-15,84.0,0.7,0.4,01638480
2021-02-16,343.0,15.2,1.4,01638480
2021-02-17,239.0,0.0,-4.2,01638480
2021-02-18,187.0,17.0,-3.7,01638480
2021-02-19,163.0,3.0,-2.2,01638480
2021-02-20,148.0,0.0,-4.0,01638480
2021-02-21,134.0,0.0,-5.5,01638480
2021-02-22,148.0,6.7,-0.5,01638480
2021-02-23,219.0,0.0,4.2,01638480
2021-02-24,322.0,0.0,6.2,01638480
2021-02-25,299.0,0.0,7.2,01638480
2021-02-26,229.0,0.0,3.8,01638480
2021-02-27,284.0,7.7,4.6,01638480
2021-02-28,831.0,22.5,6.4,01638480
2021-03-01,803.0,7.1,6.4,01638480
2021-03-02,420.0,0.0,0.9,01638480
2021-03-03,313.0,0.0,3.6,01638480
2021-03-04,259.0,0.0,5.8,01638480
2021-03-05,212.0,0.0,-0.8,01638480
2021-03-06,184.0,0.0,0.4,01638480
2021-03-07,163.0,0.0,0.1,01638480
2021-03-08,146.0,0.0,1.8,01638480
2021-03-09,135.0,0.0,9.1,01638480
2021-03-10,124.0,0.0,10.8,01638480
2021-03-11,115.0,0.2,14.1,01638480
2021-03-12,112.0,0.2,14.4,01638480
2021-03-13,101.0,0.0,8.8,01638480
2021-03-14,92.4,0.0,7.6,01638480
2021-03-15,84.7,0.0,2.2,01638480
2021-03-16,81.8,1.5,4.2,01638480
2021-03-17,81.8,0.0,6.6,01638480
2021-03-18,122.0,14.7,8.4,01638480
2021-03-19,145.0,1.9,5.4,01638480
2021-03-20,97.9,0.0,3.7,01638480
2021-03-21,83.7,0.0,6.3,01638480
2021-03-22,77.1,0.0,8.0,01638480
2021-03-23,73.8,0.0,9.5,01638480
2021-03-24,78.6,5.6,12.0,01638480
2021-03-25,94.3,1.3,12.7,01638480
2021-03-26,86.7,0.6,18.0,01638480
2021-03-27,81.1,0.0,13.9,01638480
2021-03-28,77.7,13.6,14.1,01638480
2021-03-29,87.6,0.0,8.3,01638480
2021-03-30,76.0,0.0,10.4,01638480
2021-03-31,78.9,13.4,13.2,01638480
2021-04-01,181.0,9.5,6.9,01638480
2021-04-02,141.0,0.0,0.9,01638480
2021-04-03,107.0,0.0,3.3,01638480
2021-04-04,97.7,0.0,10.2,01638480
2021-04-05,92.0,0.0,12.3,01638480
2021-04-06,86.3,0.0,15.4,01638480
2021-04-07,82.0,0.1,17.0,01638480
2021-04-08,77.1,0.0,15.5,01638480
2021-04-09,110.0,8.4,12.8,01638480
2021-04-10,106.0,0.6,14.0,01638480
2021-04-11,139.0,35.5,17.5,01638480
2021-04-12,141.0,0.5,14.4,01638480
2021-04-13,128.0,0.7,12.5,01638480
2021-04-14,112.0,5.6,12.1,01638480
2021-04-15,126.0,1.8,11.7,01638480
2021-04-16,108.0,0.9,7.9,01638480
2021-04-17,95.0,0.0,9.3,01638480
2021-04-18,87.0,0.1,10.2,01638480
2021-04-19,81.2,0.1,11.4,01638480
2021-04-20,75.8,0.0,14.1,01638480
2021-04-21,71.7,0.1,12.4,01638480
2021-04-22,67.1,0.0,5.0,01638480
2021-04-23,63.6,0.0,8.4,01638480
2021-04-24,63.0,0.5,10.7,01638480
2021-04-25,102.0,16.7,11.7,01638480
2021-04-26,86.3,0.0,10.8,01638480
2021-04-27,65.6,0.0,16.6,01638480
2021-04-28,61.5,0.0,22.3,01638480
2021-04-29,62.0,4.9,21.5,01638480
2021-04-30,61.3,3.1,16.0,01638480
2021-05-01,56.3,0.0,11.3,01638480
2021-05-02,54.1,0.0,18.4,01638480
2021-05-03,54.5,6.3,19.4,01638480
2021-05-04,58.9,5.5,21.6,01638480
2021-05-05,63.5,15.0,18.8,01638480
2021-05-06,61.3,0.0,12.1,01638480
2021-05-07,56.4,5.8,11.1,01638480
2021-05-08,56.3,4.8,9.0,01638480
2021-05-09,55.3,0.8,10.3,01638480
2021-05-10,51.0,0.0,13.9,01638480
2021-05-11,47.9,0.1,12.2,01638480
2021-05-12,45.4,0.0,11.1,01638480
2021-05-13,44.4,0.2,12.6,01638480
2021-05-14,42.7,0.0,14.0,01638480
2021-05-15,40.8,0.0,15.3,01638480
2021-05-16,40.1,0.9,14.7,01638480
2021-05-17,39.8,0.0,14.7,01638480
2021-05-18,39.8,0.0,18.1,01638480
2021-05-19,38.4,0.0,20.4,01638480
2021-05-20,36.5,0.0,22.3,01638480
2021-05-21,35.5,0.0,21.4,01638480
2021-05-22,34.4,0.0,23.2,01638480
2021-05-23,33.3,0.2,25.4,01638480
2021-05-24,33.9,5.9,20.2,01638480
2021-05-25,43.5,1.4,18.1,01638480
2021-05-26,49.2,0.9,24.9,01638480
2021-05-27,55.9,1.1,23.2,01638480
2021-05-28,44.7,5.2,19.0,01638480
2021-05-29,74.3,19.8,12.1,01638480
2021-05-30,72.1,2.0,10.1,01638480
2021-05-31,51.7,0.0,14.2,01638480
2021-06-01,43.4,0.0,18.0,01638480
2021-06-02,40.1,0.3,19.9,01638480
2021-06-03,40.8,6.4,20.7,01638480
2021-06-04,92.6,1.7,21.5,01638480
2021-06-05,49.9,0.0,24.1,01638480
2021-06-06,40.3,0.1,25.4,01638480
2021-06-07,36.1,0.0,26.6,01638480
2021-06-08,33.9,5.2,25.5,01638480
2021-06-09,33.4,1.2,24.9,01638480
2021-06-10,50.5,10.7,23.7,01638480
2021-06-11,1530.0,37.2,19.1,01638480
2021-06-12,674.0,2.9,19.2,01638480
2021-06-13,276.0,0.9,22.1,01638480
2021-06-14,231.0,0.5,24.1,01638480
2021-06-15,153.0,11.5,20.9,01638480
2021-06-16,111.0,0.0,19.6,01638480
2021-06-17,81.3,0.0,18.5,01638480
2021-06-18,66.4,0.0,21.5,01638480
2021-06-19,59.7,3.4,24.0,01638480
2021-06-20,57.7,1.1,25.4,01638480
2021-06-21,54.4,0.6,27.0,01638480
2021-06-22,150.0,16.4,20.5,01638480
2021-06-23,122.0,0.0,17.5,01638480
2021-06-24,68.2,0.0,19.3,01638480
2021-06-25,53.9,0.0,20.4,01638480
2021-06-26,48.8,0.4,24.5,01638480
2021-06-27,44.6,0.8,26.5,01638480
2021-06-28,41.0,2.7,27.0,01638480
2021-06-29,38.7,0.0,28.5,01638480
2021-06-30,42.5,0.0,29.4,01638480
2021-07-01,62.7,35.9,24.0,01638480
2021-07-02,68.4,12.5,22.0,01638480
2021-07-03,50.6,0.1,20.0,01638480
2021-07-04,36.2,0.2,21.7,01638480
2021-07-05,30.8,0.0,25.2,01638480
2021-07-06,27.1,0.0,27.6,01638480
2021-07-07,23.8,2.4,27.1,01638480
2021-07-08,22.6,4.8,25.1,01638480
2021-07-09,31.6,4.3,24.0,01638480
2021-07-10,24.6,0.2,23.8,01638480
2021-07-11,23.7,1.0,24.7,01638480
2021-07-12,22.9,12.6,26.8,01638480
2021-07-13,20.6,12.0,27.0,01638480
2021-07-14,19.0,1.5,26.9,01638480
2021-07-15,16.9,0.0,27.0,01638480
2021-07-16,16.4,0.0,28.4,01638480
2021-07-17,16.7,1.1,27.6,01638480
2021-07-18,19.5,0.3,23.7,01638480
2021-07-19,18.0,0.0,24.7,01638480
2021-07-20,16.6,0.0,26.1,01638480
2021-07-21,15.1,1.4,25.0,01638480
2021-07-22,17.4,0.0,23.2,01638480
2021-07-23,17.5,0.0,23.2,01638480
2021-07-24,14.3,0.8,23.8,01638480
2021-07-25,13.2,0.8,26.6,01638480
2021-07-26,13.1,0.7,26.9,01638480
2021-07-27,13.1,0.0,27.4,01638480
2021-07-28,11.7,0.0,26.5,01638480
2021-07-29,10.6,0.2,26.1,01638480
2021-07-30,10.4,1.4,26.1,01638480
2021-07-31,10.2,0.0,23.2,01638480
2021-08-01,9.9,1.3,23.5,01638480
2021-08-02,9.43,0.1,21.6,01638480
2021-08-03,8.96,0.0,21.2,01638480
2021-08-04,8.45,0.0,22.1,01638480
2021-08-05,7.85,0.0,22.8,01638480
2021-08-06,7.36,0.0,25.1,01638480
2021-08-07,7.01,0.0,24.1,01638480
2021-08-08,6.7,0.2,23.7,01638480
2021-08-09,6.46,0.1,25.9,01638480
2021-08-10,6.42,0.8,26.8,01638480
2021-08-11,6.79,2.8,26.9,01638480
2021-08-12,8.81,0.0,28.5,01638480
2021-08-13,9.7,8.4,28.3,01638480
2021-08-14,7.35,3.2,25.5,01638480
2021-08-15,23.6,0.0,23.8,01638480
2021-08-16,16.9,5.0,22.0,01638480
2021-08-17,49.2,32.3,23.2,01638480
2021-08-18,85.2,31.6,24.3,01638480
2021-08-19,32.5,1.6,25.5,01638480
2021-08-20,19.2,14.0,23.6,01638480
2021-08-21,16.7,1.3,24.2,01638480
2021-08-22,14.1,1.2,23.4,01638480
2021-08-23,13.7,0.3,25.5,01638480
2021-08-24,12.7,0.0,26.8,01638480
2021-08-25,11.0,1.7,26.4,01638480
2021-08-26,12.0,2.3,26.0,01638480
2021-08-27,16.7,16.0,25.2,01638480
2021-08-28,16.9,6.0,25.8,01638480
2021-08-29,13.9,8.3,24.3,01638480
2021-08-30,12.3,2.3,25.2,01638480
2021-08-31,12.3,4.8,23.1,01638480
2021-09-01,954.0,57.6,21.6,01638480
2021-09-02,383.0,0.5,18.8,01638480
2021-09-03,82.8,0.0,18.1,01638480
2021-09-04,45.6,0.0,19.7,01638480
2021-09-05,33.6,11.6,19.7,01638480
2021-09-06,30.7,1.1,21.9,01638480
2021-09-07,26.7,0.0,21.8,01638480
2021-09-08,25.6,0.0,23.6,01638480
2021-09-09,112.0,14.2,20.3,01638480
2021-09-10,73.7,0.0,18.7,01638480
2021-09-11,43.0,0.0,18.9,01638480
2021-09-12,32.1,0.0,22.4,01638480
2021-09-13,27.5,0.0,24.4,01638480
2021-09-14,24.9,0.0,24.7,01638480
2021-09-15,29.8,0.2,25.0,01638480
2021-09-16,77.6,9.0,22.0,01638480
2021-09-17,43.5,8.8,21.7,01638480
2021-09-18,35.0,0.1,23.1,01638480
2021-09-19,30.7,0.0,22.8,01638480
2021-09-20,27.0,0.0,20.2,01638480
2021-09-21,25.3,1.9,19.8,01638480
2021-09-22,25.7,16.8,21.0,01638480
2021-09-23,785.0,52.0,19.1,01638480
2021-09-24,305.0,0.0,15.7,01638480
2021-09-25,129.0,0.0,16.1,01638480
2021-09-26,82.4,0.1,17.0,01638480
2021-09-27,63.0,0.0,18.2,01638480
2021-09-28,52.7,0.9,20.2,01638480
2021-09-29,45.8,0.0,16.8,01638480
2021-09-30,39.2,0.0,15.8,01638480
2021-10-01,34.2,0.0,15.2,01638480
2021-10-02,31.5,0.0,16.9,01638480
2021-10-03,29.7,0.0,20.1,01638480
2021-10-04,28.7,8.2,21.2,01638480
2021-10-05,27.4,7.0,20.2,01638480
2021-10-06,26.4,0.5,19.5,01638480
2021-10-07,25.7,0.0,19.4,01638480
2021-10-08,24.9,0.4,19.1,01638480
2021-10-09,24.1,2.4,18.5,01638480
2021-10-10,24.0,1.9,18.4,01638480
2021-10-11,25.0,0.0,18.1,01638480
2021-10-12,25.3,0.0,18.0,01638480
2021-10-13,24.4,0.0,18.8,01638480
2021-10-14,23.3,0.0,19.2,01638480
2021-10-15,22.3,0.4,21.2,01638480
2021-10-16,22.2,10.4,19.4,01638480
2021-10-17,25.9,0.1,13.0,01638480
2021-10-18,23.3,0.0,12.5,01638480
2021-10-19,21.0,0.0,13.4,01638480
2021-10-20,19.8,0.0,16.4,01638480
2021-10-21,19.7,0.0,16.4,01638480
2021-10-22,19.7,0.5,16.3,01638480
2021-10-23,19.6,1.6,14.0,01638480
2021-10-24,18.9,0.8,13.4,01638480
2021-10-25,21.5,5.3,18.3,01638480
2021-10-26,54.5,15.1,13.7,01638480
2021-10-27,26.0,1.2,12.6,01638480
2021-10-28,19.6,0.0,12.6,01638480
2021-10-29,441.0,41.9,12.8,01638480
2021-10-30,304.0,8.8,12.2,01638480
2021-10-31,104.0,1.5,12.2,01638480
2021-11-01,63.8,0.0,11.7,01638480
2021-11-02,51.0,3.6,7.4,01638480
2021-11-03,49.7,0.0,5.2,01638480
2021-11-04,42.6,0.0,5.3,01638480
2021-11-05,37.6,0.0,4.5,01638480
2021-11-06,33.7,0.0,4.9,01638480
2021-11-07,32.0,0.0,5.5,01638480
2021-11-08,30.2,0.0,9.5,01638480
2021-11-09,28.3,0.0,12.0,01638480
2021-11-10,27.8,0.0,14.0,01638480
2021-11-11,25.8,0.0,12.2,01638480
2021-11-12,37.4,15.8,14.2,01638480
2021-11-13,54.5,3.0,8.0,01638480
2021-11-14,35.5,0.2,4.4,01638480
2021-11-15,30.2,0.2,5.2,01638480
2021-11-16,26.2,0.0,4.5,01638480
2021-11-17,25.2,0.0,7.4,01638480
2021-11-18,25.8,3.5,13.7,01638480
2021-11-19,26.1,4.1,5.1,01638480
2021-11-20,24.1,0.0,1.9,01638480
2021-11-21,23.1,0.0,4.5,01638480
2021-11-22,23.3,0.8,7.0,01638480
2021-11-23,26.7,0.0,1.3,01638480
2021-11-24,26.2,0.0,1.2,01638480
2021-11-25,26.0,0.0,5.5,01638480
2021-11-26,24.4,1.8,5.9,01638480
2021-11-27,22.5,0.0,1.0,01638480
2021-11-28,20.1,0.0,4.7,01638480
2021-11-29,22.2,0.0,3.2,01638480
2021-11-30,25.3,0.4,3.6,01638480
2021-12-01,23.7,0.0,5.4,01638480
2021-12-02,23.2,2.1,10.3,01638480
2021-12-03,23.2,0.0,9.0,01638480
2021-12-04,23.2,0.0,7.4,01638480
2021-12-05,22.7,0.0,5.5,01638480
2021-12-06,22.4,0.2,9.6,01638480
2021-12-07,21.5,0.0,2.3,01638480
2021-12-08,23.0,1.0,2.1,01638480
2021-12-09,22.2,0.0,1.1,01638480
2021-12-10,21.4,0.0,4.3,01638480
2021-12-11,21.6,6.4,10.7,01638480
2021-12-12,22.7,1.8,6.0,01638480
2021-12-13,23.4,0.0,3.7,01638480
2021-12-14,22.0,0.0,5.5,01638480
2021-12-15,20.9,0.0,5.4,01638480
2021-12-16,21.0,0.0,9.5,01638480
2021-12-17,21.2,0.0,12.6,01638480
2021-12-18,21.4,0.4,8.7,01638480
2021-12-19,21.4,1.1,6.0,01638480
2021-12-20,22.3,0.0,-0.6,01638480
2021-12-21,21.5,0.0,0.7,01638480
2021-12-22,21.5,0.0,2.4,01638480
2021-12-23,21.6,0.0,-0.7,01638480
2021-12-24,21.0,0.0,5.5,01638480
2021-12-25,21.7,5.9,11.4,01638480
2021-12-26,25.4,3.8,10.0,01638480
2021-12-27,24.3,1.9,3.0,01638480
2021-12-28,23.6,0.0,5.5,01638480
2021-12-29,23.1,2.2,8.8,01638480
2021-12-30,27.1,6.8,8.9,01638480
2021-12-31,32.9,0.0,10.1,01638480
2022-01-01,35.7,13.4,11.6,01638480
2022-01-02,84.5,10.2,12.4,01638480
2022-01-03,59.1,4.1,1.4,01638480
2022-01-04,43.2,0.0,-2.1,01638480
2022-01-05,35.4,0.0,-0.0,01638480
2022-01-06,32.5,0.0,2.3,01638480
2022-01-07,32.3,6.4,-2.5,01638480
2022-01-08,28.8,0.0,-5.3,01638480
2022-01-09,29.3,7.0,-0.7,01638480
2022-01-10,35.2,0.2,-1.0,01638480
2022-01-11,36.0,0.0,-5.4,01638480
2022-01-12,34.2,0.0,-1.4,01638480
2022-01-13,33.5,0.0,2.4,01638480
2022-01-14,31.7,0.0,2.4,01638480
2022-01-15,30.3,0.0,-3.7,01638480
2022-01-16,27.3,7.0,-7.1,01638480
2022-01-17,66.3,24.9,0.7,01638480
2022-01-18,92.8,0.0,-0.9,01638480
2022-01-19,64.5,0.0,0.3,01638480
2022-01-20,105.0,8.9,1.5,01638480
2022-01-21,127.0,0.0,-7.8,01638480
2022-01-22,81.4,0.0,-7.6,01638480
2022-01-23,75.6,0.0,-2.9,01638480
2022-01-24,68.1,0.0,-0.9,01638480
2022-01-25,63.7,0.0,1.4,01638480
2022-01-26,58.6,0.0,-5.6,01638480
2022-01-27,48.4,0.0,-5.4,01638480
2022-01-28,51.3,1.9,-0.6,01638480
2022-01-29,46.8,1.7,-5.2,01638480
2022-01-30,40.4,0.2,-6.7,01638480
2022-01-31,40.9,0.0,-3.1,01638480
2022-02-01,37.5,0.0,-1.7,01638480
2022-02-02,38.6,0.0,0.9,01638480
2022-02-03,90.8,16.3,5.5,01638480
2022-02-04,261.0,22.9,6.8,01638480
2022-02-05,219.0,0.0,-2.6,01638480
2022-02-06,127.0,0.0,-3.7,01638480
2022-02-07,96.1,0.1,-1.4,01638480
2022-02-08,86.7,0.0,0.5,01638480
2022-02-09,76.7,0.0,2.2,01638480
2022-02-10,71.5,0.0,5.8,01638480
2022-02-11,67.0,0.0,5.6,01638480
2022-02-12,62.4,0.0,9.5,01638480
2022-02-13,61.8,6.3,1.2,01638480
2022-02-14,57.4,0.1,-3.8,01638480
2022-02-15,49.9,0.0,-3.6,01638480
2022-02-16,46.7,0.0,1.1,01638480
2022-02-17,47.2,2.0,10.9,01638480
2022-02-18,50.7,4.6,8.5,01638480
2022-02-19,47.0,0.0,-1.0,01638480
2022-02-20,42.9,0.0,-2.5,01638480
2022-02-21,41.0,0.0,5.4,01638480
2022-02-22,41.0,3.3,11.0,01638480
2022-02-23,43.1,0.4,14.8,01638480
2022-02-24,41.3,1.9,1.2,01638480
2022-02-25,62.0,15.4,2.6,01638480
2022-02-26,78.5,0.0,1.0,01638480
2022-02-27,58.8,0.0,2.9,01638480
2022-02-28,51.5,0.0,3.3,01638480
2022-03-01,47.2,0.0,3.8,01638480
2022-03-02,45.3,0.0,8.3,01638480
2022-03-03,44.3,0.0,7.3,01638480
2022-03-04,41.0,0.0,-0.4,01638480
2022-03-05,38.5,0.0,4.7,01638480
2022-03-06,38.3,10.1,13.4,01638480
2022-03-07,38.5,3.0,17.0,01638480
2022-03-08,39.1,2.8,7.7,01638480
2022-03-09,42.4,11.7,4.3,01638480
2022-03-10,57.5,0.0,4.5,01638480
2022-03-11,49.9,0.0,7.2,01638480
2022-03-12,45.8,9.7,2.5,01638480
2022-03-13,48.2,0.0,-3.3,01638480
2022-03-14,47.4,0.0,4.6,01638480
2022-03-15,55.8,0.0,10.6,01638480
2022-03-16,54.7,0.0,12.1,01638480
2022-03-17,51.5,7.9,12.3,01638480
2022-03-18,48.1,0.0,13.9,01638480
2022-03-19,45.6,1.0,16.4,01638480
2022-03-20,43.5,0.0,10.3,01638480
2022-03-21,40.1,0.0,10.8,01638480
2022-03-22,38.7,0.0,10.8,01638480
2022-03-23,38.7,7.8,8.0,01638480
2022-03-24,49.6,1.9,12.4,01638480
2022-03-25,51.9,1.5,10.0,01638480
2022-03-26,45.2,2.8,7.3,01638480
2022-03-27,41.9,0.0,2.5,01638480
2022-03-28,38.4,0.6,-1.6,01638480
2022-03-29,35.8,0.0,-1.4,01638480
2022-03-30,34.7,0.1,4.5,01638480
2022-03-31,37.5,0.9,15.8,01638480
2022-04-01,108.0,1.2,10.0,01638480
2022-04-02,73.9,0.0,5.9,01638480
2022-04-03,51.2,0.9,8.6,01638480
2022-04-04,41.3,0.0,5.9,01638480
2022-04-05,40.6,2.3,7.9,01638480
2022-04-06,432.0,27.1,10.7,01638480
2022-04-07,335.0,13.1,10.2,01638480
2022-04-08,369.0,3.2,9.1,01638480
2022-04-09,242.0,1.5,7.7,01638480
2022-04-10,188.0,0.0,5.9,01638480
2022-04-11,151.0,0.0,8.2,01638480
2022-04-12,129.0,0.2,15.3,01638480
2022-04-13,114.0,0.1,17.9,01638480
2022-04-14,100.0,0.5,20.1,01638480
2022-04-15,88.0,0.0,13.6,01638480
2022-04-16,78.2,0.3,17.5,01638480
2022-04-17,71.5,1.7,9.4,01638480
2022-04-18,77.7,13.9,3.5,01638480
2022-04-19,208.0,6.8,4.8,01638480
2022-04-20,127.0,0.0,6.7,01638480
2022-04-21,95.4,2.0,10.1,01638480
2022-04-22,85.3,0.0,14.7,01638480
2022-04-23,76.9,0.0,16.0,01638480
2022-04-24,69.9,2.0,17.8,01638480
2022-04-25,67.9,0.0,16.1,01638480
2022-04-26,62.2,4.9,14.4,01638480
2022-04-27,59.0,0.0,9.7,01638480
2022-04-28,53.3,0.0,6.1,01638480
2022-04-29,49.5,0.0,9.2,01638480
2022-04-30,46.8,0.0,11.5,01638480
2022-05-01,46.4,3.6,13.0,01638480
2022-05-02,49.4,12.0,15.7,01638480
2022-05-03,47.8,0.0,16.1,01638480
2022-05-04,71.2,6.9,18.2,01638480
2022-05-05,67.8,0.0,16.1,01638480
2022-05-06,114.0,23.4,14.2,01638480
2022-05-07,1230.0,46.2,9.6,01638480
2022-05-08,665.0,0.6,8.5,01638480
2022-05-09,336.0,0.0,11.1,01638480
2022-05-10,221.0,0.0,14.3,01638480
2022-05-11,168.0,0.0,15.6,01638480
2022-05-12,135.0,0.3,17.1,01638480
2022-05-13,131.0,7.3,18.1,01638480
2022-05-14,129.0,9.9,18.2,01638480
2022-05-15,157.0,0.6,19.6,01638480
2022-05-16,210.0,4.8,19.5,01638480
2022-05-17,128.0,0.0,18.6,01638480
2022-05-18,98.5,0.0,16.6,01638480
2022-05-19,97.5,3.2,19.2,01638480
2022-05-20,88.1,2.1,22.1,01638480
2022-05-21,74.2,0.0,27.1,01638480
2022-05-22,67.9,6.9,25.0,01638480
2022-05-23,131.0,6.0,18.1,01638480
2022-05-24,80.8,10.8,14.8,01638480
2022-05-25,72.4,0.0,15.9,01638480
2022-05-26,62.6,0.0,17.8,01638480
2022-05-27,142.0,14.0,19.7,01638480
2022-05-28,168.0,0.7,20.2,01638480
2022-05-29,98.8,0.0,20.8,01638480
2022-05-30,76.7,0.0,24.3,01638480
2022-05-31,65.0,0.0,26.6,01638480
2022-06-01,56.0,0.0,27.3,01638480
2022-06-02,52.0,0.9,25.2,01638480
2022-06-03,110.0,4.0,21.2,01638480
2022-06-04,57.7,0.0,21.4,01638480
2022-06-05,45.9,0.0,20.5,01638480
2022-06-06,41.0,0.0,21.4,01638480
2022-06-07,37.4,0.2,21.4,01638480
2022-06-08,40.5,3.1,22.4,01638480
2022-06-09,54.5,19.2,22.4,01638480
2022-06-10,47.4,0.0,19.6,01638480
2022-06-11,38.8,2.8,19.1,01638480
2022-06-12,40.7,15.1,20.1,01638480
2022-06-13,38.9,0.2,24.5,01638480
2022-06-14,45.3,6.4,24.4,01638480
2022-06-15,37.0,0.0,25.3,01638480
2022-06-16,33.1,11.2,24.5,01638480
2022-06-17,164.0,0.1,26.8,01638480
2022-06-18,54.7,0.0,21.4,01638480
2022-06-19,34.3,0.0,18.7,01638480
2022-06-20,28.7,0.0,19.8,01638480
2022-06-21,27.8,0.0,23.2,01638480
2022-06-22,30.3,3.4,25.1,01638480
2022-06-23,116.0,18.0,20.5,01638480
2022-06-24,73.6,0.5,21.6,01638480
2022-06-25,46.1,0.0,24.5,01638480
2022-06-26,36.4,6.9,24.7,01638480
2022-06-27,58.6,2.5,23.4,01638480
2022-06-28,39.3,0.0,21.2,01638480
2022-06-29,31.5,0.0,23.0,01638480
2022-06-30,27.8,0.0,24.7,01638480
2022-07-01,26.6,14.2,25.5,01638480
2022-07-02,27.9,0.9,26.1,01638480
2022-07-03,34.1,7.5,24.6,01638480
2022-07-04,27.7,0.0,24.5,01638480
2022-07-05,24.3,9.3,24.2,01638480
2022-07-06,24.0,2.0,26.9,01638480
2022-07-07,23.3,33.4,24.1,01638480
2022-07-08,23.1,1.1,25.0,01638480
2022-07-09,25.5,25.1,22.0,01638480
2022-07-10,31.5,0.2,21.9,01638480
2022-07-11,25.9,0.0,22.8,01638480
2022-07-12,23.9,0.5,24.5,01638480
2022-07-13,24.4,0.1,24.9,01638480
2022-07-14,21.7,0.0,24.5,01638480
2022-07-15,21.8,0.0,24.2,01638480
2022-07-16,20.4,22.1,22.1,01638480
2022-07-17,20.1,9.2,22.9,01638480
2022-07-18,41.0,14.1,24.5,01638480
2022-07-19,82.2,0.0,26.0,01638480
2022-07-20,56.1,0.0,26.5,01638480
2022-07-21,42.1,0.0,28.3,01638480
2022-07-22,29.9,0.0,27.7,01638480
2022-07-23,23.7,0.0,28.6,01638480
2022-07-24,22.6,0.3,27.4,01638480
2022-07-25,23.2,11.0,27.3,01638480
2022-07-26,29.0,0.1,23.4,01638480
2022-07-27,27.8,3.1,24.2,01638480
2022-07-28,24.7,19.2,26.2,01638480
2022-07-29,23.3,8.1,24.2,01638480
2022-07-30,29.9,3.2,24.4,01638480
2022-07-31,35.7,10.2,22.9,01638480
2022-08-01,49.4,5.6,22.7,01638480
2022-08-02,44.1,2.3,25.3,01638480
2022-08-03,33.6,0.0,25.9,01638480
2022-08-04,24.9,0.1,27.8,01638480
2022-08-05,37.5,10.2,24.6,01638480
2022-08-06,32.5,4.2,24.9,01638480
2022-08-07,25.8,1.4,26.2,01638480
2022-08-08,23.2,0.2,26.7,01638480
2022-08-09,22.1,0.3,28.6,01638480
2022-08-10,36.5,7.7,24.8,01638480
2022-08-11,128.0,3.4,24.4,01638480
2022-08-12,70.1,0.4,23.1,01638480
2022-08-13,26.0,0.0,21.2,01638480
2022-08-14,19.7,1.6,21.4,01638480
2022-08-15,19.7,26.0,20.0,01638480
2022-08-16,25.0,1.1,20.6,01638480
2022-08-17,23.9,0.0,21.2,01638480
2022-08-18,27.7,0.0,21.3,01638480
2022-08-19,20.1,0.2,23.3,01638480
2022-08-20,18.1,0.0,24.1,01638480
2022-08-21,17.1,9.3,22.8,01638480
2022-08-22,17.6,13.4,22.4,01638480
2022-08-23,19.3,0.7,23.3,01638480
2022-08-24,18.4,0.0,23.7,01638480
2022-08-25,16.6,0.7,24.3,01638480
2022-08-26,15.3,2.0,24.9,01638480
2022-08-27,15.2,1.6,24.2,01638480
2022-08-28,15.2,0.6,25.2,01638480
2022-08-29,14.8,0.5,26.1,01638480
2022-08-30,13.7,5.0,25.5,01638480
2022-08-31,17.0,0.0,23.2,01638480
2022-09-01,17.8,0.0,23.4,01638480
2022-09-02,14.4,0.0,23.3,01638480
2022-09-03,13.2,0.4,24.7,01638480
2022-09-04,12.6,0.1,25.2,01638480
2022-09-05,12.5,5.0,23.1,01638480
2022-09-06,188.0,10.6,23.5,01638480
2022-09-07,98.9,29.4,21.0,01638480
2022-09-08,39.0,1.6,20.9,01638480
2022-09-09,24.5,0.1,21.4,01638480
2022-09-10,20.4,0.0,19.8,01638480
2022-09-11,20.1,16.9,21.5,01638480
2022-09-12,41.2,8.1,22.1,01638480
2022-09-13,151.0,4.7,20.9,01638480
2022-09-14,41.8,0.0,19.5,01638480
2022-09-15,26.3,0.0,20.1,01638480
2022-09-16,21.8,0.0,19.0,01638480
2022-09-17,19.6,0.0,20.7,01638480
2022-09-18,18.3,0.0,21.2,01638480
2022-09-19,18.1,0.9,22.7,01638480
2022-09-20,18.2,0.1,22.2,01638480
2022-09-21,16.8,0.0,21.5,01638480
2022-09-22,17.0,2.5,21.4,01638480
2022-09-23,16.6,0.0,14.3,01638480
2022-09-24,16.8,0.0,14.4,01638480
2022-09-25,16.8,6.6,17.1,01638480
2022-09-26,17.8,0.1,17.4,01638480
2022-09-27,18.1,0.0,15.8,01638480
2022-09-28,16.2,0.0,13.4,01638480
2022-09-29,15.2,0.0,14.1,01638480
2022-09-30,15.3,3.0,12.5,01638480
2022-10-01,28.7,41.8,12.6,01638480
2022-10-02,75.7,46.0,12.3,01638480
2022-10-03,125.0,3.6,10.5,01638480
2022-10-04,58.5,6.1,9.9,01638480
2022-10-05,43.3,1.2,13.1,01638480
2022-10-06,32.9,0.0,15.7,01638480
2022-10-07,27.0,0.0,16.5,01638480
2022-10-08,23.6,0.0,11.3,01638480
2022-10-09,21.7,0.0,9.7,01638480
2022-10-10,21.0,0.0,11.4,01638480
2022-10-11,20.1,0.0,13.1,01638480
2022-10-12,20.0,0.0,14.3,01638480
2022-10-13,22.8,3.6,17.1,01638480
2022-10-14,31.0,2.0,13.8,01638480
2022-10-15,29.1,0.0,14.3,01638480
2022-10-16,25.4,0.0,14.4,01638480
2022-10-17,23.3,0.5,14.3,01638480
2022-10-18,21.7,0.0,8.1,01638480
2022-10-19,22.2,0.3,6.5,01638480
2022-10-20,22.5,0.0,7.8,01638480
2022-10-21,22.4,0.0,9.2,01638480
2022-10-22,21.6,0.0,11.2,01638480
2022-10-23,21.7,0.3,11.4,01638480
2022-10-24,23.6,0.2,14.3,01638480
2022-10-25,22.2,0.0,15.7,01638480
2022-10-26,23.8,2.9,15.0,01638480
2022-10-27,24.2,0.0,12.6,01638480
2022-10-28,23.5,0.0,9.2,01638480
2022-10-29,23.0,0.0,9.2,01638480
2022-10-30,22.8,0.0,8.6,01638480
2022-10-31,23.1,3.6,11.3,01638480
2022-11-01,26.1,0.4,15.2,01638480
2022-11-02,27.4,0.0,14.4,01638480
2022-11-03,25.5,0.0,13.5,01638480
2022-11-04,23.9,0.0,14.0,01638480
2022-11-05,24.7,0.0,18.3,01638480
2022-11-06,24.0,4.1,20.1,01638480
2022-11-07,24.8,0.0,19.5,01638480
2022-11-08,24.2,0.0,11.1,01638480
2022-11-09,23.7,0.0,8.0,01638480
2022-11-10,22.6,0.0,10.3,01638480
2022-11-11,51.9,19.5,15.2,01638480
2022-11-12,147.0,4.4,17.7,01638480
2022-11-13,63.5,0.0,7.4,01638480
2022-11-14,34.3,0.0,3.7,01638480
2022-11-15,30.2,9.0,1.6,01638480
2022-11-16,286.0,8.7,4.4,01638480
2022-11-17,103.0,0.0,2.3,01638480
2022-11-18,57.9,0.2,1.6,01638480
2022-11-19,43.6,0.0,0.8,01638480
2022-11-20,37.9,0.0,-1.0,01638480
2022-11-21,32.5,0.0,-0.5,01638480
2022-11-22,30.1,0.0,3.9,01638480
2022-11-23,28.9,0.0,5.8,01638480
2022-11-24,28.2,0.0,4.9,01638480
2022-11-25,28.7,0.2,8.5,01638480
2022-11-26,28.1,0.0,7.3,01638480
2022-11-27,27.4,4.0,8.3,01638480
2022-11-28,28.4,0.1,9.8,01638480
2022-11-29,26.9,0.0,6.9,01638480
2022-11-30,26.3,8.6,7.8,01638480
2022-12-01,28.6,0.0,2.1,01638480
2022-12-02,25.4,0.0,1.2,01638480
2022-12-03,26.8,6.1,9.5,01638480
2022-12-04,35.1,0.0,3.9,01638480
2022-12-05,30.3,0.0,1.5,01638480
2022-12-06,27.4,4.1,4.5,01638480
2022-12-07,27.9,7.4,8.9,01638480
2022-12-08,29.2,0.0,9.5,01638480
2022-12-09,28.7,0.0,5.3,01638480
2022-12-10,26.9,0.0,1.3,01638480
2022-12-11,25.8,0.9,4.2,01638480
2022-12-12,25.6,0.0,2.8,01638480
2022-12-13,24.9,0.0,0.4,01638480
2022-12-14,24.7,0.0,-0.9,01638480
2022-12-15,441.0,36.9,0.6,01638480
2022-12-16,645.0,7.9,4.3,01638480
2022-12-17,179.0,0.0,2.5,01638480
2022-12-18,105.0,0.3,0.7,01638480
2022-12-19,71.4,0.0,-1.1,01638480
2022-12-20,54.7,0.0,-1.6,01638480
2022-12-21,47.3,0.0,-0.2,01638480
2022-12-22,418.0,30.2,0.7,01638480
2022-12-23,2090.0,41.4,-1.9,01638480
2022-12-24,360.0,0.0,-13.1,01638480
2022-12-25,187.0,0.0,-7.8,01638480
2022-12-26,140.0,0.0,-4.8,01638480
2022-12-27,108.0,0.0,-1.7,01638480
2022-12-28,93.9,0.0,0.6,01638480
2022-12-29,83.8,0.0,3.3,01638480
2022-12-30,78.5,0.0,6.1,01638480
2022-12-31,77.4,2.6,10.2,01638480
2023-01-01,89.4,3.5,9.7,01638480
2023-01-02,78.8,0.0,10.8,01638480
2023-01-03,72.8,2.6,11.6,01638480
2023-01-04,66.3,0.9,13.8,01638480
2023-01-05,62.6,2.1,11.4,01638480
2023-01-06,63.5,1.1,6.0,01638480
2023-01-07,58.1,0.0,4.3,01638480
2023-01-08,53.0,0.0,1.0,01638480
2023-01-09,51.4,0.2,2.7,01638480
2023-01-10,49.5,0.0,1.8,01638480
2023-01-11,47.5,0.0,1.4,01638480
2023-01-12,46.1,3.0,4.8,01638480
2023-01-13,49.5,7.5,7.5,01638480
2023-01-14,50.1,0.1,0.7,01638480
2023-01-15,44.8,0.0,-0.6,01638480
2023-01-16,42.7,0.0,1.7,01638480
2023-01-17,43.9,2.9,4.8,01638480
2023-01-18,44.1,0.3,7.4,01638480
2023-01-19,43.5,6.0,4.6,01638480
2023-01-20,47.2,0.1,5.2,01638480
2023-01-21,45.0,0.1,2.9,01638480
2023-01-22,43.2,1.4,0.6,01638480
2023-01-23,63.2,7.5,2.9,01638480
2023-01-24,74.9,0.0,2.8,01638480
2023-01-25,62.1,4.4,1.3,01638480
2023-01-26,84.0,1.6,4.3,01638480
2023-01-27,73.0,0.0,1.3,01638480
2023-01-28,67.8,0.0,3.5,01638480
2023-01-29,63.4,0.9,5.1,01638480
2023-01-30,60.5,0.0,7.0,01638480
2023-01-31,59.2,2.5,4.8,01638480
2023-02-01,58.7,1.9,-0.2,01638480
2023-02-02,56.1,0.0,-0.5,01638480
2023-02-03,54.7,0.0,-2.0,01638480
2023-02-04,46.3,0.0,-6.8,01638480
2023-02-05,47.1,0.0,1.6,01638480
2023-02-06,48.0,0.1,5.8,01638480
2023-02-07,47.3,0.0,1.9,01638480
2023-02-08,45.7,0.0,8.4,01638480
2023-02-09,44.4,0.0,10.1,01638480
2023-02-10,44.8,0.0,12.1,01638480
2023-02-11,42.2,0.0,4.5,01638480
2023-02-12,41.7,0.6,3.5,01638480
2023-02-13,103.0,9.1,5.5,01638480
2023-02-14,71.8,0.0,7.0,01638480
2023-02-15,52.7,0.5,11.7,01638480
2023-02-16,61.6,15.5,11.3,01638480
2023-02-17,306.0,9.1,10.4,01638480
2023-02-18,194.0,0.0,0.4,01638480
2023-02-19,123.0,0.0,4.8,01638480
2023-02-20,102.0,0.0,10.4,01638480
2023-02-21,90.6,1.4,9.3,01638480
2023-02-22,80.9,2.8,5.7,01638480
2023-02-23,75.1,0.2,12.0,01638480
2023-02-24,69.6,0.0,10.8,01638480
2023-02-25,63.1,1.9,0.8,01638480
2023-02-26,58.2,0.0,4.2,01638480
2023-02-27,56.1,1.8,5.6,01638480
2023-02-28,68.7,9.0,6.9,01638480
2023-03-01,64.1,0.0,6.4,01638480
2023-03-02,55.1,4.6,11.2,01638480
2023-03-03,54.1,4.5,5.1,01638480
2023-03-04,312.0,19.6,6.4,01638480
2023-03-05,144.0,0.0,6.9,01638480
2023-03-06,99.3,0.0,6.1,01638480
2023-03-07,86.2,0.0,5.6,01638480
2023-03-08,73.0,0.0,3.3,01638480
2023-03-09,65.6,0.0,4.5,01638480
2023-03-10,65.0,5.7,3.4,01638480
2023-03-11,64.9,0.2,3.2,01638480
2023-03-12,58.6,1.1,0.8,01638480
2023-03-13,59.1,1.5,3.3,01638480
2023-03-14,56.6,0.5,1.2,01638480
2023-03-15,50.1,0.0,1.3,01638480
2023-03-16,46.4,0.0,6.2,01638480
2023-03-17,47.9,3.0,9.8,01638480
2023-03-18,46.5,3.8,5.8,01638480
2023-03-19,43.7,0.0,-0.2,01638480
2023-03-20,41.0,0.0,1.5,01638480
2023-03-21,40.2,0.0,5.6,01638480
2023-03-22,39.1,0.2,10.5,01638480
2023-03-23,39.1,5.0,13.1,01638480
2023-03-24,43.7,16.2,11.8,01638480
2023-03-25,79.3,7.6,8.1,01638480
2023-03-26,74.5,0.1,10.7,01638480
2023-03-27,53.9,3.5,11.1,01638480
2023-03-28,48.6,0.1,9.1,01638480
2023-03-29,45.6,0.3,8.1,01638480
2023-03-30,42.1,0.0,5.2,01638480
2023-03-31,40.3,1.0,6.7,01638480
2023-04-01,42.1,1.8,15.3,01638480
2023-04-02,41.7,0.2,7.3,01638480
2023-04-03,39.1,0.0,9.6,01638480
2023-04-04,38.0,0.0,16.2,01638480
2023-04-05,36.3,0.4,20.1,01638480
2023-04-06,35.5,1.5,21.2,01638480
2023-04-07,34.8,0.2,11.7,01638480
2023-04-08,33.2,0.0,7.7,01638480
2023-04-09,32.1,0.0,8.0,01638480
2023-04-10,31.8,0.0,9.7,01638480
2023-04-11,31.4,0.0,13.2,01638480
2023-04-12,31.1,0.0,18.5,01638480
2023-04-13,30.3,0.0,21.0,01638480
2023-04-14,29.8,0.0,20.7,01638480
2023-04-15,29.9,8.4,18.4,01638480
2023-04-16,30.8,0.0,19.2,01638480
2023-04-17,30.4,3.3,15.6,01638480
2023-04-18,29.4,0.0,11.6,01638480
2023-04-19,28.8,0.0,12.1,01638480
2023-04-20,29.0,0.0,18.0,01638480
2023-04-21,28.2,0.0,21.6,01638480
2023-04-22,29.3,23.3,18.1,01638480
2023-04-23,32.9,0.5,11.5,01638480
2023-04-24,30.9,0.0,8.3,01638480
2023-04-25,29.1,0.0,8.4,01638480
2023-04-26,28.6,0.1,11.7,01638480
2023-04-27,28.7,0.0,13.1,01638480
2023-04-28,52.9,35.0,11.4,01638480
2023-04-29,177.0,7.5,12.2,01638480
2023-04-30,302.0,26.7,13.9,01638480
2023-05-01,264.0,1.8,10.4,01638480
2023-05-02,125.0,4.4,7.8,01638480
2023-05-03,86.1,2.2,7.5,01638480
2023-05-04,66.3,2.6,9.2,01638480
2023-05-05,56.4,0.0,11.2,01638480
2023-05-06,46.2,0.0,13.3,01638480
2023-05-07,39.8,1.7,15.6,01638480
2023-05-08,38.8,3.4,18.6,01638480
2023-05-09,38.3,6.5,16.0,01638480
2023-05-10,39.5,0.0,14.3,01638480
2023-05-11,33.5,0.0,17.0,01638480
2023-05-12,30.0,0.0,20.6,01638480
2023-05-13,30.2,7.2,18.7,01638480
2023-05-14,29.9,0.2,17.4,01638480
2023-05-15,26.7,0.0,16.6,01638480
2023-05-16,24.4,0.6,18.2,01638480
2023-05-17,23.9,0.0,17.3,01638480
2023-05-18,22.0,0.0,13.7,01638480
2023-05-19,20.7,0.0,15.9,01638480
2023-05-20,20.7,1.0,18.0,01638480
2023-05-21,21.7,0.5,17.7,01638480
2023-05-22,20.0,0.0,18.9,01638480
2023-05-23,18.6,0.0,18.5,01638480
2023-05-24,17.3,0.0,19.1,01638480
2023-05-25,17.0,0.0,16.3,01638480
2023-05-26,16.2,0.0,16.3,01638480
2023-05-27,15.4,0.0,17.5,01638480
2023-05-28,15.4,0.0,17.0,01638480
2023-05-29,15.0,4.0,19.5,01638480
2023-05-30,15.4,0.1,18.9,01638480
2023-05-31,15.1,0.0,18.8,01638480
2023-06-01,14.6,0.0,20.6,01638480
2023-06-02,14.0,0.0,23.3,01638480
2023-06-03,14.4,1.3,24.5,01638480
2023-06-04,13.9,2.5,18.3,01638480
2023-06-05,13.6,0.0,18.5,01638480
2023-06-06,12.5,0.0,20.1,01638480
2023-06-07,12.4,0.0,20.0,01638480
2023-06-08,12.1,0.0,17.9,01638480
2023-06-09,12.0,6.1,16.2,01638480
2023-06-10,11.7,0.0,19.9,01638480
2023-06-11,11.4,0.0,22.3,01638480
2023-06-12,11.6,15.3,21.3,01638480
2023-06-13,12.9,0.0,19.2,01638480
2023-06-14,13.7,3.4,19.5,01638480
2023-06-15,12.1,0.0,19.7,01638480
2023-06-16,11.6,7.4,19.3,01638480
2023-06-17,11.1,1.6,19.7,01638480
2023-06-18,10.9,0.0,21.5,01638480
2023-06-19,11.1,0.2,23.4,01638480
2023-06-20,16.7,23.5,21.5,01638480
2023-06-21,16.4,6.9,18.1,01638480
2023-06-22,16.8,10.6,15.3,01638480
2023-06-23,20.1,8.9,19.1,01638480
2023-06-24,20.0,20.9,22.3,01638480
2023-06-25,15.6,2.0,23.2,01638480
2023-06-26,12.6,14.7,23.0,01638480
2023-06-27,11.4,23.9,21.9,01638480
2023-06-28,10.7,0.4,21.5,01638480
2023-06-29,10.6,0.0,21.7,01638480
2023-06-30,9.99,0.0,23.7,01638480
2023-07-01,9.62,6.5,22.8,01638480
2023-07-02,10.6,2.2,24.9,01638480
2023-07-03,15.8,5.0,25.2,01638480
2023-07-04,21.4,6.0,24.1,01638480
2023-07-05,14.4,0.7,25.6,01638480
2023-07-06,10.3,4.0,26.3,01638480
2023-07-07,8.96,2.6,26.0,01638480
2023-07-08,10.0,1.4,25.5,01638480
2023-07-09,8.94,11.9,23.7,01638480
2023-07-10,8.58,0.2,23.7,01638480
2023-07-11,7.78,0.0,25.0,01638480
2023-07-12,6.4,0.0,26.6,01638480
2023-07-13,5.96,0.8,27.3,01638480
2023-07-14,6.08,13.3,25.0,01638480
2023-07-15,10.4,3.3,25.3,01638480
2023-07-16,10.8,8.7,25.5,01638480
2023-07-17,8.15,0.2,26.3,01638480
2023-07-18,6.28,0.0,26.2,01638480
2023-07-19,5.42,0.5,25.7,01638480
2023-07-20,5.08,0.8,26.0,01638480
2023-07-21,5.65,3.7,24.7,01638480
2023-07-22,5.23,0.0,23.7,01638480
2023-07-23,5.17,0.0,24.3,01638480
2023-07-24,4.88,0.9,24.1,01638480
2023-07-25,4.62,1.2,24.1,01638480
2023-07-26,4.33,0.3,25.1,01638480
2023-07-27,5.9,2.6,28.0,01638480
2023-07-28,13.2,4.9,27.8,01638480
2023-07-29,10.2,0.0,28.0,01638480
2023-07-30,7.46,0.0,24.8,01638480
2023-07-31,6.21,2.7,23.5,01638480
2023-08-01,4.89,0.0,22.4,01638480
2023-08-02,3.95,0.0,22.0,01638480
2023-08-03,3.42,0.3,22.4,01638480
2023-08-04,3.52,0.0,23.0,01638480
2023-08-05,4.64,0.0,24.9,01638480
2023-08-06,3.9,2.9,24.7,01638480
2023-08-07,5.78,10.9,24.2,01638480
2023-08-08,9.17,0.4,23.5,01638480
2023-08-09,8.02,0.0,24.0,01638480
2023-08-10,5.55,7.8,22.8,01638480
2023-08-11,4.37,0.0,24.2,01638480
2023-08-12,3.7,0.5,26.0,01638480
2023-08-13,3.43,1.1,26.7,01638480
2023-08-14,3.22,1.5,25.4,01638480
2023-08-15,5.56,1.0,26.3,01638480
2023-08-16,4.32,0.0,24.2,01638480
2023-08-17,3.29,0.2,24.4,01638480
2023-08-18,2.48,0.5,23.8,01638480
2023-08-19,1.98,0.0,21.4,01638480
2023-08-20,1.57,0.0,23.4,01638480
2023-08-21,1.38,0.0,25.8,01638480
2023-08-22,1.26,0.0,25.1,01638480
2023-08-23,1.11,0.0,22.0,01638480
2023-08-24,1.07,0.3,23.2,01638480
2023-08-25,1.16,1.1,25.2,01638480
2023-08-26,1.87,1.8,25.6,01638480
2023-08-27,2.43,0.2,25.3,01638480
2023-08-28,1.99,0.1,23.2,01638480
2023-08-29,1.61,1.2,22.8,01638480
2023-08-30,1.58,2.2,23.9,01638480
2023-08-31,1.4,0.0,21.1,01638480
2023-09-01,1.26,0.0,20.1,01638480
2023-09-02,1.11,0.0,21.9,01638480
2023-09-03,1.1,0.0,26.4,01638480
2023-09-04,1.04,0.0,28.3,01638480
2023-09-05,0.97,0.0,28.4,01638480
2023-09-06,0.96,0.0,28.7,01638480
2023-09-07,0.82,1.7,26.7,01638480
2023-09-08,0.83,0.3,23.6,01638480
2023-09-09,1.7,6.7,23.8,01638480
2023-09-10,4.52,7.8,21.8,01638480
2023-09-11,3.87,19.9,22.3,01638480
2023-09-12,3.98,0.3,22.7,01638480
2023-09-13,3.5,4.8,22.0,01638480
2023-09-14,2.67,0.0,19.8,01638480
2023-09-15,1.92,0.0,17.5,01638480
2023-09-16,1.73,0.0,18.5,01638480
2023-09-17,2.31,4.4,16.9,01638480
2023-09-18,2.62,1.8,18.1,01638480
2023-09-19,2.41,0.0,17.8,01638480
2023-09-20,2.17,0.0,17.3,01638480
2023-09-21,1.99,0.0,18.3,01638480
2023-09-22,2.04,0.0,17.3,01638480
2023-09-23,3.64,24.7,14.2,01638480
2023-09-24,15.9,32.6,15.6,01638480
2023-09-25,16.8,1.3,17.1,01638480
2023-09-26,10.0,3.3,14.6,01638480
2023-09-27,7.54,0.0,15.5,01638480
2023-09-28,6.34,0.0,14.7,01638480
2023-09-29,5.57,0.4,17.4,01638480
2023-09-30,5.16,0.0,18.6,01638480
2023-10-01,4.96,0.0,19.6,01638480
2023-10-02,4.97,0.0,20.1,01638480
2023-10-03,4.95,0.0,20.9,01638480
2023-10-04,4.7,0.0,20.0,01638480
2023-10-05,4.27,0.0,18.5,01638480
2023-10-06,4.01,2.1,20.3,01638480
2023-10-07,4.43,10.9,16.4,01638480
2023-10-08,5.02,0.0,11.4,01638480
2023-10-09,6.01,3.9,10.4,01638480
2023-10-10,4.92,0.5,11.8,01638480
2023-10-11,4.25,0.0,13.2,01638480
2023-10-12,3.94,0.0,13.8,01638480
2023-10-13,3.89,0.0,14.4,01638480
2023-10-14,4.05,6.0,13.2,01638480
2023-10-15,4.68,6.2,11.1,01638480
2023-10-16,4.68,0.0,10.0,01638480
2023-10-17,4.59,0.9,12.0,01638480
2023-10-18,4.7,0.0,10.8,01638480
2023-10-19,4.53,0.0,12.2,01638480
2023-10-20,4.7,2.9,14.5,01638480
2023-10-21,4.5,1.1,12.9,01638480
2023-10-22,4.81,0.4,11.2,01638480
2023-10-23,4.9,0.0,9.8,01638480
2023-10-24,4.87,0.0,11.5,01638480
2023-10-25,5.53,0.0,14.2,01638480
2023-10-26,6.05,0.0,16.3,01638480
2023-10-27,6.32,0.0,18.8,01638480
2023-10-28,7.5,0.0,20.4,01638480
2023-10-29,8.9,5.2,18.1,01638480
2023-10-30,8.69,0.5,15.9,01638480
2023-10-31,8.76,0.0,8.3,01638480
2023-11-01,8.23,0.0,5.1,01638480
2023-11-02,7.75,0.0,3.8,01638480
2023-11-03,8.29,0.0,6.0,01638480
2023-11-04,10.2,0.0,9.8,01638480
2023-11-05,10.7,0.0,11.4,01638480
2023-11-06,10.6,0.0,10.1,01638480
2023-11-07,10.7,0.0,15.7,01638480
2023-11-08,10.6,0.0,11.3,01638480
2023-11-09,10.5,0.1,13.2,01638480
2023-11-10,10.2,7.1,9.2,01638480
2023-11-11,10.0,0.0,6.7,01638480
2023-11-12,10.5,0.0,5.9,01638480
2023-11-13,10.6,0.0,5.0,01638480
2023-11-14,11.6,0.0,7.9,01638480
2023-11-15,9.09,0.0,6.8,01638480
2023-11-16,7.57,0.0,9.4,01638480
2023-11-17,8.46,0.0,12.5,01638480
2023-11-18,8.62,3.0,11.4,01638480
2023-11-19,8.61,0.0,6.9,01638480
2023-11-20,8.08,0.0,5.1,01638480
2023-11-21,13.8,25.8,4.2,01638480
2023-11-22,108.0,30.7,8.8,01638480
2023-11-23,27.3,0.0,7.7,01638480
2023-11-24,13.1,0.0,6.0,01638480
2023-11-25,9.53,0.0,1.4,01638480
2023-11-26,8.31,0.1,2.0,01638480
2023-11-27,7.35,0.0,4.4,01638480
2023-11-28,7.0,0.0,0.1,01638480
2023-11-29,6.87,0.0,-2.6,01638480
2023-11-30,6.96,0.0,3.5,01638480
2023-12-01,6.8,2.8,4.9,01638480
2023-12-02,6.55,0.0,9.1,01638480
2023-12-03,7.88,10.4,11.4,01638480
2023-12-04,9.26,0.0,8.1,01638480
2023-12-05,9.62,0.0,4.2,01638480
2023-12-06,8.66,1.8,3.5,01638480
2023-12-07,8.18,0.0,2.4,01638480
2023-12-08,8.22,0.0,4.7,01638480
2023-12-09,7.92,0.0,5.9,01638480
2023-12-10,8.91,24.1,11.4,01638480
2023-12-11,79.1,17.6,3.7,01638480
2023-12-12,44.0,0.0,1.2,01638480
2023-12-13,18.0,0.0,3.2,01638480
2023-12-14,13.3,0.0,1.1,01638480
2023-12-15,11.3,0.0,4.6,01638480
2023-12-16,10.2,0.0,4.6,01638480
2023-12-17,10.6,4.9,6.2,01638480
2023-12-18,554.0,42.3,8.4,01638480
2023-12-19,115.0,0.0,1.7,01638480
2023-12-20,44.8,0.0,-0.0,01638480
2023-12-21,29.2,0.0,1.2,01638480
2023-12-22,23.1,0.0,2.9,01638480
2023-12-23,20.3,0.0,3.4,01638480
2023-12-24,18.5,0.3,5.1,01638480
2023-12-25,17.5,0.0,6.0,01638480
2023-12-26,17.3,3.2,6.3,01638480
2023-12-27,24.9,9.5,8.3,01638480
2023-12-28,76.8,0.3,10.4,01638480
2023-12-29,49.3,0.0,7.4,01638480
2023-12-30,32.9,0.0,4.0,01638480
2023-12-31,26.1,0.0,4.4,01638480
2024-01-01,22.7,0.1,2.9,01638480
2024-01-02,20.7,0.4,1.9,01638480
2024-01-03,19.4,0.0,1.4,01638480
2024-01-04,18.7,0.2,2.2,01638480
2024-01-05,16.9,0.0,-1.4,01638480
2024-01-06,18.9,17.6,-0.6,01638480
2024-01-07,75.4,0.9,2.2,01638480
2024-01-08,57.0,0.0,2.7,01638480
2024-01-09,936.0,34.4,3.2,01638480
2024-01-10,1480.0,9.1,7.1,01638480
2024-01-11,205.0,0.0,3.8,01638480
2024-01-12,92.2,2.3,3.5,01638480
2024-01-13,312.0,12.5,5.1,01638480
2024-01-14,165.0,0.5,-1.4,01638480
2024-01-15,107.0,1.4,-4.2,01638480
2024-01-16,94.7,6.9,-3.5,01638480
2024-01-17,74.7,0.0,-8.8,01638480
2024-01-18,72.3,0.0,-5.5,01638480
2024-01-19,69.0,7.6,-2.4,01638480
2024-01-20,64.2,0.0,-7.2,01638480
2024-01-21,60.9,0.0,-6.7,01638480
2024-01-22,54.5,0.0,-5.7,01638480
2024-01-23,45.0,0.0,0.4,01638480
2024-01-24,46.0,0.2,3.1,01638480
2024-01-25,71.6,6.0,6.5,01638480
2024-01-26,84.2,1.0,13.7,01638480
2024-01-27,70.5,0.0,9.6,01638480
2024-01-28,1210.0,32.1,5.9,01638480
2024-01-29,588.0,1.0,4.2,01638480
2024-01-30,269.0,0.0,2.7,01638480
2024-01-31,184.0,0.0,2.9,01638480
2024-02-01,144.0,0.0,3.8,01638480
2024-02-02,119.0,0.4,6.5,01638480
2024-02-03,99.5,0.0,3.3,01638480
2024-02-04,86.6,0.0,2.3,01638480
2024-02-05,78.8,0.0,2.5,01638480
2024-02-06,74.5,0.0,0.3,01638480
2024-02-07,65.9,0.0,1.4,01638480
2024-02-08,62.7,0.0,3.6,01638480
2024-02-09,60.8,0.0,7.7,01638480
2024-02-10,58.2,0.8,10.2,01638480
2024-02-11,57.1,1.7,9.9,01638480
2024-02-12,57.0,2.3,7.3,01638480
2024-02-13,711.0,25.5,4.6,01638480
2024-02-14,360.0,0.0,1.9,01638480
2024-02-15,179.0,0.0,0.5,01638480
2024-02-16,133.0,1.4,3.7,01638480
2024-02-17,117.0,6.1,0.6,01638480
2024-02-18,103.0,0.0,-0.6,01638480
2024-02-19,91.7,0.0,0.9,01638480
2024-02-20,80.1,0.0,0.9,01638480
2024-02-21,73.9,0.0,1.4,01638480
2024-02-22,72.2,5.4,2.3,01638480
2024-02-23,95.9,1.9,5.6,01638480
2024-02-24,87.4,0.8,4.3,01638480
2024-02-25,78.0,0.0,0.3,01638480
2024-02-26,70.4,0.0,6.4,01638480
2024-02-27,66.9,0.2,9.8,01638480
2024-02-28,67.8,17.7,13.6,01638480
2024-02-29,74.4,0.0,2.2,01638480
2024-03-01,64.6,0.0,2.3,01638480
2024-03-02,183.0,19.9,5.8,01638480
2024-03-03,204.0,0.0,8.4,01638480
2024-03-04,127.0,0.0,11.2,01638480
2024-03-05,205.0,10.1,10.4,01638480
2024-03-06,201.0,4.4,9.8,01638480
2024-03-07,167.0,4.9,12.0,01638480
2024-03-08,136.0,0.0,9.2,01638480
2024-03-09,427.0,29.8,6.1,01638480
2024-03-10,768.0,3.6,5.2,01638480
2024-03-11,299.0,0.0,4.1,01638480
2024-03-12,218.0,0.0,10.3,01638480
2024-03-13,178.0,0.0,12.9,01638480
2024-03-14,146.0,0.0,13.8,01638480
2024-03-15,128.0,0.2,16.6,01638480
2024-03-16,114.0,0.0,10.6,01638480
2024-03-17,102.0,0.1,12.3,01638480
2024-03-18,89.8,0.0,5.7,01638480
2024-03-19,81.7,0.0,3.0,01638480
2024-03-20,76.8,0.0,7.9,01638480
2024-03-21,70.6,0.0,2.0,01638480
2024-03-22,67.2,0.0,3.6,01638480
2024-03-23,379.0,29.6,6.8,01638480
2024-03-24,255.0,0.0,2.7,01638480
2024-03-25,131.0,0.0,4.7,01638480
2024-03-26,107.0,0.0,6.6,01638480
2024-03-27,98.1,4.2,7.3,01638480
2024-03-28,94.2,1.0,8.6,01638480
2024-03-29,83.9,0.0,7.5,01638480
2024-03-30,76.8,1.5,9.4,01638480
2024-03-31,77.7,2.5,11.4,01638480
2024-04-01,237.0,7.4,11.6,01638480
2024-04-02,322.0,7.9,9.8,01638480
2024-04-03,1130.0,20.9,8.6,01638480
2024-04-04,590.0,3.1,6.8,01638480
2024-04-05,371.0,2.4,6.0,01638480
2024-04-06,260.0,0.0,6.1,01638480
2024-04-07,207.0,0.0,8.8,01638480
2024-04-08,169.0,0.0,11.7,01638480
2024-04-09,146.0,0.0,15.0,01638480
2024-04-10,129.0,0.4,17.5,01638480
2024-04-11,115.0,7.7,17.3,01638480
2024-04-12,147.0,20.9,15.3,01638480
2024-04-13,120.0,2.7,11.6,01638480
2024-04-14,94.2,0.0,14.9,01638480
2024-04-15,92.0,0.1,19.6,01638480
2024-04-16,84.0,0.0,16.1,01638480
2024-04-17,79.5,4.9,15.1,01638480
2024-04-18,77.6,0.4,17.8,01638480
2024-04-19,70.3,1.3,12.1,01638480
2024-04-20,69.0,0.7,14.0,01638480
2024-04-21,61.7,0.0,8.9,01638480
2024-04-22,57.2,0.0,9.0,01638480
2024-04-23,53.8,0.0,12.0,01638480
2024-04-24,52.8,0.2,15.8,01638480
2024-04-25,49.1,0.0,10.9,01638480
2024-04-26,46.3,0.0,10.6,01638480
2024-04-27,46.5,4.0,10.8,01638480
2024-04-28,50.3,0.1,17.4,01638480
2024-04-29,47.8,0.0,22.2,01638480
2024-04-30,43.8,2.4,22.1,01638480
2024-05-01,42.2,2.6,20.1,01638480
2024-05-02,39.5,0.0,22.3,01638480
2024-05-03,36.7,0.0,20.5,01638480
2024-05-04,36.6,8.7,12.0,01638480
2024-05-05,50.7,11.2,14.0,01638480
2024-05-06,54.5,0.0,18.8,01638480
2024-05-07,44.4,3.3,19.7,01638480
2024-05-08,41.0,0.3,22.2,01638480
2024-05-09,37.5,0.6,18.3,01638480
2024-05-10,45.0,16.5,13.5,01638480
2024-05-11,62.4,1.4,11.9,01638480
2024-05-12,107.0,3.2,12.8,01638480
2024-05-13,74.8,0.0,14.8,01638480
2024-05-14,57.6,1.1,16.9,01638480
2024-05-15,61.5,4.2,16.2,01638480
2024-05-16,63.3,0.0,18.0,01638480
2024-05-17,54.0,2.6,17.6,01638480
2024-05-18,57.5,14.5,16.0,01638480
2024-05-19,64.8,0.3,17.5,01638480
2024-05-20,56.3,0.0,19.2,01638480
2024-05-21,50.0,0.0,21.1,01638480
2024-05-22,46.2,0.6,22.3,01638480
2024-05-23,46.2,3.9,22.4,01638480
2024-05-24,62.8,0.2,21.6,01638480
2024-05-25,54.3,1.8,22.6,01638480
2024-05-26,87.9,4.3,22.1,01638480
2024-05-27,55.9,8.1,22.4,01638480
2024-05-28,51.6,0.4,21.4,01638480
2024-05-29,50.1,3.1,18.0,01638480
2024-05-30,46.4,0.0,16.8,01638480
2024-05-31,41.7,0.0,16.1,01638480
2024-06-01,37.1,0.0,18.4,01638480
2024-06-02,35.2,0.0,20.7,01638480
2024-06-03,34.1,2.8,21.4,01638480
2024-06-04,33.3,0.5,23.2,01638480
2024-06-05,33.5,17.8,21.5,01638480
2024-06-06,41.3,0.8,23.9,01638480
2024-06-07,36.9,0.6,22.6,01638480
2024-06-08,31.0,0.0,20.9,01638480
2024-06-09,27.8,0.1,21.6,01638480
2024-06-10,26.8,0.0,19.8,01638480
2024-06-11,26.0,3.7,18.0,01638480
2024-06-12,25.8,0.0,19.4,01638480
2024-06-13,25.4,0.0,22.9,01638480
2024-06-14,24.5,2.0,24.3,01638480
2024-06-15,25.4,4.7,21.9,01638480
2024-06-16,25.4,0.0,22.7,01638480
2024-06-17,23.0,0.1,25.3,01638480
2024-06-18,21.2,0.0,27.1,01638480
2024-06-19,20.1,0.0,26.3,01638480
2024-06-20,19.3,0.0,25.8,01638480
2024-06-21,18.6,0.0,27.6,01638480
2024-06-22,18.1,0.0,29.6,01638480
2024-06-23,18.0,0.2,29.0,01638480
2024-06-24,17.0,0.0,26.5,01638480
2024-06-25,16.6,0.0,24.8,01638480
2024-06-26,16.5,0.1,28.0,01638480
2024-06-27,15.5,11.9,24.4,01638480
2024-06-28,14.8,0.0,22.8,01638480
2024-06-29,14.4,0.1,25.4,01638480
2024-06-30,18.6,2.2,28.1,01638480
2024-07-01,17.0,0.0,21.2,01638480
2024-07-02,16.7,0.0,21.5,01638480
2024-07-03,16.0,0.0,23.9,01638480
2024-07-04,15.3,6.6,26.3,01638480
2024-07-05,15.1,0.7,28.4,01638480
2024-07-06,15.2,0.0,30.0,01638480
2024-07-07,15.2,0.0,28.3,01638480
2024-07-08,13.9,0.2,28.5,01638480
2024-07-09,13.0,3.4,28.8,01638480
2024-07-10,12.3,2.7,29.0,01638480
2024-07-11,11.4,1.1,26.3,01638480
2024-07-12,11.2,1.9,24.0,01638480
2024-07-13,11.3,0.5,25.8,01638480
2024-07-14,11.3,0.2,28.3,01638480
2024-07-15,11.8,0.3,29.1,01638480
2024-07-16,11.6,0.6,29.5,01638480
2024-07-17,17.9,5.9,27.0,01638480
2024-07-18,16.6,1.8,24.8,01638480
2024-07-19,14.4,0.0,23.9,01638480
2024-07-20,13.5,0.4,24.0,01638480
2024-07-21,12.6,0.1,25.2,01638480
2024-07-22,11.9,9.7,23.0,01638480
2024-07-23,11.9,4.6,24.5,01638480
2024-07-24,11.6,9.4,24.3,01638480
2024-07-25,11.6,14.7,24.1,01638480
2024-07-26,11.8,0.3,23.3,01638480
2024-07-27,14.1,0.0,23.7,01638480
2024-07-28,12.7,0.0,24.6,01638480
2024-07-29,11.0,0.1,26.5,01638480
2024-07-30,10.3,18.1,25.1,01638480
2024-07-31,8.22,0.1,26.4,01638480
2024-08-01,5.81,0.6,27.2,01638480
2024-08-02,4.99,4.2,27.5,01638480
2024-08-03,9.07,13.4,25.5,01638480
2024-08-04,28.3,1.6,24.9,01638480
2024-08-05,25.6,0.0,26.9,01638480
2024-08-06,18.6,0.5,27.6,01638480
2024-08-07,93.4,12.2,24.0,01638480
2024-08-08,1040.0,34.4,22.5,01638480
2024-08-09,1360.0,51.5,24.3,01638480
2024-08-10,279.0,0.2,24.6,01638480
2024-08-11,100.0,0.0,22.0,01638480
2024-08-12,70.1,0.0,21.0,01638480
2024-08-13,55.3,0.0,21.2,01638480
2024-08-14,44.7,0.0,21.9,01638480
2024-08-15,37.0,0.0,22.2,01638480
2024-08-16,31.4,0.0,23.5,01638480
2024-08-17,28.5,4.4,23.7,01638480
2024-08-18,25.9,5.7,23.3,01638480
2024-08-19,22.2,5.1,22.4,01638480
2024-08-20,20.4,0.0,19.5,01638480
2024-08-21,19.7,0.0,17.5,01638480
2024-08-22,17.4,0.0,18.0,01638480
2024-08-23,16.1,0.0,19.2,01638480
2024-08-24,15.3,0.0,21.1,01638480
2024-08-25,14.6,0.0,23.3,01638480
2024-08-26,15.5,4.7,24.1,01638480
2024-08-27,16.9,0.1,24.8,01638480
2024-08-28,15.5,0.2,27.3,01638480
2024-08-29,13.8,8.3,24.9,01638480
2024-08-30,18.5,7.7,22.2,01638480
2024-08-31,17.9,0.5,22.9,01638480
2024-09-01,19.1,10.4,22.7,01638480
2024-09-02,18.5,0.0,21.0,01638480
2024-09-03,15.4,0.0,17.4,01638480
2024-09-04,13.0,0.0,17.5,01638480
2024-09-05,12.1,0.0,18.0,01638480
2024-09-06,11.9,0.0,19.2,01638480
2024-09-07,11.1,6.1,18.7,01638480
2024-09-08,10.5,0.0,15.9,01638480
2024-09-09,10.3,0.0,16.5,01638480
2024-09-10,9.73,0.0,19.1,01638480
2024-09-11,9.62,0.0,20.5,01638480
2024-09-12,9.41,0.0,20.4,01638480
2024-09-13,9.95,0.2,19.5,01638480
2024-09-14,9.3,0.0,21.2,01638480
2024-09-15,9.24,0.0,20.4,01638480
2024-09-16,8.99,0.0,18.9,01638480
2024-09-17,9.82,2.6,19.8,01638480
2024-09-18,14.5,5.7,19.9,01638480
2024-09-19,18.0,0.7,20.9,01638480
2024-09-20,15.2,0.0,20.6,01638480
2024-09-21,12.4,3.0,21.2,01638480
2024-09-22,16.6,1.1,19.8,01638480
2024-09-23,20.6,3.0,18.7,01638480
2024-09-24,20.7,2.2,17.2,01638480
2024-09-25,25.1,4.3,18.6,01638480
2024-09-26,132.0,0.9,21.6,01638480
2024-09-27,78.1,10.9,21.3,01638480
2024-09-28,59.8,5.3,22.8,01638480
2024-09-29,47.8,8.8,19.4,01638480
2024-09-30,37.5,14.2,17.3,01638480
2024-10-01,50.4,6.7,16.9,01638480
2024-10-02,48.9,2.6,17.5,01638480
2024-10-03,43.4,0.0,17.7,01638480
2024-10-04,34.0,0.6,19.2,01638480
2024-10-05,28.2,0.7,18.9,01638480
2024-10-06,25.0,0.0,17.1,01638480
2024-10-07,22.7,0.8,18.0,01638480
2024-10-08,21.1,0.0,13.9,01638480
2024-10-09,19.9,0.0,13.8,01638480
2024-10-10,17.7,0.0,11.8,01638480
2024-10-11,15.9,0.0,11.9,01638480
2024-10-12,14.7,0.0,16.3,01638480
2024-10-13,14.0,0.0,18.4,01638480
2024-10-14,12.3,0.2,16.1,01638480
2024-10-15,11.8,0.3,9.4,01638480
2024-10-16,11.7,0.0,8.0,01638480
2024-10-17,11.3,0.0,8.3,01638480
2024-10-18,11.2,0.0,10.5,01638480
2024-10-19,11.1,0.0,11.2,01638480
2024-10-20,11.0,0.0,12.1,01638480
2024-10-21,11.0,0.0,14.1,01638480
2024-10-22,10.9,0.0,16.1,01638480
2024-10-23,10.9,0.0,16.4,01638480
2024-10-24,10.9,0.0,14.9,01638480
2024-10-25,10.9,0.0,11.0,01638480
2024-10-26,10.8,0.0,13.7,01638480
2024-10-27,10.8,0.0,9.3,01638480
2024-10-28,10.8,0.0,9.1,01638480
2024-10-29,10.8,0.0,11.3,01638480
2024-10-30,10.9,0.0,15.5,01638480
2024-10-31,11.1,0.0,19.0,01638480
2024-11-01,11.5,1.0,20.0,01638480
2024-11-02,11.8,0.0,11.4,01638480
2024-11-03,12.7,0.0,8.9,01638480
2024-11-04,13.0,0.0,8.7,01638480
2024-11-05,12.5,0.0,14.5,01638480
2024-11-06,12.7,0.0,19.7,01638480
2024-11-07,12.6,0.0,19.1,01638480
2024-11-08,12.3,0.0,14.3,01638480
2024-11-09,11.4,0.0,10.9,01638480
2024-11-10,14.0,0.6,8.6,01638480
2024-11-11,11.0,2.3,14.3,01638480
2024-11-12,12.5,0.0,11.6,01638480
2024-11-13,12.8,0.0,5.0,01638480
2024-11-14,12.0,5.2,5.0,01638480
2024-11-15,14.2,4.7,8.4,01638480
2024-11-16,18.0,0.0,11.1,01638480
2024-11-17,16.9,0.0,7.3,01638480
2024-11-18,14.5,0.0,11.1,01638480
2024-11-19,23.4,0.0,12.0,01638480
2024-11-20,19.8,0.3,12.8,01638480
2024-11-21,22.4,7.6,6.3,01638480
2024-11-22,26.3,5.4,2.0,01638480
2024-11-23,17.9,1.6,6.3,01638480
2024-11-24,15.1,0.0,8.5,01638480
2024-11-25,13.4,0.0,6.4,01638480
2024-11-26,14.4,5.3,11.0,01638480
2024-11-27,14.7,0.0,6.6,01638480
2024-11-28,17.4,7.4,7.6,01638480
2024-11-29,20.7,0.1,3.3,01638480
2024-11-30,20.4,0.0,-1.2,01638480
2024-12-01,17.2,0.0,-1.4,01638480
2024-12-02,14.7,0.0,-1.4,01638480
2024-12-03,13.9,0.0,-1.2,01638480
2024-12-04,13.2,0.0,-1.0,01638480
2024-12-05,12.7,0.8,0.9,01638480
2024-12-06,13.1,0.0,-2.3,01638480
2024-12-07,13.1,0.0,-0.6,01638480
2024-12-08,12.6,0.0,5.6,01638480
2024-12-09,12.9,5.6,6.7,01638480
2024-12-10,13.2,0.0,8.5,01638480
2024-12-11,50.2,29.3,10.1,01638480
2024-12-12,103.0,0.0,1.1,01638480
2024-12-13,51.0,0.0,-1.6,01638480
2024-12-14,37.9,0.0,-1.8,01638480
2024-12-15,33.6,5.6,-1.1,01638480
2024-12-16,42.2,9.9,2.3,01638480
2024-12-17,54.6,0.0,9.2,01638480
2024-12-18,45.9,4.0,5.1,01638480
2024-12-19,40.2,3.6,4.1,01638480
2024-12-20,36.2,0.4,1.0,01638480
2024-12-21,34.3,0.0,-0.2,01638480
2024-12-22,31.7,0.0,-3.3,01638480
2024-12-23,27.4,0.0,-4.8,01638480
2024-12-24,27.8,0.0,0.9,01638480
2024-12-25,27.4,0.0,3.3,01638480
2024-12-26,26.4,0.0,1.0,01638480
2024-12-27,25.8,0.0,1.5,01638480
2024-12-28,28.5,10.2,6.9,01638480
2024-12-29,35.0,10.5,12.3,01638480
2024-12-30,39.9,0.4,11.5,01638480
2024-12-31,38.0,0.1,6.7,01638480
2000-01-01,5250.0,0.0,5.5,01646500
2000-01-02,5030.0,0.0,11.0,01646500
2000-01-03,4850.0,0.0,14.7,01646500
2000-01-04,4900.0,15.6,16.3,01646500
2000-01-05,5260.0,3.5,5.6,01646500
2000-01-06,4810.0,0.0,1.9,01646500
2000-01-07,4470.0,0.0,3.6,01646500
2000-01-08,4240.0,0.0,2.0,01646500
2000-01-09,4140.0,2.4,4.7,01646500
2000-01-10,4210.0,10.4,6.9,01646500
2000-01-11,4720.0,0.0,8.2,01646500
2000-01-12,5540.0,0.0,5.2,01646500
2000-01-13,5380.0,0.7,6.3,01646500
2000-01-14,4910.0,0.0,-1.8,01646500
2000-01-15,4670.0,0.0,-1.9,01646500
2000-01-16,4390.0,0.0,4.3,01646500
2000-01-17,4270.0,0.0,-2.9,01646500
2000-01-18,3890.0,0.7,-5.6,01646500
2000-01-19,3760.0,0.0,-2.7,01646500
2000-01-20,3670.0,9.3,-0.2,01646500
2000-01-21,2870.0,0.0,-6.4,01646500
2000-01-22,2840.0,0.0,-9.3,01646500
2000-01-23,2940.0,0.0,-3.7,01646500
2000-01-24,3290.0,0.0,-2.0,01646500
2000-01-25,3440.0,17.4,-2.5,01646500
2000-01-26,2580.0,0.6,-4.6,01646500
2000-01-27,2840.0,0.0,-8.4,01646500
2000-01-28,3100.0,0.0,-9.0,01646500
2000-01-29,3300.0,0.0,-8.0,01646500
2000-01-30,3440.0,13.6,-4.6,01646500
2000-01-31,2990.0,7.4,-1.9,01646500
2000-02-01,3020.0,0.0,-5.2,01646500
2000-02-02,3250.0,0.0,-5.4,01646500
2000-02-03,3360.0,0.0,-4.3,01646500
2000-02-04,3360.0,1.0,-0.4,01646500
2000-02-05,3400.0,0.0,-0.8,01646500
2000-02-06,3190.0,0.0,-1.7,01646500
2000-02-07,3260.0,0.0,1.1,01646500
2000-02-08,3360.0,0.0,-0.3,01646500
2000-02-09,3330.0,0.0,-1.4,01646500
2000-02-10,3450.0,0.0,3.1,01646500
2000-02-11,4130.0,1.0,6.2,01646500
2000-02-12,5180.0,0.4,0.9,01646500
2000-02-13,5670.0,0.0,-0.5,01646500
2000-02-14,6470.0,12.1,6.6,01646500
2000-02-15,7720.0,0.0,3.9,01646500
2000-02-16,10900.0,0.7,6.2,01646500
2000-02-17,13200.0,0.0,3.2,01646500
2000-02-18,14400.0,15.4,1.0,01646500
2000-02-19,18600.0,6.6,9.2,01646500
2000-02-20,35400.0,0.0,3.5,01646500
2000-02-21,58400.0,0.0,3.0,01646500
2000-02-22,40800.0,0.0,3.8,01646500
2000-02-23,31300.0,0.0,5.5,01646500
2000-02-24,24300.0,0.0,11.1,01646500
2000-02-25,20000.0,0.4,15.1,01646500
2000-02-26,17300.0,0.0,10.5,01646500
2000-02-27,15200.0,0.7,12.4,01646500
2000-02-28,16100.0,15.5,11.4,01646500
2000-02-29,18200.0,0.0,8.0,01646500
2000-03-01,16200.0,0.2,9.3,01646500
2000-03-02,14800.0,0.0,9.6,01646500
2000-03-03,13200.0,0.0,5.2,01646500
2000-03-04,11700.0,0.0,5.9,01646500
2000-03-05,10400.0,0.0,8.8,01646500
2000-03-06,9470.0,0.0,8.5,01646500
2000-03-07,8640.0,0.0,9.7,01646500
2000-03-08,7930.0,0.0,16.8,01646500
2000-03-09,7360.0,0.0,17.9,01646500
2000-03-10,6810.0,0.0,16.8,01646500
2000-03-11,6650.0,5.1,12.3,01646500
2000-03-12,7640.0,13.6,10.2,01646500
2000-03-13,14200.0,0.0,4.5,01646500
2000-03-14,23200.0,0.0,7.5,01646500
2000-03-15,20700.0,0.0,11.3,01646500
2000-03-16,16800.0,1.0,14.6,01646500
2000-03-17,14800.0,14.8,11.3,01646500
2000-03-18,13700.0,0.0,1.8,01646500
2000-03-19,12700.0,0.0,3.7,01646500
2000-03-20,11100.0,0.0,5.7,01646500
2000-03-21,12900.0,22.4,5.1,01646500
2000-03-22,29300.0,9.1,5.4,01646500
2000-03-23,51400.0,0.0,9.4,01646500
2000-03-24,41900.0,0.0,11.7,01646500
2000-03-25,33500.0,1.4,14.0,01646500
2000-03-26,28500.0,0.8,14.8,01646500
2000-03-27,24700.0,7.5,12.5,01646500
2000-03-28,22700.0,30.6,11.3,01646500
2000-03-29,20100.0,0.4,9.2,01646500
2000-03-30,17800.0,0.0,10.5,01646500
2000-03-31,15600.0,0.0,9.1,01646500
2000-04-01,13400.0,0.0,10.7,01646500
2000-04-02,11900.0,0.0,13.7,01646500
2000-04-03,10800.0,0.0,17.5,01646500
2000-04-04,10400.0,5.1,17.5,01646500
2000-04-05,10500.0,0.0,8.3,01646500
2000-04-06,13500.0,0.0,12.9,01646500
2000-04-07,13300.0,0.6,15.0,01646500
2000-04-08,12600.0,13.7,17.3,01646500
2000-04-09,17200.0,10.7,6.2,01646500
2000-04-10,17300.0,0.0,9.5,01646500
2000-04-11,14200.0,0.3,11.6,01646500
2000-04-12,12500.0,3.9,11.2,01646500
2000-04-13,11200.0,0.0,6.6,01646500
2000-04-14,10300.0,0.0,8.7,01646500
2000-04-15,9640.0,3.3,12.4,01646500
2000-04-16,9150.0,2.5,17.8,01646500
2000-04-17,11500.0,17.0,15.3,01646500
2000-04-18,14300.0,22.1,8.0,01646500
2000-04-19,17400.0,0.0,11.2,01646500
2000-04-20,18400.0,0.0,14.4,01646500
2000-04-21,21000.0,17.6,14.9,01646500
2000-04-22,23500.0,9.0,10.5,01646500
2000-04-23,30300.0,0.7,10.9,01646500
2000-04-24,39400.0,0.0,12.4,01646500
2000-04-25,27800.0,1.6,12.3,01646500
2000-04-26,21100.0,0.5,9.7,01646500
2000-04-27,17400.0,2.9,9.6,01646500
2000-04-28,15500.0,0.9,11.1,01646500
2000-04-29,14600.0,0.3,13.0,01646500
2000-04-30,13000.0,0.0,14.1,01646500
2000-05-01,11600.0,0.0,15.3,01646500
2000-05-02,10600.0,1.8,17.9,01646500
2000-05-03,9610.0,0.0,15.7,01646500
2000-05-04,8900.0,0.0,17.0,01646500
2000-05-05,8240.0,0.2,21.8,01646500
2000-05-06,7630.0,0.0,23.4,01646500
2000-05-07,7090.0,0.0,24.7,01646500
2000-05-08,6450.0,0.0,25.0,01646500
2000-05-09,6290.0,0.0,25.5,01646500
2000-05-10,6190.0,4.2,24.3,01646500
2000-05-11,6100.0,0.0,18.9,01646500
2000-05-12,5830.0,0.0,22.7,01646500
2000-05-13,5420.0,2.1,26.8,01646500
2000-05-14,5040.0,2.4,19.6,01646500
2000-05-15,4620.0,0.0,16.5,01646500
2000-05-16,4400.0,0.0,16.0,01646500
2000-05-17,4200.0,0.2,18.8,01646500
2000-05-18,3880.0,0.0,22.8,01646500
2000-05-19,3730.0,7.8,23.9,01646500
2000-05-20,3800.0,15.8,16.3,01646500
2000-05-21,3960.0,2.7,15.0,01646500
2000-05-22,4640.0,13.4,15.5,01646500
2000-05-23,5230.0,0.1,17.4,01646500
2000-05-24,6080.0,1.2,21.5,01646500
2000-05-25,7470.0,0.0,22.0,01646500
2000-05-26,11300.0,0.0,19.5,01646500
2000-05-27,10600.0,12.2,16.7,01646500
2000-05-28,8970.0,6.1,14.6,01646500
2000-05-29,7940.0,7.7,15.3,01646500
2000-05-30,9030.0,0.0,14.1,01646500
2000-05-31,11500.0,0.0,16.0,01646500
2000-06-01,10900.0,0.0,21.3,01646500
2000-06-02,9570.0,1.9,26.3,01646500
2000-06-03,8200.0,0.0,22.5,01646500
2000-06-04,6740.0,0.0,18.4,01646500
2000-06-05,5870.0,0.0,17.8,01646500
2000-06-06,5520.0,19.2,16.0,01646500
2000-06-07,5530.0,0.0,17.8,01646500
2000-06-08,6520.0,0.0,20.2,01646500
2000-06-09,8390.0,0.0,23.4,01646500
2000-06-10,7790.0,0.0,26.1,01646500
2000-06-11,6740.0,0.0,27.6,01646500
2000-06-12,5560.0,0.8,27.8,01646500
2000-06-13,4860.0,2.1,22.9,01646500
2000-06-14,4580.0,0.0,22.3,01646500
2000-06-15,4270.0,0.1,25.2,01646500
2000-06-16,5830.0,0.0,26.4,01646500
2000-06-17,6620.0,8.2,27.5,01646500
2000-06-18,12300.0,16.3,25.5,01646500
2000-06-19,12000.0,7.2,21.2,01646500
2000-06-20,9430.0,0.0,20.5,01646500
2000-06-21,8660.0,0.0,23.5,01646500
2000-06-22,9700.0,10.4,25.5,01646500
2000-06-23,10200.0,0.0,24.0,01646500
2000-06-24,8550.0,0.0,25.1,01646500
2000-06-25,6920.0,0.0,26.7,01646500
2000-06-26,7960.0,0.7,27.6,01646500
2000-06-27,6810.0,0.2,26.9,01646500
2000-06-28,6430.0,3.9,23.0,01646500
2000-06-29,5350.0,3.4,22.8,01646500
2000-06-30,5100.0,0.0,22.3,01646500
2000-07-01,4920.0,0.0,22.7,01646500
2000-07-02,4860.0,0.0,23.3,01646500
2000-07-03,4740.0,0.0,24.9,01646500
2000-07-04,4570.0,4.2,25.0,01646500
2000-07-05,4090.0,0.0,26.3,01646500
2000-07-06,3560.0,0.0,24.7,01646500
2000-07-07,3430.0,0.0,23.4,01646500
2000-07-08,3060.0,0.0,21.6,01646500
2000-07-09,2820.0,0.0,24.0,01646500
2000-07-10,2310.0,4.9,27.5,01646500
2000-07-11,2420.0,7.0,23.9,01646500
2000-07-12,2580.0,0.0,23.6,01646500
2000-07-13,2500.0,2.8,21.9,01646500
2000-07-14,2310.0,2.0,23.3,01646500
2000-07-15,3650.0,19.9,21.9,01646500
2000-07-16,4520.0,9.6,21.6,01646500
2000-07-17,4660.0,0.0,22.7,01646500
2000-07-18,4550.0,0.0,25.1,01646500
2000-07-19,3410.0,8.6,22.6,01646500
2000-07-20,3470.0,20.3,19.6,01646500
2000-07-21,4750.0,0.0,22.4,01646500
2000-07-22,3700.0,0.7,22.9,01646500
2000-07-23,3300.0,0.0,21.7,01646500
2000-07-24,3270.0,4.1,20.7,01646500
2000-07-25,3510.0,0.8,20.4,01646500
2000-07-26,3430.0,13.0,19.2,01646500
2000-07-27,3160.0,0.1,21.6,01646500
2000-07-28,3160.0,3.6,23.3,01646500
2000-07-29,4300.0,4.1,23.2,01646500
2000-07-30,3640.0,6.2,24.6,01646500
2000-07-31,4100.0,5.2,24.6,01646500
2000-08-01,4520.0,9.5,25.2,01646500
2000-08-02,6790.0,2.3,25.0,01646500
2000-08-03,7880.0,0.0,24.7,01646500
2000-08-04,9610.0,3.4,24.3,01646500
2000-08-05,7740.0,0.0,22.7,01646500
2000-08-06,8230.0,6.1,22.0,01646500
2000-08-07,10200.0,1.2,27.6,01646500
2000-08-08,19600.0,0.0,27.4,01646500
2000-08-09,17100.0,0.4,27.8,01646500
2000-08-10,10200.0,1.9,26.2,01646500
2000-08-11,7260.0,0.2,25.0,01646500
2000-08-12,5610.0,0.0,23.1,01646500
2000-08-13,4720.0,3.8,19.8,01646500
2000-08-14,4040.0,0.2,21.3,01646500
2000-08-15,3630.0,0.2,23.3,01646500
2000-08-16,3330.0,4.5,25.4,01646500
2000-08-17,2880.0,0.0,22.3,01646500
2000-08-18,2770.0,8.9,21.8,01646500
2000-08-19,2570.0,0.0,20.4,01646500
2000-08-20,2320.0,0.0,20.1,01646500
2000-08-21,2210.0,0.0,19.2,01646500
2000-08-22,2120.0,0.0,20.7,01646500
2000-08-23,2160.0,0.0,22.4,01646500
2000-08-24,2400.0,2.3,23.7,01646500
2000-08-25,2410.0,0.0,23.6,01646500
2000-08-26,2140.0,0.0,23.2,01646500
2000-08-27,2050.0,4.8,23.3,01646500
2000-08-28,2490.0,8.3,22.2,01646500
2000-08-29,2480.0,3.9,22.7,01646500
2000-08-30,2710.0,1.3,23.5,01646500
2000-08-31,2890.0,6.6,24.1,01646500
2000-09-01,3890.0,5.5,24.8,01646500
2000-09-02,3760.0,7.0,24.7,01646500
2000-09-03,4030.0,13.6,24.0,01646500
2000-09-04,4590.0,1.1,24.5,01646500
2000-09-05,4650.0,0.0,20.0,01646500
2000-09-06,6140.0,0.0,16.7,01646500
2000-09-07,6320.0,0.0,17.1,01646500
2000-09-08,5190.0,0.0,18.7,01646500
2000-09-09,4670.0,3.6,21.9,01646500
2000-09-10,4230.0,0.0,23.6,01646500
2000-09-11,3800.0,0.0,22.4,01646500
2000-09-12,3370.0,0.0,23.7,01646500
2000-09-13,3030.0,1.4,24.3,01646500
2000-09-14,3110.0,1.4,21.3,01646500
2000-09-15,3510.0,5.1,20.8,01646500
2000-09-16,3830.0,0.1,15.9,01646500
2000-09-17,3440.0,0.0,15.3,01646500
2000-09-18,2840.0,0.0,17.6,01646500
2000-09-19,3160.0,18.9,17.7,01646500
2000-09-20,4110.0,0.9,20.4,01646500
2000-09-21,8410.0,0.0,22.7,01646500
2000-09-22,7060.0,0.0,17.6,01646500
2000-09-23,5400.0,0.0,19.1,01646500
2000-09-24,4410.0,1.5,21.5,01646500
2000-09-25,4760.0,25.1,15.3,01646500
2000-09-26,7470.0,31.5,10.9,01646500
2000-09-27,9890.0,0.0,13.8,01646500
2000-09-28,12900.0,0.0,15.6,01646500
2000-09-29,15300.0,0.0,13.9,01646500
2000-09-30,12000.0,0.0,13.7,01646500
2000-10-01,9360.0,0.0,15.8,01646500
2000-10-02,7550.0,0.0,18.7,01646500
2000-10-03,6380.0,0.0,20.2,01646500
2000-10-04,5720.0,0.0,22.4,01646500
2000-10-05,5130.0,0.2,20.6,01646500
2000-10-06,4610.0,0.5,20.7,01646500
2000-10-07,4080.0,0.0,14.5,01646500
2000-10-08,3720.0,0.0,9.2,01646500
2000-10-09,3430.0,0.3,7.5,01646500
2000-10-10,3290.0,0.0,9.3,01646500
2000-10-11,3400.0,0.0,12.2,01646500
2000-10-12,3520.0,0.0,14.0,01646500
2000-10-13,3060.0,0.0,15.1,01646500
2000-10-14,2770.0,0.0,16.1,01646500
2000-10-15,2590.0,0.0,17.8,01646500
2000-10-16,2420.0,0.0,18.7,01646500
2000-10-17,2300.0,0.0,17.3,01646500
2000-10-18,2480.0,0.4,17.1,01646500
2000-10-19,2400.0,0.0,15.8,01646500
2000-10-20,2430.0,0.0,15.2,01646500
2000-10-21,2450.0,0.0,16.5,01646500
2000-10-22,2560.0,0.0,16.0,01646500
2000-10-23,2310.0,0.0,12.5,01646500
2000-10-24,2260.0,1.5,12.3,01646500
2000-10-25,2240.0,0.2,15.4,01646500
2000-10-26,2120.0,0.0,15.2,01646500
2000-10-27,2110.0,0.0,15.1,01646500
2000-10-28,2050.0,0.0,16.1,01646500
2000-10-29,1970.0,0.0,9.4,01646500
2000-10-30,1900.0,0.0,9.8,01646500
2000-10-31,1900.0,0.0,9.4,01646500
2000-11-01,1920.0,0.0,9.5,01646500
2000-11-02,1750.0,0.0,11.0,01646500
2000-11-03,1810.0,0.0,12.3,01646500
2000-11-04,1770.0,0.0,14.8,01646500
2000-11-05,1730.0,0.0,11.4,01646500
2000-11-06,1750.0,0.0,7.8,01646500
2000-11-07,1720.0,0.0,9.8,01646500
2000-11-08,1780.0,0.4,12.3,01646500
2000-11-09,1810.0,4.0,14.1,01646500
2000-11-10,2220.0,5.5,15.1,01646500
2000-11-11,2120.0,0.0,11.7,01646500
2000-11-12,2450.0,0.0,9.8,01646500
2000-11-13,2790.0,0.0,9.4,01646500
2000-11-14,3190.0,6.5,9.6,01646500
2000-11-15,3220.0,0.0,5.5,01646500
2000-11-16,2820.0,0.0,4.7,01646500
2000-11-17,2500.0,2.1,8.0,01646500
2000-11-18,2370.0,0.0,3.7,01646500
2000-11-19,2270.0,0.0,3.5,01646500
2000-11-20,2170.0,0.7,2.8,01646500
2000-11-21,2150.0,0.0,1.1,01646500
2000-11-22,2110.0,0.0,-0.9,01646500
2000-11-23,2010.0,0.0,-0.7,01646500
2000-11-24,2020.0,0.0,-0.1,01646500
2000-11-25,2010.0,6.6,1.7,01646500
2000-11-26,2460.0,17.0,10.7,01646500
2000-11-27,2680.0,0.0,8.7,01646500
2000-11-28,3390.0,0.0,7.7,01646500
2000-11-29,3350.0,2.7,5.4,01646500
2000-11-30,3380.0,1.2,5.0,01646500
2000-12-01,3170.0,0.0,3.0,01646500
2000-12-02,3280.0,0.0,2.0,01646500
2000-12-03,3190.0,0.0,-1.2,01646500
2000-12-04,2990.0,0.0,-0.8,01646500
2000-12-05,2930.0,0.0,1.2,01646500
2000-12-06,2750.0,0.0,-0.8,01646500
2000-12-07,2590.0,0.0,0.0,01646500
2000-12-08,2540.0,0.0,3.1,01646500
2000-12-09,2450.0,0.0,1.9,01646500
2000-12-10,2490.0,0.0,0.7,01646500
2000-12-11,2500.0,0.0,1.9,01646500
2000-12-12,2520.0,0.1,5.5,01646500
2000-12-13,2370.0,0.0,-0.8,01646500
2000-12-14,3010.0,23.5,1.9,01646500
2000-12-15,3430.0,0.0,0.9,01646500
2000-12-16,4840.0,11.7,2.6,01646500
2000-12-17,9450.0,37.9,11.2,01646500
2000-12-18,23100.0,0.0,-0.2,01646500
2000-12-19,15900.0,4.2,-0.5,01646500
2000-12-20,13800.0,1.5,-3.4,01646500
2000-12-21,12800.0,0.0,-2.8,01646500
2000-12-22,10600.0,0.0,-1.5,01646500
2000-12-23,7200.0,0.0,-6.6,01646500
2000-12-24,6770.0,0.0,-2.6,01646500
2000-12-25,5150.0,0.0,-4.2,01646500
2000-12-26,4960.0,0.0,-5.9,01646500
2000-12-27,4350.0,0.0,-2.5,01646500
2000-12-28,4880.0,0.0,-3.2,01646500
2000-12-29,4500.0,0.0,-4.1,01646500
2000-12-30,4150.0,0.0,-2.9,01646500
2000-12-31,4190.0,0.0,-3.3,01646500
2001-01-01,3630.0,0.0,-2.4,01646500
2001-01-02,3900.0,0.0,-2.1,01646500
2001-01-03,3650.0,0.0,-2.8,01646500
2001-01-04,3580.0,0.0,-2.1,01646500
2001-01-05,3450.0,1.4,-1.3,01646500
2001-01-06,3270.0,0.0,0.6,01646500
2001-01-07,3230.0,0.0,1.2,01646500
2001-01-08,3090.0,4.8,1.0,01646500
2001-01-09,3160.0,0.0,-1.1,01646500
2001-01-10,3430.0,0.0,0.2,01646500
2001-01-11,3070.0,0.0,2.5,01646500
2001-01-12,3290.0,0.0,1.7,01646500
2001-01-13,3070.0,0.0,1.0,01646500
2001-01-14,2970.0,0.0,0.8,01646500
2001-01-15,2930.0,0.5,4.0,01646500
2001-01-16,2920.0,0.0,4.3,01646500
2001-01-17,3100.0,0.0,2.0,01646500
2001-01-18,2890.0,2.3,1.0,01646500
2001-01-19,3790.0,24.4,2.4,01646500
2001-01-20,6120.0,20.7,2.1,01646500
2001-01-21,9230.0,10.0,-1.8,01646500
2001-01-22,8890.0,0.0,-4.5,01646500
2001-01-23,10100.0,0.0,-0.7,01646500
2001-01-24,10600.0,0.0,0.4,01646500
2001-01-25,9670.0,0.0,0.4,01646500
2001-01-26,8130.0,0.0,-1.3,01646500
2001-01-27,7780.0,0.3,2.0,01646500
2001-01-28,6810.0,0.0,0.8,01646500
2001-01-29,6390.0,0.0,1.5,01646500
2001-01-30,6990.0,8.3,6.4,01646500
2001-01-31,12000.0,0.0,9.1,01646500
2001-02-01,18300.0,0.0,4.6,01646500
2001-02-02,27000.0,0.6,3.9,01646500
2001-02-03,20600.0,0.0,-0.3,01646500
2001-02-04,16200.0,0.0,0.1,01646500
2001-02-05,13400.0,12.4,2.2,01646500
2001-02-06,11700.0,0.0,3.3,01646500
2001-02-07,10400.0,0.0,4.7,01646500
2001-02-08,9590.0,0.0,4.5,01646500
2001-02-09,8770.0,0.0,10.5,01646500
2001-02-10,8040.0,1.0,11.4,01646500
2001-02-11,7520.0,0.0,0.9,01646500
2001-02-12,7140.0,0.0,0.4,01646500
2001-02-13,7580.0,1.6,5.3,01646500
2001-02-14,7730.0,0.6,7.7,01646500
2001-02-15,7950.0,0.6,10.6,01646500
2001-02-16,8660.0,8.5,5.9,01646500
2001-02-17,10300.0,8.8,4.3,01646500
2001-02-18,11600.0,0.0,-1.1,01646500
2001-02-19,12600.0,0.0,0.9,01646500
2001-02-20,12100.0,0.0,6.6,01646500
2001-02-21,11100.0,0.0,7.5,01646500
2001-02-22,9850.0,10.3,-2.2,01646500
2001-02-23,8800.0,1.3,-1.8,01646500
2001-02-24,7920.0,0.0,-0.8,01646500
2001-02-25,7430.0,1.4,4.6,01646500
2001-02-26,7460.0,0.0,9.7,01646500
2001-02-27,7410.0,0.0,6.4,01646500
2001-02-28,7470.0,1.2,5.1,01646500
2001-03-01,7750.0,0.0,1.7,01646500
2001-03-02,7460.0,0.0,5.5,01646500
2001-03-03,7000.0,0.0,7.1,01646500
2001-03-04,6820.0,7.3,5.3,01646500
2001-03-05,7320.0,8.6,2.1,01646500
2001-03-06,8320.0,0.0,-1.2,01646500
2001-03-07,8960.0,0.0,3.2,01646500
2001-03-08,8940.0,0.0,3.5,01646500
2001-03-09,8810.0,3.0,3.7,01646500
2001-03-10,8760.0,0.0,2.2,01646500
2001-03-11,8720.0,0.0,5.1,01646500
2001-03-12,8380.0,0.0,5.3,01646500
2001-03-13,8290.0,10.9,10.0,01646500
2001-03-14,9060.0,0.2,9.4,01646500
2001-03-15,10600.0,7.0,6.4,01646500
2001-03-16,12000.0,2.7,6.6,01646500
2001-03-17,12000.0,2.0,8.6,01646500
2001-03-18,11800.0,0.0,5.5,01646500
2001-03-19,12000.0,0.0,4.8,01646500
2001-03-20,12500.0,0.2,4.8,01646500
2001-03-21,15500.0,17.9,6.8,01646500
2001-03-22,27100.0,2.1,7.4,01646500
2001-03-23,64600.0,0.2,8.7,01646500
2001-03-24,50200.0,0.0,7.7,01646500
2001-03-25,34400.0,0.0,4.3,01646500
2001-03-26,26900.0,0.0,2.1,01646500
2001-03-27,22600.0,0.0,0.0,01646500
2001-03-28,19300.0,0.0,2.5,01646500
2001-03-29,17000.0,7.6,3.6,01646500
2001-03-30,29900.0,25.6,8.2,01646500
2001-03-31,40300.0,1.0,6.9,01646500
2001-04-01,40800.0,1.9,7.3,01646500
2001-04-02,35800.0,0.1,7.8,01646500
2001-04-03,29900.0,0.0,8.2,01646500
2001-04-04,26000.0,0.0,9.7,01646500
2001-04-05,22100.0,0.0,9.7,01646500
2001-04-06,19300.0,1.3,13.1,01646500
2001-04-07,17300.0,0.2,16.2,01646500
2001-04-08,16000.0,0.5,13.6,01646500
2001-04-09,16300.0,0.0,19.8,01646500
2001-04-10,17500.0,0.0,17.8,01646500
2001-04-11,20600.0,12.7,11.7,01646500
2001-04-12,23300.0,0.0,16.4,01646500
2001-04-13,36700.0,2.3,19.8,01646500
2001-04-14,37300.0,0.0,14.8,01646500
2001-04-15,27600.0,3.1,15.1,01646500
2001-04-16,23500.0,6.1,10.2,01646500
2001-04-17,25800.0,3.2,7.5,01646500
2001-04-18,29300.0,1.2,5.9,01646500
2001-04-19,23400.0,0.0,7.2,01646500
2001-04-20,19300.0,0.2,11.2,01646500
2001-04-21,16500.0,0.3,15.9,01646500
2001-04-22,14600.0,0.0,20.5,01646500
2001-04-23,13000.0,0.0,22.0,01646500
2001-04-24,11900.0,1.3,21.4,01646500
2001-04-25,10800.0,0.0,12.2,01646500
2001-04-26,9890.0,0.0,10.9,01646500
2001-04-27,8990.0,0.0,14.7,01646500
2001-04-28,8190.0,0.0,15.2,01646500
2001-04-29,7550.0,0.0,11.9,01646500
2001-04-30,7110.0,0.0,14.3,01646500
2001-05-01,6700.0,0.0,18.4,01646500
2001-05-02,6450.0,0.0,20.7,01646500
2001-05-03,6090.0,0.0,22.4,01646500
2001-05-04,5610.0,0.0,23.5,01646500
2001-05-05,5300.0,2.3,23.4,01646500
2001-05-06,4980.0,0.0,17.9,01646500
2001-05-07,4710.0,0.0,12.8,01646500
2001-05-08,4580.0,0.0,14.8,01646500
2001-05-09,4370.0,4.1,17.2,01646500
2001-05-10,4220.0,0.0,19.8,01646500
2001-05-11,4020.0,0.0,21.8,01646500
2001-05-12,3970.0,7.2,22.0,01646500
2001-05-13,3690.0,0.0,17.3,01646500
2001-05-14,3490.0,0.0,14.8,01646500
2001-05-15,3300.0,0.0,15.6,01646500
2001-05-16,3240.0,0.0,15.7,01646500
2001-05-17,3280.0,0.0,14.6,01646500
2001-05-18,3330.0,2.8,16.8,01646500
2001-05-19,3560.0,31.6,18.0,01646500
2001-05-20,3620.0,2.9,17.8,01646500
2001-05-21,4230.0,15.6,15.3,01646500
2001-05-22,6700.0,9.8,20.3,01646500
2001-05-23,13000.0,9.4,18.8,01646500
2001-05-24,12200.0,0.0,18.4,01646500
2001-05-25,16500.0,3.5,18.9,01646500
2001-05-26,18600.0,29.2,17.1,01646500
2001-05-27,14600.0,25.2,18.4,01646500
2001-05-28,16900.0,0.2,19.2,01646500
2001-05-29,15900.0,0.0,18.4,01646500
2001-05-30,13200.0,0.0,17.1,01646500
2001-05-31,10800.0,0.0,14.6,01646500
2001-06-01,8910.0,13.4,15.4,01646500
2001-06-02,7760.0,17.6,19.9,01646500
2001-06-03,6960.0,0.0,18.6,01646500
2001-06-04,6160.0,0.0,17.6,01646500
2001-06-05,5640.0,17.7,20.6,01646500
2001-06-06,5370.0,1.1,22.1,01646500
2001-06-07,9770.0,24.3,19.8,01646500
2001-06-08,10400.0,0.0,20.2,01646500
2001-06-09,20200.0,0.0,20.3,01646500
2001-06-10,16100.0,0.0,21.0,01646500
2001-06-11,11700.0,0.0,22.2,01646500
2001-06-12,9050.0,0.3,24.8,01646500
2001-06-13,7350.0,3.2,26.4,01646500
2001-06-14,6450.0,0.1,25.3,01646500
2001-06-15,5570.0,2.8,24.4,01646500
2001-06-16,5650.0,30.6,23.4,01646500
2001-06-17,5540.0,5.6,23.9,01646500
2001-06-18,6220.0,0.0,23.5,01646500
2001-06-19,6520.0,0.0,24.2,01646500
2001-06-20,5210.0,0.0,25.0,01646500
2001-06-21,4380.0,1.0,25.5,01646500
2001-06-22,4490.0,2.4,24.8,01646500
2001-06-23,17200.0,16.2,21.9,01646500
2001-06-24,20000.0,0.0,21.1,01646500
2001-06-25,20100.0,0.0,22.3,01646500
2001-06-26,15100.0,0.0,24.2,01646500
2001-06-27,10600.0,0.0,25.2,01646500
2001-06-28,7710.0,0.6,27.0,01646500
2001-06-29,6180.0,0.1,27.3,01646500
2001-06-30,5140.0,1.4,27.5,01646500
2001-07-01,4930.0,1.9,26.4,01646500
2001-07-02,4870.0,0.5,20.3,01646500
2001-07-03,4170.0,0.0,19.7,01646500
2001-07-04,4480.0,2.5,24.1,01646500
2001-07-05,7350.0,14.5,23.6,01646500
2001-07-06,5390.0,0.0,21.5,01646500
2001-07-07,4180.0,0.0,22.0,01646500
2001-07-08,5050.0,5.2,23.2,01646500
2001-07-09,4730.0,0.1,25.7,01646500
2001-07-10,4380.0,0.0,26.2,01646500
2001-07-11,3870.0,4.6,24.9,01646500
2001-07-12,3690.0,0.0,21.8,01646500
2001-07-13,3440.0,0.0,21.4,01646500
2001-07-14,3070.0,0.0,21.3,01646500
2001-07-15,2730.0,0.0,22.5,01646500
2001-07-16,2370.0,0.0,23.8,01646500
2001-07-17,2420.0,1.2,25.8,01646500
2001-07-18,2410.0,5.3,23.9,01646500
2001-07-19,2480.0,0.0,23.1,01646500
2001-07-20,2240.0,0.0,22.1,01646500
2001-07-21,2140.0,0.0,22.0,01646500
2001-07-22,1950.0,0.0,22.8,01646500
2001-07-23,2010.0,0.0,25.0,01646500
2001-07-24,2040.0,0.1,26.5,01646500
2001-07-25,1980.0,4.1,27.8,01646500
2001-07-26,1910.0,18.2,25.8,01646500
2001-07-27,1730.0,0.0,21.6,01646500
2001-07-28,1740.0,0.0,21.2,01646500
2001-07-29,2000.0,34.2,19.2,01646500
2001-07-30,2720.0,2.7,20.8,01646500
2001-07-31,4980.0,0.8,22.1,01646500
2001-08-01,9580.0,0.0,22.7,01646500
2001-08-02,12100.0,0.0,22.6,01646500
2001-08-03,8350.0,0.0,23.8,01646500
2001-08-04,6140.0,0.8,25.2,01646500
2001-08-05,5180.0,1.1,25.8,01646500
2001-08-06,4800.0,0.0,27.0,01646500
2001-08-07,4360.0,0.0,28.5,01646500
2001-08-08,4480.0,0.0,29.2,01646500
2001-08-09,4090.0,0.0,29.9,01646500
2001-08-10,3570.0,6.4,28.9,01646500
2001-08-11,5300.0,17.9,26.1,01646500
2001-08-12,8660.0,15.1,25.2,01646500
2001-08-13,4680.0,12.9,24.8,01646500
2001-08-14,5140.0,0.5,24.7,01646500
2001-08-15,10100.0,0.4,23.7,01646500
2001-08-16,9970.0,0.1,24.1,01646500
2001-08-17,7070.0,0.1,25.5,01646500
2001-08-18,5300.0,0.0,24.3,01646500
2001-08-19,4130.0,1.2,23.9,01646500
2001-08-20,4550.0,0.0,24.3,01646500
2001-08-21,3600.0,0.0,23.5,01646500
2001-08-22,3280.0,0.0,23.4,01646500
2001-08-23,3810.0,5.0,24.3,01646500
2001-08-24,4800.0,8.6,23.5,01646500
2001-08-25,3450.0,0.3,23.9,01646500
2001-08-26,2860.0,0.0,22.8,01646500
2001-08-27,2520.0,2.5,24.8,01646500
2001-08-28,2350.0,0.4,25.3,01646500
2001-08-29,2220.0,0.0,24.8,01646500
2001-08-30,2180.0,19.4,24.0,01646500
2001-08-31,2240.0,5.5,24.1,01646500
2001-09-01,2250.0,0.2,23.4,01646500
2001-09-02,2210.0,0.0,20.4,01646500
2001-09-03,2150.0,0.0,20.9,01646500
2001-09-04,1860.0,0.0,23.6,01646500
2001-09-05,1880.0,0.0,22.6,01646500
2001-09-06,2330.0,0.0,20.2,01646500
2001-09-07,2100.0,0.0,21.0,01646500
2001-09-08,1850.0,0.0,22.4,01646500
2001-09-09,1550.0,0.0,23.1,01646500
2001-09-10,1410.0,3.8,24.3,01646500
2001-09-11,1370.0,0.0,22.2,01646500
2001-09-12,1330.0,0.0,21.1,01646500
2001-09-13,1290.0,0.0,21.4,01646500
2001-09-14,1330.0,4.6,18.4,01646500
2001-09-15,1350.0,0.0,15.7,01646500
2001-09-16,1140.0,0.0,16.3,01646500
2001-09-17,1250.0,0.0,17.8,01646500
2001-09-18,980.0,0.0,19.5,01646500
2001-09-19,948.0,0.0,20.3,01646500
2001-09-20,1100.0,8.1,19.9,01646500
2001-09-21,1770.0,1.4,20.9,01646500
2001-09-22,1580.0,0.0,21.7,01646500
2001-09-23,1340.0,0.0,21.9,01646500
2001-09-24,1280.0,6.0,21.7,01646500
2001-09-25,10300.0,31.8,17.2,01646500
2001-09-26,4600.0,0.0,13.2,01646500
2001-09-27,2780.0,0.1,14.9,01646500
2001-09-28,2240.0,0.5,13.3,01646500
2001-09-29,1860.0,0.0,13.3,01646500
2001-09-30,1720.0,0.0,13.1,01646500
2001-10-01,1630.0,0.1,14.3,01646500
2001-10-02,1500.0,0.0,17.6,01646500
2001-10-03,1350.0,0.0,20.0,01646500
2001-10-04,1290.0,0.0,20.8,01646500
2001-10-05,1180.0,0.0,19.9,01646500
2001-10-06,1090.0,2.5,18.3,01646500
2001-10-07,1150.0,0.0,11.3,01646500
2001-10-08,1020.0,0.0,8.6,01646500
2001-10-09,921.0,0.0,10.2,01646500
2001-10-10,937.0,0.0,12.7,01646500
2001-10-11,920.0,0.0,16.8,01646500
2001-10-12,1050.0,0.0,17.8,01646500
2001-10-13,1340.0,0.5,19.5,01646500
2001-10-14,1270.0,0.0,19.2,01646500
2001-10-15,1560.0,15.1,16.9,01646500
2001-10-16,1470.0,2.4,14.9,01646500
2001-10-17,1540.0,0.7,10.5,01646500
2001-10-18,1430.0,0.0,9.1,01646500
2001-10-19,1330.0,0.0,10.7,01646500
2001-10-20,1410.0,0.0,14.2,01646500
2001-10-21,1230.0,0.0,16.3,01646500
2001-10-22,1160.0,0.0,18.5,01646500
2001-10-23,1240.0,0.2,18.7,01646500
2001-10-24,1130.0,0.0,21.1,01646500
2001-10-25,1140.0,0.0,20.7,01646500
2001-10-26,1030.0,0.0,12.6,01646500
2001-10-27,1070.0,0.0,7.6,01646500
2001-10-28,945.0,0.0,7.0,01646500
2001-10-29,891.0,0.0,7.0,01646500
2001-10-30,930.0,0.0,10.7,01646500
2001-10-31,911.0,0.0,11.4,01646500
2001-11-01,872.0,0.0,14.0,01646500
2001-11-02,910.0,0.0,17.9,01646500
2001-11-03,952.0,0.8,18.4,01646500
2001-11-04,927.0,0.0,13.2,01646500
2001-11-05,881.0,0.0,11.4,01646500
2001-11-06,877.0,0.0,8.1,01646500
2001-11-07,909.0,0.0,12.3,01646500
2001-11-08,921.0,0.0,14.0,01646500
2001-11-09,820.0,0.1,12.2,01646500
2001-11-10,849.0,0.0,10.0,01646500
2001-11-11,934.0,0.0,11.1,01646500
2001-11-12,888.0,0.0,5.5,01646500
2001-11-13,893.0,0.0,7.3,01646500
2001-11-14,884.0,0.0,8.5,01646500
2001-11-15,887.0,0.0,11.7,01646500
2001-11-16,864.0,0.0,13.7,01646500
2001-11-17,872.0,0.0,12.8,01646500
2001-11-18,873.0,0.0,9.4,01646500
2001-11-19,900.0,0.0,11.2,01646500
2001-11-20,867.0,1.5,11.2,01646500
2001-11-21,915.0,0.0,5.2,01646500
2001-11-22,883.0,0.0,6.6,01646500
2001-11-23,894.0,0.0,8.8,01646500
2001-11-24,971.0,6.0,10.6,01646500
2001-11-25,1120.0,12.1,16.2,01646500
2001-11-26,2610.0,2.1,14.8,01646500
2001-11-27,2410.0,0.0,11.0,01646500
2001-11-28,2090.0,0.6,14.9,01646500
2001-11-29,1800.0,0.0,15.8,01646500
2001-11-30,1760.0,4.0,18.3,01646500
2001-12-01,1780.0,0.0,17.5,01646500
2001-12-02,1630.0,0.0,11.2,01646500
2001-12-03,1440.0,0.0,8.0,01646500
2001-12-04,1380.0,0.0,10.0,01646500
2001-12-05,1330.0,0.0,13.4,01646500
2001-12-06,1320.0,0.0,15.4,01646500
2001-12-07,1230.0,0.8,14.9,01646500
2001-12-08,1280.0,7.5,9.3,01646500
2001-12-09,1520.0,5.3,8.2,01646500
2001-12-10,1420.0,0.0,5.0,01646500
2001-12-11,1610.0,13.3,7.4,01646500
2001-12-12,1740.0,0.0,8.0,01646500
2001-12-13,1680.0,1.0,10.6,01646500
2001-12-14,1750.0,6.1,13.2,01646500
2001-12-15,1840.0,0.0,11.3,01646500
2001-12-16,1800.0,0.0,4.7,01646500
2001-12-17,1890.0,2.0,7.4,01646500
2001-12-18,1950.0,5.3,11.3,01646500
2001-12-19,1990.0,0.0,6.6,01646500
2001-12-20,2040.0,0.0,5.9,01646500
2001-12-21,1870.0,0.0,3.5,01646500
2001-12-22,1800.0,0.0,1.5,01646500
2001-12-23,1640.0,0.0,3.0,01646500
2001-12-24,1840.0,8.2,6.3,01646500
2001-12-25,1730.0,0.0,1.1,01646500
2001-12-26,1650.0,0.0,0.6,01646500
2001-12-27,1600.0,0.0,-1.2,01646500
2001-12-28,1510.0,0.0,0.6,01646500
2001-12-29,1420.0,0.0,1.5,01646500
2001-12-30,1380.0,0.0,-2.0,01646500
2001-12-31,1200.0,0.0,-2.3,01646500
2002-01-01,945.0,0.0,-2.9,01646500
2002-01-02,943.0,0.0,-2.3,01646500
2002-01-03,919.0,0.0,-1.1,01646500
2002-01-04,1060.0,0.0,-0.4,01646500
2002-01-05,1010.0,0.0,0.5,01646500
2002-01-06,1240.0,16.6,-0.3,01646500
2002-01-07,1520.0,3.4,1.5,01646500
2002-01-08,1480.0,0.0,-1.3,01646500
2002-01-09,1370.0,0.2,1.3,01646500
2002-01-10,1430.0,0.0,6.3,01646500
2002-01-11,1470.0,7.3,6.7,01646500
2002-01-12,1640.0,0.0,3.6,01646500
2002-01-13,1800.0,0.0,5.2,01646500
2002-01-14,1750.0,0.0,3.6,01646500
2002-01-15,1870.0,0.6,6.2,01646500
2002-01-16,1970.0,0.0,3.2,01646500
2002-01-17,2020.0,0.1,4.9,01646500
2002-01-18,1900.0,0.0,3.5,01646500
2002-01-19,1770.0,10.2,0.2,01646500
2002-01-20,1720.0,4.8,-0.1,01646500
2002-01-21,1700.0,0.0,0.2,01646500
2002-01-22,1600.0,0.0,2.7,01646500
2002-01-23,1570.0,0.5,6.3,01646500
2002-01-24,1660.0,3.1,9.5,01646500
2002-01-25,1820.0,2.2,7.6,01646500
2002-01-26,1940.0,0.0,4.2,01646500
2002-01-27,2290.0,0.0,6.1,01646500
2002-01-28,2510.0,0.0,9.6,01646500
2002-01-29,2710.0,0.0,13.0,01646500
2002-01-30,3130.0,0.0,16.9,01646500
2002-01-31,2780.0,0.0,11.1,01646500
2002-02-01,2670.0,2.6,15.2,01646500
2002-02-02,2470.0,0.0,4.6,01646500
2002-02-03,2430.0,0.0,2.6,01646500
2002-02-04,2370.0,0.7,1.7,01646500
2002-02-05,2320.0,0.0,-2.0,01646500
2002-02-06,2280.0,0.0,1.0,01646500
2002-02-07,2230.0,5.7,3.1,01646500
2002-02-08,2140.0,0.0,4.6,01646500
2002-02-09,2060.0,0.0,5.1,01646500
2002-02-10,1980.0,2.0,6.2,01646500
2002-02-11,1910.0,2.1,6.3,01646500
2002-02-12,1890.0,0.0,2.2,01646500
2002-02-13,1880.0,0.0,3.3,01646500
2002-02-14,1810.0,0.0,1.1,01646500
2002-02-15,1760.0,0.0,3.2,01646500
2002-02-16,1760.0,0.0,8.1,01646500
2002-02-17,1690.0,0.0,5.3,01646500
2002-02-18,1740.0,0.0,2.4,01646500
2002-02-19,1680.0,0.0,4.3,01646500
2002-02-20,1680.0,0.0,10.0,01646500
2002-02-21,1650.0,0.3,13.3,01646500
2002-02-22,1580.0,0.0,7.7,01646500
2002-02-23,1540.0,0.0,4.6,01646500
2002-02-24,1570.0,0.0,3.6,01646500
2002-02-25,1410.0,0.0,5.7,01646500
2002-02-26,1430.0,0.0,10.7,01646500
2002-02-27,1450.0,0.0,4.6,01646500
2002-02-28,1330.0,0.0,0.4,01646500
2002-03-01,1360.0,0.0,1.8,01646500
2002-03-02,1400.0,2.7,3.5,01646500
2002-03-03,2210.0,13.3,11.3,01646500
2002-03-04,2310.0,0.0,1.4,01646500
2002-03-05,2370.0,0.0,-1.0,01646500
2002-03-06,2420.0,0.0,4.9,01646500
2002-03-07,2460.0,0.0,10.5,01646500
2002-03-08,2590.0,0.0,11.4,01646500
2002-03-09,2770.0,2.7,14.2,01646500
2002-03-10,2810.0,6.1,9.3,01646500
2002-03-11,2400.0,0.0,2.8,01646500
2002-03-12,2290.0,0.3,5.9,01646500
2002-03-13,2490.0,8.8,8.7,01646500
2002-03-14,2500.0,0.0,12.7,01646500
2002-03-15,2380.0,0.0,15.4,01646500
2002-03-16,2280.0,1.7,17.8,01646500
2002-03-17,2280.0,4.9,6.7,01646500
2002-03-18,2470.0,8.3,6.2,01646500
2002-03-19,2560.0,0.0,8.2,01646500
2002-03-20,3830.0,16.6,7.4,01646500
2002-03-21,8000.0,0.0,9.1,01646500
2002-03-22,23200.0,0.0,1.6,01646500
2002-03-23,25600.0,0.0,2.2,01646500
2002-03-24,16400.0,0.0,6.8,01646500
2002-03-25,12000.0,0.2,8.8,01646500
2002-03-26,9800.0,1.0,8.7,01646500
2002-03-27,9610.0,26.5,10.1,01646500
2002-03-28,10300.0,0.0,6.4,01646500
2002-03-29,10200.0,0.0,10.1,01646500
2002-03-30,10200.0,0.4,16.1,01646500
2002-03-31,9480.0,4.9,11.8,01646500
2002-04-01,8790.0,3.2,10.0,01646500
2002-04-02,7950.0,0.0,11.2,01646500
2002-04-03,9070.0,0.6,16.4,01646500
2002-04-04,11000.0,0.0,6.9,01646500
2002-04-05,10600.0,0.0,5.9,01646500
2002-04-06,9240.0,0.0,4.8,01646500
2002-04-07,7470.0,0.0,4.9,01646500
2002-04-08,6280.0,0.0,10.5,01646500
2002-04-09,5880.0,3.8,17.3,01646500
2002-04-10,5720.0,0.6,14.7,01646500
2002-04-11,5030.0,0.0,12.6,01646500
2002-04-12,4740.0,0.0,12.6,01646500
2002-04-13,4640.0,0.8,17.7,01646500
2002-04-14,4170.0,1.0,19.5,01646500
2002-04-15,4120.0,0.0,22.2,01646500
2002-04-16,4810.0,0.0,24.1,01646500
2002-04-17,10400.0,0.0,25.0,01646500
2002-04-18,10600.0,0.4,26.0,01646500
2002-04-19,10200.0,1.5,24.5,01646500
2002-04-20,8620.0,3.2,22.8,01646500
2002-04-21,7560.0,5.5,13.9,01646500
2002-04-22,7880.0,9.6,12.2,01646500
2002-04-23,11000.0,0.0,9.8,01646500
2002-04-24,48500.0,0.0,10.2,01646500
2002-04-25,35400.0,3.9,12.4,01646500
2002-04-26,23500.0,0.0,11.8,01646500
2002-04-27,17700.0,0.0,12.3,01646500
2002-04-28,17400.0,30.1,17.2,01646500
2002-04-29,16200.0,3.4,14.3,01646500
2002-04-30,30800.0,0.0,12.9,01646500
2002-05-01,38300.0,0.0,16.1,01646500
2002-05-02,29300.0,3.6,20.3,01646500
2002-05-03,22900.0,11.2,16.5,01646500
2002-05-04,23700.0,0.0,12.1,01646500
2002-05-05,20600.0,0.2,13.9,01646500
2002-05-06,15200.0,0.0,16.6,01646500
2002-05-07,13000.0,0.6,21.0,01646500
2002-05-08,11100.0,1.5,20.4,01646500
2002-05-09,9930.0,0.5,17.6,01646500
2002-05-10,10800.0,0.0,20.7,01646500
2002-05-11,15700.0,0.0,17.0,01646500
2002-05-12,16200.0,3.6,19.8,01646500
2002-05-13,14000.0,6.5,23.1,01646500
2002-05-14,12100.0,31.9,14.9,01646500
2002-05-15,11200.0,0.0,15.0,01646500
2002-05-16,10700.0,0.0,17.8,01646500
2002-05-17,9460.0,0.8,21.3,01646500
2002-05-18,8870.0,12.0,15.4,01646500
2002-05-19,9000.0,0.0,11.4,01646500
2002-05-20,22800.0,0.0,10.4,01646500
2002-05-21,21600.0,0.0,9.6,01646500
2002-05-22,15400.0,0.0,11.6,01646500
2002-05-23,12500.0,0.0,15.1,01646500
2002-05-24,10900.0,0.0,19.6,01646500
2002-05-25,9180.0,0.0,21.2,01646500
2002-05-26,7920.0,4.3,21.3,01646500
2002-05-27,11500.0,3.6,21.7,01646500
2002-05-28,11500.0,0.8,22.3,01646500
2002-05-29,11700.0,0.1,21.8,01646500
2002-05-30,11200.0,0.0,22.5,01646500
2002-05-31,9770.0,0.0,24.8,01646500
2002-06-01,8630.0,1.1,26.3,01646500
2002-06-02,6930.0,0.0,24.8,01646500
2002-06-03,5740.0,0.0,21.7,01646500
2002-06-04,5100.0,0.1,23.2,01646500
2002-06-05,4680.0,0.3,26.9,01646500
2002-06-06,4250.0,18.5,26.0,01646500
2002-06-07,3950.0,2.5,19.7,01646500
2002-06-08,4140.0,0.0,19.1,01646500
2002-06-09,4220.0,0.0,21.2,01646500
2002-06-10,4160.0,0.0,25.4,01646500
2002-06-11,3610.0,0.0,27.1,01646500
2002-06-12,3170.0,1.2,27.2,01646500
2002-06-13,2940.0,9.9,24.6,01646500
2002-06-14,3350.0,25.8,19.1,01646500
2002-06-15,4990.0,10.8,20.6,01646500
2002-06-16,5590.0,0.0,21.0,01646500
2002-06-17,4800.0,0.0,21.3,01646500
2002-06-18,4840.0,0.1,21.3,01646500
2002-06-19,4530.0,2.3,22.3,01646500
2002-06-20,3700.0,0.0,22.9,01646500
2002-06-21,3000.0,0.0,22.9,01646500
2002-06-22,2530.0,0.0,23.5,01646500
2002-06-23,2170.0,0.0,24.6,01646500
2002-06-24,1840.0,0.0,27.7,01646500
2002-06-25,1660.0,0.8,28.8,01646500
2002-06-26,1590.0,0.7,29.1,01646500
2002-06-27,1540.0,8.9,28.2,01646500
2002-06-28,1490.0,7.4,24.2,01646500
2002-06-29,1550.0,0.0,25.1,01646500
2002-06-30,1430.0,0.0,25.8,01646500
2002-07-01,1360.0,0.0,26.3,01646500
2002-07-02,1390.0,0.0,28.4,01646500
2002-07-03,1250.0,0.0,30.0,01646500
2002-07-04,1110.0,0.0,30.9,01646500
2002-07-05,911.0,0.0,29.9,01646500
2002-07-06,809.0,0.0,25.6,01646500
2002-07-07,758.0,0.0,25.7,01646500
2002-07-08,549.0,0.0,27.7,01646500
2002-07-09,386.0,3.4,29.4,01646500
2002-07-10,480.0,1.8,25.6,01646500
2002-07-11,580.0,0.0,23.5,01646500
2002-07-12,455.0,0.0,22.5,01646500
2002-07-13,399.0,0.0,23.1,01646500
2002-07-14,1340.0,18.7,22.2,01646500
2002-07-15,1730.0,0.0,24.3,01646500
2002-07-16,1340.0,0.0,27.5,01646500
2002-07-17,1310.0,0.0,27.8,01646500
2002-07-18,1560.0,0.0,29.1,01646500
2002-07-19,2030.0,4.8,27.9,01646500
2002-07-20,1660.0,0.2,26.9,01646500
2002-07-21,1360.0,0.1,27.4,01646500
2002-07-22,1150.0,0.1,28.0,01646500
2002-07-23,1220.0,8.3,29.5,01646500
2002-07-24,2000.0,9.2,25.3,01646500
2002-07-25,1640.0,0.3,23.8,01646500
2002-07-26,1310.0,3.3,22.1,01646500
2002-07-27,1790.0,2.6,24.7,01646500
2002-07-28,1960.0,0.3,28.1,01646500
2002-07-29,2010.0,0.2,30.0,01646500
2002-07-30,2880.0,0.0,29.6,01646500
2002-07-31,5920.0,0.0,29.3,01646500
2002-08-01,4160.0,0.8,30.0,01646500
2002-08-02,3140.0,3.5,29.7,01646500
2002-08-03,2340.0,6.6,29.4,01646500
2002-08-04,1840.0,0.0,28.8,01646500
2002-08-05,1600.0,2.4,29.8,01646500
2002-08-06,1490.0,1.4,26.0,01646500
2002-08-07,1320.0,0.0,22.2,01646500
2002-08-08,1240.0,0.0,21.9,01646500
2002-08-09,1220.0,0.0,23.4,01646500
2002-08-10,1200.0,0.0,24.8,01646500
2002-08-11,1190.0,0.0,26.7,01646500
2002-08-12,924.0,0.0,28.9,01646500
2002-08-13,675.0,0.0,30.0,01646500
2002-08-14,448.0,0.1,30.6,01646500
2002-08-15,438.0,0.0,29.6,01646500
2002-08-16,378.0,2.0,29.2,01646500
2002-08-17,488.0,0.0,29.5,01646500
2002-08-18,372.0,0.7,29.7,01646500
2002-08-19,265.0,0.0,30.0,01646500
2002-08-20,258.0,0.1,29.3,01646500
2002-08-21,394.0,0.2,27.3,01646500
2002-08-22,330.0,0.0,28.0,01646500
2002-08-23,312.0,0.0,29.1,01646500
2002-08-24,358.0,4.7,28.3,01646500
2002-08-25,620.0,0.4,26.3,01646500
2002-08-26,408.0,0.3,25.4,01646500
2002-08-27,633.0,0.5,25.2,01646500
2002-08-28,1630.0,31.9,21.9,01646500
2002-08-29,2550.0,32.4,17.7,01646500
2002-08-30,1730.0,0.0,20.4,01646500
2002-08-31,1470.0,0.0,20.6,01646500
2002-09-01,1940.0,20.2,18.4,01646500
2002-09-02,1740.0,0.0,20.3,01646500
2002-09-03,1250.0,0.0,22.7,01646500
2002-09-04,1070.0,0.7,25.9,01646500
2002-09-05,944.0,0.0,23.6,01646500
2002-09-06,843.0,0.0,21.5,01646500
2002-09-07,788.0,0.0,21.2,01646500
2002-09-08,711.0,0.0,21.7,01646500
2002-09-09,421.0,0.0,22.2,01646500
2002-09-10,574.0,0.3,23.9,01646500
2002-09-11,569.0,0.0,23.8,01646500
2002-09-12,453.0,0.0,20.3,01646500
2002-09-13,319.0,0.0,20.5,01646500
2002-09-14,398.0,3.7,22.7,01646500
2002-09-15,435.0,7.7,22.3,01646500
2002-09-16,373.0,4.3,23.6,01646500
2002-09-17,303.0,0.0,23.0,01646500
2002-09-18,394.0,0.0,22.5,01646500
2002-09-19,366.0,0.0,22.4,01646500
2002-09-20,409.0,0.0,23.4,01646500
2002-09-21,344.0,0.0,24.7,01646500
2002-09-22,351.0,0.0,24.9,01646500
2002-09-23,404.0,3.3,21.7,01646500
2002-09-24,566.0,0.0,19.2,01646500
2002-09-25,745.0,0.0,19.2,01646500
2002-09-26,1220.0,22.7,18.6,01646500
2002-09-27,2630.0,11.7,20.4,01646500
2002-09-28,2880.0,1.8,22.3,01646500
2002-09-29,3230.0,0.0,18.5,01646500
2002-09-30,4340.0,0.1,19.0,01646500
2002-10-01,5410.0,0.0,20.8,01646500
2002-10-02,4770.0,0.0,23.2,01646500
2002-10-03,3670.0,0.0,23.9,01646500
2002-10-04,2870.0,0.0,24.0,01646500
2002-10-05,2360.0,0.8,25.5,01646500
2002-10-06,1910.0,0.0,19.1,01646500
2002-10-07,1570.0,0.0,21.1,01646500
2002-10-08,1370.0,0.0,15.1,01646500
2002-10-09,1330.0,2.2,14.5,01646500
2002-10-10,1370.0,9.7,16.2,01646500
2002-10-11,1850.0,36.1,18.6,01646500
2002-10-12,2240.0,0.0,18.9,01646500
2002-10-13,2230.0,1.0,18.1,01646500
2002-10-14,3350.0,0.0,13.5,01646500
2002-10-15,3690.0,0.0,11.1,01646500
2002-10-16,4970.0,26.1,13.2,01646500
2002-10-17,5740.0,1.9,11.7,01646500
2002-10-18,9300.0,0.0,9.7,01646500
2002-10-19,11200.0,0.0,12.3,01646500
2002-10-20,10700.0,2.3,13.8,01646500
2002-10-21,8160.0,0.0,11.7,01646500
2002-10-22,6150.0,0.0,10.3,01646500
2002-10-23,5100.0,0.0,11.5,01646500
2002-10-24,4190.0,0.1,9.7,01646500
2002-10-25,3650.0,1.6,9.0,01646500
2002-10-26,4050.0,13.4,14.0,01646500
2002-10-27,3720.0,0.0,12.8,01646500
2002-10-28,4530.0,1.4,11.2,01646500
2002-10-29,5270.0,8.8,8.2,01646500
2002-10-30,6630.0,18.6,4.6,01646500
2002-10-31,8290.0,2.1,5.2,01646500
2002-11-01,16700.0,0.0,5.9,01646500
2002-11-02,19600.0,0.0,5.5,01646500
2002-11-03,14500.0,0.0,5.0,01646500
2002-11-04,11000.0,0.1,7.6,01646500
2002-11-05,8950.0,1.6,7.4,01646500
2002-11-06,9090.0,15.7,8.9,01646500
2002-11-07,8260.0,0.0,7.6,01646500
2002-11-08,9320.0,0.0,7.8,01646500
2002-11-09,11200.0,0.0,12.0,01646500
2002-11-10,10500.0,0.0,16.8,01646500
2002-11-11,10100.0,4.3,20.0,01646500
2002-11-12,9990.0,21.3,12.5,01646500
2002-11-13,10500.0,0.2,9.5,01646500
2002-11-14,13900.0,0.0,8.3,01646500
2002-11-15,20500.0,0.0,10.5,01646500
2002-11-16,21200.0,17.0,10.0,01646500
2002-11-17,21800.0,19.6,7.4,01646500
2002-11-18,24800.0,4.6,5.7,01646500
2002-11-19,28500.0,0.0,5.6,01646500
2002-11-20,27600.0,0.0,7.2,01646500
2002-11-21,22400.0,1.7,7.6,01646500
2002-11-22,19200.0,2.1,9.1,01646500
2002-11-23,18800.0,0.0,4.9,01646500
2002-11-24,17300.0,0.0,5.4,01646500
2002-11-25,15300.0,0.0,8.4,01646500
2002-11-26,13600.0,0.0,6.4,01646500
2002-11-27,12000.0,1.7,4.0,01646500
2002-11-28,10600.0,0.0,0.4,01646500
2002-11-29,9460.0,0.0,0.7,01646500
2002-11-30,8990.0,0.4,6.9,01646500
2002-12-01,8060.0,0.0,1.4,01646500
2002-12-02,7270.0,0.0,0.9,01646500
2002-12-03,6900.0,0.0,-0.3,01646500
2002-12-04,6380.0,0.0,-3.2,01646500
2002-12-05,6190.0,20.7,-2.2,01646500
2002-12-06,5820.0,0.0,-3.2,01646500
2002-12-07,5570.0,0.0,-6.9,01646500
2002-12-08,5230.0,0.0,-1.6,01646500
2002-12-09,4850.0,0.0,-3.0,01646500
2002-12-10,4810.0,0.0,-2.1,01646500
2002-12-11,6480.0,26.0,-0.3,01646500
2002-12-12,10300.0,0.0,2.1,01646500
2002-12-13,19400.0,11.1,0.9,01646500
2002-12-14,31000.0,3.8,5.0,01646500
2002-12-15,45500.0,0.0,4.6,01646500
2002-12-16,47600.0,0.1,4.9,01646500
2002-12-17,36800.0,0.0,-0.5,01646500
2002-12-18,27900.0,0.0,-0.5,01646500
2002-12-19,22500.0,0.0,2.8,01646500
2002-12-20,19200.0,12.2,11.7,01646500
2002-12-21,19000.0,0.0,5.2,01646500
2002-12-22,19800.0,0.4,5.6,01646500
2002-12-23,28400.0,0.0,5.5,01646500
2002-12-24,25100.0,4.3,2.0,01646500
2002-12-25,22100.0,18.4,1.5,01646500
2002-12-26,19900.0,0.0,1.3,01646500
2002-12-27,17200.0,0.0,-1.6,01646500
2002-12-28,15200.0,0.0,0.0,01646500
2002-12-29,13200.0,0.0,2.1,01646500
2002-12-30,11900.0,0.0,2.4,01646500
2002-12-31,11400.0,0.3,6.8,01646500
2003-01-01,13300.0,46.3,8.9,01646500
2003-01-02,42300.0,22.4,4.9,01646500
2003-01-03,94200.0,16.1,4.1,01646500
2003-01-04,77600.0,0.0,1.2,01646500
2003-01-05,53400.0,2.6,-0.8,01646500
2003-01-06,40800.0,1.0,-0.1,01646500
2003-01-07,32800.0,0.0,-1.9,01646500
2003-01-08,26900.0,0.1,3.6,01646500
2003-01-09,23800.0,0.0,6.8,01646500
2003-01-10,22400.0,0.0,4.9,01646500
2003-01-11,20700.0,0.0,-0.2,01646500
2003-01-12,18300.0,0.0,-2.4,01646500
2003-01-13,16000.0,0.0,-0.3,01646500
2003-01-14,14300.0,0.0,-0.8,01646500
2003-01-15,12900.0,1.6,-2.1,01646500
2003-01-16,11800.0,0.0,-4.2,01646500
2003-01-17,10500.0,1.2,-3.3,01646500
2003-01-18,8970.0,0.0,-7.5,01646500
2003-01-19,9060.0,0.0,-4.8,01646500
2003-01-20,9120.0,0.0,-0.4,01646500
2003-01-21,9020.0,0.0,-2.5,01646500
2003-01-22,7990.0,0.0,-5.8,01646500
2003-01-23,7880.0,0.0,-8.6,01646500
2003-01-24,5880.0,0.0,-7.2,01646500
2003-01-25,6160.0,0.0,-3.6,01646500
2003-01-26,6470.0,0.2,-1.1,01646500
2003-01-27,6470.0,0.4,-6.7,01646500
2003-01-28,5890.0,0.0,-5.2,01646500
2003-01-29,6370.0,1.1,0.5,01646500
2003-01-30,6330.0,0.4,-0.3,01646500
2003-01-31,6070.0,1.7,0.5,01646500
2003-02-01,6090.0,5.5,1.9,01646500
2003-02-02,6160.0,0.0,3.1,01646500
2003-02-03,6040.0,0.0,2.7,01646500
2003-02-04,5980.0,5.3,6.7,01646500
2003-02-05,6480.0,0.0,0.7,01646500
2003-02-06,6540.0,0.0,-0.6,01646500
2003-02-07,6350.0,11.6,-0.4,01646500
2003-02-08,5990.0,0.0,-5.9,01646500
2003-02-09,5770.0,0.0,-5.8,01646500
2003-02-10,5600.0,1.8,-0.6,01646500
2003-02-11,5440.0,0.9,-0.5,01646500
2003-02-12,5390.0,0.0,-1.2,01646500
2003-02-13,5070.0,0.0,-2.9,01646500
2003-02-14,4640.0,0.0,-0.7,01646500
2003-02-15,4710.0,12.1,0.3,01646500
2003-02-16,4620.0,31.9,-6.5,01646500
2003-02-17,2510.0,22.4,-4.8,01646500
2003-02-18,2260.0,0.8,-1.6,01646500
2003-02-19,3370.0,0.0,-0.7,01646500
2003-02-20,5060.0,0.0,2.3,01646500
2003-02-21,7810.0,5.8,0.3,01646500
2003-02-22,14500.0,16.1,2.1,01646500
2003-02-23,37200.0,7.3,8.2,01646500
2003-02-24,81300.0,0.3,-0.2,01646500
2003-02-25,96100.0,0.0,-1.3,01646500
2003-02-26,60900.0,5.8,-3.7,01646500
2003-02-27,42700.0,3.1,-2.0,01646500
2003-02-28,33000.0,6.0,0.1,01646500
2003-03-01,26600.0,0.0,0.8,01646500
2003-03-02,24200.0,0.5,3.4,01646500
2003-03-03,28900.0,0.0,-2.3,01646500
2003-03-04,34000.0,0.0,-1.1,01646500
2003-03-05,35000.0,0.7,7.5,01646500
2003-03-06,39000.0,4.0,5.5,01646500
2003-03-07,69900.0,0.0,-0.6,01646500
2003-03-08,86100.0,0.0,3.4,01646500
2003-03-09,68900.0,0.0,9.1,01646500
2003-03-10,75600.0,0.0,0.5,01646500
2003-03-11,74400.0,0.4,0.6,01646500
2003-03-12,52700.0,0.0,4.7,01646500
2003-03-13,40900.0,0.6,10.0,01646500
2003-03-14,40200.0,4.3,3.7,01646500
2003-03-15,49600.0,0.0,4.7,01646500
2003-03-16,48400.0,0.3,10.6,01646500
2003-03-17,41500.0,0.7,12.6,01646500
2003-03-18,38500.0,0.0,14.7,01646500
2003-03-19,35700.0,0.0,9.2,01646500
2003-03-20,36300.0,34.0,6.3,01646500
2003-03-21,67100.0,7.5,11.0,01646500
2003-03-22,111000.0,0.0,13.0,01646500
2003-03-23,76000.0,0.0,11.3,01646500
2003-03-24,51900.0,0.0,12.2,01646500
2003-03-25,39600.0,0.0,12.5,01646500
2003-03-26,31700.0,4.7,14.8,01646500
2003-03-27,27100.0,0.0,10.1,01646500
2003-03-28,24500.0,0.3,9.9,01646500
2003-03-29,21500.0,11.8,16.2,01646500
2003-03-30,20800.0,17.3,6.3,01646500
2003-03-31,22400.0,0.6,2.4,01646500
2003-04-01,22400.0,1.8,5.4,01646500
2003-04-02,21800.0,0.0,14.9,01646500
2003-04-03,21400.0,0.0,18.0,01646500
2003-04-04,21200.0,0.0,14.8,01646500
2003-04-05,20800.0,0.9,12.8,01646500
2003-04-06,19800.0,0.0,9.8,01646500
2003-04-07,20300.0,17.1,4.8,01646500
2003-04-08,22200.0,0.0,4.1,01646500
2003-04-09,38200.0,13.7,3.9,01646500
2003-04-10,54400.0,0.0,7.2,01646500
2003-04-11,65900.0,8.6,5.9,01646500
2003-04-12,71000.0,0.0,11.6,01646500
2003-04-13,75000.0,0.0,12.1,01646500
2003-04-14,54400.0,0.0,12.5,01646500
2003-04-15,41000.0,0.0,16.5,01646500
2003-04-16,33100.0,0.0,20.9,01646500
2003-04-17,28100.0,0.0,13.3,01646500
2003-04-18,23600.0,2.8,6.6,01646500
2003-04-19,21700.0,3.7,10.1,01646500
2003-04-20,20500.0,0.0,11.8,01646500
2003-04-21,19300.0,0.3,13.7,01646500
2003-04-22,18700.0,3.9,15.2,01646500
2003-04-23,18400.0,0.0,10.8,01646500
2003-04-24,19000.0,0.0,10.6,01646500
2003-04-25,17500.0,0.9,13.6,01646500
2003-04-26,16200.0,11.7,13.5,01646500
2003-04-27,15300.0,0.0,15.2,01646500
2003-04-28,14600.0,0.0,16.1,01646500
2003-04-29,13900.0,0.9,18.5,01646500
2003-04-30,13100.0,0.0,17.2,01646500
2003-05-01,12400.0,0.0,19.3,01646500
2003-05-02,11700.0,0.6,20.7,01646500
2003-05-03,13500.0,0.0,16.4,01646500
2003-05-04,13600.0,4.0,13.5,01646500
2003-05-05,12500.0,3.1,10.5,01646500
2003-05-06,12300.0,3.8,13.8,01646500
2003-05-07,15700.0,6.1,18.1,01646500
2003-05-08,21200.0,8.3,19.9,01646500
2003-05-09,20900.0,5.1,17.1,01646500
2003-05-10,26600.0,1.9,17.5,01646500
2003-05-11,43200.0,0.1,21.6,01646500
2003-05-12,76200.0,0.2,18.9,01646500
2003-05-13,64400.0,0.0,14.7,01646500
2003-05-14,40600.0,0.0,14.8,01646500
2003-05-15,29500.0,0.9,16.8,01646500
2003-05-16,51000.0,23.0,14.7,01646500
2003-05-17,79400.0,1.1,11.2,01646500
2003-05-18,64600.0,8.0,10.5,01646500
2003-05-19,47500.0,0.0,13.2,01646500
2003-05-20,44700.0,0.0,16.2,01646500
2003-05-21,45000.0,13.8,15.2,01646500
2003-05-22,38000.0,1.0,14.0,01646500
2003-05-23,30900.0,2.9,12.8,01646500
2003-05-24,27900.0,2.4,14.9,01646500
2003-05-25,35600.0,5.7,15.9,01646500
2003-05-26,32900.0,43.2,16.9,01646500
2003-05-27,29000.0,2.1,16.0,01646500
2003-05-28,26300.0,2.0,15.3,01646500
2003-05-29,26100.0,6.6,16.4,01646500
2003-05-30,24800.0,0.2,17.9,01646500
2003-05-31,22100.0,11.8,18.7,01646500
2003-06-01,25700.0,3.4,16.0,01646500
2003-06-02,24600.0,0.0,15.6,01646500
2003-06-03,24200.0,6.4,15.9,01646500
2003-06-04,37100.0,6.1,15.9,01646500
2003-06-05,80700.0,2.1,17.5,01646500
2003-06-06,60200.0,0.0,18.5,01646500
2003-06-07,51400.0,24.5,18.1,01646500
2003-06-08,65800.0,0.0,18.4,01646500
2003-06-09,65900.0,3.3,20.9,01646500
2003-06-10,53100.0,0.0,21.2,01646500
2003-06-11,46500.0,1.3,23.6,01646500
2003-06-12,41100.0,5.7,24.4,01646500
2003-06-13,41500.0,10.9,24.4,01646500
2003-06-14,47200.0,6.8,24.2,01646500
2003-06-15,49400.0,1.2,23.2,01646500
2003-06-16,41500.0,0.1,21.0,01646500
2003-06-17,33300.0,5.4,17.1,01646500
2003-06-18,32000.0,9.7,18.8,01646500
2003-06-19,41900.0,15.0,21.4,01646500
2003-06-20,47500.0,7.0,19.0,01646500
2003-06-21,48800.0,0.9,17.7,01646500
2003-06-22,64900.0,2.0,19.0,01646500
2003-06-23,59700.0,0.0,22.9,01646500
2003-06-24,40500.0,0.0,25.0,01646500
2003-06-25,30000.0,0.0,25.7,01646500
2003-06-26,23700.0,0.0,27.0,01646500
2003-06-27,19500.0,3.0,26.1,01646500
2003-06-28,16500.0,0.0,22.7,01646500
2003-06-29,14400.0,0.0,24.2,01646500
2003-06-30,12800.0,2.0,25.9,01646500
2003-07-01,13800.0,0.1,24.4,01646500
2003-07-02,11300.0,12.0,22.2,01646500
2003-07-03,11600.0,7.0,20.6,01646500
2003-07-04,11900.0,0.0,24.4,01646500
2003-07-05,13800.0,3.1,26.7,01646500
2003-07-06,13600.0,0.2,26.9,01646500
2003-07-07,13400.0,6.0,26.4,01646500
2003-07-08,13000.0,0.0,27.4,01646500
2003-07-09,11400.0,20.5,27.4,01646500
2003-07-10,13200.0,14.3,23.4,01646500
2003-07-11,17500.0,3.7,25.6,01646500
2003-07-12,17600.0,0.0,24.2,01646500
2003-07-13,16300.0,0.0,23.5,01646500
2003-07-14,13800.0,0.7,22.9,01646500
2003-07-15,11700.0,0.0,23.2,01646500
2003-07-16,10200.0,0.0,25.8,01646500
2003-07-17,9300.0,0.0,24.4,01646500
2003-07-18,8860.0,0.0,24.0,01646500
2003-07-19,7880.0,0.0,23.8,01646500
2003-07-20,7140.0,0.2,24.1,01646500
2003-07-21,6470.0,0.3,26.1,01646500
2003-07-22,6450.0,3.4,27.1,01646500
2003-07-23,8430.0,4.0,23.8,01646500
2003-07-24,8260.0,0.4,23.6,01646500
2003-07-25,7630.0,0.0,23.8,01646500
2003-07-26,6240.0,0.0,25.0,01646500
2003-07-27,5790.0,0.0,27.3,01646500
2003-07-28,5450.0,14.5,25.9,01646500
2003-07-29,5580.0,1.6,23.0,01646500
2003-07-30,5400.0,0.0,22.2,01646500
2003-07-31,5150.0,1.1,22.6,01646500
2003-08-01,5250.0,6.2,24.1,01646500
2003-08-02,6260.0,10.3,24.6,01646500
2003-08-03,5580.0,9.2,24.5,01646500
2003-08-04,5500.0,7.4,24.5,01646500
2003-08-05,5790.0,11.5,23.7,01646500
2003-08-06,5970.0,0.5,23.5,01646500
2003-08-07,6090.0,0.2,23.9,01646500
2003-08-08,6540.0,0.0,23.9,01646500
2003-08-09,6690.0,7.7,23.6,01646500
2003-08-10,6630.0,9.0,23.7,01646500
2003-08-11,7080.0,11.6,23.9,01646500
2003-08-12,8320.0,0.8,24.2,01646500
2003-08-13,13100.0,5.5,25.2,01646500
2003-08-14,14000.0,0.1,26.1,01646500
2003-08-15,11700.0,0.0,27.3,01646500
2003-08-16,10100.0,6.8,26.1,01646500
2003-08-17,12300.0,6.6,24.0,01646500
2003-08-18,10800.0,1.3,23.4,01646500
2003-08-19,9180.0,0.3,23.3,01646500
2003-08-20,7530.0,0.1,24.2,01646500
2003-08-21,6770.0,0.0,25.6,01646500
2003-08-22,5870.0,0.0,27.3,01646500
2003-08-23,5200.0,0.0,25.9,01646500
2003-08-24,4890.0,0.0,22.1,01646500
2003-08-25,4400.0,0.0,23.3,01646500
2003-08-26,4410.0,0.2,26.5,01646500
2003-08-27,6130.0,0.2,26.8,01646500
2003-08-28,5240.0,1.5,25.7,01646500
2003-08-29,4790.0,4.3,26.6,01646500
2003-08-30,4870.0,3.7,26.2,01646500
2003-08-31,4710.0,0.0,21.7,01646500
2003-09-01,4220.0,1.4,24.5,01646500
2003-09-02,4410.0,9.6,25.6,01646500
2003-09-03,6280.0,10.7,23.0,01646500
2003-09-04,14500.0,16.2,23.2,01646500
2003-09-05,35000.0,3.1,21.0,01646500
2003-09-06,21300.0,0.0,19.7,01646500
2003-09-07,18100.0,0.0,20.0,01646500
2003-09-08,12700.0,0.0,20.9,01646500
2003-09-09,9850.0,0.0,20.9,01646500
2003-09-10,8300.0,0.0,18.8,01646500
2003-09-11,7470.0,0.0,19.1,01646500
2003-09-12,6220.0,16.6,18.2,01646500
2003-09-13,6780.0,20.7,20.7,01646500
2003-09-14,6810.0,1.4,22.4,01646500
2003-09-15,6520.0,0.9,22.5,01646500
2003-09-16,6730.0,9.5,20.9,01646500
2003-09-17,7030.0,0.0,19.2,01646500
2003-09-18,7760.0,15.1,19.4,01646500
2003-09-19,19700.0,30.9,21.7,01646500
2003-09-20,102000.0,0.0,21.7,01646500
2003-09-21,150000.0,0.0,21.6,01646500
2003-09-22,67700.0,0.9,21.5,01646500
2003-09-23,104000.0,40.0,21.3,01646500
2003-09-24,115000.0,0.0,18.3,01646500
2003-09-25,68900.0,0.0,19.9,01646500
2003-09-26,40400.0,0.7,21.4,01646500
2003-09-27,29900.0,0.0,21.6,01646500
2003-09-28,24200.0,4.1,19.4,01646500
2003-09-29,29100.0,0.1,15.2,01646500
2003-09-30,29600.0,0.0,12.8,01646500
2003-10-01,21800.0,0.2,12.9,01646500
2003-10-02,17700.0,0.0,11.6,01646500
2003-10-03,14800.0,0.0,8.7,01646500
2003-10-04,13100.0,3.7,12.1,01646500
2003-10-05,12000.0,0.0,12.8,01646500
2003-10-06,11100.0,0.0,13.8,01646500
2003-10-07,10300.0,0.1,15.3,01646500
2003-10-08,9890.0,0.0,17.0,01646500
2003-10-09,9150.0,0.0,18.7,01646500
2003-10-10,8170.0,0.0,17.2,01646500
2003-10-11,7680.0,0.0,17.3,01646500
2003-10-12,7190.0,0.0,19.1,01646500
2003-10-13,6900.0,0.0,18.0,01646500
2003-10-14,6640.0,2.3,15.8,01646500
2003-10-15,11200.0,15.4,14.9,01646500
2003-10-16,12800.0,0.0,13.0,01646500
2003-10-17,11200.0,0.6,12.7,01646500
2003-10-18,11200.0,0.6,11.3,01646500
2003-10-19,10400.0,0.0,12.0,01646500
2003-10-20,9470.0,0.0,12.1,01646500
2003-10-21,8850.0,0.0,17.3,01646500
2003-10-22,8450.0,2.0,13.7,01646500
2003-10-23,7910.0,0.0,7.5,01646500
2003-10-24,7430.0,0.0,6.7,01646500
2003-10-25,7080.0,0.0,9.5,01646500
2003-10-26,6970.0,0.0,16.2,01646500
2003-10-27,11800.0,32.5,15.5,01646500
2003-10-28,16500.0,0.2,9.2,01646500
2003-10-29,21400.0,29.9,10.4,01646500
2003-10-30,25900.0,0.0,10.9,01646500
2003-10-31,18400.0,0.0,13.4,01646500
2003-11-01,14800.0,0.0,16.3,01646500
2003-11-02,12700.0,0.0,18.7,01646500
2003-11-03,11300.0,0.0,18.8,01646500
2003-11-04,10400.0,0.0,18.6,01646500
2003-11-05,10600.0,0.2,20.7,01646500
2003-11-06,15100.0,19.2,19.4,01646500
2003-11-07,12000.0,5.9,14.5,01646500
2003-11-08,11100.0,0.0,8.4,01646500
2003-11-09,11600.0,0.0,3.8,01646500
2003-11-10,11800.0,0.0,4.7,01646500
2003-11-11,10700.0,0.0,7.3,01646500
2003-11-12,10700.0,14.8,12.0,01646500
2003-11-13,13400.0,6.4,11.1,01646500
2003-11-14,25800.0,0.0,4.6,01646500
2003-11-15,28600.0,0.0,7.2,01646500
2003-11-16,25700.0,0.3,7.9,01646500
2003-11-17,20800.0,0.5,10.3,01646500
2003-11-18,17800.0,0.0,9.2,01646500
2003-11-19,19900.0,26.5,16.3,01646500
2003-11-20,41300.0,6.6,11.3,01646500
2003-11-21,80200.0,0.0,10.1,01646500
2003-11-22,71000.0,0.0,11.3,01646500
2003-11-23,43300.0,0.0,10.7,01646500
2003-11-24,32400.0,1.6,12.2,01646500
2003-11-25,29000.0,7.4,4.5,01646500
2003-11-26,25800.0,0.0,4.3,01646500
2003-11-27,22900.0,0.0,7.6,01646500
2003-11-28,20400.0,9.5,13.2,01646500
2003-11-29,24500.0,3.5,4.9,01646500
2003-11-30,24500.0,0.0,4.7,01646500
2003-12-01,22000.0,0.0,6.7,01646500
2003-12-02,20000.0,0.0,3.1,01646500
2003-12-03,17800.0,0.0,0.1,01646500
2003-12-04,15900.0,0.0,0.4,01646500
2003-12-05,15300.0,28.0,1.1,01646500
2003-12-06,15400.0,10.8,-0.7,01646500
2003-12-07,14600.0,0.0,-2.8,01646500
2003-12-08,13900.0,0.0,-2.6,01646500
2003-12-09,13100.0,0.0,0.8,01646500
2003-12-10,12700.0,5.0,3.3,01646500
2003-12-11,61800.0,28.0,9.8,01646500
2003-12-12,134000.0,0.0,2.7,01646500
2003-12-13,108000.0,0.0,-0.8,01646500
2003-12-14,58300.0,26.5,1.1,01646500
2003-12-15,45600.0,0.0,1.6,01646500
2003-12-16,38400.0,0.0,1.9,01646500
2003-12-17,34800.0,14.8,6.5,01646500
2003-12-18,33700.0,0.0,-0.1,01646500
2003-12-19,30500.0,0.1,-0.5,01646500
2003-12-20,28800.0,0.0,-0.4,01646500
2003-12-21,25100.0,0.0,-0.1,01646500
2003-12-22,21900.0,0.0,4.1,01646500
2003-12-23,19900.0,0.0,8.2,01646500
2003-12-24,20500.0,5.5,10.4,01646500
2003-12-25,31300.0,0.0,2.4,01646500
2003-12-26,45900.0,0.0,1.3,01646500
2003-12-27,39200.0,0.0,3.9,01646500
2003-12-28,31100.0,0.0,2.8,01646500
2003-12-29,26400.0,0.0,4.5,01646500
2003-12-30,23600.0,1.4,8.9,01646500
2003-12-31,21200.0,0.0,3.7,01646500
2004-01-01,19200.0,0.0,5.2,01646500
2004-01-02,17900.0,5.3,6.3,01646500
2004-01-03,16700.0,0.0,10.6,01646500
2004-01-04,15800.0,1.4,15.0,01646500
2004-01-05,15700.0,3.5,11.2,01646500
2004-01-06,17500.0,0.0,3.8,01646500
2004-01-07,19600.0,0.0,-3.6,01646500
2004-01-08,19100.0,0.0,-2.4,01646500
2004-01-09,17100.0,0.1,-1.1,01646500
2004-01-10,15500.0,0.0,-7.9,01646500
2004-01-11,13800.0,0.0,-6.3,01646500
2004-01-12,12300.0,0.0,1.5,01646500
2004-01-13,12200.0,0.0,3.4,01646500
2004-01-14,12100.0,0.0,-0.8,01646500
2004-01-15,11600.0,0.0,-1.2,01646500
2004-01-16,10900.0,0.0,-6.1,01646500
2004-01-17,9330.0,0.4,-3.1,01646500
2004-01-18,9150.0,12.4,1.5,01646500
2004-01-19,8960.0,0.0,-2.8,01646500
2004-01-20,8410.0,0.0,-4.4,01646500
2004-01-21,8230.0,0.0,-4.8,01646500
2004-01-22,7280.0,0.0,-0.7,01646500
2004-01-23,7280.0,0.0,-5.7,01646500
2004-01-24,6950.0,0.5,-4.1,01646500
2004-01-25,6550.0,0.0,-7.6,01646500
2004-01-26,5450.0,12.6,-6.7,01646500
2004-01-27,4590.0,8.3,-3.3,01646500
2004-01-28,5390.0,1.7,-3.9,01646500
2004-01-29,6180.0,0.0,-6.3,01646500
2004-01-30,6980.0,0.1,-5.3,01646500
2004-01-31,6950.0,0.0,-10.1,01646500
2004-02-01,6560.0,0.0,-9.2,01646500
2004-02-02,6950.0,0.0,-5.6,01646500
2004-02-03,7190.0,12.9,0.3,01646500
2004-02-04,8960.0,0.0,1.5,01646500
2004-02-05,10100.0,0.0,-2.0,01646500
2004-02-06,12700.0,34.4,0.8,01646500
2004-02-07,44400.0,3.6,2.8,01646500
2004-02-08,64800.0,0.0,-2.2,01646500
2004-02-09,59300.0,0.0,-1.6,01646500
2004-02-10,40000.0,0.6,4.0,01646500
2004-02-11,33800.0,0.0,1.9,01646500
2004-02-12,30600.0,0.0,1.1,01646500
2004-02-13,29100.0,0.0,2.3,01646500
2004-02-14,26000.0,0.0,2.5,01646500
2004-02-15,23700.0,0.0,0.6,01646500
2004-02-16,22100.0,0.0,-2.8,01646500
2004-02-17,19600.0,0.0,-1.2,01646500
2004-02-18,17400.0,0.0,0.8,01646500
2004-02-19,16000.0,0.0,4.5,01646500
2004-02-20,15500.0,0.0,5.4,01646500
2004-02-21,17600.0,0.0,9.0,01646500
2004-02-22,24300.0,0.0,4.2,01646500
2004-02-23,35200.0,0.0,2.5,01646500
2004-02-24,31500.0,3.2,3.0,01646500
2004-02-25,26600.0,0.0,1.6,01646500
2004-02-26,23400.0,0.0,0.6,01646500
2004-02-27,21100.0,0.0,3.2,01646500
2004-02-28,19000.0,0.0,4.3,01646500
2004-02-29,17300.0,0.0,6.6,01646500
2004-03-01,16900.0,0.0,9.3,01646500
2004-03-02,17600.0,2.0,14.9,01646500
2004-03-03,19300.0,0.4,12.1,01646500
2004-03-04,26500.0,6.2,12.5,01646500
2004-03-05,27500.0,0.0,14.6,01646500
2004-03-06,31300.0,27.5,17.7,01646500
2004-03-07,36900.0,0.0,10.2,01646500
2004-03-08,38800.0,4.2,6.5,01646500
2004-03-09,34800.0,0.1,3.7,01646500
2004-03-10,28800.0,0.8,2.8,01646500
2004-03-11,24200.0,0.0,5.1,01646500
2004-03-12,21400.0,0.0,5.6,01646500
2004-03-13,19100.0,0.0,3.2,01646500
2004-03-14,16900.0,0.0,4.7,01646500
2004-03-15,14900.0,0.0,10.9,01646500
2004-03-16,13700.0,9.2,4.7,01646500
2004-03-17,13200.0,0.4,2.8,01646500
2004-03-18,13000.0,1.2,4.4,01646500
2004-03-19,13600.0,3.2,5.9,01646500
2004-03-20,15200.0,0.0,6.0,01646500
2004-03-21,19100.0,0.7,10.1,01646500
2004-03-22,20600.0,0.0,1.4,01646500
2004-03-23,24200.0,0.0,1.9,01646500
2004-03-24,23500.0,0.0,5.8,01646500
2004-03-25,19900.0,0.0,12.9,01646500
2004-03-26,17500.0,0.0,15.5,01646500
2004-03-27,15600.0,2.9,15.9,01646500
2004-03-28,14300.0,0.0,13.4,01646500
2004-03-29,13200.0,0.0,8.6,01646500
2004-03-30,12100.0,0.0,6.2,01646500
2004-03-31,11300.0,4.3,7.5,01646500
2004-04-01,12400.0,23.8,8.0,01646500
2004-04-02,19600.0,10.3,7.3,01646500
2004-04-03,44800.0,2.2,8.2,01646500
2004-04-04,45300.0,2.0,7.4,01646500
2004-04-05,34800.0,0.0,3.4,01646500
2004-04-06,27800.0,0.0,6.0,01646500
2004-04-07,22800.0,0.4,12.6,01646500
2004-04-08,19100.0,2.7,10.6,01646500
2004-04-09,17100.0,1.6,10.3,01646500
2004-04-10,16100.0,0.0,10.8,01646500
2004-04-11,15700.0,0.6,8.5,01646500
2004-04-12,15200.0,17.4,7.1,01646500
2004-04-13,27400.0,31.5,8.5,01646500
2004-04-14,70200.0,2.9,9.1,01646500
2004-04-15,96200.0,1.0,10.6,01646500
2004-04-16,72800.0,0.0,9.9,01646500
2004-04-17,47000.0,0.0,15.3,01646500
2004-04-18,34800.0,0.0,20.4,01646500
2004-04-19,27900.0,0.0,22.3,01646500
2004-04-20,23600.0,0.0,21.2,01646500
2004-04-21,20600.0,0.3,18.8,01646500
2004-04-22,18600.0,0.0,22.0,01646500
2004-04-23,17200.0,3.5,21.1,01646500
2004-04-24,16800.0,2.8,18.6,01646500
2004-04-25,16400.0,0.0,15.5,01646500
2004-04-26,15300.0,21.3,17.2,01646500
2004-04-27,34500.0,1.7,13.9,01646500
2004-04-28,56800.0,0.0,9.5,01646500
2004-04-29,39900.0,0.0,15.5,01646500
2004-04-30,28600.0,0.0,18.6,01646500
2004-05-01,22800.0,2.5,19.6,01646500
2004-05-02,19700.0,8.1,20.8,01646500
2004-05-03,25300.0,22.5,12.3,01646500
2004-05-04,27700.0,0.2,10.7,01646500
2004-05-05,24900.0,0.1,14.1,01646500
2004-05-06,21700.0,0.0,16.2,01646500
2004-05-07,18700.0,1.0,20.8,01646500
2004-05-08,17600.0,3.2,17.2,01646500
2004-05-09,16300.0,0.9,18.7,01646500
2004-05-10,15000.0,0.0,23.5,01646500
2004-05-11,13500.0,0.3,24.4,01646500
2004-05-12,12000.0,0.0,24.1,01646500
2004-05-13,10800.0,0.0,24.1,01646500
2004-05-14,9910.0,0.0,24.7,01646500
2004-05-15,9340.0,0.3,25.1,01646500
2004-05-16,9990.0,4.6,21.7,01646500
2004-05-17,11200.0,12.8,21.6,01646500
2004-05-18,12400.0,3.2,22.9,01646500
2004-05-19,12300.0,4.0,22.4,01646500
2004-05-20,17600.0,0.2,20.6,01646500
2004-05-21,22500.0,0.0,23.3,01646500
2004-05-22,19300.0,0.0,25.6,01646500
2004-05-23,18900.0,1.7,26.5,01646500
2004-05-24,18000.0,0.0,26.6,01646500
2004-05-25,15200.0,0.4,25.5,01646500
2004-05-26,14400.0,10.8,23.9,01646500
2004-05-27,13300.0,0.2,23.1,01646500
2004-05-28,12200.0,9.5,22.5,01646500
2004-05-29,10600.0,0.0,19.3,01646500
2004-05-30,10000.0,0.0,18.8,01646500
2004-05-31,11500.0,21.6,20.1,01646500
2004-06-01,12500.0,0.0,21.2,01646500
2004-06-02,11100.0,0.5,21.1,01646500
2004-06-03,9670.0,0.0,20.6,01646500
2004-06-04,8770.0,2.5,18.6,01646500
2004-06-05,12400.0,21.4,15.6,01646500
2004-06-06,27400.0,0.0,17.6,01646500
2004-06-07,19500.0,0.4,20.4,01646500
2004-06-08,14600.0,0.0,22.7,01646500
2004-06-09,12100.0,0.0,25.5,01646500
2004-06-10,10200.0,4.2,25.6,01646500
2004-06-11,9110.0,7.0,20.8,01646500
2004-06-12,10700.0,28.2,18.2,01646500
2004-06-13,12000.0,0.0,18.9,01646500
2004-06-14,14600.0,0.3,23.4,01646500
2004-06-15,19100.0,2.1,25.8,01646500
2004-06-16,20800.0,12.7,24.1,01646500
2004-06-17,14300.0,0.5,26.3,01646500
2004-06-18,13900.0,3.1,26.7,01646500
2004-06-19,13300.0,0.0,24.8,01646500
2004-06-20,11100.0,0.0,19.9,01646500
2004-06-21,9430.0,0.0,20.4,01646500
2004-06-22,8700.0,3.5,23.6,01646500
2004-06-23,8130.0,1.3,23.4,01646500
2004-06-24,7390.0,0.0,23.8,01646500
2004-06-25,6780.0,0.7,24.5,01646500
2004-06-26,6210.0,0.0,23.2,01646500
2004-06-27,5940.0,0.0,21.6,01646500
2004-06-28,5580.0,0.0,22.6,01646500
2004-06-29,5390.0,0.2,22.6,01646500
2004-06-30,5160.0,0.0,23.2,01646500
2004-07-01,4740.0,4.2,23.8,01646500
2004-07-02,4410.0,6.8,25.2,01646500
2004-07-03,4170.0,0.0,25.9,01646500
2004-07-04,4560.0,16.0,25.0,01646500
2004-07-05,4460.0,2.8,26.8,01646500
2004-07-06,4510.0,0.0,26.2,01646500
2004-07-07,5260.0,10.7,26.1,01646500
2004-07-08,7840.0,0.0,25.6,01646500
2004-07-09,6630.0,0.0,25.3,01646500
2004-07-10,5220.0,0.0,25.0,01646500
2004-07-11,4420.0,1.5,26.6,01646500
2004-07-12,4180.0,32.6,24.7,01646500
2004-07-13,4130.0,1.8,24.7,01646500
2004-07-14,4930.0,11.7,25.2,01646500
2004-07-15,6670.0,0.0,23.9,01646500
2004-07-16,6160.0,0.0,23.5,01646500
2004-07-17,5180.0,0.7,24.3,01646500
2004-07-18,4340.0,10.1,22.3,01646500
2004-07-19,3820.0,0.1,23.1,01646500
2004-07-20,4390.0,1.6,24.1,01646500
2004-07-21,4200.0,0.0,25.1,01646500
2004-07-22,3470.0,2.0,25.9,01646500
2004-07-23,4000.0,8.1,24.2,01646500
2004-07-24,4830.0,8.5,22.5,01646500
2004-07-25,4540.0,0.9,22.0,01646500
2004-07-26,3980.0,1.2,22.7,01646500
2004-07-27,5090.0,15.8,24.1,01646500
2004-07-28,5850.0,21.0,24.2,01646500
2004-07-29,5010.0,0.0,23.9,01646500
2004-07-30,4540.0,0.6,25.4,01646500
2004-07-31,4280.0,0.0,26.4,01646500
2004-08-01,3850.0,4.7,26.1,01646500
2004-08-02,7560.0,2.1,25.0,01646500
2004-08-03,16000.0,0.4,25.3,01646500
2004-08-04,10300.0,0.0,26.7,01646500
2004-08-05,7020.0,0.7,24.1,01646500
2004-08-06,5400.0,0.0,20.1,01646500
2004-08-07,4670.0,0.1,18.5,01646500
2004-08-08,4060.0,0.0,20.4,01646500
2004-08-09,3560.0,0.0,22.5,01646500
2004-08-10,3230.0,0.0,24.4,01646500
2004-08-11,3200.0,7.4,25.1,01646500
2004-08-12,3490.0,22.0,23.0,01646500
2004-08-13,4260.0,12.4,22.4,01646500
2004-08-14,3930.0,5.2,20.5,01646500
2004-08-15,4690.0,20.4,20.8,01646500
2004-08-16,3950.0,0.0,22.2,01646500
2004-08-17,3610.0,0.9,22.7,01646500
2004-08-18,4110.0,1.0,23.1,01646500
2004-08-19,3880.0,0.8,24.8,01646500
2004-08-20,3170.0,0.2,26.6,01646500
2004-08-21,2760.0,6.9,25.0,01646500
2004-08-22,2930.0,0.0,20.8,01646500
2004-08-23,4630.0,0.0,22.1,01646500
2004-08-24,4120.0,0.0,23.8,01646500
2004-08-25,3400.0,0.6,23.6,01646500
2004-08-26,3010.0,0.8,23.6,01646500
2004-08-27,2700.0,0.0,24.5,01646500
2004-08-28,2510.0,1.3,25.7,01646500
2004-08-29,2320.0,0.0,26.0,01646500
2004-08-30,2230.0,5.5,24.8,01646500
2004-08-31,2290.0,4.8,24.6,01646500
2004-09-01,2150.0,0.0,22.9,01646500
2004-09-02,2140.0,0.0,22.4,01646500
2004-09-03,2230.0,0.0,22.3,01646500
2004-09-04,2150.0,0.0,23.1,01646500
2004-09-05,1900.0,0.2,22.5,01646500
2004-09-06,1850.0,0.3,21.6,01646500
2004-09-07,1900.0,0.3,23.5,01646500
2004-09-08,2350.0,13.7,22.7,01646500
2004-09-09,2680.0,3.7,24.5,01646500
2004-09-10,31300.0,0.0,22.4,01646500
2004-09-11,44700.0,0.0,21.9,01646500
2004-09-12,22900.0,0.3,21.8,01646500
2004-09-13,15100.0,0.0,22.9,01646500
2004-09-14,11500.0,0.4,21.8,01646500
2004-09-15,9470.0,7.4,19.8,01646500
2004-09-16,7820.0,0.1,21.8,01646500
2004-09-17,6190.0,3.0,22.8,01646500
2004-09-18,9760.0,40.6,19.7,01646500
2004-09-19,89200.0,0.0,16.1,01646500
2004-09-20,59700.0,0.0,15.6,01646500
2004-09-21,30000.0,0.0,17.7,01646500
2004-09-22,19900.0,0.0,21.2,01646500
2004-09-23,14700.0,0.0,22.2,01646500
2004-09-24,11300.0,0.0,22.2,01646500
2004-09-25,9280.0,0.0,19.7,01646500
2004-09-26,7790.0,0.1,19.8,01646500
2004-09-27,6800.0,0.0,20.7,01646500
2004-09-28,7400.0,56.3,21.3,01646500
2004-09-29,57700.0,16.1,19.3,01646500
2004-09-30,108000.0,0.9,19.6,01646500
2004-10-01,63400.0,0.0,17.7,01646500
2004-10-02,33800.0,1.5,20.3,01646500
2004-10-03,23400.0,0.0,17.8,01646500
2004-10-04,18000.0,0.0,18.1,01646500
2004-10-05,14700.0,0.0,15.4,01646500
2004-10-06,12200.0,0.0,12.6,01646500
2004-10-07,10500.0,0.0,14.9,01646500
2004-10-08,9110.0,0.0,17.1,01646500
2004-10-09,8190.0,0.0,16.9,01646500
2004-10-10,7460.0,0.0,17.5,01646500
2004-10-11,6760.0,0.0,13.6,01646500
2004-10-12,6300.0,0.0,11.5,01646500
2004-10-13,6200.0,3.6,12.0,01646500
2004-10-14,6110.0,2.0,14.7,01646500
2004-10-15,5890.0,4.1,16.1,01646500
2004-10-16,5910.0,0.9,12.3,01646500
2004-10-17,5760.0,0.0,10.6,01646500
2004-10-18,5630.0,0.0,11.1,01646500
2004-10-19,5220.0,13.6,15.3,01646500
2004-10-20,5130.0,3.5,12.5,01646500
2004-10-21,5410.0,3.8,12.0,01646500
2004-10-22,5910.0,0.4,11.3,01646500
2004-10-23,6250.0,0.0,9.9,01646500
2004-10-24,6080.0,2.7,9.6,01646500
2004-10-25,6020.0,0.0,11.6,01646500
2004-10-26,5780.0,0.0,13.5,01646500
2004-10-27,5650.0,0.0,12.4,01646500
2004-10-28,5650.0,0.0,12.5,01646500
2004-10-29,5420.0,0.8,12.9,01646500
2004-10-30,5290.0,0.0,17.0,01646500
2004-10-31,5200.0,0.0,19.9,01646500
2004-11-01,5230.0,0.0,15.0,01646500
2004-11-02,5570.0,0.0,16.3,01646500
2004-11-03,6010.0,0.0,16.9,01646500
2004-11-04,6430.0,23.3,10.3,01646500
2004-11-05,7080.0,0.8,10.7,01646500
2004-11-06,7070.0,0.0,9.0,01646500
2004-11-07,8150.0,0.0,11.7,01646500
2004-11-08,10500.0,0.0,10.4,01646500
2004-11-09,10200.0,0.0,4.9,01646500
2004-11-10,9060.0,0.0,4.7,01646500
2004-11-11,8210.0,0.0,8.2,01646500
2004-11-12,9620.0,37.1,7.9,01646500
2004-11-13,13000.0,8.0,6.1,01646500
2004-11-14,11600.0,0.0,4.0,01646500
2004-11-15,13000.0,0.0,5.7,01646500
2004-11-16,13300.0,0.0,8.1,01646500
2004-11-17,11800.0,0.0,8.6,01646500
2004-11-18,10700.0,1.1,11.5,01646500
2004-11-19,9920.0,1.6,13.1,01646500
2004-11-20,9400.0,0.9,12.6,01646500
2004-11-21,8770.0,0.4,13.0,01646500
2004-11-22,8330.0,1.2,12.5,01646500
2004-11-23,9040.0,0.5,11.2,01646500
2004-11-24,8750.0,14.3,13.0,01646500
2004-11-25,9070.0,6.2,14.6,01646500
2004-11-26,16700.0,0.0,4.6,01646500
2004-11-27,21500.0,0.0,5.6,01646500
2004-11-28,20100.0,15.7,11.8,01646500
2004-11-29,23200.0,0.0,6.0,01646500
2004-11-30,29000.0,0.0,6.8,01646500
2004-12-01,26100.0,12.4,9.4,01646500
2004-12-02,26600.0,0.0,5.4,01646500
2004-12-03,27300.0,0.0,4.5,01646500
2004-12-04,26200.0,0.0,3.4,01646500
2004-12-05,23000.0,0.0,6.3,01646500
2004-12-06,19400.0,0.5,7.0,01646500
2004-12-07,17100.0,11.8,10.4,01646500
2004-12-08,15900.0,0.6,13.6,01646500
2004-12-09,15700.0,15.2,7.3,01646500
2004-12-10,21400.0,17.1,10.5,01646500
2004-12-11,39700.0,1.8,9.6,01646500
2004-12-12,48900.0,0.0,5.4,01646500
2004-12-13,39700.0,2.0,6.4,01646500
2004-12-14,30900.0,0.0,1.9,01646500
2004-12-15,25000.0,0.0,-0.3,01646500
2004-12-16,20800.0,0.0,0.1,01646500
2004-12-17,17900.0,0.0,2.6,01646500
2004-12-18,15500.0,0.0,1.8,01646500
2004-12-19,14000.0,1.0,1.6,01646500
2004-12-20,12700.0,0.0,-6.8,01646500
2004-12-21,11300.0,0.0,-2.3,01646500
2004-12-22,10500.0,0.0,3.6,01646500
2004-12-23,11500.0,21.7,9.8,01646500
2004-12-24,16200.0,0.0,0.7,01646500
2004-12-25,15200.0,0.0,-3.0,01646500
2004-12-26,13500.0,0.0,-3.1,01646500
2004-12-27,13000.0,0.0,-2.2,01646500
2004-12-28,11700.0,0.0,-2.5,01646500
2004-12-29,10700.0,0.0,2.8,01646500
2004-12-30,10200.0,0.0,5.2,01646500
2004-12-31,9880.0,0.0,8.0,01646500
2005-01-01,9550.0,0.0,10.5,01646500
2005-01-02,9220.0,0.0,7.7,01646500
2005-01-03,8810.0,0.0,11.1,01646500
2005-01-04,8510.0,2.0,14.6,01646500
2005-01-05,8290.0,8.1,8.8,01646500
2005-01-06,8710.0,1.2,6.7,01646500
2005-01-07,13400.0,0.1,6.9,01646500
2005-01-08,24000.0,6.5,6.7,01646500
2005-01-09,22300.0,0.0,3.6,01646500
2005-01-10,24700.0,0.0,5.6,01646500
2005-01-11,21300.0,0.3,5.2,01646500
2005-01-12,17900.0,4.4,8.6,01646500
2005-01-13,17800.0,0.0,14.8,01646500
2005-01-14,50200.0,38.8,12.0,01646500
2005-01-15,60000.0,0.0,1.5,01646500
2005-01-16,46500.0,0.0,-0.1,01646500
2005-01-17,37500.0,0.0,-2.8,01646500
2005-01-18,29300.0,0.0,-7.2,01646500
2005-01-19,23000.0,2.0,-5.9,01646500
2005-01-20,19600.0,0.0,-1.6,01646500
2005-01-21,17300.0,0.0,-3.1,01646500
2005-01-22,15500.0,7.9,-5.3,01646500
2005-01-23,12900.0,0.0,-7.1,01646500
2005-01-24,10100.0,0.4,-9.2,01646500
2005-01-25,10400.0,0.0,-3.8,01646500
2005-01-26,10600.0,0.1,1.1,01646500
2005-01-27,11400.0,0.0,-4.4,01646500
2005-01-28,10700.0,0.0,-7.8,01646500
2005-01-29,9430.0,0.0,-3.7,01646500
2005-01-30,9000.0,5.6,-0.6,01646500
2005-01-31,8640.0,0.0,-1.9,01646500
2005-02-01,8240.0,0.0,-0.6,01646500
2005-02-02,8020.0,0.0,-0.1,01646500
2005-02-03,7650.0,1.8,0.0,01646500
2005-02-04,7550.0,0.1,2.2,01646500
2005-02-05,7620.0,0.0,4.0,01646500
2005-02-06,7890.0,0.0,3.8,01646500
2005-02-07,7660.0,0.0,4.3,01646500
2005-02-08,7840.0,0.0,5.6,01646500
2005-02-09,8110.0,0.0,9.1,01646500
2005-02-10,8780.0,7.3,5.7,01646500
2005-02-11,9730.0,0.0,0.7,01646500
2005-02-12,9990.0,0.0,2.9,01646500
2005-02-13,10200.0,0.0,3.5,01646500
2005-02-14,10200.0,5.3,4.6,01646500
2005-02-15,10800.0,2.6,9.7,01646500
2005-02-16,12600.0,2.3,9.9,01646500
2005-02-17,13600.0,0.0,3.5,01646500
2005-02-18,13300.0,0.0,-0.4,01646500
2005-02-19,12200.0,0.0,-1.9,01646500
2005-02-20,11200.0,0.0,0.3,01646500
2005-02-21,10400.0,3.7,6.6,01646500
2005-02-22,10000.0,18.9,6.3,01646500
2005-02-23,9930.0,0.7,4.0,01646500
2005-02-24,9950.0,7.6,0.3,01646500
2005-02-25,9960.0,4.0,-1.7,01646500
2005-02-26,10000.0,0.0,0.3,01646500
2005-02-27,9970.0,0.0,-2.0,01646500
2005-02-28,9910.0,13.1,-1.0,01646500
2005-03-01,10200.0,4.6,0.7,01646500
2005-03-02,10300.0,0.0,-1.4,01646500
2005-03-03,10300.0,0.0,-3.1,01646500
2005-03-04,9760.0,0.0,-1.9,01646500
2005-03-05,9230.0,0.1,1.3,01646500
2005-03-06,8910.0,0.0,1.7,01646500
2005-03-07,8990.0,0.0,7.9,01646500
2005-03-08,11100.0,13.8,6.7,01646500
2005-03-09,15400.0,0.0,-2.7,01646500
2005-03-10,22500.0,0.0,-0.4,01646500
2005-03-11,24500.0,2.7,3.1,01646500
2005-03-12,20400.0,0.9,3.6,01646500
2005-03-13,17600.0,0.0,4.1,01646500
2005-03-14,15600.0,0.0,3.7,01646500
2005-03-15,13800.0,0.0,2.1,01646500
2005-03-16,12400.0,0.0,3.7,01646500
2005-03-17,11200.0,0.0,4.4,01646500
2005-03-18,10100.0,0.0,5.0,01646500
2005-03-19,9530.0,0.2,7.5,01646500
2005-03-20,9100.0,7.0,8.9,01646500
2005-03-21,8760.0,0.0,7.1,01646500
2005-03-22,8340.0,0.0,6.1,01646500
2005-03-23,12500.0,39.7,6.4,01646500
2005-03-24,30400.0,0.0,5.9,01646500
2005-03-25,39800.0,1.1,6.2,01646500
2005-03-26,35100.0,0.0,6.0,01646500
2005-03-27,29400.0,0.4,7.4,01646500
2005-03-28,34800.0,38.9,9.5,01646500
2005-03-29,83300.0,2.7,10.6,01646500
2005-03-30,132000.0,0.0,10.6,01646500
2005-03-31,97800.0,0.0,10.1,01646500
2005-04-01,56700.0,0.0,12.2,01646500
2005-04-02,56700.0,34.7,11.6,01646500
2005-04-03,81700.0,3.1,6.6,01646500
2005-04-04,71900.0,0.0,10.3,01646500
2005-04-05,52300.0,0.0,11.3,01646500
2005-04-06,40000.0,0.0,17.5,01646500
2005-04-07,32900.0,0.4,19.0,01646500
2005-04-08,29100.0,8.8,16.6,01646500
2005-04-09,26200.0,0.0,12.8,01646500
2005-04-10,23200.0,0.0,12.9,01646500
2005-04-11,20900.0,0.0,13.8,01646500
2005-04-12,18600.0,0.0,9.1,01646500
2005-04-13,16700.0,2.0,10.5,01646500
2005-04-14,15300.0,0.0,10.1,01646500
2005-04-15,14100.0,0.0,9.7,01646500
2005-04-16,13000.0,0.0,8.6,01646500
2005-04-17,12100.0,0.0,11.8,01646500
2005-04-18,11100.0,0.0,16.2,01646500
2005-04-19,10600.0,0.0,18.3,01646500
2005-04-20,10200.0,0.0,20.6,01646500
2005-04-21,9820.0,2.5,17.4,01646500
2005-04-22,9550.0,5.6,12.5,01646500
2005-04-23,10400.0,17.6,15.1,01646500
2005-04-24,11400.0,0.5,9.0,01646500
2005-04-25,12100.0,0.0,9.4,01646500
2005-04-26,12700.0,0.0,12.8,01646500
2005-04-27,12200.0,0.6,15.4,01646500
2005-04-28,11300.0,0.0,13.6,01646500
2005-04-29,10600.0,0.1,12.5,01646500
2005-04-30,11200.0,20.6,15.4,01646500
2005-05-01,12000.0,2.2,14.4,01646500
2005-05-02,11300.0,2.0,11.8,01646500
2005-05-03,11300.0,0.0,9.6,01646500
2005-05-04,12100.0,0.0,11.9,01646500
2005-05-05,11200.0,0.0,12.1,01646500
2005-05-06,10500.0,0.0,10.9,01646500
2005-05-07,9830.0,0.2,12.9,01646500
2005-05-08,9130.0,0.0,15.9,01646500
2005-05-09,8480.0,0.0,17.0,01646500
2005-05-10,8090.0,0.0,17.4,01646500
2005-05-11,7760.0,0.0,19.9,01646500
2005-05-12,7300.0,0.0,20.9,01646500
2005-05-13,6870.0,0.0,15.3,01646500
2005-05-14,6780.0,2.1,18.7,01646500
2005-05-15,7280.0,0.0,20.9,01646500
2005-05-16,7370.0,0.0,17.2,01646500
2005-05-17,7060.0,0.0,15.3,01646500
2005-05-18,6450.0,0.0,17.4,01646500
2005-05-19,6110.0,0.0,17.0,01646500
2005-05-20,9140.0,62.2,13.2,01646500
2005-05-21,10300.0,0.0,14.7,01646500
2005-05-22,10200.0,0.0,16.7,01646500
2005-05-23,12900.0,1.1,16.7,01646500
2005-05-24,15300.0,9.3,13.7,01646500
2005-05-25,15900.0,4.3,12.5,01646500
2005-05-26,14500.0,0.0,17.0,01646500
2005-05-27,14600.0,0.0,20.2,01646500
2005-05-28,13000.0,0.0,19.1,01646500
2005-05-29,11200.0,0.0,17.9,01646500
2005-05-30,9550.0,0.0,18.4,01646500
2005-05-31,8440.0,0.0,19.4,01646500
2005-06-01,7570.0,0.0,20.0,01646500
2005-06-02,6900.0,0.0,16.3,01646500
2005-06-03,6670.0,15.7,15.9,01646500
2005-06-04,6360.0,0.0,19.0,01646500
2005-06-05,5870.0,0.4,22.8,01646500
2005-06-06,5950.0,0.7,25.9,01646500
2005-06-07,7280.0,0.0,26.0,01646500
2005-06-08,5950.0,0.1,26.5,01646500
2005-06-09,5400.0,3.4,25.7,01646500
2005-06-10,5460.0,2.4,25.8,01646500
2005-06-11,5300.0,0.0,26.1,01646500
2005-06-12,5010.0,0.0,25.5,01646500
2005-06-13,4900.0,0.3,27.1,01646500
2005-06-14,5480.0,0.2,28.6,01646500
2005-06-15,5280.0,0.0,28.0,01646500
2005-06-16,4810.0,0.0,25.0,01646500
2005-06-17,4370.0,0.5,21.1,01646500
2005-06-18,3800.0,0.0,20.8,01646500
2005-06-19,3530.0,0.0,20.8,01646500
2005-06-20,3220.0,0.0,20.1,01646500
2005-06-21,3120.0,0.0,21.0,01646500
2005-06-22,2990.0,5.6,23.7,01646500
2005-06-23,3230.0,0.3,22.9,01646500
2005-06-24,2940.0,0.0,24.5,01646500
2005-06-25,2850.0,0.0,26.0,01646500
2005-06-26,2740.0,0.0,26.0,01646500
2005-06-27,2680.0,3.2,24.3,01646500
2005-06-28,2510.0,6.2,26.2,01646500
2005-06-29,2820.0,4.6,25.4,01646500
2005-06-30,4820.0,0.0,26.1,01646500
2005-07-01,3600.0,0.0,27.7,01646500
2005-07-02,3390.0,0.1,27.3,01646500
2005-07-03,2740.0,0.0,25.0,01646500
2005-07-04,2390.0,0.0,25.4,01646500
2005-07-05,2340.0,6.8,26.6,01646500
2005-07-06,4120.0,7.5,25.8,01646500
2005-07-07,3760.0,3.7,25.0,01646500
2005-07-08,21900.0,84.1,22.0,01646500
2005-07-09,26300.0,0.0,24.2,01646500
2005-07-10,11800.0,0.0,25.0,01646500
2005-07-11,11000.0,0.0,25.8,01646500
2005-07-12,9180.0,0.1,27.5,01646500
2005-07-13,6780.0,2.2,25.8,01646500
2005-07-14,5470.0,19.6,25.4,01646500
2005-07-15,6870.0,13.4,25.1,01646500
2005-07-16,8070.0,9.4,26.1,01646500
2005-07-17,9860.0,6.9,26.6,01646500
2005-07-18,11100.0,0.9,27.9,01646500
2005-07-19,10500.0,1.6,28.1,01646500
2005-07-20,9050.0,0.0,28.3,01646500
2005-07-21,8970.0,0.0,28.0,01646500
2005-07-22,8110.0,0.8,28.4,01646500
2005-07-23,6640.0,0.0,27.6,01646500
2005-07-24,5840.0,0.0,24.9,01646500
2005-07-25,5090.0,1.2,27.7,01646500
2005-07-26,4480.0,0.0,30.4,01646500
2005-07-27,4450.0,0.1,31.2,01646500
2005-07-28,4720.0,0.1,26.8,01646500
2005-07-29,3660.0,12.0,23.8,01646500
2005-07-30,3320.0,0.5,24.2,01646500
2005-07-31,2950.0,0.0,24.3,01646500
2005-08-01,2710.0,0.0,25.3,01646500
2005-08-02,2660.0,0.0,27.6,01646500
2005-08-03,2520.0,1.1,28.7,01646500
2005-08-04,2580.0,2.1,29.5,01646500
2005-08-05,2480.0,0.2,29.5,01646500
2005-08-06,2420.0,3.4,27.1,01646500
2005-08-07,2240.0,3.0,26.4,01646500
2005-08-08,2220.0,1.8,26.3,01646500
2005-08-09,2890.0,10.1,23.6,01646500
2005-08-10,3250.0,0.0,25.0,01646500
2005-08-11,3290.0,0.0,27.6,01646500
2005-08-12,3320.0,0.1,29.3,01646500
2005-08-13,3000.0,0.3,30.2,01646500
2005-08-14,3210.0,0.2,30.5,01646500
2005-08-15,3110.0,0.0,29.2,01646500
2005-08-16,2810.0,4.9,26.2,01646500
2005-08-17,2640.0,2.0,24.9,01646500
2005-08-18,2550.0,0.0,25.8,01646500
2005-08-19,2810.0,7.7,23.8,01646500
2005-08-20,2950.0,0.4,26.3,01646500
2005-08-21,2830.0,0.0,28.9,01646500
2005-08-22,2450.0,0.0,26.3,01646500
2005-08-23,2230.0,0.0,24.6,01646500
2005-08-24,2020.0,0.2,24.6,01646500
2005-08-25,1850.0,0.0,23.6,01646500
2005-08-26,1770.0,0.0,23.1,01646500
2005-08-27,1750.0,7.3,21.3,01646500
2005-08-28,1960.0,6.9,24.3,01646500
2005-08-29,1990.0,0.0,25.8,01646500
2005-08-30,2010.0,0.5,25.9,01646500
2005-08-31,2020.0,0.2,27.8,01646500
2005-09-01,2780.0,0.0,25.1,01646500
2005-09-02,2590.0,0.0,25.2,01646500
2005-09-03,2490.0,0.0,24.7,01646500
2005-09-04,1960.0,0.0,23.7,01646500
2005-09-05,1910.0,0.0,23.3,01646500
2005-09-06,1780.0,0.0,22.1,01646500
2005-09-07,1710.0,0.0,21.4,01646500
2005-09-08,1580.0,0.0,22.9,01646500
2005-09-09,1570.0,1.5,23.1,01646500
2005-09-10,1410.0,0.0,23.7,01646500
2005-09-11,1280.0,0.0,23.1,01646500
2005-09-12,1160.0,0.0,23.3,01646500
2005-09-13,1180.0,0.0,24.3,01646500
2005-09-14,1230.0,0.2,25.4,01646500
2005-09-15,1280.0,0.8,26.2,01646500
2005-09-16,1140.0,0.0,26.7,01646500
2005-09-17,1160.0,0.1,26.6,01646500
2005-09-18,1120.0,0.0,25.1,01646500
2005-09-19,1080.0,0.0,25.4,01646500
2005-09-20,1080.0,0.2,26.1,01646500
2005-09-21,1080.0,0.0,24.9,01646500
2005-09-22,1130.0,0.0,23.8,01646500
2005-09-23,1020.0,0.1,26.7,01646500
2005-09-24,949.0,1.2,23.1,01646500
2005-09-25,1020.0,0.1,22.6,01646500
2005-09-26,1010.0,6.0,23.3,01646500
2005-09-27,1260.0,0.0,21.9,01646500
2005-09-28,1130.0,0.0,19.8,01646500
2005-09-29,930.0,0.1,20.4,01646500
2005-09-30,986.0,0.0,16.3,01646500
2005-10-01,989.0,0.0,18.0,01646500
2005-10-02,975.0,0.0,20.0,01646500
2005-10-03,951.0,0.0,19.5,01646500
2005-10-04,1210.0,0.0,20.4,01646500
2005-10-05,1070.0,0.0,21.9,01646500
2005-10-06,981.0,3.3,22.2,01646500
2005-10-07,2430.0,34.0,21.8,01646500
2005-10-08,16000.0,146.9,20.2,01646500
2005-10-09,14000.0,0.5,15.5,01646500
2005-10-10,8500.0,0.4,16.7,01646500
2005-10-11,7390.0,1.6,17.2,01646500
2005-10-12,5890.0,0.0,16.8,01646500
2005-10-13,4470.0,0.9,14.7,01646500
2005-10-14,3840.0,1.2,16.4,01646500
2005-10-15,3410.0,0.0,18.8,01646500
2005-10-16,3180.0,0.0,15.6,01646500
2005-10-17,2730.0,0.0,14.2,01646500
2005-10-18,2460.0,0.4,15.7,01646500
2005-10-19,2270.0,0.0,16.5,01646500
2005-10-20,2080.0,0.3,15.5,01646500
2005-10-21,2070.0,13.6,11.6,01646500
2005-10-22,2610.0,14.1,13.0,01646500
2005-10-23,3230.0,1.0,11.7,01646500
2005-10-24,3200.0,1.5,11.8,01646500
2005-10-25,6050.0,27.5,7.1,01646500
2005-10-26,9830.0,2.0,8.0,01646500
2005-10-27,9960.0,0.0,8.1,01646500
2005-10-28,9170.0,0.5,7.9,01646500
2005-10-29,7830.0,0.0,6.2,01646500
2005-10-30,6250.0,0.0,9.8,01646500
2005-10-31,5100.0,0.0,11.3,01646500
2005-11-01,4490.0,0.0,12.8,01646500
2005-11-02,3990.0,1.0,12.3,01646500
2005-11-03,3560.0,0.0,10.9,01646500
2005-11-04,3260.0,0.0,13.8,01646500
2005-11-05,3170.0,0.0,15.9,01646500
2005-11-06,3010.0,0.0,16.6,01646500
2005-11-07,2790.0,1.0,14.2,01646500
2005-11-08,2670.0,1.4,12.6,01646500
2005-11-09,2530.0,4.1,14.8,01646500
2005-11-10,2600.0,0.2,14.9,01646500
2005-11-11,2560.0,0.0,7.7,01646500
2005-11-12,2530.0,0.0,8.7,01646500
2005-11-13,2460.0,0.0,11.0,01646500
2005-11-14,2540.0,0.0,15.2,01646500
2005-11-15,2630.0,0.8,15.8,01646500
2005-11-16,2790.0,6.6,18.5,01646500
2005-11-17,3640.0,5.6,6.3,01646500
2005-11-18,3660.0,0.0,1.5,01646500
2005-11-19,3430.0,0.0,2.9,01646500
2005-11-20,3440.0,0.0,6.5,01646500
2005-11-21,3700.0,5.9,6.6,01646500
2005-11-22,5340.0,12.9,6.8,01646500
2005-11-23,7020.0,0.0,2.5,01646500
2005-11-24,6750.0,1.4,4.4,01646500
2005-11-25,6320.0,0.0,-1.9,01646500
2005-11-26,5910.0,0.0,0.3,01646500
2005-11-27,5070.0,0.0,3.3,01646500
2005-11-28,4510.0,3.9,11.6,01646500
2005-11-29,4290.0,10.8,16.6,01646500
2005-11-30,13000.0,18.8,11.0,01646500
2005-12-01,65500.0,0.0,4.1,01646500
2005-12-02,57900.0,0.1,2.8,01646500
2005-12-03,31500.0,0.0,-0.2,01646500
2005-12-04,21700.0,5.1,4.3,01646500
2005-12-05,16700.0,1.9,1.9,01646500
2005-12-06,13800.0,4.4,-0.2,01646500
2005-12-07,11500.0,0.0,-2.5,01646500
2005-12-08,10200.0,0.0,-3.2,01646500
2005-12-09,9190.0,17.9,-1.4,01646500
2005-12-10,8270.0,0.0,-1.3,01646500
2005-12-11,7460.0,0.0,0.4,01646500
2005-12-12,6920.0,0.0,-1.1,01646500
2005-12-13,6860.0,0.0,-4.3,01646500
2005-12-14,6230.0,0.0,-6.1,01646500
2005-12-15,5600.0,7.7,-2.5,01646500
2005-12-16,9400.0,13.4,4.1,01646500
2005-12-17,10900.0,0.0,1.5,01646500
2005-12-18,9840.0,0.0,2.3,01646500
2005-12-19,8690.0,0.0,0.0,01646500
2005-12-20,8420.0,0.0,-1.8,01646500
2005-12-21,7290.0,0.0,-1.3,01646500
2005-12-22,6560.0,0.0,-0.4,01646500
2005-12-23,6170.0,0.0,1.9,01646500
2005-12-24,6160.0,0.0,4.5,01646500
2005-12-25,6490.0,7.2,2.7,01646500
2005-12-26,8160.0,0.5,5.2,01646500
2005-12-27,9920.0,0.0,3.8,01646500
2005-12-28,11600.0,0.0,3.9,01646500
2005-12-29,13700.0,6.2,8.0,01646500
2005-12-30,14200.0,0.0,6.0,01646500
2005-12-31,13800.0,1.1,4.2,01646500
2006-01-01,13900.0,0.0,4.9,01646500
2006-01-02,13600.0,7.7,3.2,01646500
2006-01-03,17600.0,14.5,6.0,01646500
2006-01-04,29500.0,0.0,4.2,01646500
2006-01-05,33900.0,0.0,6.6,01646500
2006-01-06,27500.0,0.0,4.1,01646500
2006-01-07,22100.0,0.0,0.1,01646500
2006-01-08,18500.0,0.0,2.8,01646500
2006-01-09,15900.0,0.0,9.8,01646500
2006-01-10,14200.0,0.0,6.7,01646500
2006-01-11,12800.0,8.2,7.7,01646500
2006-01-12,12500.0,0.5,10.0,01646500
2006-01-13,12500.0,0.0,9.4,01646500
2006-01-14,12900.0,12.8,11.0,01646500
2006-01-15,13100.0,0.6,1.0,01646500
2006-01-16,14000.0,0.0,1.1,01646500
2006-01-17,17200.0,0.1,2.2,01646500
2006-01-18,19100.0,17.6,10.1,01646500
2006-01-19,25500.0,0.0,3.5,01646500
2006-01-20,28800.0,0.0,8.6,01646500
2006-01-21,33100.0,0.0,10.3,01646500
2006-01-22,25700.0,0.0,3.9,01646500
2006-01-23,23300.0,12.3,4.0,01646500
2006-01-24,23900.0,0.0,4.5,01646500
2006-01-25,27000.0,0.3,4.6,01646500
2006-01-26,24300.0,0.0,1.0,01646500
2006-01-27,20600.0,0.0,0.7,01646500
2006-01-28,17400.0,0.0,4.7,01646500
2006-01-29,15300.0,2.7,8.1,01646500
2006-01-30,14000.0,0.0,11.6,01646500
2006-01-31,13500.0,3.2,8.2,01646500
2006-02-01,13400.0,0.0,4.5,01646500
2006-02-02,13600.0,0.0,5.1,01646500
2006-02-03,14400.0,8.2,11.9,01646500
2006-02-04,19800.0,4.9,9.6,01646500
2006-02-05,24700.0,3.6,6.9,01646500
2006-02-06,27300.0,0.0,3.0,01646500
2006-02-07,27300.0,0.0,1.8,01646500
2006-02-08,23900.0,0.0,-0.1,01646500
2006-02-09,19900.0,0.0,-0.8,01646500
2006-02-10,16800.0,0.0,-0.0,01646500
2006-02-11,15100.0,5.5,1.2,01646500
2006-02-12,14400.0,21.3,0.3,01646500
2006-02-13,13500.0,0.0,-4.8,01646500
2006-02-14,12600.0,0.0,-1.2,01646500
2006-02-15,11700.0,0.0,3.6,01646500
2006-02-16,11300.0,0.0,7.3,01646500
2006-02-17,12400.0,0.9,11.6,01646500
2006-02-18,13300.0,0.0,2.6,01646500
2006-02-19,13300.0,0.0,-4.6,01646500
2006-02-20,12900.0,0.0,-0.8,01646500
2006-02-21,12300.0,0.0,1.4,01646500
2006-02-22,11500.0,1.5,1.5,01646500
2006-02-23,11000.0,0.2,4.1,01646500
2006-02-24,10500.0,0.0,3.3,01646500
2006-02-25,9770.0,0.4,2.7,01646500
2006-02-26,9780.0,0.0,1.0,01646500
2006-02-27,9100.0,0.0,-0.9,01646500
2006-02-28,8250.0,0.1,1.8,01646500
2006-03-01,7790.0,0.0,3.0,01646500
2006-03-02,7460.0,9.2,4.3,01646500
2006-03-03,7210.0,0.2,3.4,01646500
2006-03-04,6870.0,0.0,2.1,01646500
2006-03-05,6610.0,0.0,3.8,01646500
2006-03-06,6270.0,0.0,3.9,01646500
2006-03-07,6170.0,0.0,4.0,01646500
2006-03-08,5900.0,0.0,3.6,01646500
2006-03-09,5630.0,0.0,10.7,01646500
2006-03-10,5380.0,1.4,17.8,01646500
2006-03-11,5350.0,0.0,14.0,01646500
2006-03-12,5280.0,3.3,15.3,01646500
2006-03-13,5080.0,0.0,18.0,01646500
2006-03-14,5140.0,1.5,16.3,01646500
2006-03-15,5160.0,0.0,7.2,01646500
2006-03-16,5060.0,0.0,6.9,01646500
2006-03-17,4990.0,0.0,7.0,01646500
2006-03-18,4960.0,0.0,4.3,01646500
2006-03-19,4920.0,0.0,4.1,01646500
2006-03-20,4810.0,0.0,5.0,01646500
2006-03-21,4650.0,0.9,2.3,01646500
2006-03-22,4710.0,0.0,3.6,01646500
2006-03-23,4630.0,0.0,4.2,01646500
2006-03-24,4500.0,0.0,5.8,01646500
2006-03-25,4380.0,0.0,6.2,01646500
2006-03-26,4400.0,0.0,6.0,01646500
2006-03-27,4430.0,0.0,7.5,01646500
2006-03-28,4170.0,0.3,9.9,01646500
2006-03-29,4080.0,0.0,11.4,01646500
2006-03-30,4070.0,0.0,12.1,01646500
2006-03-31,3960.0,0.0,15.3,01646500
2006-04-01,3950.0,3.2,18.9,01646500
2006-04-02,4000.0,0.0,14.9,01646500
2006-04-03,3940.0,8.5,14.8,01646500
2006-04-04,4470.0,3.2,11.2,01646500
2006-04-05,4390.0,0.0,8.4,01646500
2006-04-06,4340.0,0.0,10.5,01646500
2006-04-07,4420.0,4.5,14.5,01646500
2006-04-08,5120.0,25.3,12.9,01646500
2006-04-09,5560.0,0.0,6.9,01646500
2006-04-10,5280.0,0.0,9.5,01646500
2006-04-11,5630.0,0.0,13.1,01646500
2006-04-12,6140.0,0.0,15.3,01646500
2006-04-13,6290.0,1.5,18.8,01646500
2006-04-14,5990.0,0.6,17.5,01646500
2006-04-15,5710.0,3.6,20.3,01646500
2006-04-16,5470.0,0.0,17.1,01646500
2006-04-17,5380.0,6.4,12.7,01646500
2006-04-18,5420.0,0.0,13.2,01646500
2006-04-19,6530.0,0.0,15.5,01646500
2006-04-20,10700.0,0.0,18.0,01646500
2006-04-21,12400.0,1.6,16.8,01646500
2006-04-22,11100.0,30.1,14.7,01646500
2006-04-23,14800.0,12.2,15.6,01646500
2006-04-24,34400.0,0.3,16.7,01646500
2006-04-25,35300.0,0.0,17.1,01646500
2006-04-26,26200.0,3.4,12.4,01646500
2006-04-27,20900.0,0.0,13.7,01646500
2006-04-28,17200.0,0.0,14.1,01646500
2006-04-29,14300.0,0.0,12.3,01646500
2006-04-30,12200.0,0.0,12.8,01646500
2006-05-01,10300.0,0.0,13.5,01646500
2006-05-02,8930.0,0.0,16.2,01646500
2006-05-03,7840.0,0.0,19.2,01646500
2006-05-04,7120.0,0.0,19.6,01646500
2006-05-05,6520.0,0.0,21.5,01646500
2006-05-06,6130.0,0.0,21.0,01646500
2006-05-07,5610.0,0.1,15.4,01646500
2006-05-08,5440.0,5.2,11.6,01646500
2006-05-09,5250.0,0.0,15.2,01646500
2006-05-10,5120.0,0.0,17.7,01646500
2006-05-11,5050.0,6.1,18.0,01646500
2006-05-12,6450.0,29.4,16.2,01646500
2006-05-13,7170.0,0.2,17.1,01646500
2006-05-14,6600.0,0.5,16.7,01646500
2006-05-15,6650.0,4.9,15.1,01646500
2006-05-16,6510.0,0.6,14.9,01646500
2006-05-17,14600.0,3.0,15.5,01646500
2006-05-18,20300.0,0.2,16.7,01646500
2006-05-19,14600.0,1.2,14.8,01646500
2006-05-20,11900.0,0.0,16.4,01646500
2006-05-21,10000.0,0.0,16.7,01646500
2006-05-22,8510.0,0.0,15.2,01646500
2006-05-23,7310.0,0.0,14.1,01646500
2006-05-24,6320.0,0.0,16.8,01646500
2006-05-25,5710.0,0.1,18.7,01646500
2006-05-26,5120.0,2.8,22.7,01646500
2006-05-27,4770.0,0.4,22.5,01646500
2006-05-28,4460.0,0.0,24.3,01646500
2006-05-29,4090.0,0.0,25.6,01646500
2006-05-30,3800.0,1.2,27.4,01646500
2006-05-31,3560.0,0.2,26.7,01646500
2006-06-01,3770.0,1.2,27.4,01646500
2006-06-02,4280.0,9.9,24.3,01646500
2006-06-03,5370.0,5.9,22.1,01646500
2006-06-04,4440.0,1.6,19.8,01646500
2006-06-05,5160.0,0.2,19.1,01646500
2006-06-06,6760.0,0.0,20.0,01646500
2006-06-07,6160.0,0.0,21.4,01646500
2006-06-08,4860.0,1.5,22.6,01646500
2006-06-09,4320.0,3.6,22.1,01646500
2006-06-10,3780.0,0.0,20.2,01646500
2006-06-11,3230.0,0.0,18.7,01646500
2006-06-12,2950.0,1.2,19.2,01646500
2006-06-13,2800.0,0.0,20.9,01646500
2006-06-14,2520.0,0.0,20.9,01646500
2006-06-15,2500.0,0.0,22.5,01646500
2006-06-16,2200.0,0.0,23.2,01646500
2006-06-17,2130.0,0.0,24.9,01646500
2006-06-18,2180.0,0.0,27.5,01646500
2006-06-19,2040.0,2.7,27.7,01646500
2006-06-20,2040.0,0.0,26.0,01646500
2006-06-21,1870.0,0.0,27.2,01646500
2006-06-22,1770.0,1.3,29.2,01646500
2006-06-23,2150.0,6.1,27.9,01646500
2006-06-24,2190.0,29.9,24.6,01646500
2006-06-25,7220.0,35.7,23.1,01646500
2006-06-26,25400.0,27.4,22.9,01646500
2006-06-27,27200.0,33.8,23.0,01646500
2006-06-28,51100.0,20.0,24.6,01646500
2006-06-29,76600.0,0.0,25.1,01646500
2006-06-30,50800.0,0.0,23.0,01646500
2006-07-01,30400.0,0.0,23.9,01646500
2006-07-02,19700.0,0.0,26.4,01646500
2006-07-03,14300.0,0.0,27.5,01646500
2006-07-04,11000.0,0.8,28.3,01646500
2006-07-05,9370.0,12.3,24.8,01646500
2006-07-06,11900.0,12.6,22.4,01646500
2006-07-07,10100.0,0.0,21.6,01646500
2006-07-08,9140.0,0.0,22.1,01646500
2006-07-09,8830.0,0.0,23.0,01646500
2006-07-10,7500.0,0.6,24.2,01646500
2006-07-11,6470.0,0.0,26.7,01646500
2006-07-12,5650.0,3.5,27.6,01646500
2006-07-13,5410.0,11.1,25.7,01646500
2006-07-14,5230.0,1.1,25.5,01646500
2006-07-15,5250.0,9.2,26.1,01646500
2006-07-16,5340.0,0.0,27.6,01646500
2006-07-17,4840.0,0.0,29.0,01646500
2006-07-18,4770.0,0.0,30.2,01646500
2006-07-19,4410.0,1.1,28.0,01646500
2006-07-20,4250.0,0.3,27.0,01646500
2006-07-21,5160.0,0.6,28.2,01646500
2006-07-22,3990.0,13.2,27.3,01646500
2006-07-23,4390.0,0.0,24.4,01646500
2006-07-24,4750.0,0.0,24.8,01646500
2006-07-25,4670.0,2.0,25.2,01646500
2006-07-26,4260.0,0.0,26.2,01646500
2006-07-27,3710.0,0.0,28.2,01646500
2006-07-28,3620.0,0.1,29.0,01646500
2006-07-29,3500.0,0.2,28.6,01646500
2006-07-30,3220.0,0.0,29.1,01646500
2006-07-31,3110.0,0.0,29.8,01646500
2006-08-01,2820.0,0.0,31.2,01646500
2006-08-02,2550.0,0.0,32.2,01646500
2006-08-03,2280.0,0.0,32.2,01646500
2006-08-04,2230.0,0.0,30.9,01646500
2006-08-05,2080.0,0.0,28.7,01646500
2006-08-06,1940.0,0.0,27.5,01646500
2006-08-07,2020.0,9.2,27.7,01646500
2006-08-08,2000.0,0.0,28.0,01646500
2006-08-09,1760.0,0.0,25.7,01646500
2006-08-10,1620.0,9.2,24.0,01646500
2006-08-11,1660.0,0.0,23.7,01646500
2006-08-12,1560.0,0.0,22.5,01646500
2006-08-13,1550.0,0.0,23.0,01646500
2006-08-14,1510.0,0.0,24.9,01646500
2006-08-15,1440.0,0.5,27.2,01646500
2006-08-16,1430.0,0.0,26.2,01646500
2006-08-17,1370.0,0.0,25.2,01646500
2006-08-18,1410.0,0.0,24.9,01646500
2006-08-19,1390.0,0.1,25.8,01646500
2006-08-20,1400.0,0.3,28.5,01646500
2006-08-21,1320.0,0.0,26.3,01646500
2006-08-22,1190.0,0.0,25.7,01646500
2006-08-23,1180.0,0.0,26.2,01646500
2006-08-24,1090.0,0.0,26.8,01646500
2006-08-25,1060.0,0.0,28.3,01646500
2006-08-26,989.0,0.2,28.4,01646500
2006-08-27,968.0,2.6,27.1,01646500
2006-08-28,1260.0,1.7,28.2,01646500
2006-08-29,1670.0,2.3,27.9,01646500
2006-08-30,1660.0,0.2,25.2,01646500
2006-08-31,1650.0,0.3,22.0,01646500
2006-09-01,2130.0,49.1,18.0,01646500
2006-09-02,4560.0,47.5,17.7,01646500
2006-09-03,5680.0,0.0,19.0,01646500
2006-09-04,13700.0,3.6,20.9,01646500
2006-09-05,14800.0,45.2,18.8,01646500
2006-09-06,12200.0,0.4,19.9,01646500
2006-09-07,10100.0,0.0,20.8,01646500
2006-09-08,9350.0,0.8,21.8,01646500
2006-09-09,7940.0,0.0,22.5,01646500
2006-09-10,7010.0,0.5,21.8,01646500
2006-09-11,5840.0,0.5,19.8,01646500
2006-09-12,5410.0,0.0,18.5,01646500
2006-09-13,4820.0,1.9,17.6,01646500
2006-09-14,4770.0,27.3,17.8,01646500
2006-09-15,5330.0,0.1,18.6,01646500
2006-09-16,5520.0,4.0,19.6,01646500
2006-09-17,4540.0,0.0,20.8,01646500
2006-09-18,3890.0,0.0,22.4,01646500
2006-09-19,3530.0,3.1,21.7,01646500
2006-09-20,3150.0,0.0,17.9,01646500
2006-09-21,2830.0,0.0,14.7,01646500
2006-09-22,2610.0,0.5,15.6,01646500
2006-09-23,2510.0,5.4,20.5,01646500
2006-09-24,2360.0,13.3,23.5,01646500
2006-09-25,2280.0,0.0,19.3,01646500
2006-09-26,2200.0,0.0,17.5,01646500
2006-09-27,2340.0,0.0,18.8,01646500
2006-09-28,2180.0,3.9,19.0,01646500
2006-09-29,2930.0,9.6,15.2,01646500
2006-09-30,2440.0,0.8,14.1,01646500
2006-10-01,2350.0,3.5,17.0,01646500
2006-10-02,2380.0,0.0,16.3,01646500
2006-10-03,2330.0,0.0,19.7,01646500
2006-10-04,2400.0,0.0,21.3,01646500
2006-10-05,2960.0,1.3,19.2,01646500
2006-10-06,4040.0,50.9,12.9,01646500
2006-10-07,4540.0,3.1,12.6,01646500
2006-10-08,4650.0,0.0,15.9,01646500
2006-10-09,10500.0,0.0,16.8,01646500
2006-10-10,16500.0,0.2,18.2,01646500
2006-10-11,12900.0,0.1,17.9,01646500
2006-10-12,9820.0,0.0,18.1,01646500
2006-10-13,7530.0,0.0,9.7,01646500
2006-10-14,6210.0,0.0,9.3,01646500
2006-10-15,5330.0,0.0,9.5,01646500
2006-10-16,4700.0,0.0,11.1,01646500
2006-10-17,4530.0,13.1,13.9,01646500
2006-10-18,5340.0,1.9,18.2,01646500
2006-10-19,5770.0,0.0,17.9,01646500
2006-10-20,6740.0,5.2,17.3,01646500
2006-10-21,6950.0,0.0,10.9,01646500
2006-10-22,6420.0,0.0,11.2,01646500
2006-10-23,5760.0,0.7,9.8,01646500
2006-10-24,5070.0,0.0,6.6,01646500
2006-10-25,4600.0,0.0,7.2,01646500
2006-10-26,4280.0,0.0,7.2,01646500
2006-10-27,3970.0,5.3,8.2,01646500
2006-10-28,6230.0,30.1,13.4,01646500
2006-10-29,12200.0,0.0,10.0,01646500
2006-10-30,11600.0,0.0,10.0,01646500
2006-10-31,10200.0,0.0,14.4,01646500
2006-11-01,10800.0,0.3,16.2,01646500
2006-11-02,9800.0,7.8,11.6,01646500
2006-11-03,8810.0,0.0,5.2,01646500
2006-11-04,8410.0,0.0,3.0,01646500
2006-11-05,7270.0,0.0,5.4,01646500
2006-11-06,6700.0,0.0,6.4,01646500
2006-11-07,6160.0,1.8,8.5,01646500
2006-11-08,10800.0,60.9,13.7,01646500
2006-11-09,15800.0,0.0,14.9,01646500
2006-11-10,15200.0,0.0,15.0,01646500
2006-11-11,18600.0,0.0,16.3,01646500
2006-11-12,17000.0,20.6,12.1,01646500
2006-11-13,21200.0,4.6,10.7,01646500
2006-11-14,23400.0,0.0,13.8,01646500
2006-11-15,19900.0,0.2,13.1,01646500
2006-11-16,21600.0,32.6,16.8,01646500
2006-11-17,31300.0,0.0,13.3,01646500
2006-11-18,62200.0,0.0,7.7,01646500
2006-11-19,55100.0,0.0,6.3,01646500
2006-11-20,33800.0,0.0,5.0,01646500
2006-11-21,25000.0,0.0,3.9,01646500
2006-11-22,19900.0,7.3,5.1,01646500
2006-11-23,22500.0,11.4,5.5,01646500
2006-11-24,23400.0,0.0,9.0,01646500
2006-11-25,25300.0,0.0,7.0,01646500
2006-11-26,21000.0,0.0,7.8,01646500
2006-11-27,17400.0,0.0,8.7,01646500
2006-11-28,14800.0,0.0,9.9,01646500
2006-11-29,13000.0,0.0,11.0,01646500
2006-11-30,11700.0,0.0,15.6,01646500
2006-12-01,10800.0,1.2,19.4,01646500
2006-12-02,9970.0,0.0,8.2,01646500
2006-12-03,9240.0,0.0,4.8,01646500
2006-12-04,8550.0,0.0,2.5,01646500
2006-12-05,8140.0,0.0,0.5,01646500
2006-12-06,7630.0,0.0,2.0,01646500
2006-12-07,7050.0,0.0,5.4,01646500
2006-12-08,6970.0,0.0,-1.5,01646500
2006-12-09,6500.0,0.0,-1.6,01646500
2006-12-10,6140.0,0.0,1.7,01646500
2006-12-11,5830.0,0.0,5.6,01646500
2006-12-12,5640.0,0.0,5.6,01646500
2006-12-13,5510.0,3.2,8.5,01646500
2006-12-14,5480.0,0.0,8.0,01646500
2006-12-15,5380.0,0.0,9.7,01646500
2006-12-16,5340.0,0.0,8.0,01646500
2006-12-17,5340.0,0.0,7.5,01646500
2006-12-18,5060.0,0.0,12.6,01646500
2006-12-19,4880.0,0.0,8.5,01646500
2006-12-20,4650.0,0.0,3.7,01646500
2006-12-21,4590.0,0.0,5.1,01646500
2006-12-22,4560.0,6.0,7.9,01646500
2006-12-23,6790.0,12.2,12.5,01646500
2006-12-24,12100.0,0.0,7.2,01646500
2006-12-25,12000.0,10.4,4.6,01646500
2006-12-26,14000.0,1.3,9.7,01646500
2006-12-27,16200.0,0.0,5.8,01646500
2006-12-28,15200.0,0.0,4.2,01646500
2006-12-29,14600.0,0.0,5.0,01646500
2006-12-30,13000.0,0.0,5.6,01646500
2006-12-31,11500.0,0.0,5.2,01646500
2007-01-01,13600.0,30.0,11.0,01646500
2007-01-02,16100.0,0.0,7.4,01646500
2007-01-03,14000.0,0.0,4.6,01646500
2007-01-04,14200.0,0.0,8.4,01646500
2007-01-05,13700.0,3.1,14.0,01646500
2007-01-06,13600.0,3.7,18.1,01646500
2007-01-07,13300.0,0.5,11.0,01646500
2007-01-08,16600.0,17.7,10.1,01646500
2007-01-09,22300.0,0.5,4.0,01646500
2007-01-10,21700.0,0.0,1.6,01646500
2007-01-11,21700.0,0.0,0.3,01646500
2007-01-12,19300.0,0.3,4.9,01646500
2007-01-13,16600.0,2.5,11.1,01646500
2007-01-14,14800.0,5.2,14.1,01646500
2007-01-15,13400.0,0.3,15.7,01646500
2007-01-16,12400.0,0.5,11.0,01646500
2007-01-17,11500.0,0.0,0.1,01646500
2007-01-18,10700.0,0.0,-1.2,01646500
2007-01-19,10000.0,0.1,2.0,01646500
2007-01-20,9490.0,0.0,0.5,01646500
2007-01-21,9000.0,4.3,-1.9,01646500
2007-01-22,8610.0,3.9,-0.3,01646500
2007-01-23,8270.0,0.0,0.4,01646500
2007-01-24,8110.0,0.6,-0.2,01646500
2007-01-25,7940.0,0.4,-1.8,01646500
2007-01-26,7610.0,0.0,-4.3,01646500
2007-01-27,7120.0,0.0,1.6,01646500
2007-01-28,6530.0,0.3,3.3,01646500
2007-01-29,6350.0,0.0,-1.8,01646500
2007-01-30,6180.0,0.1,-1.0,01646500
2007-01-31,5980.0,0.0,-2.2,01646500
2007-02-01,5720.0,0.0,-1.1,01646500
2007-02-02,5810.0,1.2,0.7,01646500
2007-02-03,5840.0,0.0,-0.3,01646500
2007-02-04,5440.0,0.0,-1.7,01646500
2007-02-05,4020.0,0.0,-7.0,01646500
2007-02-06,3340.0,0.0,-8.3,01646500
2007-02-07,3940.0,2.1,-4.6,01646500
2007-02-08,3790.0,0.0,-5.8,01646500
2007-02-09,3670.0,0.0,-4.7,01646500
2007-02-10,3860.0,0.0,-3.1,01646500
2007-02-11,4090.0,0.0,-3.0,01646500
2007-02-12,4140.0,0.0,-0.2,01646500
2007-02-13,4170.0,4.9,0.1,01646500
2007-02-14,3820.0,30.4,-1.4,01646500
2007-02-15,2570.0,0.0,-7.6,01646500
2007-02-16,2600.0,0.0,-9.0,01646500
2007-02-17,4000.0,0.0,-4.4,01646500
2007-02-18,4330.0,0.1,-3.0,01646500
2007-02-19,4710.0,0.0,-4.4,01646500
2007-02-20,5060.0,0.0,4.6,01646500
2007-02-21,5830.0,1.5,7.0,01646500
2007-02-22,10200.0,0.6,5.3,01646500
2007-02-23,16100.0,0.0,1.1,01646500
2007-02-24,19200.0,0.0,-0.7,01646500
2007-02-25,20200.0,14.8,0.4,01646500
2007-02-26,17700.0,7.8,2.7,01646500
2007-02-27,16000.0,0.0,4.4,01646500
2007-02-28,20500.0,0.0,3.2,01646500
2007-03-01,20000.0,0.2,4.1,01646500
2007-03-02,32200.0,18.4,12.3,01646500
2007-03-03,70600.0,0.2,7.7,01646500
2007-03-04,88700.0,0.0,3.3,01646500
2007-03-05,57700.0,0.0,2.6,01646500
2007-03-06,38800.0,0.0,-2.0,01646500
2007-03-07,29100.0,4.3,-2.2,01646500
2007-03-08,23600.0,0.0,-1.4,01646500
2007-03-09,19700.0,0.0,0.4,01646500
2007-03-10,17400.0,0.2,6.3,01646500
2007-03-11,16400.0,4.5,9.5,01646500
2007-03-12,16800.0,0.0,6.2,01646500
2007-03-13,18100.0,0.0,10.5,01646500
2007-03-14,18600.0,0.1,16.7,01646500
2007-03-15,18000.0,1.3,16.0,01646500
2007-03-16,26200.0,41.6,3.2,01646500
2007-03-17,41800.0,2.9,-0.4,01646500
2007-03-18,49000.0,0.0,0.7,01646500
2007-03-19,45000.0,0.0,3.2,01646500
2007-03-20,36900.0,0.0,12.0,01646500
2007-03-21,35800.0,0.0,5.3,01646500
2007-03-22,38800.0,0.0,11.5,01646500
2007-03-23,36100.0,2.9,17.9,01646500
2007-03-24,32000.0,3.5,13.3,01646500
2007-03-25,33800.0,1.3,12.2,01646500
2007-03-26,33600.0,0.0,10.6,01646500
2007-03-27,29100.0,0.0,19.0,01646500
2007-03-28,25200.0,0.0,17.8,01646500
2007-03-29,22200.0,0.0,11.3,01646500
2007-03-30,19700.0,0.0,9.3,01646500
2007-03-31,16900.0,0.0,11.0,01646500
2007-04-01,17300.0,0.4,12.4,01646500
2007-04-02,16200.0,4.7,17.4,01646500
2007-04-03,14700.0,0.0,17.4,01646500
2007-04-04,13900.0,1.8,12.6,01646500
2007-04-05,13100.0,0.0,6.6,01646500
2007-04-06,11800.0,0.0,4.3,01646500
2007-04-07,11000.0,1.5,3.7,01646500
2007-04-08,10200.0,0.0,2.6,01646500
2007-04-09,9610.0,0.0,3.5,01646500
2007-04-10,9070.0,0.0,4.8,01646500
2007-04-11,8650.0,0.0,5.8,01646500
2007-04-12,9420.0,16.5,11.3,01646500
2007-04-13,10100.0,0.0,9.5,01646500
2007-04-14,10400.0,2.5,8.0,01646500
2007-04-15,20000.0,68.9,7.9,01646500
2007-04-16,61800.0,1.2,6.6,01646500
2007-04-17,111000.0,0.2,8.4,01646500
2007-04-18,73700.0,0.0,8.5,01646500
2007-04-19,47300.0,1.3,9.8,01646500
2007-04-20,35800.0,0.0,12.4,01646500
2007-04-21,29000.0,0.0,14.0,01646500
2007-04-22,24000.0,0.0,16.6,01646500
2007-04-23,20400.0,0.0,19.4,01646500
2007-04-24,17700.0,0.0,21.1,01646500
2007-04-25,15600.0,0.0,19.0,01646500
2007-04-26,14100.0,1.1,14.2,01646500
2007-04-27,15600.0,9.4,14.7,01646500
2007-04-28,17400.0,1.0,16.2,01646500
2007-04-29,14900.0,0.7,15.9,01646500
2007-04-30,13500.0,0.0,18.7,01646500
2007-05-01,12100.0,0.0,18.8,01646500
2007-05-02,11100.0,0.0,20.5,01646500
2007-05-03,10200.0,0.0,16.8,01646500
2007-05-04,9540.0,0.0,15.3,01646500
2007-05-05,9090.0,0.0,14.7,01646500
2007-05-06,8940.0,0.0,13.6,01646500
2007-05-07,8220.0,0.0,12.1,01646500
2007-05-08,7790.0,0.0,14.2,01646500
2007-05-09,7470.0,0.0,19.5,01646500
2007-05-10,7210.0,0.2,21.2,01646500
2007-05-11,6970.0,0.0,23.1,01646500
2007-05-12,6800.0,0.2,22.4,01646500
2007-05-13,7300.0,17.2,17.6,01646500
2007-05-14,7130.0,0.0,15.6,01646500
2007-05-15,6650.0,0.0,20.5,01646500
2007-05-16,6640.0,8.4,23.5,01646500
2007-05-17,6540.0,0.4,17.3,01646500
2007-05-18,6200.0,4.8,14.3,01646500
2007-05-19,6010.0,0.5,14.8,01646500
2007-05-20,5800.0,1.0,18.8,01646500
2007-05-21,5870.0,0.0,19.4,01646500
2007-05-22,6040.0,0.0,19.4,01646500
2007-05-23,6170.0,0.0,19.5,01646500
2007-05-24,5620.0,0.0,20.1,01646500
2007-05-25,5140.0,0.0,22.6,01646500
2007-05-26,4820.0,0.0,25.8,01646500
2007-05-27,4490.0,0.2,26.0,01646500
2007-05-28,4390.0,1.1,25.0,01646500
2007-05-29,4600.0,0.0,24.2,01646500
2007-05-30,4380.0,0.0,24.2,01646500
2007-05-31,4130.0,0.0,25.6,01646500
2007-06-01,3840.0,0.0,26.4,01646500
2007-06-02,3620.0,0.7,26.3,01646500
2007-06-03,3710.0,16.3,22.0,01646500
2007-06-04,4190.0,3.4,22.0,01646500
2007-06-05,4780.0,0.0,23.9,01646500
2007-06-06,4700.0,1.0,20.9,01646500
2007-06-07,4450.0,0.0,22.1,01646500
2007-06-08,4810.0,0.0,27.2,01646500
2007-06-09,4930.0,0.0,27.4,01646500
2007-06-10,4310.0,1.0,22.6,01646500
2007-06-11,3870.0,0.0,23.3,01646500
2007-06-12,3440.0,0.4,24.3,01646500
2007-06-13,3680.0,1.6,22.8,01646500
2007-06-14,4140.0,2.0,18.5,01646500
2007-06-15,3700.0,0.0,18.2,01646500
2007-06-16,3640.0,0.0,21.0,01646500
2007-06-17,3680.0,0.0,24.7,01646500
2007-06-18,3430.0,0.0,28.1,01646500
2007-06-19,3080.0,0.0,28.9,01646500
2007-06-20,2990.0,0.1,26.8,01646500
2007-06-21,2850.0,0.0,24.5,01646500
2007-06-22,2630.0,0.0,24.5,01646500
2007-06-23,2600.0,0.0,22.4,01646500
2007-06-24,2590.0,0.0,23.6,01646500
2007-06-25,2460.0,5.2,25.8,01646500
2007-06-26,2370.0,4.6,26.3,01646500
2007-06-27,2240.0,1.9,29.1,01646500
2007-06-28,2070.0,3.5,28.2,01646500
2007-06-29,2150.0,6.0,24.5,01646500
2007-06-30,2150.0,4.3,22.9,01646500
2007-07-01,2260.0,0.0,22.7,01646500
2007-07-02,2370.0,0.0,21.6,01646500
2007-07-03,2320.0,0.0,21.7,01646500
2007-07-04,2340.0,2.8,23.8,01646500
2007-07-05,2460.0,24.5,24.4,01646500
2007-07-06,2490.0,0.6,25.0,01646500
2007-07-07,2130.0,0.0,25.9,01646500
2007-07-08,2040.0,0.0,27.5,01646500
2007-07-09,1850.0,0.0,29.3,01646500
2007-07-10,1800.0,0.4,30.1,01646500
2007-07-11,2050.0,0.5,28.0,01646500
2007-07-12,1980.0,0.0,24.9,01646500
2007-07-13,1650.0,0.0,25.4,01646500
2007-07-14,1660.0,0.0,24.7,01646500
2007-07-15,1470.0,0.0,27.7,01646500
2007-07-16,1410.0,0.7,27.6,01646500
2007-07-17,1400.0,0.0,27.5,01646500
2007-07-18,1470.0,0.4,28.0,01646500
2007-07-19,1360.0,4.3,28.2,01646500
2007-07-20,1380.0,2.1,25.8,01646500
2007-07-21,1210.0,0.0,23.6,01646500
2007-07-22,1120.0,0.0,24.4,01646500
2007-07-23,1090.0,0.0,23.9,01646500
2007-07-24,1030.0,0.2,24.7,01646500
2007-07-25,996.0,4.4,24.3,01646500
2007-07-26,982.0,0.0,26.5,01646500
2007-07-27,1010.0,2.7,27.3,01646500
2007-07-28,1130.0,0.3,27.3,01646500
2007-07-29,1240.0,19.4,25.5,01646500
2007-07-30,2370.0,7.9,25.0,01646500
2007-07-31,2250.0,2.1,26.0,01646500
2007-08-01,2170.0,0.0,27.1,01646500
2007-08-02,2330.0,0.0,28.3,01646500
2007-08-03,1770.0,1.6,28.6,01646500
2007-08-04,1460.0,0.0,29.3,01646500
2007-08-05,1330.0,1.6,28.8,01646500
2007-08-06,1270.0,12.5,27.2,01646500
2007-08-07,1260.0,0.0,29.9,01646500
2007-08-08,1180.0,0.1,31.7,01646500
2007-08-09,1100.0,0.0,30.8,01646500
2007-08-10,1380.0,1.8,28.5,01646500
2007-08-11,1460.0,0.0,25.2,01646500
2007-08-12,1630.0,0.0,26.0,01646500
2007-08-13,1800.0,0.0,27.9,01646500
2007-08-14,1750.0,0.0,26.6,01646500
2007-08-15,1540.0,0.0,26.7,01646500
2007-08-16,1450.0,0.2,29.1,01646500
2007-08-17,1460.0,9.6,28.4,01646500
2007-08-18,1280.0,0.0,25.0,01646500
2007-08-19,1170.0,0.0,22.9,01646500
2007-08-20,1940.0,10.1,20.3,01646500
2007-08-21,2420.0,20.1,21.3,01646500
2007-08-22,2660.0,8.4,19.4,01646500
2007-08-23,5020.0,0.2,22.6,01646500
2007-08-24,7810.0,0.0,26.1,01646500
2007-08-25,5480.0,3.6,28.8,01646500
2007-08-26,4490.0,2.8,26.1,01646500
2007-08-27,3750.0,0.0,25.2,01646500
2007-08-28,3050.0,0.0,25.0,01646500
2007-08-29,3090.0,0.0,25.1,01646500
2007-08-30,3110.0,0.0,24.9,01646500
2007-08-31,2800.0,0.0,25.3,01646500
2007-09-01,2220.0,0.0,23.3,01646500
2007-09-02,2010.0,0.0,22.5,01646500
2007-09-03,1810.0,0.0,23.9,01646500
2007-09-04,1540.0,0.0,25.9,01646500
2007-09-05,1430.0,0.0,26.0,01646500
2007-09-06,1350.0,0.0,26.2,01646500
2007-09-07,1370.0,0.2,27.0,01646500
2007-09-08,1300.0,0.0,27.0,01646500
2007-09-09,1150.0,0.0,25.3,01646500
2007-09-10,1050.0,0.6,27.0,01646500
2007-09-11,1180.0,11.2,24.7,01646500
2007-09-12,1240.0,0.0,22.4,01646500
2007-09-13,1180.0,0.0,21.0,01646500
2007-09-14,1220.0,0.7,22.7,01646500
2007-09-15,1450.0,22.0,19.5,01646500
2007-09-16,1370.0,0.0,15.5,01646500
2007-09-17,1270.0,0.0,16.1,01646500
2007-09-18,1240.0,0.0,16.9,01646500
2007-09-19,1160.0,0.0,18.5,01646500
2007-09-20,1140.0,0.0,20.0,01646500
2007-09-21,1170.0,0.0,21.8,01646500
2007-09-22,1170.0,0.5,23.9,01646500
2007-09-23,1070.0,0.0,24.8,01646500
2007-09-24,953.0,0.0,21.3,01646500
2007-09-25,937.0,0.0,22.8,01646500
2007-09-26,846.0,0.1,25.2,01646500
2007-09-27,752.0,0.0,25.4,01646500
2007-09-28,943.0,0.7,22.9,01646500
2007-09-29,1000.0,0.0,20.0,01646500
2007-09-30,1050.0,0.0,19.4,01646500
2007-10-01,1040.0,0.0,19.3,01646500
2007-10-02,1030.0,0.0,20.0,01646500
2007-10-03,1000.0,0.0,22.0,01646500
2007-10-04,940.0,0.0,23.4,01646500
2007-10-05,940.0,0.0,23.0,01646500
2007-10-06,884.0,0.0,23.3,01646500
2007-10-07,836.0,0.0,24.8,01646500
2007-10-08,748.0,0.0,25.6,01646500
2007-10-09,667.0,0.0,27.1,01646500
2007-10-10,656.0,0.6,24.7,01646500
2007-10-11,610.0,0.0,18.0,01646500
2007-10-12,637.0,0.0,15.4,01646500
2007-10-13,635.0,0.0,14.5,01646500
2007-10-14,800.0,0.0,14.9,01646500
2007-10-15,915.0,0.0,16.3,01646500
2007-10-16,830.0,0.0,18.3,01646500
2007-10-17,648.0,0.0,20.3,01646500
2007-10-18,606.0,0.0,21.0,01646500
2007-10-19,1120.0,5.7,21.6,01646500
2007-10-20,1560.0,1.0,19.6,01646500
2007-10-21,1050.0,0.0,17.8,01646500
2007-10-22,994.0,0.0,18.9,01646500
2007-10-23,1350.0,0.0,22.0,01646500
2007-10-24,1380.0,7.3,20.8,01646500
2007-10-25,2410.0,10.7,13.6,01646500
2007-10-26,2500.0,18.5,14.4,01646500
2007-10-27,4130.0,27.9,18.4,01646500
2007-10-28,3770.0,0.0,13.2,01646500
2007-10-29,3840.0,0.0,8.9,01646500
2007-10-30,4470.0,0.0,10.0,01646500
2007-10-31,5270.0,0.0,11.7,01646500
2007-11-01,4380.0,0.0,14.2,01646500
2007-11-02,3440.0,0.0,10.7,01646500
2007-11-03,2840.0,0.0,10.7,01646500
2007-11-04,2400.0,0.0,10.5,01646500
2007-11-05,2180.0,0.0,10.1,01646500
2007-11-06,2030.0,2.2,10.7,01646500
2007-11-07,1880.0,0.0,7.4,01646500
2007-11-08,1680.0,0.0,4.6,01646500
2007-11-09,1610.0,0.8,5.7,01646500
2007-11-10,1680.0,2.1,6.3,01646500
2007-11-11,1550.0,0.0,5.4,01646500
2007-11-12,1650.0,1.4,9.1,01646500
2007-11-13,1730.0,1.7,12.6,01646500
2007-11-14,1810.0,0.0,12.3,01646500
2007-11-15,2270.0,15.4,12.4,01646500
2007-11-16,2810.0,0.0,6.0,01646500
2007-11-17,2910.0,0.0,4.8,01646500
2007-11-18,3340.0,0.1,7.5,01646500
2007-11-19,3300.0,1.3,7.0,01646500
2007-11-20,3060.0,0.1,10.2,01646500
2007-11-21,2860.0,0.0,14.1,01646500
2007-11-22,2890.0,1.0,16.5,01646500
2007-11-23,2630.0,0.0,5.9,01646500
2007-11-24,2430.0,0.0,1.9,01646500
2007-11-25,2350.0,0.0,5.4,01646500
2007-11-26,2150.0,3.9,9.7,01646500
2007-11-27,2200.0,1.8,12.4,01646500
2007-11-28,2120.0,0.0,5.5,01646500
2007-11-29,2130.0,0.0,6.4,01646500
2007-11-30,2180.0,0.0,4.9,01646500
2007-12-01,2110.0,0.0,2.6,01646500
2007-12-02,2040.0,4.3,3.9,01646500
2007-12-03,2250.0,12.1,7.6,01646500
2007-12-04,2350.0,0.0,2.3,01646500
2007-12-05,2790.0,4.4,-0.3,01646500
2007-12-06,2980.0,1.9,-3.2,01646500
2007-12-07,3260.0,0.6,-2.6,01646500
2007-12-08,3290.0,4.7,2.8,01646500
2007-12-09,3170.0,0.8,4.5,01646500
2007-12-10,3240.0,2.6,8.6,01646500
2007-12-11,3380.0,1.9,7.8,01646500
2007-12-12,5380.0,0.0,12.4,01646500
2007-12-13,10300.0,4.7,5.0,01646500
2007-12-14,9990.0,0.0,4.7,01646500
2007-12-15,9150.0,0.0,2.1,01646500
2007-12-16,14200.0,17.3,4.8,01646500
2007-12-17,19100.0,0.0,1.3,01646500
2007-12-18,20600.0,0.0,0.1,01646500
2007-12-19,17400.0,0.0,2.1,01646500
2007-12-20,14600.0,0.0,3.0,01646500
2007-12-21,11400.0,0.0,2.5,01646500
2007-12-22,9480.0,0.0,5.7,01646500
2007-12-23,7990.0,6.6,9.9,01646500
2007-12-24,7280.0,0.8,6.7,01646500
2007-12-25,6610.0,0.0,4.3,01646500
2007-12-26,7650.0,2.3,1.9,01646500
2007-12-27,8380.0,0.1,3.3,01646500
2007-12-28,8150.0,0.7,5.2,01646500
2007-12-29,7990.0,13.3,9.2,01646500
2007-12-30,8090.0,3.1,3.9,01646500
2007-12-31,9120.0,2.8,4.6,01646500
2008-01-01,11200.0,0.0,5.4,01646500
2008-01-02,10400.0,0.0,0.6,01646500
2008-01-03,9740.0,0.0,-3.0,01646500
2008-01-04,8870.0,0.0,-1.9,01646500
2008-01-05,7720.0,0.0,0.2,01646500
2008-01-06,6780.0,3.8,4.9,01646500
2008-01-07,6300.0,0.0,11.3,01646500
2008-01-08,5820.0,0.0,13.7,01646500
2008-01-09,5530.0,2.7,15.1,01646500
2008-01-10,5510.0,2.9,6.8,01646500
2008-01-11,5890.0,14.2,10.7,01646500
2008-01-12,5830.0,0.0,7.0,01646500
2008-01-13,11700.0,0.7,4.0,01646500
2008-01-14,16800.0,0.4,3.8,01646500
2008-01-15,14400.0,0.0,0.7,01646500
2008-01-16,11800.0,0.0,0.7,01646500
2008-01-17,10200.0,11.6,0.8,01646500
2008-01-18,8970.0,2.8,2.0,01646500
2008-01-19,7960.0,0.0,-0.0,01646500
2008-01-20,7440.0,0.0,-3.5,01646500
2008-01-21,6830.0,0.0,-7.4,01646500
2008-01-22,5910.0,0.6,-3.3,01646500
2008-01-23,5130.0,0.1,1.6,01646500
2008-01-24,4840.0,0.0,-0.1,01646500
2008-01-25,4970.0,0.0,-2.3,01646500
2008-01-26,4520.0,0.0,-1.1,01646500
2008-01-27,4340.0,0.0,0.5,01646500
2008-01-28,4230.0,0.0,1.0,01646500
2008-01-29,4270.0,0.0,3.4,01646500
2008-01-30,4300.0,1.6,7.2,01646500
2008-01-31,4200.0,0.0,0.5,01646500
2008-02-01,6950.0,34.0,3.4,01646500
2008-02-02,15000.0,0.0,3.2,01646500
2008-02-03,18900.0,0.0,4.3,01646500
2008-02-04,17400.0,0.0,6.5,01646500
2008-02-05,18300.0,0.7,10.3,01646500
2008-02-06,17000.0,0.1,17.6,01646500
2008-02-07,15600.0,1.2,11.7,01646500
2008-02-08,18000.0,0.0,4.7,01646500
2008-02-09,20100.0,0.2,6.0,01646500
2008-02-10,18000.0,0.0,6.0,01646500
2008-02-11,15400.0,0.0,-4.7,01646500
2008-02-12,13300.0,1.6,-2.6,01646500
2008-02-13,12800.0,16.4,1.4,01646500
2008-02-14,15300.0,0.6,0.3,01646500
2008-02-15,15200.0,0.0,4.0,01646500
2008-02-16,13400.0,0.0,3.0,01646500
2008-02-17,12800.0,0.2,3.0,01646500
2008-02-18,12100.0,13.4,13.7,01646500
2008-02-19,11800.0,0.1,4.7,01646500
2008-02-20,12200.0,1.3,-0.0,01646500
2008-02-21,12000.0,0.2,-2.6,01646500
2008-02-22,11000.0,6.0,-0.8,01646500
2008-02-23,10200.0,0.0,1.7,01646500
2008-02-24,9450.0,0.0,1.2,01646500
2008-02-25,8880.0,0.1,3.6,01646500
2008-02-26,8540.0,7.6,5.7,01646500
2008-02-27,8680.0,0.0,3.8,01646500
2008-02-28,11000.0,0.0,-1.9,01646500
2008-02-29,10400.0,0.0,0.0,01646500
2008-03-01,9810.0,0.4,4.8,01646500
2008-03-02,9010.0,0.0,2.8,01646500
2008-03-03,8540.0,0.0,7.6,01646500
2008-03-04,8340.0,0.7,15.7,01646500
2008-03-05,11600.0,22.8,13.0,01646500
2008-03-06,57600.0,0.0,6.1,01646500
2008-03-07,71700.0,10.3,5.3,01646500
2008-03-08,44400.0,17.0,8.9,01646500
2008-03-09,39800.0,0.0,2.1,01646500
2008-03-10,35500.0,0.0,4.2,01646500
2008-03-11,27900.0,0.5,6.2,01646500
2008-03-12,23600.0,0.0,7.2,01646500
2008-03-13,20200.0,0.0,7.3,01646500
2008-03-14,17600.0,0.1,10.9,01646500
2008-03-15,15500.0,1.5,11.4,01646500
2008-03-16,14000.0,7.1,8.7,01646500
2008-03-17,13100.0,0.0,4.9,01646500
2008-03-18,12200.0,1.6,7.1,01646500
2008-03-19,11800.0,12.5,12.5,01646500
2008-03-20,13400.0,4.6,11.0,01646500
2008-03-21,21200.0,0.0,6.7,01646500
2008-03-22,24000.0,0.0,6.4,01646500
2008-03-23,22900.0,0.0,4.7,01646500
2008-03-24,20100.0,0.4,5.0,01646500
2008-03-25,17100.0,0.0,4.5,01646500
2008-03-26,14600.0,0.0,11.5,01646500
2008-03-27,12900.0,5.1,10.1,01646500
2008-03-28,11700.0,1.0,14.2,01646500
2008-03-29,10600.0,0.0,7.3,01646500
2008-03-30,9910.0,0.0,5.7,01646500
2008-03-31,9160.0,0.0,8.3,01646500
2008-04-01,8450.0,3.7,16.0,01646500
2008-04-02,7830.0,0.0,11.0,01646500
2008-04-03,7500.0,3.7,6.2,01646500
2008-04-04,8300.0,9.6,9.5,01646500
2008-04-05,8080.0,3.1,14.6,01646500
2008-04-06,8420.0,10.5,9.3,01646500
2008-04-07,8360.0,0.1,7.6,01646500
2008-04-08,8110.0,0.0,9.0,01646500
2008-04-09,7880.0,0.0,11.5,01646500
2008-04-10,9020.0,0.0,15.2,01646500
2008-04-11,9650.0,0.0,18.5,01646500
2008-04-12,10100.0,1.0,21.1,01646500
2008-04-13,12500.0,0.3,12.9,01646500
2008-04-14,13200.0,0.2,9.1,01646500
2008-04-15,13600.0,0.0,9.5,01646500
2008-04-16,12000.0,0.0,10.7,01646500
2008-04-17,10400.0,0.0,13.8,01646500
2008-04-18,9300.0,0.0,17.8,01646500
2008-04-19,8370.0,0.0,19.0,01646500
2008-04-20,10900.0,17.1,16.2,01646500
2008-04-21,34600.0,14.7,14.9,01646500
2008-04-22,71800.0,1.4,15.7,01646500
2008-04-23,62200.0,0.0,16.7,01646500
2008-04-24,42300.0,0.0,18.3,01646500
2008-04-25,33100.0,0.0,19.1,01646500
2008-04-26,26300.0,0.4,20.6,01646500
2008-04-27,24100.0,8.6,14.8,01646500
2008-04-28,37700.0,20.2,13.1,01646500
2008-04-29,44100.0,0.2,12.0,01646500
2008-04-30,46900.0,0.3,10.9,01646500
2008-05-01,40300.0,0.2,12.4,01646500
2008-05-02,31300.0,0.0,18.9,01646500
2008-05-03,25400.0,0.3,21.0,01646500
2008-05-04,21200.0,0.9,19.3,01646500
2008-05-05,18500.0,0.0,16.4,01646500
2008-05-06,18800.0,0.0,17.7,01646500
2008-05-07,15800.0,0.0,19.3,01646500
2008-05-08,13800.0,0.8,21.4,01646500
2008-05-09,17000.0,45.7,16.8,01646500
2008-05-10,15200.0,12.3,13.0,01646500
2008-05-11,16000.0,6.4,13.1,01646500
2008-05-12,88800.0,51.1,8.9,01646500
2008-05-13,128000.0,0.3,13.3,01646500
2008-05-14,99900.0,0.0,16.8,01646500
2008-05-15,61500.0,0.5,19.2,01646500
2008-05-16,43300.0,17.5,18.1,01646500
2008-05-17,37900.0,0.0,16.0,01646500
2008-05-18,43000.0,1.6,17.7,01646500
2008-05-19,38000.0,0.0,14.3,01646500
2008-05-20,32500.0,8.9,12.6,01646500
2008-05-21,31200.0,0.0,13.7,01646500
2008-05-22,34400.0,0.0,14.2,01646500
2008-05-23,34100.0,0.0,14.3,01646500
2008-05-24,27500.0,0.0,16.4,01646500
2008-05-25,22800.0,0.0,17.5,01646500
2008-05-26,18000.0,0.0,20.1,01646500
2008-05-27,15100.0,5.6,23.5,01646500
2008-05-28,13500.0,3.0,18.3,01646500
2008-05-29,12600.0,0.0,17.1,01646500
2008-05-30,11800.0,0.0,20.3,01646500
2008-05-31,11300.0,2.7,24.1,01646500
2008-06-01,11100.0,1.0,24.0,01646500
2008-06-02,11400.0,0.0,21.2,01646500
2008-06-03,12700.0,6.1,21.6,01646500
2008-06-04,13400.0,31.9,23.7,01646500
2008-06-05,16800.0,1.7,25.0,01646500
2008-06-06,14900.0,0.0,24.8,01646500
2008-06-07,20900.0,0.0,28.0,01646500
2008-06-08,17500.0,0.0,29.1,01646500
2008-06-09,12700.0,0.0,29.8,01646500
2008-06-10,9850.0,1.7,29.7,01646500
2008-06-11,8860.0,0.0,26.4,01646500
2008-06-12,7810.0,0.0,25.8,01646500
2008-06-13,6620.0,0.0,26.3,01646500
2008-06-14,5880.0,3.7,26.6,01646500
2008-06-15,6320.0,6.0,24.7,01646500
2008-06-16,6170.0,1.7,24.5,01646500
2008-06-17,6950.0,1.3,21.9,01646500
2008-06-18,6880.0,0.0,20.0,01646500
2008-06-19,6450.0,0.0,19.3,01646500
2008-06-20,6410.0,0.0,21.9,01646500
2008-06-21,6230.0,0.7,23.7,01646500
2008-06-22,5540.0,5.4,23.9,01646500
2008-06-23,5050.0,0.0,24.3,01646500
2008-06-24,4640.0,0.0,23.0,01646500
2008-06-25,4380.0,0.0,24.4,01646500
2008-06-26,5110.0,0.0,26.9,01646500
2008-06-27,5070.0,7.2,27.9,01646500
2008-06-28,4650.0,0.0,27.0,01646500
2008-06-29,4390.0,3.3,27.3,01646500
2008-06-30,3930.0,5.2,24.8,01646500
2008-07-01,3930.0,3.8,22.5,01646500
2008-07-02,3860.0,0.0,23.8,01646500
2008-07-03,3490.0,0.0,25.4,01646500
2008-07-04,3420.0,6.0,25.6,01646500
2008-07-05,3610.0,11.0,23.3,01646500
2008-07-06,3800.0,17.7,23.0,01646500
2008-07-07,3960.0,1.8,24.7,01646500
2008-07-08,4960.0,1.0,25.9,01646500
2008-07-09,4860.0,10.9,24.9,01646500
2008-07-10,5290.0,0.0,25.7,01646500
2008-07-11,6020.0,0.0,25.4,01646500
2008-07-12,5690.0,0.0,26.3,01646500
2008-07-13,4810.0,1.7,26.9,01646500
2008-07-14,5060.0,30.6,24.4,01646500
2008-07-15,4810.0,0.0,24.6,01646500
2008-07-16,4230.0,0.0,25.4,01646500
2008-07-17,3870.0,0.2,26.9,01646500
2008-07-18,3750.0,0.0,28.2,01646500
2008-07-19,3330.0,0.0,28.0,01646500
2008-07-20,2910.0,0.0,29.2,01646500
2008-07-21,2610.0,0.0,28.7,01646500
2008-07-22,2500.0,0.0,29.3,01646500
2008-07-23,2420.0,16.6,26.9,01646500
2008-07-24,2850.0,1.5,23.7,01646500
2008-07-25,3300.0,0.0,24.4,01646500
2008-07-26,4140.0,0.0,25.4,01646500
2008-07-27,4780.0,2.7,26.3,01646500
2008-07-28,4310.0,0.0,25.3,01646500
2008-07-29,3490.0,0.0,26.5,01646500
2008-07-30,2970.0,0.0,27.3,01646500
2008-07-31,2550.0,0.1,27.0,01646500
2008-08-01,2320.0,0.0,27.5,01646500
2008-08-02,2250.0,14.2,26.3,01646500
2008-08-03,2230.0,0.0,24.8,01646500
2008-08-04,2180.0,0.0,24.7,01646500
2008-08-05,2190.0,0.3,25.9,01646500
2008-08-06,2380.0,0.0,27.0,01646500
2008-08-07,2760.0,1.8,26.3,01646500
2008-08-08,2660.0,0.0,23.8,01646500
2008-08-09,2300.0,0.0,23.0,01646500
2008-08-10,2080.0,1.4,23.8,01646500
2008-08-11,1840.0,0.0,21.2,01646500
2008-08-12,1680.0,0.0,22.3,01646500
2008-08-13,1580.0,0.0,23.7,01646500
2008-08-14,1540.0,7.5,23.9,01646500
2008-08-15,1770.0,0.0,22.5,01646500
2008-08-16,1720.0,0.3,23.4,01646500
2008-08-17,1620.0,0.0,23.6,01646500
2008-08-18,1540.0,0.0,25.4,01646500
2008-08-19,1460.0,0.0,26.7,01646500
2008-08-20,1350.0,0.0,23.8,01646500
2008-08-21,1310.0,0.0,23.3,01646500
2008-08-22,1270.0,0.0,23.5,01646500
2008-08-23,1220.0,0.0,23.5,01646500
2008-08-24,1170.0,0.0,25.2,01646500
2008-08-25,1130.0,1.8,26.2,01646500
2008-08-26,996.0,0.0,23.6,01646500
2008-08-27,1090.0,0.0,22.7,01646500
2008-08-28,1180.0,16.7,20.8,01646500
2008-08-29,1710.0,9.7,21.1,01646500
2008-08-30,1870.0,0.0,23.7,01646500
2008-08-31,2040.0,0.0,25.4,01646500
2008-09-01,2620.0,0.0,23.3,01646500
2008-09-02,3400.0,0.0,23.7,01646500
2008-09-03,2890.0,0.0,25.4,01646500
2008-09-04,2320.0,0.0,27.7,01646500
2008-09-05,2160.0,1.8,26.2,01646500
2008-09-06,14000.0,122.4,23.3,01646500
2008-09-07,14800.0,0.0,22.7,01646500
2008-09-08,7580.0,0.0,23.7,01646500
2008-09-09,4070.0,14.1,23.0,01646500
2008-09-10,3010.0,0.2,20.7,01646500
2008-09-11,2430.0,0.0,21.2,01646500
2008-09-12,2260.0,2.0,22.1,01646500
2008-09-13,2200.0,3.1,24.5,01646500
2008-09-14,2150.0,0.0,26.9,01646500
2008-09-15,2320.0,0.0,26.2,01646500
2008-09-16,2270.0,0.0,20.7,01646500
2008-09-17,2240.0,0.0,18.9,01646500
2008-09-18,2030.0,0.0,19.8,01646500
2008-09-19,1990.0,0.1,19.0,01646500
2008-09-20,1820.0,0.0,16.8,01646500
2008-09-21,1670.0,0.0,18.6,01646500
2008-09-22,1570.0,0.0,19.9,01646500
2008-09-23,1550.0,0.0,19.8,01646500
2008-09-24,1750.0,0.0,17.3,01646500
2008-09-25,2070.0,9.5,16.3,01646500
2008-09-26,1900.0,17.3,16.4,01646500
2008-09-27,2000.0,9.5,21.2,01646500
2008-09-28,3500.0,8.6,21.2,01646500
2008-09-29,5400.0,0.0,20.1,01646500
2008-09-30,6330.0,9.2,19.0,01646500
2008-10-01,7020.0,7.4,17.0,01646500
2008-10-02,6480.0,0.0,14.4,01646500
2008-10-03,4740.0,0.0,14.9,01646500
2008-10-04,3740.0,0.0,16.5,01646500
2008-10-05,3170.0,0.0,17.6,01646500
2008-10-06,2770.0,0.0,15.7,01646500
2008-10-07,2470.0,0.0,13.2,01646500
2008-10-08,2320.0,0.0,14.0,01646500
2008-10-09,2160.0,0.4,19.4,01646500
2008-10-10,2020.0,0.0,19.3,01646500
2008-10-11,2010.0,0.0,16.8,01646500
2008-10-12,1850.0,0.0,16.8,01646500
2008-10-13,1840.0,0.0,17.8,01646500
2008-10-14,1680.0,0.0,19.5,01646500
2008-10-15,1670.0,0.0,21.5,01646500
2008-10-16,1620.0,0.9,21.8,01646500
2008-10-17,1620.0,0.0,16.2,01646500
2008-10-18,1580.0,0.0,12.6,01646500
2008-10-19,1520.0,0.0,10.8,01646500
2008-10-20,1460.0,0.0,9.7,01646500
2008-10-21,1430.0,0.0,10.9,01646500
2008-10-22,1410.0,0.0,9.9,01646500
2008-10-23,1380.0,0.0,8.2,01646500
2008-10-24,1390.0,0.0,10.1,01646500
2008-10-25,1780.0,23.1,14.8,01646500
2008-10-26,2740.0,0.0,12.1,01646500
2008-10-27,3200.0,1.8,9.9,01646500
2008-10-28,3400.0,3.7,6.7,01646500
2008-10-29,2950.0,0.1,7.1,01646500
2008-10-30,2680.0,0.0,6.2,01646500
2008-10-31,2530.0,0.0,8.4,01646500
2008-11-01,2370.0,0.0,12.3,01646500
2008-11-02,2160.0,0.0,12.9,01646500
2008-11-03,2040.0,0.1,12.3,01646500
2008-11-04,2030.0,2.9,12.8,01646500
2008-11-05,2010.0,1.8,14.2,01646500
2008-11-06,1870.0,6.0,15.7,01646500
2008-11-07,1860.0,0.1,16.9,01646500
2008-11-08,1860.0,3.3,15.0,01646500
2008-11-09,1800.0,1.5,10.8,01646500
2008-11-10,1750.0,0.0,7.7,01646500
2008-11-11,1690.0,0.0,4.6,01646500
2008-11-12,1660.0,0.0,7.8,01646500
2008-11-13,1940.0,17.7,8.5,01646500
2008-11-14,2310.0,0.0,10.3,01646500
2008-11-15,2670.0,5.9,15.8,01646500
2008-11-16,3380.0,0.0,9.0,01646500
2008-11-17,3640.0,0.6,4.8,01646500
2008-11-18,3750.0,0.0,2.0,01646500
2008-11-19,3310.0,0.0,0.6,01646500
2008-11-20,3120.0,0.0,2.9,01646500
2008-11-21,2960.0,0.4,1.6,01646500
2008-11-22,2710.0,0.0,-0.5,01646500
2008-11-23,2480.0,0.0,-0.3,01646500
2008-11-24,2280.0,0.2,1.7,01646500
2008-11-25,2260.0,7.4,5.7,01646500
2008-11-26,2210.0,0.0,3.5,01646500
2008-11-27,2320.0,0.0,2.8,01646500
2008-11-28,2270.0,0.0,4.9,01646500
2008-11-29,2220.0,0.0,3.5,01646500
2008-11-30,2390.0,13.2,3.9,01646500
2008-12-01,2830.0,5.2,7.4,01646500
2008-12-02,3030.0,0.0,4.4,01646500
2008-12-03,3790.0,0.0,2.4,01646500
2008-12-04,3350.0,0.1,5.8,01646500
2008-12-05,3130.0,1.6,3.0,01646500
2008-12-06,3000.0,0.4,-0.8,01646500
2008-12-07,2890.0,0.0,-0.6,01646500
2008-12-08,2610.0,0.0,-2.6,01646500
2008-12-09,2510.0,0.0,2.7,01646500
2008-12-10,2340.0,9.8,14.2,01646500
2008-12-11,2820.0,23.3,6.7,01646500
2008-12-12,12600.0,30.0,4.3,01646500
2008-12-13,31400.0,0.0,0.4,01646500
2008-12-14,29700.0,0.0,1.4,01646500
2008-12-15,22200.0,0.0,11.2,01646500
2008-12-16,16200.0,10.2,6.8,01646500
2008-12-17,14900.0,6.1,5.1,01646500
2008-12-18,15400.0,0.0,4.3,01646500
2008-12-19,16600.0,8.2,5.6,01646500
2008-12-20,23900.0,0.5,5.1,01646500
2008-12-21,34400.0,1.9,2.0,01646500
2008-12-22,25700.0,0.0,-3.9,01646500
2008-12-23,19300.0,0.0,-4.1,01646500
2008-12-24,14700.0,4.0,4.1,01646500
2008-12-25,12400.0,2.1,8.8,01646500
2008-12-26,13200.0,0.0,1.3,01646500
2008-12-27,14500.0,0.0,8.1,01646500
2008-12-28,12900.0,1.6,15.6,01646500
2008-12-29,12600.0,0.0,7.0,01646500
2008-12-30,11800.0,0.0,6.0,01646500
2008-12-31,10400.0,0.0,3.2,01646500
2009-01-01,9330.0,0.0,-1.8,01646500
2009-01-02,8220.0,0.0,0.1,01646500
2009-01-03,7520.0,0.0,1.4,01646500
2009-01-04,6670.0,0.0,1.2,01646500
2009-01-05,6400.0,0.0,5.5,01646500
2009-01-06,6110.0,4.4,2.6,01646500
2009-01-07,9390.0,36.2,2.9,01646500
2009-01-08,14100.0,0.7,2.5,01646500
2009-01-09,19900.0,0.0,0.1,01646500
2009-01-10,27300.0,3.7,1.4,01646500
2009-01-11,22400.0,6.4,3.8,01646500
2009-01-12,17500.0,0.0,-0.2,01646500
2009-01-13,14900.0,0.0,0.4,01646500
2009-01-14,14300.0,0.0,-1.3,01646500
2009-01-15,13000.0,0.0,-3.3,01646500
2009-01-16,11500.0,0.0,-8.8,01646500
2009-01-17,9630.0,0.0,-8.8,01646500
2009-01-18,8290.0,0.1,-1.1,01646500
2009-01-19,7120.0,0.5,-1.1,01646500
2009-01-20,6800.0,0.0,-3.4,01646500
2009-01-21,6730.0,0.0,-4.3,01646500
2009-01-22,6380.0,0.0,-1.7,01646500
2009-01-23,6970.0,0.0,2.2,01646500
2009-01-24,6640.0,0.0,3.3,01646500
2009-01-25,6090.0,0.0,-2.1,01646500
2009-01-26,5750.0,0.0,-2.2,01646500
2009-01-27,5360.0,5.9,-1.4,01646500
2009-01-28,5270.0,13.3,1.7,01646500
2009-01-29,4900.0,0.0,-0.1,01646500
2009-01-30,5100.0,0.0,-0.1,01646500
2009-01-31,4860.0,0.0,-2.7,01646500
2009-02-01,5370.0,0.0,2.9,01646500
2009-02-02,5720.0,0.1,5.9,01646500
2009-02-03,6150.0,1.6,2.3,01646500
2009-02-04,6810.0,0.2,-1.2,01646500
2009-02-05,6430.0,0.0,-5.1,01646500
2009-02-06,5760.0,0.0,-2.6,01646500
2009-02-07,5660.0,0.0,2.4,01646500
2009-02-08,5040.0,0.1,9.7,01646500
2009-02-09,5430.0,0.0,4.2,01646500
2009-02-10,5910.0,0.0,7.4,01646500
2009-02-11,7090.0,0.0,13.6,01646500
2009-02-12,8110.0,0.0,13.3,01646500
2009-02-13,9860.0,0.0,6.9,01646500
2009-02-14,11100.0,0.0,3.5,01646500
2009-02-15,10400.0,0.4,2.9,01646500
2009-02-16,9510.0,0.0,1.4,01646500
2009-02-17,8630.0,0.0,0.7,01646500
2009-02-18,7840.0,5.8,1.6,01646500
2009-02-19,7320.0,0.7,6.0,01646500
2009-02-20,6540.0,0.0,-0.7,01646500
2009-02-21,6350.0,0.0,0.1,01646500
2009-02-22,6260.0,1.0,2.8,01646500
2009-02-23,5940.0,0.0,-0.1,01646500
2009-02-24,5670.0,0.0,-1.2,01646500
2009-02-25,5340.0,0.0,1.6,01646500
2009-02-26,5010.0,0.0,4.1,01646500
2009-02-27,4780.0,0.1,10.6,01646500
2009-02-28,4900.0,0.3,6.8,01646500
2009-03-01,4760.0,5.5,2.2,01646500
2009-03-02,4770.0,11.7,-2.6,01646500
2009-03-03,4810.0,0.0,-8.7,01646500
2009-03-04,4540.0,0.0,-3.8,01646500
2009-03-05,4290.0,0.0,0.5,01646500
2009-03-06,4160.0,0.3,8.1,01646500
2009-03-07,4060.0,0.0,14.9,01646500
2009-03-08,4000.0,0.0,18.4,01646500
2009-03-09,4070.0,0.0,16.2,01646500
2009-03-10,3960.0,0.0,7.4,01646500
2009-03-11,3920.0,0.3,12.2,01646500
2009-03-12,3800.0,0.0,7.0,01646500
2009-03-13,3700.0,0.2,4.8,01646500
2009-03-14,3530.0,2.2,4.1,01646500
2009-03-15,3500.0,5.8,4.6,01646500
2009-03-16,3420.0,0.4,6.0,01646500
2009-03-17,3550.0,3.3,7.0,01646500
2009-03-18,3600.0,0.0,9.6,01646500
2009-03-19,3590.0,2.2,10.7,01646500
2009-03-20,3780.0,0.0,6.2,01646500
2009-03-21,3960.0,0.0,3.5,01646500
2009-03-22,4000.0,0.0,6.3,01646500
2009-03-23,4050.0,0.0,6.3,01646500
2009-03-24,3890.0,0.0,3.5,01646500
2009-03-25,3700.0,0.0,4.5,01646500
2009-03-26,3760.0,8.3,6.8,01646500
2009-03-27,3910.0,0.9,11.0,01646500
2009-03-28,5920.0,22.1,10.3,01646500
2009-03-29,6890.0,8.9,14.4,01646500
2009-03-30,7950.0,0.0,10.0,01646500
2009-03-31,11500.0,0.0,8.1,01646500
2009-04-01,14300.0,6.6,10.2,01646500
2009-04-02,13000.0,1.5,11.9,01646500
2009-04-03,12500.0,16.3,15.5,01646500
2009-04-04,14500.0,0.0,12.3,01646500
2009-04-05,18600.0,0.0,12.0,01646500
2009-04-06,25500.0,7.6,14.7,01646500
2009-04-07,21600.0,0.0,6.8,01646500
2009-04-08,17400.0,0.0,6.6,01646500
2009-04-09,14600.0,0.0,9.1,01646500
2009-04-10,12300.0,0.2,11.8,01646500
2009-04-11,11300.0,23.4,12.2,01646500
2009-04-12,11500.0,0.0,7.9,01646500
2009-04-13,11100.0,0.0,7.1,01646500
2009-04-14,11800.0,7.1,8.3,01646500
2009-04-15,10900.0,8.6,7.7,01646500
2009-04-16,11100.0,2.2,9.2,01646500
2009-04-17,11700.0,0.0,12.1,01646500
2009-04-18,13200.0,0.0,15.1,01646500
2009-04-19,15600.0,0.0,15.3,01646500
2009-04-20,16200.0,22.7,11.8,01646500
2009-04-21,24200.0,13.4,14.6,01646500
2009-04-22,36800.0,0.5,11.0,01646500
2009-04-23,36300.0,0.6,10.9,01646500
2009-04-24,30400.0,0.0,13.7,01646500
2009-04-25,24600.0,0.0,21.6,01646500
2009-04-26,21100.0,0.2,23.8,01646500
2009-04-27,18100.0,0.0,24.1,01646500
2009-04-28,15400.0,0.0,24.2,01646500
2009-04-29,13400.0,4.8,17.0,01646500
2009-04-30,11800.0,0.2,13.1,01646500
2009-05-01,10700.0,8.6,18.4,01646500
2009-05-02,10900.0,1.2,18.4,01646500
2009-05-03,13900.0,20.8,15.2,01646500
2009-05-04,18400.0,24.9,12.4,01646500
2009-05-05,50800.0,4.7,13.4,01646500
2009-05-06,117000.0,3.6,15.1,01646500
2009-05-07,93500.0,30.0,19.8,01646500
2009-05-08,79300.0,0.0,19.7,01646500
2009-05-09,63000.0,2.0,23.3,01646500
2009-05-10,45400.0,0.0,19.2,01646500
2009-05-11,33800.0,0.2,14.6,01646500
2009-05-12,26600.0,0.3,14.3,01646500
2009-05-13,21400.0,0.0,15.8,01646500
2009-05-14,17900.0,0.7,18.4,01646500
2009-05-15,16200.0,5.9,20.8,01646500
2009-05-16,14700.0,5.2,21.6,01646500
2009-05-17,14600.0,15.8,17.7,01646500
2009-05-18,14600.0,0.0,13.7,01646500
2009-05-19,16800.0,0.0,13.3,01646500
2009-05-20,15000.0,0.0,15.9,01646500
2009-05-21,12800.0,0.0,17.6,01646500
2009-05-22,10900.0,0.0,20.4,01646500
2009-05-23,9600.0,0.4,22.9,01646500
2009-05-24,8630.0,0.0,23.2,01646500
2009-05-25,8130.0,4.6,22.9,01646500
2009-05-26,17600.0,10.6,18.5,01646500
2009-05-27,15600.0,0.2,18.0,01646500
2009-05-28,11900.0,4.3,21.1,01646500
2009-05-29,15400.0,20.0,21.9,01646500
2009-05-30,18100.0,0.0,20.2,01646500
2009-05-31,15800.0,0.4,20.9,01646500
2009-06-01,13700.0,0.0,18.3,01646500
2009-06-02,11000.0,0.0,22.9,01646500
2009-06-03,10200.0,6.3,23.9,01646500
2009-06-04,13000.0,12.7,17.5,01646500
2009-06-05,15200.0,31.8,15.4,01646500
2009-06-06,23100.0,0.7,18.1,01646500
2009-06-07,37300.0,0.0,20.9,01646500
2009-06-08,30300.0,0.0,23.5,01646500
2009-06-09,22500.0,8.9,24.8,01646500
2009-06-10,17700.0,2.3,22.8,01646500
2009-06-11,20500.0,6.1,23.5,01646500
2009-06-12,18600.0,5.3,24.1,01646500
2009-06-13,16300.0,0.2,23.8,01646500
2009-06-14,13400.0,0.2,22.6,01646500
2009-06-15,11300.0,0.0,22.8,01646500
2009-06-16,9670.0,7.6,21.7,01646500
2009-06-17,8580.0,3.8,18.9,01646500
2009-06-18,15100.0,9.7,21.6,01646500
2009-06-19,18800.0,0.0,22.4,01646500
2009-06-20,27400.0,6.4,24.5,01646500
2009-06-21,19700.0,0.9,23.8,01646500
2009-06-22,16100.0,0.0,23.5,01646500
2009-06-23,14700.0,0.0,23.3,01646500
2009-06-24,12800.0,0.0,24.3,01646500
2009-06-25,10500.0,0.0,25.8,01646500
2009-06-26,8600.0,2.0,25.3,01646500
2009-06-27,7510.0,0.0,24.6,01646500
2009-06-28,6740.0,1.0,23.3,01646500
2009-06-29,6170.0,0.2,24.5,01646500
2009-06-30,5540.0,0.2,24.6,01646500
2009-07-01,5140.0,0.8,24.6,01646500
2009-07-02,4980.0,3.6,23.0,01646500
2009-07-03,4690.0,0.1,22.4,01646500
2009-07-04,4490.0,0.0,23.3,01646500
2009-07-05,4190.0,2.7,22.0,01646500
2009-07-06,3880.0,0.0,23.1,01646500
2009-07-07,3650.0,0.0,24.9,01646500
2009-07-08,3400.0,0.0,24.1,01646500
2009-07-09,3230.0,0.0,22.9,01646500
2009-07-10,3060.0,0.0,22.7,01646500
2009-07-11,2960.0,0.6,24.5,01646500
2009-07-12,2900.0,5.0,26.4,01646500
2009-07-13,2940.0,0.0,25.5,01646500
2009-07-14,2730.0,0.0,24.2,01646500
2009-07-15,2590.0,0.0,25.4,01646500
2009-07-16,2410.0,0.0,28.4,01646500
2009-07-17,2390.0,8.1,26.9,01646500
2009-07-18,2420.0,0.6,22.9,01646500
2009-07-19,2400.0,0.0,23.2,01646500
2009-07-20,2410.0,0.2,23.8,01646500
2009-07-21,2360.0,0.3,23.9,01646500
2009-07-22,2290.0,0.3,25.1,01646500
2009-07-23,2340.0,4.5,25.5,01646500
2009-07-24,3600.0,0.4,24.4,01646500
2009-07-25,3610.0,0.0,26.7,01646500
2009-07-26,3720.0,2.9,28.2,01646500
2009-07-27,3660.0,1.0,25.9,01646500
2009-07-28,3380.0,0.3,26.4,01646500
2009-07-29,3020.0,7.8,26.1,01646500
2009-07-30,2940.0,8.0,25.3,01646500
2009-07-31,3070.0,11.6,25.9,01646500
2009-08-01,3710.0,0.9,25.3,01646500
2009-08-02,4460.0,12.5,25.2,01646500
2009-08-03,4720.0,0.0,25.3,01646500
2009-08-04,5940.0,0.0,26.7,01646500
2009-08-05,4900.0,0.0,26.2,01646500
2009-08-06,4020.0,9.3,22.9,01646500
2009-08-07,3330.0,0.0,22.6,01646500
2009-08-08,3080.0,0.0,24.0,01646500
2009-08-09,2950.0,0.1,27.7,01646500
2009-08-10,2590.0,0.0,29.8,01646500
2009-08-11,2350.0,3.3,29.1,01646500
2009-08-12,2380.0,3.5,26.3,01646500
2009-08-13,2250.0,9.0,24.2,01646500
2009-08-14,2450.0,0.4,25.0,01646500
2009-08-15,2140.0,0.0,25.5,01646500
2009-08-16,1970.0,0.0,26.3,01646500
2009-08-17,1860.0,0.0,26.9,01646500
2009-08-18,1730.0,1.5,28.3,01646500
2009-08-19,1640.0,4.9,27.1,01646500
2009-08-20,1530.0,0.2,28.0,01646500
2009-08-21,1900.0,4.8,28.0,01646500
2009-08-22,5210.0,26.0,24.6,01646500
2009-08-23,3880.0,3.6,24.0,01646500
2009-08-24,2720.0,0.0,24.5,01646500
2009-08-25,2350.0,0.0,24.5,01646500
2009-08-26,2090.0,0.0,26.0,01646500
2009-08-27,1930.0,0.1,26.0,01646500
2009-08-28,2480.0,10.9,24.9,01646500
2009-08-29,3080.0,5.6,24.9,01646500
2009-08-30,4860.0,1.1,24.8,01646500
2009-08-31,3560.0,0.0,21.6,01646500
2009-09-01,2400.0,0.0,19.1,01646500
2009-09-02,1960.0,0.0,19.1,01646500
2009-09-03,1740.0,0.0,20.0,01646500
2009-09-04,1600.0,0.0,21.7,01646500
2009-09-05,1540.0,0.0,23.2,01646500
2009-09-06,1460.0,0.0,23.1,01646500
2009-09-07,1490.0,1.9,22.2,01646500
2009-09-08,1470.0,0.7,21.2,01646500
2009-09-09,1400.0,0.0,21.4,01646500
2009-09-10,1340.0,0.0,20.4,01646500
2009-09-11,1640.0,11.8,16.4,01646500
2009-09-12,1600.0,0.5,17.8,01646500
2009-09-13,1410.0,0.1,21.0,01646500
2009-09-14,1550.0,0.0,21.7,01646500
2009-09-15,1680.0,0.0,23.1,01646500
2009-09-16,1610.0,0.1,21.7,01646500
2009-09-17,1520.0,1.0,18.9,01646500
2009-09-18,1940.0,0.1,20.7,01646500
2009-09-19,1890.0,0.0,20.4,01646500
2009-09-20,1630.0,0.0,18.1,01646500
2009-09-21,1440.0,0.0,19.7,01646500
2009-09-22,1350.0,0.4,21.0,01646500
2009-09-23,1270.0,1.8,23.7,01646500
2009-09-24,1190.0,0.0,25.3,01646500
2009-09-25,1190.0,3.5,21.3,01646500
2009-09-26,1370.0,7.6,17.7,01646500
2009-09-27,2170.0,23.6,18.8,01646500
2009-09-28,1900.0,0.2,19.4,01646500
2009-09-29,1930.0,0.0,16.8,01646500
2009-09-30,2220.0,1.5,15.4,01646500
2009-10-01,2060.0,0.0,13.6,01646500
2009-10-02,2090.0,0.0,16.3,01646500
2009-10-03,2120.0,0.3,20.3,01646500
2009-10-04,1930.0,0.0,16.9,01646500
2009-10-05,1860.0,0.0,16.0,01646500
2009-10-06,1690.0,0.0,15.2,01646500
2009-10-07,1530.0,0.0,18.3,01646500
2009-10-08,1440.0,0.0,15.2,01646500
2009-10-09,1250.0,0.9,20.1,01646500
2009-10-10,1300.0,2.2,20.5,01646500
2009-10-11,1350.0,0.0,14.4,01646500
2009-10-12,1300.0,0.0,12.5,01646500
2009-10-13,1240.0,0.0,14.2,01646500
2009-10-14,1330.0,0.4,10.8,01646500
2009-10-15,1600.0,15.8,8.4,01646500
2009-10-16,2730.0,5.9,5.6,01646500
2009-10-17,3500.0,26.9,5.5,01646500
2009-10-18,4500.0,13.3,6.6,01646500
2009-10-19,7330.0,0.0,9.0,01646500
2009-10-20,5600.0,0.0,10.6,01646500
2009-10-21,3940.0,0.0,14.9,01646500
2009-10-22,3290.0,0.0,16.0,01646500
2009-10-23,2950.0,0.6,15.3,01646500
2009-10-24,3140.0,20.7,19.5,01646500
2009-10-25,5170.0,0.2,13.7,01646500
2009-10-26,5760.0,0.0,11.0,01646500
2009-10-27,6470.0,7.7,12.4,01646500
2009-10-28,10800.0,24.0,15.6,01646500
2009-10-29,13800.0,0.0,14.9,01646500
2009-10-30,9960.0,0.0,13.7,01646500
2009-10-31,8220.0,0.8,17.1,01646500
2009-11-01,8300.0,29.4,11.8,01646500
2009-11-02,8200.0,0.0,12.2,01646500
2009-11-03,6900.0,0.0,11.1,01646500
2009-11-04,5470.0,1.0,8.1,01646500
2009-11-05,4890.0,0.1,8.1,01646500
2009-11-06,4650.0,0.0,7.1,01646500
2009-11-07,4280.0,0.0,6.9,01646500
2009-11-08,3900.0,0.0,12.6,01646500
2009-11-09,3640.0,0.0,13.3,01646500
2009-11-10,3390.0,0.0,14.1,01646500
2009-11-11,3530.0,25.4,10.3,01646500
2009-11-12,4670.0,24.2,6.9,01646500
2009-11-13,5020.0,7.9,9.7,01646500
2009-11-14,4990.0,0.7,13.2,01646500
2009-11-15,5310.0,0.0,14.5,01646500
2009-11-16,7930.0,0.0,14.5,01646500
2009-11-17,8050.0,0.0,10.2,01646500
2009-11-18,6850.0,0.0,9.9,01646500
2009-11-19,6020.0,15.6,13.0,01646500
2009-11-20,6280.0,8.8,12.7,01646500
2009-11-21,6000.0,0.0,8.6,01646500
2009-11-22,7500.0,0.0,8.8,01646500
2009-11-23,9080.0,4.3,8.9,01646500
2009-11-24,10500.0,11.9,8.9,01646500
2009-11-25,10500.0,2.7,10.7,01646500
2009-11-26,10200.0,0.0,8.2,01646500
2009-11-27,9370.0,4.2,7.2,01646500
2009-11-28,9000.0,0.0,6.3,01646500
2009-11-29,8360.0,0.0,7.9,01646500
2009-11-30,7530.0,8.4,10.5,01646500
2009-12-01,6940.0,0.3,6.1,01646500
2009-12-02,6350.0,5.0,6.4,01646500
2009-12-03,7330.0,16.0,14.0,01646500
2009-12-04,11000.0,0.0,7.0,01646500
2009-12-05,11300.0,11.1,5.4,01646500
2009-12-06,14000.0,0.6,-0.0,01646500
2009-12-07,14400.0,0.0,1.4,01646500
2009-12-08,12500.0,0.0,2.6,01646500
2009-12-09,20600.0,22.7,6.8,01646500
2009-12-10,34800.0,0.0,5.4,01646500
2009-12-11,57700.0,0.0,-0.8,01646500
2009-12-12,46900.0,0.0,-0.1,01646500
2009-12-13,31600.0,15.1,2.2,01646500
2009-12-14,26200.0,0.0,6.3,01646500
2009-12-15,23100.0,0.0,8.8,01646500
2009-12-16,21600.0,0.0,3.2,01646500
2009-12-17,21000.0,0.0,-0.2,01646500
2009-12-18,19000.0,0.0,-1.0,01646500
2009-12-19,17400.0,40.7,-2.9,01646500
2009-12-20,16000.0,3.7,-2.6,01646500
2009-12-21,14700.0,0.0,-2.6,01646500
2009-12-22,13800.0,0.0,-2.5,01646500
2009-12-23,12500.0,0.0,-3.5,01646500
2009-12-24,11200.0,0.0,-5.5,01646500
2009-12-25,10300.0,5.4,-0.4,01646500
2009-12-26,26400.0,30.2,8.4,01646500
2009-12-27,56100.0,0.0,4.4,01646500
2009-12-28,67300.0,0.0,0.4,01646500
2009-12-29,47100.0,0.0,-1.4,01646500
2009-12-30,34200.0,0.0,-2.5,01646500
2009-12-31,26300.0,6.7,-0.3,01646500
2010-01-01,22100.0,1.5,2.0,01646500
2010-01-02,19200.0,0.0,-2.4,01646500
2010-01-03,16100.0,0.0,-6.2,01646500
2010-01-04,14600.0,0.0,-3.3,01646500
2010-01-05,13400.0,0.0,-1.8,01646500
2010-01-06,12300.0,0.0,-0.3,01646500
2010-01-07,10800.0,0.0,-0.2,01646500
2010-01-08,10400.0,0.8,-1.3,01646500
2010-01-09,9030.0,0.0,-3.1,01646500
2010-01-10,9090.0,0.0,-3.6,01646500
2010-01-11,8290.0,0.0,-2.6,01646500
2010-01-12,7730.0,0.0,-1.3,01646500
2010-01-13,6980.0,0.0,-0.1,01646500
2010-01-14,7070.0,0.0,1.7,01646500
2010-01-15,6770.0,0.0,3.1,01646500
2010-01-16,6760.0,0.0,4.7,01646500
2010-01-17,7240.0,18.3,4.4,01646500
2010-01-18,10400.0,0.2,6.5,01646500
2010-01-19,21800.0,0.0,5.5,01646500
2010-01-20,34800.0,0.4,4.3,01646500
2010-01-21,30500.0,0.0,1.8,01646500
2010-01-22,26200.0,10.9,2.1,01646500
2010-01-23,24000.0,0.0,1.7,01646500
2010-01-24,22800.0,3.3,3.8,01646500
2010-01-25,28800.0,31.0,13.4,01646500
2010-01-26,103000.0,0.0,5.4,01646500
2010-01-27,147000.0,0.0,2.1,01646500
2010-01-28,82400.0,0.0,2.7,01646500
2010-01-29,50600.0,0.0,-3.2,01646500
2010-01-30,37100.0,8.1,-5.6,01646500
2010-01-31,28600.0,0.5,-7.3,01646500
2010-02-01,23300.0,0.0,-5.4,01646500
2010-02-02,20500.0,0.7,-1.7,01646500
2010-02-03,19000.0,7.8,0.6,01646500
2010-02-04,17700.0,0.0,-1.2,01646500
2010-02-05,16300.0,7.1,-0.1,01646500
2010-02-06,15900.0,52.5,-1.5,01646500
2010-02-07,14600.0,0.0,-6.1,01646500
2010-02-08,13400.0,0.0,-5.5,01646500
2010-02-09,12800.0,0.9,-5.0,01646500
2010-02-10,12700.0,19.5,-2.4,01646500
2010-02-11,11900.0,0.3,-1.5,01646500
2010-02-12,12500.0,0.0,-2.0,01646500
2010-02-13,11500.0,0.0,-2.4,01646500
2010-02-14,11300.0,0.0,-3.0,01646500
2010-02-15,11000.0,2.2,-2.9,01646500
2010-02-16,10800.0,0.2,-1.4,01646500
2010-02-17,10300.0,0.0,-3.4,01646500
2010-02-18,10200.0,0.0,0.7,01646500
2010-02-19,10600.0,0.0,1.6,01646500
2010-02-20,11100.0,0.0,1.3,01646500
2010-02-21,11900.0,0.0,1.5,01646500
2010-02-22,12800.0,1.3,2.6,01646500
2010-02-23,14500.0,1.0,3.3,01646500
2010-02-24,18400.0,0.0,2.2,01646500
2010-02-25,23000.0,0.8,2.0,01646500
2010-02-26,26900.0,0.3,-0.9,01646500
2010-02-27,26600.0,0.2,1.0,01646500
2010-02-28,23500.0,0.3,1.7,01646500
2010-03-01,21800.0,0.0,3.4,01646500
2010-03-02,22300.0,1.4,1.8,01646500
2010-03-03,23000.0,3.9,2.9,01646500
2010-03-04,24100.0,0.0,3.1,01646500
2010-03-05,24600.0,0.0,2.9,01646500
2010-03-06,24000.0,0.0,3.9,01646500
2010-03-07,23600.0,0.0,5.6,01646500
2010-03-08,23000.0,0.0,6.0,01646500
2010-03-09,23000.0,0.0,8.0,01646500
2010-03-10,24200.0,0.0,9.3,01646500
2010-03-11,26500.0,0.0,12.4,01646500
2010-03-12,33700.0,27.9,10.5,01646500
2010-03-13,83100.0,32.8,10.6,01646500
2010-03-14,167000.0,7.8,9.6,01646500
2010-03-15,192000.0,1.0,8.2,01646500
2010-03-16,131000.0,0.3,9.9,01646500
2010-03-17,76500.0,0.0,9.5,01646500
2010-03-18,57400.0,0.0,11.0,01646500
2010-03-19,46000.0,0.0,12.5,01646500
2010-03-20,37900.0,0.0,13.8,01646500
2010-03-21,31300.0,0.0,15.0,01646500
2010-03-22,28200.0,12.4,14.9,01646500
2010-03-23,26300.0,2.8,10.1,01646500
2010-03-24,25000.0,0.0,11.6,01646500
2010-03-25,25900.0,0.6,13.1,01646500
2010-03-26,23600.0,14.2,9.6,01646500
2010-03-27,21000.0,0.0,4.8,01646500
2010-03-28,19700.0,3.0,7.7,01646500
2010-03-29,25400.0,9.5,12.0,01646500
2010-03-30,56200.0,1.7,9.8,01646500
2010-03-31,57700.0,0.8,12.2,01646500
2010-04-01,41900.0,0.0,14.4,01646500
2010-04-02,32200.0,0.0,14.9,01646500
2010-04-03,26200.0,0.0,15.0,01646500
2010-04-04,22600.0,0.0,17.6,01646500
2010-04-05,19600.0,0.0,18.3,01646500
2010-04-06,17500.0,0.0,22.6,01646500
2010-04-07,15900.0,0.0,24.5,01646500
2010-04-08,14600.0,0.0,23.9,01646500
2010-04-09,14100.0,11.0,13.9,01646500
2010-04-10,13100.0,0.0,10.7,01646500
2010-04-11,12300.0,0.0,14.7,01646500
2010-04-12,11500.0,0.0,16.1,01646500
2010-04-13,10900.0,3.2,11.3,01646500
2010-04-14,10500.0,0.3,9.6,01646500
2010-04-15,9800.0,0.0,13.5,01646500
2010-04-16,9270.0,0.0,20.1,01646500
2010-04-17,8910.0,0.1,16.5,01646500
2010-04-18,9040.0,0.0,9.4,01646500
2010-04-19,8360.0,0.0,12.0,01646500
2010-04-20,8090.0,0.0,13.8,01646500
2010-04-21,7860.0,8.5,12.2,01646500
2010-04-22,7850.0,0.0,14.3,01646500
2010-04-23,7550.0,0.0,15.4,01646500
2010-04-24,7170.0,1.0,13.4,01646500
2010-04-25,7050.0,11.1,16.4,01646500
2010-04-26,9140.0,18.9,14.4,01646500
2010-04-27,11100.0,8.5,14.0,01646500
2010-04-28,12000.0,0.0,10.0,01646500
2010-04-29,11700.0,0.0,12.2,01646500
2010-04-30,9750.0,0.0,17.2,01646500
2010-05-01,8410.0,0.0,22.5,01646500
2010-05-02,7780.0,0.4,25.6,01646500
2010-05-03,7680.0,4.7,25.4,01646500
2010-05-04,7880.0,0.5,23.0,01646500
2010-05-05,12500.0,0.0,21.4,01646500
2010-05-06,12300.0,0.0,22.4,01646500
2010-05-07,10000.0,0.0,19.5,01646500
2010-05-08,8670.0,0.0,22.0,01646500
2010-05-09,7490.0,0.0,13.2,01646500
2010-05-10,6710.0,0.0,11.6,01646500
2010-05-11,6180.0,3.4,10.8,01646500
2010-05-12,6260.0,3.2,17.5,01646500
2010-05-13,6680.0,3.1,13.8,01646500
2010-05-14,6660.0,0.0,21.0,01646500
2010-05-15,6920.0,0.0,22.5,01646500
2010-05-16,6530.0,0.0,18.8,01646500
2010-05-17,6310.0,6.7,16.3,01646500
2010-05-18,6530.0,2.9,12.8,01646500
2010-05-19,6390.0,0.0,13.9,01646500
2010-05-20,8210.0,0.0,18.6,01646500
2010-05-21,10400.0,0.0,21.8,01646500
2010-05-22,10200.0,1.2,21.4,01646500
2010-05-23,16800.0,15.1,19.6,01646500
2010-05-24,20700.0,0.1,20.5,01646500
2010-05-25,24500.0,0.0,21.2,01646500
2010-05-26,16000.0,0.0,23.9,01646500
2010-05-27,12700.0,3.8,26.7,01646500
2010-05-28,11500.0,14.3,20.2,01646500
2010-05-29,10400.0,1.0,21.3,01646500
2010-05-30,9080.0,0.0,25.0,01646500
2010-05-31,9570.0,0.1,26.7,01646500
2010-06-01,10400.0,9.4,25.9,01646500
2010-06-02,9070.0,0.0,25.4,01646500
2010-06-03,7590.0,1.6,26.6,01646500
2010-06-04,7150.0,0.3,26.9,01646500
2010-06-05,6950.0,1.7,27.0,01646500
2010-06-06,6240.0,14.6,27.5,01646500
2010-06-07,6210.0,0.0,21.3,01646500
2010-06-08,6730.0,0.0,20.2,01646500
2010-06-09,6180.0,12.6,18.7,01646500
2010-06-10,7010.0,0.0,24.2,01646500
2010-06-11,6770.0,0.0,23.4,01646500
2010-06-12,5820.0,2.4,25.6,01646500
2010-06-13,5250.0,6.1,27.4,01646500
2010-06-14,5060.0,0.2,27.1,01646500
2010-06-15,4820.0,1.1,24.7,01646500
2010-06-16,4670.0,4.8,23.6,01646500
2010-06-17,4340.0,2.3,25.3,01646500
2010-06-18,3980.0,0.0,23.7,01646500
2010-06-19,3630.0,0.0,25.7,01646500
2010-06-20,3460.0,0.0,28.6,01646500
2010-06-21,3330.0,0.0,28.1,01646500
2010-06-22,3060.0,1.2,29.3,01646500
2010-06-23,2820.0,0.0,29.5,01646500
2010-06-24,2650.0,2.1,30.6,01646500
2010-06-25,2450.0,0.0,28.6,01646500
2010-06-26,2340.0,0.0,28.8,01646500
2010-06-27,2110.0,0.0,30.2,01646500
2010-06-28,2420.0,5.2,30.3,01646500
2010-06-29,2730.0,0.2,28.8,01646500
2010-06-30,2110.0,0.0,25.1,01646500
2010-07-01,1980.0,0.0,22.8,01646500
2010-07-02,1820.0,0.0,22.4,01646500
2010-07-03,1820.0,0.0,24.1,01646500
2010-07-04,1770.0,0.0,27.2,01646500
2010-07-05,1600.0,0.0,29.7,01646500
2010-07-06,1520.0,0.0,32.0,01646500
2010-07-07,1380.0,0.0,32.7,01646500
2010-07-08,1330.0,0.0,31.4,01646500
2010-07-09,1370.0,0.3,28.5,01646500
2010-07-10,1720.0,7.1,26.3,01646500
2010-07-11,1920.0,0.0,26.7,01646500
2010-07-12,1790.0,2.0,26.8,01646500
2010-07-13,2850.0,1.7,26.3,01646500
2010-07-14,3670.0,8.0,25.8,01646500
2010-07-15,2790.0,0.0,28.0,01646500
2010-07-16,2400.0,0.0,30.0,01646500
2010-07-17,2970.0,0.2,30.0,01646500
2010-07-18,3140.0,0.0,29.8,01646500
2010-07-19,3170.0,3.3,30.0,01646500
2010-07-20,2570.0,3.3,29.4,01646500
2010-07-21,2070.0,0.9,28.3,01646500
2010-07-22,1650.0,0.0,30.3,01646500
2010-07-23,1530.0,0.0,31.0,01646500
2010-07-24,1390.0,0.0,33.6,01646500
2010-07-25,1480.0,10.2,32.4,01646500
2010-07-26,1690.0,0.0,27.5,01646500
2010-07-27,1390.0,0.0,27.4,01646500
2010-07-28,1310.0,0.0,28.5,01646500
2010-07-29,1390.0,6.5,29.2,01646500
2010-07-30,1630.0,0.0,25.6,01646500
2010-07-31,1340.0,0.4,24.8,01646500
2010-08-01,1230.0,5.4,23.9,01646500
2010-08-02,1120.0,0.9,24.2,01646500
2010-08-03,1000.0,0.0,26.0,01646500
2010-08-04,1170.0,5.9,27.9,01646500
2010-08-05,1490.0,5.2,29.1,01646500
2010-08-06,1770.0,1.7,27.8,01646500
2010-08-07,1440.0,0.0,26.1,01646500
2010-08-08,1420.0,0.0,26.9,01646500
2010-08-09,1330.0,0.0,28.2,01646500
2010-08-10,1080.0,0.2,30.3,01646500
2010-08-11,1190.0,0.0,31.2,01646500
2010-08-12,2120.0,20.4,27.9,01646500
2010-08-13,2670.0,15.5,24.1,01646500
2010-08-14,3690.0,0.0,24.1,01646500
2010-08-15,2990.0,4.4,24.0,01646500
2010-08-16,2330.0,9.6,27.0,01646500
2010-08-17,1770.0,3.8,27.2,01646500
2010-08-18,5360.0,32.2,24.0,01646500
2010-08-19,3170.0,0.2,23.9,01646500
2010-08-20,2130.0,0.0,26.3,01646500
2010-08-21,1710.0,0.0,26.6,01646500
2010-08-22,1530.0,2.2,26.6,01646500
2010-08-23,1370.0,0.4,25.0,01646500
2010-08-24,1260.0,2.0,21.8,01646500
2010-08-25,1260.0,0.0,22.4,01646500
2010-08-26,1100.0,0.0,24.2,01646500
2010-08-27,1120.0,0.0,22.6,01646500
2010-08-28,1100.0,0.0,23.7,01646500
2010-08-29,1250.0,0.0,25.4,01646500
2010-08-30,1140.0,0.0,27.6,01646500
2010-08-31,1270.0,0.0,27.6,01646500
2010-09-01,1150.0,0.0,28.9,01646500
2010-09-02,1020.0,0.0,28.8,01646500
2010-09-03,1100.0,0.0,27.7,01646500
2010-09-04,1260.0,0.0,25.6,01646500
2010-09-05,1040.0,0.0,21.5,01646500
2010-09-06,834.0,0.0,22.7,01646500
2010-09-07,586.0,0.0,25.2,01646500
2010-09-08,569.0,0.0,28.1,01646500
2010-09-09,405.0,0.0,22.4,01646500
2010-09-10,449.0,0.0,19.9,01646500
2010-09-11,519.0,0.0,20.7,01646500
2010-09-12,706.0,12.0,19.7,01646500
2010-09-13,867.0,0.0,20.8,01646500
2010-09-14,759.0,0.0,22.8,01646500
2010-09-15,721.0,0.0,21.4,01646500
2010-09-16,677.0,2.2,22.9,01646500
2010-09-17,780.0,8.5,21.8,01646500
2010-09-18,991.0,0.0,19.4,01646500
2010-09-19,1080.0,0.0,21.7,01646500
2010-09-20,1020.0,0.0,21.7,01646500
2010-09-21,965.0,0.0,19.7,01646500
2010-09-22,990.0,0.8,24.6,01646500
2010-09-23,1010.0,0.0,25.6,01646500
2010-09-24,926.0,0.0,28.1,01646500
2010-09-25,769.0,0.0,28.1,01646500
2010-09-26,767.0,0.4,21.6,01646500
2010-09-27,1360.0,37.8,20.3,01646500
2010-09-28,1180.0,11.3,22.8,01646500
2010-09-29,1280.0,9.4,18.4,01646500
2010-09-30,6500.0,74.8,20.9,01646500
2010-10-01,13100.0,56.7,18.8,01646500
2010-10-02,15400.0,0.0,15.8,01646500
2010-10-03,14000.0,0.0,14.5,01646500
2010-10-04,12900.0,7.4,12.4,01646500
2010-10-05,8610.0,0.0,11.8,01646500
2010-10-06,6250.0,0.1,12.7,01646500
2010-10-07,4930.0,1.3,15.2,01646500
2010-10-08,4050.0,0.0,16.6,01646500
2010-10-09,3450.0,0.0,17.9,01646500
2010-10-10,3020.0,0.0,17.5,01646500
2010-10-11,2720.0,1.2,21.1,01646500
2010-10-12,2490.0,0.0,20.4,01646500
2010-10-13,2370.0,0.0,16.1,01646500
2010-10-14,2770.0,20.3,13.5,01646500
2010-10-15,3150.0,0.0,12.7,01646500
2010-10-16,2800.0,0.0,13.5,01646500
2010-10-17,2560.0,0.0,14.1,01646500
2010-10-18,2250.0,0.0,14.3,01646500
2010-10-19,2130.0,2.7,13.3,01646500
2010-10-20,2220.0,1.4,13.1,01646500
2010-10-21,2110.0,0.1,13.3,01646500
2010-10-22,2000.0,0.0,10.6,01646500
2010-10-23,1940.0,0.0,11.4,01646500
2010-10-24,1820.0,0.0,16.6,01646500
2010-10-25,1710.0,0.0,17.9,01646500
2010-10-26,1770.0,0.0,19.4,01646500
2010-10-27,2480.0,19.4,21.8,01646500
2010-10-28,3020.0,0.0,20.8,01646500
2010-10-29,2390.0,0.0,12.2,01646500
2010-10-30,2090.0,0.0,9.1,01646500
2010-10-31,1990.0,0.0,12.5,01646500
2010-11-01,2060.0,0.0,8.4,01646500
2010-11-02,2040.0,0.0,5.7,01646500
2010-11-03,1830.0,0.0,8.4,01646500
2010-11-04,2580.0,25.6,9.5,01646500
2010-11-05,3240.0,0.0,9.0,01646500
2010-11-06,2920.0,0.0,6.7,01646500
2010-11-07,3070.0,0.0,5.4,01646500
2010-11-08,2970.0,0.0,7.6,01646500
2010-11-09,3040.0,0.0,10.3,01646500
2010-11-10,3030.0,0.0,10.8,01646500
2010-11-11,2780.0,0.0,9.6,01646500
2010-11-12,2640.0,0.0,7.8,01646500
2010-11-13,2420.0,0.0,8.2,01646500
2010-11-14,2210.0,0.0,9.6,01646500
2010-11-15,2050.0,0.0,9.6,01646500
2010-11-16,2250.0,21.9,10.7,01646500
2010-11-17,3390.0,4.2,14.2,01646500
2010-11-18,4450.0,0.0,8.9,01646500
2010-11-19,6000.0,0.0,7.0,01646500
2010-11-20,5610.0,0.0,8.2,01646500
2010-11-21,4680.0,0.0,8.0,01646500
2010-11-22,4160.0,0.0,10.6,01646500
2010-11-23,3630.0,1.1,13.8,01646500
2010-11-24,3340.0,0.0,8.3,01646500
2010-11-25,3180.0,0.3,7.5,01646500
2010-11-26,3010.0,1.0,11.7,01646500
2010-11-27,2840.0,0.0,4.6,01646500
2010-11-28,2790.0,0.0,3.0,01646500
2010-11-29,2670.0,0.0,3.3,01646500
2010-11-30,2720.0,2.2,9.2,01646500
2010-12-01,3850.0,29.8,11.9,01646500
2010-12-02,15400.0,0.0,2.3,01646500
2010-12-03,47900.0,0.0,1.8,01646500
2010-12-04,33200.0,0.0,1.4,01646500
2010-12-05,20600.0,0.0,1.1,01646500
2010-12-06,14600.0,0.0,-0.1,01646500
2010-12-07,11200.0,0.0,-1.1,01646500
2010-12-08,9070.0,0.0,-1.6,01646500
2010-12-09,7490.0,0.0,-2.0,01646500
2010-12-10,6330.0,0.0,-0.8,01646500
2010-12-11,5570.0,0.0,0.3,01646500
2010-12-12,5360.0,24.4,4.9,01646500
2010-12-13,5100.0,3.3,0.7,01646500
2010-12-14,5000.0,0.0,-4.5,01646500
2010-12-15,4090.0,0.0,-4.4,01646500
2010-12-16,3270.0,3.5,-4.2,01646500
2010-12-17,3650.0,0.0,-2.8,01646500
2010-12-18,3980.0,0.0,-2.0,01646500
2010-12-19,4360.0,0.0,-1.3,01646500
2010-12-20,4030.0,0.0,-1.8,01646500
2010-12-21,3830.0,0.0,-0.3,01646500
2010-12-22,4260.0,0.0,0.9,01646500
2010-12-23,3870.0,0.0,0.6,01646500
2010-12-24,3560.0,0.0,0.4,01646500
2010-12-25,3590.0,0.2,-0.1,01646500
2010-12-26,3360.0,1.4,-1.2,01646500
2010-12-27,2700.0,1.0,-2.7,01646500
2010-12-28,2340.0,0.0,-0.1,01646500
2010-12-29,2710.0,0.0,1.4,01646500
2010-12-30,2950.0,0.0,1.3,01646500
2010-12-31,2810.0,0.0,3.1,01646500
2011-01-01,2720.0,0.3,7.1,01646500
2011-01-02,2790.0,5.2,10.1,01646500
2011-01-03,2730.0,0.0,1.0,01646500
2011-01-04,2650.0,0.0,-0.0,01646500
2011-01-05,2490.0,0.0,-0.0,01646500
2011-01-06,2460.0,0.0,-0.8,01646500
2011-01-07,2600.0,0.7,-0.3,01646500
2011-01-08,2600.0,1.5,-1.6,01646500
2011-01-09,2480.0,0.0,-3.2,01646500
2011-01-10,2210.0,0.0,-2.8,01646500
2011-01-11,2390.0,1.2,-2.7,01646500
2011-01-12,2340.0,1.8,-1.4,01646500
2011-01-13,1920.0,0.0,-1.9,01646500
2011-01-14,2260.0,0.0,-1.7,01646500
2011-01-15,2540.0,0.0,0.7,01646500
2011-01-16,2570.0,0.0,1.4,01646500
2011-01-17,2590.0,0.0,-1.3,01646500
2011-01-18,2590.0,6.1,0.6,01646500
2011-01-19,2660.0,2.0,2.8,01646500
2011-01-20,2600.0,0.0,1.8,01646500
2011-01-21,2640.0,1.4,-0.0,01646500
2011-01-22,2310.0,0.0,-5.0,01646500
2011-01-23,2300.0,0.0,-4.9,01646500
2011-01-24,1410.0,0.0,-4.8,01646500
2011-01-25,2090.0,0.0,0.6,01646500
2011-01-26,2270.0,14.4,0.7,01646500
2011-01-27,2310.0,8.4,0.1,01646500
2011-01-28,2520.0,0.5,-2.6,01646500
2011-01-29,2590.0,0.0,-2.8,01646500
2011-01-30,2400.0,0.0,-1.1,01646500
2011-01-31,2530.0,0.0,-3.5,01646500
2011-02-01,2440.0,0.9,0.1,01646500
2011-02-02,3660.0,12.4,4.9,01646500
2011-02-03,4660.0,0.0,-1.1,01646500
2011-02-04,6700.0,0.0,0.6,01646500
2011-02-05,8030.0,3.0,1.9,01646500
2011-02-06,11700.0,0.0,3.9,01646500
2011-02-07,12400.0,0.1,3.3,01646500
2011-02-08,12300.0,0.5,2.3,01646500
2011-02-09,11100.0,0.0,-2.3,01646500
2011-02-10,9760.0,0.0,-1.6,01646500
2011-02-11,8430.0,0.0,-1.2,01646500
2011-02-12,7260.0,0.0,0.4,01646500
2011-02-13,6490.0,0.0,3.0,01646500
2011-02-14,6130.0,0.5,9.3,01646500
2011-02-15,6810.0,0.0,3.1,01646500
2011-02-16,8500.0,0.0,3.3,01646500
2011-02-17,7900.0,0.0,9.9,01646500
2011-02-18,7810.0,0.0,14.7,01646500
2011-02-19,7530.0,0.0,10.6,01646500
2011-02-20,7800.0,0.0,3.5,01646500
2011-02-21,8320.0,2.2,7.0,01646500
2011-02-22,8650.0,9.3,-0.3,01646500
2011-02-23,8250.0,0.0,1.1,01646500
2011-02-24,8000.0,1.6,3.1,01646500
2011-02-25,8840.0,10.6,10.1,01646500
2011-02-26,12800.0,0.0,3.6,01646500
2011-02-27,24100.0,0.0,7.3,01646500
2011-02-28,25700.0,12.0,12.4,01646500
2011-03-01,23600.0,2.3,5.2,01646500
2011-03-02,27200.0,0.0,6.0,01646500
2011-03-03,25600.0,0.0,1.5,01646500
2011-03-04,21600.0,0.0,2.4,01646500
2011-03-05,17200.0,0.0,8.6,01646500
2011-03-06,17800.0,35.8,12.3,01646500
2011-03-07,42400.0,7.4,4.1,01646500
2011-03-08,54000.0,0.0,3.7,01646500
2011-03-09,49700.0,0.0,4.2,01646500
2011-03-10,42600.0,23.8,10.1,01646500
2011-03-11,89200.0,6.8,9.0,01646500
2011-03-12,143000.0,0.0,7.4,01646500
2011-03-13,101000.0,0.0,10.1,01646500
2011-03-14,56300.0,0.0,5.8,01646500
2011-03-15,39700.0,1.4,5.4,01646500
2011-03-16,32200.0,6.6,8.5,01646500
2011-03-17,26900.0,0.0,10.9,01646500
2011-03-18,23600.0,0.0,15.6,01646500
2011-03-19,20000.0,0.0,14.4,01646500
2011-03-20,16800.0,0.0,7.3,01646500
2011-03-21,15200.0,6.5,10.9,01646500
2011-03-22,14500.0,0.0,13.4,01646500
2011-03-23,13800.0,3.4,10.1,01646500
2011-03-24,14500.0,11.7,6.3,01646500
2011-03-25,18600.0,0.0,4.2,01646500
2011-03-26,23700.0,0.0,3.8,01646500
2011-03-27,24200.0,2.2,3.8,01646500
2011-03-28,20700.0,0.0,2.5,01646500
2011-03-29,17400.0,0.0,3.4,01646500
2011-03-30,15300.0,5.0,4.8,01646500
2011-03-31,13800.0,6.9,3.6,01646500
2011-04-01,12800.0,1.9,5.7,01646500
2011-04-02,12300.0,1.8,5.9,01646500
2011-04-03,11900.0,0.1,8.1,01646500
2011-04-04,11100.0,0.1,14.9,01646500
2011-04-05,11300.0,15.5,16.2,01646500
2011-04-06,11700.0,0.0,9.3,01646500
2011-04-07,12600.0,0.0,13.1,01646500
2011-04-08,14800.0,6.6,8.9,01646500
2011-04-09,16400.0,0.4,7.8,01646500
2011-04-10,16800.0,0.0,13.1,01646500
2011-04-11,17800.0,0.0,19.9,01646500
2011-04-12,18700.0,15.2,17.6,01646500
2011-04-13,25300.0,6.9,12.0,01646500
2011-04-14,58300.0,0.0,13.7,01646500
2011-04-15,73900.0,0.0,13.4,01646500
2011-04-16,48500.0,22.1,12.4,01646500
2011-04-17,96600.0,14.8,13.3,01646500
2011-04-18,162000.0,0.0,15.6,01646500
2011-04-19,108000.0,0.9,17.7,01646500
2011-04-20,71300.0,0.0,21.3,01646500
2011-04-21,78800.0,0.0,15.1,01646500
2011-04-22,55800.0,4.6,8.6,01646500
2011-04-23,41700.0,0.2,12.5,01646500
2011-04-24,35000.0,0.0,21.1,01646500
2011-04-25,36800.0,3.8,21.8,01646500
2011-04-26,34900.0,0.0,23.3,01646500
2011-04-27,30600.0,2.0,22.9,01646500
2011-04-28,35700.0,9.5,22.5,01646500
2011-04-29,72700.0,0.0,16.2,01646500
2011-04-30,84100.0,0.0,13.4,01646500
2011-05-01,55800.0,1.4,14.1,01646500
2011-05-02,39200.0,0.0,17.8,01646500
2011-05-03,30800.0,0.0,22.0,01646500
2011-05-04,26600.0,15.5,13.9,01646500
2011-05-05,24700.0,0.0,13.0,01646500
2011-05-06,26300.0,0.0,14.4,01646500
2011-05-07,23900.0,0.2,15.6,01646500
2011-05-08,20400.0,0.0,16.9,01646500
2011-05-09,17800.0,0.0,16.6,01646500
2011-05-10,15700.0,0.0,16.4,01646500
2011-05-11,13900.0,0.1,17.6,01646500
2011-05-12,12300.0,0.0,17.7,01646500
2011-05-13,11000.0,0.2,17.9,01646500
2011-05-14,10400.0,4.8,17.2,01646500
2011-05-15,10900.0,17.4,19.4,01646500
2011-05-16,12000.0,4.2,18.7,01646500
2011-05-17,16000.0,25.8,18.1,01646500
2011-05-18,35100.0,16.7,18.4,01646500
2011-05-19,134000.0,9.8,17.1,01646500
2011-05-20,143000.0,0.0,17.2,01646500
2011-05-21,79000.0,0.0,19.7,01646500
2011-05-22,50800.0,0.1,21.4,01646500
2011-05-23,37100.0,2.2,22.4,01646500
2011-05-24,28700.0,1.5,23.9,01646500
2011-05-25,24500.0,4.5,23.5,01646500
2011-05-26,20700.0,0.0,25.9,01646500
2011-05-27,17200.0,3.8,25.4,01646500
2011-05-28,21200.0,3.6,22.9,01646500
2011-05-29,27800.0,0.0,24.7,01646500
2011-05-30,29200.0,0.0,27.4,01646500
2011-05-31,21100.0,0.0,28.8,01646500
2011-06-01,16600.0,0.7,28.9,01646500
2011-06-02,13300.0,0.0,25.9,01646500
2011-06-03,11100.0,0.0,20.9,01646500
2011-06-04,9610.0,0.3,21.2,01646500
2011-06-05,8560.0,3.6,23.2,01646500
2011-06-06,7850.0,0.7,23.8,01646500
2011-06-07,7130.0,0.0,25.2,01646500
2011-06-08,6850.0,0.3,28.5,01646500
2011-06-09,6520.0,0.5,30.6,01646500
2011-06-10,6180.0,2.7,28.4,01646500
2011-06-11,6000.0,1.6,27.5,01646500
2011-06-12,5540.0,6.5,25.7,01646500
2011-06-13,5830.0,0.0,22.9,01646500
2011-06-14,5930.0,0.2,20.5,01646500
2011-06-15,5700.0,0.0,21.2,01646500
2011-06-16,5650.0,14.3,21.4,01646500
2011-06-17,5600.0,4.5,22.4,01646500
2011-06-18,5200.0,2.0,24.9,01646500
2011-06-19,5150.0,9.5,23.8,01646500
2011-06-20,4860.0,27.1,22.4,01646500
2011-06-21,5410.0,2.0,23.9,01646500
2011-06-22,5980.0,3.3,26.3,01646500
2011-06-23,9700.0,1.5,25.5,01646500
2011-06-24,9840.0,0.0,25.4,01646500
2011-06-25,7470.0,0.0,23.7,01646500
2011-06-26,6220.0,0.0,23.0,01646500
2011-06-27,5240.0,2.0,23.9,01646500
2011-06-28,4780.0,2.2,25.5,01646500
2011-06-29,4530.0,0.8,26.0,01646500
2011-06-30,4020.0,0.0,24.1,01646500
2011-07-01,3720.0,0.0,25.0,01646500
2011-07-02,3520.0,0.0,26.3,01646500
2011-07-03,4070.0,3.7,26.4,01646500
2011-07-04,3610.0,1.9,27.0,01646500
2011-07-05,3590.0,0.6,27.1,01646500
2011-07-06,3440.0,0.2,27.5,01646500
2011-07-07,3240.0,0.0,28.1,01646500
2011-07-08,3760.0,23.0,26.7,01646500
2011-07-09,5120.0,0.1,25.5,01646500
2011-07-10,4340.0,0.0,27.2,01646500
2011-07-11,4210.0,0.0,28.0,01646500
2011-07-12,5050.0,0.0,30.4,01646500
2011-07-13,4600.0,4.0,28.8,01646500
2011-07-14,5160.0,0.0,24.8,01646500
2011-07-15,3480.0,0.0,23.9,01646500
2011-07-16,2910.0,0.0,24.2,01646500
2011-07-17,2720.0,0.0,25.8,01646500
2011-07-18,2390.0,0.0,27.9,01646500
2011-07-19,2240.0,9.4,28.8,01646500
2011-07-20,2160.0,1.2,28.3,01646500
2011-07-21,2140.0,0.0,30.7,01646500
2011-07-22,2020.0,2.6,33.0,01646500
2011-07-23,1820.0,1.7,32.5,01646500
2011-07-24,1760.0,5.6,30.1,01646500
2011-07-25,1850.0,9.2,28.1,01646500
2011-07-26,2130.0,0.0,28.0,01646500
2011-07-27,1850.0,0.0,28.0,01646500
2011-07-28,1750.0,0.0,28.3,01646500
2011-07-29,1850.0,0.0,31.1,01646500
2011-07-30,1720.0,0.0,31.1,01646500
2011-07-31,1640.0,0.0,29.4,01646500
2011-08-01,1510.0,2.0,29.6,01646500
2011-08-02,1430.0,0.1,29.0,01646500
2011-08-03,1510.0,1.4,28.9,01646500
2011-08-04,1480.0,0.0,26.8,01646500
2011-08-05,1460.0,0.0,25.7,01646500
2011-08-06,1410.0,0.6,26.4,01646500
2011-08-07,1780.0,6.0,27.7,01646500
2011-08-08,1840.0,0.2,28.5,01646500
2011-08-09,1620.0,0.0,28.7,01646500
2011-08-10,1650.0,0.0,28.1,01646500
2011-08-11,1580.0,0.0,26.2,01646500
2011-08-12,1550.0,0.0,25.7,01646500
2011-08-13,1640.0,4.5,25.5,01646500
2011-08-14,1930.0,10.9,23.8,01646500
2011-08-15,2710.0,15.9,22.3,01646500
2011-08-16,2640.0,0.5,22.9,01646500
2011-08-17,2160.0,0.0,24.5,01646500
2011-08-18,2450.0,3.5,25.7,01646500
2011-08-19,3140.0,3.0,25.1,01646500
2011-08-20,2630.0,7.0,24.3,01646500
2011-08-21,2460.0,6.6,25.7,01646500
2011-08-22,2210.0,0.5,24.6,01646500
2011-08-23,1830.0,0.0,22.1,01646500
2011-08-24,1690.0,0.0,23.0,01646500
2011-08-25,1790.0,4.4,25.7,01646500
2011-08-26,1760.0,7.4,25.0,01646500
2011-08-27,1910.0,19.9,23.9,01646500
2011-08-28,3680.0,71.2,23.1,01646500
2011-08-29,2860.0,0.0,21.6,01646500
2011-08-30,2690.0,0.0,21.2,01646500
2011-08-31,2460.0,0.0,22.4,01646500
2011-09-01,2120.0,0.0,22.1,01646500
2011-09-02,1950.0,4.1,21.9,01646500
2011-09-03,1880.0,0.5,23.0,01646500
2011-09-04,2120.0,0.5,25.2,01646500
2011-09-05,1970.0,7.5,24.6,01646500
2011-09-06,5130.0,35.4,18.3,01646500
2011-09-07,8000.0,24.8,21.1,01646500
2011-09-08,54400.0,61.8,22.3,01646500
2011-09-09,73500.0,13.5,22.7,01646500
2011-09-10,34100.0,1.5,22.8,01646500
2011-09-11,33600.0,1.0,22.7,01646500
2011-09-12,21800.0,0.0,22.3,01646500
2011-09-13,14400.0,0.0,22.6,01646500
2011-09-14,11200.0,1.8,23.7,01646500
2011-09-15,9630.0,0.6,21.3,01646500
2011-09-16,10300.0,0.0,14.4,01646500
2011-09-17,12500.0,0.7,14.2,01646500
2011-09-18,9550.0,0.0,15.5,01646500
2011-09-19,7480.0,0.0,17.3,01646500
2011-09-20,6400.0,8.7,18.6,01646500
2011-09-21,5680.0,1.4,19.8,01646500
2011-09-22,6160.0,0.9,22.0,01646500
2011-09-23,10800.0,26.6,21.2,01646500
2011-09-24,11800.0,0.0,21.3,01646500
2011-09-25,11500.0,0.2,21.5,01646500
2011-09-26,6560.0,0.4,22.1,01646500
2011-09-27,5640.0,8.4,22.0,01646500
2011-09-28,10600.0,2.7,22.1,01646500
2011-09-29,13900.0,7.8,20.4,01646500
2011-09-30,18000.0,0.0,19.1,01646500
2011-10-01,13800.0,4.5,13.6,01646500
2011-10-02,12500.0,11.3,8.9,01646500
2011-10-03,13000.0,2.3,8.9,01646500
2011-10-04,16200.0,0.4,12.8,01646500
2011-10-05,15500.0,0.0,16.3,01646500
2011-10-06,13100.0,0.0,15.0,01646500
2011-10-07,10800.0,0.0,15.0,01646500
2011-10-08,9020.0,0.0,15.9,01646500
2011-10-09,7690.0,0.0,16.6,01646500
2011-10-10,6700.0,0.0,18.2,01646500
2011-10-11,5890.0,0.0,18.1,01646500
2011-10-12,5500.0,10.1,18.1,01646500
2011-10-13,8060.0,2.9,18.5,01646500
2011-10-14,15400.0,12.4,18.6,01646500
2011-10-15,14300.0,0.0,15.7,01646500
2011-10-16,14500.0,0.0,14.9,01646500
2011-10-17,16100.0,0.0,17.9,01646500
2011-10-18,14000.0,0.0,16.2,01646500
2011-10-19,12400.0,27.0,17.3,01646500
2011-10-20,16100.0,9.7,15.8,01646500
2011-10-21,15700.0,0.0,12.1,01646500
2011-10-22,11700.0,0.0,11.2,01646500
2011-10-23,10000.0,0.0,12.3,01646500
2011-10-24,8790.0,0.0,13.0,01646500
2011-10-25,7990.0,0.0,13.4,01646500
2011-10-26,7370.0,0.6,14.3,01646500
2011-10-27,7030.0,8.1,15.5,01646500
2011-10-28,6640.0,0.1,7.5,01646500
2011-10-29,7610.0,33.1,3.9,01646500
2011-10-30,10500.0,0.1,4.3,01646500
2011-10-31,11200.0,0.0,6.7,01646500
2011-11-01,12800.0,0.0,9.0,01646500
2011-11-02,13400.0,0.0,10.2,01646500
2011-11-03,13100.0,0.0,9.9,01646500
2011-11-04,12200.0,0.0,10.0,01646500
2011-11-05,11300.0,0.0,6.7,01646500
2011-11-06,10600.0,0.0,7.4,01646500
2011-11-07,9720.0,0.0,9.5,01646500
2011-11-08,9020.0,0.0,10.5,01646500
2011-11-09,8470.0,0.0,10.0,01646500
2011-11-10,8020.0,1.7,9.7,01646500
2011-11-11,7560.0,0.0,6.6,01646500
2011-11-12,7020.0,0.0,5.9,01646500
2011-11-13,6600.0,0.0,10.7,01646500
2011-11-14,6160.0,0.0,15.3,01646500
2011-11-15,5840.0,0.0,17.5,01646500
2011-11-16,5760.0,13.1,15.2,01646500
2011-11-17,6640.0,7.5,9.1,01646500
2011-11-18,8610.0,0.0,4.1,01646500
2011-11-19,11400.0,0.0,4.6,01646500
2011-11-20,11400.0,0.5,11.5,01646500
2011-11-21,10300.0,4.8,13.3,01646500
2011-11-22,10400.0,11.5,11.6,01646500
2011-11-23,27100.0,21.5,14.4,01646500
2011-11-24,74000.0,0.0,8.7,01646500
2011-11-25,53700.0,0.0,8.7,01646500
2011-11-26,35000.0,0.0,9.2,01646500
2011-11-27,26400.0,0.0,11.7,01646500
2011-11-28,21600.0,0.0,15.4,01646500
2011-11-29,18900.0,12.1,14.5,01646500
2011-11-30,19200.0,0.2,7.7,01646500
2011-12-01,21500.0,0.0,5.6,01646500
2011-12-02,28900.0,0.0,5.4,01646500
2011-12-03,24200.0,0.0,4.0,01646500
2011-12-04,19300.0,0.0,6.1,01646500
2011-12-05,16400.0,0.0,9.5,01646500
2011-12-06,14500.0,8.2,14.4,01646500
2011-12-07,16900.0,32.5,13.9,01646500
2011-12-08,36400.0,20.6,4.3,01646500
2011-12-09,80800.0,0.0,4.2,01646500
2011-12-10,68900.0,0.0,4.0,01646500
2011-12-11,43300.0,0.0,0.7,01646500
2011-12-12,31700.0,0.0,2.1,01646500
2011-12-13,25300.0,0.0,2.1,01646500
2011-12-14,21300.0,0.0,4.0,01646500
2011-12-15,18700.0,0.8,9.1,01646500
2011-12-16,17100.0,0.0,10.2,01646500
2011-12-17,15400.0,0.0,3.8,01646500
2011-12-18,13800.0,0.0,1.2,01646500
2011-12-19,12500.0,0.0,1.8,01646500
2011-12-20,11600.0,0.0,8.5,01646500
2011-12-21,11000.0,4.3,10.6,01646500
2011-12-22,10500.0,0.0,12.4,01646500
2011-12-23,15200.0,19.5,10.3,01646500
2011-12-24,15600.0,0.1,4.9,01646500
2011-12-25,14400.0,0.0,2.8,01646500
2011-12-26,16800.0,0.0,4.7,01646500
2011-12-27,16700.0,12.2,5.2,01646500
2011-12-28,20400.0,0.0,5.2,01646500
2011-12-29,21100.0,0.0,1.5,01646500
2011-12-30,20000.0,0.4,4.5,01646500
2011-12-31,18300.0,0.0,10.3,01646500
2012-01-01,16400.0,0.3,7.9,01646500
2012-01-02,15100.0,0.1,5.1,01646500
2012-01-03,13800.0,0.0,-0.9,01646500
2012-01-04,12600.0,0.0,-4.4,01646500
2012-01-05,11600.0,0.0,1.1,01646500
2012-01-06,10800.0,0.0,4.1,01646500
2012-01-07,10400.0,0.0,7.8,01646500
2012-01-08,10000.0,0.0,6.4,01646500
2012-01-09,9550.0,2.1,1.8,01646500
2012-01-10,9060.0,0.0,3.9,01646500
2012-01-11,8730.0,2.5,3.1,01646500
2012-01-12,12800.0,19.0,9.0,01646500
2012-01-13,18600.0,2.7,5.4,01646500
2012-01-14,35600.0,0.0,-0.3,01646500
2012-01-15,36500.0,0.0,-1.7,01646500
2012-01-16,28600.0,0.0,-1.2,01646500
2012-01-17,22900.0,4.2,7.0,01646500
2012-01-18,19900.0,0.0,6.6,01646500
2012-01-19,18200.0,0.0,-0.6,01646500
2012-01-20,17600.0,0.0,0.3,01646500
2012-01-21,16600.0,5.1,-0.3,01646500
2012-01-22,15100.0,0.2,-1.3,01646500
2012-01-23,13900.0,1.1,2.1,01646500
2012-01-24,13400.0,0.0,6.9,01646500
2012-01-25,13800.0,0.0,3.7,01646500
2012-01-26,15200.0,0.3,5.6,01646500
2012-01-27,15700.0,5.7,13.4,01646500
2012-01-28,19400.0,0.0,5.9,01646500
2012-01-29,21100.0,0.0,4.0,01646500
2012-01-30,19000.0,0.1,3.4,01646500
2012-01-31,17100.0,0.0,7.7,01646500
2012-02-01,15500.0,0.9,12.4,01646500
2012-02-02,14300.0,6.9,10.1,01646500
2012-02-03,13300.0,0.0,4.9,01646500
2012-02-04,12300.0,2.4,3.0,01646500
2012-02-05,11700.0,2.6,3.0,01646500
2012-02-06,11500.0,0.0,3.0,01646500
2012-02-07,11200.0,0.0,5.1,01646500
2012-02-08,11100.0,3.0,2.9,01646500
2012-02-09,10700.0,0.6,2.6,01646500
2012-02-10,10200.0,0.0,2.5,01646500
2012-02-11,9990.0,3.6,2.9,01646500
2012-02-12,9870.0,0.6,-2.9,01646500
2012-02-13,9410.0,0.0,0.3,01646500
2012-02-14,8980.0,1.2,3.7,01646500
2012-02-15,8450.0,0.4,6.6,01646500
2012-02-16,8210.0,5.9,5.5,01646500
2012-02-17,8350.0,0.0,7.2,01646500
2012-02-18,8320.0,0.0,5.9,01646500
2012-02-19,8390.0,0.0,4.8,01646500
2012-02-20,8360.0,0.0,4.3,01646500
2012-02-21,8310.0,0.0,3.0,01646500
2012-02-22,8210.0,0.0,8.2,01646500
2012-02-23,8080.0,0.3,11.4,01646500
2012-02-24,8060.0,9.0,12.1,01646500
2012-02-25,8290.0,0.0,5.9,01646500
2012-02-26,8290.0,0.0,3.2,01646500
2012-02-27,8500.0,0.0,6.0,01646500
2012-02-28,8560.0,0.0,7.7,01646500
2012-02-29,9760.0,14.5,6.1,01646500
2012-03-01,17800.0,3.5,14.6,01646500
2012-03-02,45500.0,3.6,7.7,01646500
2012-03-03,55900.0,3.2,10.4,01646500
2012-03-04,45100.0,0.0,6.8,01646500
2012-03-05,41500.0,0.7,2.5,01646500
2012-03-06,34500.0,0.0,2.5,01646500
2012-03-07,27700.0,0.0,8.2,01646500
2012-03-08,23500.0,0.0,14.9,01646500
2012-03-09,19700.0,3.0,11.7,01646500
2012-03-10,17100.0,0.0,4.6,01646500
2012-03-11,15200.0,0.0,6.2,01646500
2012-03-12,13600.0,0.0,11.3,01646500
2012-03-13,12300.0,1.8,17.4,01646500
2012-03-14,11600.0,0.0,17.9,01646500
2012-03-15,10800.0,0.1,17.7,01646500
2012-03-16,10200.0,0.0,15.6,01646500
2012-03-17,9650.0,0.0,15.7,01646500
2012-03-18,9090.0,0.5,14.5,01646500
2012-03-19,8620.0,0.2,16.2,01646500
2012-03-20,8520.0,5.4,17.0,01646500
2012-03-21,9230.0,0.0,16.3,01646500
2012-03-22,9200.0,0.9,18.0,01646500
2012-03-23,9170.0,0.0,19.4,01646500
2012-03-24,9150.0,9.3,16.8,01646500
2012-03-25,9860.0,3.4,14.2,01646500
2012-03-26,11800.0,0.0,13.7,01646500
2012-03-27,15100.0,0.0,6.5,01646500
2012-03-28,18000.0,0.8,12.9,01646500
2012-03-29,16100.0,0.0,15.3,01646500
2012-03-30,13800.0,0.0,9.5,01646500
2012-03-31,12400.0,0.2,12.3,01646500
2012-04-01,11300.0,0.0,11.1,01646500
2012-04-02,10700.0,3.1,11.9,01646500
2012-04-03,10400.0,0.0,11.4,01646500
2012-04-04,9940.0,0.0,15.9,01646500
2012-04-05,9330.0,0.0,12.7,01646500
2012-04-06,8610.0,0.0,9.7,01646500
2012-04-07,8010.0,0.0,10.3,01646500
2012-04-08,7450.0,0.0,12.6,01646500
2012-04-09,6970.0,0.2,14.1,01646500
2012-04-10,6490.0,0.0,12.7,01646500
2012-04-11,6410.0,1.6,8.6,01646500
2012-04-12,5960.0,0.0,9.2,01646500
2012-04-13,5830.0,0.0,11.2,01646500
2012-04-14,5620.0,0.0,14.0,01646500
2012-04-15,5410.0,0.2,20.6,01646500
2012-04-16,5160.0,0.0,24.0,01646500
2012-04-17,5040.0,0.0,21.8,01646500
2012-04-18,4920.0,8.7,13.6,01646500
2012-04-19,4990.0,2.1,14.1,01646500
2012-04-20,4880.0,0.0,15.9,01646500
2012-04-21,4810.0,0.0,18.9,01646500
2012-04-22,5110.0,22.9,11.0,01646500
2012-04-23,6870.0,16.3,7.0,01646500
2012-04-24,8140.0,0.3,9.5,01646500
2012-04-25,8760.0,0.0,12.1,01646500
2012-04-26,8740.0,0.7,13.5,01646500
2012-04-27,8290.0,0.6,12.8,01646500
2012-04-28,7330.0,0.8,9.5,01646500
2012-04-29,7060.0,2.9,12.6,01646500
2012-04-30,6600.0,0.0,12.7,01646500
2012-05-01,6290.0,4.3,19.9,01646500
2012-05-02,5870.0,1.2,20.8,01646500
2012-05-03,5930.0,0.0,19.4,01646500
2012-05-04,5990.0,6.4,22.2,01646500
2012-05-05,6190.0,11.8,21.1,01646500
2012-05-06,6330.0,0.0,18.1,01646500
2012-05-07,5990.0,0.0,17.1,01646500
2012-05-08,5830.0,2.4,18.3,01646500
2012-05-09,6550.0,5.0,19.9,01646500
2012-05-10,7710.0,3.1,15.6,01646500
2012-05-11,6980.0,0.0,15.4,01646500
2012-05-12,6620.0,0.0,17.4,01646500
2012-05-13,6500.0,0.0,19.7,01646500
2012-05-14,6190.0,14.9,18.5,01646500
2012-05-15,6990.0,5.4,19.7,01646500
2012-05-16,9020.0,0.3,21.5,01646500
2012-05-17,18000.0,0.0,19.9,01646500
2012-05-18,20300.0,0.0,17.6,01646500
2012-05-19,15200.0,0.0,18.9,01646500
2012-05-20,11600.0,0.0,20.4,01646500
2012-05-21,9620.0,5.2,19.9,01646500
2012-05-22,10000.0,4.8,20.1,01646500
2012-05-23,12400.0,16.4,21.2,01646500
2012-05-24,14000.0,1.0,21.6,01646500
2012-05-25,14900.0,0.2,23.2,01646500
2012-05-26,12000.0,0.0,24.4,01646500
2012-05-27,9800.0,0.0,25.5,01646500
2012-05-28,8510.0,0.2,26.6,01646500
2012-05-29,8220.0,2.4,27.3,01646500
2012-05-30,12200.0,6.6,24.3,01646500
2012-05-31,13200.0,0.0,23.5,01646500
2012-06-01,12400.0,7.5,22.6,01646500
2012-06-02,20100.0,9.4,19.3,01646500
2012-06-03,20000.0,0.0,19.0,01646500
2012-06-04,13900.0,0.0,20.1,01646500
2012-06-05,10400.0,0.0,17.5,01646500
2012-06-06,8590.0,0.0,18.1,01646500
2012-06-07,7480.0,0.0,19.9,01646500
2012-06-08,6410.0,0.0,21.7,01646500
2012-06-09,5760.0,0.0,24.3,01646500
2012-06-10,5220.0,0.0,26.1,01646500
2012-06-11,4750.0,0.0,26.4,01646500
2012-06-12,4500.0,18.3,22.7,01646500
2012-06-13,4980.0,3.2,23.0,01646500
2012-06-14,5570.0,0.2,22.2,01646500
2012-06-15,5540.0,0.0,22.1,01646500
2012-06-16,4820.0,0.0,21.9,01646500
2012-06-17,4380.0,0.0,20.8,01646500
2012-06-18,3990.0,8.4,18.9,01646500
2012-06-19,3720.0,0.0,23.4,01646500
2012-06-20,3430.0,0.1,28.6,01646500
2012-06-21,3380.0,0.0,30.2,01646500
2012-06-22,3450.0,1.2,29.6,01646500
2012-06-23,3980.0,0.9,27.0,01646500
2012-06-24,3970.0,0.0,26.8,01646500
2012-06-25,3480.0,1.0,26.4,01646500
2012-06-26,3000.0,0.0,21.8,01646500
2012-06-27,2650.0,0.0,23.8,01646500
2012-06-28,2500.0,0.0,27.4,01646500
2012-06-29,2340.0,2.3,31.3,01646500
2012-06-30,2880.0,2.3,30.0,01646500
2012-07-01,2840.0,0.1,29.5,01646500
2012-07-02,2410.0,0.0,28.9,01646500
2012-07-03,2440.0,0.0,29.6,01646500
2012-07-04,2410.0,0.9,30.1,01646500
2012-07-05,2260.0,1.0,31.6,01646500
2012-07-06,2120.0,0.0,31.6,01646500
2012-07-07,1940.0,0.0,33.4,01646500
2012-07-08,1860.0,19.7,32.4,01646500
2012-07-09,1950.0,6.2,26.0,01646500
2012-07-10,3660.0,0.0,25.9,01646500
2012-07-11,2920.0,0.0,25.9,01646500
2012-07-12,2170.0,0.0,25.5,01646500
2012-07-13,1830.0,0.0,25.6,01646500
2012-07-14,2120.0,2.1,25.3,01646500
2012-07-15,2190.0,8.2,26.6,01646500
2012-07-16,1910.0,0.5,27.6,01646500
2012-07-17,1770.0,0.0,29.8,01646500
2012-07-18,1740.0,1.6,30.5,01646500
2012-07-19,1950.0,11.8,28.4,01646500
2012-07-20,3050.0,10.2,25.7,01646500
2012-07-21,4850.0,13.0,20.9,01646500
2012-07-22,5240.0,0.9,23.0,01646500
2012-07-23,4920.0,0.1,25.9,01646500
2012-07-24,4740.0,0.0,28.1,01646500
2012-07-25,4670.0,0.0,26.5,01646500
2012-07-26,4310.0,0.0,28.6,01646500
2012-07-27,3510.0,3.0,29.1,01646500
2012-07-28,3100.0,1.1,28.0,01646500
2012-07-29,4190.0,0.0,26.4,01646500
2012-07-30,4100.0,0.5,25.8,01646500
2012-07-31,3390.0,0.6,25.8,01646500
2012-08-01,2950.0,0.7,26.0,01646500
2012-08-02,2650.0,0.4,27.4,01646500
2012-08-03,2510.0,2.8,28.1,01646500
2012-08-04,2490.0,2.5,28.2,01646500
2012-08-05,2440.0,3.1,29.4,01646500
2012-08-06,2420.0,5.3,27.7,01646500
2012-08-07,2620.0,0.2,27.0,01646500
2012-08-08,2570.0,0.0,27.2,01646500
2012-08-09,2470.0,0.8,27.9,01646500
2012-08-10,3090.0,19.9,26.1,01646500
2012-08-11,3150.0,3.0,26.4,01646500
2012-08-12,3060.0,2.1,24.3,01646500
2012-08-13,3990.0,0.0,25.2,01646500
2012-08-14,3650.0,4.5,25.3,01646500
2012-08-15,3170.0,0.7,24.6,01646500
2012-08-16,2820.0,0.0,25.1,01646500
2012-08-17,2570.0,0.4,26.4,01646500
2012-08-18,2610.0,3.7,24.1,01646500
2012-08-19,3220.0,1.8,22.7,01646500
2012-08-20,4150.0,2.4,22.2,01646500
2012-08-21,4250.0,4.4,22.5,01646500
2012-08-22,3750.0,2.3,23.9,01646500
2012-08-23,3700.0,0.4,24.6,01646500
2012-08-24,3490.0,0.0,25.0,01646500
2012-08-25,3230.0,7.8,23.5,01646500
2012-08-26,3090.0,18.6,21.8,01646500
2012-08-27,3170.0,2.7,24.1,01646500
2012-08-28,3320.0,3.9,25.6,01646500
2012-08-29,3830.0,0.0,24.6,01646500
2012-08-30,3730.0,0.0,24.4,01646500
2012-08-31,3090.0,0.0,26.8,01646500
2012-09-01,2860.0,4.9,27.2,01646500
2012-09-02,2600.0,6.9,24.6,01646500
2012-09-03,2320.0,22.0,24.8,01646500
2012-09-04,2820.0,14.5,24.9,01646500
2012-09-05,3150.0,9.9,25.8,01646500
2012-09-06,2980.0,0.4,24.8,01646500
2012-09-07,4230.0,0.5,25.0,01646500
2012-09-08,3770.0,7.0,24.4,01646500
2012-09-09,3330.0,0.0,20.4,01646500
2012-09-10,2950.0,0.0,19.3,01646500
2012-09-11,2680.0,0.0,18.0,01646500
2012-09-12,2550.0,0.0,19.5,01646500
2012-09-13,2300.0,0.0,20.1,01646500
2012-09-14,2130.0,0.0,20.7,01646500
2012-09-15,1960.0,0.0,20.7,01646500
2012-09-16,1880.0,0.0,19.0,01646500
2012-09-17,1720.0,0.2,19.0,01646500
2012-09-18,1980.0,27.8,21.4,01646500
2012-09-19,6740.0,3.1,18.8,01646500
2012-09-20,13100.0,0.0,16.8,01646500
2012-09-21,8480.0,0.0,19.0,01646500
2012-09-22,7730.0,0.0,21.7,01646500
2012-09-23,7000.0,0.0,18.2,01646500
2012-09-24,5820.0,0.0,16.2,01646500
2012-09-25,4660.0,0.0,16.4,01646500
2012-09-26,3880.0,0.5,21.2,01646500
2012-09-27,3450.0,1.5,22.2,01646500
2012-09-28,3390.0,13.5,21.0,01646500
2012-09-29,4480.0,0.5,17.6,01646500
2012-09-30,5590.0,0.0,16.5,01646500
2012-10-01,4730.0,0.0,16.2,01646500
2012-10-02,6420.0,3.0,19.4,01646500
2012-10-03,8140.0,0.2,23.4,01646500
2012-10-04,7700.0,0.8,23.1,01646500
2012-10-05,6000.0,0.0,20.9,01646500
2012-10-06,4910.0,0.0,19.6,01646500
2012-10-07,4220.0,7.0,11.8,01646500
2012-10-08,3800.0,1.9,8.9,01646500
2012-10-09,3510.0,2.8,11.9,01646500
2012-10-10,3250.0,0.0,15.7,01646500
2012-10-11,3070.0,0.0,12.5,01646500
2012-10-12,2920.0,0.0,11.7,01646500
2012-10-13,2810.0,0.0,9.1,01646500
2012-10-14,2740.0,0.0,14.5,01646500
2012-10-15,2570.0,8.3,18.2,01646500
2012-10-16,2760.0,0.0,13.8,01646500
2012-10-17,2570.0,0.0,12.9,01646500
2012-10-18,2430.0,0.0,15.0,01646500
2012-10-19,3020.0,9.3,17.9,01646500
2012-10-20,5280.0,0.0,14.9,01646500
2012-10-21,5170.0,0.0,13.1,01646500
2012-10-22,3830.0,0.0,13.1,01646500
2012-10-23,3220.0,0.0,16.2,01646500
2012-10-24,2900.0,0.0,19.1,01646500
2012-10-25,2760.0,0.0,18.1,01646500
2012-10-26,2680.0,0.3,17.5,01646500
2012-10-27,2540.0,0.0,17.1,01646500
2012-10-28,2450.0,1.8,14.8,01646500
2012-10-29,8080.0,67.3,10.6,01646500
2012-10-30,76200.0,45.3,6.2,01646500
2012-10-31,134000.0,0.1,7.1,01646500
2012-11-01,76800.0,0.0,8.3,01646500
2012-11-02,35100.0,0.1,8.0,01646500
2012-11-03,22600.0,0.0,6.7,01646500
2012-11-04,16900.0,0.0,5.9,01646500
2012-11-05,13700.0,0.0,5.8,01646500
2012-11-06,11500.0,0.0,3.5,01646500
2012-11-07,9990.0,0.0,4.8,01646500
2012-11-08,8800.0,0.0,6.2,01646500
2012-11-09,7910.0,0.0,7.4,01646500
2012-11-10,7220.0,0.0,9.3,01646500
2012-11-11,6640.0,0.0,10.7,01646500
2012-11-12,6120.0,0.0,14.0,01646500
2012-11-13,6870.0,16.9,10.0,01646500
2012-11-14,8250.0,0.0,4.5,01646500
2012-11-15,7900.0,0.0,4.7,01646500
2012-11-16,7040.0,0.0,6.5,01646500
2012-11-17,6940.0,0.0,5.3,01646500
2012-11-18,6600.0,0.0,6.0,01646500
2012-11-19,6080.0,0.0,8.2,01646500
2012-11-20,5700.0,0.0,8.0,01646500
2012-11-21,5410.0,0.0,6.8,01646500
2012-11-22,5140.0,0.0,6.1,01646500
2012-11-23,4940.0,0.0,7.1,01646500
2012-11-24,4770.0,0.0,5.5,01646500
2012-11-25,4470.0,0.0,1.9,01646500
2012-11-26,4250.0,0.0,4.0,01646500
2012-11-27,4240.0,6.0,4.7,01646500
2012-11-28,4190.0,0.0,3.4,01646500
2012-11-29,4250.0,0.0,2.5,01646500
2012-11-30,4190.0,0.0,3.7,01646500
2012-12-01,3990.0,0.0,4.8,01646500
2012-12-02,3870.0,0.4,6.3,01646500
2012-12-03,3770.0,1.5,12.9,01646500
2012-12-04,3690.0,0.0,14.2,01646500
2012-12-05,3630.0,0.0,13.6,01646500
2012-12-06,3530.0,0.0,3.8,01646500
2012-12-07,3430.0,2.9,4.9,01646500
2012-12-08,3410.0,0.5,10.2,01646500
2012-12-09,3520.0,3.4,9.6,01646500
2012-12-10,3630.0,2.9,13.3,01646500
2012-12-11,3850.0,1.0,9.9,01646500
2012-12-12,4330.0,0.0,4.7,01646500
2012-12-13,4670.0,0.0,4.2,01646500
2012-12-14,4900.0,0.0,3.5,01646500
2012-12-15,4900.0,0.0,4.1,01646500
2012-12-16,4750.0,0.9,7.1,01646500
2012-12-17,4580.0,0.5,10.0,01646500
2012-12-18,4520.0,2.4,10.9,01646500
2012-12-19,4400.0,0.0,6.8,01646500
2012-12-20,4590.0,1.0,5.2,01646500
2012-12-21,6160.0,16.3,7.1,01646500
2012-12-22,11800.0,0.0,3.1,01646500
2012-12-23,14800.0,0.0,2.4,01646500
2012-12-24,13200.0,5.3,1.5,01646500
2012-12-25,11500.0,0.5,4.5,01646500
2012-12-26,12100.0,21.4,2.2,01646500
2012-12-27,19700.0,4.0,3.9,01646500
2012-12-28,19000.0,0.0,1.8,01646500
2012-12-29,14800.0,6.3,1.4,01646500
2012-12-30,12700.0,0.0,1.6,01646500
2012-12-31,11400.0,0.0,0.5,01646500
2013-01-01,10600.0,0.0,3.8,01646500
2013-01-02,10100.0,0.0,1.4,01646500
2013-01-03,9720.0,0.0,-0.4,01646500
2013-01-04,9480.0,0.0,0.3,01646500
2013-01-05,9040.0,0.0,1.8,01646500
2013-01-06,8510.0,0.0,4.2,01646500
2013-01-07,8110.0,0.0,3.9,01646500
2013-01-08,7880.0,0.0,2.8,01646500
2013-01-09,7970.0,0.0,4.4,01646500
2013-01-10,8160.0,0.0,7.0,01646500
2013-01-11,8150.0,5.0,4.3,01646500
2013-01-12,8330.0,0.5,7.5,01646500
2013-01-13,10300.0,0.1,11.0,01646500
2013-01-14,13700.0,0.7,13.6,01646500
2013-01-15,17000.0,8.0,5.3,01646500
2013-01-16,23300.0,25.6,3.2,01646500
2013-01-17,37400.0,3.4,4.5,01646500
2013-01-18,47500.0,2.2,1.4,01646500
2013-01-19,39900.0,0.0,2.7,01646500
2013-01-20,29900.0,0.0,7.2,01646500
2013-01-21,23900.0,0.0,2.7,01646500
2013-01-22,20100.0,0.0,-3.1,01646500
2013-01-23,16500.0,0.0,-5.8,01646500
2013-01-24,13400.0,0.4,-4.5,01646500
2013-01-25,11200.0,2.5,-6.0,01646500
2013-01-26,9470.0,0.0,-3.5,01646500
2013-01-27,8940.0,0.0,-1.8,01646500
2013-01-28,8750.0,4.6,0.8,01646500
2013-01-29,8920.0,0.0,7.9,01646500
2013-01-30,9150.0,0.8,14.9,01646500
2013-01-31,64100.0,19.4,10.2,01646500
2013-02-01,91400.0,2.4,-0.9,01646500
2013-02-02,82100.0,0.3,-3.9,01646500
2013-02-03,49700.0,0.0,-0.9,01646500
2013-02-04,34800.0,0.0,-1.1,01646500
2013-02-05,27800.0,0.0,2.0,01646500
2013-02-06,23000.0,0.0,2.1,01646500
2013-02-07,19100.0,0.0,0.7,01646500
2013-02-08,16800.0,4.7,2.5,01646500
2013-02-09,15100.0,0.0,0.6,01646500
2013-02-10,13400.0,0.0,0.7,01646500
2013-02-11,12700.0,7.3,6.4,01646500
2013-02-12,12300.0,0.0,8.5,01646500
2013-02-13,11800.0,2.7,3.8,01646500
2013-02-14,11500.0,3.0,3.5,01646500
2013-02-15,11500.0,0.6,5.9,01646500
2013-02-16,11500.0,4.4,3.0,01646500
2013-02-17,11200.0,0.0,-0.4,01646500
2013-02-18,10400.0,0.0,-1.3,01646500
2013-02-19,9590.0,2.6,3.0,01646500
2013-02-20,9250.0,0.0,1.8,01646500
2013-02-21,8920.0,0.0,-0.5,01646500
2013-02-22,8450.0,0.6,-0.4,01646500
2013-02-23,8120.0,1.2,2.4,01646500
2013-02-24,7790.0,0.1,5.8,01646500
2013-02-25,7320.0,0.0,2.6,01646500
2013-02-26,7190.0,6.3,2.1,01646500
2013-02-27,11000.0,14.3,8.9,01646500
2013-02-28,15800.0,0.2,5.9,01646500
2013-03-01,15700.0,0.0,3.9,01646500
2013-03-02,16000.0,0.0,2.1,01646500
2013-03-03,15000.0,0.0,1.3,01646500
2013-03-04,13500.0,0.0,1.6,01646500
2013-03-05,12200.0,0.0,2.5,01646500
2013-03-06,12200.0,29.4,2.3,01646500
2013-03-07,14100.0,0.2,3.3,01646500
2013-03-08,14500.0,0.0,3.7,01646500
2013-03-09,14400.0,0.0,6.5,01646500
2013-03-10,14700.0,0.0,7.9,01646500
2013-03-11,14700.0,0.1,9.1,01646500
2013-03-12,20400.0,26.4,12.7,01646500
2013-03-13,36200.0,0.7,6.4,01646500
2013-03-14,43600.0,0.0,3.4,01646500
2013-03-15,40000.0,0.0,4.8,01646500
2013-03-16,30400.0,5.8,7.6,01646500
2013-03-17,24500.0,0.0,4.1,01646500
2013-03-18,20600.0,10.7,2.6,01646500
2013-03-19,19600.0,6.7,6.5,01646500
2013-03-20,18800.0,0.0,6.0,01646500
2013-03-21,19800.0,0.0,2.6,01646500
2013-03-22,22400.0,0.0,1.9,01646500
2013-03-23,21300.0,0.0,3.6,01646500
2013-03-24,18800.0,0.4,3.0,01646500
2013-03-25,16800.0,13.1,2.0,01646500
2013-03-26,16300.0,0.4,3.7,01646500
2013-03-27,16100.0,0.2,5.2,01646500
2013-03-28,16300.0,0.3,5.5,01646500
2013-03-29,16300.0,0.0,6.8,01646500
2013-03-30,15500.0,0.0,7.4,01646500
2013-03-31,14600.0,4.5,8.1,01646500
2013-04-01,14200.0,0.0,10.2,01646500
2013-04-02,14300.0,0.0,5.1,01646500
2013-04-03,15300.0,0.0,4.3,01646500
2013-04-04,16500.0,0.0,3.3,01646500
2013-04-05,16500.0,7.8,7.6,01646500
2013-04-06,14900.0,0.0,7.9,01646500
2013-04-07,13500.0,0.0,9.8,01646500
2013-04-08,12500.0,0.0,16.9,01646500
2013-04-09,11400.0,0.0,20.6,01646500
2013-04-10,10900.0,3.1,22.7,01646500
2013-04-11,11000.0,0.0,21.9,01646500
2013-04-12,12200.0,17.4,18.1,01646500
2013-04-13,13000.0,2.1,14.5,01646500
2013-04-14,19000.0,0.0,12.8,01646500
2013-04-15,22300.0,2.2,13.9,01646500
2013-04-16,18800.0,0.0,16.5,01646500
2013-04-17,16100.0,1.7,18.6,01646500
2013-04-18,14700.0,0.9,18.3,01646500
2013-04-19,13800.0,3.3,19.8,01646500
2013-04-20,16400.0,22.5,13.0,01646500
2013-04-21,16100.0,0.0,8.8,01646500
2013-04-22,17900.0,0.0,7.8,01646500
2013-04-23,17100.0,0.0,10.5,01646500
2013-04-24,15300.0,0.0,14.3,01646500
2013-04-25,13900.0,1.8,13.6,01646500
2013-04-26,12700.0,0.0,12.6,01646500
2013-04-27,11600.0,0.0,13.9,01646500
2013-04-28,10300.0,0.8,13.9,01646500
2013-04-29,9500.0,3.3,13.4,01646500
2013-04-30,9210.0,1.2,14.0,01646500
2013-05-01,9120.0,0.0,14.9,01646500
2013-05-02,8670.0,0.0,13.0,01646500
2013-05-03,7960.0,0.0,13.2,01646500
2013-05-04,7840.0,0.0,12.6,01646500
2013-05-05,7070.0,0.0,11.4,01646500
2013-05-06,6560.0,0.5,12.2,01646500
2013-05-07,6700.0,16.6,14.8,01646500
2013-05-08,8370.0,14.2,16.3,01646500
2013-05-09,51400.0,0.2,16.6,01646500
2013-05-10,89900.0,0.1,20.0,01646500
2013-05-11,59700.0,8.4,20.9,01646500
2013-05-12,46100.0,0.6,16.3,01646500
2013-05-13,38800.0,0.0,11.3,01646500
2013-05-14,30700.0,0.0,10.8,01646500
2013-05-15,24200.0,2.5,17.9,01646500
2013-05-16,20400.0,1.2,22.9,01646500
2013-05-17,17000.0,0.0,21.4,01646500
2013-05-18,14800.0,8.1,17.0,01646500
2013-05-19,12800.0,0.0,18.4,01646500
2013-05-20,11200.0,0.3,21.5,01646500
2013-05-21,10200.0,0.0,23.1,01646500
2013-05-22,9280.0,0.9,24.5,01646500
2013-05-23,9250.0,4.1,23.0,01646500
2013-05-24,12600.0,1.3,16.5,01646500
2013-05-25,13300.0,0.0,13.0,01646500
2013-05-26,12600.0,0.0,15.3,01646500
2013-05-27,11100.0,0.0,16.6,01646500
2013-05-28,9590.0,2.6,19.6,01646500
2013-05-29,8650.0,0.0,24.8,01646500
2013-05-30,7630.0,0.1,26.5,01646500
2013-05-31,7020.0,0.0,26.6,01646500
2013-06-01,6440.0,0.0,27.1,01646500
2013-06-02,6040.0,3.3,27.0,01646500
2013-06-03,8740.0,22.7,22.9,01646500
2013-06-04,6970.0,0.0,20.4,01646500
2013-06-05,6330.0,0.0,21.2,01646500
2013-06-06,5390.0,2.8,19.8,01646500
2013-06-07,8350.0,56.5,19.8,01646500
2013-06-08,9130.0,6.8,20.6,01646500
2013-06-09,7760.0,0.4,22.5,01646500
2013-06-10,15800.0,24.1,22.2,01646500
2013-06-11,22400.0,3.0,23.3,01646500
2013-06-12,18100.0,0.0,24.7,01646500
2013-06-13,23900.0,17.7,25.3,01646500
2013-06-14,21700.0,2.5,20.5,01646500
2013-06-15,17500.0,0.0,21.6,01646500
2013-06-16,15500.0,0.0,23.4,01646500
2013-06-17,13800.0,2.9,24.7,01646500
2013-06-18,11400.0,7.2,23.3,01646500
2013-06-19,10700.0,0.3,21.2,01646500
2013-06-20,11400.0,0.0,21.2,01646500
2013-06-21,10900.0,0.0,21.5,01646500
2013-06-22,9310.0,0.0,22.7,01646500
2013-06-23,7870.0,5.2,23.3,01646500
2013-06-24,6630.0,1.7,26.4,01646500
2013-06-25,6180.0,0.0,26.7,01646500
2013-06-26,5630.0,16.9,26.8,01646500
2013-06-27,5300.0,4.8,24.3,01646500
2013-06-28,5590.0,8.2,25.0,01646500
2013-06-29,5600.0,0.4,25.0,01646500
2013-06-30,5800.0,3.9,25.2,01646500
2013-07-01,5890.0,6.1,24.0,01646500
2013-07-02,5190.0,6.2,23.6,01646500
2013-07-03,6240.0,15.8,24.2,01646500
2013-07-04,5510.0,0.2,25.5,01646500
2013-07-05,5020.0,0.0,26.6,01646500
2013-07-06,4510.0,0.0,27.4,01646500
2013-07-07,4310.0,0.8,27.5,01646500
2013-07-08,4290.0,1.0,26.0,01646500
2013-07-09,4690.0,2.6,25.8,01646500
2013-07-10,4860.0,0.1,27.0,01646500
2013-07-11,5160.0,1.3,25.9,01646500
2013-07-12,8650.0,28.2,21.4,01646500
2013-07-13,6440.0,0.0,23.7,01646500
2013-07-14,11600.0,0.1,26.1,01646500
2013-07-15,12100.0,0.0,27.6,01646500
2013-07-16,10500.0,0.0,29.4,01646500
2013-07-17,8160.0,0.0,29.2,01646500
2013-07-18,6540.0,1.4,29.6,01646500
2013-07-19,5350.0,3.8,29.2,01646500
2013-07-20,4600.0,7.0,28.6,01646500
2013-07-21,4500.0,8.2,27.3,01646500
2013-07-22,4220.0,12.0,26.0,01646500
2013-07-23,4580.0,6.9,26.0,01646500
2013-07-24,6010.0,2.4,26.1,01646500
2013-07-25,8690.0,0.0,22.8,01646500
2013-07-26,7710.0,0.0,23.2,01646500
2013-07-27,5750.0,0.7,23.9,01646500
2013-07-28,5530.0,2.1,24.4,01646500
2013-07-29,4530.0,0.8,23.2,01646500
2013-07-30,4110.0,0.0,22.9,01646500
2013-07-31,3710.0,0.0,23.5,01646500
2013-08-01,3670.0,12.4,23.5,01646500
2013-08-02,3370.0,0.8,23.9,01646500
2013-08-03,3260.0,2.3,22.8,01646500
2013-08-04,3210.0,0.5,22.7,01646500
2013-08-05,3000.0,0.0,22.0,01646500
2013-08-06,2770.0,0.9,21.7,01646500
2013-08-07,2860.0,1.3,22.9,01646500
2013-08-08,2900.0,0.2,25.5,01646500
2013-08-09,3450.0,9.2,26.0,01646500
2013-08-10,3130.0,0.3,25.8,01646500
2013-08-11,3500.0,0.1,25.3,01646500
2013-08-12,4110.0,0.0,26.1,01646500
2013-08-13,4640.0,7.1,26.0,01646500
2013-08-14,4180.0,0.0,22.0,01646500
2013-08-15,3690.0,0.0,20.0,01646500
2013-08-16,3610.0,0.0,21.0,01646500
2013-08-17,3840.0,0.0,21.0,01646500
2013-08-18,3580.0,11.5,19.8,01646500
2013-08-19,3090.0,0.1,20.0,01646500
2013-08-20,2820.0,0.0,23.5,01646500
2013-08-21,2580.0,1.2,25.0,01646500
2013-08-22,2540.0,2.2,25.5,01646500
2013-08-23,2720.0,1.6,23.6,01646500
2013-08-24,2920.0,0.0,21.7,01646500
2013-08-25,2800.0,0.0,22.0,01646500
2013-08-26,3120.0,0.0,23.2,01646500
2013-08-27,4200.0,1.3,26.0,01646500
2013-08-28,5020.0,14.4,24.5,01646500
2013-08-29,4350.0,5.4,24.6,01646500
2013-08-30,3440.0,0.0,24.6,01646500
2013-08-31,3010.0,0.0,26.2,01646500
2013-09-01,3180.0,0.0,27.2,01646500
2013-09-02,5130.0,0.2,27.7,01646500
2013-09-03,5000.0,0.0,25.7,01646500
2013-09-04,4270.0,0.0,22.9,01646500
2013-09-05,3550.0,0.0,22.9,01646500
2013-09-06,3020.0,0.0,21.2,01646500
2013-09-07,2870.0,0.0,21.3,01646500
2013-09-08,2740.0,0.0,23.9,01646500
2013-09-09,2500.0,0.0,22.7,01646500
2013-09-10,2320.0,0.0,25.9,01646500
2013-09-11,2190.0,0.5,28.1,01646500
2013-09-12,2540.0,2.0,27.7,01646500
2013-09-13,3020.0,2.4,23.3,01646500
2013-09-14,2650.0,0.0,18.9,01646500
2013-09-15,2210.0,0.0,18.6,01646500
2013-09-16,1880.0,2.2,19.3,01646500
2013-09-17,1860.0,0.0,17.1,01646500
2013-09-18,1860.0,0.0,16.1,01646500
2013-09-19,1810.0,0.0,18.2,01646500
2013-09-20,1770.0,0.0,20.0,01646500
2013-09-21,1830.0,4.0,20.3,01646500
2013-09-22,2400.0,14.4,18.6,01646500
2013-09-23,2030.0,0.0,16.4,01646500
2013-09-24,1990.0,0.0,15.1,01646500
2013-09-25,2000.0,0.0,16.4,01646500
2013-09-26,1980.0,0.0,17.8,01646500
2013-09-27,1980.0,0.2,17.9,01646500
2013-09-28,1890.0,0.1,17.3,01646500
2013-09-29,1840.0,0.0,17.2,01646500
2013-09-30,1710.0,0.0,18.2,01646500
2013-10-01,1620.0,0.2,19.7,01646500
2013-10-02,1580.0,0.0,21.9,01646500
2013-10-03,1590.0,0.0,22.3,01646500
2013-10-04,1800.0,0.3,23.9,01646500
2013-10-05,1980.0,0.1,24.6,01646500
2013-10-06,1650.0,0.0,24.9,01646500
2013-10-07,1730.0,13.1,21.8,01646500
2013-10-08,2750.0,0.0,16.3,01646500
2013-10-09,2210.0,2.1,14.6,01646500
2013-10-10,2950.0,38.3,12.6,01646500
2013-10-11,7400.0,29.9,14.9,01646500
2013-10-12,14700.0,12.3,17.1,01646500
2013-10-13,20100.0,2.9,16.6,01646500
2013-10-14,14900.0,0.0,15.8,01646500
2013-10-15,12200.0,0.0,15.5,01646500
2013-10-16,9670.0,0.0,17.5,01646500
2013-10-17,8360.0,0.3,18.8,01646500
2013-10-18,7130.0,0.5,15.9,01646500
2013-10-19,5990.0,0.5,14.4,01646500
2013-10-20,5170.0,0.0,12.8,01646500
2013-10-21,4590.0,0.0,11.9,01646500
2013-10-22,4310.0,0.0,13.4,01646500
2013-10-23,4040.0,0.1,11.2,01646500
2013-10-24,3690.0,0.0,8.0,01646500
2013-10-25,3390.0,0.0,6.9,01646500
2013-10-26,3220.0,0.0,6.7,01646500
2013-10-27,3060.0,0.0,10.5,01646500
2013-10-28,2820.0,0.0,10.2,01646500
2013-10-29,2810.0,0.0,10.5,01646500
2013-10-30,2800.0,2.9,12.8,01646500
2013-10-31,2690.0,1.0,16.0,01646500
2013-11-01,2720.0,1.5,20.7,01646500
2013-11-02,2800.0,0.0,15.8,01646500
2013-11-03,2840.0,0.0,10.9,01646500
2013-11-04,2710.0,0.0,5.6,01646500
2013-11-05,2680.0,0.0,7.6,01646500
2013-11-06,2620.0,0.0,13.5,01646500
2013-11-07,2560.0,3.9,13.1,01646500
2013-11-08,2520.0,0.0,7.8,01646500
2013-11-09,2520.0,0.0,6.1,01646500
2013-11-10,2500.0,0.0,9.6,01646500
2013-11-11,2370.0,0.0,7.9,01646500
2013-11-12,2400.0,0.5,6.8,01646500
2013-11-13,2320.0,0.0,2.2,01646500
2013-11-14,2240.0,0.0,3.1,01646500
2013-11-15,2240.0,0.0,5.8,01646500
2013-11-16,2310.0,5.0,9.6,01646500
2013-11-17,2240.0,0.0,13.6,01646500
2013-11-18,2280.0,1.7,16.4,01646500
2013-11-19,2350.0,0.0,8.5,01646500
2013-11-20,2320.0,0.0,3.9,01646500
2013-11-21,2280.0,0.0,5.1,01646500
2013-11-22,2200.0,3.4,10.1,01646500
2013-11-23,2250.0,0.0,9.0,01646500
2013-11-24,2150.0,0.0,-0.2,01646500
2013-11-25,1950.0,0.0,-1.9,01646500
2013-11-26,2190.0,10.4,0.9,01646500
2013-11-27,7430.0,33.5,5.1,01646500
2013-11-28,10200.0,0.0,0.1,01646500
2013-11-29,9950.0,0.0,0.3,01646500
2013-11-30,9740.0,0.0,-0.8,01646500
2013-12-01,8890.0,0.0,1.4,01646500
2013-12-02,7240.0,0.0,4.3,01646500
2013-12-03,6080.0,0.0,5.9,01646500
2013-12-04,5350.0,0.0,7.1,01646500
2013-12-05,4870.0,0.0,13.0,01646500
2013-12-06,4810.0,15.8,12.2,01646500
2013-12-07,9470.0,8.4,4.3,01646500
2013-12-08,28000.0,10.2,-0.2,01646500
2013-12-09,39200.0,18.9,1.0,01646500
2013-12-10,29000.0,10.0,0.5,01646500
2013-12-11,23100.0,0.0,-2.1,01646500
2013-12-12,21400.0,0.0,-2.9,01646500
2013-12-13,20000.0,0.0,-2.5,01646500
2013-12-14,16600.0,6.6,0.9,01646500
2013-12-15,15600.0,9.1,3.2,01646500
2013-12-16,15300.0,0.0,-1.6,01646500
2013-12-17,14000.0,1.9,1.2,01646500
2013-12-18,12600.0,0.6,0.9,01646500
2013-12-19,11600.0,0.0,1.7,01646500
2013-12-20,10800.0,0.0,8.2,01646500
2013-12-21,10600.0,0.0,13.6,01646500
2013-12-22,14000.0,3.0,19.7,01646500
2013-12-23,25100.0,25.5,15.6,01646500
2013-12-24,32100.0,0.0,3.7,01646500
2013-12-25,29700.0,0.0,-2.3,01646500
2013-12-26,27400.0,0.0,-0.7,01646500
2013-12-27,22400.0,0.0,1.2,01646500
2013-12-28,18500.0,0.0,2.9,01646500
2013-12-29,18900.0,26.2,5.4,01646500
2013-12-30,27500.0,0.0,4.1,01646500
2013-12-31,52300.0,0.0,1.3,01646500
2014-01-01,45700.0,0.0,1.4,01646500
2014-01-02,32100.0,2.0,1.3,01646500
2014-01-03,25400.0,7.6,-5.0,01646500
2014-01-04,20800.0,0.0,-6.2,01646500
2014-01-05,17000.0,3.9,-0.0,01646500
2014-01-06,15900.0,5.4,5.6,01646500
2014-01-07,17200.0,0.0,-11.0,01646500
2014-01-08,14200.0,0.0,-7.0,01646500
2014-01-09,12800.0,0.0,-1.5,01646500
2014-01-10,12400.0,6.5,-0.2,01646500
2014-01-11,14900.0,14.2,7.3,01646500
2014-01-12,23200.0,0.0,5.8,01646500
2014-01-13,19100.0,0.0,4.1,01646500
2014-01-14,17200.0,8.1,7.9,01646500
2014-01-15,17000.0,0.0,3.6,01646500
2014-01-16,15900.0,1.3,2.3,01646500
2014-01-17,14200.0,0.0,1.3,01646500
2014-01-18,13200.0,0.3,0.0,01646500
2014-01-19,12000.0,0.0,-0.3,01646500
2014-01-20,11000.0,0.0,3.3,01646500
2014-01-21,10400.0,9.8,-0.6,01646500
2014-01-22,9840.0,1.5,-10.5,01646500
2014-01-23,8360.0,0.0,-10.9,01646500
2014-01-24,7270.0,0.0,-10.7,01646500
2014-01-25,7250.0,0.1,-5.7,01646500
2014-01-26,6170.0,0.3,-3.5,01646500
2014-01-27,7030.0,0.0,1.1,01646500
2014-01-28,9550.0,0.0,-8.0,01646500
2014-01-29,5900.0,0.9,-9.1,01646500
2014-01-30,5980.0,0.0,-7.5,01646500
2014-01-31,6250.0,0.0,-2.5,01646500
2014-02-01,6800.0,0.0,1.5,01646500
2014-02-02,6870.0,0.0,5.6,01646500
2014-02-03,10700.0,32.7,3.9,01646500
2014-02-04,15500.0,0.0,-0.9,01646500
2014-02-05,24100.0,14.8,0.8,01646500
2014-02-06,41700.0,0.0,-1.3,01646500
2014-02-07,52000.0,0.0,-0.1,01646500
2014-02-08,41800.0,0.1,-1.7,01646500
2014-02-09,30500.0,0.4,-0.8,01646500
2014-02-10,24500.0,0.0,-2.0,01646500
2014-02-11,20600.0,0.0,-3.6,01646500
2014-02-12,17500.0,0.0,-4.9,01646500
2014-02-13,15500.0,33.9,-0.6,01646500
2014-02-14,14000.0,3.3,2.4,01646500
2014-02-15,13400.0,2.4,0.7,01646500
2014-02-16,12800.0,0.0,-2.8,01646500
2014-02-17,12200.0,0.0,-3.7,01646500
2014-02-18,11700.0,2.2,1.4,01646500
2014-02-19,11600.0,4.2,4.5,01646500
2014-02-20,13600.0,0.0,5.1,01646500
2014-02-21,22400.0,5.5,10.3,01646500
2014-02-22,48000.0,0.0,5.7,01646500
2014-02-23,69500.0,0.0,8.6,01646500
2014-02-24,66500.0,4.0,4.0,01646500
2014-02-25,52800.0,1.9,-0.0,01646500
2014-02-26,40500.0,1.8,-0.8,01646500
2014-02-27,31400.0,0.0,-1.6,01646500
2014-02-28,25500.0,0.0,-5.8,01646500
2014-03-01,21000.0,0.0,-1.3,01646500
2014-03-02,18000.0,10.5,3.2,01646500
2014-03-03,17500.0,20.9,-3.5,01646500
2014-03-04,16500.0,0.0,-10.6,01646500
2014-03-05,15700.0,0.0,-1.7,01646500
2014-03-06,16500.0,0.0,-2.0,01646500
2014-03-07,15900.0,0.0,0.5,01646500
2014-03-08,15800.0,0.0,4.8,01646500
2014-03-09,16200.0,0.0,6.1,01646500
2014-03-10,16500.0,0.9,4.9,01646500
2014-03-11,17400.0,0.0,11.3,01646500
2014-03-12,18900.0,2.8,12.3,01646500
2014-03-13,21400.0,0.0,-0.6,01646500
2014-03-14,23400.0,0.0,2.3,01646500
2014-03-15,22800.0,0.0,11.1,01646500
2014-03-16,19800.0,0.5,4.9,01646500
2014-03-17,17900.0,12.1,-1.5,01646500
2014-03-18,16600.0,0.0,-0.4,01646500
2014-03-19,16000.0,2.3,2.7,01646500
2014-03-20,15800.0,0.0,7.4,01646500
2014-03-21,15400.0,0.5,7.0,01646500
2014-03-22,16500.0,0.0,10.7,01646500
2014-03-23,19400.0,0.0,6.4,01646500
2014-03-24,18400.0,0.0,1.0,01646500
2014-03-25,16900.0,8.7,0.2,01646500
2014-03-26,16000.0,0.5,-0.9,01646500
2014-03-27,14600.0,0.0,0.8,01646500
2014-03-28,13700.0,0.7,9.8,01646500
2014-03-29,13700.0,13.1,11.6,01646500
2014-03-30,25700.0,22.7,7.4,01646500
2014-03-31,44000.0,4.3,8.6,01646500
2014-04-01,40900.0,0.0,9.4,01646500
2014-04-02,33600.0,0.0,12.0,01646500
2014-04-03,28500.0,0.5,13.2,01646500
2014-04-04,25400.0,5.9,11.5,01646500
2014-04-05,23000.0,0.7,10.9,01646500
2014-04-06,20400.0,0.0,7.5,01646500
2014-04-07,18800.0,11.6,6.8,01646500
2014-04-08,18100.0,1.6,13.6,01646500
2014-04-09,17600.0,0.0,10.9,01646500
2014-04-10,16700.0,0.0,11.8,01646500
2014-04-11,15600.0,0.2,17.8,01646500
2014-04-12,14400.0,4.6,16.5,01646500
2014-04-13,13500.0,0.0,18.4,01646500
2014-04-14,12800.0,0.0,19.9,01646500
2014-04-15,14000.0,38.1,16.5,01646500
2014-04-16,16300.0,2.1,4.3,01646500
2014-04-17,17800.0,0.0,6.2,01646500
2014-04-18,17400.0,0.0,6.5,01646500
2014-04-19,16000.0,0.0,11.0,01646500
2014-04-20,14500.0,0.0,11.7,01646500
2014-04-21,13500.0,0.0,10.5,01646500
2014-04-22,12800.0,1.2,14.8,01646500
2014-04-23,12400.0,0.0,12.6,01646500
2014-04-24,11700.0,0.0,10.1,01646500
2014-04-25,11000.0,5.5,12.4,01646500
2014-04-26,11600.0,7.4,14.6,01646500
2014-04-27,12500.0,0.0,13.7,01646500
2014-04-28,13100.0,3.3,11.9,01646500
2014-04-29,13300.0,13.2,9.5,01646500
2014-04-30,47400.0,60.3,14.0,01646500
2014-05-01,83900.0,4.1,19.8,01646500
2014-05-02,66900.0,0.0,16.0,01646500
2014-05-03,45000.0,0.3,15.3,01646500
2014-05-04,34300.0,0.0,16.5,01646500
2014-05-05,27700.0,0.1,13.0,01646500
2014-05-06,23800.0,1.4,14.8,01646500
2014-05-07,20200.0,0.2,15.1,01646500
2014-05-08,18600.0,0.0,19.7,01646500
2014-05-09,16900.0,0.0,20.5,01646500
2014-05-10,16200.0,6.3,22.1,01646500
2014-05-11,15500.0,1.4,20.5,01646500
2014-05-12,14100.0,0.7,21.7,01646500
2014-05-13,13800.0,1.2,23.7,01646500
2014-05-14,14500.0,2.4,19.4,01646500
2014-05-15,13800.0,0.9,21.6,01646500
2014-05-16,71100.0,36.2,18.6,01646500
2014-05-17,144000.0,0.0,14.8,01646500
2014-05-18,125000.0,0.0,14.0,01646500
2014-05-19,63000.0,0.0,14.4,01646500
2014-05-20,43200.0,0.0,16.6,01646500
2014-05-21,33200.0,0.4,20.3,01646500
2014-05-22,28100.0,3.0,21.5,01646500
2014-05-23,24600.0,0.0,19.6,01646500
2014-05-24,21500.0,0.0,17.6,01646500
2014-05-25,18000.0,0.0,19.7,01646500
2014-05-26,14900.0,0.0,21.8,01646500
2014-05-27,13300.0,2.6,24.0,01646500
2014-05-28,14800.0,6.5,23.9,01646500
2014-05-29,12900.0,12.9,15.7,01646500
2014-05-30,13300.0,0.1,16.6,01646500
2014-05-31,11900.0,0.0,19.3,01646500
2014-06-01,11500.0,0.0,18.6,01646500
2014-06-02,11200.0,0.0,19.7,01646500
2014-06-03,10700.0,0.2,23.3,01646500
2014-06-04,10000.0,0.0,24.7,01646500
2014-06-05,9200.0,5.6,22.3,01646500
2014-06-06,8890.0,0.0,20.5,01646500
2014-06-07,8290.0,0.0,21.5,01646500
2014-06-08,8200.0,0.2,22.8,01646500
2014-06-09,10600.0,4.3,23.9,01646500
2014-06-10,14000.0,1.5,24.5,01646500
2014-06-11,15800.0,0.8,24.8,01646500
2014-06-12,29100.0,16.4,21.7,01646500
2014-06-13,31200.0,3.2,23.1,01646500
2014-06-14,40200.0,0.4,21.7,01646500
2014-06-15,32400.0,0.0,20.4,01646500
2014-06-16,19400.0,0.0,24.8,01646500
2014-06-17,14600.0,0.2,27.7,01646500
2014-06-18,11900.0,0.0,29.6,01646500
2014-06-19,10400.0,5.5,27.5,01646500
2014-06-20,9490.0,0.0,23.5,01646500
2014-06-21,9130.0,3.9,22.1,01646500
2014-06-22,8540.0,0.7,22.3,01646500
2014-06-23,7620.0,0.0,23.4,01646500
2014-06-24,7310.0,0.0,24.4,01646500
2014-06-25,7580.0,2.1,26.5,01646500
2014-06-26,6860.0,5.2,25.7,01646500
2014-06-27,7080.0,1.1,25.3,01646500
2014-06-28,6930.0,0.0,24.7,01646500
2014-06-29,6170.0,0.2,24.8,01646500
2014-06-30,5590.0,0.0,26.2,01646500
2014-07-01,5550.0,3.2,28.0,01646500
2014-07-02,5440.0,1.7,30.0,01646500
2014-07-03,5790.0,21.6,27.3,01646500
2014-07-04,5790.0,19.7,23.4,01646500
2014-07-05,5320.0,0.0,22.0,01646500
2014-07-06,5140.0,0.0,23.2,01646500
2014-07-07,5300.0,0.0,26.9,01646500
2014-07-08,5700.0,0.1,29.6,01646500
2014-07-09,5430.0,11.0,28.0,01646500
2014-07-10,5020.0,8.8,24.6,01646500
2014-07-11,5430.0,0.1,23.8,01646500
2014-07-12,4410.0,0.0,25.2,01646500
2014-07-13,4100.0,0.8,27.1,01646500
2014-07-14,4590.0,1.7,28.4,01646500
2014-07-15,6420.0,2.5,26.7,01646500
2014-07-16,7320.0,3.3,23.6,01646500
2014-07-17,5600.0,0.0,22.6,01646500
2014-07-18,4590.0,0.0,22.6,01646500
2014-07-19,4150.0,0.0,23.6,01646500
2014-07-20,3840.0,1.9,23.3,01646500
2014-07-21,3500.0,1.2,24.6,01646500
2014-07-22,3360.0,0.2,25.3,01646500
2014-07-23,3150.0,0.0,27.9,01646500
2014-07-24,3430.0,11.0,24.8,01646500
2014-07-25,3520.0,0.0,22.7,01646500
2014-07-26,3310.0,0.1,24.2,01646500
2014-07-27,3280.0,1.3,26.0,01646500
2014-07-28,3110.0,1.9,25.3,01646500
2014-07-29,3210.0,0.0,21.4,01646500
2014-07-30,3880.0,0.0,20.6,01646500
2014-07-31,3420.0,0.0,23.6,01646500
2014-08-01,3250.0,1.6,23.3,01646500
2014-08-02,3270.0,5.8,21.7,01646500
2014-08-03,3380.0,1.7,23.5,01646500
2014-08-04,3530.0,4.0,23.7,01646500
2014-08-05,3530.0,0.0,25.4,01646500
2014-08-06,3570.0,2.1,24.9,01646500
2014-08-07,3250.0,0.0,24.3,01646500
2014-08-08,3030.0,0.0,23.5,01646500
2014-08-09,2900.0,0.8,24.1,01646500
2014-08-10,2670.0,0.0,24.4,01646500
2014-08-11,2450.0,0.8,23.8,01646500
2014-08-12,5940.0,27.1,22.1,01646500
2014-08-13,4350.0,0.1,23.3,01646500
2014-08-14,3620.0,0.0,22.4,01646500
2014-08-15,3950.0,0.0,20.8,01646500
2014-08-16,3430.0,0.0,21.9,01646500
2014-08-17,3380.0,0.0,24.3,01646500
2014-08-18,3030.0,0.6,24.3,01646500
2014-08-19,2840.0,0.2,24.5,01646500
2014-08-20,2540.0,2.3,25.3,01646500
2014-08-21,2730.0,4.5,25.4,01646500
2014-08-22,3370.0,1.6,24.6,01646500
2014-08-23,3210.0,3.6,22.6,01646500
2014-08-24,4000.0,0.0,22.0,01646500
2014-08-25,4260.0,0.0,22.5,01646500
2014-08-26,3630.0,0.0,23.4,01646500
2014-08-27,3080.0,0.0,25.2,01646500
2014-08-28,2770.0,0.0,26.4,01646500
2014-08-29,2610.0,0.0,22.4,01646500
2014-08-30,2430.0,0.0,23.0,01646500
2014-08-31,2570.0,3.6,26.7,01646500
2014-09-01,2690.0,2.8,26.5,01646500
2014-09-02,2750.0,3.5,28.3,01646500
2014-09-03,2990.0,0.3,26.4,01646500
2014-09-04,3180.0,0.1,25.5,01646500
2014-09-05,2940.0,5.2,26.6,01646500
2014-09-06,3100.0,5.2,26.9,01646500
2014-09-07,2620.0,0.5,23.4,01646500
2014-09-08,2300.0,4.9,20.9,01646500
2014-09-09,2430.0,0.3,21.5,01646500
2014-09-10,2200.0,0.0,22.2,01646500
2014-09-11,2140.0,1.2,24.8,01646500
2014-09-12,2510.0,0.0,22.5,01646500
2014-09-13,2280.0,11.3,19.0,01646500
2014-09-14,2160.0,0.0,17.0,01646500
2014-09-15,2030.0,0.0,17.7,01646500
2014-09-16,1950.0,0.0,20.4,01646500
2014-09-17,1900.0,0.0,19.4,01646500
2014-09-18,1790.0,1.0,19.7,01646500
2014-09-19,1790.0,0.0,18.6,01646500
2014-09-20,1750.0,0.0,21.1,01646500
2014-09-21,1700.0,0.0,22.4,01646500
2014-09-22,1600.0,0.0,21.3,01646500
2014-09-23,1580.0,0.0,16.6,01646500
2014-09-24,1570.0,0.2,17.0,01646500
2014-09-25,2150.0,22.2,16.5,01646500
2014-09-26,2070.0,0.0,18.7,01646500
2014-09-27,2020.0,0.0,18.9,01646500
2014-09-28,1970.0,0.0,20.1,01646500
2014-09-29,1780.0,0.0,20.2,01646500
2014-09-30,1710.0,0.0,20.1,01646500
2014-10-01,1850.0,0.8,19.3,01646500
2014-10-02,2040.0,0.2,18.8,01646500
2014-10-03,2490.0,1.5,18.3,01646500
2014-10-04,2460.0,5.7,18.3,01646500
2014-10-05,2880.0,0.0,12.1,01646500
2014-10-06,2430.0,0.0,14.6,01646500
2014-10-07,2150.0,3.1,18.1,01646500
2014-10-08,2220.0,2.8,19.2,01646500
2014-10-09,1960.0,0.0,16.8,01646500
2014-10-10,1880.0,3.8,15.7,01646500
2014-10-11,2130.0,17.9,13.2,01646500
2014-10-12,2190.0,0.0,12.9,01646500
2014-10-13,2210.0,3.0,16.3,01646500
2014-10-14,2320.0,0.0,20.9,01646500
2014-10-15,2800.0,26.6,21.1,01646500
2014-10-16,6190.0,0.4,16.0,01646500
2014-10-17,9530.0,0.0,16.7,01646500
2014-10-18,9680.0,0.0,16.6,01646500
2014-10-19,7610.0,0.0,12.0,01646500
2014-10-20,6060.0,0.0,11.5,01646500
2014-10-21,4920.0,1.9,14.8,01646500
2014-10-22,4860.0,16.3,11.7,01646500
2014-10-23,4130.0,0.0,13.8,01646500
2014-10-24,3550.0,0.0,14.8,01646500
2014-10-25,3380.0,0.0,14.0,01646500
2014-10-26,3130.0,0.0,15.3,01646500
2014-10-27,2900.0,0.0,13.1,01646500
2014-10-28,2780.0,0.0,17.6,01646500
2014-10-29,2710.0,2.2,16.9,01646500
2014-10-30,2700.0,0.0,11.0,01646500
2014-10-31,2620.0,0.0,10.6,01646500
2014-11-01,2530.0,4.0,9.2,01646500
2014-11-02,2290.0,0.0,7.3,01646500
2014-11-03,2340.0,0.0,8.6,01646500
2014-11-04,2250.0,0.0,11.9,01646500
2014-11-05,2260.0,0.0,15.0,01646500
2014-11-06,2490.0,13.8,14.0,01646500
2014-11-07,2700.0,0.0,10.0,01646500
2014-11-08,2650.0,0.0,6.0,01646500
2014-11-09,2650.0,0.0,9.3,01646500
2014-11-10,2490.0,0.0,9.6,01646500
2014-11-11,2520.0,0.0,11.5,01646500
2014-11-12,2410.0,0.0,13.1,01646500
2014-11-13,2450.0,0.6,6.0,01646500
2014-11-14,2420.0,1.4,2.9,01646500
2014-11-15,2360.0,0.0,2.0,01646500
2014-11-16,2270.0,0.2,3.0,01646500
2014-11-17,2530.0,19.6,6.5,01646500
2014-11-18,2770.0,0.0,0.7,01646500
2014-11-19,2610.0,0.0,-2.0,01646500
2014-11-20,2650.0,0.0,3.1,01646500
2014-11-21,2570.0,0.0,0.6,01646500
2014-11-22,2430.0,0.0,0.8,01646500
2014-11-23,2400.0,0.0,5.6,01646500
2014-11-24,2660.0,10.4,15.8,01646500
2014-11-25,2910.0,0.0,13.7,01646500
2014-11-26,4390.0,27.4,5.4,01646500
2014-11-27,5920.0,0.6,2.6,01646500
2014-11-28,6250.0,0.0,1.1,01646500
2014-11-29,5810.0,0.0,1.4,01646500
2014-11-30,5340.0,0.0,6.8,01646500
2014-12-01,4860.0,6.6,13.6,01646500
2014-12-02,4940.0,5.7,4.2,01646500
2014-12-03,5400.0,4.9,6.6,01646500
2014-12-04,5900.0,0.0,4.1,01646500
2014-12-05,7290.0,4.4,4.0,01646500
2014-12-06,8310.0,7.6,6.6,01646500
2014-12-07,10000.0,4.0,4.7,01646500
2014-12-08,13700.0,0.0,1.3,01646500
2014-12-09,17400.0,14.7,2.9,01646500
2014-12-10,19700.0,1.0,5.1,01646500
2014-12-11,17800.0,0.1,2.3,01646500
2014-12-12,14400.0,0.0,3.2,01646500
2014-12-13,12000.0,0.0,3.1,01646500
2014-12-14,10400.0,0.0,5.2,01646500
2014-12-15,9050.0,0.0,7.7,01646500
2014-12-16,8450.0,3.7,5.3,01646500
2014-12-17,8170.0,0.0,6.6,01646500
2014-12-18,7560.0,0.0,2.7,01646500
2014-12-19,6640.0,0.0,1.9,01646500
2014-12-20,6030.0,0.0,-0.0,01646500
2014-12-21,5700.0,0.0,1.5,01646500
2014-12-22,5500.0,4.2,-0.3,01646500
2014-12-23,5560.0,2.0,4.3,01646500
2014-12-24,7600.0,22.1,7.7,01646500
2014-12-25,11800.0,2.3,10.9,01646500
2014-12-26,11300.0,0.0,4.9,01646500
2014-12-27,10500.0,0.0,5.2,01646500
2014-12-28,9730.0,2.4,9.1,01646500
2014-12-29,8880.0,0.3,5.9,01646500
2014-12-30,7950.0,0.0,3.5,01646500
2014-12-31,7220.0,0.0,-1.0,01646500
2015-01-01,6660.0,0.0,-0.8,01646500
2015-01-02,6230.0,0.0,2.3,01646500
2015-01-03,5910.0,3.1,1.8,01646500
2015-01-04,8290.0,8.2,10.1,01646500
2015-01-05,9800.0,1.8,4.7,01646500
2015-01-06,9290.0,2.8,-1.7,01646500
2015-01-07,8960.0,0.0,-5.1,01646500
2015-01-08,7420.0,0.0,-9.8,01646500
2015-01-09,6800.0,0.0,-2.4,01646500
2015-01-10,6200.0,0.0,-5.6,01646500
2015-01-11,5700.0,0.0,-3.0,01646500
2015-01-12,7030.0,15.5,1.6,01646500
2015-01-13,9330.0,4.1,0.9,01646500
2015-01-14,8810.0,2.2,-2.1,01646500
2015-01-15,8010.0,0.0,0.1,01646500
2015-01-16,7340.0,0.0,0.4,01646500
2015-01-17,6780.0,0.0,-0.6,01646500
2015-01-18,6340.0,4.0,2.2,01646500
2015-01-19,5980.0,0.0,2.6,01646500
2015-01-20,5710.0,0.5,2.7,01646500
2015-01-21,5600.0,4.3,-0.1,01646500
2015-01-22,5390.0,0.5,1.3,01646500
2015-01-23,5310.0,0.4,0.9,01646500
2015-01-24,9180.0,19.3,1.9,01646500
2015-01-25,10500.0,0.0,3.5,01646500
2015-01-26,10400.0,4.1,2.8,01646500
2015-01-27,11500.0,2.4,-0.6,01646500
2015-01-28,12300.0,0.0,-2.6,01646500
2015-01-29,11300.0,0.6,-1.3,01646500
2015-01-30,10200.0,0.0,1.5,01646500
2015-01-31,8830.0,0.0,-4.6,01646500
2015-02-01,8020.0,0.0,0.2,01646500
2015-02-02,7750.0,12.1,4.5,01646500
2015-02-03,7820.0,0.0,-3.0,01646500
2015-02-04,7370.0,0.0,1.3,01646500
2015-02-05,7060.0,0.0,0.4,01646500
2015-02-06,7300.0,0.0,-3.1,01646500
2015-02-07,7290.0,0.0,0.6,01646500
2015-02-08,7200.0,0.0,5.9,01646500
2015-02-09,7000.0,1.0,3.6,01646500
2015-02-10,6790.0,1.5,1.2,01646500
2015-02-11,6610.0,0.0,0.8,01646500
2015-02-12,6790.0,0.0,1.3,01646500
2015-02-13,7570.0,0.0,-5.9,01646500
2015-02-14,7850.0,0.2,-2.5,01646500
2015-02-15,5780.0,0.6,-9.5,01646500
2015-02-16,4870.0,1.5,-11.6,01646500
2015-02-17,4270.0,7.1,-7.2,01646500
2015-02-18,5060.0,0.5,-8.3,01646500
2015-02-19,4920.0,0.2,-9.7,01646500
2015-02-20,4380.0,0.0,-14.4,01646500
2015-02-21,3950.0,10.8,-11.3,01646500
2015-02-22,4490.0,11.7,3.1,01646500
2015-02-23,4510.0,0.0,-1.8,01646500
2015-02-24,5420.0,0.0,-7.0,01646500
2015-02-25,5120.0,0.0,-3.2,01646500
2015-02-26,5810.0,2.8,-0.6,01646500
2015-02-27,5750.0,0.0,-1.7,01646500
2015-02-28,5410.0,0.0,-6.3,01646500
2015-03-01,4930.0,4.6,-3.8,01646500
2015-03-02,5140.0,2.1,1.3,01646500
2015-03-03,5160.0,0.6,-2.8,01646500
2015-03-04,5170.0,10.4,4.8,01646500
2015-03-05,10300.0,34.9,1.3,01646500
2015-03-06,15900.0,0.5,-8.0,01646500
2015-03-07,29000.0,0.0,-6.0,01646500
2015-03-08,31500.0,0.0,3.9,01646500
2015-03-09,29400.0,0.0,5.9,01646500
2015-03-10,36600.0,6.7,4.5,01646500
2015-03-11,47400.0,5.7,10.0,01646500
2015-03-12,50000.0,0.0,7.9,01646500
2015-03-13,51400.0,0.0,4.5,01646500
2015-03-14,46000.0,16.5,8.0,01646500
2015-03-15,45000.0,0.2,9.1,01646500
2015-03-16,38300.0,0.0,8.2,01646500
2015-03-17,34500.0,0.3,12.4,01646500
2015-03-18,28800.0,0.0,4.1,01646500
2015-03-19,23900.0,0.0,4.1,01646500
2015-03-20,19900.0,18.5,2.7,01646500
2015-03-21,18400.0,0.0,5.3,01646500
2015-03-22,17700.0,0.0,7.7,01646500
2015-03-23,19600.0,0.0,3.8,01646500
2015-03-24,19900.0,0.0,3.5,01646500
2015-03-25,17800.0,1.3,3.3,01646500
2015-03-26,15900.0,1.0,12.0,01646500
2015-03-27,16900.0,12.4,7.3,01646500
2015-03-28,15700.0,0.0,2.3,01646500
2015-03-29,13600.0,0.0,1.0,01646500
2015-03-30,12600.0,0.3,7.3,01646500
2015-03-31,11900.0,0.7,9.6,01646500
2015-04-01,11000.0,0.0,7.5,01646500
2015-04-02,10300.0,0.0,9.7,01646500
2015-04-03,9570.0,9.6,16.9,01646500
2015-04-04,9100.0,5.0,13.0,01646500
2015-04-05,8640.0,0.0,9.4,01646500
2015-04-06,8260.0,0.0,13.7,01646500
2015-04-07,8140.0,2.9,17.5,01646500
2015-04-08,9690.0,3.9,10.7,01646500
2015-04-09,9640.0,2.4,7.8,01646500
2015-04-10,9460.0,0.4,11.4,01646500
2015-04-11,9890.0,0.0,14.2,01646500
2015-04-12,14700.0,0.0,11.7,01646500
2015-04-13,17100.0,0.0,15.0,01646500
2015-04-14,15100.0,17.8,14.9,01646500
2015-04-15,13600.0,0.1,13.3,01646500
2015-04-16,13400.0,0.0,14.0,01646500
2015-04-17,19400.0,1.3,17.1,01646500
2015-04-18,20600.0,0.0,19.0,01646500
2015-04-19,17700.0,0.5,15.9,01646500
2015-04-20,20600.0,34.8,17.7,01646500
2015-04-21,36300.0,3.1,16.2,01646500
2015-04-22,58800.0,1.0,13.4,01646500
2015-04-23,46200.0,0.0,9.7,01646500
2015-04-24,33600.0,0.0,8.1,01646500
2015-04-25,26300.0,1.1,7.6,01646500
2015-04-26,22300.0,6.5,9.8,01646500
2015-04-27,18500.0,0.0,10.4,01646500
2015-04-28,16900.0,0.0,12.1,01646500
2015-04-29,15600.0,0.0,15.3,01646500
2015-04-30,14000.0,1.2,15.9,01646500
2015-05-01,13100.0,0.7,13.2,01646500
2015-05-02,12400.0,0.1,14.8,01646500
2015-05-03,12900.0,0.0,18.0,01646500
2015-05-04,14200.0,0.0,19.5,01646500
2015-05-05,13600.0,1.5,21.7,01646500
2015-05-06,11900.0,5.1,21.0,01646500
2015-05-07,11300.0,0.0,20.1,01646500
2015-05-08,13600.0,0.0,21.2,01646500
2015-05-09,13600.0,0.0,20.1,01646500
2015-05-10,11400.0,0.1,22.0,01646500
2015-05-11,9660.0,0.4,21.9,01646500
2015-05-12,8510.0,0.0,24.2,01646500
2015-05-13,7640.0,0.0,19.0,01646500
2015-05-14,6930.0,0.0,15.9,01646500
2015-05-15,6170.0,0.0,17.9,01646500
2015-05-16,6300.0,3.4,23.0,01646500
2015-05-17,6980.0,4.5,22.9,01646500
2015-05-18,6220.0,1.9,25.3,01646500
2015-05-19,8020.0,2.4,24.5,01646500
2015-05-20,8490.0,0.0,20.1,01646500
2015-05-21,7730.0,4.9,13.8,01646500
2015-05-22,7560.0,0.0,15.9,01646500
2015-05-23,7220.0,0.0,17.0,01646500
2015-05-24,6320.0,0.0,19.1,01646500
2015-05-25,5630.0,0.0,23.0,01646500
2015-05-26,5060.0,0.0,24.5,01646500
2015-05-27,4810.0,2.4,25.7,01646500
2015-05-28,4630.0,0.2,25.4,01646500
2015-05-29,4470.0,0.0,24.8,01646500
2015-05-30,4100.0,0.0,25.1,01646500
2015-05-31,3870.0,0.2,26.1,01646500
2015-06-01,3880.0,9.9,25.9,01646500
2015-06-02,7180.0,22.7,17.9,01646500
2015-06-03,8890.0,0.2,15.2,01646500
2015-06-04,8190.0,5.5,15.9,01646500
2015-06-05,7910.0,2.1,16.8,01646500
2015-06-06,7290.0,2.1,20.6,01646500
2015-06-07,6200.0,0.4,20.5,01646500
2015-06-08,5910.0,0.5,22.8,01646500
2015-06-09,6460.0,1.5,24.9,01646500
2015-06-10,6180.0,0.0,23.2,01646500
2015-06-11,5830.0,0.1,25.9,01646500
2015-06-12,4820.0,0.6,27.8,01646500
2015-06-13,4240.0,2.6,27.2,01646500
2015-06-14,4160.0,6.4,26.6,01646500
2015-06-15,4070.0,0.1,27.2,01646500
2015-06-16,3810.0,0.0,28.1,01646500
2015-06-17,4330.0,2.0,25.7,01646500
2015-06-18,4700.0,14.2,25.2,01646500
2015-06-19,5160.0,3.8,25.6,01646500
2015-06-20,6810.0,1.7,25.6,01646500
2015-06-21,10800.0,14.6,26.8,01646500
2015-06-22,11500.0,0.0,27.4,01646500
2015-06-23,11200.0,1.7,28.2,01646500
2015-06-24,12600.0,0.0,25.1,01646500
2015-06-25,9580.0,0.0,24.4,01646500
2015-06-26,7960.0,23.5,22.6,01646500
2015-06-27,12400.0,26.8,21.0,01646500
2015-06-28,26300.0,5.8,21.3,01646500
2015-06-29,44200.0,0.0,21.3,01646500
2015-06-30,40600.0,1.4,24.0,01646500
2015-07-01,26200.0,0.0,25.0,01646500
2015-07-02,18800.0,7.5,22.1,01646500
2015-07-03,14000.0,0.6,21.7,01646500
2015-07-04,11700.0,6.7,22.5,01646500
2015-07-05,11000.0,0.3,23.3,01646500
2015-07-06,9110.0,11.0,24.2,01646500
2015-07-07,8570.0,0.0,26.1,01646500
2015-07-08,8540.0,16.8,25.5,01646500
2015-07-09,10700.0,0.0,26.5,01646500
2015-07-10,9150.0,0.0,25.8,01646500
2015-07-11,8720.0,5.0,24.4,01646500
2015-07-12,7610.0,0.0,24.0,01646500
2015-07-13,6920.0,1.3,23.6,01646500
2015-07-14,7090.0,7.3,24.5,01646500
2015-07-15,12100.0,2.5,24.8,01646500
2015-07-16,9540.0,0.0,23.0,01646500
2015-07-17,8200.0,0.0,23.0,01646500
2015-07-18,7200.0,0.0,26.6,01646500
2015-07-19,6520.0,0.0,28.7,01646500
2015-07-20,5960.0,0.0,29.3,01646500
2015-07-21,5260.0,2.9,28.2,01646500
2015-07-22,4730.0,0.0,25.7,01646500
2015-07-23,4190.0,0.0,24.7,01646500
2015-07-24,3810.0,0.0,24.3,01646500
2015-07-25,3490.0,0.0,25.5,01646500
2015-07-26,3270.0,0.2,26.5,01646500
2015-07-27,3130.0,11.7,25.9,01646500
2015-07-28,3120.0,0.0,26.0,01646500
2015-07-29,3070.0,1.2,26.1,01646500
2015-07-30,3420.0,13.0,27.1,01646500
2015-07-31,3490.0,0.0,26.6,01646500
2015-08-01,3090.0,0.0,26.5,01646500
2015-08-02,2850.0,0.0,25.9,01646500
2015-08-03,2700.0,0.0,26.3,01646500
2015-08-04,2680.0,1.2,26.9,01646500
2015-08-05,2630.0,0.0,26.2,01646500
2015-08-06,2310.0,2.0,24.9,01646500
2015-08-07,2140.0,9.4,22.7,01646500
2015-08-08,2030.0,0.0,23.9,01646500
2015-08-09,2140.0,0.0,24.2,01646500
2015-08-10,2110.0,1.9,23.7,01646500
2015-08-11,2070.0,19.7,24.2,01646500
2015-08-12,2020.0,0.2,24.1,01646500
2015-08-13,2070.0,0.0,23.1,01646500
2015-08-14,2040.0,0.0,23.5,01646500
2015-08-15,1980.0,0.0,25.0,01646500
2015-08-16,1930.0,0.0,26.1,01646500
2015-08-17,1790.0,0.0,27.2,01646500
2015-08-18,1680.0,1.6,26.7,01646500
2015-08-19,1660.0,0.0,26.7,01646500
2015-08-20,1800.0,4.5,25.9,01646500
2015-08-21,2650.0,7.6,25.2,01646500
2015-08-22,4120.0,0.0,23.5,01646500
2015-08-23,3290.0,0.2,23.1,01646500
2015-08-24,2490.0,0.3,25.7,01646500
2015-08-25,2510.0,0.0,24.8,01646500
2015-08-26,2270.0,0.0,23.4,01646500
2015-08-27,2110.0,0.0,21.7,01646500
2015-08-28,2060.0,0.0,23.1,01646500
2015-08-29,1680.0,0.0,24.8,01646500
2015-08-30,1420.0,0.0,25.6,01646500
2015-08-31,1280.0,0.5,26.7,01646500
2015-09-01,1250.0,0.0,27.2,01646500
2015-09-02,1200.0,10.2,27.5,01646500
2015-09-03,1260.0,0.8,26.6,01646500
2015-09-04,1330.0,9.7,26.7,01646500
2015-09-05,1320.0,0.1,25.4,01646500
2015-09-06,1390.0,0.0,23.9,01646500
2015-09-07,1420.0,0.0,25.2,01646500
2015-09-08,1310.0,0.0,26.9,01646500
2015-09-09,1260.0,0.0,28.0,01646500
2015-09-10,1210.0,12.3,24.3,01646500
2015-09-11,1360.0,0.0,22.6,01646500
2015-09-12,1580.0,15.8,21.7,01646500
2015-09-13,2140.0,0.1,18.7,01646500
2015-09-14,2180.0,0.0,18.1,01646500
2015-09-15,2100.0,0.0,19.9,01646500
2015-09-16,2040.0,0.0,21.5,01646500
2015-09-17,1840.0,0.0,22.1,01646500
2015-09-18,1630.0,0.0,22.3,01646500
2015-09-19,1510.0,0.0,22.6,01646500
2015-09-20,1390.0,0.0,22.4,01646500
2015-09-21,1260.0,2.0,19.1,01646500
2015-09-22,1370.0,5.3,18.2,01646500
2015-09-23,1350.0,0.0,19.7,01646500
2015-09-24,1360.0,0.0,19.4,01646500
2015-09-25,1830.0,0.0,19.5,01646500
2015-09-26,1510.0,0.1,19.5,01646500
2015-09-27,1320.0,2.4,18.7,01646500
2015-09-28,1280.0,1.7,21.1,01646500
2015-09-29,1700.0,7.6,22.4,01646500
2015-09-30,15800.0,12.8,22.3,01646500
2015-10-01,10600.0,1.8,16.1,01646500
2015-10-02,11300.0,20.9,11.8,01646500
2015-10-03,11400.0,19.3,11.0,01646500
2015-10-04,12000.0,0.0,14.4,01646500
2015-10-05,19300.0,0.0,15.0,01646500
2015-10-06,24000.0,0.0,15.1,01646500
2015-10-07,19200.0,0.0,17.9,01646500
2015-10-08,13900.0,0.0,19.1,01646500
2015-10-09,10400.0,1.1,19.9,01646500
2015-10-10,8160.0,1.1,16.3,01646500
2015-10-11,6580.0,0.0,14.4,01646500
2015-10-12,5610.0,0.0,15.6,01646500
2015-10-13,4910.0,0.5,17.7,01646500
2015-10-14,4520.0,0.0,16.5,01646500
2015-10-15,4100.0,0.0,14.1,01646500
2015-10-16,3750.0,0.0,13.5,01646500
2015-10-17,3410.0,0.0,10.5,01646500
2015-10-18,3160.0,0.0,7.6,01646500
2015-10-19,2890.0,0.0,7.2,01646500
2015-10-20,2810.0,0.0,11.5,01646500
2015-10-21,2680.0,0.0,14.3,01646500
2015-10-22,2590.0,0.0,16.4,01646500
2015-10-23,2490.0,0.0,16.8,01646500
2015-10-24,2480.0,0.0,12.1,01646500
2015-10-25,2400.0,1.1,15.6,01646500
2015-10-26,2330.0,0.0,12.3,01646500
2015-10-27,2270.0,0.4,10.0,01646500
2015-10-28,2480.0,20.3,15.7,01646500
2015-10-29,11100.0,0.7,18.9,01646500
2015-10-30,12900.0,0.0,12.1,01646500
2015-10-31,6930.0,0.0,10.2,01646500
2015-11-01,7850.0,0.7,14.3,01646500
2015-11-02,7180.0,0.0,14.8,01646500
2015-11-03,6580.0,0.0,14.1,01646500
2015-11-04,5620.0,0.0,15.2,01646500
2015-11-05,5020.0,0.4,17.2,01646500
2015-11-06,4470.0,0.0,19.8,01646500
2015-11-07,4120.0,2.1,16.7,01646500
2015-11-08,3790.0,0.0,11.6,01646500
2015-11-09,3540.0,1.5,8.8,01646500
2015-11-10,4220.0,12.2,12.7,01646500
2015-11-11,4510.0,0.0,13.1,01646500
2015-11-12,4440.0,3.1,12.3,01646500
2015-11-13,4800.0,0.0,13.3,01646500
2015-11-14,5440.0,0.0,8.6,01646500
2015-11-15,6330.0,0.0,7.9,01646500
2015-11-16,6120.0,0.0,11.1,01646500
2015-11-17,5500.0,0.0,10.5,01646500
2015-11-18,4940.0,0.0,12.4,01646500
2015-11-19,4790.0,19.8,16.3,01646500
2015-11-20,4940.0,0.0,11.9,01646500
2015-11-21,5460.0,0.0,6.5,01646500
2015-11-22,6070.0,0.0,7.5,01646500
2015-11-23,7220.0,0.0,2.7,01646500
2015-11-24,6650.0,0.0,3.8,01646500
2015-11-25,6020.0,0.0,6.0,01646500
2015-11-26,5450.0,0.0,8.7,01646500
2015-11-27,5000.0,0.0,10.7,01646500
2015-11-28,4670.0,0.2,12.6,01646500
2015-11-29,4510.0,9.4,10.0,01646500
2015-11-30,4420.0,3.4,5.8,01646500
2015-12-01,5160.0,17.7,7.7,01646500
2015-12-02,7180.0,8.6,10.8,01646500
2015-12-03,9640.0,0.3,8.4,01646500
2015-12-04,12400.0,0.0,5.2,01646500
2015-12-05,18200.0,0.0,4.7,01646500
2015-12-06,15900.0,0.0,4.9,01646500
2015-12-07,12900.0,0.0,5.5,01646500
2015-12-08,10700.0,0.0,5.3,01646500
2015-12-09,9180.0,0.0,6.6,01646500
2015-12-10,8150.0,0.9,9.8,01646500
2015-12-11,7470.0,0.0,11.4,01646500
2015-12-12,7020.0,0.0,12.9,01646500
2015-12-13,6300.0,0.0,15.2,01646500
2015-12-14,5890.0,2.4,16.7,01646500
2015-12-15,5690.0,3.1,15.6,01646500
2015-12-16,5260.0,0.0,8.9,01646500
2015-12-17,5180.0,10.7,9.3,01646500
2015-12-18,5760.0,0.0,7.3,01646500
2015-12-19,5530.0,0.0,2.5,01646500
2015-12-20,5350.0,0.0,1.7,01646500
2015-12-21,5400.0,0.0,6.2,01646500
2015-12-22,5410.0,4.8,12.4,01646500
2015-12-23,5720.0,18.0,14.0,01646500
2015-12-24,9800.0,15.0,19.6,01646500
2015-12-25,11900.0,20.3,19.0,01646500
2015-12-26,18300.0,5.0,14.9,01646500
2015-12-27,14400.0,0.0,14.9,01646500
2015-12-28,18100.0,2.5,9.4,01646500
2015-12-29,24700.0,10.4,9.4,01646500
2015-12-30,29300.0,0.1,9.8,01646500
2015-12-31,30000.0,0.1,10.5,01646500
2016-01-01,26100.0,0.0,6.0,01646500
2016-01-02,21400.0,0.0,2.6,01646500
2016-01-03,17500.0,0.0,3.5,01646500
2016-01-04,14900.0,0.0,1.1,01646500
2016-01-05,12800.0,0.0,-4.2,01646500
2016-01-06,11200.0,0.0,-1.7,01646500
2016-01-07,9880.0,0.0,1.1,01646500
2016-01-08,8810.0,0.5,3.3,01646500
2016-01-09,8130.0,0.6,6.1,01646500
2016-01-10,13600.0,19.3,11.4,01646500
2016-01-11,24000.0,0.0,1.4,01646500
2016-01-12,22500.0,0.0,0.6,01646500
2016-01-13,20300.0,0.0,-2.6,01646500
2016-01-14,17000.0,0.0,1.0,01646500
2016-01-15,14600.0,0.7,4.5,01646500
2016-01-16,14400.0,10.6,7.0,01646500
2016-01-17,14100.0,1.1,1.7,01646500
2016-01-18,13000.0,0.0,-3.5,01646500
2016-01-19,12700.0,0.0,-6.8,01646500
2016-01-20,12200.0,0.0,-4.5,01646500
2016-01-21,9090.0,0.4,-2.4,01646500
2016-01-22,8510.0,5.9,-4.0,01646500
2016-01-23,6060.0,55.9,-4.0,01646500
2016-01-24,4220.0,1.9,-4.0,01646500
2016-01-25,3750.0,0.0,-5.2,01646500
2016-01-26,6050.0,0.0,3.1,01646500
2016-01-27,10400.0,0.0,3.2,01646500
2016-01-28,12400.0,0.0,-2.1,01646500
2016-01-29,11100.0,0.0,0.3,01646500
2016-01-30,10800.0,0.0,-1.7,01646500
2016-01-31,11500.0,0.0,4.5,01646500
2016-02-01,14300.0,5.3,8.4,01646500
2016-02-02,18100.0,0.3,3.8,01646500
2016-02-03,45200.0,11.3,8.4,01646500
2016-02-04,91900.0,0.2,9.6,01646500
2016-02-05,109000.0,2.6,3.9,01646500
2016-02-06,71700.0,0.0,1.4,01646500
2016-02-07,49800.0,0.0,2.3,01646500
2016-02-08,37700.0,0.0,2.9,01646500
2016-02-09,31500.0,4.9,2.9,01646500
2016-02-10,27600.0,0.1,0.4,01646500
2016-02-11,23800.0,0.0,-3.5,01646500
2016-02-12,20000.0,0.0,-4.1,01646500
2016-02-13,16900.0,0.4,-5.0,01646500
2016-02-14,14200.0,0.0,-7.8,01646500
2016-02-15,12300.0,6.2,-4.2,01646500
2016-02-16,15100.0,25.9,5.1,01646500
2016-02-17,32200.0,0.0,2.5,01646500
2016-02-18,45900.0,0.0,-0.1,01646500
2016-02-19,46500.0,0.0,-0.6,01646500
2016-02-20,33700.0,0.0,8.0,01646500
2016-02-21,28200.0,3.6,9.0,01646500
2016-02-22,30100.0,0.0,7.0,01646500
2016-02-23,34200.0,11.8,4.7,01646500
2016-02-24,36900.0,18.9,8.7,01646500
2016-02-25,58700.0,7.7,10.1,01646500
2016-02-26,63500.0,0.0,2.9,01646500
2016-02-27,51200.0,0.0,1.3,01646500
2016-02-28,40100.0,0.0,5.7,01646500
2016-02-29,31900.0,0.3,11.9,01646500
2016-03-01,27000.0,0.0,9.1,01646500
2016-03-02,23500.0,3.2,8.0,01646500
2016-03-03,20400.0,0.2,1.1,01646500
2016-03-04,18400.0,2.9,2.2,01646500
2016-03-05,16800.0,0.0,2.0,01646500
2016-03-06,15300.0,0.0,3.8,01646500
2016-03-07,14000.0,0.0,7.0,01646500
2016-03-08,13100.0,0.2,13.6,01646500
2016-03-09,12200.0,0.0,15.6,01646500
2016-03-10,11300.0,0.0,18.9,01646500
2016-03-11,10700.0,0.2,18.8,01646500
2016-03-12,10100.0,2.2,11.5,01646500
2016-03-13,9640.0,7.1,11.9,01646500
2016-03-14,10900.0,11.0,10.1,01646500
2016-03-15,12100.0,1.3,10.5,01646500
2016-03-16,15700.0,0.0,14.0,01646500
2016-03-17,16700.0,0.2,14.0,01646500
2016-03-18,15300.0,0.0,11.8,01646500
2016-03-19,14100.0,5.0,6.4,01646500
2016-03-20,13300.0,1.1,3.6,01646500
2016-03-21,12500.0,0.7,4.5,01646500
2016-03-22,11900.0,0.0,7.1,01646500
2016-03-23,11500.0,0.0,14.3,01646500
2016-03-24,10900.0,0.0,16.5,01646500
2016-03-25,10300.0,1.6,18.6,01646500
2016-03-26,9830.0,0.0,10.0,01646500
2016-03-27,9380.0,0.2,11.1,01646500
2016-03-28,9340.0,5.9,12.6,01646500
2016-03-29,9370.0,0.0,10.3,01646500
2016-03-30,9320.0,0.0,8.7,01646500
2016-03-31,8890.0,0.0,15.2,01646500
2016-04-01,8470.0,3.7,20.5,01646500
2016-04-02,8230.0,5.1,14.9,01646500
2016-04-03,8070.0,0.2,6.8,01646500
2016-04-04,7680.0,1.1,12.1,01646500
2016-04-05,7480.0,0.0,4.7,01646500
2016-04-06,7310.0,0.0,5.7,01646500
2016-04-07,8230.0,15.8,11.7,01646500
2016-04-08,8980.0,0.1,7.7,01646500
2016-04-09,8750.0,2.8,5.9,01646500
2016-04-10,7640.0,0.0,3.7,01646500
2016-04-11,7220.0,0.6,11.8,01646500
2016-04-12,7210.0,3.2,15.6,01646500
2016-04-13,7210.0,0.0,9.1,01646500
2016-04-14,6860.0,0.0,10.0,01646500
2016-04-15,6720.0,0.0,10.4,01646500
2016-04-16,6990.0,0.0,11.9,01646500
2016-04-17,6570.0,0.0,13.2,01646500
2016-04-18,6230.0,0.0,17.1,01646500
2016-04-19,5840.0,0.0,18.7,01646500
2016-04-20,5580.0,0.0,15.2,01646500
2016-04-21,5320.0,0.0,15.3,01646500
2016-04-22,5190.0,1.2,19.7,01646500
2016-04-23,5080.0,3.8,17.2,01646500
2016-04-24,5210.0,0.0,14.3,01646500
2016-04-25,5650.0,0.0,17.0,01646500
2016-04-26,5750.0,1.4,22.7,01646500
2016-04-27,5790.0,2.2,16.0,01646500
2016-04-28,5690.0,5.0,12.3,01646500
2016-04-29,5520.0,0.4,10.5,01646500
2016-04-30,5360.0,0.9,12.4,01646500
2016-05-01,5880.0,20.5,12.0,01646500
2016-05-02,8790.0,2.0,16.7,01646500
2016-05-03,16500.0,16.1,17.6,01646500
2016-05-04,21700.0,12.2,14.2,01646500
2016-05-05,25700.0,1.6,11.9,01646500
2016-05-06,26500.0,23.1,11.3,01646500
2016-05-07,34600.0,1.3,12.3,01646500
2016-05-08,38000.0,1.9,15.6,01646500
2016-05-09,32900.0,1.3,13.6,01646500
2016-05-10,26300.0,5.3,14.2,01646500
2016-05-11,21900.0,3.0,13.8,01646500
2016-05-12,19400.0,0.0,16.2,01646500
2016-05-13,17700.0,3.2,19.0,01646500
2016-05-14,16600.0,4.8,17.0,01646500
2016-05-15,17300.0,0.0,11.6,01646500
2016-05-16,16400.0,0.0,11.4,01646500
2016-05-17,14800.0,6.9,11.9,01646500
2016-05-18,13500.0,0.0,13.2,01646500
2016-05-19,12000.0,0.1,15.6,01646500
2016-05-20,11000.0,0.0,16.6,01646500
2016-05-21,10900.0,21.4,14.3,01646500
2016-05-22,11900.0,7.6,12.8,01646500
2016-05-23,17000.0,9.5,16.0,01646500
2016-05-24,30700.0,0.5,19.4,01646500
2016-05-25,31900.0,0.0,22.0,01646500
2016-05-26,25900.0,0.0,22.7,01646500
2016-05-27,20300.0,0.6,24.9,01646500
2016-05-28,16200.0,0.0,25.2,01646500
2016-05-29,14800.0,0.7,22.9,01646500
2016-05-30,13300.0,22.1,22.1,01646500
2016-05-31,12100.0,0.7,23.3,01646500
2016-06-01,11100.0,0.0,24.0,01646500
2016-06-02,10500.0,0.4,22.6,01646500
2016-06-03,10100.0,17.6,22.2,01646500
2016-06-04,10900.0,0.6,23.3,01646500
2016-06-05,21800.0,14.8,23.6,01646500
2016-06-06,19600.0,0.0,23.9,01646500
2016-06-07,23000.0,0.3,24.0,01646500
2016-06-08,18200.0,0.3,18.8,01646500
2016-06-09,13800.0,0.0,18.6,01646500
2016-06-10,11000.0,0.0,20.8,01646500
2016-06-11,9050.0,0.0,24.7,01646500
2016-06-12,7720.0,0.0,27.8,01646500
2016-06-13,6600.0,0.0,21.9,01646500
2016-06-14,5910.0,0.0,22.7,01646500
2016-06-15,5330.0,3.9,21.2,01646500
2016-06-16,5180.0,11.7,23.2,01646500
2016-06-17,7770.0,39.8,21.4,01646500
2016-06-18,6810.0,0.0,22.1,01646500
2016-06-19,8270.0,0.0,23.3,01646500
2016-06-20,9770.0,0.0,24.6,01646500
2016-06-21,8000.0,6.7,25.2,01646500
2016-06-22,10500.0,0.5,24.4,01646500
2016-06-23,8920.0,19.9,22.9,01646500
2016-06-24,7810.0,8.7,23.5,01646500
2016-06-25,7670.0,0.1,23.2,01646500
2016-06-26,11000.0,0.0,23.4,01646500
2016-06-27,13300.0,2.8,23.3,01646500
2016-06-28,11400.0,4.6,24.6,01646500
2016-06-29,8890.0,0.5,23.9,01646500
2016-06-30,7730.0,0.1,22.1,01646500
2016-07-01,7900.0,3.2,23.7,01646500
2016-07-02,6980.0,0.6,23.4,01646500
2016-07-03,5750.0,2.2,20.2,01646500
2016-07-04,5020.0,11.4,19.8,01646500
2016-07-05,5850.0,12.4,25.2,01646500
2016-07-06,5360.0,0.0,27.6,01646500
2016-07-07,5050.0,1.4,27.8,01646500
2016-07-08,4970.0,6.6,27.3,01646500
2016-07-09,5350.0,0.0,27.4,01646500
2016-07-10,4690.0,0.0,25.5,01646500
2016-07-11,4270.0,0.0,24.5,01646500
2016-07-12,4010.0,0.3,25.3,01646500
2016-07-13,3590.0,5.6,26.4,01646500
2016-07-14,3280.0,0.0,28.5,01646500
2016-07-15,3130.0,0.0,28.3,01646500
2016-07-16,2940.0,1.4,27.4,01646500
2016-07-17,3380.0,0.5,27.1,01646500
2016-07-18,3180.0,1.1,28.3,01646500
2016-07-19,3240.0,0.0,27.6,01646500
2016-07-20,3210.0,0.0,26.1,01646500
2016-07-21,3420.0,0.0,26.4,01646500
2016-07-22,3040.0,0.4,28.3,01646500
2016-07-23,2650.0,2.4,30.3,01646500
2016-07-24,2460.0,0.3,29.4,01646500
2016-07-25,2300.0,0.0,31.2,01646500
2016-07-26,2210.0,0.1,30.5,01646500
2016-07-27,2010.0,7.3,28.9,01646500
2016-07-28,2510.0,25.8,27.8,01646500
2016-07-29,4350.0,35.7,25.7,01646500
2016-07-30,3960.0,8.7,26.5,01646500
2016-07-31,9340.0,17.2,26.2,01646500
2016-08-01,9200.0,4.0,27.1,01646500
2016-08-02,6740.0,0.2,25.8,01646500
2016-08-03,5200.0,0.3,24.3,01646500
2016-08-04,4670.0,0.0,23.8,01646500
2016-08-05,4290.0,0.6,24.1,01646500
2016-08-06,3800.0,0.4,26.7,01646500
2016-08-07,3380.0,0.0,26.2,01646500
2016-08-08,3100.0,0.0,25.2,01646500
2016-08-09,2930.0,0.0,23.8,01646500
2016-08-10,3150.0,0.0,27.2,01646500
2016-08-11,2860.0,0.6,29.1,01646500
2016-08-12,2610.0,2.3,30.2,01646500
2016-08-13,2440.0,0.0,31.2,01646500
2016-08-14,2270.0,3.6,31.2,01646500
2016-08-15,2290.0,6.4,28.3,01646500
2016-08-16,3190.0,3.4,28.1,01646500
2016-08-17,3220.0,0.0,29.8,01646500
2016-08-18,5310.0,11.3,27.0,01646500
2016-08-19,5110.0,0.0,27.3,01646500
2016-08-20,3850.0,0.0,27.4,01646500
2016-08-21,3520.0,7.8,25.8,01646500
2016-08-22,3240.0,0.0,24.5,01646500
2016-08-23,2710.0,0.0,23.5,01646500
2016-08-24,2440.0,0.0,24.2,01646500
2016-08-25,2590.0,0.0,26.1,01646500
2016-08-26,2550.0,0.0,28.9,01646500
2016-08-27,2130.0,0.0,28.3,01646500
2016-08-28,1940.0,0.0,26.7,01646500
2016-08-29,1730.0,0.0,27.3,01646500
2016-08-30,1630.0,0.0,27.4,01646500
2016-08-31,1540.0,0.0,26.9,01646500
2016-09-01,1620.0,5.2,25.0,01646500
2016-09-02,2330.0,0.0,23.0,01646500
2016-09-03,1930.0,0.5,22.2,01646500
2016-09-04,1660.0,0.0,21.7,01646500
2016-09-05,1510.0,0.0,23.5,01646500
2016-09-06,1410.0,0.0,25.9,01646500
2016-09-07,1510.0,5.1,27.2,01646500
2016-09-08,1840.0,4.2,27.6,01646500
2016-09-09,1480.0,0.0,29.3,01646500
2016-09-10,1460.0,0.0,29.1,01646500
2016-09-11,1390.0,0.0,27.4,01646500
2016-09-12,1380.0,0.0,23.5,01646500
2016-09-13,1470.0,0.0,24.2,01646500
2016-09-14,1550.0,0.0,26.6,01646500
2016-09-15,1370.0,1.4,22.9,01646500
2016-09-16,1230.0,0.0,21.3,01646500
2016-09-17,1210.0,0.0,22.9,01646500
2016-09-18,1170.0,0.0,25.3,01646500
2016-09-19,1120.0,27.5,23.4,01646500
2016-09-20,1200.0,4.3,22.6,01646500
2016-09-21,1280.0,0.0,23.9,01646500
2016-09-22,1390.0,0.0,23.5,01646500
2016-09-23,1750.0,0.0,23.8,01646500
2016-09-24,1750.0,0.0,22.4,01646500
2016-09-25,1510.0,0.0,18.7,01646500
2016-09-26,1300.0,0.1,18.4,01646500
2016-09-27,1310.0,15.5,20.0,01646500
2016-09-28,1380.0,49.7,18.6,01646500
2016-09-29,3490.0,79.0,19.8,01646500
2016-09-30,4570.0,9.9,17.5,01646500
2016-10-01,8170.0,4.4,17.7,01646500
2016-10-02,11700.0,0.2,18.7,01646500
2016-10-03,10000.0,0.0,19.3,01646500
2016-10-04,8320.0,0.0,17.6,01646500
2016-10-05,7170.0,0.0,17.2,01646500
2016-10-06,5550.0,0.0,16.3,01646500
2016-10-07,4420.0,0.2,18.2,01646500
2016-10-08,3740.0,10.5,18.1,01646500
2016-10-09,3240.0,4.1,16.1,01646500
2016-10-10,2950.0,0.0,13.4,01646500
2016-10-11,3130.0,0.0,11.8,01646500
2016-10-12,3890.0,0.0,14.2,01646500
2016-10-13,5240.0,0.0,15.8,01646500
2016-10-14,4780.0,0.0,13.5,01646500
2016-10-15,4080.0,0.0,13.7,01646500
2016-10-16,3540.0,0.0,15.6,01646500
2016-10-17,3170.0,0.0,19.8,01646500
2016-10-18,2960.0,0.0,21.3,01646500
2016-10-19,2830.0,0.2,23.1,01646500
2016-10-20,2630.0,0.3,23.5,01646500
2016-10-21,2540.0,1.7,20.6,01646500
2016-10-22,2500.0,1.4,12.9,01646500
2016-10-23,2240.0,0.0,12.5,01646500
2016-10-24,2060.0,0.0,15.5,01646500
2016-10-25,2010.0,0.0,11.7,01646500
2016-10-26,2090.0,0.0,9.2,01646500
2016-10-27,1990.0,6.8,12.3,01646500
2016-10-28,1940.0,0.1,12.9,01646500
2016-10-29,1890.0,0.0,13.2,01646500
2016-10-30,1900.0,1.8,19.2,01646500
2016-10-31,1830.0,0.0,14.0,01646500
2016-11-01,1920.0,0.5,11.1,01646500
2016-11-02,2020.0,0.0,15.2,01646500
2016-11-03,1950.0,0.4,18.9,01646500
2016-11-04,2020.0,0.0,14.9,01646500
2016-11-05,1990.0,0.0,11.0,01646500
2016-11-06,1900.0,0.0,12.8,01646500
2016-11-07,1820.0,0.0,10.2,01646500
2016-11-08,1830.0,0.0,10.8,01646500
2016-11-09,1910.0,9.2,12.7,01646500
2016-11-10,1890.0,0.0,10.6,01646500
2016-11-11,1870.0,0.0,11.3,01646500
2016-11-12,1890.0,0.0,7.4,01646500
2016-11-13,1840.0,0.0,6.6,01646500
2016-11-14,1730.0,0.1,7.7,01646500
2016-11-15,1790.0,1.9,10.0,01646500
2016-11-16,1810.0,0.0,9.7,01646500
2016-11-17,1800.0,0.0,10.7,01646500
2016-11-18,1810.0,0.0,10.4,01646500
2016-11-19,1790.0,0.6,11.7,01646500
2016-11-20,1740.0,0.6,4.5,01646500
2016-11-21,1610.0,0.0,2.9,01646500
2016-11-22,1590.0,0.0,3.5,01646500
2016-11-23,1600.0,0.6,3.7,01646500
2016-11-24,1580.0,0.0,7.7,01646500
2016-11-25,1620.0,0.0,10.3,01646500
2016-11-26,1610.0,0.2,8.6,01646500
2016-11-27,1540.0,0.0,5.9,01646500
2016-11-28,1480.0,0.0,5.5,01646500
2016-11-29,1620.0,16.9,11.5,01646500
2016-11-30,1900.0,6.4,16.2,01646500
2016-12-01,3480.0,5.3,13.4,01646500
2016-12-02,3550.0,0.0,6.8,01646500
2016-12-03,3180.0,0.0,5.9,01646500
2016-12-04,3350.0,0.0,4.9,01646500
2016-12-05,3580.0,5.0,6.7,01646500
2016-12-06,4160.0,17.0,5.4,01646500
2016-12-07,5220.0,3.2,7.0,01646500
2016-12-08,4660.0,0.0,4.5,01646500
2016-12-09,5000.0,0.0,1.1,01646500
2016-12-10,6040.0,0.0,-0.5,01646500
2016-12-11,5930.0,0.0,-0.4,01646500
2016-12-12,5100.0,5.6,6.3,01646500
2016-12-13,4440.0,0.0,4.2,01646500
2016-12-14,4030.0,0.1,3.9,01646500
2016-12-15,3720.0,0.0,-1.4,01646500
2016-12-16,3420.0,0.0,-5.7,01646500
2016-12-17,3130.0,6.2,0.9,01646500
2016-12-18,2990.0,4.1,10.0,01646500
2016-12-19,3210.0,0.0,0.5,01646500
2016-12-20,3550.0,0.0,-0.8,01646500
2016-12-21,4280.0,0.0,0.6,01646500
2016-12-22,6090.0,0.0,4.2,01646500
2016-12-23,5930.0,0.0,2.8,01646500
2016-12-24,5690.0,8.6,5.6,01646500
2016-12-25,5110.0,0.0,5.9,01646500
2016-12-26,4720.0,0.0,4.8,01646500
2016-12-27,4450.0,0.0,12.8,01646500
2016-12-28,4290.0,0.0,7.1,01646500
2016-12-29,4370.0,5.6,5.1,01646500
2016-12-30,4200.0,0.0,3.2,01646500
2016-12-31,3990.0,0.0,1.6,01646500
2017-01-01,3880.0,0.0,6.3,01646500
2017-01-02,3920.0,3.8,4.9,01646500
2017-01-03,5140.0,15.6,5.1,01646500
2017-01-04,7730.0,2.1,7.4,01646500
2017-01-05,11600.0,0.6,-0.2,01646500
2017-01-06,16800.0,1.5,-0.9,01646500
2017-01-07,16500.0,3.5,-5.0,01646500
2017-01-08,13500.0,0.0,-8.1,01646500
2017-01-09,10500.0,0.0,-7.2,01646500
2017-01-10,8300.0,0.0,-4.1,01646500
2017-01-11,7780.0,3.8,5.6,01646500
2017-01-12,7620.0,3.7,11.8,01646500
2017-01-13,6870.0,0.0,10.5,01646500
2017-01-14,7440.0,7.9,2.1,01646500
2017-01-15,9030.0,3.2,2.4,01646500
2017-01-16,8980.0,0.0,1.8,01646500
2017-01-17,8810.0,6.7,5.3,01646500
2017-01-18,10000.0,1.4,8.9,01646500
2017-01-19,10100.0,0.0,6.4,01646500
2017-01-20,10800.0,5.9,4.5,01646500
2017-01-21,10700.0,0.0,7.8,01646500
2017-01-22,9920.0,4.2,8.1,01646500
2017-01-23,9910.0,12.2,6.4,01646500
2017-01-24,16600.0,3.6,4.2,01646500
2017-01-25,47400.0,0.0,7.9,01646500
2017-01-26,49100.0,0.9,9.0,01646500
2017-01-27,35000.0,0.0,3.9,01646500
2017-01-28,26600.0,0.0,1.8,01646500
2017-01-29,21700.0,0.0,2.4,01646500
2017-01-30,17700.0,1.7,0.6,01646500
2017-01-31,14900.0,0.1,1.5,01646500
2017-02-01,12900.0,0.0,5.1,01646500
2017-02-02,11200.0,0.0,4.9,01646500
2017-02-03,9740.0,0.0,0.4,01646500
2017-02-04,8600.0,0.0,-2.0,01646500
2017-02-05,7690.0,0.3,2.4,01646500
2017-02-06,7000.0,0.0,6.5,01646500
2017-02-07,6370.0,2.5,12.5,01646500
2017-02-08,6080.0,0.0,15.6,01646500
2017-02-09,6090.0,11.2,4.3,01646500
2017-02-10,6450.0,0.0,-2.8,01646500
2017-02-11,7670.0,0.0,5.9,01646500
2017-02-12,8320.0,6.8,7.7,01646500
2017-02-13,7970.0,0.0,4.6,01646500
2017-02-14,8790.0,0.4,2.2,01646500
2017-02-15,14000.0,0.0,4.8,01646500
2017-02-16,13700.0,0.3,0.8,01646500
2017-02-17,12000.0,0.0,1.0,01646500
2017-02-18,10400.0,0.0,6.9,01646500
2017-02-19,9250.0,0.0,14.4,01646500
2017-02-20,8120.0,0.0,11.7,01646500
2017-02-21,7100.0,0.0,7.7,01646500
2017-02-22,6590.0,0.2,9.6,01646500
2017-02-23,6140.0,0.2,15.0,01646500
2017-02-24,5650.0,0.0,16.6,01646500
2017-02-25,5260.0,13.1,15.8,01646500
2017-02-26,5110.0,0.0,4.5,01646500
2017-02-27,5080.0,0.0,5.1,01646500
2017-02-28,4830.0,3.3,10.9,01646500
2017-03-01,4950.0,6.1,15.7,01646500
2017-03-02,4770.0,1.0,9.6,01646500
2017-03-03,4960.0,0.5,2.5,01646500
2017-03-04,9680.0,0.0,-0.9,01646500
2017-03-05,9020.0,0.0,-2.1,01646500
2017-03-06,7640.0,0.0,2.9,01646500
2017-03-07,6590.0,2.0,11.5,01646500
2017-03-08,6170.0,5.8,12.9,01646500
2017-03-09,5730.0,0.0,12.7,01646500
2017-03-10,5820.0,3.9,6.7,01646500
2017-03-11,6240.0,0.0,-1.9,01646500
2017-03-12,6050.0,0.0,-1.2,01646500
2017-03-13,6230.0,0.0,-0.7,01646500
2017-03-14,6500.0,32.9,0.1,01646500
2017-03-15,6260.0,0.4,-5.0,01646500
2017-03-16,5810.0,0.0,-1.8,01646500
2017-03-17,5800.0,0.0,1.6,01646500
2017-03-18,5850.0,0.6,6.1,01646500
2017-03-19,7510.0,11.3,4.7,01646500
2017-03-20,13400.0,0.0,5.9,01646500
2017-03-21,19600.0,0.7,9.6,01646500
2017-03-22,16700.0,0.1,6.7,01646500
2017-03-23,14300.0,0.0,1.3,01646500
2017-03-24,12600.0,3.2,5.2,01646500
2017-03-25,11800.0,0.0,16.7,01646500
2017-03-26,10800.0,0.0,11.4,01646500
2017-03-27,9930.0,1.4,12.6,01646500
2017-03-28,9490.0,4.7,16.1,01646500
2017-03-29,10300.0,0.4,13.8,01646500
2017-03-30,12300.0,0.0,8.2,01646500
2017-03-31,16500.0,30.0,7.7,01646500
2017-04-01,21100.0,1.9,9.8,01646500
2017-04-02,23300.0,0.0,9.5,01646500
2017-04-03,24200.0,1.2,12.4,01646500
2017-04-04,22600.0,8.1,18.0,01646500
2017-04-05,19900.0,0.0,16.9,01646500
2017-04-06,20300.0,29.5,14.3,01646500
2017-04-07,27000.0,0.8,7.8,01646500
2017-04-08,26500.0,0.0,7.8,01646500
2017-04-09,23000.0,0.0,11.7,01646500
2017-04-10,20000.0,0.0,15.9,01646500
2017-04-11,17200.0,0.0,20.2,01646500
2017-04-12,15000.0,0.1,19.2,01646500
2017-04-13,13100.0,0.0,15.3,01646500
2017-04-14,11500.0,0.0,14.0,01646500
2017-04-15,10100.0,0.0,15.3,01646500
2017-04-16,8950.0,0.6,21.3,01646500
2017-04-17,8200.0,8.7,18.6,01646500
2017-04-18,7840.0,0.0,16.4,01646500
2017-04-19,7540.0,0.0,12.7,01646500
2017-04-20,7520.0,2.0,17.0,01646500
2017-04-21,7380.0,9.7,19.2,01646500
2017-04-22,8670.0,8.2,14.3,01646500
2017-04-23,8590.0,0.7,11.2,01646500
2017-04-24,8260.0,9.5,10.7,01646500
2017-04-25,8450.0,7.7,12.0,01646500
2017-04-26,8890.0,3.3,14.7,01646500
2017-04-27,13200.0,0.0,19.0,01646500
2017-04-28,20600.0,0.0,22.5,01646500
2017-04-29,19100.0,0.0,24.3,01646500
2017-04-30,15700.0,1.9,23.9,01646500
2017-05-01,13600.0,0.1,22.9,01646500
2017-05-02,13300.0,5.7,19.8,01646500
2017-05-03,13300.0,0.0,15.7,01646500
2017-05-04,12000.0,0.7,13.9,01646500
2017-05-05,15200.0,37.8,16.2,01646500
2017-05-06,39200.0,4.9,14.2,01646500
2017-05-07,75700.0,0.9,10.8,01646500
2017-05-08,53700.0,0.0,10.6,01646500
2017-05-09,35700.0,0.0,11.2,01646500
2017-05-10,26300.0,0.0,14.1,01646500
2017-05-11,22300.0,22.3,12.2,01646500
2017-05-12,24000.0,4.0,10.6,01646500
2017-05-13,35400.0,14.7,10.1,01646500
2017-05-14,42000.0,0.4,14.8,01646500
2017-05-15,45000.0,0.0,15.8,01646500
2017-05-16,35000.0,0.0,18.0,01646500
2017-05-17,26700.0,0.0,23.2,01646500
2017-05-18,21400.0,0.1,26.0,01646500
2017-05-19,18400.0,4.9,24.8,01646500
2017-05-20,15200.0,0.4,20.1,01646500
2017-05-21,12300.0,0.0,15.9,01646500
2017-05-22,11000.0,13.9,16.2,01646500
2017-05-23,9960.0,1.4,16.7,01646500
2017-05-24,9300.0,6.2,15.9,01646500
2017-05-25,11100.0,8.7,15.3,01646500
2017-05-26,18900.0,1.8,17.7,01646500
2017-05-27,36700.0,1.7,18.7,01646500
2017-05-28,37700.0,3.8,18.9,01646500
2017-05-29,26900.0,3.1,20.0,01646500
2017-05-30,23300.0,0.2,18.2,01646500
2017-05-31,26200.0,1.9,21.0,01646500
2017-06-01,24300.0,0.0,20.5,01646500
2017-06-02,19300.0,0.0,19.9,01646500
2017-06-03,15400.0,0.0,20.5,01646500
2017-06-04,12600.0,0.0,22.2,01646500
2017-06-05,10700.0,7.3,21.4,01646500
2017-06-06,9580.0,0.0,20.0,01646500
2017-06-07,8520.0,0.6,16.6,01646500
2017-06-08,7790.0,0.0,17.3,01646500
2017-06-09,7360.0,0.8,19.5,01646500
2017-06-10,6780.0,0.0,22.9,01646500
2017-06-11,6370.0,0.0,26.6,01646500
2017-06-12,5790.0,0.0,27.7,01646500
2017-06-13,5360.0,0.3,27.6,01646500
2017-06-14,4960.0,10.7,26.2,01646500
2017-06-15,4630.0,0.2,24.9,01646500
2017-06-16,4320.0,6.0,22.9,01646500
2017-06-17,4060.0,24.8,23.5,01646500
2017-06-18,4100.0,0.4,25.9,01646500
2017-06-19,6400.0,17.6,26.3,01646500
2017-06-20,9550.0,5.0,24.3,01646500
2017-06-21,7040.0,0.3,24.2,01646500
2017-06-22,6070.0,0.2,25.4,01646500
2017-06-23,5540.0,8.9,25.6,01646500
2017-06-24,5260.0,8.3,26.2,01646500
2017-06-25,5130.0,0.0,24.1,01646500
2017-06-26,7080.0,0.0,22.0,01646500
2017-06-27,7900.0,1.2,21.1,01646500
2017-06-28,5980.0,0.0,20.6,01646500
2017-06-29,4950.0,0.0,23.5,01646500
2017-06-30,4190.0,0.0,26.9,01646500
2017-07-01,3870.0,5.5,26.4,01646500
2017-07-02,3910.0,0.0,27.5,01646500
2017-07-03,3690.0,0.1,27.4,01646500
2017-07-04,3360.0,1.6,26.6,01646500
2017-07-05,3210.0,12.5,24.2,01646500
2017-07-06,4940.0,51.8,22.5,01646500
2017-07-07,9420.0,4.3,24.3,01646500
2017-07-08,7870.0,0.6,24.8,01646500
2017-07-09,8680.0,0.0,23.4,01646500
2017-07-10,7130.0,0.5,24.5,01646500
2017-07-11,5620.0,0.1,26.4,01646500
2017-07-12,4640.0,0.4,27.1,01646500
2017-07-13,4140.0,0.4,28.1,01646500
2017-07-14,4070.0,8.7,26.9,01646500
2017-07-15,4580.0,3.5,25.5,01646500
2017-07-16,3790.0,0.0,24.8,01646500
2017-07-17,3280.0,8.8,25.1,01646500
2017-07-18,3460.0,4.7,25.4,01646500
2017-07-19,3270.0,0.0,27.1,01646500
2017-07-20,2890.0,0.7,28.5,01646500
2017-07-21,2720.0,0.6,28.7,01646500
2017-07-22,3040.0,1.3,28.1,01646500
2017-07-23,3450.0,26.9,25.4,01646500
2017-07-24,5140.0,0.9,25.5,01646500
2017-07-25,4080.0,1.3,23.1,01646500
2017-07-26,4240.0,1.4,22.5,01646500
2017-07-27,3730.0,0.5,24.2,01646500
2017-07-28,4790.0,34.7,22.8,01646500
2017-07-29,16600.0,80.0,20.4,01646500
2017-07-30,18000.0,0.0,21.2,01646500
2017-07-31,16800.0,0.0,22.4,01646500
2017-08-01,19900.0,0.2,24.3,01646500
2017-08-02,13700.0,4.6,24.3,01646500
2017-08-03,10300.0,1.0,23.9,01646500
2017-08-04,8660.0,2.2,24.6,01646500
2017-08-05,7340.0,0.1,23.6,01646500
2017-08-06,7810.0,0.0,21.4,01646500
2017-08-07,11500.0,43.8,20.8,01646500
2017-08-08,8140.0,0.8,21.9,01646500
2017-08-09,6700.0,0.0,21.4,01646500
2017-08-10,6640.0,0.1,22.3,01646500
2017-08-11,6620.0,2.9,21.9,01646500
2017-08-12,8160.0,14.7,23.1,01646500
2017-08-13,9150.0,3.3,22.9,01646500
2017-08-14,7070.0,1.1,21.9,01646500
2017-08-15,6170.0,17.6,22.6,01646500
2017-08-16,5540.0,0.2,24.5,01646500
2017-08-17,4740.0,7.8,25.0,01646500
2017-08-18,4310.0,20.3,26.0,01646500
2017-08-19,5090.0,0.4,25.4,01646500
2017-08-20,4210.0,0.0,24.1,01646500
2017-08-21,3740.0,1.3,24.7,01646500
2017-08-22,3420.0,0.3,26.4,01646500
2017-08-23,3220.0,0.4,25.3,01646500
2017-08-24,2970.0,0.0,21.8,01646500
2017-08-25,2950.0,0.7,20.4,01646500
2017-08-26,2800.0,0.3,20.4,01646500
2017-08-27,2680.0,0.0,20.3,01646500
2017-08-28,2570.0,0.0,19.3,01646500
2017-08-29,2630.0,26.0,17.7,01646500
2017-08-30,2800.0,0.2,18.7,01646500
2017-08-31,2790.0,0.2,22.2,01646500
2017-09-01,2690.0,0.2,18.3,01646500
2017-09-02,2860.0,6.1,15.9,01646500
2017-09-03,2820.0,0.8,18.1,01646500
2017-09-04,2600.0,0.0,20.6,01646500
2017-09-05,2430.0,0.3,24.0,01646500
2017-09-06,3920.0,24.0,18.1,01646500
2017-09-07,5150.0,8.2,16.8,01646500
2017-09-08,4700.0,0.0,17.0,01646500
2017-09-09,4240.0,0.1,16.1,01646500
2017-09-10,3570.0,0.0,15.7,01646500
2017-09-11,3060.0,0.0,16.6,01646500
2017-09-12,2800.0,0.0,18.3,01646500
2017-09-13,2540.0,5.9,19.9,01646500
2017-09-14,2490.0,5.0,21.5,01646500
2017-09-15,2380.0,0.6,21.3,01646500
2017-09-16,2270.0,0.7,22.0,01646500
2017-09-17,2190.0,2.9,21.3,01646500
2017-09-18,1940.0,0.4,21.1,01646500
2017-09-19,1960.0,0.2,21.7,01646500
2017-09-20,1950.0,0.0,23.0,01646500
2017-09-21,2000.0,0.0,23.1,01646500
2017-09-22,2090.0,0.0,22.8,01646500
2017-09-23,1890.0,0.0,22.1,01646500
2017-09-24,1760.0,0.0,23.6,01646500
2017-09-25,1580.0,0.0,24.6,01646500
2017-09-26,1500.0,0.0,23.3,01646500
2017-09-27,1570.0,0.1,25.0,01646500
2017-09-28,1450.0,0.0,23.4,01646500
2017-09-29,1320.0,0.0,17.4,01646500
2017-09-30,1350.0,0.0,16.3,01646500
2017-10-01,1350.0,0.0,13.6,01646500
2017-10-02,1280.0,0.0,15.0,01646500
2017-10-03,1250.0,0.0,16.1,01646500
2017-10-04,1300.0,0.0,17.1,01646500
2017-10-05,1270.0,0.0,19.6,01646500
2017-10-06,1420.0,0.0,21.4,01646500
2017-10-07,1340.0,0.0,22.4,01646500
2017-10-08,1330.0,6.4,23.2,01646500
2017-10-09,1630.0,18.6,23.7,01646500
2017-10-10,1810.0,1.0,23.4,01646500
2017-10-11,2230.0,2.6,21.4,01646500
2017-10-12,3040.0,6.2,17.8,01646500
2017-10-13,3150.0,0.1,16.3,01646500
2017-10-14,3710.0,0.1,17.7,01646500
2017-10-15,3810.0,0.0,19.3,01646500
2017-10-16,3410.0,5.5,16.9,01646500
2017-10-17,3010.0,0.0,10.8,01646500
2017-10-18,2710.0,0.0,12.2,01646500
2017-10-19,2400.0,0.0,14.0,01646500
2017-10-20,2050.0,0.0,16.2,01646500
2017-10-21,1970.0,0.0,15.6,01646500
2017-10-22,1890.0,0.0,16.2,01646500
2017-10-23,1690.0,0.3,17.5,01646500
2017-10-24,1920.0,16.9,18.9,01646500
2017-10-25,2330.0,0.0,14.2,01646500
2017-10-26,2260.0,0.0,10.6,01646500
2017-10-27,2370.0,0.0,10.6,01646500
2017-10-28,2440.0,0.0,14.3,01646500
2017-10-29,2440.0,18.7,15.0,01646500
2017-10-30,4160.0,23.9,8.9,01646500
2017-10-31,16700.0,0.0,10.0,01646500
2017-11-01,22300.0,0.0,9.8,01646500
2017-11-02,13800.0,0.0,14.5,01646500
2017-11-03,9590.0,0.0,17.7,01646500
2017-11-04,7370.0,1.8,12.0,01646500
2017-11-05,6680.0,10.8,12.4,01646500
2017-11-06,5940.0,0.0,16.6,01646500
2017-11-07,6090.0,14.2,8.9,01646500
2017-11-08,7750.0,2.1,6.2,01646500
2017-11-09,7020.0,1.1,7.7,01646500
2017-11-10,9230.0,1.3,5.7,01646500
2017-11-11,10000.0,0.0,-1.4,01646500
2017-11-12,8580.0,0.0,1.9,01646500
2017-11-13,7580.0,6.0,5.5,01646500
2017-11-14,6580.0,0.0,5.6,01646500
2017-11-15,5520.0,0.0,5.5,01646500
2017-11-16,5070.0,0.9,9.1,01646500
2017-11-17,5060.0,0.0,6.4,01646500
2017-11-18,4640.0,0.2,7.2,01646500
2017-11-19,4180.0,5.9,10.7,01646500
2017-11-20,4470.0,0.0,4.8,01646500
2017-11-21,5850.0,0.0,7.6,01646500
2017-11-22,5550.0,0.2,9.8,01646500
2017-11-23,5020.0,0.0,2.2,01646500
2017-11-24,4630.0,0.0,3.1,01646500
2017-11-25,4340.0,0.0,7.0,01646500
2017-11-26,4120.0,0.0,7.9,01646500
2017-11-27,3900.0,0.0,6.7,01646500
2017-11-28,3750.0,0.0,7.1,01646500
2017-11-29,3600.0,0.0,9.8,01646500
2017-11-30,3410.0,0.0,7.6,01646500
2017-12-01,3300.0,0.2,9.0,01646500
2017-12-02,3220.0,0.0,4.6,01646500
2017-12-03,3120.0,0.8,5.9,01646500
2017-12-04,2980.0,0.0,5.0,01646500
2017-12-05,2980.0,0.9,9.6,01646500
2017-12-06,3000.0,2.2,7.5,01646500
2017-12-07,2890.0,0.0,4.7,01646500
2017-12-08,2970.0,0.2,2.3,01646500
2017-12-09,3050.0,7.8,0.9,01646500
2017-12-10,2920.0,0.7,-0.4,01646500
2017-12-11,2630.0,0.3,2.0,01646500
2017-12-12,2630.0,0.0,4.0,01646500
2017-12-13,2600.0,0.0,-3.8,01646500
2017-12-14,2430.0,0.5,1.3,01646500
2017-12-15,2430.0,1.5,-2.6,01646500
2017-12-16,2390.0,0.0,-0.3,01646500
2017-12-17,2290.0,0.0,2.5,01646500
2017-12-18,2300.0,0.1,6.1,01646500
2017-12-19,2310.0,0.0,8.9,01646500
2017-12-20,2290.0,0.0,8.2,01646500
2017-12-21,2240.0,0.0,2.1,01646500
2017-12-22,2210.0,0.0,4.1,01646500
2017-12-23,2270.0,13.7,10.6,01646500
2017-12-24,2480.0,1.0,4.6,01646500
2017-12-25,2570.0,0.9,0.8,01646500
2017-12-26,2680.0,0.0,-1.6,01646500
2017-12-27,2800.0,0.3,-2.6,01646500
2017-12-28,2590.0,0.0,-7.7,01646500
2017-12-29,2680.0,0.0,-5.8,01646500
2017-12-30,2440.0,1.6,-4.5,01646500
2017-12-31,1760.0,0.4,-7.1,01646500
2018-01-01,1620.0,0.0,-9.0,01646500
2018-01-02,1600.0,0.0,-8.8,01646500
2018-01-03,1680.0,0.0,-6.8,01646500
2018-01-04,1870.0,5.7,-4.5,01646500
2018-01-05,1230.0,0.0,-10.1,01646500
2018-01-06,1320.0,0.0,-11.2,01646500
2018-01-07,1760.0,0.0,-10.6,01646500
2018-01-08,1920.0,1.9,-4.3,01646500
2018-01-09,2090.0,1.4,2.1,01646500
2018-01-10,1970.0,0.0,0.9,01646500
2018-01-11,2040.0,0.0,6.5,01646500
2018-01-12,2400.0,11.5,14.5,01646500
2018-01-13,5800.0,25.6,3.8,01646500
2018-01-14,10900.0,0.0,-6.8,01646500
2018-01-15,9960.0,0.0,-5.3,01646500
2018-01-16,11500.0,0.0,-1.2,01646500
2018-01-17,10700.0,0.9,-3.0,01646500
2018-01-18,9990.0,0.0,-4.0,01646500
2018-01-19,7610.0,0.0,1.8,01646500
2018-01-20,7060.0,0.0,3.5,01646500
2018-01-21,6740.0,0.0,6.8,01646500
2018-01-22,5980.0,0.9,11.2,01646500
2018-01-23,5770.0,7.6,12.4,01646500
2018-01-24,10100.0,0.0,5.5,01646500
2018-01-25,12600.0,0.0,0.8,01646500
2018-01-26,10600.0,0.0,0.2,01646500
2018-01-27,8690.0,0.0,6.4,01646500
2018-01-28,7640.0,5.6,10.5,01646500
2018-01-29,7120.0,5.2,6.4,01646500
2018-01-30,6750.0,0.8,0.6,01646500
2018-01-31,6410.0,0.0,-3.8,01646500
2018-02-01,6040.0,0.0,4.8,01646500
2018-02-02,5770.0,6.2,0.3,01646500
2018-02-03,5610.0,0.0,-4.9,01646500
2018-02-04,5880.0,18.9,-0.3,01646500
2018-02-05,7590.0,1.9,-0.4,01646500
2018-02-06,7450.0,0.0,-0.5,01646500
2018-02-07,7650.0,9.1,0.3,01646500
2018-02-08,10600.0,0.0,-1.5,01646500
2018-02-09,13200.0,0.0,-0.1,01646500
2018-02-10,15900.0,14.0,4.7,01646500
2018-02-11,19800.0,28.2,12.0,01646500
2018-02-12,24300.0,2.3,8.7,01646500
2018-02-13,30300.0,0.0,0.8,01646500
2018-02-14,29600.0,0.0,3.9,01646500
2018-02-15,25200.0,5.9,12.8,01646500
2018-02-16,21100.0,5.1,14.9,01646500
2018-02-17,23600.0,4.3,2.3,01646500
2018-02-18,31600.0,2.9,3.9,01646500
2018-02-19,30600.0,1.2,4.3,01646500
2018-02-20,27200.0,0.0,13.9,01646500
2018-02-21,23700.0,0.0,19.2,01646500
2018-02-22,21000.0,2.7,12.2,01646500
2018-02-23,19100.0,3.7,5.3,01646500
2018-02-24,18900.0,4.9,8.1,01646500
2018-02-25,19800.0,9.3,9.4,01646500
2018-02-26,28600.0,0.0,9.1,01646500
2018-02-27,39500.0,0.0,6.3,01646500
2018-02-28,34100.0,0.0,8.4,01646500
2018-03-01,27200.0,3.0,9.7,01646500
2018-03-02,22900.0,6.0,6.0,01646500
2018-03-03,23700.0,0.0,4.1,01646500
2018-03-04,21300.0,0.0,3.4,01646500
2018-03-05,18400.0,0.0,2.0,01646500
2018-03-06,15600.0,0.0,1.7,01646500
2018-03-07,14000.0,6.9,3.1,01646500
2018-03-08,12900.0,0.1,2.2,01646500
2018-03-09,12000.0,0.0,1.2,01646500
2018-03-10,11100.0,0.0,2.1,01646500
2018-03-11,10100.0,0.0,2.2,01646500
2018-03-12,9000.0,0.4,1.6,01646500
2018-03-13,8260.0,1.0,1.9,01646500
2018-03-14,7760.0,0.0,0.9,01646500
2018-03-15,7240.0,0.0,2.7,01646500
2018-03-16,6800.0,0.0,2.0,01646500
2018-03-17,6540.0,0.2,1.2,01646500
2018-03-18,6180.0,0.0,4.0,01646500
2018-03-19,5770.0,0.0,5.6,01646500
2018-03-20,5910.0,23.1,2.0,01646500
2018-03-21,6540.0,18.0,-0.3,01646500
2018-03-22,6670.0,1.0,1.6,01646500
2018-03-23,6990.0,0.0,2.4,01646500
2018-03-24,7370.0,0.0,2.5,01646500
2018-03-25,8760.0,0.0,1.9,01646500
2018-03-26,10200.0,0.2,3.1,01646500
2018-03-27,11400.0,1.0,2.2,01646500
2018-03-28,12400.0,2.4,6.0,01646500
2018-03-29,13000.0,2.2,12.4,01646500
2018-03-30,16000.0,2.2,16.7,01646500
2018-03-31,22600.0,0.0,7.6,01646500
2018-04-01,23200.0,0.0,10.8,01646500
2018-04-02,19700.0,2.9,7.7,01646500
2018-04-03,18000.0,0.0,7.8,01646500
2018-04-04,22100.0,4.9,12.3,01646500
2018-04-05,33300.0,0.0,4.6,01646500
2018-04-06,30700.0,0.0,9.1,01646500
2018-04-07,24400.0,1.8,7.5,01646500
2018-04-08,19400.0,0.0,3.3,01646500
2018-04-09,16000.0,0.8,3.2,01646500
2018-04-10,14100.0,0.7,5.2,01646500
2018-04-11,12500.0,0.0,5.8,01646500
2018-04-12,11300.0,0.0,12.1,01646500
2018-04-13,10100.0,0.0,20.3,01646500
2018-04-14,9240.0,0.0,22.0,01646500
2018-04-15,8510.0,0.3,15.9,01646500
2018-04-16,17800.0,68.8,10.6,01646500
2018-04-17,40100.0,0.0,5.4,01646500
2018-04-18,73200.0,0.0,6.9,01646500
2018-04-19,52300.0,0.6,9.1,01646500
2018-04-20,35700.0,0.0,6.5,01646500
2018-04-21,27500.0,0.0,8.4,01646500
2018-04-22,22300.0,0.0,10.7,01646500
2018-04-23,18000.0,0.0,12.6,01646500
2018-04-24,15800.0,2.7,12.0,01646500
2018-04-25,15900.0,8.7,13.1,01646500
2018-04-26,16900.0,0.0,13.3,01646500
2018-04-27,21700.0,21.7,13.1,01646500
2018-04-28,25000.0,0.1,14.8,01646500
2018-04-29,22200.0,1.0,9.1,01646500
2018-04-30,19600.0,0.0,10.2,01646500
2018-05-01,16600.0,0.0,15.6,01646500
2018-05-02,14300.0,0.0,20.3,01646500
2018-05-03,12900.0,0.0,23.2,01646500
2018-05-04,11800.0,0.0,25.0,01646500
2018-05-05,10700.0,1.0,20.3,01646500
2018-05-06,10000.0,7.7,15.5,01646500
2018-05-07,10900.0,0.0,16.6,01646500
2018-05-08,21100.0,0.0,17.8,01646500
2018-05-09,23800.0,0.0,17.9,01646500
2018-05-10,19000.0,3.5,19.1,01646500
2018-05-11,15800.0,0.0,20.4,01646500
2018-05-12,13100.0,2.1,22.1,01646500
2018-05-13,11900.0,15.5,19.2,01646500
2018-05-14,12000.0,15.3,19.0,01646500
2018-05-15,24000.0,2.9,22.6,01646500
2018-05-16,50000.0,14.9,19.9,01646500
2018-05-17,56900.0,55.1,17.9,01646500
2018-05-18,71600.0,47.7,17.6,01646500
2018-05-19,101000.0,18.2,14.5,01646500
2018-05-20,109000.0,3.4,22.6,01646500
2018-05-21,88600.0,0.0,21.5,01646500
2018-05-22,59800.0,23.2,19.5,01646500
2018-05-23,47300.0,0.7,21.7,01646500
2018-05-24,45500.0,0.0,20.9,01646500
2018-05-25,33900.0,0.0,22.0,01646500
2018-05-26,26400.0,3.8,24.1,01646500
2018-05-27,22000.0,19.7,22.9,01646500
2018-05-28,21100.0,11.6,19.1,01646500
2018-05-29,21100.0,0.0,21.9,01646500
2018-05-30,23900.0,14.5,22.3,01646500
2018-05-31,19800.0,12.9,21.8,01646500
2018-06-01,22500.0,3.0,23.8,01646500
2018-06-02,32000.0,24.7,22.7,01646500
2018-06-03,59300.0,42.9,18.6,01646500
2018-06-04,126000.0,1.4,16.7,01646500
2018-06-05,148000.0,0.0,19.9,01646500
2018-06-06,67700.0,1.3,17.6,01646500
2018-06-07,44100.0,0.3,18.2,01646500
2018-06-08,32500.0,0.0,21.5,01646500
2018-06-09,25500.0,13.8,22.2,01646500
2018-06-10,21400.0,5.0,21.6,01646500
2018-06-11,22300.0,16.2,16.5,01646500
2018-06-12,36900.0,0.0,17.6,01646500
2018-06-13,43200.0,0.6,21.8,01646500
2018-06-14,35700.0,0.0,23.4,01646500
2018-06-15,27200.0,0.0,21.2,01646500
2018-06-16,22300.0,0.0,21.9,01646500
2018-06-17,17900.0,0.0,24.4,01646500
2018-06-18,14800.0,0.6,26.2,01646500
2018-06-19,13300.0,2.3,27.0,01646500
2018-06-20,12400.0,0.7,23.6,01646500
2018-06-21,12500.0,17.4,23.5,01646500
2018-06-22,18800.0,42.0,20.6,01646500
2018-06-23,37700.0,6.9,20.6,01646500
2018-06-24,74800.0,3.4,23.8,01646500
2018-06-25,58200.0,0.3,23.4,01646500
2018-06-26,38900.0,0.3,21.2,01646500
2018-06-27,27800.0,1.9,21.8,01646500
2018-06-28,21700.0,4.3,24.6,01646500
2018-06-29,18300.0,0.0,25.1,01646500
2018-06-30,17400.0,0.0,26.3,01646500
2018-07-01,15900.0,0.0,26.8,01646500
2018-07-02,13100.0,0.0,28.3,01646500
2018-07-03,10600.0,0.5,28.5,01646500
2018-07-04,9710.0,1.2,27.5,01646500
2018-07-05,9040.0,1.0,27.2,01646500
2018-07-06,10400.0,7.4,25.0,01646500
2018-07-07,11900.0,0.2,22.0,01646500
2018-07-08,10700.0,0.0,20.8,01646500
2018-07-09,10000.0,0.0,22.6,01646500
2018-07-10,9000.0,0.0,26.0,01646500
2018-07-11,7780.0,0.0,27.3,01646500
2018-07-12,6640.0,0.0,25.6,01646500
2018-07-13,5950.0,0.0,24.6,01646500
2018-07-14,5610.0,0.0,25.5,01646500
2018-07-15,5320.0,2.8,26.1,01646500
2018-07-16,5200.0,5.1,26.9,01646500
2018-07-17,5540.0,38.4,25.6,01646500
2018-07-18,5610.0,1.4,24.2,01646500
2018-07-19,5300.0,0.0,24.0,01646500
2018-07-20,5150.0,0.1,23.9,01646500
2018-07-21,8800.0,52.8,20.6,01646500
2018-07-22,35800.0,63.5,19.8,01646500
2018-07-23,32800.0,52.8,22.4,01646500
2018-07-24,26900.0,52.6,22.9,01646500
2018-07-25,28500.0,18.5,22.8,01646500
2018-07-26,33900.0,46.9,24.0,01646500
2018-07-27,32000.0,1.7,25.1,01646500
2018-07-28,26000.0,5.9,23.6,01646500
2018-07-29,18300.0,0.0,23.1,01646500
2018-07-30,13800.0,3.3,22.5,01646500
2018-07-31,14800.0,5.3,22.1,01646500
2018-08-01,21900.0,5.6,25.0,01646500
2018-08-02,24300.0,15.9,24.6,01646500
2018-08-03,35300.0,10.1,23.4,01646500
2018-08-04,53300.0,12.6,23.9,01646500
2018-08-05,62100.0,1.2,25.5,01646500
2018-08-06,41000.0,0.1,26.2,01646500
2018-08-07,29100.0,11.6,25.7,01646500
2018-08-08,23000.0,1.2,25.6,01646500
2018-08-09,20800.0,26.3,25.2,01646500
2018-08-10,21600.0,0.3,25.2,01646500
2018-08-11,17700.0,11.0,24.6,01646500
2018-08-12,15100.0,2.5,23.7,01646500
2018-08-13,15800.0,14.7,22.7,01646500
2018-08-14,15000.0,0.1,22.4,01646500
2018-08-15,15300.0,0.0,24.6,01646500
2018-08-16,15200.0,0.1,25.3,01646500
2018-08-17,13100.0,0.1,26.2,01646500
2018-08-18,11800.0,4.2,25.4,01646500
2018-08-19,11300.0,0.3,23.0,01646500
2018-08-20,13500.0,0.7,21.9,01646500
2018-08-21,13300.0,32.2,22.6,01646500
2018-08-22,26800.0,12.2,23.8,01646500
2018-08-23,35800.0,0.0,21.0,01646500
2018-08-24,24800.0,0.0,20.8,01646500
2018-08-25,18000.0,0.0,21.3,01646500
2018-08-26,14200.0,0.0,22.6,01646500
2018-08-27,11700.0,1.0,25.5,01646500
2018-08-28,10300.0,2.9,26.6,01646500
2018-08-29,9580.0,0.3,27.5,01646500
2018-08-30,8610.0,0.0,27.3,01646500
2018-08-31,8060.0,5.5,24.5,01646500
2018-09-01,10100.0,1.2,23.7,01646500
2018-09-02,12700.0,10.1,24.4,01646500
2018-09-03,11600.0,6.0,25.5,01646500
2018-09-04,11800.0,3.6,26.3,01646500
2018-09-05,9900.0,0.4,26.9,01646500
2018-09-06,8590.0,0.0,27.3,01646500
2018-09-07,7900.0,3.3,25.0,01646500
2018-09-08,9610.0,22.6,21.0,01646500
2018-09-09,18000.0,26.5,16.0,01646500
2018-09-10,69100.0,4.6,18.9,01646500
2018-09-11,130000.0,17.4,21.9,01646500
2018-09-12,88900.0,23.4,21.5,01646500
2018-09-13,54300.0,4.0,23.5,01646500
2018-09-14,48600.0,8.9,22.8,01646500
2018-09-15,40300.0,3.5,22.8,01646500
2018-09-16,30200.0,1.4,21.9,01646500
2018-09-17,25500.0,62.5,22.3,01646500
2018-09-18,28700.0,25.6,23.6,01646500
2018-09-19,61000.0,0.0,23.8,01646500
2018-09-20,61600.0,1.8,22.3,01646500
2018-09-21,41000.0,1.6,21.6,01646500
2018-09-22,31800.0,0.3,22.4,01646500
2018-09-23,27200.0,34.7,16.2,01646500
2018-09-24,26100.0,15.8,16.2,01646500
2018-09-25,35100.0,18.7,19.5,01646500
2018-09-26,53100.0,2.9,23.7,01646500
2018-09-27,80500.0,4.1,18.2,01646500
2018-09-28,94300.0,18.4,16.9,01646500
2018-09-29,132000.0,0.0,18.8,01646500
2018-09-30,108000.0,0.0,18.2,01646500
2018-10-01,61600.0,0.7,20.8,01646500
2018-10-02,44000.0,3.2,22.1,01646500
2018-10-03,34600.0,0.5,22.7,01646500
2018-10-04,28400.0,0.0,23.1,01646500
2018-10-05,25000.0,12.3,20.6,01646500
2018-10-06,22600.0,0.1,19.8,01646500
2018-10-07,19800.0,0.0,22.6,01646500
2018-10-08,18000.0,1.3,23.4,01646500
2018-10-09,16400.0,1.2,22.7,01646500
2018-10-10,15200.0,2.6,22.7,01646500
2018-10-11,14500.0,22.2,22.9,01646500
2018-10-12,15400.0,23.3,15.6,01646500
2018-10-13,17100.0,3.1,11.4,01646500
2018-10-14,20900.0,0.5,10.4,01646500
2018-10-15,18500.0,8.5,15.7,01646500
2018-10-16,16000.0,0.7,14.7,01646500
2018-10-17,14300.0,0.0,13.0,01646500
2018-10-18,12900.0,0.0,9.8,01646500
2018-10-19,11700.0,0.0,9.7,01646500
2018-10-20,11000.0,2.0,14.6,01646500
2018-10-21,10300.0,0.7,9.4,01646500
2018-10-22,9580.0,0.0,6.8,01646500
2018-10-23,9290.0,0.0,11.7,01646500
2018-10-24,8990.0,0.0,9.6,01646500
2018-10-25,8630.0,0.0,6.8,01646500
2018-10-26,8280.0,3.5,6.8,01646500
2018-10-27,10600.0,32.5,9.1,01646500
2018-10-28,12800.0,0.1,10.5,01646500
2018-10-29,13100.0,0.3,10.9,01646500
2018-10-30,13400.0,0.0,9.8,01646500
2018-10-31,13200.0,0.0,12.0,01646500
2018-11-01,13400.0,0.0,17.1,01646500
2018-11-02,13500.0,4.3,19.5,01646500
2018-11-03,25800.0,22.1,11.3,01646500
2018-11-04,26000.0,0.0,8.0,01646500
2018-11-05,23100.0,24.6,11.0,01646500
2018-11-06,35800.0,12.8,12.1,01646500
2018-11-07,48300.0,0.0,12.4,01646500
2018-11-08,37700.0,0.0,10.9,01646500
2018-11-09,32000.0,18.5,7.9,01646500
2018-11-10,35100.0,0.3,5.2,01646500
2018-11-11,51000.0,0.0,1.7,01646500
2018-11-12,39200.0,2.0,3.8,01646500
2018-11-13,36800.0,21.6,6.4,01646500
2018-11-14,38000.0,0.0,4.2,01646500
2018-11-15,40700.0,18.3,1.6,01646500
2018-11-16,47000.0,8.5,3.6,01646500
2018-11-17,49900.0,0.0,5.0,01646500
2018-11-18,50800.0,0.0,4.5,01646500
2018-11-19,48700.0,0.0,7.7,01646500
2018-11-20,44600.0,0.1,8.5,01646500
2018-11-21,43300.0,0.0,4.6,01646500
2018-11-22,44500.0,0.0,0.2,01646500
2018-11-23,38800.0,0.0,-2.8,01646500
2018-11-24,35600.0,25.5,2.2,01646500
2018-11-25,55000.0,5.8,7.1,01646500
2018-11-26,59300.0,8.9,7.8,01646500
2018-11-27,52100.0,0.0,3.5,01646500
2018-11-28,42900.0,0.0,0.7,01646500
2018-11-29,34600.0,0.0,-0.4,01646500
2018-11-30,29200.0,0.0,2.6,01646500
2018-12-01,26600.0,3.3,2.3,01646500
2018-12-02,26100.0,4.6,9.2,01646500
2018-12-03,27300.0,0.1,11.2,01646500
2018-12-04,26800.0,0.0,4.7,01646500
2018-12-05,23100.0,0.0,0.6,01646500
2018-12-06,20300.0,0.0,0.6,01646500
2018-12-07,18500.0,0.0,1.8,01646500
2018-12-08,16900.0,0.0,-1.4,01646500
2018-12-09,15600.0,0.0,-1.4,01646500
2018-12-10,14900.0,0.0,-0.6,01646500
2018-12-11,14800.0,0.0,-1.0,01646500
2018-12-12,13700.0,0.0,1.5,01646500
2018-12-13,12500.0,0.0,3.3,01646500
2018-12-14,12000.0,1.3,4.4,01646500
2018-12-15,18700.0,39.0,8.8,01646500
2018-12-16,67400.0,37.6,6.8,01646500
2018-12-17,143000.0,0.0,6.5,01646500
2018-12-18,101000.0,0.0,3.4,01646500
2018-12-19,60300.0,0.0,1.8,01646500
2018-12-20,44500.0,3.3,3.0,01646500
2018-12-21,41900.0,15.9,14.0,01646500
2018-12-22,60400.0,1.2,7.0,01646500
2018-12-23,86300.0,0.0,3.9,01646500
2018-12-24,68100.0,3.0,4.0,01646500
2018-12-25,48700.0,0.0,2.1,01646500
2018-12-26,38900.0,0.0,1.2,01646500
2018-12-27,32000.0,0.0,2.6,01646500
2018-12-28,32300.0,35.0,9.1,01646500
2018-12-29,43100.0,0.0,9.1,01646500
2018-12-30,47600.0,0.0,3.6,01646500
2018-12-31,43100.0,7.2,4.0,01646500
2019-01-01,43400.0,1.5,12.3,01646500
2019-01-02,44100.0,0.0,5.6,01646500
2019-01-03,38800.0,0.1,6.2,01646500
2019-01-04,32900.0,0.6,3.5,01646500
2019-01-05,29300.0,5.9,7.0,01646500
2019-01-06,28100.0,0.0,7.4,01646500
2019-01-07,27900.0,0.0,1.7,01646500
2019-01-08,27000.0,0.4,5.5,01646500
2019-01-09,24500.0,2.3,6.6,01646500
2019-01-10,22900.0,0.0,-0.9,01646500
2019-01-11,21300.0,0.0,-2.0,01646500
2019-01-12,19400.0,0.1,-1.5,01646500
2019-01-13,19100.0,15.1,-2.2,01646500
2019-01-14,18600.0,2.5,-2.5,01646500
2019-01-15,17600.0,0.0,-3.0,01646500
2019-01-16,16700.0,0.0,-2.6,01646500
2019-01-17,15500.0,0.3,-0.5,01646500
2019-01-18,14600.0,3.0,1.2,01646500
2019-01-19,14600.0,1.4,1.8,01646500
2019-01-20,27700.0,24.1,2.2,01646500
2019-01-21,42100.0,0.0,-9.7,01646500
2019-01-22,51300.0,0.0,-6.9,01646500
2019-01-23,37100.0,0.0,2.1,01646500
2019-01-24,35600.0,22.4,9.5,01646500
2019-01-25,50900.0,0.0,0.5,01646500
2019-01-26,57900.0,0.0,-1.5,01646500
2019-01-27,48200.0,0.0,1.5,01646500
2019-01-28,38400.0,0.0,0.1,01646500
2019-01-29,32100.0,5.0,-0.8,01646500
2019-01-30,27300.0,0.6,-4.6,01646500
2019-01-31,23600.0,0.0,-10.6,01646500
2019-02-01,19900.0,2.6,-7.4,01646500
2019-02-02,17000.0,0.0,-4.9,01646500
2019-02-03,15600.0,0.0,2.3,01646500
2019-02-04,16000.0,0.0,5.0,01646500
2019-02-05,17000.0,0.0,8.5,01646500
2019-02-06,17000.0,1.1,8.2,01646500
2019-02-07,17700.0,2.4,8.2,01646500
2019-02-08,21300.0,1.2,8.6,01646500
2019-02-09,27400.0,0.0,-1.2,01646500
2019-02-10,29500.0,0.0,-1.9,01646500
2019-02-11,24800.0,11.2,0.0,01646500
2019-02-12,26400.0,22.0,0.8,01646500
2019-02-13,34000.0,3.7,2.7,01646500
2019-02-14,43700.0,0.0,2.8,01646500
2019-02-15,41400.0,0.0,10.9,01646500
2019-02-16,35300.0,0.3,5.6,01646500
2019-02-17,33000.0,0.6,0.2,01646500
2019-02-18,30100.0,9.1,3.4,01646500
2019-02-19,26400.0,0.0,0.3,01646500
2019-02-20,23600.0,16.0,-0.8,01646500
2019-02-21,23100.0,1.9,3.8,01646500
2019-02-22,25400.0,0.1,6.3,01646500
2019-02-23,33100.0,5.0,2.9,01646500
2019-02-24,52500.0,17.8,6.1,01646500
2019-02-25,62600.0,0.0,4.9,01646500
2019-02-26,72800.0,0.0,3.1,01646500
2019-02-27,55100.0,0.0,1.8,01646500
2019-02-28,41500.0,0.0,3.7,01646500
2019-03-01,33200.0,5.4,1.0,01646500
2019-03-02,32600.0,13.2,2.8,01646500
2019-03-03,31300.0,5.0,2.9,01646500
2019-03-04,35300.0,10.6,1.0,01646500
2019-03-05,34400.0,0.0,-1.8,01646500
2019-03-06,34200.0,0.0,-4.4,01646500
2019-03-07,28800.0,0.0,-2.4,01646500
2019-03-08,25300.0,3.2,-0.0,01646500
2019-03-09,23200.0,0.9,2.1,01646500
2019-03-10,23800.0,11.0,7.5,01646500
2019-03-11,33800.0,0.0,10.8,01646500
2019-03-12,41300.0,0.0,6.0,01646500
2019-03-13,38100.0,0.0,4.9,01646500
2019-03-14,33200.0,0.0,11.9,01646500
2019-03-15,29100.0,7.1,18.4,01646500
2019-03-16,26600.0,2.5,9.1,01646500
2019-03-17,25300.0,0.0,4.7,01646500
2019-03-18,23100.0,0.8,4.1,01646500
2019-03-19,20500.0,0.0,3.6,01646500
2019-03-20,18500.0,0.0,4.4,01646500
2019-03-21,24800.0,42.9,6.0,01646500
2019-03-22,63400.0,12.6,6.1,01646500
2019-03-23,64700.0,0.0,4.4,01646500
2019-03-24,43900.0,0.0,7.5,01646500
2019-03-25,33000.0,1.4,10.3,01646500
2019-03-26,28100.0,0.8,5.4,01646500
2019-03-27,25400.0,0.0,3.8,01646500
2019-03-28,22900.0,0.0,6.4,01646500
2019-03-29,20800.0,0.0,11.9,01646500
2019-03-30,19300.0,0.0,14.7,01646500
2019-03-31,18400.0,4.7,13.0,01646500
2019-04-01,17100.0,0.0,3.0,01646500
2019-04-02,15600.0,1.3,4.1,01646500
2019-04-03,14800.0,0.7,8.2,01646500
2019-04-04,13800.0,0.0,11.2,01646500
2019-04-05,13200.0,7.4,8.2,01646500
2019-04-06,13200.0,0.2,9.6,01646500
2019-04-07,13300.0,0.0,14.4,01646500
2019-04-08,14200.0,3.3,18.0,01646500
2019-04-09,13800.0,4.6,18.3,01646500
2019-04-10,13400.0,0.0,14.4,01646500
2019-04-11,12900.0,0.2,11.5,01646500
2019-04-12,12600.0,3.8,13.7,01646500
2019-04-13,14000.0,12.4,18.5,01646500
2019-04-14,16500.0,1.7,17.6,01646500
2019-04-15,25000.0,12.0,14.3,01646500
2019-04-16,34600.0,0.0,10.8,01646500
2019-04-17,36100.0,0.0,14.6,01646500
2019-04-18,29100.0,0.0,15.5,01646500
2019-04-19,24600.0,13.7,19.8,01646500
2019-04-20,31400.0,11.9,18.9,01646500
2019-04-21,48500.0,0.1,14.3,01646500
2019-04-22,48300.0,0.1,14.4,01646500
2019-04-23,36700.0,0.0,17.3,01646500
2019-04-24,29000.0,0.0,18.7,01646500
2019-04-25,24500.0,0.3,16.6,01646500
2019-04-26,22000.0,17.7,15.5,01646500
2019-04-27,20400.0,0.1,13.7,01646500
2019-04-28,19100.0,2.7,14.4,01646500
2019-04-29,18800.0,0.0,10.6,01646500
2019-04-30,18600.0,1.2,16.7,01646500
2019-05-01,17100.0,1.1,17.6,01646500
2019-05-02,16300.0,7.8,20.0,01646500
2019-05-03,15300.0,2.8,19.7,01646500
2019-05-04,16300.0,0.1,19.5,01646500
2019-05-05,29900.0,44.1,17.2,01646500
2019-05-06,64000.0,0.3,16.4,01646500
2019-05-07,67400.0,0.3,18.7,01646500
2019-05-08,44700.0,0.3,18.2,01646500
2019-05-09,33200.0,3.0,17.7,01646500
2019-05-10,27000.0,1.6,20.6,01646500
2019-05-11,28700.0,11.6,17.4,01646500
2019-05-12,24900.0,17.9,12.8,01646500
2019-05-13,33800.0,15.9,10.1,01646500
2019-05-14,49800.0,1.5,11.5,01646500
2019-05-15,49500.0,0.0,13.6,01646500
2019-05-16,42700.0,0.4,16.5,01646500
2019-05-17,34400.0,0.3,18.5,01646500
2019-05-18,28100.0,2.0,21.2,01646500
2019-05-19,23300.0,1.4,22.4,01646500
2019-05-20,20200.0,0.3,24.9,01646500
2019-05-21,20900.0,0.0,18.5,01646500
2019-05-22,17700.0,0.0,16.6,01646500
2019-05-23,16000.0,0.7,20.8,01646500
2019-05-24,14900.0,0.0,23.1,01646500
2019-05-25,12900.0,0.0,21.5,01646500
2019-05-26,11800.0,8.9,24.2,01646500
2019-05-27,11800.0,0.5,23.6,01646500
2019-05-28,12800.0,3.1,23.5,01646500
2019-05-29,11600.0,1.1,26.4,01646500
2019-05-30,10900.0,1.0,25.2,01646500
2019-05-31,11100.0,2.4,22.9,01646500
2019-06-01,10600.0,0.1,23.7,01646500
2019-06-02,9920.0,0.0,23.2,01646500
2019-06-03,9880.0,0.0,18.7,01646500
2019-06-04,10200.0,0.0,17.7,01646500
2019-06-05,9360.0,1.3,21.8,01646500
2019-06-06,8510.0,4.8,23.7,01646500
2019-06-07,7790.0,0.9,23.7,01646500
2019-06-08,7230.0,0.0,23.3,01646500
2019-06-09,7120.0,2.5,20.9,01646500
2019-06-10,7120.0,11.6,19.0,01646500
2019-06-11,6990.0,6.2,20.4,01646500
2019-06-12,6810.0,0.0,19.8,01646500
2019-06-13,8460.0,22.6,19.3,01646500
2019-06-14,10600.0,0.3,18.3,01646500
2019-06-15,9820.0,0.0,20.4,01646500
2019-06-16,7740.0,0.0,24.6,01646500
2019-06-17,6900.0,12.4,24.4,01646500
2019-06-18,6730.0,7.2,24.5,01646500
2019-06-19,6360.0,11.0,23.5,01646500
2019-06-20,6420.0,2.9,25.3,01646500
2019-06-21,6220.0,6.4,23.2,01646500
2019-06-22,5880.0,0.0,21.9,01646500
2019-06-23,7010.0,0.0,22.7,01646500
2019-06-24,6220.0,0.0,24.9,01646500
2019-06-25,5960.0,4.2,25.6,01646500
2019-06-26,5720.0,0.0,26.1,01646500
2019-06-27,5840.0,0.1,27.6,01646500
2019-06-28,6570.0,1.1,27.1,01646500
2019-06-29,6220.0,0.8,27.0,01646500
2019-06-30,5970.0,0.2,26.5,01646500
2019-07-01,5580.0,0.0,24.8,01646500
2019-07-02,5510.0,0.1,26.1,01646500
2019-07-03,8650.0,0.1,27.6,01646500
2019-07-04,9820.0,8.0,25.0,01646500
2019-07-05,8580.0,19.8,24.8,01646500
2019-07-06,7050.0,25.4,25.3,01646500
2019-07-07,8970.0,8.2,25.2,01646500
2019-07-08,26400.0,45.9,23.1,01646500
2019-07-09,24800.0,0.0,23.3,01646500
2019-07-10,15300.0,0.0,24.9,01646500
2019-07-11,12300.0,18.3,25.1,01646500
2019-07-12,11100.0,1.6,25.2,01646500
2019-07-13,10100.0,0.0,25.9,01646500
2019-07-14,9690.0,0.0,27.6,01646500
2019-07-15,9120.0,0.0,26.2,01646500
2019-07-16,7710.0,2.0,27.2,01646500
2019-07-17,6540.0,8.5,28.0,01646500
2019-07-18,6330.0,6.1,27.1,01646500
2019-07-19,5760.0,0.6,28.7,01646500
2019-07-20,5500.0,0.0,30.5,01646500
2019-07-21,5470.0,3.1,30.1,01646500
2019-07-22,5600.0,0.2,27.2,01646500
2019-07-23,7090.0,22.1,21.7,01646500
2019-07-24,11300.0,0.1,22.6,01646500
2019-07-25,7640.0,0.9,22.6,01646500
2019-07-26,7250.0,0.0,24.5,01646500
2019-07-27,7150.0,0.0,25.2,01646500
2019-07-28,5980.0,0.0,26.8,01646500
2019-07-29,5020.0,0.7,27.1,01646500
2019-07-30,4540.0,0.0,28.4,01646500
2019-07-31,4120.0,4.7,25.4,01646500
2019-08-01,3980.0,1.2,25.2,01646500
2019-08-02,4070.0,0.0,24.7,01646500
2019-08-03,3830.0,5.0,24.3,01646500
2019-08-04,4680.0,0.1,26.2,01646500
2019-08-05,4360.0,0.0,25.2,01646500
2019-08-06,5110.0,3.7,25.1,01646500
2019-08-07,5850.0,5.3,25.4,01646500
2019-08-08,5570.0,0.0,25.3,01646500
2019-08-09,4080.0,1.7,25.5,01646500
2019-08-10,3650.0,0.0,24.1,01646500
2019-08-11,3250.0,0.0,23.6,01646500
2019-08-12,3030.0,0.0,24.8,01646500
2019-08-13,2880.0,2.6,25.5,01646500
2019-08-14,2880.0,3.7,25.6,01646500
2019-08-15,3190.0,13.4,24.2,01646500
2019-08-16,3980.0,5.8,24.2,01646500
2019-08-17,3560.0,3.3,25.4,01646500
2019-08-18,3400.0,1.8,26.3,01646500
2019-08-19,3420.0,1.5,27.5,01646500
2019-08-20,4140.0,7.3,26.3,01646500
2019-08-21,3900.0,2.2,25.8,01646500
2019-08-22,3510.0,1.7,26.9,01646500
2019-08-23,3440.0,8.5,21.8,01646500
2019-08-24,3580.0,0.0,20.2,01646500
2019-08-25,3690.0,0.0,20.3,01646500
2019-08-26,3430.0,0.0,19.7,01646500
2019-08-27,3060.0,0.5,20.8,01646500
2019-08-28,3380.0,9.1,22.1,01646500
2019-08-29,4020.0,2.3,21.9,01646500
2019-08-30,3390.0,0.0,22.7,01646500
2019-08-31,3010.0,0.0,24.6,01646500
2019-09-01,2660.0,0.7,22.8,01646500
2019-09-02,2550.0,7.1,23.5,01646500
2019-09-03,2520.0,7.0,23.7,01646500
2019-09-04,2570.0,0.0,26.2,01646500
2019-09-05,2810.0,0.1,24.2,01646500
2019-09-06,2850.0,0.2,21.2,01646500
2019-09-07,2540.0,0.0,21.5,01646500
2019-09-08,2350.0,0.0,22.6,01646500
2019-09-09,2190.0,0.4,23.3,01646500
2019-09-10,2080.0,0.0,23.6,01646500
2019-09-11,2030.0,0.2,25.7,01646500
2019-09-12,1980.0,0.1,27.6,01646500
2019-09-13,1940.0,2.7,21.3,01646500
2019-09-14,2010.0,0.3,21.6,01646500
2019-09-15,2050.0,0.5,24.3,01646500
2019-09-16,1910.0,0.0,24.3,01646500
2019-09-17,1790.0,1.5,23.0,01646500
2019-09-18,1890.0,0.0,19.8,01646500
2019-09-19,2080.0,0.0,17.9,01646500
2019-09-20,2180.0,0.0,17.8,01646500
2019-09-21,1810.0,0.0,21.6,01646500
2019-09-22,1740.0,0.6,24.9,01646500
2019-09-23,1610.0,0.0,26.5,01646500
2019-09-24,1640.0,0.3,23.2,01646500
2019-09-25,1650.0,0.0,20.7,01646500
2019-09-26,1660.0,0.4,22.3,01646500
2019-09-27,1610.0,0.0,21.4,01646500
2019-09-28,1570.0,0.4,23.3,01646500
2019-09-29,1550.0,0.0,25.1,01646500
2019-09-30,1510.0,15.5,20.9,01646500
2019-10-01,1730.0,2.2,22.3,01646500
2019-10-02,1690.0,0.0,27.0,01646500
2019-10-03,1850.0,0.1,25.0,01646500
2019-10-04,1930.0,0.0,21.7,01646500
2019-10-05,1660.0,0.0,13.1,01646500
2019-10-06,1660.0,3.9,17.8,01646500
2019-10-07,1640.0,0.4,21.3,01646500
2019-10-08,1670.0,2.7,16.0,01646500
2019-10-09,1800.0,0.6,15.7,01646500
2019-10-10,1960.0,0.0,15.7,01646500
2019-10-11,2030.0,0.0,16.6,01646500
2019-10-12,1930.0,0.0,15.5,01646500
2019-10-13,1940.0,0.2,14.3,01646500
2019-10-14,1850.0,0.0,15.0,01646500
2019-10-15,1920.0,0.0,15.0,01646500
2019-10-16,2400.0,25.0,14.2,01646500
2019-10-17,2750.0,0.0,11.2,01646500
2019-10-18,2280.0,0.0,11.3,01646500
2019-10-19,2200.0,0.0,10.7,01646500
2019-10-20,2750.0,27.1,11.7,01646500
2019-10-21,2860.0,0.6,13.5,01646500
2019-10-22,2480.0,9.2,14.0,01646500
2019-10-23,2720.0,0.0,13.5,01646500
2019-10-24,2540.0,0.0,12.3,01646500
2019-10-25,2910.0,0.0,13.3,01646500
2019-10-26,2920.0,0.1,14.3,01646500
2019-10-27,4000.0,17.4,18.2,01646500
2019-10-28,4970.0,0.0,15.3,01646500
2019-10-29,5370.0,0.0,15.2,01646500
2019-10-30,4260.0,1.3,14.9,01646500
2019-10-31,4680.0,16.0,18.6,01646500
2019-11-01,17500.0,16.0,9.8,01646500
2019-11-02,15900.0,0.0,6.0,01646500
2019-11-03,9630.0,0.0,6.9,01646500
2019-11-04,8920.0,0.0,7.7,01646500
2019-11-05,8050.0,0.0,10.2,01646500
2019-11-06,6230.0,0.0,9.6,01646500
2019-11-07,5170.0,1.9,9.9,01646500
2019-11-08,4490.0,2.8,4.8,01646500
2019-11-09,4040.0,0.0,1.6,01646500
2019-11-10,3690.0,0.0,5.5,01646500
2019-11-11,3410.0,0.0,10.7,01646500
2019-11-12,3340.0,5.7,8.6,01646500
2019-11-13,3150.0,0.0,-1.4,01646500
2019-11-14,3030.0,0.0,0.1,01646500
2019-11-15,2920.0,0.0,3.5,01646500
2019-11-16,2890.0,0.0,3.5,01646500
2019-11-17,2740.0,0.0,2.9,01646500
2019-11-18,2570.0,0.3,5.0,01646500
2019-11-19,2640.0,3.7,7.0,01646500
2019-11-20,2630.0,0.0,8.1,01646500
2019-11-21,2540.0,0.0,6.7,01646500
2019-11-22,2560.0,6.4,8.8,01646500
2019-11-23,2580.0,1.4,3.9,01646500
2019-11-24,4100.0,23.2,5.8,01646500
2019-11-25,3480.0,0.0,6.5,01646500
2019-11-26,3920.0,0.0,7.8,01646500
2019-11-27,3470.0,1.4,10.3,01646500
2019-11-28,3200.0,0.0,8.0,01646500
2019-11-29,3030.0,0.0,4.9,01646500
2019-11-30,2900.0,0.0,4.2,01646500
2019-12-01,2910.0,14.6,4.7,01646500
2019-12-02,3110.0,2.7,4.1,01646500
2019-12-03,3790.0,0.6,4.2,01646500
2019-12-04,3840.0,0.3,3.7,01646500
2019-12-05,3670.0,0.2,4.2,01646500
2019-12-06,3470.0,0.0,4.8,01646500
2019-12-07,3410.0,0.0,4.1,01646500
2019-12-08,3150.0,0.0,1.4,01646500
2019-12-09,3100.0,13.6,5.9,01646500
2019-12-10,4010.0,10.8,11.4,01646500
2019-12-11,4650.0,7.8,2.3,01646500
2019-12-12,4760.0,0.0,-0.9,01646500
2019-12-13,4430.0,6.1,1.7,01646500
2019-12-14,4790.0,14.2,6.8,01646500
2019-12-15,6150.0,0.1,6.0,01646500
2019-12-16,7680.0,11.3,2.0,01646500
2019-12-17,8660.0,9.8,2.7,01646500
2019-12-18,15200.0,0.0,1.4,01646500
2019-12-19,16300.0,0.0,-3.4,01646500
2019-12-20,16700.0,0.0,-1.2,01646500
2019-12-21,13100.0,0.0,-1.3,01646500
2019-12-22,10300.0,0.0,0.6,01646500
2019-12-23,8760.0,0.0,2.9,01646500
2019-12-24,7720.0,0.0,4.2,01646500
2019-12-25,6990.0,0.0,2.1,01646500
2019-12-26,6510.0,0.0,2.8,01646500
2019-12-27,6000.0,0.0,6.7,01646500
2019-12-28,5720.0,0.0,9.5,01646500
2019-12-29,5570.0,10.8,8.2,01646500
2019-12-30,6180.0,7.2,14.0,01646500
2019-12-31,7930.0,0.7,7.5,01646500
2020-01-01,7610.0,0.0,5.3,01646500
2020-01-02,6730.0,0.0,3.1,01646500
2020-01-03,6350.0,6.9,9.4,01646500
2020-01-04,6390.0,10.5,10.5,01646500
2020-01-05,6900.0,1.7,4.3,01646500
2020-01-06,6450.0,0.0,3.5,01646500
2020-01-07,6190.0,9.9,1.8,01646500
2020-01-08,6130.0,0.8,1.2,01646500
2020-01-09,5870.0,0.0,-1.4,01646500
2020-01-10,5600.0,0.0,4.4,01646500
2020-01-11,5320.0,0.0,14.6,01646500
2020-01-12,5780.0,3.8,17.0,01646500
2020-01-13,10100.0,0.0,8.0,01646500
2020-01-14,10900.0,4.3,6.4,01646500
2020-01-15,13400.0,0.0,7.8,01646500
2020-01-16,13000.0,0.0,9.1,01646500
2020-01-17,11700.0,0.0,0.3,01646500
2020-01-18,10400.0,5.9,-1.6,01646500
2020-01-19,9780.0,0.6,3.5,01646500
2020-01-20,9140.0,0.0,-2.9,01646500
2020-01-21,8650.0,0.0,-3.2,01646500
2020-01-22,8630.0,0.0,-2.1,01646500
2020-01-23,8030.0,0.0,-0.0,01646500
2020-01-24,7470.0,0.0,2.9,01646500
2020-01-25,15000.0,31.5,7.7,01646500
2020-01-26,30400.0,0.0,4.4,01646500
2020-01-27,44300.0,0.0,3.8,01646500
2020-01-28,36000.0,0.0,3.8,01646500
2020-01-29,26300.0,0.1,3.7,01646500
2020-01-30,20500.0,0.0,0.1,01646500
2020-01-31,16700.0,0.3,1.6,01646500
2020-02-01,14100.0,0.2,2.8,01646500
2020-02-02,12200.0,2.2,4.6,01646500
2020-02-03,11100.0,0.0,10.9,01646500
2020-02-04,10300.0,0.9,13.8,01646500
2020-02-05,9540.0,3.2,7.9,01646500
2020-02-06,9610.0,28.4,4.2,01646500
2020-02-07,13200.0,20.9,7.2,01646500
2020-02-08,20600.0,0.0,2.0,01646500
2020-02-09,26300.0,0.0,2.7,01646500
2020-02-10,29700.0,12.7,5.7,01646500
2020-02-11,25000.0,15.0,9.9,01646500
2020-02-12,21300.0,0.6,6.7,01646500
2020-02-13,19200.0,10.6,7.4,01646500
2020-02-14,19400.0,0.1,2.7,01646500
2020-02-15,18700.0,0.0,-3.3,01646500
2020-02-16,18000.0,0.0,1.5,01646500
2020-02-17,16500.0,0.0,5.3,01646500
2020-02-18,14900.0,0.0,6.5,01646500
2020-02-19,13500.0,0.8,7.5,01646500
2020-02-20,12200.0,0.0,1.7,01646500
2020-02-21,11200.0,0.0,-1.5,01646500
2020-02-22,10300.0,0.0,1.1,01646500
2020-02-23,9480.0,0.0,4.7,01646500
2020-02-24,8670.0,0.0,6.3,01646500
2020-02-25,8110.0,5.3,8.3,01646500
2020-02-26,7830.0,0.9,9.3,01646500
2020-02-27,10100.0,11.0,3.9,01646500
2020-02-28,10400.0,0.2,1.3,01646500
2020-02-29,9620.0,0.0,-0.1,01646500
2020-03-01,9420.0,0.0,1.0,01646500
2020-03-02,8690.0,0.0,7.6,01646500
2020-03-03,8240.0,3.9,10.5,01646500
2020-03-04,7970.0,0.1,10.9,01646500
2020-03-05,8030.0,0.0,8.2,01646500
2020-03-06,7930.0,0.4,4.9,01646500
2020-03-07,7970.0,0.5,5.0,01646500
2020-03-08,7950.0,0.0,6.1,01646500
2020-03-09,7530.0,0.0,11.7,01646500
2020-03-10,7180.0,1.3,14.9,01646500
2020-03-11,6850.0,2.7,9.5,01646500
2020-03-12,6680.0,0.3,10.3,01646500
2020-03-13,6760.0,4.1,13.5,01646500
2020-03-14,6680.0,0.0,10.4,01646500
2020-03-15,6770.0,8.0,6.0,01646500
2020-03-16,6800.0,0.0,6.0,01646500
2020-03-17,6600.0,1.3,8.5,01646500
2020-03-18,6670.0,0.0,9.0,01646500
2020-03-19,7610.0,10.5,13.0,01646500
2020-03-20,8300.0,0.9,18.5,01646500
2020-03-21,9850.0,1.7,13.0,01646500
2020-03-22,11400.0,0.0,6.6,01646500
2020-03-23,11000.0,10.2,5.3,01646500
2020-03-24,10100.0,0.0,7.8,01646500
2020-03-25,9600.0,11.2,6.9,01646500
2020-03-26,9590.0,0.0,8.5,01646500
2020-03-27,10400.0,0.0,13.0,01646500
2020-03-28,12900.0,11.5,13.1,01646500
2020-03-29,14500.0,0.1,12.5,01646500
2020-03-30,16400.0,0.0,14.7,01646500
2020-03-31,16900.0,0.6,10.0,01646500
2020-04-01,15100.0,4.1,6.8,01646500
2020-04-02,13600.0,0.5,8.4,01646500
2020-04-03,12600.0,0.0,11.2,01646500
2020-04-04,11800.0,0.2,10.6,01646500
2020-04-05,10900.0,0.1,12.6,01646500
2020-04-06,9950.0,0.0,14.5,01646500
2020-04-07,9170.0,1.0,13.8,01646500
2020-04-08,8800.0,4.7,17.0,01646500
2020-04-09,8660.0,0.6,14.3,01646500
2020-04-10,8720.0,0.3,7.3,01646500
2020-04-11,9810.0,0.0,8.2,01646500
2020-04-12,12300.0,0.0,11.4,01646500
2020-04-13,19300.0,50.0,17.0,01646500
2020-04-14,21600.0,0.0,11.0,01646500
2020-04-15,26600.0,10.7,6.7,01646500
2020-04-16,32900.0,0.0,6.5,01646500
2020-04-17,27600.0,0.0,6.7,01646500
2020-04-18,22500.0,3.2,8.9,01646500
2020-04-19,19000.0,0.0,8.6,01646500
2020-04-20,17300.0,0.0,11.7,01646500
2020-04-21,16000.0,0.7,12.0,01646500
2020-04-22,14500.0,0.0,7.6,01646500
2020-04-23,13100.0,3.3,10.3,01646500
2020-04-24,13100.0,17.1,11.6,01646500
2020-04-25,12400.0,0.2,11.2,01646500
2020-04-26,13200.0,8.7,10.9,01646500
2020-04-27,15400.0,5.6,9.3,01646500
2020-04-28,19100.0,1.4,8.9,01646500
2020-04-29,27700.0,0.1,13.2,01646500
2020-04-30,30000.0,40.7,15.6,01646500
2020-05-01,53500.0,4.5,13.1,01646500
2020-05-02,81800.0,0.0,14.1,01646500
2020-05-03,55900.0,3.1,17.7,01646500
2020-05-04,41500.0,17.2,17.5,01646500
2020-05-05,33800.0,0.8,11.3,01646500
2020-05-06,33500.0,10.9,10.3,01646500
2020-05-07,30300.0,1.2,10.5,01646500
2020-05-08,26000.0,3.3,12.3,01646500
2020-05-09,23000.0,7.3,5.1,01646500
2020-05-10,21400.0,0.0,8.2,01646500
2020-05-11,19100.0,0.4,11.0,01646500
2020-05-12,16900.0,0.0,8.5,01646500
2020-05-13,14900.0,0.0,12.2,01646500
2020-05-14,13700.0,0.0,14.3,01646500
2020-05-15,12600.0,0.5,21.3,01646500
2020-05-16,11500.0,0.9,22.0,01646500
2020-05-17,10600.0,4.4,17.1,01646500
2020-05-18,9840.0,0.5,15.5,01646500
2020-05-19,8880.0,0.0,15.8,01646500
2020-05-20,8460.0,0.0,13.1,01646500
2020-05-21,8090.0,0.1,13.5,01646500
2020-05-22,8050.0,15.3,16.9,01646500
2020-05-23,8750.0,11.4,20.1,01646500
2020-05-24,9880.0,0.0,17.9,01646500
2020-05-25,12600.0,0.0,18.1,01646500
2020-05-26,15200.0,0.0,19.7,01646500
2020-05-27,13100.0,0.6,20.1,01646500
2020-05-28,11700.0,10.2,22.0,01646500
2020-05-29,10500.0,4.9,23.9,01646500
2020-05-30,10000.0,0.7,22.6,01646500
2020-05-31,10500.0,0.0,18.8,01646500
2020-06-01,11000.0,0.0,16.7,01646500
2020-06-02,10200.0,0.0,18.6,01646500
2020-06-03,8930.0,0.0,25.5,01646500
2020-06-04,7790.0,0.1,26.9,01646500
2020-06-05,9800.0,7.6,24.1,01646500
2020-06-06,12900.0,2.1,24.8,01646500
2020-06-07,13800.0,0.0,23.0,01646500
2020-06-08,12500.0,0.0,21.2,01646500
2020-06-09,12200.0,0.0,24.1,01646500
2020-06-10,9750.0,0.1,27.6,01646500
2020-06-11,11700.0,18.6,25.3,01646500
2020-06-12,8780.0,0.0,25.0,01646500
2020-06-13,8060.0,0.0,21.9,01646500
2020-06-14,7300.0,1.0,19.7,01646500
2020-06-15,6100.0,0.0,19.9,01646500
2020-06-16,5380.0,0.2,19.9,01646500
2020-06-17,5110.0,9.7,18.8,01646500
2020-06-18,5370.0,9.8,21.1,01646500
2020-06-19,5220.0,5.7,21.3,01646500
2020-06-20,5990.0,18.0,21.0,01646500
2020-06-21,10400.0,7.3,22.1,01646500
2020-06-22,18100.0,6.3,23.8,01646500
2020-06-23,17100.0,9.1,23.3,01646500
2020-06-24,16200.0,5.8,24.0,01646500
2020-06-25,13200.0,0.9,22.7,01646500
2020-06-26,11300.0,0.0,23.8,01646500
2020-06-27,8960.0,1.3,25.5,01646500
2020-06-28,7580.0,2.7,24.8,01646500
2020-06-29,6260.0,0.0,26.2,01646500
2020-06-30,5440.0,0.0,25.8,01646500
2020-07-01,5010.0,2.8,24.1,01646500
2020-07-02,4740.0,0.0,25.1,01646500
2020-07-03,4250.0,0.0,28.3,01646500
2020-07-04,3920.0,1.8,27.6,01646500
2020-07-05,3590.0,0.6,26.7,01646500
2020-07-06,3760.0,34.2,24.7,01646500
2020-07-07,4640.0,24.1,24.9,01646500
2020-07-08,3710.0,1.5,26.3,01646500
2020-07-09,3220.0,0.0,26.4,01646500
2020-07-10,3150.0,0.3,26.4,01646500
2020-07-11,3150.0,1.8,27.2,01646500
2020-07-12,3240.0,0.2,26.6,01646500
2020-07-13,3090.0,0.9,25.3,01646500
2020-07-14,2840.0,0.0,26.1,01646500
2020-07-15,2840.0,0.0,26.0,01646500
2020-07-16,2830.0,0.0,26.5,01646500
2020-07-17,2720.0,4.1,27.5,01646500
2020-07-18,2360.0,0.0,29.8,01646500
2020-07-19,2290.0,0.5,29.5,01646500
2020-07-20,2410.0,0.1,31.0,01646500
2020-07-21,2690.0,0.8,29.3,01646500
2020-07-22,3370.0,10.9,26.9,01646500
2020-07-23,3630.0,0.6,25.7,01646500
2020-07-24,3940.0,25.8,24.7,01646500
2020-07-25,4100.0,3.6,25.2,01646500
2020-07-26,3830.0,2.7,27.6,01646500
2020-07-27,4160.0,0.0,28.8,01646500
2020-07-28,4100.0,2.3,28.3,01646500
2020-07-29,3540.0,0.0,27.5,01646500
2020-07-30,2850.0,0.0,28.6,01646500
2020-07-31,3070.0,37.1,23.3,01646500
2020-08-01,2860.0,5.3,24.9,01646500
2020-08-02,2440.0,1.2,27.0,01646500
2020-08-03,2530.0,3.6,25.9,01646500
2020-08-04,7970.0,75.8,23.9,01646500
2020-08-05,6580.0,0.3,24.3,01646500
2020-08-06,6080.0,29.0,23.7,01646500
2020-08-07,8810.0,18.1,23.4,01646500
2020-08-08,6520.0,18.1,23.2,01646500
2020-08-09,6020.0,0.7,24.9,01646500
2020-08-10,5730.0,1.6,26.3,01646500
2020-08-11,5060.0,0.5,26.5,01646500
2020-08-12,6970.0,15.5,25.3,01646500
2020-08-13,9390.0,125.6,23.0,01646500
2020-08-14,5430.0,21.2,23.5,01646500
2020-08-15,4440.0,4.9,22.6,01646500
2020-08-16,6360.0,31.2,20.3,01646500
2020-08-17,6240.0,2.9,21.2,01646500
2020-08-18,8460.0,0.0,22.8,01646500
2020-08-19,10900.0,2.9,22.2,01646500
2020-08-20,9980.0,0.7,21.7,01646500
2020-08-21,7670.0,0.0,22.6,01646500
2020-08-22,6780.0,24.0,23.0,01646500
2020-08-23,5960.0,4.3,23.9,01646500
2020-08-24,4810.0,22.0,24.4,01646500
2020-08-25,4660.0,0.4,25.9,01646500
2020-08-26,5620.0,0.0,24.5,01646500
2020-08-27,5070.0,0.1,26.4,01646500
2020-08-28,4840.0,0.0,27.3,01646500
2020-08-29,5690.0,59.9,24.3,01646500
2020-08-30,4890.0,0.0,22.9,01646500
2020-08-31,4630.0,17.9,20.4,01646500
2020-09-01,5510.0,7.1,21.1,01646500
2020-09-02,5890.0,18.3,24.4,01646500
2020-09-03,10300.0,2.3,25.7,01646500
2020-09-04,12800.0,17.2,24.8,01646500
2020-09-05,9770.0,0.0,21.0,01646500
2020-09-06,7770.0,0.0,20.8,01646500
2020-09-07,6640.0,0.0,21.5,01646500
2020-09-08,5620.0,0.0,22.2,01646500
2020-09-09,4770.0,4.6,22.4,01646500
2020-09-10,5880.0,67.2,22.9,01646500
2020-09-11,5030.0,4.2,23.3,01646500
2020-09-12,5960.0,3.8,21.0,01646500
2020-09-13,4650.0,0.0,20.2,01646500
2020-09-14,3960.0,0.0,22.4,01646500
2020-09-15,3500.0,0.0,16.1,01646500
2020-09-16,3300.0,0.0,15.5,01646500
2020-09-17,2970.0,1.5,18.3,01646500
2020-09-18,2870.0,10.0,19.4,01646500
2020-09-19,2760.0,0.0,13.7,01646500
2020-09-20,2570.0,0.0,12.7,01646500
2020-09-21,2410.0,0.0,12.4,01646500
2020-09-22,2420.0,0.0,13.2,01646500
2020-09-23,2470.0,0.0,17.3,01646500
2020-09-24,2420.0,0.0,18.1,01646500
2020-09-25,2520.0,0.1,16.9,01646500
2020-09-26,2480.0,22.9,18.2,01646500
2020-09-27,2380.0,0.8,19.6,01646500
2020-09-28,2260.0,0.7,21.3,01646500
2020-09-29,2300.0,4.2,20.7,01646500
2020-09-30,2550.0,16.8,15.5,01646500
2020-10-01,3060.0,0.1,16.6,01646500
2020-10-02,3420.0,5.8,15.1,01646500
2020-10-03,3480.0,0.0,12.3,01646500
2020-10-04,3770.0,0.0,12.4,01646500
2020-10-05,3790.0,1.9,14.3,01646500
2020-10-06,3330.0,0.0,14.3,01646500
2020-10-07,3060.0,0.0,18.0,01646500
2020-10-08,2710.0,0.0,17.1,01646500
2020-10-09,2490.0,0.0,14.5,01646500
2020-10-10,2370.0,0.0,16.9,01646500
2020-10-11,2310.0,3.6,18.3,01646500
2020-10-12,3010.0,37.3,16.0,01646500
2020-10-13,3600.0,1.0,15.1,01646500
2020-10-14,3910.0,0.0,14.9,01646500
2020-10-15,4020.0,0.0,16.8,01646500
2020-10-16,3810.0,4.5,15.1,01646500
2020-10-17,3640.0,0.0,10.4,01646500
2020-10-18,3340.0,0.0,10.6,01646500
2020-10-19,3000.0,0.1,15.0,01646500
2020-10-20,2880.0,0.0,16.6,01646500
2020-10-21,2810.0,0.5,18.5,01646500
2020-10-22,2570.0,0.0,19.7,01646500
2020-10-23,2480.0,0.1,18.5,01646500
2020-10-24,2430.0,0.1,17.9,01646500
2020-10-25,2410.0,9.2,10.0,01646500
2020-10-26,2340.0,1.0,11.7,01646500
2020-10-27,2330.0,1.0,14.1,01646500
2020-10-28,2390.0,0.1,17.0,01646500
2020-10-29,4330.0,57.6,15.1,01646500
2020-10-30,5380.0,4.9,10.1,01646500
2020-10-31,4660.0,0.1,7.4,01646500
2020-11-01,6890.0,9.3,9.2,01646500
2020-11-02,9710.0,0.0,5.5,01646500
2020-11-03,7710.0,0.0,8.3,01646500
2020-11-04,6300.0,0.0,10.4,01646500
2020-11-05,5450.0,0.0,12.4,01646500
2020-11-06,4860.0,0.0,13.7,01646500
2020-11-07,4400.0,0.0,14.0,01646500
2020-11-08,4030.0,0.0,14.9,01646500
2020-11-09,3700.0,0.0,15.7,01646500
2020-11-10,3580.0,0.0,16.6,01646500
2020-11-11,3880.0,43.9,18.2,01646500
2020-11-12,7940.0,67.8,15.7,01646500
2020-11-13,7190.0,0.3,10.7,01646500
2020-11-14,9800.0,0.0,8.9,01646500
2020-11-15,17100.0,1.9,11.0,01646500
2020-11-16,13200.0,6.2,10.9,01646500
2020-11-17,10400.0,0.2,7.1,01646500
2020-11-18,8660.0,0.0,2.8,01646500
2020-11-19,7230.0,0.0,3.3,01646500
2020-11-20,6330.0,0.0,8.9,01646500
2020-11-21,5640.0,0.0,12.7,01646500
2020-11-22,5130.0,0.0,11.4,01646500
2020-11-23,4670.0,1.8,10.7,01646500
2020-11-24,4570.0,0.0,5.4,01646500
2020-11-25,4370.0,0.0,7.7,01646500
2020-11-26,4230.0,1.7,14.1,01646500
2020-11-27,4100.0,0.2,11.7,01646500
2020-11-28,3980.0,0.0,10.3,01646500
2020-11-29,3790.0,0.0,6.9,01646500
2020-11-30,5760.0,31.1,11.4,01646500
2020-12-01,8490.0,2.2,6.4,01646500
2020-12-02,8140.0,0.0,3.7,01646500
2020-12-03,11900.0,0.0,4.2,01646500
2020-12-04,12600.0,2.6,7.2,01646500
2020-12-05,14200.0,27.9,7.2,01646500
2020-12-06,12200.0,0.0,3.6,01646500
2020-12-07,11000.0,0.0,0.6,01646500
2020-12-08,11100.0,0.0,1.6,01646500
2020-12-09,10200.0,0.0,0.9,01646500
2020-12-10,9120.0,0.0,4.0,01646500
2020-12-11,8340.0,0.0,6.6,01646500
2020-12-12,7540.0,0.0,9.9,01646500
2020-12-13,6720.0,0.0,11.8,01646500
2020-12-14,8400.0,29.5,4.7,01646500
2020-12-15,10400.0,0.0,1.7,01646500
2020-12-16,10500.0,20.1,-0.9,01646500
2020-12-17,16800.0,10.5,-0.7,01646500
2020-12-18,14400.0,0.1,-0.2,01646500
2020-12-19,12300.0,0.0,-1.4,01646500
2020-12-20,10900.0,0.4,1.4,01646500
2020-12-21,10300.0,0.0,4.0,01646500
2020-12-22,10200.0,1.3,5.0,01646500
2020-12-23,11400.0,0.0,3.2,01646500
2020-12-24,16400.0,18.5,9.1,01646500
2020-12-25,52600.0,24.0,4.1,01646500
2020-12-26,76800.0,0.0,-3.6,01646500
2020-12-27,63400.0,0.0,-1.0,01646500
2020-12-28,40300.0,0.0,4.1,01646500
2020-12-29,29200.0,0.0,3.1,01646500
2020-12-30,23200.0,0.0,0.7,01646500
2020-12-31,19400.0,0.8,6.9,01646500
2021-01-01,16900.0,6.4,1.4,01646500
2021-01-02,23400.0,13.1,6.1,01646500
2021-01-03,25700.0,7.3,3.9,01646500
2021-01-04,31900.0,0.0,3.5,01646500
2021-01-05,31500.0,2.2,3.4,01646500
2021-01-06,26900.0,0.0,3.2,01646500
2021-01-07,22800.0,0.0,2.6,01646500
2021-01-08,19500.0,0.0,0.0,01646500
2021-01-09,17100.0,0.0,0.6,01646500
2021-01-10,15100.0,0.0,2.4,01646500
2021-01-11,13500.0,0.0,0.8,01646500
2021-01-12,12300.0,0.0,1.5,01646500
2021-01-13,11300.0,0.0,2.2,01646500
2021-01-14,10500.0,0.0,3.8,01646500
2021-01-15,9760.0,0.8,4.2,01646500
2021-01-16,9290.0,3.2,4.3,01646500
2021-01-17,8880.0,0.0,2.7,01646500
2021-01-18,8510.0,0.0,3.1,01646500
2021-01-19,8190.0,0.0,2.0,01646500
2021-01-20,7780.0,1.8,1.7,01646500
2021-01-21,7290.0,0.0,1.1,01646500
2021-01-22,6810.0,0.0,3.4,01646500
2021-01-23,6500.0,0.0,-0.4,01646500
2021-01-24,6160.0,0.0,-2.6,01646500
2021-01-25,5930.0,0.5,0.8,01646500
2021-01-26,5820.0,7.3,0.6,01646500
2021-01-27,5830.0,0.0,3.2,01646500
2021-01-28,5740.0,0.4,-0.5,01646500
2021-01-29,5850.0,0.0,-3.2,01646500
2021-01-30,5980.0,0.0,-2.5,01646500
2021-01-31,6220.0,9.9,-1.5,01646500
2021-02-01,6420.0,9.2,-1.9,01646500
2021-02-02,6370.0,2.7,-0.1,01646500
2021-02-03,6280.0,0.1,0.2,01646500
2021-02-04,6350.0,0.0,0.5,01646500
2021-02-05,6360.0,1.0,5.7,01646500
2021-02-06,6500.0,0.0,3.3,01646500
2021-02-07,6920.0,9.6,2.9,01646500
2021-02-08,7620.0,0.0,-2.2,01646500
2021-02-09,7520.0,0.0,1.9,01646500
2021-02-10,7550.0,0.5,2.1,01646500
2021-02-11,8110.0,9.1,0.7,01646500
2021-02-12,7970.0,0.6,-1.8,01646500
2021-02-13,7860.0,5.8,-2.0,01646500
2021-02-14,7930.0,0.8,0.0,01646500
2021-02-15,8160.0,0.6,1.4,01646500
2021-02-16,12100.0,17.7,2.9,01646500
2021-02-17,13400.0,0.0,-2.2,01646500
2021-02-18,17600.0,17.5,-2.5,01646500
2021-02-19,20500.0,4.1,-1.2,01646500
2021-02-20,19000.0,0.0,-2.4,01646500
2021-02-21,16200.0,0.0,-3.5,01646500
2021-02-22,14700.0,8.0,-0.3,01646500
2021-02-23,14200.0,0.5,4.9,01646500
2021-02-24,14700.0,0.0,7.3,01646500
2021-02-25,19000.0,0.0,8.7,01646500
2021-02-26,30900.0,0.0,4.7,01646500
2021-02-27,36700.0,11.4,5.2,01646500
2021-02-28,35800.0,21.9,6.8,01646500
2021-03-01,50300.0,15.0,7.3,01646500
2021-03-02,89700.0,0.0,2.0,01646500
2021-03-03,81000.0,0.0,4.0,01646500
2021-03-04,54900.0,0.0,6.7,01646500
2021-03-05,40600.0,0.0,0.3,01646500
2021-03-06,32000.0,0.0,1.4,01646500
2021-03-07,26300.0,0.0,0.6,01646500
2021-03-08,22200.0,0.0,1.9,01646500
2021-03-09,19300.0,0.0,8.9,01646500
2021-03-10,17000.0,0.0,11.3,01646500
2021-03-11,15400.0,0.0,14.5,01646500
2021-03-12,14000.0,0.2,15.1,01646500
2021-03-13,12900.0,0.0,10.2,01646500
2021-03-14,12200.0,0.0,8.6,01646500
2021-03-15,11300.0,0.0,3.5,01646500
2021-03-16,10700.0,0.3,4.5,01646500
2021-03-17,10200.0,0.0,7.0,01646500
2021-03-18,10100.0,17.6,8.8,01646500
2021-03-19,10900.0,4.8,6.4,01646500
2021-03-20,11900.0,0.0,4.5,01646500
2021-03-21,12100.0,0.0,6.9,01646500
2021-03-22,11700.0,0.0,8.2,01646500
2021-03-23,11000.0,0.0,10.4,01646500
2021-03-24,11300.0,22.3,12.1,01646500
2021-03-25,10900.0,1.1,13.0,01646500
2021-03-26,10600.0,1.5,19.2,01646500
2021-03-27,9870.0,0.0,14.9,01646500
2021-03-28,9790.0,11.8,14.2,01646500
2021-03-29,9610.0,0.0,9.2,01646500
2021-03-30,9860.0,0.0,11.0,01646500
2021-03-31,10400.0,21.5,13.9,01646500
2021-04-01,12500.0,9.7,8.2,01646500
2021-04-02,13200.0,0.0,1.8,01646500
2021-04-03,15600.0,0.0,3.8,01646500
2021-04-04,15900.0,0.0,10.3,01646500
2021-04-05,14300.0,0.0,12.9,01646500
2021-04-06,12900.0,0.0,15.5,01646500
2021-04-07,11900.0,0.2,16.6,01646500
2021-04-08,11000.0,0.1,15.4,01646500
2021-04-09,11100.0,9.5,12.9,01646500
2021-04-10,10900.0,3.1,14.3,01646500
2021-04-11,10900.0,18.3,18.1,01646500
2021-04-12,18900.0,7.5,14.1,01646500
2021-04-13,44800.0,2.0,12.2,01646500
2021-04-14,37900.0,7.0,12.4,01646500
2021-04-15,28700.0,5.0,13.3,01646500
2021-04-16,23600.0,0.3,9.0,01646500
2021-04-17,20600.0,0.0,9.7,01646500
2021-04-18,18700.0,0.0,10.7,01646500
2021-04-19,16600.0,1.0,11.4,01646500
2021-04-20,15400.0,0.0,14.2,01646500
2021-04-21,13800.0,2.3,13.8,01646500
2021-04-22,11900.0,0.0,5.8,01646500
2021-04-23,10900.0,0.0,9.2,01646500
2021-04-24,10000.0,0.9,11.3,01646500
2021-04-25,10400.0,17.3,12.1,01646500
2021-04-26,9970.0,0.0,11.6,01646500
2021-04-27,9800.0,0.0,16.8,01646500
2021-04-28,10500.0,0.0,23.5,01646500
2021-04-29,10200.0,1.3,22.7,01646500
2021-04-30,9500.0,5.9,17.6,01646500
2021-05-01,8790.0,0.0,12.2,01646500
2021-05-02,8390.0,0.0,19.1,01646500
2021-05-03,8020.0,3.6,20.0,01646500
2021-05-04,9040.0,5.3,22.6,01646500
2021-05-05,11100.0,15.1,19.6,01646500
2021-05-06,11300.0,0.0,13.0,01646500
2021-05-07,15600.0,10.1,12.0,01646500
2021-05-08,15400.0,3.3,9.8,01646500
2021-05-09,13800.0,0.3,11.6,01646500
2021-05-10,12400.0,0.0,15.8,01646500
2021-05-11,10600.0,0.0,13.4,01646500
2021-05-12,9650.0,0.0,12.3,01646500
2021-05-13,8940.0,0.0,13.9,01646500
2021-05-14,8230.0,0.1,15.0,01646500
2021-05-15,7650.0,0.0,16.7,01646500
2021-05-16,7110.0,0.5,16.3,01646500
2021-05-17,6640.0,0.1,15.9,01646500
2021-05-18,6240.0,0.0,18.8,01646500
2021-05-19,6070.0,0.0,21.2,01646500
2021-05-20,5850.0,0.0,23.7,01646500
2021-05-21,5310.0,0.0,21.2,01646500
2021-05-22,4960.0,0.0,23.8,01646500
2021-05-23,4620.0,0.0,26.8,01646500
2021-05-24,4430.0,4.3,21.1,01646500
2021-05-25,4650.0,1.4,17.6,01646500
2021-05-26,4560.0,3.4,23.3,01646500
2021-05-27,4950.0,0.3,23.9,01646500
2021-05-28,5110.0,12.4,20.6,01646500
2021-05-29,5880.0,28.7,12.6,01646500
2021-05-30,6030.0,7.4,10.2,01646500
2021-05-31,6010.0,0.0,14.3,01646500
2021-06-01,6190.0,0.0,18.3,01646500
2021-06-02,6140.0,0.5,20.1,01646500
2021-06-03,5580.0,12.4,21.0,01646500
2021-06-04,5700.0,11.5,22.4,01646500
2021-06-05,5450.0,0.0,24.6,01646500
2021-06-06,5070.0,0.0,26.3,01646500
2021-06-07,4460.0,0.0,27.1,01646500
2021-06-08,4120.0,6.8,25.4,01646500
2021-06-09,4000.0,14.6,24.9,01646500
2021-06-10,3810.0,16.8,24.6,01646500
2021-06-11,5810.0,100.5,19.9,01646500
2021-06-12,14200.0,3.8,19.3,01646500
2021-06-13,13500.0,0.3,21.9,01646500
2021-06-14,14300.0,2.2,23.5,01646500
2021-06-15,13500.0,6.0,22.0,01646500
2021-06-16,10700.0,0.0,20.5,01646500
2021-06-17,10000.0,0.0,19.5,01646500
2021-06-18,9210.0,0.0,21.7,01646500
2021-06-19,8430.0,1.7,25.1,01646500
2021-06-20,7030.0,0.5,26.0,01646500
2021-06-21,6060.0,1.5,26.6,01646500
2021-06-22,6100.0,15.1,21.2,01646500
2021-06-23,6060.0,0.0,17.8,01646500
2021-06-24,5850.0,0.0,19.2,01646500
2021-06-25,5300.0,0.1,20.0,01646500
2021-06-26,4840.0,1.9,23.4,01646500
2021-06-27,4370.0,0.1,26.2,01646500
2021-06-28,3940.0,0.0,27.4,01646500
2021-06-29,3500.0,0.0,28.3,01646500
2021-06-30,3290.0,0.0,29.4,01646500
2021-07-01,3510.0,23.0,24.8,01646500
2021-07-02,4610.0,29.7,22.5,01646500
2021-07-03,4080.0,0.6,20.5,01646500
2021-07-04,3830.0,0.0,21.7,01646500
2021-07-05,3550.0,0.0,24.3,01646500
2021-07-06,3330.0,0.1,26.9,01646500
2021-07-07,3160.0,0.3,28.2,01646500
2021-07-08,3440.0,1.3,25.6,01646500
2021-07-09,3730.0,17.7,23.7,01646500
2021-07-10,3540.0,0.3,23.9,01646500
2021-07-11,3040.0,0.7,24.9,01646500
2021-07-12,2890.0,5.3,26.6,01646500
2021-07-13,2830.0,13.6,27.4,01646500
2021-07-14,3570.0,1.1,27.5,01646500
2021-07-15,3920.0,0.0,26.8,01646500
2021-07-16,3190.0,2.8,28.1,01646500
2021-07-17,3180.0,9.7,27.5,01646500
2021-07-18,3340.0,1.7,25.1,01646500
2021-07-19,2950.0,0.2,24.8,01646500
2021-07-20,3210.0,0.0,26.5,01646500
2021-07-21,3240.0,3.9,25.5,01646500
2021-07-22,2740.0,0.3,23.8,01646500
2021-07-23,2480.0,0.0,23.3,01646500
2021-07-24,2420.0,0.0,23.9,01646500
2021-07-25,2200.0,0.4,26.7,01646500
2021-07-26,1990.0,2.8,26.6,01646500
2021-07-27,1910.0,0.0,27.4,01646500
2021-07-28,2130.0,0.0,27.2,01646500
2021-07-29,1970.0,0.8,25.7,01646500
2021-07-30,1920.0,0.3,27.0,01646500
2021-07-31,1780.0,0.0,23.3,01646500
2021-08-01,1850.0,5.8,23.1,01646500
2021-08-02,1930.0,2.3,22.3,01646500
2021-08-03,1860.0,0.0,21.7,01646500
2021-08-04,1660.0,0.0,22.0,01646500
2021-08-05,1540.0,0.0,22.9,01646500
2021-08-06,1440.0,0.0,25.2,01646500
2021-08-07,1420.0,4.6,22.5,01646500
2021-08-08,1470.0,0.1,24.2,01646500
2021-08-09,1470.0,4.3,25.1,01646500
2021-08-10,1410.0,1.2,26.5,01646500
2021-08-11,1950.0,4.2,26.7,01646500
2021-08-12,1810.0,4.7,27.7,01646500
2021-08-13,1920.0,0.0,29.3,01646500
2021-08-14,2410.0,4.9,26.0,01646500
2021-08-15,2240.0,3.7,23.8,01646500
2021-08-16,2360.0,22.9,22.5,01646500
2021-08-17,3310.0,30.4,24.2,01646500
2021-08-18,3710.0,19.1,25.0,01646500
2021-08-19,3930.0,0.6,26.2,01646500
2021-08-20,5950.0,31.7,23.4,01646500
2021-08-21,5560.0,2.6,23.9,01646500
2021-08-22,5000.0,10.0,23.3,01646500
2021-08-23,3910.0,1.0,25.8,01646500
2021-08-24,3400.0,0.0,27.3,01646500
2021-08-25,3130.0,0.2,27.2,01646500
2021-08-26,3800.0,0.4,26.6,01646500
2021-08-27,3400.0,13.4,26.1,01646500
2021-08-28,3020.0,7.8,25.9,01646500
2021-08-29,2570.0,1.6,23.9,01646500
2021-08-30,2760.0,14.0,25.0,01646500
2021-08-31,3010.0,4.5,24.2,01646500
2021-09-01,9130.0,32.3,23.0,01646500
2021-09-02,30800.0,4.7,19.9,01646500
2021-09-03,74300.0,0.0,18.7,01646500
2021-09-04,33900.0,0.0,20.1,01646500
2021-09-05,18700.0,1.1,21.0,01646500
2021-09-06,12800.0,3.1,23.0,01646500
2021-09-07,9700.0,0.0,22.5,01646500
2021-09-08,7730.0,0.4,23.7,01646500
2021-09-09,8560.0,24.8,21.4,01646500
2021-09-10,12200.0,0.0,19.7,01646500
2021-09-11,9850.0,0.0,19.8,01646500
2021-09-12,7100.0,0.0,23.2,01646500
2021-09-13,5650.0,0.0,25.7,01646500
2021-09-14,5090.0,0.0,25.6,01646500
2021-09-15,4520.0,0.0,26.5,01646500
2021-09-16,4650.0,5.8,23.4,01646500
2021-09-17,7020.0,13.0,22.1,01646500
2021-09-18,7050.0,0.9,23.0,01646500
2021-09-19,5030.0,0.0,23.0,01646500
2021-09-20,4300.0,0.0,20.4,01646500
2021-09-21,3910.0,0.7,20.8,01646500
2021-09-22,3760.0,20.8,21.9,01646500
2021-09-23,13100.0,36.6,20.9,01646500
2021-09-24,38500.0,0.0,17.1,01646500
2021-09-25,37500.0,0.0,17.1,01646500
2021-09-26,24700.0,0.0,17.6,01646500
2021-09-27,16400.0,0.0,18.7,01646500
2021-09-28,12300.0,0.2,21.1,01646500
2021-09-29,9800.0,0.2,17.6,01646500
2021-09-30,8130.0,0.0,16.4,01646500
2021-10-01,6900.0,0.0,15.8,01646500
2021-10-02,6100.0,0.0,17.5,01646500
2021-10-03,5500.0,0.0,20.8,01646500
2021-10-04,5000.0,6.7,22.2,01646500
2021-10-05,4730.0,10.7,20.6,01646500
2021-10-06,4620.0,1.5,19.7,01646500
2021-10-07,4650.0,0.0,19.7,01646500
2021-10-08,4320.0,0.0,19.8,01646500
2021-10-09,4250.0,2.6,19.1,01646500
2021-10-10,4970.0,0.6,19.3,01646500
2021-10-11,4840.0,0.4,18.6,01646500
2021-10-12,4760.0,0.0,18.3,01646500
2021-10-13,4470.0,0.0,19.4,01646500
2021-10-14,4260.0,0.0,19.7,01646500
2021-10-15,4010.0,0.0,21.1,01646500
2021-10-16,3730.0,11.3,20.4,01646500
2021-10-17,3870.0,0.0,13.6,01646500
2021-10-18,3570.0,0.0,13.0,01646500
2021-10-19,3420.0,0.0,13.9,01646500
2021-10-20,3320.0,0.0,17.1,01646500
2021-10-21,3160.0,0.0,16.7,01646500
2021-10-22,3040.0,0.1,17.9,01646500
2021-10-23,2930.0,0.3,14.6,01646500
2021-10-24,2880.0,1.1,13.9,01646500
2021-10-25,3450.0,3.2,18.9,01646500
2021-10-26,5530.0,43.3,15.1,01646500
2021-10-27,3890.0,0.2,13.5,01646500
2021-10-28,3500.0,0.0,13.8,01646500
2021-10-29,4610.0,37.3,14.0,01646500
2021-10-30,8780.0,8.4,13.9,01646500
2021-10-31,11500.0,1.0,13.2,01646500
2021-11-01,10000.0,0.0,12.6,01646500
2021-11-02,14200.0,3.5,8.1,01646500
2021-11-03,13300.0,0.0,6.2,01646500
2021-11-04,10600.0,0.0,6.1,01646500
2021-11-05,8670.0,0.0,5.4,01646500
2021-11-06,7410.0,0.0,6.1,01646500
2021-11-07,6420.0,0.0,7.4,01646500
2021-11-08,5730.0,0.0,10.5,01646500
2021-11-09,5290.0,0.0,12.7,01646500
2021-11-10,4990.0,0.0,14.5,01646500
2021-11-11,4670.0,0.0,12.9,01646500
2021-11-12,4870.0,13.5,15.3,01646500
2021-11-13,5260.0,1.1,8.8,01646500
2021-11-14,9370.0,0.0,5.1,01646500
2021-11-15,9810.0,0.1,6.4,01646500
2021-11-16,9000.0,0.0,5.0,01646500
2021-11-17,7700.0,0.0,8.3,01646500
2021-11-18,6750.0,0.9,14.9,01646500
2021-11-19,6160.0,6.7,6.6,01646500
2021-11-20,5650.0,0.0,3.1,01646500
2021-11-21,5250.0,0.0,5.8,01646500
2021-11-22,4940.0,2.8,8.6,01646500
2021-11-23,4710.0,0.0,2.2,01646500
2021-11-24,4550.0,0.0,1.9,01646500
2021-11-25,4410.0,0.0,5.3,01646500
2021-11-26,4270.0,5.3,6.6,01646500
2021-11-27,4030.0,0.0,1.5,01646500
2021-11-28,3940.0,0.0,5.7,01646500
2021-11-29,3780.0,0.1,4.2,01646500
2021-11-30,3700.0,0.2,3.5,01646500
2021-12-01,3660.0,0.0,5.4,01646500
2021-12-02,3560.0,1.1,10.6,01646500
2021-12-03,3500.0,0.0,9.9,01646500
2021-12-04,3430.0,0.0,7.7,01646500
2021-12-05,3370.0,0.0,6.2,01646500
2021-12-06,3210.0,0.3,11.2,01646500
2021-12-07,3210.0,0.1,3.8,01646500
2021-12-08,3190.0,0.6,2.1,01646500
2021-12-09,3110.0,0.0,1.6,01646500
2021-12-10,3030.0,0.0,4.7,01646500
2021-12-11,3010.0,1.8,12.6,01646500
2021-12-12,3040.0,3.1,7.2,01646500
2021-12-13,2900.0,0.0,3.1,01646500
2021-12-14,2930.0,0.0,6.2,01646500
2021-12-15,2910.0,0.0,6.4,01646500
2021-12-16,2840.0,0.0,10.7,01646500
2021-12-17,2780.0,0.0,13.7,01646500
2021-12-18,2800.0,1.7,9.6,01646500
2021-12-19,2710.0,2.3,7.6,01646500
2021-12-20,2670.0,0.0,0.1,01646500
2021-12-21,2690.0,0.0,0.9,01646500
2021-12-22,2770.0,0.8,3.7,01646500
2021-12-23,2640.0,0.0,0.2,01646500
2021-12-24,2600.0,0.0,5.9,01646500
2021-12-25,2610.0,2.5,11.8,01646500
2021-12-26,2720.0,3.5,11.3,01646500
2021-12-27,2690.0,0.4,4.3,01646500
2021-12-28,2660.0,0.0,6.7,01646500
2021-12-29,2780.0,0.8,10.3,01646500
2021-12-30,2870.0,11.2,9.2,01646500
2021-12-31,3090.0,0.1,10.5,01646500
2022-01-01,3370.0,16.4,12.7,01646500
2022-01-02,5320.0,13.9,14.1,01646500
2022-01-03,7380.0,20.3,2.0,01646500
2022-01-04,13800.0,0.0,-4.0,01646500
2022-01-05,13600.0,0.0,-0.2,01646500
2022-01-06,12000.0,0.0,3.5,01646500
2022-01-07,10800.0,6.2,-1.6,01646500
2022-01-08,9440.0,0.0,-4.9,01646500
2022-01-09,8130.0,5.6,0.9,01646500
2022-01-10,7930.0,2.4,1.0,01646500
2022-01-11,7240.0,0.0,-4.3,01646500
2022-01-12,6950.0,0.0,-0.8,01646500
2022-01-13,7650.0,0.0,2.7,01646500
2022-01-14,8310.0,0.0,3.1,01646500
2022-01-15,8070.0,0.0,-3.0,01646500
2022-01-16,7340.0,5.9,-6.3,01646500
2022-01-17,6480.0,27.2,1.4,01646500
2022-01-18,6350.0,0.0,0.0,01646500
2022-01-19,6990.0,0.0,1.9,01646500
2022-01-20,7540.0,12.6,3.5,01646500
2022-01-21,7860.0,0.0,-5.6,01646500
2022-01-22,8010.0,0.0,-5.2,01646500
2022-01-23,7450.0,0.0,-1.7,01646500
2022-01-24,7740.0,0.1,0.1,01646500
2022-01-25,7680.0,0.0,2.5,01646500
2022-01-26,7390.0,0.0,-3.4,01646500
2022-01-27,6520.0,0.0,-4.1,01646500
2022-01-28,6190.0,2.0,-0.2,01646500
2022-01-29,5740.0,2.3,-4.0,01646500
2022-01-30,5010.0,0.0,-5.6,01646500
2022-01-31,4350.0,0.0,-2.8,01646500
2022-02-01,4810.0,0.0,-1.4,01646500
2022-02-02,4950.0,0.0,1.3,01646500
2022-02-03,5000.0,13.9,6.4,01646500
2022-02-04,7990.0,25.9,9.8,01646500
2022-02-05,21000.0,0.1,-1.2,01646500
2022-02-06,39600.0,0.0,-3.1,01646500
2022-02-07,35300.0,2.6,0.6,01646500
2022-02-08,25300.0,2.4,1.9,01646500
2022-02-09,19600.0,0.0,2.6,01646500
2022-02-10,16100.0,0.1,7.1,01646500
2022-02-11,13700.0,0.0,6.8,01646500
2022-02-12,12300.0,0.0,11.2,01646500
2022-02-13,11300.0,6.5,2.7,01646500
2022-02-14,10400.0,0.0,-3.6,01646500
2022-02-15,9750.0,0.0,-2.9,01646500
2022-02-16,9060.0,0.0,1.4,01646500
2022-02-17,8370.0,0.0,11.9,01646500
2022-02-18,7880.0,2.5,10.9,01646500
2022-02-19,8760.0,0.0,0.5,01646500
2022-02-20,14500.0,0.0,-2.0,01646500
2022-02-21,15600.0,0.0,5.7,01646500
2022-02-22,13800.0,1.7,12.0,01646500
2022-02-23,12200.0,0.3,16.6,01646500
2022-02-24,11200.0,4.4,2.9,01646500
2022-02-25,11900.0,17.4,3.4,01646500
2022-02-26,12400.0,0.0,1.9,01646500
2022-02-27,15500.0,0.0,3.8,01646500
2022-02-28,19200.0,0.0,4.3,01646500
2022-03-01,17500.0,0.0,4.4,01646500
2022-03-02,15200.0,0.0,9.1,01646500
2022-03-03,13500.0,0.0,8.8,01646500
2022-03-04,11900.0,0.0,1.0,01646500
2022-03-05,10700.0,0.0,5.3,01646500
2022-03-06,9760.0,9.9,15.1,01646500
2022-03-07,8880.0,4.2,18.7,01646500
2022-03-08,8250.0,1.7,9.2,01646500
2022-03-09,8170.0,15.3,5.4,01646500
2022-03-10,8330.0,0.0,4.9,01646500
2022-03-11,8790.0,0.0,7.7,01646500
2022-03-12,9860.0,17.1,3.1,01646500
2022-03-13,10000.0,0.0,-2.3,01646500
2022-03-14,9640.0,0.0,5.2,01646500
2022-03-15,9530.0,0.0,10.9,01646500
2022-03-16,9680.0,0.0,12.7,01646500
2022-03-17,9690.0,7.8,11.3,01646500
2022-03-18,9630.0,0.0,13.7,01646500
2022-03-19,9530.0,0.1,16.7,01646500
2022-03-20,9500.0,1.1,12.0,01646500
2022-03-21,9690.0,0.0,11.5,01646500
2022-03-22,9020.0,0.0,12.1,01646500
2022-03-23,8530.0,5.7,9.3,01646500
2022-03-24,8500.0,21.2,13.5,01646500
2022-03-25,8570.0,0.6,11.5,01646500
2022-03-26,8420.0,0.9,8.3,01646500
2022-03-27,8400.0,0.0,3.7,01646500
2022-03-28,8880.0,0.1,-0.4,01646500
2022-03-29,8410.0,0.0,-0.9,01646500
2022-03-30,7850.0,0.1,4.7,01646500
2022-03-31,7580.0,2.6,15.5,01646500
2022-04-01,8040.0,6.4,11.6,01646500
2022-04-02,8850.0,0.0,6.6,01646500
2022-04-03,10300.0,0.4,9.3,01646500
2022-04-04,11800.0,0.0,7.1,01646500
2022-04-05,11200.0,8.5,8.6,01646500
2022-04-06,13800.0,23.0,11.8,01646500
2022-04-07,15800.0,22.6,10.3,01646500
2022-04-08,36700.0,1.0,10.4,01646500
2022-04-09,46500.0,1.9,8.7,01646500
2022-04-10,40700.0,0.0,7.0,01646500
2022-04-11,31400.0,0.0,8.4,01646500
2022-04-12,25100.0,1.4,15.3,01646500
2022-04-13,20500.0,0.0,18.7,01646500
2022-04-14,17300.0,2.2,21.6,01646500
2022-04-15,15000.0,0.0,14.4,01646500
2022-04-16,13200.0,0.1,17.6,01646500
2022-04-17,11700.0,0.9,10.8,01646500
2022-04-18,10600.0,8.4,5.5,01646500
2022-04-19,11200.0,9.5,6.5,01646500
2022-04-20,12200.0,0.0,7.7,01646500
2022-04-21,12400.0,0.1,11.3,01646500
2022-04-22,13400.0,0.0,16.1,01646500
2022-04-23,13100.0,0.0,15.9,01646500
2022-04-24,12900.0,0.0,17.5,01646500
2022-04-25,12800.0,0.0,15.2,01646500
2022-04-26,12200.0,3.5,14.8,01646500
2022-04-27,11400.0,0.0,11.1,01646500
2022-04-28,10100.0,0.0,7.2,01646500
2022-04-29,9410.0,0.0,10.2,01646500
2022-04-30,9100.0,0.0,12.4,01646500
2022-05-01,8490.0,2.2,13.6,01646500
2022-05-02,8180.0,2.6,17.3,01646500
2022-05-03,8040.0,0.0,17.1,01646500
2022-05-04,10700.0,4.4,17.4,01646500
2022-05-05,11900.0,0.0,16.4,01646500
2022-05-06,20300.0,23.1,14.5,01646500
2022-05-07,44800.0,34.0,10.2,01646500
2022-05-08,98000.0,1.0,8.5,01646500
2022-05-09,102000.0,0.0,11.6,01646500
2022-05-10,61200.0,0.0,14.0,01646500
2022-05-11,41400.0,0.0,15.5,01646500
2022-05-12,31300.0,0.0,16.9,01646500
2022-05-13,25100.0,17.1,18.3,01646500
2022-05-14,20800.0,16.7,18.1,01646500
2022-05-15,17900.0,1.4,19.6,01646500
2022-05-16,16800.0,18.3,19.7,01646500
2022-05-17,16600.0,0.0,19.3,01646500
2022-05-18,15900.0,0.0,17.5,01646500
2022-05-19,14700.0,3.7,19.9,01646500
2022-05-20,13800.0,0.2,23.2,01646500
2022-05-21,12600.0,0.5,27.9,01646500
2022-05-22,11900.0,1.8,25.2,01646500
2022-05-23,14500.0,2.4,19.5,01646500
2022-05-24,11500.0,12.3,15.2,01646500
2022-05-25,10100.0,0.2,15.9,01646500
2022-05-26,9080.0,0.1,17.5,01646500
2022-05-27,8820.0,3.4,19.7,01646500
2022-05-28,11300.0,8.0,20.4,01646500
2022-05-29,11300.0,0.0,21.2,01646500
2022-05-30,12900.0,0.0,24.2,01646500
2022-05-31,12900.0,0.0,26.7,01646500
2022-06-01,11200.0,0.0,28.2,01646500
2022-06-02,10200.0,10.8,25.5,01646500
2022-06-03,9680.0,10.6,21.8,01646500
2022-06-04,8250.0,0.0,22.0,01646500
2022-06-05,7250.0,0.0,20.8,01646500
2022-06-06,6470.0,0.0,20.6,01646500
2022-06-07,5900.0,0.0,21.4,01646500
2022-06-08,5760.0,8.3,22.3,01646500
2022-06-09,6620.0,15.0,23.6,01646500
2022-06-10,5580.0,0.0,20.9,01646500
2022-06-11,5220.0,7.2,20.2,01646500
2022-06-12,5770.0,4.2,20.4,01646500
2022-06-13,5780.0,0.2,24.8,01646500
2022-06-14,5600.0,12.8,24.1,01646500
2022-06-15,5210.0,0.0,24.9,01646500
2022-06-16,4980.0,0.6,24.5,01646500
2022-06-17,5170.0,0.1,27.5,01646500
2022-06-18,4730.0,0.0,22.7,01646500
2022-06-19,4150.0,0.0,19.7,01646500
2022-06-20,3720.0,0.0,20.6,01646500
2022-06-21,3410.0,0.0,22.8,01646500
2022-06-22,3410.0,12.3,23.5,01646500
2022-06-23,4950.0,37.6,20.2,01646500
2022-06-24,4720.0,0.0,20.8,01646500
2022-06-25,6310.0,0.0,24.3,01646500
2022-06-26,5250.0,1.2,25.2,01646500
2022-06-27,4540.0,10.1,23.1,01646500
2022-06-28,4620.0,0.0,22.5,01646500
2022-06-29,5020.0,0.0,23.4,01646500
2022-06-30,4150.0,0.0,25.6,01646500
2022-07-01,3940.0,4.3,26.5,01646500
2022-07-02,4250.0,6.8,26.2,01646500
2022-07-03,5160.0,24.9,24.8,01646500
2022-07-04,4420.0,0.0,25.0,01646500
2022-07-05,3560.0,6.5,24.7,01646500
2022-07-06,3370.0,0.1,26.8,01646500
2022-07-07,3370.0,23.4,24.0,01646500
2022-07-08,3640.0,1.0,24.6,01646500
2022-07-09,9090.0,65.2,22.1,01646500
2022-07-10,4620.0,2.0,22.3,01646500
2022-07-11,3980.0,0.0,22.4,01646500
2022-07-12,3830.0,1.5,24.6,01646500
2022-07-13,4200.0,2.5,25.1,01646500
2022-07-14,4060.0,5.5,24.8,01646500
2022-07-15,4110.0,0.0,24.4,01646500
2022-07-16,3570.0,10.5,23.2,01646500
2022-07-17,3110.0,5.5,23.2,01646500
2022-07-18,3080.0,8.1,25.3,01646500
2022-07-19,4220.0,1.5,26.0,01646500
2022-07-20,4270.0,0.0,26.9,01646500
2022-07-21,3670.0,0.9,28.5,01646500
2022-07-22,3500.0,0.0,27.9,01646500
2022-07-23,3080.0,0.2,28.9,01646500
2022-07-24,2720.0,0.0,28.0,01646500
2022-07-25,2780.0,16.3,28.1,01646500
2022-07-26,2880.0,5.1,24.1,01646500
2022-07-27,2620.0,4.2,24.7,01646500
2022-07-28,2520.0,0.4,26.8,01646500
2022-07-29,2650.0,9.9,24.3,01646500
2022-07-30,2620.0,6.2,24.5,01646500
2022-07-31,2540.0,10.2,23.4,01646500
2022-08-01,2800.0,7.8,23.5,01646500
2022-08-02,3450.0,1.8,24.9,01646500
2022-08-03,3130.0,0.0,26.3,01646500
2022-08-04,2960.0,1.6,27.4,01646500
2022-08-05,4500.0,27.4,25.1,01646500
2022-08-06,3910.0,6.5,24.8,01646500
2022-08-07,3410.0,5.1,25.7,01646500
2022-08-08,3230.0,0.4,27.3,01646500
2022-08-09,3270.0,0.0,28.4,01646500
2022-08-10,3790.0,19.3,25.2,01646500
2022-08-11,5300.0,8.4,24.6,01646500
2022-08-12,4680.0,0.3,23.9,01646500
2022-08-13,5120.0,0.0,21.5,01646500
2022-08-14,4430.0,0.2,22.0,01646500
2022-08-15,3800.0,9.0,20.7,01646500
2022-08-16,3270.0,0.1,21.3,01646500
2022-08-17,2840.0,1.3,21.3,01646500
2022-08-18,2860.0,0.0,21.7,01646500
2022-08-19,2830.0,0.2,23.7,01646500
2022-08-20,2720.0,0.3,24.0,01646500
2022-08-21,2570.0,0.9,24.0,01646500
2022-08-22,2630.0,16.4,22.7,01646500
2022-08-23,2620.0,3.5,23.6,01646500
2022-08-24,2830.0,0.0,24.2,01646500
2022-08-25,2670.0,2.1,24.4,01646500
2022-08-26,2640.0,3.0,24.9,01646500
2022-08-27,2460.0,0.6,25.0,01646500
2022-08-28,2120.0,0.2,25.5,01646500
2022-08-29,1820.0,0.3,26.1,01646500
2022-08-30,1790.0,3.0,26.4,01646500
2022-08-31,1940.0,0.1,24.0,01646500
2022-09-01,2320.0,0.0,24.0,01646500
2022-09-02,2390.0,0.0,24.0,01646500
2022-09-03,2010.0,0.9,24.6,01646500
2022-09-04,1820.0,0.3,25.3,01646500
2022-09-05,1750.0,9.1,23.1,01646500
2022-09-06,3900.0,33.2,23.6,01646500
2022-09-07,5110.0,23.7,21.3,01646500
2022-09-08,5710.0,0.8,21.3,01646500
2022-09-09,7430.0,0.0,21.5,01646500
2022-09-10,7470.0,0.6,20.4,01646500
2022-09-11,7440.0,25.1,22.3,01646500
2022-09-12,5800.0,14.0,22.6,01646500
2022-09-13,6220.0,18.5,21.9,01646500
2022-09-14,5190.0,0.0,20.2,01646500
2022-09-15,4990.0,0.0,20.9,01646500
2022-09-16,4590.0,0.0,19.2,01646500
2022-09-17,4030.0,0.0,20.0,01646500
2022-09-18,3500.0,0.0,21.1,01646500
2022-09-19,3080.0,0.0,23.3,01646500
2022-09-20,2760.0,0.0,23.3,01646500
2022-09-21,2460.0,0.0,22.1,01646500
2022-09-22,2290.0,1.8,22.2,01646500
2022-09-23,2200.0,0.0,15.3,01646500
2022-09-24,2050.0,0.1,15.0,01646500
2022-09-25,1960.0,7.6,17.8,01646500
2022-09-26,1870.0,0.5,18.6,01646500
2022-09-27,1910.0,0.0,17.5,01646500
2022-09-28,1920.0,0.0,14.4,01646500
2022-09-29,1980.0,0.0,15.0,01646500
2022-09-30,2010.0,4.5,13.4,01646500
2022-10-01,2510.0,18.3,14.4,01646500
2022-10-02,2840.0,17.5,13.4,01646500
2022-10-03,3640.0,8.5,9.9,01646500
2022-10-04,4850.0,7.0,10.0,01646500
2022-10-05,6200.0,4.2,12.4,01646500
2022-10-06,7080.0,0.0,15.8,01646500
2022-10-07,6350.0,0.0,17.3,01646500
2022-10-08,5170.0,1.1,12.5,01646500
2022-10-09,4230.0,0.0,10.3,01646500
2022-10-10,3620.0,0.0,11.6,01646500
2022-10-11,3200.0,0.0,13.7,01646500
2022-10-12,2900.0,0.0,14.7,01646500
2022-10-13,2870.0,5.7,17.4,01646500
2022-10-14,3030.0,9.6,14.4,01646500
2022-10-15,2760.0,0.0,14.5,01646500
2022-10-16,2590.0,0.0,15.4,01646500
2022-10-17,2440.0,1.2,15.5,01646500
2022-10-18,2390.0,0.0,9.3,01646500
2022-10-19,2270.0,0.0,7.2,01646500
2022-10-20,2140.0,0.0,8.4,01646500
2022-10-21,2080.0,0.0,10.5,01646500
2022-10-22,2010.0,0.0,11.7,01646500
2022-10-23,1980.0,1.5,11.6,01646500
2022-10-24,1950.0,14.5,14.1,01646500
2022-10-25,1950.0,0.3,15.6,01646500
2022-10-26,2000.0,0.1,15.4,01646500
2022-10-27,1970.0,0.1,13.8,01646500
2022-10-28,1930.0,0.0,10.2,01646500
2022-10-29,1890.0,0.0,10.4,01646500
2022-10-30,1860.0,0.0,9.0,01646500
2022-10-31,1850.0,2.6,12.6,01646500
2022-11-01,1910.0,8.6,16.4,01646500
2022-11-02,1980.0,0.0,15.0,01646500
2022-11-03,1940.0,0.1,13.6,01646500
2022-11-04,1960.0,0.0,14.2,01646500
2022-11-05,1940.0,0.0,18.6,01646500
2022-11-06,1880.0,6.1,20.1,01646500
2022-11-07,1920.0,0.0,19.9,01646500
2022-11-08,1860.0,0.0,12.2,01646500
2022-11-09,1820.0,0.0,8.8,01646500
2022-11-10,1810.0,0.0,11.1,01646500
2022-11-11,2220.0,23.4,16.3,01646500
2022-11-12,3030.0,4.6,18.8,01646500
2022-11-13,4180.0,0.1,9.1,01646500
2022-11-14,13500.0,0.0,4.8,01646500
2022-11-15,14300.0,7.5,2.9,01646500
2022-11-16,13700.0,16.3,5.6,01646500
2022-11-17,11100.0,0.0,3.5,01646500
2022-11-18,11100.0,0.4,2.2,01646500
2022-11-19,11400.0,0.1,2.1,01646500
2022-11-20,9520.0,0.0,0.3,01646500
2022-11-21,7710.0,0.0,0.1,01646500
2022-11-22,6550.0,0.0,4.7,01646500
2022-11-23,5760.0,0.0,6.3,01646500
2022-11-24,5020.0,0.0,6.3,01646500
2022-11-25,4680.0,2.8,8.8,01646500
2022-11-26,4320.0,0.0,7.9,01646500
2022-11-27,4020.0,7.5,9.6,01646500
2022-11-28,3890.0,0.2,10.6,01646500
2022-11-29,3720.0,0.0,7.3,01646500
2022-11-30,3770.0,8.0,8.6,01646500
2022-12-01,3780.0,0.0,3.4,01646500
2022-12-02,3660.0,0.0,2.0,01646500
2022-12-03,3820.0,7.0,10.4,01646500
2022-12-04,3930.0,0.0,5.2,01646500
2022-12-05,3760.0,0.0,2.3,01646500
2022-12-06,3790.0,3.4,4.9,01646500
2022-12-07,3870.0,2.2,10.7,01646500
2022-12-08,3800.0,0.0,10.5,01646500
2022-12-09,3740.0,0.1,6.1,01646500
2022-12-10,3760.0,0.0,1.9,01646500
2022-12-11,3840.0,0.2,5.0,01646500
2022-12-12,3750.0,0.2,3.8,01646500
2022-12-13,3690.0,0.0,1.0,01646500
2022-12-14,3600.0,0.0,-0.2,01646500
2022-12-15,5730.0,36.5,1.7,01646500
2022-12-16,15000.0,10.3,5.8,01646500
2022-12-17,22100.0,0.0,2.9,01646500
2022-12-18,21000.0,0.0,1.5,01646500
2022-12-19,17100.0,0.0,-0.1,01646500
2022-12-20,13300.0,0.0,-0.9,01646500
2022-12-21,10700.0,0.0,0.1,01646500
2022-12-22,10100.0,28.3,2.0,01646500
2022-12-23,32100.0,19.2,1.9,01646500
2022-12-24,40200.0,0.0,-10.9,01646500
2022-12-25,32200.0,0.0,-6.8,01646500
2022-12-26,21800.0,0.0,-3.9,01646500
2022-12-27,16500.0,0.0,-1.3,01646500
2022-12-28,13700.0,0.0,0.8,01646500
2022-12-29,11900.0,0.0,3.6,01646500
2022-12-30,10700.0,0.0,7.0,01646500
2022-12-31,9760.0,5.2,11.2,01646500
2023-01-01,9710.0,6.3,11.4,01646500
2023-01-02,10000.0,0.0,10.6,01646500
2023-01-03,11300.0,0.5,13.6,01646500
2023-01-04,11900.0,3.6,15.4,01646500
2023-01-05,11600.0,0.8,13.3,01646500
2023-01-06,11500.0,0.2,7.8,01646500
2023-01-07,10500.0,0.0,4.4,01646500
2023-01-08,9460.0,0.0,1.9,01646500
2023-01-09,8570.0,1.1,3.5,01646500
2023-01-10,7860.0,0.0,2.8,01646500
2023-01-11,7300.0,0.0,1.9,01646500
2023-01-12,6860.0,2.2,5.9,01646500
2023-01-13,7030.0,8.1,9.1,01646500
2023-01-14,6750.0,0.0,1.5,01646500
2023-01-15,6460.0,0.0,0.3,01646500
2023-01-16,6290.0,0.0,2.1,01646500
2023-01-17,6000.0,4.1,5.0,01646500
2023-01-18,5770.0,0.0,8.0,01646500
2023-01-19,5630.0,6.4,5.8,01646500
2023-01-20,5700.0,14.1,6.3,01646500
2023-01-21,5870.0,0.0,3.7,01646500
2023-01-22,6340.0,2.6,1.5,01646500
2023-01-23,6920.0,6.5,3.9,01646500
2023-01-24,7950.0,0.0,3.0,01646500
2023-01-25,9220.0,9.2,2.4,01646500
2023-01-26,9800.0,3.3,5.8,01646500
2023-01-27,10000.0,0.0,2.1,01646500
2023-01-28,9720.0,0.0,4.4,01646500
2023-01-29,9610.0,1.4,5.8,01646500
2023-01-30,9420.0,0.0,7.4,01646500
2023-01-31,9050.0,6.8,5.5,01646500
2023-02-01,8790.0,2.5,0.9,01646500
2023-02-02,8380.0,0.0,0.1,01646500
2023-02-03,8020.0,0.0,-0.7,01646500
2023-02-04,7760.0,0.0,-6.0,01646500
2023-02-05,7760.0,0.0,2.0,01646500
2023-02-06,7360.0,0.0,7.6,01646500
2023-02-07,6670.0,0.0,2.9,01646500
2023-02-08,6470.0,0.0,9.9,01646500
2023-02-09,6180.0,0.0,10.6,01646500
2023-02-10,5970.0,0.0,13.8,01646500
2023-02-11,5710.0,0.0,5.8,01646500
2023-02-12,5700.0,6.8,3.2,01646500
2023-02-13,7700.0,9.0,6.2,01646500
2023-02-14,6850.0,0.0,7.5,01646500
2023-02-15,6480.0,0.8,11.2,01646500
2023-02-16,8440.0,7.4,12.5,01646500
2023-02-17,11600.0,23.5,12.1,01646500
2023-02-18,12500.0,0.0,1.0,01646500
2023-02-19,13600.0,0.0,5.9,01646500
2023-02-20,17000.0,0.0,11.0,01646500
2023-02-21,16300.0,5.7,9.8,01646500
2023-02-22,13500.0,1.2,7.4,01646500
2023-02-23,11900.0,0.1,12.8,01646500
2023-02-24,10600.0,0.0,12.1,01646500
2023-02-25,10000.0,1.6,1.9,01646500
2023-02-26,9660.0,0.0,5.3,01646500
2023-02-27,8970.0,0.2,6.4,01646500
2023-02-28,8760.0,12.1,7.6,01646500
2023-03-01,9300.0,0.0,7.1,01646500
2023-03-02,17800.0,10.1,11.6,01646500
2023-03-03,18700.0,3.9,6.3,01646500
2023-03-04,20800.0,18.0,8.2,01646500
2023-03-05,35700.0,0.0,7.6,01646500
2023-03-06,32300.0,0.0,7.1,01646500
2023-03-07,25200.0,0.0,6.4,01646500
2023-03-08,20700.0,0.0,4.2,01646500
2023-03-09,17100.0,0.0,5.3,01646500
2023-03-10,14700.0,4.6,4.3,01646500
2023-03-11,13000.0,0.2,4.3,01646500
2023-03-12,11500.0,0.5,1.9,01646500
2023-03-13,10900.0,2.1,4.4,01646500
2023-03-14,10200.0,0.0,2.6,01646500
2023-03-15,9360.0,0.0,2.1,01646500
2023-03-16,8630.0,0.0,7.0,01646500
2023-03-17,8130.0,2.1,11.1,01646500
2023-03-18,7690.0,1.3,7.6,01646500
2023-03-19,7240.0,0.0,1.2,01646500
2023-03-20,6870.0,0.0,2.1,01646500
2023-03-21,6560.0,0.0,6.2,01646500
2023-03-22,6400.0,0.1,11.0,01646500
2023-03-23,6230.0,0.8,13.8,01646500
2023-03-24,6380.0,21.6,13.2,01646500
2023-03-25,7550.0,13.2,8.8,01646500
2023-03-26,9920.0,7.0,11.9,01646500
2023-03-27,17100.0,0.3,11.4,01646500
2023-03-28,18000.0,0.0,10.0,01646500
2023-03-29,15300.0,0.1,8.5,01646500
2023-03-30,12800.0,0.0,6.1,01646500
2023-03-31,11000.0,0.1,8.2,01646500
2023-04-01,9980.0,17.1,16.9,01646500
2023-04-02,9230.0,0.2,8.6,01646500
2023-04-03,8630.0,0.0,10.4,01646500
2023-04-04,8290.0,0.0,17.4,01646500
2023-04-05,8520.0,0.0,20.8,01646500
2023-04-06,8610.0,14.6,22.5,01646500
2023-04-07,8210.0,0.3,12.6,01646500
2023-04-08,7740.0,0.0,8.5,01646500
2023-04-09,7300.0,0.0,8.3,01646500
2023-04-10,6930.0,0.0,9.8,01646500
2023-04-11,6460.0,0.0,13.1,01646500
2023-04-12,6100.0,0.0,18.8,01646500
2023-04-13,5770.0,0.0,21.1,01646500
2023-04-14,5530.0,0.0,21.0,01646500
2023-04-15,5440.0,5.3,19.0,01646500
2023-04-16,5250.0,0.0,19.7,01646500
2023-04-17,5660.0,2.2,16.8,01646500
2023-04-18,5400.0,0.0,13.6,01646500
2023-04-19,5270.0,0.0,13.0,01646500
2023-04-20,5040.0,0.0,18.3,01646500
2023-04-21,4640.0,0.0,21.4,01646500
2023-04-22,4620.0,17.5,18.7,01646500
2023-04-23,4790.0,1.1,13.2,01646500
2023-04-24,4510.0,0.0,9.9,01646500
2023-04-25,4430.0,0.0,10.1,01646500
2023-04-26,4190.0,0.7,11.7,01646500
2023-04-27,4070.0,0.5,13.7,01646500
2023-04-28,4630.0,37.1,11.9,01646500
2023-04-29,7180.0,6.3,13.6,01646500
2023-04-30,10600.0,14.3,15.0,01646500
2023-05-01,21100.0,1.7,11.8,01646500
2023-05-02,27300.0,3.6,9.7,01646500
2023-05-03,25800.0,2.9,8.5,01646500
2023-05-04,20600.0,1.8,9.5,01646500
2023-05-05,17700.0,0.1,12.1,01646500
2023-05-06,17700.0,0.0,14.2,01646500
2023-05-07,16500.0,0.8,16.3,01646500
2023-05-08,14100.0,0.8,19.1,01646500
2023-05-09,12100.0,4.3,16.3,01646500
2023-05-10,11300.0,0.0,14.7,01646500
2023-05-11,12100.0,0.0,17.4,01646500
2023-05-12,18800.0,0.0,20.6,01646500
2023-05-13,15600.0,10.1,19.7,01646500
2023-05-14,12900.0,0.0,18.3,01646500
2023-05-15,11000.0,0.0,16.8,01646500
2023-05-16,9620.0,1.4,18.4,01646500
2023-05-17,9430.0,0.6,18.5,01646500
2023-05-18,8360.0,0.0,14.5,01646500
2023-05-19,7550.0,0.1,16.6,01646500
2023-05-20,6630.0,0.0,18.7,01646500
2023-05-21,6080.0,1.9,18.8,01646500
2023-05-22,5370.0,0.0,19.9,01646500
2023-05-23,4940.0,0.0,18.9,01646500
2023-05-24,4560.0,0.0,18.8,01646500
2023-05-25,4200.0,0.0,17.3,01646500
2023-05-26,3920.0,0.0,16.4,01646500
2023-05-27,3690.0,0.0,17.8,01646500
2023-05-28,3920.0,0.5,16.7,01646500
2023-05-29,3910.0,8.1,18.8,01646500
2023-05-30,3470.0,0.2,18.2,01646500
2023-05-31,3130.0,0.0,17.9,01646500
2023-06-01,3020.0,0.0,20.3,01646500
2023-06-02,2840.0,0.0,23.9,01646500
2023-06-03,2510.0,0.4,24.2,01646500
2023-06-04,2450.0,1.1,18.3,01646500
2023-06-05,2350.0,0.0,19.1,01646500
2023-06-06,2140.0,0.0,21.0,01646500
2023-06-07,2090.0,0.0,21.2,01646500
2023-06-08,2160.0,0.0,19.3,01646500
2023-06-09,1910.0,3.5,17.4,01646500
2023-06-10,1840.0,0.0,20.6,01646500
2023-06-11,1740.0,0.0,24.0,01646500
2023-06-12,1700.0,9.8,22.4,01646500
2023-06-13,1810.0,0.0,19.8,01646500
2023-06-14,1760.0,0.4,20.5,01646500
2023-06-15,1770.0,0.0,20.6,01646500
2023-06-16,1800.0,7.4,20.5,01646500
2023-06-17,1860.0,1.2,20.7,01646500
2023-06-18,1840.0,0.0,22.5,01646500
2023-06-19,1840.0,0.5,23.6,01646500
2023-06-20,2120.0,9.5,21.4,01646500
2023-06-21,2510.0,13.0,17.5,01646500
2023-06-22,2430.0,4.4,16.5,01646500
2023-06-23,3170.0,16.0,19.8,01646500
2023-06-24,3110.0,25.7,22.1,01646500
2023-06-25,3030.0,8.5,23.1,01646500
2023-06-26,3600.0,1.3,24.3,01646500
2023-06-27,5980.0,37.8,22.0,01646500
2023-06-28,6580.0,0.6,21.8,01646500
2023-06-29,5310.0,0.0,22.2,01646500
2023-06-30,4670.0,0.1,23.6,01646500
2023-07-01,4500.0,8.5,22.9,01646500
2023-07-02,4060.0,3.2,24.0,01646500
2023-07-03,3580.0,2.7,25.6,01646500
2023-07-04,3990.0,18.7,24.9,01646500
2023-07-05,3830.0,0.4,26.3,01646500
2023-07-06,3910.0,1.5,26.1,01646500
2023-07-07,3740.0,4.6,25.4,01646500
2023-07-08,3000.0,6.1,24.9,01646500
2023-07-09,2660.0,13.5,23.5,01646500
2023-07-10,2820.0,0.5,23.4,01646500
2023-07-11,2610.0,0.0,24.8,01646500
2023-07-12,2700.0,0.0,25.8,01646500
2023-07-13,2620.0,0.6,26.6,01646500
2023-07-14,2790.0,12.2,25.5,01646500
2023-07-15,3600.0,0.9,24.8,01646500
2023-07-16,2930.0,15.7,24.8,01646500
2023-07-17,2290.0,0.1,26.4,01646500
2023-07-18,1960.0,0.0,26.3,01646500
2023-07-19,2540.0,1.0,25.4,01646500
2023-07-20,3210.0,0.6,25.2,01646500
2023-07-21,3450.0,2.2,25.0,01646500
2023-07-22,2960.0,0.0,24.2,01646500
2023-07-23,2430.0,0.4,24.1,01646500
2023-07-24,2300.0,7.9,23.4,01646500
2023-07-25,2000.0,11.2,23.4,01646500
2023-07-26,1820.0,12.4,24.8,01646500
2023-07-27,1680.0,0.2,28.4,01646500
2023-07-28,1750.0,0.8,28.5,01646500
2023-07-29,2120.0,1.3,28.0,01646500
2023-07-30,1910.0,0.0,25.7,01646500
2023-07-31,1410.0,4.0,24.0,01646500
2023-08-01,1440.0,0.0,22.9,01646500
2023-08-02,1350.0,0.0,22.8,01646500
2023-08-03,1220.0,0.5,22.3,01646500
2023-08-04,1170.0,1.3,21.4,01646500
2023-08-05,1110.0,0.0,24.2,01646500
2023-08-06,1250.0,0.6,25.1,01646500
2023-08-07,2240.0,13.6,24.7,01646500
2023-08-08,3480.0,0.7,24.1,01646500
2023-08-09,2080.0,0.1,24.7,01646500
2023-08-10,2430.0,12.9,22.3,01646500
2023-08-11,2490.0,0.0,24.6,01646500
2023-08-12,2070.0,0.4,25.8,01646500
2023-08-13,1680.0,0.1,27.5,01646500
2023-08-14,1430.0,5.6,25.2,01646500
2023-08-15,1460.0,3.8,26.7,01646500
2023-08-16,1580.0,0.3,24.3,01646500
2023-08-17,1360.0,1.0,24.6,01646500
2023-08-18,1270.0,1.9,24.4,01646500
2023-08-19,1220.0,0.0,22.0,01646500
2023-08-20,1130.0,0.0,23.5,01646500
2023-08-21,1020.0,0.0,26.0,01646500
2023-08-22,908.0,0.0,25.7,01646500
2023-08-23,856.0,0.0,22.2,01646500
2023-08-24,794.0,5.6,23.4,01646500
2023-08-25,900.0,1.2,25.7,01646500
2023-08-26,1240.0,3.3,26.3,01646500
2023-08-27,851.0,0.2,26.0,01646500
2023-08-28,770.0,2.9,22.8,01646500
2023-08-29,632.0,2.2,23.2,01646500
2023-08-30,729.0,0.2,24.7,01646500
2023-08-31,599.0,0.0,22.3,01646500
2023-09-01,706.0,0.0,20.8,01646500
2023-09-02,810.0,0.0,21.7,01646500
2023-09-03,772.0,0.0,26.2,01646500
2023-09-04,646.0,0.1,29.0,01646500
2023-09-05,560.0,0.0,29.8,01646500
2023-09-06,522.0,0.0,29.5,01646500
2023-09-07,450.0,2.4,27.1,01646500
2023-09-08,748.0,13.0,25.4,01646500
2023-09-09,1730.0,0.4,24.5,01646500
2023-09-10,2300.0,9.1,21.8,01646500
2023-09-11,2330.0,13.1,22.6,01646500
2023-09-12,1600.0,0.9,23.2,01646500
2023-09-13,2870.0,7.6,22.8,01646500
2023-09-14,2320.0,0.0,21.3,01646500
2023-09-15,1600.0,0.0,18.3,01646500
2023-09-16,1230.0,0.0,18.8,01646500
2023-09-17,1250.0,11.3,18.3,01646500
2023-09-18,1170.0,2.9,19.0,01646500
2023-09-19,1150.0,0.0,18.9,01646500
2023-09-20,1230.0,0.0,18.3,01646500
2023-09-21,1320.0,0.0,19.4,01646500
2023-09-22,1530.0,0.0,18.0,01646500
2023-09-23,2010.0,24.6,15.3,01646500
2023-09-24,5510.0,26.3,17.3,01646500
2023-09-25,4270.0,0.6,17.8,01646500
2023-09-26,3590.0,2.1,15.4,01646500
2023-09-27,4630.0,0.3,15.6,01646500
2023-09-28,4410.0,0.0,15.2,01646500
2023-09-29,3580.0,1.5,17.2,01646500
2023-09-30,3000.0,0.0,18.9,01646500
2023-10-01,2510.0,0.0,19.7,01646500
2023-10-02,2050.0,0.0,20.7,01646500
2023-10-03,1900.0,0.0,21.1,01646500
2023-10-04,1750.0,0.0,20.4,01646500
2023-10-05,1520.0,0.3,18.6,01646500
2023-10-06,1470.0,1.2,20.1,01646500
2023-10-07,1430.0,8.0,17.0,01646500
2023-10-08,1500.0,0.0,12.3,01646500
2023-10-09,1300.0,1.1,11.5,01646500
2023-10-10,1360.0,0.3,12.6,01646500
2023-10-11,1400.0,0.0,14.0,01646500
2023-10-12,1330.0,0.0,14.8,01646500
2023-10-13,1290.0,0.0,14.9,01646500
2023-10-14,1320.0,6.9,13.6,01646500
2023-10-15,1550.0,11.4,12.2,01646500
2023-10-16,1410.0,0.0,10.8,01646500
2023-10-17,1400.0,0.0,12.9,01646500
2023-10-18,1590.0,0.0,11.7,01646500
2023-10-19,1810.0,0.0,13.1,01646500
2023-10-20,1720.0,1.5,15.1,01646500
2023-10-21,1640.0,1.3,13.6,01646500
2023-10-22,1460.0,0.4,12.2,01646500
2023-10-23,1310.0,0.0,10.4,01646500
2023-10-24,1230.0,0.0,11.3,01646500
2023-10-25,1260.0,0.0,14.6,01646500
2023-10-26,1180.0,0.0,17.2,01646500
2023-10-27,1160.0,0.0,19.6,01646500
2023-10-28,1170.0,0.0,20.8,01646500
2023-10-29,1240.0,0.3,19.9,01646500
2023-10-30,1070.0,2.1,16.7,01646500
2023-10-31,1100.0,1.9,9.7,01646500
2023-11-01,1090.0,0.0,5.7,01646500
2023-11-02,1040.0,0.0,4.6,01646500
2023-11-03,1040.0,0.0,6.5,01646500
2023-11-04,1020.0,0.0,9.9,01646500
2023-11-05,988.0,0.0,12.0,01646500
2023-11-06,1020.0,0.0,11.0,01646500
2023-11-07,904.0,0.0,15.9,01646500
2023-11-08,996.0,0.0,12.7,01646500
2023-11-09,1050.0,0.0,14.2,01646500
2023-11-10,1040.0,8.0,10.5,01646500
2023-11-11,1030.0,0.0,7.5,01646500
2023-11-12,1140.0,0.0,6.6,01646500
2023-11-13,1110.0,0.0,5.4,01646500
2023-11-14,1090.0,0.0,8.6,01646500
2023-11-15,1080.0,0.0,7.2,01646500
2023-11-16,1060.0,0.0,10.5,01646500
2023-11-17,1090.0,0.0,12.6,01646500
2023-11-18,1090.0,2.6,12.6,01646500
2023-11-19,1110.0,0.0,7.7,01646500
2023-11-20,1090.0,0.0,6.3,01646500
2023-11-21,1400.0,20.7,5.8,01646500
2023-11-22,4060.0,28.2,10.9,01646500
2023-11-23,4850.0,0.0,8.2,01646500
2023-11-24,10500.0,0.0,6.9,01646500
2023-11-25,9260.0,0.0,2.4,01646500
2023-11-26,6860.0,2.0,2.4,01646500
2023-11-27,5060.0,1.9,4.9,01646500
2023-11-28,3970.0,0.0,0.7,01646500
2023-11-29,3240.0,0.0,-2.1,01646500
2023-11-30,2780.0,0.0,3.4,01646500
2023-12-01,2510.0,5.0,5.8,01646500
2023-12-02,2350.0,0.3,10.5,01646500
2023-12-03,2610.0,22.1,11.6,01646500
2023-12-04,2550.0,0.0,8.9,01646500
2023-12-05,2330.0,0.0,5.0,01646500
2023-12-06,2360.0,2.2,4.3,01646500
2023-12-07,2340.0,0.0,2.5,01646500
2023-12-08,2210.0,0.0,5.5,01646500
2023-12-09,2270.0,0.0,6.6,01646500
2023-12-10,2390.0,20.6,12.3,01646500
2023-12-11,6070.0,32.7,5.0,01646500
2023-12-12,5840.0,0.0,1.9,01646500
2023-12-13,6900.0,0.0,3.6,01646500
2023-12-14,7830.0,0.0,1.7,01646500
2023-12-15,6850.0,0.0,4.3,01646500
2023-12-16,5590.0,0.0,6.1,01646500
2023-12-17,5100.0,5.7,7.3,01646500
2023-12-18,17500.0,48.4,10.0,01646500
2023-12-19,21000.0,0.0,2.7,01646500
2023-12-20,18600.0,0.0,0.5,01646500
2023-12-21,13900.0,0.0,2.4,01646500
2023-12-22,10300.0,0.0,3.0,01646500
2023-12-23,7930.0,0.0,3.9,01646500
2023-12-24,6640.0,0.3,4.9,01646500
2023-12-25,5690.0,0.0,6.4,01646500
2023-12-26,5100.0,4.6,6.5,01646500
2023-12-27,5580.0,41.2,8.6,01646500
2023-12-28,7490.0,7.5,11.0,01646500
2023-12-29,7670.0,0.0,8.4,01646500
2023-12-30,10200.0,0.0,5.1,01646500
2023-12-31,10200.0,0.0,5.0,01646500
2024-01-01,8930.0,0.5,3.2,01646500
2024-01-02,7760.0,0.6,2.5,01646500
2024-01-03,6860.0,0.0,1.9,01646500
2024-01-04,6050.0,0.1,3.2,01646500
2024-01-05,5430.0,0.0,-0.9,01646500
2024-01-06,5480.0,16.3,0.2,01646500
2024-01-07,7410.0,2.1,2.9,01646500
2024-01-08,6380.0,0.0,4.2,01646500
2024-01-09,9460.0,27.5,4.3,01646500
2024-01-10,39000.0,17.4,8.7,01646500
2024-01-11,68600.0,0.0,4.3,01646500
2024-01-12,52900.0,0.8,4.6,01646500
2024-01-13,40100.0,7.7,7.7,01646500
2024-01-14,37000.0,1.0,0.3,01646500
2024-01-15,33100.0,3.0,-3.1,01646500
2024-01-16,26400.0,5.3,-2.4,01646500
2024-01-17,20700.0,0.0,-7.4,01646500
2024-01-18,16700.0,0.0,-4.2,01646500
2024-01-19,14000.0,7.1,-1.5,01646500
2024-01-20,12300.0,0.0,-6.4,01646500
2024-01-21,10400.0,0.0,-6.2,01646500
2024-01-22,9960.0,0.0,-5.1,01646500
2024-01-23,8970.0,0.0,0.0,01646500
2024-01-24,8000.0,0.2,4.1,01646500
2024-01-25,8410.0,4.7,13.6,01646500
2024-01-26,9860.0,3.4,17.5,01646500
2024-01-27,11500.0,0.0,11.2,01646500
2024-01-28,31500.0,33.9,6.3,01646500
2024-01-29,49100.0,2.3,5.1,01646500
2024-01-30,66800.0,0.0,3.7,01646500
2024-01-31,49400.0,0.2,3.4,01646500
2024-02-01,34600.0,0.0,3.9,01646500
2024-02-02,26900.0,2.0,7.2,01646500
2024-02-03,22300.0,0.0,4.0,01646500
2024-02-04,18700.0,0.0,2.8,01646500
2024-02-05,16000.0,0.0,2.9,01646500
2024-02-06,13900.0,0.0,1.4,01646500
2024-02-07,12500.0,0.0,1.9,01646500
2024-02-08,11400.0,0.0,3.8,01646500
2024-02-09,10400.0,0.0,7.5,01646500
2024-02-10,9420.0,1.2,10.3,01646500
2024-02-11,8890.0,5.0,10.5,01646500
2024-02-12,8370.0,0.6,8.4,01646500
2024-02-13,11300.0,26.6,5.3,01646500
2024-02-14,21000.0,0.0,2.8,01646500
2024-02-15,37700.0,0.0,1.3,01646500
2024-02-16,31900.0,0.0,4.7,01646500
2024-02-17,24800.0,5.2,1.8,01646500
2024-02-18,20700.0,0.0,-0.2,01646500
2024-02-19,18100.0,0.0,1.8,01646500
2024-02-20,16000.0,0.0,1.3,01646500
2024-02-21,14300.0,0.0,1.5,01646500
2024-02-22,13000.0,4.2,3.0,01646500
2024-02-23,12500.0,1.7,7.1,01646500
2024-02-24,14800.0,0.0,5.8,01646500
2024-02-25,19000.0,0.0,0.8,01646500
2024-02-26,17700.0,0.0,6.8,01646500
2024-02-27,15900.0,0.6,11.0,01646500
2024-02-28,14600.0,13.1,14.5,01646500
2024-02-29,14000.0,2.0,3.5,01646500
2024-03-01,14200.0,0.0,3.5,01646500
2024-03-02,15500.0,17.4,6.8,01646500
2024-03-03,19800.0,0.0,9.6,01646500
2024-03-04,22400.0,0.0,11.6,01646500
2024-03-05,21900.0,20.0,10.3,01646500
2024-03-06,21000.0,11.8,9.5,01646500
2024-03-07,19200.0,2.8,12.3,01646500
2024-03-08,17200.0,0.0,9.4,01646500
2024-03-09,16800.0,26.4,7.2,01646500
2024-03-10,32200.0,3.4,6.5,01646500
2024-03-11,60500.0,0.0,5.0,01646500
2024-03-12,47200.0,0.0,10.7,01646500
2024-03-13,34700.0,0.0,13.7,01646500
2024-03-14,27300.0,0.0,14.4,01646500
2024-03-15,22800.0,0.8,17.3,01646500
2024-03-16,20100.0,0.6,11.9,01646500
2024-03-17,18500.0,0.0,12.7,01646500
2024-03-18,16500.0,0.0,7.1,01646500
2024-03-19,14700.0,0.0,3.9,01646500
2024-03-20,13400.0,0.0,8.9,01646500
2024-03-21,12000.0,0.0,3.3,01646500
2024-03-22,10900.0,0.0,4.4,01646500
2024-03-23,12300.0,46.2,8.0,01646500
2024-03-24,15100.0,0.0,3.6,01646500
2024-03-25,14700.0,0.0,5.2,01646500
2024-03-26,13700.0,0.0,6.9,01646500
2024-03-27,12900.0,11.4,7.3,01646500
2024-03-28,12100.0,5.1,8.5,01646500
2024-03-29,11200.0,0.0,8.4,01646500
2024-03-30,10400.0,0.0,9.8,01646500
2024-03-31,9930.0,6.9,12.0,01646500
2024-04-01,10200.0,4.3,11.2,01646500
2024-04-02,14000.0,7.3,10.1,01646500
2024-04-03,42400.0,24.7,9.4,01646500
2024-04-04,82800.0,10.4,7.7,01646500
2024-04-05,81500.0,0.9,6.8,01646500
2024-04-06,53500.0,0.1,6.5,01646500
2024-04-07,38400.0,0.0,9.4,01646500
2024-04-08,30100.0,0.0,11.6,01646500
2024-04-09,25100.0,0.1,16.0,01646500
2024-04-10,21700.0,3.1,17.7,01646500
2024-04-11,18700.0,4.1,17.9,01646500
2024-04-12,17400.0,21.4,16.3,01646500
2024-04-13,22300.0,0.2,13.1,01646500
2024-04-14,32900.0,0.0,15.0,01646500
2024-04-15,36200.0,0.0,20.0,01646500
2024-04-16,29600.0,0.0,17.3,01646500
2024-04-17,24100.0,13.6,15.5,01646500
2024-04-18,20100.0,0.0,18.7,01646500
2024-04-19,17000.0,2.9,12.1,01646500
2024-04-20,15500.0,0.7,14.3,01646500
2024-04-21,13900.0,0.0,9.9,01646500
2024-04-22,12600.0,0.0,9.5,01646500
2024-04-23,11500.0,0.0,12.4,01646500
2024-04-24,10400.0,0.0,16.8,01646500
2024-04-25,9400.0,0.0,12.0,01646500
2024-04-26,8720.0,0.0,11.0,01646500
2024-04-27,8250.0,1.7,11.3,01646500
2024-04-28,7980.0,0.0,17.9,01646500
2024-04-29,7720.0,0.2,22.8,01646500
2024-04-30,7500.0,0.0,22.9,01646500
2024-05-01,7400.0,1.1,21.0,01646500
2024-05-02,6860.0,0.0,22.3,01646500
2024-05-03,6380.0,0.0,20.8,01646500
2024-05-04,6560.0,12.5,11.7,01646500
2024-05-05,6680.0,11.9,14.0,01646500
2024-05-06,6730.0,7.0,19.2,01646500
2024-05-07,8660.0,20.5,19.9,01646500
2024-05-08,8780.0,0.1,22.5,01646500
2024-05-09,8980.0,1.0,18.9,01646500
2024-05-10,11100.0,6.3,14.2,01646500
2024-05-11,9880.0,1.2,12.2,01646500
2024-05-12,11400.0,5.4,13.2,01646500
2024-05-13,12600.0,0.0,15.4,01646500
2024-05-14,12800.0,2.2,16.7,01646500
2024-05-15,11700.0,11.5,16.5,01646500
2024-05-16,10200.0,0.1,18.4,01646500
2024-05-17,9540.0,0.5,17.7,01646500
2024-05-18,8850.0,23.5,15.8,01646500
2024-05-19,8660.0,0.5,17.2,01646500
2024-05-20,9470.0,0.0,18.5,01646500
2024-05-21,13700.0,0.0,20.7,01646500
2024-05-22,13000.0,0.0,22.2,01646500
2024-05-23,10900.0,3.5,22.8,01646500
2024-05-24,9660.0,4.1,22.0,01646500
2024-05-25,8340.0,0.2,23.4,01646500
2024-05-26,8770.0,4.2,22.7,01646500
2024-05-27,8460.0,4.9,22.3,01646500
2024-05-28,9090.0,1.3,21.9,01646500
2024-05-29,7680.0,3.8,18.8,01646500
2024-05-30,6890.0,0.2,17.1,01646500
2024-05-31,6480.0,0.0,17.0,01646500
2024-06-01,5750.0,0.0,19.2,01646500
2024-06-02,5150.0,0.2,20.7,01646500
2024-06-03,4720.0,1.1,22.3,01646500
2024-06-04,4370.0,0.4,23.8,01646500
2024-06-05,4260.0,21.5,21.6,01646500
2024-06-06,4450.0,3.0,24.0,01646500
2024-06-07,4810.0,0.1,23.4,01646500
2024-06-08,4750.0,0.0,21.9,01646500
2024-06-09,5400.0,0.5,22.3,01646500
2024-06-10,4680.0,0.1,21.0,01646500
2024-06-11,4080.0,7.9,18.7,01646500
2024-06-12,3560.0,0.0,19.8,01646500
2024-06-13,3270.0,0.6,23.3,01646500
2024-06-14,3040.0,3.9,25.0,01646500
2024-06-15,3020.0,7.0,23.0,01646500
2024-06-16,2900.0,0.0,23.0,01646500
2024-06-17,2830.0,0.0,25.3,01646500
2024-06-18,2660.0,0.0,26.7,01646500
2024-06-19,2460.0,0.0,25.8,01646500
2024-06-20,2310.0,0.0,25.6,01646500
2024-06-21,2160.0,0.0,27.0,01646500
2024-06-22,1980.0,0.1,29.5,01646500
2024-06-23,1930.0,0.1,30.3,01646500
2024-06-24,1770.0,0.0,27.6,01646500
2024-06-25,1590.0,0.0,25.6,01646500
2024-06-26,1560.0,0.6,28.0,01646500
2024-06-27,1860.0,17.3,24.9,01646500
2024-06-28,1440.0,0.0,23.7,01646500
2024-06-29,1550.0,0.1,25.4,01646500
2024-06-30,1660.0,7.3,28.0,01646500
2024-07-01,2840.0,0.9,21.6,01646500
2024-07-02,2410.0,0.0,22.1,01646500
2024-07-03,1970.0,0.0,23.8,01646500
2024-07-04,1700.0,9.6,25.7,01646500
2024-07-05,1770.0,0.1,27.9,01646500
2024-07-06,1620.0,0.0,30.2,01646500
2024-07-07,1600.0,0.0,29.6,01646500
2024-07-08,1490.0,0.6,29.0,01646500
2024-07-09,1390.0,0.4,29.2,01646500
2024-07-10,1320.0,0.7,29.7,01646500
2024-07-11,1480.0,1.7,27.0,01646500
2024-07-12,1590.0,27.9,23.3,01646500
2024-07-13,2080.0,21.2,25.3,01646500
2024-07-14,1470.0,0.2,27.8,01646500
2024-07-15,1290.0,0.3,29.4,01646500
2024-07-16,1450.0,0.0,29.9,01646500
2024-07-17,1160.0,2.2,28.4,01646500
2024-07-18,1380.0,0.2,25.0,01646500
2024-07-19,1110.0,0.5,23.5,01646500
2024-07-20,1080.0,1.5,23.5,01646500
2024-07-21,1040.0,0.6,24.2,01646500
2024-07-22,1000.0,14.0,23.2,01646500
2024-07-23,1080.0,11.3,24.3,01646500
2024-07-24,1150.0,12.8,24.3,01646500
2024-07-25,2110.0,10.3,23.9,01646500
2024-07-26,1780.0,0.6,22.8,01646500
2024-07-27,1560.0,0.0,23.5,01646500
2024-07-28,1410.0,0.0,24.2,01646500
2024-07-29,1310.0,0.4,25.9,01646500
2024-07-30,1330.0,15.1,25.1,01646500
2024-07-31,1260.0,0.2,26.5,01646500
2024-08-01,1210.0,1.3,27.6,01646500
2024-08-02,1290.0,0.0,28.4,01646500
2024-08-03,1440.0,9.8,26.3,01646500
2024-08-04,1660.0,4.8,24.8,01646500
2024-08-05,1560.0,0.0,26.7,01646500
2024-08-06,1330.0,0.4,27.6,01646500
2024-08-07,1430.0,5.9,25.5,01646500
2024-08-08,3470.0,35.4,23.2,01646500
2024-08-09,9590.0,34.9,24.1,01646500
2024-08-10,44000.0,0.7,25.2,01646500
2024-08-11,41800.0,0.0,23.1,01646500
2024-08-12,20400.0,0.0,22.1,01646500
2024-08-13,12800.0,0.0,22.1,01646500
2024-08-14,8680.0,0.0,22.5,01646500
2024-08-15,6500.0,0.0,23.1,01646500
2024-08-16,5050.0,0.0,24.2,01646500
2024-08-17,4310.0,2.0,23.7,01646500
2024-08-18,4760.0,10.1,23.4,01646500
2024-08-19,4150.0,30.1,22.5,01646500
2024-08-20,3270.0,0.3,20.0,01646500
2024-08-21,2930.0,0.0,17.8,01646500
2024-08-22,2610.0,0.0,18.3,01646500
2024-08-23,2510.0,0.0,19.7,01646500
2024-08-24,2310.0,0.0,21.1,01646500
2024-08-25,2190.0,0.0,22.6,01646500
2024-08-26,2070.0,8.1,23.5,01646500
2024-08-27,2040.0,0.0,25.2,01646500
2024-08-28,1870.0,2.1,27.5,01646500
2024-08-29,1800.0,20.3,25.0,01646500
2024-08-30,3080.0,17.1,22.4,01646500
2024-08-31,2910.0,0.2,23.3,01646500
2024-09-01,2750.0,2.6,23.3,01646500
2024-09-02,3250.0,0.1,22.2,01646500
2024-09-03,4010.0,0.0,18.3,01646500
2024-09-04,4030.0,0.0,17.6,01646500
2024-09-05,3370.0,0.0,18.7,01646500
2024-09-06,2970.0,0.0,19.9,01646500
2024-09-07,2560.0,0.4,19.0,01646500
2024-09-08,2500.0,0.0,16.5,01646500
2024-09-09,2170.0,0.0,17.1,01646500
2024-09-10,1940.0,0.0,19.6,01646500
2024-09-11,1780.0,0.0,20.8,01646500
2024-09-12,1640.0,0.0,20.6,01646500
2024-09-13,1650.0,0.2,20.3,01646500
2024-09-14,1680.0,0.0,21.5,01646500
2024-09-15,1390.0,0.0,20.6,01646500
2024-09-16,1350.0,0.0,19.2,01646500
2024-09-17,1340.0,3.4,20.7,01646500
2024-09-18,1600.0,14.6,20.8,01646500
2024-09-19,1810.0,1.4,21.1,01646500
2024-09-20,1450.0,0.4,21.1,01646500
2024-09-21,1730.0,2.4,21.4,01646500
2024-09-22,3200.0,11.3,20.1,01646500
2024-09-23,2960.0,1.9,19.0,01646500
2024-09-24,2770.0,8.4,17.9,01646500
2024-09-25,2780.0,7.4,19.2,01646500
2024-09-26,4850.0,3.7,21.5,01646500
2024-09-27,5130.0,13.2,21.8,01646500
2024-09-28,4350.0,3.9,23.5,01646500
2024-09-29,8930.0,3.6,20.1,01646500
2024-09-30,24300.0,10.3,18.1,01646500
2024-10-01,17300.0,4.4,17.7,01646500
2024-10-02,31100.0,0.8,17.9,01646500
2024-10-03,38100.0,0.5,18.1,01646500
2024-10-04,29200.0,1.3,19.9,01646500
2024-10-05,21700.0,1.3,19.6,01646500
2024-10-06,16100.0,0.0,17.1,01646500
2024-10-07,12500.0,0.3,18.8,01646500
2024-10-08,9900.0,0.0,14.6,01646500
2024-10-09,8160.0,0.0,14.4,01646500
2024-10-10,6920.0,0.0,12.4,01646500
2024-10-11,5990.0,0.0,12.1,01646500
2024-10-12,5290.0,0.0,16.2,01646500
2024-10-13,4650.0,0.0,18.5,01646500
2024-10-14,4110.0,0.0,17.5,01646500
2024-10-15,3770.0,0.0,10.3,01646500
2024-10-16,3480.0,0.0,8.7,01646500
2024-10-17,3210.0,0.0,9.1,01646500
2024-10-18,3080.0,0.0,11.1,01646500
2024-10-19,2910.0,0.0,12.7,01646500
2024-10-20,2850.0,0.0,13.1,01646500
2024-10-21,2650.0,0.0,14.9,01646500
2024-10-22,2610.0,0.0,16.8,01646500
2024-10-23,2520.0,0.0,16.4,01646500
2024-10-24,2370.0,0.0,16.1,01646500
2024-10-25,2310.0,0.0,11.7,01646500
2024-10-26,2230.0,0.0,14.9,01646500
2024-10-27,2170.0,0.0,10.0,01646500
2024-10-28,2060.0,0.0,9.6,01646500
2024-10-29,1970.0,0.0,11.4,01646500
2024-10-30,2040.0,0.0,15.7,01646500
2024-10-31,1950.0,0.0,19.4,01646500
2024-11-01,1940.0,0.0,21.0,01646500
2024-11-02,1920.0,0.0,13.0,01646500
2024-11-03,1910.0,0.0,9.6,01646500
2024-11-04,1860.0,0.0,9.8,01646500
2024-11-05,1850.0,0.0,14.9,01646500
2024-11-06,1840.0,0.0,19.9,01646500
2024-11-07,1830.0,0.0,20.7,01646500
2024-11-08,1760.0,0.0,16.2,01646500
2024-11-09,1770.0,0.0,12.2,01646500
2024-11-10,1750.0,0.0,8.7,01646500
2024-11-11,1900.0,8.3,15.8,01646500
2024-11-12,1830.0,0.0,12.4,01646500
2024-11-13,1840.0,0.0,5.5,01646500
2024-11-14,1830.0,3.1,5.7,01646500
2024-11-15,1930.0,5.7,8.7,01646500
2024-11-16,1880.0,0.0,11.3,01646500
2024-11-17,2010.0,0.0,7.9,01646500
2024-11-18,2040.0,0.0,10.9,01646500
2024-11-19,2010.0,0.0,12.3,01646500
2024-11-20,2140.0,11.8,12.6,01646500
2024-11-21,2650.0,15.8,7.4,01646500
2024-11-22,2510.0,6.2,2.4,01646500
2024-11-23,2370.0,1.8,6.9,01646500
2024-11-24,2340.0,0.0,9.2,01646500
2024-11-25,2250.0,0.0,6.8,01646500
2024-11-26,2360.0,1.3,11.5,01646500
2024-11-27,2340.0,0.0,6.9,01646500
2024-11-28,2450.0,4.2,8.7,01646500
2024-11-29,2570.0,0.0,4.4,01646500
2024-11-30,2650.0,0.0,-0.5,01646500
2024-12-01,3140.0,0.0,-0.6,01646500
2024-12-02,3270.0,0.0,-0.7,01646500
2024-12-03,3030.0,0.0,-0.5,01646500
2024-12-04,2800.0,0.0,-0.3,01646500
2024-12-05,2640.0,1.0,2.4,01646500
2024-12-06,2420.0,0.0,-1.7,01646500
2024-12-07,2330.0,0.0,-0.7,01646500
2024-12-08,2220.0,0.0,5.9,01646500
2024-12-09,2070.0,1.9,7.5,01646500
2024-12-10,2080.0,0.3,8.7,01646500
2024-12-11,2970.0,38.5,12.3,01646500
2024-12-12,4320.0,0.2,2.2,01646500
2024-12-13,6180.0,0.0,-0.7,01646500
2024-12-14,7650.0,0.0,-1.0,01646500
2024-12-15,7600.0,1.5,0.2,01646500
2024-12-16,7650.0,14.3,4.2,01646500
2024-12-17,6870.0,0.1,10.5,01646500
2024-12-18,6480.0,2.3,6.9,01646500
2024-12-19,6190.0,4.3,5.3,01646500
2024-12-20,6400.0,1.0,1.7,01646500
2024-12-21,7080.0,0.1,0.5,01646500
2024-12-22,6720.0,0.0,-3.2,01646500
2024-12-23,6190.0,0.0,-4.2,01646500
2024-12-24,5550.0,0.6,-0.4,01646500
2024-12-25,5040.0,0.0,2.8,01646500
2024-12-26,4720.0,0.0,1.5,01646500
2024-12-27,4440.0,0.0,1.5,01646500
2024-12-28,4400.0,18.3,6.9,01646500
2024-12-29,4550.0,1.4,13.6,01646500
2024-12-30,4510.0,0.5,12.6,01646500
2024-12-31,4370.0,2.3,7.3,01646500
