date,Q_target,precip_target,temp_target,Q_01636500,precip_01636500,Q_01638480,precip_01638480,qpf_lead1,qpf_lead3,qpf_lead7
2000-01-01,5250.0,0.0,5.5,1870.0,0.0,51.0,0.0,,,
2000-01-02,5030.0,0.0,11.0,1840.0,0.0,48.0,0.0,,,
2000-01-03,4850.0,0.0,14.7,1780.0,0.2,46.0,0.2,,,
2000-01-04,4900.0,15.6,16.3,1720.0,15.0,53.0,15.0,,,
2000-01-05,5260.0,3.5,5.6,1700.0,0.5,66.0,0.5,,,
2000-01-06,4810.0,0.0,1.9,1580.0,0.0,50.0,0.0,,,
2000-01-07,4470.0,0.0,3.6,1540.0,0.0,45.0,0.0,,,
2000-01-08,4240.0,0.0,2.0,1470.0,0.0,42.0,0.0,,,
2000-01-09,4140.0,2.4,4.7,1470.0,1.1,40.0,1.1,,,
2000-01-10,4210.0,10.4,6.9,1430.0,10.4,59.0,10.4,,,
2000-01-11,4720.0,0.0,8.2,1470.0,0.2,111.0,0.2,,,
2000-01-12,5540.0,0.0,5.2,1480.0,0.0,70.0,0.0,,,
2000-01-13,5380.0,0.7,6.3,1470.0,0.1,66.0,0.1,,,
2000-01-14,4910.0,0.0,-1.8,1480.0,0.0,47.0,0.0,,,
2000-01-15,4670.0,0.0,-1.9,1440.0,0.0,41.0,0.0,,,
2000-01-16,4390.0,0.0,4.3,1370.0,0.0,37.0,0.0,,,
2000-01-17,4270.0,0.0,-2.9,1350.0,0.0,34.0,0.0,,,
2000-01-18,3890.0,0.7,-5.6,1340.0,1.9,32.0,1.9,,,
2000-01-19,3760.0,0.0,-2.7,1280.0,0.0,31.0,0.0,,,
2000-01-20,3670.0,9.3,-0.2,1300.0,7.7,39.0,7.7,,,
2000-01-21,2870.0,0.0,-6.4,1680.0,0.0,32.0,0.0,,,
2000-01-22,2840.0,0.0,-9.3,1350.0,0.0,27.0,0.0,,,
2000-01-23,2940.0,0.0,-3.7,1320.0,0.2,31.0,0.2,,,
2000-01-24,3290.0,0.0,-2.0,1520.0,0.0,35.0,0.0,,,
2000-01-25,3440.0,17.4,-2.5,1560.0,12.5,32.0,12.5,,,
2000-01-26,2580.0,0.6,-4.6,1370.0,0.5,30.0,0.5,,,
2000-01-27,2840.0,0.0,-8.4,1740.0,0.0,27.0,0.0,,,
2000-01-28,3100.0,0.0,-9.0,1830.0,0.0,25.0,0.0,,,
2000-01-29,3300.0,0.0,-8.0,1490.0,0.0,26.0,0.0,,,
2000-01-30,3440.0,13.6,-4.6,1490.0,13.1,29.0,13.1,,,
2000-01-31,2990.0,7.4,-1.9,1670.0,4.8,27.0,4.8,,,
2000-02-01,3020.0,0.0,-5.2,1560.0,0.0,23.0,0.0,,,
2000-02-02,3250.0,0.0,-5.4,1600.0,0.0,20.0,0.0,,,
2000-02-03,3360.0,0.0,-4.3,1570.0,0.0,26.0,0.0,,,
2000-02-04,3360.0,1.0,-0.4,1550.0,0.8,32.0,0.8,,,
2000-02-05,3400.0,0.0,-0.8,1480.0,0.0,34.0,0.0,,,
2000-02-06,3190.0,0.0,-1.7,1390.0,0.0,32.0,0.0,,,
2000-02-07,3260.0,0.0,1.1,1320.0,0.0,31.0,0.0,,,
2000-02-08,3360.0,0.0,-0.3,1320.0,0.0,29.0,0.0,,,
2000-02-09,3330.0,0.0,-1.4,1300.0,0.0,31.0,0.0,,,
2000-02-10,3450.0,0.0,3.1,1220.0,0.0,37.0,0.0,,,
2000-02-11,4130.0,1.0,6.2,1390.0,0.9,86.0,0.9,,,
2000-02-12,5180.0,0.4,0.9,1680.0,0.0,177.0,0.0,,,
2000-02-13,5670.0,0.0,-0.5,1770.0,0.0,102.0,0.0,,,
2000-02-14,6470.0,12.1,6.6,1830.0,13.0,101.0,13.0,,,
2000-02-15,7720.0,0.0,3.9,1850.0,0.0,127.0,0.0,,,
2000-02-16,10900.0,0.7,6.2,1870.0,1.0,96.0,1.0,,,
2000-02-17,13200.0,0.0,3.2,2010.0,0.0,88.0,0.0,,,
2000-02-18,14400.0,15.4,1.0,2180.0,18.3,133.0,18.3,,,
2000-02-19,18600.0,6.6,9.2,3840.0,9.8,621.0,9.8,,,
2000-02-20,35400.0,0.0,3.5,6150.0,0.0,312.0,0.0,,,
2000-02-21,58400.0,0.0,3.0,6080.0,0.0,212.0,0.0,,,
2000-02-22,40800.0,0.0,3.8,5790.0,0.0,175.0,0.0,,,
2000-02-23,31300.0,0.0,5.5,4870.0,0.0,148.0,0.0,,,
2000-02-24,24300.0,0.0,11.1,4180.0,0.0,129.0,0.0,,,
2000-02-25,20000.0,0.4,15.1,3600.0,0.0,116.0,0.0,,,
2000-02-26,17300.0,0.0,10.5,3180.0,0.0,105.0,0.0,,,
2000-02-27,15200.0,0.7,12.4,2840.0,0.0,101.0,0.0,,,
2000-02-28,16100.0,15.5,11.4,2810.0,16.2,237.0,16.2,,,
2000-02-29,18200.0,0.0,8.0,2720.0,0.0,156.0,0.0,,,
2000-03-01,16200.0,0.2,9.3,2520.0,1.0,133.0,1.0,,,
2000-03-02,14800.0,0.0,9.6,2370.0,0.0,120.0,0.0,,,
2000-03-03,13200.0,0.0,5.2,2250.0,0.0,103.0,0.0,,,
2000-03-04,11700.0,0.0,5.9,2120.0,0.0,94.0,0.0,,,
2000-03-05,10400.0,0.0,8.8,2000.0,0.0,88.0,0.0,,,
2000-03-06,9470.0,0.0,8.5,1960.0,0.0,79.0,0.0,,,
2000-03-07,8640.0,0.0,9.7,1870.0,0.0,78.0,0.0,,,
2000-03-08,7930.0,0.0,16.8,1800.0,0.0,70.0,0.0,,,
2000-03-09,7360.0,0.0,17.9,1640.0,0.0,69.0,0.0,,,
2000-03-10,6810.0,0.0,16.8,1660.0,0.0,64.0,0.0,,,
2000-03-11,6650.0,5.1,12.3,1660.0,6.8,78.0,6.8,,,
2000-03-12,7640.0,13.6,10.2,1750.0,17.2,156.0,17.2,,,
2000-03-13,14200.0,0.0,4.5,2680.0,0.0,111.0,0.0,,,
2000-03-14,23200.0,0.0,7.5,3140.0,0.0,87.0,0.0,,,
2000-03-15,20700.0,0.0,11.3,3170.0,0.0,75.0,0.0,,,
2000-03-16,16800.0,1.0,14.6,3080.0,1.8,71.0,1.8,,,
2000-03-17,14800.0,14.8,11.3,2940.0,7.6,90.0,7.6,,,
2000-03-18,13700.0,0.0,1.8,2730.0,0.1,80.0,0.1,,,
2000-03-19,12700.0,0.0,3.7,2450.0,0.0,67.0,0.0,,,
2000-03-20,11100.0,0.0,5.7,2390.0,0.0,64.0,0.0,,,
2000-03-21,12900.0,22.4,5.1,2560.0,28.4,358.0,28.4,,,
2000-03-22,29300.0,9.1,5.4,5170.0,9.6,638.0,9.6,,,
2000-03-23,51400.0,0.0,9.4,8860.0,0.0,369.0,0.0,,,
2000-03-24,41900.0,0.0,11.7,8720.0,0.0,274.0,0.0,,,
2000-03-25,33500.0,1.4,14.0,6900.0,1.7,222.0,1.7,,,
2000-03-26,28500.0,0.8,14.8,5930.0,0.2,206.0,0.2,,,
2000-03-27,24700.0,7.5,12.5,5160.0,2.1,169.0,2.1,,,
2000-03-28,22700.0,30.6,11.3,4590.0,16.3,174.0,16.3,,,
2000-03-29,20100.0,0.4,9.2,4090.0,0.0,156.0,0.0,,,
2000-03-30,17800.0,0.0,10.5,3630.0,0.0,129.0,0.0,,,
2000-03-31,15600.0,0.0,9.1,3220.0,0.0,113.0,0.0,,,
2000-04-01,13400.0,0.0,10.7,2880.0,0.0,101.0,0.0,,,
2000-04-02,11900.0,0.0,13.7,2550.0,0.0,97.0,0.0,,,
2000-04-03,10800.0,0.0,17.5,2450.0,0.0,98.0,0.0,,,
2000-04-04,10400.0,5.1,17.5,2370.0,9.1,121.0,9.1,,,
2000-04-05,10500.0,0.0,8.3,2320.0,0.0,107.0,0.0,,,
2000-04-06,13500.0,0.0,12.9,2230.0,0.0,85.0,0.0,,,
2000-04-07,13300.0,0.6,15.0,2260.0,0.4,76.0,0.4,,,
2000-04-08,12600.0,13.7,17.3,2290.0,17.2,119.0,17.2,,,
2000-04-09,17200.0,10.7,6.2,2940.0,5.2,403.0,5.2,,,
2000-04-10,17300.0,0.0,9.5,2940.0,0.0,200.0,0.0,,,
2000-04-11,14200.0,0.3,11.6,2910.0,0.7,147.0,0.7,,,
2000-04-12,12500.0,3.9,11.2,2710.0,5.3,128.0,5.3,,,
2000-04-13,11200.0,0.0,6.6,2400.0,0.0,111.0,0.0,,,
2000-04-14,10300.0,0.0,8.7,2210.0,0.0,102.0,0.0,,,
2000-04-15,9640.0,3.3,12.4,2120.0,2.0,97.0,2.0,,,
2000-04-16,9150.0,2.5,17.8,2000.0,1.0,94.0,1.0,,,
2000-04-17,11500.0,17.0,15.3,2020.0,22.1,126.0,22.1,,,
2000-04-18,14300.0,22.1,8.0,2430.0,24.9,330.0,24.9,,,
2000-04-19,17400.0,0.0,11.2,3150.0,0.1,336.0,0.1,,,
2000-04-20,18400.0,0.0,14.4,4560.0,0.0,211.0,0.0,,,
2000-04-21,21000.0,17.6,14.9,5280.0,15.0,201.0,15.0,,,
2000-04-22,23500.0,9.0,10.5,4760.0,10.0,274.0,10.0,,,
2000-04-23,30300.0,0.7,10.9,4220.0,1.0,220.0,1.0,,,
2000-04-24,39400.0,0.0,12.4,3710.0,0.0,175.0,0.0,,,
2000-04-25,27800.0,1.6,12.3,3200.0,0.2,153.0,0.2,,,
2000-04-26,21100.0,0.5,9.7,2890.0,2.3,140.0,2.3,,,
2000-04-27,17400.0,2.9,9.6,3100.0,4.1,129.0,4.1,,,
2000-04-28,15500.0,0.9,11.1,3860.0,0.7,121.0,0.7,,,
2000-04-29,14600.0,0.3,13.0,3620.0,0.0,112.0,0.0,,,
2000-04-30,13000.0,0.0,14.1,3210.0,0.0,99.0,0.0,,,
2000-05-01,11600.0,0.0,15.3,2970.0,0.0,89.0,0.0,,,
2000-05-02,10600.0,1.8,17.9,2750.0,6.6,86.0,6.6,,,
2000-05-03,9610.0,0.0,15.7,2540.0,0.0,77.0,0.0,,,
2000-05-04,8900.0,0.0,17.0,2230.0,0.0,71.0,0.0,,,
2000-05-05,8240.0,0.2,21.8,2080.0,0.7,68.0,0.7,,,
2000-05-06,7630.0,0.0,23.4,1950.0,0.0,65.0,0.0,,,
2000-05-07,7090.0,0.0,24.7,1710.0,0.0,60.0,0.0,,,
2000-05-08,6450.0,0.0,25.0,1760.0,0.0,55.0,0.0,,,
2000-05-09,6290.0,0.0,25.5,1660.0,0.0,51.0,0.0,,,
2000-05-10,6190.0,4.2,24.3,1600.0,3.1,49.0,3.1,,,
2000-05-11,6100.0,0.0,18.9,1450.0,0.0,50.0,0.0,,,
2000-05-12,5830.0,0.0,22.7,1440.0,0.2,43.0,0.2,,,
2000-05-13,5420.0,2.1,26.8,1360.0,8.1,46.0,8.1,,,
2000-05-14,5040.0,2.4,19.6,1240.0,0.2,48.0,0.2,,,
2000-05-15,4620.0,0.0,16.5,1280.0,0.0,39.0,0.0,,,
2000-05-16,4400.0,0.0,16.0,1220.0,0.0,34.0,0.0,,,
2000-05-17,4200.0,0.2,18.8,1150.0,0.0,33.0,0.0,,,
2000-05-18,3880.0,0.0,22.8,1080.0,0.0,32.0,0.0,,,
2000-05-19,3730.0,7.8,23.9,1030.0,7.1,37.0,7.1,,,
2000-05-20,3800.0,15.8,16.3,1060.0,13.1,51.0,13.1,,,
2000-05-21,3960.0,2.7,15.0,1040.0,4.3,47.0,4.3,,,
2000-05-22,4640.0,13.4,15.5,1120.0,13.9,57.0,13.9,,,
2000-05-23,5230.0,0.1,17.4,1260.0,0.6,64.0,0.6,,,
2000-05-24,6080.0,1.2,21.5,1700.0,1.4,57.0,1.4,,,
2000-05-25,7470.0,0.0,22.0,3150.0,0.0,45.0,0.0,,,
2000-05-26,11300.0,0.0,19.5,2560.0,0.0,34.0,0.0,,,
2000-05-27,10600.0,12.2,16.7,2080.0,7.3,30.0,7.3,,,
2000-05-28,8970.0,6.1,14.6,1730.0,6.5,39.0,6.5,,,
2000-05-29,7940.0,7.7,15.3,1620.0,5.3,59.0,5.3,,,
2000-05-30,9030.0,0.0,14.1,1500.0,0.0,43.0,0.0,,,
2000-05-31,11500.0,0.0,16.0,1430.0,0.0,35.0,0.0,,,
2000-06-01,10900.0,0.0,21.3,1520.0,0.0,31.0,0.0,,,
2000-06-02,9570.0,1.9,26.3,1480.0,0.0,28.0,0.0,,,
2000-06-03,8200.0,0.0,22.5,1340.0,0.0,25.0,0.0,,,
2000-06-04,6740.0,0.0,18.4,1210.0,0.0,22.0,0.0,,,
2000-06-05,5870.0,0.0,17.8,1130.0,0.2,21.0,0.2,,,
2000-06-06,5520.0,19.2,16.0,1140.0,13.8,34.0,13.8,,,
2000-06-07,5530.0,0.0,17.8,1120.0,0.0,44.0,0.0,,,
2000-06-08,6520.0,0.0,20.2,1110.0,0.0,28.0,0.0,,,
2000-06-09,8390.0,0.0,23.4,1060.0,0.0,22.0,0.0,,,
2000-06-10,7790.0,0.0,26.1,1250.0,0.0,19.0,0.0,,,
2000-06-11,6740.0,0.0,27.6,1210.0,0.1,17.0,0.1,,,
2000-06-12,5560.0,0.8,27.8,1140.0,1.0,15.0,1.0,,,
2000-06-13,4860.0,2.1,22.9,1050.0,0.4,15.0,0.4,,,
2000-06-14,4580.0,0.0,22.3,991.0,0.0,18.0,0.0,,,
2000-06-15,4270.0,0.1,25.2,1160.0,2.4,40.0,2.4,,,
2000-06-16,5830.0,0.0,26.4,1540.0,1.4,101.0,1.4,,,
2000-06-17,6620.0,8.2,27.5,2660.0,9.1,51.0,9.1,,,
2000-06-18,12300.0,16.3,25.5,2950.0,8.3,67.0,8.3,,,
2000-06-19,12000.0,7.2,21.2,3050.0,3.2,40.0,3.2,,,
2000-06-20,9430.0,0.0,20.5,3660.0,0.0,29.0,0.0,,,
2000-06-21,8660.0,0.0,23.5,3370.0,0.5,23.0,0.5,,,
2000-06-22,9700.0,10.4,25.5,3670.0,5.6,50.0,5.6,,,
2000-06-23,10200.0,0.0,24.0,3780.0,0.0,38.0,0.0,,,
2000-06-24,8550.0,0.0,25.1,3050.0,0.0,23.0,0.0,,,
2000-06-25,6920.0,0.0,26.7,2480.0,0.3,19.0,0.3,,,
2000-06-26,7960.0,0.7,27.6,2120.0,4.4,17.0,4.4,,,
2000-06-27,6810.0,0.2,26.9,1840.0,0.8,15.0,0.8,,,
2000-06-28,6430.0,3.9,23.0,1640.0,2.1,16.0,2.1,,,
2000-06-29,5350.0,3.4,22.8,1530.0,2.5,18.0,2.5,,,
2000-06-30,5100.0,0.0,22.3,1750.0,0.0,16.0,0.0,,,
2000-07-01,4920.0,0.0,22.7,2190.0,0.0,13.0,0.0,,,
2000-07-02,4860.0,0.0,23.3,2340.0,0.0,10.0,0.0,,,
2000-07-03,4740.0,0.0,24.9,1870.0,0.3,9.5,0.3,,,
2000-07-04,4570.0,4.2,25.0,1600.0,5.8,15.0,5.8,,,
2000-07-05,4090.0,0.0,26.3,1430.0,0.0,16.0,0.0,,,
2000-07-06,3560.0,0.0,24.7,1380.0,0.0,12.0,0.0,,,
2000-07-07,3430.0,0.0,23.4,1300.0,0.2,9.0,0.2,,,
2000-07-08,3060.0,0.0,21.6,1070.0,0.0,7.5,0.0,,,
2000-07-09,2820.0,0.0,24.0,1040.0,0.0,6.8,0.0,,,
2000-07-10,2310.0,4.9,27.5,1090.0,3.0,6.0,3.0,,,
2000-07-11,2420.0,7.0,23.9,988.0,5.5,6.2,5.5,,,
2000-07-12,2580.0,0.0,23.6,983.0,0.0,6.7,0.0,,,
2000-07-13,2500.0,2.8,21.9,846.0,1.9,6.8,1.9,,,
2000-07-14,2310.0,2.0,23.3,868.0,0.9,7.6,0.9,,,
2000-07-15,3650.0,19.9,21.9,976.0,16.5,44.0,16.5,,,
2000-07-16,4520.0,9.6,21.6,1090.0,5.9,60.0,5.9,,,
2000-07-17,4660.0,0.0,22.7,971.0,0.0,66.0,0.0,,,
2000-07-18,4550.0,0.0,25.1,851.0,0.0,15.0,0.0,,,
2000-07-19,3410.0,8.6,22.6,813.0,14.9,11.0,14.9,,,
2000-07-20,3470.0,20.3,19.6,779.0,4.1,12.0,4.1,,,
2000-07-21,4750.0,0.0,22.4,789.0,0.2,13.0,0.2,,,
2000-07-22,3700.0,0.7,22.9,836.0,0.0,10.0,0.0,,,
2000-07-23,3300.0,0.0,21.7,812.0,0.0,8.1,0.0,,,
2000-07-24,3270.0,4.1,20.7,887.0,6.1,8.4,6.1,,,
2000-07-25,3510.0,0.8,20.4,819.0,2.4,9.6,2.4,,,
2000-07-26,3430.0,13.0,19.2,786.0,30.6,11.0,30.6,,,
2000-07-27,3160.0,0.1,21.6,775.0,0.0,10.0,0.0,,,
2000-07-28,3160.0,3.6,23.3,764.0,6.5,10.0,6.5,,,
2000-07-29,4300.0,4.1,23.2,804.0,2.2,13.0,2.2,,,
2000-07-30,3640.0,6.2,24.6,780.0,2.3,12.0,2.3,,,
2000-07-31,4100.0,5.2,24.6,817.0,1.1,11.0,1.1,,,
2000-08-01,4520.0,9.5,25.2,2220.0,6.5,52.0,6.5,,,
2000-08-02,6790.0,2.3,25.0,2590.0,2.2,108.0,2.2,,,
2000-08-03,7880.0,0.0,24.7,2500.0,1.2,30.0,1.2,,,
2000-08-04,9610.0,3.4,24.3,2290.0,9.7,39.0,9.7,,,
2000-08-05,7740.0,0.0,22.7,2040.0,0.0,24.0,0.0,,,
2000-08-06,8230.0,6.1,22.0,2320.0,5.6,37.0,5.6,,,
2000-08-07,10200.0,1.2,27.6,2710.0,0.2,128.0,0.2,,,
2000-08-08,19600.0,0.0,27.4,1950.0,0.0,39.0,0.0,,,
2000-08-09,17100.0,0.4,27.8,1520.0,8.3,23.0,8.3,,,
2000-08-10,10200.0,1.9,26.2,1320.0,0.1,17.0,0.1,,,
2000-08-11,7260.0,0.2,25.0,1130.0,0.0,15.0,0.0,,,
2000-08-12,5610.0,0.0,23.1,1050.0,0.3,12.0,0.3,,,
2000-08-13,4720.0,3.8,19.8,926.0,0.7,12.0,0.7,,,
2000-08-14,4040.0,0.2,21.3,867.0,0.0,10.0,0.0,,,
2000-08-15,3630.0,0.2,23.3,849.0,0.1,9.1,0.1,,,
2000-08-16,3330.0,4.5,25.4,824.0,2.9,8.2,2.9,,,
2000-08-17,2880.0,0.0,22.3,767.0,0.0,6.8,0.0,,,
2000-08-18,2770.0,8.9,21.8,741.0,18.1,6.2,18.1,,,
2000-08-19,2570.0,0.0,20.4,758.0,0.0,6.5,0.0,,,
2000-08-20,2320.0,0.0,20.1,777.0,0.0,6.1,0.0,,,
2000-08-21,2210.0,0.0,19.2,797.0,0.0,5.6,0.0,,,
2000-08-22,2120.0,0.0,20.7,1040.0,0.0,5.2,0.0,,,
2000-08-23,2160.0,0.0,22.4,914.0,1.2,4.9,1.2,,,
2000-08-24,2400.0,2.3,23.7,813.0,1.4,4.9,1.4,,,
2000-08-25,2410.0,0.0,23.6,789.0,0.0,4.9,0.0,,,
2000-08-26,2140.0,0.0,23.2,762.0,0.0,4.6,0.0,,,
2000-08-27,2050.0,4.8,23.3,740.0,4.8,4.9,4.8,,,
2000-08-28,2490.0,8.3,22.2,814.0,7.9,4.7,7.9,,,
2000-08-29,2480.0,3.9,22.7,1120.0,2.9,4.6,2.9,,,
2000-08-30,2710.0,1.3,23.5,802.0,0.2,6.7,0.2,,,
2000-08-31,2890.0,6.6,24.1,809.0,2.0,7.2,2.0,,,
2000-09-01,3890.0,5.5,24.8,868.0,5.8,28.0,5.8,,,
2000-09-02,3760.0,7.0,24.7,957.0,2.4,24.0,2.4,,,
2000-09-03,4030.0,13.6,24.0,1180.0,9.6,27.0,9.6,,,
2000-09-04,4590.0,1.1,24.5,1490.0,0.6,30.0,0.6,,,
2000-09-05,4650.0,0.0,20.0,4440.0,0.0,17.0,0.0,,,
2000-09-06,6140.0,0.0,16.7,3550.0,0.0,9.6,0.0,,,
2000-09-07,6320.0,0.0,17.1,2800.0,0.0,6.6,0.0,,,
2000-09-08,5190.0,0.0,18.7,2630.0,0.0,5.4,0.0,,,
2000-09-09,4670.0,3.6,21.9,2280.0,6.9,4.9,6.9,,,
2000-09-10,4230.0,0.0,23.6,1930.0,0.0,4.5,0.0,,,
2000-09-11,3800.0,0.0,22.4,1670.0,1.6,4.3,1.6,,,
2000-09-12,3370.0,0.0,23.7,1560.0,0.0,4.5,0.0,,,
2000-09-13,3030.0,1.4,24.3,1460.0,1.5,4.7,1.5,,,
2000-09-14,3110.0,1.4,21.3,1250.0,1.6,6.3,1.6,,,
2000-09-15,3510.0,5.1,20.8,1220.0,5.6,5.3,5.6,,,
2000-09-16,3830.0,0.1,15.9,1060.0,0.0,3.9,0.0,,,
2000-09-17,3440.0,0.0,15.3,1010.0,0.0,3.2,0.0,,,
2000-09-18,2840.0,0.0,17.6,888.0,0.0,2.9,0.0,,,
2000-09-19,3160.0,18.9,17.7,1170.0,17.7,25.0,17.7,,,
2000-09-20,4110.0,0.9,20.4,3410.0,0.6,100.0,0.6,,,
2000-09-21,8410.0,0.0,22.7,2970.0,0.0,30.0,0.0,,,
2000-09-22,7060.0,0.0,17.6,2890.0,0.0,15.0,0.0,,,
2000-09-23,5400.0,0.0,19.1,2000.0,0.0,10.0,0.0,,,
2000-09-24,4410.0,1.5,21.5,1610.0,2.2,8.6,2.2,,,
2000-09-25,4760.0,25.1,15.3,1480.0,26.7,33.0,26.7,,,
2000-09-26,7470.0,31.5,10.9,2840.0,22.2,242.0,22.2,,,
2000-09-27,9890.0,0.0,13.8,4390.0,0.0,97.0,0.0,,,
2000-09-28,12900.0,0.0,15.6,5440.0,0.1,53.0,0.1,,,
2000-09-29,15300.0,0.0,13.9,4390.0,0.0,32.0,0.0,,,
2000-09-30,12000.0,0.0,13.7,3590.0,0.0,25.0,0.0,,,
2000-10-01,9360.0,0.0,15.8,2900.0,0.0,22.0,0.0,,,
2000-10-02,7550.0,0.0,18.7,2420.0,0.0,19.0,0.0,,,
2000-10-03,6380.0,0.0,20.2,2080.0,0.0,17.0,0.0,,,
2000-10-04,5720.0,0.0,22.4,1830.0,0.2,15.0,0.2,,,
2000-10-05,5130.0,0.2,20.6,1670.0,0.1,13.0,0.1,,,
2000-10-06,4610.0,0.5,20.7,1530.0,1.1,13.0,1.1,,,
2000-10-07,4080.0,0.0,14.5,1410.0,0.0,12.0,0.0,,,
2000-10-08,3720.0,0.0,9.2,1290.0,0.0,11.0,0.0,,,
2000-10-09,3430.0,0.3,7.5,1210.0,0.5,9.9,0.5,,,
2000-10-10,3290.0,0.0,9.3,1170.0,0.3,10.0,0.3,,,
2000-10-11,3400.0,0.0,12.2,1100.0,0.0,11.0,0.0,,,
2000-10-12,3520.0,0.0,14.0,1040.0,0.0,9.9,0.0,,,
2000-10-13,3060.0,0.0,15.1,1010.0,0.0,9.2,0.0,,,
2000-10-14,2770.0,0.0,16.1,975.0,0.0,8.1,0.0,,,
2000-10-15,2590.0,0.0,17.8,905.0,0.0,8.2,0.0,,,
2000-10-16,2420.0,0.0,18.7,873.0,0.0,8.1,0.0,,,
2000-10-17,2300.0,0.0,17.3,877.0,0.1,8.1,0.1,,,
2000-10-18,2480.0,0.4,17.1,889.0,1.7,11.0,1.7,,,
2000-10-19,2400.0,0.0,15.8,840.0,0.0,15.0,0.0,,,
2000-10-20,2430.0,0.0,15.2,808.0,0.0,17.0,0.0,,,
2000-10-21,2450.0,0.0,16.5,769.0,0.0,13.0,0.0,,,
2000-10-22,2560.0,0.0,16.0,755.0,0.0,12.0,0.0,,,
2000-10-23,2310.0,0.0,12.5,733.0,0.0,11.0,0.0,,,
2000-10-24,2260.0,1.5,12.3,724.0,3.2,11.0,3.2,,,
2000-10-25,2240.0,0.2,15.4,730.0,0.0,12.0,0.0,,,
2000-10-26,2120.0,0.0,15.2,741.0,0.0,12.0,0.0,,,
2000-10-27,2110.0,0.0,15.1,730.0,0.0,13.0,0.0,,,
2000-10-28,2050.0,0.0,16.1,722.0,0.0,13.0,0.0,,,
2000-10-29,1970.0,0.0,9.4,712.0,0.0,12.0,0.0,,,
2000-10-30,1900.0,0.0,9.8,697.0,0.0,11.0,0.0,,,
2000-10-31,1900.0,0.0,9.4,671.0,0.0,9.9,0.0,,,
2000-11-01,1920.0,0.0,9.5,677.0,0.0,9.7,0.0,,,
2000-11-02,1750.0,0.0,11.0,678.0,0.0,9.3,0.0,,,
2000-11-03,1810.0,0.0,12.3,662.0,0.0,13.0,0.0,,,
2000-11-04,1770.0,0.0,14.8,662.0,0.0,10.0,0.0,,,
2000-11-05,1730.0,0.0,11.4,663.0,0.0,9.9,0.0,,,
2000-11-06,1750.0,0.0,7.8,658.0,0.0,9.6,0.0,,,
2000-11-07,1720.0,0.0,9.8,643.0,0.0,8.5,0.0,,,
2000-11-08,1780.0,0.4,12.3,652.0,0.0,9.0,0.0,,,
2000-11-09,1810.0,4.0,14.1,675.0,6.3,9.8,6.3,,,
2000-11-10,2220.0,5.5,15.1,688.0,8.5,13.0,8.5,,,
2000-11-11,2120.0,0.0,11.7,733.0,0.0,25.0,0.0,,,
2000-11-12,2450.0,0.0,9.8,753.0,0.0,15.0,0.0,,,
2000-11-13,2790.0,0.0,9.4,736.0,0.0,11.0,0.0,,,
2000-11-14,3190.0,6.5,9.6,781.0,2.6,9.4,2.6,,,
2000-11-15,3220.0,0.0,5.5,805.0,0.0,9.6,0.0,,,
2000-11-16,2820.0,0.0,4.7,759.0,0.0,10.0,0.0,,,
2000-11-17,2500.0,2.1,8.0,712.0,0.0,9.6,0.0,,,
2000-11-18,2370.0,0.0,3.7,707.0,0.0,9.5,0.0,,,
2000-11-19,2270.0,0.0,3.5,694.0,0.0,9.5,0.0,,,
2000-11-20,2170.0,0.7,2.8,685.0,0.9,9.2,0.9,,,
2000-11-21,2150.0,0.0,1.1,679.0,0.0,8.6,0.0,,,
2000-11-22,2110.0,0.0,-0.9,683.0,0.0,9.0,0.0,,,
2000-11-23,2010.0,0.0,-0.7,670.0,0.0,8.7,0.0,,,
2000-11-24,2020.0,0.0,-0.1,660.0,0.0,8.5,0.0,,,
2000-11-25,2010.0,6.6,1.7,652.0,4.7,9.2,4.7,,,
2000-11-26,2460.0,17.0,10.7,759.0,15.3,31.0,15.3,,,
2000-11-27,2680.0,0.0,8.7,880.0,0.0,43.0,0.0,,,
2000-11-28,3390.0,0.0,7.7,841.0,0.0,19.0,0.0,,,
2000-11-29,3350.0,2.7,5.4,888.0,3.8,14.0,3.8,,,
2000-11-30,3380.0,1.2,5.0,879.0,0.3,12.0,0.3,,,
2000-12-01,3170.0,0.0,3.0,838.0,0.0,11.0,0.0,,,
2000-12-02,3280.0,0.0,2.0,793.0,0.0,10.0,0.0,,,
2000-12-03,3190.0,0.0,-1.2,709.0,0.0,9.1,0.0,,,
2000-12-04,2990.0,0.0,-0.8,714.0,0.0,7.6,0.0,,,
2000-12-05,2930.0,0.0,1.2,686.0,0.0,7.9,0.0,,,
2000-12-06,2750.0,0.0,-0.8,690.0,0.0,7.6,0.0,,,
2000-12-07,2590.0,0.0,0.0,678.0,0.0,7.9,0.0,,,
2000-12-08,2540.0,0.0,3.1,684.0,0.0,7.9,0.0,,,
2000-12-09,2450.0,0.0,1.9,689.0,0.0,7.8,0.0,,,
2000-12-10,2490.0,0.0,0.7,678.0,0.0,7.2,0.0,,,
2000-12-11,2500.0,0.0,1.9,671.0,0.0,7.3,0.0,,,
2000-12-12,2520.0,0.1,5.5,692.0,0.0,6.8,0.0,,,
2000-12-13,2370.0,0.0,-0.8,657.0,0.0,6.6,0.0,,,
2000-12-14,3010.0,23.5,1.9,729.0,23.4,19.0,23.4,,,
2000-12-15,3430.0,0.0,0.9,762.0,0.0,60.0,0.0,,,
2000-12-16,4840.0,11.7,2.6,901.0,11.0,34.0,11.0,,,
2000-12-17,9450.0,37.9,11.2,1040.0,29.7,400.0,29.7,,,
2000-12-18,23100.0,0.0,-0.2,1520.0,0.0,185.0,0.0,,,
2000-12-19,15900.0,4.2,-0.5,1820.0,5.6,92.0,5.6,,,
2000-12-20,13800.0,1.5,-3.4,3340.0,1.4,62.0,1.4,,,
2000-12-21,12800.0,0.0,-2.8,2890.0,0.0,54.0,0.0,,,
2000-12-22,10600.0,0.0,-1.5,2330.0,0.0,38.0,0.0,,,
2000-12-23,7200.0,0.0,-6.6,1930.0,0.0,31.0,0.0,,,
2000-12-24,6770.0,0.0,-2.6,1500.0,0.0,25.0,0.0,,,
2000-12-25,5150.0,0.0,-4.2,1250.0,0.0,19.0,0.0,,,
2000-12-26,4960.0,0.0,-5.9,1160.0,0.0,15.0,0.0,,,
2000-12-27,4350.0,0.0,-2.5,1130.0,0.0,13.0,0.0,,,
2000-12-28,4880.0,0.0,-3.2,1100.0,0.0,11.0,0.0,,,
2000-12-29,4500.0,0.0,-4.1,1070.0,0.0,12.0,0.0,,,
2000-12-30,4150.0,0.0,-2.9,1040.0,0.0,13.0,0.0,,,
2000-12-31,4190.0,0.0,-3.3,1010.0,0.0,14.0,0.0,,,
2001-01-01,3630.0,0.0,-2.4,980.0,0.0,11.0,0.0,,,
2001-01-02,3900.0,0.0,-2.1,960.0,0.0,9.2,0.0,,,
2001-01-03,3650.0,0.0,-2.8,945.0,0.0,8.0,0.0,,,
2001-01-04,3580.0,0.0,-2.1,930.0,0.0,7.2,0.0,,,
2001-01-05,3450.0,1.4,-1.3,915.0,1.3,6.3,1.3,,,
2001-01-06,3270.0,0.0,0.6,900.0,0.0,7.3,0.0,,,
2001-01-07,3230.0,0.0,1.2,890.0,0.0,8.8,0.0,,,
2001-01-08,3090.0,4.8,1.0,875.0,4.0,10.0,4.0,,,
2001-01-09,3160.0,0.0,-1.1,860.0,0.0,13.0,0.0,,,
2001-01-10,3430.0,0.0,0.2,850.0,0.0,12.0,0.0,,,
2001-01-11,3070.0,0.0,2.5,840.0,0.0,11.0,0.0,,,
2001-01-12,3290.0,0.0,1.7,825.0,0.0,12.0,0.0,,,
2001-01-13,3070.0,0.0,1.0,810.0,0.0,10.0,0.0,,,
2001-01-14,2970.0,0.0,0.8,795.0,0.2,11.0,0.2,,,
2001-01-15,2930.0,0.5,4.0,790.0,0.5,12.0,0.5,,,
2001-01-16,2920.0,0.0,4.3,790.0,0.1,12.0,0.1,,,
2001-01-17,3100.0,0.0,2.0,785.0,0.0,11.0,0.0,,,
2001-01-18,2890.0,2.3,1.0,782.0,2.0,21.0,2.0,,,
2001-01-19,3790.0,24.4,2.4,821.0,23.9,68.0,23.9,,,
2001-01-20,6120.0,20.7,2.1,1050.0,17.1,242.0,17.1,,,
2001-01-21,9230.0,10.0,-1.8,1690.0,10.4,143.0,10.4,,,
2001-01-22,8890.0,0.0,-4.5,2090.0,0.0,108.0,0.0,,,
2001-01-23,10100.0,0.0,-0.7,2670.0,0.0,89.0,0.0,,,
2001-01-24,10600.0,0.0,0.4,2400.0,0.0,71.0,0.0,,,
2001-01-25,9670.0,0.0,0.4,2000.0,0.0,57.0,0.0,,,
2001-01-26,8130.0,0.0,-1.3,1880.0,0.0,54.0,0.0,,,
2001-01-27,7780.0,0.3,2.0,1590.0,0.2,48.0,0.2,,,
2001-01-28,6810.0,0.0,0.8,1580.0,0.0,42.0,0.0,,,
2001-01-29,6390.0,0.0,1.5,1460.0,0.0,44.0,0.0,,,
2001-01-30,6990.0,8.3,6.4,1580.0,11.6,290.0,11.6,,,
2001-01-31,12000.0,0.0,9.1,2490.0,0.0,259.0,0.0,,,
2001-02-01,18300.0,0.0,4.6,2740.0,0.0,163.0,0.0,,,
2001-02-02,27000.0,0.6,3.9,3100.0,0.9,123.0,0.9,,,
2001-02-03,20600.0,0.0,-0.3,2760.0,0.0,99.0,0.0,,,
2001-02-04,16200.0,0.0,0.1,2420.0,0.0,81.0,0.0,,,
2001-02-05,13400.0,12.4,2.2,2210.0,4.1,81.0,4.1,,,
2001-02-06,11700.0,0.0,3.3,2030.0,0.0,85.0,0.0,,,
2001-02-07,10400.0,0.0,4.7,1890.0,0.0,86.0,0.0,,,
2001-02-08,9590.0,0.0,4.5,1730.0,0.0,73.0,0.0,,,
2001-02-09,8770.0,0.0,10.5,1610.0,0.0,65.0,0.0,,,
2001-02-10,8040.0,1.0,11.4,1510.0,1.2,62.0,1.2,,,
2001-02-11,7520.0,0.0,0.9,1370.0,0.0,53.0,0.0,,,
2001-02-12,7140.0,0.0,0.4,1340.0,0.0,47.0,0.0,,,
2001-02-13,7580.0,1.6,5.3,1310.0,1.0,47.0,1.0,,,
2001-02-14,7730.0,0.6,7.7,1240.0,0.6,49.0,0.6,,,
2001-02-15,7950.0,0.6,10.6,1220.0,1.2,51.0,1.2,,,
2001-02-16,8660.0,8.5,5.9,1210.0,8.5,53.0,8.5,,,
2001-02-17,10300.0,8.8,4.3,1280.0,5.7,85.0,5.7,,,
2001-02-18,11600.0,0.0,-1.1,1530.0,0.0,69.0,0.0,,,
2001-02-19,12600.0,0.0,0.9,1560.0,0.0,54.0,0.0,,,
2001-02-20,12100.0,0.0,6.6,1540.0,1.1,53.0,1.1,,,
2001-02-21,11100.0,0.0,7.5,1520.0,0.0,52.0,0.0,,,
2001-02-22,9850.0,10.3,-2.2,1470.0,7.4,48.0,7.4,,,
2001-02-23,8800.0,1.3,-1.8,1420.0,0.8,48.0,0.8,,,
2001-02-24,7920.0,0.0,-0.8,1400.0,0.0,53.0,0.0,,,
2001-02-25,7430.0,1.4,4.6,1370.0,2.5,55.0,2.5,,,
2001-02-26,7460.0,0.0,9.7,1390.0,0.0,67.0,0.0,,,
2001-02-27,7410.0,0.0,6.4,1420.0,0.0,55.0,0.0,,,
2001-02-28,7470.0,1.2,5.1,1430.0,0.3,50.0,0.3,,,
2001-03-01,7750.0,0.0,1.7,1410.0,0.0,48.0,0.0,,,
2001-03-02,7460.0,0.0,5.5,1370.0,0.0,46.0,0.0,,,
2001-03-03,7000.0,0.0,7.1,1330.0,0.0,45.0,0.0,,,
2001-03-04,6820.0,7.3,5.3,1270.0,11.0,45.0,11.0,,,
2001-03-05,7320.0,8.6,2.1,1430.0,10.7,91.0,10.7,,,
2001-03-06,8320.0,0.0,-1.2,1520.0,0.0,89.0,0.0,,,
2001-03-07,8960.0,0.0,3.2,1510.0,0.0,68.0,0.0,,,
2001-03-08,8940.0,0.0,3.5,1490.0,0.0,60.0,0.0,,,
2001-03-09,8810.0,3.0,3.7,1450.0,5.8,58.0,5.8,,,
2001-03-10,8760.0,0.0,2.2,1400.0,0.0,54.0,0.0,,,
2001-03-11,8720.0,0.0,5.1,1280.0,0.0,51.0,0.0,,,
2001-03-12,8380.0,0.0,5.3,1270.0,0.0,48.0,0.0,,,
2001-03-13,8290.0,10.9,10.0,1290.0,8.7,65.0,8.7,,,
2001-03-14,9060.0,0.2,9.4,1260.0,0.8,72.0,0.8,,,
2001-03-15,10600.0,7.0,6.4,1240.0,2.5,57.0,2.5,,,
2001-03-16,12000.0,2.7,6.6,1230.0,2.8,62.0,2.8,,,
2001-03-17,12000.0,2.0,8.6,1290.0,1.0,72.0,1.0,,,
2001-03-18,11800.0,0.0,5.5,1320.0,0.0,64.0,0.0,,,
2001-03-19,12000.0,0.0,4.8,1410.0,0.0,55.0,0.0,,,
2001-03-20,12500.0,0.2,4.8,1480.0,0.0,51.0,0.0,,,
2001-03-21,15500.0,17.9,6.8,2160.0,26.4,457.0,26.4,,,
2001-03-22,27100.0,2.1,7.4,16500.0,2.3,555.0,2.3,,,
2001-03-23,64600.0,0.2,8.7,19400.0,0.9,276.0,0.9,,,
2001-03-24,50200.0,0.0,7.7,11400.0,0.1,199.0,0.1,,,
2001-03-25,34400.0,0.0,4.3,8230.0,0.0,160.0,0.0,,,
2001-03-26,26900.0,0.0,2.1,6400.0,0.0,134.0,0.0,,,
2001-03-27,22600.0,0.0,0.0,5240.0,0.0,115.0,0.0,,,
2001-03-28,19300.0,0.0,2.5,4480.0,0.0,104.0,0.0,,,
2001-03-29,17000.0,7.6,3.6,3940.0,7.7,121.0,7.7,,,
2001-03-30,29900.0,25.6,8.2,6520.0,21.7,999.0,21.7,,,
2001-03-31,40300.0,1.0,6.9,10100.0,1.0,339.0,1.0,,,
2001-04-01,40800.0,1.9,7.3,10500.0,2.7,265.0,2.7,,,
2001-04-02,35800.0,0.1,7.8,8600.0,0.2,213.0,0.2,,,
2001-04-03,29900.0,0.0,8.2,7720.0,0.0,173.0,0.0,,,
2001-04-04,26000.0,0.0,9.7,6920.0,0.0,150.0,0.0,,,
2001-04-05,22100.0,0.0,9.7,5950.0,0.0,132.0,0.0,,,
2001-04-06,19300.0,1.3,13.1,5220.0,0.7,127.0,0.7,,,
2001-04-07,17300.0,0.2,16.2,4800.0,0.0,133.0,0.0,,,
2001-04-08,16000.0,0.5,13.6,4430.0,0.2,114.0,0.2,,,
2001-04-09,16300.0,0.0,19.8,4040.0,0.0,106.0,0.0,,,
2001-04-10,17500.0,0.0,17.8,3820.0,0.0,119.0,0.0,,,
2001-04-11,20600.0,12.7,11.7,4030.0,11.6,252.0,11.6,,,
2001-04-12,23300.0,0.0,16.4,7880.0,0.1,241.0,0.1,,,
2001-04-13,36700.0,2.3,19.8,8670.0,1.3,173.0,1.3,,,
2001-04-14,37300.0,0.0,14.8,6830.0,0.0,140.0,0.0,,,
2001-04-15,27600.0,3.1,15.1,5620.0,5.3,128.0,5.3,,,
2001-04-16,23500.0,6.1,10.2,4930.0,6.2,198.0,6.2,,,
2001-04-17,25800.0,3.2,7.5,4440.0,1.2,164.0,1.2,,,
2001-04-18,29300.0,1.2,5.9,3890.0,1.0,133.0,1.0,,,
2001-04-19,23400.0,0.0,7.2,3430.0,0.0,115.0,0.0,,,
2001-04-20,19300.0,0.2,11.2,3120.0,0.3,105.0,0.3,,,
2001-04-21,16500.0,0.3,15.9,2770.0,3.8,100.0,3.8,,,
2001-04-22,14600.0,0.0,20.5,2550.0,0.0,95.0,0.0,,,
2001-04-23,13000.0,0.0,22.0,2460.0,0.0,87.0,0.0,,,
2001-04-24,11900.0,1.3,21.4,2350.0,0.5,80.0,0.5,,,
2001-04-25,10800.0,0.0,12.2,2180.0,0.0,73.0,0.0,,,
2001-04-26,9890.0,0.0,10.9,2000.0,0.0,69.0,0.0,,,
2001-04-27,8990.0,0.0,14.7,1880.0,0.0,65.0,0.0,,,
2001-04-28,8190.0,0.0,15.2,1800.0,0.0,61.0,0.0,,,
2001-04-29,7550.0,0.0,11.9,1650.0,0.0,53.0,0.0,,,
2001-04-30,7110.0,0.0,14.3,1620.0,0.0,51.0,0.0,,,
2001-05-01,6700.0,0.0,18.4,1530.0,0.0,49.0,0.0,,,
2001-05-02,6450.0,0.0,20.7,1520.0,0.0,48.0,0.0,,,
2001-05-03,6090.0,0.0,22.4,1450.0,0.0,45.0,0.0,,,
2001-05-04,5610.0,0.0,23.5,1390.0,0.0,41.0,0.0,,,
2001-05-05,5300.0,2.3,23.4,1300.0,0.9,38.0,0.9,,,
2001-05-06,4980.0,0.0,17.9,1260.0,0.0,36.0,0.0,,,
2001-05-07,4710.0,0.0,12.8,1240.0,0.0,34.0,0.0,,,
2001-05-08,4580.0,0.0,14.8,1190.0,0.0,32.0,0.0,,,
2001-05-09,4370.0,4.1,17.2,1180.0,2.4,33.0,2.4,,,
2001-05-10,4220.0,0.0,19.8,1140.0,0.0,32.0,0.0,,,
2001-05-11,4020.0,0.0,21.8,1080.0,0.0,30.0,0.0,,,
2001-05-12,3970.0,7.2,22.0,1060.0,0.0,28.0,0.0,,,
2001-05-13,3690.0,0.0,17.3,1020.0,0.0,28.0,0.0,,,
2001-05-14,3490.0,0.0,14.8,953.0,0.0,25.0,0.0,,,
2001-05-15,3300.0,0.0,15.6,931.0,0.0,24.0,0.0,,,
2001-05-16,3240.0,0.0,15.7,934.0,0.0,23.0,0.0,,,
2001-05-17,3280.0,0.0,14.6,923.0,0.4,23.0,0.4,,,
2001-05-18,3330.0,2.8,16.8,924.0,2.6,26.0,2.6,,,
2001-05-19,3560.0,31.6,18.0,1020.0,28.3,37.0,28.3,,,
2001-05-20,3620.0,2.9,17.8,1330.0,3.6,39.0,3.6,,,
2001-05-21,4230.0,15.6,15.3,1640.0,14.1,62.0,14.1,,,
2001-05-22,6700.0,9.8,20.3,1950.0,12.3,106.0,12.3,,,
2001-05-23,13000.0,9.4,18.8,3550.0,5.9,238.0,5.9,,,
2001-05-24,12200.0,0.0,18.4,5420.0,0.0,84.0,0.0,,,
2001-05-25,16500.0,3.5,18.9,5880.0,3.6,51.0,3.6,,,
2001-05-26,18600.0,29.2,17.1,4620.0,33.5,51.0,33.5,,,
2001-05-27,14600.0,25.2,18.4,4380.0,26.7,50.0,26.7,,,
2001-05-28,16900.0,0.2,19.2,4770.0,0.0,70.0,0.0,,,
2001-05-29,15900.0,0.0,18.4,4220.0,0.3,46.0,0.3,,,
2001-05-30,13200.0,0.0,17.1,3450.0,0.0,37.0,0.0,,,
2001-05-31,10800.0,0.0,14.6,2820.0,0.0,32.0,0.0,,,
2001-06-01,8910.0,13.4,15.4,2360.0,10.0,30.0,10.0,,,
2001-06-02,7760.0,17.6,19.9,2130.0,14.8,43.0,14.8,,,
2001-06-03,6960.0,0.0,18.6,1950.0,0.9,46.0,0.9,,,
2001-06-04,6160.0,0.0,17.6,1820.0,0.0,36.0,0.0,,,
2001-06-05,5640.0,17.7,20.6,1770.0,12.9,31.0,12.9,,,
2001-06-06,5370.0,1.1,22.1,1800.0,0.2,29.0,0.2,,,
2001-06-07,9770.0,24.3,19.8,2180.0,29.2,377.0,29.2,,,
2001-06-08,10400.0,0.0,20.2,2610.0,0.0,204.0,0.0,,,
2001-06-09,20200.0,0.0,20.3,2610.0,0.0,102.0,0.0,,,
2001-06-10,16100.0,0.0,21.0,2150.0,0.0,66.0,0.0,,,
2001-06-11,11700.0,0.0,22.2,2030.0,0.0,51.0,0.0,,,
2001-06-12,9050.0,0.3,24.8,1890.0,0.2,45.0,0.2,,,
2001-06-13,7350.0,3.2,26.4,1740.0,1.3,90.0,1.3,,,
2001-06-14,6450.0,0.1,25.3,1560.0,0.6,50.0,0.6,,,
2001-06-15,5570.0,2.8,24.4,1510.0,2.5,48.0,2.5,,,
2001-06-16,5650.0,30.6,23.4,1690.0,14.6,95.0,14.6,,,
2001-06-17,5540.0,5.6,23.9,2160.0,4.0,73.0,4.0,,,
2001-06-18,6220.0,0.0,23.5,1970.0,0.0,48.0,0.0,,,
2001-06-19,6520.0,0.0,24.2,1820.0,0.0,34.0,0.0,,,
2001-06-20,5210.0,0.0,25.0,1610.0,0.0,29.0,0.0,,,
2001-06-21,4380.0,1.0,25.5,1480.0,3.5,26.0,3.5,,,
2001-06-22,4490.0,2.4,24.8,1780.0,19.6,204.0,19.6,,,
2001-06-23,17200.0,16.2,21.9,7990.0,16.4,727.0,16.4,,,
2001-06-24,20000.0,0.0,21.1,11100.0,0.0,193.0,0.0,,,
2001-06-25,20100.0,0.0,22.3,5240.0,0.0,127.0,0.0,,,
2001-06-26,15100.0,0.0,24.2,3900.0,0.0,84.0,0.0,,,
2001-06-27,10600.0,0.0,25.2,2830.0,0.0,67.0,0.0,,,
2001-06-28,7710.0,0.6,27.0,2310.0,0.0,56.0,0.0,,,
2001-06-29,6180.0,0.1,27.3,1990.0,0.0,47.0,0.0,,,
2001-06-30,5140.0,1.4,27.5,1810.0,3.0,42.0,3.0,,,
2001-07-01,4930.0,1.9,26.4,1690.0,2.5,78.0,2.5,,,
2001-07-02,4870.0,0.5,20.3,1600.0,0.0,56.0,0.0,,,
2001-07-03,4170.0,0.0,19.7,1420.0,0.0,39.0,0.0,,,
2001-07-04,4480.0,2.5,24.1,1420.0,1.7,79.0,1.7,,,
2001-07-05,7350.0,14.5,23.6,1620.0,2.9,305.0,2.9,,,
2001-07-06,5390.0,0.0,21.5,1480.0,0.0,166.0,0.0,,,
2001-07-07,4180.0,0.0,22.0,1280.0,0.0,84.0,0.0,,,
2001-07-08,5050.0,5.2,23.2,1200.0,8.3,78.0,8.3,,,
2001-07-09,4730.0,0.1,25.7,1420.0,0.6,88.0,0.6,,,
2001-07-10,4380.0,0.0,26.2,1290.0,0.7,68.0,0.7,,,
2001-07-11,3870.0,4.6,24.9,1200.0,4.1,52.0,4.1,,,
2001-07-12,3690.0,0.0,21.8,1190.0,0.0,42.0,0.0,,,
2001-07-13,3440.0,0.0,21.4,1100.0,0.0,34.0,0.0,,,
2001-07-14,3070.0,0.0,21.3,1010.0,0.0,30.0,0.0,,,
2001-07-15,2730.0,0.0,22.5,971.0,0.0,27.0,0.0,,,
2001-07-16,2370.0,0.0,23.8,928.0,0.0,24.0,0.0,,,
2001-07-17,2420.0,1.2,25.8,908.0,0.2,22.0,0.2,,,
2001-07-18,2410.0,5.3,23.9,906.0,11.2,30.0,11.2,,,
2001-07-19,2480.0,0.0,23.1,981.0,0.0,53.0,0.0,,,
2001-07-20,2240.0,0.0,22.1,940.0,0.0,34.0,0.0,,,
2001-07-21,2140.0,0.0,22.0,873.0,0.0,25.0,0.0,,,
2001-07-22,1950.0,0.0,22.8,827.0,0.0,23.0,0.0,,,
2001-07-23,2010.0,0.0,25.0,886.0,0.0,21.0,0.0,,,
2001-07-24,2040.0,0.1,26.5,886.0,0.0,19.0,0.0,,,
2001-07-25,1980.0,4.1,27.8,839.0,3.6,17.0,3.6,,,
2001-07-26,1910.0,18.2,25.8,810.0,19.0,16.0,19.0,,,
2001-07-27,1730.0,0.0,21.6,960.0,0.0,15.0,0.0,,,
2001-07-28,1740.0,0.0,21.2,1020.0,0.0,14.0,0.0,,,
2001-07-29,2000.0,34.2,19.2,923.0,26.4,16.0,26.4,,,
2001-07-30,2720.0,2.7,20.8,1770.0,0.2,30.0,0.2,,,
2001-07-31,4980.0,0.8,22.1,3290.0,0.7,25.0,0.7,,,
2001-08-01,9580.0,0.0,22.7,3610.0,0.0,18.0,0.0,,,
2001-08-02,12100.0,0.0,22.6,2610.0,0.0,14.0,0.0,,,
2001-08-03,8350.0,0.0,23.8,1950.0,0.0,12.0,0.0,,,
2001-08-04,6140.0,0.8,25.2,1660.0,4.2,12.0,4.2,,,
2001-08-05,5180.0,1.1,25.8,2170.0,0.4,12.0,0.4,,,
2001-08-06,4800.0,0.0,27.0,1820.0,0.0,11.0,0.0,,,
2001-08-07,4360.0,0.0,28.5,1420.0,0.0,10.0,0.0,,,
2001-08-08,4480.0,0.0,29.2,1440.0,0.5,9.1,0.5,,,
2001-08-09,4090.0,0.0,29.9,1210.0,0.0,7.9,0.0,,,
2001-08-10,3570.0,6.4,28.9,1050.0,6.0,7.8,6.0,,,
2001-08-11,5300.0,17.9,26.1,1030.0,9.3,15.0,9.3,,,
2001-08-12,8660.0,15.1,25.2,1650.0,11.7,124.0,11.7,,,
2001-08-13,4680.0,12.9,24.8,1810.0,4.0,85.0,4.0,,,
2001-08-14,5140.0,0.5,24.7,5100.0,0.0,58.0,0.0,,,
2001-08-15,10100.0,0.4,23.7,3580.0,0.0,37.0,0.0,,,
2001-08-16,9970.0,0.1,24.1,2300.0,0.5,25.0,0.5,,,
2001-08-17,7070.0,0.1,25.5,1700.0,1.0,20.0,1.0,,,
2001-08-18,5300.0,0.0,24.3,1330.0,0.0,17.0,0.0,,,
2001-08-19,4130.0,1.2,23.9,1150.0,0.7,14.0,0.7,,,
2001-08-20,4550.0,0.0,24.3,1030.0,0.2,17.0,0.2,,,
2001-08-21,3600.0,0.0,23.5,1110.0,0.0,18.0,0.0,,,
2001-08-22,3280.0,0.0,23.4,1100.0,0.0,13.0,0.0,,,
2001-08-23,3810.0,5.0,24.3,944.0,1.8,11.0,1.8,,,
2001-08-24,4800.0,8.6,23.5,956.0,6.2,13.0,6.2,,,
2001-08-25,3450.0,0.3,23.9,1040.0,0.9,13.0,0.9,,,
2001-08-26,2860.0,0.0,22.8,928.0,0.0,11.0,0.0,,,
2001-08-27,2520.0,2.5,24.8,873.0,2.2,9.6,2.2,,,
2001-08-28,2350.0,0.4,25.3,870.0,0.0,9.1,0.0,,,
2001-08-29,2220.0,0.0,24.8,831.0,0.0,8.1,0.0,,,
2001-08-30,2180.0,19.4,24.0,797.0,11.6,7.6,11.6,,,
2001-08-31,2240.0,5.5,24.1,802.0,11.4,7.5,11.4,,,
2001-09-01,2250.0,0.2,23.4,827.0,0.6,8.9,0.6,,,
2001-09-02,2210.0,0.0,20.4,754.0,0.0,7.8,0.0,,,
2001-09-03,2150.0,0.0,20.9,768.0,0.0,6.8,0.0,,,
2001-09-04,1860.0,0.0,23.6,835.0,0.1,6.2,0.1,,,
2001-09-05,1880.0,0.0,22.6,759.0,0.0,6.2,0.0,,,
2001-09-06,2330.0,0.0,20.2,658.0,0.0,6.0,0.0,,,
2001-09-07,2100.0,0.0,21.0,621.0,0.0,5.3,0.0,,,
2001-09-08,1850.0,0.0,22.4,621.0,0.0,5.0,0.0,,,
2001-09-09,1550.0,0.0,23.1,607.0,0.0,4.9,0.0,,,
2001-09-10,1410.0,3.8,24.3,585.0,6.9,5.0,6.9,,,
2001-09-11,1370.0,0.0,22.2,564.0,0.0,6.5,0.0,,,
2001-09-12,1330.0,0.0,21.1,538.0,0.0,7.0,0.0,,,
2001-09-13,1290.0,0.0,21.4,549.0,0.0,5.1,0.0,,,
2001-09-14,1330.0,4.6,18.4,540.0,4.6,4.7,4.6,,,
2001-09-15,1350.0,0.0,15.7,556.0,0.0,4.1,0.0,,,
2001-09-16,1140.0,0.0,16.3,542.0,0.0,3.8,0.0,,,
2001-09-17,1250.0,0.0,17.8,529.0,0.0,3.6,0.0,,,
2001-09-18,980.0,0.0,19.5,516.0,0.0,3.5,0.0,,,
2001-09-19,948.0,0.0,20.3,502.0,0.0,3.3,0.0,,,
2001-09-20,1100.0,8.1,19.9,519.0,7.1,4.7,7.1,,,
2001-09-21,1770.0,1.4,20.9,517.0,2.0,16.0,2.0,,,
2001-09-22,1580.0,0.0,21.7,538.0,0.0,11.0,0.0,,,
2001-09-23,1340.0,0.0,21.9,523.0,0.0,6.0,0.0,,,
2001-09-24,1280.0,6.0,21.7,530.0,12.5,120.0,12.5,,,
2001-09-25,10300.0,31.8,17.2,595.0,14.4,323.0,14.4,,,
2001-09-26,4600.0,0.0,13.2,615.0,0.0,84.0,0.0,,,
2001-09-27,2780.0,0.1,14.9,597.0,0.4,45.0,0.4,,,
2001-09-28,2240.0,0.5,13.3,587.0,0.5,32.0,0.5,,,
2001-09-29,1860.0,0.0,13.3,609.0,0.0,25.0,0.0,,,
2001-09-30,1720.0,0.0,13.1,631.0,0.0,20.0,0.0,,,
2001-10-01,1630.0,0.1,14.3,569.0,0.0,17.6,0.0,,,
2001-10-02,1500.0,0.0,17.6,537.0,0.0,12.0,0.0,,,
2001-10-03,1350.0,0.0,20.0,536.0,0.0,9.72,0.0,,,
2001-10-04,1290.0,0.0,20.8,534.0,0.0,9.09,0.0,,,
2001-10-05,1180.0,0.0,19.9,521.0,0.0,7.96,0.0,,,
2001-10-06,1090.0,2.5,18.3,489.0,1.5,6.95,1.5,,,
2001-10-07,1150.0,0.0,11.3,484.0,0.0,6.66,0.0,,,
2001-10-08,1020.0,0.0,8.6,479.0,0.0,6.56,0.0,,,
2001-10-09,921.0,0.0,10.2,462.0,0.0,6.71,0.0,,,
2001-10-10,937.0,0.0,12.7,422.0,0.0,6.73,0.0,,,
2001-10-11,920.0,0.0,16.8,422.0,0.0,8.91,0.0,,,
2001-10-12,1050.0,0.0,17.8,433.0,0.0,10.0,0.0,,,
2001-10-13,1340.0,0.5,19.5,424.0,0.0,9.71,0.0,,,
2001-10-14,1270.0,0.0,19.2,437.0,0.4,11.2,0.4,,,
2001-10-15,1560.0,15.1,16.9,452.0,7.3,40.8,7.3,,,
2001-10-16,1470.0,2.4,14.9,456.0,3.7,22.0,3.7,,,
2001-10-17,1540.0,0.7,10.5,465.0,0.0,11.6,0.0,,,
2001-10-18,1430.0,0.0,9.1,476.0,0.0,10.7,0.0,,,
2001-10-19,1330.0,0.0,10.7,469.0,0.0,10.1,0.0,,,
2001-10-20,1410.0,0.0,14.2,476.0,0.0,9.18,0.0,,,
2001-10-21,1230.0,0.0,16.3,474.0,0.0,8.34,0.0,,,
2001-10-22,1160.0,0.0,18.5,455.0,0.0,8.54,0.0,,,
2001-10-23,1240.0,0.2,18.7,445.0,0.0,8.54,0.0,,,
2001-10-24,1130.0,0.0,21.1,449.0,0.0,9.89,0.0,,,
2001-10-25,1140.0,0.0,20.7,447.0,0.2,10.3,0.2,,,
2001-10-26,1030.0,0.0,12.6,440.0,0.0,8.05,0.0,,,
2001-10-27,1070.0,0.0,7.6,429.0,0.1,7.1,0.1,,,
2001-10-28,945.0,0.0,7.0,425.0,0.0,11.5,0.0,,,
2001-10-29,891.0,0.0,7.0,423.0,0.0,6.99,0.0,,,
2001-10-30,930.0,0.0,10.7,419.0,0.0,6.89,0.0,,,
2001-10-31,911.0,0.0,11.4,426.0,0.0,7.76,0.0,,,
2001-11-01,872.0,0.0,14.0,443.0,0.0,8.11,0.0,,,
2001-11-02,910.0,0.0,17.9,446.0,0.0,7.86,0.0,,,
2001-11-03,952.0,0.8,18.4,439.0,1.7,8.12,1.7,,,
2001-11-04,927.0,0.0,13.2,432.0,0.0,16.3,0.0,,,
2001-11-05,881.0,0.0,11.4,432.0,0.0,9.28,0.0,,,
2001-11-06,877.0,0.0,8.1,423.0,0.0,6.31,0.0,,,
2001-11-07,909.0,0.0,12.3,417.0,0.0,5.6,0.0,,,
2001-11-08,921.0,0.0,14.0,435.0,0.0,5.55,0.0,,,
2001-11-09,820.0,0.1,12.2,448.0,0.0,6.01,0.0,,,
2001-11-10,849.0,0.0,10.0,431.0,0.0,5.53,0.0,,,
2001-11-11,934.0,0.0,11.1,418.0,0.0,5.88,0.0,,,
2001-11-12,888.0,0.0,5.5,421.0,0.0,6.02,0.0,,,
2001-11-13,893.0,0.0,7.3,416.0,0.0,6.05,0.0,,,
2001-11-14,884.0,0.0,8.5,413.0,0.0,6.31,0.0,,,
2001-11-15,887.0,0.0,11.7,425.0,0.0,6.3,0.0,,,
2001-11-16,864.0,0.0,13.7,445.0,0.0,6.44,0.0,,,
2001-11-17,872.0,0.0,12.8,453.0,0.0,6.56,0.0,,,
2001-11-18,873.0,0.0,9.4,448.0,0.0,6.68,0.0,,,
2001-11-19,900.0,0.0,11.2,447.0,0.0,6.52,0.0,,,
2001-11-20,867.0,1.5,11.2,430.0,1.3,6.6,1.3,,,
2001-11-21,915.0,0.0,5.2,421.0,0.0,7.6,0.0,,,
2001-11-22,883.0,0.0,6.6,437.0,0.0,6.76,0.0,,,
2001-11-23,894.0,0.0,8.8,448.0,0.0,6.49,0.0,,,
2001-11-24,971.0,6.0,10.6,451.0,6.7,7.74,6.7,,,
2001-11-25,1120.0,12.1,16.2,486.0,11.4,24.4,11.4,,,
2001-11-26,2610.0,2.1,14.8,531.0,0.0,93.1,0.0,,,
2001-11-27,2410.0,0.0,11.0,517.0,0.3,28.0,0.3,,,
2001-11-28,2090.0,0.6,14.9,522.0,0.0,14.0,0.0,,,
2001-11-29,1800.0,0.0,15.8,522.0,0.0,12.3,0.0,,,
2001-11-30,1760.0,4.0,18.3,530.0,4.6,10.3,4.6,,,
2001-12-01,1780.0,0.0,17.5,515.0,0.2,9.8,0.2,,,
2001-12-02,1630.0,0.0,11.2,499.0,0.0,9.29,0.0,,,
2001-12-03,1440.0,0.0,8.0,495.0,0.0,9.27,0.0,,,
2001-12-04,1380.0,0.0,10.0,486.0,0.0,8.52,0.0,,,
2001-12-05,1330.0,0.0,13.4,483.0,0.0,8.38,0.0,,,
2001-12-06,1320.0,0.0,15.4,475.0,0.0,8.07,0.0,,,
2001-12-07,1230.0,0.8,14.9,463.0,0.0,7.94,0.0,,,
2001-12-08,1280.0,7.5,9.3,477.0,8.4,8.96,8.4,,,
2001-12-09,1520.0,5.3,8.2,499.0,3.8,15.3,3.8,,,
2001-12-10,1420.0,0.0,5.0,505.0,0.0,16.9,0.0,,,
2001-12-11,1610.0,13.3,7.4,501.0,10.0,15.5,10.0,,,
2001-12-12,1740.0,0.0,8.0,516.0,0.0,18.1,0.0,,,
2001-12-13,1680.0,1.0,10.6,571.0,0.3,16.8,0.3,,,
2001-12-14,1750.0,6.1,13.2,608.0,6.6,16.0,6.6,,,
2001-12-15,1840.0,0.0,11.3,760.0,0.0,15.7,0.0,,,
2001-12-16,1800.0,0.0,4.7,734.0,0.0,14.4,0.0,,,
2001-12-17,1890.0,2.0,7.4,647.0,2.9,12.7,2.9,,,
2001-12-18,1950.0,5.3,11.3,625.0,4.0,13.4,4.0,,,
2001-12-19,1990.0,0.0,6.6,590.0,0.0,16.3,0.0,,,
2001-12-20,2040.0,0.0,5.9,542.0,0.0,13.2,0.0,,,
2001-12-21,1870.0,0.0,3.5,531.0,0.0,10.8,0.0,,,
2001-12-22,1800.0,0.0,1.5,518.0,0.0,9.94,0.0,,,
2001-12-23,1640.0,0.0,3.0,512.0,0.2,9.8,0.2,,,
2001-12-24,1840.0,8.2,6.3,490.0,5.6,10.2,5.6,,,
2001-12-25,1730.0,0.0,1.1,470.0,0.0,12.0,0.0,,,
2001-12-26,1650.0,0.0,0.6,460.0,0.0,11.4,0.0,,,
2001-12-27,1600.0,0.0,-1.2,450.0,0.0,10.0,0.0,,,
2001-12-28,1510.0,0.0,0.6,440.0,0.0,9.6,0.0,,,
2001-12-29,1420.0,0.0,1.5,430.0,0.0,9.71,0.0,,,
2001-12-30,1380.0,0.0,-2.0,420.0,0.0,8.69,0.0,,,
2001-12-31,1200.0,0.0,-2.3,410.0,0.0,8.57,0.0,,,
2002-01-01,945.0,0.0,-2.9,400.0,0.0,7.73,0.0,,,
2002-01-02,943.0,0.0,-2.3,385.0,0.0,7.25,0.0,,,
2002-01-03,919.0,0.0,-1.1,370.0,0.0,7.32,0.0,,,
2002-01-04,1060.0,0.0,-0.4,360.0,0.0,7.68,0.0,,,
2002-01-05,1010.0,0.0,0.5,350.0,0.0,7.47,0.0,,,
2002-01-06,1240.0,16.6,-0.3,340.0,15.9,8.25,15.9,,,
2002-01-07,1520.0,3.4,1.5,400.0,4.2,10.9,4.2,,,
2002-01-08,1480.0,0.0,-1.3,493.0,0.0,12.6,0.0,,,
2002-01-09,1370.0,0.2,1.3,520.0,0.0,12.9,0.0,,,
2002-01-10,1430.0,0.0,6.3,509.0,0.0,12.1,0.0,,,
2002-01-11,1470.0,7.3,6.7,551.0,4.6,15.0,4.6,,,
2002-01-12,1640.0,0.0,3.6,534.0,0.0,19.8,0.0,,,
2002-01-13,1800.0,0.0,5.2,525.0,0.0,17.4,0.0,,,
2002-01-14,1750.0,0.0,3.6,519.0,0.0,14.1,0.0,,,
2002-01-15,1870.0,0.6,6.2,519.0,0.8,12.4,0.8,,,
2002-01-16,1970.0,0.0,3.2,510.0,0.0,11.4,0.0,,,
2002-01-17,2020.0,0.1,4.9,494.0,0.0,10.2,0.0,,,
2002-01-18,1900.0,0.0,3.5,475.0,0.0,9.89,0.0,,,
2002-01-19,1770.0,10.2,0.2,479.0,8.4,9.85,8.4,,,
2002-01-20,1720.0,4.8,-0.1,476.0,3.6,11.0,3.6,,,
2002-01-21,1700.0,0.0,0.2,484.0,0.1,12.0,0.1,,,
2002-01-22,1600.0,0.0,2.7,483.0,0.0,12.0,0.0,,,
2002-01-23,1570.0,0.5,6.3,480.0,0.6,12.8,0.6,,,
2002-01-24,1660.0,3.1,9.5,499.0,4.6,16.8,4.6,,,
2002-01-25,1820.0,2.2,7.6,500.0,1.0,27.8,1.0,,,
2002-01-26,1940.0,0.0,4.2,508.0,0.0,25.4,0.0,,,
2002-01-27,2290.0,0.0,6.1,509.0,0.0,18.5,0.0,,,
2002-01-28,2510.0,0.0,9.6,509.0,0.0,16.2,0.0,,,
2002-01-29,2710.0,0.0,13.0,513.0,0.0,15.3,0.0,,,
2002-01-30,3130.0,0.0,16.9,511.0,0.0,14.3,0.0,,,
2002-01-31,2780.0,0.0,11.1,527.0,1.2,17.6,1.2,,,
2002-02-01,2670.0,2.6,15.2,519.0,4.3,25.0,4.3,,,
2002-02-02,2470.0,0.0,4.6,510.0,0.0,22.7,0.0,,,
2002-02-03,2430.0,0.0,2.6,505.0,0.0,18.3,0.0,,,
2002-02-04,2370.0,0.7,1.7,496.0,0.6,15.8,0.6,,,
2002-02-05,2320.0,0.0,-2.0,485.0,0.0,13.7,0.0,,,
2002-02-06,2280.0,0.0,1.0,471.0,0.0,12.7,0.0,,,
2002-02-07,2230.0,5.7,3.1,468.0,3.8,12.9,3.8,,,
2002-02-08,2140.0,0.0,4.6,468.0,0.0,14.8,0.0,,,
2002-02-09,2060.0,0.0,5.1,477.0,0.0,14.3,0.0,,,
2002-02-10,1980.0,2.0,6.2,483.0,2.3,13.0,2.3,,,
2002-02-11,1910.0,2.1,6.3,496.0,2.7,13.2,2.7,,,
2002-02-12,1890.0,0.0,2.2,507.0,0.0,15.2,0.0,,,
2002-02-13,1880.0,0.0,3.3,514.0,0.0,13.7,0.0,,,
2002-02-14,1810.0,0.0,1.1,475.0,0.0,12.6,0.0,,,
2002-02-15,1760.0,0.0,3.2,486.0,0.0,12.0,0.0,,,
2002-02-16,1760.0,0.0,8.1,472.0,0.0,12.0,0.0,,,
2002-02-17,1690.0,0.0,5.3,466.0,0.0,11.0,0.0,,,
2002-02-18,1740.0,0.0,2.4,459.0,0.0,10.0,0.0,,,
2002-02-19,1680.0,0.0,4.3,454.0,0.0,9.84,0.0,,,
2002-02-20,1680.0,0.0,10.0,448.0,0.0,9.8,0.0,,,
2002-02-21,1650.0,0.3,13.3,450.0,0.0,9.8,0.0,,,
2002-02-22,1580.0,0.0,7.7,447.0,0.0,9.8,0.0,,,
2002-02-23,1540.0,0.0,4.6,447.0,0.0,9.8,0.0,,,
2002-02-24,1570.0,0.0,3.6,445.0,0.0,9.51,0.0,,,
2002-02-25,1410.0,0.0,5.7,445.0,0.0,9.12,0.0,,,
2002-02-26,1430.0,0.0,10.7,439.0,0.0,9.23,0.0,,,
2002-02-27,1450.0,0.0,4.6,430.0,0.0,9.24,0.0,,,
2002-02-28,1330.0,0.0,0.4,418.0,0.0,8.95,0.0,,,
2002-03-01,1360.0,0.0,1.8,409.0,0.0,8.41,0.0,,,
2002-03-02,1400.0,2.7,3.5,430.0,3.4,8.85,3.4,,,
2002-03-03,2210.0,13.3,11.3,478.0,12.9,48.0,12.9,,,
2002-03-04,2310.0,0.0,1.4,530.0,0.0,46.7,0.0,,,
2002-03-05,2370.0,0.0,-1.0,520.0,0.0,24.3,0.0,,,
2002-03-06,2420.0,0.0,4.9,570.0,0.0,18.2,0.0,,,
2002-03-07,2460.0,0.0,10.5,715.0,0.0,17.0,0.0,,,
2002-03-08,2590.0,0.0,11.4,757.0,0.0,15.4,0.0,,,
2002-03-09,2770.0,2.7,14.2,643.0,1.9,14.0,1.9,,,
2002-03-10,2810.0,6.1,9.3,597.0,5.2,14.0,5.2,,,
2002-03-11,2400.0,0.0,2.8,571.0,0.0,13.2,0.0,,,
2002-03-12,2290.0,0.3,5.9,539.0,0.0,12.2,0.0,,,
2002-03-13,2490.0,8.8,8.7,554.0,6.9,15.4,6.9,,,
2002-03-14,2500.0,0.0,12.7,597.0,0.0,28.3,0.0,,,
2002-03-15,2380.0,0.0,15.4,593.0,0.0,25.3,0.0,,,
2002-03-16,2280.0,1.7,17.8,599.0,1.2,21.5,1.2,,,
2002-03-17,2280.0,4.9,6.7,619.0,3.0,19.6,3.0,,,
2002-03-18,2470.0,8.3,6.2,673.0,7.5,22.7,7.5,,,
2002-03-19,2560.0,0.0,8.2,720.0,0.0,26.9,0.0,,,
2002-03-20,3830.0,16.6,7.4,833.0,20.7,196.0,20.7,,,
2002-03-21,8000.0,0.0,9.1,1360.0,0.0,204.0,0.0,,,
2002-03-22,23200.0,0.0,1.6,2490.0,0.0,101.0,0.0,,,
2002-03-23,25600.0,0.0,2.2,2190.0,0.0,66.2,0.0,,,
2002-03-24,16400.0,0.0,6.8,1820.0,0.0,55.4,0.0,,,
2002-03-25,12000.0,0.2,8.8,1750.0,0.1,46.4,0.1,,,
2002-03-26,9800.0,1.0,8.7,1530.0,6.8,46.0,6.8,,,
2002-03-27,9610.0,26.5,10.1,1510.0,13.5,146.0,13.5,,,
2002-03-28,10300.0,0.0,6.4,1480.0,0.0,85.8,0.0,,,
2002-03-29,10200.0,0.0,10.1,1510.0,0.0,62.6,0.0,,,
2002-03-30,10200.0,0.4,16.1,1510.0,2.0,54.6,2.0,,,
2002-03-31,9480.0,4.9,11.8,1460.0,8.5,51.2,8.5,,,
2002-04-01,8790.0,3.2,10.0,1400.0,5.3,64.7,5.3,,,
2002-04-02,7950.0,0.0,11.2,1400.0,0.0,54.5,0.0,,,
2002-04-03,9070.0,0.6,16.4,1460.0,1.3,44.9,1.3,,,
2002-04-04,11000.0,0.0,6.9,1540.0,0.0,39.0,0.0,,,
2002-04-05,10600.0,0.0,5.9,1500.0,0.0,34.4,0.0,,,
2002-04-06,9240.0,0.0,4.8,1440.0,0.0,31.9,0.0,,,
2002-04-07,7470.0,0.0,4.9,1230.0,0.0,29.9,0.0,,,
2002-04-08,6280.0,0.0,10.5,1200.0,0.0,28.5,0.0,,,
2002-04-09,5880.0,3.8,17.3,1090.0,4.6,28.5,4.6,,,
2002-04-10,5720.0,0.6,14.7,1060.0,0.2,30.6,0.2,,,
2002-04-11,5030.0,0.0,12.6,1020.0,0.0,27.6,0.0,,,
2002-04-12,4740.0,0.0,12.6,968.0,0.0,24.6,0.0,,,
2002-04-13,4640.0,0.8,17.7,941.0,4.6,24.1,4.6,,,
2002-04-14,4170.0,1.0,19.5,969.0,2.7,25.2,2.7,,,
2002-04-15,4120.0,0.0,22.2,994.0,0.3,33.5,0.3,,,
2002-04-16,4810.0,0.0,24.1,991.0,0.0,35.3,0.0,,,
2002-04-17,10400.0,0.0,25.0,982.0,0.0,25.5,0.0,,,
2002-04-18,10600.0,0.4,26.0,907.0,0.3,23.0,0.3,,,
2002-04-19,10200.0,1.5,24.5,991.0,0.1,21.5,0.1,,,
2002-04-20,8620.0,3.2,22.8,1100.0,3.6,24.5,3.6,,,
2002-04-21,7560.0,5.5,13.9,1310.0,7.9,23.3,7.9,,,
2002-04-22,7880.0,9.6,12.2,2680.0,9.9,35.6,9.9,,,
2002-04-23,11000.0,0.0,9.8,13500.0,0.0,42.9,0.0,,,
2002-04-24,48500.0,0.0,10.2,12100.0,0.0,24.7,0.0,,,
2002-04-25,35400.0,3.9,12.4,7590.0,4.0,22.0,4.0,,,
2002-04-26,23500.0,0.0,11.8,5410.0,0.0,22.3,0.0,,,
2002-04-27,17700.0,0.0,12.3,4130.0,0.0,20.3,0.0,,,
2002-04-28,17400.0,30.1,17.2,3520.0,26.9,76.2,26.9,,,
2002-04-29,16200.0,3.4,14.3,5600.0,1.6,147.0,1.6,,,
2002-04-30,30800.0,0.0,12.9,7530.0,0.0,65.4,0.0,,,
2002-05-01,38300.0,0.0,16.1,6130.0,0.0,46.8,0.0,,,
2002-05-02,29300.0,3.6,20.3,4790.0,5.2,114.0,5.2,,,
2002-05-03,22900.0,11.2,16.5,4360.0,3.5,101.0,3.5,,,
2002-05-04,23700.0,0.0,12.1,3480.0,0.7,56.8,0.7,,,
2002-05-05,20600.0,0.2,13.9,2830.0,0.4,47.8,0.4,,,
2002-05-06,15200.0,0.0,16.6,2480.0,0.0,42.1,0.0,,,
2002-05-07,13000.0,0.6,21.0,2180.0,1.2,37.6,1.2,,,
2002-05-08,11100.0,1.5,20.4,2010.0,2.6,35.7,2.6,,,
2002-05-09,9930.0,0.5,17.6,1910.0,0.7,33.5,0.7,,,
2002-05-10,10800.0,0.0,20.7,2380.0,0.6,36.4,0.6,,,
2002-05-11,15700.0,0.0,17.0,3100.0,0.0,31.5,0.0,,,
2002-05-12,16200.0,3.6,19.8,2830.0,2.6,24.9,2.6,,,
2002-05-13,14000.0,6.5,23.1,2540.0,10.4,25.3,10.4,,,
2002-05-14,12100.0,31.9,14.9,2320.0,11.2,24.1,11.2,,,
2002-05-15,11200.0,0.0,15.0,2150.0,0.0,20.7,0.0,,,
2002-05-16,10700.0,0.0,17.8,1920.0,0.0,17.6,0.0,,,
2002-05-17,9460.0,0.8,21.3,1690.0,0.1,16.6,0.1,,,
2002-05-18,8870.0,12.0,15.4,1660.0,16.9,35.3,16.9,,,
2002-05-19,9000.0,0.0,11.4,2000.0,0.0,44.1,0.0,,,
2002-05-20,22800.0,0.0,10.4,2010.0,0.0,24.2,0.0,,,
2002-05-21,21600.0,0.0,9.6,1850.0,0.0,18.6,0.0,,,
2002-05-22,15400.0,0.0,11.6,1610.0,0.0,16.4,0.0,,,
2002-05-23,12500.0,0.0,15.1,1440.0,0.0,15.7,0.0,,,
2002-05-24,10900.0,0.0,19.6,1260.0,0.0,15.0,0.0,,,
2002-05-25,9180.0,0.0,21.2,1200.0,0.0,13.7,0.0,,,
2002-05-26,7920.0,4.3,21.3,1100.0,9.5,13.4,9.5,,,
2002-05-27,11500.0,3.6,21.7,1280.0,3.2,243.0,3.2,,,
2002-05-28,11500.0,0.8,22.3,4210.0,7.3,139.0,7.3,,,
2002-05-29,11700.0,0.1,21.8,3220.0,0.2,88.5,0.2,,,
2002-05-30,11200.0,0.0,22.5,2360.0,0.0,64.0,0.0,,,
2002-05-31,9770.0,0.0,24.8,2200.0,0.0,54.8,0.0,,,
2002-06-01,8630.0,1.1,26.3,1780.0,1.6,40.0,1.6,,,
2002-06-02,6930.0,0.0,24.8,1410.0,0.1,32.0,0.1,,,
2002-06-03,5740.0,0.0,21.7,1300.0,0.0,26.0,0.0,,,
2002-06-04,5100.0,0.1,23.2,1180.0,0.1,23.0,0.1,,,
2002-06-05,4680.0,0.3,26.9,1010.0,1.6,21.0,1.6,,,
2002-06-06,4250.0,18.5,26.0,1260.0,8.4,23.5,8.4,,,
2002-06-07,3950.0,2.5,19.7,1450.0,2.6,29.9,2.6,,,
2002-06-08,4140.0,0.0,19.1,1230.0,0.0,24.1,0.0,,,
2002-06-09,4220.0,0.0,21.2,1010.0,0.0,19.3,0.0,,,
2002-06-10,4160.0,0.0,25.4,951.0,0.0,17.6,0.0,,,
2002-06-11,3610.0,0.0,27.1,800.0,0.0,15.7,0.0,,,
2002-06-12,3170.0,1.2,27.2,746.0,3.1,14.6,3.1,,,
2002-06-13,2940.0,9.9,24.6,729.0,10.5,15.0,10.5,,,
2002-06-14,3350.0,25.8,19.1,929.0,28.2,58.1,28.2,,,
2002-06-15,4990.0,10.8,20.6,1340.0,7.3,198.0,7.3,,,
2002-06-16,5590.0,0.0,21.0,1270.0,0.0,110.0,0.0,,,
2002-06-17,4800.0,0.0,21.3,1110.0,0.0,62.5,0.0,,,
2002-06-18,4840.0,0.1,21.3,902.0,0.0,41.6,0.0,,,
2002-06-19,4530.0,2.3,22.3,783.0,4.8,32.8,4.8,,,
2002-06-20,3700.0,0.0,22.9,716.0,0.6,28.9,0.6,,,
2002-06-21,3000.0,0.0,22.9,659.0,0.0,25.0,0.0,,,
2002-06-22,2530.0,0.0,23.5,642.0,0.0,20.8,0.0,,,
2002-06-23,2170.0,0.0,24.6,643.0,0.0,17.3,0.0,,,
2002-06-24,1840.0,0.0,27.7,591.0,0.0,14.8,0.0,,,
2002-06-25,1660.0,0.8,28.8,568.0,0.2,13.1,0.2,,,
2002-06-26,1590.0,0.7,29.1,521.0,3.2,12.1,3.2,,,
2002-06-27,1540.0,8.9,28.2,508.0,7.6,11.1,7.6,,,
2002-06-28,1490.0,7.4,24.2,505.0,7.0,10.6,7.0,,,
2002-06-29,1550.0,0.0,25.1,545.0,0.0,9.94,0.0,,,
2002-06-30,1430.0,0.0,25.8,678.0,0.0,11.6,0.0,,,
2002-07-01,1360.0,0.0,26.3,611.0,0.0,9.06,0.0,,,
2002-07-02,1390.0,0.0,28.4,585.0,0.1,7.64,0.1,,,
2002-07-03,1250.0,0.0,30.0,498.0,0.0,7.09,0.0,,,
2002-07-04,1110.0,0.0,30.9,489.0,0.0,5.93,0.0,,,
2002-07-05,911.0,0.0,29.9,460.0,0.0,5.15,0.0,,,
2002-07-06,809.0,0.0,25.6,414.0,0.0,4.37,0.0,,,
2002-07-07,758.0,0.0,25.7,394.0,0.0,4.16,0.0,,,
2002-07-08,549.0,0.0,27.7,366.0,0.0,3.8,0.0,,,
2002-07-09,386.0,3.4,29.4,343.0,2.8,3.34,2.8,,,
2002-07-10,480.0,1.8,25.6,340.0,0.9,4.01,0.9,,,
2002-07-11,580.0,0.0,23.5,328.0,0.0,4.42,0.0,,,
2002-07-12,455.0,0.0,22.5,315.0,0.0,4.0,0.0,,,
2002-07-13,399.0,0.0,23.1,321.0,0.0,3.25,0.0,,,
2002-07-14,1340.0,18.7,22.2,423.0,20.7,41.4,20.7,,,
2002-07-15,1730.0,0.0,24.3,530.0,0.0,52.9,0.0,,,
2002-07-16,1340.0,0.0,27.5,612.0,0.0,14.9,0.0,,,
2002-07-17,1310.0,0.0,27.8,543.0,0.0,7.27,0.0,,,
2002-07-18,1560.0,0.0,29.1,467.0,0.7,4.31,0.7,,,
2002-07-19,2030.0,4.8,27.9,482.0,3.1,3.41,3.1,,,
2002-07-20,1660.0,0.2,26.9,506.0,0.0,2.9,0.0,,,
2002-07-21,1360.0,0.1,27.4,455.0,0.1,2.58,0.1,,,
2002-07-22,1150.0,0.1,28.0,441.0,0.0,2.29,0.0,,,
2002-07-23,1220.0,8.3,29.5,401.0,23.9,2.08,23.9,,,
2002-07-24,2000.0,9.2,25.3,408.0,8.4,2.21,8.4,,,
2002-07-25,1640.0,0.3,23.8,408.0,1.0,2.96,1.0,,,
2002-07-26,1310.0,3.3,22.1,501.0,3.4,6.28,3.4,,,
2002-07-27,1790.0,2.6,24.7,522.0,6.7,28.4,6.7,,,
2002-07-28,1960.0,0.3,28.1,588.0,0.4,15.7,0.4,,,
2002-07-29,2010.0,0.2,30.0,667.0,0.0,9.11,0.0,,,
2002-07-30,2880.0,0.0,29.6,618.0,0.0,4.98,0.0,,,
2002-07-31,5920.0,0.0,29.3,589.0,0.0,3.16,0.0,,,
2002-08-01,4160.0,0.8,30.0,562.0,0.2,2.22,0.2,,,
2002-08-02,3140.0,3.5,29.7,487.0,0.6,1.66,0.6,,,
2002-08-03,2340.0,6.6,29.4,485.0,3.3,1.21,3.3,,,
2002-08-04,1840.0,0.0,28.8,424.0,0.4,0.9,0.4,,,
2002-08-05,1600.0,2.4,29.8,498.0,2.6,0.73,2.6,,,
2002-08-06,1490.0,1.4,26.0,518.0,0.3,0.68,0.3,,,
2002-08-07,1320.0,0.0,22.2,635.0,0.0,3.01,0.0,,,
2002-08-08,1240.0,0.0,21.9,491.0,0.0,2.16,0.0,,,
2002-08-09,1220.0,0.0,23.4,522.0,0.0,1.1,0.0,,,
2002-08-10,1200.0,0.0,24.8,441.0,0.0,0.79,0.0,,,
2002-08-11,1190.0,0.0,26.7,391.0,0.0,0.65,0.0,,,
2002-08-12,924.0,0.0,28.9,393.0,0.9,0.59,0.9,,,
2002-08-13,675.0,0.0,30.0,384.0,0.0,0.46,0.0,,,
2002-08-14,448.0,0.1,30.6,371.0,0.0,0.43,0.0,,,
2002-08-15,438.0,0.0,29.6,372.0,0.9,0.39,0.9,,,
2002-08-16,378.0,2.0,29.2,367.0,0.0,0.31,0.0,,,
2002-08-17,488.0,0.0,29.5,354.0,0.0,0.36,0.0,,,
2002-08-18,372.0,0.7,29.7,379.0,1.9,0.33,1.9,,,
2002-08-19,265.0,0.0,30.0,377.0,0.0,0.3,0.0,,,
2002-08-20,258.0,0.1,29.3,374.0,0.3,0.3,0.3,,,
2002-08-21,394.0,0.2,27.3,351.0,0.0,0.27,0.0,,,
2002-08-22,330.0,0.0,28.0,339.0,0.0,0.25,0.0,,,
2002-08-23,312.0,0.0,29.1,319.0,0.0,0.24,0.0,,,
2002-08-24,358.0,4.7,28.3,338.0,2.7,0.52,2.7,,,
2002-08-25,620.0,0.4,26.3,310.0,0.0,0.6,0.0,,,
2002-08-26,408.0,0.3,25.4,302.0,0.2,0.56,0.2,,,
2002-08-27,633.0,0.5,25.2,324.0,0.2,0.46,0.2,,,
2002-08-28,1630.0,31.9,21.9,360.0,18.7,0.73,18.7,,,
2002-08-29,2550.0,32.4,17.7,418.0,18.8,3.88,18.8,,,
2002-08-30,1730.0,0.0,20.4,417.0,0.0,11.8,0.0,,,
2002-08-31,1470.0,0.0,20.6,436.0,0.0,4.07,0.0,,,
2002-09-01,1940.0,20.2,18.4,441.0,0.9,2.64,0.9,,,
2002-09-02,1740.0,0.0,20.3,447.0,0.0,5.26,0.0,,,
2002-09-03,1250.0,0.0,22.7,476.0,0.1,3.7,0.1,,,
2002-09-04,1070.0,0.7,25.9,498.0,0.0,2.45,0.0,,,
2002-09-05,944.0,0.0,23.6,527.0,0.0,1.66,0.0,,,
2002-09-06,843.0,0.0,21.5,462.0,0.0,1.03,0.0,,,
2002-09-07,788.0,0.0,21.2,425.0,0.0,0.74,0.0,,,
2002-09-08,711.0,0.0,21.7,396.0,0.0,0.66,0.0,,,
2002-09-09,421.0,0.0,22.2,396.0,0.0,0.56,0.0,,,
2002-09-10,574.0,0.3,23.9,370.0,0.0,0.57,0.0,,,
2002-09-11,569.0,0.0,23.8,395.0,0.0,0.52,0.0,,,
2002-09-12,453.0,0.0,20.3,375.0,0.0,0.48,0.0,,,
2002-09-13,319.0,0.0,20.5,362.0,0.0,0.36,0.0,,,
2002-09-14,398.0,3.7,22.7,357.0,1.2,0.33,1.2,,,
2002-09-15,435.0,7.7,22.3,354.0,7.1,0.36,7.1,,,
2002-09-16,373.0,4.3,23.6,308.0,1.1,0.37,1.1,,,
2002-09-17,303.0,0.0,23.0,357.0,0.2,0.33,0.2,,,
2002-09-18,394.0,0.0,22.5,383.0,0.0,0.28,0.0,,,
2002-09-19,366.0,0.0,22.4,372.0,0.0,0.24,0.0,,,
2002-09-20,409.0,0.0,23.4,404.0,0.0,0.24,0.0,,,
2002-09-21,344.0,0.0,24.7,401.0,0.0,0.45,0.0,,,
2002-09-22,351.0,0.0,24.9,403.0,4.3,17.7,4.3,,,
2002-09-23,404.0,3.3,21.7,446.0,8.3,75.3,8.3,,,
2002-09-24,566.0,0.0,19.2,925.0,0.0,19.6,0.0,,,
2002-09-25,745.0,0.0,19.2,724.0,0.0,6.42,0.0,,,
2002-09-26,1220.0,22.7,18.6,635.0,26.8,5.2,26.8,,,
2002-09-27,2630.0,11.7,20.4,760.0,19.5,105.0,19.5,,,
2002-09-28,2880.0,1.8,22.3,1820.0,2.8,60.4,2.8,,,
2002-09-29,3230.0,0.0,18.5,1820.0,0.0,27.7,0.0,,,
2002-09-30,4340.0,0.1,19.0,1690.0,0.0,14.7,0.0,,,
2002-10-01,5410.0,0.0,20.8,1450.0,0.0,9.37,0.0,,,
2002-10-02,4770.0,0.0,23.2,1160.0,0.0,7.35,0.0,,,
2002-10-03,3670.0,0.0,23.9,885.0,0.0,5.83,0.0,,,
2002-10-04,2870.0,0.0,24.0,766.0,0.0,5.18,0.0,,,
2002-10-05,2360.0,0.8,25.5,711.0,2.8,4.71,2.8,,,
2002-10-06,1910.0,0.0,19.1,665.0,0.0,4.26,0.0,,,
2002-10-07,1570.0,0.0,21.1,592.0,0.0,3.76,0.0,,,
2002-10-08,1370.0,0.0,15.1,537.0,0.0,3.57,0.0,,,
2002-10-09,1330.0,2.2,14.5,498.0,0.8,3.23,0.8,,,
2002-10-10,1370.0,9.7,16.2,482.0,12.8,4.11,12.8,,,
2002-10-11,1850.0,36.1,18.6,521.0,38.8,13.2,38.8,,,
2002-10-12,2240.0,0.0,18.9,544.0,0.0,49.6,0.0,,,
2002-10-13,2230.0,1.0,18.1,710.0,1.2,26.6,1.2,,,
2002-10-14,3350.0,0.0,13.5,817.0,0.0,16.6,0.0,,,
2002-10-15,3690.0,0.0,11.1,796.0,0.0,11.4,0.0,,,
2002-10-16,4970.0,26.1,13.2,1010.0,26.4,87.7,26.4,,,
2002-10-17,5740.0,1.9,11.7,2430.0,1.2,169.0,1.2,,,
2002-10-18,9300.0,0.0,9.7,2980.0,0.0,68.8,0.0,,,
2002-10-19,11200.0,0.0,12.3,2740.0,0.0,45.1,0.0,,,
2002-10-20,10700.0,2.3,13.8,2060.0,0.8,36.0,0.8,,,
2002-10-21,8160.0,0.0,11.7,1620.0,0.0,29.0,0.0,,,
2002-10-22,6150.0,0.0,10.3,1460.0,0.0,24.1,0.0,,,
2002-10-23,5100.0,0.0,11.5,1240.0,0.0,21.0,0.0,,,
2002-10-24,4190.0,0.1,9.7,1120.0,1.3,18.8,1.3,,,
2002-10-25,3650.0,1.6,9.0,941.0,2.9,17.9,2.9,,,
2002-10-26,4050.0,13.4,14.0,958.0,14.8,58.9,14.8,,,
2002-10-27,3720.0,0.0,12.8,908.0,0.0,56.7,0.0,,,
2002-10-28,4530.0,1.4,11.2,917.0,1.5,36.1,1.5,,,
2002-10-29,5270.0,8.8,8.2,961.0,15.0,38.2,15.0,,,
2002-10-30,6630.0,18.6,4.6,1310.0,10.1,196.0,10.1,,,
2002-10-31,8290.0,2.1,5.2,3200.0,1.1,145.0,1.1,,,
2002-11-01,16700.0,0.0,5.9,4180.0,0.0,88.4,0.0,,,
2002-11-02,19600.0,0.0,5.5,3940.0,0.0,66.3,0.0,,,
2002-11-03,14500.0,0.0,5.0,3140.0,0.0,54.6,0.0,,,
2002-11-04,11000.0,0.1,7.6,2470.0,0.2,48.3,0.2,,,
2002-11-05,8950.0,1.6,7.4,2030.0,1.9,44.2,1.9,,,
2002-11-06,9090.0,15.7,8.9,1890.0,18.2,170.0,18.2,,,
2002-11-07,8260.0,0.0,7.6,2210.0,0.0,103.0,0.0,,,
2002-11-08,9320.0,0.0,7.8,2070.0,0.0,68.0,0.0,,,
2002-11-09,11200.0,0.0,12.0,2130.0,0.0,58.8,0.0,,,
2002-11-10,10500.0,0.0,16.8,2050.0,0.4,52.2,0.4,,,
2002-11-11,10100.0,4.3,20.0,1940.0,8.4,54.0,8.4,,,
2002-11-12,9990.0,21.3,12.5,2060.0,21.7,86.8,21.7,,,
2002-11-13,10500.0,0.2,9.5,3710.0,0.1,195.0,0.1,,,
2002-11-14,13900.0,0.0,8.3,6210.0,0.0,100.0,0.0,,,
2002-11-15,20500.0,0.0,10.5,6470.0,0.0,76.8,0.0,,,
2002-11-16,21200.0,17.0,10.0,4990.0,12.9,72.7,12.9,,,
2002-11-17,21800.0,19.6,7.4,4690.0,20.9,348.0,20.9,,,
2002-11-18,24800.0,4.6,5.7,6250.0,2.2,462.0,2.2,,,
2002-11-19,28500.0,0.0,5.6,7450.0,0.0,256.0,0.0,,,
2002-11-20,27600.0,0.0,7.2,6470.0,0.0,176.0,0.0,,,
2002-11-21,22400.0,1.7,7.6,5190.0,6.1,149.0,6.1,,,
2002-11-22,19200.0,2.1,9.1,4630.0,2.4,182.0,2.4,,,
2002-11-23,18800.0,0.0,4.9,4340.0,0.0,122.0,0.0,,,
2002-11-24,17300.0,0.0,5.4,3910.0,0.0,95.2,0.0,,,
2002-11-25,15300.0,0.0,8.4,3510.0,0.0,80.3,0.0,,,
2002-11-26,13600.0,0.0,6.4,3190.0,0.4,70.6,0.4,,,
2002-11-27,12000.0,1.7,4.0,2790.0,2.4,67.0,2.4,,,
2002-11-28,10600.0,0.0,0.4,2530.0,0.0,60.7,0.0,,,
2002-11-29,9460.0,0.0,0.7,2290.0,0.0,55.5,0.0,,,
2002-11-30,8990.0,0.4,6.9,2100.0,0.4,54.0,0.4,,,
2002-12-01,8060.0,0.0,1.4,1950.0,0.2,50.2,0.2,,,
2002-12-02,7270.0,0.0,0.9,1780.0,0.0,45.6,0.0,,,
2002-12-03,6900.0,0.0,-0.3,1690.0,0.0,43.9,0.0,,,
2002-12-04,6380.0,0.0,-3.2,1580.0,0.0,38.8,0.0,,,
2002-12-05,6190.0,20.7,-2.2,1520.0,18.3,34.7,18.3,,,
2002-12-06,5820.0,0.0,-3.2,1490.0,0.0,47.0,0.0,,,
2002-12-07,5570.0,0.0,-6.9,1430.0,0.0,43.0,0.0,,,
2002-12-08,5230.0,0.0,-1.6,1290.0,0.0,41.0,0.0,,,
2002-12-09,4850.0,0.0,-3.0,1200.0,0.0,40.2,0.0,,,
2002-12-10,4810.0,0.0,-2.1,1260.0,0.0,39.0,0.0,,,
2002-12-11,6480.0,26.0,-0.3,1430.0,26.2,177.0,26.2,,,
2002-12-12,10300.0,0.0,2.1,2300.0,0.0,393.0,0.0,,,
2002-12-13,19400.0,11.1,0.9,3650.0,9.7,468.0,9.7,,,
2002-12-14,31000.0,3.8,5.0,7080.0,4.3,998.0,4.3,,,
2002-12-15,45500.0,0.0,4.6,9210.0,0.0,548.0,0.0,,,
2002-12-16,47600.0,0.1,4.9,9240.0,0.0,277.0,0.0,,,
2002-12-17,36800.0,0.0,-0.5,7410.0,0.0,205.0,0.0,,,
2002-12-18,27900.0,0.0,-0.5,5910.0,0.0,169.0,0.0,,,
2002-12-19,22500.0,0.0,2.8,4950.0,0.0,152.0,0.0,,,
2002-12-20,19200.0,12.2,11.7,4390.0,9.7,162.0,9.7,,,
2002-12-21,19000.0,0.0,5.2,4570.0,0.0,149.0,0.0,,,
2002-12-22,19800.0,0.4,5.6,7700.0,0.7,125.0,0.7,,,
2002-12-23,28400.0,0.0,5.5,7670.0,0.0,98.1,0.0,,,
2002-12-24,25100.0,4.3,2.0,6040.0,3.7,88.0,3.7,,,
2002-12-25,22100.0,18.4,1.5,5050.0,18.5,119.0,18.5,,,
2002-12-26,19900.0,0.0,1.3,4450.0,0.0,149.0,0.0,,,
2002-12-27,17200.0,0.0,-1.6,4100.0,0.0,111.0,0.0,,,
2002-12-28,15200.0,0.0,0.0,3740.0,0.0,98.6,0.0,,,
2002-12-29,13200.0,0.0,2.1,3290.0,0.0,98.3,0.0,,,
2002-12-30,11900.0,0.0,2.4,2990.0,0.0,106.0,0.0,,,
2002-12-31,11400.0,0.3,6.8,2800.0,0.2,104.0,0.2,,,
2003-01-01,13300.0,46.3,8.9,2960.0,34.3,757.0,34.3,,,
2003-01-02,42300.0,22.4,4.9,11500.0,12.7,1250.0,12.7,,,
2003-01-03,94200.0,16.1,4.1,15700.0,18.9,560.0,18.9,,,
2003-01-04,77600.0,0.0,1.2,12000.0,0.0,411.0,0.0,,,
2003-01-05,53400.0,2.6,-0.8,9890.0,3.3,281.0,3.3,,,
2003-01-06,40800.0,1.0,-0.1,7980.0,1.9,241.0,1.9,,,
2003-01-07,32800.0,0.0,-1.9,6690.0,0.0,201.0,0.0,,,
2003-01-08,26900.0,0.1,3.6,5670.0,0.0,210.0,0.0,,,
2003-01-09,23800.0,0.0,6.8,5100.0,0.0,243.0,0.0,,,
2003-01-10,22400.0,0.0,4.9,4710.0,0.0,172.0,0.0,,,
2003-01-11,20700.0,0.0,-0.2,4260.0,0.0,145.0,0.0,,,
2003-01-12,18300.0,0.0,-2.4,3820.0,0.0,127.0,0.0,,,
2003-01-13,16000.0,0.0,-0.3,3480.0,0.0,118.0,0.0,,,
2003-01-14,14300.0,0.0,-0.8,3220.0,0.1,112.0,0.1,,,
2003-01-15,12900.0,1.6,-2.1,2970.0,0.7,105.0,0.7,,,
2003-01-16,11800.0,0.0,-4.2,2780.0,0.0,91.3,0.0,,,
2003-01-17,10500.0,1.2,-3.3,2680.0,1.3,88.0,1.3,,,
2003-01-18,8970.0,0.0,-7.5,2470.0,0.0,80.0,0.0,,,
2003-01-19,9060.0,0.0,-4.8,2350.0,0.0,70.0,0.0,,,
2003-01-20,9120.0,0.0,-0.4,2300.0,0.0,65.0,0.0,,,
2003-01-21,9020.0,0.0,-2.5,2250.0,0.0,60.0,0.0,,,
2003-01-22,7990.0,0.0,-5.8,2200.0,0.0,56.0,0.0,,,
2003-01-23,7880.0,0.0,-8.6,2150.0,0.0,52.0,0.0,,,
2003-01-24,5880.0,0.0,-7.2,2100.0,0.0,50.0,0.0,,,
2003-01-25,6160.0,0.0,-3.6,2060.0,0.0,47.0,0.0,,,
2003-01-26,6470.0,0.2,-1.1,2040.0,0.7,54.0,0.7,,,
2003-01-27,6470.0,0.4,-6.7,2000.0,0.0,60.0,0.0,,,
2003-01-28,5890.0,0.0,-5.2,1950.0,0.0,57.0,0.0,,,
2003-01-29,6370.0,1.1,0.5,1940.0,0.4,54.0,0.4,,,
2003-01-30,6330.0,0.4,-0.3,1850.0,0.1,51.0,0.1,,,
2003-01-31,6070.0,1.7,0.5,1820.0,3.5,48.0,3.5,,,
2003-02-01,6090.0,5.5,1.9,1770.0,5.7,46.0,5.7,,,
2003-02-02,6160.0,0.0,3.1,1730.0,0.0,45.0,0.0,,,
2003-02-03,6040.0,0.0,2.7,1710.0,0.0,44.0,0.0,,,
2003-02-04,5980.0,5.3,6.7,1680.0,4.0,52.0,4.0,,,
2003-02-05,6480.0,0.0,0.7,1690.0,0.0,63.0,0.0,,,
2003-02-06,6540.0,0.0,-0.6,1620.0,0.0,52.0,0.0,,,
2003-02-07,6350.0,11.6,-0.4,1650.0,7.1,46.0,7.1,,,
2003-02-08,5990.0,0.0,-5.9,1640.0,0.0,41.0,0.0,,,
2003-02-09,5770.0,0.0,-5.8,1560.0,0.0,38.0,0.0,,,
2003-02-10,5600.0,1.8,-0.6,1510.0,1.5,45.0,1.5,,,
2003-02-11,5440.0,0.9,-0.5,1500.0,0.6,42.0,0.6,,,
2003-02-12,5390.0,0.0,-1.2,1470.0,0.0,38.0,0.0,,,
2003-02-13,5070.0,0.0,-2.9,1400.0,0.0,35.0,0.0,,,
2003-02-14,4640.0,0.0,-0.7,1370.0,0.0,32.0,0.0,,,
2003-02-15,4710.0,12.1,0.3,1410.0,9.6,48.0,9.6,,,
2003-02-16,4620.0,31.9,-6.5,1420.0,32.0,40.0,32.0,,,
2003-02-17,2510.0,22.4,-4.8,1400.0,23.7,38.0,23.7,,,
2003-02-18,2260.0,0.8,-1.6,1350.0,1.3,65.0,1.3,,,
2003-02-19,3370.0,0.0,-0.7,1810.0,0.0,55.0,0.0,,,
2003-02-20,5060.0,0.0,2.3,2320.0,0.0,50.0,0.0,,,
2003-02-21,7810.0,5.8,0.3,2730.0,6.4,84.7,6.4,,,
2003-02-22,14500.0,16.1,2.1,2940.0,16.4,779.0,16.4,,,
2003-02-23,37200.0,7.3,8.2,16000.0,6.8,975.0,6.8,,,
2003-02-24,81300.0,0.3,-0.2,37000.0,0.8,493.0,0.8,,,
2003-02-25,96100.0,0.0,-1.3,26200.0,0.0,330.0,0.0,,,
2003-02-26,60900.0,5.8,-3.7,17200.0,5.0,237.0,5.0,,,
2003-02-27,42700.0,3.1,-2.0,12000.0,2.6,186.0,2.6,,,
2003-02-28,33000.0,6.0,0.1,9410.0,5.9,163.0,5.9,,,
2003-03-01,26600.0,0.0,0.8,7700.0,0.1,147.0,0.1,,,
2003-03-02,24200.0,0.5,3.4,7020.0,0.0,231.0,0.0,,,
2003-03-03,28900.0,0.0,-2.3,9600.0,0.0,451.0,0.0,,,
2003-03-04,34000.0,0.0,-1.1,13400.0,0.0,250.0,0.0,,,
2003-03-05,35000.0,0.7,7.5,11100.0,0.0,274.0,0.0,,,
2003-03-06,39000.0,4.0,5.5,14800.0,5.7,822.0,5.7,,,
2003-03-07,69900.0,0.0,-0.6,19200.0,0.0,485.0,0.0,,,
2003-03-08,86100.0,0.0,3.4,15700.0,0.0,474.0,0.0,,,
2003-03-09,68900.0,0.0,9.1,14000.0,0.0,879.0,0.0,,,
2003-03-10,75600.0,0.0,0.5,13700.0,0.0,509.0,0.0,,,
2003-03-11,74400.0,0.4,0.6,11000.0,0.2,331.0,0.2,,,
2003-03-12,52700.0,0.0,4.7,8830.0,0.1,294.0,0.1,,,
2003-03-13,40900.0,0.6,10.0,7660.0,2.8,287.0,2.8,,,
2003-03-14,40200.0,4.3,3.7,7770.0,4.0,365.0,4.0,,,
2003-03-15,49600.0,0.0,4.7,7780.0,0.0,263.0,0.0,,,
2003-03-16,48400.0,0.3,10.6,6900.0,0.0,227.0,0.0,,,
2003-03-17,41500.0,0.7,12.6,6190.0,0.0,205.0,0.0,,,
2003-03-18,38500.0,0.0,14.7,5640.0,0.0,190.0,0.0,,,
2003-03-19,35700.0,0.0,9.2,5170.0,1.7,165.0,1.7,,,
2003-03-20,36300.0,34.0,6.3,5330.0,34.4,841.0,34.4,,,
2003-03-21,67100.0,7.5,11.0,19300.0,4.9,822.0,4.9,,,
2003-03-22,111000.0,0.0,13.0,23200.0,0.4,401.0,0.4,,,
2003-03-23,76000.0,0.0,11.3,15000.0,0.0,282.0,0.0,,,
2003-03-24,51900.0,0.0,12.2,10900.0,0.0,230.0,0.0,,,
2003-03-25,39600.0,0.0,12.5,8660.0,0.0,195.0,0.0,,,
2003-03-26,31700.0,4.7,14.8,7260.0,7.0,179.0,7.0,,,
2003-03-27,27100.0,0.0,10.1,6580.0,0.0,189.0,0.0,,,
2003-03-28,24500.0,0.3,9.9,5900.0,0.0,153.0,0.0,,,
2003-03-29,21500.0,11.8,16.2,5260.0,6.4,147.0,6.4,,,
2003-03-30,20800.0,17.3,6.3,4980.0,17.7,209.0,17.7,,,
2003-03-31,22400.0,0.6,2.4,5250.0,0.8,249.0,0.8,,,
2003-04-01,22400.0,1.8,5.4,5700.0,1.9,206.0,1.9,,,
2003-04-02,21800.0,0.0,14.9,5810.0,0.1,171.0,0.1,,,
2003-04-03,21400.0,0.0,18.0,5800.0,0.0,153.0,0.0,,,
2003-04-04,21200.0,0.0,14.8,5670.0,0.1,143.0,0.1,,,
2003-04-05,20800.0,0.9,12.8,5390.0,1.4,138.0,1.4,,,
2003-04-06,19800.0,0.0,9.8,5070.0,0.0,134.0,0.0,,,
2003-04-07,20300.0,17.1,4.8,4870.0,16.8,198.0,16.8,,,
2003-04-08,22200.0,0.0,4.1,6050.0,0.0,230.0,0.0,,,
2003-04-09,38200.0,13.7,3.9,9380.0,13.7,433.0,13.7,,,
2003-04-10,54400.0,0.0,7.2,13800.0,0.0,388.0,0.0,,,
2003-04-11,65900.0,8.6,5.9,18000.0,10.2,391.0,10.2,,,
2003-04-12,71000.0,0.0,11.6,24200.0,0.0,329.0,0.0,,,
2003-04-13,75000.0,0.0,12.1,17900.0,0.0,255.0,0.0,,,
2003-04-14,54400.0,0.0,12.5,12700.0,0.0,219.0,0.0,,,
2003-04-15,41000.0,0.0,16.5,9920.0,0.0,196.0,0.0,,,
2003-04-16,33100.0,0.0,20.9,8110.0,0.0,178.0,0.0,,,
2003-04-17,28100.0,0.0,13.3,6950.0,0.3,160.0,0.3,,,
2003-04-18,23600.0,2.8,6.6,6070.0,2.9,152.0,2.9,,,
2003-04-19,21700.0,3.7,10.1,5740.0,3.0,331.0,3.0,,,
2003-04-20,20500.0,0.0,11.8,5770.0,0.0,251.0,0.0,,,
2003-04-21,19300.0,0.3,13.7,5630.0,2.2,194.0,2.2,,,
2003-04-22,18700.0,3.9,15.2,5320.0,4.0,190.0,4.0,,,
2003-04-23,18400.0,0.0,10.8,5340.0,0.0,167.0,0.0,,,
2003-04-24,19000.0,0.0,10.6,5130.0,0.0,145.0,0.0,,,
2003-04-25,17500.0,0.9,13.6,4730.0,0.5,136.0,0.5,,,
2003-04-26,16200.0,11.7,13.5,4470.0,8.7,144.0,8.7,,,
2003-04-27,15300.0,0.0,15.2,4270.0,0.0,136.0,0.0,,,
2003-04-28,14600.0,0.0,16.1,4040.0,0.0,119.0,0.0,,,
2003-04-29,13900.0,0.9,18.5,3830.0,2.0,109.0,2.0,,,
2003-04-30,13100.0,0.0,17.2,3670.0,0.0,102.0,0.0,,,
2003-05-01,12400.0,0.0,19.3,3500.0,3.9,97.1,3.9,,,
2003-05-02,11700.0,0.6,20.7,3400.0,0.2,93.3,0.2,,,
2003-05-03,13500.0,0.0,16.4,3970.0,0.0,85.0,0.0,,,
2003-05-04,13600.0,4.0,13.5,4020.0,5.6,78.2,5.6,,,
2003-05-05,12500.0,3.1,10.5,3670.0,7.2,80.7,7.2,,,
2003-05-06,12300.0,3.8,13.8,4350.0,4.0,98.6,4.0,,,
2003-05-07,15700.0,6.1,18.1,4930.0,6.6,96.6,6.6,,,
2003-05-08,21200.0,8.3,19.9,4880.0,6.2,111.0,6.2,,,
2003-05-09,20900.0,5.1,17.1,4710.0,9.2,122.0,9.2,,,
2003-05-10,26600.0,1.9,17.5,4730.0,1.6,182.0,1.6,,,
2003-05-11,43200.0,0.1,21.6,8870.0,1.5,200.0,1.5,,,
2003-05-12,76200.0,0.2,18.9,12600.0,0.0,133.0,0.0,,,
2003-05-13,64400.0,0.0,14.7,9420.0,0.1,112.0,0.1,,,
2003-05-14,40600.0,0.0,14.8,7050.0,0.0,99.9,0.0,,,
2003-05-15,29500.0,0.9,16.8,5680.0,6.1,113.0,6.1,,,
2003-05-16,51000.0,23.0,14.7,7470.0,36.0,5030.0,36.0,,,
2003-05-17,79400.0,1.1,11.2,7760.0,0.9,1200.0,0.9,,,
2003-05-18,64600.0,8.0,10.5,7110.0,6.1,723.0,6.1,,,
2003-05-19,47500.0,0.0,13.2,8010.0,0.0,440.0,0.0,,,
2003-05-20,44700.0,0.0,16.2,14400.0,0.0,358.0,0.0,,,
2003-05-21,45000.0,13.8,15.2,11500.0,9.9,316.0,9.9,,,
2003-05-22,38000.0,1.0,14.0,9180.0,0.1,310.0,0.1,,,
2003-05-23,30900.0,2.9,12.8,8520.0,1.0,252.0,1.0,,,
2003-05-24,27900.0,2.4,14.9,7460.0,3.0,385.0,3.0,,,
2003-05-25,35600.0,5.7,15.9,7270.0,1.3,872.0,1.3,,,
2003-05-26,32900.0,43.2,16.9,6530.0,34.2,514.0,34.2,,,
2003-05-27,29000.0,2.1,16.0,5930.0,1.8,394.0,1.8,,,
2003-05-28,26300.0,2.0,15.3,5530.0,4.5,396.0,4.5,,,
2003-05-29,26100.0,6.6,16.4,5290.0,2.7,338.0,2.7,,,
2003-05-30,24800.0,0.2,17.9,5010.0,0.0,272.0,0.0,,,
2003-05-31,22100.0,11.8,18.7,4840.0,10.6,508.0,10.6,,,
2003-06-01,25700.0,3.4,16.0,5050.0,1.2,670.0,1.2,,,
2003-06-02,24600.0,0.0,15.6,4410.0,0.0,328.0,0.0,,,
2003-06-03,24200.0,6.4,15.9,4170.0,17.8,303.0,17.8,,,
2003-06-04,37100.0,6.1,15.9,4420.0,11.1,977.0,11.1,,,
2003-06-05,80700.0,2.1,17.5,6530.0,2.8,824.0,2.8,,,
2003-06-06,60200.0,0.0,18.5,7960.0,0.0,587.0,0.0,,,
2003-06-07,51400.0,24.5,18.1,8010.0,21.8,775.0,21.8,,,
2003-06-08,65800.0,0.0,18.4,7320.0,0.0,561.0,0.0,,,
2003-06-09,65900.0,3.3,20.9,7890.0,1.1,527.0,1.1,,,
2003-06-10,53100.0,0.0,21.2,9070.0,0.0,372.0,0.0,,,
2003-06-11,46500.0,1.3,23.6,8160.0,3.4,301.0,3.4,,,
2003-06-12,41100.0,5.7,24.4,6850.0,7.9,367.0,7.9,,,
2003-06-13,41500.0,10.9,24.4,7730.0,8.8,308.0,8.8,,,
2003-06-14,47200.0,6.8,24.2,11400.0,11.0,417.0,11.0,,,
2003-06-15,49400.0,1.2,23.2,9240.0,0.8,294.0,0.8,,,
2003-06-16,41500.0,0.1,21.0,8800.0,0.0,228.0,0.0,,,
2003-06-17,33300.0,5.4,17.1,9930.0,6.5,205.0,6.5,,,
2003-06-18,32000.0,9.7,18.8,9720.0,12.2,269.0,12.2,,,
2003-06-19,41900.0,15.0,21.4,14400.0,4.0,243.0,4.0,,,
2003-06-20,47500.0,7.0,19.0,14400.0,9.9,292.0,9.9,,,
2003-06-21,48800.0,0.9,17.7,15800.0,1.5,281.0,1.5,,,
2003-06-22,64900.0,2.0,19.0,17600.0,1.4,232.0,1.4,,,
2003-06-23,59700.0,0.0,22.9,12200.0,0.0,192.0,0.0,,,
2003-06-24,40500.0,0.0,25.0,9160.0,0.0,156.0,0.0,,,
2003-06-25,30000.0,0.0,25.7,7220.0,0.0,133.0,0.0,,,
2003-06-26,23700.0,0.0,27.0,6000.0,0.0,115.0,0.0,,,
2003-06-27,19500.0,3.0,26.1,5140.0,3.3,104.0,3.3,,,
2003-06-28,16500.0,0.0,22.7,4590.0,0.0,91.6,0.0,,,
2003-06-29,14400.0,0.0,24.2,4160.0,0.0,84.3,0.0,,,
2003-06-30,12800.0,2.0,25.9,3810.0,0.7,77.6,0.7,,,
2003-07-01,13800.0,0.1,24.4,3670.0,0.2,81.4,0.2,,,
2003-07-02,11300.0,12.0,22.2,3480.0,8.7,74.1,8.7,,,
2003-07-03,11600.0,7.0,20.6,3540.0,2.4,109.0,2.4,,,
2003-07-04,11900.0,0.0,24.4,6040.0,0.1,124.0,0.1,,,
2003-07-05,13800.0,3.1,26.7,7750.0,1.6,88.4,1.6,,,
2003-07-06,13600.0,0.2,26.9,6050.0,0.4,88.3,0.4,,,
2003-07-07,13400.0,6.0,26.4,5560.0,2.6,96.6,2.6,,,
2003-07-08,13000.0,0.0,27.4,4720.0,0.0,131.0,0.0,,,
2003-07-09,11400.0,20.5,27.4,5050.0,25.4,89.0,25.4,,,
2003-07-10,13200.0,14.3,23.4,5560.0,6.0,145.0,6.0,,,
2003-07-11,17500.0,3.7,25.6,4980.0,5.8,106.0,5.8,,,
2003-07-12,17600.0,0.0,24.2,4900.0,1.0,81.7,1.0,,,
2003-07-13,16300.0,0.0,23.5,4110.0,0.0,79.7,0.0,,,
2003-07-14,13800.0,0.7,22.9,3580.0,0.3,67.4,0.3,,,
2003-07-15,11700.0,0.0,23.2,3230.0,0.2,57.0,0.2,,,
2003-07-16,10200.0,0.0,25.8,3470.0,0.2,51.0,0.2,,,
2003-07-17,9300.0,0.0,24.4,3590.0,0.0,46.3,0.0,,,
2003-07-18,8860.0,0.0,24.0,3050.0,0.0,42.1,0.0,,,
2003-07-19,7880.0,0.0,23.8,2680.0,0.5,43.2,0.5,,,
2003-07-20,7140.0,0.2,24.1,2500.0,0.1,40.7,0.1,,,
2003-07-21,6470.0,0.3,26.1,2380.0,0.0,38.3,0.0,,,
2003-07-22,6450.0,3.4,27.1,2250.0,3.7,41.2,3.7,,,
2003-07-23,8430.0,4.0,23.8,2220.0,5.0,108.0,5.0,,,
2003-07-24,8260.0,0.4,23.6,2130.0,1.8,86.2,1.8,,,
2003-07-25,7630.0,0.0,23.8,2180.0,0.0,52.6,0.0,,,
2003-07-26,6240.0,0.0,25.0,2180.0,0.0,41.6,0.0,,,
2003-07-27,5790.0,0.0,27.3,2020.0,0.0,39.3,0.0,,,
2003-07-28,5450.0,14.5,25.9,1920.0,8.1,38.3,8.1,,,
2003-07-29,5580.0,1.6,23.0,2120.0,0.0,83.0,0.0,,,
2003-07-30,5400.0,0.0,22.2,2120.0,0.0,46.1,0.0,,,
2003-07-31,5150.0,1.1,22.6,1880.0,0.5,38.7,0.5,,,
2003-08-01,5250.0,6.2,24.1,1970.0,5.2,92.3,5.2,,,
2003-08-02,6260.0,10.3,24.6,1910.0,1.6,64.2,1.6,,,
2003-08-03,5580.0,9.2,24.5,1860.0,5.1,48.9,5.1,,,
2003-08-04,5500.0,7.4,24.5,2090.0,2.3,49.4,2.3,,,
2003-08-05,5790.0,11.5,23.7,2170.0,11.7,54.9,11.7,,,
2003-08-06,5970.0,0.5,23.5,2200.0,0.0,43.4,0.0,,,
2003-08-07,6090.0,0.2,23.9,2320.0,0.0,38.8,0.0,,,
2003-08-08,6540.0,0.0,23.9,2560.0,0.7,63.5,0.7,,,
2003-08-09,6690.0,7.7,23.6,2510.0,3.8,45.5,3.8,,,
2003-08-10,6630.0,9.0,23.7,2300.0,5.2,71.6,5.2,,,
2003-08-11,7080.0,11.6,23.9,2400.0,2.1,121.0,2.1,,,
2003-08-12,8320.0,0.8,24.2,4090.0,0.8,61.3,0.8,,,
2003-08-13,13100.0,5.5,25.2,4700.0,0.2,44.6,0.2,,,
2003-08-14,14000.0,0.1,26.1,4490.0,0.0,39.2,0.0,,,
2003-08-15,11700.0,0.0,27.3,3870.0,0.0,34.8,0.0,,,
2003-08-16,10100.0,6.8,26.1,3450.0,8.8,32.1,8.8,,,
2003-08-17,12300.0,6.6,24.0,3010.0,3.1,327.0,3.1,,,
2003-08-18,10800.0,1.3,23.4,2750.0,0.2,110.0,0.2,,,
2003-08-19,9180.0,0.3,23.3,2560.0,0.0,62.0,0.0,,,
2003-08-20,7530.0,0.1,24.2,2490.0,0.0,53.1,0.0,,,
2003-08-21,6770.0,0.0,25.6,2330.0,0.0,47.5,0.0,,,
2003-08-22,5870.0,0.0,27.3,2060.0,0.7,44.0,0.7,,,
2003-08-23,5200.0,0.0,25.9,2000.0,0.0,45.1,0.0,,,
2003-08-24,4890.0,0.0,22.1,1780.0,0.0,36.1,0.0,,,
2003-08-25,4400.0,0.0,23.3,1720.0,0.0,32.9,0.0,,,
2003-08-26,4410.0,0.2,26.5,1720.0,0.5,84.9,0.5,,,
2003-08-27,6130.0,0.2,26.8,1580.0,2.1,132.0,2.1,,,
2003-08-28,5240.0,1.5,25.7,1620.0,0.2,64.2,0.2,,,
2003-08-29,4790.0,4.3,26.6,1620.0,2.3,49.7,2.3,,,
2003-08-30,4870.0,3.7,26.2,1530.0,11.6,46.3,11.6,,,
2003-08-31,4710.0,0.0,21.7,1520.0,0.0,40.7,0.0,,,
2003-09-01,4220.0,1.4,24.5,1570.0,0.4,39.0,0.4,,,
2003-09-02,4410.0,9.6,25.6,1590.0,15.4,46.1,15.4,,,
2003-09-03,6280.0,10.7,23.0,1600.0,9.0,50.1,9.0,,,
2003-09-04,14500.0,16.2,23.2,4940.0,7.0,376.0,7.0,,,
2003-09-05,35000.0,3.1,21.0,3790.0,0.1,183.0,0.1,,,
2003-09-06,21300.0,0.0,19.7,2460.0,0.0,103.0,0.0,,,
2003-09-07,18100.0,0.0,20.0,2170.0,0.0,77.7,0.0,,,
2003-09-08,12700.0,0.0,20.9,2030.0,0.0,65.8,0.0,,,
2003-09-09,9850.0,0.0,20.9,1820.0,0.6,59.0,0.6,,,
2003-09-10,8300.0,0.0,18.8,1710.0,0.0,53.2,0.0,,,
2003-09-11,7470.0,0.0,19.1,1540.0,0.0,48.7,0.0,,,
2003-09-12,6220.0,16.6,18.2,1570.0,9.1,44.7,9.1,,,
2003-09-13,6780.0,20.7,20.7,1680.0,24.8,73.7,24.8,,,
2003-09-14,6810.0,1.4,22.4,1940.0,1.6,71.2,1.6,,,
2003-09-15,6520.0,0.9,22.5,2010.0,1.2,60.2,1.2,,,
2003-09-16,6730.0,9.5,20.9,2110.0,1.9,54.9,1.9,,,
2003-09-17,7030.0,0.0,19.2,1960.0,0.0,47.3,0.0,,,
2003-09-18,7760.0,15.1,19.4,1860.0,15.3,72.1,15.3,,,
2003-09-19,19700.0,30.9,21.7,21100.0,42.4,661.0,42.4,,,
2003-09-20,102000.0,0.0,21.7,60600.0,0.2,302.0,0.2,,,
2003-09-21,150000.0,0.0,21.6,35400.0,0.1,196.0,0.1,,,
2003-09-22,67700.0,0.9,21.5,14800.0,1.6,153.0,1.6,,,
2003-09-23,104000.0,40.0,21.3,18100.0,41.2,5400.0,41.2,,,
2003-09-24,115000.0,0.0,18.3,31800.0,0.0,570.0,0.0,,,
2003-09-25,68900.0,0.0,19.9,17800.0,0.9,285.0,0.9,,,
2003-09-26,40400.0,0.7,21.4,11200.0,2.1,220.0,2.1,,,
2003-09-27,29900.0,0.0,21.6,8510.0,0.0,170.0,0.0,,,
2003-09-28,24200.0,4.1,19.4,7270.0,9.0,190.0,9.0,,,
2003-09-29,29100.0,0.1,15.2,6960.0,0.1,140.0,0.1,,,
2003-09-30,29600.0,0.0,12.8,6920.0,0.0,120.0,0.0,,,
2003-10-01,21800.0,0.2,12.9,5000.0,2.1,100.0,2.1,,,
2003-10-02,17700.0,0.0,11.6,4600.0,0.0,89.0,0.0,,,
2003-10-03,14800.0,0.0,8.7,4200.0,0.0,80.7,0.0,,,
2003-10-04,13100.0,3.7,12.1,3800.0,6.0,86.0,6.0,,,
2003-10-05,12000.0,0.0,12.8,3550.0,0.0,85.4,0.0,,,
2003-10-06,11100.0,0.0,13.8,3350.0,0.0,73.9,0.0,,,
2003-10-07,10300.0,0.1,15.3,3150.0,0.0,70.1,0.0,,,
2003-10-08,9890.0,0.0,17.0,3000.0,0.0,67.1,0.0,,,
2003-10-09,9150.0,0.0,18.7,2850.0,0.0,64.0,0.0,,,
2003-10-10,8170.0,0.0,17.2,2700.0,0.0,61.4,0.0,,,
2003-10-11,7680.0,0.0,17.3,2550.0,0.0,59.8,0.0,,,
2003-10-12,7190.0,0.0,19.1,2500.0,0.0,60.5,0.0,,,
2003-10-13,6900.0,0.0,18.0,2450.0,0.0,59.2,0.0,,,
2003-10-14,6640.0,2.3,15.8,2450.0,3.4,69.8,3.4,,,
2003-10-15,11200.0,15.4,14.9,2900.0,17.0,275.0,17.0,,,
2003-10-16,12800.0,0.0,13.0,3500.0,0.0,105.0,0.0,,,
2003-10-17,11200.0,0.6,12.7,3300.0,1.5,80.5,1.5,,,
2003-10-18,11200.0,0.6,11.3,2900.0,1.1,74.8,1.1,,,
2003-10-19,10400.0,0.0,12.0,2650.0,0.0,68.0,0.0,,,
2003-10-20,9470.0,0.0,12.1,2500.0,0.0,61.9,0.0,,,
2003-10-21,8850.0,0.0,17.3,2450.0,0.0,59.8,0.0,,,
2003-10-22,8450.0,2.0,13.7,2350.0,1.2,59.4,1.2,,,
2003-10-23,7910.0,0.0,7.5,2300.0,0.0,57.7,0.0,,,
2003-10-24,7430.0,0.0,6.7,2250.0,0.0,54.1,0.0,,,
2003-10-25,7080.0,0.0,9.5,2140.0,0.0,51.8,0.0,,,
2003-10-26,6970.0,0.0,16.2,2070.0,0.4,51.9,0.4,,,
2003-10-27,11800.0,32.5,15.5,2160.0,36.8,169.0,36.8,,,
2003-10-28,16500.0,0.2,9.2,2350.0,0.0,206.0,0.0,,,
2003-10-29,21400.0,29.9,10.4,2580.0,13.8,490.0,13.8,,,
2003-10-30,25900.0,0.0,10.9,2760.0,0.0,235.0,0.0,,,
2003-10-31,18400.0,0.0,13.4,2540.0,0.0,161.0,0.0,,,
2003-11-01,14800.0,0.0,16.3,2410.0,0.0,133.0,0.0,,,
2003-11-02,12700.0,0.0,18.7,2270.0,0.0,114.0,0.0,,,
2003-11-03,11300.0,0.0,18.8,2220.0,0.0,99.8,0.0,,,
2003-11-04,10400.0,0.0,18.6,2130.0,0.0,91.0,0.0,,,
2003-11-05,10600.0,0.2,20.7,2100.0,1.7,99.9,1.7,,,
2003-11-06,15100.0,19.2,19.4,2270.0,24.0,161.0,24.0,,,
2003-11-07,12000.0,5.9,14.5,2320.0,6.4,126.0,6.4,,,
2003-11-08,11100.0,0.0,8.4,3390.0,0.0,98.8,0.0,,,
2003-11-09,11600.0,0.0,3.8,4090.0,0.0,84.7,0.0,,,
2003-11-10,11800.0,0.0,4.7,3440.0,0.0,80.8,0.0,,,
2003-11-11,10700.0,0.0,7.3,3010.0,0.4,79.4,0.4,,,
2003-11-12,10700.0,14.8,12.0,2810.0,25.6,115.0,25.6,,,
2003-11-13,13400.0,6.4,11.1,3160.0,4.4,135.0,4.4,,,
2003-11-14,25800.0,0.0,4.6,4330.0,0.0,93.3,0.0,,,
2003-11-15,28600.0,0.0,7.2,6100.0,0.0,83.8,0.0,,,
2003-11-16,25700.0,0.3,7.9,5030.0,0.0,80.8,0.0,,,
2003-11-17,20800.0,0.5,10.3,4380.0,0.8,78.7,0.8,,,
2003-11-18,17800.0,0.0,9.2,3960.0,0.0,74.9,0.0,,,
2003-11-19,19900.0,26.5,16.3,4140.0,18.7,919.0,18.7,,,
2003-11-20,41300.0,6.6,11.3,11200.0,4.1,803.0,4.1,,,
2003-11-21,80200.0,0.0,10.1,22300.0,0.0,292.0,0.0,,,
2003-11-22,71000.0,0.0,11.3,13300.0,0.0,220.0,0.0,,,
2003-11-23,43300.0,0.0,10.7,9330.0,0.0,187.0,0.0,,,
2003-11-24,32400.0,1.6,12.2,7310.0,6.1,171.0,6.1,,,
2003-11-25,29000.0,7.4,4.5,6710.0,2.5,299.0,2.5,,,
2003-11-26,25800.0,0.0,4.3,5980.0,0.0,181.0,0.0,,,
2003-11-27,22900.0,0.0,7.6,5220.0,0.0,159.0,0.0,,,
2003-11-28,20400.0,9.5,13.2,4700.0,12.4,267.0,12.4,,,
2003-11-29,24500.0,3.5,4.9,4610.0,1.7,436.0,1.7,,,
2003-11-30,24500.0,0.0,4.7,5000.0,0.0,224.0,0.0,,,
2003-12-01,22000.0,0.0,6.7,4800.0,0.0,194.0,0.0,,,
2003-12-02,20000.0,0.0,3.1,4660.0,0.0,159.0,0.0,,,
2003-12-03,17800.0,0.0,0.1,4320.0,0.0,136.0,0.0,,,
2003-12-04,15900.0,0.0,0.4,3990.0,0.0,128.0,0.0,,,
2003-12-05,15300.0,28.0,1.1,3890.0,24.6,143.0,24.6,,,
2003-12-06,15400.0,10.8,-0.7,3910.0,9.9,149.0,9.9,,,
2003-12-07,14600.0,0.0,-2.8,3820.0,0.0,137.0,0.0,,,
2003-12-08,13900.0,0.0,-2.6,3640.0,0.0,127.0,0.0,,,
2003-12-09,13100.0,0.0,0.8,3440.0,0.0,121.0,0.0,,,
2003-12-10,12700.0,5.0,3.3,3400.0,5.1,142.0,5.1,,,
2003-12-11,61800.0,28.0,9.8,16200.0,21.4,4580.0,21.4,,,
2003-12-12,134000.0,0.0,2.7,28200.0,0.0,646.0,0.0,,,
2003-12-13,108000.0,0.0,-0.8,17400.0,0.0,452.0,0.0,,,
2003-12-14,58300.0,26.5,1.1,11900.0,26.6,414.0,26.6,,,
2003-12-15,45600.0,0.0,1.6,9670.0,0.4,432.0,0.4,,,
2003-12-16,38400.0,0.0,1.9,8330.0,0.0,404.0,0.0,,,
2003-12-17,34800.0,14.8,6.5,7420.0,9.9,510.0,9.9,,,
2003-12-18,33700.0,0.0,-0.1,8240.0,0.0,429.0,0.0,,,
2003-12-19,30500.0,0.1,-0.5,8940.0,0.2,333.0,0.2,,,
2003-12-20,28800.0,0.0,-0.4,7720.0,0.0,295.0,0.0,,,
2003-12-21,25100.0,0.0,-0.1,6630.0,0.0,255.0,0.0,,,
2003-12-22,21900.0,0.0,4.1,5890.0,0.0,237.0,0.0,,,
2003-12-23,19900.0,0.0,8.2,5420.0,0.0,242.0,0.0,,,
2003-12-24,20500.0,5.5,10.4,5740.0,5.3,317.0,5.3,,,
2003-12-25,31300.0,0.0,2.4,7360.0,0.0,330.0,0.0,,,
2003-12-26,45900.0,0.0,1.3,8450.0,0.0,243.0,0.0,,,
2003-12-27,39200.0,0.0,3.9,7670.0,0.0,217.0,0.0,,,
2003-12-28,31100.0,0.0,2.8,6670.0,0.0,196.0,0.0,,,
2003-12-29,26400.0,0.0,4.5,5960.0,0.0,189.0,0.0,,,
2003-12-30,23600.0,1.4,8.9,5410.0,1.6,181.0,1.6,,,
2003-12-31,21200.0,0.0,3.7,4950.0,0.0,168.0,0.0,,,
2004-01-01,19200.0,0.0,5.2,4700.0,0.0,161.0,0.0,,,
2004-01-02,17900.0,5.3,6.3,4430.0,4.4,160.0,4.4,,,
2004-01-03,16700.0,0.0,10.6,4210.0,0.0,160.0,0.0,,,
2004-01-04,15800.0,1.4,15.0,4020.0,1.5,153.0,1.5,,,
2004-01-05,15700.0,3.5,11.2,3850.0,1.4,153.0,1.4,,,
2004-01-06,17500.0,0.0,3.8,3740.0,0.0,154.0,0.0,,,
2004-01-07,19600.0,0.0,-3.6,3560.0,0.0,131.0,0.0,,,
2004-01-08,19100.0,0.0,-2.4,3390.0,0.0,115.0,0.0,,,
2004-01-09,17100.0,0.1,-1.1,3210.0,0.3,102.0,0.3,,,
2004-01-10,15500.0,0.0,-7.9,3090.0,0.0,90.0,0.0,,,
2004-01-11,13800.0,0.0,-6.3,2910.0,0.0,96.0,0.0,,,
2004-01-12,12300.0,0.0,1.5,2840.0,0.0,105.0,0.0,,,
2004-01-13,12200.0,0.0,3.4,2850.0,0.0,100.0,0.0,,,
2004-01-14,12100.0,0.0,-0.8,2830.0,0.0,94.0,0.0,,,
2004-01-15,11600.0,0.0,-1.2,2770.0,0.4,90.0,0.4,,,
2004-01-16,10900.0,0.0,-6.1,2690.0,0.0,82.0,0.0,,,
2004-01-17,9330.0,0.4,-3.1,2570.0,0.6,85.0,0.6,,,
2004-01-18,9150.0,12.4,1.5,2550.0,9.3,92.0,9.3,,,
2004-01-19,8960.0,0.0,-2.8,2450.0,0.0,82.0,0.0,,,
2004-01-20,8410.0,0.0,-4.4,2510.0,0.0,77.0,0.0,,,
2004-01-21,8230.0,0.0,-4.8,2540.0,0.0,70.0,0.0,,,
2004-01-22,7280.0,0.0,-0.7,2350.0,0.0,67.0,0.0,,,
2004-01-23,7280.0,0.0,-5.7,2350.0,0.0,66.0,0.0,,,
2004-01-24,6950.0,0.5,-4.1,2240.0,1.1,64.0,1.1,,,
2004-01-25,6550.0,0.0,-7.6,2180.0,0.0,62.0,0.0,,,
2004-01-26,5450.0,12.6,-6.7,1840.0,13.6,58.0,13.6,,,
2004-01-27,4590.0,8.3,-3.3,1880.0,7.9,56.0,7.9,,,
2004-01-28,5390.0,1.7,-3.9,1980.0,0.8,55.0,0.8,,,
2004-01-29,6180.0,0.0,-6.3,2360.0,0.0,54.0,0.0,,,
2004-01-30,6980.0,0.1,-5.3,2700.0,0.1,53.0,0.1,,,
2004-01-31,6950.0,0.0,-10.1,2430.0,0.0,52.0,0.0,,,
2004-02-01,6560.0,0.0,-9.2,2410.0,0.0,51.0,0.0,,,
2004-02-02,6950.0,0.0,-5.6,2670.0,0.0,48.0,0.0,,,
2004-02-03,7190.0,12.9,0.3,2470.0,15.6,110.0,15.6,,,
2004-02-04,8960.0,0.0,1.5,2490.0,0.0,286.0,0.0,,,
2004-02-05,10100.0,0.0,-2.0,2650.0,0.0,210.0,0.0,,,
2004-02-06,12700.0,34.4,0.8,3410.0,40.8,982.0,40.8,,,
2004-02-07,44400.0,3.6,2.8,10000.0,1.3,1070.0,1.3,,,
2004-02-08,64800.0,0.0,-2.2,16700.0,0.0,450.0,0.0,,,
2004-02-09,59300.0,0.0,-1.6,11200.0,0.0,230.0,0.0,,,
2004-02-10,40000.0,0.6,4.0,8080.0,0.3,270.0,0.3,,,
2004-02-11,33800.0,0.0,1.9,7400.0,0.0,360.0,0.0,,,
2004-02-12,30600.0,0.0,1.1,7310.0,0.0,270.0,0.0,,,
2004-02-13,29100.0,0.0,2.3,6720.0,0.0,258.0,0.0,,,
2004-02-14,26000.0,0.0,2.5,6220.0,0.0,219.0,0.0,,,
2004-02-15,23700.0,0.0,0.6,5940.0,0.0,161.0,0.0,,,
2004-02-16,22100.0,0.0,-2.8,5470.0,0.0,129.0,0.0,,,
2004-02-17,19600.0,0.0,-1.2,4960.0,0.0,113.0,0.0,,,
2004-02-18,17400.0,0.0,0.8,4560.0,0.0,109.0,0.0,,,
2004-02-19,16000.0,0.0,4.5,4240.0,0.0,122.0,0.0,,,
2004-02-20,15500.0,0.0,5.4,4220.0,0.0,152.0,0.0,,,
2004-02-21,17600.0,0.0,9.0,4580.0,0.0,167.0,0.0,,,
2004-02-22,24300.0,0.0,4.2,5460.0,0.0,148.0,0.0,,,
2004-02-23,35200.0,0.0,2.5,5730.0,0.0,123.0,0.0,,,
2004-02-24,31500.0,3.2,3.0,5220.0,4.2,123.0,4.2,,,
2004-02-25,26600.0,0.0,1.6,4860.0,0.0,129.0,0.0,,,
2004-02-26,23400.0,0.0,0.6,4520.0,0.0,108.0,0.0,,,
2004-02-27,21100.0,0.0,3.2,4180.0,0.0,101.0,0.0,,,
2004-02-28,19000.0,0.0,4.3,3860.0,0.0,95.6,0.0,,,
2004-02-29,17300.0,0.0,6.6,3650.0,0.0,90.8,0.0,,,
2004-03-01,16900.0,0.0,9.3,3450.0,0.0,89.4,0.0,,,
2004-03-02,17600.0,2.0,14.9,3360.0,2.0,92.0,2.0,,,
2004-03-03,19300.0,0.4,12.1,3220.0,0.4,90.1,0.4,,,
2004-03-04,26500.0,6.2,12.5,3160.0,7.8,91.4,7.8,,,
2004-03-05,27500.0,0.0,14.6,3130.0,0.0,93.5,0.0,,,
2004-03-06,31300.0,27.5,17.7,3470.0,18.3,413.0,18.3,,,
2004-03-07,36900.0,0.0,10.2,4270.0,0.3,276.0,0.3,,,
2004-03-08,38800.0,4.2,6.5,4280.0,3.8,261.0,3.8,,,
2004-03-09,34800.0,0.1,3.7,4200.0,0.0,184.0,0.0,,,
2004-03-10,28800.0,0.8,2.8,4060.0,0.0,156.0,0.0,,,
2004-03-11,24200.0,0.0,5.1,3830.0,0.0,136.0,0.0,,,
2004-03-12,21400.0,0.0,5.6,3590.0,0.0,124.0,0.0,,,
2004-03-13,19100.0,0.0,3.2,3370.0,0.0,109.0,0.0,,,
2004-03-14,16900.0,0.0,4.7,3150.0,0.0,101.0,0.0,,,
2004-03-15,14900.0,0.0,10.9,3000.0,0.0,97.7,0.0,,,
2004-03-16,13700.0,9.2,4.7,2850.0,7.9,98.7,7.9,,,
2004-03-17,13200.0,0.4,2.8,2930.0,0.3,111.0,0.3,,,
2004-03-18,13000.0,1.2,4.4,3140.0,1.2,97.8,1.2,,,
2004-03-19,13600.0,3.2,5.9,3650.0,6.8,138.0,6.8,,,
2004-03-20,15200.0,0.0,6.0,3730.0,0.0,111.0,0.0,,,
2004-03-21,19100.0,0.7,10.1,3860.0,4.0,101.0,4.0,,,
2004-03-22,20600.0,0.0,1.4,3910.0,0.0,89.9,0.0,,,
2004-03-23,24200.0,0.0,1.9,3820.0,0.0,81.7,0.0,,,
2004-03-24,23500.0,0.0,5.8,3620.0,0.0,80.4,0.0,,,
2004-03-25,19900.0,0.0,12.9,3360.0,0.0,78.9,0.0,,,
2004-03-26,17500.0,0.0,15.5,3190.0,0.0,76.1,0.0,,,
2004-03-27,15600.0,2.9,15.9,3020.0,2.9,73.8,2.9,,,
2004-03-28,14300.0,0.0,13.4,2910.0,0.0,75.9,0.0,,,
2004-03-29,13200.0,0.0,8.6,2790.0,0.0,69.4,0.0,,,
2004-03-30,12100.0,0.0,6.2,2680.0,0.0,67.1,0.0,,,
2004-03-31,11300.0,4.3,7.5,2630.0,5.9,79.1,5.9,,,
2004-04-01,12400.0,23.8,8.0,2710.0,20.9,146.0,20.9,,,
2004-04-02,19600.0,10.3,7.3,3460.0,13.2,429.0,13.2,,,
2004-04-03,44800.0,2.2,8.2,4730.0,1.9,452.0,1.9,,,
2004-04-04,45300.0,2.0,7.4,4530.0,1.1,303.0,1.1,,,
2004-04-05,34800.0,0.0,3.4,4060.0,0.0,222.0,0.0,,,
2004-04-06,27800.0,0.0,6.0,3640.0,0.0,178.0,0.0,,,
2004-04-07,22800.0,0.4,12.6,3340.0,0.1,166.0,0.1,,,
2004-04-08,19100.0,2.7,10.6,3100.0,3.5,157.0,3.5,,,
2004-04-09,17100.0,1.6,10.3,2990.0,1.9,146.0,1.9,,,
2004-04-10,16100.0,0.0,10.8,2890.0,0.0,129.0,0.0,,,
2004-04-11,15700.0,0.6,8.5,2770.0,0.9,121.0,0.9,,,
2004-04-12,15200.0,17.4,7.1,2720.0,18.3,190.0,18.3,,,
2004-04-13,27400.0,31.5,8.5,6580.0,26.1,1060.0,26.1,,,
2004-04-14,70200.0,2.9,9.1,16300.0,0.7,835.0,0.7,,,
2004-04-15,96200.0,1.0,10.6,19000.0,0.0,400.0,0.0,,,
2004-04-16,72800.0,0.0,9.9,13400.0,0.0,270.0,0.0,,,
2004-04-17,47000.0,0.0,15.3,9600.0,0.0,230.0,0.0,,,
2004-04-18,34800.0,0.0,20.4,7530.0,0.0,200.0,0.0,,,
2004-04-19,27900.0,0.0,22.3,6250.0,0.0,175.0,0.0,,,
2004-04-20,23600.0,0.0,21.2,5380.0,0.0,150.0,0.0,,,
2004-04-21,20600.0,0.3,18.8,4910.0,0.4,165.0,0.4,,,
2004-04-22,18600.0,0.0,22.0,4490.0,1.4,145.0,1.4,,,
2004-04-23,17200.0,3.5,21.1,4160.0,8.4,183.0,8.4,,,
2004-04-24,16800.0,2.8,18.6,3980.0,1.1,243.0,1.1,,,
2004-04-25,16400.0,0.0,15.5,3750.0,1.0,182.0,1.0,,,
2004-04-26,15300.0,21.3,17.2,3680.0,44.8,265.0,44.8,,,
2004-04-27,34500.0,1.7,13.9,6300.0,0.6,392.0,0.6,,,
2004-04-28,56800.0,0.0,9.5,6300.0,0.0,255.0,0.0,,,
2004-04-29,39900.0,0.0,15.5,5260.0,0.0,187.0,0.0,,,
2004-04-30,28600.0,0.0,18.6,4640.0,0.0,158.0,0.0,,,
2004-05-01,22800.0,2.5,19.6,4200.0,1.8,136.0,1.8,,,
2004-05-02,19700.0,8.1,20.8,3930.0,7.7,325.0,7.7,,,
2004-05-03,25300.0,22.5,12.3,5260.0,12.5,1200.0,12.5,,,
2004-05-04,27700.0,0.2,10.7,4960.0,0.0,290.0,0.0,,,
2004-05-05,24900.0,0.1,14.1,4760.0,0.3,220.0,0.3,,,
2004-05-06,21700.0,0.0,16.2,4340.0,0.0,187.0,0.0,,,
2004-05-07,18700.0,1.0,20.8,3970.0,2.7,158.0,2.7,,,
2004-05-08,17600.0,3.2,17.2,4380.0,2.4,173.0,2.4,,,
2004-05-09,16300.0,0.9,18.7,3930.0,0.0,140.0,0.0,,,
2004-05-10,15000.0,0.0,23.5,3560.0,0.0,160.0,0.0,,,
2004-05-11,13500.0,0.3,24.4,3190.0,1.2,120.0,1.2,,,
2004-05-12,12000.0,0.0,24.1,2890.0,0.0,102.0,0.0,,,
2004-05-13,10800.0,0.0,24.1,2730.0,0.0,89.5,0.0,,,
2004-05-14,9910.0,0.0,24.7,2580.0,0.0,79.9,0.0,,,
2004-05-15,9340.0,0.3,25.1,2400.0,0.8,76.6,0.8,,,
2004-05-16,9990.0,4.6,21.7,2420.0,9.7,87.5,9.7,,,
2004-05-17,11200.0,12.8,21.6,2980.0,2.3,77.4,2.3,,,
2004-05-18,12400.0,3.2,22.9,3190.0,6.0,68.7,6.0,,,
2004-05-19,12300.0,4.0,22.4,3550.0,3.4,124.0,3.4,,,
2004-05-20,17600.0,0.2,20.6,3660.0,0.0,89.4,0.0,,,
2004-05-21,22500.0,0.0,23.3,3600.0,0.3,78.5,0.3,,,
2004-05-22,19300.0,0.0,25.6,3830.0,0.2,201.0,0.2,,,
2004-05-23,18900.0,1.7,26.5,3390.0,0.0,101.0,0.0,,,
2004-05-24,18000.0,0.0,26.6,3010.0,0.0,78.2,0.0,,,
2004-05-25,15200.0,0.4,25.5,2850.0,0.0,68.9,0.0,,,
2004-05-26,14400.0,10.8,23.9,2630.0,10.6,86.0,10.6,,,
2004-05-27,13300.0,0.2,23.1,2380.0,0.3,69.8,0.3,,,
2004-05-28,12200.0,9.5,22.5,2340.0,8.4,80.0,8.4,,,
2004-05-29,10600.0,0.0,19.3,2430.0,0.0,73.5,0.0,,,
2004-05-30,10000.0,0.0,18.8,2890.0,0.0,61.5,0.0,,,
2004-05-31,11500.0,21.6,20.1,2900.0,21.4,63.4,21.4,,,
2004-06-01,12500.0,0.0,21.2,2670.0,1.2,90.2,1.2,,,
2004-06-02,11100.0,0.5,21.1,2430.0,0.0,81.9,0.0,,,
2004-06-03,9670.0,0.0,20.6,2290.0,0.0,65.0,0.0,,,
2004-06-04,8770.0,2.5,18.6,2130.0,1.7,60.0,1.7,,,
2004-06-05,12400.0,21.4,15.6,3540.0,29.9,1680.0,29.9,,,
2004-06-06,27400.0,0.0,17.6,3580.0,0.0,300.0,0.0,,,
2004-06-07,19500.0,0.4,20.4,3390.0,0.3,180.0,0.3,,,
2004-06-08,14600.0,0.0,22.7,3330.0,0.1,160.0,0.1,,,
2004-06-09,12100.0,0.0,25.5,2690.0,0.0,110.0,0.0,,,
2004-06-10,10200.0,4.2,25.6,2350.0,8.1,90.0,8.1,,,
2004-06-11,9110.0,7.0,20.8,2140.0,8.2,110.0,8.2,,,
2004-06-12,10700.0,28.2,18.2,2500.0,27.4,364.0,27.4,,,
2004-06-13,12000.0,0.0,18.9,2850.0,0.0,200.0,0.0,,,
2004-06-14,14600.0,0.3,23.4,2780.0,1.1,115.0,1.1,,,
2004-06-15,19100.0,2.1,25.8,2730.0,4.0,120.0,4.0,,,
2004-06-16,20800.0,12.7,24.1,2640.0,7.6,180.0,7.6,,,
2004-06-17,14300.0,0.5,26.3,2690.0,2.6,130.0,2.6,,,
2004-06-18,13900.0,3.1,26.7,2880.0,0.7,120.0,0.7,,,
2004-06-19,13300.0,0.0,24.8,2610.0,0.1,80.0,0.1,,,
2004-06-20,11100.0,0.0,19.9,2220.0,0.0,70.0,0.0,,,
2004-06-21,9430.0,0.0,20.4,2110.0,0.0,65.0,0.0,,,
2004-06-22,8700.0,3.5,23.6,1920.0,5.0,63.0,5.0,,,
2004-06-23,8130.0,1.3,23.4,1830.0,0.0,62.0,0.0,,,
2004-06-24,7390.0,0.0,23.8,1760.0,0.0,60.3,0.0,,,
2004-06-25,6780.0,0.7,24.5,1700.0,1.1,54.3,1.1,,,
2004-06-26,6210.0,0.0,23.2,1670.0,0.0,54.6,0.0,,,
2004-06-27,5940.0,0.0,21.6,1600.0,0.0,49.0,0.0,,,
2004-06-28,5580.0,0.0,22.6,1530.0,0.0,43.6,0.0,,,
2004-06-29,5390.0,0.2,22.6,1470.0,0.0,43.6,0.0,,,
2004-06-30,5160.0,0.0,23.2,1450.0,0.0,40.7,0.0,,,
2004-07-01,4740.0,4.2,23.8,1310.0,0.4,38.7,0.4,,,
2004-07-02,4410.0,6.8,25.2,1270.0,2.0,37.6,2.0,,,
2004-07-03,4170.0,0.0,25.9,1230.0,0.0,34.6,0.0,,,
2004-07-04,4560.0,16.0,25.0,1260.0,8.0,40.2,8.0,,,
2004-07-05,4460.0,2.8,26.8,1510.0,4.2,59.7,4.2,,,
2004-07-06,4510.0,0.0,26.2,2250.0,1.2,42.1,1.2,,,
2004-07-07,5260.0,10.7,26.1,2970.0,21.0,51.8,21.0,,,
2004-07-08,7840.0,0.0,25.6,2100.0,0.0,102.0,0.0,,,
2004-07-09,6630.0,0.0,25.3,1650.0,0.0,49.3,0.0,,,
2004-07-10,5220.0,0.0,25.0,1430.0,0.0,37.3,0.0,,,
2004-07-11,4420.0,1.5,26.6,1370.0,0.3,35.3,0.3,,,
2004-07-12,4180.0,32.6,24.7,1300.0,30.7,36.7,30.7,,,
2004-07-13,4130.0,1.8,24.7,1310.0,0.3,37.9,0.3,,,
2004-07-14,4930.0,11.7,25.2,1330.0,2.0,38.4,2.0,,,
2004-07-15,6670.0,0.0,23.9,1690.0,0.0,35.4,0.0,,,
2004-07-16,6160.0,0.0,23.5,1630.0,0.0,28.0,0.0,,,
2004-07-17,5180.0,0.7,24.3,1450.0,0.0,25.7,0.0,,,
2004-07-18,4340.0,10.1,22.3,1320.0,13.8,25.0,13.8,,,
2004-07-19,3820.0,0.1,23.1,1370.0,1.0,26.6,1.0,,,
2004-07-20,4390.0,1.6,24.1,1360.0,0.0,25.3,0.0,,,
2004-07-21,4200.0,0.0,25.1,1240.0,0.0,22.2,0.0,,,
2004-07-22,3470.0,2.0,25.9,1250.0,0.9,20.3,0.9,,,
2004-07-23,4000.0,8.1,24.2,1260.0,3.5,26.4,3.5,,,
2004-07-24,4830.0,8.5,22.5,1250.0,1.4,30.1,1.4,,,
2004-07-25,4540.0,0.9,22.0,1100.0,0.5,24.8,0.5,,,
2004-07-26,3980.0,1.2,22.7,1160.0,1.5,23.9,1.5,,,
2004-07-27,5090.0,15.8,24.1,1250.0,12.1,28.3,12.1,,,
2004-07-28,5850.0,21.0,24.2,1210.0,2.9,35.0,2.9,,,
2004-07-29,5010.0,0.0,23.9,1110.0,0.0,26.9,0.0,,,
2004-07-30,4540.0,0.6,25.4,1110.0,0.1,20.2,0.1,,,
2004-07-31,4280.0,0.0,26.4,1070.0,0.2,17.9,0.2,,,
2004-08-01,3850.0,4.7,26.1,1060.0,5.9,16.9,5.9,,,
2004-08-02,7560.0,2.1,25.0,997.0,3.9,16.7,3.9,,,
2004-08-03,16000.0,0.4,25.3,959.0,0.0,16.4,0.0,,,
2004-08-04,10300.0,0.0,26.7,990.0,0.0,14.9,0.0,,,
2004-08-05,7020.0,0.7,24.1,1050.0,1.8,14.4,1.8,,,
2004-08-06,5400.0,0.0,20.1,1070.0,0.0,12.6,0.0,,,
2004-08-07,4670.0,0.1,18.5,961.0,0.2,11.4,0.2,,,
2004-08-08,4060.0,0.0,20.4,906.0,0.0,10.7,0.0,,,
2004-08-09,3560.0,0.0,22.5,1020.0,0.0,10.0,0.0,,,
2004-08-10,3230.0,0.0,24.4,897.0,1.3,9.8,1.3,,,
2004-08-11,3200.0,7.4,25.1,945.0,2.8,14.4,2.8,,,
2004-08-12,3490.0,22.0,23.0,1080.0,18.7,104.0,18.7,,,
2004-08-13,4260.0,12.4,22.4,987.0,42.7,57.1,42.7,,,
2004-08-14,3930.0,5.2,20.5,1020.0,1.9,33.9,1.9,,,
2004-08-15,4690.0,20.4,20.8,956.0,8.2,24.0,8.2,,,
2004-08-16,3950.0,0.0,22.2,1110.0,0.0,19.2,0.0,,,
2004-08-17,3610.0,0.9,22.7,1200.0,0.7,16.1,0.7,,,
2004-08-18,4110.0,1.0,23.1,1030.0,0.0,18.2,0.0,,,
2004-08-19,3880.0,0.8,24.8,952.0,2.1,19.4,2.1,,,
2004-08-20,3170.0,0.2,26.6,965.0,0.2,15.5,0.2,,,
2004-08-21,2760.0,6.9,25.0,890.0,7.0,13.1,7.0,,,
2004-08-22,2930.0,0.0,20.8,852.0,0.0,13.2,0.0,,,
2004-08-23,4630.0,0.0,22.1,908.0,0.0,12.5,0.0,,,
2004-08-24,4120.0,0.0,23.8,853.0,0.0,10.6,0.0,,,
2004-08-25,3400.0,0.6,23.6,834.0,0.0,9.35,0.0,,,
2004-08-26,3010.0,0.8,23.6,820.0,0.1,8.81,0.1,,,
2004-08-27,2700.0,0.0,24.5,782.0,0.0,8.25,0.0,,,
2004-08-28,2510.0,1.3,25.7,743.0,0.4,7.8,0.4,,,
2004-08-29,2320.0,0.0,26.0,759.0,0.0,7.76,0.0,,,
2004-08-30,2230.0,5.5,24.8,719.0,1.8,7.35,1.8,,,
2004-08-31,2290.0,4.8,24.6,678.0,3.2,6.9,3.2,,,
2004-09-01,2150.0,0.0,22.9,720.0,0.0,6.53,0.0,,,
2004-09-02,2140.0,0.0,22.4,795.0,0.0,6.1,0.0,,,
2004-09-03,2230.0,0.0,22.3,709.0,0.0,6.0,0.0,,,
2004-09-04,2150.0,0.0,23.1,683.0,0.0,5.7,0.0,,,
2004-09-05,1900.0,0.2,22.5,681.0,0.2,5.7,0.2,,,
2004-09-06,1850.0,0.3,21.6,669.0,0.0,5.7,0.0,,,
2004-09-07,1900.0,0.3,23.5,640.0,0.1,6.44,0.1,,,
2004-09-08,2350.0,13.7,22.7,755.0,15.0,9.76,15.0,,,
2004-09-09,2680.0,3.7,24.5,1850.0,3.3,26.0,3.3,,,
2004-09-10,31300.0,0.0,22.4,15800.0,0.0,19.0,0.0,,,
2004-09-11,44700.0,0.0,21.9,9920.0,0.0,10.2,0.0,,,
2004-09-12,22900.0,0.3,21.8,6050.0,0.2,7.96,0.2,,,
2004-09-13,15100.0,0.0,22.9,4330.0,0.0,7.69,0.0,,,
2004-09-14,11500.0,0.4,21.8,3270.0,0.2,7.5,0.2,,,
2004-09-15,9470.0,7.4,19.8,2630.0,4.2,8.1,4.2,,,
2004-09-16,7820.0,0.1,21.8,2180.0,1.0,11.0,1.0,,,
2004-09-17,6190.0,3.0,22.8,1810.0,6.6,17.0,6.6,,,
2004-09-18,9760.0,40.6,19.7,7520.0,25.4,243.0,25.4,,,
2004-09-19,89200.0,0.0,16.1,13800.0,0.0,89.0,0.0,,,
2004-09-20,59700.0,0.0,15.6,9980.0,0.0,35.0,0.0,,,
2004-09-21,30000.0,0.0,17.7,6620.0,0.0,25.2,0.0,,,
2004-09-22,19900.0,0.0,21.2,4830.0,0.0,20.3,0.0,,,
2004-09-23,14700.0,0.0,22.2,3800.0,0.0,17.6,0.0,,,
2004-09-24,11300.0,0.0,22.2,3060.0,0.0,15.3,0.0,,,
2004-09-25,9280.0,0.0,19.7,2510.0,0.0,14.3,0.0,,,
2004-09-26,7790.0,0.1,19.8,2190.0,0.2,13.7,0.2,,,
2004-09-27,6800.0,0.0,20.7,1950.0,0.4,13.5,0.4,,,
2004-09-28,7400.0,56.3,21.3,2370.0,45.5,3060.0,45.5,,,
2004-09-29,57700.0,16.1,19.3,24300.0,2.0,1660.0,2.0,,,
2004-09-30,108000.0,0.9,19.6,36400.0,3.3,217.0,3.3,,,
2004-10-01,63400.0,0.0,17.7,14900.0,0.0,125.0,0.0,,,
2004-10-02,33800.0,1.5,20.3,9570.0,1.3,91.8,1.3,,,
2004-10-03,23400.0,0.0,17.8,7030.0,0.0,75.0,0.0,,,
2004-10-04,18000.0,0.0,18.1,5560.0,0.0,61.3,0.0,,,
2004-10-05,14700.0,0.0,15.4,4680.0,0.0,51.6,0.0,,,
2004-10-06,12200.0,0.0,12.6,3950.0,0.0,44.9,0.0,,,
2004-10-07,10500.0,0.0,14.9,3410.0,0.0,40.8,0.0,,,
2004-10-08,9110.0,0.0,17.1,3020.0,0.0,37.1,0.0,,,
2004-10-09,8190.0,0.0,16.9,2770.0,0.0,34.7,0.0,,,
2004-10-10,7460.0,0.0,17.5,2530.0,0.0,33.6,0.0,,,
2004-10-11,6760.0,0.0,13.6,2380.0,0.0,30.7,0.0,,,
2004-10-12,6300.0,0.0,11.5,2250.0,0.0,30.2,0.0,,,
2004-10-13,6200.0,3.6,12.0,2110.0,4.6,29.3,4.6,,,
2004-10-14,6110.0,2.0,14.7,2070.0,2.9,31.8,2.9,,,
2004-10-15,5890.0,4.1,16.1,2060.0,1.2,38.3,1.2,,,
2004-10-16,5910.0,0.9,12.3,2130.0,4.8,39.7,4.8,,,
2004-10-17,5760.0,0.0,10.6,2080.0,0.0,32.1,0.0,,,
2004-10-18,5630.0,0.0,11.1,1980.0,0.2,28.3,0.2,,,
2004-10-19,5220.0,13.6,15.3,1860.0,15.2,27.3,15.2,,,
2004-10-20,5130.0,3.5,12.5,1730.0,3.6,31.9,3.6,,,
2004-10-21,5410.0,3.8,12.0,1870.0,5.8,58.4,5.8,,,
2004-10-22,5910.0,0.4,11.3,1810.0,0.2,53.3,0.2,,,
2004-10-23,6250.0,0.0,9.9,1690.0,0.0,43.1,0.0,,,
2004-10-24,6080.0,2.7,9.6,1730.0,2.6,38.2,2.6,,,
2004-10-25,6020.0,0.0,11.6,1750.0,0.0,40.3,0.0,,,
2004-10-26,5780.0,0.0,13.5,1620.0,0.0,36.1,0.0,,,
2004-10-27,5650.0,0.0,12.4,1820.0,0.0,32.6,0.0,,,
2004-10-28,5650.0,0.0,12.5,1600.0,0.0,30.5,0.0,,,
2004-10-29,5420.0,0.8,12.9,1630.0,0.0,29.8,0.0,,,
2004-10-30,5290.0,0.0,17.0,1630.0,0.0,31.9,0.0,,,
2004-10-31,5200.0,0.0,19.9,1680.0,0.0,32.0,0.0,,,
2004-11-01,5230.0,0.0,15.0,1660.0,0.0,28.2,0.0,,,
2004-11-02,5570.0,0.0,16.3,1640.0,0.0,27.0,0.0,,,
2004-11-03,6010.0,0.0,16.9,1590.0,0.0,26.1,0.0,,,
2004-11-04,6430.0,23.3,10.3,1660.0,23.5,39.8,23.5,,,
2004-11-05,7080.0,0.8,10.7,1800.0,0.0,115.0,0.0,,,
2004-11-06,7070.0,0.0,9.0,2210.0,0.0,56.2,0.0,,,
2004-11-07,8150.0,0.0,11.7,2670.0,0.0,44.8,0.0,,,
2004-11-08,10500.0,0.0,10.4,2660.0,0.0,39.3,0.0,,,
2004-11-09,10200.0,0.0,4.9,2550.0,0.0,35.9,0.0,,,
2004-11-10,9060.0,0.0,4.7,2290.0,0.0,32.4,0.0,,,
2004-11-11,8210.0,0.0,8.2,2140.0,0.0,31.1,0.0,,,
2004-11-12,9620.0,37.1,7.9,2120.0,31.6,128.0,31.6,,,
2004-11-13,13000.0,8.0,6.1,2570.0,5.4,274.0,5.4,,,
2004-11-14,11600.0,0.0,4.0,3020.0,0.0,133.0,0.0,,,
2004-11-15,13000.0,0.0,5.7,3730.0,0.0,100.0,0.0,,,
2004-11-16,13300.0,0.0,8.1,3340.0,0.0,83.8,0.0,,,
2004-11-17,11800.0,0.0,8.6,3020.0,0.0,72.7,0.0,,,
2004-11-18,10700.0,1.1,11.5,2820.0,1.8,66.8,1.8,,,
2004-11-19,9920.0,1.6,13.1,2660.0,4.9,61.9,4.9,,,
2004-11-20,9400.0,0.9,12.6,2610.0,1.2,63.0,1.2,,,
2004-11-21,8770.0,0.4,13.0,2570.0,0.2,66.2,0.2,,,
2004-11-22,8330.0,1.2,12.5,2710.0,1.0,58.3,1.0,,,
2004-11-23,9040.0,0.5,11.2,2630.0,0.9,52.7,0.9,,,
2004-11-24,8750.0,14.3,13.0,2550.0,16.2,55.6,16.2,,,
2004-11-25,9070.0,6.2,14.6,2550.0,3.3,105.0,3.3,,,
2004-11-26,16700.0,0.0,4.6,2720.0,0.0,85.7,0.0,,,
2004-11-27,21500.0,0.0,5.6,4020.0,0.3,69.1,0.3,,,
2004-11-28,20100.0,15.7,11.8,4900.0,9.7,152.0,9.7,,,
2004-11-29,23200.0,0.0,6.0,6090.0,0.0,129.0,0.0,,,
2004-11-30,29000.0,0.0,6.8,6890.0,0.2,102.0,0.2,,,
2004-12-01,26100.0,12.4,9.4,6040.0,15.4,187.0,15.4,,,
2004-12-02,26600.0,0.0,5.4,5680.0,0.0,156.0,0.0,,,
2004-12-03,27300.0,0.0,4.5,5960.0,0.0,118.0,0.0,,,
2004-12-04,26200.0,0.0,3.4,5540.0,0.0,102.0,0.0,,,
2004-12-05,23000.0,0.0,6.3,4920.0,0.0,92.3,0.0,,,
2004-12-06,19400.0,0.5,7.0,4420.0,0.9,90.4,0.9,,,
2004-12-07,17100.0,11.8,10.4,4000.0,7.8,86.7,7.8,,,
2004-12-08,15900.0,0.6,13.6,3730.0,0.3,102.0,0.3,,,
2004-12-09,15700.0,15.2,7.3,3650.0,15.5,156.0,15.5,,,
2004-12-10,21400.0,17.1,10.5,5000.0,16.7,800.0,16.7,,,
2004-12-11,39700.0,1.8,9.6,10500.0,0.7,404.0,0.7,,,
2004-12-12,48900.0,0.0,5.4,11900.0,0.0,227.0,0.0,,,
2004-12-13,39700.0,2.0,6.4,9120.0,0.3,174.0,0.3,,,
2004-12-14,30900.0,0.0,1.9,7170.0,0.0,138.0,0.0,,,
2004-12-15,25000.0,0.0,-0.3,5930.0,0.0,116.0,0.0,,,
2004-12-16,20800.0,0.0,0.1,5050.0,0.0,104.0,0.0,,,
2004-12-17,17900.0,0.0,2.6,4480.0,0.0,99.3,0.0,,,
2004-12-18,15500.0,0.0,1.8,4090.0,0.0,91.6,0.0,,,
2004-12-19,14000.0,1.0,1.6,3780.0,0.0,86.0,0.0,,,
2004-12-20,12700.0,0.0,-6.8,3550.0,0.0,68.5,0.0,,,
2004-12-21,11300.0,0.0,-2.3,3290.0,0.0,72.9,0.0,,,
2004-12-22,10500.0,0.0,3.6,3070.0,0.0,67.8,0.0,,,
2004-12-23,11500.0,21.7,9.8,3010.0,15.3,193.0,15.3,,,
2004-12-24,16200.0,0.0,0.7,3370.0,0.0,262.0,0.0,,,
2004-12-25,15200.0,0.0,-3.0,3750.0,0.0,128.0,0.0,,,
2004-12-26,13500.0,0.0,-3.1,4560.0,0.0,105.0,0.0,,,
2004-12-27,13000.0,0.0,-2.2,4060.0,0.0,89.6,0.0,,,
2004-12-28,11700.0,0.0,-2.5,3710.0,0.0,82.1,0.0,,,
2004-12-29,10700.0,0.0,2.8,3460.0,0.0,81.5,0.0,,,
2004-12-30,10200.0,0.0,5.2,3220.0,0.0,79.7,0.0,,,
2004-12-31,9880.0,0.0,8.0,3060.0,0.0,79.1,0.0,,,
2005-01-01,9550.0,0.0,10.5,2930.0,0.0,78.4,0.0,,,
2005-01-02,9220.0,0.0,7.7,2790.0,0.0,69.7,0.0,,,
2005-01-03,8810.0,0.0,11.1,2690.0,1.2,65.2,1.2,,,
2005-01-04,8510.0,2.0,14.6,2490.0,2.0,64.4,2.0,,,
2005-01-05,8290.0,8.1,8.8,2540.0,21.0,71.3,21.0,,,
2005-01-06,8710.0,1.2,6.7,2470.0,3.2,86.3,3.2,,,
2005-01-07,13400.0,0.1,6.9,2500.0,0.2,77.4,0.2,,,
2005-01-08,24000.0,6.5,6.7,2450.0,7.6,79.8,7.6,,,
2005-01-09,22300.0,0.0,3.6,2400.0,0.0,83.3,0.0,,,
2005-01-10,24700.0,0.0,5.6,2310.0,0.0,72.4,0.0,,,
2005-01-11,21300.0,0.3,5.2,2290.0,1.6,68.6,1.6,,,
2005-01-12,17900.0,4.4,8.6,2210.0,1.2,66.1,1.2,,,
2005-01-13,17800.0,0.0,14.8,2140.0,0.0,65.0,0.0,,,
2005-01-14,50200.0,38.8,12.0,3580.0,37.0,2130.0,37.0,,,
2005-01-15,60000.0,0.0,1.5,5420.0,0.0,543.0,0.0,,,
2005-01-16,46500.0,0.0,-0.1,8280.0,0.0,339.0,0.0,,,
2005-01-17,37500.0,0.0,-2.8,7060.0,0.0,254.0,0.0,,,
2005-01-18,29300.0,0.0,-7.2,5750.0,0.0,178.0,0.0,,,
2005-01-19,23000.0,2.0,-5.9,4840.0,1.4,155.0,1.4,,,
2005-01-20,19600.0,0.0,-1.6,4310.0,0.0,150.0,0.0,,,
2005-01-21,17300.0,0.0,-3.1,3920.0,0.0,141.0,0.0,,,
2005-01-22,15500.0,7.9,-5.3,3680.0,6.7,108.0,6.7,,,
2005-01-23,12900.0,0.0,-7.1,3420.0,0.0,102.0,0.0,,,
2005-01-24,10100.0,0.4,-9.2,3040.0,0.5,95.0,0.5,,,
2005-01-25,10400.0,0.0,-3.8,2920.0,0.0,110.0,0.0,,,
2005-01-26,10600.0,0.1,1.1,3220.0,0.0,103.0,0.0,,,
2005-01-27,11400.0,0.0,-4.4,3120.0,0.0,94.0,0.0,,,
2005-01-28,10700.0,0.0,-7.8,2790.0,0.0,86.0,0.0,,,
2005-01-29,9430.0,0.0,-3.7,2660.0,0.0,76.0,0.0,,,
2005-01-30,9000.0,5.6,-0.6,2550.0,3.6,70.0,3.6,,,
2005-01-31,8640.0,0.0,-1.9,2470.0,0.0,79.0,0.0,,,
2005-02-01,8240.0,0.0,-0.6,2290.0,0.0,67.0,0.0,,,
2005-02-02,8020.0,0.0,-0.1,2170.0,0.0,60.0,0.0,,,
2005-02-03,7650.0,1.8,0.0,2120.0,1.8,64.2,1.8,,,
2005-02-04,7550.0,0.1,2.2,2060.0,0.1,74.1,0.1,,,
2005-02-05,7620.0,0.0,4.0,2070.0,0.0,113.0,0.0,,,
2005-02-06,7890.0,0.0,3.8,2080.0,0.0,104.0,0.0,,,
2005-02-07,7660.0,0.0,4.3,2070.0,0.0,95.1,0.0,,,
2005-02-08,7840.0,0.0,5.6,2060.0,0.1,100.0,0.1,,,
2005-02-09,8110.0,0.0,9.1,1990.0,0.5,116.0,0.5,,,
2005-02-10,8780.0,7.3,5.7,2080.0,7.1,140.0,7.1,,,
2005-02-11,9730.0,0.0,0.7,2150.0,0.0,101.0,0.0,,,
2005-02-12,9990.0,0.0,2.9,2050.0,0.0,81.4,0.0,,,
2005-02-13,10200.0,0.0,3.5,2010.0,0.0,76.9,0.0,,,
2005-02-14,10200.0,5.3,4.6,1980.0,6.3,84.6,6.3,,,
2005-02-15,10800.0,2.6,9.7,1990.0,2.3,132.0,2.3,,,
2005-02-16,12600.0,2.3,9.9,2050.0,1.9,109.0,1.9,,,
2005-02-17,13600.0,0.0,3.5,2020.0,0.0,97.3,0.0,,,
2005-02-18,13300.0,0.0,-0.4,2000.0,0.0,81.7,0.0,,,
2005-02-19,12200.0,0.0,-1.9,1940.0,0.0,69.9,0.0,,,
2005-02-20,11200.0,0.0,0.3,1890.0,0.0,69.1,0.0,,,
2005-02-21,10400.0,3.7,6.6,1880.0,2.5,74.9,2.5,,,
2005-02-22,10000.0,18.9,6.3,1870.0,9.9,73.6,9.9,,,
2005-02-23,9930.0,0.7,4.0,1900.0,1.0,65.4,1.0,,,
2005-02-24,9950.0,7.6,0.3,2030.0,6.9,63.8,6.9,,,
2005-02-25,9960.0,4.0,-1.7,2170.0,3.6,70.3,3.6,,,
2005-02-26,10000.0,0.0,0.3,2110.0,0.0,67.4,0.0,,,
2005-02-27,9970.0,0.0,-2.0,2110.0,0.0,74.0,0.0,,,
2005-02-28,9910.0,13.1,-1.0,2140.0,12.1,74.6,12.1,,,
2005-03-01,10200.0,4.6,0.7,2240.0,4.5,85.0,4.5,,,
2005-03-02,10300.0,0.0,-1.4,2320.0,0.0,82.7,0.0,,,
2005-03-03,10300.0,0.0,-3.1,2410.0,0.0,70.1,0.0,,,
2005-03-04,9760.0,0.0,-1.9,2360.0,0.1,67.4,0.1,,,
2005-03-05,9230.0,0.1,1.3,2330.0,1.0,76.8,1.0,,,
2005-03-06,8910.0,0.0,1.7,2340.0,0.0,79.4,0.0,,,
2005-03-07,8990.0,0.0,7.9,2530.0,0.2,84.0,0.2,,,
2005-03-08,11100.0,13.8,6.7,3070.0,9.3,108.0,9.3,,,
2005-03-09,15400.0,0.0,-2.7,4330.0,0.0,108.0,0.0,,,
2005-03-10,22500.0,0.0,-0.4,6240.0,0.0,92.3,0.0,,,
2005-03-11,24500.0,2.7,3.1,5650.0,1.6,91.6,1.6,,,
2005-03-12,20400.0,0.9,3.6,4900.0,0.6,88.2,0.6,,,
2005-03-13,17600.0,0.0,4.1,4370.0,0.0,78.1,0.0,,,
2005-03-14,15600.0,0.0,3.7,3910.0,0.0,70.9,0.0,,,
2005-03-15,13800.0,0.0,2.1,3550.0,0.0,64.3,0.0,,,
2005-03-16,12400.0,0.0,3.7,3340.0,0.0,61.5,0.0,,,
2005-03-17,11200.0,0.0,4.4,3110.0,0.0,60.2,0.0,,,
2005-03-18,10100.0,0.0,5.0,2890.0,0.0,58.6,0.0,,,
2005-03-19,9530.0,0.2,7.5,2760.0,0.2,55.5,0.2,,,
2005-03-20,9100.0,7.0,8.9,2660.0,0.4,55.8,0.4,,,
2005-03-21,8760.0,0.0,7.1,2560.0,0.0,52.6,0.0,,,
2005-03-22,8340.0,0.0,6.1,2390.0,0.0,49.1,0.0,,,
2005-03-23,12500.0,39.7,6.4,2620.0,35.9,465.0,35.9,,,
2005-03-24,30400.0,0.0,5.9,3850.0,0.0,573.0,0.0,,,
2005-03-25,39800.0,1.1,6.2,4180.0,0.9,391.0,0.9,,,
2005-03-26,35100.0,0.0,6.0,4260.0,0.1,338.0,0.1,,,
2005-03-27,29400.0,0.4,7.4,4170.0,1.2,312.0,1.2,,,
2005-03-28,34800.0,38.9,9.5,4700.0,38.3,2110.0,38.3,,,
2005-03-29,83300.0,2.7,10.6,9050.0,20.3,972.0,20.3,,,
2005-03-30,132000.0,0.0,10.6,15300.0,0.0,464.0,0.0,,,
2005-03-31,97800.0,0.0,10.1,11700.0,0.0,369.0,0.0,,,
2005-04-01,56700.0,0.0,12.2,8760.0,0.0,307.0,0.0,,,
2005-04-02,56700.0,34.7,11.6,8020.0,38.5,1250.0,38.5,,,
2005-04-03,81700.0,3.1,6.6,13600.0,3.6,830.0,3.6,,,
2005-04-04,71900.0,0.0,10.3,13600.0,0.0,412.0,0.0,,,
2005-04-05,52300.0,0.0,11.3,10100.0,0.0,310.0,0.0,,,
2005-04-06,40000.0,0.0,17.5,7950.0,0.0,259.0,0.0,,,
2005-04-07,32900.0,0.4,19.0,6640.0,1.8,221.0,1.8,,,
2005-04-08,29100.0,8.8,16.6,5980.0,10.1,316.0,10.1,,,
2005-04-09,26200.0,0.0,12.8,5450.0,0.0,222.0,0.0,,,
2005-04-10,23200.0,0.0,12.9,5020.0,0.0,180.0,0.0,,,
2005-04-11,20900.0,0.0,13.8,4580.0,0.0,161.0,0.0,,,
2005-04-12,18600.0,0.0,9.1,4170.0,0.0,143.0,0.0,,,
2005-04-13,16700.0,2.0,10.5,3890.0,1.5,135.0,1.5,,,
2005-04-14,15300.0,0.0,10.1,3700.0,0.0,126.0,0.0,,,
2005-04-15,14100.0,0.0,9.7,3500.0,0.0,115.0,0.0,,,
2005-04-16,13000.0,0.0,8.6,3330.0,0.0,105.0,0.0,,,
2005-04-17,12100.0,0.0,11.8,3100.0,0.0,103.0,0.0,,,
2005-04-18,11100.0,0.0,16.2,2940.0,0.0,97.1,0.0,,,
2005-04-19,10600.0,0.0,18.3,2790.0,0.0,92.5,0.0,,,
2005-04-20,10200.0,0.0,20.6,2720.0,0.3,88.4,0.3,,,
2005-04-21,9820.0,2.5,17.4,2660.0,1.3,83.6,1.3,,,
2005-04-22,9550.0,5.6,12.5,2620.0,6.5,93.7,6.5,,,
2005-04-23,10400.0,17.6,15.1,2730.0,12.9,167.0,12.9,,,
2005-04-24,11400.0,0.5,9.0,2950.0,0.5,155.0,0.5,,,
2005-04-25,12100.0,0.0,9.4,3270.0,0.1,106.0,0.1,,,
2005-04-26,12700.0,0.0,12.8,3500.0,0.0,89.6,0.0,,,
2005-04-27,12200.0,0.6,15.4,3330.0,0.8,81.3,0.8,,,
2005-04-28,11300.0,0.0,13.6,3060.0,0.0,75.3,0.0,,,
2005-04-29,10600.0,0.1,12.5,2850.0,0.1,71.7,0.1,,,
2005-04-30,11200.0,20.6,15.4,2790.0,16.8,119.0,16.8,,,
2005-05-01,12000.0,2.2,14.4,2810.0,0.7,121.0,0.7,,,
2005-05-02,11300.0,2.0,11.8,2880.0,1.7,86.2,1.7,,,
2005-05-03,11300.0,0.0,9.6,3080.0,0.0,79.0,0.0,,,
2005-05-04,12100.0,0.0,11.9,3010.0,0.0,73.1,0.0,,,
2005-05-05,11200.0,0.0,12.1,2860.0,0.0,67.6,0.0,,,
2005-05-06,10500.0,0.0,10.9,2740.0,0.0,64.7,0.0,,,
2005-05-07,9830.0,0.2,12.9,2590.0,0.7,63.7,0.7,,,
2005-05-08,9130.0,0.0,15.9,2470.0,0.0,62.4,0.0,,,
2005-05-09,8480.0,0.0,17.0,2390.0,0.0,57.7,0.0,,,
2005-05-10,8090.0,0.0,17.4,2280.0,0.0,55.1,0.0,,,
2005-05-11,7760.0,0.0,19.9,2150.0,0.0,55.1,0.0,,,
2005-05-12,7300.0,0.0,20.9,2080.0,0.0,53.4,0.0,,,
2005-05-13,6870.0,0.0,15.3,2010.0,0.0,50.7,0.0,,,
2005-05-14,6780.0,2.1,18.7,1930.0,2.4,50.4,2.4,,,
2005-05-15,7280.0,0.0,20.9,2420.0,0.1,54.0,0.1,,,
2005-05-16,7370.0,0.0,17.2,2450.0,0.0,58.8,0.0,,,
2005-05-17,7060.0,0.0,15.3,2100.0,0.0,50.4,0.0,,,
2005-05-18,6450.0,0.0,17.4,2000.0,0.0,46.7,0.0,,,
2005-05-19,6110.0,0.0,17.0,1870.0,0.0,44.3,0.0,,,
2005-05-20,9140.0,62.2,13.2,1860.0,48.9,120.0,48.9,,,
2005-05-21,10300.0,0.0,14.7,4000.0,0.0,124.0,0.0,,,
2005-05-22,10200.0,0.0,16.7,3700.0,0.0,68.7,0.0,,,
2005-05-23,12900.0,1.1,16.7,3760.0,2.8,59.5,2.8,,,
2005-05-24,15300.0,9.3,13.7,3980.0,10.3,92.9,10.3,,,
2005-05-25,15900.0,4.3,12.5,4190.0,2.8,129.0,2.8,,,
2005-05-26,14500.0,0.0,17.0,3800.0,0.0,84.7,0.0,,,
2005-05-27,14600.0,0.0,20.2,3430.0,0.0,64.0,0.0,,,
2005-05-28,13000.0,0.0,19.1,2970.0,5.3,55.3,5.3,,,
2005-05-29,11200.0,0.0,17.9,2660.0,0.0,55.4,0.0,,,
2005-05-30,9550.0,0.0,18.4,2400.0,0.0,52.1,0.0,,,
2005-05-31,8440.0,0.0,19.4,2210.0,0.6,50.7,0.6,,,
2005-06-01,7570.0,0.0,20.0,2030.0,0.0,45.7,0.0,,,
2005-06-02,6900.0,0.0,16.3,1930.0,0.0,42.4,0.0,,,
2005-06-03,6670.0,15.7,15.9,1870.0,14.3,48.4,14.3,,,
2005-06-04,6360.0,0.0,19.0,1880.0,0.0,56.1,0.0,,,
2005-06-05,5870.0,0.4,22.8,1870.0,0.0,47.4,0.0,,,
2005-06-06,5950.0,0.7,25.9,1850.0,2.2,52.4,2.2,,,
2005-06-07,7280.0,0.0,26.0,1900.0,1.0,153.0,1.0,,,
2005-06-08,5950.0,0.1,26.5,1670.0,0.0,54.6,0.0,,,
2005-06-09,5400.0,3.4,25.7,1670.0,0.0,45.3,0.0,,,
2005-06-10,5460.0,2.4,25.8,1840.0,3.3,99.8,3.3,,,
2005-06-11,5300.0,0.0,26.1,1750.0,0.3,53.0,0.3,,,
2005-06-12,5010.0,0.0,25.5,1990.0,0.0,44.8,0.0,,,
2005-06-13,4900.0,0.3,27.1,1900.0,2.8,41.1,2.8,,,
2005-06-14,5480.0,0.2,28.6,1720.0,0.0,46.2,0.0,,,
2005-06-15,5280.0,0.0,28.0,1700.0,0.0,39.4,0.0,,,
2005-06-16,4810.0,0.0,25.0,1500.0,0.2,34.7,0.2,,,
2005-06-17,4370.0,0.5,21.1,1360.0,0.1,31.5,0.1,,,
2005-06-18,3800.0,0.0,20.8,1270.0,0.0,30.3,0.0,,,
2005-06-19,3530.0,0.0,20.8,1240.0,0.0,28.8,0.0,,,
2005-06-20,3220.0,0.0,20.1,1200.0,0.2,29.0,0.2,,,
2005-06-21,3120.0,0.0,21.0,1160.0,0.0,28.8,0.0,,,
2005-06-22,2990.0,5.6,23.7,1160.0,3.1,29.7,3.1,,,
2005-06-23,3230.0,0.3,22.9,1180.0,0.1,31.0,0.1,,,
2005-06-24,2940.0,0.0,24.5,1150.0,0.0,28.2,0.0,,,
2005-06-25,2850.0,0.0,26.0,1120.0,0.0,25.9,0.0,,,
2005-06-26,2740.0,0.0,26.0,1110.0,0.0,24.5,0.0,,,
2005-06-27,2680.0,3.2,24.3,1020.0,0.5,23.6,0.5,,,
2005-06-28,2510.0,6.2,26.2,990.0,3.4,23.4,3.4,,,
2005-06-29,2820.0,4.6,25.4,960.0,4.3,28.0,4.3,,,
2005-06-30,4820.0,0.0,26.1,1180.0,2.1,94.8,2.1,,,
2005-07-01,3600.0,0.0,27.7,1140.0,0.1,31.7,0.1,,,
2005-07-02,3390.0,0.1,27.3,990.0,0.0,26.1,0.0,,,
2005-07-03,2740.0,0.0,25.0,973.0,0.1,23.8,0.1,,,
2005-07-04,2390.0,0.0,25.4,1000.0,0.0,22.4,0.0,,,
2005-07-05,2340.0,6.8,26.6,1210.0,5.4,23.9,5.4,,,
2005-07-06,4120.0,7.5,25.8,1200.0,5.5,76.5,5.5,,,
2005-07-07,3760.0,3.7,25.0,1080.0,3.0,36.4,3.0,,,
2005-07-08,21900.0,84.1,22.0,2570.0,73.1,1640.0,73.1,,,
2005-07-09,26300.0,0.0,24.2,4070.0,0.0,323.0,0.0,,,
2005-07-10,11800.0,0.0,25.0,4350.0,0.0,265.0,0.0,,,
2005-07-11,11000.0,0.0,25.8,3210.0,0.0,120.0,0.0,,,
2005-07-12,9180.0,0.1,27.5,2340.0,0.2,90.0,0.2,,,
2005-07-13,6780.0,2.2,25.8,1920.0,0.8,70.0,0.8,,,
2005-07-14,5470.0,19.6,25.4,1660.0,18.3,53.0,18.3,,,
2005-07-15,6870.0,13.4,25.1,1530.0,24.8,90.0,24.8,,,
2005-07-16,8070.0,9.4,26.1,1640.0,5.8,60.9,5.8,,,
2005-07-17,9860.0,6.9,26.6,2650.0,6.7,54.1,6.7,,,
2005-07-18,11100.0,0.9,27.9,2690.0,0.9,49.3,0.9,,,
2005-07-19,10500.0,1.6,28.1,2510.0,1.4,43.8,1.4,,,
2005-07-20,9050.0,0.0,28.3,2960.0,0.0,36.4,0.0,,,
2005-07-21,8970.0,0.0,28.0,2910.0,1.2,31.7,1.2,,,
2005-07-22,8110.0,0.8,28.4,2520.0,1.3,33.1,1.3,,,
2005-07-23,6640.0,0.0,27.6,2140.0,0.0,32.3,0.0,,,
2005-07-24,5840.0,0.0,24.9,1850.0,0.0,28.2,0.0,,,
2005-07-25,5090.0,1.2,27.7,1600.0,3.5,30.0,3.5,,,
2005-07-26,4480.0,0.0,30.4,1390.0,0.0,34.9,0.0,,,
2005-07-27,4450.0,0.1,31.2,1290.0,0.4,28.3,0.4,,,
2005-07-28,4720.0,0.1,26.8,1250.0,0.9,31.9,0.9,,,
2005-07-29,3660.0,12.0,23.8,1140.0,2.1,28.1,2.1,,,
2005-07-30,3320.0,0.5,24.2,1100.0,0.0,26.1,0.0,,,
2005-07-31,2950.0,0.0,24.3,1090.0,0.0,24.8,0.0,,,
2005-08-01,2710.0,0.0,25.3,1130.0,0.0,22.7,0.0,,,
2005-08-02,2660.0,0.0,27.6,1200.0,0.4,21.3,0.4,,,
2005-08-03,2520.0,1.1,28.7,1090.0,2.4,19.7,2.4,,,
2005-08-04,2580.0,2.1,29.5,1140.0,0.0,18.1,0.0,,,
2005-08-05,2480.0,0.2,29.5,1130.0,1.1,17.5,1.1,,,
2005-08-06,2420.0,3.4,27.1,998.0,0.2,16.1,0.2,,,
2005-08-07,2240.0,3.0,26.4,1060.0,0.5,16.1,0.5,,,
2005-08-08,2220.0,1.8,26.3,884.0,1.9,13.9,1.9,,,
2005-08-09,2890.0,10.1,23.6,1080.0,12.4,25.9,12.4,,,
2005-08-10,3250.0,0.0,25.0,1220.0,0.0,25.9,0.0,,,
2005-08-11,3290.0,0.0,27.6,1160.0,0.0,17.7,0.0,,,
2005-08-12,3320.0,0.1,29.3,1060.0,0.5,14.2,0.5,,,
2005-08-13,3000.0,0.3,30.2,1070.0,0.0,12.6,0.0,,,
2005-08-14,3210.0,0.2,30.5,1180.0,0.0,11.3,0.0,,,
2005-08-15,3110.0,0.0,29.2,1140.0,0.0,9.97,0.0,,,
2005-08-16,2810.0,4.9,26.2,1020.0,10.6,8.94,10.6,,,
2005-08-17,2640.0,2.0,24.9,1010.0,0.4,8.48,0.4,,,
2005-08-18,2550.0,0.0,25.8,1040.0,0.0,8.48,0.0,,,
2005-08-19,2810.0,7.7,23.8,1250.0,6.9,8.91,6.9,,,
2005-08-20,2950.0,0.4,26.3,1150.0,0.0,11.6,0.0,,,
2005-08-21,2830.0,0.0,28.9,1030.0,0.0,11.1,0.0,,,
2005-08-22,2450.0,0.0,26.3,975.0,0.0,8.6,0.0,,,
2005-08-23,2230.0,0.0,24.6,881.0,0.0,6.68,0.0,,,
2005-08-24,2020.0,0.2,24.6,852.0,0.0,6.01,0.0,,,
2005-08-25,1850.0,0.0,23.6,809.0,0.0,5.64,0.0,,,
2005-08-26,1770.0,0.0,23.1,635.0,0.0,5.25,0.0,,,
2005-08-27,1750.0,7.3,21.3,741.0,12.3,6.29,12.3,,,
2005-08-28,1960.0,6.9,24.3,818.0,3.5,9.67,3.5,,,
2005-08-29,1990.0,0.0,25.8,803.0,0.0,11.0,0.0,,,
2005-08-30,2010.0,0.5,25.9,1030.0,2.0,8.79,2.0,,,
2005-08-31,2020.0,0.2,27.8,975.0,0.2,18.8,0.2,,,
2005-09-01,2780.0,0.0,25.1,1160.0,0.0,19.4,0.0,,,
2005-09-02,2590.0,0.0,25.2,833.0,0.0,9.94,0.0,,,
2005-09-03,2490.0,0.0,24.7,819.0,0.0,7.02,0.0,,,
2005-09-04,1960.0,0.0,23.7,850.0,0.0,6.77,0.0,,,
2005-09-05,1910.0,0.0,23.3,871.0,0.0,5.97,0.0,,,
2005-09-06,1780.0,0.0,22.1,763.0,0.0,5.37,0.0,,,
2005-09-07,1710.0,0.0,21.4,750.0,0.0,5.22,0.0,,,
2005-09-08,1580.0,0.0,22.9,734.0,0.0,5.0,0.0,,,
2005-09-09,1570.0,1.5,23.1,577.0,0.9,4.85,0.9,,,
2005-09-10,1410.0,0.0,23.7,531.0,0.2,4.76,0.2,,,
2005-09-11,1280.0,0.0,23.1,629.0,0.0,4.65,0.0,,,
2005-09-12,1160.0,0.0,23.3,649.0,0.0,4.46,0.0,,,
2005-09-13,1180.0,0.0,24.3,640.0,0.0,4.41,0.0,,,
2005-09-14,1230.0,0.2,25.4,623.0,0.1,4.5,0.1,,,
2005-09-15,1280.0,0.8,26.2,618.0,0.1,4.5,0.1,,,
2005-09-16,1140.0,0.0,26.7,631.0,1.9,3.91,1.9,,,
2005-09-17,1160.0,0.1,26.6,643.0,3.9,3.57,3.9,,,
2005-09-18,1120.0,0.0,25.1,662.0,0.0,3.55,0.0,,,
2005-09-19,1080.0,0.0,25.4,617.0,0.0,3.32,0.0,,,
2005-09-20,1080.0,0.2,26.1,651.0,0.0,3.13,0.0,,,
2005-09-21,1080.0,0.0,24.9,642.0,0.0,2.79,0.0,,,
2005-09-22,1130.0,0.0,23.8,626.0,0.0,2.29,0.0,,,
2005-09-23,1020.0,0.1,26.7,603.0,0.2,2.15,0.2,,,
2005-09-24,949.0,1.2,23.1,598.0,0.5,2.06,0.5,,,
2005-09-25,1020.0,0.1,22.6,617.0,0.0,2.06,0.0,,,
2005-09-26,1010.0,6.0,23.3,609.0,5.8,2.06,5.8,,,
2005-09-27,1260.0,0.0,21.9,594.0,0.2,2.23,0.2,,,
2005-09-28,1130.0,0.0,19.8,590.0,0.0,2.46,0.0,,,
2005-09-29,930.0,0.1,20.4,581.0,0.6,2.03,0.6,,,
2005-09-30,986.0,0.0,16.3,577.0,0.0,1.75,0.0,,,
2005-10-01,989.0,0.0,18.0,584.0,0.0,1.96,0.0,,,
2005-10-02,975.0,0.0,20.0,583.0,0.0,1.94,0.0,,,
2005-10-03,951.0,0.0,19.5,565.0,0.0,2.06,0.0,,,
2005-10-04,1210.0,0.0,20.4,570.0,0.0,2.06,0.0,,,
2005-10-05,1070.0,0.0,21.9,552.0,0.0,2.47,0.0,,,
2005-10-06,981.0,3.3,22.2,569.0,0.7,2.89,0.7,,,
2005-10-07,2430.0,34.0,21.8,720.0,51.7,143.0,51.7,,,
2005-10-08,16000.0,146.9,20.2,1020.0,47.1,420.0,47.1,,,
2005-10-09,14000.0,0.5,15.5,1520.0,0.1,200.0,0.1,,,
2005-10-10,8500.0,0.4,16.7,3710.0,0.0,80.0,0.0,,,
2005-10-11,7390.0,1.6,17.2,2960.0,1.3,52.0,1.3,,,
2005-10-12,5890.0,0.0,16.8,2050.0,0.0,38.0,0.0,,,
2005-10-13,4470.0,0.9,14.7,1660.0,0.6,33.2,0.6,,,
2005-10-14,3840.0,1.2,16.4,1530.0,3.9,32.6,3.9,,,
2005-10-15,3410.0,0.0,18.8,1440.0,0.0,31.5,0.0,,,
2005-10-16,3180.0,0.0,15.6,1240.0,0.0,27.1,0.0,,,
2005-10-17,2730.0,0.0,14.2,1130.0,0.0,22.4,0.0,,,
2005-10-18,2460.0,0.4,15.7,1040.0,0.1,21.1,0.1,,,
2005-10-19,2270.0,0.0,16.5,993.0,0.0,19.7,0.0,,,
2005-10-20,2080.0,0.3,15.5,945.0,1.7,19.3,1.7,,,
2005-10-21,2070.0,13.6,11.6,935.0,10.0,20.5,10.0,,,
2005-10-22,2610.0,14.1,13.0,1010.0,16.2,47.7,16.2,,,
2005-10-23,3230.0,1.0,11.7,1050.0,0.8,60.6,0.8,,,
2005-10-24,3200.0,1.5,11.8,1090.0,2.7,42.2,2.7,,,
2005-10-25,6050.0,27.5,7.1,1270.0,34.0,343.0,34.0,,,
2005-10-26,9830.0,2.0,8.0,1760.0,2.6,301.0,2.6,,,
2005-10-27,9960.0,0.0,8.1,1690.0,0.0,142.0,0.0,,,
2005-10-28,9170.0,0.5,7.9,1640.0,0.6,95.9,0.6,,,
2005-10-29,7830.0,0.0,6.2,1540.0,0.0,75.0,0.0,,,
2005-10-30,6250.0,0.0,9.8,1310.0,0.0,63.2,0.0,,,
2005-10-31,5100.0,0.0,11.3,1240.0,0.0,54.2,0.0,,,
2005-11-01,4490.0,0.0,12.8,1140.0,0.0,48.4,0.0,,,
2005-11-02,3990.0,1.0,12.3,1090.0,1.5,44.9,1.5,,,
2005-11-03,3560.0,0.0,10.9,1050.0,0.0,42.1,0.0,,,
2005-11-04,3260.0,0.0,13.8,1030.0,0.0,39.4,0.0,,,
2005-11-05,3170.0,0.0,15.9,985.0,0.0,37.3,0.0,,,
2005-11-06,3010.0,0.0,16.6,949.0,1.3,35.0,1.3,,,
2005-11-07,2790.0,1.0,14.2,928.0,0.2,32.3,0.2,,,
2005-11-08,2670.0,1.4,12.6,861.0,2.0,31.7,2.0,,,
2005-11-09,2530.0,4.1,14.8,904.0,1.7,32.6,1.7,,,
2005-11-10,2600.0,0.2,14.9,907.0,0.0,32.7,0.0,,,
2005-11-11,2560.0,0.0,7.7,883.0,0.0,31.3,0.0,,,
2005-11-12,2530.0,0.0,8.7,881.0,0.0,31.4,0.0,,,
2005-11-13,2460.0,0.0,11.0,982.0,0.0,29.2,0.0,,,
2005-11-14,2540.0,0.0,15.2,961.0,0.6,27.9,0.6,,,
2005-11-15,2630.0,0.8,15.8,895.0,2.1,27.9,2.1,,,
2005-11-16,2790.0,6.6,18.5,885.0,8.2,34.0,8.2,,,
2005-11-17,3640.0,5.6,6.3,882.0,3.1,73.4,3.1,,,
2005-11-18,3660.0,0.0,1.5,925.0,0.0,44.5,0.0,,,
2005-11-19,3430.0,0.0,2.9,876.0,0.0,33.5,0.0,,,
2005-11-20,3440.0,0.0,6.5,914.0,0.0,30.3,0.0,,,
2005-11-21,3700.0,5.9,6.6,933.0,3.1,31.2,3.1,,,
2005-11-22,5340.0,12.9,6.8,1250.0,11.9,261.0,11.9,,,
2005-11-23,7020.0,0.0,2.5,2050.0,0.0,144.0,0.0,,,
2005-11-24,6750.0,1.4,4.4,2870.0,1.7,86.7,1.7,,,
2005-11-25,6320.0,0.0,-1.9,2830.0,0.0,65.7,0.0,,,
2005-11-26,5910.0,0.0,0.3,2220.0,0.0,54.7,0.0,,,
2005-11-27,5070.0,0.0,3.3,1910.0,0.0,50.7,0.0,,,
2005-11-28,4510.0,3.9,11.6,1740.0,2.8,51.3,2.8,,,
2005-11-29,4290.0,10.8,16.6,1800.0,12.2,332.0,12.2,,,
2005-11-30,13000.0,18.8,11.0,15500.0,24.4,1060.0,24.4,,,
2005-12-01,65500.0,0.0,4.1,34000.0,0.0,250.0,0.0,,,
2005-12-02,57900.0,0.1,2.8,15200.0,0.1,147.0,0.1,,,
2005-12-03,31500.0,0.0,-0.2,9510.0,0.0,105.0,0.0,,,
2005-12-04,21700.0,5.1,4.3,6870.0,4.3,100.0,4.3,,,
2005-12-05,16700.0,1.9,1.9,5430.0,1.5,89.5,1.5,,,
2005-12-06,13800.0,4.4,-0.2,4530.0,2.3,78.0,2.3,,,
2005-12-07,11500.0,0.0,-2.5,3930.0,0.0,69.5,0.0,,,
2005-12-08,10200.0,0.0,-3.2,3290.0,0.0,60.2,0.0,,,
2005-12-09,9190.0,17.9,-1.4,2940.0,15.8,65.3,15.8,,,
2005-12-10,8270.0,0.0,-1.3,2670.0,0.0,61.4,0.0,,,
2005-12-11,7460.0,0.0,0.4,2500.0,0.0,57.8,0.0,,,
2005-12-12,6920.0,0.0,-1.1,2470.0,0.0,55.5,0.0,,,
2005-12-13,6860.0,0.0,-4.3,2350.0,0.0,53.7,0.0,,,
2005-12-14,6230.0,0.0,-6.1,2210.0,0.0,49.0,0.0,,,
2005-12-15,5600.0,7.7,-2.5,2110.0,8.7,52.1,8.7,,,
2005-12-16,9400.0,13.4,4.1,2120.0,11.4,173.0,11.4,,,
2005-12-17,10900.0,0.0,1.5,2240.0,0.0,175.0,0.0,,,
2005-12-18,9840.0,0.0,2.3,2420.0,0.0,133.0,0.0,,,
2005-12-19,8690.0,0.0,0.0,2560.0,0.0,119.0,0.0,,,
2005-12-20,8420.0,0.0,-1.8,2420.0,0.0,99.0,0.0,,,
2005-12-21,7290.0,0.0,-1.3,2270.0,0.0,85.5,0.0,,,
2005-12-22,6560.0,0.0,-0.4,2130.0,0.0,78.3,0.0,,,
2005-12-23,6170.0,0.0,1.9,2060.0,0.0,74.5,0.0,,,
2005-12-24,6160.0,0.0,4.5,2020.0,0.0,78.7,0.0,,,
2005-12-25,6490.0,7.2,2.7,1980.0,7.5,97.4,7.5,,,
2005-12-26,8160.0,0.5,5.2,2080.0,0.5,164.0,0.5,,,
2005-12-27,9920.0,0.0,3.8,2460.0,0.0,120.0,0.0,,,
2005-12-28,11600.0,0.0,3.9,3220.0,0.4,101.0,0.4,,,
2005-12-29,13700.0,6.2,8.0,3560.0,3.6,96.9,3.6,,,
2005-12-30,14200.0,0.0,6.0,3470.0,0.0,90.9,0.0,,,
2005-12-31,13800.0,1.1,4.2,3580.0,0.3,80.2,0.3,,,
2006-01-01,13900.0,0.0,4.9,3680.0,0.0,75.2,0.0,,,
2006-01-02,13600.0,7.7,3.2,3540.0,12.6,161.0,12.6,,,
2006-01-03,17600.0,14.5,6.0,3990.0,12.9,535.0,12.9,,,
2006-01-04,29500.0,0.0,4.2,4270.0,0.0,275.0,0.0,,,
2006-01-05,33900.0,0.0,6.6,4040.0,0.0,196.0,0.0,,,
2006-01-06,27500.0,0.0,4.1,3740.0,0.0,156.0,0.0,,,
2006-01-07,22100.0,0.0,0.1,3440.0,0.0,129.0,0.0,,,
2006-01-08,18500.0,0.0,2.8,3170.0,0.0,114.0,0.0,,,
2006-01-09,15900.0,0.0,9.8,2860.0,0.0,103.0,0.0,,,
2006-01-10,14200.0,0.0,6.7,2600.0,0.0,91.1,0.0,,,
2006-01-11,12800.0,8.2,7.7,2450.0,6.9,90.3,6.9,,,
2006-01-12,12500.0,0.5,10.0,2360.0,0.0,111.0,0.0,,,
2006-01-13,12500.0,0.0,9.4,2310.0,0.0,91.1,0.0,,,
2006-01-14,12900.0,12.8,11.0,2430.0,12.0,143.0,12.0,,,
2006-01-15,13100.0,0.6,1.0,2640.0,0.0,157.0,0.0,,,
2006-01-16,14000.0,0.0,1.1,4800.0,0.0,111.0,0.0,,,
2006-01-17,17200.0,0.1,2.2,5060.0,0.2,99.2,0.2,,,
2006-01-18,19100.0,17.6,10.1,4610.0,20.6,401.0,20.6,,,
2006-01-19,25500.0,0.0,3.5,5840.0,0.0,282.0,0.0,,,
2006-01-20,28800.0,0.0,8.6,9340.0,0.0,180.0,0.0,,,
2006-01-21,33100.0,0.0,10.3,7600.0,0.3,150.0,0.3,,,
2006-01-22,25700.0,0.0,3.9,5970.0,0.0,127.0,0.0,,,
2006-01-23,23300.0,12.3,4.0,5070.0,18.8,156.0,18.8,,,
2006-01-24,23900.0,0.0,4.5,4640.0,0.0,145.0,0.0,,,
2006-01-25,27000.0,0.3,4.6,4490.0,0.1,125.0,0.1,,,
2006-01-26,24300.0,0.0,1.0,4130.0,0.0,105.0,0.0,,,
2006-01-27,20600.0,0.0,0.7,3670.0,0.0,92.0,0.0,,,
2006-01-28,17400.0,0.0,4.7,3360.0,0.0,88.1,0.0,,,
2006-01-29,15300.0,2.7,8.1,3040.0,3.4,93.2,3.4,,,
2006-01-30,14000.0,0.0,11.6,2920.0,0.0,88.7,0.0,,,
2006-01-31,13500.0,3.2,8.2,2780.0,7.4,84.8,7.4,,,
2006-02-01,13400.0,0.0,4.5,2720.0,0.0,79.1,0.0,,,
2006-02-02,13600.0,0.0,5.1,2610.0,0.0,72.6,0.0,,,
2006-02-03,14400.0,8.2,11.9,2530.0,5.2,188.0,5.2,,,
2006-02-04,19800.0,4.9,9.6,2580.0,3.6,195.0,3.6,,,
2006-02-05,24700.0,3.6,6.9,2770.0,4.1,374.0,4.1,,,
2006-02-06,27300.0,0.0,3.0,3330.0,0.0,183.0,0.0,,,
2006-02-07,27300.0,0.0,1.8,4700.0,0.0,141.0,0.0,,,
2006-02-08,23900.0,0.0,-0.1,4230.0,0.0,122.0,0.0,,,
2006-02-09,19900.0,0.0,-0.8,3810.0,0.0,111.0,0.0,,,
2006-02-10,16800.0,0.0,-0.0,3510.0,0.0,99.9,0.0,,,
2006-02-11,15100.0,5.5,1.2,3240.0,4.7,97.2,4.7,,,
2006-02-12,14400.0,21.3,0.3,3210.0,16.3,116.0,16.3,,,
2006-02-13,13500.0,0.0,-4.8,3040.0,0.0,100.0,0.0,,,
2006-02-14,12600.0,0.0,-1.2,2890.0,0.0,91.0,0.0,,,
2006-02-15,11700.0,0.0,3.6,2680.0,0.0,86.8,0.0,,,
2006-02-16,11300.0,0.0,7.3,2650.0,0.0,123.0,0.0,,,
2006-02-17,12400.0,0.9,11.6,3100.0,0.6,225.0,0.6,,,
2006-02-18,13300.0,0.0,2.6,3480.0,0.0,146.0,0.0,,,
2006-02-19,13300.0,0.0,-4.6,3580.0,0.0,112.0,0.0,,,
2006-02-20,12900.0,0.0,-0.8,3380.0,0.0,106.0,0.0,,,
2006-02-21,12300.0,0.0,1.4,3170.0,0.0,100.0,0.0,,,
2006-02-22,11500.0,1.5,1.5,2960.0,0.1,96.8,0.1,,,
2006-02-23,11000.0,0.2,4.1,2910.0,0.1,96.2,0.1,,,
2006-02-24,10500.0,0.0,3.3,2770.0,0.1,87.1,0.1,,,
2006-02-25,9770.0,0.4,2.7,2610.0,0.0,78.2,0.0,,,
2006-02-26,9780.0,0.0,1.0,2460.0,0.0,73.3,0.0,,,
2006-02-27,9100.0,0.0,-0.9,2310.0,0.0,68.1,0.0,,,
2006-02-28,8250.0,0.1,1.8,2200.0,0.3,67.9,0.3,,,
2006-03-01,7790.0,0.0,3.0,2090.0,0.0,67.3,0.0,,,
2006-03-02,7460.0,9.2,4.3,2030.0,3.6,66.2,3.6,,,
2006-03-03,7210.0,0.2,3.4,1980.0,0.0,64.0,0.0,,,
2006-03-04,6870.0,0.0,2.1,1970.0,0.0,57.4,0.0,,,
2006-03-05,6610.0,0.0,3.8,1870.0,0.0,54.9,0.0,,,
2006-03-06,6270.0,0.0,3.9,1790.0,0.0,54.5,0.0,,,
2006-03-07,6170.0,0.0,4.0,1740.0,0.0,53.6,0.0,,,
2006-03-08,5900.0,0.0,3.6,1710.0,0.0,51.1,0.0,,,
2006-03-09,5630.0,0.0,10.7,1680.0,0.0,50.2,0.0,,,
2006-03-10,5380.0,1.4,17.8,1690.0,1.1,50.2,1.1,,,
2006-03-11,5350.0,0.0,14.0,1600.0,0.0,48.7,0.0,,,
2006-03-12,5280.0,3.3,15.3,1560.0,4.2,47.7,4.2,,,
2006-03-13,5080.0,0.0,18.0,1530.0,0.3,47.6,0.3,,,
2006-03-14,5140.0,1.5,16.3,1530.0,1.5,47.5,1.5,,,
2006-03-15,5160.0,0.0,7.2,1470.0,0.0,44.2,0.0,,,
2006-03-16,5060.0,0.0,6.9,1430.0,0.0,42.0,0.0,,,
2006-03-17,4990.0,0.0,7.0,1410.0,0.3,41.5,0.3,,,
2006-03-18,4960.0,0.0,4.3,1390.0,0.0,41.1,0.0,,,
2006-03-19,4920.0,0.0,4.1,1370.0,0.0,40.3,0.0,,,
2006-03-20,4810.0,0.0,5.0,1350.0,0.0,39.4,0.0,,,
2006-03-21,4650.0,0.9,2.3,1340.0,0.3,38.1,0.3,,,
2006-03-22,4710.0,0.0,3.6,1330.0,0.1,38.2,0.1,,,
2006-03-23,4630.0,0.0,4.2,1330.0,0.0,37.6,0.0,,,
2006-03-24,4500.0,0.0,5.8,1300.0,0.0,37.0,0.0,,,
2006-03-25,4380.0,0.0,6.2,1290.0,0.0,37.0,0.0,,,
2006-03-26,4400.0,0.0,6.0,1270.0,0.0,36.5,0.0,,,
2006-03-27,4430.0,0.0,7.5,1240.0,0.0,35.3,0.0,,,
2006-03-28,4170.0,0.3,9.9,1220.0,0.3,34.8,0.3,,,
2006-03-29,4080.0,0.0,11.4,1250.0,0.4,34.8,0.4,,,
2006-03-30,4070.0,0.0,12.1,1230.0,0.0,33.8,0.0,,,
2006-03-31,3960.0,0.0,15.3,1200.0,0.0,32.3,0.0,,,
2006-04-01,3950.0,3.2,18.9,1200.0,2.1,32.5,2.1,,,
2006-04-02,4000.0,0.0,14.9,1200.0,0.0,33.0,0.0,,,
2006-04-03,3940.0,8.5,14.8,1180.0,9.3,35.8,9.3,,,
2006-04-04,4470.0,3.2,11.2,1200.0,0.2,50.6,0.2,,,
2006-04-05,4390.0,0.0,8.4,1180.0,0.2,39.5,0.2,,,
2006-04-06,4340.0,0.0,10.5,1170.0,0.0,34.2,0.0,,,
2006-04-07,4420.0,4.5,14.5,1170.0,4.1,34.3,4.1,,,
2006-04-08,5120.0,25.3,12.9,1190.0,18.2,48.1,18.2,,,
2006-04-09,5560.0,0.0,6.9,1280.0,0.0,64.9,0.0,,,
2006-04-10,5280.0,0.0,9.5,1300.0,0.0,44.0,0.0,,,
2006-04-11,5630.0,0.0,13.1,1370.0,0.0,36.7,0.0,,,
2006-04-12,6140.0,0.0,15.3,1400.0,0.0,33.7,0.0,,,
2006-04-13,6290.0,1.5,18.8,1340.0,0.8,33.3,0.8,,,
2006-04-14,5990.0,0.6,17.5,1360.0,2.8,35.5,2.8,,,
2006-04-15,5710.0,3.6,20.3,1330.0,1.4,34.1,1.4,,,
2006-04-16,5470.0,0.0,17.1,1330.0,0.0,31.9,0.0,,,
2006-04-17,5380.0,6.4,12.7,1410.0,5.0,32.0,5.0,,,
2006-04-18,5420.0,0.0,13.2,1880.0,0.0,36.1,0.0,,,
2006-04-19,6530.0,0.0,15.5,2530.0,0.0,31.7,0.0,,,
2006-04-20,10700.0,0.0,18.0,2830.0,0.0,28.8,0.0,,,
2006-04-21,12400.0,1.6,16.8,2670.0,1.9,28.6,1.9,,,
2006-04-22,11100.0,30.1,14.7,2570.0,31.1,44.8,31.1,,,
2006-04-23,14800.0,12.2,15.6,3750.0,4.1,100.0,4.1,,,
2006-04-24,34400.0,0.3,16.7,6800.0,0.0,61.7,0.0,,,
2006-04-25,35300.0,0.0,17.1,6320.0,0.0,45.9,0.0,,,
2006-04-26,26200.0,3.4,12.4,4970.0,5.3,41.2,5.3,,,
2006-04-27,20900.0,0.0,13.7,4140.0,0.0,36.9,0.0,,,
2006-04-28,17200.0,0.0,14.1,3530.0,0.0,33.5,0.0,,,
2006-04-29,14300.0,0.0,12.3,3010.0,0.0,30.3,0.0,,,
2006-04-30,12200.0,0.0,12.8,2590.0,0.0,28.1,0.0,,,
2006-05-01,10300.0,0.0,13.5,2320.0,0.0,28.2,0.0,,,
2006-05-02,8930.0,0.0,16.2,2050.0,0.0,26.6,0.0,,,
2006-05-03,7840.0,0.0,19.2,1970.0,0.0,26.1,0.0,,,
2006-05-04,7120.0,0.0,19.6,1860.0,0.0,25.5,0.0,,,
2006-05-05,6520.0,0.0,21.5,1740.0,0.0,24.0,0.0,,,
2006-05-06,6130.0,0.0,21.0,1650.0,0.0,23.0,0.0,,,
2006-05-07,5610.0,0.1,15.4,1600.0,0.0,21.5,0.0,,,
2006-05-08,5440.0,5.2,11.6,1560.0,5.0,21.5,5.0,,,
2006-05-09,5250.0,0.0,15.2,1540.0,0.0,23.1,0.0,,,
2006-05-10,5120.0,0.0,17.7,1490.0,0.0,22.6,0.0,,,
2006-05-11,5050.0,6.1,18.0,1480.0,9.4,24.9,9.4,,,
2006-05-12,6450.0,29.4,16.2,1580.0,23.4,79.5,23.4,,,
2006-05-13,7170.0,0.2,17.1,1440.0,0.2,43.9,0.2,,,
2006-05-14,6600.0,0.5,16.7,1370.0,2.8,31.9,2.8,,,
2006-05-15,6650.0,4.9,15.1,1420.0,6.7,30.3,6.7,,,
2006-05-16,6510.0,0.6,14.9,1780.0,0.4,42.6,0.4,,,
2006-05-17,14600.0,3.0,15.5,2260.0,4.8,34.9,4.8,,,
2006-05-18,20300.0,0.2,16.7,2330.0,0.8,30.1,0.8,,,
2006-05-19,14600.0,1.2,14.8,2140.0,2.9,27.4,2.9,,,
2006-05-20,11900.0,0.0,16.4,2000.0,0.7,25.2,0.7,,,
2006-05-21,10000.0,0.0,16.7,1850.0,0.0,23.2,0.0,,,
2006-05-22,8510.0,0.0,15.2,1640.0,0.0,21.3,0.0,,,
2006-05-23,7310.0,0.0,14.1,1520.0,0.0,20.0,0.0,,,
2006-05-24,6320.0,0.0,16.8,1410.0,0.0,18.5,0.0,,,
2006-05-25,5710.0,0.1,18.7,1290.0,0.0,18.5,0.0,,,
2006-05-26,5120.0,2.8,22.7,1220.0,7.6,18.5,7.6,,,
2006-05-27,4770.0,0.4,22.5,1200.0,0.7,19.0,0.7,,,
2006-05-28,4460.0,0.0,24.3,1160.0,0.0,18.2,0.0,,,
2006-05-29,4090.0,0.0,25.6,1130.0,0.0,17.1,0.0,,,
2006-05-30,3800.0,1.2,27.4,1090.0,0.6,16.0,0.6,,,
2006-05-31,3560.0,0.2,26.7,1030.0,2.3,14.4,2.3,,,
2006-06-01,3770.0,1.2,27.4,989.0,0.1,19.4,0.1,,,
2006-06-02,4280.0,9.9,24.3,953.0,1.4,24.6,1.4,,,
2006-06-03,5370.0,5.9,22.1,1110.0,2.2,27.3,2.2,,,
2006-06-04,4440.0,1.6,19.8,1350.0,1.1,21.8,1.1,,,
2006-06-05,5160.0,0.2,19.1,1220.0,0.0,16.5,0.0,,,
2006-06-06,6760.0,0.0,20.0,1180.0,0.0,14.6,0.0,,,
2006-06-07,6160.0,0.0,21.4,1050.0,0.0,14.1,0.0,,,
2006-06-08,4860.0,1.5,22.6,966.0,0.0,13.6,0.0,,,
2006-06-09,4320.0,3.6,22.1,920.0,3.1,16.2,3.1,,,
2006-06-10,3780.0,0.0,20.2,871.0,0.0,17.1,0.0,,,
2006-06-11,3230.0,0.0,18.7,821.0,0.0,14.0,0.0,,,
2006-06-12,2950.0,1.2,19.2,790.0,0.2,12.9,0.2,,,
2006-06-13,2800.0,0.0,20.9,805.0,0.0,14.6,0.0,,,
2006-06-14,2520.0,0.0,20.9,802.0,0.0,12.9,0.0,,,
2006-06-15,2500.0,0.0,22.5,793.0,0.0,12.5,0.0,,,
2006-06-16,2200.0,0.0,23.2,816.0,0.0,11.4,0.0,,,
2006-06-17,2130.0,0.0,24.9,797.0,0.0,10.1,0.0,,,
2006-06-18,2180.0,0.0,27.5,726.0,0.0,9.03,0.0,,,
2006-06-19,2040.0,2.7,27.7,664.0,2.0,8.37,2.0,,,
2006-06-20,2040.0,0.0,26.0,638.0,0.3,7.76,0.3,,,
2006-06-21,1870.0,0.0,27.2,641.0,0.0,8.46,0.0,,,
2006-06-22,1770.0,1.3,29.2,607.0,1.2,7.48,1.2,,,
2006-06-23,2150.0,6.1,27.9,610.0,4.5,6.84,4.5,,,
2006-06-24,2190.0,29.9,24.6,668.0,9.6,15.5,9.6,,,
2006-06-25,7220.0,35.7,23.1,736.0,34.6,35.8,34.6,,,
2006-06-26,25400.0,27.4,22.9,1560.0,23.3,322.0,23.3,,,
2006-06-27,27200.0,33.8,23.0,3240.0,28.0,357.0,28.0,,,
2006-06-28,51100.0,20.0,24.6,16100.0,10.8,1050.0,10.8,,,
2006-06-29,76600.0,0.0,25.1,22400.0,0.2,428.0,0.2,,,
2006-06-30,50800.0,0.0,23.0,11300.0,0.0,196.0,0.0,,,
2006-07-01,30400.0,0.0,23.9,7090.0,0.0,97.2,0.0,,,
2006-07-02,19700.0,0.0,26.4,4960.0,0.0,67.9,0.0,,,
2006-07-03,14300.0,0.0,27.5,3840.0,0.0,54.1,0.0,,,
2006-07-04,11000.0,0.8,28.3,3170.0,0.0,45.4,0.0,,,
2006-07-05,9370.0,12.3,24.8,2710.0,15.3,52.4,15.3,,,
2006-07-06,11900.0,12.6,22.4,2610.0,12.3,214.0,12.3,,,
2006-07-07,10100.0,0.0,21.6,3100.0,0.0,125.0,0.0,,,
2006-07-08,9140.0,0.0,22.1,3600.0,0.0,83.5,0.0,,,
2006-07-09,8830.0,0.0,23.0,2850.0,0.0,63.3,0.0,,,
2006-07-10,7500.0,0.6,24.2,2350.0,0.0,49.7,0.0,,,
2006-07-11,6470.0,0.0,26.7,2080.0,0.0,42.4,0.0,,,
2006-07-12,5650.0,3.5,27.6,1900.0,0.0,37.1,0.0,,,
2006-07-13,5410.0,11.1,25.7,1810.0,11.3,35.5,11.3,,,
2006-07-14,5230.0,1.1,25.5,1830.0,4.1,34.9,4.1,,,
2006-07-15,5250.0,9.2,26.1,1820.0,5.1,33.0,5.1,,,
2006-07-16,5340.0,0.0,27.6,1810.0,0.0,30.8,0.0,,,
2006-07-17,4840.0,0.0,29.0,1940.0,0.0,26.3,0.0,,,
2006-07-18,4770.0,0.0,30.2,1800.0,1.0,23.5,1.0,,,
2006-07-19,4410.0,1.1,28.0,1570.0,0.6,20.7,0.6,,,
2006-07-20,4250.0,0.3,27.0,1490.0,5.2,18.8,5.2,,,
2006-07-21,5160.0,0.6,28.2,1280.0,2.2,18.4,2.2,,,
2006-07-22,3990.0,13.2,27.3,1340.0,1.8,17.4,1.8,,,
2006-07-23,4390.0,0.0,24.4,1510.0,0.5,16.0,0.5,,,
2006-07-24,4750.0,0.0,24.8,1840.0,0.0,15.1,0.0,,,
2006-07-25,4670.0,2.0,25.2,1680.0,1.6,13.8,1.6,,,
2006-07-26,4260.0,0.0,26.2,1500.0,0.3,13.0,0.3,,,
2006-07-27,3710.0,0.0,28.2,1350.0,0.2,15.2,0.2,,,
2006-07-28,3620.0,0.1,29.0,1300.0,1.1,25.1,1.1,,,
2006-07-29,3500.0,0.2,28.6,1270.0,0.0,20.5,0.0,,,
2006-07-30,3220.0,0.0,29.1,1230.0,0.3,15.6,0.3,,,
2006-07-31,3110.0,0.0,29.8,1150.0,0.0,11.5,0.0,,,
2006-08-01,2820.0,0.0,31.2,1100.0,0.0,9.65,0.0,,,
2006-08-02,2550.0,0.0,32.2,1140.0,0.0,8.59,0.0,,,
2006-08-03,2280.0,0.0,32.2,1050.0,0.0,7.5,0.0,,,
2006-08-04,2230.0,0.0,30.9,1090.0,0.0,6.68,0.0,,,
2006-08-05,2080.0,0.0,28.7,1050.0,0.0,5.8,0.0,,,
2006-08-06,1940.0,0.0,27.5,922.0,0.0,5.03,0.0,,,
2006-08-07,2020.0,9.2,27.7,892.0,3.8,4.76,3.8,,,
2006-08-08,2000.0,0.0,28.0,847.0,0.0,5.39,0.0,,,
2006-08-09,1760.0,0.0,25.7,800.0,0.0,4.67,0.0,,,
2006-08-10,1620.0,9.2,24.0,774.0,6.3,4.39,6.3,,,
2006-08-11,1660.0,0.0,23.7,822.0,0.0,4.3,0.0,,,
2006-08-12,1560.0,0.0,22.5,853.0,0.0,4.15,0.0,,,
2006-08-13,1550.0,0.0,23.0,795.0,0.0,3.56,0.0,,,
2006-08-14,1510.0,0.0,24.9,766.0,0.0,3.22,0.0,,,
2006-08-15,1440.0,0.5,27.2,749.0,0.0,3.54,0.0,,,
2006-08-16,1430.0,0.0,26.2,716.0,0.0,3.43,0.0,,,
2006-08-17,1370.0,0.0,25.2,692.0,0.0,3.08,0.0,,,
2006-08-18,1410.0,0.0,24.9,676.0,0.0,2.89,0.0,,,
2006-08-19,1390.0,0.1,25.8,672.0,0.0,2.6,0.0,,,
2006-08-20,1400.0,0.3,28.5,649.0,1.5,2.5,1.5,,,
2006-08-21,1320.0,0.0,26.3,627.0,0.0,2.42,0.0,,,
2006-08-22,1190.0,0.0,25.7,615.0,0.0,2.2,0.0,,,
2006-08-23,1180.0,0.0,26.2,597.0,0.0,2.01,0.0,,,
2006-08-24,1090.0,0.0,26.8,601.0,0.0,1.86,0.0,,,
2006-08-25,1060.0,0.0,28.3,592.0,0.0,1.82,0.0,,,
2006-08-26,989.0,0.2,28.4,581.0,2.4,1.75,2.4,,,
2006-08-27,968.0,2.6,27.1,712.0,2.5,2.47,2.5,,,
2006-08-28,1260.0,1.7,28.2,641.0,5.1,3.03,5.1,,,
2006-08-29,1670.0,2.3,27.9,655.0,1.3,3.1,1.3,,,
2006-08-30,1660.0,0.2,25.2,625.0,0.0,3.24,0.0,,,
2006-08-31,1650.0,0.3,22.0,613.0,0.0,3.29,0.0,,,
2006-09-01,2130.0,49.1,18.0,695.0,27.7,4.61,27.7,,,
2006-09-02,4560.0,47.5,17.7,2900.0,51.6,104.0,51.6,,,
2006-09-03,5680.0,0.0,19.0,7900.0,0.0,50.1,0.0,,,
2006-09-04,13700.0,3.6,20.9,6510.0,0.0,21.4,0.0,,,
2006-09-05,14800.0,45.2,18.8,4670.0,52.7,126.0,52.7,,,
2006-09-06,12200.0,0.4,19.9,5070.0,0.7,110.0,0.7,,,
2006-09-07,10100.0,0.0,20.8,5980.0,0.0,41.8,0.0,,,
2006-09-08,9350.0,0.8,21.8,4380.0,1.3,25.6,1.3,,,
2006-09-09,7940.0,0.0,22.5,3360.0,0.0,18.3,0.0,,,
2006-09-10,7010.0,0.5,21.8,2740.0,0.7,14.7,0.7,,,
2006-09-11,5840.0,0.5,19.8,2490.0,3.4,14.5,3.4,,,
2006-09-12,5410.0,0.0,18.5,2030.0,0.0,19.5,0.0,,,
2006-09-13,4820.0,1.9,17.6,1820.0,4.0,15.2,4.0,,,
2006-09-14,4770.0,27.3,17.8,1760.0,22.8,30.9,22.8,,,
2006-09-15,5330.0,0.1,18.6,1670.0,0.3,47.0,0.3,,,
2006-09-16,5520.0,4.0,19.6,1650.0,1.9,28.6,1.9,,,
2006-09-17,4540.0,0.0,20.8,1610.0,0.0,21.7,0.0,,,
2006-09-18,3890.0,0.0,22.4,1530.0,0.0,17.7,0.0,,,
2006-09-19,3530.0,3.1,21.7,1410.0,2.5,15.4,2.5,,,
2006-09-20,3150.0,0.0,17.9,1320.0,0.0,13.2,0.0,,,
2006-09-21,2830.0,0.0,14.7,1240.0,0.0,11.4,0.0,,,
2006-09-22,2610.0,0.5,15.6,1180.0,0.4,9.35,0.4,,,
2006-09-23,2510.0,5.4,20.5,1140.0,7.7,9.34,7.7,,,
2006-09-24,2360.0,13.3,23.5,1110.0,8.6,9.79,8.6,,,
2006-09-25,2280.0,0.0,19.3,1090.0,0.0,11.0,0.0,,,
2006-09-26,2200.0,0.0,17.5,1080.0,0.0,10.8,0.0,,,
2006-09-27,2340.0,0.0,18.8,1040.0,0.0,8.76,0.0,,,
2006-09-28,2180.0,3.9,19.0,1010.0,5.3,8.58,5.3,,,
2006-09-29,2930.0,9.6,15.2,1040.0,0.9,17.7,0.9,,,
2006-09-30,2440.0,0.8,14.1,1030.0,0.5,16.7,0.5,,,
2006-10-01,2350.0,3.5,17.0,1000.0,2.6,13.0,2.6,,,
2006-10-02,2380.0,0.0,16.3,1010.0,0.0,11.8,0.0,,,
2006-10-03,2330.0,0.0,19.7,1020.0,0.0,10.2,0.0,,,
2006-10-04,2400.0,0.0,21.3,985.0,0.0,9.28,0.0,,,
2006-10-05,2960.0,1.3,19.2,1010.0,1.1,8.33,1.1,,,
2006-10-06,4040.0,50.9,12.9,1100.0,40.4,44.3,40.4,,,
2006-10-07,4540.0,3.1,12.6,1800.0,2.5,74.3,2.5,,,
2006-10-08,4650.0,0.0,15.9,7120.0,0.0,53.3,0.0,,,
2006-10-09,10500.0,0.0,16.8,13700.0,0.0,34.2,0.0,,,
2006-10-10,16500.0,0.2,18.2,8560.0,0.0,25.7,0.0,,,
2006-10-11,12900.0,0.1,17.9,5870.0,0.0,22.5,0.0,,,
2006-10-12,9820.0,0.0,18.1,4500.0,0.0,22.7,0.0,,,
2006-10-13,7530.0,0.0,9.7,3680.0,0.0,22.9,0.0,,,
2006-10-14,6210.0,0.0,9.3,3260.0,0.0,20.3,0.0,,,
2006-10-15,5330.0,0.0,9.5,2820.0,0.0,20.0,0.0,,,
2006-10-16,4700.0,0.0,11.1,2460.0,0.0,19.9,0.0,,,
2006-10-17,4530.0,13.1,13.9,2290.0,12.9,29.4,12.9,,,
2006-10-18,5340.0,1.9,18.2,2280.0,0.4,78.2,0.4,,,
2006-10-19,5770.0,0.0,17.9,2250.0,0.0,39.4,0.0,,,
2006-10-20,6740.0,5.2,17.3,2440.0,3.2,33.8,3.2,,,
2006-10-21,6950.0,0.0,10.9,2410.0,0.0,37.3,0.0,,,
2006-10-22,6420.0,0.0,11.2,2230.0,1.1,30.8,1.1,,,
2006-10-23,5760.0,0.7,9.8,2110.0,0.3,27.7,0.3,,,
2006-10-24,5070.0,0.0,6.6,1980.0,0.0,26.9,0.0,,,
2006-10-25,4600.0,0.0,7.2,1880.0,0.0,23.7,0.0,,,
2006-10-26,4280.0,0.0,7.2,1790.0,0.0,21.4,0.0,,,
2006-10-27,3970.0,5.3,8.2,1740.0,5.9,21.9,5.9,,,
2006-10-28,6230.0,30.1,13.4,1800.0,28.1,143.0,28.1,,,
2006-10-29,12200.0,0.0,10.0,1980.0,0.0,102.0,0.0,,,
2006-10-30,11600.0,0.0,10.0,2530.0,0.0,66.6,0.0,,,
2006-10-31,10200.0,0.0,14.4,3600.0,0.0,49.6,0.0,,,
2006-11-01,10800.0,0.3,16.2,3200.0,0.3,37.5,0.3,,,
2006-11-02,9800.0,7.8,11.6,2930.0,7.7,44.7,7.7,,,
2006-11-03,8810.0,0.0,5.2,2820.0,0.0,46.7,0.0,,,
2006-11-04,8410.0,0.0,3.0,2610.0,0.0,36.0,0.0,,,
2006-11-05,7270.0,0.0,5.4,2410.0,0.0,31.9,0.0,,,
2006-11-06,6700.0,0.0,6.4,2210.0,0.0,30.1,0.0,,,
2006-11-07,6160.0,1.8,8.5,2090.0,2.6,29.2,2.6,,,
2006-11-08,10800.0,60.9,13.7,2310.0,31.8,284.0,31.8,,,
2006-11-09,15800.0,0.0,14.9,3340.0,0.0,225.0,0.0,,,
2006-11-10,15200.0,0.0,15.0,7780.0,0.0,99.6,0.0,,,
2006-11-11,18600.0,0.0,16.3,6610.0,0.0,72.8,0.0,,,
2006-11-12,17000.0,20.6,12.1,6390.0,23.1,246.0,23.1,,,
2006-11-13,21200.0,4.6,10.7,8500.0,2.5,336.0,2.5,,,
2006-11-14,23400.0,0.0,13.8,7310.0,0.0,178.0,0.0,,,
2006-11-15,19900.0,0.2,13.1,5820.0,0.0,126.0,0.0,,,
2006-11-16,21600.0,32.6,16.8,5180.0,19.3,348.0,19.3,,,
2006-11-17,31300.0,0.0,13.3,11900.0,0.1,404.0,0.1,,,
2006-11-18,62200.0,0.0,7.7,25900.0,0.0,198.0,0.0,,,
2006-11-19,55100.0,0.0,6.3,13800.0,0.0,150.0,0.0,,,
2006-11-20,33800.0,0.0,5.0,9400.0,0.0,124.0,0.0,,,
2006-11-21,25000.0,0.0,3.9,7240.0,0.0,105.0,0.0,,,
2006-11-22,19900.0,7.3,5.1,5910.0,3.5,102.0,3.5,,,
2006-11-23,22500.0,11.4,5.5,6850.0,15.4,622.0,15.4,,,
2006-11-24,23400.0,0.0,9.0,11900.0,0.0,358.0,0.0,,,
2006-11-25,25300.0,0.0,7.0,10700.0,0.0,232.0,0.0,,,
2006-11-26,21000.0,0.0,7.8,8220.0,0.0,184.0,0.0,,,
2006-11-27,17400.0,0.0,8.7,6720.0,0.0,152.0,0.0,,,
2006-11-28,14800.0,0.0,9.9,5750.0,0.0,120.0,0.0,,,
2006-11-29,13000.0,0.0,11.0,5090.0,0.0,97.0,0.0,,,
2006-11-30,11700.0,0.0,15.6,4600.0,0.4,90.7,0.4,,,
2006-12-01,10800.0,1.2,19.4,4220.0,1.0,85.6,1.0,,,
2006-12-02,9970.0,0.0,8.2,3940.0,0.0,77.4,0.0,,,
2006-12-03,9240.0,0.0,4.8,3640.0,0.0,67.7,0.0,,,
2006-12-04,8550.0,0.0,2.5,3420.0,0.0,63.4,0.0,,,
2006-12-05,8140.0,0.0,0.5,3160.0,0.0,60.4,0.0,,,
2006-12-06,7630.0,0.0,2.0,2970.0,0.0,56.6,0.0,,,
2006-12-07,7050.0,0.0,5.4,2810.0,0.0,56.7,0.0,,,
2006-12-08,6970.0,0.0,-1.5,2690.0,0.0,51.8,0.0,,,
2006-12-09,6500.0,0.0,-1.6,2560.0,0.0,47.9,0.0,,,
2006-12-10,6140.0,0.0,1.7,2460.0,0.0,47.9,0.0,,,
2006-12-11,5830.0,0.0,5.6,2360.0,0.0,48.0,0.0,,,
2006-12-12,5640.0,0.0,5.6,2290.0,0.0,46.9,0.0,,,
2006-12-13,5510.0,3.2,8.5,2250.0,2.4,46.7,2.4,,,
2006-12-14,5480.0,0.0,8.0,2170.0,0.0,48.6,0.0,,,
2006-12-15,5380.0,0.0,9.7,2190.0,0.0,45.6,0.0,,,
2006-12-16,5340.0,0.0,8.0,2110.0,0.0,43.9,0.0,,,
2006-12-17,5340.0,0.0,7.5,2120.0,0.0,42.2,0.0,,,
2006-12-18,5060.0,0.0,12.6,1980.0,0.0,40.3,0.0,,,
2006-12-19,4880.0,0.0,8.5,1930.0,0.0,39.6,0.0,,,
2006-12-20,4650.0,0.0,3.7,1890.0,0.0,38.5,0.0,,,
2006-12-21,4590.0,0.0,5.1,1820.0,0.0,38.1,0.0,,,
2006-12-22,4560.0,6.0,7.9,1840.0,7.8,42.4,7.8,,,
2006-12-23,6790.0,12.2,12.5,1940.0,8.6,210.0,8.6,,,
2006-12-24,12100.0,0.0,7.2,2130.0,0.0,102.0,0.0,,,
2006-12-25,12000.0,10.4,4.6,2930.0,10.3,82.7,10.3,,,
2006-12-26,14000.0,1.3,9.7,3730.0,1.5,187.0,1.5,,,
2006-12-27,16200.0,0.0,5.8,3710.0,0.0,114.0,0.0,,,
2006-12-28,15200.0,0.0,4.2,4000.0,0.0,85.2,0.0,,,
2006-12-29,14600.0,0.0,5.0,3760.0,0.0,74.9,0.0,,,
2006-12-30,13000.0,0.0,5.6,3430.0,0.0,68.0,0.0,,,
2006-12-31,11500.0,0.0,5.2,3150.0,0.1,63.8,0.1,,,
2007-01-01,13600.0,30.0,11.0,3010.0,22.4,233.0,22.4,,,
2007-01-02,16100.0,0.0,7.4,3090.0,0.0,139.0,0.0,,,
2007-01-03,14000.0,0.0,4.6,4230.0,0.0,97.2,0.0,,,
2007-01-04,14200.0,0.0,8.4,4280.0,0.0,85.2,0.0,,,
2007-01-05,13700.0,3.1,14.0,3920.0,6.0,85.8,6.0,,,
2007-01-06,13600.0,3.7,18.1,3730.0,3.2,104.0,3.2,,,
2007-01-07,13300.0,0.5,11.0,3900.0,1.9,93.8,1.9,,,
2007-01-08,16600.0,17.7,10.1,4490.0,12.7,464.0,12.7,,,
2007-01-09,22300.0,0.5,4.0,5050.0,0.1,253.0,0.1,,,
2007-01-10,21700.0,0.0,1.6,6960.0,0.0,169.0,0.0,,,
2007-01-11,21700.0,0.0,0.3,6220.0,0.0,132.0,0.0,,,
2007-01-12,19300.0,0.3,4.9,5260.0,0.0,119.0,0.0,,,
2007-01-13,16600.0,2.5,11.1,4620.0,2.7,110.0,2.7,,,
2007-01-14,14800.0,5.2,14.1,4220.0,4.9,103.0,4.9,,,
2007-01-15,13400.0,0.3,15.7,3890.0,1.0,96.4,1.0,,,
2007-01-16,12400.0,0.5,11.0,3600.0,0.1,85.7,0.1,,,
2007-01-17,11500.0,0.0,0.1,3320.0,0.0,73.5,0.0,,,
2007-01-18,10700.0,0.0,-1.2,3060.0,0.0,67.9,0.0,,,
2007-01-19,10000.0,0.1,2.0,2840.0,0.0,67.5,0.0,,,
2007-01-20,9490.0,0.0,0.5,2660.0,0.0,63.1,0.0,,,
2007-01-21,9000.0,4.3,-1.9,2550.0,4.7,57.7,4.7,,,
2007-01-22,8610.0,3.9,-0.3,2480.0,2.0,60.1,2.0,,,
2007-01-23,8270.0,0.0,0.4,2440.0,0.0,61.3,0.0,,,
2007-01-24,8110.0,0.6,-0.2,2380.0,0.3,52.0,0.3,,,
2007-01-25,7940.0,0.4,-1.8,2380.0,0.4,44.0,0.4,,,
2007-01-26,7610.0,0.0,-4.3,2300.0,0.0,40.0,0.0,,,
2007-01-27,7120.0,0.0,1.6,2180.0,0.0,41.0,0.0,,,
2007-01-28,6530.0,0.3,3.3,2110.0,0.0,44.0,0.0,,,
2007-01-29,6350.0,0.0,-1.8,2080.0,0.0,43.0,0.0,,,
2007-01-30,6180.0,0.1,-1.0,1980.0,0.5,40.0,0.5,,,
2007-01-31,5980.0,0.0,-2.2,1940.0,0.0,42.0,0.0,,,
2007-02-01,5720.0,0.0,-1.1,1890.0,0.0,40.0,0.0,,,
2007-02-02,5810.0,1.2,0.7,1860.0,0.9,41.0,0.9,,,
2007-02-03,5840.0,0.0,-0.3,1840.0,0.0,40.0,0.0,,,
2007-02-04,5440.0,0.0,-1.7,1790.0,0.0,36.0,0.0,,,
2007-02-05,4020.0,0.0,-7.0,1740.0,0.0,34.0,0.0,,,
2007-02-06,3340.0,0.0,-8.3,1730.0,0.0,30.0,0.0,,,
2007-02-07,3940.0,2.1,-4.6,1630.0,2.5,35.0,2.5,,,
2007-02-08,3790.0,0.0,-5.8,1720.0,0.0,31.0,0.0,,,
2007-02-09,3670.0,0.0,-4.7,1650.0,0.0,29.0,0.0,,,
2007-02-10,3860.0,0.0,-3.1,1780.0,0.0,26.0,0.0,,,
2007-02-11,4090.0,0.0,-3.0,1810.0,0.0,24.0,0.0,,,
2007-02-12,4140.0,0.0,-0.2,1650.0,0.0,22.0,0.0,,,
2007-02-13,4170.0,4.9,0.1,1760.0,6.8,26.0,6.8,,,
2007-02-14,3820.0,30.4,-1.4,2710.0,33.0,49.7,33.0,,,
2007-02-15,2570.0,0.0,-7.6,1880.0,0.0,57.3,0.0,,,
2007-02-16,2600.0,0.0,-9.0,1990.0,0.0,45.4,0.0,,,
2007-02-17,4000.0,0.0,-4.4,3390.0,0.0,39.5,0.0,,,
2007-02-18,4330.0,0.1,-3.0,2880.0,0.0,38.6,0.0,,,
2007-02-19,4710.0,0.0,-4.4,2460.0,0.0,35.0,0.0,,,
2007-02-20,5060.0,0.0,4.6,2130.0,0.4,36.7,0.4,,,
2007-02-21,5830.0,1.5,7.0,2100.0,1.3,229.0,1.3,,,
2007-02-22,10200.0,0.6,5.3,4310.0,0.8,525.0,0.8,,,
2007-02-23,16100.0,0.0,1.1,7370.0,0.0,356.0,0.0,,,
2007-02-24,19200.0,0.0,-0.7,5430.0,0.0,142.0,0.0,,,
2007-02-25,20200.0,14.8,0.4,4500.0,14.2,121.0,14.2,,,
2007-02-26,17700.0,7.8,2.7,4130.0,7.2,118.0,7.2,,,
2007-02-27,16000.0,0.0,4.4,4240.0,0.0,336.0,0.0,,,
2007-02-28,20500.0,0.0,3.2,5380.0,0.0,371.0,0.0,,,
2007-03-01,20000.0,0.2,4.1,6300.0,0.9,239.0,0.9,,,
2007-03-02,32200.0,18.4,12.3,8360.0,18.2,724.0,18.2,,,
2007-03-03,70600.0,0.2,7.7,18500.0,0.0,372.0,0.0,,,
2007-03-04,88700.0,0.0,3.3,16800.0,0.0,231.0,0.0,,,
2007-03-05,57700.0,0.0,2.6,10900.0,0.0,171.0,0.0,,,
2007-03-06,38800.0,0.0,-2.0,8050.0,0.0,128.0,0.0,,,
2007-03-07,29100.0,4.3,-2.2,6530.0,4.8,109.0,4.8,,,
2007-03-08,23600.0,0.0,-1.4,5520.0,0.0,102.0,0.0,,,
2007-03-09,19700.0,0.0,0.4,4890.0,0.0,94.3,0.0,,,
2007-03-10,17400.0,0.2,6.3,4430.0,3.4,85.7,3.4,,,
2007-03-11,16400.0,4.5,9.5,4150.0,4.4,89.6,4.4,,,
2007-03-12,16800.0,0.0,6.2,3930.0,0.0,85.9,0.0,,,
2007-03-13,18100.0,0.0,10.5,3700.0,0.0,74.1,0.0,,,
2007-03-14,18600.0,0.1,16.7,3510.0,1.7,68.3,1.7,,,
2007-03-15,18000.0,1.3,16.0,3450.0,2.6,67.6,2.6,,,
2007-03-16,26200.0,41.6,3.2,4300.0,40.7,573.0,40.7,,,
2007-03-17,41800.0,2.9,-0.4,10900.0,1.9,553.0,1.9,,,
2007-03-18,49000.0,0.0,0.7,14500.0,0.0,362.0,0.0,,,
2007-03-19,45000.0,0.0,3.2,11000.0,2.0,311.0,2.0,,,
2007-03-20,36900.0,0.0,12.0,9010.0,0.0,276.0,0.0,,,
2007-03-21,35800.0,0.0,5.3,8000.0,0.0,221.0,0.0,,,
2007-03-22,38800.0,0.0,11.5,7350.0,1.2,193.0,1.2,,,
2007-03-23,36100.0,2.9,17.9,6700.0,6.0,176.0,6.0,,,
2007-03-24,32000.0,3.5,13.3,6150.0,4.6,194.0,4.6,,,
2007-03-25,33800.0,1.3,12.2,5590.0,1.8,187.0,1.8,,,
2007-03-26,33600.0,0.0,10.6,5050.0,0.0,152.0,0.0,,,
2007-03-27,29100.0,0.0,19.0,4610.0,0.0,138.0,0.0,,,
2007-03-28,25200.0,0.0,17.8,4280.0,0.1,129.0,0.1,,,
2007-03-29,22200.0,0.0,11.3,4000.0,0.0,111.0,0.0,,,
2007-03-30,19700.0,0.0,9.3,3730.0,0.0,103.0,0.0,,,
2007-03-31,16900.0,0.0,11.0,4860.0,0.0,94.9,0.0,,,
2007-04-01,17300.0,0.4,12.4,4630.0,1.3,90.1,1.3,,,
2007-04-02,16200.0,4.7,17.4,4200.0,3.0,93.5,3.0,,,
2007-04-03,14700.0,0.0,17.4,3940.0,0.0,88.2,0.0,,,
2007-04-04,13900.0,1.8,12.6,3680.0,3.0,82.4,3.0,,,
2007-04-05,13100.0,0.0,6.6,3390.0,0.0,76.8,0.0,,,
2007-04-06,11800.0,0.0,4.3,3130.0,0.0,71.9,0.0,,,
2007-04-07,11000.0,1.5,3.7,2970.0,0.7,69.9,0.7,,,
2007-04-08,10200.0,0.0,2.6,2830.0,0.0,66.9,0.0,,,
2007-04-09,9610.0,0.0,3.5,2720.0,0.0,64.3,0.0,,,
2007-04-10,9070.0,0.0,4.8,2600.0,0.0,62.6,0.0,,,
2007-04-11,8650.0,0.0,5.8,2510.0,0.0,61.3,0.0,,,
2007-04-12,9420.0,16.5,11.3,2480.0,12.8,103.0,12.8,,,
2007-04-13,10100.0,0.0,9.5,2650.0,0.0,97.2,0.0,,,
2007-04-14,10400.0,2.5,8.0,2910.0,2.7,73.6,2.7,,,
2007-04-15,20000.0,68.9,7.9,3870.0,49.1,400.0,49.1,,,
2007-04-16,61800.0,1.2,6.6,11900.0,1.9,385.0,1.9,,,
2007-04-17,111000.0,0.2,8.4,18200.0,0.5,222.0,0.5,,,
2007-04-18,73700.0,0.0,8.5,11600.0,0.0,155.0,0.0,,,
2007-04-19,47300.0,1.3,9.8,8330.0,0.5,134.0,0.5,,,
2007-04-20,35800.0,0.0,12.4,6640.0,0.0,117.0,0.0,,,
2007-04-21,29000.0,0.0,14.0,5560.0,0.0,102.0,0.0,,,
2007-04-22,24000.0,0.0,16.6,4840.0,0.0,92.3,0.0,,,
2007-04-23,20400.0,0.0,19.4,4320.0,0.0,86.4,0.0,,,
2007-04-24,17700.0,0.0,21.1,3930.0,0.2,79.4,0.2,,,
2007-04-25,15600.0,0.0,19.0,3630.0,1.9,75.8,1.9,,,
2007-04-26,14100.0,1.1,14.2,3390.0,3.5,72.9,3.5,,,
2007-04-27,15600.0,9.4,14.7,4080.0,7.3,562.0,7.3,,,
2007-04-28,17400.0,1.0,16.2,4390.0,1.5,280.0,1.5,,,
2007-04-29,14900.0,0.7,15.9,4130.0,0.0,192.0,0.0,,,
2007-04-30,13500.0,0.0,18.7,3740.0,0.0,143.0,0.0,,,
2007-05-01,12100.0,0.0,18.8,3430.0,0.0,117.0,0.0,,,
2007-05-02,11100.0,0.0,20.5,3240.0,0.0,103.0,0.0,,,
2007-05-03,10200.0,0.0,16.8,3050.0,0.0,91.1,0.0,,,
2007-05-04,9540.0,0.0,15.3,2870.0,0.0,84.2,0.0,,,
2007-05-05,9090.0,0.0,14.7,2990.0,0.7,80.8,0.7,,,
2007-05-06,8940.0,0.0,13.6,2870.0,0.0,76.3,0.0,,,
2007-05-07,8220.0,0.0,12.1,2690.0,0.0,68.9,0.0,,,
2007-05-08,7790.0,0.0,14.2,2550.0,0.0,65.3,0.0,,,
2007-05-09,7470.0,0.0,19.5,2440.0,0.2,63.0,0.2,,,
2007-05-10,7210.0,0.2,21.2,2310.0,0.0,61.3,0.0,,,
2007-05-11,6970.0,0.0,23.1,2240.0,0.0,65.2,0.0,,,
2007-05-12,6800.0,0.2,22.4,2150.0,1.4,59.0,1.4,,,
2007-05-13,7300.0,17.2,17.6,2290.0,4.1,61.3,4.1,,,
2007-05-14,7130.0,0.0,15.6,2230.0,0.0,54.4,0.0,,,
2007-05-15,6650.0,0.0,20.5,2140.0,0.0,48.7,0.0,,,
2007-05-16,6640.0,8.4,23.5,2090.0,8.9,46.2,8.9,,,
2007-05-17,6540.0,0.4,17.3,2010.0,0.0,48.4,0.0,,,
2007-05-18,6200.0,4.8,14.3,1930.0,7.1,45.0,7.1,,,
2007-05-19,6010.0,0.5,14.8,1970.0,1.4,46.4,1.4,,,
2007-05-20,5800.0,1.0,18.8,2090.0,0.2,42.9,0.2,,,
2007-05-21,5870.0,0.0,19.4,2090.0,0.0,39.0,0.0,,,
2007-05-22,6040.0,0.0,19.4,1930.0,0.0,37.0,0.0,,,
2007-05-23,6170.0,0.0,19.5,1780.0,0.0,34.5,0.0,,,
2007-05-24,5620.0,0.0,20.1,1670.0,0.0,32.0,0.0,,,
2007-05-25,5140.0,0.0,22.6,1630.0,0.0,30.8,0.0,,,
2007-05-26,4820.0,0.0,25.8,1580.0,0.0,29.8,0.0,,,
2007-05-27,4490.0,0.2,26.0,1510.0,0.2,28.5,0.2,,,
2007-05-28,4390.0,1.1,25.0,1550.0,0.0,27.9,0.0,,,
2007-05-29,4600.0,0.0,24.2,1550.0,0.0,27.7,0.0,,,
2007-05-30,4380.0,0.0,24.2,1550.0,0.0,25.6,0.0,,,
2007-05-31,4130.0,0.0,25.6,1530.0,2.0,24.4,2.0,,,
2007-06-01,3840.0,0.0,26.4,1450.0,5.1,22.5,5.1,,,
2007-06-02,3620.0,0.7,26.3,1380.0,3.4,41.3,3.4,,,
2007-06-03,3710.0,16.3,22.0,1360.0,13.8,32.5,13.8,,,
2007-06-04,4190.0,3.4,22.0,1690.0,6.3,62.6,6.3,,,
2007-06-05,4780.0,0.0,23.9,1740.0,0.4,55.1,0.4,,,
2007-06-06,4700.0,1.0,20.9,1760.0,0.2,33.5,0.2,,,
2007-06-07,4450.0,0.0,22.1,1890.0,0.0,26.4,0.0,,,
2007-06-08,4810.0,0.0,27.2,1720.0,0.0,24.3,0.0,,,
2007-06-09,4930.0,0.0,27.4,1530.0,0.0,25.8,0.0,,,
2007-06-10,4310.0,1.0,22.6,1460.0,0.0,22.1,0.0,,,
2007-06-11,3870.0,0.0,23.3,1470.0,0.0,20.5,0.0,,,
2007-06-12,3440.0,0.4,24.3,1390.0,0.0,18.6,0.0,,,
2007-06-13,3680.0,1.6,22.8,1350.0,2.8,19.3,2.8,,,
2007-06-14,4140.0,2.0,18.5,1340.0,3.6,23.5,3.6,,,
2007-06-15,3700.0,0.0,18.2,1420.0,0.0,26.9,0.0,,,
2007-06-16,3640.0,0.0,21.0,1360.0,0.0,22.6,0.0,,,
2007-06-17,3680.0,0.0,24.7,1340.0,0.0,19.7,0.0,,,
2007-06-18,3430.0,0.0,28.1,1290.0,0.0,17.6,0.0,,,
2007-06-19,3080.0,0.0,28.9,1250.0,1.8,15.3,1.8,,,
2007-06-20,2990.0,0.1,26.8,1220.0,1.3,14.1,1.3,,,
2007-06-21,2850.0,0.0,24.5,1250.0,0.0,13.5,0.0,,,
2007-06-22,2630.0,0.0,24.5,1320.0,0.0,12.6,0.0,,,
2007-06-23,2600.0,0.0,22.4,1310.0,0.0,11.0,0.0,,,
2007-06-24,2590.0,0.0,23.6,1180.0,0.0,10.0,0.0,,,
2007-06-25,2460.0,5.2,25.8,1100.0,4.6,9.6,4.6,,,
2007-06-26,2370.0,4.6,26.3,1050.0,1.0,9.54,1.0,,,
2007-06-27,2240.0,1.9,29.1,1030.0,0.4,8.99,0.4,,,
2007-06-28,2070.0,3.5,28.2,1000.0,5.1,8.31,5.1,,,
2007-06-29,2150.0,6.0,24.5,1070.0,4.3,25.4,4.3,,,
2007-06-30,2150.0,4.3,22.9,1240.0,2.5,20.4,2.5,,,
2007-07-01,2260.0,0.0,22.7,1190.0,0.0,13.1,0.0,,,
2007-07-02,2370.0,0.0,21.6,1110.0,0.0,9.7,0.0,,,
2007-07-03,2320.0,0.0,21.7,1150.0,0.0,7.72,0.0,,,
2007-07-04,2340.0,2.8,23.8,1090.0,1.3,9.41,1.3,,,
2007-07-05,2460.0,24.5,24.4,1060.0,28.5,23.7,28.5,,,
2007-07-06,2490.0,0.6,25.0,1010.0,0.3,21.4,0.3,,,
2007-07-07,2130.0,0.0,25.9,1020.0,0.0,13.8,0.0,,,
2007-07-08,2040.0,0.0,27.5,972.0,0.0,10.2,0.0,,,
2007-07-09,1850.0,0.0,29.3,911.0,0.0,8.02,0.0,,,
2007-07-10,1800.0,0.4,30.1,883.0,0.0,6.66,0.0,,,
2007-07-11,2050.0,0.5,28.0,841.0,2.0,6.41,2.0,,,
2007-07-12,1980.0,0.0,24.9,817.0,1.1,6.09,1.1,,,
2007-07-13,1650.0,0.0,25.4,840.0,0.0,6.35,0.0,,,
2007-07-14,1660.0,0.0,24.7,792.0,0.0,5.76,0.0,,,
2007-07-15,1470.0,0.0,27.7,771.0,0.0,5.25,0.0,,,
2007-07-16,1410.0,0.7,27.6,825.0,0.6,4.28,0.6,,,
2007-07-17,1400.0,0.0,27.5,873.0,0.0,3.91,0.0,,,
2007-07-18,1470.0,0.4,28.0,884.0,0.3,3.83,0.3,,,
2007-07-19,1360.0,4.3,28.2,795.0,3.4,3.41,3.4,,,
2007-07-20,1380.0,2.1,25.8,774.0,4.1,3.09,4.1,,,
2007-07-21,1210.0,0.0,23.6,801.0,0.0,2.89,0.0,,,
2007-07-22,1120.0,0.0,24.4,784.0,0.0,2.43,0.0,,,
2007-07-23,1090.0,0.0,23.9,743.0,0.2,2.27,0.2,,,
2007-07-24,1030.0,0.2,24.7,699.0,0.9,2.14,0.9,,,
2007-07-25,996.0,4.4,24.3,671.0,3.5,1.95,3.5,,,
2007-07-26,982.0,0.0,26.5,689.0,0.3,1.81,0.3,,,
2007-07-27,1010.0,2.7,27.3,703.0,4.0,1.75,4.0,,,
2007-07-28,1130.0,0.3,27.3,696.0,1.7,2.25,1.7,,,
2007-07-29,1240.0,19.4,25.5,756.0,11.4,2.69,11.4,,,
2007-07-30,2370.0,7.9,25.0,782.0,6.5,6.08,6.5,,,
2007-07-31,2250.0,2.1,26.0,719.0,0.0,8.11,0.0,,,
2007-08-01,2170.0,0.0,27.1,739.0,0.0,4.26,0.0,,,
2007-08-02,2330.0,0.0,28.3,703.0,0.0,3.28,0.0,,,
2007-08-03,1770.0,1.6,28.6,826.0,1.1,2.35,1.1,,,
2007-08-04,1460.0,0.0,29.3,722.0,0.0,1.75,0.0,,,
2007-08-05,1330.0,1.6,28.8,672.0,0.7,1.55,0.7,,,
2007-08-06,1270.0,12.5,27.2,669.0,10.6,1.67,10.6,,,
2007-08-07,1260.0,0.0,29.9,663.0,0.0,1.79,0.0,,,
2007-08-08,1180.0,0.1,31.7,636.0,0.0,2.57,0.0,,,
2007-08-09,1100.0,0.0,30.8,641.0,2.8,3.1,2.8,,,
2007-08-10,1380.0,1.8,28.5,698.0,0.4,2.69,0.4,,,
2007-08-11,1460.0,0.0,25.2,792.0,0.0,2.78,0.0,,,
2007-08-12,1630.0,0.0,26.0,880.0,0.0,4.31,0.0,,,
2007-08-13,1800.0,0.0,27.9,793.0,0.0,2.62,0.0,,,
2007-08-14,1750.0,0.0,26.6,743.0,0.0,1.69,0.0,,,
2007-08-15,1540.0,0.0,26.7,719.0,0.0,1.41,0.0,,,
2007-08-16,1450.0,0.2,29.1,661.0,0.3,1.39,0.3,,,
2007-08-17,1460.0,9.6,28.4,625.0,1.1,1.29,1.1,,,
2007-08-18,1280.0,0.0,25.0,601.0,0.0,1.15,0.0,,,
2007-08-19,1170.0,0.0,22.9,599.0,0.5,1.06,0.5,,,
2007-08-20,1940.0,10.1,20.3,795.0,11.4,1.99,11.4,,,
2007-08-21,2420.0,20.1,21.3,960.0,20.2,40.6,20.2,,,
2007-08-22,2660.0,8.4,19.4,929.0,1.9,32.1,1.9,,,
2007-08-23,5020.0,0.2,22.6,940.0,0.0,13.4,0.0,,,
2007-08-24,7810.0,0.0,26.1,1060.0,0.0,8.32,0.0,,,
2007-08-25,5480.0,3.6,28.8,1000.0,1.8,6.36,1.8,,,
2007-08-26,4490.0,2.8,26.1,973.0,5.1,5.65,5.1,,,
2007-08-27,3750.0,0.0,25.2,843.0,0.0,4.4,0.0,,,
2007-08-28,3050.0,0.0,25.0,861.0,0.0,3.57,0.0,,,
2007-08-29,3090.0,0.0,25.1,1350.0,0.0,3.23,0.0,,,
2007-08-30,3110.0,0.0,24.9,1170.0,0.0,2.58,0.0,,,
2007-08-31,2800.0,0.0,25.3,990.0,0.0,2.32,0.0,,,
2007-09-01,2220.0,0.0,23.3,831.0,0.0,2.26,0.0,,,
2007-09-02,2010.0,0.0,22.5,745.0,0.0,1.79,0.0,,,
2007-09-03,1810.0,0.0,23.9,708.0,0.0,1.61,0.0,,,
2007-09-04,1540.0,0.0,25.9,663.0,0.0,1.51,0.0,,,
2007-09-05,1430.0,0.0,26.0,743.0,0.0,1.43,0.0,,,
2007-09-06,1350.0,0.0,26.2,722.0,0.5,1.34,0.5,,,
2007-09-07,1370.0,0.2,27.0,661.0,0.0,1.28,0.0,,,
2007-09-08,1300.0,0.0,27.0,614.0,0.0,1.18,0.0,,,
2007-09-09,1150.0,0.0,25.3,597.0,0.0,1.09,0.0,,,
2007-09-10,1050.0,0.6,27.0,572.0,0.0,1.05,0.0,,,
2007-09-11,1180.0,11.2,24.7,648.0,19.3,1.46,19.3,,,
2007-09-12,1240.0,0.0,22.4,768.0,0.0,1.6,0.0,,,
2007-09-13,1180.0,0.0,21.0,763.0,0.0,1.51,0.0,,,
2007-09-14,1220.0,0.7,22.7,709.0,0.9,1.78,0.9,,,
2007-09-15,1450.0,22.0,19.5,769.0,12.3,2.12,12.3,,,
2007-09-16,1370.0,0.0,15.5,755.0,0.0,2.27,0.0,,,
2007-09-17,1270.0,0.0,16.1,685.0,0.0,2.08,0.0,,,
2007-09-18,1240.0,0.0,16.9,626.0,0.0,1.67,0.0,,,
2007-09-19,1160.0,0.0,18.5,680.0,0.0,1.38,0.0,,,
2007-09-20,1140.0,0.0,20.0,720.0,0.0,1.05,0.0,,,
2007-09-21,1170.0,0.0,21.8,662.0,0.0,0.98,0.0,,,
2007-09-22,1170.0,0.5,23.9,644.0,0.7,0.76,0.7,,,
2007-09-23,1070.0,0.0,24.8,619.0,0.0,0.79,0.0,,,
2007-09-24,953.0,0.0,21.3,583.0,0.0,0.61,0.0,,,
2007-09-25,937.0,0.0,22.8,545.0,0.0,0.44,0.0,,,
2007-09-26,846.0,0.1,25.2,535.0,0.0,0.43,0.0,,,
2007-09-27,752.0,0.0,25.4,567.0,2.3,0.43,2.3,,,
2007-09-28,943.0,0.7,22.9,579.0,5.1,0.53,5.1,,,
2007-09-29,1000.0,0.0,20.0,719.0,0.0,0.46,0.0,,,
2007-09-30,1050.0,0.0,19.4,653.0,0.0,0.34,0.0,,,
2007-10-01,1040.0,0.0,19.3,596.0,0.0,0.22,0.0,,,
2007-10-02,1030.0,0.0,20.0,570.0,0.0,0.17,0.0,,,
2007-10-03,1000.0,0.0,22.0,582.0,0.0,0.15,0.0,,,
2007-10-04,940.0,0.0,23.4,551.0,0.0,0.15,0.0,,,
2007-10-05,940.0,0.0,23.0,561.0,0.0,0.14,0.0,,,
2007-10-06,884.0,0.0,23.3,545.0,0.2,0.14,0.2,,,
2007-10-07,836.0,0.0,24.8,542.0,0.1,0.14,0.1,,,
2007-10-08,748.0,0.0,25.6,535.0,0.0,0.14,0.0,,,
2007-10-09,667.0,0.0,27.1,521.0,0.0,0.14,0.0,,,
2007-10-10,656.0,0.6,24.7,523.0,1.8,0.13,1.8,,,
2007-10-11,610.0,0.0,18.0,515.0,0.0,0.13,0.0,,,
2007-10-12,637.0,0.0,15.4,491.0,0.2,0.13,0.2,,,
2007-10-13,635.0,0.0,14.5,497.0,0.0,0.13,0.0,,,
2007-10-14,800.0,0.0,14.9,498.0,0.0,0.13,0.0,,,
2007-10-15,915.0,0.0,16.3,485.0,0.0,0.12,0.0,,,
2007-10-16,830.0,0.0,18.3,485.0,0.0,0.12,0.0,,,
2007-10-17,648.0,0.0,20.3,490.0,0.0,0.12,0.0,,,
2007-10-18,606.0,0.0,21.0,492.0,0.0,0.12,0.0,,,
2007-10-19,1120.0,5.7,21.6,516.0,5.1,0.13,5.1,,,
2007-10-20,1560.0,1.0,19.6,533.0,0.5,0.17,0.5,,,
2007-10-21,1050.0,0.0,17.8,555.0,0.0,0.14,0.0,,,
2007-10-22,994.0,0.0,18.9,528.0,0.0,0.12,0.0,,,
2007-10-23,1350.0,0.0,22.0,526.0,1.0,0.14,1.0,,,
2007-10-24,1380.0,7.3,20.8,565.0,12.5,0.26,12.5,,,
2007-10-25,2410.0,10.7,13.6,662.0,14.7,0.89,14.7,,,
2007-10-26,2500.0,18.5,14.4,840.0,25.0,10.3,25.0,,,
2007-10-27,4130.0,27.9,18.4,1180.0,19.9,42.0,19.9,,,
2007-10-28,3770.0,0.0,13.2,1440.0,0.0,41.2,0.0,,,
2007-10-29,3840.0,0.0,8.9,1440.0,0.0,15.8,0.0,,,
2007-10-30,4470.0,0.0,10.0,1550.0,0.0,8.4,0.0,,,
2007-10-31,5270.0,0.0,11.7,1140.0,0.0,5.77,0.0,,,
2007-11-01,4380.0,0.0,14.2,894.0,0.0,4.87,0.0,,,
2007-11-02,3440.0,0.0,10.7,748.0,0.0,4.43,0.0,,,
2007-11-03,2840.0,0.0,10.7,698.0,0.0,3.55,0.0,,,
2007-11-04,2400.0,0.0,10.5,678.0,0.0,3.26,0.0,,,
2007-11-05,2180.0,0.0,10.1,634.0,0.0,3.14,0.0,,,
2007-11-06,2030.0,2.2,10.7,609.0,2.7,2.82,2.7,,,
2007-11-07,1880.0,0.0,7.4,607.0,0.0,3.0,0.0,,,
2007-11-08,1680.0,0.0,4.6,598.0,0.0,3.15,0.0,,,
2007-11-09,1610.0,0.8,5.7,590.0,1.3,3.26,1.3,,,
2007-11-10,1680.0,2.1,6.3,588.0,1.8,4.04,1.8,,,
2007-11-11,1550.0,0.0,5.4,586.0,0.0,5.48,0.0,,,
2007-11-12,1650.0,1.4,9.1,603.0,1.5,8.01,1.5,,,
2007-11-13,1730.0,1.7,12.6,601.0,2.3,13.2,2.3,,,
2007-11-14,1810.0,0.0,12.3,593.0,0.0,16.0,0.0,,,
2007-11-15,2270.0,15.4,12.4,696.0,19.1,21.4,19.1,,,
2007-11-16,2810.0,0.0,6.0,861.0,0.0,46.2,0.0,,,
2007-11-17,2910.0,0.0,4.8,858.0,0.0,21.0,0.0,,,
2007-11-18,3340.0,0.1,7.5,753.0,0.0,11.1,0.0,,,
2007-11-19,3300.0,1.3,7.0,709.0,0.7,6.44,0.7,,,
2007-11-20,3060.0,0.1,10.2,704.0,0.0,4.75,0.0,,,
2007-11-21,2860.0,0.0,14.1,662.0,0.0,4.34,0.0,,,
2007-11-22,2890.0,1.0,16.5,636.0,0.0,4.09,0.0,,,
2007-11-23,2630.0,0.0,5.9,617.0,0.0,2.8,0.0,,,
2007-11-24,2430.0,0.0,1.9,595.0,0.0,1.44,0.0,,,
2007-11-25,2350.0,0.0,5.4,585.0,0.0,2.02,0.0,,,
2007-11-26,2150.0,3.9,9.7,582.0,8.0,3.26,8.0,,,
2007-11-27,2200.0,1.8,12.4,578.0,2.9,3.26,2.9,,,
2007-11-28,2120.0,0.0,5.5,574.0,0.0,3.46,0.0,,,
2007-11-29,2130.0,0.0,6.4,566.0,0.0,3.86,0.0,,,
2007-11-30,2180.0,0.0,4.9,571.0,0.0,4.49,0.0,,,
2007-12-01,2110.0,0.0,2.6,573.0,0.0,4.4,0.0,,,
2007-12-02,2040.0,4.3,3.9,569.0,6.5,4.2,6.5,,,
2007-12-03,2250.0,12.1,7.6,591.0,12.0,6.2,12.0,,,
2007-12-04,2350.0,0.0,2.3,582.0,0.0,9.34,0.0,,,
2007-12-05,2790.0,4.4,-0.3,573.0,4.4,10.9,4.4,,,
2007-12-06,2980.0,1.9,-3.2,566.0,0.9,9.37,0.9,,,
2007-12-07,3260.0,0.6,-2.6,576.0,0.3,8.03,0.3,,,
2007-12-08,3290.0,4.7,2.8,592.0,4.5,8.42,4.5,,,
2007-12-09,3170.0,0.8,4.5,583.0,3.5,10.1,3.5,,,
2007-12-10,3240.0,2.6,8.6,620.0,1.4,15.0,1.4,,,
2007-12-11,3380.0,1.9,7.8,648.0,1.7,17.9,1.7,,,
2007-12-12,5380.0,0.0,12.4,664.0,0.1,17.3,0.1,,,
2007-12-13,10300.0,4.7,5.0,674.0,5.6,14.9,5.6,,,
2007-12-14,9990.0,0.0,4.7,631.0,0.0,13.0,0.0,,,
2007-12-15,9150.0,0.0,2.1,643.0,0.0,11.2,0.0,,,
2007-12-16,14200.0,17.3,4.8,850.0,21.7,135.0,21.7,,,
2007-12-17,19100.0,0.0,1.3,1740.0,0.0,90.6,0.0,,,
2007-12-18,20600.0,0.0,0.1,1750.0,0.0,36.3,0.0,,,
2007-12-19,17400.0,0.0,2.1,2090.0,0.4,24.1,0.4,,,
2007-12-20,14600.0,0.0,3.0,1660.0,0.0,18.9,0.0,,,
2007-12-21,11400.0,0.0,2.5,1440.0,0.0,16.2,0.0,,,
2007-12-22,9480.0,0.0,5.7,1260.0,0.0,14.0,0.0,,,
2007-12-23,7990.0,6.6,9.9,1160.0,9.9,13.4,9.9,,,
2007-12-24,7280.0,0.8,6.7,1040.0,0.4,16.6,0.4,,,
2007-12-25,6610.0,0.0,4.3,1140.0,0.0,17.1,0.0,,,
2007-12-26,7650.0,2.3,1.9,1090.0,0.9,14.3,0.9,,,
2007-12-27,8380.0,0.1,3.3,1100.0,0.0,12.8,0.0,,,
2007-12-28,8150.0,0.7,5.2,1230.0,1.0,12.6,1.0,,,
2007-12-29,7990.0,13.3,9.2,1320.0,15.4,14.4,15.4,,,
2007-12-30,8090.0,3.1,3.9,1260.0,2.3,16.4,2.3,,,
2007-12-31,9120.0,2.8,4.6,1230.0,3.6,20.1,3.6,,,
2008-01-01,11200.0,0.0,5.4,1280.0,0.0,23.7,0.0,,,
2008-01-02,10400.0,0.0,0.6,1320.0,0.0,19.4,0.0,,,
2008-01-03,9740.0,0.0,-3.0,1340.0,0.0,13.6,0.0,,,
2008-01-04,8870.0,0.0,-1.9,1200.0,0.0,13.0,0.0,,,
2008-01-05,7720.0,0.0,0.2,1120.0,0.0,12.5,0.0,,,
2008-01-06,6780.0,3.8,4.9,1130.0,0.3,13.0,0.3,,,
2008-01-07,6300.0,0.0,11.3,1040.0,0.0,13.4,0.0,,,
2008-01-08,5820.0,0.0,13.7,1060.0,0.0,13.2,0.0,,,
2008-01-09,5530.0,2.7,15.1,1040.0,2.1,12.9,2.1,,,
2008-01-10,5510.0,2.9,6.8,987.0,0.2,12.3,0.2,,,
2008-01-11,5890.0,14.2,10.7,954.0,13.7,12.4,13.7,,,
2008-01-12,5830.0,0.0,7.0,941.0,0.0,13.8,0.0,,,
2008-01-13,11700.0,0.7,4.0,956.0,0.4,13.8,0.4,,,
2008-01-14,16800.0,0.4,3.8,962.0,0.3,12.5,0.3,,,
2008-01-15,14400.0,0.0,0.7,978.0,0.0,12.2,0.0,,,
2008-01-16,11800.0,0.0,0.7,977.0,0.0,11.2,0.0,,,
2008-01-17,10200.0,11.6,0.8,967.0,8.0,11.2,8.0,,,
2008-01-18,8970.0,2.8,2.0,986.0,1.8,13.6,1.8,,,
2008-01-19,7960.0,0.0,-0.0,985.0,0.0,17.1,0.0,,,
2008-01-20,7440.0,0.0,-3.5,981.0,0.0,17.1,0.0,,,
2008-01-21,6830.0,0.0,-7.4,947.0,0.0,13.1,0.0,,,
2008-01-22,5910.0,0.6,-3.3,851.0,0.0,12.7,0.0,,,
2008-01-23,5130.0,0.1,1.6,875.0,0.0,12.4,0.0,,,
2008-01-24,4840.0,0.0,-0.1,964.0,0.0,11.4,0.0,,,
2008-01-25,4970.0,0.0,-2.3,795.0,0.0,10.8,0.0,,,
2008-01-26,4520.0,0.0,-1.1,832.0,0.0,11.4,0.0,,,
2008-01-27,4340.0,0.0,0.5,850.0,0.0,11.1,0.0,,,
2008-01-28,4230.0,0.0,1.0,852.0,0.0,11.0,0.0,,,
2008-01-29,4270.0,0.0,3.4,824.0,1.3,11.7,1.3,,,
2008-01-30,4300.0,1.6,7.2,850.0,3.8,15.4,3.8,,,
2008-01-31,4200.0,0.0,0.5,860.0,0.0,18.9,0.0,,,
2008-02-01,6950.0,34.0,3.4,929.0,23.1,145.0,23.1,,,
2008-02-02,15000.0,0.0,3.2,1070.0,0.0,220.0,0.0,,,
2008-02-03,18900.0,0.0,4.3,1500.0,0.0,89.2,0.0,,,
2008-02-04,17400.0,0.0,6.5,2260.0,0.4,63.5,0.4,,,
2008-02-05,18300.0,0.7,10.3,3410.0,1.9,53.1,1.9,,,
2008-02-06,17000.0,0.1,17.6,2940.0,1.7,47.0,1.7,,,
2008-02-07,15600.0,1.2,11.7,2650.0,1.8,53.5,1.8,,,
2008-02-08,18000.0,0.0,4.7,2440.0,0.0,49.0,0.0,,,
2008-02-09,20100.0,0.2,6.0,2260.0,1.7,39.0,1.7,,,
2008-02-10,18000.0,0.0,6.0,2120.0,0.0,34.6,0.0,,,
2008-02-11,15400.0,0.0,-4.7,1860.0,0.0,29.0,0.0,,,
2008-02-12,13300.0,1.6,-2.6,1750.0,2.8,27.6,2.8,,,
2008-02-13,12800.0,16.4,1.4,1720.0,18.1,180.0,18.1,,,
2008-02-14,15300.0,0.6,0.3,1970.0,0.6,278.0,0.6,,,
2008-02-15,15200.0,0.0,4.0,2290.0,0.0,120.0,0.0,,,
2008-02-16,13400.0,0.0,3.0,2610.0,0.0,85.0,0.0,,,
2008-02-17,12800.0,0.2,3.0,2480.0,1.1,70.0,1.1,,,
2008-02-18,12100.0,13.4,13.7,2280.0,3.7,67.1,3.7,,,
2008-02-19,11800.0,0.1,4.7,2080.0,0.1,60.6,0.1,,,
2008-02-20,12200.0,1.3,-0.0,1930.0,2.0,50.1,2.0,,,
2008-02-21,12000.0,0.2,-2.6,1840.0,0.8,43.6,0.8,,,
2008-02-22,11000.0,6.0,-0.8,1750.0,4.9,43.8,4.9,,,
2008-02-23,10200.0,0.0,1.7,1630.0,0.0,43.5,0.0,,,
2008-02-24,9450.0,0.0,1.2,1550.0,0.0,41.2,0.0,,,
2008-02-25,8880.0,0.1,3.6,1490.0,0.5,39.8,0.5,,,
2008-02-26,8540.0,7.6,5.7,1420.0,6.9,38.3,6.9,,,
2008-02-27,8680.0,0.0,3.8,1330.0,0.0,45.0,0.0,,,
2008-02-28,11000.0,0.0,-1.9,1260.0,0.0,38.3,0.0,,,
2008-02-29,10400.0,0.0,0.0,1150.0,0.0,31.6,0.0,,,
2008-03-01,9810.0,0.4,4.8,1120.0,1.1,32.4,1.1,,,
2008-03-02,9010.0,0.0,2.8,1070.0,0.0,33.8,0.0,,,
2008-03-03,8540.0,0.0,7.6,988.0,0.0,29.8,0.0,,,
2008-03-04,8340.0,0.7,15.7,960.0,5.0,28.6,5.0,,,
2008-03-05,11600.0,22.8,13.0,1600.0,25.0,133.0,25.0,,,
2008-03-06,57600.0,0.0,6.1,2620.0,0.0,111.0,0.0,,,
2008-03-07,71700.0,10.3,5.3,2890.0,9.7,77.0,9.7,,,
2008-03-08,44400.0,17.0,8.9,3940.0,8.8,130.0,8.8,,,
2008-03-09,39800.0,0.0,2.1,4060.0,0.0,164.0,0.0,,,
2008-03-10,35500.0,0.0,4.2,3910.0,0.0,102.0,0.0,,,
2008-03-11,27900.0,0.5,6.2,3930.0,0.0,88.3,0.0,,,
2008-03-12,23600.0,0.0,7.2,3630.0,0.0,79.1,0.0,,,
2008-03-13,20200.0,0.0,7.3,3180.0,0.0,68.0,0.0,,,
2008-03-14,17600.0,0.1,10.9,2800.0,0.6,61.5,0.6,,,
2008-03-15,15500.0,1.5,11.4,2460.0,2.8,59.4,2.8,,,
2008-03-16,14000.0,7.1,8.7,2220.0,3.9,58.0,3.9,,,
2008-03-17,13100.0,0.0,4.9,2110.0,0.0,53.3,0.0,,,
2008-03-18,12200.0,1.6,7.1,2040.0,3.4,47.2,3.4,,,
2008-03-19,11800.0,12.5,12.5,2130.0,12.3,53.1,12.3,,,
2008-03-20,13400.0,4.6,11.0,2110.0,6.5,99.9,6.5,,,
2008-03-21,21200.0,0.0,6.7,2320.0,0.0,76.5,0.0,,,
2008-03-22,24000.0,0.0,6.4,2680.0,0.0,60.6,0.0,,,
2008-03-23,22900.0,0.0,4.7,2980.0,0.0,56.2,0.0,,,
2008-03-24,20100.0,0.4,5.0,2740.0,0.2,51.4,0.2,,,
2008-03-25,17100.0,0.0,4.5,2430.0,0.0,47.9,0.0,,,
2008-03-26,14600.0,0.0,11.5,2130.0,0.0,44.8,0.0,,,
2008-03-27,12900.0,5.1,10.1,2030.0,9.3,44.8,9.3,,,
2008-03-28,11700.0,1.0,14.2,1820.0,4.0,43.8,4.0,,,
2008-03-29,10600.0,0.0,7.3,1720.0,0.0,41.1,0.0,,,
2008-03-30,9910.0,0.0,5.7,1580.0,0.0,37.3,0.0,,,
2008-03-31,9160.0,0.0,8.3,1500.0,0.0,35.2,0.0,,,
2008-04-01,8450.0,3.7,16.0,1340.0,3.2,39.6,3.2,,,
2008-04-02,7830.0,0.0,11.0,1330.0,0.0,38.7,0.0,,,
2008-04-03,7500.0,3.7,6.2,1310.0,4.1,34.5,4.1,,,
2008-04-04,8300.0,9.6,9.5,1390.0,14.0,67.9,14.0,,,
2008-04-05,8080.0,3.1,14.6,1580.0,1.6,66.6,1.6,,,
2008-04-06,8420.0,10.5,9.3,1630.0,14.0,51.0,14.0,,,
2008-04-07,8360.0,0.1,7.6,1860.0,0.0,46.2,0.0,,,
2008-04-08,8110.0,0.0,9.0,1880.0,0.0,42.7,0.0,,,
2008-04-09,7880.0,0.0,11.5,2110.0,0.0,41.1,0.0,,,
2008-04-10,9020.0,0.0,15.2,2390.0,0.0,38.7,0.0,,,
2008-04-11,9650.0,0.0,18.5,2470.0,0.3,38.3,0.3,,,
2008-04-12,10100.0,1.0,21.1,2500.0,0.0,53.3,0.0,,,
2008-04-13,12500.0,0.3,12.9,2770.0,0.5,53.4,0.5,,,
2008-04-14,13200.0,0.2,9.1,2600.0,0.6,41.3,0.6,,,
2008-04-15,13600.0,0.0,9.5,2490.0,0.0,36.4,0.0,,,
2008-04-16,12000.0,0.0,10.7,2190.0,0.0,32.9,0.0,,,
2008-04-17,10400.0,0.0,13.8,2010.0,0.0,31.5,0.0,,,
2008-04-18,9300.0,0.0,17.8,1840.0,0.0,30.6,0.0,,,
2008-04-19,8370.0,0.0,19.0,1710.0,0.0,29.8,0.0,,,
2008-04-20,10900.0,17.1,16.2,1800.0,23.6,181.0,23.6,,,
2008-04-21,34600.0,14.7,14.9,6320.0,9.6,2440.0,9.6,,,
2008-04-22,71800.0,1.4,15.7,7550.0,0.6,694.0,0.6,,,
2008-04-23,62200.0,0.0,16.7,7660.0,0.0,316.0,0.0,,,
2008-04-24,42300.0,0.0,18.3,6530.0,0.0,222.0,0.0,,,
2008-04-25,33100.0,0.0,19.1,5710.0,0.0,181.0,0.0,,,
2008-04-26,26300.0,0.4,20.6,4880.0,2.5,157.0,2.5,,,
2008-04-27,24100.0,8.6,14.8,4930.0,14.0,213.0,14.0,,,
2008-04-28,37700.0,20.2,13.1,4900.0,19.7,303.0,19.7,,,
2008-04-29,44100.0,0.2,12.0,6030.0,0.5,318.0,0.5,,,
2008-04-30,46900.0,0.3,10.9,8460.0,0.1,195.0,0.1,,,
2008-05-01,40300.0,0.2,12.4,8070.0,1.8,165.0,1.8,,,
2008-05-02,31300.0,0.0,18.9,6260.0,0.0,149.0,0.0,,,
2008-05-03,25400.0,0.3,21.0,5110.0,0.4,133.0,0.4,,,
2008-05-04,21200.0,0.9,19.3,4280.0,0.6,118.0,0.6,,,
2008-05-05,18500.0,0.0,16.4,3620.0,0.0,106.0,0.0,,,
2008-05-06,18800.0,0.0,17.7,3090.0,0.0,98.9,0.0,,,
2008-05-07,15800.0,0.0,19.3,2700.0,0.0,92.4,0.0,,,
2008-05-08,13800.0,0.8,21.4,2380.0,0.5,91.6,0.5,,,
2008-05-09,17000.0,45.7,16.8,2300.0,28.4,138.0,28.4,,,
2008-05-10,15200.0,12.3,13.0,2520.0,13.6,171.0,13.6,,,
2008-05-11,16000.0,6.4,13.1,4550.0,8.0,482.0,8.0,,,
2008-05-12,88800.0,51.1,8.9,12100.0,54.3,6770.0,54.3,,,
2008-05-13,128000.0,0.3,13.3,14600.0,0.1,1060.0,0.1,,,
2008-05-14,99900.0,0.0,16.8,11600.0,0.0,556.0,0.0,,,
2008-05-15,61500.0,0.5,19.2,8580.0,0.6,379.0,0.6,,,
2008-05-16,43300.0,17.5,18.1,7360.0,19.6,377.0,19.6,,,
2008-05-17,37900.0,0.0,16.0,8000.0,0.0,311.0,0.0,,,
2008-05-18,43000.0,1.6,17.7,6600.0,4.1,240.0,4.1,,,
2008-05-19,38000.0,0.0,14.3,5400.0,0.0,208.0,0.0,,,
2008-05-20,32500.0,8.9,12.6,4790.0,11.0,311.0,11.0,,,
2008-05-21,31200.0,0.0,13.7,5690.0,0.1,339.0,0.1,,,
2008-05-22,34400.0,0.0,14.2,5520.0,0.4,320.0,0.4,,,
2008-05-23,34100.0,0.0,14.3,4750.0,0.0,241.0,0.0,,,
2008-05-24,27500.0,0.0,16.4,4050.0,0.0,193.0,0.0,,,
2008-05-25,22800.0,0.0,17.5,3510.0,0.0,155.0,0.0,,,
2008-05-26,18000.0,0.0,20.1,3080.0,0.0,127.0,0.0,,,
2008-05-27,15100.0,5.6,23.5,2730.0,5.6,108.0,5.6,,,
2008-05-28,13500.0,3.0,18.3,2450.0,0.6,89.9,0.6,,,
2008-05-29,12600.0,0.0,17.1,2200.0,0.0,74.3,0.0,,,
2008-05-30,11800.0,0.0,20.3,2080.0,0.0,67.3,0.0,,,
2008-05-31,11300.0,2.7,24.1,1980.0,1.6,75.4,1.6,,,
2008-06-01,11100.0,1.0,24.0,1880.0,0.1,110.0,0.1,,,
2008-06-02,11400.0,0.0,21.2,1740.0,0.0,66.7,0.0,,,
2008-06-03,12700.0,6.1,21.6,1600.0,2.0,54.8,2.0,,,
2008-06-04,13400.0,31.9,23.7,1630.0,39.1,95.3,39.1,,,
2008-06-05,16800.0,1.7,25.0,1820.0,7.9,168.0,7.9,,,
2008-06-06,14900.0,0.0,24.8,2160.0,0.0,69.4,0.0,,,
2008-06-07,20900.0,0.0,28.0,2410.0,0.0,56.3,0.0,,,
2008-06-08,17500.0,0.0,29.1,2000.0,0.0,265.0,0.0,,,
2008-06-09,12700.0,0.0,29.8,1680.0,0.0,58.8,0.0,,,
2008-06-10,9850.0,1.7,29.7,1580.0,1.1,84.3,1.1,,,
2008-06-11,8860.0,0.0,26.4,1480.0,0.0,271.0,0.0,,,
2008-06-12,7810.0,0.0,25.8,1350.0,0.0,91.4,0.0,,,
2008-06-13,6620.0,0.0,26.3,1200.0,0.0,68.0,0.0,,,
2008-06-14,5880.0,3.7,26.6,1190.0,11.5,61.0,11.5,,,
2008-06-15,6320.0,6.0,24.7,1360.0,5.0,84.5,5.0,,,
2008-06-16,6170.0,1.7,24.5,1450.0,2.0,66.9,2.0,,,
2008-06-17,6950.0,1.3,21.9,1590.0,1.5,105.0,1.5,,,
2008-06-18,6880.0,0.0,20.0,1520.0,0.0,68.8,0.0,,,
2008-06-19,6450.0,0.0,19.3,1440.0,0.2,53.3,0.2,,,
2008-06-20,6410.0,0.0,21.9,1410.0,0.0,48.5,0.0,,,
2008-06-21,6230.0,0.7,23.7,1260.0,0.0,45.1,0.0,,,
2008-06-22,5540.0,5.4,23.9,1140.0,2.7,40.3,2.7,,,
2008-06-23,5050.0,0.0,24.3,1090.0,0.3,38.6,0.3,,,
2008-06-24,4640.0,0.0,23.0,1160.0,0.0,37.4,0.0,,,
2008-06-25,4380.0,0.0,24.4,1880.0,0.0,35.0,0.0,,,
2008-06-26,5110.0,0.0,26.9,1390.0,0.0,33.1,0.0,,,
2008-06-27,5070.0,7.2,27.9,1220.0,1.1,32.4,1.1,,,
2008-06-28,4650.0,0.0,27.0,1060.0,0.0,33.5,0.0,,,
2008-06-29,4390.0,3.3,27.3,1040.0,0.9,32.5,0.9,,,
2008-06-30,3930.0,5.2,24.8,1030.0,2.4,35.5,2.4,,,
2008-07-01,3930.0,3.8,22.5,1040.0,2.2,36.7,2.2,,,
2008-07-02,3860.0,0.0,23.8,991.0,0.0,31.7,0.0,,,
2008-07-03,3490.0,0.0,25.4,967.0,0.0,27.7,0.0,,,
2008-07-04,3420.0,6.0,25.6,965.0,7.8,27.0,7.8,,,
2008-07-05,3610.0,11.0,23.3,965.0,23.5,30.7,23.5,,,
2008-07-06,3800.0,17.7,23.0,1000.0,12.9,30.4,12.9,,,
2008-07-07,3960.0,1.8,24.7,1020.0,3.7,29.4,3.7,,,
2008-07-08,4960.0,1.0,25.9,1040.0,0.0,26.2,0.0,,,
2008-07-09,4860.0,10.9,24.9,1470.0,12.5,23.6,12.5,,,
2008-07-10,5290.0,0.0,25.7,1410.0,0.0,24.9,0.0,,,
2008-07-11,6020.0,0.0,25.4,1260.0,0.0,21.2,0.0,,,
2008-07-12,5690.0,0.0,26.3,1080.0,0.1,18.1,0.1,,,
2008-07-13,4810.0,1.7,26.9,1010.0,5.4,20.6,5.4,,,
2008-07-14,5060.0,30.6,24.4,1090.0,26.0,55.2,26.0,,,
2008-07-15,4810.0,0.0,24.6,1150.0,0.0,34.2,0.0,,,
2008-07-16,4230.0,0.0,25.4,1130.0,0.0,23.8,0.0,,,
2008-07-17,3870.0,0.2,26.9,1050.0,0.0,19.6,0.0,,,
2008-07-18,3750.0,0.0,28.2,987.0,0.0,16.4,0.0,,,
2008-07-19,3330.0,0.0,28.0,866.0,0.0,14.7,0.0,,,
2008-07-20,2910.0,0.0,29.2,804.0,0.0,13.8,0.0,,,
2008-07-21,2610.0,0.0,28.7,768.0,0.4,13.7,0.4,,,
2008-07-22,2500.0,0.0,29.3,769.0,0.0,11.9,0.0,,,
2008-07-23,2420.0,16.6,26.9,830.0,17.6,16.4,17.6,,,
2008-07-24,2850.0,1.5,23.7,979.0,0.0,39.2,0.0,,,
2008-07-25,3300.0,0.0,24.4,1050.0,0.0,26.5,0.0,,,
2008-07-26,4140.0,0.0,25.4,1160.0,0.0,17.9,0.0,,,
2008-07-27,4780.0,2.7,26.3,1040.0,1.5,14.9,1.5,,,
2008-07-28,4310.0,0.0,25.3,948.0,0.0,13.5,0.0,,,
2008-07-29,3490.0,0.0,26.5,778.0,0.0,14.4,0.0,,,
2008-07-30,2970.0,0.0,27.3,750.0,0.2,12.6,0.2,,,
2008-07-31,2550.0,0.1,27.0,705.0,0.0,11.8,0.0,,,
2008-08-01,2320.0,0.0,27.5,676.0,0.0,11.6,0.0,,,
2008-08-02,2250.0,14.2,26.3,686.0,13.7,13.5,13.7,,,
2008-08-03,2230.0,0.0,24.8,741.0,0.0,15.8,0.0,,,
2008-08-04,2180.0,0.0,24.7,725.0,0.0,13.2,0.0,,,
2008-08-05,2190.0,0.3,25.9,701.0,1.1,10.7,1.1,,,
2008-08-06,2380.0,0.0,27.0,679.0,0.0,9.23,0.0,,,
2008-08-07,2760.0,1.8,26.3,665.0,0.2,8.92,0.2,,,
2008-08-08,2660.0,0.0,23.8,631.0,0.0,7.77,0.0,,,
2008-08-09,2300.0,0.0,23.0,592.0,0.0,6.69,0.0,,,
2008-08-10,2080.0,1.4,23.8,562.0,1.8,5.93,1.8,,,
2008-08-11,1840.0,0.0,21.2,523.0,0.0,5.48,0.0,,,
2008-08-12,1680.0,0.0,22.3,525.0,0.0,5.3,0.0,,,
2008-08-13,1580.0,0.0,23.7,519.0,0.2,5.06,0.2,,,
2008-08-14,1540.0,7.5,23.9,545.0,4.0,5.18,4.0,,,
2008-08-15,1770.0,0.0,22.5,556.0,0.0,7.09,0.0,,,
2008-08-16,1720.0,0.3,23.4,564.0,0.0,7.81,0.0,,,
2008-08-17,1620.0,0.0,23.6,565.0,0.0,8.91,0.0,,,
2008-08-18,1540.0,0.0,25.4,567.0,0.0,6.99,0.0,,,
2008-08-19,1460.0,0.0,26.7,576.0,0.0,5.55,0.0,,,
2008-08-20,1350.0,0.0,23.8,587.0,0.0,4.22,0.0,,,
2008-08-21,1310.0,0.0,23.3,556.0,0.0,3.63,0.0,,,
2008-08-22,1270.0,0.0,23.5,518.0,0.0,3.28,0.0,,,
2008-08-23,1220.0,0.0,23.5,483.0,0.0,3.16,0.0,,,
2008-08-24,1170.0,0.0,25.2,458.0,0.0,2.75,0.0,,,
2008-08-25,1130.0,1.8,26.2,435.0,0.2,2.62,0.2,,,
2008-08-26,996.0,0.0,23.6,406.0,0.0,2.53,0.0,,,
2008-08-27,1090.0,0.0,22.7,406.0,0.0,2.41,0.0,,,
2008-08-28,1180.0,16.7,20.8,610.0,19.5,2.94,19.5,,,
2008-08-29,1710.0,9.7,21.1,780.0,4.6,11.8,4.6,,,
2008-08-30,1870.0,0.0,23.7,1630.0,0.0,23.9,0.0,,,
2008-08-31,2040.0,0.0,25.4,1150.0,0.0,13.8,0.0,,,
2008-09-01,2620.0,0.0,23.3,900.0,0.0,8.77,0.0,,,
2008-09-02,3400.0,0.0,23.7,820.0,0.0,6.16,0.0,,,
2008-09-03,2890.0,0.0,25.4,780.0,0.0,4.84,0.0,,,
2008-09-04,2320.0,0.0,27.7,620.0,0.0,4.13,0.0,,,
2008-09-05,2160.0,1.8,26.2,629.0,0.0,3.39,0.0,,,
2008-09-06,14000.0,122.4,23.3,695.0,105.6,678.0,105.6,,,
2008-09-07,14800.0,0.0,22.7,755.0,0.0,438.0,0.0,,,
2008-09-08,7580.0,0.0,23.7,708.0,0.0,94.4,0.0,,,
2008-09-09,4070.0,14.1,23.0,679.0,18.0,48.7,18.0,,,
2008-09-10,3010.0,0.2,20.7,660.0,0.0,40.4,0.0,,,
2008-09-11,2430.0,0.0,21.2,676.0,0.0,32.2,0.0,,,
2008-09-12,2260.0,2.0,22.1,626.0,2.6,28.8,2.6,,,
2008-09-13,2200.0,3.1,24.5,600.0,2.5,27.3,2.5,,,
2008-09-14,2150.0,0.0,26.9,594.0,0.0,25.0,0.0,,,
2008-09-15,2320.0,0.0,26.2,596.0,0.0,22.6,0.0,,,
2008-09-16,2270.0,0.0,20.7,582.0,0.0,18.8,0.0,,,
2008-09-17,2240.0,0.0,18.9,534.0,0.0,16.7,0.0,,,
2008-09-18,2030.0,0.0,19.8,522.0,0.1,15.0,0.1,,,
2008-09-19,1990.0,0.1,19.0,498.0,0.1,14.1,0.1,,,
2008-09-20,1820.0,0.0,16.8,488.0,0.0,13.3,0.0,,,
2008-09-21,1670.0,0.0,18.6,477.0,0.0,12.9,0.0,,,
2008-09-22,1570.0,0.0,19.9,469.0,0.3,12.7,0.3,,,
2008-09-23,1550.0,0.0,19.8,468.0,0.0,12.4,0.0,,,
2008-09-24,1750.0,0.0,17.3,459.0,0.0,12.1,0.0,,,
2008-09-25,2070.0,9.5,16.3,453.0,2.0,11.6,2.0,,,
2008-09-26,1900.0,17.3,16.4,488.0,23.2,15.2,23.2,,,
2008-09-27,2000.0,9.5,21.2,622.0,6.0,22.0,6.0,,,
2008-09-28,3500.0,8.6,21.2,1130.0,7.2,27.2,7.2,,,
2008-09-29,5400.0,0.0,20.1,989.0,0.0,30.6,0.0,,,
2008-09-30,6330.0,9.2,19.0,1450.0,2.0,21.3,2.0,,,
2008-10-01,7020.0,7.4,17.0,1470.0,0.7,42.9,0.7,,,
2008-10-02,6480.0,0.0,14.4,1100.0,0.0,31.0,0.0,,,
2008-10-03,4740.0,0.0,14.9,905.0,0.0,20.5,0.0,,,
2008-10-04,3740.0,0.0,16.5,790.0,0.0,15.9,0.0,,,
2008-10-05,3170.0,0.0,17.6,743.0,0.0,13.7,0.0,,,
2008-10-06,2770.0,0.0,15.7,700.0,0.0,12.2,0.0,,,
2008-10-07,2470.0,0.0,13.2,660.0,0.0,11.0,0.0,,,
2008-10-08,2320.0,0.0,14.0,647.0,0.0,10.4,0.0,,,
2008-10-09,2160.0,0.4,19.4,630.0,1.7,9.92,1.7,,,
2008-10-10,2020.0,0.0,19.3,604.0,0.0,9.74,0.0,,,
2008-10-11,2010.0,0.0,16.8,596.0,0.0,9.86,0.0,,,
2008-10-12,1850.0,0.0,16.8,558.0,0.0,9.0,0.0,,,
2008-10-13,1840.0,0.0,17.8,566.0,0.0,8.07,0.0,,,
2008-10-14,1680.0,0.0,19.5,546.0,0.0,7.07,0.0,,,
2008-10-15,1670.0,0.0,21.5,555.0,0.0,7.12,0.0,,,
2008-10-16,1620.0,0.9,21.8,560.0,0.6,6.76,0.6,,,
2008-10-17,1620.0,0.0,16.2,538.0,0.0,6.16,0.0,,,
2008-10-18,1580.0,0.0,12.6,530.0,0.0,5.66,0.0,,,
2008-10-19,1520.0,0.0,10.8,526.0,0.0,6.46,0.0,,,
2008-10-20,1460.0,0.0,9.7,514.0,0.0,5.66,0.0,,,
2008-10-21,1430.0,0.0,10.9,505.0,0.0,5.5,0.0,,,
2008-10-22,1410.0,0.0,9.9,510.0,0.0,5.87,0.0,,,
2008-10-23,1380.0,0.0,8.2,510.0,0.0,6.42,0.0,,,
2008-10-24,1390.0,0.0,10.1,502.0,0.0,7.88,0.0,,,
2008-10-25,1780.0,23.1,14.8,573.0,15.7,25.7,15.7,,,
2008-10-26,2740.0,0.0,12.1,781.0,0.0,106.0,0.0,,,
2008-10-27,3200.0,1.8,9.9,819.0,0.5,32.2,0.5,,,
2008-10-28,3400.0,3.7,6.7,742.0,2.7,19.6,2.7,,,
2008-10-29,2950.0,0.1,7.1,823.0,0.6,14.7,0.6,,,
2008-10-30,2680.0,0.0,6.2,848.0,0.0,13.7,0.0,,,
2008-10-31,2530.0,0.0,8.4,735.0,0.0,11.0,0.0,,,
2008-11-01,2370.0,0.0,12.3,659.0,0.0,12.2,0.0,,,
2008-11-02,2160.0,0.0,12.9,641.0,0.0,11.1,0.0,,,
2008-11-03,2040.0,0.1,12.3,625.0,0.0,11.2,0.0,,,
2008-11-04,2030.0,2.9,12.8,582.0,1.1,11.8,1.1,,,
2008-11-05,2010.0,1.8,14.2,598.0,0.7,11.9,0.7,,,
2008-11-06,1870.0,6.0,15.7,611.0,2.3,12.2,2.3,,,
2008-11-07,1860.0,0.1,16.9,587.0,0.2,13.2,0.2,,,
2008-11-08,1860.0,3.3,15.0,593.0,3.0,13.8,3.0,,,
2008-11-09,1800.0,1.5,10.8,578.0,0.0,12.2,0.0,,,
2008-11-10,1750.0,0.0,7.7,574.0,0.0,11.9,0.0,,,
2008-11-11,1690.0,0.0,4.6,554.0,0.0,11.4,0.0,,,
2008-11-12,1660.0,0.0,7.8,564.0,0.0,11.2,0.0,,,
2008-11-13,1940.0,17.7,8.5,588.0,15.5,15.6,15.5,,,
2008-11-14,2310.0,0.0,10.3,623.0,0.0,38.9,0.0,,,
2008-11-15,2670.0,5.9,15.8,755.0,21.9,26.2,21.9,,,
2008-11-16,3380.0,0.0,9.0,828.0,0.0,28.6,0.0,,,
2008-11-17,3640.0,0.6,4.8,892.0,0.6,25.6,0.6,,,
2008-11-18,3750.0,0.0,2.0,977.0,0.1,18.6,0.1,,,
2008-11-19,3310.0,0.0,0.6,971.0,0.0,15.1,0.0,,,
2008-11-20,3120.0,0.0,2.9,925.0,0.0,14.0,0.0,,,
2008-11-21,2960.0,0.4,1.6,817.0,0.0,13.6,0.0,,,
2008-11-22,2710.0,0.0,-0.5,768.0,0.0,12.7,0.0,,,
2008-11-23,2480.0,0.0,-0.3,716.0,0.0,12.2,0.0,,,
2008-11-24,2280.0,0.2,1.7,668.0,1.5,12.1,1.5,,,
2008-11-25,2260.0,7.4,5.7,697.0,6.7,16.0,6.7,,,
2008-11-26,2210.0,0.0,3.5,692.0,0.0,18.4,0.0,,,
2008-11-27,2320.0,0.0,2.8,672.0,0.0,15.6,0.0,,,
2008-11-28,2270.0,0.0,4.9,632.0,0.0,14.0,0.0,,,
2008-11-29,2220.0,0.0,3.5,637.0,0.0,13.4,0.0,,,
2008-11-30,2390.0,13.2,3.9,690.0,14.6,14.6,14.6,,,
2008-12-01,2830.0,5.2,7.4,692.0,3.3,30.7,3.3,,,
2008-12-02,3030.0,0.0,4.4,705.0,0.0,34.8,0.0,,,
2008-12-03,3790.0,0.0,2.4,707.0,0.0,26.2,0.0,,,
2008-12-04,3350.0,0.1,5.8,713.0,0.3,21.5,0.3,,,
2008-12-05,3130.0,1.6,3.0,736.0,0.5,19.6,0.5,,,
2008-12-06,3000.0,0.4,-0.8,744.0,0.2,18.3,0.2,,,
2008-12-07,2890.0,0.0,-0.6,718.0,0.0,17.3,0.0,,,
2008-12-08,2610.0,0.0,-2.6,672.0,0.0,15.9,0.0,,,
2008-12-09,2510.0,0.0,2.7,643.0,0.0,15.3,0.0,,,
2008-12-10,2340.0,9.8,14.2,675.0,16.6,15.5,16.6,,,
2008-12-11,2820.0,23.3,6.7,794.0,24.3,115.0,24.3,,,
2008-12-12,12600.0,30.0,4.3,2540.0,26.6,861.0,26.6,,,
2008-12-13,31400.0,0.0,0.4,3170.0,0.0,180.0,0.0,,,
2008-12-14,29700.0,0.0,1.4,4090.0,0.0,103.0,0.0,,,
2008-12-15,22200.0,0.0,11.2,3290.0,0.0,79.8,0.0,,,
2008-12-16,16200.0,10.2,6.8,2590.0,14.8,69.0,14.8,,,
2008-12-17,14900.0,6.1,5.1,2290.0,8.1,179.0,8.1,,,
2008-12-18,15400.0,0.0,4.3,2470.0,0.0,136.0,0.0,,,
2008-12-19,16600.0,8.2,5.6,2770.0,12.1,106.0,12.1,,,
2008-12-20,23900.0,0.5,5.1,2890.0,0.2,126.0,0.2,,,
2008-12-21,34400.0,1.9,2.0,2730.0,1.2,91.1,1.2,,,
2008-12-22,25700.0,0.0,-3.9,2450.0,0.0,67.1,0.0,,,
2008-12-23,19300.0,0.0,-4.1,2170.0,0.0,50.0,0.0,,,
2008-12-24,14700.0,4.0,4.1,1940.0,9.0,55.2,9.0,,,
2008-12-25,12400.0,2.1,8.8,1810.0,1.5,56.9,1.5,,,
2008-12-26,13200.0,0.0,1.3,1630.0,0.0,49.7,0.0,,,
2008-12-27,14500.0,0.0,8.1,1570.0,0.0,49.1,0.0,,,
2008-12-28,12900.0,1.6,15.6,1500.0,1.6,49.1,1.6,,,
2008-12-29,12600.0,0.0,7.0,1350.0,0.0,44.0,0.0,,,
2008-12-30,11800.0,0.0,6.0,1340.0,0.0,38.9,0.0,,,
2008-12-31,10400.0,0.0,3.2,1260.0,0.0,35.5,0.0,,,
2009-01-01,9330.0,0.0,-1.8,1200.0,0.0,32.2,0.0,,,
2009-01-02,8220.0,0.0,0.1,1160.0,0.0,30.0,0.0,,,
2009-01-03,7520.0,0.0,1.4,1100.0,0.0,32.2,0.0,,,
2009-01-04,6670.0,0.0,1.2,1090.0,0.0,31.5,0.0,,,
2009-01-05,6400.0,0.0,5.5,1070.0,0.0,30.9,0.0,,,
2009-01-06,6110.0,4.4,2.6,1060.0,3.2,32.2,3.2,,,
2009-01-07,9390.0,36.2,2.9,1230.0,33.3,246.0,33.3,,,
2009-01-08,14100.0,0.7,2.5,2170.0,0.0,256.0,0.0,,,
2009-01-09,19900.0,0.0,0.1,3510.0,0.0,128.0,0.0,,,
2009-01-10,27300.0,3.7,1.4,4280.0,4.6,97.2,4.6,,,
2009-01-11,22400.0,6.4,3.8,3750.0,5.5,91.0,5.5,,,
2009-01-12,17500.0,0.0,-0.2,3050.0,0.0,78.6,0.0,,,
2009-01-13,14900.0,0.0,0.4,2640.0,0.0,68.9,0.0,,,
2009-01-14,14300.0,0.0,-1.3,2300.0,0.0,61.3,0.0,,,
2009-01-15,13000.0,0.0,-3.3,2010.0,0.0,52.8,0.0,,,
2009-01-16,11500.0,0.0,-8.8,1820.0,0.0,41.8,0.0,,,
2009-01-17,9630.0,0.0,-8.8,1640.0,0.0,33.8,0.0,,,
2009-01-18,8290.0,0.1,-1.1,1550.0,0.0,41.8,0.0,,,
2009-01-19,7120.0,0.5,-1.1,1490.0,0.5,43.4,0.5,,,
2009-01-20,6800.0,0.0,-3.4,1440.0,0.0,41.3,0.0,,,
2009-01-21,6730.0,0.0,-4.3,1410.0,0.0,36.5,0.0,,,
2009-01-22,6380.0,0.0,-1.7,1390.0,0.0,34.6,0.0,,,
2009-01-23,6970.0,0.0,2.2,1370.0,0.0,37.0,0.0,,,
2009-01-24,6640.0,0.0,3.3,1350.0,0.0,35.4,0.0,,,
2009-01-25,6090.0,0.0,-2.1,1340.0,0.0,30.2,0.0,,,
2009-01-26,5750.0,0.0,-2.2,1320.0,0.0,30.0,0.0,,,
2009-01-27,5360.0,5.9,-1.4,1300.0,5.8,29.2,5.8,,,
2009-01-28,5270.0,13.3,1.7,1290.0,15.7,34.3,15.7,,,
2009-01-29,4900.0,0.0,-0.1,1280.0,0.0,36.0,0.0,,,
2009-01-30,5100.0,0.0,-0.1,1270.0,0.0,34.4,0.0,,,
2009-01-31,4860.0,0.0,-2.7,1270.0,0.0,31.8,0.0,,,
2009-02-01,5370.0,0.0,2.9,1250.0,0.0,34.5,0.0,,,
2009-02-02,5720.0,0.1,5.9,1100.0,0.5,46.5,0.5,,,
2009-02-03,6150.0,1.6,2.3,1120.0,1.3,46.4,1.3,,,
2009-02-04,6810.0,0.2,-1.2,1100.0,0.1,46.9,0.1,,,
2009-02-05,6430.0,0.0,-5.1,1070.0,0.0,20.8,0.0,,,
2009-02-06,5760.0,0.0,-2.6,1020.0,0.0,23.3,0.0,,,
2009-02-07,5660.0,0.0,2.4,980.0,0.0,26.7,0.0,,,
2009-02-08,5040.0,0.1,9.7,960.0,0.0,32.8,0.0,,,
2009-02-09,5430.0,0.0,4.2,1010.0,0.0,35.9,0.0,,,
2009-02-10,5910.0,0.0,7.4,1080.0,0.1,33.3,0.1,,,
2009-02-11,7090.0,0.0,13.6,1120.0,0.0,35.3,0.0,,,
2009-02-12,8110.0,0.0,13.3,1140.0,0.6,46.7,0.6,,,
2009-02-13,9860.0,0.0,6.9,1170.0,0.0,47.2,0.0,,,
2009-02-14,11100.0,0.0,3.5,1150.0,0.2,37.0,0.2,,,
2009-02-15,10400.0,0.4,2.9,1180.0,0.6,34.4,0.6,,,
2009-02-16,9510.0,0.0,1.4,1170.0,0.0,32.2,0.0,,,
2009-02-17,8630.0,0.0,0.7,1150.0,0.0,30.0,0.0,,,
2009-02-18,7840.0,5.8,1.6,1150.0,5.5,29.9,5.5,,,
2009-02-19,7320.0,0.7,6.0,1140.0,1.0,33.6,1.0,,,
2009-02-20,6540.0,0.0,-0.7,1140.0,0.0,31.6,0.0,,,
2009-02-21,6350.0,0.0,0.1,1120.0,0.0,26.9,0.0,,,
2009-02-22,6260.0,1.0,2.8,1110.0,0.7,26.6,0.7,,,
2009-02-23,5940.0,0.0,-0.1,1100.0,0.0,26.2,0.0,,,
2009-02-24,5670.0,0.0,-1.2,1060.0,0.0,21.0,0.0,,,
2009-02-25,5340.0,0.0,1.6,1020.0,0.0,19.0,0.0,,,
2009-02-26,5010.0,0.0,4.1,1010.0,0.0,24.2,0.0,,,
2009-02-27,4780.0,0.1,10.6,961.0,0.8,24.7,0.8,,,
2009-02-28,4900.0,0.3,6.8,977.0,0.2,25.8,0.2,,,
2009-03-01,4760.0,5.5,2.2,991.0,3.4,26.4,3.4,,,
2009-03-02,4770.0,11.7,-2.6,986.0,5.2,27.0,5.2,,,
2009-03-03,4810.0,0.0,-8.7,955.0,0.0,22.0,0.0,,,
2009-03-04,4540.0,0.0,-3.8,909.0,0.0,18.0,0.0,,,
2009-03-05,4290.0,0.0,0.5,885.0,0.0,23.3,0.0,,,
2009-03-06,4160.0,0.3,8.1,886.0,0.3,23.1,0.3,,,
2009-03-07,4060.0,0.0,14.9,870.0,0.0,23.8,0.0,,,
2009-03-08,4000.0,0.0,18.4,889.0,0.0,23.8,0.0,,,
2009-03-09,4070.0,0.0,16.2,870.0,0.0,23.5,0.0,,,
2009-03-10,3960.0,0.0,7.4,850.0,0.0,21.6,0.0,,,
2009-03-11,3920.0,0.3,12.2,860.0,0.0,20.5,0.0,,,
2009-03-12,3800.0,0.0,7.0,862.0,0.0,20.0,0.0,,,
2009-03-13,3700.0,0.2,4.8,824.0,0.0,19.0,0.0,,,
2009-03-14,3530.0,2.2,4.1,799.0,1.9,18.9,1.9,,,
2009-03-15,3500.0,5.8,4.6,825.0,3.0,20.5,3.0,,,
2009-03-16,3420.0,0.4,6.0,850.0,1.5,21.6,1.5,,,
2009-03-17,3550.0,3.3,7.0,898.0,1.7,29.3,1.7,,,
2009-03-18,3600.0,0.0,9.6,961.0,0.0,33.7,0.0,,,
2009-03-19,3590.0,2.2,10.7,1080.0,2.3,28.5,2.3,,,
2009-03-20,3780.0,0.0,6.2,1170.0,0.0,26.0,0.0,,,
2009-03-21,3960.0,0.0,3.5,1310.0,0.0,23.2,0.0,,,
2009-03-22,4000.0,0.0,6.3,1280.0,0.0,21.2,0.0,,,
2009-03-23,4050.0,0.0,6.3,1260.0,0.0,20.7,0.0,,,
2009-03-24,3890.0,0.0,3.5,1230.0,0.0,19.7,0.0,,,
2009-03-25,3700.0,0.0,4.5,1160.0,0.0,18.6,0.0,,,
2009-03-26,3760.0,8.3,6.8,1160.0,8.9,20.8,8.9,,,
2009-03-27,3910.0,0.9,11.0,1160.0,0.1,29.5,0.1,,,
2009-03-28,5920.0,22.1,10.3,1280.0,12.8,104.0,12.8,,,
2009-03-29,6890.0,8.9,14.4,1840.0,8.4,135.0,8.4,,,
2009-03-30,7950.0,0.0,10.0,1930.0,0.0,105.0,0.0,,,
2009-03-31,11500.0,0.0,8.1,2270.0,0.0,75.0,0.0,,,
2009-04-01,14300.0,6.6,10.2,2300.0,7.1,62.8,7.1,,,
2009-04-02,13000.0,1.5,11.9,2230.0,0.3,57.3,0.3,,,
2009-04-03,12500.0,16.3,15.5,2330.0,12.5,109.0,12.5,,,
2009-04-04,14500.0,0.0,12.3,2800.0,0.0,139.0,0.0,,,
2009-04-05,18600.0,0.0,12.0,6640.0,0.0,84.9,0.0,,,
2009-04-06,25500.0,7.6,14.7,6890.0,7.9,73.2,7.9,,,
2009-04-07,21600.0,0.0,6.8,5050.0,0.1,65.7,0.1,,,
2009-04-08,17400.0,0.0,6.6,3990.0,0.0,57.0,0.0,,,
2009-04-09,14600.0,0.0,9.1,3190.0,0.0,51.2,0.0,,,
2009-04-10,12300.0,0.2,11.8,2580.0,0.0,47.2,0.0,,,
2009-04-11,11300.0,23.4,12.2,2300.0,21.5,90.5,21.5,,,
2009-04-12,11500.0,0.0,7.9,2170.0,0.0,131.0,0.0,,,
2009-04-13,11100.0,0.0,7.1,1930.0,0.0,74.0,0.0,,,
2009-04-14,11800.0,7.1,8.3,1730.0,8.1,65.6,8.1,,,
2009-04-15,10900.0,8.6,7.7,1650.0,10.1,71.7,10.1,,,
2009-04-16,11100.0,2.2,9.2,1690.0,1.3,118.0,1.3,,,
2009-04-17,11700.0,0.0,12.1,1800.0,0.0,86.9,0.0,,,
2009-04-18,13200.0,0.0,15.1,2230.0,0.0,72.9,0.0,,,
2009-04-19,15600.0,0.0,15.3,2190.0,0.0,66.4,0.0,,,
2009-04-20,16200.0,22.7,11.8,2110.0,29.4,306.0,29.4,,,
2009-04-21,24200.0,13.4,14.6,2900.0,6.0,624.0,6.0,,,
2009-04-22,36800.0,0.5,11.0,5010.0,0.4,289.0,0.4,,,
2009-04-23,36300.0,0.6,10.9,6390.0,1.1,197.0,1.1,,,
2009-04-24,30400.0,0.0,13.7,5270.0,0.0,150.0,0.0,,,
2009-04-25,24600.0,0.0,21.6,4360.0,0.1,128.0,0.1,,,
2009-04-26,21100.0,0.2,23.8,3700.0,0.0,125.0,0.0,,,
2009-04-27,18100.0,0.0,24.1,3120.0,0.0,116.0,0.0,,,
2009-04-28,15400.0,0.0,24.2,2680.0,0.0,108.0,0.0,,,
2009-04-29,13400.0,4.8,17.0,2360.0,3.3,103.0,3.3,,,
2009-04-30,11800.0,0.2,13.1,2220.0,0.0,97.9,0.0,,,
2009-05-01,10700.0,8.6,18.4,2290.0,11.5,92.7,11.5,,,
2009-05-02,10900.0,1.2,18.4,2690.0,0.5,90.2,0.5,,,
2009-05-03,13900.0,20.8,15.2,2840.0,10.2,102.0,10.2,,,
2009-05-04,18400.0,24.9,12.4,3830.0,31.6,600.0,31.6,,,
2009-05-05,50800.0,4.7,13.4,10900.0,5.5,566.0,5.5,,,
2009-05-06,117000.0,3.6,15.1,15000.0,3.3,457.0,3.3,,,
2009-05-07,93500.0,30.0,19.8,12100.0,31.2,385.0,31.2,,,
2009-05-08,79300.0,0.0,19.7,13300.0,0.2,332.0,0.2,,,
2009-05-09,63000.0,2.0,23.3,10600.0,1.4,226.0,1.4,,,
2009-05-10,45400.0,0.0,19.2,7950.0,0.0,171.0,0.0,,,
2009-05-11,33800.0,0.2,14.6,6330.0,0.4,143.0,0.4,,,
2009-05-12,26600.0,0.3,14.3,5240.0,0.7,158.0,0.7,,,
2009-05-13,21400.0,0.0,15.8,4470.0,0.0,122.0,0.0,,,
2009-05-14,17900.0,0.7,18.4,3850.0,4.8,105.0,4.8,,,
2009-05-15,16200.0,5.9,20.8,3380.0,6.5,93.6,6.5,,,
2009-05-16,14700.0,5.2,21.6,3050.0,3.2,86.8,3.2,,,
2009-05-17,14600.0,15.8,17.7,3120.0,9.4,115.0,9.4,,,
2009-05-18,14600.0,0.0,13.7,5720.0,0.0,96.3,0.0,,,
2009-05-19,16800.0,0.0,13.3,5350.0,0.0,74.1,0.0,,,
2009-05-20,15000.0,0.0,15.9,4480.0,0.0,67.2,0.0,,,
2009-05-21,12800.0,0.0,17.6,3610.0,0.0,59.6,0.0,,,
2009-05-22,10900.0,0.0,20.4,3050.0,0.0,54.6,0.0,,,
2009-05-23,9600.0,0.4,22.9,2610.0,0.0,50.3,0.0,,,
2009-05-24,8630.0,0.0,23.2,2300.0,0.0,46.5,0.0,,,
2009-05-25,8130.0,4.6,22.9,2160.0,9.7,44.7,9.7,,,
2009-05-26,17600.0,10.6,18.5,2630.0,20.2,126.0,20.2,,,
2009-05-27,15600.0,0.2,18.0,3140.0,0.1,132.0,0.1,,,
2009-05-28,11900.0,4.3,21.1,3530.0,6.2,89.0,6.2,,,
2009-05-29,15400.0,20.0,21.9,4010.0,1.4,144.0,1.4,,,
2009-05-30,18100.0,0.0,20.2,3740.0,0.0,152.0,0.0,,,
2009-05-31,15800.0,0.4,20.9,4140.0,0.4,88.7,0.4,,,
2009-06-01,13700.0,0.0,18.3,3810.0,0.0,68.6,0.0,,,
2009-06-02,11000.0,0.0,22.9,3320.0,0.0,55.6,0.0,,,
2009-06-03,10200.0,6.3,23.9,2830.0,5.1,50.4,5.1,,,
2009-06-04,13000.0,12.7,17.5,2940.0,13.5,78.3,13.5,,,
2009-06-05,15200.0,31.8,15.4,4220.0,35.3,342.0,35.3,,,
2009-06-06,23100.0,0.7,18.1,6100.0,0.3,286.0,0.3,,,
2009-06-07,37300.0,0.0,20.9,5840.0,0.0,146.0,0.0,,,
2009-06-08,30300.0,0.0,23.5,5180.0,0.0,110.0,0.0,,,
2009-06-09,22500.0,8.9,24.8,4190.0,2.7,92.5,2.7,,,
2009-06-10,17700.0,2.3,22.8,3960.0,6.3,91.2,6.3,,,
2009-06-11,20500.0,6.1,23.5,5520.0,8.2,176.0,8.2,,,
2009-06-12,18600.0,5.3,24.1,5130.0,11.0,113.0,11.0,,,
2009-06-13,16300.0,0.2,23.8,3980.0,0.2,84.4,0.2,,,
2009-06-14,13400.0,0.2,22.6,3460.0,0.0,72.5,0.0,,,
2009-06-15,11300.0,0.0,22.8,3400.0,0.0,64.2,0.0,,,
2009-06-16,9670.0,7.6,21.7,2990.0,3.6,55.3,3.6,,,
2009-06-17,8580.0,3.8,18.9,2670.0,5.8,60.8,5.8,,,
2009-06-18,15100.0,9.7,21.6,3100.0,7.6,416.0,7.6,,,
2009-06-19,18800.0,0.0,22.4,3620.0,0.0,267.0,0.0,,,
2009-06-20,27400.0,6.4,24.5,3410.0,5.6,156.0,5.6,,,
2009-06-21,19700.0,0.9,23.8,3740.0,1.0,145.0,1.0,,,
2009-06-22,16100.0,0.0,23.5,3460.0,0.0,99.6,0.0,,,
2009-06-23,14700.0,0.0,23.3,2910.0,0.0,80.9,0.0,,,
2009-06-24,12800.0,0.0,24.3,2380.0,0.0,68.9,0.0,,,
2009-06-25,10500.0,0.0,25.8,2070.0,0.0,58.7,0.0,,,
2009-06-26,8600.0,2.0,25.3,1780.0,10.9,52.5,10.9,,,
2009-06-27,7510.0,0.0,24.6,1680.0,0.0,48.8,0.0,,,
2009-06-28,6740.0,1.0,23.3,1500.0,0.7,45.3,0.7,,,
2009-06-29,6170.0,0.2,24.5,1430.0,0.2,45.2,0.2,,,
2009-06-30,5540.0,0.2,24.6,1350.0,0.0,39.9,0.0,,,
2009-07-01,5140.0,0.8,24.6,1280.0,0.0,37.8,0.0,,,
2009-07-02,4980.0,3.6,23.0,1260.0,2.3,39.9,2.3,,,
2009-07-03,4690.0,0.1,22.4,1260.0,0.0,36.0,0.0,,,
2009-07-04,4490.0,0.0,23.3,1130.0,0.0,31.6,0.0,,,
2009-07-05,4190.0,2.7,22.0,1110.0,0.0,29.3,0.0,,,
2009-07-06,3880.0,0.0,23.1,1060.0,0.0,28.2,0.0,,,
2009-07-07,3650.0,0.0,24.9,1030.0,0.0,27.0,0.0,,,
2009-07-08,3400.0,0.0,24.1,982.0,0.0,24.1,0.0,,,
2009-07-09,3230.0,0.0,22.9,966.0,0.0,21.4,0.0,,,
2009-07-10,3060.0,0.0,22.7,947.0,0.0,20.8,0.0,,,
2009-07-11,2960.0,0.6,24.5,902.0,0.0,21.0,0.0,,,
2009-07-12,2900.0,5.0,26.4,923.0,1.7,21.3,1.7,,,
2009-07-13,2940.0,0.0,25.5,876.0,0.0,19.9,0.0,,,
2009-07-14,2730.0,0.0,24.2,825.0,0.0,18.3,0.0,,,
2009-07-15,2590.0,0.0,25.4,788.0,0.0,16.5,0.0,,,
2009-07-16,2410.0,0.0,28.4,775.0,0.0,15.4,0.0,,,
2009-07-17,2390.0,8.1,26.9,754.0,16.3,15.8,16.3,,,
2009-07-18,2420.0,0.6,22.9,811.0,0.0,23.0,0.0,,,
2009-07-19,2400.0,0.0,23.2,767.0,0.0,22.2,0.0,,,
2009-07-20,2410.0,0.2,23.8,746.0,2.5,17.0,2.5,,,
2009-07-21,2360.0,0.3,23.9,740.0,0.4,15.3,0.4,,,
2009-07-22,2290.0,0.3,25.1,764.0,0.2,14.0,0.2,,,
2009-07-23,2340.0,4.5,25.5,770.0,1.1,13.7,1.1,,,
2009-07-24,3600.0,0.4,24.4,814.0,0.4,15.7,0.4,,,
2009-07-25,3610.0,0.0,26.7,819.0,0.0,20.7,0.0,,,
2009-07-26,3720.0,2.9,28.2,806.0,7.2,24.9,7.2,,,
2009-07-27,3660.0,1.0,25.9,809.0,0.2,36.7,0.2,,,
2009-07-28,3380.0,0.3,26.4,791.0,0.0,25.7,0.0,,,
2009-07-29,3020.0,7.8,26.1,770.0,10.1,17.3,10.1,,,
2009-07-30,2940.0,8.0,25.3,767.0,1.1,20.8,1.1,,,
2009-07-31,3070.0,11.6,25.9,771.0,13.5,22.3,13.5,,,
2009-08-01,3710.0,0.9,25.3,772.0,0.1,28.3,0.1,,,
2009-08-02,4460.0,12.5,25.2,826.0,9.1,28.4,9.1,,,
2009-08-03,4720.0,0.0,25.3,853.0,0.0,31.3,0.0,,,
2009-08-04,5940.0,0.0,26.7,774.0,0.0,21.7,0.0,,,
2009-08-05,4900.0,0.0,26.2,758.0,0.2,15.8,0.2,,,
2009-08-06,4020.0,9.3,22.9,738.0,3.4,14.1,3.4,,,
2009-08-07,3330.0,0.0,22.6,850.0,0.0,13.4,0.0,,,
2009-08-08,3080.0,0.0,24.0,817.0,0.0,11.7,0.0,,,
2009-08-09,2950.0,0.1,27.7,761.0,0.0,13.5,0.0,,,
2009-08-10,2590.0,0.0,29.8,724.0,0.1,10.6,0.1,,,
2009-08-11,2350.0,3.3,29.1,715.0,1.9,9.41,1.9,,,
2009-08-12,2380.0,3.5,26.3,644.0,1.9,8.76,1.9,,,
2009-08-13,2250.0,9.0,24.2,614.0,5.7,9.43,5.7,,,
2009-08-14,2450.0,0.4,25.0,602.0,0.5,8.86,0.5,,,
2009-08-15,2140.0,0.0,25.5,586.0,0.0,7.37,0.0,,,
2009-08-16,1970.0,0.0,26.3,560.0,0.0,6.65,0.0,,,
2009-08-17,1860.0,0.0,26.9,530.0,0.0,6.21,0.0,,,
2009-08-18,1730.0,1.5,28.3,520.0,4.3,5.38,4.3,,,
2009-08-19,1640.0,4.9,27.1,820.0,5.4,5.5,5.4,,,
2009-08-20,1530.0,0.2,28.0,760.0,0.1,5.91,0.1,,,
2009-08-21,1900.0,4.8,28.0,660.0,0.5,15.1,0.5,,,
2009-08-22,5210.0,26.0,24.6,709.0,17.4,105.0,17.4,,,
2009-08-23,3880.0,3.6,24.0,694.0,1.5,33.1,1.5,,,
2009-08-24,2720.0,0.0,24.5,671.0,0.0,18.2,0.0,,,
2009-08-25,2350.0,0.0,24.5,625.0,0.0,11.7,0.0,,,
2009-08-26,2090.0,0.0,26.0,617.0,0.0,10.4,0.0,,,
2009-08-27,1930.0,0.1,26.0,591.0,0.1,8.86,0.1,,,
2009-08-28,2480.0,10.9,24.9,584.0,7.7,47.7,7.7,,,
2009-08-29,3080.0,5.6,24.9,589.0,2.2,36.7,2.2,,,
2009-08-30,4860.0,1.1,24.8,554.0,0.0,21.1,0.0,,,
2009-08-31,3560.0,0.0,21.6,535.0,0.0,13.6,0.0,,,
2009-09-01,2400.0,0.0,19.1,493.0,0.0,9.94,0.0,,,
2009-09-02,1960.0,0.0,19.1,486.0,0.0,8.35,0.0,,,
2009-09-03,1740.0,0.0,20.0,486.0,0.0,7.65,0.0,,,
2009-09-04,1600.0,0.0,21.7,477.0,0.0,6.67,0.0,,,
2009-09-05,1540.0,0.0,23.2,467.0,0.0,6.13,0.0,,,
2009-09-06,1460.0,0.0,23.1,454.0,0.0,6.05,0.0,,,
2009-09-07,1490.0,1.9,22.2,451.0,0.6,5.61,0.6,,,
2009-09-08,1470.0,0.7,21.2,452.0,1.6,7.79,1.6,,,
2009-09-09,1400.0,0.0,21.4,443.0,1.8,7.8,1.8,,,
2009-09-10,1340.0,0.0,20.4,423.0,0.1,6.61,0.1,,,
2009-09-11,1640.0,11.8,16.4,419.0,1.7,6.18,1.7,,,
2009-09-12,1600.0,0.5,17.8,436.0,0.7,6.16,0.7,,,
2009-09-13,1410.0,0.1,21.0,470.0,0.1,6.63,0.1,,,
2009-09-14,1550.0,0.0,21.7,471.0,0.0,6.1,0.0,,,
2009-09-15,1680.0,0.0,23.1,462.0,0.0,5.3,0.0,,,
2009-09-16,1610.0,0.1,21.7,452.0,0.5,4.96,0.5,,,
2009-09-17,1520.0,1.0,18.9,451.0,2.1,5.3,2.1,,,
2009-09-18,1940.0,0.1,20.7,444.0,0.0,7.04,0.0,,,
2009-09-19,1890.0,0.0,20.4,447.0,0.0,8.44,0.0,,,
2009-09-20,1630.0,0.0,18.1,445.0,0.0,6.18,0.0,,,
2009-09-21,1440.0,0.0,19.7,430.0,0.0,5.19,0.0,,,
2009-09-22,1350.0,0.4,21.0,426.0,2.3,4.52,2.3,,,
2009-09-23,1270.0,1.8,23.7,434.0,0.0,4.37,0.0,,,
2009-09-24,1190.0,0.0,25.3,441.0,0.0,4.29,0.0,,,
2009-09-25,1190.0,3.5,21.3,464.0,4.7,4.69,4.7,,,
2009-09-26,1370.0,7.6,17.7,426.0,13.3,5.87,13.3,,,
2009-09-27,2170.0,23.6,18.8,511.0,22.9,21.2,22.9,,,
2009-09-28,1900.0,0.2,19.4,564.0,0.5,20.5,0.5,,,
2009-09-29,1930.0,0.0,16.8,567.0,0.0,9.67,0.0,,,
2009-09-30,2220.0,1.5,15.4,701.0,1.4,8.09,1.4,,,
2009-10-01,2060.0,0.0,13.6,780.0,0.0,10.6,0.0,,,
2009-10-02,2090.0,0.0,16.3,639.0,0.0,8.42,0.0,,,
2009-10-03,2120.0,0.3,20.3,576.0,1.3,6.09,1.3,,,
2009-10-04,1930.0,0.0,16.9,539.0,0.0,5.26,0.0,,,
2009-10-05,1860.0,0.0,16.0,510.0,0.0,4.55,0.0,,,
2009-10-06,1690.0,0.0,15.2,467.0,0.0,4.33,0.0,,,
2009-10-07,1530.0,0.0,18.3,449.0,0.1,4.18,0.1,,,
2009-10-08,1440.0,0.0,15.2,442.0,0.0,3.68,0.0,,,
2009-10-09,1250.0,0.9,20.1,436.0,1.1,3.63,1.1,,,
2009-10-10,1300.0,2.2,20.5,439.0,1.9,5.45,1.9,,,
2009-10-11,1350.0,0.0,14.4,431.0,0.0,4.26,0.0,,,
2009-10-12,1300.0,0.0,12.5,425.0,0.0,4.26,0.0,,,
2009-10-13,1240.0,0.0,14.2,421.0,0.0,4.62,0.0,,,
2009-10-14,1330.0,0.4,10.8,434.0,0.7,4.67,0.7,,,
2009-10-15,1600.0,15.8,8.4,464.0,15.7,7.26,15.7,,,
2009-10-16,2730.0,5.9,5.6,532.0,6.3,30.2,6.3,,,
2009-10-17,3500.0,26.9,5.5,586.0,19.0,35.7,19.0,,,
2009-10-18,4500.0,13.3,6.6,641.0,11.7,88.7,11.7,,,
2009-10-19,7330.0,0.0,9.0,600.0,0.0,50.4,0.0,,,
2009-10-20,5600.0,0.0,10.6,584.0,0.0,25.5,0.0,,,
2009-10-21,3940.0,0.0,14.9,560.0,0.0,17.5,0.0,,,
2009-10-22,3290.0,0.0,16.0,509.0,0.0,13.9,0.0,,,
2009-10-23,2950.0,0.6,15.3,500.0,4.4,12.0,4.4,,,
2009-10-24,3140.0,20.7,19.5,506.0,21.6,20.9,21.6,,,
2009-10-25,5170.0,0.2,13.7,515.0,0.0,43.7,0.0,,,
2009-10-26,5760.0,0.0,11.0,515.0,0.0,30.2,0.0,,,
2009-10-27,6470.0,7.7,12.4,500.0,8.9,29.6,8.9,,,
2009-10-28,10800.0,24.0,15.6,598.0,22.5,217.0,22.5,,,
2009-10-29,13800.0,0.0,14.9,688.0,0.0,104.0,0.0,,,
2009-10-30,9960.0,0.0,13.7,685.0,0.0,55.7,0.0,,,
2009-10-31,8220.0,0.8,17.1,725.0,1.3,39.7,1.3,,,
2009-11-01,8300.0,29.4,11.8,989.0,18.2,52.0,18.2,,,
2009-11-02,8200.0,0.0,12.2,832.0,0.0,71.1,0.0,,,
2009-11-03,6900.0,0.0,11.1,790.0,0.0,45.2,0.0,,,
2009-11-04,5470.0,1.0,8.1,865.0,0.0,35.2,0.0,,,
2009-11-05,4890.0,0.1,8.1,1120.0,0.2,30.6,0.2,,,
2009-11-06,4650.0,0.0,7.1,933.0,0.0,27.4,0.0,,,
2009-11-07,4280.0,0.0,6.9,888.0,0.0,24.8,0.0,,,
2009-11-08,3900.0,0.0,12.6,788.0,0.0,23.3,0.0,,,
2009-11-09,3640.0,0.0,13.3,712.0,0.0,21.8,0.0,,,
2009-11-10,3390.0,0.0,14.1,675.0,0.0,21.2,0.0,,,
2009-11-11,3530.0,25.4,10.3,728.0,17.4,24.8,17.4,,,
2009-11-12,4670.0,24.2,6.9,800.0,16.5,72.1,16.5,,,
2009-11-13,5020.0,7.9,9.7,1030.0,2.6,64.5,2.6,,,
2009-11-14,4990.0,0.7,13.2,2820.0,0.2,54.3,0.2,,,
2009-11-15,5310.0,0.0,14.5,5010.0,0.0,50.7,0.0,,,
2009-11-16,7930.0,0.0,14.5,4050.0,0.0,41.4,0.0,,,
2009-11-17,8050.0,0.0,10.2,3020.0,0.0,35.8,0.0,,,
2009-11-18,6850.0,0.0,9.9,2380.0,0.0,31.9,0.0,,,
2009-11-19,6020.0,15.6,13.0,2020.0,20.7,31.8,20.7,,,
2009-11-20,6280.0,8.8,12.7,2080.0,2.9,59.2,2.9,,,
2009-11-21,6000.0,0.0,8.6,3880.0,0.0,51.1,0.0,,,
2009-11-22,7500.0,0.0,8.8,4290.0,0.0,40.2,0.0,,,
2009-11-23,9080.0,4.3,8.9,3520.0,3.8,36.7,3.8,,,
2009-11-24,10500.0,11.9,8.9,3070.0,8.8,131.0,8.8,,,
2009-11-25,10500.0,2.7,10.7,2780.0,1.0,111.0,1.0,,,
2009-11-26,10200.0,0.0,8.2,2650.0,0.5,80.3,0.5,,,
2009-11-27,9370.0,4.2,7.2,2450.0,5.1,69.9,5.1,,,
2009-11-28,9000.0,0.0,6.3,2210.0,0.0,61.2,0.0,,,
2009-11-29,8360.0,0.0,7.9,1990.0,0.0,51.9,0.0,,,
2009-11-30,7530.0,8.4,10.5,1830.0,7.1,49.4,7.1,,,
2009-12-01,6940.0,0.3,6.1,1670.0,0.0,47.1,0.0,,,
2009-12-02,6350.0,5.0,6.4,1600.0,5.5,45.1,5.5,,,
2009-12-03,7330.0,16.0,14.0,1730.0,25.6,177.0,25.6,,,
2009-12-04,11000.0,0.0,7.0,2090.0,0.0,119.0,0.0,,,
2009-12-05,11300.0,11.1,5.4,4350.0,9.6,91.0,9.6,,,
2009-12-06,14000.0,0.6,-0.0,4640.0,0.2,95.6,0.2,,,
2009-12-07,14400.0,0.0,1.4,3850.0,0.0,80.8,0.0,,,
2009-12-08,12500.0,0.0,2.6,3270.0,0.0,76.5,0.0,,,
2009-12-09,20600.0,22.7,6.8,4030.0,31.0,1070.0,31.0,,,
2009-12-10,34800.0,0.0,5.4,11200.0,0.0,411.0,0.0,,,
2009-12-11,57700.0,0.0,-0.8,15200.0,0.0,188.0,0.0,,,
2009-12-12,46900.0,0.0,-0.1,9420.0,0.0,135.0,0.0,,,
2009-12-13,31600.0,15.1,2.2,6570.0,13.4,157.0,13.4,,,
2009-12-14,26200.0,0.0,6.3,5500.0,0.0,206.0,0.0,,,
2009-12-15,23100.0,0.0,8.8,5090.0,0.0,142.0,0.0,,,
2009-12-16,21600.0,0.0,3.2,4770.0,0.0,113.0,0.0,,,
2009-12-17,21000.0,0.0,-0.2,4310.0,0.0,101.0,0.0,,,
2009-12-18,19000.0,0.0,-1.0,3890.0,0.0,91.9,0.0,,,
2009-12-19,17400.0,40.7,-2.9,3750.0,33.1,90.6,33.1,,,
2009-12-20,16000.0,3.7,-2.6,3560.0,2.8,186.0,2.8,,,
2009-12-21,14700.0,0.0,-2.6,3400.0,0.0,145.0,0.0,,,
2009-12-22,13800.0,0.0,-2.5,3020.0,0.0,109.0,0.0,,,
2009-12-23,12500.0,0.0,-3.5,2780.0,0.0,79.4,0.0,,,
2009-12-24,11200.0,0.0,-5.5,2570.0,0.0,65.0,0.0,,,
2009-12-25,10300.0,5.4,-0.4,2470.0,6.8,75.5,6.8,,,
2009-12-26,26400.0,30.2,8.4,4330.0,20.8,1940.0,20.8,,,
2009-12-27,56100.0,0.0,4.4,11000.0,0.0,913.0,0.0,,,
2009-12-28,67300.0,0.0,0.4,13100.0,0.0,453.0,0.0,,,
2009-12-29,47100.0,0.0,-1.4,9730.0,0.0,295.0,0.0,,,
2009-12-30,34200.0,0.0,-2.5,7490.0,0.0,213.0,0.0,,,
2009-12-31,26300.0,6.7,-0.3,6000.0,6.8,191.0,6.8,,,
2010-01-01,22100.0,1.5,2.0,5110.0,0.9,183.0,0.9,,,
2010-01-02,19200.0,0.0,-2.4,4590.0,0.0,166.0,0.0,,,
2010-01-03,16100.0,0.0,-6.2,4180.0,0.0,80.0,0.0,,,
2010-01-04,14600.0,0.0,-3.3,3860.0,0.0,95.0,0.0,,,
2010-01-05,13400.0,0.0,-1.8,3760.0,0.0,90.0,0.0,,,
2010-01-06,12300.0,0.0,-0.3,3330.0,0.0,86.9,0.0,,,
2010-01-07,10800.0,0.0,-0.2,2920.0,0.0,80.8,0.0,,,
2010-01-08,10400.0,0.8,-1.3,2730.0,0.7,77.2,0.7,,,
2010-01-09,9030.0,0.0,-3.1,2480.0,0.0,73.4,0.0,,,
2010-01-10,9090.0,0.0,-3.6,2350.0,0.0,66.8,0.0,,,
2010-01-11,8290.0,0.0,-2.6,2210.0,0.0,61.7,0.0,,,
2010-01-12,7730.0,0.0,-1.3,2200.0,0.0,61.0,0.0,,,
2010-01-13,6980.0,0.0,-0.1,2110.0,0.0,58.5,0.0,,,
2010-01-14,7070.0,0.0,1.7,2040.0,0.0,58.6,0.0,,,
2010-01-15,6770.0,0.0,3.1,1910.0,0.0,56.8,0.0,,,
2010-01-16,6760.0,0.0,4.7,1800.0,0.0,56.2,0.0,,,
2010-01-17,7240.0,18.3,4.4,1830.0,15.8,116.0,15.8,,,
2010-01-18,10400.0,0.2,6.5,2360.0,0.1,247.0,0.1,,,
2010-01-19,21800.0,0.0,5.5,4250.0,0.0,175.0,0.0,,,
2010-01-20,34800.0,0.4,4.3,5710.0,0.4,156.0,0.4,,,
2010-01-21,30500.0,0.0,1.8,5290.0,0.0,141.0,0.0,,,
2010-01-22,26200.0,10.9,2.1,5170.0,10.9,144.0,10.9,,,
2010-01-23,24000.0,0.0,1.7,5240.0,0.0,149.0,0.0,,,
2010-01-24,22800.0,3.3,3.8,5390.0,4.9,119.0,4.9,,,
2010-01-25,28800.0,31.0,13.4,11100.0,43.7,1020.0,43.7,,,
2010-01-26,103000.0,0.0,5.4,40600.0,0.1,474.0,0.1,,,
2010-01-27,147000.0,0.0,2.1,34000.0,0.0,317.0,0.0,,,
2010-01-28,82400.0,0.0,2.7,16300.0,0.0,229.0,0.0,,,
2010-01-29,50600.0,0.0,-3.2,11600.0,0.0,168.0,0.0,,,
2010-01-30,37100.0,8.1,-5.6,8710.0,5.8,138.0,5.8,,,
2010-01-31,28600.0,0.5,-7.3,7120.0,0.1,115.0,0.1,,,
2010-02-01,23300.0,0.0,-5.4,6140.0,0.0,120.0,0.0,,,
2010-02-02,20500.0,0.7,-1.7,5410.0,1.2,109.0,1.2,,,
2010-02-03,19000.0,7.8,0.6,4890.0,6.3,105.0,6.3,,,
2010-02-04,17700.0,0.0,-1.2,4500.0,0.0,96.5,0.0,,,
2010-02-05,16300.0,7.1,-0.1,4230.0,8.2,93.0,8.2,,,
2010-02-06,15900.0,52.5,-1.5,4320.0,49.5,75.0,49.5,,,
2010-02-07,14600.0,0.0,-6.1,4140.0,0.0,201.0,0.0,,,
2010-02-08,13400.0,0.0,-5.5,4260.0,0.0,156.0,0.0,,,
2010-02-09,12800.0,0.9,-5.0,3800.0,1.4,125.0,1.4,,,
2010-02-10,12700.0,19.5,-2.4,3600.0,15.9,108.0,15.9,,,
2010-02-11,11900.0,0.3,-1.5,3590.0,0.6,136.0,0.6,,,
2010-02-12,12500.0,0.0,-2.0,3350.0,0.0,111.0,0.0,,,
2010-02-13,11500.0,0.0,-2.4,3240.0,0.0,95.5,0.0,,,
2010-02-14,11300.0,0.0,-3.0,3120.0,0.0,86.5,0.0,,,
2010-02-15,11000.0,2.2,-2.9,3040.0,2.8,75.0,2.8,,,
2010-02-16,10800.0,0.2,-1.4,3010.0,0.2,82.5,0.2,,,
2010-02-17,10300.0,0.0,-3.4,2970.0,0.2,78.1,0.2,,,
2010-02-18,10200.0,0.0,0.7,2910.0,0.0,77.4,0.0,,,
2010-02-19,10600.0,0.0,1.6,2890.0,0.0,85.2,0.0,,,
2010-02-20,11100.0,0.0,1.3,3020.0,0.0,101.0,0.0,,,
2010-02-21,11900.0,0.0,1.5,3230.0,0.0,107.0,0.0,,,
2010-02-22,12800.0,1.3,2.6,3470.0,3.1,137.0,3.1,,,
2010-02-23,14500.0,1.0,3.3,4140.0,0.6,184.0,0.6,,,
2010-02-24,18400.0,0.0,2.2,5580.0,0.0,299.0,0.0,,,
2010-02-25,23000.0,0.8,2.0,6850.0,0.1,311.0,0.1,,,
2010-02-26,26900.0,0.3,-0.9,7220.0,0.3,256.0,0.3,,,
2010-02-27,26600.0,0.2,1.0,6480.0,0.1,210.0,0.1,,,
2010-02-28,23500.0,0.3,1.7,5740.0,0.0,219.0,0.0,,,
2010-03-01,21800.0,0.0,3.4,5340.0,0.0,276.0,0.0,,,
2010-03-02,22300.0,1.4,1.8,5320.0,1.2,372.0,1.2,,,
2010-03-03,23000.0,3.9,2.9,5630.0,3.3,365.0,3.3,,,
2010-03-04,24100.0,0.0,3.1,5810.0,0.0,408.0,0.0,,,
2010-03-05,24600.0,0.0,2.9,5560.0,0.0,323.0,0.0,,,
2010-03-06,24000.0,0.0,3.9,5350.0,0.0,279.0,0.0,,,
2010-03-07,23600.0,0.0,5.6,5150.0,0.0,246.0,0.0,,,
2010-03-08,23000.0,0.0,6.0,5020.0,0.0,225.0,0.0,,,
2010-03-09,23000.0,0.0,8.0,5070.0,0.0,207.0,0.0,,,
2010-03-10,24200.0,0.0,9.3,5360.0,0.0,191.0,0.0,,,
2010-03-11,26500.0,0.0,12.4,5970.0,0.0,181.0,0.0,,,
2010-03-12,33700.0,27.9,10.5,9090.0,30.2,740.0,30.2,,,
2010-03-13,83100.0,32.8,10.6,26700.0,31.2,1830.0,31.2,,,
2010-03-14,167000.0,7.8,9.6,45500.0,10.8,1530.0,10.8,,,
2010-03-15,192000.0,1.0,8.2,37200.0,0.8,888.0,0.8,,,
2010-03-16,131000.0,0.3,9.9,20700.0,0.1,553.0,0.1,,,
2010-03-17,76500.0,0.0,9.5,14700.0,0.0,403.0,0.0,,,
2010-03-18,57400.0,0.0,11.0,11100.0,0.0,326.0,0.0,,,
2010-03-19,46000.0,0.0,12.5,9150.0,0.0,272.0,0.0,,,
2010-03-20,37900.0,0.0,13.8,7750.0,0.0,218.0,0.0,,,
2010-03-21,31300.0,0.0,15.0,6690.0,0.0,188.0,0.0,,,
2010-03-22,28200.0,12.4,14.9,5930.0,15.2,188.0,15.2,,,
2010-03-23,26300.0,2.8,10.1,5690.0,3.6,214.0,3.6,,,
2010-03-24,25000.0,0.0,11.6,5960.0,0.0,182.0,0.0,,,
2010-03-25,25900.0,0.6,13.1,5330.0,0.3,159.0,0.3,,,
2010-03-26,23600.0,14.2,9.6,5020.0,9.9,192.0,9.9,,,
2010-03-27,21000.0,0.0,4.8,4880.0,0.0,169.0,0.0,,,
2010-03-28,19700.0,3.0,7.7,4820.0,5.4,168.0,5.4,,,
2010-03-29,25400.0,9.5,12.0,11200.0,6.6,942.0,6.6,,,
2010-03-30,56200.0,1.7,9.8,17900.0,0.1,384.0,0.1,,,
2010-03-31,57700.0,0.8,12.2,14000.0,0.2,272.0,0.2,,,
2010-04-01,41900.0,0.0,14.4,11000.0,0.0,224.0,0.0,,,
2010-04-02,32200.0,0.0,14.9,8670.0,0.0,199.0,0.0,,,
2010-04-03,26200.0,0.0,15.0,7250.0,0.0,172.0,0.0,,,
2010-04-04,22600.0,0.0,17.6,6260.0,0.0,155.0,0.0,,,
2010-04-05,19600.0,0.0,18.3,5520.0,0.0,141.0,0.0,,,
2010-04-06,17500.0,0.0,22.6,4970.0,0.0,132.0,0.0,,,
2010-04-07,15900.0,0.0,24.5,4560.0,0.0,122.0,0.0,,,
2010-04-08,14600.0,0.0,23.9,4240.0,0.2,112.0,0.2,,,
2010-04-09,14100.0,11.0,13.9,4000.0,11.7,123.0,11.7,,,
2010-04-10,13100.0,0.0,10.7,3750.0,0.0,107.0,0.0,,,
2010-04-11,12300.0,0.0,14.7,3630.0,0.0,94.3,0.0,,,
2010-04-12,11500.0,0.0,16.1,3330.0,0.0,92.8,0.0,,,
2010-04-13,10900.0,3.2,11.3,3100.0,3.7,82.3,3.7,,,
2010-04-14,10500.0,0.3,9.6,2930.0,0.3,84.8,0.3,,,
2010-04-15,9800.0,0.0,13.5,2790.0,0.0,78.6,0.0,,,
2010-04-16,9270.0,0.0,20.1,2650.0,0.0,74.5,0.0,,,
2010-04-17,8910.0,0.1,16.5,2550.0,1.9,69.7,1.9,,,
2010-04-18,9040.0,0.0,9.4,2430.0,0.0,63.0,0.0,,,
2010-04-19,8360.0,0.0,12.0,2330.0,0.0,60.9,0.0,,,
2010-04-20,8090.0,0.0,13.8,2240.0,0.0,59.3,0.0,,,
2010-04-21,7860.0,8.5,12.2,2170.0,6.0,62.4,6.0,,,
2010-04-22,7850.0,0.0,14.3,2160.0,0.0,70.6,0.0,,,
2010-04-23,7550.0,0.0,15.4,2100.0,0.0,63.0,0.0,,,
2010-04-24,7170.0,1.0,13.4,2030.0,2.5,57.1,2.5,,,
2010-04-25,7050.0,11.1,16.4,2070.0,13.5,70.0,13.5,,,
2010-04-26,9140.0,18.9,14.4,2540.0,23.0,176.0,23.0,,,
2010-04-27,11100.0,8.5,14.0,2700.0,2.3,154.0,2.3,,,
2010-04-28,12000.0,0.0,10.0,2370.0,0.0,87.7,0.0,,,
2010-04-29,11700.0,0.0,12.2,2070.0,0.0,68.8,0.0,,,
2010-04-30,9750.0,0.0,17.2,1890.0,0.0,62.0,0.0,,,
2010-05-01,8410.0,0.0,22.5,1870.0,0.0,57.4,0.0,,,
2010-05-02,7780.0,0.4,25.6,1720.0,0.6,65.9,0.6,,,
2010-05-03,7680.0,4.7,25.4,1730.0,8.1,62.6,8.1,,,
2010-05-04,7880.0,0.5,23.0,1820.0,0.0,63.9,0.0,,,
2010-05-05,12500.0,0.0,21.4,1680.0,0.0,49.5,0.0,,,
2010-05-06,12300.0,0.0,22.4,1600.0,0.0,44.6,0.0,,,
2010-05-07,10000.0,0.0,19.5,1510.0,0.0,39.6,0.0,,,
2010-05-08,8670.0,0.0,22.0,1400.0,0.4,37.6,0.4,,,
2010-05-09,7490.0,0.0,13.2,1340.0,0.0,35.3,0.0,,,
2010-05-10,6710.0,0.0,11.6,1290.0,0.0,33.2,0.0,,,
2010-05-11,6180.0,3.4,10.8,1270.0,4.4,33.6,4.4,,,
2010-05-12,6260.0,3.2,17.5,1280.0,4.6,42.7,4.6,,,
2010-05-13,6680.0,3.1,13.8,1370.0,3.3,56.4,3.3,,,
2010-05-14,6660.0,0.0,21.0,1360.0,0.0,46.7,0.0,,,
2010-05-15,6920.0,0.0,22.5,1430.0,0.0,39.2,0.0,,,
2010-05-16,6530.0,0.0,18.8,1390.0,0.9,33.4,0.9,,,
2010-05-17,6310.0,6.7,16.3,1350.0,7.7,34.9,7.7,,,
2010-05-18,6530.0,2.9,12.8,1440.0,3.2,51.8,3.2,,,
2010-05-19,6390.0,0.0,13.9,1510.0,1.1,52.9,1.1,,,
2010-05-20,8210.0,0.0,18.6,1460.0,0.0,41.6,0.0,,,
2010-05-21,10400.0,0.0,21.8,1550.0,0.0,35.4,0.0,,,
2010-05-22,10200.0,1.2,21.4,1460.0,1.0,31.8,1.0,,,
2010-05-23,16800.0,15.1,19.6,1800.0,11.1,500.0,11.1,,,
2010-05-24,20700.0,0.1,20.5,1580.0,0.8,304.0,0.8,,,
2010-05-25,24500.0,0.0,21.2,1490.0,0.1,139.0,0.1,,,
2010-05-26,16000.0,0.0,23.9,1650.0,0.0,91.7,0.0,,,
2010-05-27,12700.0,3.8,26.7,1570.0,2.5,72.8,2.5,,,
2010-05-28,11500.0,14.3,20.2,1710.0,14.8,62.6,14.8,,,
2010-05-29,10400.0,1.0,21.3,1720.0,1.6,63.2,1.6,,,
2010-05-30,9080.0,0.0,25.0,1510.0,0.0,53.9,0.0,,,
2010-05-31,9570.0,0.1,26.7,1880.0,1.6,46.1,1.6,,,
2010-06-01,10400.0,9.4,25.9,2320.0,5.2,48.1,5.2,,,
2010-06-02,9070.0,0.0,25.4,1930.0,0.0,36.0,0.0,,,
2010-06-03,7590.0,1.6,26.6,1620.0,2.7,36.2,2.7,,,
2010-06-04,7150.0,0.3,26.9,1480.0,0.7,58.9,0.7,,,
2010-06-05,6950.0,1.7,27.0,1400.0,9.5,44.3,9.5,,,
2010-06-06,6240.0,14.6,27.5,1730.0,9.6,38.0,9.6,,,
2010-06-07,6210.0,0.0,21.3,2790.0,0.5,60.4,0.5,,,
2010-06-08,6730.0,0.0,20.2,1980.0,0.0,43.4,0.0,,,
2010-06-09,6180.0,12.6,18.7,1690.0,9.9,34.1,9.9,,,
2010-06-10,7010.0,0.0,24.2,1410.0,0.0,39.8,0.0,,,
2010-06-11,6770.0,0.0,23.4,1330.0,0.0,32.6,0.0,,,
2010-06-12,5820.0,2.4,25.6,1200.0,2.3,27.6,2.3,,,
2010-06-13,5250.0,6.1,27.4,1170.0,0.0,31.4,0.0,,,
2010-06-14,5060.0,0.2,27.1,1060.0,0.0,29.2,0.0,,,
2010-06-15,4820.0,1.1,24.7,1080.0,4.1,25.5,4.1,,,
2010-06-16,4670.0,4.8,23.6,1000.0,6.4,26.3,6.4,,,
2010-06-17,4340.0,2.3,25.3,1020.0,0.5,25.9,0.5,,,
2010-06-18,3980.0,0.0,23.7,989.0,0.0,22.4,0.0,,,
2010-06-19,3630.0,0.0,25.7,1020.0,0.0,19.3,0.0,,,
2010-06-20,3460.0,0.0,28.6,984.0,0.0,17.8,0.0,,,
2010-06-21,3330.0,0.0,28.1,920.0,0.0,17.1,0.0,,,
2010-06-22,3060.0,1.2,29.3,875.0,0.6,16.1,0.6,,,
2010-06-23,2820.0,0.0,29.5,836.0,0.0,14.0,0.0,,,
2010-06-24,2650.0,2.1,30.6,796.0,1.5,12.8,1.5,,,
2010-06-25,2450.0,0.0,28.6,763.0,0.0,11.6,0.0,,,
2010-06-26,2340.0,0.0,28.8,723.0,0.0,10.6,0.0,,,
2010-06-27,2110.0,0.0,30.2,719.0,0.3,10.3,0.3,,,
2010-06-28,2420.0,5.2,30.3,699.0,7.3,10.5,7.3,,,
2010-06-29,2730.0,0.2,28.8,689.0,0.0,13.3,0.0,,,
2010-06-30,2110.0,0.0,25.1,659.0,0.0,12.4,0.0,,,
2010-07-01,1980.0,0.0,22.8,643.0,0.0,9.78,0.0,,,
2010-07-02,1820.0,0.0,22.4,625.0,0.0,8.47,0.0,,,
2010-07-03,1820.0,0.0,24.1,570.0,0.0,7.76,0.0,,,
2010-07-04,1770.0,0.0,27.2,565.0,0.0,7.68,0.0,,,
2010-07-05,1600.0,0.0,29.7,567.0,0.0,7.48,0.0,,,
2010-07-06,1520.0,0.0,32.0,548.0,0.0,7.07,0.0,,,
2010-07-07,1380.0,0.0,32.7,539.0,0.0,6.26,0.0,,,
2010-07-08,1330.0,0.0,31.4,515.0,0.0,5.82,0.0,,,
2010-07-09,1370.0,0.3,28.5,513.0,0.0,7.24,0.0,,,
2010-07-10,1720.0,7.1,26.3,590.0,6.7,12.1,6.7,,,
2010-07-11,1920.0,0.0,26.7,736.0,0.0,15.9,0.0,,,
2010-07-12,1790.0,2.0,26.8,833.0,3.1,11.6,3.1,,,
2010-07-13,2850.0,1.7,26.3,916.0,0.5,9.17,0.5,,,
2010-07-14,3670.0,8.0,25.8,949.0,16.9,13.1,16.9,,,
2010-07-15,2790.0,0.0,28.0,923.0,0.0,17.8,0.0,,,
2010-07-16,2400.0,0.0,30.0,1060.0,0.0,12.1,0.0,,,
2010-07-17,2970.0,0.2,30.0,1120.0,0.0,9.51,0.0,,,
2010-07-18,3140.0,0.0,29.8,886.0,0.0,8.11,0.0,,,
2010-07-19,3170.0,3.3,30.0,778.0,0.0,6.87,0.0,,,
2010-07-20,2570.0,3.3,29.4,707.0,0.6,7.61,0.6,,,
2010-07-21,2070.0,0.9,28.3,666.0,0.9,13.6,0.9,,,
2010-07-22,1650.0,0.0,30.3,633.0,0.0,8.68,0.0,,,
2010-07-23,1530.0,0.0,31.0,660.0,0.0,6.16,0.0,,,
2010-07-24,1390.0,0.0,33.6,651.0,0.0,4.76,0.0,,,
2010-07-25,1480.0,10.2,32.4,630.0,4.9,4.8,4.9,,,
2010-07-26,1690.0,0.0,27.5,608.0,0.0,8.4,0.0,,,
2010-07-27,1390.0,0.0,27.4,579.0,0.6,6.46,0.6,,,
2010-07-28,1310.0,0.0,28.5,532.0,0.0,6.82,0.0,,,
2010-07-29,1390.0,6.5,29.2,530.0,0.1,4.92,0.1,,,
2010-07-30,1630.0,0.0,25.6,502.0,0.0,3.5,0.0,,,
2010-07-31,1340.0,0.4,24.8,497.0,0.0,2.47,0.0,,,
2010-08-01,1230.0,5.4,23.9,476.0,6.4,2.0,6.4,,,
2010-08-02,1120.0,0.9,24.2,478.0,0.4,1.68,0.4,,,
2010-08-03,1000.0,0.0,26.0,531.0,0.0,1.58,0.0,,,
2010-08-04,1170.0,5.9,27.9,550.0,3.9,3.09,3.9,,,
2010-08-05,1490.0,5.2,29.1,557.0,7.0,2.28,7.0,,,
2010-08-06,1770.0,1.7,27.8,673.0,0.3,3.22,0.3,,,
2010-08-07,1440.0,0.0,26.1,644.0,0.0,3.39,0.0,,,
2010-08-08,1420.0,0.0,26.9,627.0,0.0,3.75,0.0,,,
2010-08-09,1330.0,0.0,28.2,701.0,0.0,2.8,0.0,,,
2010-08-10,1080.0,0.2,30.3,594.0,0.0,2.06,0.0,,,
2010-08-11,1190.0,0.0,31.2,562.0,0.0,1.63,0.0,,,
2010-08-12,2120.0,20.4,27.9,545.0,13.7,3.78,13.7,,,
2010-08-13,2670.0,15.5,24.1,560.0,3.2,19.7,3.2,,,
2010-08-14,3690.0,0.0,24.1,564.0,0.0,14.3,0.0,,,
2010-08-15,2990.0,4.4,24.0,534.0,7.8,12.0,7.8,,,
2010-08-16,2330.0,9.6,27.0,532.0,8.6,11.7,8.6,,,
2010-08-17,1770.0,3.8,27.2,566.0,0.0,8.83,0.0,,,
2010-08-18,5360.0,32.2,24.0,586.0,11.8,19.9,11.8,,,
2010-08-19,3170.0,0.2,23.9,659.0,0.0,45.9,0.0,,,
2010-08-20,2130.0,0.0,26.3,604.0,0.0,17.2,0.0,,,
2010-08-21,1710.0,0.0,26.6,618.0,0.0,9.48,0.0,,,
2010-08-22,1530.0,2.2,26.6,617.0,3.4,7.43,3.4,,,
2010-08-23,1370.0,0.4,25.0,555.0,0.1,13.1,0.1,,,
2010-08-24,1260.0,2.0,21.8,546.0,2.6,7.33,2.6,,,
2010-08-25,1260.0,0.0,22.4,525.0,0.0,5.15,0.0,,,
2010-08-26,1100.0,0.0,24.2,521.0,0.0,4.35,0.0,,,
2010-08-27,1120.0,0.0,22.6,511.0,0.0,3.74,0.0,,,
2010-08-28,1100.0,0.0,23.7,584.0,0.0,2.81,0.0,,,
2010-08-29,1250.0,0.0,25.4,722.0,0.0,2.24,0.0,,,
2010-08-30,1140.0,0.0,27.6,604.0,0.0,1.93,0.0,,,
2010-08-31,1270.0,0.0,27.6,574.0,0.0,1.7,0.0,,,
2010-09-01,1150.0,0.0,28.9,544.0,0.0,1.45,0.0,,,
2010-09-02,1020.0,0.0,28.8,498.0,0.0,1.15,0.0,,,
2010-09-03,1100.0,0.0,27.7,459.0,0.0,1.06,0.0,,,
2010-09-04,1260.0,0.0,25.6,449.0,0.0,0.98,0.0,,,
2010-09-05,1040.0,0.0,21.5,416.0,0.0,0.87,0.0,,,
2010-09-06,834.0,0.0,22.7,411.0,0.0,0.77,0.0,,,
2010-09-07,586.0,0.0,25.2,409.0,0.0,0.6,0.0,,,
2010-09-08,569.0,0.0,28.1,401.0,0.0,0.56,0.0,,,
2010-09-09,405.0,0.0,22.4,399.0,0.0,0.53,0.0,,,
2010-09-10,449.0,0.0,19.9,386.0,0.0,0.53,0.0,,,
2010-09-11,519.0,0.0,20.7,375.0,0.0,0.49,0.0,,,
2010-09-12,706.0,12.0,19.7,413.0,10.5,0.72,10.5,,,
2010-09-13,867.0,0.0,20.8,411.0,0.0,0.98,0.0,,,
2010-09-14,759.0,0.0,22.8,413.0,0.0,1.52,0.0,,,
2010-09-15,721.0,0.0,21.4,408.0,0.0,1.37,0.0,,,
2010-09-16,677.0,2.2,22.9,403.0,7.0,1.57,7.0,,,
2010-09-17,780.0,8.5,21.8,420.0,8.7,2.04,8.7,,,
2010-09-18,991.0,0.0,19.4,410.0,0.0,2.04,0.0,,,
2010-09-19,1080.0,0.0,21.7,424.0,0.0,1.95,0.0,,,
2010-09-20,1020.0,0.0,21.7,427.0,0.0,1.92,0.0,,,
2010-09-21,965.0,0.0,19.7,406.0,0.0,1.58,0.0,,,
2010-09-22,990.0,0.8,24.6,397.0,1.0,1.48,1.0,,,
2010-09-23,1010.0,0.0,25.6,398.0,0.0,1.42,0.0,,,
2010-09-24,926.0,0.0,28.1,396.0,0.0,1.36,0.0,,,
2010-09-25,769.0,0.0,28.1,382.0,0.0,1.79,0.0,,,
2010-09-26,767.0,0.4,21.6,380.0,0.2,3.0,0.2,,,
2010-09-27,1360.0,37.8,20.3,417.0,44.3,3.18,44.3,,,
2010-09-28,1180.0,11.3,22.8,488.0,10.1,3.91,10.1,,,
2010-09-29,1280.0,9.4,18.4,553.0,2.5,15.4,2.5,,,
2010-09-30,6500.0,74.8,20.9,836.0,96.6,108.0,96.6,,,
2010-10-01,13100.0,56.7,18.8,2520.0,44.1,254.0,44.1,,,
2010-10-02,15400.0,0.0,15.8,5910.0,0.0,66.9,0.0,,,
2010-10-03,14000.0,0.0,14.5,4600.0,0.2,30.6,0.2,,,
2010-10-04,12900.0,7.4,12.4,2840.0,4.3,24.2,4.3,,,
2010-10-05,8610.0,0.0,11.8,2090.0,0.0,22.7,0.0,,,
2010-10-06,6250.0,0.1,12.7,1610.0,0.0,18.9,0.0,,,
2010-10-07,4930.0,1.3,15.2,1340.0,1.4,13.7,1.4,,,
2010-10-08,4050.0,0.0,16.6,1180.0,0.0,11.3,0.0,,,
2010-10-09,3450.0,0.0,17.9,1000.0,0.0,10.7,0.0,,,
2010-10-10,3020.0,0.0,17.5,969.0,0.0,11.3,0.0,,,
2010-10-11,2720.0,1.2,21.1,889.0,0.0,7.91,0.0,,,
2010-10-12,2490.0,0.0,20.4,844.0,0.0,5.3,0.0,,,
2010-10-13,2370.0,0.0,16.1,838.0,0.0,4.2,0.0,,,
2010-10-14,2770.0,20.3,13.5,777.0,12.5,5.92,12.5,,,
2010-10-15,3150.0,0.0,12.7,739.0,0.1,11.2,0.1,,,
2010-10-16,2800.0,0.0,13.5,695.0,0.0,12.7,0.0,,,
2010-10-17,2560.0,0.0,14.1,663.0,0.0,8.31,0.0,,,
2010-10-18,2250.0,0.0,14.3,659.0,0.0,6.53,0.0,,,
2010-10-19,2130.0,2.7,13.3,705.0,4.8,7.52,4.8,,,
2010-10-20,2220.0,1.4,13.1,690.0,0.0,14.3,0.0,,,
2010-10-21,2110.0,0.1,13.3,660.0,0.0,13.6,0.0,,,
2010-10-22,2000.0,0.0,10.6,641.0,0.0,9.62,0.0,,,
2010-10-23,1940.0,0.0,11.4,630.0,0.0,8.36,0.0,,,
2010-10-24,1820.0,0.0,16.6,626.0,0.0,6.76,0.0,,,
2010-10-25,1710.0,0.0,17.9,624.0,1.8,6.32,1.8,,,
2010-10-26,1770.0,0.0,19.4,629.0,0.0,6.02,0.0,,,
2010-10-27,2480.0,19.4,21.8,701.0,31.5,15.9,31.5,,,
2010-10-28,3020.0,0.0,20.8,672.0,0.0,29.8,0.0,,,
2010-10-29,2390.0,0.0,12.2,754.0,0.0,16.3,0.0,,,
2010-10-30,2090.0,0.0,9.1,943.0,0.0,11.7,0.0,,,
2010-10-31,1990.0,0.0,12.5,948.0,0.0,9.4,0.0,,,
2010-11-01,2060.0,0.0,8.4,813.0,0.0,10.7,0.0,,,
2010-11-02,2040.0,0.0,5.7,760.0,0.0,9.15,0.0,,,
2010-11-03,1830.0,0.0,8.4,702.0,0.0,7.3,0.0,,,
2010-11-04,2580.0,25.6,9.5,747.0,22.6,13.0,22.6,,,
2010-11-05,3240.0,0.0,9.0,846.0,0.0,47.4,0.0,,,
2010-11-06,2920.0,0.0,6.7,932.0,0.0,29.8,0.0,,,
2010-11-07,3070.0,0.0,5.4,968.0,0.0,19.8,0.0,,,
2010-11-08,2970.0,0.0,7.6,1080.0,0.0,15.3,0.0,,,
2010-11-09,3040.0,0.0,10.3,1020.0,0.0,13.2,0.0,,,
2010-11-10,3030.0,0.0,10.8,896.0,0.0,12.8,0.0,,,
2010-11-11,2780.0,0.0,9.6,845.0,0.0,13.4,0.0,,,
2010-11-12,2640.0,0.0,7.8,843.0,0.0,11.3,0.0,,,
2010-11-13,2420.0,0.0,8.2,748.0,0.0,10.4,0.0,,,
2010-11-14,2210.0,0.0,9.6,775.0,0.0,10.0,0.0,,,
2010-11-15,2050.0,0.0,9.6,740.0,0.0,9.92,0.0,,,
2010-11-16,2250.0,21.9,10.7,888.0,24.3,13.0,24.3,,,
2010-11-17,3390.0,4.2,14.2,780.0,2.3,89.8,2.3,,,
2010-11-18,4450.0,0.0,8.9,963.0,0.0,71.5,0.0,,,
2010-11-19,6000.0,0.0,7.0,971.0,0.0,36.6,0.0,,,
2010-11-20,5610.0,0.0,8.2,1190.0,0.0,26.6,0.0,,,
2010-11-21,4680.0,0.0,8.0,1210.0,0.0,22.5,0.0,,,
2010-11-22,4160.0,0.0,10.6,1090.0,0.0,20.3,0.0,,,
2010-11-23,3630.0,1.1,13.8,1040.0,1.9,20.7,1.9,,,
2010-11-24,3340.0,0.0,8.3,1010.0,0.0,18.4,0.0,,,
2010-11-25,3180.0,0.3,7.5,967.0,2.1,17.8,2.1,,,
2010-11-26,3010.0,1.0,11.7,885.0,2.2,17.9,2.2,,,
2010-11-27,2840.0,0.0,4.6,873.0,0.0,17.5,0.0,,,
2010-11-28,2790.0,0.0,3.0,867.0,0.0,15.1,0.0,,,
2010-11-29,2670.0,0.0,3.3,801.0,0.0,13.9,0.0,,,
2010-11-30,2720.0,2.2,9.2,807.0,7.0,14.2,7.0,,,
2010-12-01,3850.0,29.8,11.9,1520.0,37.1,355.0,37.1,,,
2010-12-02,15400.0,0.0,2.3,5880.0,0.0,303.0,0.0,,,
2010-12-03,47900.0,0.0,1.8,11100.0,0.0,117.0,0.0,,,
2010-12-04,33200.0,0.0,1.4,7070.0,0.0,76.0,0.0,,,
2010-12-05,20600.0,0.0,1.1,4900.0,0.0,51.0,0.0,,,
2010-12-06,14600.0,0.0,-0.1,3800.0,0.0,39.0,0.0,,,
2010-12-07,11200.0,0.0,-1.1,3060.0,0.0,32.0,0.0,,,
2010-12-08,9070.0,0.0,-1.6,2470.0,0.0,28.8,0.0,,,
2010-12-09,7490.0,0.0,-2.0,2080.0,0.0,25.0,0.0,,,
2010-12-10,6330.0,0.0,-0.8,1840.0,0.0,24.0,0.0,,,
2010-12-11,5570.0,0.0,0.3,1680.0,0.0,26.4,0.0,,,
2010-12-12,5360.0,24.4,4.9,1600.0,13.8,34.7,13.8,,,
2010-12-13,5100.0,3.3,0.7,1530.0,1.1,51.3,1.1,,,
2010-12-14,5000.0,0.0,-4.5,1400.0,0.0,36.6,0.0,,,
2010-12-15,4090.0,0.0,-4.4,1420.0,0.0,30.0,0.0,,,
2010-12-16,3270.0,3.5,-4.2,1310.0,3.4,23.7,3.4,,,
2010-12-17,3650.0,0.0,-2.8,1430.0,0.0,23.1,0.0,,,
2010-12-18,3980.0,0.0,-2.0,1300.0,0.0,23.7,0.0,,,
2010-12-19,4360.0,0.0,-1.3,1570.0,0.0,23.0,0.0,,,
2010-12-20,4030.0,0.0,-1.8,1410.0,0.0,21.9,0.0,,,
2010-12-21,3830.0,0.0,-0.3,1220.0,0.0,21.3,0.0,,,
2010-12-22,4260.0,0.0,0.9,1300.0,0.0,21.4,0.0,,,
2010-12-23,3870.0,0.0,0.6,1240.0,0.0,20.6,0.0,,,
2010-12-24,3560.0,0.0,0.4,1090.0,0.0,19.0,0.0,,,
2010-12-25,3590.0,0.2,-0.1,1110.0,0.0,20.3,0.0,,,
2010-12-26,3360.0,1.4,-1.2,1100.0,0.9,18.6,0.9,,,
2010-12-27,2700.0,1.0,-2.7,1110.0,0.6,15.7,0.6,,,
2010-12-28,2340.0,0.0,-0.1,890.0,0.0,15.2,0.0,,,
2010-12-29,2710.0,0.0,1.4,999.0,0.0,14.0,0.0,,,
2010-12-30,2950.0,0.0,1.3,1110.0,0.1,15.4,0.1,,,
2010-12-31,2810.0,0.0,3.1,996.0,0.0,16.0,0.0,,,
2011-01-01,2720.0,0.3,7.1,996.0,0.2,18.1,0.2,,,
2011-01-02,2790.0,5.2,10.1,962.0,2.0,19.0,2.0,,,
2011-01-03,2730.0,0.0,1.0,886.0,0.0,16.0,0.0,,,
2011-01-04,2650.0,0.0,-0.0,897.0,0.0,15.0,0.0,,,
2011-01-05,2490.0,0.0,-0.0,892.0,0.0,16.8,0.0,,,
2011-01-06,2460.0,0.0,-0.8,905.0,0.0,14.2,0.0,,,
2011-01-07,2600.0,0.7,-0.3,877.0,0.6,15.0,0.6,,,
2011-01-08,2600.0,1.5,-1.6,898.0,0.9,15.9,0.9,,,
2011-01-09,2480.0,0.0,-3.2,812.0,0.0,18.0,0.0,,,
2011-01-10,2210.0,0.0,-2.8,662.0,0.0,14.1,0.0,,,
2011-01-11,2390.0,1.2,-2.7,758.0,1.0,13.1,1.0,,,
2011-01-12,2340.0,1.8,-1.4,930.0,1.5,13.7,1.5,,,
2011-01-13,1920.0,0.0,-1.9,890.0,0.0,13.9,0.0,,,
2011-01-14,2260.0,0.0,-1.7,789.0,0.0,13.2,0.0,,,
2011-01-15,2540.0,0.0,0.7,938.0,0.0,13.8,0.0,,,
2011-01-16,2570.0,0.0,1.4,936.0,0.0,14.4,0.0,,,
2011-01-17,2590.0,0.0,-1.3,837.0,0.0,14.3,0.0,,,
2011-01-18,2590.0,6.1,0.6,833.0,5.2,14.7,5.2,,,
2011-01-19,2660.0,2.0,2.8,840.0,2.3,18.1,2.3,,,
2011-01-20,2600.0,0.0,1.8,826.0,0.0,21.0,0.0,,,
2011-01-21,2640.0,1.4,-0.0,815.0,1.2,18.0,1.2,,,
2011-01-22,2310.0,0.0,-5.0,814.0,0.0,15.0,0.0,,,
2011-01-23,2300.0,0.0,-4.9,663.0,0.0,15.4,0.0,,,
2011-01-24,1410.0,0.0,-4.8,786.0,0.0,12.5,0.0,,,
2011-01-25,2090.0,0.0,0.6,770.0,0.0,13.0,0.0,,,
2011-01-26,2270.0,14.4,0.7,961.0,16.5,14.0,16.5,,,
2011-01-27,2310.0,8.4,0.1,870.0,7.2,16.0,7.2,,,
2011-01-28,2520.0,0.5,-2.6,870.0,0.4,28.4,0.4,,,
2011-01-29,2590.0,0.0,-2.8,1050.0,0.0,21.0,0.0,,,
2011-01-30,2400.0,0.0,-1.1,895.0,0.0,16.0,0.0,,,
2011-01-31,2530.0,0.0,-3.5,923.0,0.0,18.1,0.0,,,
2011-02-01,2440.0,0.9,0.1,912.0,0.6,17.4,0.6,,,
2011-02-02,3660.0,12.4,4.9,885.0,12.0,35.9,12.0,,,
2011-02-03,4660.0,0.0,-1.1,1170.0,0.0,90.4,0.0,,,
2011-02-04,6700.0,0.0,0.6,1910.0,0.0,67.4,0.0,,,
2011-02-05,8030.0,3.0,1.9,3250.0,3.5,51.9,3.5,,,
2011-02-06,11700.0,0.0,3.9,2810.0,0.0,73.2,0.0,,,
2011-02-07,12400.0,0.1,3.3,2550.0,0.1,117.0,0.1,,,
2011-02-08,12300.0,0.5,2.3,2320.0,0.7,91.7,0.7,,,
2011-02-09,11100.0,0.0,-2.3,2070.0,0.0,70.0,0.0,,,
2011-02-10,9760.0,0.0,-1.6,1840.0,0.0,59.2,0.0,,,
2011-02-11,8430.0,0.0,-1.2,1710.0,0.0,45.0,0.0,,,
2011-02-12,7260.0,0.0,0.4,1510.0,0.0,40.0,0.0,,,
2011-02-13,6490.0,0.0,3.0,1470.0,0.0,45.3,0.0,,,
2011-02-14,6130.0,0.5,9.3,1420.0,0.5,101.0,0.5,,,
2011-02-15,6810.0,0.0,3.1,1390.0,0.0,111.0,0.0,,,
2011-02-16,8500.0,0.0,3.3,1320.0,0.0,66.2,0.0,,,
2011-02-17,7900.0,0.0,9.9,1270.0,0.0,57.5,0.0,,,
2011-02-18,7810.0,0.0,14.7,1230.0,0.2,57.2,0.2,,,
2011-02-19,7530.0,0.0,10.6,1180.0,0.0,53.9,0.0,,,
2011-02-20,7800.0,0.0,3.5,1130.0,0.0,45.2,0.0,,,
2011-02-21,8320.0,2.2,7.0,1110.0,2.1,42.7,2.1,,,
2011-02-22,8650.0,9.3,-0.3,1130.0,11.2,51.5,11.2,,,
2011-02-23,8250.0,0.0,1.1,1150.0,0.0,46.9,0.0,,,
2011-02-24,8000.0,1.6,3.1,1130.0,1.4,45.6,1.4,,,
2011-02-25,8840.0,10.6,10.1,1190.0,11.5,83.2,11.5,,,
2011-02-26,12800.0,0.0,3.6,1370.0,0.0,94.3,0.0,,,
2011-02-27,24100.0,0.0,7.3,1500.0,0.0,72.8,0.0,,,
2011-02-28,25700.0,12.0,12.4,1800.0,11.8,80.2,11.8,,,
2011-03-01,23600.0,2.3,5.2,1940.0,0.7,117.0,0.7,,,
2011-03-02,27200.0,0.0,6.0,2180.0,0.0,85.4,0.0,,,
2011-03-03,25600.0,0.0,1.5,2390.0,0.0,67.6,0.0,,,
2011-03-04,21600.0,0.0,2.4,2330.0,0.0,59.1,0.0,,,
2011-03-05,17200.0,0.0,8.6,2240.0,0.0,55.9,0.0,,,
2011-03-06,17800.0,35.8,12.3,2430.0,28.1,473.0,28.1,,,
2011-03-07,42400.0,7.4,4.1,5780.0,12.1,1340.0,12.1,,,
2011-03-08,54000.0,0.0,3.7,10800.0,0.0,635.0,0.0,,,
2011-03-09,49700.0,0.0,4.2,10200.0,1.3,418.0,1.3,,,
2011-03-10,42600.0,23.8,10.1,8320.0,11.1,1330.0,11.1,,,
2011-03-11,89200.0,6.8,9.0,17500.0,7.6,1930.0,7.6,,,
2011-03-12,143000.0,0.0,7.4,27100.0,0.0,719.0,0.0,,,
2011-03-13,101000.0,0.0,10.1,15600.0,0.0,456.0,0.0,,,
2011-03-14,56300.0,0.0,5.8,9980.0,0.0,322.0,0.0,,,
2011-03-15,39700.0,1.4,5.4,7480.0,1.2,247.0,1.2,,,
2011-03-16,32200.0,6.6,8.5,6100.0,4.8,222.0,4.8,,,
2011-03-17,26900.0,0.0,10.9,5260.0,0.0,191.0,0.0,,,
2011-03-18,23600.0,0.0,15.6,4700.0,0.0,159.0,0.0,,,
2011-03-19,20000.0,0.0,14.4,4150.0,0.0,147.0,0.0,,,
2011-03-20,16800.0,0.0,7.3,3690.0,0.0,134.0,0.0,,,
2011-03-21,15200.0,6.5,10.9,3390.0,3.3,111.0,3.3,,,
2011-03-22,14500.0,0.0,13.4,3250.0,0.0,108.0,0.0,,,
2011-03-23,13800.0,3.4,10.1,3030.0,3.8,96.7,3.8,,,
2011-03-24,14500.0,11.7,6.3,3220.0,13.2,121.0,13.2,,,
2011-03-25,18600.0,0.0,4.2,3680.0,0.0,104.0,0.0,,,
2011-03-26,23700.0,0.0,3.8,4190.0,0.0,86.1,0.0,,,
2011-03-27,24200.0,2.2,3.8,4090.0,1.1,77.7,1.1,,,
2011-03-28,20700.0,0.0,2.5,3720.0,0.0,72.2,0.0,,,
2011-03-29,17400.0,0.0,3.4,3380.0,0.0,67.7,0.0,,,
2011-03-30,15300.0,5.0,4.8,3110.0,5.8,65.1,5.8,,,
2011-03-31,13800.0,6.9,3.6,2900.0,4.9,71.8,4.9,,,
2011-04-01,12800.0,1.9,5.7,2800.0,2.2,85.2,2.2,,,
2011-04-02,12300.0,1.8,5.9,2740.0,1.3,82.8,1.3,,,
2011-04-03,11900.0,0.1,8.1,2660.0,0.1,74.7,0.1,,,
2011-04-04,11100.0,0.1,14.9,2550.0,0.2,67.0,0.2,,,
2011-04-05,11300.0,15.5,16.2,2510.0,16.0,85.6,16.0,,,
2011-04-06,11700.0,0.0,9.3,2730.0,0.0,101.0,0.0,,,
2011-04-07,12600.0,0.0,13.1,3310.0,0.0,77.0,0.0,,,
2011-04-08,14800.0,6.6,8.9,3540.0,11.2,75.7,11.2,,,
2011-04-09,16400.0,0.4,7.8,3570.0,0.6,102.0,0.6,,,
2011-04-10,16800.0,0.0,13.1,3580.0,0.0,88.4,0.0,,,
2011-04-11,17800.0,0.0,19.9,3440.0,0.0,81.7,0.0,,,
2011-04-12,18700.0,15.2,17.6,3560.0,19.2,285.0,19.2,,,
2011-04-13,25300.0,6.9,12.0,7460.0,12.6,434.0,12.6,,,
2011-04-14,58300.0,0.0,13.7,19000.0,0.0,331.0,0.0,,,
2011-04-15,73900.0,0.0,13.4,11900.0,0.0,224.0,0.0,,,
2011-04-16,48500.0,22.1,12.4,8900.0,30.0,634.0,30.0,,,
2011-04-17,96600.0,14.8,13.3,33600.0,5.4,2080.0,5.4,,,
2011-04-18,162000.0,0.0,15.6,48900.0,0.4,497.0,0.4,,,
2011-04-19,108000.0,0.9,17.7,20800.0,2.5,402.0,2.5,,,
2011-04-20,71300.0,0.0,21.3,12000.0,0.0,424.0,0.0,,,
2011-04-21,78800.0,0.0,15.1,8790.0,0.0,267.0,0.0,,,
2011-04-22,55800.0,4.6,8.6,6970.0,3.2,211.0,3.2,,,
2011-04-23,41700.0,0.2,12.5,6070.0,1.3,255.0,1.3,,,
2011-04-24,35000.0,0.0,21.1,6020.0,1.3,296.0,1.3,,,
2011-04-25,36800.0,3.8,21.8,6340.0,2.2,479.0,2.2,,,
2011-04-26,34900.0,0.0,23.3,6020.0,0.1,247.0,0.1,,,
2011-04-27,30600.0,2.0,22.9,5770.0,1.9,190.0,1.9,,,
2011-04-28,35700.0,9.5,22.5,6220.0,13.0,1860.0,13.0,,,
2011-04-29,72700.0,0.0,16.2,14800.0,0.0,709.0,0.0,,,
2011-04-30,84100.0,0.0,13.4,15000.0,0.0,405.0,0.0,,,
2011-05-01,55800.0,1.4,14.1,10200.0,3.4,305.0,3.4,,,
2011-05-02,39200.0,0.0,17.8,7840.0,0.0,266.0,0.0,,,
2011-05-03,30800.0,0.0,22.0,6430.0,0.6,223.0,0.6,,,
2011-05-04,26600.0,15.5,13.9,5650.0,15.0,250.0,15.0,,,
2011-05-05,24700.0,0.0,13.0,5410.0,0.0,227.0,0.0,,,
2011-05-06,26300.0,0.0,14.4,5690.0,1.2,166.0,1.2,,,
2011-05-07,23900.0,0.2,15.6,5180.0,0.0,162.0,0.0,,,
2011-05-08,20400.0,0.0,16.9,4720.0,0.0,137.0,0.0,,,
2011-05-09,17800.0,0.0,16.6,4280.0,0.0,118.0,0.0,,,
2011-05-10,15700.0,0.0,16.4,3840.0,0.0,103.0,0.0,,,
2011-05-11,13900.0,0.1,17.6,3450.0,0.0,93.0,0.0,,,
2011-05-12,12300.0,0.0,17.7,3100.0,0.0,83.9,0.0,,,
2011-05-13,11000.0,0.2,17.9,2880.0,1.0,78.7,1.0,,,
2011-05-14,10400.0,4.8,17.2,2810.0,1.4,78.8,1.4,,,
2011-05-15,10900.0,17.4,19.4,2820.0,13.7,88.9,13.7,,,
2011-05-16,12000.0,4.2,18.7,3530.0,6.8,127.0,6.8,,,
2011-05-17,16000.0,25.8,18.1,5140.0,24.8,222.0,24.8,,,
2011-05-18,35100.0,16.7,18.4,19500.0,17.5,1050.0,17.5,,,
2011-05-19,134000.0,9.8,17.1,43300.0,7.3,875.0,7.3,,,
2011-05-20,143000.0,0.0,17.2,21000.0,0.1,417.0,0.1,,,
2011-05-21,79000.0,0.0,19.7,13400.0,0.0,315.0,0.0,,,
2011-05-22,50800.0,0.1,21.4,9820.0,0.8,247.0,0.8,,,
2011-05-23,37100.0,2.2,22.4,8090.0,4.7,371.0,4.7,,,
2011-05-24,28700.0,1.5,23.9,7030.0,0.6,656.0,0.6,,,
2011-05-25,24500.0,4.5,23.5,6330.0,0.0,414.0,0.0,,,
2011-05-26,20700.0,0.0,25.9,5420.0,0.0,227.0,0.0,,,
2011-05-27,17200.0,3.8,25.4,4540.0,6.0,177.0,6.0,,,
2011-05-28,21200.0,3.6,22.9,3980.0,3.8,154.0,3.8,,,
2011-05-29,27800.0,0.0,24.7,3700.0,0.0,133.0,0.0,,,
2011-05-30,29200.0,0.0,27.4,4460.0,0.0,113.0,0.0,,,
2011-05-31,21100.0,0.0,28.8,4260.0,0.0,95.8,0.0,,,
2011-06-01,16600.0,0.7,28.9,3680.0,2.5,84.1,2.5,,,
2011-06-02,13300.0,0.0,25.9,3190.0,0.0,73.2,0.0,,,
2011-06-03,11100.0,0.0,20.9,2760.0,0.0,62.8,0.0,,,
2011-06-04,9610.0,0.3,21.2,2430.0,0.0,59.8,0.0,,,
2011-06-05,8560.0,3.6,23.2,2260.0,2.1,58.7,2.1,,,
2011-06-06,7850.0,0.7,23.8,2190.0,0.0,57.6,0.0,,,
2011-06-07,7130.0,0.0,25.2,1980.0,0.0,52.7,0.0,,,
2011-06-08,6850.0,0.3,28.5,1890.0,0.5,49.8,0.5,,,
2011-06-09,6520.0,0.5,30.6,1840.0,0.6,48.4,0.6,,,
2011-06-10,6180.0,2.7,28.4,1910.0,2.8,46.8,2.8,,,
2011-06-11,6000.0,1.6,27.5,1700.0,0.3,41.1,0.3,,,
2011-06-12,5540.0,6.5,25.7,1940.0,3.2,39.9,3.2,,,
2011-06-13,5830.0,0.0,22.9,1970.0,0.0,59.9,0.0,,,
2011-06-14,5930.0,0.2,20.5,1990.0,0.1,46.5,0.1,,,
2011-06-15,5700.0,0.0,21.2,2010.0,0.0,37.6,0.0,,,
2011-06-16,5650.0,14.3,21.4,1710.0,5.7,35.1,5.7,,,
2011-06-17,5600.0,4.5,22.4,1570.0,1.5,40.5,1.5,,,
2011-06-18,5200.0,2.0,24.9,1610.0,0.8,46.2,0.8,,,
2011-06-19,5150.0,9.5,23.8,1480.0,2.8,40.7,2.8,,,
2011-06-20,4860.0,27.1,22.4,2260.0,27.6,39.1,27.6,,,
2011-06-21,5410.0,2.0,23.9,2610.0,3.0,38.6,3.0,,,
2011-06-22,5980.0,3.3,26.3,4700.0,0.7,38.4,0.7,,,
2011-06-23,9700.0,1.5,25.5,3740.0,4.2,36.7,4.2,,,
2011-06-24,9840.0,0.0,25.4,3120.0,0.3,32.4,0.3,,,
2011-06-25,7470.0,0.0,23.7,2450.0,0.0,29.1,0.0,,,
2011-06-26,6220.0,0.0,23.0,2050.0,0.0,27.4,0.0,,,
2011-06-27,5240.0,2.0,23.9,1860.0,0.1,25.9,0.1,,,
2011-06-28,4780.0,2.2,25.5,1700.0,2.9,25.5,2.9,,,
2011-06-29,4530.0,0.8,26.0,1620.0,0.0,36.8,0.0,,,
2011-06-30,4020.0,0.0,24.1,1480.0,0.0,25.3,0.0,,,
2011-07-01,3720.0,0.0,25.0,1420.0,0.0,19.7,0.0,,,
2011-07-02,3520.0,0.0,26.3,1330.0,0.0,18.1,0.0,,,
2011-07-03,4070.0,3.7,26.4,1250.0,5.6,18.9,5.6,,,
2011-07-04,3610.0,1.9,27.0,1270.0,0.0,27.3,0.0,,,
2011-07-05,3590.0,0.6,27.1,1230.0,0.0,24.4,0.0,,,
2011-07-06,3440.0,0.2,27.5,1200.0,0.0,19.7,0.0,,,
2011-07-07,3240.0,0.0,28.1,1200.0,0.5,17.2,0.5,,,
2011-07-08,3760.0,23.0,26.7,1430.0,9.4,17.0,9.4,,,
2011-07-09,5120.0,0.1,25.5,1390.0,0.3,27.6,0.3,,,
2011-07-10,4340.0,0.0,27.2,1440.0,0.0,26.7,0.0,,,
2011-07-11,4210.0,0.0,28.0,1330.0,0.0,19.7,0.0,,,
2011-07-12,5050.0,0.0,30.4,1360.0,0.0,21.3,0.0,,,
2011-07-13,4600.0,4.0,28.8,1190.0,1.7,20.4,1.7,,,
2011-07-14,5160.0,0.0,24.8,1080.0,0.0,25.9,0.0,,,
2011-07-15,3480.0,0.0,23.9,1000.0,0.0,20.3,0.0,,,
2011-07-16,2910.0,0.0,24.2,952.0,0.0,14.7,0.0,,,
2011-07-17,2720.0,0.0,25.8,889.0,0.0,11.8,0.0,,,
2011-07-18,2390.0,0.0,27.9,851.0,0.0,9.34,0.0,,,
2011-07-19,2240.0,9.4,28.8,846.0,1.0,7.94,1.0,,,
2011-07-20,2160.0,1.2,28.3,856.0,1.7,6.77,1.7,,,
2011-07-21,2140.0,0.0,30.7,815.0,0.0,10.3,0.0,,,
2011-07-22,2020.0,2.6,33.0,792.0,2.4,7.54,2.4,,,
2011-07-23,1820.0,1.7,32.5,778.0,3.6,5.51,3.6,,,
2011-07-24,1760.0,5.6,30.1,770.0,5.2,4.78,5.2,,,
2011-07-25,1850.0,9.2,28.1,733.0,2.6,4.32,2.6,,,
2011-07-26,2130.0,0.0,28.0,675.0,0.0,4.3,0.0,,,
2011-07-27,1850.0,0.0,28.0,692.0,0.0,4.29,0.0,,,
2011-07-28,1750.0,0.0,28.3,698.0,0.0,3.99,0.0,,,
2011-07-29,1850.0,0.0,31.1,804.0,0.0,3.78,0.0,,,
2011-07-30,1720.0,0.0,31.1,752.0,0.0,3.66,0.0,,,
2011-07-31,1640.0,0.0,29.4,667.0,0.0,3.51,0.0,,,
2011-08-01,1510.0,2.0,29.6,620.0,0.9,3.42,0.9,,,
2011-08-02,1430.0,0.1,29.0,601.0,0.1,3.61,0.1,,,
2011-08-03,1510.0,1.4,28.9,571.0,3.6,4.43,3.6,,,
2011-08-04,1480.0,0.0,26.8,598.0,0.3,4.41,0.3,,,
2011-08-05,1460.0,0.0,25.7,601.0,0.0,4.96,0.0,,,
2011-08-06,1410.0,0.6,26.4,593.0,1.8,5.17,1.8,,,
2011-08-07,1780.0,6.0,27.7,583.0,13.5,7.1,13.5,,,
2011-08-08,1840.0,0.2,28.5,622.0,0.0,6.54,0.0,,,
2011-08-09,1620.0,0.0,28.7,650.0,0.3,5.81,0.3,,,
2011-08-10,1650.0,0.0,28.1,632.0,0.0,4.94,0.0,,,
2011-08-11,1580.0,0.0,26.2,627.0,0.0,4.21,0.0,,,
2011-08-12,1550.0,0.0,25.7,617.0,0.0,3.86,0.0,,,
2011-08-13,1640.0,4.5,25.5,575.0,3.5,3.51,3.5,,,
2011-08-14,1930.0,10.9,23.8,539.0,7.3,3.8,7.3,,,
2011-08-15,2710.0,15.9,22.3,627.0,24.0,59.5,24.0,,,
2011-08-16,2640.0,0.5,22.9,644.0,0.0,22.5,0.0,,,
2011-08-17,2160.0,0.0,24.5,1420.0,0.0,10.9,0.0,,,
2011-08-18,2450.0,3.5,25.7,1150.0,1.2,6.8,1.2,,,
2011-08-19,3140.0,3.0,25.1,989.0,5.2,5.38,5.2,,,
2011-08-20,2630.0,7.0,24.3,916.0,3.6,6.82,3.6,,,
2011-08-21,2460.0,6.6,25.7,863.0,0.2,18.6,0.2,,,
2011-08-22,2210.0,0.5,24.6,688.0,0.7,36.0,0.7,,,
2011-08-23,1830.0,0.0,22.1,637.0,0.0,17.4,0.0,,,
2011-08-24,1690.0,0.0,23.0,692.0,0.0,9.46,0.0,,,
2011-08-25,1790.0,4.4,25.7,654.0,7.8,7.42,7.8,,,
2011-08-26,1760.0,7.4,25.0,688.0,0.4,6.72,0.4,,,
2011-08-27,1910.0,19.9,23.9,666.0,7.9,14.9,7.9,,,
2011-08-28,3680.0,71.2,23.1,756.0,29.9,35.5,29.9,,,
2011-08-29,2860.0,0.0,21.6,743.0,0.0,32.1,0.0,,,
2011-08-30,2690.0,0.0,21.2,768.0,0.0,20.1,0.0,,,
2011-08-31,2460.0,0.0,22.4,727.0,0.0,13.0,0.0,,,
2011-09-01,2120.0,0.0,22.1,751.0,0.0,9.14,0.0,,,
2011-09-02,1950.0,4.1,21.9,661.0,2.8,7.97,2.8,,,
2011-09-03,1880.0,0.5,23.0,631.0,0.0,7.55,0.0,,,
2011-09-04,2120.0,0.5,25.2,644.0,0.9,9.48,0.9,,,
2011-09-05,1970.0,7.5,24.6,636.0,25.6,9.99,25.6,,,
2011-09-06,5130.0,35.4,18.3,802.0,34.8,23.8,34.8,,,
2011-09-07,8000.0,24.8,21.1,1700.0,32.9,132.0,32.9,,,
2011-09-08,54400.0,61.8,22.3,2840.0,26.3,109.0,26.3,,,
2011-09-09,73500.0,13.5,22.7,4270.0,17.9,86.2,17.9,,,
2011-09-10,34100.0,1.5,22.8,3520.0,1.8,57.6,1.8,,,
2011-09-11,33600.0,1.0,22.7,2570.0,1.0,40.2,1.0,,,
2011-09-12,21800.0,0.0,22.3,2000.0,0.0,50.0,0.0,,,
2011-09-13,14400.0,0.0,22.6,1610.0,0.0,43.2,0.0,,,
2011-09-14,11200.0,1.8,23.7,1370.0,1.9,32.3,1.9,,,
2011-09-15,9630.0,0.6,21.3,1330.0,4.3,33.8,4.3,,,
2011-09-16,10300.0,0.0,14.4,1930.0,0.0,32.1,0.0,,,
2011-09-17,12500.0,0.7,14.2,1320.0,0.0,26.5,0.0,,,
2011-09-18,9550.0,0.0,15.5,1210.0,0.0,24.2,0.0,,,
2011-09-19,7480.0,0.0,17.3,1220.0,0.0,21.3,0.0,,,
2011-09-20,6400.0,8.7,18.6,1080.0,7.8,21.1,7.8,,,
2011-09-21,5680.0,1.4,19.8,1030.0,1.5,65.3,1.5,,,
2011-09-22,6160.0,0.9,22.0,1040.0,1.8,240.0,1.8,,,
2011-09-23,10800.0,26.6,21.2,1030.0,24.7,127.0,24.7,,,
2011-09-24,11800.0,0.0,21.3,1040.0,0.0,103.0,0.0,,,
2011-09-25,11500.0,0.2,21.5,1150.0,0.0,91.1,0.0,,,
2011-09-26,6560.0,0.4,22.1,1140.0,0.2,75.1,0.2,,,
2011-09-27,5640.0,8.4,22.0,1890.0,11.0,61.8,11.0,,,
2011-09-28,10600.0,2.7,22.1,2170.0,8.6,53.6,8.6,,,
2011-09-29,13900.0,7.8,20.4,1740.0,4.1,56.1,4.1,,,
2011-09-30,18000.0,0.0,19.1,1520.0,0.0,50.4,0.0,,,
2011-10-01,13800.0,4.5,13.6,1410.0,8.5,45.1,8.5,,,
2011-10-02,12500.0,11.3,8.9,1360.0,16.1,121.0,16.1,,,
2011-10-03,13000.0,2.3,8.9,1400.0,3.2,136.0,3.2,,,
2011-10-04,16200.0,0.4,12.8,1470.0,0.4,94.0,0.4,,,
2011-10-05,15500.0,0.0,16.3,1420.0,0.0,74.8,0.0,,,
2011-10-06,13100.0,0.0,15.0,1350.0,0.0,58.7,0.0,,,
2011-10-07,10800.0,0.0,15.0,1240.0,0.0,50.2,0.0,,,
2011-10-08,9020.0,0.0,15.9,1170.0,0.0,44.9,0.0,,,
2011-10-09,7690.0,0.0,16.6,1080.0,0.0,41.7,0.0,,,
2011-10-10,6700.0,0.0,18.2,1010.0,0.0,39.0,0.0,,,
2011-10-11,5890.0,0.0,18.1,951.0,0.0,38.3,0.0,,,
2011-10-12,5500.0,10.1,18.1,1020.0,17.4,40.4,17.4,,,
2011-10-13,8060.0,2.9,18.5,1180.0,3.7,128.0,3.7,,,
2011-10-14,15400.0,12.4,18.6,1670.0,9.3,246.0,9.3,,,
2011-10-15,14300.0,0.0,15.7,2680.0,0.0,190.0,0.0,,,
2011-10-16,14500.0,0.0,14.9,3690.0,0.0,104.0,0.0,,,
2011-10-17,16100.0,0.0,17.9,3530.0,0.0,84.0,0.0,,,
2011-10-18,14000.0,0.0,16.2,2940.0,0.0,70.5,0.0,,,
2011-10-19,12400.0,27.0,17.3,2450.0,12.8,304.0,12.8,,,
2011-10-20,16100.0,9.7,15.8,2130.0,11.7,991.0,11.7,,,
2011-10-21,15700.0,0.0,12.1,1840.0,0.0,314.0,0.0,,,
2011-10-22,11700.0,0.0,11.2,1630.0,0.0,200.0,0.0,,,
2011-10-23,10000.0,0.0,12.3,1530.0,0.0,155.0,0.0,,,
2011-10-24,8790.0,0.0,13.0,1410.0,0.0,140.0,0.0,,,
2011-10-25,7990.0,0.0,13.4,1310.0,0.0,120.0,0.0,,,
2011-10-26,7370.0,0.6,14.3,1270.0,0.2,105.0,0.2,,,
2011-10-27,7030.0,8.1,15.5,1190.0,8.2,89.5,8.2,,,
2011-10-28,6640.0,0.1,7.5,1130.0,0.3,71.3,0.3,,,
2011-10-29,7610.0,33.1,3.9,1250.0,33.9,134.0,33.9,,,
2011-10-30,10500.0,0.1,4.3,1280.0,0.0,262.0,0.0,,,
2011-10-31,11200.0,0.0,6.7,1510.0,0.0,201.0,0.0,,,
2011-11-01,12800.0,0.0,9.0,1580.0,0.0,154.0,0.0,,,
2011-11-02,13400.0,0.0,10.2,1690.0,0.0,130.0,0.0,,,
2011-11-03,13100.0,0.0,9.9,1660.0,0.0,113.0,0.0,,,
2011-11-04,12200.0,0.0,10.0,1670.0,0.0,101.0,0.0,,,
2011-11-05,11300.0,0.0,6.7,1640.0,0.0,90.3,0.0,,,
2011-11-06,10600.0,0.0,7.4,1600.0,0.0,82.8,0.0,,,
2011-11-07,9720.0,0.0,9.5,1550.0,0.0,77.5,0.0,,,
2011-11-08,9020.0,0.0,10.5,1490.0,0.0,73.5,0.0,,,
2011-11-09,8470.0,0.0,10.0,1440.0,0.0,69.7,0.0,,,
2011-11-10,8020.0,1.7,9.7,1380.0,1.7,68.8,1.7,,,
2011-11-11,7560.0,0.0,6.6,1320.0,0.0,68.1,0.0,,,
2011-11-12,7020.0,0.0,5.9,1260.0,0.0,61.6,0.0,,,
2011-11-13,6600.0,0.0,10.7,1210.0,0.0,60.8,0.0,,,
2011-11-14,6160.0,0.0,15.3,1170.0,0.0,58.3,0.0,,,
2011-11-15,5840.0,0.0,17.5,1130.0,1.5,56.1,1.5,,,
2011-11-16,5760.0,13.1,15.2,1190.0,20.9,106.0,20.9,,,
2011-11-17,6640.0,7.5,9.1,1240.0,7.2,149.0,7.2,,,
2011-11-18,8610.0,0.0,4.1,1420.0,0.0,95.6,0.0,,,
2011-11-19,11400.0,0.0,4.6,1360.0,0.0,78.9,0.0,,,
2011-11-20,11400.0,0.5,11.5,1420.0,0.0,72.7,0.0,,,
2011-11-21,10300.0,4.8,13.3,1460.0,4.5,73.2,4.5,,,
2011-11-22,10400.0,11.5,11.6,1430.0,12.9,167.0,12.9,,,
2011-11-23,27100.0,21.5,14.4,1880.0,14.6,1230.0,14.6,,,
2011-11-24,74000.0,0.0,8.7,3450.0,0.0,520.0,0.0,,,
2011-11-25,53700.0,0.0,8.7,3220.0,0.0,250.0,0.0,,,
2011-11-26,35000.0,0.0,9.2,3270.0,0.0,190.0,0.0,,,
2011-11-27,26400.0,0.0,11.7,3150.0,0.0,166.0,0.0,,,
2011-11-28,21600.0,0.0,15.4,2770.0,0.0,140.0,0.0,,,
2011-11-29,18900.0,12.1,14.5,2590.0,12.1,177.0,12.1,,,
2011-11-30,19200.0,0.2,7.7,3120.0,0.5,252.0,0.5,,,
2011-12-01,21500.0,0.0,5.6,6750.0,0.0,159.0,0.0,,,
2011-12-02,28900.0,0.0,5.4,7560.0,0.0,130.0,0.0,,,
2011-12-03,24200.0,0.0,4.0,5460.0,0.0,113.0,0.0,,,
2011-12-04,19300.0,0.0,6.1,4310.0,0.0,101.0,0.0,,,
2011-12-05,16400.0,0.0,9.5,3570.0,0.0,93.9,0.0,,,
2011-12-06,14500.0,8.2,14.4,3070.0,6.5,95.8,6.5,,,
2011-12-07,16900.0,32.5,13.9,2930.0,24.3,431.0,24.3,,,
2011-12-08,36400.0,20.6,4.3,8810.0,12.9,1370.0,12.9,,,
2011-12-09,80800.0,0.0,4.2,21200.0,0.0,378.0,0.0,,,
2011-12-10,68900.0,0.0,4.0,13600.0,0.0,253.0,0.0,,,
2011-12-11,43300.0,0.0,0.7,9010.0,0.0,195.0,0.0,,,
2011-12-12,31700.0,0.0,2.1,6900.0,0.0,163.0,0.0,,,
2011-12-13,25300.0,0.0,2.1,5580.0,0.0,140.0,0.0,,,
2011-12-14,21300.0,0.0,4.0,4700.0,0.0,127.0,0.0,,,
2011-12-15,18700.0,0.8,9.1,4160.0,1.3,117.0,1.3,,,
2011-12-16,17100.0,0.0,10.2,3670.0,0.0,106.0,0.0,,,
2011-12-17,15400.0,0.0,3.8,3310.0,0.0,95.5,0.0,,,
2011-12-18,13800.0,0.0,1.2,3020.0,0.0,89.1,0.0,,,
2011-12-19,12500.0,0.0,1.8,2790.0,0.0,87.8,0.0,,,
2011-12-20,11600.0,0.0,8.5,2570.0,0.3,81.2,0.3,,,
2011-12-21,11000.0,4.3,10.6,2440.0,3.7,79.3,3.7,,,
2011-12-22,10500.0,0.0,12.4,2330.0,0.0,80.8,0.0,,,
2011-12-23,15200.0,19.5,10.3,2520.0,26.0,272.0,26.0,,,
2011-12-24,15600.0,0.1,4.9,3070.0,0.4,149.0,0.4,,,
2011-12-25,14400.0,0.0,2.8,4880.0,0.0,113.0,0.0,,,
2011-12-26,16800.0,0.0,4.7,4670.0,0.0,101.0,0.0,,,
2011-12-27,16700.0,12.2,5.2,4170.0,9.4,146.0,9.4,,,
2011-12-28,20400.0,0.0,5.2,4030.0,0.0,230.0,0.0,,,
2011-12-29,21100.0,0.0,1.5,3900.0,0.0,144.0,0.0,,,
2011-12-30,20000.0,0.4,4.5,4010.0,0.7,121.0,0.7,,,
2011-12-31,18300.0,0.0,10.3,3710.0,0.5,114.0,0.5,,,
2012-01-01,16400.0,0.3,7.9,3450.0,0.1,104.0,0.1,,,
2012-01-02,15100.0,0.1,5.1,3240.0,0.0,96.0,0.0,,,
2012-01-03,13800.0,0.0,-0.9,3020.0,0.0,86.5,0.0,,,
2012-01-04,12600.0,0.0,-4.4,2790.0,0.0,75.5,0.0,,,
2012-01-05,11600.0,0.0,1.1,2590.0,0.0,77.5,0.0,,,
2012-01-06,10800.0,0.0,4.1,2430.0,0.0,77.3,0.0,,,
2012-01-07,10400.0,0.0,7.8,2350.0,0.0,76.6,0.0,,,
2012-01-08,10000.0,0.0,6.4,2230.0,0.0,71.7,0.0,,,
2012-01-09,9550.0,2.1,1.8,2160.0,0.0,67.0,0.0,,,
2012-01-10,9060.0,0.0,3.9,2070.0,0.0,66.4,0.0,,,
2012-01-11,8730.0,2.5,3.1,2000.0,4.6,65.6,4.6,,,
2012-01-12,12800.0,19.0,9.0,2340.0,13.5,349.0,13.5,,,
2012-01-13,18600.0,2.7,5.4,4000.0,3.0,204.0,3.0,,,
2012-01-14,35600.0,0.0,-0.3,7970.0,0.0,143.0,0.0,,,
2012-01-15,36500.0,0.0,-1.7,7450.0,0.0,116.0,0.0,,,
2012-01-16,28600.0,0.0,-1.2,6120.0,0.1,99.3,0.1,,,
2012-01-17,22900.0,4.2,7.0,5130.0,3.9,106.0,3.9,,,
2012-01-18,19900.0,0.0,6.6,4420.0,0.0,109.0,0.0,,,
2012-01-19,18200.0,0.0,-0.6,3920.0,0.0,90.6,0.0,,,
2012-01-20,17600.0,0.0,0.3,3570.0,0.0,83.9,0.0,,,
2012-01-21,16600.0,5.1,-0.3,3270.0,7.0,84.3,7.0,,,
2012-01-22,15100.0,0.2,-1.3,2950.0,0.0,80.4,0.0,,,
2012-01-23,13900.0,1.1,2.1,2840.0,1.3,79.0,1.3,,,
2012-01-24,13400.0,0.0,6.9,2880.0,0.0,95.0,0.0,,,
2012-01-25,13800.0,0.0,3.7,2780.0,0.0,87.2,0.0,,,
2012-01-26,15200.0,0.3,5.6,2690.0,2.3,78.4,2.3,,,
2012-01-27,15700.0,5.7,13.4,2610.0,6.8,87.0,6.8,,,
2012-01-28,19400.0,0.0,5.9,2560.0,0.0,85.1,0.0,,,
2012-01-29,21100.0,0.0,4.0,2500.0,0.0,74.7,0.0,,,
2012-01-30,19000.0,0.1,3.4,2550.0,0.0,71.0,0.0,,,
2012-01-31,17100.0,0.0,7.7,2470.0,0.0,71.3,0.0,,,
2012-02-01,15500.0,0.9,12.4,2400.0,0.9,68.5,0.9,,,
2012-02-02,14300.0,6.9,10.1,2340.0,4.5,68.1,4.5,,,
2012-02-03,13300.0,0.0,4.9,2310.0,0.0,66.2,0.0,,,
2012-02-04,12300.0,2.4,3.0,2340.0,3.1,63.5,3.1,,,
2012-02-05,11700.0,2.6,3.0,2560.0,2.8,69.5,2.8,,,
2012-02-06,11500.0,0.0,3.0,2380.0,0.0,69.3,0.0,,,
2012-02-07,11200.0,0.0,5.1,2440.0,0.0,64.4,0.0,,,
2012-02-08,11100.0,3.0,2.9,2330.0,4.1,61.7,4.1,,,
2012-02-09,10700.0,0.6,2.6,2290.0,0.2,64.0,0.2,,,
2012-02-10,10200.0,0.0,2.5,2240.0,0.5,61.7,0.5,,,
2012-02-11,9990.0,3.6,2.9,2210.0,3.9,68.7,3.9,,,
2012-02-12,9870.0,0.6,-2.9,2170.0,0.2,69.9,0.2,,,
2012-02-13,9410.0,0.0,0.3,2060.0,0.0,56.1,0.0,,,
2012-02-14,8980.0,1.2,3.7,1970.0,1.0,60.7,1.0,,,
2012-02-15,8450.0,0.4,6.6,1920.0,0.0,58.1,0.0,,,
2012-02-16,8210.0,5.9,5.5,1900.0,4.5,58.2,4.5,,,
2012-02-17,8350.0,0.0,7.2,1880.0,0.0,74.3,0.0,,,
2012-02-18,8320.0,0.0,5.9,1870.0,0.0,63.3,0.0,,,
2012-02-19,8390.0,0.0,4.8,1850.0,0.0,57.9,0.0,,,
2012-02-20,8360.0,0.0,4.3,1820.0,0.0,55.7,0.0,,,
2012-02-21,8310.0,0.0,3.0,1730.0,0.0,53.3,0.0,,,
2012-02-22,8210.0,0.0,8.2,1700.0,0.0,53.6,0.0,,,
2012-02-23,8080.0,0.3,11.4,1720.0,0.0,53.8,0.0,,,
2012-02-24,8060.0,9.0,12.1,1730.0,7.0,54.1,7.0,,,
2012-02-25,8290.0,0.0,5.9,1720.0,0.0,53.4,0.0,,,
2012-02-26,8290.0,0.0,3.2,1770.0,0.0,48.4,0.0,,,
2012-02-27,8500.0,0.0,6.0,1790.0,0.0,46.5,0.0,,,
2012-02-28,8560.0,0.0,7.7,1770.0,0.0,46.0,0.0,,,
2012-02-29,9760.0,14.5,6.1,1900.0,15.4,405.0,15.4,,,
2012-03-01,17800.0,3.5,14.6,3230.0,0.9,1010.0,0.9,,,
2012-03-02,45500.0,3.6,7.7,5100.0,2.5,325.0,2.5,,,
2012-03-03,55900.0,3.2,10.4,8110.0,3.7,355.0,3.7,,,
2012-03-04,45100.0,0.0,6.8,8530.0,0.0,256.0,0.0,,,
2012-03-05,41500.0,0.7,2.5,8150.0,0.5,187.0,0.5,,,
2012-03-06,34500.0,0.0,2.5,6690.0,0.0,150.0,0.0,,,
2012-03-07,27700.0,0.0,8.2,5660.0,0.0,130.0,0.0,,,
2012-03-08,23500.0,0.0,14.9,4850.0,0.1,120.0,0.1,,,
2012-03-09,19700.0,3.0,11.7,4360.0,2.5,112.0,2.5,,,
2012-03-10,17100.0,0.0,4.6,3960.0,0.0,98.1,0.0,,,
2012-03-11,15200.0,0.0,6.2,3600.0,0.0,90.4,0.0,,,
2012-03-12,13600.0,0.0,11.3,3290.0,0.4,86.4,0.4,,,
2012-03-13,12300.0,1.8,17.4,3040.0,1.8,83.0,1.8,,,
2012-03-14,11600.0,0.0,17.9,2860.0,0.0,78.2,0.0,,,
2012-03-15,10800.0,0.1,17.7,2730.0,0.0,73.2,0.0,,,
2012-03-16,10200.0,0.0,15.6,2570.0,1.0,70.6,1.0,,,
2012-03-17,9650.0,0.0,15.7,2530.0,0.1,69.0,0.1,,,
2012-03-18,9090.0,0.5,14.5,2340.0,0.0,66.5,0.0,,,
2012-03-19,8620.0,0.2,16.2,2250.0,0.0,64.0,0.0,,,
2012-03-20,8520.0,5.4,17.0,2200.0,1.5,63.0,1.5,,,
2012-03-21,9230.0,0.0,16.3,2310.0,0.0,59.9,0.0,,,
2012-03-22,9200.0,0.9,18.0,2840.0,0.2,58.1,0.2,,,
2012-03-23,9170.0,0.0,19.4,3170.0,0.0,56.9,0.0,,,
2012-03-24,9150.0,9.3,16.8,3020.0,8.0,57.1,8.0,,,
2012-03-25,9860.0,3.4,14.2,3070.0,1.8,66.8,1.8,,,
2012-03-26,11800.0,0.0,13.7,3670.0,0.0,59.0,0.0,,,
2012-03-27,15100.0,0.0,6.5,7750.0,0.0,49.3,0.0,,,
2012-03-28,18000.0,0.8,12.9,6540.0,1.9,47.4,1.9,,,
2012-03-29,16100.0,0.0,15.3,5300.0,0.0,48.5,0.0,,,
2012-03-30,13800.0,0.0,9.5,4540.0,0.0,45.5,0.0,,,
2012-03-31,12400.0,0.2,12.3,4030.0,0.2,45.8,0.2,,,
2012-04-01,11300.0,0.0,11.1,3540.0,0.0,45.7,0.0,,,
2012-04-02,10700.0,3.1,11.9,3230.0,3.5,49.3,3.5,,,
2012-04-03,10400.0,0.0,11.4,2930.0,0.3,47.0,0.3,,,
2012-04-04,9940.0,0.0,15.9,2690.0,0.0,42.5,0.0,,,
2012-04-05,9330.0,0.0,12.7,2490.0,0.0,40.7,0.0,,,
2012-04-06,8610.0,0.0,9.7,2320.0,0.0,39.1,0.0,,,
2012-04-07,8010.0,0.0,10.3,2190.0,0.0,37.6,0.0,,,
2012-04-08,7450.0,0.0,12.6,2030.0,0.0,36.3,0.0,,,
2012-04-09,6970.0,0.2,14.1,1920.0,0.4,35.7,0.4,,,
2012-04-10,6490.0,0.0,12.7,1850.0,0.3,34.3,0.3,,,
2012-04-11,6410.0,1.6,8.6,1780.0,1.5,33.4,1.5,,,
2012-04-12,5960.0,0.0,9.2,1720.0,0.0,32.9,0.0,,,
2012-04-13,5830.0,0.0,11.2,1650.0,0.0,32.9,0.0,,,
2012-04-14,5620.0,0.0,14.0,1600.0,0.0,32.5,0.0,,,
2012-04-15,5410.0,0.2,20.6,1540.0,0.9,31.9,0.9,,,
2012-04-16,5160.0,0.0,24.0,1470.0,0.0,31.6,0.0,,,
2012-04-17,5040.0,0.0,21.8,1450.0,0.0,30.1,0.0,,,
2012-04-18,4920.0,8.7,13.6,1440.0,10.8,29.0,10.8,,,
2012-04-19,4990.0,2.1,14.1,1440.0,2.7,34.7,2.7,,,
2012-04-20,4880.0,0.0,15.9,1450.0,0.0,34.0,0.0,,,
2012-04-21,4810.0,0.0,18.9,1470.0,0.8,31.5,0.8,,,
2012-04-22,5110.0,22.9,11.0,1630.0,18.3,41.2,18.3,,,
2012-04-23,6870.0,16.3,7.0,1840.0,18.3,99.2,18.3,,,
2012-04-24,8140.0,0.3,9.5,2270.0,0.3,87.6,0.3,,,
2012-04-25,8760.0,0.0,12.1,2690.0,0.0,52.9,0.0,,,
2012-04-26,8740.0,0.7,13.5,2580.0,1.3,42.7,1.3,,,
2012-04-27,8290.0,0.6,12.8,2290.0,0.4,39.2,0.4,,,
2012-04-28,7330.0,0.8,9.5,2080.0,1.3,35.1,1.3,,,
2012-04-29,7060.0,2.9,12.6,2140.0,2.4,35.9,2.4,,,
2012-04-30,6600.0,0.0,12.7,2100.0,0.0,34.6,0.0,,,
2012-05-01,6290.0,4.3,19.9,2000.0,5.0,34.8,5.0,,,
2012-05-02,5870.0,1.2,20.8,1970.0,3.9,35.4,3.9,,,
2012-05-03,5930.0,0.0,19.4,1920.0,0.2,32.2,0.2,,,
2012-05-04,5990.0,6.4,22.2,1900.0,1.3,30.5,1.3,,,
2012-05-05,6190.0,11.8,21.1,1900.0,0.0,29.9,0.0,,,
2012-05-06,6330.0,0.0,18.1,1840.0,0.0,29.0,0.0,,,
2012-05-07,5990.0,0.0,17.1,1860.0,0.1,28.5,0.1,,,
2012-05-08,5830.0,2.4,18.3,1870.0,12.9,28.7,12.9,,,
2012-05-09,6550.0,5.0,19.9,1990.0,2.9,37.8,2.9,,,
2012-05-10,7710.0,3.1,15.6,1870.0,1.9,34.8,1.9,,,
2012-05-11,6980.0,0.0,15.4,1750.0,0.0,28.8,0.0,,,
2012-05-12,6620.0,0.0,17.4,1710.0,0.0,25.9,0.0,,,
2012-05-13,6500.0,0.0,19.7,1610.0,0.3,23.5,0.3,,,
2012-05-14,6190.0,14.9,18.5,1580.0,21.6,29.0,21.6,,,
2012-05-15,6990.0,5.4,19.7,1560.0,7.7,53.5,7.7,,,
2012-05-16,9020.0,0.3,21.5,1690.0,0.0,50.4,0.0,,,
2012-05-17,18000.0,0.0,19.9,5250.0,0.0,34.6,0.0,,,
2012-05-18,20300.0,0.0,17.6,5260.0,0.0,27.8,0.0,,,
2012-05-19,15200.0,0.0,18.9,3890.0,0.0,25.2,0.0,,,
2012-05-20,11600.0,0.0,20.4,3080.0,0.0,23.3,0.0,,,
2012-05-21,9620.0,5.2,19.9,2610.0,9.5,25.6,9.5,,,
2012-05-22,10000.0,4.8,20.1,2530.0,7.7,363.0,7.7,,,
2012-05-23,12400.0,16.4,21.2,2170.0,3.0,255.0,3.0,,,
2012-05-24,14000.0,1.0,21.6,2380.0,1.0,200.0,1.0,,,
2012-05-25,14900.0,0.2,23.2,2640.0,0.2,150.0,0.2,,,
2012-05-26,12000.0,0.0,24.4,2410.0,0.0,115.0,0.0,,,
2012-05-27,9800.0,0.0,25.5,2020.0,0.0,90.0,0.0,,,
2012-05-28,8510.0,0.2,26.6,2050.0,1.9,85.0,1.9,,,
2012-05-29,8220.0,2.4,27.3,1750.0,2.7,75.0,2.7,,,
2012-05-30,12200.0,6.6,24.3,1660.0,4.8,95.0,4.8,,,
2012-05-31,13200.0,0.0,23.5,1510.0,0.0,60.8,0.0,,,
2012-06-01,12400.0,7.5,22.6,1690.0,6.1,68.7,6.1,,,
2012-06-02,20100.0,9.4,19.3,1860.0,7.7,388.0,7.7,,,
2012-06-03,20000.0,0.0,19.0,1710.0,0.0,145.0,0.0,,,
2012-06-04,13900.0,0.0,20.1,1490.0,0.0,84.8,0.0,,,
2012-06-05,10400.0,0.0,17.5,1530.0,0.1,66.6,0.1,,,
2012-06-06,8590.0,0.0,18.1,1350.0,0.0,58.6,0.0,,,
2012-06-07,7480.0,0.0,19.9,1260.0,0.0,54.9,0.0,,,
2012-06-08,6410.0,0.0,21.7,1190.0,0.0,50.7,0.0,,,
2012-06-09,5760.0,0.0,24.3,1160.0,0.0,44.5,0.0,,,
2012-06-10,5220.0,0.0,26.1,1120.0,0.0,41.6,0.0,,,
2012-06-11,4750.0,0.0,26.4,1040.0,0.6,39.4,0.6,,,
2012-06-12,4500.0,18.3,22.7,1030.0,15.8,40.8,15.8,,,
2012-06-13,4980.0,3.2,23.0,1130.0,1.9,57.3,1.9,,,
2012-06-14,5570.0,0.2,22.2,1170.0,0.0,39.6,0.0,,,
2012-06-15,5540.0,0.0,22.1,1150.0,0.0,31.1,0.0,,,
2012-06-16,4820.0,0.0,21.9,1260.0,0.0,27.9,0.0,,,
2012-06-17,4380.0,0.0,20.8,1040.0,0.0,25.5,0.0,,,
2012-06-18,3990.0,8.4,18.9,949.0,12.2,24.4,12.2,,,
2012-06-19,3720.0,0.0,23.4,972.0,0.3,27.6,0.3,,,
2012-06-20,3430.0,0.1,28.6,1080.0,0.0,26.0,0.0,,,
2012-06-21,3380.0,0.0,30.2,1140.0,0.0,22.8,0.0,,,
2012-06-22,3450.0,1.2,29.6,1430.0,3.4,19.8,3.4,,,
2012-06-23,3980.0,0.9,27.0,1320.0,0.0,24.1,0.0,,,
2012-06-24,3970.0,0.0,26.8,1080.0,0.0,23.2,0.0,,,
2012-06-25,3480.0,1.0,26.4,932.0,0.3,17.7,0.3,,,
2012-06-26,3000.0,0.0,21.8,911.0,0.0,15.9,0.0,,,
2012-06-27,2650.0,0.0,23.8,894.0,0.0,13.9,0.0,,,
2012-06-28,2500.0,0.0,27.4,805.0,0.0,13.0,0.0,,,
2012-06-29,2340.0,2.3,31.3,765.0,1.9,14.8,1.9,,,
2012-06-30,2880.0,2.3,30.0,721.0,1.5,22.6,1.5,,,
2012-07-01,2840.0,0.1,29.5,694.0,0.3,17.9,0.3,,,
2012-07-02,2410.0,0.0,28.9,705.0,0.4,14.9,0.4,,,
2012-07-03,2440.0,0.0,29.6,688.0,0.2,12.8,0.2,,,
2012-07-04,2410.0,0.9,30.1,665.0,0.0,13.0,0.0,,,
2012-07-05,2260.0,1.0,31.6,621.0,0.3,15.9,0.3,,,
2012-07-06,2120.0,0.0,31.6,578.0,1.8,12.2,1.8,,,
2012-07-07,1940.0,0.0,33.4,538.0,0.0,9.7,0.0,,,
2012-07-08,1860.0,19.7,32.4,560.0,7.9,8.56,7.9,,,
2012-07-09,1950.0,6.2,26.0,666.0,0.7,15.0,0.7,,,
2012-07-10,3660.0,0.0,25.9,656.0,0.2,18.7,0.2,,,
2012-07-11,2920.0,0.0,25.9,649.0,0.3,13.6,0.3,,,
2012-07-12,2170.0,0.0,25.5,579.0,0.0,10.4,0.0,,,
2012-07-13,1830.0,0.0,25.6,628.0,0.0,9.07,0.0,,,
2012-07-14,2120.0,2.1,25.3,620.0,4.8,8.51,4.8,,,
2012-07-15,2190.0,8.2,26.6,561.0,7.4,8.51,7.4,,,
2012-07-16,1910.0,0.5,27.6,562.0,0.0,8.51,0.0,,,
2012-07-17,1770.0,0.0,29.8,532.0,0.0,9.66,0.0,,,
2012-07-18,1740.0,1.6,30.5,597.0,0.4,7.71,0.4,,,
2012-07-19,1950.0,11.8,28.4,768.0,6.6,7.16,6.6,,,
2012-07-20,3050.0,10.2,25.7,800.0,7.7,22.2,7.7,,,
2012-07-21,4850.0,13.0,20.9,753.0,12.6,28.5,12.6,,,
2012-07-22,5240.0,0.9,23.0,806.0,0.5,27.3,0.5,,,
2012-07-23,4920.0,0.1,25.9,1010.0,0.5,19.2,0.5,,,
2012-07-24,4740.0,0.0,28.1,1130.0,2.7,14.4,2.7,,,
2012-07-25,4670.0,0.0,26.5,1010.0,0.0,11.8,0.0,,,
2012-07-26,4310.0,0.0,28.6,974.0,0.0,9.68,0.0,,,
2012-07-27,3510.0,3.0,29.1,1160.0,0.3,8.28,0.3,,,
2012-07-28,3100.0,1.1,28.0,1620.0,0.0,7.74,0.0,,,
2012-07-29,4190.0,0.0,26.4,1170.0,0.0,6.87,0.0,,,
2012-07-30,4100.0,0.5,25.8,916.0,0.1,5.89,0.1,,,
2012-07-31,3390.0,0.6,25.8,827.0,3.2,5.14,3.2,,,
2012-08-01,2950.0,0.7,26.0,804.0,4.3,5.77,4.3,,,
2012-08-02,2650.0,0.4,27.4,886.0,1.3,6.18,1.3,,,
2012-08-03,2510.0,2.8,28.1,887.0,2.4,6.11,2.4,,,
2012-08-04,2490.0,2.5,28.2,863.0,0.0,5.25,0.0,,,
2012-08-05,2440.0,3.1,29.4,980.0,3.7,4.64,3.7,,,
2012-08-06,2420.0,5.3,27.7,928.0,9.9,4.51,9.9,,,
2012-08-07,2620.0,0.2,27.0,814.0,0.0,4.62,0.0,,,
2012-08-08,2570.0,0.0,27.2,967.0,0.1,4.2,0.1,,,
2012-08-09,2470.0,0.8,27.9,950.0,0.6,4.54,0.6,,,
2012-08-10,3090.0,19.9,26.1,898.0,16.0,5.34,16.0,,,
2012-08-11,3150.0,3.0,26.4,914.0,0.5,8.69,0.5,,,
2012-08-12,3060.0,2.1,24.3,923.0,0.2,8.23,0.2,,,
2012-08-13,3990.0,0.0,25.2,1030.0,0.0,5.56,0.0,,,
2012-08-14,3650.0,4.5,25.3,914.0,7.3,4.43,7.3,,,
2012-08-15,3170.0,0.7,24.6,829.0,1.9,3.91,1.9,,,
2012-08-16,2820.0,0.0,25.1,756.0,0.0,3.62,0.0,,,
2012-08-17,2570.0,0.4,26.4,1290.0,2.3,3.27,2.3,,,
2012-08-18,2610.0,3.7,24.1,1800.0,3.8,2.83,3.8,,,
2012-08-19,3220.0,1.8,22.7,1450.0,6.0,2.64,6.0,,,
2012-08-20,4150.0,2.4,22.2,1250.0,6.5,2.82,6.5,,,
2012-08-21,4250.0,4.4,22.5,1270.0,0.5,6.22,0.5,,,
2012-08-22,3750.0,2.3,23.9,1240.0,0.2,5.06,0.2,,,
2012-08-23,3700.0,0.4,24.6,1400.0,0.0,3.49,0.0,,,
2012-08-24,3490.0,0.0,25.0,1330.0,0.0,3.43,0.0,,,
2012-08-25,3230.0,7.8,23.5,1140.0,1.4,2.93,1.4,,,
2012-08-26,3090.0,18.6,21.8,1100.0,7.6,3.47,7.6,,,
2012-08-27,3170.0,2.7,24.1,1330.0,0.4,40.8,0.4,,,
2012-08-28,3320.0,3.9,25.6,1330.0,1.6,17.6,1.6,,,
2012-08-29,3830.0,0.0,24.6,1030.0,0.0,9.23,0.0,,,
2012-08-30,3730.0,0.0,24.4,1010.0,0.0,6.09,0.0,,,
2012-08-31,3090.0,0.0,26.8,890.0,0.0,4.69,0.0,,,
2012-09-01,2860.0,4.9,27.2,822.0,1.7,3.65,1.7,,,
2012-09-02,2600.0,6.9,24.6,777.0,12.2,3.29,12.2,,,
2012-09-03,2320.0,22.0,24.8,763.0,21.2,31.3,21.2,,,
2012-09-04,2820.0,14.5,24.9,825.0,9.1,26.7,9.1,,,
2012-09-05,3150.0,9.9,25.8,888.0,2.0,22.3,2.0,,,
2012-09-06,2980.0,0.4,24.8,776.0,0.3,12.5,0.3,,,
2012-09-07,4230.0,0.5,25.0,767.0,0.0,8.78,0.0,,,
2012-09-08,3770.0,7.0,24.4,794.0,8.0,11.8,8.0,,,
2012-09-09,3330.0,0.0,20.4,806.0,0.0,30.6,0.0,,,
2012-09-10,2950.0,0.0,19.3,964.0,0.0,15.2,0.0,,,
2012-09-11,2680.0,0.0,18.0,909.0,0.0,9.04,0.0,,,
2012-09-12,2550.0,0.0,19.5,815.0,0.0,6.35,0.0,,,
2012-09-13,2300.0,0.0,20.1,764.0,0.0,5.31,0.0,,,
2012-09-14,2130.0,0.0,20.7,718.0,0.0,4.69,0.0,,,
2012-09-15,1960.0,0.0,20.7,663.0,0.0,4.06,0.0,,,
2012-09-16,1880.0,0.0,19.0,637.0,0.0,3.43,0.0,,,
2012-09-17,1720.0,0.2,19.0,605.0,0.0,3.27,0.0,,,
2012-09-18,1980.0,27.8,21.4,757.0,30.2,703.0,30.2,,,
2012-09-19,6740.0,3.1,18.8,1520.0,1.0,447.0,1.0,,,
2012-09-20,13100.0,0.0,16.8,2460.0,0.0,91.1,0.0,,,
2012-09-21,8480.0,0.0,19.0,3770.0,0.0,52.9,0.0,,,
2012-09-22,7730.0,0.0,21.7,2980.0,0.0,37.7,0.0,,,
2012-09-23,7000.0,0.0,18.2,2210.0,0.0,28.3,0.0,,,
2012-09-24,5820.0,0.0,16.2,1760.0,0.0,22.4,0.0,,,
2012-09-25,4660.0,0.0,16.4,1430.0,0.0,18.9,0.0,,,
2012-09-26,3880.0,0.5,21.2,1220.0,0.8,17.8,0.8,,,
2012-09-27,3450.0,1.5,22.2,1080.0,4.2,17.9,4.2,,,
2012-09-28,3390.0,13.5,21.0,1080.0,11.4,19.0,11.4,,,
2012-09-29,4480.0,0.5,17.6,1440.0,0.0,20.8,0.0,,,
2012-09-30,5590.0,0.0,16.5,1150.0,0.0,16.8,0.0,,,
2012-10-01,4730.0,0.0,16.2,1010.0,0.0,15.7,0.0,,,
2012-10-02,6420.0,3.0,19.4,1020.0,7.4,72.4,7.4,,,
2012-10-03,8140.0,0.2,23.4,1030.0,0.0,111.0,0.0,,,
2012-10-04,7700.0,0.8,23.1,1000.0,0.0,75.8,0.0,,,
2012-10-05,6000.0,0.0,20.9,992.0,0.0,56.5,0.0,,,
2012-10-06,4910.0,0.0,19.6,1030.0,0.0,45.5,0.0,,,
2012-10-07,4220.0,7.0,11.8,938.0,7.0,37.7,7.0,,,
2012-10-08,3800.0,1.9,8.9,859.0,2.9,32.9,2.9,,,
2012-10-09,3510.0,2.8,11.9,804.0,0.2,30.0,0.2,,,
2012-10-10,3250.0,0.0,15.7,762.0,0.0,27.9,0.0,,,
2012-10-11,3070.0,0.0,12.5,739.0,0.0,24.9,0.0,,,
2012-10-12,2920.0,0.0,11.7,727.0,0.0,22.4,0.0,,,
2012-10-13,2810.0,0.0,9.1,706.0,0.0,20.7,0.0,,,
2012-10-14,2740.0,0.0,14.5,674.0,0.0,20.1,0.0,,,
2012-10-15,2570.0,8.3,18.2,677.0,10.0,20.5,10.0,,,
2012-10-16,2760.0,0.0,13.8,677.0,0.0,25.5,0.0,,,
2012-10-17,2570.0,0.0,12.9,674.0,0.0,28.9,0.0,,,
2012-10-18,2430.0,0.0,15.0,646.0,0.0,26.0,0.0,,,
2012-10-19,3020.0,9.3,17.9,768.0,4.8,87.4,4.8,,,
2012-10-20,5280.0,0.0,14.9,828.0,0.0,77.4,0.0,,,
2012-10-21,5170.0,0.0,13.1,811.0,0.0,47.7,0.0,,,
2012-10-22,3830.0,0.0,13.1,734.0,0.0,32.8,0.0,,,
2012-10-23,3220.0,0.0,16.2,709.0,0.0,27.5,0.0,,,
2012-10-24,2900.0,0.0,19.1,672.0,0.0,25.5,0.0,,,
2012-10-25,2760.0,0.0,18.1,648.0,0.0,23.5,0.0,,,
2012-10-26,2680.0,0.3,17.5,634.0,0.5,21.5,0.5,,,
2012-10-27,2540.0,0.0,17.1,625.0,0.0,20.7,0.0,,,
2012-10-28,2450.0,1.8,14.8,619.0,0.9,20.5,0.9,,,
2012-10-29,8080.0,67.3,10.6,1000.0,59.5,1560.0,59.5,,,
2012-10-30,76200.0,45.3,6.2,13800.0,38.4,5310.0,38.4,,,
2012-10-31,134000.0,0.1,7.1,14200.0,1.0,788.0,1.0,,,
2012-11-01,76800.0,0.0,8.3,6170.0,0.0,236.0,0.0,,,
2012-11-02,35100.0,0.1,8.0,3720.0,0.0,166.0,0.0,,,
2012-11-03,22600.0,0.0,6.7,2790.0,0.0,131.0,0.0,,,
2012-11-04,16900.0,0.0,5.9,2270.0,0.0,110.0,0.0,,,
2012-11-05,13700.0,0.0,5.8,1970.0,0.0,96.0,0.0,,,
2012-11-06,11500.0,0.0,3.5,1750.0,0.0,92.1,0.0,,,
2012-11-07,9990.0,0.0,4.8,1590.0,0.0,93.8,0.0,,,
2012-11-08,8800.0,0.0,6.2,1470.0,0.0,87.9,0.0,,,
2012-11-09,7910.0,0.0,7.4,1370.0,0.0,80.5,0.0,,,
2012-11-10,7220.0,0.0,9.3,1290.0,0.0,74.4,0.0,,,
2012-11-11,6640.0,0.0,10.7,1230.0,0.0,68.7,0.0,,,
2012-11-12,6120.0,0.0,14.0,1190.0,0.0,64.8,0.0,,,
2012-11-13,6870.0,16.9,10.0,1330.0,17.8,130.0,17.8,,,
2012-11-14,8250.0,0.0,4.5,1770.0,0.0,98.0,0.0,,,
2012-11-15,7900.0,0.0,4.7,1650.0,0.0,73.3,0.0,,,
2012-11-16,7040.0,0.0,6.5,1660.0,0.0,68.1,0.0,,,
2012-11-17,6940.0,0.0,5.3,1630.0,0.0,61.6,0.0,,,
2012-11-18,6600.0,0.0,6.0,1540.0,0.0,56.6,0.0,,,
2012-11-19,6080.0,0.0,8.2,1470.0,0.0,54.9,0.0,,,
2012-11-20,5700.0,0.0,8.0,1390.0,0.0,53.2,0.0,,,
2012-11-21,5410.0,0.0,6.8,1330.0,0.0,50.8,0.0,,,
2012-11-22,5140.0,0.0,6.1,1280.0,0.0,47.6,0.0,,,
2012-11-23,4940.0,0.0,7.1,1210.0,0.0,45.4,0.0,,,
2012-11-24,4770.0,0.0,5.5,1140.0,0.0,43.8,0.0,,,
2012-11-25,4470.0,0.0,1.9,1090.0,0.0,40.4,0.0,,,
2012-11-26,4250.0,0.0,4.0,1040.0,0.0,38.8,0.0,,,
2012-11-27,4240.0,6.0,4.7,1040.0,7.0,43.2,7.0,,,
2012-11-28,4190.0,0.0,3.4,1030.0,0.0,48.8,0.0,,,
2012-11-29,4250.0,0.0,2.5,1010.0,0.0,41.8,0.0,,,
2012-11-30,4190.0,0.0,3.7,976.0,0.0,38.4,0.0,,,
2012-12-01,3990.0,0.0,4.8,960.0,0.0,37.2,0.0,,,
2012-12-02,3870.0,0.4,6.3,934.0,1.9,35.9,1.9,,,
2012-12-03,3770.0,1.5,12.9,915.0,0.7,35.9,0.7,,,
2012-12-04,3690.0,0.0,14.2,893.0,0.0,37.6,0.0,,,
2012-12-05,3630.0,0.0,13.6,871.0,0.7,44.7,0.7,,,
2012-12-06,3530.0,0.0,3.8,845.0,0.0,33.9,0.0,,,
2012-12-07,3430.0,2.9,4.9,824.0,3.0,34.1,3.0,,,
2012-12-08,3410.0,0.5,10.2,819.0,0.0,36.8,0.0,,,
2012-12-09,3520.0,3.4,9.6,845.0,6.1,45.0,6.1,,,
2012-12-10,3630.0,2.9,13.3,876.0,3.0,66.6,3.0,,,
2012-12-11,3850.0,1.0,9.9,927.0,1.7,54.6,1.7,,,
2012-12-12,4330.0,0.0,4.7,888.0,0.0,44.2,0.0,,,
2012-12-13,4670.0,0.0,4.2,861.0,0.0,39.4,0.0,,,
2012-12-14,4900.0,0.0,3.5,838.0,0.0,38.5,0.0,,,
2012-12-15,4900.0,0.0,4.1,833.0,0.0,37.6,0.0,,,
2012-12-16,4750.0,0.9,7.1,810.0,1.8,38.1,1.8,,,
2012-12-17,4580.0,0.5,10.0,808.0,4.2,39.3,4.2,,,
2012-12-18,4520.0,2.4,10.9,824.0,1.9,41.0,1.9,,,
2012-12-19,4400.0,0.0,6.8,815.0,0.0,39.5,0.0,,,
2012-12-20,4590.0,1.0,5.2,809.0,1.9,39.3,1.9,,,
2012-12-21,6160.0,16.3,7.1,941.0,17.5,216.0,17.5,,,
2012-12-22,11800.0,0.0,3.1,991.0,0.0,151.0,0.0,,,
2012-12-23,14800.0,0.0,2.4,1070.0,0.0,101.0,0.0,,,
2012-12-24,13200.0,5.3,1.5,1060.0,6.1,92.0,6.1,,,
2012-12-25,11500.0,0.5,4.5,1200.0,0.6,98.2,0.6,,,
2012-12-26,12100.0,21.4,2.2,1270.0,26.9,144.0,26.9,,,
2012-12-27,19700.0,4.0,3.9,1540.0,10.9,421.0,10.9,,,
2012-12-28,19000.0,0.0,1.8,1770.0,0.0,200.0,0.0,,,
2012-12-29,14800.0,6.3,1.4,1780.0,8.1,159.0,8.1,,,
2012-12-30,12700.0,0.0,1.6,1810.0,0.0,147.0,0.0,,,
2012-12-31,11400.0,0.0,0.5,1790.0,0.0,128.0,0.0,,,
2013-01-01,10600.0,0.0,3.8,1710.0,0.0,116.0,0.0,,,
2013-01-02,10100.0,0.0,1.4,1660.0,0.0,112.0,0.0,,,
2013-01-03,9720.0,0.0,-0.4,1600.0,0.0,102.0,0.0,,,
2013-01-04,9480.0,0.0,0.3,1570.0,0.0,94.5,0.0,,,
2013-01-05,9040.0,0.0,1.8,1530.0,0.0,89.9,0.0,,,
2013-01-06,8510.0,0.0,4.2,1510.0,0.1,87.4,0.1,,,
2013-01-07,8110.0,0.0,3.9,1510.0,0.0,86.4,0.0,,,
2013-01-08,7880.0,0.0,2.8,1510.0,0.0,84.5,0.0,,,
2013-01-09,7970.0,0.0,4.4,1520.0,0.0,82.0,0.0,,,
2013-01-10,8160.0,0.0,7.0,1510.0,0.0,79.3,0.0,,,
2013-01-11,8150.0,5.0,4.3,1550.0,3.5,77.5,3.5,,,
2013-01-12,8330.0,0.5,7.5,1630.0,0.1,81.5,0.1,,,
2013-01-13,10300.0,0.1,11.0,1810.0,0.1,79.0,0.1,,,
2013-01-14,13700.0,0.7,13.6,1910.0,1.2,77.1,1.2,,,
2013-01-15,17000.0,8.0,5.3,2020.0,7.7,91.1,7.7,,,
2013-01-16,23300.0,25.6,3.2,3440.0,20.6,636.0,20.6,,,
2013-01-17,37400.0,3.4,4.5,7210.0,0.3,532.0,0.3,,,
2013-01-18,47500.0,2.2,1.4,8140.0,0.5,367.0,0.5,,,
2013-01-19,39900.0,0.0,2.7,7070.0,0.0,294.0,0.0,,,
2013-01-20,29900.0,0.0,7.2,5570.0,0.0,253.0,0.0,,,
2013-01-21,23900.0,0.0,2.7,4520.0,0.0,216.0,0.0,,,
2013-01-22,20100.0,0.0,-3.1,3760.0,0.0,184.0,0.0,,,
2013-01-23,16500.0,0.0,-5.8,3220.0,0.0,152.0,0.0,,,
2013-01-24,13400.0,0.4,-4.5,2730.0,1.0,144.0,1.0,,,
2013-01-25,11200.0,2.5,-6.0,2420.0,2.6,134.0,2.6,,,
2013-01-26,9470.0,0.0,-3.5,2140.0,0.0,133.0,0.0,,,
2013-01-27,8940.0,0.0,-1.8,2120.0,0.0,122.0,0.0,,,
2013-01-28,8750.0,4.6,0.8,1910.0,4.1,121.0,4.1,,,
2013-01-29,8920.0,0.0,7.9,1910.0,0.0,131.0,0.0,,,
2013-01-30,9150.0,0.8,14.9,2090.0,0.8,846.0,0.8,,,
2013-01-31,64100.0,19.4,10.2,12800.0,31.6,4660.0,31.6,,,
2013-02-01,91400.0,2.4,-0.9,21900.0,2.0,1290.0,2.0,,,
2013-02-02,82100.0,0.3,-3.9,12900.0,0.0,550.0,0.0,,,
2013-02-03,49700.0,0.0,-0.9,8790.0,0.2,300.0,0.2,,,
2013-02-04,34800.0,0.0,-1.1,6880.0,0.0,210.0,0.0,,,
2013-02-05,27800.0,0.0,2.0,5340.0,1.4,180.0,1.4,,,
2013-02-06,23000.0,0.0,2.1,4440.0,0.0,156.0,0.0,,,
2013-02-07,19100.0,0.0,0.7,3760.0,0.0,129.0,0.0,,,
2013-02-08,16800.0,4.7,2.5,3360.0,2.9,121.0,2.9,,,
2013-02-09,15100.0,0.0,0.6,2930.0,0.0,114.0,0.0,,,
2013-02-10,13400.0,0.0,0.7,2760.0,0.0,92.0,0.0,,,
2013-02-11,12700.0,7.3,6.4,2560.0,5.2,103.0,5.2,,,
2013-02-12,12300.0,0.0,8.5,2390.0,0.0,102.0,0.0,,,
2013-02-13,11800.0,2.7,3.8,2240.0,1.8,91.2,1.8,,,
2013-02-14,11500.0,3.0,3.5,2190.0,2.5,95.7,2.5,,,
2013-02-15,11500.0,0.6,5.9,2130.0,2.6,90.1,2.6,,,
2013-02-16,11500.0,4.4,3.0,2080.0,2.7,99.0,2.7,,,
2013-02-17,11200.0,0.0,-0.4,1960.0,0.0,93.8,0.0,,,
2013-02-18,10400.0,0.0,-1.3,1860.0,0.0,82.0,0.0,,,
2013-02-19,9590.0,2.6,3.0,1800.0,2.3,83.6,2.3,,,
2013-02-20,9250.0,0.0,1.8,1730.0,0.0,85.0,0.0,,,
2013-02-21,8920.0,0.0,-0.5,1710.0,0.0,76.1,0.0,,,
2013-02-22,8450.0,0.6,-0.4,1680.0,1.6,72.9,1.6,,,
2013-02-23,8120.0,1.2,2.4,1660.0,0.0,74.2,0.0,,,
2013-02-24,7790.0,0.1,5.8,1620.0,0.1,74.5,0.1,,,
2013-02-25,7320.0,0.0,2.6,1520.0,0.0,70.3,0.0,,,
2013-02-26,7190.0,6.3,2.1,1540.0,7.5,76.9,7.5,,,
2013-02-27,11000.0,14.3,8.9,1930.0,15.5,550.0,15.5,,,
2013-02-28,15800.0,0.2,5.9,2730.0,0.0,400.0,0.0,,,
2013-03-01,15700.0,0.0,3.9,2890.0,0.0,250.0,0.0,,,
2013-03-02,16000.0,0.0,2.1,2820.0,0.0,180.0,0.0,,,
2013-03-03,15000.0,0.0,1.3,2600.0,0.0,150.0,0.0,,,
2013-03-04,13500.0,0.0,1.6,2440.0,0.0,120.0,0.0,,,
2013-03-05,12200.0,0.0,2.5,2300.0,0.0,100.0,0.0,,,
2013-03-06,12200.0,29.4,2.3,2310.0,22.5,132.0,22.5,,,
2013-03-07,14100.0,0.2,3.3,2450.0,0.0,257.0,0.0,,,
2013-03-08,14500.0,0.0,3.7,2740.0,0.0,296.0,0.0,,,
2013-03-09,14400.0,0.0,6.5,3010.0,0.0,188.0,0.0,,,
2013-03-10,14700.0,0.0,7.9,2940.0,0.0,156.0,0.0,,,
2013-03-11,14700.0,0.1,9.1,3920.0,0.2,143.0,0.2,,,
2013-03-12,20400.0,26.4,12.7,6110.0,24.6,910.0,24.6,,,
2013-03-13,36200.0,0.7,6.4,14700.0,0.8,546.0,0.8,,,
2013-03-14,43600.0,0.0,3.4,17400.0,0.0,309.0,0.0,,,
2013-03-15,40000.0,0.0,4.8,11600.0,0.0,205.0,0.0,,,
2013-03-16,30400.0,5.8,7.6,8640.0,4.2,190.0,4.2,,,
2013-03-17,24500.0,0.0,4.1,7000.0,0.0,173.0,0.0,,,
2013-03-18,20600.0,10.7,2.6,6090.0,11.3,160.0,11.3,,,
2013-03-19,19600.0,6.7,6.5,5790.0,4.1,230.0,4.1,,,
2013-03-20,18800.0,0.0,6.0,6010.0,0.0,175.0,0.0,,,
2013-03-21,19800.0,0.0,2.6,7080.0,0.0,154.0,0.0,,,
2013-03-22,22400.0,0.0,1.9,6880.0,0.0,145.0,0.0,,,
2013-03-23,21300.0,0.0,3.6,6110.0,0.0,135.0,0.0,,,
2013-03-24,18800.0,0.4,3.0,5300.0,0.5,133.0,0.5,,,
2013-03-25,16800.0,13.1,2.0,4870.0,12.7,138.0,12.7,,,
2013-03-26,16300.0,0.4,3.7,4780.0,0.9,156.0,0.9,,,
2013-03-27,16100.0,0.2,5.2,4750.0,0.6,130.0,0.6,,,
2013-03-28,16300.0,0.3,5.5,4650.0,0.6,101.0,0.6,,,
2013-03-29,16300.0,0.0,6.8,4450.0,0.1,92.3,0.1,,,
2013-03-30,15500.0,0.0,7.4,4220.0,0.0,88.3,0.0,,,
2013-03-31,14600.0,4.5,8.1,4090.0,5.3,88.8,5.3,,,
2013-04-01,14200.0,0.0,10.2,4080.0,0.0,91.9,0.0,,,
2013-04-02,14300.0,0.0,5.1,4030.0,0.0,84.1,0.0,,,
2013-04-03,15300.0,0.0,4.3,3940.0,0.0,76.6,0.0,,,
2013-04-04,16500.0,0.0,3.3,3800.0,0.0,71.7,0.0,,,
2013-04-05,16500.0,7.8,7.6,3630.0,2.1,71.5,2.1,,,
2013-04-06,14900.0,0.0,7.9,3510.0,0.0,68.0,0.0,,,
2013-04-07,13500.0,0.0,9.8,3390.0,0.0,64.4,0.0,,,
2013-04-08,12500.0,0.0,16.9,3240.0,0.0,64.0,0.0,,,
2013-04-09,11400.0,0.0,20.6,3050.0,0.0,62.2,0.0,,,
2013-04-10,10900.0,3.1,22.7,2890.0,1.6,59.9,1.6,,,
2013-04-11,11000.0,0.0,21.9,2790.0,0.0,57.7,0.0,,,
2013-04-12,12200.0,17.4,18.1,2780.0,19.6,84.5,19.6,,,
2013-04-13,13000.0,2.1,14.5,3110.0,0.0,85.8,0.0,,,
2013-04-14,19000.0,0.0,12.8,3950.0,0.0,64.5,0.0,,,
2013-04-15,22300.0,2.2,13.9,4680.0,1.6,59.5,1.6,,,
2013-04-16,18800.0,0.0,16.5,4330.0,0.0,56.4,0.0,,,
2013-04-17,16100.0,1.7,18.6,3970.0,2.3,60.0,2.3,,,
2013-04-18,14700.0,0.9,18.3,3690.0,0.6,59.6,0.6,,,
2013-04-19,13800.0,3.3,19.8,3370.0,9.2,61.5,9.2,,,
2013-04-20,16400.0,22.5,13.0,3350.0,17.6,114.0,17.6,,,
2013-04-21,16100.0,0.0,8.8,4210.0,0.0,71.2,0.0,,,
2013-04-22,17900.0,0.0,7.8,4920.0,0.0,59.9,0.0,,,
2013-04-23,17100.0,0.0,10.5,4780.0,0.0,55.9,0.0,,,
2013-04-24,15300.0,0.0,14.3,4180.0,0.0,54.7,0.0,,,
2013-04-25,13900.0,1.8,13.6,3710.0,2.4,52.6,2.4,,,
2013-04-26,12700.0,0.0,12.6,3330.0,0.0,48.7,0.0,,,
2013-04-27,11600.0,0.0,13.9,2960.0,0.0,47.8,0.0,,,
2013-04-28,10300.0,0.8,13.9,2660.0,2.4,50.3,2.4,,,
2013-04-29,9500.0,3.3,13.4,2520.0,0.5,56.1,0.5,,,
2013-04-30,9210.0,1.2,14.0,2430.0,0.1,61.6,0.1,,,
2013-05-01,9120.0,0.0,14.9,2340.0,0.0,57.8,0.0,,,
2013-05-02,8670.0,0.0,13.0,2220.0,0.0,51.4,0.0,,,
2013-05-03,7960.0,0.0,13.2,2070.0,0.0,47.6,0.0,,,
2013-05-04,7840.0,0.0,12.6,1960.0,0.0,45.0,0.0,,,
2013-05-05,7070.0,0.0,11.4,1850.0,0.0,43.2,0.0,,,
2013-05-06,6560.0,0.5,12.2,1820.0,0.2,42.4,0.2,,,
2013-05-07,6700.0,16.6,14.8,1890.0,19.1,54.1,19.1,,,
2013-05-08,8370.0,14.2,16.3,11100.0,17.4,126.0,17.4,,,
2013-05-09,51400.0,0.2,16.6,35900.0,0.3,91.6,0.3,,,
2013-05-10,89900.0,0.1,20.0,22600.0,0.3,70.0,0.3,,,
2013-05-11,59700.0,8.4,20.9,14500.0,7.4,155.0,7.4,,,
2013-05-12,46100.0,0.6,16.3,12000.0,0.0,108.0,0.0,,,
2013-05-13,38800.0,0.0,11.3,9450.0,0.0,75.4,0.0,,,
2013-05-14,30700.0,0.0,10.8,7440.0,0.0,66.0,0.0,,,
2013-05-15,24200.0,2.5,17.9,6000.0,2.2,62.0,2.2,,,
2013-05-16,20400.0,1.2,22.9,5110.0,0.0,58.0,0.0,,,
2013-05-17,17000.0,0.0,21.4,4420.0,0.0,52.0,0.0,,,
2013-05-18,14800.0,8.1,17.0,3830.0,7.1,50.0,7.1,,,
2013-05-19,12800.0,0.0,18.4,3410.0,0.1,47.0,0.1,,,
2013-05-20,11200.0,0.3,21.5,3130.0,0.9,50.0,0.9,,,
2013-05-21,10200.0,0.0,23.1,2920.0,0.0,47.0,0.0,,,
2013-05-22,9280.0,0.9,24.5,2760.0,2.7,43.0,2.7,,,
2013-05-23,9250.0,4.1,23.0,3070.0,13.4,114.0,13.4,,,
2013-05-24,12600.0,1.3,16.5,3740.0,0.7,295.0,0.7,,,
2013-05-25,13300.0,0.0,13.0,4010.0,0.0,175.0,0.0,,,
2013-05-26,12600.0,0.0,15.3,3960.0,0.0,138.0,0.0,,,
2013-05-27,11100.0,0.0,16.6,3610.0,0.0,119.0,0.0,,,
2013-05-28,9590.0,2.6,19.6,3100.0,0.9,113.0,0.9,,,
2013-05-29,8650.0,0.0,24.8,2740.0,0.0,107.0,0.0,,,
2013-05-30,7630.0,0.1,26.5,2560.0,0.0,94.1,0.0,,,
2013-05-31,7020.0,0.0,26.6,2320.0,0.0,82.9,0.0,,,
2013-06-01,6440.0,0.0,27.1,2050.0,0.0,74.0,0.0,,,
2013-06-02,6040.0,3.3,27.0,1980.0,4.5,67.7,4.5,,,
2013-06-03,8740.0,22.7,22.9,2320.0,16.1,136.0,16.1,,,
2013-06-04,6970.0,0.0,20.4,2610.0,0.0,129.0,0.0,,,
2013-06-05,6330.0,0.0,21.2,2060.0,0.0,90.4,0.0,,,
2013-06-06,5390.0,2.8,19.8,1880.0,16.9,80.4,16.9,,,
2013-06-07,8350.0,56.5,19.8,2050.0,32.6,157.0,32.6,,,
2013-06-08,9130.0,6.8,20.6,2730.0,1.6,222.0,1.6,,,
2013-06-09,7760.0,0.4,22.5,4030.0,1.5,166.0,1.5,,,
2013-06-10,15800.0,24.1,22.2,4090.0,19.9,436.0,19.9,,,
2013-06-11,22400.0,3.0,23.3,6220.0,5.2,753.0,5.2,,,
2013-06-12,18100.0,0.0,24.7,14300.0,0.4,248.0,0.4,,,
2013-06-13,23900.0,17.7,25.3,10900.0,6.7,302.0,6.7,,,
2013-06-14,21700.0,2.5,20.5,9190.0,0.4,476.0,0.4,,,
2013-06-15,17500.0,0.0,21.6,6700.0,0.0,155.0,0.0,,,
2013-06-16,15500.0,0.0,23.4,5210.0,0.0,116.0,0.0,,,
2013-06-17,13800.0,2.9,24.7,4200.0,0.3,100.0,0.3,,,
2013-06-18,11400.0,7.2,23.3,3620.0,2.6,95.5,2.6,,,
2013-06-19,10700.0,0.3,21.2,4600.0,0.0,182.0,0.0,,,
2013-06-20,11400.0,0.0,21.2,5890.0,0.0,115.0,0.0,,,
2013-06-21,10900.0,0.0,21.5,4210.0,0.0,83.9,0.0,,,
2013-06-22,9310.0,0.0,22.7,3340.0,0.0,72.3,0.0,,,
2013-06-23,7870.0,5.2,23.3,2750.0,2.3,65.8,2.3,,,
2013-06-24,6630.0,1.7,26.4,2600.0,2.1,61.8,2.1,,,
2013-06-25,6180.0,0.0,26.7,2330.0,0.0,69.5,0.0,,,
2013-06-26,5630.0,16.9,26.8,2160.0,3.4,59.4,3.4,,,
2013-06-27,5300.0,4.8,24.3,2370.0,5.4,52.8,5.4,,,
2013-06-28,5590.0,8.2,25.0,2280.0,1.6,51.2,1.6,,,
2013-06-29,5600.0,0.4,25.0,2200.0,0.0,48.5,0.0,,,
2013-06-30,5800.0,3.9,25.2,2020.0,2.9,48.2,2.9,,,
2013-07-01,5890.0,6.1,24.0,1770.0,5.5,49.6,5.5,,,
2013-07-02,5190.0,6.2,23.6,1660.0,1.6,46.1,1.6,,,
2013-07-03,6240.0,15.8,24.2,1620.0,6.6,46.0,6.6,,,
2013-07-04,5510.0,0.2,25.5,1580.0,0.3,47.9,0.3,,,
2013-07-05,5020.0,0.0,26.6,1550.0,0.0,41.3,0.0,,,
2013-07-06,4510.0,0.0,27.4,1590.0,0.0,38.1,0.0,,,
2013-07-07,4310.0,0.8,27.5,1550.0,6.8,36.9,6.8,,,
2013-07-08,4290.0,1.0,26.0,1560.0,0.5,47.8,0.5,,,
2013-07-09,4690.0,2.6,25.8,1410.0,7.6,41.5,7.6,,,
2013-07-10,4860.0,0.1,27.0,1370.0,1.4,38.0,1.4,,,
2013-07-11,5160.0,1.3,25.9,1340.0,0.6,36.5,0.6,,,
2013-07-12,8650.0,28.2,21.4,1390.0,19.9,50.6,19.9,,,
2013-07-13,6440.0,0.0,23.7,7960.0,0.0,55.2,0.0,,,
2013-07-14,11600.0,0.1,26.1,9010.0,0.1,43.6,0.1,,,
2013-07-15,12100.0,0.0,27.6,5330.0,0.0,38.0,0.0,,,
2013-07-16,10500.0,0.0,29.4,4050.0,0.0,34.6,0.0,,,
2013-07-17,8160.0,0.0,29.2,3260.0,0.0,31.5,0.0,,,
2013-07-18,6540.0,1.4,29.6,2690.0,2.6,29.7,2.6,,,
2013-07-19,5350.0,3.8,29.2,2330.0,3.4,28.5,3.4,,,
2013-07-20,4600.0,7.0,28.6,2100.0,6.9,27.4,6.9,,,
2013-07-21,4500.0,8.2,27.3,1850.0,4.1,26.8,4.1,,,
2013-07-22,4220.0,12.0,26.0,2090.0,7.7,26.9,7.7,,,
2013-07-23,4580.0,6.9,26.0,3090.0,6.4,46.9,6.4,,,
2013-07-24,6010.0,2.4,26.1,3880.0,0.3,39.8,0.3,,,
2013-07-25,8690.0,0.0,22.8,2660.0,0.0,30.0,0.0,,,
2013-07-26,7710.0,0.0,23.2,2110.0,0.0,26.0,0.0,,,
2013-07-27,5750.0,0.7,23.9,1850.0,1.6,23.9,1.6,,,
2013-07-28,5530.0,2.1,24.4,1700.0,0.8,23.2,0.8,,,
2013-07-29,4530.0,0.8,23.2,1560.0,0.0,23.4,0.0,,,
2013-07-30,4110.0,0.0,22.9,1520.0,0.0,21.9,0.0,,,
2013-07-31,3710.0,0.0,23.5,1430.0,0.0,20.1,0.0,,,
2013-08-01,3670.0,12.4,23.5,1320.0,8.2,20.9,8.2,,,
2013-08-02,3370.0,0.8,23.9,1370.0,0.0,22.8,0.0,,,
2013-08-03,3260.0,2.3,22.8,1330.0,4.4,21.1,4.4,,,
2013-08-04,3210.0,0.5,22.7,1310.0,0.0,22.7,0.0,,,
2013-08-05,3000.0,0.0,22.0,1210.0,0.0,20.5,0.0,,,
2013-08-06,2770.0,0.9,21.7,1160.0,0.7,21.0,0.7,,,
2013-08-07,2860.0,1.3,22.9,1070.0,4.0,22.3,4.0,,,
2013-08-08,2900.0,0.2,25.5,1020.0,1.3,23.1,1.3,,,
2013-08-09,3450.0,9.2,26.0,1080.0,8.3,19.4,8.3,,,
2013-08-10,3130.0,0.3,25.8,1070.0,0.2,17.5,0.2,,,
2013-08-11,3500.0,0.1,25.3,1010.0,0.0,15.7,0.0,,,
2013-08-12,4110.0,0.0,26.1,975.0,0.0,14.1,0.0,,,
2013-08-13,4640.0,7.1,26.0,983.0,7.5,13.7,7.5,,,
2013-08-14,4180.0,0.0,22.0,1060.0,0.2,13.5,0.2,,,
2013-08-15,3690.0,0.0,20.0,1080.0,0.0,12.3,0.0,,,
2013-08-16,3610.0,0.0,21.0,993.0,0.0,10.7,0.0,,,
2013-08-17,3840.0,0.0,21.0,893.0,0.0,9.75,0.0,,,
2013-08-18,3580.0,11.5,19.8,836.0,9.1,9.29,9.1,,,
2013-08-19,3090.0,0.1,20.0,837.0,0.0,9.21,0.0,,,
2013-08-20,2820.0,0.0,23.5,858.0,0.0,9.02,0.0,,,
2013-08-21,2580.0,1.2,25.0,986.0,4.0,8.91,4.0,,,
2013-08-22,2540.0,2.2,25.5,1170.0,0.2,8.62,0.2,,,
2013-08-23,2720.0,1.6,23.6,1060.0,2.7,8.72,2.7,,,
2013-08-24,2920.0,0.0,21.7,1420.0,0.0,9.47,0.0,,,
2013-08-25,2800.0,0.0,22.0,1760.0,0.0,9.86,0.0,,,
2013-08-26,3120.0,0.0,23.2,1780.0,0.0,9.18,0.0,,,
2013-08-27,4200.0,1.3,26.0,1540.0,2.6,8.43,2.6,,,
2013-08-28,5020.0,14.4,24.5,1230.0,16.5,7.98,16.5,,,
2013-08-29,4350.0,5.4,24.6,1160.0,2.3,10.1,2.3,,,
2013-08-30,3440.0,0.0,24.6,1120.0,0.0,10.4,0.0,,,
2013-08-31,3010.0,0.0,26.2,1100.0,0.0,9.24,0.0,,,
2013-09-01,3180.0,0.0,27.2,1160.0,0.2,8.25,0.2,,,
2013-09-02,5130.0,0.2,27.7,1290.0,0.3,7.74,0.3,,,
2013-09-03,5000.0,0.0,25.7,1270.0,1.2,7.28,1.2,,,
2013-09-04,4270.0,0.0,22.9,1120.0,0.0,6.41,0.0,,,
2013-09-05,3550.0,0.0,22.9,1040.0,0.0,5.97,0.0,,,
2013-09-06,3020.0,0.0,21.2,1010.0,0.0,5.69,0.0,,,
2013-09-07,2870.0,0.0,21.3,933.0,0.0,5.18,0.0,,,
2013-09-08,2740.0,0.0,23.9,891.0,0.0,5.43,0.0,,,
2013-09-09,2500.0,0.0,22.7,862.0,0.0,5.77,0.0,,,
2013-09-10,2320.0,0.0,25.9,795.0,0.0,5.51,0.0,,,
2013-09-11,2190.0,0.5,28.1,802.0,0.4,5.7,0.4,,,
2013-09-12,2540.0,2.0,27.7,780.0,1.2,6.08,1.2,,,
2013-09-13,3020.0,2.4,23.3,768.0,3.8,14.0,3.8,,,
2013-09-14,2650.0,0.0,18.9,755.0,0.0,8.21,0.0,,,
2013-09-15,2210.0,0.0,18.6,719.0,0.0,6.54,0.0,,,
2013-09-16,1880.0,2.2,19.3,699.0,2.3,5.49,2.3,,,
2013-09-17,1860.0,0.0,17.1,699.0,0.0,5.06,0.0,,,
2013-09-18,1860.0,0.0,16.1,685.0,0.0,5.15,0.0,,,
2013-09-19,1810.0,0.0,18.2,673.0,0.0,5.21,0.0,,,
2013-09-20,1770.0,0.0,20.0,683.0,0.0,5.52,0.0,,,
2013-09-21,1830.0,4.0,20.3,687.0,5.6,6.7,5.6,,,
2013-09-22,2400.0,14.4,18.6,683.0,6.3,8.93,6.3,,,
2013-09-23,2030.0,0.0,16.4,753.0,0.0,10.5,0.0,,,
2013-09-24,1990.0,0.0,15.1,760.0,0.0,9.59,0.0,,,
2013-09-25,2000.0,0.0,16.4,752.0,0.0,8.32,0.0,,,
2013-09-26,1980.0,0.0,17.8,738.0,0.0,7.19,0.0,,,
2013-09-27,1980.0,0.2,17.9,712.0,0.0,6.61,0.0,,,
2013-09-28,1890.0,0.1,17.3,681.0,0.0,6.54,0.0,,,
2013-09-29,1840.0,0.0,17.2,657.0,0.0,6.43,0.0,,,
2013-09-30,1710.0,0.0,18.2,673.0,0.0,6.43,0.0,,,
2013-10-01,1620.0,0.2,19.7,672.0,0.0,6.69,0.0,,,
2013-10-02,1580.0,0.0,21.9,666.0,0.0,6.59,0.0,,,
2013-10-03,1590.0,0.0,22.3,666.0,0.0,6.23,0.0,,,
2013-10-04,1800.0,0.3,23.9,664.0,0.2,5.89,0.2,,,
2013-10-05,1980.0,0.1,24.6,664.0,0.0,5.68,0.0,,,
2013-10-06,1650.0,0.0,24.9,659.0,0.0,5.56,0.0,,,
2013-10-07,1730.0,13.1,21.8,665.0,21.2,7.76,21.2,,,
2013-10-08,2750.0,0.0,16.3,667.0,0.0,21.6,0.0,,,
2013-10-09,2210.0,2.1,14.6,695.0,0.0,14.1,0.0,,,
2013-10-10,2950.0,38.3,12.6,1010.0,34.9,31.7,34.9,,,
2013-10-11,7400.0,29.9,14.9,2400.0,33.8,224.0,33.8,,,
2013-10-12,14700.0,12.3,17.1,3730.0,18.0,644.0,18.0,,,
2013-10-13,20100.0,2.9,16.6,3660.0,7.5,186.0,7.5,,,
2013-10-14,14900.0,0.0,15.8,3720.0,0.1,110.0,0.1,,,
2013-10-15,12200.0,0.0,15.5,3400.0,0.0,69.9,0.0,,,
2013-10-16,9670.0,0.0,17.5,2600.0,0.2,53.9,0.2,,,
2013-10-17,8360.0,0.3,18.8,2210.0,0.2,47.0,0.2,,,
2013-10-18,7130.0,0.5,15.9,1870.0,1.0,44.1,1.0,,,
2013-10-19,5990.0,0.5,14.4,1590.0,0.0,38.8,0.0,,,
2013-10-20,5170.0,0.0,12.8,1410.0,0.0,36.1,0.0,,,
2013-10-21,4590.0,0.0,11.9,1270.0,0.0,33.7,0.0,,,
2013-10-22,4310.0,0.0,13.4,1210.0,0.0,32.5,0.0,,,
2013-10-23,4040.0,0.1,11.2,1130.0,0.2,30.8,0.2,,,
2013-10-24,3690.0,0.0,8.0,1040.0,0.0,29.1,0.0,,,
2013-10-25,3390.0,0.0,6.9,998.0,0.0,34.0,0.0,,,
2013-10-26,3220.0,0.0,6.7,944.0,0.0,27.2,0.0,,,
2013-10-27,3060.0,0.0,10.5,859.0,0.0,24.8,0.0,,,
2013-10-28,2820.0,0.0,10.2,864.0,0.0,24.7,0.0,,,
2013-10-29,2810.0,0.0,10.5,889.0,0.0,24.2,0.0,,,
2013-10-30,2800.0,2.9,12.8,852.0,2.6,23.8,2.6,,,
2013-10-31,2690.0,1.0,16.0,818.0,0.6,23.8,0.6,,,
2013-11-01,2720.0,1.5,20.7,831.0,5.5,27.0,5.5,,,
2013-11-02,2800.0,0.0,15.8,829.0,0.2,32.2,0.2,,,
2013-11-03,2840.0,0.0,10.9,776.0,0.0,30.1,0.0,,,
2013-11-04,2710.0,0.0,5.6,764.0,0.0,24.9,0.0,,,
2013-11-05,2680.0,0.0,7.6,762.0,0.0,23.7,0.0,,,
2013-11-06,2620.0,0.0,13.5,743.0,0.0,23.0,0.0,,,
2013-11-07,2560.0,3.9,13.1,733.0,7.0,23.6,7.0,,,
2013-11-08,2520.0,0.0,7.8,692.0,0.0,23.8,0.0,,,
2013-11-09,2520.0,0.0,6.1,665.0,0.0,23.7,0.0,,,
2013-11-10,2500.0,0.0,9.6,683.0,0.0,22.6,0.0,,,
2013-11-11,2370.0,0.0,7.9,681.0,0.0,22.3,0.0,,,
2013-11-12,2400.0,0.5,6.8,670.0,0.0,22.4,0.0,,,
2013-11-13,2320.0,0.0,2.2,662.0,0.0,21.7,0.0,,,
2013-11-14,2240.0,0.0,3.1,653.0,0.0,20.8,0.0,,,
2013-11-15,2240.0,0.0,5.8,651.0,0.0,20.7,0.0,,,
2013-11-16,2310.0,5.0,9.6,629.0,2.2,21.7,2.2,,,
2013-11-17,2240.0,0.0,13.6,638.0,0.0,23.1,0.0,,,
2013-11-18,2280.0,1.7,16.4,677.0,2.8,25.0,2.8,,,
2013-11-19,2350.0,0.0,8.5,688.0,0.0,25.9,0.0,,,
2013-11-20,2320.0,0.0,3.9,689.0,0.0,24.4,0.0,,,
2013-11-21,2280.0,0.0,5.1,711.0,0.0,22.2,0.0,,,
2013-11-22,2200.0,3.4,10.1,665.0,0.6,21.5,0.6,,,
2013-11-23,2250.0,0.0,9.0,653.0,0.0,21.3,0.0,,,
2013-11-24,2150.0,0.0,-0.2,628.0,0.0,20.7,0.0,,,
2013-11-25,1950.0,0.0,-1.9,644.0,0.0,20.3,0.0,,,
2013-11-26,2190.0,10.4,0.9,683.0,13.0,23.1,13.0,,,
2013-11-27,7430.0,33.5,5.1,1030.0,31.7,246.0,31.7,,,
2013-11-28,10200.0,0.0,0.1,1720.0,0.0,120.0,0.0,,,
2013-11-29,9950.0,0.0,0.3,2690.0,0.0,65.6,0.0,,,
2013-11-30,9740.0,0.0,-0.8,2660.0,0.0,50.4,0.0,,,
2013-12-01,8890.0,0.0,1.4,2060.0,0.0,44.7,0.0,,,
2013-12-02,7240.0,0.0,4.3,1710.0,0.0,41.9,0.0,,,
2013-12-03,6080.0,0.0,5.9,1520.0,0.0,38.8,0.0,,,
2013-12-04,5350.0,0.0,7.1,1420.0,0.0,35.3,0.0,,,
2013-12-05,4870.0,0.0,13.0,1310.0,0.0,33.1,0.0,,,
2013-12-06,4810.0,15.8,12.2,1270.0,18.5,45.4,18.5,,,
2013-12-07,9470.0,8.4,4.3,1340.0,14.1,378.0,14.1,,,
2013-12-08,28000.0,10.2,-0.2,2300.0,8.3,176.0,8.3,,,
2013-12-09,39200.0,18.9,1.0,3790.0,12.1,201.0,12.1,,,
2013-12-10,29000.0,10.0,0.5,4630.0,9.6,245.0,9.6,,,
2013-12-11,23100.0,0.0,-2.1,6730.0,0.0,159.0,0.0,,,
2013-12-12,21400.0,0.0,-2.9,6590.0,0.0,116.0,0.0,,,
2013-12-13,20000.0,0.0,-2.5,5260.0,0.0,96.3,0.0,,,
2013-12-14,16600.0,6.6,0.9,4240.0,7.1,89.7,7.1,,,
2013-12-15,15600.0,9.1,3.2,3720.0,6.5,141.0,6.5,,,
2013-12-16,15300.0,0.0,-1.6,3500.0,0.0,186.0,0.0,,,
2013-12-17,14000.0,1.9,1.2,3470.0,1.2,126.0,1.2,,,
2013-12-18,12600.0,0.6,0.9,3170.0,0.0,115.0,0.0,,,
2013-12-19,11600.0,0.0,1.7,3040.0,0.0,102.0,0.0,,,
2013-12-20,10800.0,0.0,8.2,2940.0,0.0,101.0,0.0,,,
2013-12-21,10600.0,0.0,13.6,3160.0,0.1,108.0,0.1,,,
2013-12-22,14000.0,3.0,19.7,3670.0,6.8,127.0,6.8,,,
2013-12-23,25100.0,25.5,15.6,4700.0,20.2,423.0,20.2,,,
2013-12-24,32100.0,0.0,3.7,6340.0,0.0,285.0,0.0,,,
2013-12-25,29700.0,0.0,-2.3,8000.0,0.0,170.0,0.0,,,
2013-12-26,27400.0,0.0,-0.7,7220.0,0.0,138.0,0.0,,,
2013-12-27,22400.0,0.0,1.2,5830.0,0.0,118.0,0.0,,,
2013-12-28,18500.0,0.0,2.9,4830.0,0.0,105.0,0.0,,,
2013-12-29,18900.0,26.2,5.4,4550.0,25.5,561.0,25.5,,,
2013-12-30,27500.0,0.0,4.1,11900.0,0.0,656.0,0.0,,,
2013-12-31,52300.0,0.0,1.3,14800.0,0.0,331.0,0.0,,,
2014-01-01,45700.0,0.0,1.4,9420.0,0.0,243.0,0.0,,,
2014-01-02,32100.0,2.0,1.3,6890.0,2.5,212.0,2.5,,,
2014-01-03,25400.0,7.6,-5.0,6160.0,6.2,191.0,6.2,,,
2014-01-04,20800.0,0.0,-6.2,5260.0,0.0,160.0,0.0,,,
2014-01-05,17000.0,3.9,-0.0,4430.0,5.4,158.0,5.4,,,
2014-01-06,15900.0,5.4,5.6,4400.0,6.2,256.0,6.2,,,
2014-01-07,17200.0,0.0,-11.0,5380.0,0.0,243.0,0.0,,,
2014-01-08,14200.0,0.0,-7.0,5060.0,0.0,203.0,0.0,,,
2014-01-09,12800.0,0.0,-1.5,4380.0,0.0,152.0,0.0,,,
2014-01-10,12400.0,6.5,-0.2,4080.0,3.2,143.0,3.2,,,
2014-01-11,14900.0,14.2,7.3,3860.0,4.9,551.0,4.9,,,
2014-01-12,23200.0,0.0,5.8,4360.0,0.0,714.0,0.0,,,
2014-01-13,19100.0,0.0,4.1,5260.0,0.0,390.0,0.0,,,
2014-01-14,17200.0,8.1,7.9,5470.0,5.3,332.0,5.3,,,
2014-01-15,17000.0,0.0,3.6,5070.0,0.0,307.0,0.0,,,
2014-01-16,15900.0,1.3,2.3,4800.0,0.0,254.0,0.0,,,
2014-01-17,14200.0,0.0,1.3,4370.0,0.0,211.0,0.0,,,
2014-01-18,13200.0,0.3,0.0,3990.0,2.1,185.0,2.1,,,
2014-01-19,12000.0,0.0,-0.3,3690.0,0.0,161.0,0.0,,,
2014-01-20,11000.0,0.0,3.3,3450.0,0.0,150.0,0.0,,,
2014-01-21,10400.0,9.8,-0.6,3300.0,11.5,136.0,11.5,,,
2014-01-22,9840.0,1.5,-10.5,3170.0,1.1,122.0,1.1,,,
2014-01-23,8360.0,0.0,-10.9,2860.0,0.0,96.0,0.0,,,
2014-01-24,7270.0,0.0,-10.7,2630.0,0.0,100.0,0.0,,,
2014-01-25,7250.0,0.1,-5.7,2400.0,0.0,103.0,0.0,,,
2014-01-26,6170.0,0.3,-3.5,2250.0,0.2,103.0,0.2,,,
2014-01-27,7030.0,0.0,1.1,2160.0,0.0,97.0,0.0,,,
2014-01-28,9550.0,0.0,-8.0,2150.0,0.0,77.0,0.0,,,
2014-01-29,5900.0,0.9,-9.1,2160.0,0.4,67.0,0.4,,,
2014-01-30,5980.0,0.0,-7.5,2130.0,0.0,72.0,0.0,,,
2014-01-31,6250.0,0.0,-2.5,2120.0,0.0,79.7,0.0,,,
2014-02-01,6800.0,0.0,1.5,2100.0,0.0,78.0,0.0,,,
2014-02-02,6870.0,0.0,5.6,2100.0,0.0,80.0,0.0,,,
2014-02-03,10700.0,32.7,3.9,2790.0,31.0,537.0,31.0,,,
2014-02-04,15500.0,0.0,-0.9,8820.0,0.0,609.0,0.0,,,
2014-02-05,24100.0,14.8,0.8,15000.0,23.6,928.0,23.6,,,
2014-02-06,41700.0,0.0,-1.3,13800.0,0.0,792.0,0.0,,,
2014-02-07,52000.0,0.0,-0.1,11600.0,0.0,444.0,0.0,,,
2014-02-08,41800.0,0.1,-1.7,9150.0,0.0,351.0,0.0,,,
2014-02-09,30500.0,0.4,-0.8,7540.0,0.9,303.0,0.9,,,
2014-02-10,24500.0,0.0,-2.0,6400.0,0.3,269.0,0.3,,,
2014-02-11,20600.0,0.0,-3.6,5540.0,0.0,219.0,0.0,,,
2014-02-12,17500.0,0.0,-4.9,4820.0,0.0,176.0,0.0,,,
2014-02-13,15500.0,33.9,-0.6,4480.0,30.5,145.0,30.5,,,
2014-02-14,14000.0,3.3,2.4,4190.0,1.3,201.0,1.3,,,
2014-02-15,13400.0,2.4,0.7,4070.0,3.8,194.0,3.8,,,
2014-02-16,12800.0,0.0,-2.8,4020.0,0.1,165.0,0.1,,,
2014-02-17,12200.0,0.0,-3.7,3850.0,0.0,149.0,0.0,,,
2014-02-18,11700.0,2.2,1.4,3600.0,2.2,145.0,2.2,,,
2014-02-19,11600.0,4.2,4.5,3570.0,2.6,184.0,2.6,,,
2014-02-20,13600.0,0.0,5.1,5450.0,0.0,390.0,0.0,,,
2014-02-21,22400.0,5.5,10.3,9400.0,8.5,779.0,8.5,,,
2014-02-22,48000.0,0.0,5.7,12300.0,0.0,950.0,0.0,,,
2014-02-23,69500.0,0.0,8.6,14200.0,0.0,650.0,0.0,,,
2014-02-24,66500.0,4.0,4.0,11200.0,4.2,488.0,4.2,,,
2014-02-25,52800.0,1.9,-0.0,8880.0,1.3,384.0,1.3,,,
2014-02-26,40500.0,1.8,-0.8,7390.0,0.9,353.0,0.9,,,
2014-02-27,31400.0,0.0,-1.6,6340.0,0.0,281.0,0.0,,,
2014-02-28,25500.0,0.0,-5.8,5560.0,0.0,217.0,0.0,,,
2014-03-01,21000.0,0.0,-1.3,4910.0,0.0,187.0,0.0,,,
2014-03-02,18000.0,10.5,3.2,4450.0,6.9,181.0,6.9,,,
2014-03-03,17500.0,20.9,-3.5,4400.0,15.7,245.0,15.7,,,
2014-03-04,16500.0,0.0,-10.6,4620.0,0.0,216.0,0.0,,,
2014-03-05,15700.0,0.0,-1.7,6010.0,0.0,209.0,0.0,,,
2014-03-06,16500.0,0.0,-2.0,5620.0,0.0,215.0,0.0,,,
2014-03-07,15900.0,0.0,0.5,5370.0,0.0,221.0,0.0,,,
2014-03-08,15800.0,0.0,4.8,5450.0,0.0,233.0,0.0,,,
2014-03-09,16200.0,0.0,6.1,5540.0,0.0,238.0,0.0,,,
2014-03-10,16500.0,0.9,4.9,5700.0,0.0,214.0,0.0,,,
2014-03-11,17400.0,0.0,11.3,5700.0,0.0,199.0,0.0,,,
2014-03-12,18900.0,2.8,12.3,5440.0,4.7,201.0,4.7,,,
2014-03-13,21400.0,0.0,-0.6,5150.0,0.0,285.0,0.0,,,
2014-03-14,23400.0,0.0,2.3,4830.0,0.0,229.0,0.0,,,
2014-03-15,22800.0,0.0,11.1,4540.0,0.0,198.0,0.0,,,
2014-03-16,19800.0,0.5,4.9,4240.0,0.7,175.0,0.7,,,
2014-03-17,17900.0,12.1,-1.5,4100.0,9.5,177.0,9.5,,,
2014-03-18,16600.0,0.0,-0.4,4020.0,0.0,173.0,0.0,,,
2014-03-19,16000.0,2.3,2.7,3960.0,0.5,219.0,0.5,,,
2014-03-20,15800.0,0.0,7.4,4190.0,0.0,290.0,0.0,,,
2014-03-21,15400.0,0.5,7.0,4900.0,0.3,245.0,0.3,,,
2014-03-22,16500.0,0.0,10.7,5740.0,0.0,220.0,0.0,,,
2014-03-23,19400.0,0.0,6.4,5700.0,0.0,196.0,0.0,,,
2014-03-24,18400.0,0.0,1.0,5330.0,0.0,175.0,0.0,,,
2014-03-25,16900.0,8.7,0.2,4920.0,7.8,170.0,7.8,,,
2014-03-26,16000.0,0.5,-0.9,4640.0,0.0,170.0,0.0,,,
2014-03-27,14600.0,0.0,0.8,4310.0,0.0,163.0,0.0,,,
2014-03-28,13700.0,0.7,9.8,4120.0,2.6,172.0,2.6,,,
2014-03-29,13700.0,13.1,11.6,3920.0,5.6,212.0,5.6,,,
2014-03-30,25700.0,22.7,7.4,5400.0,20.5,1760.0,20.5,,,
2014-03-31,44000.0,4.3,8.6,6750.0,0.2,1300.0,0.2,,,
2014-04-01,40900.0,0.0,9.4,8450.0,0.0,800.0,0.0,,,
2014-04-02,33600.0,0.0,12.0,7560.0,1.2,520.0,1.2,,,
2014-04-03,28500.0,0.5,13.2,6640.0,0.4,401.0,0.4,,,
2014-04-04,25400.0,5.9,11.5,5930.0,9.6,330.0,9.6,,,
2014-04-05,23000.0,0.7,10.9,5370.0,2.3,259.0,2.3,,,
2014-04-06,20400.0,0.0,7.5,4870.0,0.0,187.0,0.0,,,
2014-04-07,18800.0,11.6,6.8,4460.0,10.7,181.0,10.7,,,
2014-04-08,18100.0,1.6,13.6,4270.0,1.2,218.0,1.2,,,
2014-04-09,17600.0,0.0,10.9,4420.0,0.0,139.0,0.0,,,
2014-04-10,16700.0,0.0,11.8,4470.0,0.0,111.0,0.0,,,
2014-04-11,15600.0,0.2,17.8,4080.0,3.0,101.0,3.0,,,
2014-04-12,14400.0,4.6,16.5,3850.0,3.3,95.7,3.3,,,
2014-04-13,13500.0,0.0,18.4,3630.0,0.0,89.1,0.0,,,
2014-04-14,12800.0,0.0,19.9,3420.0,0.0,85.0,0.0,,,
2014-04-15,14000.0,38.1,16.5,3390.0,33.4,140.0,33.4,,,
2014-04-16,16300.0,2.1,4.3,3830.0,0.7,224.0,0.7,,,
2014-04-17,17800.0,0.0,6.2,5080.0,0.0,144.0,0.0,,,
2014-04-18,17400.0,0.0,6.5,5230.0,0.0,119.0,0.0,,,
2014-04-19,16000.0,0.0,11.0,4690.0,0.0,110.0,0.0,,,
2014-04-20,14500.0,0.0,11.7,4300.0,0.0,99.2,0.0,,,
2014-04-21,13500.0,0.0,10.5,3940.0,0.0,94.7,0.0,,,
2014-04-22,12800.0,1.2,14.8,3660.0,1.3,92.5,1.3,,,
2014-04-23,12400.0,0.0,12.6,3440.0,0.0,88.2,0.0,,,
2014-04-24,11700.0,0.0,10.1,3210.0,0.0,81.4,0.0,,,
2014-04-25,11000.0,5.5,12.4,3080.0,6.2,87.4,6.2,,,
2014-04-26,11600.0,7.4,14.6,3600.0,2.8,164.0,2.8,,,
2014-04-27,12500.0,0.0,13.7,4210.0,0.0,111.0,0.0,,,
2014-04-28,13100.0,3.3,11.9,4170.0,3.5,95.1,3.5,,,
2014-04-29,13300.0,13.2,9.5,3940.0,11.4,145.0,11.4,,,
2014-04-30,47400.0,60.3,14.0,5360.0,38.0,2130.0,38.0,,,
2014-05-01,83900.0,4.1,19.8,12700.0,6.5,1210.0,6.5,,,
2014-05-02,66900.0,0.0,16.0,13800.0,0.0,727.0,0.0,,,
2014-05-03,45000.0,0.3,15.3,10500.0,0.2,476.0,0.2,,,
2014-05-04,34300.0,0.0,16.5,8290.0,0.7,365.0,0.7,,,
2014-05-05,27700.0,0.1,13.0,6830.0,0.3,294.0,0.3,,,
2014-05-06,23800.0,1.4,14.8,5830.0,1.8,338.0,1.8,,,
2014-05-07,20200.0,0.2,15.1,5180.0,1.1,278.0,1.1,,,
2014-05-08,18600.0,0.0,19.7,4640.0,0.0,266.0,0.0,,,
2014-05-09,16900.0,0.0,20.5,4190.0,0.0,206.0,0.0,,,
2014-05-10,16200.0,6.3,22.1,3840.0,8.1,191.0,8.1,,,
2014-05-11,15500.0,1.4,20.5,3640.0,3.1,240.0,3.1,,,
2014-05-12,14100.0,0.7,21.7,3410.0,0.8,162.0,0.8,,,
2014-05-13,13800.0,1.2,23.7,3220.0,2.2,198.0,2.2,,,
2014-05-14,14500.0,2.4,19.4,3230.0,1.8,229.0,1.8,,,
2014-05-15,13800.0,0.9,21.6,3630.0,4.4,208.0,4.4,,,
2014-05-16,71100.0,36.2,18.6,21700.0,57.6,5000.0,57.6,,,
2014-05-17,144000.0,0.0,14.8,42800.0,0.0,1300.0,0.0,,,
2014-05-18,125000.0,0.0,14.0,21300.0,0.0,582.0,0.0,,,
2014-05-19,63000.0,0.0,14.4,13200.0,0.0,337.0,0.0,,,
2014-05-20,43200.0,0.0,16.6,9690.0,0.0,238.0,0.0,,,
2014-05-21,33200.0,0.4,20.3,7660.0,0.0,190.0,0.0,,,
2014-05-22,28100.0,3.0,21.5,6410.0,9.6,220.0,9.6,,,
2014-05-23,24600.0,0.0,19.6,5430.0,0.0,173.0,0.0,,,
2014-05-24,21500.0,0.0,17.6,4660.0,0.0,161.0,0.0,,,
2014-05-25,18000.0,0.0,19.7,4080.0,0.0,163.0,0.0,,,
2014-05-26,14900.0,0.0,21.8,3630.0,0.0,145.0,0.0,,,
2014-05-27,13300.0,2.6,24.0,3380.0,1.6,136.0,1.6,,,
2014-05-28,14800.0,6.5,23.9,3180.0,5.3,253.0,5.3,,,
2014-05-29,12900.0,12.9,15.7,3060.0,16.8,164.0,16.8,,,
2014-05-30,13300.0,0.1,16.6,3080.0,0.5,170.0,0.5,,,
2014-05-31,11900.0,0.0,19.3,2870.0,0.0,129.0,0.0,,,
2014-06-01,11500.0,0.0,18.6,2730.0,0.0,113.0,0.0,,,
2014-06-02,11200.0,0.0,19.7,2550.0,0.0,103.0,0.0,,,
2014-06-03,10700.0,0.2,23.3,2380.0,0.7,99.0,0.7,,,
2014-06-04,10000.0,0.0,24.7,2230.0,0.0,92.0,0.0,,,
2014-06-05,9200.0,5.6,22.3,2310.0,5.7,160.0,5.7,,,
2014-06-06,8890.0,0.0,20.5,2230.0,0.0,88.5,0.0,,,
2014-06-07,8290.0,0.0,21.5,2310.0,0.0,67.9,0.0,,,
2014-06-08,8200.0,0.2,22.8,2200.0,1.9,61.0,1.9,,,
2014-06-09,10600.0,4.3,23.9,3880.0,4.0,124.0,4.0,,,
2014-06-10,14000.0,1.5,24.5,3450.0,0.8,94.2,0.8,,,
2014-06-11,15800.0,0.8,24.8,2580.0,3.3,255.0,3.3,,,
2014-06-12,29100.0,16.4,21.7,2750.0,11.0,1720.0,11.0,,,
2014-06-13,31200.0,3.2,23.1,2660.0,5.0,1030.0,5.0,,,
2014-06-14,40200.0,0.4,21.7,2980.0,0.0,540.0,0.0,,,
2014-06-15,32400.0,0.0,20.4,2590.0,0.0,318.0,0.0,,,
2014-06-16,19400.0,0.0,24.8,2240.0,0.0,205.0,0.0,,,
2014-06-17,14600.0,0.2,27.7,2120.0,0.0,151.0,0.0,,,
2014-06-18,11900.0,0.0,29.6,2090.0,0.0,124.0,0.0,,,
2014-06-19,10400.0,5.5,27.5,2040.0,2.3,109.0,2.3,,,
2014-06-20,9490.0,0.0,23.5,1860.0,0.0,102.0,0.0,,,
2014-06-21,9130.0,3.9,22.1,1930.0,6.1,94.5,6.1,,,
2014-06-22,8540.0,0.7,22.3,1950.0,0.1,96.0,0.1,,,
2014-06-23,7620.0,0.0,23.4,2180.0,0.0,90.2,0.0,,,
2014-06-24,7310.0,0.0,24.4,2920.0,0.0,91.6,0.0,,,
2014-06-25,7580.0,2.1,26.5,2200.0,3.6,70.0,3.6,,,
2014-06-26,6860.0,5.2,25.7,1890.0,4.7,60.0,4.7,,,
2014-06-27,7080.0,1.1,25.3,1860.0,0.3,58.4,0.3,,,
2014-06-28,6930.0,0.0,24.7,1790.0,0.0,54.6,0.0,,,
2014-06-29,6170.0,0.2,24.8,1550.0,0.0,51.2,0.0,,,
2014-06-30,5590.0,0.0,26.2,2080.0,0.0,48.7,0.0,,,
2014-07-01,5550.0,3.2,28.0,2070.0,2.2,47.9,2.2,,,
2014-07-02,5440.0,1.7,30.0,1700.0,12.4,46.6,12.4,,,
2014-07-03,5790.0,21.6,27.3,1620.0,19.8,54.2,19.8,,,
2014-07-04,5790.0,19.7,23.4,1760.0,5.4,53.9,5.4,,,
2014-07-05,5320.0,0.0,22.0,1880.0,0.0,48.3,0.0,,,
2014-07-06,5140.0,0.0,23.2,2520.0,0.0,41.8,0.0,,,
2014-07-07,5300.0,0.0,26.9,2080.0,0.0,40.3,0.0,,,
2014-07-08,5700.0,0.1,29.6,1670.0,1.3,39.8,1.3,,,
2014-07-09,5430.0,11.0,28.0,1480.0,6.0,47.7,6.0,,,
2014-07-10,5020.0,8.8,24.6,1370.0,0.7,44.4,0.7,,,
2014-07-11,5430.0,0.1,23.8,1360.0,0.0,39.4,0.0,,,
2014-07-12,4410.0,0.0,25.2,1350.0,0.0,37.1,0.0,,,
2014-07-13,4100.0,0.8,27.1,1320.0,0.5,36.9,0.5,,,
2014-07-14,4590.0,1.7,28.4,1470.0,5.8,68.3,5.8,,,
2014-07-15,6420.0,2.5,26.7,1600.0,7.6,144.0,7.6,,,
2014-07-16,7320.0,3.3,23.6,1410.0,1.1,119.0,1.1,,,
2014-07-17,5600.0,0.0,22.6,1340.0,0.0,60.7,0.0,,,
2014-07-18,4590.0,0.0,22.6,1220.0,0.0,44.1,0.0,,,
2014-07-19,4150.0,0.0,23.6,1150.0,1.4,37.8,1.4,,,
2014-07-20,3840.0,1.9,23.3,1050.0,0.1,34.5,0.1,,,
2014-07-21,3500.0,1.2,24.6,1040.0,0.7,31.9,0.7,,,
2014-07-22,3360.0,0.2,25.3,1020.0,0.6,29.2,0.6,,,
2014-07-23,3150.0,0.0,27.9,1110.0,0.0,28.9,0.0,,,
2014-07-24,3430.0,11.0,24.8,1070.0,6.4,48.0,6.4,,,
2014-07-25,3520.0,0.0,22.7,1100.0,0.0,41.0,0.0,,,
2014-07-26,3310.0,0.1,24.2,1170.0,0.2,29.3,0.2,,,
2014-07-27,3280.0,1.3,26.0,1140.0,2.6,26.1,2.6,,,
2014-07-28,3110.0,1.9,25.3,1160.0,8.2,24.9,8.2,,,
2014-07-29,3210.0,0.0,21.4,1270.0,0.0,23.3,0.0,,,
2014-07-30,3880.0,0.0,20.6,1400.0,0.0,21.0,0.0,,,
2014-07-31,3420.0,0.0,23.6,1200.0,0.1,19.5,0.1,,,
2014-08-01,3250.0,1.6,23.3,1060.0,1.1,19.0,1.1,,,
2014-08-02,3270.0,5.8,21.7,984.0,0.1,19.0,0.1,,,
2014-08-03,3380.0,1.7,23.5,961.0,2.6,19.3,2.6,,,
2014-08-04,3530.0,4.0,23.7,984.0,2.1,19.7,2.1,,,
2014-08-05,3530.0,0.0,25.4,911.0,0.0,20.8,0.0,,,
2014-08-06,3570.0,2.1,24.9,888.0,3.2,17.9,3.2,,,
2014-08-07,3250.0,0.0,24.3,913.0,0.0,16.5,0.0,,,
2014-08-08,3030.0,0.0,23.5,987.0,0.0,17.5,0.0,,,
2014-08-09,2900.0,0.8,24.1,850.0,1.1,15.1,1.1,,,
2014-08-10,2670.0,0.0,24.4,833.0,0.0,14.3,0.0,,,
2014-08-11,2450.0,0.8,23.8,814.0,4.5,13.7,4.5,,,
2014-08-12,5940.0,27.1,22.1,932.0,32.1,21.4,32.1,,,
2014-08-13,4350.0,0.1,23.3,1030.0,0.9,44.6,0.9,,,
2014-08-14,3620.0,0.0,22.4,1370.0,0.2,23.8,0.2,,,
2014-08-15,3950.0,0.0,20.8,1300.0,0.0,17.6,0.0,,,
2014-08-16,3430.0,0.0,21.9,1180.0,0.0,14.8,0.0,,,
2014-08-17,3380.0,0.0,24.3,994.0,0.0,13.5,0.0,,,
2014-08-18,3030.0,0.6,24.3,910.0,2.4,12.8,2.4,,,
2014-08-19,2840.0,0.2,24.5,856.0,0.3,12.4,0.3,,,
2014-08-20,2540.0,2.3,25.3,848.0,3.5,15.9,3.5,,,
2014-08-21,2730.0,4.5,25.4,915.0,5.3,77.8,5.3,,,
2014-08-22,3370.0,1.6,24.6,928.0,4.3,68.3,4.3,,,
2014-08-23,3210.0,3.6,22.6,864.0,5.5,43.4,5.5,,,
2014-08-24,4000.0,0.0,22.0,954.0,0.2,74.0,0.2,,,
2014-08-25,4260.0,0.0,22.5,910.0,0.0,33.4,0.0,,,
2014-08-26,3630.0,0.0,23.4,913.0,0.0,23.4,0.0,,,
2014-08-27,3080.0,0.0,25.2,981.0,0.0,19.7,0.0,,,
2014-08-28,2770.0,0.0,26.4,971.0,0.0,17.3,0.0,,,
2014-08-29,2610.0,0.0,22.4,847.0,0.0,14.9,0.0,,,
2014-08-30,2430.0,0.0,23.0,774.0,0.2,13.7,0.2,,,
2014-08-31,2570.0,3.6,26.7,758.0,6.5,21.3,6.5,,,
2014-09-01,2690.0,2.8,26.5,771.0,6.2,30.0,6.2,,,
2014-09-02,2750.0,3.5,28.3,838.0,1.5,58.5,1.5,,,
2014-09-03,2990.0,0.3,26.4,738.0,0.0,96.8,0.0,,,
2014-09-04,3180.0,0.1,25.5,714.0,0.3,33.5,0.3,,,
2014-09-05,2940.0,5.2,26.6,650.0,0.4,23.0,0.4,,,
2014-09-06,3100.0,5.2,26.9,621.0,7.2,20.0,7.2,,,
2014-09-07,2620.0,0.5,23.4,711.0,0.0,29.7,0.0,,,
2014-09-08,2300.0,4.9,20.9,621.0,0.2,25.2,0.2,,,
2014-09-09,2430.0,0.3,21.5,620.0,0.0,19.8,0.0,,,
2014-09-10,2200.0,0.0,22.2,618.0,0.0,18.4,0.0,,,
2014-09-11,2140.0,1.2,24.8,644.0,0.3,18.0,0.3,,,
2014-09-12,2510.0,0.0,22.5,654.0,0.0,16.4,0.0,,,
2014-09-13,2280.0,11.3,19.0,655.0,13.3,15.0,13.3,,,
2014-09-14,2160.0,0.0,17.0,637.0,0.0,15.3,0.0,,,
2014-09-15,2030.0,0.0,17.7,597.0,0.0,14.7,0.0,,,
2014-09-16,1950.0,0.0,20.4,601.0,0.1,13.7,0.1,,,
2014-09-17,1900.0,0.0,19.4,582.0,0.0,12.7,0.0,,,
2014-09-18,1790.0,1.0,19.7,572.0,0.0,12.4,0.0,,,
2014-09-19,1790.0,0.0,18.6,587.0,0.0,11.8,0.0,,,
2014-09-20,1750.0,0.0,21.1,569.0,0.0,11.1,0.0,,,
2014-09-21,1700.0,0.0,22.4,555.0,0.0,10.4,0.0,,,
2014-09-22,1600.0,0.0,21.3,546.0,0.0,9.08,0.0,,,
2014-09-23,1580.0,0.0,16.6,532.0,0.0,8.63,0.0,,,
2014-09-24,1570.0,0.2,17.0,517.0,0.2,8.41,0.2,,,
2014-09-25,2150.0,22.2,16.5,527.0,8.4,14.1,8.4,,,
2014-09-26,2070.0,0.0,18.7,601.0,0.0,21.1,0.0,,,
2014-09-27,2020.0,0.0,18.9,552.0,0.0,18.2,0.0,,,
2014-09-28,1970.0,0.0,20.1,516.0,0.0,14.4,0.0,,,
2014-09-29,1780.0,0.0,20.2,498.0,0.0,12.5,0.0,,,
2014-09-30,1710.0,0.0,20.1,517.0,0.5,12.6,0.5,,,
2014-10-01,1850.0,0.8,19.3,516.0,6.9,18.6,6.9,,,
2014-10-02,2040.0,0.2,18.8,502.0,0.3,20.4,0.3,,,
2014-10-03,2490.0,1.5,18.3,516.0,2.0,19.6,2.0,,,
2014-10-04,2460.0,5.7,18.3,509.0,2.8,88.5,2.8,,,
2014-10-05,2880.0,0.0,12.1,470.0,0.0,37.9,0.0,,,
2014-10-06,2430.0,0.0,14.6,449.0,0.0,23.4,0.0,,,
2014-10-07,2150.0,3.1,18.1,462.0,0.5,19.5,0.5,,,
2014-10-08,2220.0,2.8,19.2,497.0,2.8,18.3,2.8,,,
2014-10-09,1960.0,0.0,16.8,515.0,0.0,17.7,0.0,,,
2014-10-10,1880.0,3.8,15.7,515.0,6.8,19.5,6.8,,,
2014-10-11,2130.0,17.9,13.2,554.0,14.8,21.2,14.8,,,
2014-10-12,2190.0,0.0,12.9,614.0,0.0,23.4,0.0,,,
2014-10-13,2210.0,3.0,16.3,648.0,1.0,23.1,1.0,,,
2014-10-14,2320.0,0.0,20.9,617.0,0.0,21.2,0.0,,,
2014-10-15,2800.0,26.6,21.1,910.0,33.9,53.5,33.9,,,
2014-10-16,6190.0,0.4,16.0,2280.0,0.8,126.0,0.8,,,
2014-10-17,9530.0,0.0,16.7,3060.0,0.0,56.0,0.0,,,
2014-10-18,9680.0,0.0,16.6,2380.0,0.0,38.6,0.0,,,
2014-10-19,7610.0,0.0,12.0,1740.0,0.0,30.5,0.0,,,
2014-10-20,6060.0,0.0,11.5,1330.0,0.0,25.8,0.0,,,
2014-10-21,4920.0,1.9,14.8,1080.0,3.3,24.7,3.3,,,
2014-10-22,4860.0,16.3,11.7,999.0,14.7,29.1,14.7,,,
2014-10-23,4130.0,0.0,13.8,917.0,0.0,30.1,0.0,,,
2014-10-24,3550.0,0.0,14.8,852.0,0.0,25.4,0.0,,,
2014-10-25,3380.0,0.0,14.0,812.0,0.0,22.5,0.0,,,
2014-10-26,3130.0,0.0,15.3,775.0,0.0,21.2,0.0,,,
2014-10-27,2900.0,0.0,13.1,723.0,0.0,19.9,0.0,,,
2014-10-28,2780.0,0.0,17.6,688.0,0.0,18.7,0.0,,,
2014-10-29,2710.0,2.2,16.9,691.0,3.7,19.5,3.7,,,
2014-10-30,2700.0,0.0,11.0,675.0,0.0,20.8,0.0,,,
2014-10-31,2620.0,0.0,10.6,658.0,0.0,20.3,0.0,,,
2014-11-01,2530.0,4.0,9.2,660.0,2.3,19.7,2.3,,,
2014-11-02,2290.0,0.0,7.3,673.0,0.0,17.8,0.0,,,
2014-11-03,2340.0,0.0,8.6,645.0,0.0,16.1,0.0,,,
2014-11-04,2250.0,0.0,11.9,640.0,0.0,17.1,0.0,,,
2014-11-05,2260.0,0.0,15.0,614.0,0.7,16.9,0.7,,,
2014-11-06,2490.0,13.8,14.0,701.0,15.4,25.1,15.4,,,
2014-11-07,2700.0,0.0,10.0,642.0,0.0,38.0,0.0,,,
2014-11-08,2650.0,0.0,6.0,656.0,0.0,26.6,0.0,,,
2014-11-09,2650.0,0.0,9.3,644.0,0.0,21.9,0.0,,,
2014-11-10,2490.0,0.0,9.6,644.0,0.0,19.7,0.0,,,
2014-11-11,2520.0,0.0,11.5,664.0,0.0,19.3,0.0,,,
2014-11-12,2410.0,0.0,13.1,621.0,0.0,18.9,0.0,,,
2014-11-13,2450.0,0.6,6.0,599.0,0.8,18.3,0.8,,,
2014-11-14,2420.0,1.4,2.9,577.0,1.0,17.4,1.0,,,
2014-11-15,2360.0,0.0,2.0,586.0,0.0,16.8,0.0,,,
2014-11-16,2270.0,0.2,3.0,576.0,0.5,17.1,0.5,,,
2014-11-17,2530.0,19.6,6.5,617.0,20.1,21.0,20.1,,,
2014-11-18,2770.0,0.0,0.7,617.0,0.0,24.8,0.0,,,
2014-11-19,2610.0,0.0,-2.0,630.0,0.0,21.6,0.0,,,
2014-11-20,2650.0,0.0,3.1,627.0,0.0,18.7,0.0,,,
2014-11-21,2570.0,0.0,0.6,657.0,0.0,17.4,0.0,,,
2014-11-22,2430.0,0.0,0.8,686.0,0.0,16.1,0.0,,,
2014-11-23,2400.0,0.0,5.6,654.0,0.0,16.2,0.0,,,
2014-11-24,2660.0,10.4,15.8,676.0,7.4,26.8,7.4,,,
2014-11-25,2910.0,0.0,13.7,684.0,0.0,43.3,0.0,,,
2014-11-26,4390.0,27.4,5.4,799.0,25.1,99.2,25.1,,,
2014-11-27,5920.0,0.6,2.6,1000.0,0.1,165.0,0.1,,,
2014-11-28,6250.0,0.0,1.1,1280.0,0.0,105.0,0.0,,,
2014-11-29,5810.0,0.0,1.4,1320.0,0.0,68.6,0.0,,,
2014-11-30,5340.0,0.0,6.8,1420.0,0.0,53.7,0.0,,,
2014-12-01,4860.0,6.6,13.6,1310.0,4.0,46.3,4.0,,,
2014-12-02,4940.0,5.7,4.2,1310.0,3.1,44.8,3.1,,,
2014-12-03,5400.0,4.9,6.6,1420.0,3.2,64.5,3.2,,,
2014-12-04,5900.0,0.0,4.1,1690.0,0.0,61.0,0.0,,,
2014-12-05,7290.0,4.4,4.0,2160.0,5.7,50.2,5.7,,,
2014-12-06,8310.0,7.6,6.6,2270.0,8.9,66.0,8.9,,,
2014-12-07,10000.0,4.0,4.7,2570.0,2.6,237.0,2.6,,,
2014-12-08,13700.0,0.0,1.3,3440.0,0.0,132.0,0.0,,,
2014-12-09,17400.0,14.7,2.9,3900.0,17.7,220.0,17.7,,,
2014-12-10,19700.0,1.0,5.1,3820.0,0.0,287.0,0.0,,,
2014-12-11,17800.0,0.1,2.3,3450.0,0.0,194.0,0.0,,,
2014-12-12,14400.0,0.0,3.2,2950.0,0.0,152.0,0.0,,,
2014-12-13,12000.0,0.0,3.1,2590.0,0.0,124.0,0.0,,,
2014-12-14,10400.0,0.0,5.2,2280.0,0.0,112.0,0.0,,,
2014-12-15,9050.0,0.0,7.7,2050.0,0.0,98.5,0.0,,,
2014-12-16,8450.0,3.7,5.3,1920.0,4.0,89.8,4.0,,,
2014-12-17,8170.0,0.0,6.6,1860.0,0.0,91.2,0.0,,,
2014-12-18,7560.0,0.0,2.7,1620.0,0.0,81.6,0.0,,,
2014-12-19,6640.0,0.0,1.9,1470.0,0.0,72.5,0.0,,,
2014-12-20,6030.0,0.0,-0.0,1450.0,0.0,66.2,0.0,,,
2014-12-21,5700.0,0.0,1.5,1310.0,0.0,64.2,0.0,,,
2014-12-22,5500.0,4.2,-0.3,1280.0,2.7,61.1,2.7,,,
2014-12-23,5560.0,2.0,4.3,1250.0,3.0,65.6,3.0,,,
2014-12-24,7600.0,22.1,7.7,1370.0,18.2,265.0,18.2,,,
2014-12-25,11800.0,2.3,10.9,1500.0,1.5,352.0,1.5,,,
2014-12-26,11300.0,0.0,4.9,1650.0,0.0,268.0,0.0,,,
2014-12-27,10500.0,0.0,5.2,1830.0,0.0,216.0,0.0,,,
2014-12-28,9730.0,2.4,9.1,1790.0,1.8,185.0,1.8,,,
2014-12-29,8880.0,0.3,5.9,1680.0,0.0,158.0,0.0,,,
2014-12-30,7950.0,0.0,3.5,1620.0,0.0,136.0,0.0,,,
2014-12-31,7220.0,0.0,-1.0,1580.0,0.0,119.0,0.0,,,
2015-01-01,6660.0,0.0,-0.8,1520.0,0.0,107.0,0.0,,,
2015-01-02,6230.0,0.0,2.3,1470.0,0.0,96.2,0.0,,,
2015-01-03,5910.0,3.1,1.8,1430.0,5.1,89.4,5.1,,,
2015-01-04,8290.0,8.2,10.1,1750.0,6.2,225.0,6.2,,,
2015-01-05,9800.0,1.8,4.7,2460.0,0.4,262.0,0.4,,,
2015-01-06,9290.0,2.8,-1.7,2780.0,3.1,178.0,3.1,,,
2015-01-07,8960.0,0.0,-5.1,2670.0,0.0,149.0,0.0,,,
2015-01-08,7420.0,0.0,-9.8,2280.0,0.0,103.0,0.0,,,
2015-01-09,6800.0,0.0,-2.4,2020.0,0.2,97.0,0.2,,,
2015-01-10,6200.0,0.0,-5.6,1910.0,0.0,78.0,0.0,,,
2015-01-11,5700.0,0.0,-3.0,1780.0,0.0,70.0,0.0,,,
2015-01-12,7030.0,15.5,1.6,2170.0,13.1,72.0,13.1,,,
2015-01-13,9330.0,4.1,0.9,2280.0,3.1,120.0,3.1,,,
2015-01-14,8810.0,2.2,-2.1,2160.0,1.0,111.0,1.0,,,
2015-01-15,8010.0,0.0,0.1,2070.0,0.0,93.4,0.0,,,
2015-01-16,7340.0,0.0,0.4,1930.0,0.0,87.4,0.0,,,
2015-01-17,6780.0,0.0,-0.6,1770.0,0.0,79.7,0.0,,,
2015-01-18,6340.0,4.0,2.2,1700.0,0.7,74.8,0.7,,,
2015-01-19,5980.0,0.0,2.6,1610.0,0.0,74.3,0.0,,,
2015-01-20,5710.0,0.5,2.7,1550.0,1.1,71.6,1.1,,,
2015-01-21,5600.0,4.3,-0.1,1480.0,2.9,68.7,2.9,,,
2015-01-22,5390.0,0.5,1.3,1480.0,0.7,66.7,0.7,,,
2015-01-23,5310.0,0.4,0.9,1450.0,0.2,67.1,0.2,,,
2015-01-24,9180.0,19.3,1.9,1620.0,16.4,352.0,16.4,,,
2015-01-25,10500.0,0.0,3.5,2790.0,0.0,296.0,0.0,,,
2015-01-26,10400.0,4.1,2.8,3400.0,6.6,179.0,6.6,,,
2015-01-27,11500.0,2.4,-0.6,3640.0,2.7,158.0,2.7,,,
2015-01-28,12300.0,0.0,-2.6,3490.0,0.0,125.0,0.0,,,
2015-01-29,11300.0,0.6,-1.3,3230.0,0.7,113.0,0.7,,,
2015-01-30,10200.0,0.0,1.5,2840.0,0.3,103.0,0.3,,,
2015-01-31,8830.0,0.0,-4.6,2550.0,0.0,111.0,0.0,,,
2015-02-01,8020.0,0.0,0.2,2300.0,0.0,99.0,0.0,,,
2015-02-02,7750.0,12.1,4.5,2200.0,9.3,88.0,9.3,,,
2015-02-03,7820.0,0.0,-3.0,2100.0,0.0,92.6,0.0,,,
2015-02-04,7370.0,0.0,1.3,2120.0,0.0,83.4,0.0,,,
2015-02-05,7060.0,0.0,0.4,2180.0,0.0,76.7,0.0,,,
2015-02-06,7300.0,0.0,-3.1,2140.0,0.0,68.8,0.0,,,
2015-02-07,7290.0,0.0,0.6,2100.0,0.0,72.0,0.0,,,
2015-02-08,7200.0,0.0,5.9,2040.0,0.0,74.0,0.0,,,
2015-02-09,7000.0,1.0,3.6,1990.0,0.2,72.0,0.2,,,
2015-02-10,6790.0,1.5,1.2,1930.0,2.3,73.0,2.3,,,
2015-02-11,6610.0,0.0,0.8,1890.0,0.0,67.0,0.0,,,
2015-02-12,6790.0,0.0,1.3,1850.0,0.1,60.9,0.1,,,
2015-02-13,7570.0,0.0,-5.9,1790.0,0.0,51.7,0.0,,,
2015-02-14,7850.0,0.2,-2.5,1720.0,0.2,55.0,0.2,,,
2015-02-15,5780.0,0.6,-9.5,1540.0,0.1,57.3,0.1,,,
2015-02-16,4870.0,1.5,-11.6,1610.0,1.6,54.9,1.6,,,
2015-02-17,4270.0,7.1,-7.2,1420.0,5.7,43.6,5.7,,,
2015-02-18,5060.0,0.5,-8.3,1860.0,0.6,48.3,0.6,,,
2015-02-19,4920.0,0.2,-9.7,1830.0,0.0,46.7,0.0,,,
2015-02-20,4380.0,0.0,-14.4,1640.0,0.0,42.5,0.0,,,
2015-02-21,3950.0,10.8,-11.3,1800.0,14.0,38.0,14.0,,,
2015-02-22,4490.0,11.7,3.1,1780.0,6.1,47.8,6.1,,,
2015-02-23,4510.0,0.0,-1.8,1790.0,0.0,74.8,0.0,,,
2015-02-24,5420.0,0.0,-7.0,1810.0,0.0,65.1,0.0,,,
2015-02-25,5120.0,0.0,-3.2,1800.0,0.0,62.1,0.0,,,
2015-02-26,5810.0,2.8,-0.6,1800.0,2.1,62.8,2.1,,,
2015-02-27,5750.0,0.0,-1.7,1800.0,0.0,60.7,0.0,,,
2015-02-28,5410.0,0.0,-6.3,1780.0,0.0,50.2,0.0,,,
2015-03-01,4930.0,4.6,-3.8,1720.0,4.4,50.0,4.4,,,
2015-03-02,5140.0,2.1,1.3,1700.0,0.9,60.1,0.9,,,
2015-03-03,5160.0,0.6,-2.8,1580.0,1.3,102.0,1.3,,,
2015-03-04,5170.0,10.4,4.8,1580.0,10.7,101.0,10.7,,,
2015-03-05,10300.0,34.9,1.3,3130.0,35.8,823.0,35.8,,,
2015-03-06,15900.0,0.5,-8.0,7080.0,0.2,280.0,0.2,,,
2015-03-07,29000.0,0.0,-6.0,8600.0,0.0,186.0,0.0,,,
2015-03-08,31500.0,0.0,3.9,6710.0,0.0,237.0,0.0,,,
2015-03-09,29400.0,0.0,5.9,6220.0,0.0,499.0,0.0,,,
2015-03-10,36600.0,6.7,4.5,7500.0,8.2,580.0,8.2,,,
2015-03-11,47400.0,5.7,10.0,9330.0,4.8,880.0,4.8,,,
2015-03-12,50000.0,0.0,7.9,11100.0,0.0,468.0,0.0,,,
2015-03-13,51400.0,0.0,4.5,10100.0,0.0,271.0,0.0,,,
2015-03-14,46000.0,16.5,8.0,8470.0,16.2,390.0,16.2,,,
2015-03-15,45000.0,0.2,9.1,7440.0,0.0,320.0,0.0,,,
2015-03-16,38300.0,0.0,8.2,6640.0,0.0,220.0,0.0,,,
2015-03-17,34500.0,0.3,12.4,5800.0,1.3,194.0,1.3,,,
2015-03-18,28800.0,0.0,4.1,5130.0,0.0,154.0,0.0,,,
2015-03-19,23900.0,0.0,4.1,4590.0,0.0,128.0,0.0,,,
2015-03-20,19900.0,18.5,2.7,4260.0,17.7,140.0,17.7,,,
2015-03-21,18400.0,0.0,5.3,4270.0,0.0,186.0,0.0,,,
2015-03-22,17700.0,0.0,7.7,4380.0,0.0,171.0,0.0,,,
2015-03-23,19600.0,0.0,3.8,4330.0,0.0,130.0,0.0,,,
2015-03-24,19900.0,0.0,3.5,3960.0,0.0,111.0,0.0,,,
2015-03-25,17800.0,1.3,3.3,3640.0,0.4,101.0,0.4,,,
2015-03-26,15900.0,1.0,12.0,3420.0,0.9,97.6,0.9,,,
2015-03-27,16900.0,12.4,7.3,3360.0,8.7,149.0,8.7,,,
2015-03-28,15700.0,0.0,2.3,3220.0,0.0,141.0,0.0,,,
2015-03-29,13600.0,0.0,1.0,3340.0,0.0,107.0,0.0,,,
2015-03-30,12600.0,0.3,7.3,3540.0,0.3,95.5,0.3,,,
2015-03-31,11900.0,0.7,9.6,3270.0,0.9,88.7,0.9,,,
2015-04-01,11000.0,0.0,7.5,3090.0,0.0,82.6,0.0,,,
2015-04-02,10300.0,0.0,9.7,2830.0,0.0,76.5,0.0,,,
2015-04-03,9570.0,9.6,16.9,2670.0,10.9,75.3,10.9,,,
2015-04-04,9100.0,5.0,13.0,2570.0,10.7,80.5,10.7,,,
2015-04-05,8640.0,0.0,9.4,2440.0,0.0,69.8,0.0,,,
2015-04-06,8260.0,0.0,13.7,2580.0,0.0,62.0,0.0,,,
2015-04-07,8140.0,2.9,17.5,2900.0,2.8,59.7,2.8,,,
2015-04-08,9690.0,3.9,10.7,2930.0,5.4,70.7,5.4,,,
2015-04-09,9640.0,2.4,7.8,2960.0,4.4,78.4,4.4,,,
2015-04-10,9460.0,0.4,11.4,3060.0,1.1,102.0,1.1,,,
2015-04-11,9890.0,0.0,14.2,3660.0,0.0,85.3,0.0,,,
2015-04-12,14700.0,0.0,11.7,4290.0,0.0,67.8,0.0,,,
2015-04-13,17100.0,0.0,15.0,4120.0,0.0,60.6,0.0,,,
2015-04-14,15100.0,17.8,14.9,3840.0,11.0,63.2,11.0,,,
2015-04-15,13600.0,0.1,13.3,4060.0,0.0,76.6,0.0,,,
2015-04-16,13400.0,0.0,14.0,7450.0,0.0,64.6,0.0,,,
2015-04-17,19400.0,1.3,17.1,8520.0,0.7,59.7,0.7,,,
2015-04-18,20600.0,0.0,19.0,6840.0,0.0,65.2,0.0,,,
2015-04-19,17700.0,0.5,15.9,5770.0,0.6,69.7,0.6,,,
2015-04-20,20600.0,34.8,17.7,5930.0,30.3,355.0,30.3,,,
2015-04-21,36300.0,3.1,16.2,11700.0,4.6,400.0,4.6,,,
2015-04-22,58800.0,1.0,13.4,13800.0,0.8,250.0,0.8,,,
2015-04-23,46200.0,0.0,9.7,9630.0,0.0,180.0,0.0,,,
2015-04-24,33600.0,0.0,8.1,7390.0,0.0,150.0,0.0,,,
2015-04-25,26300.0,1.1,7.6,6090.0,0.5,140.0,0.5,,,
2015-04-26,22300.0,6.5,9.8,5250.0,6.2,160.0,6.2,,,
2015-04-27,18500.0,0.0,10.4,4770.0,0.1,110.0,0.1,,,
2015-04-28,16900.0,0.0,12.1,4590.0,0.0,85.0,0.0,,,
2015-04-29,15600.0,0.0,15.3,4110.0,0.0,75.2,0.0,,,
2015-04-30,14000.0,1.2,15.9,3760.0,1.1,70.0,1.1,,,
2015-05-01,13100.0,0.7,13.2,3630.0,2.0,71.3,2.0,,,
2015-05-02,12400.0,0.1,14.8,3650.0,1.5,66.7,1.5,,,
2015-05-03,12900.0,0.0,18.0,3780.0,0.0,59.2,0.0,,,
2015-05-04,14200.0,0.0,19.5,3750.0,0.0,55.8,0.0,,,
2015-05-05,13600.0,1.5,21.7,3370.0,3.6,50.6,3.6,,,
2015-05-06,11900.0,5.1,21.0,3120.0,0.9,49.9,0.9,,,
2015-05-07,11300.0,0.0,20.1,3430.0,0.7,49.3,0.7,,,
2015-05-08,13600.0,0.0,21.2,3630.0,0.0,45.8,0.0,,,
2015-05-09,13600.0,0.0,20.1,3740.0,0.0,42.7,0.0,,,
2015-05-10,11400.0,0.1,22.0,3140.0,0.0,40.7,0.0,,,
2015-05-11,9660.0,0.4,21.9,2700.0,0.0,38.8,0.0,,,
2015-05-12,8510.0,0.0,24.2,2450.0,0.0,36.5,0.0,,,
2015-05-13,7640.0,0.0,19.0,2270.0,0.0,32.0,0.0,,,
2015-05-14,6930.0,0.0,15.9,2140.0,0.0,29.2,0.0,,,
2015-05-15,6170.0,0.0,17.9,2100.0,0.0,28.9,0.0,,,
2015-05-16,6300.0,3.4,23.0,1990.0,3.7,29.2,3.7,,,
2015-05-17,6980.0,4.5,22.9,2010.0,4.0,54.8,4.0,,,
2015-05-18,6220.0,1.9,25.3,2010.0,3.2,46.2,3.2,,,
2015-05-19,8020.0,2.4,24.5,2040.0,5.7,74.6,5.7,,,
2015-05-20,8490.0,0.0,20.1,2040.0,0.0,50.0,0.0,,,
2015-05-21,7730.0,4.9,13.8,2050.0,3.3,36.3,3.3,,,
2015-05-22,7560.0,0.0,15.9,2280.0,0.0,33.5,0.0,,,
2015-05-23,7220.0,0.0,17.0,2090.0,0.0,28.9,0.0,,,
2015-05-24,6320.0,0.0,19.1,1900.0,0.0,25.2,0.0,,,
2015-05-25,5630.0,0.0,23.0,1790.0,0.0,23.9,0.0,,,
2015-05-26,5060.0,0.0,24.5,1630.0,0.0,22.1,0.0,,,
2015-05-27,4810.0,2.4,25.7,1510.0,0.2,23.7,0.2,,,
2015-05-28,4630.0,0.2,25.4,1510.0,0.0,31.5,0.0,,,
2015-05-29,4470.0,0.0,24.8,1420.0,0.0,23.2,0.0,,,
2015-05-30,4100.0,0.0,25.1,1390.0,0.0,19.7,0.0,,,
2015-05-31,3870.0,0.2,26.1,1330.0,0.3,19.0,0.3,,,
2015-06-01,3880.0,9.9,25.9,1350.0,4.9,36.2,4.9,,,
2015-06-02,7180.0,22.7,17.9,1820.0,17.8,108.0,17.8,,,
2015-06-03,8890.0,0.2,15.2,1950.0,0.0,58.4,0.0,,,
2015-06-04,8190.0,5.5,15.9,1890.0,3.7,51.8,3.7,,,
2015-06-05,7910.0,2.1,16.8,1840.0,1.5,83.7,1.5,,,
2015-06-06,7290.0,2.1,20.6,1690.0,0.2,61.1,0.2,,,
2015-06-07,6200.0,0.4,20.5,1620.0,0.0,43.6,0.0,,,
2015-06-08,5910.0,0.5,22.8,1550.0,8.4,35.8,8.4,,,
2015-06-09,6460.0,1.5,24.9,1520.0,2.8,32.7,2.8,,,
2015-06-10,6180.0,0.0,23.2,1750.0,0.0,29.3,0.0,,,
2015-06-11,5830.0,0.1,25.9,1530.0,0.4,25.2,0.4,,,
2015-06-12,4820.0,0.6,27.8,1300.0,1.6,21.8,1.6,,,
2015-06-13,4240.0,2.6,27.2,1250.0,3.6,19.1,3.6,,,
2015-06-14,4160.0,6.4,26.6,1120.0,4.8,19.0,4.8,,,
2015-06-15,4070.0,0.1,27.2,1150.0,1.5,18.9,1.5,,,
2015-06-16,3810.0,0.0,28.1,1180.0,0.0,21.4,0.0,,,
2015-06-17,4330.0,2.0,25.7,1040.0,0.4,17.9,0.4,,,
2015-06-18,4700.0,14.2,25.2,1060.0,16.4,21.2,16.4,,,
2015-06-19,5160.0,3.8,25.6,1080.0,3.1,25.0,3.1,,,
2015-06-20,6810.0,1.7,25.6,1180.0,4.6,50.7,4.6,,,
2015-06-21,10800.0,14.6,26.8,1600.0,6.8,232.0,6.8,,,
2015-06-22,11500.0,0.0,27.4,1350.0,0.0,115.0,0.0,,,
2015-06-23,11200.0,1.7,28.2,1260.0,2.2,71.0,2.2,,,
2015-06-24,12600.0,0.0,25.1,1260.0,0.0,135.0,0.0,,,
2015-06-25,9580.0,0.0,24.4,1160.0,0.2,80.0,0.2,,,
2015-06-26,7960.0,23.5,22.6,1060.0,18.8,51.9,18.8,,,
2015-06-27,12400.0,26.8,21.0,1160.0,31.6,246.0,31.6,,,
2015-06-28,26300.0,5.8,21.3,1350.0,9.6,719.0,9.6,,,
2015-06-29,44200.0,0.0,21.3,4330.0,0.0,280.0,0.0,,,
2015-06-30,40600.0,1.4,24.0,4920.0,1.0,176.0,1.0,,,
2015-07-01,26200.0,0.0,25.0,3340.0,0.0,119.0,0.0,,,
2015-07-02,18800.0,7.5,22.1,2620.0,9.9,67.9,9.9,,,
2015-07-03,14000.0,0.6,21.7,2160.0,0.8,66.2,0.8,,,
2015-07-04,11700.0,6.7,22.5,1860.0,9.9,86.1,9.9,,,
2015-07-05,11000.0,0.3,23.3,1710.0,1.7,100.0,1.7,,,
2015-07-06,9110.0,11.0,24.2,1570.0,6.6,68.7,6.6,,,
2015-07-07,8570.0,0.0,26.1,1580.0,0.1,67.0,0.1,,,
2015-07-08,8540.0,16.8,25.5,1570.0,16.5,55.8,16.5,,,
2015-07-09,10700.0,0.0,26.5,1730.0,0.2,85.4,0.2,,,
2015-07-10,9150.0,0.0,25.8,1650.0,0.0,54.4,0.0,,,
2015-07-11,8720.0,5.0,24.4,1470.0,7.7,42.5,7.7,,,
2015-07-12,7610.0,0.0,24.0,1450.0,0.0,35.5,0.0,,,
2015-07-13,6920.0,1.3,23.6,1550.0,2.3,31.6,2.3,,,
2015-07-14,7090.0,7.3,24.5,6810.0,7.2,33.5,7.2,,,
2015-07-15,12100.0,2.5,24.8,3980.0,2.3,35.4,2.3,,,
2015-07-16,9540.0,0.0,23.0,2730.0,0.0,28.7,0.0,,,
2015-07-17,8200.0,0.0,23.0,2230.0,0.0,23.5,0.0,,,
2015-07-18,7200.0,0.0,26.6,1870.0,0.0,23.4,0.0,,,
2015-07-19,6520.0,0.0,28.7,1620.0,0.0,24.8,0.0,,,
2015-07-20,5960.0,0.0,29.3,1460.0,0.0,21.8,0.0,,,
2015-07-21,5260.0,2.9,28.2,1370.0,1.3,16.8,1.3,,,
2015-07-22,4730.0,0.0,25.7,1140.0,0.0,15.2,0.0,,,
2015-07-23,4190.0,0.0,24.7,1150.0,0.0,12.4,0.0,,,
2015-07-24,3810.0,0.0,24.3,1110.0,0.0,10.9,0.0,,,
2015-07-25,3490.0,0.0,25.5,1120.0,0.0,9.29,0.0,,,
2015-07-26,3270.0,0.2,26.5,963.0,0.0,8.13,0.0,,,
2015-07-27,3130.0,11.7,25.9,917.0,7.7,10.9,7.7,,,
2015-07-28,3120.0,0.0,26.0,1000.0,0.1,8.84,0.1,,,
2015-07-29,3070.0,1.2,26.1,1120.0,0.5,7.78,0.5,,,
2015-07-30,3420.0,13.0,27.1,1170.0,2.1,8.19,2.1,,,
2015-07-31,3490.0,0.0,26.6,1110.0,0.0,10.3,0.0,,,
2015-08-01,3090.0,0.0,26.5,1070.0,0.0,9.48,0.0,,,
2015-08-02,2850.0,0.0,25.9,1090.0,0.0,6.43,0.0,,,
2015-08-03,2700.0,0.0,26.3,939.0,0.0,4.62,0.0,,,
2015-08-04,2680.0,1.2,26.9,869.0,0.0,5.29,0.0,,,
2015-08-05,2630.0,0.0,26.2,772.0,0.0,10.7,0.0,,,
2015-08-06,2310.0,2.0,24.9,770.0,5.0,9.39,5.0,,,
2015-08-07,2140.0,9.4,22.7,782.0,7.2,5.41,7.2,,,
2015-08-08,2030.0,0.0,23.9,724.0,0.0,5.19,0.0,,,
2015-08-09,2140.0,0.0,24.2,728.0,0.1,4.61,0.1,,,
2015-08-10,2110.0,1.9,23.7,764.0,0.4,3.81,0.4,,,
2015-08-11,2070.0,19.7,24.2,919.0,23.7,3.79,23.7,,,
2015-08-12,2020.0,0.2,24.1,841.0,0.0,3.99,0.0,,,
2015-08-13,2070.0,0.0,23.1,879.0,0.0,3.62,0.0,,,
2015-08-14,2040.0,0.0,23.5,863.0,0.0,2.49,0.0,,,
2015-08-15,1980.0,0.0,25.0,771.0,0.0,2.32,0.0,,,
2015-08-16,1930.0,0.0,26.1,679.0,0.0,2.54,0.0,,,
2015-08-17,1790.0,0.0,27.2,679.0,0.0,2.87,0.0,,,
2015-08-18,1680.0,1.6,26.7,660.0,0.3,3.1,0.3,,,
2015-08-19,1660.0,0.0,26.7,625.0,3.0,3.22,3.0,,,
2015-08-20,1800.0,4.5,25.9,677.0,6.9,16.3,6.9,,,
2015-08-21,2650.0,7.6,25.2,721.0,6.8,57.6,6.8,,,
2015-08-22,4120.0,0.0,23.5,645.0,0.0,21.6,0.0,,,
2015-08-23,3290.0,0.2,23.1,583.0,0.0,12.0,0.0,,,
2015-08-24,2490.0,0.3,25.7,681.0,0.0,8.48,0.0,,,
2015-08-25,2510.0,0.0,24.8,682.0,0.0,24.7,0.0,,,
2015-08-26,2270.0,0.0,23.4,612.0,0.0,21.5,0.0,,,
2015-08-27,2110.0,0.0,21.7,571.0,0.0,16.0,0.0,,,
2015-08-28,2060.0,0.0,23.1,573.0,0.0,12.8,0.0,,,
2015-08-29,1680.0,0.0,24.8,553.0,0.0,11.0,0.0,,,
2015-08-30,1420.0,0.0,25.6,519.0,0.0,9.85,0.0,,,
2015-08-31,1280.0,0.5,26.7,496.0,0.0,8.54,0.0,,,
2015-09-01,1250.0,0.0,27.2,513.0,0.0,7.57,0.0,,,
2015-09-02,1200.0,10.2,27.5,507.0,17.1,6.39,17.1,,,
2015-09-03,1260.0,0.8,26.6,510.0,1.3,5.92,1.3,,,
2015-09-04,1330.0,9.7,26.7,561.0,3.0,7.3,3.0,,,
2015-09-05,1320.0,0.1,25.4,585.0,0.2,7.63,0.2,,,
2015-09-06,1390.0,0.0,23.9,551.0,0.0,6.91,0.0,,,
2015-09-07,1420.0,0.0,25.2,545.0,0.0,6.85,0.0,,,
2015-09-08,1310.0,0.0,26.9,520.0,0.0,6.46,0.0,,,
2015-09-09,1260.0,0.0,28.0,534.0,0.0,6.11,0.0,,,
2015-09-10,1210.0,12.3,24.3,547.0,6.1,6.65,6.1,,,
2015-09-11,1360.0,0.0,22.6,529.0,0.0,7.58,0.0,,,
2015-09-12,1580.0,15.8,21.7,577.0,9.7,10.0,9.7,,,
2015-09-13,2140.0,0.1,18.7,639.0,0.0,14.2,0.0,,,
2015-09-14,2180.0,0.0,18.1,741.0,0.0,10.4,0.0,,,
2015-09-15,2100.0,0.0,19.9,818.0,0.0,8.96,0.0,,,
2015-09-16,2040.0,0.0,21.5,688.0,0.0,8.05,0.0,,,
2015-09-17,1840.0,0.0,22.1,627.0,0.0,7.6,0.0,,,
2015-09-18,1630.0,0.0,22.3,568.0,0.0,7.18,0.0,,,
2015-09-19,1510.0,0.0,22.6,546.0,0.0,7.26,0.0,,,
2015-09-20,1390.0,0.0,22.4,509.0,0.0,7.09,0.0,,,
2015-09-21,1260.0,2.0,19.1,498.0,3.2,6.9,3.2,,,
2015-09-22,1370.0,5.3,18.2,515.0,4.4,8.17,4.4,,,
2015-09-23,1350.0,0.0,19.7,602.0,0.0,9.34,0.0,,,
2015-09-24,1360.0,0.0,19.4,460.0,0.0,9.15,0.0,,,
2015-09-25,1830.0,0.0,19.5,511.0,0.0,8.85,0.0,,,
2015-09-26,1510.0,0.1,19.5,579.0,0.0,9.16,0.0,,,
2015-09-27,1320.0,2.4,18.7,519.0,3.0,8.63,3.0,,,
2015-09-28,1280.0,1.7,21.1,522.0,1.9,8.52,1.9,,,
2015-09-29,1700.0,7.6,22.4,590.0,22.4,259.0,22.4,,,
2015-09-30,15800.0,12.8,22.3,1430.0,39.8,1060.0,39.8,,,
2015-10-01,10600.0,1.8,16.1,7310.0,3.3,64.9,3.3,,,
2015-10-02,11300.0,20.9,11.8,5470.0,15.2,75.8,15.2,,,
2015-10-03,11400.0,19.3,11.0,4060.0,34.8,275.0,34.8,,,
2015-10-04,12000.0,0.0,14.4,10000.0,0.4,100.0,0.4,,,
2015-10-05,19300.0,0.0,15.0,15900.0,0.0,60.8,0.0,,,
2015-10-06,24000.0,0.0,15.1,11700.0,0.0,40.3,0.0,,,
2015-10-07,19200.0,0.0,17.9,7900.0,0.0,29.3,0.0,,,
2015-10-08,13900.0,0.0,19.1,5640.0,0.0,26.8,0.0,,,
2015-10-09,10400.0,1.1,19.9,4180.0,2.5,24.9,2.5,,,
2015-10-10,8160.0,1.1,16.3,3300.0,0.6,24.1,0.6,,,
2015-10-11,6580.0,0.0,14.4,2760.0,0.0,23.2,0.0,,,
2015-10-12,5610.0,0.0,15.6,2400.0,0.0,22.0,0.0,,,
2015-10-13,4910.0,0.5,17.7,2150.0,0.4,20.3,0.4,,,
2015-10-14,4520.0,0.0,16.5,1920.0,0.0,20.0,0.0,,,
2015-10-15,4100.0,0.0,14.1,1740.0,0.0,18.8,0.0,,,
2015-10-16,3750.0,0.0,13.5,1590.0,0.0,17.8,0.0,,,
2015-10-17,3410.0,0.0,10.5,1480.0,0.0,17.6,0.0,,,
2015-10-18,3160.0,0.0,7.6,1370.0,0.0,17.0,0.0,,,
2015-10-19,2890.0,0.0,7.2,1310.0,0.0,16.5,0.0,,,
2015-10-20,2810.0,0.0,11.5,1240.0,0.0,16.2,0.0,,,
2015-10-21,2680.0,0.0,14.3,1200.0,0.0,17.3,0.0,,,
2015-10-22,2590.0,0.0,16.4,1190.0,0.0,16.7,0.0,,,
2015-10-23,2490.0,0.0,16.8,1160.0,0.0,16.0,0.0,,,
2015-10-24,2480.0,0.0,12.1,1120.0,0.0,16.0,0.0,,,
2015-10-25,2400.0,1.1,15.6,1080.0,0.1,15.6,0.1,,,
2015-10-26,2330.0,0.0,12.3,1030.0,0.0,16.6,0.0,,,
2015-10-27,2270.0,0.4,10.0,1030.0,0.3,18.4,0.3,,,
2015-10-28,2480.0,20.3,15.7,1080.0,17.5,39.1,17.5,,,
2015-10-29,11100.0,0.7,18.9,1420.0,1.2,163.0,1.2,,,
2015-10-30,12900.0,0.0,12.1,2240.0,0.0,45.2,0.0,,,
2015-10-31,6930.0,0.0,10.2,4350.0,0.0,35.9,0.0,,,
2015-11-01,7850.0,0.7,14.3,3830.0,0.6,34.4,0.6,,,
2015-11-02,7180.0,0.0,14.8,3060.0,0.0,34.3,0.0,,,
2015-11-03,6580.0,0.0,14.1,2510.0,0.0,33.7,0.0,,,
2015-11-04,5620.0,0.0,15.2,2150.0,0.0,33.5,0.0,,,
2015-11-05,5020.0,0.4,17.2,1910.0,0.0,34.0,0.0,,,
2015-11-06,4470.0,0.0,19.8,1730.0,0.6,34.9,0.6,,,
2015-11-07,4120.0,2.1,16.7,1610.0,0.1,35.7,0.1,,,
2015-11-08,3790.0,0.0,11.6,1500.0,0.0,36.5,0.0,,,
2015-11-09,3540.0,1.5,8.8,1430.0,4.9,38.0,4.9,,,
2015-11-10,4220.0,12.2,12.7,1580.0,13.8,60.3,13.8,,,
2015-11-11,4510.0,0.0,13.1,1860.0,0.0,71.5,0.0,,,
2015-11-12,4440.0,3.1,12.3,2180.0,4.8,64.3,4.8,,,
2015-11-13,4800.0,0.0,13.3,2940.0,0.0,68.7,0.0,,,
2015-11-14,5440.0,0.0,8.6,2940.0,0.0,63.4,0.0,,,
2015-11-15,6330.0,0.0,7.9,2670.0,0.0,61.5,0.0,,,
2015-11-16,6120.0,0.0,11.1,2310.0,0.0,61.4,0.0,,,
2015-11-17,5500.0,0.0,10.5,2090.0,0.0,62.3,0.0,,,
2015-11-18,4940.0,0.0,12.4,1910.0,0.3,62.8,0.3,,,
2015-11-19,4790.0,19.8,16.3,1850.0,16.3,79.4,16.3,,,
2015-11-20,4940.0,0.0,11.9,2030.0,0.0,96.1,0.0,,,
2015-11-21,5460.0,0.0,6.5,3070.0,0.0,83.0,0.0,,,
2015-11-22,6070.0,0.0,7.5,4260.0,0.0,81.0,0.0,,,
2015-11-23,7220.0,0.0,2.7,3690.0,0.0,80.0,0.0,,,
2015-11-24,6650.0,0.0,3.8,3110.0,0.0,80.2,0.0,,,
2015-11-25,6020.0,0.0,6.0,2680.0,0.0,80.9,0.0,,,
2015-11-26,5450.0,0.0,8.7,2370.0,0.0,82.3,0.0,,,
2015-11-27,5000.0,0.0,10.7,2100.0,0.0,83.4,0.0,,,
2015-11-28,4670.0,0.2,12.6,1930.0,1.3,86.6,1.3,,,
2015-11-29,4510.0,9.4,10.0,1850.0,9.5,94.5,9.5,,,
2015-11-30,4420.0,3.4,5.8,1850.0,2.3,103.0,2.3,,,
2015-12-01,5160.0,17.7,7.7,1940.0,18.1,154.0,18.1,,,
2015-12-02,7180.0,8.6,10.8,2740.0,11.0,196.0,11.0,,,
2015-12-03,9640.0,0.3,8.4,5280.0,0.0,166.0,0.0,,,
2015-12-04,12400.0,0.0,5.2,7070.0,0.0,130.0,0.0,,,
2015-12-05,18200.0,0.0,4.7,6220.0,0.0,111.0,0.0,,,
2015-12-06,15900.0,0.0,4.9,5070.0,0.0,97.8,0.0,,,
2015-12-07,12900.0,0.0,5.5,4220.0,0.0,88.3,0.0,,,
2015-12-08,10700.0,0.0,5.3,3630.0,0.0,80.5,0.0,,,
2015-12-09,9180.0,0.0,6.6,3220.0,0.0,73.7,0.0,,,
2015-12-10,8150.0,0.9,9.8,2920.0,0.6,67.3,0.6,,,
2015-12-11,7470.0,0.0,11.4,2650.0,0.0,60.8,0.0,,,
2015-12-12,7020.0,0.0,12.9,2420.0,0.0,54.7,0.0,,,
2015-12-13,6300.0,0.0,15.2,2260.0,0.0,51.4,0.0,,,
2015-12-14,5890.0,2.4,16.7,2120.0,2.7,49.1,2.7,,,
2015-12-15,5690.0,3.1,15.6,1980.0,2.0,50.2,2.0,,,
2015-12-16,5260.0,0.0,8.9,1910.0,0.0,43.9,0.0,,,
2015-12-17,5180.0,10.7,9.3,1900.0,11.9,54.3,11.9,,,
2015-12-18,5760.0,0.0,7.3,1920.0,0.0,93.2,0.0,,,
2015-12-19,5530.0,0.0,2.5,2030.0,0.0,50.0,0.0,,,
2015-12-20,5350.0,0.0,1.7,2290.0,0.0,37.8,0.0,,,
2015-12-21,5400.0,0.0,6.2,2220.0,0.4,35.6,0.4,,,
2015-12-22,5410.0,4.8,12.4,2100.0,5.0,39.8,5.0,,,
2015-12-23,5720.0,18.0,14.0,2050.0,14.3,93.8,14.3,,,
2015-12-24,9800.0,15.0,19.6,2080.0,3.9,202.0,3.9,,,
2015-12-25,11900.0,20.3,19.0,2240.0,16.2,617.0,16.2,,,
2015-12-26,18300.0,5.0,14.9,4400.0,3.2,747.0,3.2,,,
2015-12-27,14400.0,0.0,14.9,6160.0,0.2,212.0,0.2,,,
2015-12-28,18100.0,2.5,9.4,6060.0,3.1,148.0,3.1,,,
2015-12-29,24700.0,10.4,9.4,6160.0,9.0,507.0,9.0,,,
2015-12-30,29300.0,0.1,9.8,6640.0,0.0,244.0,0.0,,,
2015-12-31,30000.0,0.1,10.5,6930.0,1.6,176.0,1.6,,,
2016-01-01,26100.0,0.0,6.0,6320.0,0.0,140.0,0.0,,,
2016-01-02,21400.0,0.0,2.6,5550.0,0.0,117.0,0.0,,,
2016-01-03,17500.0,0.0,3.5,4790.0,0.0,102.0,0.0,,,
2016-01-04,14900.0,0.0,1.1,4190.0,0.0,89.8,0.0,,,
2016-01-05,12800.0,0.0,-4.2,3700.0,0.0,74.0,0.0,,,
2016-01-06,11200.0,0.0,-1.7,3300.0,0.0,69.0,0.0,,,
2016-01-07,9880.0,0.0,1.1,2930.0,0.0,67.0,0.0,,,
2016-01-08,8810.0,0.5,3.3,2680.0,0.2,66.0,0.2,,,
2016-01-09,8130.0,0.6,6.1,2520.0,0.7,67.1,0.7,,,
2016-01-10,13600.0,19.3,11.4,2980.0,18.4,859.0,18.4,,,
2016-01-11,24000.0,0.0,1.4,3760.0,0.0,276.0,0.0,,,
2016-01-12,22500.0,0.0,0.6,5040.0,0.3,169.0,0.3,,,
2016-01-13,20300.0,0.0,-2.6,5050.0,0.0,127.0,0.0,,,
2016-01-14,17000.0,0.0,1.0,4460.0,0.0,104.0,0.0,,,
2016-01-15,14600.0,0.7,4.5,4050.0,0.6,101.0,0.6,,,
2016-01-16,14400.0,10.6,7.0,3780.0,12.1,180.0,12.1,,,
2016-01-17,14100.0,1.1,1.7,3690.0,0.5,127.0,0.5,,,
2016-01-18,13000.0,0.0,-3.5,3800.0,0.0,96.9,0.0,,,
2016-01-19,12700.0,0.0,-6.8,3440.0,0.0,78.0,0.0,,,
2016-01-20,12200.0,0.0,-4.5,3010.0,0.0,85.0,0.0,,,
2016-01-21,9090.0,0.4,-2.4,2870.0,0.0,70.0,0.0,,,
2016-01-22,8510.0,5.9,-4.0,2800.0,6.8,70.0,6.8,,,
2016-01-23,6060.0,55.9,-4.0,1890.0,54.9,56.5,54.9,,,
2016-01-24,4220.0,1.9,-4.0,1530.0,1.6,201.0,1.6,,,
2016-01-25,3750.0,0.0,-5.2,2430.0,0.0,194.0,0.0,,,
2016-01-26,6050.0,0.0,3.1,3060.0,0.0,134.0,0.0,,,
2016-01-27,10400.0,0.0,3.2,4030.0,0.0,117.0,0.0,,,
2016-01-28,12400.0,0.0,-2.1,4020.0,0.0,107.0,0.0,,,
2016-01-29,11100.0,0.0,0.3,4210.0,0.3,93.0,0.3,,,
2016-01-30,10800.0,0.0,-1.7,4480.0,0.0,77.6,0.0,,,
2016-01-31,11500.0,0.0,4.5,4210.0,0.0,72.6,0.0,,,
2016-02-01,14300.0,5.3,8.4,4690.0,4.5,118.0,4.5,,,
2016-02-02,18100.0,0.3,3.8,8710.0,0.0,313.0,0.0,,,
2016-02-03,45200.0,11.3,8.4,13400.0,10.5,1180.0,10.5,,,
2016-02-04,91900.0,0.2,9.6,21800.0,0.1,2070.0,0.1,,,
2016-02-05,109000.0,2.6,3.9,21700.0,0.0,872.0,0.0,,,
2016-02-06,71700.0,0.0,1.4,14100.0,0.0,483.0,0.0,,,
2016-02-07,49800.0,0.0,2.3,10500.0,0.0,353.0,0.0,,,
2016-02-08,37700.0,0.0,2.9,8520.0,0.0,286.0,0.0,,,
2016-02-09,31500.0,4.9,2.9,7370.0,5.3,289.0,5.3,,,
2016-02-10,27600.0,0.1,0.4,6430.0,0.2,272.0,0.2,,,
2016-02-11,23800.0,0.0,-3.5,5630.0,0.0,202.0,0.0,,,
2016-02-12,20000.0,0.0,-4.1,4920.0,0.1,163.0,0.1,,,
2016-02-13,16900.0,0.4,-5.0,4310.0,0.7,146.0,0.7,,,
2016-02-14,14200.0,0.0,-7.8,3840.0,0.0,126.0,0.0,,,
2016-02-15,12300.0,6.2,-4.2,3560.0,4.5,125.0,4.5,,,
2016-02-16,15100.0,25.9,5.1,3920.0,33.3,1120.0,33.3,,,
2016-02-17,32200.0,0.0,2.5,11200.0,0.0,629.0,0.0,,,
2016-02-18,45900.0,0.0,-0.1,19000.0,0.0,316.0,0.0,,,
2016-02-19,46500.0,0.0,-0.6,12400.0,0.0,234.0,0.0,,,
2016-02-20,33700.0,0.0,8.0,9460.0,0.0,231.0,0.0,,,
2016-02-21,28200.0,3.6,9.0,8040.0,9.6,287.0,9.6,,,
2016-02-22,30100.0,0.0,7.0,7280.0,0.0,308.0,0.0,,,
2016-02-23,34200.0,11.8,4.7,7500.0,7.4,273.0,7.4,,,
2016-02-24,36900.0,18.9,8.7,8300.0,24.4,778.0,24.4,,,
2016-02-25,58700.0,7.7,10.1,12300.0,17.3,959.0,17.3,,,
2016-02-26,63500.0,0.0,2.9,15600.0,0.0,374.0,0.0,,,
2016-02-27,51200.0,0.0,1.3,12600.0,0.0,280.0,0.0,,,
2016-02-28,40100.0,0.0,5.7,9880.0,0.0,239.0,0.0,,,
2016-02-29,31900.0,0.3,11.9,8280.0,0.0,209.0,0.0,,,
2016-03-01,27000.0,0.0,9.1,7140.0,0.0,181.0,0.0,,,
2016-03-02,23500.0,3.2,8.0,6220.0,3.2,169.0,3.2,,,
2016-03-03,20400.0,0.2,1.1,5490.0,0.0,151.0,0.0,,,
2016-03-04,18400.0,2.9,2.2,5020.0,2.0,148.0,2.0,,,
2016-03-05,16800.0,0.0,2.0,4600.0,0.0,141.0,0.0,,,
2016-03-06,15300.0,0.0,3.8,4280.0,0.3,131.0,0.3,,,
2016-03-07,14000.0,0.0,7.0,3990.0,0.0,122.0,0.0,,,
2016-03-08,13100.0,0.2,13.6,3730.0,0.0,114.0,0.0,,,
2016-03-09,12200.0,0.0,15.6,3510.0,0.0,108.0,0.0,,,
2016-03-10,11300.0,0.0,18.9,3310.0,0.0,103.0,0.0,,,
2016-03-11,10700.0,0.2,18.8,3140.0,0.4,98.4,0.4,,,
2016-03-12,10100.0,2.2,11.5,2990.0,0.9,91.0,0.9,,,
2016-03-13,9640.0,7.1,11.9,2890.0,7.4,96.0,7.4,,,
2016-03-14,10900.0,11.0,10.1,2970.0,10.0,226.0,10.0,,,
2016-03-15,12100.0,1.3,10.5,3150.0,1.5,156.0,1.5,,,
2016-03-16,15700.0,0.0,14.0,3230.0,0.0,128.0,0.0,,,
2016-03-17,16700.0,0.2,14.0,3240.0,0.2,113.0,0.2,,,
2016-03-18,15300.0,0.0,11.8,3090.0,0.0,104.0,0.0,,,
2016-03-19,14100.0,5.0,6.4,2960.0,6.8,101.0,6.8,,,
2016-03-20,13300.0,1.1,3.6,2980.0,0.8,140.0,0.8,,,
2016-03-21,12500.0,0.7,4.5,3020.0,0.0,117.0,0.0,,,
2016-03-22,11900.0,0.0,7.1,3020.0,0.0,99.8,0.0,,,
2016-03-23,11500.0,0.0,14.3,2900.0,0.0,94.7,0.0,,,
2016-03-24,10900.0,0.0,16.5,2770.0,0.0,91.2,0.0,,,
2016-03-25,10300.0,1.6,18.6,2620.0,0.2,90.1,0.2,,,
2016-03-26,9830.0,0.0,10.0,2540.0,0.0,84.8,0.0,,,
2016-03-27,9380.0,0.2,11.1,2420.0,0.0,82.6,0.0,,,
2016-03-28,9340.0,5.9,12.6,2400.0,7.7,105.0,7.7,,,
2016-03-29,9370.0,0.0,10.3,2360.0,0.0,104.0,0.0,,,
2016-03-30,9320.0,0.0,8.7,2330.0,0.0,78.8,0.0,,,
2016-03-31,8890.0,0.0,15.2,2290.0,0.0,74.2,0.0,,,
2016-04-01,8470.0,3.7,20.5,2180.0,1.6,75.3,1.6,,,
2016-04-02,8230.0,5.1,14.9,2140.0,2.8,76.9,2.8,,,
2016-04-03,8070.0,0.2,6.8,2030.0,0.3,73.1,0.3,,,
2016-04-04,7680.0,1.1,12.1,2020.0,1.2,66.4,1.2,,,
2016-04-05,7480.0,0.0,4.7,2040.0,0.0,64.1,0.0,,,
2016-04-06,7310.0,0.0,5.7,1900.0,0.0,54.8,0.0,,,
2016-04-07,8230.0,15.8,11.7,1880.0,14.1,83.9,14.1,,,
2016-04-08,8980.0,0.1,7.7,1870.0,0.0,110.0,0.0,,,
2016-04-09,8750.0,2.8,5.9,1850.0,1.9,79.2,1.9,,,
2016-04-10,7640.0,0.0,3.7,1850.0,0.0,68.0,0.0,,,
2016-04-11,7220.0,0.6,11.8,1820.0,2.9,64.8,2.9,,,
2016-04-12,7210.0,3.2,15.6,1750.0,1.2,63.0,1.2,,,
2016-04-13,7210.0,0.0,9.1,1630.0,0.0,59.2,0.0,,,
2016-04-14,6860.0,0.0,10.0,1680.0,0.0,54.5,0.0,,,
2016-04-15,6720.0,0.0,10.4,1580.0,0.0,52.1,0.0,,,
2016-04-16,6990.0,0.0,11.9,1540.0,0.0,52.0,0.0,,,
2016-04-17,6570.0,0.0,13.2,1510.0,0.0,48.4,0.0,,,
2016-04-18,6230.0,0.0,17.1,1450.0,0.0,47.3,0.0,,,
2016-04-19,5840.0,0.0,18.7,1450.0,0.4,46.0,0.4,,,
2016-04-20,5580.0,0.0,15.2,1410.0,0.0,42.8,0.0,,,
2016-04-21,5320.0,0.0,15.3,1380.0,0.5,41.3,0.5,,,
2016-04-22,5190.0,1.2,19.7,1360.0,1.7,42.3,1.7,,,
2016-04-23,5080.0,3.8,17.2,1400.0,5.2,47.5,5.2,,,
2016-04-24,5210.0,0.0,14.3,1730.0,0.0,47.7,0.0,,,
2016-04-25,5650.0,0.0,17.0,1630.0,0.0,40.3,0.0,,,
2016-04-26,5750.0,1.4,22.7,1500.0,1.3,38.8,1.3,,,
2016-04-27,5790.0,2.2,16.0,1450.0,2.0,36.6,2.0,,,
2016-04-28,5690.0,5.0,12.3,1430.0,5.9,44.5,5.9,,,
2016-04-29,5520.0,0.4,10.5,1480.0,0.2,58.0,0.2,,,
2016-04-30,5360.0,0.9,12.4,1580.0,0.7,48.5,0.7,,,
2016-05-01,5880.0,20.5,12.0,1710.0,16.7,74.0,16.7,,,
2016-05-02,8790.0,2.0,16.7,2270.0,0.2,120.0,0.2,,,
2016-05-03,16500.0,16.1,17.6,3430.0,14.3,343.0,14.3,,,
2016-05-04,21700.0,12.2,14.2,6980.0,9.6,916.0,9.6,,,
2016-05-05,25700.0,1.6,11.9,7910.0,4.4,299.0,4.4,,,
2016-05-06,26500.0,23.1,11.3,7910.0,15.7,378.0,15.7,,,
2016-05-07,34600.0,1.3,12.3,12000.0,3.7,476.0,3.7,,,
2016-05-08,38000.0,1.9,15.6,11900.0,1.9,278.0,1.9,,,
2016-05-09,32900.0,1.3,13.6,9210.0,1.6,213.0,1.6,,,
2016-05-10,26300.0,5.3,14.2,7440.0,5.2,183.0,5.2,,,
2016-05-11,21900.0,3.0,13.8,6360.0,2.4,184.0,2.4,,,
2016-05-12,19400.0,0.0,16.2,5480.0,0.0,179.0,0.0,,,
2016-05-13,17700.0,3.2,19.0,4950.0,6.4,157.0,6.4,,,
2016-05-14,16600.0,4.8,17.0,5430.0,4.2,145.0,4.2,,,
2016-05-15,17300.0,0.0,11.6,5730.0,0.0,138.0,0.0,,,
2016-05-16,16400.0,0.0,11.4,4960.0,0.0,114.0,0.0,,,
2016-05-17,14800.0,6.9,11.9,4320.0,5.1,105.0,5.1,,,
2016-05-18,13500.0,0.0,13.2,3840.0,0.8,107.0,0.8,,,
2016-05-19,12000.0,0.1,15.6,3480.0,0.0,93.8,0.0,,,
2016-05-20,11000.0,0.0,16.6,3250.0,0.0,84.5,0.0,,,
2016-05-21,10900.0,21.4,14.3,3070.0,16.9,118.0,16.9,,,
2016-05-22,11900.0,7.6,12.8,3310.0,8.1,173.0,8.1,,,
2016-05-23,17000.0,9.5,16.0,5460.0,5.3,270.0,5.3,,,
2016-05-24,30700.0,0.5,19.4,7060.0,0.0,155.0,0.0,,,
2016-05-25,31900.0,0.0,22.0,6540.0,0.0,121.0,0.0,,,
2016-05-26,25900.0,0.0,22.7,5700.0,0.0,105.0,0.0,,,
2016-05-27,20300.0,0.6,24.9,4830.0,0.0,95.5,0.0,,,
2016-05-28,16200.0,0.0,25.2,4600.0,0.0,86.5,0.0,,,
2016-05-29,14800.0,0.7,22.9,4050.0,0.0,79.6,0.0,,,
2016-05-30,13300.0,22.1,22.1,3870.0,7.5,79.0,7.5,,,
2016-05-31,12100.0,0.7,23.3,3860.0,0.0,71.0,0.0,,,
2016-06-01,11100.0,0.0,24.0,3510.0,0.0,64.1,0.0,,,
2016-06-02,10500.0,0.4,22.6,3080.0,0.0,59.8,0.0,,,
2016-06-03,10100.0,17.6,22.2,2700.0,11.4,60.9,11.4,,,
2016-06-04,10900.0,0.6,23.3,2630.0,2.3,59.0,2.3,,,
2016-06-05,21800.0,14.8,23.6,4570.0,10.0,56.4,10.0,,,
2016-06-06,19600.0,0.0,23.9,7030.0,0.0,56.4,0.0,,,
2016-06-07,23000.0,0.3,24.0,6650.0,1.5,49.3,1.5,,,
2016-06-08,18200.0,0.3,18.8,4880.0,0.7,42.3,0.7,,,
2016-06-09,13800.0,0.0,18.6,3830.0,0.0,38.2,0.0,,,
2016-06-10,11000.0,0.0,20.8,3130.0,0.0,36.6,0.0,,,
2016-06-11,9050.0,0.0,24.7,2630.0,0.2,35.1,0.2,,,
2016-06-12,7720.0,0.0,27.8,2320.0,0.0,33.3,0.0,,,
2016-06-13,6600.0,0.0,21.9,2080.0,0.0,29.7,0.0,,,
2016-06-14,5910.0,0.0,22.7,1880.0,0.0,29.0,0.0,,,
2016-06-15,5330.0,3.9,21.2,1770.0,1.8,29.5,1.8,,,
2016-06-16,5180.0,11.7,23.2,1710.0,7.0,35.0,7.0,,,
2016-06-17,7770.0,39.8,21.4,2030.0,37.9,160.0,37.9,,,
2016-06-18,6810.0,0.0,22.1,2150.0,0.0,64.5,0.0,,,
2016-06-19,8270.0,0.0,23.3,2090.0,0.0,39.0,0.0,,,
2016-06-20,9770.0,0.0,24.6,2060.0,0.0,31.7,0.0,,,
2016-06-21,8000.0,6.7,25.2,1740.0,3.2,32.9,3.2,,,
2016-06-22,10500.0,0.5,24.4,1720.0,0.0,202.0,0.0,,,
2016-06-23,8920.0,19.9,22.9,1870.0,20.6,81.2,20.6,,,
2016-06-24,7810.0,8.7,23.5,2610.0,4.4,70.3,4.4,,,
2016-06-25,7670.0,0.1,23.2,4440.0,0.0,47.5,0.0,,,
2016-06-26,11000.0,0.0,23.4,4940.0,0.0,38.8,0.0,,,
2016-06-27,13300.0,2.8,23.3,4480.0,3.1,33.6,3.1,,,
2016-06-28,11400.0,4.6,24.6,3290.0,0.6,31.6,0.6,,,
2016-06-29,8890.0,0.5,23.9,2750.0,0.0,29.7,0.0,,,
2016-06-30,7730.0,0.1,22.1,3380.0,0.0,26.7,0.0,,,
2016-07-01,7900.0,3.2,23.7,2520.0,0.7,24.8,0.7,,,
2016-07-02,6980.0,0.6,23.4,2060.0,0.0,23.5,0.0,,,
2016-07-03,5750.0,2.2,20.2,1760.0,1.2,21.5,1.2,,,
2016-07-04,5020.0,11.4,19.8,1670.0,10.9,23.1,10.9,,,
2016-07-05,5850.0,12.4,25.2,1770.0,12.5,88.9,12.5,,,
2016-07-06,5360.0,0.0,27.6,1860.0,0.1,56.9,0.1,,,
2016-07-07,5050.0,1.4,27.8,1830.0,0.3,32.0,0.3,,,
2016-07-08,4970.0,6.6,27.3,1940.0,7.7,25.9,7.7,,,
2016-07-09,5350.0,0.0,27.4,1700.0,0.0,23.5,0.0,,,
2016-07-10,4690.0,0.0,25.5,1620.0,0.0,21.1,0.0,,,
2016-07-11,4270.0,0.0,24.5,1650.0,0.0,19.3,0.0,,,
2016-07-12,4010.0,0.3,25.3,1420.0,0.1,18.2,0.1,,,
2016-07-13,3590.0,5.6,26.4,1290.0,0.7,18.3,0.7,,,
2016-07-14,3280.0,0.0,28.5,1230.0,0.0,52.3,0.0,,,
2016-07-15,3130.0,0.0,28.3,1210.0,0.0,19.9,0.0,,,
2016-07-16,2940.0,1.4,27.4,1280.0,1.3,17.7,1.3,,,
2016-07-17,3380.0,0.5,27.1,1320.0,0.0,17.3,0.0,,,
2016-07-18,3180.0,1.1,28.3,1260.0,1.3,17.8,1.3,,,
2016-07-19,3240.0,0.0,27.6,1550.0,0.0,24.6,0.0,,,
2016-07-20,3210.0,0.0,26.1,1630.0,0.0,19.2,0.0,,,
2016-07-21,3420.0,0.0,26.4,1270.0,0.0,15.2,0.0,,,
2016-07-22,3040.0,0.4,28.3,1220.0,0.0,13.9,0.0,,,
2016-07-23,2650.0,2.4,30.3,1130.0,0.3,13.3,0.3,,,
2016-07-24,2460.0,0.3,29.4,1050.0,0.0,12.9,0.0,,,
2016-07-25,2300.0,0.0,31.2,1000.0,0.0,13.6,0.0,,,
2016-07-26,2210.0,0.1,30.5,1040.0,0.0,12.3,0.0,,,
2016-07-27,2010.0,7.3,28.9,949.0,1.7,12.2,1.7,,,
2016-07-28,2510.0,25.8,27.8,1000.0,14.0,12.2,14.0,,,
2016-07-29,4350.0,35.7,25.7,1490.0,15.9,70.5,15.9,,,
2016-07-30,3960.0,8.7,26.5,1770.0,10.8,62.0,10.8,,,
2016-07-31,9340.0,17.2,26.2,2390.0,12.8,242.0,12.8,,,
2016-08-01,9200.0,4.0,27.1,2230.0,1.8,116.0,1.8,,,
2016-08-02,6740.0,0.2,25.8,1940.0,0.2,38.4,0.2,,,
2016-08-03,5200.0,0.3,24.3,1820.0,0.9,26.3,0.9,,,
2016-08-04,4670.0,0.0,23.8,1820.0,0.0,23.1,0.0,,,
2016-08-05,4290.0,0.6,24.1,1440.0,1.5,20.3,1.5,,,
2016-08-06,3800.0,0.4,26.7,1600.0,1.4,19.5,1.4,,,
2016-08-07,3380.0,0.0,26.2,1590.0,0.0,20.5,0.0,,,
2016-08-08,3100.0,0.0,25.2,1350.0,0.0,18.6,0.0,,,
2016-08-09,2930.0,0.0,23.8,1360.0,0.0,16.7,0.0,,,
2016-08-10,3150.0,0.0,27.2,1460.0,0.0,15.8,0.0,,,
2016-08-11,2860.0,0.6,29.1,1180.0,4.5,15.3,4.5,,,
2016-08-12,2610.0,2.3,30.2,1150.0,6.2,14.2,6.2,,,
2016-08-13,2440.0,0.0,31.2,1060.0,1.1,13.1,1.1,,,
2016-08-14,2270.0,3.6,31.2,1010.0,0.3,13.7,0.3,,,
2016-08-15,2290.0,6.4,28.3,1060.0,5.9,17.1,5.9,,,
2016-08-16,3190.0,3.4,28.1,1030.0,1.2,21.4,1.2,,,
2016-08-17,3220.0,0.0,29.8,1090.0,1.0,66.9,1.0,,,
2016-08-18,5310.0,11.3,27.0,1200.0,12.4,78.2,12.4,,,
2016-08-19,5110.0,0.0,27.3,1460.0,0.0,34.3,0.0,,,
2016-08-20,3850.0,0.0,27.4,1500.0,0.0,21.4,0.0,,,
2016-08-21,3520.0,7.8,25.8,1270.0,11.6,17.3,11.6,,,
2016-08-22,3240.0,0.0,24.5,1180.0,0.0,16.1,0.0,,,
2016-08-23,2710.0,0.0,23.5,1070.0,0.0,15.0,0.0,,,
2016-08-24,2440.0,0.0,24.2,988.0,0.0,13.1,0.0,,,
2016-08-25,2590.0,0.0,26.1,956.0,0.0,12.6,0.0,,,
2016-08-26,2550.0,0.0,28.9,920.0,0.0,12.1,0.0,,,
2016-08-27,2130.0,0.0,28.3,855.0,0.0,11.6,0.0,,,
2016-08-28,1940.0,0.0,26.7,810.0,0.0,10.5,0.0,,,
2016-08-29,1730.0,0.0,27.3,755.0,0.0,10.1,0.0,,,
2016-08-30,1630.0,0.0,27.4,769.0,0.0,9.68,0.0,,,
2016-08-31,1540.0,0.0,26.9,720.0,0.1,9.53,0.1,,,
2016-09-01,1620.0,5.2,25.0,706.0,2.4,9.75,2.4,,,
2016-09-02,2330.0,0.0,23.0,695.0,0.0,10.7,0.0,,,
2016-09-03,1930.0,0.5,22.2,676.0,0.0,10.2,0.0,,,
2016-09-04,1660.0,0.0,21.7,708.0,0.0,9.78,0.0,,,
2016-09-05,1510.0,0.0,23.5,705.0,0.0,8.85,0.0,,,
2016-09-06,1410.0,0.0,25.9,680.0,0.0,8.38,0.0,,,
2016-09-07,1510.0,5.1,27.2,658.0,0.9,8.33,0.9,,,
2016-09-08,1840.0,4.2,27.6,670.0,5.4,8.55,5.4,,,
2016-09-09,1480.0,0.0,29.3,638.0,0.0,9.84,0.0,,,
2016-09-10,1460.0,0.0,29.1,635.0,0.0,9.63,0.0,,,
2016-09-11,1390.0,0.0,27.4,630.0,0.0,8.33,0.0,,,
2016-09-12,1380.0,0.0,23.5,602.0,0.0,7.45,0.0,,,
2016-09-13,1470.0,0.0,24.2,572.0,0.0,6.74,0.0,,,
2016-09-14,1550.0,0.0,26.6,555.0,0.0,6.4,0.0,,,
2016-09-15,1370.0,1.4,22.9,524.0,0.7,6.54,0.7,,,
2016-09-16,1230.0,0.0,21.3,527.0,0.0,6.09,0.0,,,
2016-09-17,1210.0,0.0,22.9,509.0,0.3,5.63,0.3,,,
2016-09-18,1170.0,0.0,25.3,501.0,5.7,5.66,5.7,,,
2016-09-19,1120.0,27.5,23.4,570.0,15.9,6.52,15.9,,,
2016-09-20,1200.0,4.3,22.6,699.0,0.0,10.9,0.0,,,
2016-09-21,1280.0,0.0,23.9,807.0,0.0,12.8,0.0,,,
2016-09-22,1390.0,0.0,23.5,713.0,0.0,11.1,0.0,,,
2016-09-23,1750.0,0.0,23.8,751.0,0.0,10.1,0.0,,,
2016-09-24,1750.0,0.0,22.4,668.0,0.0,8.83,0.0,,,
2016-09-25,1510.0,0.0,18.7,580.0,0.0,7.7,0.0,,,
2016-09-26,1300.0,0.1,18.4,568.0,0.2,6.99,0.2,,,
2016-09-27,1310.0,15.5,20.0,581.0,7.7,6.81,7.7,,,
2016-09-28,1380.0,49.7,18.6,579.0,29.0,7.47,29.0,,,
2016-09-29,3490.0,79.0,19.8,1250.0,78.1,323.0,78.1,,,
2016-09-30,4570.0,9.9,17.5,3630.0,10.9,173.0,10.9,,,
2016-10-01,8170.0,4.4,17.7,4550.0,8.6,119.0,8.6,,,
2016-10-02,11700.0,0.2,18.7,3230.0,0.0,83.9,0.0,,,
2016-10-03,10000.0,0.0,19.3,2830.0,0.0,37.8,0.0,,,
2016-10-04,8320.0,0.0,17.6,2170.0,0.0,24.4,0.0,,,
2016-10-05,7170.0,0.0,17.2,1600.0,0.0,19.6,0.0,,,
2016-10-06,5550.0,0.0,16.3,1340.0,0.0,16.3,0.0,,,
2016-10-07,4420.0,0.2,18.2,1150.0,3.2,15.4,3.2,,,
2016-10-08,3740.0,10.5,18.1,1070.0,11.5,16.2,11.5,,,
2016-10-09,3240.0,4.1,16.1,1100.0,0.1,23.7,0.1,,,
2016-10-10,2950.0,0.0,13.4,1370.0,0.0,18.8,0.0,,,
2016-10-11,3130.0,0.0,11.8,1320.0,0.0,13.5,0.0,,,
2016-10-12,3890.0,0.0,14.2,1570.0,0.0,12.1,0.0,,,
2016-10-13,5240.0,0.0,15.8,1390.0,0.0,12.2,0.0,,,
2016-10-14,4780.0,0.0,13.5,1190.0,0.0,10.5,0.0,,,
2016-10-15,4080.0,0.0,13.7,1090.0,0.0,9.83,0.0,,,
2016-10-16,3540.0,0.0,15.6,1020.0,0.0,9.34,0.0,,,
2016-10-17,3170.0,0.0,19.8,951.0,0.0,9.16,0.0,,,
2016-10-18,2960.0,0.0,21.3,928.0,0.0,9.3,0.0,,,
2016-10-19,2830.0,0.2,23.1,877.0,0.1,7.98,0.1,,,
2016-10-20,2630.0,0.3,23.5,849.0,1.4,8.32,1.4,,,
2016-10-21,2540.0,1.7,20.6,843.0,1.9,9.98,1.9,,,
2016-10-22,2500.0,1.4,12.9,790.0,0.1,9.1,0.1,,,
2016-10-23,2240.0,0.0,12.5,709.0,0.0,10.7,0.0,,,
2016-10-24,2060.0,0.0,15.5,721.0,0.0,11.9,0.0,,,
2016-10-25,2010.0,0.0,11.7,757.0,0.0,9.57,0.0,,,
2016-10-26,2090.0,0.0,9.2,728.0,0.0,9.12,0.0,,,
2016-10-27,1990.0,6.8,12.3,676.0,3.8,8.86,3.8,,,
2016-10-28,1940.0,0.1,12.9,689.0,0.0,9.61,0.0,,,
2016-10-29,1890.0,0.0,13.2,686.0,0.0,10.2,0.0,,,
2016-10-30,1900.0,1.8,19.2,658.0,4.8,10.4,4.8,,,
2016-10-31,1830.0,0.0,14.0,662.0,0.0,10.0,0.0,,,
2016-11-01,1920.0,0.5,11.1,655.0,0.3,9.35,0.3,,,
2016-11-02,2020.0,0.0,15.2,688.0,0.0,8.95,0.0,,,
2016-11-03,1950.0,0.4,18.9,672.0,0.5,12.9,0.5,,,
2016-11-04,2020.0,0.0,14.9,647.0,0.0,7.05,0.0,,,
2016-11-05,1990.0,0.0,11.0,624.0,0.0,6.02,0.0,,,
2016-11-06,1900.0,0.0,12.8,652.0,0.0,6.12,0.0,,,
2016-11-07,1820.0,0.0,10.2,639.0,0.0,5.69,0.0,,,
2016-11-08,1830.0,0.0,10.8,654.0,0.0,7.25,0.0,,,
2016-11-09,1910.0,9.2,12.7,669.0,10.6,6.84,10.6,,,
2016-11-10,1890.0,0.0,10.6,661.0,0.0,7.11,0.0,,,
2016-11-11,1870.0,0.0,11.3,634.0,0.0,8.4,0.0,,,
2016-11-12,1890.0,0.0,7.4,635.0,0.0,8.18,0.0,,,
2016-11-13,1840.0,0.0,6.6,598.0,0.0,7.94,0.0,,,
2016-11-14,1730.0,0.1,7.7,606.0,0.0,8.83,0.0,,,
2016-11-15,1790.0,1.9,10.0,629.0,1.5,6.8,1.5,,,
2016-11-16,1810.0,0.0,9.7,641.0,0.0,8.09,0.0,,,
2016-11-17,1800.0,0.0,10.7,680.0,0.0,8.43,0.0,,,
2016-11-18,1810.0,0.0,10.4,644.0,0.0,8.8,0.0,,,
2016-11-19,1790.0,0.6,11.7,622.0,0.9,8.09,0.9,,,
2016-11-20,1740.0,0.6,4.5,604.0,0.2,9.08,0.2,,,
2016-11-21,1610.0,0.0,2.9,591.0,0.0,6.0,0.0,,,
2016-11-22,1590.0,0.0,3.5,585.0,0.0,7.08,0.0,,,
2016-11-23,1600.0,0.6,3.7,569.0,0.6,6.71,0.6,,,
2016-11-24,1580.0,0.0,7.7,581.0,0.0,7.04,0.0,,,
2016-11-25,1620.0,0.0,10.3,556.0,2.5,6.63,2.5,,,
2016-11-26,1610.0,0.2,8.6,580.0,0.2,11.0,0.2,,,
2016-11-27,1540.0,0.0,5.9,574.0,0.0,8.15,0.0,,,
2016-11-28,1480.0,0.0,5.5,577.0,0.0,7.87,0.0,,,
2016-11-29,1620.0,16.9,11.5,608.0,16.5,8.3,16.5,,,
2016-11-30,1900.0,6.4,16.2,632.0,9.0,13.3,9.0,,,
2016-12-01,3480.0,5.3,13.4,763.0,8.6,96.0,8.6,,,
2016-12-02,3550.0,0.0,6.8,1110.0,0.0,46.5,0.0,,,
2016-12-03,3180.0,0.0,5.9,1610.0,0.0,26.2,0.0,,,
2016-12-04,3350.0,0.0,4.9,1560.0,0.0,20.9,0.0,,,
2016-12-05,3580.0,5.0,6.7,1240.0,3.9,21.0,3.9,,,
2016-12-06,4160.0,17.0,5.4,1120.0,17.2,25.9,17.2,,,
2016-12-07,5220.0,3.2,7.0,1250.0,1.3,112.0,1.3,,,
2016-12-08,4660.0,0.0,4.5,1540.0,0.0,58.8,0.0,,,
2016-12-09,5000.0,0.0,1.1,1680.0,0.0,35.5,0.0,,,
2016-12-10,6040.0,0.0,-0.5,1720.0,0.0,26.7,0.0,,,
2016-12-11,5930.0,0.0,-0.4,1460.0,0.0,23.3,0.0,,,
2016-12-12,5100.0,5.6,6.3,1300.0,5.5,23.3,5.5,,,
2016-12-13,4440.0,0.0,4.2,1210.0,0.0,23.7,0.0,,,
2016-12-14,4030.0,0.1,3.9,1120.0,0.0,21.6,0.0,,,
2016-12-15,3720.0,0.0,-1.4,1060.0,0.0,20.5,0.0,,,
2016-12-16,3420.0,0.0,-5.7,1040.0,0.0,17.5,0.0,,,
2016-12-17,3130.0,6.2,0.9,915.0,7.5,18.5,7.5,,,
2016-12-18,2990.0,4.1,10.0,959.0,5.1,24.2,5.1,,,
2016-12-19,3210.0,0.0,0.5,952.0,0.0,27.6,0.0,,,
2016-12-20,3550.0,0.0,-0.8,906.0,0.0,26.4,0.0,,,
2016-12-21,4280.0,0.0,0.6,858.0,0.0,24.7,0.0,,,
2016-12-22,6090.0,0.0,4.2,844.0,0.0,22.0,0.0,,,
2016-12-23,5930.0,0.0,2.8,816.0,0.0,20.1,0.0,,,
2016-12-24,5690.0,8.6,5.6,787.0,6.3,22.8,6.3,,,
2016-12-25,5110.0,0.0,5.9,814.0,0.0,30.3,0.0,,,
2016-12-26,4720.0,0.0,4.8,807.0,0.2,27.4,0.2,,,
2016-12-27,4450.0,0.0,12.8,795.0,0.0,24.5,0.0,,,
2016-12-28,4290.0,0.0,7.1,811.0,0.0,23.2,0.0,,,
2016-12-29,4370.0,5.6,5.1,773.0,4.5,22.5,4.5,,,
2016-12-30,4200.0,0.0,3.2,776.0,0.1,23.8,0.1,,,
2016-12-31,3990.0,0.0,1.6,740.0,0.0,21.9,0.0,,,
2017-01-01,3880.0,0.0,6.3,743.0,0.0,20.0,0.0,,,
2017-01-02,3920.0,3.8,4.9,762.0,4.5,22.0,6.3,,,
2017-01-03,5140.0,15.6,5.1,859.0,14.9,171.0,14.7,,,
2017-01-04,7730.0,2.1,7.4,1270.0,1.8,223.0,1.3,,,
2017-01-05,11600.0,0.6,-0.2,1670.0,0.1,90.3,0.4,,,
2017-01-06,16800.0,1.5,-0.9,1670.0,2.7,63.6,2.9,,,
2017-01-07,16500.0,3.5,-5.0,1750.0,1.2,47.7,1.2,,,
2017-01-08,13500.0,0.0,-8.1,1590.0,0.0,43.9,0.0,,,
2017-01-09,10500.0,0.0,-7.2,1220.0,0.0,40.6,0.0,,,
2017-01-10,8300.0,0.0,-4.1,1160.0,0.2,37.1,0.3,,,
2017-01-11,7780.0,3.8,5.6,1310.0,2.0,37.1,1.7,,,
2017-01-12,7620.0,3.7,11.8,1390.0,5.7,46.2,7.6,,,
2017-01-13,6870.0,0.0,10.5,1290.0,1.4,45.1,1.1,,,
2017-01-14,7440.0,7.9,2.1,1180.0,4.2,36.8,4.7,,,
2017-01-15,9030.0,3.2,2.4,1160.0,2.2,44.2,2.3,,,
2017-01-16,8980.0,0.0,1.8,1160.0,0.0,44.7,0.0,,,
2017-01-17,8810.0,6.7,5.3,1180.0,3.5,41.6,7.1,,,
2017-01-18,10000.0,1.4,8.9,1210.0,1.9,49.7,2.8,,,
2017-01-19,10100.0,0.0,6.4,1310.0,0.0,46.3,0.0,,,
2017-01-20,10800.0,5.9,4.5,1290.0,1.7,40.6,1.9,,,
2017-01-21,10700.0,0.0,7.8,1300.0,0.0,39.1,0.0,,,
2017-01-22,9920.0,4.2,8.1,1280.0,1.3,39.5,1.0,,,
2017-01-23,9910.0,12.2,6.4,1490.0,25.2,395.0,22.5,,,
2017-01-24,16600.0,3.6,4.2,8350.0,3.8,524.0,3.7,,,
2017-01-25,47400.0,0.0,7.9,10600.0,0.0,177.0,0.0,,,
2017-01-26,49100.0,0.9,9.0,9480.0,0.0,122.0,0.2,,,
2017-01-27,35000.0,0.0,3.9,6700.0,0.0,93.7,0.0,,,
2017-01-28,26600.0,0.0,1.8,5180.0,0.0,78.4,0.0,,,
2017-01-29,21700.0,0.0,2.4,4220.0,0.0,69.3,0.0,,,
2017-01-30,17700.0,1.7,0.6,3580.0,1.0,63.6,0.9,,,
2017-01-31,14900.0,0.1,1.5,3140.0,0.2,57.0,0.2,,,
2017-02-01,12900.0,0.0,5.1,2780.0,0.0,52.3,0.0,,,
2017-02-02,11200.0,0.0,4.9,2490.0,0.0,48.2,0.0,,,
2017-02-03,9740.0,0.0,0.4,2260.0,0.0,44.3,0.1,,,
2017-02-04,8600.0,0.0,-2.0,2080.0,0.0,40.6,0.0,,,
2017-02-05,7690.0,0.3,2.4,1920.0,0.4,38.8,0.6,,,
2017-02-06,7000.0,0.0,6.5,1810.0,0.0,38.8,0.0,,,
2017-02-07,6370.0,2.5,12.5,1720.0,4.1,38.0,3.8,,,
2017-02-08,6080.0,0.0,15.6,1640.0,0.1,37.2,0.1,,,
2017-02-09,6090.0,11.2,4.3,1650.0,13.2,41.2,13.7,,,
2017-02-10,6450.0,0.0,-2.8,1690.0,0.0,41.6,0.0,,,
2017-02-11,7670.0,0.0,5.9,1670.0,0.2,36.3,0.2,,,
2017-02-12,8320.0,6.8,7.7,1610.0,6.6,37.3,5.0,,,
2017-02-13,7970.0,0.0,4.6,1580.0,0.2,40.6,0.3,,,
2017-02-14,8790.0,0.4,2.2,1570.0,0.0,37.1,0.0,,,
2017-02-15,14000.0,0.0,4.8,1490.0,0.5,33.0,0.3,,,
2017-02-16,13700.0,0.3,0.8,1450.0,0.1,32.0,0.1,,,
2017-02-17,12000.0,0.0,1.0,1340.0,0.0,30.1,0.0,,,
2017-02-18,10400.0,0.0,6.9,1330.0,0.0,30.0,0.0,,,
2017-02-19,9250.0,0.0,14.4,1320.0,0.0,32.5,0.0,,,
2017-02-20,8120.0,0.0,11.7,1300.0,0.0,29.7,0.0,,,
2017-02-21,7100.0,0.0,7.7,1230.0,0.0,28.0,0.0,,,
2017-02-22,6590.0,0.2,9.6,1230.0,0.0,27.3,0.0,,,
2017-02-23,6140.0,0.2,15.0,1180.0,0.0,27.8,0.0,,,
2017-02-24,5650.0,0.0,16.6,1160.0,0.0,27.1,0.1,,,
2017-02-25,5260.0,13.1,15.8,1160.0,6.6,29.2,8.1,,,
2017-02-26,5110.0,0.0,4.5,1120.0,0.0,47.5,0.0,,,
2017-02-27,5080.0,0.0,5.1,1070.0,0.0,37.9,0.0,,,
2017-02-28,4830.0,3.3,10.9,1060.0,1.5,31.2,1.9,,,
2017-03-01,4950.0,6.1,15.7,1070.0,6.1,39.7,7.0,,,
2017-03-02,4770.0,1.0,9.6,1050.0,0.1,42.3,0.0,,,
2017-03-03,4960.0,0.5,2.5,1060.0,0.4,32.7,0.6,,,
2017-03-04,9680.0,0.0,-0.9,1050.0,0.0,29.0,0.0,,,
2017-03-05,9020.0,0.0,-2.1,1050.0,0.0,27.6,0.0,,,
2017-03-06,7640.0,0.0,2.9,1010.0,0.1,27.4,0.0,,,
2017-03-07,6590.0,2.0,11.5,981.0,5.1,27.9,5.3,,,
2017-03-08,6170.0,5.8,12.9,969.0,4.5,30.7,4.7,,,
2017-03-09,5730.0,0.0,12.7,997.0,0.0,29.3,0.0,,,
2017-03-10,5820.0,3.9,6.7,997.0,5.3,27.9,5.3,,,
2017-03-11,6240.0,0.0,-1.9,973.0,0.0,28.6,0.0,,,
2017-03-12,6050.0,0.0,-1.2,950.0,0.0,26.7,0.0,,,
2017-03-13,6230.0,0.0,-0.7,909.0,0.0,27.1,0.0,,,
2017-03-14,6500.0,32.9,0.1,943.0,19.5,34.7,20.5,,,
2017-03-15,6260.0,0.4,-5.0,974.0,0.5,36.4,0.6,,,
2017-03-16,5810.0,0.0,-1.8,1020.0,0.0,28.5,0.0,,,
2017-03-17,5800.0,0.0,1.6,984.0,0.0,30.9,0.0,,,
2017-03-18,5850.0,0.6,6.1,1060.0,1.7,55.6,2.2,,,
2017-03-19,7510.0,11.3,4.7,1360.0,8.5,205.0,9.5,,,
2017-03-20,13400.0,0.0,5.9,2060.0,0.0,123.0,0.0,,,
2017-03-21,19600.0,0.7,9.6,1970.0,0.9,89.7,0.1,,,
2017-03-22,16700.0,0.1,6.7,2000.0,0.0,72.9,0.0,,,
2017-03-23,14300.0,0.0,1.3,1800.0,0.0,59.8,0.0,,,
2017-03-24,12600.0,3.2,5.2,1680.0,5.9,56.4,4.0,,,
2017-03-25,11800.0,0.0,16.7,1630.0,0.1,67.6,0.0,,,
2017-03-26,10800.0,0.0,11.4,1560.0,0.0,59.3,0.0,,,
2017-03-27,9930.0,1.4,12.6,1480.0,2.2,53.2,5.3,,,
2017-03-28,9490.0,4.7,16.1,1520.0,6.8,58.2,6.9,,,
2017-03-29,10300.0,0.4,13.8,1560.0,0.5,116.0,0.2,,,
2017-03-30,12300.0,0.0,8.2,1610.0,0.0,78.6,0.0,,,
2017-03-31,16500.0,30.0,7.7,1700.0,26.9,331.0,26.8,,,
2017-04-01,21100.0,1.9,9.8,2790.0,0.8,304.0,0.3,,,
2017-04-02,23300.0,0.0,9.5,3770.0,0.0,159.0,0.0,,,
2017-04-03,24200.0,1.2,12.4,3870.0,1.2,125.0,0.3,,,
2017-04-04,22600.0,8.1,18.0,4010.0,4.1,117.0,4.2,,,
2017-04-05,19900.0,0.0,16.9,3590.0,0.0,97.4,0.0,,,
2017-04-06,20300.0,29.5,14.3,3510.0,22.4,196.0,29.5,,,
2017-04-07,27000.0,0.8,7.8,3850.0,1.0,363.0,0.9,,,
2017-04-08,26500.0,0.0,7.8,3620.0,0.0,160.0,0.0,,,
2017-04-09,23000.0,0.0,11.7,3320.0,0.0,124.0,0.0,,,
2017-04-10,20000.0,0.0,15.9,2970.0,0.0,106.0,0.0,,,
2017-04-11,17200.0,0.0,20.2,2660.0,0.0,93.0,0.0,,,
2017-04-12,15000.0,0.1,19.2,2410.0,0.2,82.6,0.2,,,
2017-04-13,13100.0,0.0,15.3,2200.0,0.0,74.1,0.0,,,
2017-04-14,11500.0,0.0,14.0,2010.0,0.0,67.1,0.0,,,
2017-04-15,10100.0,0.0,15.3,1860.0,0.0,62.5,0.0,,,
2017-04-16,8950.0,0.6,21.3,1740.0,0.3,63.5,0.1,,,
2017-04-17,8200.0,8.7,18.6,1650.0,10.1,58.5,9.0,,,
2017-04-18,7840.0,0.0,16.4,1630.0,0.0,57.9,0.0,,,
2017-04-19,7540.0,0.0,12.7,1590.0,0.0,56.5,0.1,,,
2017-04-20,7520.0,2.0,17.0,1520.0,4.7,52.9,3.9,,,
2017-04-21,7380.0,9.7,19.2,1460.0,5.3,52.4,6.8,,,
2017-04-22,8670.0,8.2,14.3,1440.0,13.5,71.2,16.6,,,
2017-04-23,8590.0,0.7,11.2,1510.0,0.0,85.9,0.0,,,
2017-04-24,8260.0,9.5,10.7,1570.0,4.9,62.6,4.4,,,
2017-04-25,8450.0,7.7,12.0,1710.0,10.6,77.3,11.4,,,
2017-04-26,8890.0,3.3,14.7,4070.0,0.5,99.6,1.2,,,
2017-04-27,13200.0,0.0,19.0,10100.0,0.0,75.5,0.0,,,
2017-04-28,20600.0,0.0,22.5,8050.0,0.0,59.8,0.1,,,
2017-04-29,19100.0,0.0,24.3,6050.0,0.3,54.5,0.5,,,
2017-04-30,15700.0,1.9,23.9,4780.0,0.4,49.0,0.3,,,
2017-05-01,13600.0,0.1,22.9,3850.0,0.3,45.7,0.3,,,
2017-05-02,13300.0,5.7,19.8,3220.0,1.4,41.7,1.3,,,
2017-05-03,13300.0,0.0,15.7,2730.0,0.0,36.2,0.0,,,
2017-05-04,12000.0,0.7,13.9,2440.0,0.0,33.4,0.0,,,
2017-05-05,15200.0,37.8,16.2,3730.0,34.1,364.0,38.3,,,
2017-05-06,39200.0,4.9,14.2,14100.0,5.2,238.0,4.7,,,
2017-05-07,75700.0,0.9,10.8,19500.0,1.5,129.0,1.9,,,
2017-05-08,53700.0,0.0,10.6,11500.0,0.6,90.4,0.3,,,
2017-05-09,35700.0,0.0,11.2,8070.0,0.0,72.4,0.0,,,
2017-05-10,26300.0,0.0,14.1,6180.0,0.0,62.9,0.0,,,
2017-05-11,22300.0,22.3,12.2,5380.0,21.2,167.0,22.4,,,
2017-05-12,24000.0,4.0,10.6,7510.0,5.4,265.0,6.6,,,
2017-05-13,35400.0,14.7,10.1,7740.0,9.5,303.0,8.8,,,
2017-05-14,42000.0,0.4,14.8,10300.0,0.0,207.0,0.0,,,
2017-05-15,45000.0,0.0,15.8,9790.0,0.0,139.0,0.0,,,
2017-05-16,35000.0,0.0,18.0,7550.0,0.0,109.0,0.0,,,
2017-05-17,26700.0,0.0,23.2,5850.0,0.0,94.3,0.6,,,
2017-05-18,21400.0,0.1,26.0,4710.0,0.1,81.3,0.0,,,
2017-05-19,18400.0,4.9,24.8,4090.0,4.8,88.9,4.1,,,
2017-05-20,15200.0,0.4,20.1,3380.0,3.3,84.9,5.5,,,
2017-05-21,12300.0,0.0,15.9,3000.0,0.0,65.7,0.0,,,
2017-05-22,11000.0,13.9,16.2,2790.0,3.5,74.3,4.3,,,
2017-05-23,9960.0,1.4,16.7,2530.0,0.0,82.3,0.3,,,
2017-05-24,9300.0,6.2,15.9,2500.0,11.6,80.7,9.9,,,
2017-05-25,11100.0,8.7,15.3,3110.0,13.9,993.0,9.8,,,
2017-05-26,18900.0,1.8,17.7,11300.0,1.2,600.0,1.1,,,
2017-05-27,36700.0,1.7,18.7,19300.0,2.7,201.0,2.3,,,
2017-05-28,37700.0,3.8,18.9,11100.0,1.0,159.0,1.1,,,
2017-05-29,26900.0,3.1,20.0,7910.0,2.8,125.0,2.9,,,
2017-05-30,23300.0,0.2,18.2,6610.0,2.8,101.0,0.3,,,
2017-05-31,26200.0,1.9,21.0,6570.0,0.6,174.0,1.0,,,
2017-06-01,24300.0,0.0,20.5,5170.0,0.0,99.4,0.0,,,
2017-06-02,19300.0,0.0,19.9,4260.0,0.3,74.8,0.0,,,
2017-06-03,15400.0,0.0,20.5,3610.0,0.2,64.5,0.2,,,
2017-06-04,12600.0,0.0,22.2,3070.0,0.0,57.2,0.0,,,
2017-06-05,10700.0,7.3,21.4,2690.0,3.1,54.7,2.9,,,
2017-06-06,9580.0,0.0,20.0,2390.0,0.3,55.0,0.1,,,
2017-06-07,8520.0,0.6,16.6,2230.0,1.6,48.1,1.7,,,
2017-06-08,7790.0,0.0,17.3,2170.0,0.0,52.7,0.0,,,
2017-06-09,7360.0,0.8,19.5,2020.0,0.0,45.4,0.0,,,
2017-06-10,6780.0,0.0,22.9,1840.0,0.0,39.0,0.0,,,
2017-06-11,6370.0,0.0,26.6,1700.0,0.0,34.9,0.0,,,
2017-06-12,5790.0,0.0,27.7,1610.0,0.0,32.5,0.0,,,
2017-06-13,5360.0,0.3,27.6,1500.0,0.5,30.4,0.0,,,
2017-06-14,4960.0,10.7,26.2,1390.0,3.4,28.6,4.4,,,
2017-06-15,4630.0,0.2,24.9,1350.0,3.1,26.7,1.6,,,
2017-06-16,4320.0,6.0,22.9,1290.0,7.5,26.2,4.0,,,
2017-06-17,4060.0,24.8,23.5,1430.0,5.3,27.4,7.5,,,
2017-06-18,4100.0,0.4,25.9,2310.0,4.1,26.5,3.3,,,
2017-06-19,6400.0,17.6,26.3,3700.0,16.9,45.1,13.3,,,
2017-06-20,9550.0,5.0,24.3,2570.0,0.0,85.9,0.0,,,
2017-06-21,7040.0,0.3,24.2,2040.0,0.0,35.6,0.0,,,
2017-06-22,6070.0,0.2,25.4,2020.0,0.2,26.7,0.3,,,
2017-06-23,5540.0,8.9,25.6,1790.0,9.6,26.0,12.7,,,
2017-06-24,5260.0,8.3,26.2,1610.0,13.5,32.3,17.9,,,
2017-06-25,5130.0,0.0,24.1,1410.0,0.0,29.3,0.0,,,
2017-06-26,7080.0,0.0,22.0,1310.0,0.1,22.8,0.3,,,
2017-06-27,7900.0,1.2,21.1,1220.0,1.4,19.3,0.4,,,
2017-06-28,5980.0,0.0,20.6,1130.0,0.0,17.9,0.0,,,
2017-06-29,4950.0,0.0,23.5,1060.0,0.0,16.9,0.0,,,
2017-06-30,4190.0,0.0,26.9,1010.0,0.8,17.1,0.5,,,
2017-07-01,3870.0,5.5,26.4,993.0,4.6,19.6,5.5,,,
2017-07-02,3910.0,0.0,27.5,947.0,0.0,34.1,0.0,,,
2017-07-03,3690.0,0.1,27.4,905.0,0.2,22.8,0.0,,,
2017-07-04,3360.0,1.6,26.6,864.0,0.5,16.7,4.2,,,
2017-07-05,3210.0,12.5,24.2,924.0,20.2,16.2,19.3,,,
2017-07-06,4940.0,51.8,22.5,1310.0,27.7,758.0,43.1,,,
2017-07-07,9420.0,4.3,24.3,1330.0,5.7,311.0,5.7,,,
2017-07-08,7870.0,0.6,24.8,1350.0,0.4,101.0,0.6,,,
2017-07-09,8680.0,0.0,23.4,1260.0,0.0,61.1,0.0,,,
2017-07-10,7130.0,0.5,24.5,1090.0,0.0,47.0,0.0,,,
2017-07-11,5620.0,0.1,26.4,964.0,4.2,39.7,1.5,,,
2017-07-12,4640.0,0.4,27.1,942.0,0.0,37.2,0.7,,,
2017-07-13,4140.0,0.4,28.1,840.0,0.2,35.7,0.1,,,
2017-07-14,4070.0,8.7,26.9,852.0,12.2,38.0,15.4,,,
2017-07-15,4580.0,3.5,25.5,798.0,6.7,36.3,11.8,,,
2017-07-16,3790.0,0.0,24.8,788.0,0.0,30.0,0.0,,,
2017-07-17,3280.0,8.8,25.1,778.0,3.7,26.7,4.9,,,
2017-07-18,3460.0,4.7,25.4,777.0,0.8,24.8,3.5,,,
2017-07-19,3270.0,0.0,27.1,728.0,0.0,23.2,0.0,,,
2017-07-20,2890.0,0.7,28.5,693.0,0.0,21.7,0.1,,,
2017-07-21,2720.0,0.6,28.7,680.0,0.9,20.4,1.0,,,
2017-07-22,3040.0,1.3,28.1,766.0,1.3,21.5,3.2,,,
2017-07-23,3450.0,26.9,25.4,936.0,10.8,61.1,9.7,,,
2017-07-24,5140.0,0.9,25.5,851.0,5.9,57.8,6.3,,,
2017-07-25,4080.0,1.3,23.1,770.0,0.0,30.7,0.0,,,
2017-07-26,4240.0,1.4,22.5,744.0,0.0,23.6,0.0,,,
2017-07-27,3730.0,0.5,24.2,685.0,0.2,21.7,0.6,,,
2017-07-28,4790.0,34.7,22.8,747.0,13.0,50.2,29.6,,,
2017-07-29,16600.0,80.0,20.4,1870.0,99.0,1680.0,80.1,,,
2017-07-30,18000.0,0.0,21.2,1350.0,0.0,185.0,0.0,,,
2017-07-31,16800.0,0.0,22.4,2160.0,0.0,90.9,0.2,,,
2017-08-01,19900.0,0.2,24.3,1730.0,0.6,63.0,2.2,,,
2017-08-02,13700.0,4.6,24.3,1290.0,5.1,50.8,5.9,,,
2017-08-03,10300.0,1.0,23.9,1060.0,2.5,44.5,0.8,,,
2017-08-04,8660.0,2.2,24.6,935.0,0.6,51.6,0.8,,,
2017-08-05,7340.0,0.1,23.6,1060.0,12.3,42.2,9.4,,,
2017-08-06,7810.0,0.0,21.4,849.0,0.1,34.7,0.1,,,
2017-08-07,11500.0,43.8,20.8,812.0,14.4,33.3,15.4,,,
2017-08-08,8140.0,0.8,21.9,806.0,0.8,37.1,0.4,,,
2017-08-09,6700.0,0.0,21.4,808.0,0.0,31.7,0.0,,,
2017-08-10,6640.0,0.1,22.3,1640.0,0.1,27.2,0.0,,,
2017-08-11,6620.0,2.9,21.9,1210.0,4.7,25.7,2.7,,,
2017-08-12,8160.0,14.7,23.1,2670.0,8.6,82.8,11.8,,,
2017-08-13,9150.0,3.3,22.9,1910.0,0.2,127.0,0.1,,,
2017-08-14,7070.0,1.1,21.9,1200.0,2.2,52.4,1.7,,,
2017-08-15,6170.0,17.6,22.6,1040.0,9.7,43.6,6.9,,,
2017-08-16,5540.0,0.2,24.5,959.0,0.2,39.6,0.2,,,
2017-08-17,4740.0,7.8,25.0,917.0,1.0,40.7,0.5,,,
2017-08-18,4310.0,20.3,26.0,858.0,8.3,42.9,7.6,,,
2017-08-19,5090.0,0.4,25.4,923.0,0.0,52.3,0.1,,,
2017-08-20,4210.0,0.0,24.1,813.0,0.0,29.9,0.0,,,
2017-08-21,3740.0,1.3,24.7,825.0,0.0,24.5,0.0,,,
2017-08-22,3420.0,0.3,26.4,765.0,0.3,22.7,0.6,,,
2017-08-23,3220.0,0.4,25.3,749.0,6.7,26.4,4.4,,,
2017-08-24,2970.0,0.0,21.8,733.0,0.0,26.5,0.0,,,
2017-08-25,2950.0,0.7,20.4,702.0,0.1,24.4,0.4,,,
2017-08-26,2800.0,0.3,20.4,664.0,0.1,24.6,0.2,,,
2017-08-27,2680.0,0.0,20.3,651.0,0.8,22.1,0.6,,,
2017-08-28,2570.0,0.0,19.3,624.0,0.0,21.9,0.0,,,
2017-08-29,2630.0,26.0,17.7,632.0,11.1,25.3,11.9,,,
2017-08-30,2800.0,0.2,18.7,690.0,0.6,35.4,0.9,,,
2017-08-31,2790.0,0.2,22.2,711.0,0.1,30.3,0.1,,,
2017-09-01,2690.0,0.2,18.3,704.0,0.4,25.3,0.6,,,
2017-09-02,2860.0,6.1,15.9,787.0,7.0,25.3,5.4,,,
2017-09-03,2820.0,0.8,18.1,753.0,4.3,31.1,2.5,,,
2017-09-04,2600.0,0.0,20.6,708.0,0.0,29.7,0.0,,,
2017-09-05,2430.0,0.3,24.0,754.0,3.1,35.8,2.0,,,
2017-09-06,3920.0,24.0,18.1,964.0,34.5,158.0,37.3,,,
2017-09-07,5150.0,8.2,16.8,888.0,0.8,127.0,1.3,,,
2017-09-08,4700.0,0.0,17.0,819.0,0.0,50.4,0.0,,,
2017-09-09,4240.0,0.1,16.1,747.0,0.1,33.2,0.4,,,
2017-09-10,3570.0,0.0,15.7,750.0,0.0,26.3,0.0,,,
2017-09-11,3060.0,0.0,16.6,744.0,0.0,22.5,0.0,,,
2017-09-12,2800.0,0.0,18.3,690.0,0.0,20.4,0.0,,,
2017-09-13,2540.0,5.9,19.9,660.0,2.0,19.9,3.8,,,
2017-09-14,2490.0,5.0,21.5,636.0,0.5,20.6,0.2,,,
2017-09-15,2380.0,0.6,21.3,619.0,0.0,18.2,0.0,,,
2017-09-16,2270.0,0.7,22.0,616.0,0.2,15.3,0.1,,,
2017-09-17,2190.0,2.9,21.3,575.0,0.3,13.7,0.8,,,
2017-09-18,1940.0,0.4,21.1,579.0,0.6,14.7,1.2,,,
2017-09-19,1960.0,0.2,21.7,601.0,0.0,17.9,0.0,,,
2017-09-20,1950.0,0.0,23.0,579.0,0.0,18.2,0.0,,,
2017-09-21,2000.0,0.0,23.1,563.0,0.0,16.5,0.0,,,
2017-09-22,2090.0,0.0,22.8,541.0,0.0,15.8,0.0,,,
2017-09-23,1890.0,0.0,22.1,535.0,0.0,15.8,0.0,,,
2017-09-24,1760.0,0.0,23.6,500.0,0.0,15.5,0.0,,,
2017-09-25,1580.0,0.0,24.6,517.0,0.0,16.2,0.0,,,
2017-09-26,1500.0,0.0,23.3,511.0,0.0,14.9,0.0,,,
2017-09-27,1570.0,0.1,25.0,477.0,0.0,13.9,0.0,,,
2017-09-28,1450.0,0.0,23.4,496.0,0.0,14.1,0.0,,,
2017-09-29,1320.0,0.0,17.4,479.0,0.0,13.1,0.0,,,
2017-09-30,1350.0,0.0,16.3,463.0,0.0,11.6,0.0,,,
2017-10-01,1350.0,0.0,13.6,461.0,0.0,10.6,0.0,,,
2017-10-02,1280.0,0.0,15.0,450.0,0.0,11.0,0.0,,,
2017-10-03,1250.0,0.0,16.1,439.0,0.0,11.3,0.0,,,
2017-10-04,1300.0,0.0,17.1,450.0,0.0,11.4,0.0,,,
2017-10-05,1270.0,0.0,19.6,470.0,0.0,12.0,0.0,,,
2017-10-06,1420.0,0.0,21.4,474.0,0.0,12.1,0.0,,,
2017-10-07,1340.0,0.0,22.4,512.0,0.0,12.1,0.0,,,
2017-10-08,1330.0,6.4,23.2,421.0,14.1,12.7,12.6,,,
2017-10-09,1630.0,18.6,23.7,541.0,22.1,30.4,22.1,,,
2017-10-10,1810.0,1.0,23.4,579.0,0.3,44.2,0.3,,,
2017-10-11,2230.0,2.6,21.4,619.0,9.2,23.6,11.9,,,
2017-10-12,3040.0,6.2,17.8,667.0,9.3,40.3,9.7,,,
2017-10-13,3150.0,0.1,16.3,579.0,0.1,37.2,0.1,,,
2017-10-14,3710.0,0.1,17.7,666.0,0.0,23.5,0.0,,,
2017-10-15,3810.0,0.0,19.3,603.0,0.0,19.7,0.0,,,
2017-10-16,3410.0,5.5,16.9,608.0,4.2,19.2,4.3,,,
2017-10-17,3010.0,0.0,10.8,565.0,0.0,18.1,0.0,,,
2017-10-18,2710.0,0.0,12.2,524.0,0.0,17.2,0.0,,,
2017-10-19,2400.0,0.0,14.0,513.0,0.0,16.1,0.0,,,
2017-10-20,2050.0,0.0,16.2,500.0,0.0,16.0,0.0,,,
2017-10-21,1970.0,0.0,15.6,494.0,0.0,16.0,0.0,,,
2017-10-22,1890.0,0.0,16.2,472.0,0.0,15.4,0.0,,,
2017-10-23,1690.0,0.3,17.5,488.0,0.2,15.0,0.3,,,
2017-10-24,1920.0,16.9,18.9,551.0,9.9,30.6,12.9,,,
2017-10-25,2330.0,0.0,14.2,553.0,0.0,32.5,0.0,,,
2017-10-26,2260.0,0.0,10.6,576.0,0.2,22.0,0.2,,,
2017-10-27,2370.0,0.0,10.6,573.0,0.0,18.4,0.0,,,
2017-10-28,2440.0,0.0,14.3,604.0,0.0,16.8,0.0,,,
2017-10-29,2440.0,18.7,15.0,674.0,28.7,22.1,32.1,,,
2017-10-30,4160.0,23.9,8.9,1260.0,22.4,223.0,23.5,,,
2017-10-31,16700.0,0.0,10.0,1710.0,0.0,78.0,0.0,,,
2017-11-01,22300.0,0.0,9.8,1580.0,0.1,46.6,0.1,,,
2017-11-02,13800.0,0.0,14.5,1470.0,0.0,35.9,0.0,,,
2017-11-03,9590.0,0.0,17.7,1140.0,0.1,31.4,0.0,,,
2017-11-04,7370.0,1.8,12.0,972.0,2.3,29.1,1.7,,,
2017-11-05,6680.0,10.8,12.4,918.0,6.7,44.1,9.9,,,
2017-11-06,5940.0,0.0,16.6,835.0,6.2,49.1,6.1,,,
2017-11-07,6090.0,14.2,8.9,913.0,17.4,47.4,16.5,,,
2017-11-08,7750.0,2.1,6.2,1000.0,3.2,149.0,3.2,,,
2017-11-09,7020.0,1.1,7.7,1160.0,0.7,74.2,1.3,,,
2017-11-10,9230.0,1.3,5.7,1050.0,0.0,57.3,0.0,,,
2017-11-11,10000.0,0.0,-1.4,961.0,0.0,48.1,0.0,,,
2017-11-12,8580.0,0.0,1.9,936.0,0.0,42.5,0.0,,,
2017-11-13,7580.0,6.0,5.5,878.0,3.0,43.0,3.5,,,
2017-11-14,6580.0,0.0,5.6,856.0,0.0,42.5,0.0,,,
2017-11-15,5520.0,0.0,5.5,835.0,0.0,38.6,0.0,,,
2017-11-16,5070.0,0.9,9.1,796.0,1.6,37.0,1.3,,,
2017-11-17,5060.0,0.0,6.4,780.0,0.0,35.2,0.0,,,
2017-11-18,4640.0,0.2,7.2,761.0,1.7,32.7,2.0,,,
2017-11-19,4180.0,5.9,10.7,709.0,1.9,33.6,3.2,,,
2017-11-20,4470.0,0.0,4.8,721.0,0.0,35.6,0.0,,,
2017-11-21,5850.0,0.0,7.6,741.0,0.0,30.2,0.0,,,
2017-11-22,5550.0,0.2,9.8,711.0,0.2,29.1,0.1,,,
2017-11-23,5020.0,0.0,2.2,687.0,0.0,28.7,0.0,,,
2017-11-24,4630.0,0.0,3.1,644.0,0.0,28.0,0.0,,,
2017-11-25,4340.0,0.0,7.0,664.0,0.0,31.8,0.0,,,
2017-11-26,4120.0,0.0,7.9,656.0,0.0,34.2,0.0,,,
2017-11-27,3900.0,0.0,6.7,643.0,0.0,32.0,0.0,,,
2017-11-28,3750.0,0.0,7.1,669.0,0.0,26.2,0.0,,,
2017-11-29,3600.0,0.0,9.8,636.0,0.0,25.1,0.0,,,
2017-11-30,3410.0,0.0,7.6,631.0,0.0,25.0,0.0,,,
2017-12-01,3300.0,0.2,9.0,620.0,0.2,24.0,1.0,,,
2017-12-02,3220.0,0.0,4.6,596.0,0.0,25.7,0.0,,,
2017-12-03,3120.0,0.8,5.9,590.0,1.3,25.4,2.5,,,
2017-12-04,2980.0,0.0,5.0,596.0,0.0,25.8,0.0,,,
2017-12-05,2980.0,0.9,9.6,607.0,4.7,26.4,5.7,,,
2017-12-06,3000.0,2.2,7.5,577.0,1.3,29.6,1.6,,,
2017-12-07,2890.0,0.0,4.7,595.0,0.0,29.3,0.0,,,
2017-12-08,2970.0,0.2,2.3,562.0,0.0,26.4,0.0,,,
2017-12-09,3050.0,7.8,0.9,577.0,3.6,25.1,4.6,,,
2017-12-10,2920.0,0.7,-0.4,581.0,0.0,25.9,0.0,,,
2017-12-11,2630.0,0.3,2.0,583.0,0.0,25.1,0.0,,,
2017-12-12,2630.0,0.0,4.0,591.0,0.0,25.0,0.1,,,
2017-12-13,2600.0,0.0,-3.8,571.0,0.2,23.6,0.2,,,
2017-12-14,2430.0,0.5,1.3,573.0,0.7,23.0,0.8,,,
2017-12-15,2430.0,1.5,-2.6,567.0,0.4,22.2,0.5,,,
2017-12-16,2390.0,0.0,-0.3,571.0,0.0,21.4,0.0,,,
2017-12-17,2290.0,0.0,2.5,557.0,0.0,22.1,0.0,,,
2017-12-18,2300.0,0.1,6.1,563.0,0.1,22.8,0.0,,,
2017-12-19,2310.0,0.0,8.9,547.0,0.7,22.7,0.8,,,
2017-12-20,2290.0,0.0,8.2,558.0,0.0,22.8,0.0,,,
2017-12-21,2240.0,0.0,2.1,547.0,0.0,22.0,0.0,,,
2017-12-22,2210.0,0.0,4.1,533.0,0.0,20.2,0.0,,,
2017-12-23,2270.0,13.7,10.6,555.0,16.6,23.3,17.8,,,
2017-12-24,2480.0,1.0,4.6,590.0,1.4,32.7,1.2,,,
2017-12-25,2570.0,0.9,0.8,582.0,0.9,32.6,0.9,,,
2017-12-26,2680.0,0.0,-1.6,568.0,0.0,27.4,0.0,,,
2017-12-27,2800.0,0.3,-2.6,560.0,0.2,23.1,0.3,,,
2017-12-28,2590.0,0.0,-7.7,544.0,0.0,18.1,0.0,,,
2017-12-29,2680.0,0.0,-5.8,452.0,0.0,19.9,0.0,,,
2017-12-30,2440.0,1.6,-4.5,455.0,2.5,19.9,2.4,,,
2017-12-31,1760.0,0.4,-7.1,501.0,0.4,19.1,0.4,,,
2018-01-01,1620.0,0.0,-9.0,580.0,0.0,17.9,0.0,,,
2018-01-02,1600.0,0.0,-8.8,554.0,0.0,16.2,0.0,,,
2018-01-03,1680.0,0.0,-6.8,545.0,0.0,15.6,0.0,,,
2018-01-04,1870.0,5.7,-4.5,646.0,2.1,17.1,2.6,,,
2018-01-05,1230.0,0.0,-10.1,525.0,0.0,18.0,0.0,,,
2018-01-06,1320.0,0.0,-11.2,604.0,0.0,15.2,0.0,,,
2018-01-07,1760.0,0.0,-10.6,664.0,0.0,13.5,0.0,,,
2018-01-08,1920.0,1.9,-4.3,609.0,2.1,13.7,2.2,,,
2018-01-09,2090.0,1.4,2.1,614.0,0.2,16.4,0.3,,,
2018-01-10,1970.0,0.0,0.9,622.0,0.0,20.9,0.0,,,
2018-01-11,2040.0,0.0,6.5,660.0,0.0,24.6,0.0,,,
2018-01-12,2400.0,11.5,14.5,723.0,2.8,35.8,2.0,,,
2018-01-13,5800.0,25.6,3.8,1500.0,15.7,360.0,18.0,,,
2018-01-14,10900.0,0.0,-6.8,1450.0,0.0,102.0,0.0,,,
2018-01-15,9960.0,0.0,-5.3,942.0,0.0,71.8,0.0,,,
2018-01-16,11500.0,0.0,-1.2,1240.0,0.1,56.7,0.0,,,
2018-01-17,10700.0,0.9,-3.0,1300.0,0.7,43.1,0.5,,,
2018-01-18,9990.0,0.0,-4.0,1160.0,0.0,39.1,0.0,,,
2018-01-19,7610.0,0.0,1.8,1010.0,0.0,37.2,0.0,,,
2018-01-20,7060.0,0.0,3.5,1070.0,0.0,32.6,0.0,,,
2018-01-21,6740.0,0.0,6.8,926.0,0.0,33.4,0.0,,,
2018-01-22,5980.0,0.9,11.2,876.0,0.0,32.9,0.0,,,
2018-01-23,5770.0,7.6,12.4,926.0,11.1,57.2,12.1,,,
2018-01-24,10100.0,0.0,5.5,973.0,0.0,84.6,0.0,,,
2018-01-25,12600.0,0.0,0.8,1000.0,0.0,55.5,0.0,,,
2018-01-26,10600.0,0.0,0.2,960.0,0.0,42.7,0.0,,,
2018-01-27,8690.0,0.0,6.4,984.0,0.0,39.1,0.0,,,
2018-01-28,7640.0,5.6,10.5,961.0,6.2,40.9,6.1,,,
2018-01-29,7120.0,5.2,6.4,920.0,0.1,43.6,0.1,,,
2018-01-30,6750.0,0.8,0.6,899.0,0.2,40.5,0.3,,,
2018-01-31,6410.0,0.0,-3.8,822.0,0.0,34.2,0.0,,,
2018-02-01,6040.0,0.0,4.8,820.0,0.2,34.6,0.1,,,
2018-02-02,5770.0,6.2,0.3,837.0,6.0,37.6,5.7,,,
2018-02-03,5610.0,0.0,-4.9,827.0,0.0,35.1,0.0,,,
2018-02-04,5880.0,18.9,-0.3,828.0,19.0,40.9,20.6,,,
2018-02-05,7590.0,1.9,-0.4,937.0,1.1,118.0,1.2,,,
2018-02-06,7450.0,0.0,-0.5,1170.0,0.0,89.5,0.0,,,
2018-02-07,7650.0,9.1,0.3,1340.0,16.0,146.0,16.4,,,
2018-02-08,10600.0,0.0,-1.5,1990.0,0.0,206.0,0.0,,,
2018-02-09,13200.0,0.0,-0.1,2300.0,0.0,107.0,0.0,,,
2018-02-10,15900.0,14.0,4.7,2910.0,8.7,92.5,10.4,,,
2018-02-11,19800.0,28.2,12.0,3230.0,22.3,328.0,21.4,,,
2018-02-12,24300.0,2.3,8.7,3100.0,2.4,226.0,2.7,,,
2018-02-13,30300.0,0.0,0.8,3420.0,0.5,134.0,0.4,,,
2018-02-14,29600.0,0.0,3.9,4080.0,0.0,111.0,0.0,,,
2018-02-15,25200.0,5.9,12.8,3490.0,4.8,104.0,4.7,,,
2018-02-16,21100.0,5.1,14.9,2970.0,12.2,132.0,12.9,,,
2018-02-17,23600.0,4.3,2.3,2570.0,5.6,121.0,4.7,,,
2018-02-18,31600.0,2.9,3.9,2330.0,4.3,114.0,4.5,,,
2018-02-19,30600.0,1.2,4.3,2170.0,1.2,133.0,1.2,,,
2018-02-20,27200.0,0.0,13.9,2140.0,0.0,110.0,0.0,,,
2018-02-21,23700.0,0.0,19.2,2110.0,0.1,101.0,0.3,,,
2018-02-22,21000.0,2.7,12.2,2070.0,5.9,106.0,5.7,,,
2018-02-23,19100.0,3.7,5.3,2070.0,1.0,104.0,1.8,,,
2018-02-24,18900.0,4.9,8.1,2080.0,5.7,101.0,5.1,,,
2018-02-25,19800.0,9.3,9.4,2180.0,13.5,154.0,12.2,,,
2018-02-26,28600.0,0.0,9.1,2740.0,0.0,141.0,0.0,,,
2018-02-27,39500.0,0.0,6.3,3520.0,0.0,109.0,0.0,,,
2018-02-28,34100.0,0.0,8.4,3740.0,0.0,97.4,0.0,,,
2018-03-01,27200.0,3.0,9.7,3440.0,3.7,92.0,3.7,,,
2018-03-02,22900.0,6.0,6.0,3000.0,7.0,95.6,9.7,,,
2018-03-03,23700.0,0.0,4.1,2580.0,0.0,80.3,0.0,,,
2018-03-04,21300.0,0.0,3.4,2360.0,0.0,74.4,0.0,,,
2018-03-05,18400.0,0.0,2.0,2150.0,0.0,68.1,0.0,,,
2018-03-06,15600.0,0.0,1.7,2010.0,0.6,65.1,0.3,,,
2018-03-07,14000.0,6.9,3.1,1820.0,1.9,65.5,2.5,,,
2018-03-08,12900.0,0.1,2.2,1730.0,0.0,63.8,0.0,,,
2018-03-09,12000.0,0.0,1.2,1630.0,0.0,60.6,0.0,,,
2018-03-10,11100.0,0.0,2.1,1560.0,0.0,55.2,0.0,,,
2018-03-11,10100.0,0.0,2.2,1440.0,0.0,53.1,0.0,,,
2018-03-12,9000.0,0.4,1.6,1390.0,0.8,51.0,0.8,,,
2018-03-13,8260.0,1.0,1.9,1310.0,0.2,50.4,0.2,,,
2018-03-14,7760.0,0.0,0.9,1240.0,0.0,47.9,0.1,,,
2018-03-15,7240.0,0.0,2.7,1240.0,0.1,46.4,0.3,,,
2018-03-16,6800.0,0.0,2.0,1190.0,0.0,44.8,0.0,,,
2018-03-17,6540.0,0.2,1.2,1140.0,0.8,43.3,0.7,,,
2018-03-18,6180.0,0.0,4.0,1110.0,0.0,43.7,0.0,,,
2018-03-19,5770.0,0.0,5.6,1080.0,0.0,42.5,0.0,,,
2018-03-20,5910.0,23.1,2.0,1130.0,20.8,48.2,20.2,,,
2018-03-21,6540.0,18.0,-0.3,1270.0,18.0,66.5,18.4,,,
2018-03-22,6670.0,1.0,1.6,1300.0,0.8,61.6,0.9,,,
2018-03-23,6990.0,0.0,2.4,1510.0,0.0,75.4,0.0,,,
2018-03-24,7370.0,0.0,2.5,1940.0,0.0,109.0,0.0,,,
2018-03-25,8760.0,0.0,1.9,2120.0,0.0,88.4,0.0,,,
2018-03-26,10200.0,0.2,3.1,2250.0,0.0,72.9,0.0,,,
2018-03-27,11400.0,1.0,2.2,2420.0,3.7,65.6,3.3,,,
2018-03-28,12400.0,2.4,6.0,2470.0,6.7,69.0,6.2,,,
2018-03-29,13000.0,2.2,12.4,2620.0,2.0,76.4,1.9,,,
2018-03-30,16000.0,2.2,16.7,2960.0,1.3,74.0,0.9,,,
2018-03-31,22600.0,0.0,7.6,3290.0,0.0,70.9,0.0,,,
2018-04-01,23200.0,0.0,10.8,3340.0,0.0,62.1,0.0,,,
2018-04-02,19700.0,2.9,7.7,3100.0,9.9,69.0,9.2,,,
2018-04-03,18000.0,0.0,7.8,2890.0,0.7,76.0,0.4,,,
2018-04-04,22100.0,4.9,12.3,2680.0,0.7,70.9,0.7,,,
2018-04-05,33300.0,0.0,4.6,2550.0,0.0,59.9,0.0,,,
2018-04-06,30700.0,0.0,9.1,2360.0,0.0,55.3,0.0,,,
2018-04-07,24400.0,1.8,7.5,2190.0,0.2,56.1,0.3,,,
2018-04-08,19400.0,0.0,3.3,2000.0,0.0,51.5,0.0,,,
2018-04-09,16000.0,0.8,3.2,1910.0,1.0,49.5,1.1,,,
2018-04-10,14100.0,0.7,5.2,1820.0,0.1,49.0,0.4,,,
2018-04-11,12500.0,0.0,5.8,1750.0,0.0,46.9,0.0,,,
2018-04-12,11300.0,0.0,12.1,1640.0,0.4,45.3,0.3,,,
2018-04-13,10100.0,0.0,20.3,1520.0,0.1,44.5,0.0,,,
2018-04-14,9240.0,0.0,22.0,1480.0,0.0,42.7,0.0,,,
2018-04-15,8510.0,0.3,15.9,1420.0,0.4,41.7,0.4,,,
2018-04-16,17800.0,68.8,10.6,2840.0,50.8,1490.0,52.0,,,
2018-04-17,40100.0,0.0,5.4,9540.0,0.0,406.0,0.2,,,
2018-04-18,73200.0,0.0,6.9,16200.0,0.0,231.0,0.0,,,
2018-04-19,52300.0,0.6,9.1,9930.0,2.1,174.0,1.4,,,
2018-04-20,35700.0,0.0,6.5,6980.0,0.0,142.0,0.0,,,
2018-04-21,27500.0,0.0,8.4,5170.0,0.0,122.0,0.0,,,
2018-04-22,22300.0,0.0,10.7,4080.0,0.0,110.0,0.0,,,
2018-04-23,18000.0,0.0,12.6,3380.0,0.0,99.4,0.0,,,
2018-04-24,15800.0,2.7,12.0,2990.0,5.3,87.8,5.4,,,
2018-04-25,15900.0,8.7,13.1,2920.0,9.6,130.0,9.7,,,
2018-04-26,16900.0,0.0,13.3,3150.0,0.1,134.0,0.1,,,
2018-04-27,21700.0,21.7,13.1,6390.0,14.9,185.0,14.9,,,
2018-04-28,25000.0,0.1,14.8,6550.0,0.7,162.0,0.6,,,
2018-04-29,22200.0,1.0,9.1,5500.0,0.0,123.0,0.1,,,
2018-04-30,19600.0,0.0,10.2,4590.0,0.0,107.0,0.0,,,
2018-05-01,16600.0,0.0,15.6,3870.0,0.0,96.4,0.0,,,
2018-05-02,14300.0,0.0,20.3,3360.0,0.0,86.7,0.0,,,
2018-05-03,12900.0,0.0,23.2,2960.0,0.0,79.6,0.0,,,
2018-05-04,11800.0,0.0,25.0,2650.0,0.0,74.8,0.0,,,
2018-05-05,10700.0,1.0,20.3,2450.0,4.8,73.2,4.9,,,
2018-05-06,10000.0,7.7,15.5,2310.0,18.5,83.2,18.5,,,
2018-05-07,10900.0,0.0,16.6,2280.0,0.1,79.1,0.2,,,
2018-05-08,21100.0,0.0,17.8,2210.0,0.2,66.8,0.2,,,
2018-05-09,23800.0,0.0,17.9,2150.0,0.0,59.3,0.0,,,
2018-05-10,19000.0,3.5,19.1,2040.0,4.3,55.9,3.4,,,
2018-05-11,15800.0,0.0,20.4,1960.0,0.9,65.6,1.5,,,
2018-05-12,13100.0,2.1,22.1,1910.0,2.4,57.1,0.6,,,
2018-05-13,11900.0,15.5,19.2,1920.0,15.4,61.3,13.3,,,
2018-05-14,12000.0,15.3,19.0,2150.0,1.4,98.6,1.4,,,
2018-05-15,24000.0,2.9,22.6,4510.0,0.6,1210.0,0.7,,,
2018-05-16,50000.0,14.9,19.9,5240.0,26.3,1280.0,17.9,,,
2018-05-17,56900.0,55.1,17.9,13300.0,25.2,2900.0,23.1,,,
2018-05-18,71600.0,47.7,17.6,18900.0,12.6,1010.0,17.2,,,
2018-05-19,101000.0,18.2,14.5,23500.0,21.5,1780.0,22.3,,,
2018-05-20,109000.0,3.4,22.6,23000.0,0.5,702.0,0.6,,,
2018-05-21,88600.0,0.0,21.5,17700.0,0.0,398.0,0.0,,,
2018-05-22,59800.0,23.2,19.5,12100.0,8.0,421.0,5.3,,,
2018-05-23,47300.0,0.7,21.7,16800.0,0.2,302.0,0.3,,,
2018-05-24,45500.0,0.0,20.9,12500.0,0.0,215.0,0.0,,,
2018-05-25,33900.0,0.0,22.0,8680.0,0.0,178.0,0.0,,,
2018-05-26,26400.0,3.8,24.1,6550.0,0.8,161.0,0.4,,,
2018-05-27,22000.0,19.7,22.9,6110.0,16.4,148.0,21.1,,,
2018-05-28,21100.0,11.6,19.1,5010.0,2.7,150.0,3.3,,,
2018-05-29,21100.0,0.0,21.9,6340.0,0.1,128.0,0.0,,,
2018-05-30,23900.0,14.5,22.3,6160.0,2.2,118.0,3.1,,,
2018-05-31,19800.0,12.9,21.8,5030.0,7.9,242.0,11.2,,,
2018-06-01,22500.0,3.0,23.8,8870.0,0.2,404.0,0.2,,,
2018-06-02,32000.0,24.7,22.7,17200.0,20.8,240.0,27.4,,,
2018-06-03,59300.0,42.9,18.6,27100.0,22.4,1040.0,23.8,,,
2018-06-04,126000.0,1.4,16.7,61800.0,0.1,465.0,0.4,,,
2018-06-05,148000.0,0.0,19.9,29900.0,0.8,262.0,0.2,,,
2018-06-06,67700.0,1.3,17.6,15600.0,3.5,201.0,4.6,,,
2018-06-07,44100.0,0.3,18.2,11100.0,0.0,168.0,0.0,,,
2018-06-08,32500.0,0.0,21.5,8360.0,0.1,147.0,0.1,,,
2018-06-09,25500.0,13.8,22.2,6610.0,9.0,137.0,12.0,,,
2018-06-10,21400.0,5.0,21.6,5880.0,11.4,144.0,11.1,,,
2018-06-11,22300.0,16.2,16.5,6040.0,27.0,206.0,27.8,,,
2018-06-12,36900.0,0.0,17.6,8410.0,0.0,160.0,0.0,,,
2018-06-13,43200.0,0.6,21.8,11400.0,6.0,131.0,3.8,,,
2018-06-14,35700.0,0.0,23.4,8260.0,0.1,120.0,0.0,,,
2018-06-15,27200.0,0.0,21.2,6610.0,0.0,105.0,0.0,,,
2018-06-16,22300.0,0.0,21.9,5340.0,0.0,96.7,0.0,,,
2018-06-17,17900.0,0.0,24.4,4410.0,1.6,93.0,1.9,,,
2018-06-18,14800.0,0.6,26.2,3790.0,0.8,89.5,0.8,,,
2018-06-19,13300.0,2.3,27.0,3380.0,4.9,113.0,3.7,,,
2018-06-20,12400.0,0.7,23.6,3290.0,3.9,108.0,5.0,,,
2018-06-21,12500.0,17.4,23.5,5790.0,8.4,129.0,8.7,,,
2018-06-22,18800.0,42.0,20.6,6340.0,38.9,260.0,37.9,,,
2018-06-23,37700.0,6.9,20.6,27500.0,6.7,362.0,8.1,,,
2018-06-24,74800.0,3.4,23.8,27700.0,5.4,401.0,7.6,,,
2018-06-25,58200.0,0.3,23.4,16100.0,0.1,310.0,0.1,,,
2018-06-26,38900.0,0.3,21.2,11500.0,0.0,137.0,0.0,,,
2018-06-27,27800.0,1.9,21.8,8150.0,1.3,107.0,1.2,,,
2018-06-28,21700.0,4.3,24.6,6370.0,5.7,98.7,7.7,,,
2018-06-29,18300.0,0.0,25.1,5170.0,0.0,83.7,0.0,,,
2018-06-30,17400.0,0.0,26.3,4170.0,0.0,75.0,0.0,,,
2018-07-01,15900.0,0.0,26.8,3460.0,0.0,68.9,0.0,,,
2018-07-02,13100.0,0.0,28.3,3030.0,0.0,63.4,0.0,,,
2018-07-03,10600.0,0.5,28.5,2730.0,0.9,59.6,3.7,,,
2018-07-04,9710.0,1.2,27.5,2490.0,3.5,58.1,4.8,,,
2018-07-05,9040.0,1.0,27.2,2490.0,0.8,56.3,1.0,,,
2018-07-06,10400.0,7.4,25.0,3310.0,6.1,53.5,8.0,,,
2018-07-07,11900.0,0.2,22.0,2480.0,0.0,50.1,0.0,,,
2018-07-08,10700.0,0.0,20.8,2150.0,0.0,45.9,0.0,,,
2018-07-09,10000.0,0.0,22.6,1970.0,0.0,44.1,0.0,,,
2018-07-10,9000.0,0.0,26.0,1880.0,0.0,41.4,0.0,,,
2018-07-11,7780.0,0.0,27.3,1760.0,0.0,39.0,0.0,,,
2018-07-12,6640.0,0.0,25.6,1650.0,0.0,37.3,0.0,,,
2018-07-13,5950.0,0.0,24.6,1560.0,0.0,35.7,0.0,,,
2018-07-14,5610.0,0.0,25.5,1510.0,0.0,36.0,0.0,,,
2018-07-15,5320.0,2.8,26.1,1540.0,12.4,34.2,9.5,,,
2018-07-16,5200.0,5.1,26.9,1540.0,1.0,36.7,1.0,,,
2018-07-17,5540.0,38.4,25.6,1520.0,6.1,35.0,7.8,,,
2018-07-18,5610.0,1.4,24.2,1480.0,1.9,50.7,2.4,,,
2018-07-19,5300.0,0.0,24.0,1480.0,0.0,43.8,0.0,,,
2018-07-20,5150.0,0.1,23.9,1390.0,0.1,34.4,0.0,,,
2018-07-21,8800.0,52.8,20.6,1460.0,26.4,259.0,26.0,,,
2018-07-22,35800.0,63.5,19.8,1710.0,25.7,1020.0,29.0,,,
2018-07-23,32800.0,52.8,22.4,1540.0,12.8,560.0,20.8,,,
2018-07-24,26900.0,52.6,22.9,1630.0,15.1,866.0,21.1,,,
2018-07-25,28500.0,18.5,22.8,2140.0,23.4,875.0,29.1,,,
2018-07-26,33900.0,46.9,24.0,4480.0,2.4,524.0,3.0,,,
2018-07-27,32000.0,1.7,25.1,4600.0,5.8,258.0,8.8,,,
2018-07-28,26000.0,5.9,23.6,3400.0,0.4,333.0,1.2,,,
2018-07-29,18300.0,0.0,23.1,2510.0,0.0,185.0,0.0,,,
2018-07-30,13800.0,3.3,22.5,2210.0,1.6,337.0,1.4,,,
2018-07-31,14800.0,5.3,22.1,2690.0,3.3,559.0,2.8,,,
2018-08-01,21900.0,5.6,25.0,2370.0,4.8,325.0,4.3,,,
2018-08-02,24300.0,15.9,24.6,2520.0,30.7,315.0,46.6,,,
2018-08-03,35300.0,10.1,23.4,5500.0,10.2,329.0,10.7,,,
2018-08-04,53300.0,12.6,23.9,13300.0,22.3,1190.0,15.8,,,
2018-08-05,62100.0,1.2,25.5,16800.0,0.6,379.0,0.5,,,
2018-08-06,41000.0,0.1,26.2,9770.0,0.1,250.0,0.2,,,
2018-08-07,29100.0,11.6,25.7,6710.0,4.4,199.0,6.5,,,
2018-08-08,23000.0,1.2,25.6,5220.0,0.8,178.0,0.5,,,
2018-08-09,20800.0,26.3,25.2,5950.0,2.6,150.0,5.1,,,
2018-08-10,21600.0,0.3,25.2,5500.0,0.0,131.0,0.2,,,
2018-08-11,17700.0,11.0,24.6,4280.0,3.3,117.0,2.9,,,
2018-08-12,15100.0,2.5,23.7,3300.0,0.1,116.0,0.2,,,
2018-08-13,15800.0,14.7,22.7,3500.0,16.0,110.0,13.0,,,
2018-08-14,15000.0,0.1,22.4,3720.0,1.1,98.1,0.4,,,
2018-08-15,15300.0,0.0,24.6,4270.0,0.1,94.2,0.0,,,
2018-08-16,15200.0,0.1,25.3,3830.0,0.0,83.3,0.1,,,
2018-08-17,13100.0,0.1,26.2,3040.0,1.3,76.4,7.2,,,
2018-08-18,11800.0,4.2,25.4,2870.0,5.9,77.8,6.0,,,
2018-08-19,11300.0,0.3,23.0,4580.0,0.7,78.8,1.1,,,
2018-08-20,13500.0,0.7,21.9,4060.0,1.2,70.1,1.3,,,
2018-08-21,13300.0,32.2,22.6,3560.0,7.1,168.0,15.8,,,
2018-08-22,26800.0,12.2,23.8,4880.0,24.1,629.0,43.1,,,
2018-08-23,35800.0,0.0,21.0,4400.0,0.0,108.0,0.0,,,
2018-08-24,24800.0,0.0,20.8,3740.0,0.0,77.7,0.0,,,
2018-08-25,18000.0,0.0,21.3,3140.0,0.0,67.3,0.0,,,
2018-08-26,14200.0,0.0,22.6,2730.0,0.1,61.1,0.0,,,
2018-08-27,11700.0,1.0,25.5,2420.0,1.7,58.1,1.7,,,
2018-08-28,10300.0,2.9,26.6,2270.0,0.0,56.1,0.0,,,
2018-08-29,9580.0,0.3,27.5,2120.0,0.0,51.8,0.1,,,
2018-08-30,8610.0,0.0,27.3,2040.0,0.0,48.0,0.0,,,
2018-08-31,8060.0,5.5,24.5,2130.0,12.9,47.6,12.3,,,
2018-09-01,10100.0,1.2,23.7,2550.0,1.5,70.8,1.8,,,
2018-09-02,12700.0,10.1,24.4,4130.0,3.5,86.8,3.7,,,
2018-09-03,11600.0,6.0,25.5,3980.0,1.2,56.7,2.4,,,
2018-09-04,11800.0,3.6,26.3,2810.0,1.4,48.7,3.3,,,
2018-09-05,9900.0,0.4,26.9,2410.0,0.0,46.6,0.1,,,
2018-09-06,8590.0,0.0,27.3,2250.0,0.8,45.7,1.1,,,
2018-09-07,7900.0,3.3,25.0,2020.0,7.6,43.5,0.7,,,
2018-09-08,9610.0,22.6,21.0,1990.0,15.8,48.8,16.1,,,
2018-09-09,18000.0,26.5,16.0,2530.0,68.1,505.0,66.4,,,
2018-09-10,69100.0,4.6,18.9,8110.0,10.5,544.0,12.7,,,
2018-09-11,130000.0,17.4,21.9,11400.0,1.2,313.0,3.9,,,
2018-09-12,88900.0,23.4,21.5,8490.0,1.2,210.0,1.6,,,
2018-09-13,54300.0,4.0,23.5,6350.0,10.7,173.0,11.0,,,
2018-09-14,48600.0,8.9,22.8,5120.0,6.9,155.0,5.5,,,
2018-09-15,40300.0,3.5,22.8,4190.0,3.1,137.0,3.4,,,
2018-09-16,30200.0,1.4,21.9,3690.0,0.1,122.0,0.2,,,
2018-09-17,25500.0,62.5,22.3,4030.0,20.9,127.0,21.7,,,
2018-09-18,28700.0,25.6,23.6,16600.0,5.2,194.0,7.7,,,
2018-09-19,61000.0,0.0,23.8,34700.0,0.3,141.0,0.1,,,
2018-09-20,61600.0,1.8,22.3,16600.0,0.1,118.0,0.3,,,
2018-09-21,41000.0,1.6,21.6,11600.0,0.3,115.0,1.1,,,
2018-09-22,31800.0,0.3,22.4,8950.0,0.5,115.0,0.4,,,
2018-09-23,27200.0,34.7,16.2,7440.0,23.1,183.0,19.2,,,
2018-09-24,26100.0,15.8,16.2,10900.0,9.0,370.0,11.3,,,
2018-09-25,35100.0,18.7,19.5,14400.0,14.7,692.0,14.9,,,
2018-09-26,53100.0,2.9,23.7,11100.0,11.0,693.0,12.3,,,
2018-09-27,80500.0,4.1,18.2,10700.0,11.8,1430.0,10.8,,,
2018-09-28,94300.0,18.4,16.9,22300.0,25.9,3630.0,25.8,,,
2018-09-29,132000.0,0.0,18.8,34300.0,0.0,866.0,0.0,,,
2018-09-30,108000.0,0.0,18.2,22300.0,0.0,587.0,0.0,,,
2018-10-01,61600.0,0.7,20.8,13500.0,0.4,415.0,0.8,,,
2018-10-02,44000.0,3.2,22.1,10100.0,7.4,327.0,7.6,,,
2018-10-03,34600.0,0.5,22.7,8220.0,0.5,272.0,0.3,,,
2018-10-04,28400.0,0.0,23.1,6850.0,0.0,229.0,0.0,,,
2018-10-05,25000.0,12.3,20.6,5860.0,5.4,210.0,10.4,,,
2018-10-06,22600.0,0.1,19.8,5110.0,0.0,197.0,0.0,,,
2018-10-07,19800.0,0.0,22.6,4580.0,0.9,183.0,0.9,,,
2018-10-08,18000.0,1.3,23.4,4130.0,0.8,168.0,2.2,,,
2018-10-09,16400.0,1.2,22.7,3860.0,0.2,159.0,0.1,,,
2018-10-10,15200.0,2.6,22.7,3580.0,0.2,151.0,0.1,,,
2018-10-11,14500.0,22.2,22.9,3400.0,13.7,161.0,17.6,,,
2018-10-12,15400.0,23.3,15.6,3820.0,1.5,213.0,2.6,,,
2018-10-13,17100.0,3.1,11.4,5880.0,1.7,156.0,2.5,,,
2018-10-14,20900.0,0.5,10.4,6290.0,1.0,142.0,1.0,,,
2018-10-15,18500.0,8.5,15.7,4820.0,8.3,137.0,7.6,,,
2018-10-16,16000.0,0.7,14.7,4170.0,0.5,134.0,0.8,,,
2018-10-17,14300.0,0.0,13.0,3810.0,0.0,125.0,0.0,,,
2018-10-18,12900.0,0.0,9.8,3470.0,0.0,117.0,0.0,,,
2018-10-19,11700.0,0.0,9.7,3160.0,0.0,112.0,0.0,,,
2018-10-20,11000.0,2.0,14.6,2970.0,0.4,110.0,1.7,,,
2018-10-21,10300.0,0.7,9.4,2780.0,0.4,111.0,0.6,,,
2018-10-22,9580.0,0.0,6.8,2650.0,0.0,105.0,0.0,,,
2018-10-23,9290.0,0.0,11.7,2550.0,0.0,103.0,0.0,,,
2018-10-24,8990.0,0.0,9.6,2420.0,0.0,101.0,0.0,,,
2018-10-25,8630.0,0.0,6.8,2330.0,0.0,98.3,0.0,,,
2018-10-26,8280.0,3.5,6.8,2260.0,2.6,99.4,1.7,,,
2018-10-27,10600.0,32.5,9.1,2680.0,20.8,283.0,23.3,,,
2018-10-28,12800.0,0.1,10.5,3110.0,1.0,239.0,0.6,,,
2018-10-29,13100.0,0.3,10.9,3450.0,0.4,129.0,0.6,,,
2018-10-30,13400.0,0.0,9.8,3170.0,0.0,121.0,0.0,,,
2018-10-31,13200.0,0.0,12.0,2790.0,0.0,115.0,0.0,,,
2018-11-01,13400.0,0.0,17.1,2600.0,0.0,113.0,0.0,,,
2018-11-02,13500.0,4.3,19.5,2530.0,18.0,226.0,16.4,,,
2018-11-03,25800.0,22.1,11.3,3270.0,17.6,704.0,17.9,,,
2018-11-04,26000.0,0.0,8.0,3460.0,0.0,280.0,0.0,,,
2018-11-05,23100.0,24.6,11.0,4120.0,26.0,814.0,24.1,,,
2018-11-06,35800.0,12.8,12.1,5020.0,8.1,1020.0,8.9,,,
2018-11-07,48300.0,0.0,12.4,6740.0,0.0,565.0,0.0,,,
2018-11-08,37700.0,0.0,10.9,6630.0,0.0,346.0,0.0,,,
2018-11-09,32000.0,18.5,7.9,5960.0,21.4,387.0,21.3,,,
2018-11-10,35100.0,0.3,5.2,6100.0,0.1,515.0,0.1,,,
2018-11-11,51000.0,0.0,1.7,5760.0,0.0,295.0,0.0,,,
2018-11-12,39200.0,2.0,3.8,5190.0,1.2,254.0,1.1,,,
2018-11-13,36800.0,21.6,6.4,5260.0,17.5,726.0,17.6,,,
2018-11-14,38000.0,0.0,4.2,7300.0,0.0,381.0,0.0,,,
2018-11-15,40700.0,18.3,1.6,9590.0,22.9,335.0,21.8,,,
2018-11-16,47000.0,8.5,3.6,9700.0,10.8,1100.0,11.3,,,
2018-11-17,49900.0,0.0,5.0,14100.0,0.0,840.0,0.0,,,
2018-11-18,50800.0,0.0,4.5,14100.0,0.0,595.0,0.0,,,
2018-11-19,48700.0,0.0,7.7,11800.0,0.0,445.0,0.0,,,
2018-11-20,44600.0,0.1,8.5,10800.0,0.1,376.0,0.1,,,
2018-11-21,43300.0,0.0,4.6,10200.0,0.0,316.0,0.0,,,
2018-11-22,44500.0,0.0,0.2,9010.0,0.1,268.0,0.0,,,
2018-11-23,38800.0,0.0,-2.8,7680.0,0.0,234.0,0.0,,,
2018-11-24,35600.0,25.5,2.2,7040.0,13.4,879.0,16.8,,,
2018-11-25,55000.0,5.8,7.1,11800.0,1.3,974.0,1.3,,,
2018-11-26,59300.0,8.9,7.8,17000.0,4.7,427.0,5.8,,,
2018-11-27,52100.0,0.0,3.5,12600.0,0.0,345.0,0.0,,,
2018-11-28,42900.0,0.0,0.7,9940.0,0.0,275.0,0.0,,,
2018-11-29,34600.0,0.0,-0.4,8190.0,0.0,233.0,0.0,,,
2018-11-30,29200.0,0.0,2.6,6940.0,0.2,217.0,0.1,,,
2018-12-01,26600.0,3.3,2.3,6150.0,5.5,211.0,5.1,,,
2018-12-02,26100.0,4.6,9.2,5640.0,3.8,277.0,4.1,,,
2018-12-03,27300.0,0.1,11.2,5170.0,0.0,232.0,0.0,,,
2018-12-04,26800.0,0.0,4.7,4800.0,0.0,196.0,0.0,,,
2018-12-05,23100.0,0.0,0.6,4400.0,0.6,179.0,0.4,,,
2018-12-06,20300.0,0.0,0.6,4040.0,0.0,166.0,0.0,,,
2018-12-07,18500.0,0.0,1.8,3830.0,0.0,157.0,0.0,,,
2018-12-08,16900.0,0.0,-1.4,3590.0,0.0,148.0,0.0,,,
2018-12-09,15600.0,0.0,-1.4,3410.0,0.0,143.0,0.0,,,
2018-12-10,14900.0,0.0,-0.6,3250.0,0.0,139.0,0.0,,,
2018-12-11,14800.0,0.0,-1.0,3160.0,0.0,132.0,0.0,,,
2018-12-12,13700.0,0.0,1.5,3130.0,0.0,130.0,0.0,,,
2018-12-13,12500.0,0.0,3.3,3010.0,0.0,127.0,0.0,,,
2018-12-14,12000.0,1.3,4.4,2930.0,1.2,123.0,1.1,,,
2018-12-15,18700.0,39.0,8.8,3920.0,31.8,1470.0,33.3,,,
2018-12-16,67400.0,37.6,6.8,24400.0,24.0,2570.0,26.1,,,
2018-12-17,143000.0,0.0,6.5,29700.0,0.0,709.0,0.0,,,
2018-12-18,101000.0,0.0,3.4,17900.0,0.0,432.0,0.0,,,
2018-12-19,60300.0,0.0,1.8,12600.0,0.0,334.0,0.0,,,
2018-12-20,44500.0,3.3,3.0,9910.0,3.1,287.0,3.2,,,
2018-12-21,41900.0,15.9,14.0,10900.0,14.7,863.0,23.9,,,
2018-12-22,60400.0,1.2,7.0,29300.0,2.4,473.0,2.7,,,
2018-12-23,86300.0,0.0,3.9,27400.0,0.0,327.0,0.0,,,
2018-12-24,68100.0,3.0,4.0,16900.0,3.3,281.0,3.5,,,
2018-12-25,48700.0,0.0,2.1,12500.0,0.0,241.0,0.0,,,
2018-12-26,38900.0,0.0,1.2,10000.0,0.0,212.0,0.0,,,
2018-12-27,32000.0,0.0,2.6,8470.0,0.0,196.0,0.0,,,
2018-12-28,32300.0,35.0,9.1,7730.0,18.4,709.0,20.7,,,
2018-12-29,43100.0,0.0,9.1,10300.0,0.2,478.0,0.5,,,
2018-12-30,47600.0,0.0,3.6,13600.0,0.1,299.0,0.1,,,
2018-12-31,43100.0,7.2,4.0,10900.0,9.0,437.0,9.2,,,
2019-01-01,43400.0,1.5,12.3,9920.0,2.4,519.0,3.3,,,
2019-01-02,44100.0,0.0,5.6,9610.0,0.0,319.0,0.0,,,
2019-01-03,38800.0,0.1,6.2,8310.0,0.0,276.0,0.0,,,
2019-01-04,32900.0,0.6,3.5,7400.0,0.3,242.0,0.3,,,
2019-01-05,29300.0,5.9,7.0,7020.0,7.6,275.0,11.5,,,
2019-01-06,28100.0,0.0,7.4,6760.0,0.0,233.0,0.0,,,
2019-01-07,27900.0,0.0,1.7,6460.0,0.0,194.0,0.0,,,
2019-01-08,27000.0,0.4,5.5,5960.0,0.6,177.0,0.6,,,
2019-01-09,24500.0,2.3,6.6,5590.0,1.1,187.0,1.3,,,
2019-01-10,22900.0,0.0,-0.9,5310.0,0.0,163.0,0.0,,,
2019-01-11,21300.0,0.0,-2.0,4940.0,0.0,145.0,0.0,,,
2019-01-12,19400.0,0.1,-1.5,4570.0,0.2,139.0,0.2,,,
2019-01-13,19100.0,15.1,-2.2,4380.0,11.3,149.0,11.2,,,
2019-01-14,18600.0,2.5,-2.5,4290.0,3.2,149.0,3.2,,,
2019-01-15,17600.0,0.0,-3.0,4100.0,0.0,139.0,0.0,,,
2019-01-16,16700.0,0.0,-2.6,3930.0,0.0,133.0,0.0,,,
2019-01-17,15500.0,0.3,-0.5,3800.0,0.9,133.0,0.5,,,
2019-01-18,14600.0,3.0,1.2,3690.0,1.0,137.0,1.4,,,
2019-01-19,14600.0,1.4,1.8,3780.0,3.4,170.0,3.3,,,
2019-01-20,27700.0,24.1,2.2,7550.0,20.4,1230.0,19.8,,,
2019-01-21,42100.0,0.0,-9.7,15200.0,0.0,351.0,0.0,,,
2019-01-22,51300.0,0.0,-6.9,12700.0,0.0,234.0,0.0,,,
2019-01-23,37100.0,0.0,2.1,9130.0,0.1,214.0,1.0,,,
2019-01-24,35600.0,22.4,9.5,8090.0,17.4,733.0,18.7,,,
2019-01-25,50900.0,0.0,0.5,9770.0,0.0,450.0,0.0,,,
2019-01-26,57900.0,0.0,-1.5,11900.0,0.0,284.0,0.0,,,
2019-01-27,48200.0,0.0,1.5,10200.0,0.0,246.0,0.0,,,
2019-01-28,38400.0,0.0,0.1,8500.0,0.0,224.0,0.0,,,
2019-01-29,32100.0,5.0,-0.8,7310.0,2.2,203.0,3.3,,,
2019-01-30,27300.0,0.6,-4.6,6450.0,0.2,187.0,0.1,,,
2019-01-31,23600.0,0.0,-10.6,5660.0,0.0,162.0,0.0,,,
2019-02-01,19900.0,2.6,-7.4,4940.0,2.5,168.0,2.5,,,
2019-02-02,17000.0,0.0,-4.9,4550.0,0.0,163.0,0.0,,,
2019-02-03,15600.0,0.0,2.3,4410.0,0.0,158.0,0.0,,,
2019-02-04,16000.0,0.0,5.0,4230.0,0.0,163.0,0.0,,,
2019-02-05,17000.0,0.0,8.5,4110.0,0.0,166.0,0.0,,,
2019-02-06,17000.0,1.1,8.2,3960.0,4.2,160.0,3.8,,,
2019-02-07,17700.0,2.4,8.2,3810.0,3.0,166.0,3.3,,,
2019-02-08,21300.0,1.2,8.6,3670.0,0.8,154.0,1.0,,,
2019-02-09,27400.0,0.0,-1.2,3540.0,0.0,137.0,0.0,,,
2019-02-10,29500.0,0.0,-1.9,3390.0,0.0,124.0,0.0,,,
2019-02-11,24800.0,11.2,0.0,3230.0,10.9,152.0,11.1,,,
2019-02-12,26400.0,22.0,0.8,3610.0,14.9,716.0,15.5,,,
2019-02-13,34000.0,3.7,2.7,6660.0,3.8,520.0,3.7,,,
2019-02-14,43700.0,0.0,2.8,7890.0,0.0,297.0,0.0,,,
2019-02-15,41400.0,0.0,10.9,7150.0,0.1,249.0,0.0,,,
2019-02-16,35300.0,0.3,5.6,6270.0,0.0,214.0,0.0,,,
2019-02-17,33000.0,0.6,0.2,5590.0,1.4,191.0,2.0,,,
2019-02-18,30100.0,9.1,3.4,5190.0,4.5,206.0,5.2,,,
2019-02-19,26400.0,0.0,0.3,5010.0,0.0,179.0,0.0,,,
2019-02-20,23600.0,16.0,-0.8,5290.0,21.1,174.0,20.9,,,
2019-02-21,23100.0,1.9,3.8,5320.0,0.9,216.0,1.1,,,
2019-02-22,25400.0,0.1,6.3,7130.0,0.0,366.0,0.0,,,
2019-02-23,33100.0,5.0,2.9,13900.0,2.6,269.0,2.9,,,
2019-02-24,52500.0,17.8,6.1,15100.0,15.8,586.0,15.7,,,
2019-02-25,62600.0,0.0,4.9,19700.0,0.0,350.0,0.0,,,
2019-02-26,72800.0,0.0,3.1,16600.0,0.0,259.0,0.0,,,
2019-02-27,55100.0,0.0,1.8,12200.0,0.0,229.0,0.0,,,
2019-02-28,41500.0,0.0,3.7,9840.0,0.0,212.0,0.0,,,
2019-03-01,33200.0,5.4,1.0,8400.0,6.5,204.0,5.9,,,
2019-03-02,32600.0,13.2,2.8,8190.0,11.1,352.0,11.7,,,
2019-03-03,31300.0,5.0,2.9,9310.0,7.8,290.0,7.5,,,
2019-03-04,35300.0,10.6,1.0,9860.0,7.9,355.0,8.5,,,
2019-03-05,34400.0,0.0,-1.8,12800.0,0.0,271.0,0.0,,,
2019-03-06,34200.0,0.0,-4.4,11100.0,0.0,227.0,0.0,,,
2019-03-07,28800.0,0.0,-2.4,9180.0,0.1,199.0,0.1,,,
2019-03-08,25300.0,3.2,-0.0,7880.0,1.8,188.0,2.2,,,
2019-03-09,23200.0,0.9,2.1,7110.0,0.1,181.0,0.2,,,
2019-03-10,23800.0,11.0,7.5,6880.0,11.0,321.0,11.5,,,
2019-03-11,33800.0,0.0,10.8,7100.0,0.0,244.0,0.0,,,
2019-03-12,41300.0,0.0,6.0,7210.0,0.0,198.0,0.0,,,
2019-03-13,38100.0,0.0,4.9,7010.0,0.0,181.0,0.0,,,
2019-03-14,33200.0,0.0,11.9,6570.0,0.0,173.0,0.0,,,
2019-03-15,29100.0,7.1,18.4,6070.0,0.6,166.0,1.2,,,
2019-03-16,26600.0,2.5,9.1,5620.0,0.0,155.0,0.0,,,
2019-03-17,25300.0,0.0,4.7,5150.0,0.0,145.0,0.0,,,
2019-03-18,23100.0,0.8,4.1,4750.0,0.6,140.0,0.2,,,
2019-03-19,20500.0,0.0,3.6,4400.0,0.0,132.0,0.0,,,
2019-03-20,18500.0,0.0,4.4,4200.0,0.0,127.0,0.0,,,
2019-03-21,24800.0,42.9,6.0,4730.0,42.5,1940.0,41.3,,,
2019-03-22,63400.0,12.6,6.1,14000.0,14.5,2420.0,17.6,,,
2019-03-23,64700.0,0.0,4.4,16200.0,0.0,593.0,0.0,,,
2019-03-24,43900.0,0.0,7.5,10700.0,0.0,414.0,0.0,,,
2019-03-25,33000.0,1.4,10.3,8480.0,5.3,362.0,4.6,,,
2019-03-26,28100.0,0.8,5.4,7330.0,0.6,319.0,0.6,,,
2019-03-27,25400.0,0.0,3.8,6480.0,0.0,269.0,0.0,,,
2019-03-28,22900.0,0.0,6.4,5840.0,0.0,241.0,0.0,,,
2019-03-29,20800.0,0.0,11.9,5320.0,0.6,225.0,0.5,,,
2019-03-30,19300.0,0.0,14.7,4940.0,0.0,214.0,0.0,,,
2019-03-31,18400.0,4.7,13.0,4660.0,0.8,202.0,1.2,,,
2019-04-01,17100.0,0.0,3.0,4310.0,0.0,185.0,0.0,,,
2019-04-02,15600.0,1.3,4.1,4070.0,0.0,175.0,0.0,,,
2019-04-03,14800.0,0.7,8.2,3820.0,0.0,169.0,0.0,,,
2019-04-04,13800.0,0.0,11.2,3640.0,0.0,157.0,0.0,,,
2019-04-05,13200.0,7.4,8.2,3530.0,7.8,164.0,8.3,,,
2019-04-06,13200.0,0.2,9.6,3520.0,0.1,177.0,0.2,,,
2019-04-07,13300.0,0.0,14.4,3530.0,0.3,155.0,0.1,,,
2019-04-08,14200.0,3.3,18.0,3500.0,6.0,150.0,7.1,,,
2019-04-09,13800.0,4.6,18.3,3340.0,1.1,144.0,1.5,,,
2019-04-10,13400.0,0.0,14.4,3180.0,0.0,129.0,0.0,,,
2019-04-11,12900.0,0.2,11.5,3110.0,0.1,122.0,0.5,,,
2019-04-12,12600.0,3.8,13.7,3010.0,0.4,123.0,1.6,,,
2019-04-13,14000.0,12.4,18.5,3240.0,13.3,235.0,15.3,,,
2019-04-14,16500.0,1.7,17.6,3910.0,1.5,260.0,2.0,,,
2019-04-15,25000.0,12.0,14.3,7580.0,4.9,1050.0,8.1,,,
2019-04-16,34600.0,0.0,10.8,15700.0,0.0,344.0,0.0,,,
2019-04-17,36100.0,0.0,14.6,12600.0,0.0,254.0,0.0,,,
2019-04-18,29100.0,0.0,15.5,9140.0,0.1,214.0,0.1,,,
2019-04-19,24600.0,13.7,19.8,7440.0,9.3,255.0,9.9,,,
2019-04-20,31400.0,11.9,18.9,11200.0,5.6,498.0,7.0,,,
2019-04-21,48500.0,0.1,14.3,16200.0,0.1,259.0,0.0,,,
2019-04-22,48300.0,0.1,14.4,12600.0,0.0,211.0,0.0,,,
2019-04-23,36700.0,0.0,17.3,9710.0,0.0,189.0,0.0,,,
2019-04-24,29000.0,0.0,18.7,7840.0,0.0,173.0,0.0,,,
2019-04-25,24500.0,0.3,16.6,6630.0,1.8,161.0,0.1,,,
2019-04-26,22000.0,17.7,15.5,5860.0,11.6,168.0,12.6,,,
2019-04-27,20400.0,0.1,13.7,5330.0,0.2,170.0,0.4,,,
2019-04-28,19100.0,2.7,14.4,5050.0,2.8,148.0,4.7,,,
2019-04-29,18800.0,0.0,10.6,4660.0,0.0,139.0,0.0,,,
2019-04-30,18600.0,1.2,16.7,4230.0,0.2,129.0,0.1,,,
2019-05-01,17100.0,1.1,17.6,3930.0,4.2,123.0,3.4,,,
2019-05-02,16300.0,7.8,20.0,3720.0,2.8,120.0,2.9,,,
2019-05-03,15300.0,2.8,19.7,3650.0,1.1,132.0,0.5,,,
2019-05-04,16300.0,0.1,19.5,4610.0,10.0,280.0,6.2,,,
2019-05-05,29900.0,44.1,17.2,6020.0,69.0,655.0,71.6,,,
2019-05-06,64000.0,0.3,16.4,11700.0,0.3,558.0,0.2,,,
2019-05-07,67400.0,0.3,18.7,8320.0,0.0,281.0,0.0,,,
2019-05-08,44700.0,0.3,18.2,6620.0,0.4,220.0,0.3,,,
2019-05-09,33200.0,3.0,17.7,5470.0,1.7,194.0,2.1,,,
2019-05-10,27000.0,1.6,20.6,4760.0,3.7,290.0,3.2,,,
2019-05-11,28700.0,11.6,17.4,4360.0,2.6,472.0,2.7,,,
2019-05-12,24900.0,17.9,12.8,4370.0,28.3,608.0,28.9,,,
2019-05-13,33800.0,15.9,10.1,4930.0,15.7,786.0,18.5,,,
2019-05-14,49800.0,1.5,11.5,6680.0,0.0,555.0,0.1,,,
2019-05-15,49500.0,0.0,13.6,8620.0,0.0,376.0,0.0,,,
2019-05-16,42700.0,0.4,16.5,7600.0,0.5,295.0,1.2,,,
2019-05-17,34400.0,0.3,18.5,6150.0,1.1,241.0,0.9,,,
2019-05-18,28100.0,2.0,21.2,5120.0,0.3,207.0,1.0,,,
2019-05-19,23300.0,1.4,22.4,4450.0,0.3,185.0,1.3,,,
2019-05-20,20200.0,0.3,24.9,3920.0,1.8,168.0,1.3,,,
2019-05-21,20900.0,0.0,18.5,3530.0,0.0,152.0,0.0,,,
2019-05-22,17700.0,0.0,16.6,3130.0,0.0,140.0,0.0,,,
2019-05-23,16000.0,0.7,20.8,2880.0,0.9,142.0,2.1,,,
2019-05-24,14900.0,0.0,23.1,2830.0,0.0,154.0,0.0,,,
2019-05-25,12900.0,0.0,21.5,2590.0,0.6,125.0,0.6,,,
2019-05-26,11800.0,8.9,24.2,2860.0,2.8,122.0,2.7,,,
2019-05-27,11800.0,0.5,23.6,2830.0,2.3,110.0,2.0,,,
2019-05-28,12800.0,3.1,23.5,2640.0,3.3,104.0,4.3,,,
2019-05-29,11600.0,1.1,26.4,2440.0,0.2,99.6,0.5,,,
2019-05-30,10900.0,1.0,25.2,2250.0,3.4,88.0,1.9,,,
2019-05-31,11100.0,2.4,22.9,2190.0,1.7,84.3,1.5,,,
2019-06-01,10600.0,0.1,23.7,2140.0,0.0,76.8,0.0,,,
2019-06-02,9920.0,0.0,23.2,2110.0,1.3,71.5,1.3,,,
2019-06-03,9880.0,0.0,18.7,2230.0,0.0,70.4,0.1,,,
2019-06-04,10200.0,0.0,17.7,2090.0,0.0,63.3,0.0,,,
2019-06-05,9360.0,1.3,21.8,1940.0,3.5,60.1,3.1,,,
2019-06-06,8510.0,4.8,23.7,1850.0,3.1,61.2,2.8,,,
2019-06-07,7790.0,0.9,23.7,1790.0,0.1,59.4,0.0,,,
2019-06-08,7230.0,0.0,23.3,1750.0,0.0,55.4,0.0,,,
2019-06-09,7120.0,2.5,20.9,1740.0,3.1,52.0,4.5,,,
2019-06-10,7120.0,11.6,19.0,1850.0,4.4,76.2,5.4,,,
2019-06-11,6990.0,6.2,20.4,2070.0,5.3,76.1,6.0,,,
2019-06-12,6810.0,0.0,19.8,2380.0,0.0,57.4,0.0,,,
2019-06-13,8460.0,22.6,19.3,2740.0,25.2,112.0,27.2,,,
2019-06-14,10600.0,0.3,18.3,2280.0,0.1,128.0,0.1,,,
2019-06-15,9820.0,0.0,20.4,1990.0,0.0,69.7,0.0,,,
2019-06-16,7740.0,0.0,24.6,1860.0,4.7,58.1,4.0,,,
2019-06-17,6900.0,12.4,24.4,1740.0,3.4,54.1,5.4,,,
2019-06-18,6730.0,7.2,24.5,1640.0,20.7,59.5,16.7,,,
2019-06-19,6360.0,11.0,23.5,1580.0,7.5,54.2,14.2,,,
2019-06-20,6420.0,2.9,25.3,1600.0,2.0,50.7,2.5,,,
2019-06-21,6220.0,6.4,23.2,1530.0,6.1,44.2,4.4,,,
2019-06-22,5880.0,0.0,21.9,1470.0,0.0,37.4,0.0,,,
2019-06-23,7010.0,0.0,22.7,1440.0,0.0,33.9,0.0,,,
2019-06-24,6220.0,0.0,24.9,1390.0,0.3,32.8,0.3,,,
2019-06-25,5960.0,4.2,25.6,1420.0,10.8,46.2,10.6,,,
2019-06-26,5720.0,0.0,26.1,1750.0,0.0,41.1,0.0,,,
2019-06-27,5840.0,0.1,27.6,2160.0,0.0,33.6,0.1,,,
2019-06-28,6570.0,1.1,27.1,2010.0,0.1,37.1,0.3,,,
2019-06-29,6220.0,0.8,27.0,1740.0,0.0,37.7,0.2,,,
2019-06-30,5970.0,0.2,26.5,1570.0,6.2,36.5,5.7,,,
2019-07-01,5580.0,0.0,24.8,1480.0,0.0,31.8,0.0,,,
2019-07-02,5510.0,0.1,26.1,1410.0,2.0,28.7,1.2,,,
2019-07-03,8650.0,0.1,27.6,1340.0,2.2,32.7,2.0,,,
2019-07-04,9820.0,8.0,25.0,1340.0,5.7,27.7,4.1,,,
2019-07-05,8580.0,19.8,24.8,1590.0,12.0,29.0,6.9,,,
2019-07-06,7050.0,25.4,25.3,1520.0,17.6,27.7,17.9,,,
2019-07-07,8970.0,8.2,25.2,2200.0,12.2,30.5,8.8,,,
2019-07-08,26400.0,45.9,23.1,3090.0,55.0,269.0,59.6,,,
2019-07-09,24800.0,0.0,23.3,2370.0,0.0,128.0,0.0,,,
2019-07-10,15300.0,0.0,24.9,2350.0,0.0,59.9,0.0,,,
2019-07-11,12300.0,18.3,25.1,2190.0,10.8,43.6,7.8,,,
2019-07-12,11100.0,1.6,25.2,2100.0,0.3,84.9,0.4,,,
2019-07-13,10100.0,0.0,25.9,2510.0,0.0,53.7,0.0,,,
2019-07-14,9690.0,0.0,27.6,2790.0,0.0,39.3,0.0,,,
2019-07-15,9120.0,0.0,26.2,2140.0,0.0,32.4,0.0,,,
2019-07-16,7710.0,2.0,27.2,1760.0,0.7,27.7,0.9,,,
2019-07-17,6540.0,8.5,28.0,1610.0,0.1,26.6,0.2,,,
2019-07-18,6330.0,6.1,27.1,1570.0,2.4,38.1,2.2,,,
2019-07-19,5760.0,0.6,28.7,1690.0,0.0,29.1,0.0,,,
2019-07-20,5500.0,0.0,30.5,1490.0,0.1,23.9,0.1,,,
2019-07-21,5470.0,3.1,30.1,1390.0,0.6,21.0,0.5,,,
2019-07-22,5600.0,0.2,27.2,1560.0,3.5,75.6,4.1,,,
2019-07-23,7090.0,22.1,21.7,2180.0,14.1,85.3,16.9,,,
2019-07-24,11300.0,0.1,22.6,2020.0,0.0,59.0,0.0,,,
2019-07-25,7640.0,0.9,22.6,1720.0,0.0,35.9,0.1,,,
2019-07-26,7250.0,0.0,24.5,1530.0,0.0,27.6,0.1,,,
2019-07-27,7150.0,0.0,25.2,1430.0,0.0,23.9,0.0,,,
2019-07-28,5980.0,0.0,26.8,1260.0,0.0,22.0,0.0,,,
2019-07-29,5020.0,0.7,27.1,1200.0,0.0,20.7,0.0,,,
2019-07-30,4540.0,0.0,28.4,1130.0,0.2,19.2,0.1,,,
2019-07-31,4120.0,4.7,25.4,1150.0,1.1,17.9,0.6,,,
2019-08-01,3980.0,1.2,25.2,1450.0,0.7,18.8,0.7,,,
2019-08-02,4070.0,0.0,24.7,1170.0,2.6,17.6,2.8,,,
2019-08-03,3830.0,5.0,24.3,1200.0,0.8,16.5,1.0,,,
2019-08-04,4680.0,0.1,26.2,1300.0,0.1,17.3,0.2,,,
2019-08-05,4360.0,0.0,25.2,1300.0,0.2,15.6,0.1,,,
2019-08-06,5110.0,3.7,25.1,1190.0,0.0,14.8,0.0,,,
2019-08-07,5850.0,5.3,25.4,1160.0,0.3,15.5,0.3,,,
2019-08-08,5570.0,0.0,25.3,1200.0,0.2,22.9,0.0,,,
2019-08-09,4080.0,1.7,25.5,1120.0,1.0,18.3,0.7,,,
2019-08-10,3650.0,0.0,24.1,996.0,0.0,14.8,0.0,,,
2019-08-11,3250.0,0.0,23.6,977.0,0.0,13.7,0.0,,,
2019-08-12,3030.0,0.0,24.8,931.0,0.0,12.8,0.0,,,
2019-08-13,2880.0,2.6,25.5,905.0,3.7,12.7,4.1,,,
2019-08-14,2880.0,3.7,25.6,963.0,15.4,15.7,19.5,,,
2019-08-15,3190.0,13.4,24.2,1140.0,18.9,16.6,32.2,,,
2019-08-16,3980.0,5.8,24.2,1140.0,7.8,17.0,21.2,,,
2019-08-17,3560.0,3.3,25.4,1190.0,0.1,15.9,1.4,,,
2019-08-18,3400.0,1.8,26.3,1380.0,0.0,13.7,0.2,,,
2019-08-19,3420.0,1.5,27.5,1140.0,1.0,12.3,0.1,,,
2019-08-20,4140.0,7.3,26.3,1010.0,3.2,11.9,4.2,,,
2019-08-21,3900.0,2.2,25.8,1010.0,0.1,11.2,0.1,,,
2019-08-22,3510.0,1.7,26.9,1010.0,0.0,15.6,0.0,,,
2019-08-23,3440.0,8.5,21.8,1130.0,24.6,43.2,23.7,,,
2019-08-24,3580.0,0.0,20.2,1370.0,0.0,35.3,0.0,,,
2019-08-25,3690.0,0.0,20.3,1120.0,0.0,18.7,0.0,,,
2019-08-26,3430.0,0.0,19.7,1100.0,0.0,13.7,0.0,,,
2019-08-27,3060.0,0.5,20.8,1260.0,1.6,12.6,4.1,,,
2019-08-28,3380.0,9.1,22.1,1070.0,2.6,16.4,2.7,,,
2019-08-29,4020.0,2.3,21.9,1040.0,0.3,48.9,0.3,,,
2019-08-30,3390.0,0.0,22.7,965.0,0.0,22.6,0.0,,,
2019-08-31,3010.0,0.0,24.6,935.0,0.0,14.5,0.0,,,
2019-09-01,2660.0,0.7,22.8,892.0,1.0,12.4,0.4,,,
2019-09-02,2550.0,7.1,23.5,883.0,3.6,11.8,2.7,,,
2019-09-03,2520.0,7.0,23.7,900.0,1.6,15.7,1.6,,,
2019-09-04,2570.0,0.0,26.2,1380.0,0.0,16.2,0.0,,,
2019-09-05,2810.0,0.1,24.2,1160.0,0.0,12.0,0.0,,,
2019-09-06,2850.0,0.2,21.2,978.0,0.0,10.9,0.2,,,
2019-09-07,2540.0,0.0,21.5,926.0,0.0,10.2,0.0,,,
2019-09-08,2350.0,0.0,22.6,859.0,0.0,10.0,0.0,,,
2019-09-09,2190.0,0.4,23.3,820.0,0.9,9.45,1.1,,,
2019-09-10,2080.0,0.0,23.6,793.0,0.0,8.95,0.0,,,
2019-09-11,2030.0,0.2,25.7,796.0,0.0,9.05,0.0,,,
2019-09-12,1980.0,0.1,27.6,810.0,0.6,9.53,0.3,,,
2019-09-13,1940.0,2.7,21.3,798.0,2.2,9.39,2.2,,,
2019-09-14,2010.0,0.3,21.6,776.0,0.7,9.35,0.4,,,
2019-09-15,2050.0,0.5,24.3,778.0,0.0,9.53,0.3,,,
2019-09-16,1910.0,0.0,24.3,783.0,0.0,9.26,0.0,,,
2019-09-17,1790.0,1.5,23.0,734.0,0.7,8.22,1.1,,,
2019-09-18,1890.0,0.0,19.8,733.0,0.0,7.66,0.0,,,
2019-09-19,2080.0,0.0,17.9,714.0,0.0,7.82,0.0,,,
2019-09-20,2180.0,0.0,17.8,696.0,0.0,8.03,0.0,,,
2019-09-21,1810.0,0.0,21.6,691.0,0.4,7.36,0.7,,,
2019-09-22,1740.0,0.6,24.9,696.0,0.2,7.5,0.4,,,
2019-09-23,1610.0,0.0,26.5,691.0,1.6,7.56,1.4,,,
2019-09-24,1640.0,0.3,23.2,679.0,0.0,7.13,0.0,,,
2019-09-25,1650.0,0.0,20.7,666.0,0.0,6.81,0.0,,,
2019-09-26,1660.0,0.4,22.3,641.0,0.3,7.32,0.4,,,
2019-09-27,1610.0,0.0,21.4,625.0,0.0,7.22,0.0,,,
2019-09-28,1570.0,0.4,23.3,621.0,0.7,8.12,1.3,,,
2019-09-29,1550.0,0.0,25.1,620.0,0.0,8.72,0.0,,,
2019-09-30,1510.0,15.5,20.9,634.0,18.2,9.58,16.8,,,
2019-10-01,1730.0,2.2,22.3,711.0,1.0,12.6,1.7,,,
2019-10-02,1690.0,0.0,27.0,850.0,0.0,13.2,0.0,,,
2019-10-03,1850.0,0.1,25.0,725.0,1.3,12.2,1.6,,,
2019-10-04,1930.0,0.0,21.7,673.0,0.0,11.0,0.3,,,
2019-10-05,1660.0,0.0,13.1,710.0,0.0,10.1,0.0,,,
2019-10-06,1660.0,3.9,17.8,646.0,3.6,9.88,2.1,,,
2019-10-07,1640.0,0.4,21.3,600.0,6.4,11.0,4.7,,,
2019-10-08,1670.0,2.7,16.0,664.0,14.5,13.1,11.9,,,
2019-10-09,1800.0,0.6,15.7,708.0,2.3,14.8,2.8,,,
2019-10-10,1960.0,0.0,15.7,696.0,0.0,15.7,0.0,,,
2019-10-11,2030.0,0.0,16.6,710.0,0.0,14.7,0.0,,,
2019-10-12,1930.0,0.0,15.5,704.0,0.2,13.9,0.0,,,
2019-10-13,1940.0,0.2,14.3,688.0,0.0,13.5,0.0,,,
2019-10-14,1850.0,0.0,15.0,675.0,0.0,13.5,0.0,,,
2019-10-15,1920.0,0.0,15.0,673.0,0.0,13.5,0.0,,,
2019-10-16,2400.0,25.0,14.2,685.0,18.4,15.4,19.3,,,
2019-10-17,2750.0,0.0,11.2,691.0,0.0,22.6,0.0,,,
2019-10-18,2280.0,0.0,11.3,683.0,0.0,16.6,0.0,,,
2019-10-19,2200.0,0.0,10.7,677.0,0.0,12.3,0.0,,,
2019-10-20,2750.0,27.1,11.7,736.0,11.7,11.7,11.4,,,
2019-10-21,2860.0,0.6,13.5,774.0,0.0,12.9,0.1,,,
2019-10-22,2480.0,9.2,14.0,790.0,23.3,15.6,20.9,,,
2019-10-23,2720.0,0.0,13.5,981.0,0.0,22.0,0.0,,,
2019-10-24,2540.0,0.0,12.3,1240.0,0.0,18.8,0.0,,,
2019-10-25,2910.0,0.0,13.3,1030.0,0.0,14.1,0.0,,,
2019-10-26,2920.0,0.1,14.3,933.0,1.0,12.5,1.1,,,
2019-10-27,4000.0,17.4,18.2,938.0,14.4,44.3,17.9,,,
2019-10-28,4970.0,0.0,15.3,932.0,0.0,57.8,0.0,,,
2019-10-29,5370.0,0.0,15.2,920.0,0.0,22.0,0.0,,,
2019-10-30,4260.0,1.3,14.9,913.0,1.3,14.2,1.3,,,
2019-10-31,4680.0,16.0,18.6,1130.0,10.7,49.3,14.0,,,
2019-11-01,17500.0,16.0,9.8,1310.0,32.0,278.0,30.7,,,
2019-11-02,15900.0,0.0,6.0,1400.0,0.0,101.0,0.0,,,
2019-11-03,9630.0,0.0,6.9,2150.0,0.0,52.1,0.0,,,
2019-11-04,8920.0,0.0,7.7,2300.0,0.0,36.6,0.0,,,
2019-11-05,8050.0,0.0,10.2,1810.0,0.0,30.3,0.0,,,
2019-11-06,6230.0,0.0,9.6,1520.0,0.0,24.3,0.0,,,
2019-11-07,5170.0,1.9,9.9,1360.0,4.3,22.2,4.5,,,
2019-11-08,4490.0,2.8,4.8,1240.0,0.6,21.9,0.7,,,
2019-11-09,4040.0,0.0,1.6,1130.0,0.0,26.2,0.0,,,
2019-11-10,3690.0,0.0,5.5,1070.0,0.0,20.4,0.0,,,
2019-11-11,3410.0,0.0,10.7,1020.0,0.0,16.6,0.0,,,
2019-11-12,3340.0,5.7,8.6,987.0,4.2,15.7,4.4,,,
2019-11-13,3150.0,0.0,-1.4,944.0,0.0,15.2,0.0,,,
2019-11-14,3030.0,0.0,0.1,922.0,0.0,13.9,0.0,,,
2019-11-15,2920.0,0.0,3.5,901.0,0.0,13.5,0.0,,,
2019-11-16,2890.0,0.0,3.5,889.0,0.0,13.6,0.0,,,
2019-11-17,2740.0,0.0,2.9,845.0,0.0,13.5,0.0,,,
2019-11-18,2570.0,0.3,5.0,831.0,0.0,13.2,0.0,,,
2019-11-19,2640.0,3.7,7.0,869.0,0.6,13.0,0.9,,,
2019-11-20,2630.0,0.0,8.1,864.0,0.0,16.9,0.0,,,
2019-11-21,2540.0,0.0,6.7,844.0,0.0,12.8,0.0,,,
2019-11-22,2560.0,6.4,8.8,832.0,2.0,12.4,2.2,,,
2019-11-23,2580.0,1.4,3.9,823.0,1.8,12.3,1.6,,,
2019-11-24,4100.0,23.2,5.8,860.0,16.2,24.0,17.3,,,
2019-11-25,3480.0,0.0,6.5,864.0,0.0,33.2,0.0,,,
2019-11-26,3920.0,0.0,7.8,887.0,0.0,22.9,0.0,,,
2019-11-27,3470.0,1.4,10.3,917.0,1.3,18.9,1.3,,,
2019-11-28,3200.0,0.0,8.0,894.0,0.0,17.7,0.0,,,
2019-11-29,3030.0,0.0,4.9,837.0,0.0,17.9,0.0,,,
2019-11-30,2900.0,0.0,4.2,801.0,0.0,13.5,0.0,,,
2019-12-01,2910.0,14.6,4.7,837.0,10.3,20.0,10.9,,,
2019-12-02,3110.0,2.7,4.1,882.0,1.4,63.4,1.4,,,
2019-12-03,3790.0,0.6,4.2,914.0,0.3,48.0,0.7,,,
2019-12-04,3840.0,0.3,3.7,901.0,1.7,33.2,2.0,,,
2019-12-05,3670.0,0.2,4.2,927.0,0.2,26.5,0.0,,,
2019-12-06,3470.0,0.0,4.8,928.0,2.3,27.7,0.2,,,
2019-12-07,3410.0,0.0,4.1,875.0,0.0,20.8,0.0,,,
2019-12-08,3150.0,0.0,1.4,821.0,0.0,17.2,0.0,,,
2019-12-09,3100.0,13.6,5.9,824.0,9.1,21.6,10.2,,,
2019-12-10,4010.0,10.8,11.4,897.0,6.3,59.8,6.7,,,
2019-12-11,4650.0,7.8,2.3,940.0,7.0,70.6,7.4,,,
2019-12-12,4760.0,0.0,-0.9,971.0,0.0,58.7,0.0,,,
2019-12-13,4430.0,6.1,1.7,1070.0,4.7,44.9,5.2,,,
2019-12-14,4790.0,14.2,6.8,1130.0,11.1,60.6,12.5,,,
2019-12-15,6150.0,0.1,6.0,1180.0,0.0,105.0,0.1,,,
2019-12-16,7680.0,11.3,2.0,1250.0,11.7,70.4,10.5,,,
2019-12-17,8660.0,9.8,2.7,1600.0,17.0,143.0,17.1,,,
2019-12-18,15200.0,0.0,1.4,1860.0,0.0,119.0,0.0,,,
2019-12-19,16300.0,0.0,-3.4,1770.0,0.0,78.8,0.0,,,
2019-12-20,16700.0,0.0,-1.2,1710.0,0.0,60.5,0.0,,,
2019-12-21,13100.0,0.0,-1.3,1580.0,0.0,54.7,0.0,,,
2019-12-22,10300.0,0.0,0.6,1500.0,0.0,47.7,0.0,,,
2019-12-23,8760.0,0.0,2.9,1390.0,0.0,46.1,0.0,,,
2019-12-24,7720.0,0.0,4.2,1330.0,0.0,42.9,0.0,,,
2019-12-25,6990.0,0.0,2.1,1280.0,0.0,39.9,0.0,,,
2019-12-26,6510.0,0.0,2.8,1210.0,0.0,37.2,0.0,,,
2019-12-27,6000.0,0.0,6.7,1160.0,0.0,35.1,0.0,,,
2019-12-28,5720.0,0.0,9.5,1120.0,0.0,34.7,0.0,,,
2019-12-29,5570.0,10.8,8.2,1100.0,9.3,37.0,8.6,,,
2019-12-30,6180.0,7.2,14.0,1100.0,2.8,80.0,4.3,,,
2019-12-31,7930.0,0.7,7.5,1090.0,0.1,77.0,0.1,,,
2020-01-01,7610.0,0.0,5.3,1080.0,0.0,60.7,0.0,,,
2020-01-02,6730.0,0.0,3.1,1060.0,0.0,51.1,0.0,,,
2020-01-03,6350.0,6.9,9.4,1070.0,5.4,51.6,6.4,,,
2020-01-04,6390.0,10.5,10.5,1070.0,6.3,67.9,7.0,,,
2020-01-05,6900.0,1.7,4.3,1090.0,0.5,92.2,0.5,,,
2020-01-06,6450.0,0.0,3.5,1100.0,0.0,74.8,0.0,,,
2020-01-07,6190.0,9.9,1.8,1110.0,9.0,63.6,8.4,,,
2020-01-08,6130.0,0.8,1.2,1130.0,0.2,61.6,0.2,,,
2020-01-09,5870.0,0.0,-1.4,1110.0,0.0,57.4,0.0,,,
2020-01-10,5600.0,0.0,4.4,1070.0,0.0,52.3,0.0,,,
2020-01-11,5320.0,0.0,14.6,1070.0,0.0,52.9,0.0,,,
2020-01-12,5780.0,3.8,17.0,1170.0,15.2,84.9,12.6,,,
2020-01-13,10100.0,0.0,8.0,1370.0,0.0,98.8,0.0,,,
2020-01-14,10900.0,4.3,6.4,1600.0,2.3,79.5,2.5,,,
2020-01-15,13400.0,0.0,7.8,2460.0,0.0,74.5,0.0,,,
2020-01-16,13000.0,0.0,9.1,2490.0,0.0,69.3,0.0,,,
2020-01-17,11700.0,0.0,0.3,2190.0,0.0,59.7,0.0,,,
2020-01-18,10400.0,5.9,-1.6,1950.0,6.8,53.8,6.7,,,
2020-01-19,9780.0,0.6,3.5,1770.0,0.5,75.4,0.4,,,
2020-01-20,9140.0,0.0,-2.9,1680.0,0.0,74.4,0.0,,,
2020-01-21,8650.0,0.0,-3.2,1590.0,0.0,57.6,0.0,,,
2020-01-22,8630.0,0.0,-2.1,1480.0,0.0,52.7,0.0,,,
2020-01-23,8030.0,0.0,-0.0,1390.0,0.0,53.3,0.0,,,
2020-01-24,7470.0,0.0,2.9,1300.0,0.5,52.6,0.0,,,
2020-01-25,15000.0,31.5,7.7,2390.0,30.2,798.0,33.5,,,
2020-01-26,30400.0,0.0,4.4,7330.0,0.0,330.0,0.0,,,
2020-01-27,44300.0,0.0,3.8,10100.0,0.0,207.0,0.0,,,
2020-01-28,36000.0,0.0,3.8,7000.0,0.0,158.0,0.0,,,
2020-01-29,26300.0,0.1,3.7,5080.0,0.0,131.0,0.4,,,
2020-01-30,20500.0,0.0,0.1,3980.0,0.0,111.0,0.0,,,
2020-01-31,16700.0,0.3,1.6,3300.0,0.4,98.5,0.4,,,
2020-02-01,14100.0,0.2,2.8,2830.0,2.3,88.1,2.5,,,
2020-02-02,12200.0,2.2,4.6,2580.0,0.6,83.4,0.7,,,
2020-02-03,11100.0,0.0,10.9,2370.0,0.0,74.5,0.0,,,
2020-02-04,10300.0,0.9,13.8,2210.0,0.0,68.7,0.5,,,
2020-02-05,9540.0,3.2,7.9,2060.0,3.1,66.0,2.8,,,
2020-02-06,9610.0,28.4,4.2,2110.0,18.4,228.0,19.0,,,
2020-02-07,13200.0,20.9,7.2,2780.0,11.2,942.0,13.6,,,
2020-02-08,20600.0,0.0,2.0,6620.0,0.0,408.0,0.0,,,
2020-02-09,26300.0,0.0,2.7,9890.0,0.1,228.0,0.1,,,
2020-02-10,29700.0,12.7,5.7,7580.0,8.4,183.0,8.7,,,
2020-02-11,25000.0,15.0,9.9,5910.0,5.7,218.0,6.7,,,
2020-02-12,21300.0,0.6,6.7,5070.0,0.6,203.0,0.6,,,
2020-02-13,19200.0,10.6,7.4,4700.0,4.8,196.0,5.8,,,
2020-02-14,19400.0,0.1,2.7,4420.0,0.0,169.0,0.1,,,
2020-02-15,18700.0,0.0,-3.3,4100.0,0.0,134.0,0.0,,,
2020-02-16,18000.0,0.0,1.5,3910.0,0.0,123.0,0.0,,,
2020-02-17,16500.0,0.0,5.3,3600.0,0.0,116.0,0.0,,,
2020-02-18,14900.0,0.0,6.5,3330.0,0.0,107.0,0.0,,,
2020-02-19,13500.0,0.8,7.5,3110.0,0.0,98.7,0.0,,,
2020-02-20,12200.0,0.0,1.7,2850.0,0.0,89.6,0.0,,,
2020-02-21,11200.0,0.0,-1.5,2610.0,0.0,83.4,0.0,,,
2020-02-22,10300.0,0.0,1.1,2420.0,0.0,78.7,0.0,,,
2020-02-23,9480.0,0.0,4.7,2270.0,0.0,75.4,0.0,,,
2020-02-24,8670.0,0.0,6.3,2150.0,0.0,73.0,0.0,,,
2020-02-25,8110.0,5.3,8.3,2040.0,1.5,76.3,2.1,,,
2020-02-26,7830.0,0.9,9.3,2060.0,2.8,80.2,3.0,,,
2020-02-27,10100.0,11.0,3.9,2130.0,10.7,211.0,12.0,,,
2020-02-28,10400.0,0.2,1.3,2160.0,0.4,134.0,0.5,,,
2020-02-29,9620.0,0.0,-0.1,2070.0,0.0,103.0,0.0,,,
2020-03-01,9420.0,0.0,1.0,1960.0,0.0,89.7,0.0,,,
2020-03-02,8690.0,0.0,7.6,1840.0,0.2,83.6,0.2,,,
2020-03-03,8240.0,3.9,10.5,1720.0,4.5,88.0,3.8,,,
2020-03-04,7970.0,0.1,10.9,1830.0,0.2,88.3,0.3,,,
2020-03-05,8030.0,0.0,8.2,1710.0,0.0,77.3,0.0,,,
2020-03-06,7930.0,0.4,4.9,1670.0,0.5,72.0,0.3,,,
2020-03-07,7970.0,0.5,5.0,1620.0,0.0,68.1,0.1,,,
2020-03-08,7950.0,0.0,6.1,1530.0,0.0,62.9,0.0,,,
2020-03-09,7530.0,0.0,11.7,1460.0,0.0,61.4,0.0,,,
2020-03-10,7180.0,1.3,14.9,1440.0,4.6,60.2,2.1,,,
2020-03-11,6850.0,2.7,9.5,1440.0,0.1,60.2,0.6,,,
2020-03-12,6680.0,0.3,10.3,1400.0,0.0,58.9,0.0,,,
2020-03-13,6760.0,4.1,13.5,1390.0,3.7,66.7,3.7,,,
2020-03-14,6680.0,0.0,10.4,1430.0,0.4,65.8,0.4,,,
2020-03-15,6770.0,8.0,6.0,1430.0,9.0,71.1,9.4,,,
2020-03-16,6800.0,0.0,6.0,1430.0,0.0,73.1,0.0,,,
2020-03-17,6600.0,1.3,8.5,1420.0,0.7,63.3,0.8,,,
2020-03-18,6670.0,0.0,9.0,1400.0,0.0,59.4,0.0,,,
2020-03-19,7610.0,10.5,13.0,1470.0,11.5,91.8,12.4,,,
2020-03-20,8300.0,0.9,18.5,1490.0,1.8,94.0,1.5,,,
2020-03-21,9850.0,1.7,13.0,1530.0,0.0,75.5,0.0,,,
2020-03-22,11400.0,0.0,6.6,1500.0,0.0,66.5,0.0,,,
2020-03-23,11000.0,10.2,5.3,1480.0,6.6,65.7,6.4,,,
2020-03-24,10100.0,0.0,7.8,1470.0,0.0,70.9,0.0,,,
2020-03-25,9600.0,11.2,6.9,1500.0,8.4,72.1,9.5,,,
2020-03-26,9590.0,0.0,8.5,1550.0,0.0,83.6,0.0,,,
2020-03-27,10400.0,0.0,13.0,1700.0,0.6,72.5,0.0,,,
2020-03-28,12900.0,11.5,13.1,1770.0,10.2,90.7,12.7,,,
2020-03-29,14500.0,0.1,12.5,1990.0,1.0,103.0,0.5,,,
2020-03-30,16400.0,0.0,14.7,2050.0,0.0,88.5,0.0,,,
2020-03-31,16900.0,0.6,10.0,1940.0,0.7,78.6,1.0,,,
2020-04-01,15100.0,4.1,6.8,1870.0,7.0,90.3,7.0,,,
2020-04-02,13600.0,0.5,8.4,1920.0,0.0,83.8,0.0,,,
2020-04-03,12600.0,0.0,11.2,1890.0,0.0,71.5,0.0,,,
2020-04-04,11800.0,0.2,10.6,1910.0,0.0,67.0,0.0,,,
2020-04-05,10900.0,0.1,12.6,1850.0,0.1,64.7,0.0,,,
2020-04-06,9950.0,0.0,14.5,1800.0,0.7,62.7,0.0,,,
2020-04-07,9170.0,1.0,13.8,1750.0,1.2,59.6,1.5,,,
2020-04-08,8800.0,4.7,17.0,1780.0,7.3,64.3,9.1,,,
2020-04-09,8660.0,0.6,14.3,1860.0,1.7,72.2,1.6,,,
2020-04-10,8720.0,0.3,7.3,1860.0,0.2,63.7,0.6,,,
2020-04-11,9810.0,0.0,8.2,1970.0,0.0,53.9,0.0,,,
2020-04-12,12300.0,0.0,11.4,2010.0,0.8,50.7,0.4,,,
2020-04-13,19300.0,50.0,17.0,2120.0,27.2,225.0,30.4,,,
2020-04-14,21600.0,0.0,11.0,2970.0,0.5,194.0,0.7,,,
2020-04-15,26600.0,10.7,6.7,8560.0,6.6,137.0,7.6,,,
2020-04-16,32900.0,0.0,6.5,8000.0,0.0,113.0,0.0,,,
2020-04-17,27600.0,0.0,6.7,6330.0,0.1,92.1,0.1,,,
2020-04-18,22500.0,3.2,8.9,5040.0,3.7,86.6,3.6,,,
2020-04-19,19000.0,0.0,8.6,4200.0,0.0,80.4,0.0,,,
2020-04-20,17300.0,0.0,11.7,3660.0,0.0,77.1,0.0,,,
2020-04-21,16000.0,0.7,12.0,3250.0,1.0,71.3,1.0,,,
2020-04-22,14500.0,0.0,7.6,2890.0,0.0,64.5,0.0,,,
2020-04-23,13100.0,3.3,10.3,2600.0,2.6,61.5,2.2,,,
2020-04-24,13100.0,17.1,11.6,2500.0,10.8,115.0,9.9,,,
2020-04-25,12400.0,0.2,11.2,2480.0,0.0,106.0,0.0,,,
2020-04-26,13200.0,8.7,10.9,2650.0,25.2,132.0,21.8,,,
2020-04-27,15400.0,5.6,9.3,3040.0,6.3,172.0,6.7,,,
2020-04-28,19100.0,1.4,8.9,5010.0,2.7,129.0,3.1,,,
2020-04-29,27700.0,0.1,13.2,5680.0,0.5,117.0,2.2,,,
2020-04-30,30000.0,40.7,15.6,5880.0,27.3,1020.0,31.7,,,
2020-05-01,53500.0,4.5,13.1,13200.0,1.9,830.0,2.7,,,
2020-05-02,81800.0,0.0,14.1,16300.0,0.0,413.0,0.0,,,
2020-05-03,55900.0,3.1,17.7,10800.0,0.8,282.0,0.5,,,
2020-05-04,41500.0,17.2,17.5,8670.0,14.5,263.0,13.6,,,
2020-05-05,33800.0,0.8,11.3,8490.0,1.4,201.0,0.7,,,
2020-05-06,33500.0,10.9,10.3,7300.0,5.0,197.0,5.5,,,
2020-05-07,30300.0,1.2,10.5,6060.0,1.0,181.0,0.8,,,
2020-05-08,26000.0,3.3,12.3,5170.0,8.8,147.0,9.4,,,
2020-05-09,23000.0,7.3,5.1,4470.0,1.3,160.0,1.6,,,
2020-05-10,21400.0,0.0,8.2,3910.0,0.0,130.0,0.0,,,
2020-05-11,19100.0,0.4,11.0,3490.0,0.2,112.0,0.5,,,
2020-05-12,16900.0,0.0,8.5,3150.0,0.0,101.0,0.0,,,
2020-05-13,14900.0,0.0,12.2,2840.0,0.0,92.4,0.0,,,
2020-05-14,13700.0,0.0,14.3,2620.0,0.6,85.6,0.0,,,
2020-05-15,12600.0,0.5,21.3,2440.0,0.2,82.8,0.1,,,
2020-05-16,11500.0,0.9,22.0,2370.0,0.0,75.9,0.0,,,
2020-05-17,10600.0,4.4,17.1,2210.0,3.6,71.8,2.6,,,
2020-05-18,9840.0,0.5,15.5,2090.0,0.6,68.3,0.6,,,
2020-05-19,8880.0,0.0,15.8,2080.0,0.0,65.7,0.0,,,
2020-05-20,8460.0,0.0,13.1,2220.0,0.1,59.4,0.0,,,
2020-05-21,8090.0,0.1,13.5,2250.0,0.0,56.9,0.0,,,
2020-05-22,8050.0,15.3,16.9,2560.0,7.5,62.4,9.2,,,
2020-05-23,8750.0,11.4,20.1,3480.0,2.4,76.3,4.5,,,
2020-05-24,9880.0,0.0,17.9,5490.0,3.1,67.6,2.0,,,
2020-05-25,12600.0,0.0,18.1,6410.0,0.0,58.8,0.0,,,
2020-05-26,15200.0,0.0,19.7,5130.0,0.0,54.5,0.0,,,
2020-05-27,13100.0,0.6,20.1,4370.0,0.5,50.6,0.3,,,
2020-05-28,11700.0,10.2,22.0,3750.0,7.7,50.1,8.0,,,
2020-05-29,10500.0,4.9,23.9,3410.0,0.2,48.4,0.4,,,
2020-05-30,10000.0,0.7,22.6,3960.0,0.5,44.9,1.5,,,
2020-05-31,10500.0,0.0,18.8,4340.0,0.0,41.1,0.0,,,
2020-06-01,11000.0,0.0,16.7,4030.0,0.0,36.0,0.0,,,
2020-06-02,10200.0,0.0,18.6,3500.0,0.0,33.9,0.0,,,
2020-06-03,8930.0,0.0,25.5,3000.0,0.6,33.8,0.0,,,
2020-06-04,7790.0,0.1,26.9,2610.0,0.7,32.2,0.7,,,
2020-06-05,9800.0,7.6,24.1,2850.0,14.4,102.0,16.1,,,
2020-06-06,12900.0,2.1,24.8,7200.0,2.9,218.0,3.8,,,
2020-06-07,13800.0,0.0,23.0,6560.0,0.0,85.5,0.0,,,
2020-06-08,12500.0,0.0,21.2,5170.0,0.0,59.6,0.0,,,
2020-06-09,12200.0,0.0,24.1,3810.0,0.0,50.5,0.0,,,
2020-06-10,9750.0,0.1,27.6,3100.0,0.3,45.0,0.5,,,
2020-06-11,11700.0,18.6,25.3,2610.0,5.4,44.8,6.6,,,
2020-06-12,8780.0,0.0,25.0,2270.0,0.0,41.6,0.0,,,
2020-06-13,8060.0,0.0,21.9,2310.0,0.0,34.2,0.0,,,
2020-06-14,7300.0,1.0,19.7,2110.0,1.9,29.0,1.0,,,
2020-06-15,6100.0,0.0,19.9,1910.0,0.0,26.2,0.0,,,
2020-06-16,5380.0,0.2,19.9,1740.0,0.0,25.3,0.0,,,
2020-06-17,5110.0,9.7,18.8,1630.0,4.7,25.8,5.2,,,
2020-06-18,5370.0,9.8,21.1,1700.0,13.5,53.5,15.5,,,
2020-06-19,5220.0,5.7,21.3,2070.0,2.1,44.6,2.1,,,
2020-06-20,5990.0,18.0,21.0,3180.0,6.0,33.9,10.9,,,
2020-06-21,10400.0,7.3,22.1,5210.0,1.0,33.3,2.7,,,
2020-06-22,18100.0,6.3,23.8,4500.0,12.5,57.8,11.1,,,
2020-06-23,17100.0,9.1,23.3,4180.0,3.3,284.0,5.4,,,
2020-06-24,16200.0,5.8,24.0,3770.0,2.3,395.0,3.8,,,
2020-06-25,13200.0,0.9,22.7,3010.0,0.0,166.0,0.0,,,
2020-06-26,11300.0,0.0,23.8,2500.0,0.0,166.0,0.0,,,
2020-06-27,8960.0,1.3,25.5,2180.0,2.1,94.0,1.9,,,
2020-06-28,7580.0,2.7,24.8,1890.0,2.9,65.2,5.6,,,
2020-06-29,6260.0,0.0,26.2,1690.0,0.0,52.7,0.1,,,
2020-06-30,5440.0,0.0,25.8,1630.0,0.0,45.1,0.0,,,
2020-07-01,5010.0,2.8,24.1,1470.0,0.2,39.6,0.4,,,
2020-07-02,4740.0,0.0,25.1,1280.0,0.0,33.7,0.1,,,
2020-07-03,4250.0,0.0,28.3,1240.0,0.0,29.5,0.0,,,
2020-07-04,3920.0,1.8,27.6,1150.0,0.1,25.8,0.0,,,
2020-07-05,3590.0,0.6,26.7,1110.0,1.0,23.6,0.2,,,
2020-07-06,3760.0,34.2,24.7,1050.0,3.1,22.2,4.8,,,
2020-07-07,4640.0,24.1,24.9,992.0,4.1,82.7,5.9,,,
2020-07-08,3710.0,1.5,26.3,1020.0,2.1,62.3,2.8,,,
2020-07-09,3220.0,0.0,26.4,1170.0,0.0,32.3,0.0,,,
2020-07-10,3150.0,0.3,26.4,1160.0,0.0,23.9,0.1,,,
2020-07-11,3150.0,1.8,27.2,1020.0,1.4,19.6,1.1,,,
2020-07-12,3240.0,0.2,26.6,898.0,0.3,17.4,0.4,,,
2020-07-13,3090.0,0.9,25.3,884.0,1.3,17.4,1.2,,,
2020-07-14,2840.0,0.0,26.1,906.0,0.0,16.3,0.0,,,
2020-07-15,2840.0,0.0,26.0,887.0,0.0,14.2,0.0,,,
2020-07-16,2830.0,0.0,26.5,832.0,0.0,12.6,0.5,,,
2020-07-17,2720.0,4.1,27.5,802.0,1.5,11.6,1.2,,,
2020-07-18,2360.0,0.0,29.8,754.0,0.0,11.2,0.0,,,
2020-07-19,2290.0,0.5,29.5,690.0,0.3,10.5,0.3,,,
2020-07-20,2410.0,0.1,31.0,689.0,0.0,9.3,0.0,,,
2020-07-21,2690.0,0.8,29.3,722.0,0.2,9.09,0.2,,,
2020-07-22,3370.0,10.9,26.9,840.0,2.3,17.2,6.6,,,
2020-07-23,3630.0,0.6,25.7,1030.0,1.0,58.3,0.7,,,
2020-07-24,3940.0,25.8,24.7,1000.0,17.3,114.0,13.8,,,
2020-07-25,4100.0,3.6,25.2,1120.0,2.1,84.1,1.5,,,
2020-07-26,3830.0,2.7,27.6,1340.0,0.0,40.5,0.1,,,
2020-07-27,4160.0,0.0,28.8,1190.0,0.0,28.1,0.0,,,
2020-07-28,4100.0,2.3,28.3,1050.0,0.9,22.5,0.8,,,
2020-07-29,3540.0,0.0,27.5,892.0,0.0,18.4,0.0,,,
2020-07-30,2850.0,0.0,28.6,817.0,0.0,15.7,0.0,,,
2020-07-31,3070.0,37.1,23.3,824.0,17.9,17.6,18.8,,,
2020-08-01,2860.0,5.3,24.9,841.0,1.7,24.3,1.6,,,
2020-08-02,2440.0,1.2,27.0,953.0,0.5,22.2,1.0,,,
2020-08-03,2530.0,3.6,25.9,1360.0,0.6,18.3,0.4,,,
2020-08-04,7970.0,75.8,23.9,1340.0,44.2,61.1,48.4,,,
2020-08-05,6580.0,0.3,24.3,1320.0,0.0,78.9,0.0,,,
2020-08-06,6080.0,29.0,23.7,1980.0,20.3,104.0,25.3,,,
2020-08-07,8810.0,18.1,23.4,1970.0,10.6,1550.0,14.0,,,
2020-08-08,6520.0,18.1,23.2,3480.0,4.1,140.0,9.4,,,
2020-08-09,6020.0,0.7,24.9,3310.0,0.0,85.6,0.0,,,
2020-08-10,5730.0,1.6,26.3,2890.0,0.0,57.7,0.1,,,
2020-08-11,5060.0,0.5,26.5,3720.0,0.0,41.4,0.3,,,
2020-08-12,6970.0,15.5,25.3,2560.0,0.9,35.0,2.0,,,
2020-08-13,9390.0,125.6,23.0,2060.0,13.1,35.4,18.3,,,
2020-08-14,5430.0,21.2,23.5,1960.0,4.1,27.9,4.3,,,
2020-08-15,4440.0,4.9,22.6,2020.0,4.3,24.9,4.3,,,
2020-08-16,6360.0,31.2,20.3,2310.0,13.4,41.7,12.9,,,
2020-08-17,6240.0,2.9,21.2,5980.0,0.4,34.0,0.3,,,
2020-08-18,8460.0,0.0,22.8,6940.0,0.0,24.2,0.0,,,
2020-08-19,10900.0,2.9,22.2,5080.0,0.4,21.4,0.7,,,
2020-08-20,9980.0,0.7,21.7,3800.0,0.2,20.4,0.1,,,
2020-08-21,7670.0,0.0,22.6,3710.0,0.4,19.1,0.3,,,
2020-08-22,6780.0,24.0,23.0,3170.0,3.1,18.2,2.3,,,
2020-08-23,5960.0,4.3,23.9,2490.0,15.3,17.9,10.9,,,
2020-08-24,4810.0,22.0,24.4,2240.0,8.4,18.8,12.1,,,
2020-08-25,4660.0,0.4,25.9,4240.0,0.2,16.6,0.2,,,
2020-08-26,5620.0,0.0,24.5,3120.0,0.0,15.8,0.0,,,
2020-08-27,5070.0,0.1,26.4,2490.0,0.3,14.4,0.0,,,
2020-08-28,4840.0,0.0,27.3,2120.0,0.1,13.5,0.1,,,
2020-08-29,5690.0,59.9,24.3,2000.0,15.0,15.7,17.7,,,
2020-08-30,4890.0,0.0,22.9,2420.0,0.0,20.8,0.0,,,
2020-08-31,4630.0,17.9,20.4,2590.0,21.8,16.2,22.3,,,
2020-09-01,5510.0,7.1,21.1,2380.0,2.6,27.0,4.9,,,
2020-09-02,5890.0,18.3,24.4,5440.0,1.6,25.8,3.7,,,
2020-09-03,10300.0,2.3,25.7,6000.0,2.1,202.0,3.3,,,
2020-09-04,12800.0,17.2,24.8,4550.0,1.0,171.0,2.1,,,
2020-09-05,9770.0,0.0,21.0,3600.0,0.0,61.2,0.0,,,
2020-09-06,7770.0,0.0,20.8,3000.0,0.0,40.0,0.0,,,
2020-09-07,6640.0,0.0,21.5,2520.0,0.0,31.9,0.0,,,
2020-09-08,5620.0,0.0,22.2,2190.0,0.0,26.7,0.0,,,
2020-09-09,4770.0,4.6,22.4,1950.0,0.2,25.5,0.2,,,
2020-09-10,5880.0,67.2,22.9,2900.0,18.9,55.8,22.2,,,
2020-09-11,5030.0,4.2,23.3,3410.0,0.3,43.5,1.5,,,
2020-09-12,5960.0,3.8,21.0,2190.0,1.1,31.4,1.1,,,
2020-09-13,4650.0,0.0,20.2,1930.0,0.0,27.0,0.0,,,
2020-09-14,3960.0,0.0,22.4,1700.0,1.1,24.4,0.8,,,
2020-09-15,3500.0,0.0,16.1,1520.0,0.0,22.8,0.0,,,
2020-09-16,3300.0,0.0,15.5,1400.0,0.0,21.2,0.0,,,
2020-09-17,2970.0,1.5,18.3,1340.0,0.0,19.9,0.0,,,
2020-09-18,2870.0,10.0,19.4,1320.0,0.1,18.6,0.0,,,
2020-09-19,2760.0,0.0,13.7,1280.0,0.0,17.6,0.0,,,
2020-09-20,2570.0,0.0,12.7,1220.0,0.0,16.7,0.0,,,
2020-09-21,2410.0,0.0,12.4,1230.0,0.0,16.0,0.0,,,
2020-09-22,2420.0,0.0,13.2,1200.0,0.0,15.4,0.0,,,
2020-09-23,2470.0,0.0,17.3,1140.0,0.0,14.9,0.0,,,
2020-09-24,2420.0,0.0,18.1,1070.0,0.0,14.6,0.0,,,
2020-09-25,2520.0,0.1,16.9,1110.0,0.0,14.3,0.0,,,
2020-09-26,2480.0,22.9,18.2,1010.0,3.6,14.0,5.1,,,
2020-09-27,2380.0,0.8,19.6,981.0,0.0,14.4,0.0,,,
2020-09-28,2260.0,0.7,21.3,993.0,0.4,14.5,1.0,,,
2020-09-29,2300.0,4.2,20.7,1120.0,2.6,17.2,2.0,,,
2020-09-30,2550.0,16.8,15.5,1400.0,16.2,74.6,15.4,,,
2020-10-01,3060.0,0.1,16.6,1650.0,0.0,57.8,0.0,,,
2020-10-02,3420.0,5.8,15.1,1740.0,0.9,28.0,1.0,,,
2020-10-03,3480.0,0.0,12.3,1740.0,0.0,20.8,0.0,,,
2020-10-04,3770.0,0.0,12.4,1460.0,0.0,17.9,0.0,,,
2020-10-05,3790.0,1.9,14.3,1310.0,1.1,16.3,0.9,,,
2020-10-06,3330.0,0.0,14.3,1230.0,0.0,14.7,0.0,,,
2020-10-07,3060.0,0.0,18.0,1190.0,0.0,14.3,0.0,,,
2020-10-08,2710.0,0.0,17.1,1090.0,0.0,12.9,0.0,,,
2020-10-09,2490.0,0.0,14.5,1050.0,0.0,11.9,0.0,,,
2020-10-10,2370.0,0.0,16.9,1010.0,0.0,11.6,0.0,,,
2020-10-11,2310.0,3.6,18.3,964.0,2.2,13.1,2.3,,,
2020-10-12,3010.0,37.3,16.0,1130.0,28.5,118.0,34.3,,,
2020-10-13,3600.0,1.0,15.1,1590.0,0.8,140.0,1.2,,,
2020-10-14,3910.0,0.0,14.9,1670.0,0.0,64.7,0.0,,,
2020-10-15,4020.0,0.0,16.8,1800.0,0.0,42.1,0.0,,,
2020-10-16,3810.0,4.5,15.1,1670.0,0.4,31.9,0.3,,,
2020-10-17,3640.0,0.0,10.4,1490.0,0.0,25.5,0.0,,,
2020-10-18,3340.0,0.0,10.6,1330.0,0.1,20.5,0.2,,,
2020-10-19,3000.0,0.1,15.0,1250.0,0.0,18.6,0.0,,,
2020-10-20,2880.0,0.0,16.6,1210.0,0.0,18.7,0.0,,,
2020-10-21,2810.0,0.5,18.5,1180.0,0.0,17.7,0.0,,,
2020-10-22,2570.0,0.0,19.7,1120.0,0.0,16.5,0.0,,,
2020-10-23,2480.0,0.1,18.5,1100.0,0.0,15.1,0.0,,,
2020-10-24,2430.0,0.1,17.9,1060.0,0.9,13.6,0.6,,,
2020-10-25,2410.0,9.2,10.0,1010.0,3.0,14.8,3.5,,,
2020-10-26,2340.0,1.0,11.7,991.0,0.9,16.0,1.6,,,
2020-10-27,2330.0,1.0,14.1,1030.0,0.8,15.2,1.1,,,
2020-10-28,2390.0,0.1,17.0,1090.0,1.0,13.9,0.9,,,
2020-10-29,4330.0,57.6,15.1,1270.0,42.4,81.8,45.0,,,
2020-10-30,5380.0,4.9,10.1,1480.0,2.0,157.0,1.8,,,
2020-10-31,4660.0,0.1,7.4,2920.0,0.0,74.0,0.0,,,
2020-11-01,6890.0,9.3,9.2,4730.0,3.3,51.8,3.2,,,
2020-11-02,9710.0,0.0,5.5,3560.0,0.0,35.2,0.0,,,
2020-11-03,7710.0,0.0,8.3,2930.0,0.0,29.6,0.0,,,
2020-11-04,6300.0,0.0,10.4,2570.0,0.0,26.5,0.0,,,
2020-11-05,5450.0,0.0,12.4,2270.0,0.0,23.3,0.0,,,
2020-11-06,4860.0,0.0,13.7,2010.0,0.0,20.5,0.0,,,
2020-11-07,4400.0,0.0,14.0,1890.0,0.0,19.0,0.0,,,
2020-11-08,4030.0,0.0,14.9,1730.0,0.0,17.8,0.0,,,
2020-11-09,3700.0,0.0,15.7,1640.0,0.0,16.1,0.0,,,
2020-11-10,3580.0,0.0,16.6,1540.0,0.2,15.2,0.0,,,
2020-11-11,3880.0,43.9,18.2,1560.0,26.1,20.3,28.7,,,
2020-11-12,7940.0,67.8,15.7,1730.0,15.2,182.0,16.3,,,
2020-11-13,7190.0,0.3,10.7,3920.0,0.1,121.0,0.1,,,
2020-11-14,9800.0,0.0,8.9,9470.0,0.0,70.4,0.0,,,
2020-11-15,17100.0,1.9,11.0,6520.0,4.4,50.7,4.5,,,
2020-11-16,13200.0,6.2,10.9,4800.0,0.0,43.2,0.0,,,
2020-11-17,10400.0,0.2,7.1,3880.0,0.3,36.4,0.3,,,
2020-11-18,8660.0,0.0,2.8,3260.0,0.0,29.9,0.0,,,
2020-11-19,7230.0,0.0,3.3,2810.0,0.0,25.0,0.0,,,
2020-11-20,6330.0,0.0,8.9,2500.0,0.0,23.1,0.0,,,
2020-11-21,5640.0,0.0,12.7,2280.0,0.9,22.2,1.7,,,
2020-11-22,5130.0,0.0,11.4,2100.0,0.0,22.2,0.0,,,
2020-11-23,4670.0,1.8,10.7,1980.0,2.4,22.4,2.1,,,
2020-11-24,4570.0,0.0,5.4,1920.0,0.0,21.4,0.0,,,
2020-11-25,4370.0,0.0,7.7,1810.0,0.0,18.7,0.0,,,
2020-11-26,4230.0,1.7,14.1,1730.0,2.0,17.8,2.8,,,
2020-11-27,4100.0,0.2,11.7,1660.0,0.0,17.5,0.0,,,
2020-11-28,3980.0,0.0,10.3,1600.0,0.0,17.9,0.0,,,
2020-11-29,3790.0,0.0,6.9,1540.0,0.0,17.4,0.0,,,
2020-11-30,5760.0,31.1,11.4,1710.0,25.8,286.0,26.9,,,
2020-12-01,8490.0,2.2,6.4,2180.0,0.9,193.0,1.1,,,
2020-12-02,8140.0,0.0,3.7,4590.0,0.0,93.5,0.0,,,
2020-12-03,11900.0,0.0,4.2,4940.0,0.0,77.2,0.0,,,
2020-12-04,12600.0,2.6,7.2,3930.0,7.1,81.4,6.8,,,
2020-12-05,14200.0,27.9,7.2,3580.0,8.6,353.0,8.8,,,
2020-12-06,12200.0,0.0,3.6,3850.0,0.0,169.0,0.0,,,
2020-12-07,11000.0,0.0,0.6,4930.0,0.0,116.0,0.0,,,
2020-12-08,11100.0,0.0,1.6,4270.0,0.0,92.8,0.0,,,
2020-12-09,10200.0,0.0,0.9,3680.0,0.0,81.5,0.0,,,
2020-12-10,9120.0,0.0,4.0,3270.0,0.0,77.2,0.0,,,
2020-12-11,8340.0,0.0,6.6,2940.0,0.0,69.7,0.0,,,
2020-12-12,7540.0,0.0,9.9,2680.0,0.0,64.7,0.8,,,
2020-12-13,6720.0,0.0,11.8,2460.0,0.1,62.1,0.0,,,
2020-12-14,8400.0,29.5,4.7,2460.0,20.4,228.0,21.1,,,
2020-12-15,10400.0,0.0,1.7,3480.0,0.0,231.0,0.0,,,
2020-12-16,10500.0,20.1,-0.9,5870.0,21.5,138.0,20.4,,,
2020-12-17,16800.0,10.5,-0.7,5730.0,10.7,152.0,10.9,,,
2020-12-18,14400.0,0.1,-0.2,4820.0,1.0,135.0,0.9,,,
2020-12-19,12300.0,0.0,-1.4,4310.0,0.0,123.0,0.0,,,
2020-12-20,10900.0,0.4,1.4,3870.0,0.0,112.0,0.0,,,
2020-12-21,10300.0,0.0,4.0,3670.0,0.0,125.0,0.0,,,
2020-12-22,10200.0,1.3,5.0,4020.0,1.8,240.0,2.2,,,
2020-12-23,11400.0,0.0,3.2,4960.0,0.0,274.0,0.0,,,
2020-12-24,16400.0,18.5,9.1,5560.0,40.0,881.0,39.0,,,
2020-12-25,52600.0,24.0,4.1,16700.0,13.8,2020.0,15.2,,,
2020-12-26,76800.0,0.0,-3.6,26100.0,0.0,490.0,0.0,,,
2020-12-27,63400.0,0.0,-1.0,16400.0,0.0,303.0,0.0,,,
2020-12-28,40300.0,0.0,4.1,10900.0,0.0,237.0,0.0,,,
2020-12-29,29200.0,0.0,3.1,8430.0,0.0,199.0,0.0,,,
2020-12-30,23200.0,0.0,0.7,6820.0,0.1,166.0,0.0,,,
2020-12-31,19400.0,0.8,6.9,5710.0,5.8,149.0,4.9,,,
2021-01-01,16900.0,6.4,1.4,5000.0,7.6,254.0,7.5,,,
2021-01-02,23400.0,13.1,6.1,5680.0,3.7,797.0,4.3,,,
2021-01-03,25700.0,7.3,3.9,8570.0,6.6,357.0,6.6,,,
2021-01-04,31900.0,0.0,3.5,9430.0,0.0,337.0,0.0,,,
2021-01-05,31500.0,2.2,3.4,8040.0,0.1,243.0,0.7,,,
2021-01-06,26900.0,0.0,3.2,6820.0,0.1,195.0,0.1,,,
2021-01-07,22800.0,0.0,2.6,5840.0,0.0,162.0,0.0,,,
2021-01-08,19500.0,0.0,0.0,5100.0,0.0,137.0,0.0,,,
2021-01-09,17100.0,0.0,0.6,4540.0,0.0,119.0,0.0,,,
2021-01-10,15100.0,0.0,2.4,4130.0,0.0,107.0,0.0,,,
2021-01-11,13500.0,0.0,0.8,3800.0,0.0,101.0,0.0,,,
2021-01-12,12300.0,0.0,1.5,3510.0,0.0,95.4,0.0,,,
2021-01-13,11300.0,0.0,2.2,3280.0,0.0,89.7,0.0,,,
2021-01-14,10500.0,0.0,3.8,3140.0,0.0,88.9,0.0,,,
2021-01-15,9760.0,0.8,4.2,2960.0,0.8,86.3,0.9,,,
2021-01-16,9290.0,3.2,4.3,2860.0,1.7,86.2,1.7,,,
2021-01-17,8880.0,0.0,2.7,2780.0,0.1,80.0,0.0,,,
2021-01-18,8510.0,0.0,3.1,2720.0,0.1,74.3,0.0,,,
2021-01-19,8190.0,0.0,2.0,2590.0,0.0,69.0,0.0,,,
2021-01-20,7780.0,1.8,1.7,2440.0,0.5,65.4,0.5,,,
2021-01-21,7290.0,0.0,1.1,2320.0,0.0,63.5,0.0,,,
2021-01-22,6810.0,0.0,3.4,2230.0,0.0,62.6,0.0,,,
2021-01-23,6500.0,0.0,-0.4,2150.0,0.0,59.5,0.0,,,
2021-01-24,6160.0,0.0,-2.6,2090.0,0.0,54.3,0.0,,,
2021-01-25,5930.0,0.5,0.8,2020.0,1.0,56.3,0.9,,,
2021-01-26,5820.0,7.3,0.6,1980.0,6.6,60.1,6.7,,,
2021-01-27,5830.0,0.0,3.2,2050.0,0.1,63.5,0.0,,,
2021-01-28,5740.0,0.4,-0.5,2280.0,0.2,57.5,0.2,,,
2021-01-29,5850.0,0.0,-3.2,2430.0,0.0,48.4,0.0,,,
2021-01-30,5980.0,0.0,-2.5,2260.0,0.0,47.3,0.0,,,
2021-01-31,6220.0,9.9,-1.5,2170.0,12.0,52.9,11.8,,,
2021-02-01,6420.0,9.2,-1.9,2210.0,11.2,59.6,11.7,,,
2021-02-02,6370.0,2.7,-0.1,2220.0,2.5,58.1,2.2,,,
2021-02-03,6280.0,0.1,0.2,2200.0,0.6,54.2,0.8,,,
2021-02-04,6350.0,0.0,0.5,2130.0,0.0,52.2,0.0,,,
2021-02-05,6360.0,1.0,5.7,2110.0,1.5,54.8,1.3,,,
2021-02-06,6500.0,0.0,3.3,2130.0,0.0,83.8,0.0,,,
2021-02-07,6920.0,9.6,2.9,2210.0,5.9,82.1,6.2,,,
2021-02-08,7620.0,0.0,-2.2,2300.0,0.0,83.0,0.0,,,
2021-02-09,7520.0,0.0,1.9,2340.0,0.0,73.2,0.0,,,
2021-02-10,7550.0,0.5,2.1,2510.0,0.3,76.9,0.3,,,
2021-02-11,8110.0,9.1,0.7,2510.0,15.0,89.6,14.9,,,
2021-02-12,7970.0,0.6,-1.8,2720.0,0.3,87.5,0.2,,,
2021-02-13,7860.0,5.8,-2.0,2860.0,3.5,80.3,3.7,,,
2021-02-14,7930.0,0.8,0.0,3030.0,0.0,77.0,0.1,,,
2021-02-15,8160.0,0.6,1.4,3050.0,0.6,84.0,0.7,,,
2021-02-16,12100.0,17.7,2.9,3340.0,14.8,343.0,15.2,,,
2021-02-17,13400.0,0.0,-2.2,4420.0,0.0,239.0,0.0,,,
2021-02-18,17600.0,17.5,-2.5,7370.0,17.0,187.0,17.0,,,
2021-02-19,20500.0,4.1,-1.2,7000.0,2.8,163.0,3.0,,,
2021-02-20,19000.0,0.0,-2.4,5920.0,0.0,148.0,0.0,,,
2021-02-21,16200.0,0.0,-3.5,5170.0,0.0,134.0,0.0,,,
2021-02-22,14700.0,8.0,-0.3,4730.0,6.6,148.0,6.7,,,
2021-02-23,14200.0,0.5,4.9,4540.0,0.3,219.0,0.0,,,
2021-02-24,14700.0,0.0,7.3,6040.0,0.0,322.0,0.0,,,
2021-02-25,19000.0,0.0,8.7,7740.0,0.0,299.0,0.0,,,
2021-02-26,30900.0,0.0,4.7,8040.0,0.0,229.0,0.0,,,
2021-02-27,36700.0,11.4,5.2,7840.0,6.9,284.0,7.7,,,
2021-02-28,35800.0,21.9,6.8,7900.0,22.3,831.0,22.5,,,
2021-03-01,50300.0,15.0,7.3,12400.0,7.3,803.0,7.1,,,
2021-03-02,89700.0,0.0,2.0,19200.0,0.0,420.0,0.0,,,
2021-03-03,81000.0,0.0,4.0,15900.0,0.0,313.0,0.0,,,
2021-03-04,54900.0,0.0,6.7,11700.0,0.0,259.0,0.0,,,
2021-03-05,40600.0,0.0,0.3,9150.0,0.0,212.0,0.0,,,
2021-03-06,32000.0,0.0,1.4,7470.0,0.0,184.0,0.0,,,
2021-03-07,26300.0,0.0,0.6,6290.0,0.0,163.0,0.0,,,
2021-03-08,22200.0,0.0,1.9,5430.0,0.0,146.0,0.0,,,
2021-03-09,19300.0,0.0,8.9,4810.0,0.0,135.0,0.0,,,
2021-03-10,17000.0,0.0,11.3,4350.0,0.0,124.0,0.0,,,
2021-03-11,15400.0,0.0,14.5,3990.0,0.5,115.0,0.2,,,
2021-03-12,14000.0,0.2,15.1,3720.0,0.1,112.0,0.2,,,
2021-03-13,12900.0,0.0,10.2,3490.0,0.0,101.0,0.0,,,
2021-03-14,12200.0,0.0,8.6,3290.0,0.0,92.4,0.0,,,
2021-03-15,11300.0,0.0,3.5,3110.0,0.0,84.7,0.0,,,
2021-03-16,10700.0,0.3,4.5,2950.0,1.4,81.8,1.5,,,
2021-03-17,10200.0,0.0,7.0,2810.0,0.0,81.8,0.0,,,
2021-03-18,10100.0,17.6,8.8,2870.0,13.7,122.0,14.7,,,
2021-03-19,10900.0,4.8,6.4,2880.0,2.0,145.0,1.9,,,
2021-03-20,11900.0,0.0,4.5,2850.0,0.0,97.9,0.0,,,
2021-03-21,12100.0,0.0,6.9,2830.0,0.0,83.7,0.0,,,
2021-03-22,11700.0,0.0,8.2,2730.0,0.0,77.1,0.0,,,
2021-03-23,11000.0,0.0,10.4,2610.0,0.0,73.8,0.0,,,
2021-03-24,11300.0,22.3,12.1,2560.0,5.1,78.6,5.6,,,
2021-03-25,10900.0,1.1,13.0,2510.0,1.6,94.3,1.3,,,
2021-03-26,10600.0,1.5,19.2,2450.0,0.3,86.7,0.6,,,
2021-03-27,9870.0,0.0,14.9,2410.0,0.0,81.1,0.0,,,
2021-03-28,9790.0,11.8,14.2,2390.0,13.9,77.7,13.6,,,
2021-03-29,9610.0,0.0,9.2,2360.0,0.0,87.6,0.0,,,
2021-03-30,9860.0,0.0,11.0,2290.0,0.0,76.0,0.0,,,
2021-03-31,10400.0,21.5,13.9,2420.0,13.3,78.9,13.4,,,
2021-04-01,12500.0,9.7,8.2,2800.0,10.0,181.0,9.5,,,
2021-04-02,13200.0,0.0,1.8,3330.0,0.0,141.0,0.0,,,
2021-04-03,15600.0,0.0,3.8,3580.0,0.0,107.0,0.0,,,
2021-04-04,15900.0,0.0,10.3,3470.0,0.0,97.7,0.0,,,
2021-04-05,14300.0,0.0,12.9,3230.0,0.0,92.0,0.0,,,
2021-04-06,12900.0,0.0,15.5,3070.0,0.0,86.3,0.0,,,
2021-04-07,11900.0,0.2,16.6,2900.0,0.0,82.0,0.1,,,
2021-04-08,11000.0,0.1,15.4,2730.0,0.0,77.1,0.0,,,
2021-04-09,11100.0,9.5,12.9,2690.0,8.4,110.0,8.4,,,
2021-04-10,10900.0,3.1,14.3,2760.0,0.3,106.0,0.6,,,
2021-04-11,10900.0,18.3,18.1,3170.0,31.3,139.0,35.5,,,
2021-04-12,18900.0,7.5,14.1,9000.0,0.5,141.0,0.5,,,
2021-04-13,44800.0,2.0,12.2,11100.0,0.7,128.0,0.7,,,
2021-04-14,37900.0,7.0,12.4,8050.0,5.5,112.0,5.6,,,
2021-04-15,28700.0,5.0,13.3,6600.0,1.9,126.0,1.8,,,
2021-04-16,23600.0,0.3,9.0,6130.0,1.7,108.0,0.9,,,
2021-04-17,20600.0,0.0,9.7,5520.0,0.0,95.0,0.0,,,
2021-04-18,18700.0,0.0,10.7,4800.0,0.0,87.0,0.1,,,
2021-04-19,16600.0,1.0,11.4,4280.0,0.1,81.2,0.1,,,
2021-04-20,15400.0,0.0,14.2,3850.0,0.1,75.8,0.0,,,
2021-04-21,13800.0,2.3,13.8,3500.0,0.5,71.7,0.1,,,
2021-04-22,11900.0,0.0,5.8,3200.0,0.0,67.1,0.0,,,
2021-04-23,10900.0,0.0,9.2,2920.0,0.0,63.6,0.0,,,
2021-04-24,10000.0,0.9,11.3,2760.0,0.5,63.0,0.5,,,
2021-04-25,10400.0,17.3,12.1,2800.0,16.8,102.0,16.7,,,
2021-04-26,9970.0,0.0,11.6,2950.0,0.0,86.3,0.0,,,
2021-04-27,9800.0,0.0,16.8,2910.0,0.0,65.6,0.0,,,
2021-04-28,10500.0,0.0,23.5,2720.0,0.0,61.5,0.0,,,
2021-04-29,10200.0,1.3,22.7,2530.0,4.6,62.0,4.9,,,
2021-04-30,9500.0,5.9,17.6,2390.0,2.4,61.3,3.1,,,
2021-05-01,8790.0,0.0,12.2,2260.0,0.0,56.3,0.0,,,
2021-05-02,8390.0,0.0,19.1,2150.0,0.0,54.1,0.0,,,
2021-05-03,8020.0,3.6,20.0,2070.0,5.3,54.5,6.3,,,
2021-05-04,9040.0,5.3,22.6,2030.0,3.1,58.9,5.5,,,
2021-05-05,11100.0,15.1,19.6,2240.0,15.7,63.5,15.0,,,
2021-05-06,11300.0,0.0,13.0,3870.0,0.0,61.3,0.0,,,
2021-05-07,15600.0,10.1,12.0,3130.0,5.4,56.4,5.8,,,
2021-05-08,15400.0,3.3,9.8,2710.0,3.6,56.3,4.8,,,
2021-05-09,13800.0,0.3,11.6,2400.0,1.2,55.3,0.8,,,
2021-05-10,12400.0,0.0,15.8,2280.0,0.1,51.0,0.0,,,
2021-05-11,10600.0,0.0,13.4,2080.0,0.3,47.9,0.1,,,
2021-05-12,9650.0,0.0,12.3,1950.0,0.0,45.4,0.0,,,
2021-05-13,8940.0,0.0,13.9,1840.0,0.1,44.4,0.2,,,
2021-05-14,8230.0,0.1,15.0,1720.0,0.0,42.7,0.0,,,
2021-05-15,7650.0,0.0,16.7,1650.0,0.0,40.8,0.0,,,
2021-05-16,7110.0,0.5,16.3,1580.0,1.1,40.1,0.9,,,
2021-05-17,6640.0,0.1,15.9,1540.0,0.0,39.8,0.0,,,
2021-05-18,6240.0,0.0,18.8,1510.0,0.0,39.8,0.0,,,
2021-05-19,6070.0,0.0,21.2,1470.0,0.0,38.4,0.0,,,
2021-05-20,5850.0,0.0,23.7,1390.0,0.0,36.5,0.0,,,
2021-05-21,5310.0,0.0,21.2,1350.0,0.0,35.5,0.0,,,
2021-05-22,4960.0,0.0,23.8,1310.0,0.0,34.4,0.0,,,
2021-05-23,4620.0,0.0,26.8,1260.0,0.2,33.3,0.2,,,
2021-05-24,4430.0,4.3,21.1,1240.0,6.0,33.9,5.9,,,
2021-05-25,4650.0,1.4,17.6,1200.0,1.1,43.5,1.4,,,
2021-05-26,4560.0,3.4,23.3,1230.0,0.1,49.2,0.9,,,
2021-05-27,4950.0,0.3,23.9,1260.0,0.3,55.9,1.1,,,
2021-05-28,5110.0,12.4,20.6,1280.0,3.5,44.7,5.2,,,
2021-05-29,5880.0,28.7,12.6,1470.0,18.9,74.3,19.8,,,
2021-05-30,6030.0,7.4,10.2,1740.0,1.2,72.1,2.0,,,
2021-05-31,6010.0,0.0,14.3,1770.0,0.0,51.7,0.0,,,
2021-06-01,6190.0,0.0,18.3,1640.0,0.0,43.4,0.0,,,
2021-06-02,6140.0,0.5,20.1,1430.0,0.0,40.1,0.3,,,
2021-06-03,5580.0,12.4,21.0,1410.0,5.7,40.8,6.4,,,
2021-06-04,5700.0,11.5,22.4,1320.0,1.3,92.6,1.7,,,
2021-06-05,5450.0,0.0,24.6,1190.0,0.0,49.9,0.0,,,
2021-06-06,5070.0,0.0,26.3,1140.0,0.0,40.3,0.1,,,
2021-06-07,4460.0,0.0,27.1,1100.0,0.0,36.1,0.0,,,
2021-06-08,4120.0,6.8,25.4,1060.0,0.8,33.9,5.2,,,
2021-06-09,4000.0,14.6,24.9,1050.0,0.6,33.4,1.2,,,
2021-06-10,3810.0,16.8,24.6,1100.0,10.1,50.5,10.7,,,
2021-06-11,5810.0,100.5,19.9,2060.0,23.6,1530.0,37.2,,,
2021-06-12,14200.0,3.8,19.3,4040.0,2.7,674.0,2.9,,,
2021-06-13,13500.0,0.3,21.9,3600.0,1.1,276.0,0.9,,,
2021-06-14,14300.0,2.2,23.5,2880.0,0.4,231.0,0.5,,,
2021-06-15,13500.0,6.0,22.0,2770.0,12.9,153.0,11.5,,,
2021-06-16,10700.0,0.0,20.5,3100.0,0.0,111.0,0.0,,,
2021-06-17,10000.0,0.0,19.5,2790.0,0.0,81.3,0.0,,,
2021-06-18,9210.0,0.0,21.7,2520.0,0.0,66.4,0.0,,,
2021-06-19,8430.0,1.7,25.1,2130.0,2.4,59.7,3.4,,,
2021-06-20,7030.0,0.5,26.0,1890.0,0.7,57.7,1.1,,,
2021-06-21,6060.0,1.5,26.6,1710.0,0.4,54.4,0.6,,,
2021-06-22,6100.0,15.1,21.2,1630.0,17.3,150.0,16.4,,,
2021-06-23,6060.0,0.0,17.8,1460.0,0.0,122.0,0.0,,,
2021-06-24,5850.0,0.0,19.2,1380.0,0.0,68.2,0.0,,,
2021-06-25,5300.0,0.1,20.0,1280.0,0.0,53.9,0.0,,,
2021-06-26,4840.0,1.9,23.4,1240.0,0.0,48.8,0.4,,,
2021-06-27,4370.0,0.1,26.2,1140.0,0.7,44.6,0.8,,,
2021-06-28,3940.0,0.0,27.4,1090.0,1.5,41.0,2.7,,,
2021-06-29,3500.0,0.0,28.3,1000.0,0.2,38.7,0.0,,,
2021-06-30,3290.0,0.0,29.4,999.0,0.0,42.5,0.0,,,
2021-07-01,3510.0,23.0,24.8,1040.0,30.7,62.7,35.9,,,
2021-07-02,4610.0,29.7,22.5,1030.0,12.1,68.4,12.5,,,
2021-07-03,4080.0,0.6,20.5,1100.0,0.1,50.6,0.1,,,
2021-07-04,3830.0,0.0,21.7,1030.0,0.9,36.2,0.2,,,
2021-07-05,3550.0,0.0,24.3,986.0,0.0,30.8,0.0,,,
2021-07-06,3330.0,0.1,26.9,959.0,0.0,27.1,0.0,,,
2021-07-07,3160.0,0.3,28.2,902.0,2.1,23.8,2.4,,,
2021-07-08,3440.0,1.3,25.6,855.0,2.2,22.6,4.8,,,
2021-07-09,3730.0,17.7,23.7,855.0,1.9,31.6,4.3,,,
2021-07-10,3540.0,0.3,23.9,830.0,0.1,24.6,0.2,,,
2021-07-11,3040.0,0.7,24.9,786.0,0.7,23.7,1.0,,,
2021-07-12,2890.0,5.3,26.6,819.0,7.9,22.9,12.6,,,
2021-07-13,2830.0,13.6,27.4,793.0,9.9,20.6,12.0,,,
2021-07-14,3570.0,1.1,27.5,827.0,0.7,19.0,1.5,,,
2021-07-15,3920.0,0.0,26.8,794.0,0.1,16.9,0.0,,,
2021-07-16,3190.0,2.8,28.1,772.0,0.0,16.4,0.0,,,
2021-07-17,3180.0,9.7,27.5,863.0,1.2,16.7,1.1,,,
2021-07-18,3340.0,1.7,25.1,921.0,0.3,19.5,0.3,,,
2021-07-19,2950.0,0.2,24.8,790.0,0.0,18.0,0.0,,,
2021-07-20,3210.0,0.0,26.5,730.0,0.1,16.6,0.0,,,
2021-07-21,3240.0,3.9,25.5,702.0,2.4,15.1,1.4,,,
2021-07-22,2740.0,0.3,23.8,745.0,0.0,17.4,0.0,,,
2021-07-23,2480.0,0.0,23.3,666.0,0.0,17.5,0.0,,,
2021-07-24,2420.0,0.0,23.9,609.0,1.7,14.3,0.8,,,
2021-07-25,2200.0,0.4,26.7,612.0,0.7,13.2,0.8,,,
2021-07-26,1990.0,2.8,26.6,583.0,0.5,13.1,0.7,,,
2021-07-27,1910.0,0.0,27.4,568.0,0.0,13.1,0.0,,,
2021-07-28,2130.0,0.0,27.2,564.0,0.0,11.7,0.0,,,
2021-07-29,1970.0,0.8,25.7,585.0,0.3,10.6,0.2,,,
2021-07-30,1920.0,0.3,27.0,609.0,0.8,10.4,1.4,,,
2021-07-31,1780.0,0.0,23.3,604.0,0.0,10.2,0.0,,,
2021-08-01,1850.0,5.8,23.1,674.0,0.3,9.9,1.3,,,
2021-08-02,1930.0,2.3,22.3,603.0,0.1,9.43,0.1,,,
2021-08-03,1860.0,0.0,21.7,549.0,0.0,8.96,0.0,,,
2021-08-04,1660.0,0.0,22.0,526.0,0.0,8.45,0.0,,,
2021-08-05,1540.0,0.0,22.9,508.0,0.0,7.85,0.0,,,
2021-08-06,1440.0,0.0,25.2,517.0,0.0,7.36,0.0,,,
2021-08-07,1420.0,4.6,22.5,504.0,0.0,7.01,0.0,,,
2021-08-08,1470.0,0.1,24.2,487.0,0.1,6.7,0.2,,,
2021-08-09,1470.0,4.3,25.1,501.0,0.2,6.46,0.1,,,
2021-08-10,1410.0,1.2,26.5,626.0,0.2,6.42,0.8,,,
2021-08-11,1950.0,4.2,26.7,644.0,1.6,6.79,2.8,,,
2021-08-12,1810.0,4.7,27.7,666.0,0.1,8.81,0.0,,,
2021-08-13,1920.0,0.0,29.3,664.0,3.1,9.7,8.4,,,
2021-08-14,2410.0,4.9,26.0,659.0,4.3,7.35,3.2,,,
2021-08-15,2240.0,3.7,23.8,722.0,0.0,23.6,0.0,,,
2021-08-16,2360.0,22.9,22.5,791.0,7.7,16.9,5.0,,,
2021-08-17,3310.0,30.4,24.2,781.0,27.8,49.2,32.3,,,
2021-08-18,3710.0,19.1,25.0,763.0,21.1,85.2,31.6,,,
2021-08-19,3930.0,0.6,26.2,800.0,0.9,32.5,1.6,,,
2021-08-20,5950.0,31.7,23.4,865.0,13.4,19.2,14.0,,,
2021-08-21,5560.0,2.6,23.9,929.0,0.7,16.7,1.3,,,
2021-08-22,5000.0,10.0,23.3,941.0,0.7,14.1,1.2,,,
2021-08-23,3910.0,1.0,25.8,1120.0,0.5,13.7,0.3,,,
2021-08-24,3400.0,0.0,27.3,1180.0,0.0,12.7,0.0,,,
2021-08-25,3130.0,0.2,27.2,945.0,7.1,11.0,1.7,,,
2021-08-26,3800.0,0.4,26.6,859.0,0.8,12.0,2.3,,,
2021-08-27,3400.0,13.4,26.1,763.0,17.3,16.7,16.0,,,
2021-08-28,3020.0,7.8,25.9,778.0,1.9,16.9,6.0,,,
2021-08-29,2570.0,1.6,23.9,850.0,11.2,13.9,8.3,,,
2021-08-30,2760.0,14.0,25.0,1120.0,1.6,12.3,2.3,,,
2021-08-31,3010.0,4.5,24.2,2100.0,3.7,12.3,4.8,,,
2021-09-01,9130.0,32.3,23.0,1970.0,60.8,954.0,57.6,,,
2021-09-02,30800.0,4.7,19.9,7260.0,0.3,383.0,0.5,,,
2021-09-03,74300.0,0.0,18.7,9400.0,0.0,82.8,0.0,,,
2021-09-04,33900.0,0.0,20.1,5070.0,0.0,45.6,0.0,,,
2021-09-05,18700.0,1.1,21.0,3410.0,12.2,33.6,11.6,,,
2021-09-06,12800.0,3.1,23.0,2600.0,1.1,30.7,1.1,,,
2021-09-07,9700.0,0.0,22.5,2140.0,0.0,26.7,0.0,,,
2021-09-08,7730.0,0.4,23.7,1840.0,0.0,25.6,0.0,,,
2021-09-09,8560.0,24.8,21.4,2680.0,9.6,112.0,14.2,,,
2021-09-10,12200.0,0.0,19.7,4250.0,0.0,73.7,0.0,,,
2021-09-11,9850.0,0.0,19.8,2780.0,0.0,43.0,0.0,,,
2021-09-12,7100.0,0.0,23.2,2000.0,0.0,32.1,0.0,,,
2021-09-13,5650.0,0.0,25.7,1660.0,0.0,27.5,0.0,,,
2021-09-14,5090.0,0.0,25.6,1440.0,0.0,24.9,0.0,,,
2021-09-15,4520.0,0.0,26.5,1250.0,0.7,29.8,0.2,,,
2021-09-16,4650.0,5.8,23.4,1240.0,5.5,77.6,9.0,,,
2021-09-17,7020.0,13.0,22.1,1360.0,8.4,43.5,8.8,,,
2021-09-18,7050.0,0.9,23.0,1200.0,0.2,35.0,0.1,,,
2021-09-19,5030.0,0.0,23.0,1080.0,0.0,30.7,0.0,,,
2021-09-20,4300.0,0.0,20.4,1020.0,0.0,27.0,0.0,,,
2021-09-21,3910.0,0.7,20.8,1050.0,1.8,25.3,1.9,,,
2021-09-22,3760.0,20.8,21.9,1040.0,13.1,25.7,16.8,,,
2021-09-23,13100.0,36.6,20.9,3420.0,56.4,785.0,52.0,,,
2021-09-24,38500.0,0.0,17.1,6550.0,0.0,305.0,0.0,,,
2021-09-25,37500.0,0.0,17.1,8320.0,0.0,129.0,0.0,,,
2021-09-26,24700.0,0.0,17.6,5130.0,0.1,82.4,0.1,,,
2021-09-27,16400.0,0.0,18.7,3680.0,0.0,63.0,0.0,,,
2021-09-28,12300.0,0.2,21.1,2940.0,0.4,52.7,0.9,,,
2021-09-29,9800.0,0.2,17.6,2390.0,0.0,45.8,0.0,,,
2021-09-30,8130.0,0.0,16.4,2040.0,0.0,39.2,0.0,,,
2021-10-01,6900.0,0.0,15.8,1760.0,0.0,34.2,0.0,,,
2021-10-02,6100.0,0.0,17.5,1570.0,0.0,31.5,0.0,,,
2021-10-03,5500.0,0.0,20.8,1440.0,0.0,29.7,0.0,,,
2021-10-04,5000.0,6.7,22.2,1350.0,5.9,28.7,8.2,,,
2021-10-05,4730.0,10.7,20.6,1350.0,6.1,27.4,7.0,,,
2021-10-06,4620.0,1.5,19.7,1380.0,0.6,26.4,0.5,,,
2021-10-07,4650.0,0.0,19.7,1260.0,0.0,25.7,0.0,,,
2021-10-08,4320.0,0.0,19.8,1350.0,0.0,24.9,0.4,,,
2021-10-09,4250.0,2.6,19.1,2380.0,2.2,24.1,2.4,,,
2021-10-10,4970.0,0.6,19.3,2150.0,2.8,24.0,1.9,,,
2021-10-11,4840.0,0.4,18.6,1990.0,0.0,25.0,0.0,,,
2021-10-12,4760.0,0.0,18.3,1790.0,0.0,25.3,0.0,,,
2021-10-13,4470.0,0.0,19.4,1660.0,0.0,24.4,0.0,,,
2021-10-14,4260.0,0.0,19.7,1520.0,0.0,23.3,0.0,,,
2021-10-15,4010.0,0.0,21.1,1430.0,0.2,22.3,0.4,,,
2021-10-16,3730.0,11.3,20.4,1350.0,9.7,22.2,10.4,,,
2021-10-17,3870.0,0.0,13.6,1270.0,0.0,25.9,0.1,,,
2021-10-18,3570.0,0.0,13.0,1190.0,0.0,23.3,0.0,,,
2021-10-19,3420.0,0.0,13.9,1150.0,0.0,21.0,0.0,,,
2021-10-20,3320.0,0.0,17.1,1100.0,0.0,19.8,0.0,,,
2021-10-21,3160.0,0.0,16.7,1040.0,0.0,19.7,0.0,,,
2021-10-22,3040.0,0.1,17.9,1020.0,1.3,19.7,0.5,,,
2021-10-23,2930.0,0.3,14.6,975.0,0.5,19.6,1.6,,,
2021-10-24,2880.0,1.1,13.9,940.0,0.6,18.9,0.8,,,
2021-10-25,3450.0,3.2,18.9,923.0,2.7,21.5,5.3,,,
2021-10-26,5530.0,43.3,15.1,978.0,12.9,54.5,15.1,,,
2021-10-27,3890.0,0.2,13.5,962.0,0.9,26.0,1.2,,,
2021-10-28,3500.0,0.0,13.8,904.0,0.0,19.6,0.0,,,
2021-10-29,4610.0,37.3,14.0,1070.0,39.7,441.0,41.9,,,
2021-10-30,8780.0,8.4,13.9,2250.0,5.8,304.0,8.8,,,
2021-10-31,11500.0,1.0,13.2,3090.0,1.1,104.0,1.5,,,
2021-11-01,10000.0,0.0,12.6,6110.0,0.0,63.8,0.0,,,
2021-11-02,14200.0,3.5,8.1,5580.0,3.7,51.0,3.6,,,
2021-11-03,13300.0,0.0,6.2,4080.0,0.0,49.7,0.0,,,
2021-11-04,10600.0,0.0,6.1,3270.0,0.0,42.6,0.0,,,
2021-11-05,8670.0,0.0,5.4,2710.0,0.0,37.6,0.0,,,
2021-11-06,7410.0,0.0,6.1,2240.0,0.0,33.7,0.0,,,
2021-11-07,6420.0,0.0,7.4,1950.0,0.0,32.0,0.0,,,
2021-11-08,5730.0,0.0,10.5,1770.0,0.0,30.2,0.0,,,
2021-11-09,5290.0,0.0,12.7,1640.0,0.0,28.3,0.0,,,
2021-11-10,4990.0,0.0,14.5,1550.0,0.0,27.8,0.0,,,
2021-11-11,4670.0,0.0,12.9,1460.0,0.0,25.8,0.0,,,
2021-11-12,4870.0,13.5,15.3,1470.0,18.2,37.4,15.8,,,
2021-11-13,5260.0,1.1,8.8,2590.0,3.2,54.5,3.0,,,
2021-11-14,9370.0,0.0,5.1,3210.0,0.3,35.5,0.2,,,
2021-11-15,9810.0,0.1,6.4,3550.0,0.1,30.2,0.2,,,
2021-11-16,9000.0,0.0,5.0,3080.0,0.0,26.2,0.0,,,
2021-11-17,7700.0,0.0,8.3,2620.0,0.0,25.2,0.0,,,
2021-11-18,6750.0,0.9,14.9,2330.0,4.3,25.8,3.5,,,
2021-11-19,6160.0,6.7,6.6,2120.0,0.7,26.1,4.1,,,
2021-11-20,5650.0,0.0,3.1,1920.0,0.0,24.1,0.0,,,
2021-11-21,5250.0,0.0,5.8,1770.0,0.0,23.1,0.0,,,
2021-11-22,4940.0,2.8,8.6,1640.0,0.5,23.3,0.8,,,
2021-11-23,4710.0,0.0,2.2,1580.0,0.0,26.7,0.0,,,
2021-11-24,4550.0,0.0,1.9,1510.0,0.0,26.2,0.0,,,
2021-11-25,4410.0,0.0,5.3,1450.0,0.0,26.0,0.0,,,
2021-11-26,4270.0,5.3,6.6,1380.0,0.8,24.4,1.8,,,
2021-11-27,4030.0,0.0,1.5,1320.0,0.0,22.5,0.0,,,
2021-11-28,3940.0,0.0,5.7,1290.0,0.0,20.1,0.0,,,
2021-11-29,3780.0,0.1,4.2,1260.0,0.0,22.2,0.0,,,
2021-11-30,3700.0,0.2,3.5,1220.0,0.4,25.3,0.4,,,
2021-12-01,3660.0,0.0,5.4,1200.0,0.0,23.7,0.0,,,
2021-12-02,3560.0,1.1,10.6,1170.0,0.6,23.2,2.1,,,
2021-12-03,3500.0,0.0,9.9,1140.0,0.0,23.2,0.0,,,
2021-12-04,3430.0,0.0,7.7,1120.0,0.0,23.2,0.0,,,
2021-12-05,3370.0,0.0,6.2,1060.0,0.0,22.7,0.0,,,
2021-12-06,3210.0,0.3,11.2,1040.0,0.2,22.4,0.2,,,
2021-12-07,3210.0,0.1,3.8,1040.0,0.0,21.5,0.0,,,
2021-12-08,3190.0,0.6,2.1,1030.0,1.0,23.0,1.0,,,
2021-12-09,3110.0,0.0,1.6,991.0,0.0,22.2,0.0,,,
2021-12-10,3030.0,0.0,4.7,977.0,0.1,21.4,0.0,,,
2021-12-11,3010.0,1.8,12.6,978.0,1.5,21.6,6.4,,,
2021-12-12,3040.0,3.1,7.2,926.0,2.9,22.7,1.8,,,
2021-12-13,2900.0,0.0,3.1,927.0,0.0,23.4,0.0,,,
2021-12-14,2930.0,0.0,6.2,952.0,0.0,22.0,0.0,,,
2021-12-15,2910.0,0.0,6.4,933.0,0.0,20.9,0.0,,,
2021-12-16,2840.0,0.0,10.7,908.0,0.0,21.0,0.0,,,
2021-12-17,2780.0,0.0,13.7,920.0,0.0,21.2,0.0,,,
2021-12-18,2800.0,1.7,9.6,892.0,0.3,21.4,0.4,,,
2021-12-19,2710.0,2.3,7.6,865.0,1.0,21.4,1.1,,,
2021-12-20,2670.0,0.0,0.1,861.0,0.0,22.3,0.0,,,
2021-12-21,2690.0,0.0,0.9,869.0,0.0,21.5,0.0,,,
2021-12-22,2770.0,0.8,3.7,866.0,0.0,21.5,0.0,,,
2021-12-23,2640.0,0.0,0.2,847.0,0.0,21.6,0.0,,,
2021-12-24,2600.0,0.0,5.9,842.0,0.0,21.0,0.0,,,
2021-12-25,2610.0,2.5,11.8,845.0,4.1,21.7,5.9,,,
2021-12-26,2720.0,3.5,11.3,858.0,2.8,25.4,3.8,,,
2021-12-27,2690.0,0.4,4.3,843.0,1.9,24.3,1.9,,,
2021-12-28,2660.0,0.0,6.7,823.0,0.0,23.6,0.0,,,
2021-12-29,2780.0,0.8,10.3,816.0,1.8,23.1,2.2,,,
2021-12-30,2870.0,11.2,9.2,846.0,6.7,27.1,6.8,,,
2021-12-31,3090.0,0.1,10.5,846.0,0.0,32.9,0.0,,,
2022-01-01,3370.0,16.4,12.7,880.0,11.4,35.7,13.4,,,
2022-01-02,5320.0,13.9,14.1,927.0,10.6,84.5,10.2,,,
2022-01-03,7380.0,20.3,2.0,997.0,3.5,59.1,4.1,,,
2022-01-04,13800.0,0.0,-4.0,1100.0,0.0,43.2,0.0,,,
2022-01-05,13600.0,0.0,-0.2,1140.0,0.0,35.4,0.0,,,
2022-01-06,12000.0,0.0,3.5,1130.0,0.1,32.5,0.0,,,
2022-01-07,10800.0,6.2,-1.6,1170.0,6.9,32.3,6.4,,,
2022-01-08,9440.0,0.0,-4.9,1150.0,0.0,28.8,0.0,,,
2022-01-09,8130.0,5.6,0.9,1140.0,6.5,29.3,7.0,,,
2022-01-10,7930.0,2.4,1.0,1180.0,0.1,35.2,0.2,,,
2022-01-11,7240.0,0.0,-4.3,1330.0,0.0,36.0,0.0,,,
2022-01-12,6950.0,0.0,-0.8,1450.0,0.0,34.2,0.0,,,
2022-01-13,7650.0,0.0,2.7,1570.0,0.0,33.5,0.0,,,
2022-01-14,8310.0,0.0,3.1,1720.0,0.0,31.7,0.0,,,
2022-01-15,8070.0,0.0,-3.0,1630.0,0.0,30.3,0.0,,,
2022-01-16,7340.0,5.9,-6.3,1560.0,7.1,27.3,7.0,,,
2022-01-17,6480.0,27.2,1.4,1360.0,24.2,66.3,24.9,,,
2022-01-18,6350.0,0.0,0.0,1260.0,0.0,92.8,0.0,,,
2022-01-19,6990.0,0.0,1.9,1760.0,0.0,64.5,0.0,,,
2022-01-20,7540.0,12.6,3.5,1710.0,9.1,105.0,8.9,,,
2022-01-21,7860.0,0.0,-5.6,2110.0,0.0,127.0,0.0,,,
2022-01-22,8010.0,0.0,-5.2,2000.0,0.0,81.4,0.0,,,
2022-01-23,7450.0,0.0,-1.7,2180.0,0.0,75.6,0.0,,,
2022-01-24,7740.0,0.1,0.1,2340.0,0.0,68.1,0.0,,,
2022-01-25,7680.0,0.0,2.5,2130.0,0.0,63.7,0.0,,,
2022-01-26,7390.0,0.0,-3.4,2100.0,0.0,58.6,0.0,,,
2022-01-27,6520.0,0.0,-4.1,1790.0,0.0,48.4,0.0,,,
2022-01-28,6190.0,2.0,-0.2,1620.0,1.9,51.3,1.9,,,
2022-01-29,5740.0,2.3,-4.0,1680.0,1.3,46.8,1.7,,,
2022-01-30,5010.0,0.0,-5.6,1540.0,0.2,40.4,0.2,,,
2022-01-31,4350.0,0.0,-2.8,1400.0,0.0,40.9,0.0,,,
2022-02-01,4810.0,0.0,-1.4,1570.0,0.0,37.5,0.0,,,
2022-02-02,4950.0,0.0,1.3,1360.0,0.0,38.6,0.0,,,
2022-02-03,5000.0,13.9,6.4,1470.0,16.2,90.8,16.3,,,
2022-02-04,7990.0,25.9,9.8,2080.0,23.5,261.0,22.9,,,
2022-02-05,21000.0,0.1,-1.2,6760.0,0.0,219.0,0.0,,,
2022-02-06,39600.0,0.0,-3.1,11700.0,0.0,127.0,0.0,,,
2022-02-07,35300.0,2.6,0.6,8400.0,0.0,96.1,0.1,,,
2022-02-08,25300.0,2.4,1.9,6190.0,0.0,86.7,0.0,,,
2022-02-09,19600.0,0.0,2.6,4910.0,0.0,76.7,0.0,,,
2022-02-10,16100.0,0.1,7.1,4150.0,0.5,71.5,0.0,,,
2022-02-11,13700.0,0.0,6.8,3530.0,0.0,67.0,0.0,,,
2022-02-12,12300.0,0.0,11.2,3150.0,0.0,62.4,0.0,,,
2022-02-13,11300.0,6.5,2.7,2840.0,6.6,61.8,6.3,,,
2022-02-14,10400.0,0.0,-3.6,2650.0,0.1,57.4,0.1,,,
2022-02-15,9750.0,0.0,-2.9,2500.0,0.0,49.9,0.0,,,
2022-02-16,9060.0,0.0,1.4,2420.0,0.0,46.7,0.0,,,
2022-02-17,8370.0,0.0,11.9,2250.0,2.0,47.2,2.0,,,
2022-02-18,7880.0,2.5,10.9,2170.0,5.5,50.7,4.6,,,
2022-02-19,8760.0,0.0,0.5,2150.0,0.0,47.0,0.0,,,
2022-02-20,14500.0,0.0,-2.0,2140.0,0.0,42.9,0.0,,,
2022-02-21,15600.0,0.0,5.7,2310.0,0.0,41.0,0.0,,,
2022-02-22,13800.0,1.7,12.0,2310.0,1.5,41.0,3.3,,,
2022-02-23,12200.0,0.3,16.6,2290.0,0.2,43.1,0.4,,,
2022-02-24,11200.0,4.4,2.9,2230.0,2.0,41.3,1.9,,,
2022-02-25,11900.0,17.4,3.4,2350.0,11.8,62.0,15.4,,,
2022-02-26,12400.0,0.0,1.9,2930.0,0.0,78.5,0.0,,,
2022-02-27,15500.0,0.0,3.8,3210.0,0.0,58.8,0.0,,,
2022-02-28,19200.0,0.0,4.3,3330.0,0.0,51.5,0.0,,,
2022-03-01,17500.0,0.0,4.4,3050.0,0.0,47.2,0.0,,,
2022-03-02,15200.0,0.0,9.1,2850.0,0.0,45.3,0.0,,,
2022-03-03,13500.0,0.0,8.8,2670.0,0.1,44.3,0.0,,,
2022-03-04,11900.0,0.0,1.0,2470.0,0.0,41.0,0.0,,,
2022-03-05,10700.0,0.0,5.3,2290.0,0.0,38.5,0.0,,,
2022-03-06,9760.0,9.9,15.1,2130.0,6.5,38.3,10.1,,,
2022-03-07,8880.0,4.2,18.7,2040.0,3.5,38.5,3.0,,,
2022-03-08,8250.0,1.7,9.2,1970.0,1.6,39.1,2.8,,,
2022-03-09,8170.0,15.3,5.4,1930.0,11.5,42.4,11.7,,,
2022-03-10,8330.0,0.0,4.9,1950.0,0.0,57.5,0.0,,,
2022-03-11,8790.0,0.0,7.7,1970.0,0.0,49.9,0.0,,,
2022-03-12,9860.0,17.1,3.1,2090.0,9.5,45.8,9.7,,,
2022-03-13,10000.0,0.0,-2.3,2120.0,0.0,48.2,0.0,,,
2022-03-14,9640.0,0.0,5.2,2150.0,0.0,47.4,0.0,,,
2022-03-15,9530.0,0.0,10.9,2390.0,0.0,55.8,0.0,,,
2022-03-16,9680.0,0.0,12.7,2390.0,0.0,54.7,0.0,,,
2022-03-17,9690.0,7.8,11.3,2400.0,7.4,51.5,7.9,,,
2022-03-18,9630.0,0.0,13.7,2450.0,0.0,48.1,0.0,,,
2022-03-19,9530.0,0.1,16.7,2600.0,2.5,45.6,1.0,,,
2022-03-20,9500.0,1.1,12.0,2910.0,0.0,43.5,0.0,,,
2022-03-21,9690.0,0.0,11.5,2760.0,0.0,40.1,0.0,,,
2022-03-22,9020.0,0.0,12.1,2600.0,0.0,38.7,0.0,,,
2022-03-23,8530.0,5.7,9.3,2440.0,7.5,38.7,7.8,,,
2022-03-24,8500.0,21.2,13.5,2380.0,1.7,49.6,1.9,,,
2022-03-25,8570.0,0.6,11.5,2350.0,1.6,51.9,1.5,,,
2022-03-26,8420.0,0.9,8.3,2430.0,1.3,45.2,2.8,,,
2022-03-27,8400.0,0.0,3.7,2500.0,0.0,41.9,0.0,,,
2022-03-28,8880.0,0.1,-0.4,2370.0,0.3,38.4,0.6,,,
2022-03-29,8410.0,0.0,-0.9,2260.0,0.0,35.8,0.0,,,
2022-03-30,7850.0,0.1,4.7,2140.0,0.1,34.7,0.1,,,
2022-03-31,7580.0,2.6,15.5,2050.0,7.6,37.5,0.9,,,
2022-04-01,8040.0,6.4,11.6,2100.0,0.8,108.0,1.2,,,
2022-04-02,8850.0,0.0,6.6,2100.0,0.0,73.9,0.0,,,
2022-04-03,10300.0,0.4,9.3,2070.0,0.8,51.2,0.9,,,
2022-04-04,11800.0,0.0,7.1,2070.0,0.0,41.3,0.0,,,
2022-04-05,11200.0,8.5,8.6,1970.0,2.2,40.6,2.3,,,
2022-04-06,13800.0,23.0,11.8,2520.0,27.5,432.0,27.1,,,
2022-04-07,15800.0,22.6,10.3,4880.0,13.2,335.0,13.1,,,
2022-04-08,36700.0,1.0,10.4,8110.0,1.5,369.0,3.2,,,
2022-04-09,46500.0,1.9,8.7,9980.0,1.0,242.0,1.5,,,
2022-04-10,40700.0,0.0,7.0,8840.0,0.0,188.0,0.0,,,
2022-04-11,31400.0,0.0,8.4,6880.0,0.0,151.0,0.0,,,
2022-04-12,25100.0,1.4,15.3,5500.0,0.3,129.0,0.2,,,
2022-04-13,20500.0,0.0,18.7,4570.0,0.1,114.0,0.1,,,
2022-04-14,17300.0,2.2,21.6,3910.0,0.5,100.0,0.5,,,
2022-04-15,15000.0,0.0,14.4,3440.0,0.0,88.0,0.0,,,
2022-04-16,13200.0,0.1,17.6,3100.0,0.6,78.2,0.3,,,
2022-04-17,11700.0,0.9,10.8,2760.0,3.8,71.5,1.7,,,
2022-04-18,10600.0,8.4,5.5,2570.0,15.2,77.7,13.9,,,
2022-04-19,11200.0,9.5,6.5,2840.0,6.8,208.0,6.8,,,
2022-04-20,12200.0,0.0,7.7,3100.0,0.0,127.0,0.0,,,
2022-04-21,12400.0,0.1,11.3,3480.0,3.3,95.4,2.0,,,
2022-04-22,13400.0,0.0,16.1,3430.0,0.0,85.3,0.0,,,
2022-04-23,13100.0,0.0,15.9,3200.0,0.0,76.9,0.0,,,
2022-04-24,12900.0,0.0,17.5,3040.0,5.3,69.9,2.0,,,
2022-04-25,12800.0,0.0,15.2,2880.0,0.0,67.9,0.0,,,
2022-04-26,12200.0,3.5,14.8,2750.0,2.4,62.2,4.9,,,
2022-04-27,11400.0,0.0,11.1,2590.0,0.0,59.0,0.0,,,
2022-04-28,10100.0,0.0,7.2,2450.0,0.0,53.3,0.0,,,
2022-04-29,9410.0,0.0,10.2,2680.0,0.0,49.5,0.0,,,
2022-04-30,9100.0,0.0,12.4,2490.0,0.0,46.8,0.0,,,
2022-05-01,8490.0,2.2,13.6,2290.0,7.8,46.4,3.6,,,
2022-05-02,8180.0,2.6,17.3,2240.0,5.4,49.4,12.0,,,
2022-05-03,8040.0,0.0,17.1,2150.0,0.0,47.8,0.0,,,
2022-05-04,10700.0,4.4,17.4,2690.0,6.0,71.2,6.9,,,
2022-05-05,11900.0,0.0,16.4,5970.0,0.0,67.8,0.0,,,
2022-05-06,20300.0,23.1,14.5,4210.0,22.7,114.0,23.4,,,
2022-05-07,44800.0,34.0,10.2,6720.0,51.2,1230.0,46.2,,,
2022-05-08,98000.0,1.0,8.5,15200.0,0.9,665.0,0.6,,,
2022-05-09,102000.0,0.0,11.6,12200.0,0.0,336.0,0.0,,,
2022-05-10,61200.0,0.0,14.0,8720.0,0.0,221.0,0.0,,,
2022-05-11,41400.0,0.0,15.5,6640.0,0.0,168.0,0.0,,,
2022-05-12,31300.0,0.0,16.9,5260.0,0.5,135.0,0.3,,,
2022-05-13,25100.0,17.1,18.3,4380.0,12.1,131.0,7.3,,,
2022-05-14,20800.0,16.7,18.1,3830.0,9.2,129.0,9.9,,,
2022-05-15,17900.0,1.4,19.6,3640.0,0.5,157.0,0.6,,,
2022-05-16,16800.0,18.3,19.7,4290.0,10.8,210.0,4.8,,,
2022-05-17,16600.0,0.0,19.3,4480.0,0.0,128.0,0.0,,,
2022-05-18,15900.0,0.0,17.5,4550.0,0.0,98.5,0.0,,,
2022-05-19,14700.0,3.7,19.9,4020.0,4.4,97.5,3.2,,,
2022-05-20,13800.0,0.2,23.2,3480.0,0.7,88.1,2.1,,,
2022-05-21,12600.0,0.5,27.9,3040.0,0.0,74.2,0.0,,,
2022-05-22,11900.0,1.8,25.2,2660.0,2.4,67.9,6.9,,,
2022-05-23,14500.0,2.4,19.5,2710.0,4.8,131.0,6.0,,,
2022-05-24,11500.0,12.3,15.2,2450.0,10.2,80.8,10.8,,,
2022-05-25,10100.0,0.2,15.9,2300.0,0.0,72.4,0.0,,,
2022-05-26,9080.0,0.1,17.5,2320.0,0.0,62.6,0.0,,,
2022-05-27,8820.0,3.4,19.7,2610.0,13.5,142.0,14.0,,,
2022-05-28,11300.0,8.0,20.4,3280.0,0.9,168.0,0.7,,,
2022-05-29,11300.0,0.0,21.2,4970.0,0.0,98.8,0.0,,,
2022-05-30,12900.0,0.0,24.2,5410.0,0.0,76.7,0.0,,,
2022-05-31,12900.0,0.0,26.7,4450.0,0.0,65.0,0.0,,,
2022-06-01,11200.0,0.0,28.2,3610.0,0.0,56.0,0.0,,,
2022-06-02,10200.0,10.8,25.5,3130.0,3.7,52.0,0.9,,,
2022-06-03,9680.0,10.6,21.8,2940.0,1.9,110.0,4.0,,,
2022-06-04,8250.0,0.0,22.0,2740.0,0.0,57.7,0.0,,,
2022-06-05,7250.0,0.0,20.8,2470.0,0.0,45.9,0.0,,,
2022-06-06,6470.0,0.0,20.6,2190.0,0.0,41.0,0.0,,,
2022-06-07,5900.0,0.0,21.4,1910.0,1.7,37.4,0.2,,,
2022-06-08,5760.0,8.3,22.3,1810.0,2.4,40.5,3.1,,,
2022-06-09,6620.0,15.0,23.6,1820.0,13.5,54.5,19.2,,,
2022-06-10,5580.0,0.0,20.9,1930.0,0.0,47.4,0.0,,,
2022-06-11,5220.0,7.2,20.2,2320.0,2.2,38.8,2.8,,,
2022-06-12,5770.0,4.2,20.4,2230.0,4.8,40.7,15.1,,,
2022-06-13,5780.0,0.2,24.8,1910.0,0.2,38.9,0.2,,,
2022-06-14,5600.0,12.8,24.1,1750.0,5.6,45.3,6.4,,,
2022-06-15,5210.0,0.0,24.9,1750.0,0.0,37.0,0.0,,,
2022-06-16,4980.0,0.6,24.5,1720.0,13.9,33.1,11.2,,,
2022-06-17,5170.0,0.1,27.5,1580.0,0.1,164.0,0.1,,,
2022-06-18,4730.0,0.0,22.7,1400.0,0.0,54.7,0.0,,,
2022-06-19,4150.0,0.0,19.7,1270.0,0.0,34.3,0.0,,,
2022-06-20,3720.0,0.0,20.6,1190.0,0.0,28.7,0.0,,,
2022-06-21,3410.0,0.0,22.8,1100.0,0.0,27.8,0.0,,,
2022-06-22,3410.0,12.3,23.5,1180.0,7.3,30.3,3.4,,,
2022-06-23,4950.0,37.6,20.2,1930.0,15.2,116.0,18.0,,,
2022-06-24,4720.0,0.0,20.8,2590.0,0.3,73.6,0.5,,,
2022-06-25,6310.0,0.0,24.3,1840.0,0.0,46.1,0.0,,,
2022-06-26,5250.0,1.2,25.2,1690.0,10.4,36.4,6.9,,,
2022-06-27,4540.0,10.1,23.1,2300.0,2.2,58.6,2.5,,,
2022-06-28,4620.0,0.0,22.5,2240.0,0.0,39.3,0.0,,,
2022-06-29,5020.0,0.0,23.4,1740.0,0.0,31.5,0.0,,,
2022-06-30,4150.0,0.0,25.6,1680.0,0.0,27.8,0.0,,,
2022-07-01,3940.0,4.3,26.5,1470.0,14.3,26.6,14.2,,,
2022-07-02,4250.0,6.8,26.2,1330.0,0.2,27.9,0.9,,,
2022-07-03,5160.0,24.9,24.8,1220.0,2.5,34.1,7.5,,,
2022-07-04,4420.0,0.0,25.0,1170.0,0.0,27.7,0.0,,,
2022-07-05,3560.0,6.5,24.7,1260.0,6.6,24.3,9.3,,,
2022-07-06,3370.0,0.1,26.8,1170.0,1.1,24.0,2.0,,,
2022-07-07,3370.0,23.4,24.0,1070.0,16.8,23.3,33.4,,,
2022-07-08,3640.0,1.0,24.6,1050.0,1.0,23.1,1.1,,,
2022-07-09,9090.0,65.2,22.1,1000.0,40.6,25.5,25.1,,,
2022-07-10,4620.0,2.0,22.3,1220.0,0.5,31.5,0.2,,,
2022-07-11,3980.0,0.0,22.4,1360.0,0.0,25.9,0.0,,,
2022-07-12,3830.0,1.5,24.6,1530.0,0.2,23.9,0.5,,,
2022-07-13,4200.0,2.5,25.1,1480.0,0.0,24.4,0.1,,,
2022-07-14,4060.0,5.5,24.8,1640.0,0.0,21.7,0.0,,,
2022-07-15,4110.0,0.0,24.4,1360.0,0.0,21.8,0.0,,,
2022-07-16,3570.0,10.5,23.2,1170.0,18.7,20.4,22.1,,,
2022-07-17,3110.0,5.5,23.2,1080.0,6.9,20.1,9.2,,,
2022-07-18,3080.0,8.1,25.3,1880.0,12.0,41.0,14.1,,,
2022-07-19,4220.0,1.5,26.0,1860.0,0.0,82.2,0.0,,,
2022-07-20,4270.0,0.0,26.9,1660.0,0.0,56.1,0.0,,,
2022-07-21,3670.0,0.9,28.5,1310.0,0.0,42.1,0.0,,,
2022-07-22,3500.0,0.0,27.9,1160.0,0.0,29.9,0.0,,,
2022-07-23,3080.0,0.2,28.9,1120.0,0.0,23.7,0.0,,,
2022-07-24,2720.0,0.0,28.0,973.0,0.3,22.6,0.3,,,
2022-07-25,2780.0,16.3,28.1,950.0,8.8,23.2,11.0,,,
2022-07-26,2880.0,5.1,24.1,903.0,0.1,29.0,0.1,,,
2022-07-27,2620.0,4.2,24.7,911.0,3.1,27.8,3.1,,,
2022-07-28,2520.0,0.4,26.8,905.0,14.2,24.7,19.2,,,
2022-07-29,2650.0,9.9,24.3,871.0,8.1,23.3,8.1,,,
2022-07-30,2620.0,6.2,24.5,917.0,2.4,29.9,3.2,,,
2022-07-31,2540.0,10.2,23.4,964.0,6.3,35.7,10.2,,,
2022-08-01,2800.0,7.8,23.5,959.0,6.3,49.4,5.6,,,
2022-08-02,3450.0,1.8,24.9,1020.0,2.9,44.1,2.3,,,
2022-08-03,3130.0,0.0,26.3,901.0,0.0,33.6,0.0,,,
2022-08-04,2960.0,1.6,27.4,911.0,0.0,24.9,0.1,,,
2022-08-05,4500.0,27.4,25.1,1020.0,12.1,37.5,10.2,,,
2022-08-06,3910.0,6.5,24.8,1040.0,4.6,32.5,4.2,,,
2022-08-07,3410.0,5.1,25.7,1130.0,0.2,25.8,1.4,,,
2022-08-08,3230.0,0.4,27.3,982.0,0.4,23.2,0.2,,,
2022-08-09,3270.0,0.0,28.4,993.0,0.4,22.1,0.3,,,
2022-08-10,3790.0,19.3,25.2,1030.0,6.8,36.5,7.7,,,
2022-08-11,5300.0,8.4,24.6,2130.0,3.3,128.0,3.4,,,
2022-08-12,4680.0,0.3,23.9,1970.0,0.1,70.1,0.4,,,
2022-08-13,5120.0,0.0,21.5,1410.0,0.0,26.0,0.0,,,
2022-08-14,4430.0,0.2,22.0,1320.0,0.7,19.7,1.6,,,
2022-08-15,3800.0,9.0,20.7,1070.0,7.7,19.7,26.0,,,
2022-08-16,3270.0,0.1,21.3,1020.0,1.0,25.0,1.1,,,
2022-08-17,2840.0,1.3,21.3,1020.0,0.1,23.9,0.0,,,
2022-08-18,2860.0,0.0,21.7,966.0,0.0,27.7,0.0,,,
2022-08-19,2830.0,0.2,23.7,948.0,0.0,20.1,0.2,,,
2022-08-20,2720.0,0.3,24.0,972.0,0.0,18.1,0.0,,,
2022-08-21,2570.0,0.9,24.0,899.0,5.2,17.1,9.3,,,
2022-08-22,2630.0,16.4,22.7,886.0,3.7,17.6,13.4,,,
2022-08-23,2620.0,3.5,23.6,887.0,0.5,19.3,0.7,,,
2022-08-24,2830.0,0.0,24.2,853.0,0.0,18.4,0.0,,,
2022-08-25,2670.0,2.1,24.4,1130.0,0.6,16.6,0.7,,,
2022-08-26,2640.0,3.0,24.9,959.0,0.4,15.3,2.0,,,
2022-08-27,2460.0,0.6,25.0,863.0,3.1,15.2,1.6,,,
2022-08-28,2120.0,0.2,25.5,764.0,0.0,15.2,0.6,,,
2022-08-29,1820.0,0.3,26.1,720.0,0.1,14.8,0.5,,,
2022-08-30,1790.0,3.0,26.4,720.0,4.2,13.7,5.0,,,
2022-08-31,1940.0,0.1,24.0,816.0,0.0,17.0,0.0,,,
2022-09-01,2320.0,0.0,24.0,761.0,0.0,17.8,0.0,,,
2022-09-02,2390.0,0.0,24.0,693.0,0.0,14.4,0.0,,,
2022-09-03,2010.0,0.9,24.6,645.0,0.2,13.2,0.4,,,
2022-09-04,1820.0,0.3,25.3,665.0,0.2,12.6,0.1,,,
2022-09-05,1750.0,9.1,23.1,636.0,6.7,12.5,5.0,,,
2022-09-06,3900.0,33.2,23.6,795.0,10.3,188.0,10.6,,,
2022-09-07,5110.0,23.7,21.3,1400.0,9.7,98.9,29.4,,,
2022-09-08,5710.0,0.8,21.3,1510.0,1.9,39.0,1.6,,,
2022-09-09,7430.0,0.0,21.5,1540.0,0.0,24.5,0.1,,,
2022-09-10,7470.0,0.6,20.4,1320.0,0.4,20.4,0.0,,,
2022-09-11,7440.0,25.1,22.3,1080.0,10.9,20.1,16.9,,,
2022-09-12,5800.0,14.0,22.6,1130.0,6.2,41.2,8.1,,,
2022-09-13,6220.0,18.5,21.9,1310.0,5.3,151.0,4.7,,,
2022-09-14,5190.0,0.0,20.2,1320.0,0.0,41.8,0.0,,,
2022-09-15,4990.0,0.0,20.9,1110.0,0.0,26.3,0.0,,,
2022-09-16,4590.0,0.0,19.2,1100.0,0.0,21.8,0.0,,,
2022-09-17,4030.0,0.0,20.0,1020.0,0.0,19.6,0.0,,,
2022-09-18,3500.0,0.0,21.1,903.0,0.0,18.3,0.0,,,
2022-09-19,3080.0,0.0,23.3,832.0,0.2,18.1,0.9,,,
2022-09-20,2760.0,0.0,23.3,801.0,0.1,18.2,0.1,,,
2022-09-21,2460.0,0.0,22.1,758.0,0.0,16.8,0.0,,,
2022-09-22,2290.0,1.8,22.2,733.0,2.9,17.0,2.5,,,
2022-09-23,2200.0,0.0,15.3,681.0,0.0,16.6,0.0,,,
2022-09-24,2050.0,0.1,15.0,666.0,0.0,16.8,0.0,,,
2022-09-25,1960.0,7.6,17.8,608.0,3.5,16.8,6.6,,,
2022-09-26,1870.0,0.5,18.6,625.0,0.1,17.8,0.1,,,
2022-09-27,1910.0,0.0,17.5,622.0,0.0,18.1,0.0,,,
2022-09-28,1920.0,0.0,14.4,592.0,0.0,16.2,0.0,,,
2022-09-29,1980.0,0.0,15.0,580.0,0.0,15.2,0.0,,,
2022-09-30,2010.0,4.5,13.4,572.0,2.9,15.3,3.0,,,
2022-10-01,2510.0,18.3,14.4,685.0,36.1,28.7,41.8,,,
2022-10-02,2840.0,17.5,13.4,958.0,41.5,75.7,46.0,,,
2022-10-03,3640.0,8.5,9.9,1520.0,5.1,125.0,3.6,,,
2022-10-04,4850.0,7.0,10.0,1680.0,7.5,58.5,6.1,,,
2022-10-05,6200.0,4.2,12.4,1950.0,0.7,43.3,1.2,,,
2022-10-06,7080.0,0.0,15.8,1860.0,0.0,32.9,0.0,,,
2022-10-07,6350.0,0.0,17.3,1530.0,0.0,27.0,0.0,,,
2022-10-08,5170.0,1.1,12.5,1290.0,0.0,23.6,0.0,,,
2022-10-09,4230.0,0.0,10.3,1110.0,0.0,21.7,0.0,,,
2022-10-10,3620.0,0.0,11.6,975.0,0.0,21.0,0.0,,,
2022-10-11,3200.0,0.0,13.7,921.0,0.0,20.1,0.0,,,
2022-10-12,2900.0,0.0,14.7,874.0,0.0,20.0,0.0,,,
2022-10-13,2870.0,5.7,17.4,818.0,3.7,22.8,3.6,,,
2022-10-14,3030.0,9.6,14.4,813.0,3.0,31.0,2.0,,,
2022-10-15,2760.0,0.0,14.5,789.0,0.0,29.1,0.0,,,
2022-10-16,2590.0,0.0,15.4,741.0,0.0,25.4,0.0,,,
2022-10-17,2440.0,1.2,15.5,729.0,0.9,23.3,0.5,,,
2022-10-18,2390.0,0.0,9.3,734.0,0.0,21.7,0.0,,,
2022-10-19,2270.0,0.0,7.2,700.0,0.2,22.2,0.3,,,
2022-10-20,2140.0,0.0,8.4,673.0,0.0,22.5,0.0,,,
2022-10-21,2080.0,0.0,10.5,670.0,0.0,22.4,0.0,,,
2022-10-22,2010.0,0.0,11.7,673.0,0.0,21.6,0.0,,,
2022-10-23,1980.0,1.5,11.6,635.0,0.0,21.7,0.3,,,
2022-10-24,1950.0,14.5,14.1,647.0,0.0,23.6,0.2,,,
2022-10-25,1950.0,0.3,15.6,674.0,0.0,22.2,0.0,,,
2022-10-26,2000.0,0.1,15.4,653.0,1.1,23.8,2.9,,,
2022-10-27,1970.0,0.1,13.8,630.0,0.0,24.2,0.0,,,
2022-10-28,1930.0,0.0,10.2,623.0,0.0,23.5,0.0,,,
2022-10-29,1890.0,0.0,10.4,657.0,0.0,23.0,0.0,,,
2022-10-30,1860.0,0.0,9.0,607.0,0.0,22.8,0.0,,,
2022-10-31,1850.0,2.6,12.6,637.0,1.2,23.1,3.6,,,
2022-11-01,1910.0,8.6,16.4,640.0,1.4,26.1,0.4,,,
2022-11-02,1980.0,0.0,15.0,663.0,0.0,27.4,0.0,,,
2022-11-03,1940.0,0.1,13.6,648.0,0.0,25.5,0.0,,,
2022-11-04,1960.0,0.0,14.2,646.0,0.0,23.9,0.0,,,
2022-11-05,1940.0,0.0,18.6,626.0,0.0,24.7,0.0,,,
2022-11-06,1880.0,6.1,20.1,646.0,6.3,24.0,4.1,,,
2022-11-07,1920.0,0.0,19.9,625.0,0.0,24.8,0.0,,,
2022-11-08,1860.0,0.0,12.2,644.0,0.0,24.2,0.0,,,
2022-11-09,1820.0,0.0,8.8,628.0,0.0,23.7,0.0,,,
2022-11-10,1810.0,0.0,11.1,621.0,0.0,22.6,0.0,,,
2022-11-11,2220.0,23.4,16.3,705.0,19.8,51.9,19.5,,,
2022-11-12,3030.0,4.6,18.8,1330.0,5.0,147.0,4.4,,,
2022-11-13,4180.0,0.1,9.1,3040.0,0.1,63.5,0.0,,,
2022-11-14,13500.0,0.0,4.8,5240.0,0.0,34.3,0.0,,,
2022-11-15,14300.0,7.5,2.9,3730.0,7.6,30.2,9.0,,,
2022-11-16,13700.0,16.3,5.6,3380.0,6.9,286.0,8.7,,,
2022-11-17,11100.0,0.0,3.5,3440.0,0.0,103.0,0.0,,,
2022-11-18,11100.0,0.4,2.2,4300.0,0.1,57.9,0.2,,,
2022-11-19,11400.0,0.1,2.1,3420.0,0.0,43.6,0.0,,,
2022-11-20,9520.0,0.0,0.3,2770.0,0.0,37.9,0.0,,,
2022-11-21,7710.0,0.0,0.1,2320.0,0.0,32.5,0.0,,,
2022-11-22,6550.0,0.0,4.7,2050.0,0.0,30.1,0.0,,,
2022-11-23,5760.0,0.0,6.3,1770.0,0.0,28.9,0.0,,,
2022-11-24,5020.0,0.0,6.3,1640.0,0.0,28.2,0.0,,,
2022-11-25,4680.0,2.8,8.8,1520.0,0.0,28.7,0.2,,,
2022-11-26,4320.0,0.0,7.9,1420.0,0.0,28.1,0.0,,,
2022-11-27,4020.0,7.5,9.6,1340.0,6.3,27.4,4.0,,,
2022-11-28,3890.0,0.2,10.6,1280.0,0.2,28.4,0.1,,,
2022-11-29,3720.0,0.0,7.3,1240.0,0.0,26.9,0.0,,,
2022-11-30,3770.0,8.0,8.6,1190.0,6.7,26.3,8.6,,,
2022-12-01,3780.0,0.0,3.4,1170.0,0.0,28.6,0.0,,,
2022-12-02,3660.0,0.0,2.0,1110.0,0.0,25.4,0.0,,,
2022-12-03,3820.0,7.0,10.4,1090.0,3.1,26.8,6.1,,,
2022-12-04,3930.0,0.0,5.2,1070.0,0.0,35.1,0.0,,,
2022-12-05,3760.0,0.0,2.3,1020.0,0.0,30.3,0.0,,,
2022-12-06,3790.0,3.4,4.9,1020.0,4.1,27.4,4.1,,,
2022-12-07,3870.0,2.2,10.7,1030.0,6.8,27.9,7.4,,,
2022-12-08,3800.0,0.0,10.5,970.0,0.0,29.2,0.0,,,
2022-12-09,3740.0,0.1,6.1,967.0,0.0,28.7,0.0,,,
2022-12-10,3760.0,0.0,1.9,966.0,0.0,26.9,0.0,,,
2022-12-11,3840.0,0.2,5.0,939.0,0.4,25.8,0.9,,,
2022-12-12,3750.0,0.2,3.8,911.0,0.0,25.6,0.0,,,
2022-12-13,3690.0,0.0,1.0,924.0,0.0,24.9,0.0,,,
2022-12-14,3600.0,0.0,-0.2,915.0,0.0,24.7,0.0,,,
2022-12-15,5730.0,36.5,1.7,1040.0,37.7,441.0,36.9,,,
2022-12-16,15000.0,10.3,5.8,2430.0,7.8,645.0,7.9,,,
2022-12-17,22100.0,0.0,2.9,2810.0,0.0,179.0,0.0,,,
2022-12-18,21000.0,0.0,1.5,3190.0,0.0,105.0,0.3,,,
2022-12-19,17100.0,0.0,-0.1,2820.0,0.0,71.4,0.0,,,
2022-12-20,13300.0,0.0,-0.9,2500.0,0.0,54.7,0.0,,,
2022-12-21,10700.0,0.0,0.1,2200.0,0.0,47.3,0.0,,,
2022-12-22,10100.0,28.3,2.0,2220.0,24.8,418.0,30.2,,,
2022-12-23,32100.0,19.2,1.9,5360.0,30.8,2090.0,41.4,,,
2022-12-24,40200.0,0.0,-10.9,9410.0,0.0,360.0,0.0,,,
2022-12-25,32200.0,0.0,-6.8,9150.0,0.0,187.0,0.0,,,
2022-12-26,21800.0,0.0,-3.9,6250.0,0.0,140.0,0.0,,,
2022-12-27,16500.0,0.0,-1.3,4700.0,0.0,108.0,0.0,,,
2022-12-28,13700.0,0.0,0.8,3790.0,0.0,93.9,0.0,,,
2022-12-29,11900.0,0.0,3.6,3230.0,0.0,83.8,0.0,,,
2022-12-30,10700.0,0.0,7.0,2880.0,0.0,78.5,0.0,,,
2022-12-31,9760.0,5.2,11.2,2630.0,2.1,77.4,2.6,,,
2023-01-01,9710.0,6.3,11.4,2470.0,4.4,89.4,3.5,,,
2023-01-02,10000.0,0.0,10.6,2380.0,0.0,78.8,0.0,,,
2023-01-03,11300.0,0.5,13.6,2300.0,4.7,72.8,2.6,,,
2023-01-04,11900.0,3.6,15.4,2240.0,0.8,66.3,0.9,,,
2023-01-05,11600.0,0.8,13.3,2170.0,0.8,62.6,2.1,,,
2023-01-06,11500.0,0.2,7.8,2090.0,0.9,63.5,1.1,,,
2023-01-07,10500.0,0.0,4.4,2020.0,0.0,58.1,0.0,,,
2023-01-08,9460.0,0.0,1.9,1920.0,0.0,53.0,0.0,,,
2023-01-09,8570.0,1.1,3.5,1820.0,0.0,51.4,0.2,,,
2023-01-10,7860.0,0.0,2.8,1740.0,0.0,49.5,0.0,,,
2023-01-11,7300.0,0.0,1.9,1620.0,0.0,47.5,0.0,,,
2023-01-12,6860.0,2.2,5.9,1700.0,4.8,46.1,3.0,,,
2023-01-13,7030.0,8.1,9.1,1630.0,5.0,49.5,7.5,,,
2023-01-14,6750.0,0.0,1.5,1630.0,0.1,50.1,0.1,,,
2023-01-15,6460.0,0.0,0.3,1580.0,0.0,44.8,0.0,,,
2023-01-16,6290.0,0.0,2.1,1550.0,0.0,42.7,0.0,,,
2023-01-17,6000.0,4.1,5.0,1520.0,3.1,43.9,2.9,,,
2023-01-18,5770.0,0.0,8.0,1520.0,0.0,44.1,0.3,,,
2023-01-19,5630.0,6.4,5.8,1510.0,7.3,43.5,6.0,,,
2023-01-20,5700.0,14.1,6.3,1510.0,0.0,47.2,0.1,,,
2023-01-21,5870.0,0.0,3.7,1460.0,0.3,45.0,0.1,,,
2023-01-22,6340.0,2.6,1.5,1430.0,1.1,43.2,1.4,,,
2023-01-23,6920.0,6.5,3.9,1420.0,7.5,63.2,7.5,,,
2023-01-24,7950.0,0.0,3.0,1370.0,0.0,74.9,0.0,,,
2023-01-25,9220.0,9.2,2.4,1430.0,4.4,62.1,4.4,,,
2023-01-26,9800.0,3.3,5.8,1420.0,0.4,84.0,1.6,,,
2023-01-27,10000.0,0.0,2.1,1490.0,0.0,73.0,0.0,,,
2023-01-28,9720.0,0.0,4.4,1600.0,0.0,67.8,0.0,,,
2023-01-29,9610.0,1.4,5.8,1780.0,0.8,63.4,0.9,,,
2023-01-30,9420.0,0.0,7.4,1730.0,0.0,60.5,0.0,,,
2023-01-31,9050.0,6.8,5.5,1700.0,1.9,59.2,2.5,,,
2023-02-01,8790.0,2.5,0.9,1680.0,1.8,58.7,1.9,,,
2023-02-02,8380.0,0.0,0.1,1630.0,0.0,56.1,0.0,,,
2023-02-03,8020.0,0.0,-0.7,1610.0,0.0,54.7,0.0,,,
2023-02-04,7760.0,0.0,-6.0,1610.0,0.0,46.3,0.0,,,
2023-02-05,7760.0,0.0,2.0,1580.0,0.0,47.1,0.0,,,
2023-02-06,7360.0,0.0,7.6,1550.0,0.0,48.0,0.1,,,
2023-02-07,6670.0,0.0,2.9,1510.0,0.0,47.3,0.0,,,
2023-02-08,6470.0,0.0,9.9,1470.0,0.0,45.7,0.0,,,
2023-02-09,6180.0,0.0,10.6,1430.0,0.0,44.4,0.0,,,
2023-02-10,5970.0,0.0,13.8,1420.0,0.0,44.8,0.0,,,
2023-02-11,5710.0,0.0,5.8,1350.0,0.0,42.2,0.0,,,
2023-02-12,5700.0,6.8,3.2,1380.0,0.2,41.7,0.6,,,
2023-02-13,7700.0,9.0,6.2,1500.0,6.3,103.0,9.1,,,
2023-02-14,6850.0,0.0,7.5,2050.0,0.0,71.8,0.0,,,
2023-02-15,6480.0,0.8,11.2,4150.0,0.0,52.7,0.5,,,
2023-02-16,8440.0,7.4,12.5,3960.0,16.3,61.6,15.5,,,
2023-02-17,11600.0,23.5,12.1,3970.0,8.6,306.0,9.1,,,
2023-02-18,12500.0,0.0,1.0,6220.0,0.0,194.0,0.0,,,
2023-02-19,13600.0,0.0,5.9,10200.0,0.0,123.0,0.0,,,
2023-02-20,17000.0,0.0,11.0,7860.0,0.0,102.0,0.0,,,
2023-02-21,16300.0,5.7,9.8,6090.0,0.4,90.6,1.4,,,
2023-02-22,13500.0,1.2,7.4,4990.0,3.0,80.9,2.8,,,
2023-02-23,11900.0,0.1,12.8,4220.0,0.0,75.1,0.2,,,
2023-02-24,10600.0,0.0,12.1,3760.0,0.0,69.6,0.0,,,
2023-02-25,10000.0,1.6,1.9,3420.0,1.4,63.1,1.9,,,
2023-02-26,9660.0,0.0,5.3,3030.0,0.0,58.2,0.0,,,
2023-02-27,8970.0,0.2,6.4,2790.0,1.2,56.1,1.8,,,
2023-02-28,8760.0,12.1,7.6,2760.0,9.5,68.7,9.0,,,
2023-03-01,9300.0,0.0,7.1,2830.0,0.0,64.1,0.0,,,
2023-03-02,17800.0,10.1,11.6,2700.0,7.0,55.1,4.6,,,
2023-03-03,18700.0,3.9,6.3,2570.0,5.5,54.1,4.5,,,
2023-03-04,20800.0,18.0,8.2,2710.0,19.2,312.0,19.6,,,
2023-03-05,35700.0,0.0,7.6,3120.0,0.0,144.0,0.0,,,
2023-03-06,32300.0,0.0,7.1,3340.0,0.0,99.3,0.0,,,
2023-03-07,25200.0,0.0,6.4,3450.0,0.0,86.2,0.0,,,
2023-03-08,20700.0,0.0,4.2,3180.0,0.0,73.0,0.0,,,
2023-03-09,17100.0,0.0,5.3,2940.0,0.0,65.6,0.0,,,
2023-03-10,14700.0,4.6,4.3,2720.0,4.7,65.0,5.7,,,
2023-03-11,13000.0,0.2,4.3,2550.0,0.6,64.9,0.2,,,
2023-03-12,11500.0,0.5,1.9,2390.0,1.0,58.6,1.1,,,
2023-03-13,10900.0,2.1,4.4,2320.0,1.3,59.1,1.5,,,
2023-03-14,10200.0,0.0,2.6,2230.0,0.3,56.6,0.5,,,
2023-03-15,9360.0,0.0,2.1,2130.0,0.0,50.1,0.0,,,
2023-03-16,8630.0,0.0,7.0,2020.0,0.0,46.4,0.0,,,
2023-03-17,8130.0,2.1,11.1,1890.0,3.2,47.9,3.0,,,
2023-03-18,7690.0,1.3,7.6,1860.0,4.8,46.5,3.8,,,
2023-03-19,7240.0,0.0,1.2,1770.0,0.0,43.7,0.0,,,
2023-03-20,6870.0,0.0,2.1,1670.0,0.0,41.0,0.0,,,
2023-03-21,6560.0,0.0,6.2,1600.0,0.0,40.2,0.0,,,
2023-03-22,6400.0,0.1,11.0,1580.0,0.2,39.1,0.2,,,
2023-03-23,6230.0,0.8,13.8,1530.0,3.7,39.1,5.0,,,
2023-03-24,6380.0,21.6,13.2,1550.0,14.9,43.7,16.2,,,
2023-03-25,7550.0,13.2,8.8,1650.0,7.7,79.3,7.6,,,
2023-03-26,9920.0,7.0,11.9,2000.0,0.1,74.5,0.1,,,
2023-03-27,17100.0,0.3,11.4,2150.0,4.0,53.9,3.5,,,
2023-03-28,18000.0,0.0,10.0,2130.0,0.0,48.6,0.1,,,
2023-03-29,15300.0,0.1,8.5,2040.0,0.5,45.6,0.3,,,
2023-03-30,12800.0,0.0,6.1,1890.0,0.0,42.1,0.0,,,
2023-03-31,11000.0,0.1,8.2,1800.0,0.9,40.3,1.0,,,
2023-04-01,9980.0,17.1,16.9,1750.0,1.1,42.1,1.8,,,
2023-04-02,9230.0,0.2,8.6,1750.0,0.3,41.7,0.2,,,
2023-04-03,8630.0,0.0,10.4,1740.0,0.0,39.1,0.0,,,
2023-04-04,8290.0,0.0,17.4,1810.0,0.0,38.0,0.0,,,
2023-04-05,8520.0,0.0,20.8,1790.0,0.3,36.3,0.4,,,
2023-04-06,8610.0,14.6,22.5,1760.0,1.7,35.5,1.5,,,
2023-04-07,8210.0,0.3,12.6,1770.0,0.2,34.8,0.2,,,
2023-04-08,7740.0,0.0,8.5,1690.0,0.0,33.2,0.0,,,
2023-04-09,7300.0,0.0,8.3,1610.0,0.0,32.1,0.0,,,
2023-04-10,6930.0,0.0,9.8,1550.0,0.0,31.8,0.0,,,
2023-04-11,6460.0,0.0,13.1,1500.0,0.0,31.4,0.0,,,
2023-04-12,6100.0,0.0,18.8,1440.0,0.0,31.1,0.0,,,
2023-04-13,5770.0,0.0,21.1,1390.0,0.0,30.3,0.0,,,
2023-04-14,5530.0,0.0,21.0,1330.0,0.0,29.8,0.0,,,
2023-04-15,5440.0,5.3,19.0,1320.0,6.5,29.9,8.4,,,
2023-04-16,5250.0,0.0,19.7,1300.0,0.0,30.8,0.0,,,
2023-04-17,5660.0,2.2,16.8,1310.0,2.6,30.4,3.3,,,
2023-04-18,5400.0,0.0,13.6,1270.0,0.0,29.4,0.0,,,
2023-04-19,5270.0,0.0,13.0,1250.0,0.0,28.8,0.0,,,
2023-04-20,5040.0,0.0,18.3,1200.0,0.0,29.0,0.0,,,
2023-04-21,4640.0,0.0,21.4,1110.0,0.0,28.2,0.0,,,
2023-04-22,4620.0,17.5,18.7,1160.0,17.7,29.3,23.3,,,
2023-04-23,4790.0,1.1,13.2,1170.0,0.4,32.9,0.5,,,
2023-04-24,4510.0,0.0,9.9,1120.0,0.0,30.9,0.0,,,
2023-04-25,4430.0,0.0,10.1,1070.0,0.0,29.1,0.0,,,
2023-04-26,4190.0,0.7,11.7,1070.0,0.0,28.6,0.1,,,
2023-04-27,4070.0,0.5,13.7,1040.0,0.0,28.7,0.0,,,
2023-04-28,4630.0,37.1,11.9,1130.0,30.7,52.9,35.0,,,
2023-04-29,7180.0,6.3,13.6,1670.0,3.7,177.0,7.5,,,
2023-04-30,10600.0,14.3,15.0,3500.0,47.1,302.0,26.7,,,
2023-05-01,21100.0,1.7,11.8,5790.0,3.1,264.0,1.8,,,
2023-05-02,27300.0,3.6,9.7,5230.0,4.3,125.0,4.4,,,
2023-05-03,25800.0,2.9,8.5,4690.0,1.1,86.1,2.2,,,
2023-05-04,20600.0,1.8,9.5,3850.0,3.7,66.3,2.6,,,
2023-05-05,17700.0,0.1,12.1,3220.0,0.0,56.4,0.0,,,
2023-05-06,17700.0,0.0,14.2,2720.0,0.0,46.2,0.0,,,
2023-05-07,16500.0,0.8,16.3,2350.0,1.5,39.8,1.7,,,
2023-05-08,14100.0,0.8,19.1,2090.0,1.7,38.8,3.4,,,
2023-05-09,12100.0,4.3,16.3,1970.0,12.4,38.3,6.5,,,
2023-05-10,11300.0,0.0,14.7,2290.0,0.0,39.5,0.0,,,
2023-05-11,12100.0,0.0,17.4,2510.0,0.0,33.5,0.0,,,
2023-05-12,18800.0,0.0,20.6,2250.0,0.0,30.0,0.0,,,
2023-05-13,15600.0,10.1,19.7,1980.0,5.7,30.2,7.2,,,
2023-05-14,12900.0,0.0,18.3,1760.0,0.3,29.9,0.2,,,
2023-05-15,11000.0,0.0,16.8,1640.0,0.0,26.7,0.0,,,
2023-05-16,9620.0,1.4,18.4,1530.0,0.6,24.4,0.6,,,
2023-05-17,9430.0,0.6,18.5,1460.0,0.0,23.9,0.0,,,
2023-05-18,8360.0,0.0,14.5,1380.0,0.0,22.0,0.0,,,
2023-05-19,7550.0,0.1,16.6,1270.0,0.0,20.7,0.0,,,
2023-05-20,6630.0,0.0,18.7,1250.0,1.6,20.7,1.0,,,
2023-05-21,6080.0,1.9,18.8,1260.0,0.2,21.7,0.5,,,
2023-05-22,5370.0,0.0,19.9,1210.0,0.0,20.0,0.0,,,
2023-05-23,4940.0,0.0,18.9,1090.0,0.0,18.6,0.0,,,
2023-05-24,4560.0,0.0,18.8,1020.0,0.0,17.3,0.0,,,
2023-05-25,4200.0,0.0,17.3,955.0,0.0,17.0,0.0,,,
2023-05-26,3920.0,0.0,16.4,895.0,0.0,16.2,0.0,,,
2023-05-27,3690.0,0.0,17.8,833.0,0.0,15.4,0.0,,,
2023-05-28,3920.0,0.5,16.7,827.0,0.0,15.4,0.0,,,
2023-05-29,3910.0,8.1,18.8,813.0,24.5,15.0,4.0,,,
2023-05-30,3470.0,0.2,18.2,828.0,0.5,15.4,0.1,,,
2023-05-31,3130.0,0.0,17.9,867.0,0.0,15.1,0.0,,,
2023-06-01,3020.0,0.0,20.3,831.0,0.0,14.6,0.0,,,
2023-06-02,2840.0,0.0,23.9,891.0,0.0,14.0,0.0,,,
2023-06-03,2510.0,0.4,24.2,902.0,1.3,14.4,1.3,,,
2023-06-04,2450.0,1.1,18.3,833.0,1.3,13.9,2.5,,,
2023-06-05,2350.0,0.0,19.1,775.0,0.0,13.6,0.0,,,
2023-06-06,2140.0,0.0,21.0,737.0,0.0,12.5,0.0,,,
2023-06-07,2090.0,0.0,21.2,706.0,0.0,12.4,0.0,,,
2023-06-08,2160.0,0.0,19.3,657.0,0.0,12.1,0.0,,,
2023-06-09,1910.0,3.5,17.4,671.0,3.4,12.0,6.1,,,
2023-06-10,1840.0,0.0,20.6,632.0,0.0,11.7,0.0,,,
2023-06-11,1740.0,0.0,24.0,608.0,0.0,11.4,0.0,,,
2023-06-12,1700.0,9.8,22.4,601.0,12.6,11.6,15.3,,,
2023-06-13,1810.0,0.0,19.8,613.0,0.0,12.9,0.0,,,
2023-06-14,1760.0,0.4,20.5,607.0,1.5,13.7,3.4,,,
2023-06-15,1770.0,0.0,20.6,592.0,0.0,12.1,0.0,,,
2023-06-16,1800.0,7.4,20.5,584.0,8.0,11.6,7.4,,,
2023-06-17,1860.0,1.2,20.7,594.0,2.6,11.1,1.6,,,
2023-06-18,1840.0,0.0,22.5,574.0,0.0,10.9,0.0,,,
2023-06-19,1840.0,0.5,23.6,554.0,0.4,11.1,0.2,,,
2023-06-20,2120.0,9.5,21.4,608.0,24.2,16.7,23.5,,,
2023-06-21,2510.0,13.0,17.5,542.0,5.5,16.4,6.9,,,
2023-06-22,2430.0,4.4,16.5,598.0,9.7,16.8,10.6,,,
2023-06-23,3170.0,16.0,19.8,773.0,12.6,20.1,8.9,,,
2023-06-24,3110.0,25.7,22.1,1130.0,6.8,20.0,20.9,,,
2023-06-25,3030.0,8.5,23.1,1930.0,0.9,15.6,2.0,,,
2023-06-26,3600.0,1.3,24.3,3130.0,22.5,12.6,14.7,,,
2023-06-27,5980.0,37.8,22.0,2890.0,4.8,11.4,23.9,,,
2023-06-28,6580.0,0.6,21.8,2410.0,0.3,10.7,0.4,,,
2023-06-29,5310.0,0.0,22.2,2120.0,0.0,10.6,0.0,,,
2023-06-30,4670.0,0.1,23.6,1890.0,0.0,9.99,0.0,,,
2023-07-01,4500.0,8.5,22.9,1610.0,6.0,9.62,6.5,,,
2023-07-02,4060.0,3.2,24.0,1410.0,8.3,10.6,2.2,,,
2023-07-03,3580.0,2.7,25.6,1260.0,4.1,15.8,5.0,,,
2023-07-04,3990.0,18.7,24.9,1390.0,5.5,21.4,6.0,,,
2023-07-05,3830.0,0.4,26.3,1420.0,1.2,14.4,0.7,,,
2023-07-06,3910.0,1.5,26.1,1180.0,1.4,10.3,4.0,,,
2023-07-07,3740.0,4.6,25.4,1010.0,7.4,8.96,2.6,,,
2023-07-08,3000.0,6.1,24.9,968.0,0.3,10.0,1.4,,,
2023-07-09,2660.0,13.5,23.5,906.0,6.8,8.94,11.9,,,
2023-07-10,2820.0,0.5,23.4,1030.0,0.3,8.58,0.2,,,
2023-07-11,2610.0,0.0,24.8,934.0,0.0,7.78,0.0,,,
2023-07-12,2700.0,0.0,25.8,899.0,0.0,6.4,0.0,,,
2023-07-13,2620.0,0.6,26.6,847.0,1.0,5.96,0.8,,,
2023-07-14,2790.0,12.2,25.5,903.0,1.9,6.08,13.3,,,
2023-07-15,3600.0,0.9,24.8,805.0,2.5,10.4,3.3,,,
2023-07-16,2930.0,15.7,24.8,733.0,9.4,10.8,8.7,,,
2023-07-17,2290.0,0.1,26.4,758.0,0.2,8.15,0.2,,,
2023-07-18,1960.0,0.0,26.3,871.0,0.0,6.28,0.0,,,
2023-07-19,2540.0,1.0,25.4,1190.0,0.2,5.42,0.5,,,
2023-07-20,3210.0,0.6,25.2,1010.0,0.2,5.08,0.8,,,
2023-07-21,3450.0,2.2,25.0,927.0,3.2,5.65,3.7,,,
2023-07-22,2960.0,0.0,24.2,825.0,0.0,5.23,0.0,,,
2023-07-23,2430.0,0.4,24.1,746.0,0.0,5.17,0.0,,,
2023-07-24,2300.0,7.9,23.4,723.0,1.2,4.88,0.9,,,
2023-07-25,2000.0,11.2,23.4,712.0,1.6,4.62,1.2,,,
2023-07-26,1820.0,12.4,24.8,678.0,0.6,4.33,0.3,,,
2023-07-27,1680.0,0.2,28.4,748.0,6.5,5.9,2.6,,,
2023-07-28,1750.0,0.8,28.5,700.0,5.3,13.2,4.9,,,
2023-07-29,2120.0,1.3,28.0,610.0,0.0,10.2,0.0,,,
2023-07-30,1910.0,0.0,25.7,661.0,0.0,7.46,0.0,,,
2023-07-31,1410.0,4.0,24.0,664.0,2.7,6.21,2.7,,,
2023-08-01,1440.0,0.0,22.9,594.0,0.0,4.89,0.0,,,
2023-08-02,1350.0,0.0,22.8,542.0,0.0,3.95,0.0,,,
2023-08-03,1220.0,0.5,22.3,486.0,0.2,3.42,0.3,,,
2023-08-04,1170.0,1.3,21.4,477.0,0.0,3.52,0.0,,,
2023-08-05,1110.0,0.0,24.2,479.0,0.0,4.64,0.0,,,
2023-08-06,1250.0,0.6,25.1,469.0,3.0,3.9,2.9,,,
2023-08-07,2240.0,13.6,24.7,529.0,13.8,5.78,10.9,,,
2023-08-08,3480.0,0.7,24.1,558.0,0.1,9.17,0.4,,,
2023-08-09,2080.0,0.1,24.7,555.0,0.0,8.02,0.0,,,
2023-08-10,2430.0,12.9,22.3,566.0,7.4,5.55,7.8,,,
2023-08-11,2490.0,0.0,24.6,507.0,0.0,4.37,0.0,,,
2023-08-12,2070.0,0.4,25.8,522.0,0.6,3.7,0.5,,,
2023-08-13,1680.0,0.1,27.5,542.0,1.4,3.43,1.1,,,
2023-08-14,1430.0,5.6,25.2,487.0,0.7,3.22,1.5,,,
2023-08-15,1460.0,3.8,26.7,468.0,4.2,5.56,1.0,,,
2023-08-16,1580.0,0.3,24.3,498.0,0.0,4.32,0.0,,,
2023-08-17,1360.0,1.0,24.6,449.0,0.0,3.29,0.2,,,
2023-08-18,1270.0,1.9,24.4,434.0,0.1,2.48,0.5,,,
2023-08-19,1220.0,0.0,22.0,405.0,0.0,1.98,0.0,,,
2023-08-20,1130.0,0.0,23.5,393.0,0.0,1.57,0.0,,,
2023-08-21,1020.0,0.0,26.0,382.0,0.0,1.38,0.0,,,
2023-08-22,908.0,0.0,25.7,367.0,0.0,1.26,0.0,,,
2023-08-23,856.0,0.0,22.2,352.0,0.0,1.11,0.0,,,
2023-08-24,794.0,5.6,23.4,348.0,1.5,1.07,0.3,,,
2023-08-25,900.0,1.2,25.7,432.0,2.2,1.16,1.1,,,
2023-08-26,1240.0,3.3,26.3,368.0,0.1,1.87,1.8,,,
2023-08-27,851.0,0.2,26.0,350.0,0.1,2.43,0.2,,,
2023-08-30,729.0,0.2,24.7,340.0,1.6,1.58,2.2,,,
2023-08-31,599.0,0.0,22.3,347.0,0.0,1.4,0.0,,,
2023-09-01,706.0,0.0,20.8,344.0,0.0,1.26,0.0,,,
2023-09-02,810.0,0.0,21.7,336.0,0.0,1.11,0.0,,,
2023-09-03,772.0,0.0,26.2,328.0,0.0,1.1,0.0,,,
2023-09-04,646.0,0.1,29.0,324.0,0.0,1.04,0.0,,,
2023-09-05,560.0,0.0,29.8,327.0,0.0,0.97,0.0,,,
2023-09-06,522.0,0.0,29.5,307.0,0.0,0.96,0.0,,,
2023-09-07,450.0,2.4,27.1,312.0,1.4,0.82,1.7,,,
2023-09-08,748.0,13.0,25.4,320.0,0.3,0.83,0.3,,,
2023-09-09,1730.0,0.4,24.5,337.0,7.9,1.7,6.7,,,
2023-09-10,2300.0,9.1,21.8,352.0,13.2,4.52,7.8,,,
2023-09-11,2330.0,13.1,22.6,456.0,14.5,3.87,19.9,,,
2023-09-12,1600.0,0.9,23.2,432.0,0.1,3.98,0.3,,,
2023-09-13,2870.0,7.6,22.8,381.0,4.9,3.5,4.8,,,
2023-09-14,2320.0,0.0,21.3,417.0,0.0,2.67,0.0,,,
2023-09-15,1600.0,0.0,18.3,528.0,0.0,1.92,0.0,,,
2023-09-16,1230.0,0.0,18.8,463.0,0.0,1.73,0.0,,,
2023-09-17,1250.0,11.3,18.3,416.0,8.6,2.31,4.4,,,
2023-09-18,1170.0,2.9,19.0,415.0,1.7,2.62,1.8,,,
2023-09-19,1150.0,0.0,18.9,425.0,0.0,2.41,0.0,,,
2023-09-20,1230.0,0.0,18.3,436.0,0.0,2.17,0.0,,,
2023-09-21,1320.0,0.0,19.4,399.0,0.0,1.99,0.0,,,
2023-09-22,1530.0,0.0,18.0,390.0,0.0,2.04,0.0,,,
2023-09-23,2010.0,24.6,15.3,445.0,24.2,3.64,24.7,,,
2023-09-24,5510.0,26.3,17.3,775.0,35.5,15.9,32.6,,,
2023-09-25,4270.0,0.6,17.8,1610.0,0.6,16.8,1.3,,,
2023-09-26,3590.0,2.1,15.4,1160.0,3.2,10.0,3.3,,,
2023-09-27,4630.0,0.3,15.6,928.0,0.0,7.54,0.0,,,
2023-09-28,4410.0,0.0,15.2,954.0,0.0,6.34,0.0,,,
2023-09-29,3580.0,1.5,17.2,802.0,0.7,5.57,0.4,,,
2023-09-30,3000.0,0.0,18.9,714.0,0.0,5.16,0.0,,,
2023-10-01,2510.0,0.0,19.7,644.0,0.0,4.96,0.0,,,
2023-10-02,2050.0,0.0,20.7,607.0,0.0,4.97,0.0,,,
2023-10-03,1900.0,0.0,21.1,570.0,0.0,4.95,0.0,,,
2023-10-04,1750.0,0.0,20.4,534.0,0.0,4.7,0.0,,,
2023-10-05,1520.0,0.3,18.6,508.0,0.0,4.27,0.0,,,
2023-10-06,1470.0,1.2,20.1,491.0,1.4,4.01,2.1,,,
2023-10-07,1430.0,8.0,17.0,494.0,6.5,4.43,10.9,,,
2023-10-08,1500.0,0.0,12.3,495.0,0.0,5.02,0.0,,,
2023-10-09,1300.0,1.1,11.5,512.0,1.2,6.01,3.9,,,
2023-10-10,1360.0,0.3,12.6,491.0,0.3,4.92,0.5,,,
2023-10-11,1400.0,0.0,14.0,475.0,0.0,4.25,0.0,,,
2023-10-12,1330.0,0.0,14.8,483.0,0.0,3.94,0.0,,,
2023-10-13,1290.0,0.0,14.9,461.0,0.0,3.89,0.0,,,
2023-10-14,1320.0,6.9,13.6,462.0,8.2,4.05,6.0,,,
2023-10-15,1550.0,11.4,12.2,487.0,6.5,4.68,6.2,,,
2023-10-16,1410.0,0.0,10.8,527.0,0.0,4.68,0.0,,,
2023-10-17,1400.0,0.0,12.9,532.0,0.9,4.59,0.9,,,
2023-10-18,1590.0,0.0,11.7,503.0,0.0,4.7,0.0,,,
2023-10-19,1810.0,0.0,13.1,485.0,0.0,4.53,0.0,,,
2023-10-20,1720.0,1.5,15.1,471.0,4.1,4.7,2.9,,,
2023-10-21,1640.0,1.3,13.6,473.0,1.1,4.5,1.1,,,
2023-10-22,1460.0,0.4,12.2,469.0,0.4,4.81,0.4,,,
2023-10-23,1310.0,0.0,10.4,452.0,0.0,4.9,0.0,,,
2023-10-24,1230.0,0.0,11.3,438.0,0.0,4.87,0.0,,,
2023-10-25,1260.0,0.0,14.6,436.0,0.0,5.53,0.0,,,
2023-10-26,1180.0,0.0,17.2,439.0,0.0,6.05,0.0,,,
2023-10-27,1160.0,0.0,19.6,440.0,0.0,6.32,0.0,,,
2023-10-28,1170.0,0.0,20.8,442.0,0.1,7.5,0.0,,,
2023-10-29,1240.0,0.3,19.9,450.0,7.6,8.9,5.2,,,
2023-10-30,1070.0,2.1,16.7,434.0,0.7,8.69,0.5,,,
2023-10-31,1100.0,1.9,9.7,432.0,0.0,8.76,0.0,,,
2023-11-01,1090.0,0.0,5.7,421.0,0.0,8.23,0.0,,,
2023-11-02,1040.0,0.0,4.6,416.0,0.0,7.75,0.0,,,
2023-11-03,1040.0,0.0,6.5,415.0,0.0,8.29,0.0,,,
2023-11-04,1020.0,0.0,9.9,405.0,0.0,10.2,0.0,,,
2023-11-05,988.0,0.0,12.0,407.0,0.0,10.7,0.0,,,
2023-11-06,1020.0,0.0,11.0,413.0,0.0,10.6,0.0,,,
2023-11-07,904.0,0.0,15.9,418.0,0.0,10.7,0.0,,,
2023-11-08,996.0,0.0,12.7,429.0,0.0,10.6,0.0,,,
2023-11-09,1050.0,0.0,14.2,440.0,0.1,10.5,0.1,,,
2023-11-10,1040.0,8.0,10.5,448.0,7.0,10.2,7.1,,,
2023-11-11,1030.0,0.0,7.5,452.0,0.0,10.0,0.0,,,
2023-11-12,1140.0,0.0,6.6,473.0,0.0,10.5,0.0,,,
2023-11-13,1110.0,0.0,5.4,471.0,0.0,10.6,0.0,,,
2023-11-14,1090.0,0.0,8.6,475.0,0.0,11.6,0.0,,,
2023-11-15,1080.0,0.0,7.2,460.0,0.0,9.09,0.0,,,
2023-11-16,1060.0,0.0,10.5,451.0,0.0,7.57,0.0,,,
2023-11-17,1090.0,0.0,12.6,457.0,0.0,8.46,0.0,,,
2023-11-18,1090.0,2.6,12.6,453.0,4.1,8.62,3.0,,,
2023-11-19,1110.0,0.0,7.7,452.0,0.0,8.61,0.0,,,
2023-11-20,1090.0,0.0,6.3,451.0,0.0,8.08,0.0,,,
2023-11-21,1400.0,20.7,5.8,495.0,30.3,13.8,25.8,,,
2023-11-22,4060.0,28.2,10.9,695.0,30.1,108.0,30.7,,,
2023-11-23,4850.0,0.0,8.2,1510.0,0.0,27.3,0.0,,,
2023-11-24,10500.0,0.0,6.9,1290.0,0.0,13.1,0.0,,,
2023-11-25,9260.0,0.0,2.4,1580.0,0.0,9.53,0.0,,,
2023-11-26,6860.0,2.0,2.4,1200.0,0.0,8.31,0.1,,,
2023-11-27,5060.0,1.9,4.9,921.0,0.0,7.35,0.0,,,
2023-11-28,3970.0,0.0,0.7,776.0,0.0,7.0,0.0,,,
2023-11-29,3240.0,0.0,-2.1,681.0,0.0,6.87,0.0,,,
2023-11-30,2780.0,0.0,3.4,633.0,0.0,6.96,0.0,,,
2023-12-01,2510.0,5.0,5.8,584.0,3.0,6.8,2.8,,,
2023-12-02,2350.0,0.3,10.5,571.0,0.0,6.55,0.0,,,
2023-12-03,2610.0,22.1,11.6,599.0,11.3,7.88,10.4,,,
2023-12-04,2550.0,0.0,8.9,618.0,0.0,9.26,0.0,,,
2023-12-05,2330.0,0.0,5.0,646.0,0.0,9.62,0.0,,,
2023-12-06,2360.0,2.2,4.3,677.0,1.7,8.66,1.8,,,
2023-12-07,2340.0,0.0,2.5,744.0,0.0,8.18,0.0,,,
2023-12-08,2210.0,0.0,5.5,735.0,0.0,8.22,0.0,,,
2023-12-09,2270.0,0.0,6.6,687.0,0.0,7.92,0.0,,,
2023-12-10,2390.0,20.6,12.3,670.0,22.2,8.91,24.1,,,
2023-12-11,6070.0,32.7,5.0,800.0,17.0,79.1,17.6,,,
2023-12-12,5840.0,0.0,1.9,1270.0,0.0,44.0,0.0,,,
2023-12-13,6900.0,0.0,3.6,1370.0,0.0,18.0,0.0,,,
2023-12-14,7830.0,0.0,1.7,1650.0,0.0,13.3,0.0,,,
2023-12-15,6850.0,0.0,4.3,1400.0,0.0,11.3,0.0,,,
2023-12-16,5590.0,0.0,6.1,1130.0,0.0,10.2,0.0,,,
2023-12-17,5100.0,5.7,7.3,1060.0,4.9,10.6,4.9,,,
2023-12-18,17500.0,48.4,10.0,1610.0,35.1,554.0,42.3,,,
2023-12-19,21000.0,0.0,2.7,2680.0,0.1,115.0,0.0,,,
2023-12-20,18600.0,0.0,0.5,2590.0,0.0,44.8,0.0,,,
2023-12-21,13900.0,0.0,2.4,2480.0,0.0,29.2,0.0,,,
2023-12-22,10300.0,0.0,3.0,1880.0,0.0,23.1,0.0,,,
2023-12-23,7930.0,0.0,3.9,1560.0,0.1,20.3,0.0,,,
2023-12-24,6640.0,0.3,4.9,1380.0,0.2,18.5,0.3,,,
2023-12-25,5690.0,0.0,6.4,1230.0,0.0,17.5,0.0,,,
2023-12-26,5100.0,4.6,6.5,1150.0,2.9,17.3,3.2,,,
2023-12-27,5580.0,41.2,8.6,1180.0,10.1,24.9,9.5,,,
2023-12-28,7490.0,7.5,11.0,1270.0,0.7,76.8,0.3,,,
2023-12-29,7670.0,0.0,8.4,1410.0,0.0,49.3,0.0,,,
2023-12-30,10200.0,0.0,5.1,1450.0,0.0,32.9,0.0,,,
2023-12-31,10200.0,0.0,5.0,1510.0,0.0,26.1,0.0,,,
2024-01-01,8930.0,0.5,3.2,1540.0,0.4,22.7,0.1,,,
2024-01-02,7760.0,0.6,2.5,1500.0,0.0,20.7,0.4,,,
2024-01-03,6860.0,0.0,1.9,1340.0,0.0,19.4,0.0,,,
2024-01-04,6050.0,0.1,3.2,1260.0,0.3,18.7,0.2,,,
2024-01-05,5430.0,0.0,-0.9,1160.0,0.0,16.9,0.0,,,
2024-01-06,5480.0,16.3,0.2,1130.0,16.4,18.9,17.6,,,
2024-01-07,7410.0,2.1,2.9,1190.0,0.6,75.4,0.9,,,
2024-01-08,6380.0,0.0,4.2,1310.0,0.0,57.0,0.0,,,
2024-01-09,9460.0,27.5,4.3,1940.0,31.2,936.0,34.4,,,
2024-01-10,39000.0,17.4,8.7,7640.0,8.5,1480.0,9.1,,,
2024-01-11,68600.0,0.0,4.3,16900.0,0.0,205.0,0.0,,,
2024-01-12,52900.0,0.8,4.6,11200.0,2.6,92.2,2.3,,,
2024-01-13,40100.0,7.7,7.7,7420.0,15.0,312.0,12.5,,,
2024-01-14,37000.0,1.0,0.3,6160.0,0.4,165.0,0.5,,,
2024-01-15,33100.0,3.0,-3.1,6060.0,1.2,107.0,1.4,,,
2024-01-16,26400.0,5.3,-2.4,5100.0,5.8,94.7,6.9,,,
2024-01-17,20700.0,0.0,-7.4,4230.0,0.0,74.7,0.0,,,
2024-01-18,16700.0,0.0,-4.2,3550.0,0.0,72.3,0.0,,,
2024-01-19,14000.0,7.1,-1.5,3090.0,7.3,69.0,7.6,2.3000000000000003,,
2024-01-20,12300.0,0.0,-6.4,2710.0,0.0,64.2,0.0,0.4,,
2024-01-21,10400.0,0.0,-6.2,2550.0,0.0,60.9,0.0,0.0,0.0,
2024-01-22,9960.0,0.0,-5.1,2230.0,0.0,54.5,0.0,0.0,0.0,
2024-01-23,8970.0,0.0,0.0,2180.0,0.0,45.0,0.0,0.0,0.0,
2024-01-24,8000.0,0.2,4.1,2050.0,0.2,46.0,0.2,1.7999999999999998,1.5,
2024-01-25,8410.0,4.7,13.6,1940.0,6.3,71.6,6.0,6.8,7.9,19.4
2024-01-26,9860.0,3.4,17.5,2110.0,1.1,84.2,1.0,4.3,10.7,14.0
2024-01-27,11500.0,0.0,11.2,2050.0,0.0,70.5,0.0,0.0,0.0,3.6
2024-01-28,31500.0,33.9,6.3,3870.0,32.0,1210.0,32.1,39.9,10.7,27.900000000000002
2024-01-29,49100.0,2.3,5.1,12800.0,1.0,588.0,1.0,0.0,0.6,0.9
2024-01-30,66800.0,0.0,3.7,15300.0,0.0,269.0,0.0,0.0,0.0,0.0
2024-01-31,49400.0,0.2,3.4,9750.0,0.0,184.0,0.0,0.0,0.7000000000000001,0.0
2024-02-01,34600.0,0.0,3.9,7060.0,0.0,144.0,0.0,0.0,0.0,2.5
2024-02-02,26900.0,2.0,7.2,5610.0,1.0,119.0,0.4,1.8,0.0,0.0
2024-02-03,22300.0,0.0,4.0,4640.0,0.0,99.5,0.0,0.0,0.0,0.1
2024-02-04,18700.0,0.0,2.8,3960.0,0.0,86.6,0.0,0.0,0.0,0.0
2024-02-05,16000.0,0.0,2.9,3420.0,0.0,78.8,0.0,0.0,0.0,0.0
2024-02-06,13900.0,0.0,1.4,3050.0,0.0,74.5,0.0,0.0,0.0,0.0
2024-02-07,12500.0,0.0,1.9,2760.0,0.0,65.9,0.0,0.0,0.0,0.0
2024-02-08,11400.0,0.0,3.8,2530.0,0.0,62.7,0.0,0.0,0.0,0.0
2024-02-09,10400.0,0.0,7.5,2330.0,0.0,60.8,0.0,0.0,0.0,0.0
2024-02-10,9420.0,1.2,10.3,2190.0,0.7,58.2,0.8,0.0,3.4,0.0
2024-02-11,8890.0,5.0,10.5,2090.0,1.6,57.1,1.7,0.0,0.0,4.6000000000000005
2024-02-12,8370.0,0.6,8.4,2130.0,2.3,57.0,2.3,1.2000000000000002,0.1,2.6
2024-02-13,11300.0,26.6,5.3,2740.0,25.4,711.0,25.5,30.400000000000002,12.0,0.30000000000000004
2024-02-14,21000.0,0.0,2.8,7180.0,0.0,360.0,0.0,0.0,0.0,0.0
2024-02-15,37700.0,0.0,1.3,7750.0,0.0,179.0,0.0,0.0,0.0,0.0
2024-02-16,31900.0,0.0,4.7,6510.0,1.6,133.0,1.4,0.0,0.4,0.0
2024-02-17,24800.0,5.2,1.8,5350.0,6.2,117.0,6.1,6.1,8.5,1.0
2024-02-18,20700.0,0.0,-0.2,4580.0,0.0,103.0,0.0,0.0,0.0,0.0
2024-02-19,18100.0,0.0,1.8,3980.0,0.0,91.7,0.0,0.0,0.0,0.0
2024-02-20,16000.0,0.0,1.3,3550.0,0.0,80.1,0.0,0.0,0.0,0.0
2024-02-21,14300.0,0.0,1.5,3140.0,0.0,73.9,0.0,0.0,0.0,0.0
2024-02-22,13000.0,4.2,3.0,2860.0,5.9,72.2,5.4,0.0,3.6,0.0
2024-02-23,12500.0,1.7,7.1,2750.0,1.5,95.9,1.9,0.4,9.2,7.1
2024-02-24,14800.0,0.0,5.8,2550.0,0.4,87.4,0.8,0.0,0.0,7.299999999999999
2024-02-25,19000.0,0.0,0.8,2460.0,0.0,78.0,0.0,0.0,0.0,0.0
2024-02-26,17700.0,0.0,6.8,2380.0,0.0,70.4,0.0,0.0,0.6,3.2
2024-02-27,15900.0,0.6,11.0,2260.0,0.7,66.9,0.2,1.1,0.7,6.3
2024-02-28,14600.0,13.1,14.5,2170.0,11.8,67.8,17.7,10.1,7.800000000000001,6.0
2024-02-29,14000.0,2.0,3.5,2120.0,0.0,74.4,0.0,0.0,2.0,6.1
2024-03-01,14200.0,0.0,3.5,2120.0,0.0,64.6,0.0,0.0,0.0,0.0
2024-03-02,15500.0,17.4,6.8,2160.0,22.7,183.0,19.9,25.0,12.3,0.8
2024-03-03,19800.0,0.0,9.6,2380.0,0.2,204.0,0.0,0.0,0.0,0.1
2024-03-04,22400.0,0.0,11.6,2510.0,0.0,127.0,0.0,0.0,0.0,0.0
2024-03-05,21900.0,20.0,10.3,2820.0,9.8,205.0,10.1,11.9,4.6,0.0
2024-03-06,21000.0,11.8,9.5,2860.0,2.3,201.0,4.4,3.6999999999999997,10.0,0.0
2024-03-07,19200.0,2.8,12.3,2830.0,5.3,167.0,4.9,10.8,11.1,6.8
2024-03-08,17200.0,0.0,9.4,2750.0,0.0,136.0,0.0,0.0,0.0,2.3
2024-03-09,16800.0,26.4,7.2,2820.0,27.9,427.0,29.8,9.3,5.2,1.7
2024-03-10,32200.0,3.4,6.5,4870.0,3.1,768.0,3.6,10.4,9.3,2.1
2024-03-11,60500.0,0.0,5.0,6820.0,0.0,299.0,0.0,0.0,0.0,0.0
2024-03-12,47200.0,0.0,10.7,6830.0,0.0,218.0,0.0,0.0,0.0,0.0
2024-03-13,34700.0,0.0,13.7,5800.0,0.0,178.0,0.0,0.0,0.0,0.0
2024-03-14,27300.0,0.0,14.4,4840.0,0.0,146.0,0.0,0.0,0.0,0.0
2024-03-15,22800.0,0.8,17.3,4210.0,0.2,128.0,0.2,1.7999999999999998,0.0,0.0
2024-03-16,20100.0,0.6,11.9,3700.0,0.0,114.0,0.0,1.4,0.1,1.0
2024-03-17,18500.0,0.0,12.7,3320.0,0.0,102.0,0.1,0.0,0.0,2.2
2024-03-18,16500.0,0.0,7.1,3030.0,0.0,89.8,0.0,0.0,0.0,1.4000000000000001
2024-03-19,14700.0,0.0,3.9,2730.0,0.0,81.7,0.0,0.0,0.0,0.0
2024-03-20,13400.0,0.0,8.9,2470.0,0.0,76.8,0.0,0.0,0.0,0.0
2024-03-21,12000.0,0.0,3.3,2310.0,0.0,70.6,0.0,0.0,0.0,0.0
2024-03-22,10900.0,0.0,4.4,2180.0,0.0,67.2,0.0,0.0,0.0,0.9
2024-03-23,12300.0,46.2,8.0,2310.0,28.6,379.0,29.6,65.2,38.0,5.3
2024-03-24,15100.0,0.0,3.6,2770.0,0.0,255.0,0.0,0.0,0.0,0.0
2024-03-25,14700.0,0.0,5.2,3010.0,0.0,131.0,0.0,0.0,0.0,0.0
2024-03-26,13700.0,0.0,6.9,2980.0,0.0,107.0,0.0,0.0,0.0,0.0
2024-03-27,12900.0,11.4,7.3,2720.0,5.3,98.1,4.2,5.1,1.0,0.0
2024-03-28,12100.0,5.1,8.5,2550.0,1.8,94.2,1.0,8.600000000000001,20.2,1.6
2024-03-29,11200.0,0.0,8.4,2460.0,0.0,83.9,0.0,0.0,0.0,0.0
2024-03-30,10400.0,0.0,9.8,2360.0,1.4,76.8,1.5,0.0,5.5,1.4000000000000001
2024-03-31,9930.0,6.9,12.0,2260.0,4.9,77.7,2.5,4.7,0.4,0.0
2024-04-01,10200.0,4.3,11.2,2270.0,11.3,237.0,7.4,27.4,15.600000000000001,0.0
2024-04-02,14000.0,7.3,10.1,2260.0,7.3,322.0,7.9,17.4,12.6,4.7
2024-04-03,42400.0,24.7,9.4,2780.0,15.6,1130.0,20.9,24.599999999999998,31.1,12.6
2024-04-04,82800.0,10.4,7.7,4290.0,4.2,590.0,3.1,9.0,10.7,0.0
2024-04-05,81500.0,0.9,6.8,5270.0,1.3,371.0,2.4,0.4,0.0,0.0
2024-04-06,53500.0,0.1,6.5,5560.0,0.3,260.0,0.0,0.0,0.0,0.4
2024-04-07,38400.0,0.0,9.4,4850.0,0.0,207.0,0.0,0.0,0.0,0.0
2024-04-08,30100.0,0.0,11.6,4180.0,0.0,169.0,0.0,0.0,0.0,0.2
2024-04-09,25100.0,0.1,16.0,3680.0,0.0,146.0,0.0,4.0,2.6,0.0
2024-04-10,21700.0,3.1,17.7,3330.0,0.3,129.0,0.4,0.0,3.9,0.5
2024-04-11,18700.0,4.1,17.9,3050.0,3.6,115.0,7.7,1.1,2.8,2.4000000000000004
2024-04-12,17400.0,21.4,16.3,3140.0,20.2,147.0,20.9,8.0,11.8,2.0
2024-04-13,22300.0,0.2,13.1,4880.0,4.0,120.0,2.7,0.0,0.0,0.0
2024-04-14,32900.0,0.0,15.0,7760.0,0.0,94.2,0.0,0.0,0.2,0.6
2024-04-15,36200.0,0.0,20.0,6820.0,0.1,92.0,0.1,0.0,1.1,0.2
2024-04-16,29600.0,0.0,17.3,5370.0,0.0,84.0,0.0,0.4,0.0,0.0
2024-04-17,24100.0,13.6,15.5,4460.0,3.7,79.5,4.9,4.3,1.5,0.2
2024-04-18,20100.0,0.0,18.7,3810.0,0.4,77.6,0.4,0.0,3.0,0.0
2024-04-19,17000.0,2.9,12.1,3350.0,1.7,70.3,1.3,0.4,1.8,2.9
2024-04-20,15500.0,0.7,14.3,2950.0,0.5,69.0,0.7,1.1,1.9000000000000001,0.30000000000000004
2024-04-21,13900.0,0.0,9.9,2650.0,0.0,61.7,0.0,0.0,0.0,0.8
2024-04-22,12600.0,0.0,9.5,2390.0,0.0,57.2,0.0,0.0,0.0,0.0
2024-04-23,11500.0,0.0,12.4,2170.0,0.0,53.8,0.0,0.0,0.0,0.9
2024-04-24,10400.0,0.0,16.8,2010.0,0.1,52.8,0.2,0.7,0.30000000000000004,0.7000000000000001
2024-04-25,9400.0,0.0,12.0,1890.0,0.0,49.1,0.0,0.0,0.0,1.1
2024-04-26,8720.0,0.0,11.0,1780.0,0.0,46.3,0.0,0.0,0.0,0.0
2024-04-27,8250.0,1.7,11.3,1680.0,3.4,46.5,4.0,0.4,0.7,2.4
2024-04-28,7980.0,0.0,17.9,1660.0,0.1,50.3,0.1,0.0,0.1,1.5
2024-04-29,7720.0,0.2,22.8,1600.0,0.3,47.8,0.0,0.0,0.0,0.0
2024-04-30,7500.0,0.0,22.9,1500.0,1.6,43.8,2.4,0.0,0.0,0.2
2024-05-01,7400.0,1.1,21.0,1380.0,1.9,42.2,2.6,0.0,1.0,0.0
2024-05-02,6860.0,0.0,22.3,1390.0,0.0,39.5,0.0,0.0,0.0,0.5
2024-05-03,6380.0,0.0,20.8,1300.0,0.0,36.7,0.0,0.0,0.0,3.8000000000000003
2024-05-04,6560.0,12.5,11.7,1270.0,7.4,36.6,8.7,5.9,3.7,4.7
2024-05-05,6680.0,11.9,14.0,1390.0,10.0,50.7,11.2,14.8,18.9,0.9
2024-05-06,6730.0,7.0,19.2,2920.0,0.0,54.5,0.0,0.4,0.3,0.0
2024-05-07,8660.0,20.5,19.9,2660.0,2.4,44.4,3.3,8.3,7.6000000000000005,0.0
2024-05-08,8780.0,0.1,22.5,2630.0,0.1,41.0,0.3,0.7,0.5,1.4000000000000001
2024-05-09,8980.0,1.0,18.9,3380.0,1.1,37.5,0.6,1.1,9.5,0.5
2024-05-10,11100.0,6.3,14.2,2580.0,10.2,45.0,16.5,2.6,0.0,0.6000000000000001
2024-05-11,9880.0,1.2,12.2,2250.0,5.0,62.4,1.4,3.2,0.5,0.0
2024-05-12,11400.0,5.4,13.2,2120.0,5.8,107.0,3.2,10.799999999999999,1.9000000000000001,1.1
2024-05-13,12600.0,0.0,15.4,1960.0,0.0,74.8,0.0,0.0,0.0,0.0
2024-05-14,12800.0,2.2,16.7,1780.0,0.9,57.6,1.1,2.2,3.1999999999999997,0.0
2024-05-15,11700.0,11.5,16.5,1700.0,2.8,61.5,4.2,31.0,21.4,0.0
2024-05-16,10200.0,0.1,18.4,1620.0,0.0,63.3,0.0,0.7,0.0,0.0
2024-05-17,9540.0,0.5,17.7,1570.0,2.9,54.0,2.6,0.0,0.0,3.3
2024-05-18,8850.0,23.5,15.8,1590.0,13.1,57.5,14.5,10.8,6.9,2.8000000000000003
2024-05-19,8660.0,0.5,17.2,1830.0,0.1,64.8,0.3,0.0,8.799999999999999,0.9
2024-05-20,9470.0,0.0,18.5,4280.0,0.0,56.3,0.0,0.0,0.0,0.0
2024-05-21,13700.0,0.0,20.7,5000.0,0.0,50.0,0.0,0.0,0.0,0.0
2024-05-22,13000.0,0.0,22.2,3960.0,0.0,46.2,0.6,0.0,0.0,0.0
2024-05-23,10900.0,3.5,22.8,3240.0,2.5,46.2,3.9,0.4,2.4,0.6000000000000001
2024-05-24,9660.0,4.1,22.0,2780.0,0.4,62.8,0.2,62.0,7.8,0.2
2024-05-25,8340.0,0.2,23.4,2540.0,0.5,54.3,1.8,0.0,1.5,0.2
2024-05-26,8770.0,4.2,22.7,2420.0,3.5,87.9,4.3,13.0,0.3,0.0
2024-05-27,8460.0,4.9,22.3,2350.0,7.2,55.9,8.1,1.4,9.1,0.9
2024-05-28,9090.0,1.3,21.9,2110.0,0.0,51.6,0.4,0.0,12.200000000000001,0.30000000000000004
2024-05-29,7680.0,3.8,18.8,1840.0,2.1,50.1,3.1,3.6,1.8,0.9
2024-05-30,6890.0,0.2,17.1,1850.0,0.0,46.4,0.0,0.0,0.8,0.0
2024-05-31,6480.0,0.0,17.0,1610.0,0.0,41.7,0.0,0.0,0.0,0.0
2024-06-01,5750.0,0.0,19.2,1450.0,0.0,37.1,0.0,0.0,0.0,0.0
2024-06-02,5150.0,0.2,20.7,1300.0,0.4,35.2,0.0,0.0,11.5,0.0
2024-06-03,4720.0,1.1,22.3,1240.0,4.2,34.1,2.8,0.4,2.7,0.0
2024-06-04,4370.0,0.4,23.8,1160.0,1.5,33.3,0.5,0.0,0.0,0.4
2024-06-05,4260.0,21.5,21.6,1110.0,4.2,33.5,17.8,1.7999999999999998,2.1,0.0
2024-06-06,4450.0,3.0,24.0,1100.0,0.5,41.3,0.8,4.0,1.1,3.8
2024-06-07,4810.0,0.1,23.4,1230.0,0.9,36.9,0.6,0.0,0.0,0.0
2024-06-08,4750.0,0.0,21.9,1520.0,0.0,31.0,0.0,0.0,0.0,0.0
2024-06-09,5400.0,0.5,22.3,1280.0,0.1,27.8,0.1,0.0,0.4,0.7000000000000001
2024-06-10,4680.0,0.1,21.0,1170.0,0.0,26.8,0.0,0.0,0.0,0.4
2024-06-11,4080.0,7.9,18.7,994.0,0.7,26.0,3.7,2.0999999999999996,0.0,2.1
2024-06-12,3560.0,0.0,19.8,995.0,0.0,25.8,0.0,0.0,0.0,0.0
2024-06-13,3270.0,0.6,23.3,935.0,0.0,25.4,0.0,0.0,0.0,1.6
2024-06-14,3040.0,3.9,25.0,885.0,7.4,24.5,2.0,0.0,2.7,5.1
2024-06-15,3020.0,7.0,23.0,843.0,1.3,25.4,4.7,0.7,0.6000000000000001,0.6
2024-06-16,2900.0,0.0,23.0,814.0,0.0,25.4,0.0,0.0,0.0,0.0
2024-06-17,2830.0,0.0,25.3,764.0,0.1,23.0,0.1,0.0,0.0,0.0
2024-06-18,2660.0,0.0,26.7,730.0,0.0,21.2,0.0,0.0,0.0,1.2
2024-06-19,2460.0,0.0,25.8,694.0,0.0,20.1,0.0,0.0,0.0,0.2
2024-06-20,2310.0,0.0,25.6,684.0,0.0,19.3,0.0,0.0,0.0,0.30000000000000004
2024-06-21,2160.0,0.0,27.0,624.0,0.0,18.6,0.0,0.0,0.0,0.0
2024-06-22,1980.0,0.1,29.5,626.0,0.1,18.1,0.0,0.0,1.0,0.0
2024-06-23,1930.0,0.1,30.3,595.0,0.2,18.0,0.2,0.0,0.6,0.0
2024-06-24,1770.0,0.0,27.6,543.0,0.0,17.0,0.0,0.0,0.9,3.0
2024-06-25,1590.0,0.0,25.6,527.0,0.0,16.6,0.0,0.0,0.0,0.0
2024-06-26,1560.0,0.6,28.0,517.0,0.0,16.5,0.1,0.0,0.0,0.0
2024-06-27,1860.0,17.3,24.9,527.0,15.6,15.5,11.9,0.7,2.6,1.2000000000000002
2024-06-28,1440.0,0.0,23.7,553.0,0.0,14.8,0.0,0.0,0.0,0.0
2024-06-29,1550.0,0.1,25.4,511.0,0.4,14.4,0.1,0.0,2.3,0.0
2024-06-30,1660.0,7.3,28.0,569.0,1.7,18.6,2.2,6.1000000000000005,3.0,0.30000000000000004
2024-07-01,2840.0,0.9,21.6,558.0,0.0,17.0,0.0,0.0,0.1,1.3
2024-07-02,2410.0,0.0,22.1,554.0,0.0,16.7,0.0,0.0,0.0,0.0
2024-07-03,1970.0,0.0,23.8,491.0,0.0,16.0,0.0,0.0,0.0,0.0
2024-07-04,1700.0,9.6,25.7,481.0,4.6,15.3,6.6,0.4,11.4,0.6
2024-07-05,1770.0,0.1,27.9,494.0,0.5,15.1,0.7,0.0,0.8,8.7
2024-07-06,1620.0,0.0,30.2,465.0,0.0,15.2,0.0,1.1,10.0,4.6
2024-07-07,1600.0,0.0,29.6,470.0,0.0,15.2,0.0,0.0,1.2000000000000002,2.9
2024-07-08,1490.0,0.6,29.0,453.0,0.0,13.9,0.2,0.0,0.0,0.8
2024-07-09,1390.0,0.4,29.2,512.0,1.1,13.0,3.4,0.0,2.6,5.2
2024-07-10,1320.0,0.7,29.7,492.0,0.6,12.3,2.7,0.0,1.7000000000000002,0.7000000000000001
2024-07-11,1480.0,1.7,27.0,452.0,1.8,11.4,1.1,4.0,2.0,1.6
2024-07-12,1590.0,27.9,23.3,430.0,1.9,11.2,1.9,9.8,13.3,0.9
2024-07-13,2080.0,21.2,25.3,420.0,0.0,11.3,0.5,63.6,0.0,1.0
2024-07-14,1470.0,0.2,27.8,395.0,0.1,11.3,0.2,0.0,0.0,1.7
2024-07-15,1290.0,0.3,29.4,382.0,0.0,11.8,0.3,0.0,1.3,0.7000000000000001
2024-07-16,1450.0,0.0,29.9,368.0,0.1,11.6,0.6,0.0,3.3,3.6
2024-07-17,1160.0,2.2,28.4,361.0,9.0,17.9,5.9,6.200000000000001,0.39999999999999997,0.2
2024-07-18,1380.0,0.2,25.0,404.0,6.4,16.6,1.8,0.8,9.100000000000001,0.1
2024-07-19,1110.0,0.5,23.5,387.0,0.0,14.4,0.0,0.0,0.5,0.0
2024-07-20,1080.0,1.5,23.5,370.0,0.6,13.5,0.4,0.0,2.5,0.0
2024-07-21,1040.0,0.6,24.2,376.0,0.0,12.6,0.1,0.0,0.0,1.0
2024-07-22,1000.0,14.0,23.2,361.0,2.7,11.9,9.7,27.4,9.9,0.0
2024-07-23,1080.0,11.3,24.3,383.0,4.2,11.9,4.6,2.2,16.6,0.5
2024-07-24,1150.0,12.8,24.3,421.0,9.6,11.6,9.4,5.0,9.4,0.4
2024-07-25,2110.0,10.3,23.9,446.0,10.7,11.6,14.7,2.2,1.0,1.1
2024-07-26,1780.0,0.6,22.8,475.0,0.2,11.8,0.3,2.2,1.5,0.0
2024-07-27,1560.0,0.0,23.5,555.0,0.0,14.1,0.0,0.0,0.0,0.0
2024-07-28,1410.0,0.0,24.2,469.0,0.0,12.7,0.0,0.0,0.0,0.0
2024-07-29,1310.0,0.4,25.9,421.0,0.0,11.0,0.1,0.0,0.4,0.4
2024-07-30,1330.0,15.1,25.1,461.0,10.2,10.3,18.1,0.0,0.0,1.0
2024-07-31,1260.0,0.2,26.5,575.0,0.1,8.22,0.1,10.1,0.3,0.8999999999999999
2024-08-01,1210.0,1.3,27.6,733.0,0.5,5.81,0.6,0.0,0.30000000000000004,1.1
2024-08-02,1290.0,0.0,28.4,465.0,5.8,4.99,4.2,2.2,1.5,0.2
2024-08-03,1440.0,9.8,26.3,462.0,5.2,9.07,13.4,0.4,9.1,0.7000000000000001
2024-08-04,1660.0,4.8,24.8,474.0,2.2,28.3,1.6,0.4,6.1,0.0
2024-08-05,1560.0,0.0,26.7,406.0,0.0,25.6,0.0,0.0,1.5,0.0
2024-08-06,1330.0,0.4,27.6,449.0,0.4,18.6,0.5,0.0,0.0,0.5
2024-08-07,1430.0,5.9,25.5,483.0,11.5,93.4,12.2,0.0,2.1,0.7000000000000001
2024-08-08,3470.0,35.4,23.2,792.0,29.3,1040.0,34.4,25.3,7.1,0.8999999999999999
2024-08-09,9590.0,34.9,24.1,7570.0,44.2,1360.0,51.5,14.9,9.9,0.0
2024-08-10,44000.0,0.7,25.2,17100.0,0.2,279.0,0.2,0.0,1.8,9.1
2024-08-11,41800.0,0.0,23.1,9010.0,0.0,100.0,0.0,4.3,0.0,7.8
2024-08-12,20400.0,0.0,22.1,4580.0,0.0,70.1,0.0,0.0,0.0,0.0
2024-08-13,12800.0,0.0,22.1,2940.0,0.0,55.3,0.0,0.0,0.0,0.4
2024-08-14,8680.0,0.0,22.5,2160.0,0.0,44.7,0.0,0.0,0.1,0.0
2024-08-15,6500.0,0.0,23.1,1630.0,0.0,37.0,0.0,0.0,0.0,0.2
2024-08-16,5050.0,0.0,24.2,1450.0,0.0,31.4,0.0,0.0,0.0,3.1999999999999997
2024-08-17,4310.0,2.0,23.7,1220.0,1.3,28.5,4.4,0.7,0.0,0.4
2024-08-18,4760.0,10.1,23.4,1140.0,4.9,25.9,5.7,159.9,6.4,1.8
2024-08-19,4150.0,30.1,22.5,1060.0,11.8,22.2,5.1,0.0,0.3,4.7
2024-08-20,3270.0,0.3,20.0,1160.0,0.0,20.4,0.0,0.0,1.7000000000000002,0.0
2024-08-21,2930.0,0.0,17.8,1020.0,0.0,19.7,0.0,0.0,0.0,0.0
2024-08-22,2610.0,0.0,18.3,918.0,0.0,17.4,0.0,0.0,0.0,0.0
2024-08-23,2510.0,0.0,19.7,803.0,0.0,16.1,0.0,0.0,0.0,0.0
2024-08-24,2310.0,0.0,21.1,783.0,0.0,15.3,0.0,0.0,0.0,0.0
2024-08-25,2190.0,0.0,22.6,736.0,0.0,14.6,0.0,0.0,0.0,0.0
2024-08-26,2070.0,8.1,23.5,702.0,5.8,15.5,4.7,0.4,0.2,0.2
2024-08-27,2040.0,0.0,25.2,678.0,0.0,16.9,0.1,0.0,0.0,0.0
2024-08-28,1870.0,2.1,27.5,652.0,0.2,15.5,0.2,0.0,0.3,2.0
2024-08-29,1800.0,20.3,25.0,659.0,7.2,13.8,8.3,0.0,16.3,0.30000000000000004
2024-08-30,3080.0,17.1,22.4,736.0,4.4,18.5,7.7,19.8,0.2,0.0
2024-08-31,2910.0,0.2,23.3,680.0,0.2,17.9,0.5,0.0,0.4,0.0
2024-09-01,2750.0,2.6,23.3,742.0,8.6,19.1,10.4,5.1,1.3,0.2
2024-09-02,3250.0,0.1,22.2,880.0,0.0,18.5,0.0,0.0,0.0,0.0
2024-09-03,4010.0,0.0,18.3,860.0,0.0,15.4,0.0,0.0,0.0,0.0
2024-09-04,4030.0,0.0,17.6,786.0,0.0,13.0,0.0,0.0,0.0,0.0
2024-09-05,3370.0,0.0,18.7,837.0,0.0,12.1,0.0,0.0,0.0,0.0
2024-09-06,2970.0,0.0,19.9,786.0,0.0,11.9,0.0,0.0,0.0,0.0
2024-09-07,2560.0,0.4,19.0,686.0,3.2,11.1,6.1,1.1,3.4000000000000004,2.4
2024-09-08,2500.0,0.0,16.5,649.0,0.0,10.5,0.0,0.0,0.0,0.1
2024-09-09,2170.0,0.0,17.1,603.0,0.0,10.3,0.0,0.0,0.0,0.0
2024-09-10,1940.0,0.0,19.6,552.0,0.0,9.73,0.0,0.0,0.0,0.0
2024-09-11,1780.0,0.0,20.8,574.0,0.0,9.62,0.0,0.0,0.0,0.0
2024-09-12,1640.0,0.0,20.6,570.0,0.0,9.41,0.0,0.0,0.0,0.0
2024-09-13,1650.0,0.2,20.3,538.0,0.1,9.95,0.2,0.0,0.0,0.0
2024-09-14,1680.0,0.0,21.5,509.0,0.0,9.3,0.0,0.0,0.0,0.0
2024-09-15,1390.0,0.0,20.6,515.0,0.0,9.24,0.0,0.0,0.0,0.0
2024-09-16,1350.0,0.0,19.2,490.0,0.0,8.99,0.0,0.0,0.0,0.0
2024-09-17,1340.0,3.4,20.7,509.0,2.5,9.82,2.6,1.6,16.8,3.5
2024-09-18,1600.0,14.6,20.8,531.0,4.8,14.5,5.7,16.200000000000003,5.7,1.8
2024-09-19,1810.0,1.4,21.1,706.0,0.0,18.0,0.7,13.0,0.5,6.5
2024-09-20,1450.0,0.4,21.1,1020.0,0.0,15.2,0.0,0.0,0.0,0.5
2024-09-21,1730.0,2.4,21.4,2430.0,0.8,12.4,3.0,0.0,0.0,0.6000000000000001
2024-09-22,3200.0,11.3,20.1,1750.0,3.8,16.6,1.1,2.9,27.5,0.0
2024-09-23,2960.0,1.9,19.0,1430.0,2.4,20.6,3.0,0.0,0.6000000000000001,0.1
2024-09-24,2770.0,8.4,17.9,1390.0,1.5,20.7,2.2,7.9,3.7,0.0
2024-09-25,2780.0,7.4,19.2,1840.0,3.8,25.1,4.3,8.8,6.3,1.7000000000000002
2024-09-26,4850.0,3.7,21.5,1690.0,1.1,132.0,0.9,0.0,1.1,11.799999999999999
2024-09-27,5130.0,13.2,21.8,1860.0,12.5,78.1,10.9,0.4,0.4,7.699999999999999
2024-09-28,4350.0,3.9,23.5,6390.0,5.7,59.8,5.3,6.1,0.1,2.2
2024-09-29,8930.0,3.6,20.1,22100.0,5.0,47.8,8.8,0.0,9.1,0.0
2024-09-30,24300.0,10.3,18.1,15400.0,17.9,37.5,14.2,0.0,7.1,0.5
2024-10-01,17300.0,4.4,17.7,20100.0,6.4,50.4,6.7,3.1,2.6,0.0
2024-10-02,31100.0,0.8,17.9,29200.0,3.6,48.9,2.6,0.4,1.5,1.6
2024-10-03,38100.0,0.5,18.1,19700.0,0.0,43.4,0.0,0.4,0.0,0.0
2024-10-04,29200.0,1.3,19.9,13500.0,0.3,34.0,0.6,3.2,0.0,0.0
2024-10-05,21700.0,1.3,19.6,9560.0,0.3,28.2,0.7,0.0,0.0,0.0
2024-10-06,16100.0,0.0,17.1,7400.0,0.0,25.0,0.0,0.0,0.0,0.0
2024-10-07,12500.0,0.3,18.8,5640.0,3.2,22.7,0.8,0.0,0.0,5.6
2024-10-08,9900.0,0.0,14.6,4540.0,0.0,21.1,0.0,0.0,0.0,0.0
2024-10-09,8160.0,0.0,14.4,3820.0,0.0,19.9,0.0,0.0,0.0,0.0
2024-10-10,6920.0,0.0,12.4,3260.0,0.0,17.7,0.0,0.0,0.0,0.0
2024-10-11,5990.0,0.0,12.1,2860.0,0.0,15.9,0.0,0.0,0.0,0.0
2024-10-12,5290.0,0.0,16.2,2490.0,0.0,14.7,0.0,0.0,0.0,0.0
2024-10-13,4650.0,0.0,18.5,2290.0,0.0,14.0,0.0,0.0,0.0,0.0
2024-10-14,4110.0,0.0,17.5,2040.0,0.1,12.3,0.2,0.0,0.0,0.0
2024-10-15,3770.0,0.0,10.3,1900.0,0.2,11.8,0.3,0.0,0.0,0.0
2024-10-16,3480.0,0.0,8.7,1780.0,0.0,11.7,0.0,0.0,0.0,0.0
2024-10-17,3210.0,0.0,9.1,1670.0,0.0,11.3,0.0,0.0,0.0,1.1
2024-10-18,3080.0,0.0,11.1,1610.0,0.0,11.2,0.0,0.0,0.0,0.0
2024-10-19,2910.0,0.0,12.7,1540.0,0.0,11.1,0.0,0.0,0.0,0.0
2024-10-20,2850.0,0.0,13.1,1480.0,0.0,11.0,0.0,0.0,0.0,0.0
2024-10-21,2650.0,0.0,14.9,1410.0,0.0,11.0,0.0,0.0,0.0,0.0
2024-10-22,2610.0,0.0,16.8,1360.0,0.0,10.9,0.0,0.0,0.0,0.0
2024-10-23,2520.0,0.0,16.4,1310.0,0.0,10.9,0.0,0.0,0.0,0.0
2024-10-24,2370.0,0.0,16.1,1250.0,0.0,10.9,0.0,0.0,0.0,0.7000000000000001
2024-10-25,2310.0,0.0,11.7,1190.0,0.0,10.9,0.0,0.0,0.0,0.0
2024-10-26,2230.0,0.0,14.9,1200.0,0.0,10.8,0.0,0.0,0.2,0.0
2024-10-27,2170.0,0.0,10.0,1120.0,0.0,10.8,0.0,0.0,0.0,0.0
2024-10-28,2060.0,0.0,9.6,1080.0,0.0,10.8,0.0,0.0,0.0,0.0
2024-10-29,1970.0,0.0,11.4,1110.0,0.0,10.8,0.0,0.0,0.0,0.0
2024-10-30,2040.0,0.0,15.7,1070.0,0.0,10.9,0.0,0.0,0.0,0.0
2024-10-31,1950.0,0.0,19.4,1050.0,0.0,11.1,0.0,0.0,0.0,0.0
2024-11-01,1940.0,0.0,21.0,1020.0,0.5,11.5,1.0,0.7,0.0,0.0
2024-11-02,1920.0,0.0,13.0,1020.0,0.0,11.8,0.0,0.0,0.0,0.0
2024-11-03,1910.0,0.0,9.6,985.0,0.0,12.7,0.0,0.0,0.0,0.0
2024-11-04,1860.0,0.0,9.8,975.0,0.0,13.0,0.0,0.0,0.0,0.0
2024-11-05,1850.0,0.0,14.9,961.0,0.0,12.5,0.0,0.0,0.0,0.0
2024-11-06,1840.0,0.0,19.9,950.0,0.0,12.7,0.0,0.0,0.0,0.0
2024-11-07,1830.0,0.0,20.7,944.0,0.0,12.6,0.0,0.0,0.6000000000000001,0.0
2024-11-08,1760.0,0.0,16.2,942.0,0.0,12.3,0.0,0.0,0.30000000000000004,0.0
2024-11-09,1770.0,0.0,12.2,939.0,0.0,11.4,0.0,0.0,0.0,0.0
2024-11-10,1750.0,0.0,8.7,903.0,0.8,14.0,0.6,0.4,9.0,2.6
2024-11-11,1900.0,8.3,15.8,911.0,5.8,11.0,2.3,8.4,5.7,0.6000000000000001
2024-11-12,1830.0,0.0,12.4,904.0,0.0,12.5,0.0,0.0,0.0,0.0
2024-11-13,1840.0,0.0,5.5,872.0,0.0,12.8,0.0,0.0,0.0,0.0
2024-11-14,1830.0,3.1,5.7,855.0,5.8,12.0,5.2,5.1000000000000005,2.0,0.9
2024-11-15,1930.0,5.7,8.7,920.0,4.0,14.2,4.7,4.1,4.9,0.0
2024-11-16,1880.0,0.0,11.3,1000.0,0.0,18.0,0.0,0.0,0.0,0.0
2024-11-17,2010.0,0.0,7.9,1060.0,0.0,16.9,0.0,0.0,0.0,0.0
2024-11-18,2040.0,0.0,10.9,1090.0,0.0,14.5,0.0,0.0,0.0,0.0
2024-11-19,2010.0,0.0,12.3,1110.0,0.0,23.4,0.0,0.0,0.5,0.0
2024-11-20,2140.0,11.8,12.6,1010.0,0.4,19.8,0.3,2.2,0.2,0.0
2024-11-21,2650.0,15.8,7.4,973.0,10.4,22.4,7.6,6.2,1.9,1.0
2024-11-22,2510.0,6.2,2.4,963.0,4.4,26.3,5.4,16.1,3.9,0.0
2024-11-23,2370.0,1.8,6.9,947.0,2.2,17.9,1.6,1.8,0.8,0.0
2024-11-24,2340.0,0.0,9.2,920.0,0.0,15.1,0.0,0.0,0.0,0.0
2024-11-25,2250.0,0.0,6.8,899.0,0.0,13.4,0.0,0.0,0.0,0.0
2024-11-26,2360.0,1.3,11.5,902.0,10.9,14.4,5.3,10.8,0.8999999999999999,0.0
2024-11-27,2340.0,0.0,6.9,871.0,0.0,14.7,0.0,0.0,0.0,2.5
2024-11-28,2450.0,4.2,8.7,879.0,6.5,17.4,7.4,6.4,11.5,10.2
2024-11-29,2570.0,0.0,4.4,839.0,0.1,20.7,0.1,0.4,0.0,0.5
2024-11-30,2650.0,0.0,-0.5,842.0,0.0,20.4,0.0,0.0,0.0,0.0
2024-12-01,3140.0,0.0,-0.6,851.0,0.0,17.2,0.0,0.0,0.0,0.30000000000000004
2024-12-02,3270.0,0.0,-0.7,807.0,0.0,14.7,0.0,0.0,0.0,0.0
2024-12-03,3030.0,0.0,-0.5,793.0,0.0,13.9,0.0,0.0,0.0,0.0
2024-12-04,2800.0,0.0,-0.3,781.0,0.0,13.2,0.0,0.0,0.0,0.0
2024-12-05,2640.0,1.0,2.4,782.0,1.0,12.7,0.8,2.6,0.2,0.0
2024-12-06,2420.0,0.0,-1.7,792.0,0.0,13.1,0.0,0.0,0.0,0.0
2024-12-07,2330.0,0.0,-0.7,738.0,0.0,13.1,0.0,0.0,0.0,1.5
2024-12-08,2220.0,0.0,5.9,758.0,0.0,12.6,0.0,0.0,0.0,0.2
2024-12-09,2070.0,1.9,7.5,781.0,5.6,12.9,5.6,2.2,10.8,4.1
2024-12-10,2080.0,0.3,8.7,776.0,0.0,13.2,0.0,2.9,0.0,0.4
2024-12-11,2970.0,38.5,12.3,877.0,36.9,50.2,29.3,31.7,22.5,1.4
2024-12-12,4320.0,0.2,2.2,1670.0,0.0,103.0,0.0,0.4,1.6,1.0
2024-12-13,6180.0,0.0,-0.7,2350.0,0.0,51.0,0.0,0.0,0.0,0.0
2024-12-14,7650.0,0.0,-1.0,2210.0,0.0,37.9,0.0,0.0,0.0,0.0
2024-12-15,7600.0,1.5,0.2,1990.0,6.2,33.6,5.6,2.5,0.0,0.0
2024-12-16,7650.0,14.3,4.2,1840.0,8.6,42.2,9.9,13.5,2.6999999999999997,0.6000000000000001
2024-12-17,6870.0,0.1,10.5,1840.0,0.4,54.6,0.0,12.0,0.0,0.0
2024-12-18,6480.0,2.3,6.9,1820.0,3.5,45.9,4.0,5.0,0.5,0.0
2024-12-19,6190.0,4.3,5.3,1780.0,1.7,40.2,3.6,2.6,3.6,11.5
2024-12-20,6400.0,1.0,1.7,1710.0,0.5,36.2,0.4,1.2000000000000002,0.0,0.0
2024-12-21,7080.0,0.1,0.5,1620.0,0.1,34.3,0.0,0.0,0.0,0.0
2024-12-22,6720.0,0.0,-3.2,1580.0,0.0,31.7,0.0,0.0,0.0,0.0
2024-12-23,6190.0,0.0,-4.2,1490.0,0.0,27.4,0.0,0.0,0.0,0.0
2024-12-24,5550.0,0.6,-0.4,1390.0,0.0,27.8,0.0,0.0,0.1,0.0
2024-12-25,5040.0,0.0,2.8,1340.0,0.0,27.4,0.0,0.0,0.0,0.0
2024-12-26,4720.0,0.0,1.5,1290.0,0.0,26.4,0.0,0.0,0.0,3.0
2024-12-27,4440.0,0.0,1.5,1240.0,0.0,25.8,0.0,0.0,0.0,0.0
2024-12-28,4400.0,18.3,6.9,1230.0,9.7,28.5,10.2,11.3,8.3,0.0
2024-12-29,4550.0,1.4,13.6,1210.0,11.3,35.0,10.5,4.1,10.8,0.0
2024-12-30,4510.0,0.5,12.6,1190.0,0.4,39.9,0.4,4.8,21.099999999999998,0.0
2024-12-31,4370.0,2.3,7.3,1230.0,0.1,38.0,0.1,0.0,0.8999999999999999,0.5
