date,Q_target,precip_target,temp_target,Q_09504000,precip_09504000,Q_09503700,precip_09503700
2000-01-01,208.0,0.6,6.4,84.0,1.9,24.0,1.9
2000-01-02,213.0,7.2,2.3,85.0,8.1,24.0,8.1
2000-01-03,214.0,0.0,0.6,84.0,0.0,24.0,0.0
2000-01-04,211.0,0.0,0.3,83.0,0.0,24.0,0.0
2000-01-05,212.0,0.0,3.6,84.0,0.0,24.0,0.0
2000-01-06,211.0,0.0,1.4,83.0,0.0,24.0,0.0
2000-01-07,207.0,0.0,0.9,83.0,0.0,24.0,0.0
2000-01-08,207.0,0.0,2.6,83.0,0.0,24.0,0.0
2000-01-09,207.0,0.0,3.8,83.0,0.0,24.0,0.0
2000-01-10,207.0,0.0,5.1,83.0,0.0,24.0,0.0
2000-01-11,208.0,0.0,5.9,83.0,0.0,24.0,0.0
2000-01-12,207.0,0.0,8.5,83.0,0.0,24.0,0.0
2000-01-13,205.0,0.0,8.4,82.0,0.0,24.0,0.0
2000-01-14,206.0,0.0,8.7,82.0,0.0,24.0,0.0
2000-01-15,204.0,0.0,11.0,82.0,0.0,24.0,0.0
2000-01-16,200.0,0.0,14.1,82.0,0.0,23.0,0.0
2000-01-17,200.0,0.0,13.9,82.0,0.0,24.0,0.0
2000-01-18,200.0,0.0,13.2,82.0,0.0,24.0,0.0
2000-01-19,195.0,0.0,13.7,82.0,0.0,24.0,0.0
2000-01-20,196.0,0.0,11.9,82.0,0.0,24.0,0.0
2000-01-21,203.0,0.0,12.5,82.0,0.1,24.0,0.1
2000-01-22,202.0,0.0,10.9,82.0,0.0,24.0,0.0
2000-01-23,202.0,0.0,10.3,82.0,0.0,24.0,0.0
2000-01-24,203.0,0.0,11.8,82.0,0.0,24.0,0.0
2000-01-25,204.0,0.0,11.6,82.0,0.0,24.0,0.0
2000-01-26,207.0,1.6,10.9,83.0,2.5,24.0,2.5
2000-01-27,207.0,0.6,6.0,82.0,0.0,24.0,0.0
2000-01-28,210.0,0.0,7.2,82.0,0.0,24.0,0.0
2000-01-29,211.0,0.0,4.6,81.0,0.0,23.0,0.0
2000-01-30,212.0,0.0,6.9,81.0,0.0,24.0,0.0
2000-01-31,212.0,0.0,8.3,82.0,0.0,24.0,0.0
2000-02-01,211.0,0.0,7.2,81.0,0.0,24.0,0.0
2000-02-02,210.0,0.0,6.8,81.0,0.0,24.0,0.0
2000-02-03,208.0,0.0,9.3,81.0,0.0,24.0,0.0
2000-02-04,207.0,0.0,11.5,81.0,0.0,24.0,0.0
2000-02-05,207.0,0.0,12.0,81.0,0.0,24.0,0.0
2000-02-06,206.0,0.0,11.3,81.0,0.0,24.0,0.0
2000-02-07,201.0,0.0,10.2,81.0,0.0,23.0,0.0
2000-02-08,200.0,0.0,11.4,81.0,0.0,24.0,0.0
2000-02-09,199.0,0.0,13.9,81.0,0.0,24.0,0.0
2000-02-10,198.0,0.0,12.8,81.0,0.0,23.0,0.0
2000-02-11,195.0,0.0,10.1,81.0,0.1,23.0,0.1
2000-02-12,197.0,2.5,8.2,81.0,2.7,23.0,2.7
2000-02-13,198.0,0.0,9.0,82.0,0.0,23.0,0.0
2000-02-14,197.0,0.0,10.6,81.0,0.0,23.0,0.0
2000-02-15,197.0,0.0,11.5,81.0,0.0,23.0,0.0
2000-02-16,196.0,0.3,13.2,81.0,0.3,23.0,0.3
2000-02-17,194.0,3.3,8.2,82.0,8.2,24.0,8.2
2000-02-18,185.0,0.0,7.2,82.0,0.0,23.0,0.0
2000-02-19,184.0,0.0,9.2,81.0,0.0,23.0,0.0
2000-02-20,182.0,0.5,12.7,80.0,0.3,23.0,0.3
2000-02-21,192.0,18.7,10.4,87.0,12.0,24.0,12.0
2000-02-22,205.0,11.5,7.5,84.0,10.0,24.0,10.0
2000-02-23,212.0,0.0,7.8,82.0,0.0,24.0,0.0
2000-02-24,212.0,4.2,8.1,81.0,5.4,24.0,5.4
2000-02-25,205.0,0.6,5.5,81.0,0.0,23.0,0.0
2000-02-26,203.0,0.0,5.8,80.0,0.0,23.0,0.0
2000-02-27,198.0,0.0,9.9,80.0,0.0,23.0,0.0
2000-02-28,193.0,0.6,9.1,80.0,1.7,23.0,1.7
2000-02-29,188.0,0.0,7.2,80.0,0.0,23.0,0.0
2000-03-01,187.0,1.7,8.9,81.0,2.3,23.0,2.3
2000-03-02,171.0,2.2,6.1,80.0,2.4,23.0,2.4
2000-03-03,165.0,0.0,10.4,80.0,0.0,23.0,0.0
2000-03-04,162.0,0.0,12.7,80.0,0.0,23.0,0.0
2000-03-05,176.0,10.6,7.4,83.0,7.5,24.0,7.5
2000-03-06,228.0,43.8,3.1,93.0,41.2,25.0,41.2
2000-03-07,276.0,12.8,1.6,89.0,11.3,24.0,11.3
2000-03-08,260.0,0.4,2.8,84.0,0.5,24.0,0.5
2000-03-09,230.0,1.0,5.0,82.0,1.7,23.0,1.7
2000-03-10,221.0,0.0,1.1,81.0,0.0,23.0,0.0
2000-03-11,216.0,0.0,3.7,79.0,0.0,23.0,0.0
2000-03-12,215.0,0.0,7.2,79.0,0.0,23.0,0.0
2000-03-13,215.0,0.0,10.3,79.0,0.0,23.0,0.0
2000-03-14,248.0,0.3,11.8,82.0,0.7,23.0,0.7
2000-03-15,244.0,0.2,14.1,110.0,0.0,23.0,0.0
2000-03-16,257.0,0.0,11.0,100.0,0.0,23.0,0.0
2000-03-17,261.0,0.0,13.8,86.0,0.0,23.0,0.0
2000-03-18,242.0,0.0,10.6,81.0,0.0,23.0,0.0
2000-03-19,209.0,0.0,10.6,80.0,0.0,23.0,0.0
2000-03-20,181.0,4.1,9.6,79.0,4.8,23.0,4.8
2000-03-21,189.0,5.4,3.8,79.0,3.9,23.0,3.9
2000-03-22,188.0,0.0,3.8,79.0,0.2,23.0,0.2
2000-03-23,181.0,0.0,8.8,79.0,0.0,23.0,0.0
2000-03-24,171.0,0.0,11.0,79.0,0.0,23.0,0.0
2000-03-25,193.0,0.0,12.4,79.0,0.0,23.0,0.0
2000-03-26,271.0,0.0,13.8,79.0,0.0,23.0,0.0
2000-03-27,268.0,0.0,15.2,79.0,0.0,23.0,0.0
2000-03-28,245.0,8.4,11.7,82.0,7.7,24.0,7.7
2000-03-29,336.0,0.0,11.6,87.0,1.1,23.0,1.1
2000-03-30,701.0,7.0,12.7,82.0,1.1,23.0,1.1
2000-03-31,427.0,5.8,8.1,81.0,3.7,23.0,3.7
2000-04-01,402.0,1.4,7.1,80.0,1.5,23.0,1.5
2000-04-02,341.0,0.0,9.4,78.0,0.0,23.0,0.0
2000-04-03,335.0,0.0,13.5,78.0,0.0,23.0,0.0
2000-04-04,304.0,0.0,15.8,78.0,0.0,23.0,0.0
2000-04-05,259.0,0.0,18.9,77.0,0.0,23.0,0.0
2000-04-06,208.0,0.0,18.5,76.0,0.0,23.0,0.0
2000-04-07,167.0,0.0,17.9,76.0,0.0,23.0,0.0
2000-04-08,147.0,0.0,18.3,76.0,0.0,23.0,0.0
2000-04-09,132.0,0.0,19.5,75.0,0.0,23.0,0.0
2000-04-10,129.0,0.0,18.3,76.0,0.0,23.0,0.0
2000-04-11,134.0,0.0,15.4,76.0,0.0,23.0,0.0
2000-04-12,119.0,0.0,16.9,76.0,0.0,23.0,0.0
2000-04-13,110.0,0.0,19.7,76.0,0.0,23.0,0.0
2000-04-14,115.0,0.0,18.4,76.0,0.0,23.0,0.0
2000-04-15,115.0,0.0,13.8,76.0,0.0,23.0,0.0
2000-04-16,115.0,0.0,15.5,76.0,0.0,23.0,0.0
2000-04-17,122.0,0.0,18.3,76.0,0.0,22.0,0.0
2000-04-18,117.0,1.2,14.9,76.0,1.9,23.0,1.9
2000-04-19,126.0,0.0,13.3,76.0,0.0,23.0,0.0
2000-04-20,130.0,0.0,16.5,75.0,0.0,23.0,0.0
2000-04-21,124.0,0.0,20.1,75.0,0.0,23.0,0.0
2000-04-22,123.0,0.5,15.9,75.0,0.9,23.0,0.9
2000-04-23,127.0,0.0,17.0,74.0,0.0,22.0,0.0
2000-04-24,127.0,0.0,19.1,74.0,0.0,22.0,0.0
2000-04-25,106.0,0.0,20.8,74.0,0.0,22.0,0.0
2000-04-26,97.0,0.0,22.6,74.0,0.0,22.0,0.0
2000-04-27,106.0,0.0,23.6,74.0,0.0,22.0,0.0
2000-04-28,98.0,0.0,23.7,74.0,0.0,22.0,0.0
2000-04-29,99.0,0.0,20.2,74.0,0.0,22.0,0.0
2000-04-30,95.0,0.0,17.5,73.0,0.0,22.0,0.0
2000-05-01,94.0,0.0,19.5,74.0,0.0,22.0,0.0
2000-05-02,96.0,0.0,22.1,73.0,0.0,22.0,0.0
2000-05-03,88.0,0.0,23.8,73.0,0.0,22.0,0.0
2000-05-04,93.0,0.0,23.8,73.0,0.0,22.0,0.0
2000-05-05,88.0,0.0,23.9,73.0,0.0,22.0,0.0
2000-05-06,83.0,0.0,23.0,73.0,0.0,22.0,0.0
2000-05-07,81.0,0.0,21.6,73.0,0.0,22.0,0.0
2000-05-08,84.0,0.0,21.7,72.0,0.0,22.0,0.0
2000-05-09,88.0,0.0,22.5,72.0,0.0,22.0,0.0
2000-05-10,87.0,0.0,23.1,72.0,0.0,21.0,0.0
2000-05-11,81.0,0.0,21.6,71.0,0.0,22.0,0.0
2000-05-12,74.0,0.0,16.1,71.0,0.0,22.0,0.0
2000-05-13,75.0,0.0,17.8,71.0,0.0,22.0,0.0
2000-05-14,81.0,0.0,22.2,71.0,0.0,22.0,0.0
2000-05-15,82.0,0.0,24.6,71.0,0.0,22.0,0.0
2000-05-16,81.0,0.0,21.1,71.0,0.0,22.0,0.0
2000-05-17,76.0,0.0,16.4,71.0,0.0,22.0,0.0
2000-05-18,79.0,0.0,19.0,72.0,0.0,22.0,0.0
2000-05-19,81.0,0.0,19.4,72.0,0.0,22.0,0.0
2000-05-20,83.0,0.0,22.9,71.0,0.0,22.0,0.0
2000-05-21,74.0,0.0,24.3,71.0,0.0,22.0,0.0
2000-05-22,67.0,0.0,26.4,70.0,0.0,22.0,0.0
2000-05-23,64.0,0.0,28.5,70.0,0.0,21.0,0.0
2000-05-24,52.0,0.0,27.9,70.0,0.0,21.0,0.0
2000-05-25,57.0,0.0,25.1,70.0,0.0,21.0,0.0
2000-05-26,53.0,0.0,23.4,70.0,0.0,21.0,0.0
2000-05-27,52.0,0.0,25.8,70.0,0.0,21.0,0.0
2000-05-28,58.0,0.0,28.9,69.0,0.0,21.0,0.0
2000-05-29,59.0,0.0,30.0,69.0,0.0,21.0,0.0
2000-05-30,51.0,0.0,29.5,69.0,0.0,21.0,0.0
2000-05-31,51.0,0.0,27.9,69.0,0.0,21.0,0.0
2000-06-01,52.0,0.0,27.5,69.0,0.0,21.0,0.0
2000-06-02,48.0,0.0,27.8,69.0,0.0,20.0,0.0
2000-06-03,52.0,0.0,27.6,69.0,0.0,20.0,0.0
2000-06-04,48.0,0.0,28.3,68.0,0.0,20.0,0.0
2000-06-05,51.0,0.0,29.6,68.0,0.0,20.0,0.0
2000-06-06,54.0,0.0,29.6,68.0,0.0,20.0,0.0
2000-06-07,58.0,0.0,30.1,68.0,0.0,20.0,0.0
2000-06-08,57.0,0.0,27.6,67.0,0.0,20.0,0.0
2000-06-09,56.0,0.0,23.8,68.0,0.0,20.0,0.0
2000-06-10,50.0,0.0,23.0,68.0,0.0,20.0,0.0
2000-06-11,48.0,0.0,24.0,68.0,0.0,20.0,0.0
2000-06-12,52.0,0.0,26.4,68.0,0.0,20.0,0.0
2000-06-13,51.0,0.0,28.3,68.0,0.0,20.0,0.0
2000-06-14,51.0,0.0,29.2,67.0,0.0,20.1,0.0
2000-06-15,43.0,0.0,30.8,67.0,0.0,19.9,0.0
2000-06-16,39.0,0.1,29.8,67.0,0.0,19.7,0.0
2000-06-17,37.0,0.0,28.8,68.0,0.1,19.9,0.1
2000-06-18,41.0,0.5,26.6,70.0,0.4,20.6,0.4
2000-06-19,71.0,0.0,26.3,174.0,0.1,20.4,0.1
2000-06-20,73.0,0.0,26.8,72.0,0.0,20.4,0.0
2000-06-21,87.0,1.6,26.5,70.0,0.0,21.0,0.0
2000-06-22,72.0,7.4,25.1,70.0,4.1,20.0,4.1
2000-06-23,76.0,11.2,24.3,71.0,17.8,21.0,17.8
2000-06-24,136.0,0.4,24.5,72.0,1.5,21.0,1.5
2000-06-25,119.0,0.0,26.6,70.0,0.1,20.0,0.1
2000-06-26,121.0,0.0,27.6,68.0,0.0,20.0,0.0
2000-06-27,116.0,0.0,28.3,68.0,0.0,20.0,0.0
2000-06-28,104.0,0.0,28.7,69.0,0.0,20.0,0.0
2000-06-29,179.0,1.6,27.6,69.0,0.0,21.0,0.0
2000-06-30,118.0,1.3,25.0,71.0,1.9,20.0,1.9
2000-07-01,113.0,14.6,25.2,68.0,3.7,20.0,3.7
2000-07-02,100.0,0.0,26.8,68.0,0.1,20.0,0.1
2000-07-03,92.0,0.0,27.7,67.0,0.0,20.0,0.0
2000-07-04,80.0,0.0,27.2,67.0,0.0,20.0,0.0
2000-07-05,67.0,0.0,27.3,67.0,0.0,20.0,0.0
2000-07-06,61.0,0.0,27.4,67.0,0.0,20.0,0.0
2000-07-07,53.0,0.0,27.6,68.0,0.0,20.0,0.0
2000-07-08,55.0,6.3,25.7,70.0,3.0,20.0,3.0
2000-07-09,66.0,0.0,25.0,71.0,0.0,21.0,0.0
2000-07-10,63.0,0.0,26.9,71.0,0.0,20.0,0.0
2000-07-11,59.0,0.0,27.9,69.0,0.0,20.0,0.0
2000-07-12,66.0,0.0,28.8,69.0,0.0,20.0,0.0
2000-07-13,63.0,0.0,29.6,68.0,0.0,20.0,0.0
2000-07-14,60.0,0.0,29.9,68.0,0.0,20.0,0.0
2000-07-15,53.0,0.0,30.4,69.0,0.0,20.0,0.0
2000-07-16,56.0,0.0,30.1,69.0,0.0,20.0,0.0
2000-07-17,58.0,0.0,30.1,69.0,0.0,20.0,0.0
2000-07-18,52.0,0.0,30.1,68.0,0.0,20.0,0.0
2000-07-19,46.0,0.0,30.4,68.0,0.0,20.0,0.0
2000-07-20,46.0,0.0,32.1,67.0,0.0,20.0,0.0
2000-07-21,44.0,0.0,31.5,67.0,0.0,19.0,0.0
2000-07-22,51.0,0.0,31.1,68.0,0.0,20.0,0.0
2000-07-23,53.0,0.0,31.1,69.0,0.0,20.0,0.0
2000-07-24,64.0,0.0,30.5,70.0,0.2,20.0,0.2
2000-07-25,72.0,0.2,30.3,70.0,0.0,20.0,0.0
2000-07-26,75.0,0.0,32.1,69.0,0.0,20.0,0.0
2000-07-27,65.0,0.0,31.6,68.0,0.0,20.0,0.0
2000-07-28,58.0,0.0,31.6,68.0,0.0,19.0,0.0
2000-07-29,49.0,0.0,31.5,68.0,0.0,19.0,0.0
2000-07-30,46.0,1.3,30.7,68.0,0.5,20.0,0.5
2000-07-31,47.0,0.8,29.1,69.0,0.4,21.0,0.4
2000-08-01,43.0,2.3,29.0,70.0,0.6,24.0,0.6
2000-08-02,252.0,0.1,30.1,76.0,0.7,21.0,0.7
2000-08-03,117.0,0.1,30.4,71.0,0.0,21.0,0.0
2000-08-04,89.0,0.0,30.2,71.0,0.0,20.0,0.0
2000-08-05,82.0,1.0,30.3,71.0,0.0,20.0,0.0
2000-08-06,91.0,0.4,29.4,71.0,0.1,20.0,0.1
2000-08-07,198.0,0.3,28.3,72.0,0.1,20.0,0.1
2000-08-08,222.0,11.7,25.6,74.0,2.4,20.0,2.4
2000-08-09,129.0,1.1,27.9,72.0,0.2,20.0,0.2
2000-08-10,193.0,0.4,28.4,117.0,0.0,20.0,0.0
2000-08-11,140.0,3.1,29.3,75.0,1.3,20.0,1.3
2000-08-12,139.0,0.0,27.0,73.0,0.3,20.0,0.3
2000-08-13,137.0,0.0,27.2,78.0,0.1,20.0,0.1
2000-08-14,137.0,0.0,28.1,78.0,0.0,20.0,0.0
2000-08-15,171.0,3.5,28.1,73.0,1.6,20.0,1.6
2000-08-16,154.0,0.2,28.6,72.0,0.7,20.0,0.7
2000-08-17,146.0,1.1,27.5,73.0,1.3,20.0,1.3
2000-08-18,157.0,2.0,25.7,146.0,0.3,30.0,0.3
2000-08-19,159.0,12.3,24.9,156.0,4.7,21.0,4.7
2000-08-20,183.0,0.0,27.1,80.0,0.0,21.0,0.0
2000-08-21,165.0,0.5,27.4,75.0,0.0,20.0,0.0
2000-08-22,141.0,0.0,26.5,74.0,0.2,20.0,0.2
2000-08-23,132.0,0.7,26.0,74.0,0.1,20.0,0.1
2000-08-24,125.0,0.0,26.8,83.0,0.0,22.0,0.0
2000-08-25,164.0,0.0,26.4,271.0,0.0,28.0,0.0
2000-08-26,228.0,1.0,26.0,223.0,0.0,26.0,0.0
2000-08-27,297.0,3.4,25.3,87.0,1.5,24.0,1.5
2000-08-28,271.0,19.6,22.8,79.0,9.3,22.0,9.3
2000-08-29,238.0,10.4,20.6,78.0,6.5,22.0,6.5
2000-08-30,251.0,6.2,19.6,84.0,5.8,22.0,5.8
2000-08-31,226.0,1.5,19.9,73.0,0.8,21.0,0.8
2000-09-01,190.0,0.3,20.9,71.0,0.8,21.0,0.8
2000-09-02,169.0,0.0,21.9,70.0,0.0,21.0,0.0
2000-09-03,151.0,0.0,23.8,70.0,0.0,21.0,0.0
2000-09-04,143.0,0.0,24.7,69.0,0.0,20.0,0.0
2000-09-05,122.0,0.0,26.5,69.0,0.0,20.0,0.0
2000-09-06,108.0,0.1,25.9,69.0,0.0,21.0,0.0
2000-09-07,105.0,0.0,24.3,70.0,0.0,21.0,0.0
2000-09-08,98.0,0.3,25.0,69.0,0.2,21.0,0.2
2000-09-09,103.0,0.0,25.6,69.0,0.0,20.0,0.0
2000-09-10,101.0,0.0,25.6,68.0,0.0,20.0,0.0
2000-09-11,93.0,0.0,25.0,68.0,0.0,20.0,0.0
2000-09-12,91.0,0.0,25.5,68.0,0.0,20.0,0.0
2000-09-13,84.0,0.0,25.9,68.0,0.0,20.0,0.0
2000-09-14,79.0,0.0,26.9,68.0,0.0,20.0,0.0
2000-09-15,78.0,0.0,27.6,68.0,0.0,20.0,0.0
2000-09-16,78.0,0.0,27.8,68.0,0.0,21.0,0.0
2000-09-17,69.0,0.0,28.4,68.0,0.0,21.0,0.0
2000-09-18,70.0,0.0,26.8,68.0,0.0,21.0,0.0
2000-09-19,67.0,0.0,25.3,68.0,0.0,21.0,0.0
2000-09-20,70.0,0.0,26.1,68.0,0.0,21.0,0.0
2000-09-21,71.0,0.0,25.2,68.0,0.0,21.0,0.0
2000-09-22,73.0,0.0,22.6,68.0,0.1,21.0,0.1
2000-09-23,66.0,0.0,21.1,68.0,0.0,21.0,0.0
2000-09-24,64.0,0.0,18.3,68.0,0.0,21.0,0.0
2000-09-25,71.0,0.0,17.9,69.0,0.0,21.0,0.0
2000-09-26,73.0,0.4,22.8,69.0,0.7,21.0,0.7
2000-09-27,79.0,0.0,23.7,69.0,0.1,21.0,0.1
2000-09-28,89.0,0.0,24.9,69.0,0.0,21.0,0.0
2000-09-29,89.0,0.0,25.5,69.0,0.0,21.0,0.0
2000-09-30,92.0,0.0,25.0,69.0,0.0,21.0,0.0
2000-10-01,77.0,0.0,24.8,69.0,0.0,21.0,0.0
2000-10-02,89.0,0.1,25.2,69.0,0.2,21.0,0.2
2000-10-03,87.0,2.5,24.3,69.0,1.2,21.0,1.2
2000-10-04,87.0,3.0,21.0,71.0,2.4,22.0,2.4
2000-10-05,91.0,0.0,20.9,72.0,0.0,22.0,0.0
2000-10-06,91.0,0.0,21.8,70.0,0.0,21.0,0.0
2000-10-07,91.0,0.0,23.3,70.0,0.0,21.0,0.0
2000-10-08,95.0,0.0,21.7,70.0,0.0,21.0,0.0
2000-10-09,94.0,0.0,18.4,70.0,0.0,21.0,0.0
2000-10-10,107.0,2.0,16.1,71.0,2.5,22.0,2.5
2000-10-11,116.0,8.3,14.5,71.0,9.4,21.0,9.4
2000-10-12,120.0,0.0,13.7,71.0,0.0,21.0,0.0
2000-10-13,120.0,0.0,13.3,71.0,0.0,22.0,0.0
2000-10-14,125.0,0.0,14.3,71.0,0.0,22.0,0.0
2000-10-15,124.0,0.0,15.8,71.0,0.0,22.0,0.0
2000-10-16,125.0,0.0,16.1,71.0,0.0,22.0,0.0
2000-10-17,118.0,0.0,16.8,71.0,0.0,22.0,0.0
2000-10-18,113.0,0.0,18.3,71.0,0.0,22.0,0.0
2000-10-19,113.0,0.0,19.9,71.0,0.0,22.0,0.0
2000-10-20,113.0,0.0,18.9,71.0,0.0,22.0,0.0
2000-10-21,115.0,5.8,17.3,74.0,6.1,23.0,6.1
2000-10-22,292.0,27.0,12.8,172.0,20.6,45.0,20.6
2000-10-23,564.0,12.0,11.6,123.0,7.8,25.0,7.8
2000-10-24,343.0,1.1,10.1,88.0,0.1,23.0,0.1
2000-10-25,263.0,0.0,12.0,78.0,0.0,22.0,0.0
2000-10-26,222.0,0.0,13.3,76.0,0.0,22.0,0.0
2000-10-27,226.0,20.1,11.7,580.0,8.9,117.0,8.9
2000-10-28,1070.0,21.8,9.5,947.0,20.3,173.0,20.3
2000-10-29,891.0,0.7,10.5,204.0,1.2,56.0,1.2
2000-10-30,470.0,6.4,10.7,154.0,6.2,51.0,6.2
2000-10-31,788.0,11.6,6.9,361.0,12.4,41.0,12.4
2000-11-01,797.0,0.0,7.2,195.0,0.2,31.0,0.2
2000-11-02,526.0,0.0,8.7,119.0,0.0,49.0,0.0
2000-11-03,384.0,0.3,9.6,109.0,0.5,38.0,0.5
2000-11-04,330.0,3.9,8.5,98.0,3.9,32.0,3.9
2000-11-05,395.0,0.0,9.8,88.0,0.0,29.0,0.0
2000-11-06,417.0,4.8,7.4,83.0,4.1,28.0,4.1
2000-11-07,326.0,0.0,3.3,80.0,0.0,28.0,0.0
2000-11-08,291.0,0.0,4.0,79.0,0.0,27.0,0.0
2000-11-09,256.0,0.0,5.5,78.0,0.0,27.0,0.0
2000-11-10,240.0,3.8,5.0,78.0,6.1,27.0,6.1
2000-11-11,236.0,10.3,3.1,80.0,15.9,29.0,15.9
2000-11-12,239.0,2.4,-0.3,80.0,3.3,28.0,3.3
2000-11-13,241.0,0.0,-0.5,78.0,0.0,27.0,0.0
2000-11-14,244.0,0.0,2.1,78.0,0.0,27.0,0.0
2000-11-15,238.0,0.0,3.7,77.0,0.0,27.0,0.0
2000-11-16,243.0,0.0,1.9,77.0,0.0,27.0,0.0
2000-11-17,236.0,0.0,0.7,77.0,0.0,27.0,0.0
2000-11-18,225.0,0.0,0.7,77.0,0.0,27.0,0.0
2000-11-19,215.0,0.0,2.6,77.0,0.0,27.0,0.0
2000-11-20,210.0,0.0,4.8,76.0,0.0,27.0,0.0
2000-11-21,204.0,0.0,5.7,77.0,0.0,27.0,0.0
2000-11-22,204.0,0.0,9.1,77.0,0.0,27.0,0.0
2000-11-23,201.0,1.5,6.9,77.0,0.6,27.0,0.6
2000-11-24,199.0,0.0,7.5,77.0,0.0,27.0,0.0
2000-11-25,207.0,0.0,6.7,76.0,0.0,27.0,0.0
2000-11-26,204.0,0.0,6.7,76.0,0.0,27.0,0.0
2000-11-27,203.0,0.0,9.0,77.0,0.0,27.0,0.0
2000-11-28,199.0,0.0,10.1,77.0,0.0,27.0,0.0
2000-11-29,193.0,0.0,10.8,77.0,0.0,27.0,0.0
2000-11-30,192.0,0.0,11.4,77.0,0.0,27.0,0.0
2000-12-01,195.0,0.0,9.0,77.0,0.0,27.0,0.0
2000-12-02,198.0,0.0,10.0,77.0,0.0,27.0,0.0
2000-12-03,194.0,0.0,9.9,77.0,0.0,27.0,0.0
2000-12-04,198.0,0.0,9.4,77.0,0.0,27.0,0.0
2000-12-05,201.0,0.0,9.9,77.0,0.0,27.0,0.0
2000-12-06,198.0,0.0,9.5,77.0,0.0,27.0,0.0
2000-12-07,197.0,0.0,10.8,78.0,0.0,27.0,0.0
2000-12-08,188.0,0.0,11.6,78.0,0.0,27.0,0.0
2000-12-09,184.0,0.0,9.4,78.0,0.0,27.0,0.0
2000-12-10,184.0,0.0,9.8,78.0,0.0,27.0,0.0
2000-12-11,183.0,0.0,7.2,78.0,0.0,27.0,0.0
2000-12-12,184.0,0.5,8.0,79.0,1.4,27.0,1.4
2000-12-13,185.0,0.6,4.4,79.0,1.9,27.0,1.9
2000-12-14,186.0,0.0,5.3,78.0,0.0,27.0,0.0
2000-12-15,185.0,0.0,6.0,78.0,0.0,27.0,0.0
2000-12-16,186.0,0.0,6.5,78.0,0.0,27.0,0.0
2000-12-17,186.0,0.0,6.3,78.0,0.0,27.0,0.0
2000-12-18,184.0,0.0,4.5,78.0,0.0,27.0,0.0
2000-12-19,184.0,0.0,2.9,78.0,0.0,27.0,0.0
2000-12-20,185.0,0.0,7.5,78.0,0.0,27.0,0.0
2000-12-21,188.0,0.0,7.0,78.0,0.0,27.0,0.0
2000-12-22,188.0,0.0,9.2,78.0,0.0,26.0,0.0
2000-12-23,190.0,0.0,8.6,79.0,0.0,27.0,0.0
2000-12-24,190.0,0.0,8.5,80.0,0.0,27.0,0.0
2000-12-25,191.0,0.0,6.6,79.0,0.0,27.0,0.0
2000-12-26,190.0,0.0,5.7,79.0,0.0,27.0,0.0
2000-12-27,191.0,0.0,4.7,79.0,0.0,27.0,0.0
2000-12-28,191.0,0.0,7.1,80.0,0.0,27.0,0.0
2000-12-29,190.0,0.0,6.4,80.0,0.0,27.0,0.0
2000-12-30,188.0,0.0,8.2,80.0,0.0,26.0,0.0
2000-12-31,186.0,0.0,8.7,80.0,0.0,26.0,0.0
2001-01-01,185.0,0.0,7.3,80.0,0.0,26.0,0.0
2001-01-02,186.0,0.0,6.8,80.0,0.0,26.0,0.0
2001-01-03,185.0,0.0,5.3,80.0,0.0,26.0,0.0
2001-01-04,182.0,0.0,6.5,80.0,0.0,26.0,0.0
2001-01-05,183.0,0.0,8.6,81.0,0.0,26.0,0.0
2001-01-06,186.0,0.9,11.6,81.0,0.6,26.0,0.6
2001-01-07,191.0,0.0,9.8,81.0,0.0,26.0,0.0
2001-01-08,191.0,0.0,9.4,81.0,0.0,26.0,0.0
2001-01-09,202.0,9.7,8.6,84.0,9.6,27.0,9.6
2001-01-10,204.0,0.3,7.3,81.0,0.2,26.0,0.2
2001-01-11,198.0,0.0,6.7,81.0,0.0,26.0,0.0
2001-01-12,210.0,20.0,4.8,86.0,21.7,28.0,21.7
2001-01-13,224.0,1.2,0.9,83.0,1.5,27.0,1.5
2001-01-14,227.0,0.0,-2.6,81.0,0.0,26.0,0.0
2001-01-15,211.0,0.7,-1.7,80.0,0.4,26.0,0.4
2001-01-16,213.0,10.2,-0.4,81.0,8.1,26.0,8.1
2001-01-17,215.0,0.2,-3.8,80.0,0.2,26.0,0.2
2001-01-18,214.0,0.0,-5.6,79.0,0.0,26.0,0.0
2001-01-19,209.0,0.0,-4.2,79.0,0.0,26.0,0.0
2001-01-20,206.0,0.0,-0.9,78.0,0.0,26.0,0.0
2001-01-21,205.0,0.0,-0.3,77.0,0.0,26.0,0.0
2001-01-22,204.0,0.0,3.4,77.0,0.0,26.0,0.0
2001-01-23,205.0,0.1,4.4,77.0,0.0,26.0,0.0
2001-01-24,205.0,0.0,4.3,76.0,0.0,26.0,0.0
2001-01-25,207.0,0.0,5.8,76.0,0.0,26.0,0.0
2001-01-26,211.0,0.0,3.5,77.0,0.0,26.0,0.0
2001-01-27,229.0,10.5,3.7,80.0,6.7,27.0,6.7
2001-01-28,231.0,1.8,0.2,79.0,4.0,27.0,4.0
2001-01-29,225.0,0.8,-0.2,78.0,1.3,26.0,1.3
2001-01-30,222.0,0.2,1.6,77.0,1.3,26.0,1.3
2001-01-31,213.0,0.0,-1.6,77.0,0.0,26.0,0.0
2001-02-01,210.0,0.0,-1.1,77.0,0.0,26.0,0.0
2001-02-02,207.0,0.0,1.2,77.0,0.0,26.0,0.0
2001-02-03,204.0,0.0,5.6,77.0,0.0,26.0,0.0
2001-02-04,200.0,0.0,7.3,77.0,0.0,27.0,0.0
2001-02-05,198.0,0.0,9.0,77.0,0.0,27.0,0.0
2001-02-06,325.0,0.0,12.4,78.0,0.0,27.0,0.0
2001-02-07,489.0,0.7,8.8,77.0,1.9,27.0,1.9
2001-02-08,579.0,8.6,3.8,78.0,9.2,27.0,9.2
2001-02-09,508.0,0.0,1.3,79.0,0.0,27.0,0.0
2001-02-10,374.0,0.0,2.8,80.0,0.0,27.0,0.0
2001-02-11,317.0,0.0,5.2,80.0,0.0,27.0,0.0
2001-02-12,281.0,0.0,6.2,79.0,0.0,27.0,0.0
2001-02-13,267.0,6.8,6.1,79.0,6.3,27.0,6.3
2001-02-14,268.0,10.6,1.8,82.0,15.2,28.0,15.2
2001-02-15,264.0,2.7,-3.1,80.0,0.2,27.0,0.2
2001-02-16,244.0,0.0,-0.3,79.0,0.0,27.0,0.0
2001-02-17,222.0,0.0,2.3,80.0,0.0,27.0,0.0
2001-02-18,220.0,0.0,8.3,79.0,0.0,27.0,0.0
2001-02-19,600.0,0.0,9.1,79.0,0.0,27.0,0.0
2001-02-20,700.0,0.0,9.7,79.0,0.0,27.0,0.0
2001-02-21,656.0,0.0,9.6,80.0,0.0,27.0,0.0
2001-02-22,624.0,0.0,9.7,85.0,0.0,27.0,0.0
2001-02-23,569.0,1.6,8.2,84.0,2.5,27.0,2.5
2001-02-24,506.0,0.2,4.4,82.0,0.0,27.0,0.0
2001-02-25,407.0,0.4,5.9,81.0,0.6,27.0,0.6
2001-02-26,331.0,6.2,6.7,84.0,6.8,27.0,6.8
2001-02-27,292.0,0.7,6.3,83.0,0.5,27.0,0.5
2001-02-28,302.0,17.2,4.6,83.0,16.1,27.0,16.1
2001-03-01,318.0,2.7,4.1,87.0,2.4,27.0,2.4
2001-03-02,462.0,0.0,3.7,101.0,0.0,26.0,0.0
2001-03-03,593.0,2.3,6.3,117.0,2.2,26.0,2.2
2001-03-04,543.0,0.0,6.4,116.0,0.0,26.0,0.0
2001-03-05,467.0,0.0,9.9,117.0,0.0,26.0,0.0
2001-03-06,424.0,0.7,11.4,102.0,0.5,26.0,0.5
2001-03-07,462.0,16.1,8.2,98.0,13.1,27.0,13.1
2001-03-08,964.0,0.9,7.8,104.0,1.3,27.0,1.3
2001-03-09,990.0,0.0,10.0,210.0,0.1,26.0,0.1
2001-03-10,961.0,15.4,7.4,251.0,19.4,27.0,19.4
2001-03-11,1300.0,4.5,3.6,651.0,7.8,26.0,7.8
2001-03-12,1370.0,3.9,6.6,517.0,4.2,27.0,4.2
2001-03-13,1810.0,0.0,7.3,755.0,0.0,26.0,0.0
2001-03-14,2000.0,0.0,9.8,1040.0,0.0,26.0,0.0
2001-03-15,1990.0,0.0,8.3,914.0,0.0,26.0,0.0
2001-03-16,1620.0,0.2,10.5,387.0,0.1,26.0,0.1
2001-03-17,1010.0,0.0,10.1,258.0,0.0,25.0,0.0
2001-03-18,829.0,0.0,10.0,193.0,0.0,25.0,0.0
2001-03-19,696.0,0.0,12.2,140.0,0.0,25.0,0.0
2001-03-20,644.0,0.0,14.4,115.0,0.0,25.0,0.0
2001-03-21,666.0,0.0,17.1,106.0,0.0,25.0,0.0
2001-03-22,659.0,0.0,17.6,98.0,0.0,25.0,0.0
2001-03-23,608.0,0.0,16.2,92.0,0.0,25.0,0.0
2001-03-24,529.0,0.0,15.6,87.0,0.0,25.0,0.0
2001-03-25,443.0,0.0,17.0,85.0,0.0,25.0,0.0
2001-03-26,364.0,0.0,16.1,81.0,0.0,25.0,0.0
2001-03-27,308.0,1.3,15.2,80.0,1.0,25.0,1.0
2001-03-28,271.0,0.7,13.5,79.0,0.4,25.0,0.4
2001-03-29,242.0,0.0,16.2,78.0,0.0,25.0,0.0
2001-03-30,221.0,0.0,14.2,77.0,0.0,24.0,0.0
2001-03-31,202.0,0.0,16.0,77.0,0.0,24.0,0.0
2001-04-01,194.0,0.0,17.5,77.0,0.0,25.0,0.0
2001-04-02,188.0,0.0,15.3,77.0,0.0,25.0,0.0
2001-04-03,184.0,0.0,13.6,77.0,0.0,25.0,0.0
2001-04-04,179.0,0.0,13.5,77.0,0.0,25.0,0.0
2001-04-05,179.0,0.2,12.5,77.0,0.5,25.0,0.5
2001-04-06,202.0,20.8,7.5,81.0,23.8,25.0,23.8
2001-04-07,251.0,0.1,9.1,78.0,1.3,25.0,1.3
2001-04-08,283.0,0.0,10.3,77.0,1.0,25.0,1.0
2001-04-09,412.0,0.0,9.7,77.0,0.0,25.0,0.0
2001-04-10,383.0,8.0,6.8,79.0,8.2,25.0,8.2
2001-04-11,334.0,0.2,5.1,79.0,1.1,25.0,1.1
2001-04-12,338.0,0.3,8.6,78.0,0.6,25.0,0.6
2001-04-13,455.0,0.0,10.2,77.0,0.0,25.0,0.0
2001-04-14,605.0,0.0,14.2,74.0,0.0,25.0,0.0
2001-04-15,516.0,0.0,15.1,75.0,0.0,25.0,0.0
2001-04-16,366.0,0.0,16.6,75.0,0.0,25.0,0.0
2001-04-17,265.0,0.0,18.4,74.0,0.0,25.0,0.0
2001-04-18,218.0,0.0,20.7,74.0,0.0,25.0,0.0
2001-04-19,187.0,0.0,20.4,74.0,0.0,25.0,0.0
2001-04-20,172.0,0.0,15.4,74.0,0.0,25.0,0.0
2001-04-21,163.0,4.1,10.7,75.0,6.8,25.0,6.8
2001-04-22,171.0,7.2,7.0,76.0,6.6,25.0,6.6
2001-04-23,176.0,0.0,12.1,74.0,0.0,25.0,0.0
2001-04-24,168.0,0.0,14.5,74.0,0.0,25.0,0.0
2001-04-25,160.0,0.0,18.4,73.0,0.0,25.0,0.0
2001-04-26,141.0,0.0,21.1,73.0,0.0,24.0,0.0
2001-04-27,130.0,1.8,19.8,73.0,1.2,25.0,1.2
2001-04-28,133.0,0.6,18.2,74.0,0.3,25.0,0.3
2001-04-29,132.0,0.0,20.5,73.0,0.0,24.0,0.0
2001-04-30,126.0,0.0,20.5,73.0,0.0,24.0,0.0
2001-05-01,117.0,0.0,22.5,73.0,0.0,24.0,0.0
2001-05-02,111.0,0.0,21.8,73.0,0.0,24.0,0.0
2001-05-03,114.0,0.7,14.6,72.0,0.5,24.0,0.5
2001-05-04,116.0,0.0,12.6,72.0,0.0,24.0,0.0
2001-05-05,117.0,0.0,15.6,72.0,0.0,24.0,0.0
2001-05-06,117.0,0.0,19.7,72.0,0.0,24.0,0.0
2001-05-07,114.0,0.0,22.0,72.0,0.0,24.0,0.0
2001-05-08,105.0,0.0,22.9,72.0,0.0,24.0,0.0
2001-05-09,93.0,0.0,26.1,71.0,0.0,24.0,0.0
2001-05-10,90.0,0.0,25.4,71.0,0.0,24.0,0.0
2001-05-11,85.0,0.0,24.8,71.0,0.0,24.0,0.0
2001-05-12,82.0,0.4,24.2,71.0,0.0,24.0,0.0
2001-05-13,77.0,2.8,22.8,71.0,0.7,24.0,0.7
2001-05-14,88.0,1.1,21.4,71.0,1.4,24.0,1.4
2001-05-15,91.0,0.0,23.5,70.0,0.0,24.0,0.0
2001-05-16,85.0,0.0,24.4,70.0,0.0,23.0,0.0
2001-05-17,80.0,0.0,24.6,70.0,0.0,23.0,0.0
2001-05-18,78.0,0.0,25.3,70.0,0.0,23.0,0.0
2001-05-19,94.0,0.7,22.8,72.0,0.6,24.0,0.6
2001-05-20,124.0,1.8,21.2,72.0,0.9,24.0,0.9
2001-05-21,130.0,0.0,24.8,71.0,0.0,23.0,0.0
2001-05-22,120.0,0.0,23.4,70.0,0.0,23.0,0.0
2001-05-23,103.0,0.0,25.3,70.0,0.0,23.0,0.0
2001-05-24,85.0,0.0,26.9,69.0,0.0,23.0,0.0
2001-05-25,83.0,0.0,28.2,68.0,0.0,23.0,0.0
2001-05-26,81.0,0.0,28.1,68.0,0.0,23.0,0.0
2001-05-27,74.0,0.0,27.8,68.0,0.0,23.0,0.0
2001-05-28,68.0,0.0,24.1,68.0,0.0,23.0,0.0
2001-05-29,66.0,0.0,24.1,68.0,0.0,22.0,0.0
2001-05-30,65.0,0.0,26.9,68.0,0.0,22.0,0.0
2001-05-31,63.0,0.0,27.8,67.0,0.0,22.0,0.0
2001-06-01,61.0,0.0,28.5,67.0,0.0,22.0,0.0
2001-06-02,62.0,0.0,28.4,67.0,0.0,22.0,0.0
2001-06-03,63.0,0.0,24.4,67.0,0.0,22.0,0.0
2001-06-04,64.0,0.0,22.9,68.0,0.0,22.0,0.0
2001-06-05,70.0,0.0,24.4,68.0,0.0,22.0,0.0
2001-06-06,72.0,0.0,26.5,67.0,0.0,22.0,0.0
2001-06-07,67.0,0.0,28.6,67.0,0.0,22.0,0.0
2001-06-08,59.0,0.0,29.5,67.0,0.0,22.0,0.0
2001-06-09,60.0,0.0,29.4,67.0,0.0,22.0,0.0
2001-06-10,57.0,0.0,29.0,67.0,0.0,22.0,0.0
2001-06-11,57.0,0.0,28.2,67.0,0.0,22.0,0.0
2001-06-12,49.0,0.0,26.7,67.0,0.0,21.0,0.0
2001-06-13,46.0,0.2,24.1,67.0,0.0,22.0,0.0
2001-06-14,50.0,0.0,20.2,68.0,0.0,22.0,0.0
2001-06-15,52.0,0.0,24.1,68.0,0.0,22.0,0.0
2001-06-16,48.0,0.0,27.2,68.0,0.0,22.0,0.0
2001-06-17,48.0,0.0,29.5,68.0,0.0,21.0,0.0
2001-06-18,55.0,0.0,30.4,68.0,0.0,21.0,0.0
2001-06-19,46.0,0.0,29.9,67.0,0.0,21.0,0.0
2001-06-20,46.0,0.0,29.5,67.0,0.0,21.0,0.0
2001-06-21,54.0,1.3,29.6,67.0,0.0,21.0,0.0
2001-06-22,57.0,1.3,28.5,69.0,0.6,22.0,0.6
2001-06-23,60.0,2.2,27.6,69.0,1.4,22.0,1.4
2001-06-24,77.0,1.4,26.1,69.0,0.2,22.0,0.2
2001-06-25,82.0,0.0,28.3,69.0,0.0,22.0,0.0
2001-06-26,78.0,0.0,25.0,71.0,0.0,22.0,0.0
2001-06-27,76.0,0.0,26.9,70.0,0.0,21.0,0.0
2001-06-28,72.0,0.0,28.3,69.0,0.0,21.0,0.0
2001-06-29,66.0,0.0,29.8,70.0,0.0,21.0,0.0
2001-06-30,56.0,0.0,31.1,70.0,0.0,21.0,0.0
2001-07-01,54.0,0.0,31.8,69.0,0.0,22.0,0.0
2001-07-02,57.0,0.0,32.2,68.0,0.0,21.0,0.0
2001-07-03,62.0,0.7,31.2,69.0,0.2,21.0,0.2
2001-07-04,65.0,0.0,30.5,68.0,0.3,21.0,0.3
2001-07-05,56.0,0.4,29.2,70.0,1.2,22.0,1.2
2001-07-06,137.0,12.2,25.3,93.0,1.2,22.0,1.2
2001-07-07,169.0,0.4,24.0,92.0,0.9,22.0,0.9
2001-07-08,150.0,1.0,25.3,73.0,0.1,22.0,0.1
2001-07-09,145.0,0.0,25.3,72.0,0.0,22.0,0.0
2001-07-10,136.0,2.8,25.9,73.0,1.3,22.0,1.3
2001-07-11,133.0,0.5,26.6,72.0,0.5,22.0,0.5
2001-07-12,121.0,2.2,27.1,71.0,0.0,22.0,0.0
2001-07-13,100.0,0.4,28.7,71.0,0.0,22.0,0.0
2001-07-14,85.0,0.0,28.2,81.0,0.3,22.0,0.3
2001-07-15,83.0,0.0,28.6,74.0,0.0,21.0,0.0
2001-07-16,71.0,0.0,27.6,69.0,0.0,21.0,0.0
2001-07-17,69.0,0.0,27.5,69.0,0.0,21.0,0.0
2001-07-18,65.0,0.0,27.5,69.0,0.0,22.0,0.0
2001-07-19,59.0,0.0,28.5,70.0,0.0,22.0,0.0
2001-07-20,56.0,0.0,28.5,71.0,0.0,22.0,0.0
2001-07-21,54.0,0.0,28.6,69.0,0.0,22.0,0.0
2001-07-22,56.0,0.0,28.8,69.0,0.0,22.0,0.0
2001-07-23,59.0,0.0,29.4,69.0,0.0,22.0,0.0
2001-07-24,53.0,0.0,29.1,69.0,0.0,22.0,0.0
2001-07-25,57.0,1.5,27.5,70.0,0.6,23.0,0.6
2001-07-26,78.0,0.0,25.7,72.0,0.0,22.0,0.0
2001-07-27,70.0,0.0,27.7,70.0,0.0,22.0,0.0
2001-07-28,71.0,0.0,29.7,70.0,0.0,22.0,0.0
2001-07-29,75.0,3.2,29.6,69.0,0.3,22.0,0.3
2001-07-30,71.0,16.8,25.1,72.0,7.5,22.0,7.5
2001-07-31,75.0,1.4,24.8,160.0,3.1,23.0,3.1
2001-08-01,85.0,0.0,27.0,95.0,0.0,23.0,0.0
2001-08-02,124.0,0.0,27.2,78.0,0.0,23.0,0.0
2001-08-03,104.0,0.3,27.5,77.0,1.2,24.0,1.2
2001-08-04,102.0,1.5,27.4,87.0,1.3,25.0,1.3
2001-08-05,173.0,0.7,26.7,83.0,0.5,23.0,0.5
2001-08-06,148.0,0.2,27.8,82.0,0.1,23.0,0.1
2001-08-07,114.0,0.2,28.8,77.0,0.6,25.0,0.6
2001-08-08,128.0,2.1,26.8,82.0,2.0,25.0,2.0
2001-08-09,136.0,8.6,23.2,149.0,9.8,25.0,9.8
2001-08-10,142.0,4.8,23.6,121.0,3.3,36.0,3.3
2001-08-11,193.0,0.2,24.8,87.0,1.6,26.0,1.6
2001-08-12,262.0,0.0,26.1,82.0,0.8,25.0,0.8
2001-08-13,353.0,2.1,24.6,81.0,2.5,25.0,2.5
2001-08-14,610.0,10.8,24.9,110.0,4.8,25.0,4.8
2001-08-15,356.0,2.4,24.4,94.0,2.1,25.0,2.1
2001-08-16,333.0,0.2,26.9,81.0,0.3,24.0,0.3
2001-08-17,242.0,0.0,27.4,79.0,0.0,24.0,0.0
2001-08-18,186.0,0.0,28.6,77.0,0.0,24.0,0.0
2001-08-19,159.0,0.0,28.2,77.0,0.0,24.0,0.0
2001-08-20,334.0,4.5,25.5,78.0,0.0,25.0,0.0
2001-08-21,198.0,0.4,25.7,78.0,1.3,25.0,1.3
2001-08-22,151.0,0.0,26.7,76.0,0.0,25.0,0.0
2001-08-23,133.0,0.0,26.3,75.0,0.0,24.0,0.0
2001-08-24,116.0,0.0,26.7,75.0,0.0,24.0,0.0
2001-08-25,105.0,0.0,27.7,74.0,0.0,24.0,0.0
2001-08-26,95.0,0.0,28.3,74.0,0.0,24.0,0.0
2001-08-27,92.0,0.0,29.8,73.0,0.0,24.0,0.0
2001-08-28,81.0,0.1,29.7,72.0,0.0,24.0,0.0
2001-08-29,74.0,0.0,28.6,73.0,0.0,24.0,0.0
2001-08-30,62.0,0.0,26.4,73.0,0.1,24.0,0.1
2001-08-31,60.0,0.5,25.6,74.0,0.0,25.0,0.0
2001-09-01,61.0,0.0,26.2,73.0,0.0,25.0,0.0
2001-09-02,74.0,0.4,26.2,73.0,0.0,25.0,0.0
2001-09-03,77.0,0.0,25.2,72.0,0.0,25.0,0.0
2001-09-04,74.0,0.0,27.2,72.0,0.0,25.0,0.0
2001-09-05,76.0,0.0,28.1,71.0,0.0,25.0,0.0
2001-09-06,79.0,0.0,26.3,72.0,0.0,25.0,0.0
2001-09-07,75.0,0.0,25.5,72.0,0.0,25.0,0.0
2001-09-08,73.0,0.0,25.0,72.0,0.0,25.0,0.0
2001-09-09,79.0,0.0,23.6,72.0,0.0,25.0,0.0
2001-09-10,83.0,0.0,24.9,72.0,0.0,25.0,0.0
2001-09-11,89.0,0.0,25.8,72.0,0.0,25.0,0.0
2001-09-12,79.0,0.0,27.2,72.0,0.1,25.0,0.1
2001-09-13,79.0,1.9,25.7,75.0,2.1,27.0,2.1
2001-09-14,75.0,0.0,24.4,74.0,0.0,26.0,0.0
2001-09-15,88.0,8.6,24.7,74.0,3.4,26.0,3.4
2001-09-16,101.0,4.7,23.3,73.0,1.6,40.0,1.6
2001-09-17,100.0,0.0,24.7,75.0,0.0,33.0,0.0
2001-09-18,94.0,0.0,24.6,78.0,0.0,24.0,0.0
2001-09-19,97.0,0.0,25.2,74.0,0.0,22.0,0.0
2001-09-20,100.0,0.0,26.2,73.0,0.0,22.0,0.0
2001-09-21,98.0,0.0,25.8,72.0,0.0,22.0,0.0
2001-09-22,96.0,0.0,26.0,71.0,0.0,22.0,0.0
2001-09-23,94.0,0.0,26.0,69.0,0.0,22.0,0.0
2001-09-24,92.0,0.0,26.3,69.0,0.0,22.0,0.0
2001-09-25,85.0,0.0,26.6,70.0,0.0,22.0,0.0
2001-09-26,85.0,0.0,25.3,70.0,0.0,22.0,0.0
2001-09-27,84.0,0.0,25.4,69.0,0.0,22.0,0.0
2001-09-28,84.0,0.0,25.2,70.0,0.0,22.0,0.0
2001-09-29,83.0,0.0,24.8,70.0,0.0,22.0,0.0
2001-09-30,88.0,0.0,25.9,70.0,0.0,22.0,0.0
2001-10-01,99.9,0.0,24.4,69.7,0.0,22.5,0.0
2001-10-02,94.3,0.0,22.4,69.9,0.0,22.9,0.0
2001-10-03,99.6,0.9,22.8,69.8,0.0,22.8,0.0
2001-10-04,106.0,0.0,21.8,70.2,0.0,23.0,0.0
2001-10-05,112.0,0.0,21.9,70.2,0.0,23.0,0.0
2001-10-06,111.0,2.8,21.0,241.0,6.3,24.3,6.3
2001-10-07,119.0,13.0,15.9,277.0,10.0,29.7,10.0
2001-10-08,234.0,6.8,16.3,98.5,0.3,23.0,0.3
2001-10-09,256.0,1.3,16.6,80.6,0.3,22.0,0.3
2001-10-10,207.0,0.0,16.7,77.0,0.0,22.0,0.0
2001-10-11,188.0,0.0,15.6,75.5,0.0,22.0,0.0
2001-10-12,175.0,0.0,15.8,76.9,0.0,22.0,0.0
2001-10-13,172.0,0.0,15.5,76.2,0.0,22.0,0.0
2001-10-14,167.0,0.0,18.5,75.7,0.0,22.0,0.0
2001-10-15,150.0,0.0,19.9,75.4,0.0,22.0,0.0
2001-10-16,143.0,0.0,20.3,75.2,0.0,22.0,0.0
2001-10-17,150.0,0.0,21.2,75.2,0.0,22.0,0.0
2001-10-18,145.0,0.0,20.1,75.0,0.0,22.0,0.0
2001-10-19,140.0,0.0,19.4,75.0,0.0,22.0,0.0
2001-10-20,134.0,0.0,20.1,75.0,0.0,22.0,0.0
2001-10-21,136.0,0.0,21.0,75.3,0.0,22.1,0.0
2001-10-22,137.0,0.6,19.8,75.5,1.0,22.3,1.0
2001-10-23,135.0,0.0,19.0,75.4,0.0,22.2,0.0
2001-10-24,134.0,0.0,18.0,75.2,0.0,22.1,0.0
2001-10-25,133.0,0.0,18.6,75.1,0.0,22.3,0.0
2001-10-26,137.0,0.0,19.1,75.2,0.0,22.5,0.0
2001-10-27,146.0,0.0,20.2,75.4,0.0,23.0,0.0
2001-10-28,146.0,0.0,20.4,75.5,0.0,22.7,0.0
2001-10-29,142.0,0.0,18.2,75.6,0.0,23.0,0.0
2001-10-30,138.0,0.0,18.9,75.8,0.0,22.9,0.0
2001-10-31,151.0,0.2,19.1,76.3,0.7,23.0,0.7
2001-11-01,160.0,0.5,16.3,76.3,0.0,23.0,0.0
2001-11-02,159.0,0.0,16.2,76.3,0.0,23.0,0.0
2001-11-03,156.0,0.0,17.6,76.4,0.0,23.0,0.0
2001-11-04,149.0,0.0,19.0,76.9,0.0,23.0,0.0
2001-11-05,152.0,1.8,18.0,79.1,0.8,25.1,0.8
2001-11-06,164.0,0.0,15.7,79.0,0.0,24.0,0.0
2001-11-07,166.0,0.0,17.0,78.2,0.0,24.0,0.0
2001-11-08,169.0,0.0,15.6,77.5,0.0,24.0,0.0
2001-11-09,171.0,0.0,15.0,77.3,0.0,23.5,0.0
2001-11-10,163.0,0.0,16.0,77.4,0.0,23.3,0.0
2001-11-11,165.0,0.0,16.9,77.6,0.0,23.3,0.0
2001-11-12,167.0,0.0,15.3,77.7,0.0,23.2,0.0
2001-11-13,164.0,0.0,15.0,77.6,0.0,23.0,0.0
2001-11-14,172.0,0.0,11.4,77.6,0.0,23.0,0.0
2001-11-15,171.0,0.0,12.2,77.7,0.0,23.0,0.0
2001-11-16,172.0,0.0,13.8,77.7,0.0,23.0,0.0
2001-11-17,171.0,0.0,14.3,77.7,0.0,23.0,0.0
2001-11-18,167.0,0.0,15.2,77.8,0.0,23.0,0.0
2001-11-19,163.0,0.0,13.4,77.9,0.0,23.0,0.0
2001-11-20,169.0,0.0,11.9,78.1,0.0,23.1,0.0
2001-11-21,172.0,0.0,13.0,78.2,0.0,23.3,0.0
2001-11-22,167.0,0.0,13.6,78.0,0.0,23.4,0.0
2001-11-23,169.0,0.0,10.9,77.6,0.0,23.3,0.0
2001-11-24,169.0,0.0,7.9,76.9,0.0,23.3,0.0
2001-11-25,173.0,3.1,8.7,77.6,3.5,23.3,3.5
2001-11-26,175.0,0.0,5.4,76.7,0.0,23.0,0.0
2001-11-27,174.0,0.0,2.6,76.9,0.0,23.0,0.0
2001-11-28,174.0,0.0,2.4,76.4,0.0,23.0,0.0
2001-11-29,181.0,0.1,4.6,76.7,0.6,23.3,0.6
2001-11-30,180.0,0.0,5.5,76.9,0.8,24.0,0.8
2001-12-01,184.0,0.0,6.5,75.9,0.0,23.7,0.0
2001-12-02,192.0,0.0,8.7,76.0,0.0,23.6,0.0
2001-12-03,188.0,0.0,11.0,75.2,0.0,23.7,0.0
2001-12-04,197.0,10.1,6.9,77.3,11.8,24.6,11.8
2001-12-05,206.0,3.3,3.1,76.4,3.4,24.2,3.4
2001-12-06,206.0,0.0,2.5,75.1,0.0,24.0,0.0
2001-12-07,200.0,0.0,4.2,74.4,0.0,24.0,0.0
2001-12-08,192.0,0.0,3.3,73.4,0.0,24.0,0.0
2001-12-09,190.0,0.0,3.1,73.2,0.0,24.0,0.0
2001-12-10,191.0,1.8,4.2,73.7,3.2,24.0,3.2
2001-12-11,193.0,1.5,1.6,73.0,0.7,24.0,0.7
2001-12-12,193.0,0.4,1.3,72.9,0.0,24.0,0.0
2001-12-13,191.0,0.0,-0.6,72.4,0.0,24.0,0.0
2001-12-14,190.0,0.0,1.2,72.2,0.0,24.0,0.0
2001-12-15,192.0,4.4,2.2,73.4,4.2,24.3,4.2
2001-12-16,191.0,0.0,-1.9,72.1,0.0,24.0,0.0
2001-12-17,190.0,0.0,0.7,72.0,0.0,24.0,0.0
2001-12-18,188.0,0.0,3.9,72.0,0.0,24.0,0.0
2001-12-19,188.0,0.0,3.9,72.0,0.0,24.0,0.0
2001-12-20,191.0,0.0,7.3,72.3,0.0,24.0,0.0
2001-12-21,190.0,0.6,6.4,72.9,1.2,24.0,1.2
2001-12-22,185.0,0.0,3.2,72.8,0.1,24.0,0.1
2001-12-23,185.0,0.0,3.2,73.0,0.0,24.1,0.0
2001-12-24,184.0,0.0,2.0,73.0,0.1,24.4,0.1
2001-12-25,185.0,0.0,2.3,72.8,0.0,24.1,0.0
2001-12-26,185.0,0.0,3.0,73.4,0.0,24.0,0.0
2001-12-27,186.0,0.0,5.2,74.0,0.0,24.0,0.0
2001-12-28,186.0,0.0,6.0,74.0,0.0,24.0,0.0
2001-12-29,190.0,1.0,7.9,75.2,3.8,24.4,3.8
2001-12-30,192.0,0.4,6.7,75.8,1.0,24.9,1.0
2001-12-31,194.0,2.1,6.8,75.6,2.8,24.9,2.8
2002-01-01,195.0,0.0,4.0,75.3,0.0,25.0,0.0
2002-01-02,195.0,0.0,4.1,75.3,0.0,25.0,0.0
2002-01-03,192.0,0.0,5.1,75.7,0.0,24.5,0.0
2002-01-04,190.0,0.0,5.5,75.4,0.0,24.3,0.0
2002-01-05,190.0,0.0,4.3,75.1,0.0,24.2,0.0
2002-01-06,188.0,0.0,7.2,75.0,0.0,24.3,0.0
2002-01-07,188.0,0.0,8.6,75.1,0.0,24.4,0.0
2002-01-08,187.0,0.0,10.0,76.0,0.0,24.5,0.0
2002-01-09,188.0,0.0,12.5,76.5,0.0,24.5,0.0
2002-01-10,187.0,0.7,9.9,76.3,0.4,24.6,0.4
2002-01-11,185.0,0.0,6.8,76.0,0.0,24.1,0.0
2002-01-12,186.0,0.0,7.9,75.9,0.0,24.2,0.0
2002-01-13,186.0,0.0,10.0,76.2,0.0,24.1,0.0
2002-01-14,187.0,0.0,7.9,77.0,0.0,24.2,0.0
2002-01-15,189.0,0.0,9.4,77.5,0.0,24.0,0.0
2002-01-16,190.0,0.0,8.6,77.7,0.0,24.0,0.0
2002-01-17,189.0,0.0,6.3,77.4,0.0,24.0,0.0
2002-01-18,188.0,0.0,5.6,77.3,0.0,24.0,0.0
2002-01-19,187.0,0.0,2.8,77.2,0.0,24.0,0.0
2002-01-20,186.0,0.0,4.6,78.0,0.0,24.0,0.0
2002-01-21,186.0,0.0,5.2,78.2,0.0,24.0,0.0
2002-01-22,189.0,0.0,7.7,78.5,0.0,24.0,0.0
2002-01-23,188.0,1.1,5.4,78.6,1.2,24.0,1.2
2002-01-24,186.0,0.4,2.3,78.1,0.0,23.9,0.0
2002-01-25,187.0,0.0,4.4,78.1,0.0,24.0,0.0
2002-01-26,188.0,0.0,8.3,79.0,0.0,24.0,0.0
2002-01-27,187.0,0.0,10.4,79.1,0.0,24.0,0.0
2002-01-28,187.0,0.0,7.4,79.7,0.0,24.0,0.0
2002-01-29,187.0,0.6,6.4,79.6,2.7,24.0,2.7
2002-01-30,186.0,6.2,3.1,79.8,6.9,24.2,6.9
2002-01-31,185.0,0.1,0.1,79.4,0.1,24.1,0.1
2002-02-01,188.0,0.0,-0.2,79.8,0.0,24.3,0.0
2002-02-02,189.0,0.0,4.1,80.3,0.0,24.4,0.0
2002-02-03,191.0,0.0,4.3,80.6,0.0,24.4,0.0
2002-02-04,190.0,0.0,3.7,80.4,0.0,24.5,0.0
2002-02-05,186.0,0.0,3.7,80.5,0.0,24.5,0.0
2002-02-06,185.0,0.0,3.8,80.5,0.0,24.5,0.0
2002-02-07,180.0,0.0,7.0,80.4,0.0,24.4,0.0
2002-02-08,169.0,0.0,9.6,80.2,0.0,24.1,0.0
2002-02-09,163.0,0.0,5.4,80.1,0.0,23.8,0.0
2002-02-10,171.0,0.0,4.9,79.6,0.0,24.0,0.0
2002-02-11,171.0,0.0,5.6,80.1,0.0,24.0,0.0
2002-02-12,171.0,0.0,9.8,80.3,0.0,24.0,0.0
2002-02-13,167.0,0.0,9.1,80.3,0.0,23.6,0.0
2002-02-14,158.0,0.0,12.9,80.4,0.0,23.6,0.0
2002-02-15,156.0,0.0,10.8,80.2,0.0,23.7,0.0
2002-02-16,155.0,0.0,11.0,80.2,0.0,24.0,0.0
2002-02-17,155.0,0.0,14.0,80.3,0.0,24.0,0.0
2002-02-18,157.0,2.6,8.0,80.3,3.9,24.0,3.9
2002-02-19,159.0,0.0,7.3,79.9,0.0,24.0,0.0
2002-02-20,158.0,0.0,10.1,79.9,0.0,24.0,0.0
2002-02-21,153.0,0.0,10.9,79.5,0.0,24.0,0.0
2002-02-22,152.0,0.0,10.1,79.5,0.0,24.1,0.0
2002-02-23,151.0,0.0,14.6,80.0,0.0,24.0,0.0
2002-02-24,147.0,0.0,13.9,79.7,0.0,24.0,0.0
2002-02-25,143.0,0.0,12.8,79.2,0.0,23.8,0.0
2002-02-26,140.0,0.0,9.5,79.2,0.0,23.8,0.0
2002-02-27,146.0,0.0,9.9,79.3,0.0,24.0,0.0
2002-02-28,154.0,0.0,12.4,79.4,0.0,24.0,0.0
2002-03-01,152.0,0.0,10.5,79.4,0.0,24.0,0.0
2002-03-02,149.0,0.0,3.9,79.2,0.0,24.0,0.0
2002-03-03,156.0,0.0,3.3,79.4,0.0,23.8,0.0
2002-03-04,159.0,0.0,5.8,79.6,0.0,24.0,0.0
2002-03-05,158.0,0.0,10.3,79.9,0.0,24.0,0.0
2002-03-06,161.0,0.0,12.1,79.9,0.0,23.9,0.0
2002-03-07,167.0,0.3,12.9,80.1,0.6,23.9,0.6
2002-03-08,162.0,4.5,10.6,79.7,4.8,23.8,4.8
2002-03-09,157.0,0.0,7.9,79.2,0.0,24.0,0.0
2002-03-10,163.0,0.0,13.0,79.6,0.0,23.6,0.0
2002-03-11,158.0,0.0,12.7,79.5,0.0,23.2,0.0
2002-03-12,149.0,0.0,14.0,79.2,0.0,23.0,0.0
2002-03-13,148.0,0.0,16.2,79.4,0.0,23.0,0.0
2002-03-14,155.0,0.0,10.3,79.0,0.0,23.0,0.0
2002-03-15,150.0,0.0,6.6,79.1,0.0,22.9,0.0
2002-03-16,150.0,0.3,6.1,79.6,0.5,22.8,0.5
2002-03-17,158.0,0.1,6.4,79.7,0.0,22.5,0.0
2002-03-18,169.0,3.1,7.3,79.7,4.0,23.0,4.0
2002-03-19,171.0,0.0,7.5,79.4,0.2,22.9,0.2
2002-03-20,169.0,0.0,10.9,79.1,0.0,22.4,0.0
2002-03-21,158.0,0.0,15.0,78.9,0.0,22.4,0.0
2002-03-22,152.0,0.0,18.7,78.9,0.0,22.8,0.0
2002-03-23,142.0,0.0,15.1,79.1,0.0,22.8,0.0
2002-03-24,138.0,2.3,11.5,79.1,1.7,22.3,1.7
2002-03-25,138.0,0.2,9.6,79.0,0.2,22.5,0.2
2002-03-26,136.0,0.0,13.0,78.9,0.0,22.6,0.0
2002-03-27,136.0,0.0,15.9,78.7,0.0,22.9,0.0
2002-03-28,139.0,0.4,15.5,78.8,0.8,22.8,0.8
2002-03-29,143.0,7.1,13.7,80.9,6.0,22.9,6.0
2002-03-30,152.0,0.0,14.4,79.5,0.0,22.4,0.0
2002-03-31,156.0,0.0,17.5,77.7,0.0,22.9,0.0
2002-04-01,156.0,0.0,19.4,77.5,0.0,23.0,0.0
2002-04-02,141.0,0.0,19.8,76.3,0.0,23.0,0.0
2002-04-03,127.0,0.0,19.9,75.8,0.0,22.8,0.0
2002-04-04,124.0,0.0,19.7,75.4,0.0,22.7,0.0
2002-04-05,121.0,0.0,20.3,73.2,0.0,22.9,0.0
2002-04-06,124.0,0.2,17.8,75.4,0.0,23.1,0.0
2002-04-07,147.0,0.1,14.6,74.9,0.2,22.9,0.2
2002-04-08,167.0,0.9,16.1,72.7,0.1,22.4,0.1
2002-04-09,163.0,0.0,18.4,71.8,0.0,23.0,0.0
2002-04-10,159.0,0.0,19.5,71.6,0.0,22.9,0.0
2002-04-11,151.0,0.0,20.0,71.4,0.0,22.7,0.0
2002-04-12,142.0,0.0,21.2,71.5,0.0,22.2,0.0
2002-04-13,128.0,0.0,20.7,71.3,0.0,22.6,0.0
2002-04-14,120.0,0.0,21.3,71.2,0.0,22.9,0.0
2002-04-15,115.0,0.0,20.4,71.7,0.2,22.1,0.2
2002-04-16,108.0,1.0,15.6,71.6,0.7,22.0,0.7
2002-04-17,114.0,0.0,15.0,71.5,0.0,22.0,0.0
2002-04-18,117.0,0.0,15.3,71.3,0.0,22.6,0.0
2002-04-19,112.0,0.0,15.0,71.4,0.0,22.4,0.0
2002-04-20,109.0,0.0,13.0,71.5,0.0,22.2,0.0
2002-04-21,107.0,0.0,14.0,71.5,0.0,22.3,0.0
2002-04-22,109.0,0.0,18.4,71.7,0.0,22.5,0.0
2002-04-23,101.0,0.0,20.7,71.7,0.0,22.4,0.0
2002-04-24,105.0,0.0,21.7,71.7,0.0,22.2,0.0
2002-04-25,105.0,0.3,22.5,71.6,0.0,22.4,0.0
2002-04-26,101.0,0.9,18.8,71.4,0.9,22.3,0.9
2002-04-27,103.0,0.1,13.7,71.7,0.2,22.3,0.2
2002-04-28,112.0,0.0,16.1,71.6,0.0,22.0,0.0
2002-04-29,119.0,0.0,20.1,71.3,0.0,22.0,0.0
2002-04-30,114.0,0.0,20.1,71.1,0.0,22.0,0.0
2002-05-01,108.0,0.0,17.1,71.5,0.0,22.0,0.0
2002-05-02,102.0,0.0,15.4,71.7,0.0,22.0,0.0
2002-05-03,107.0,0.0,16.9,71.6,0.0,22.0,0.0
2002-05-04,105.0,0.0,19.2,71.4,0.0,22.0,0.0
2002-05-05,105.0,0.0,20.7,71.3,0.0,21.9,0.0
2002-05-06,103.0,0.0,21.3,71.1,0.0,21.9,0.0
2002-05-07,96.3,0.0,21.3,71.0,0.0,21.6,0.0
2002-05-08,89.7,0.0,20.6,71.0,0.0,21.6,0.0
2002-05-09,85.8,0.0,21.3,70.5,0.0,21.6,0.0
2002-05-10,81.4,0.0,22.3,70.3,0.0,21.5,0.0
2002-05-11,80.9,0.0,20.5,70.1,0.0,21.6,0.0
2002-05-12,92.1,0.0,18.8,70.1,0.0,21.7,0.0
2002-05-13,92.9,0.0,21.6,70.1,0.0,21.5,0.0
2002-05-14,90.7,0.0,25.6,69.9,0.0,21.5,0.0
2002-05-15,86.2,0.0,24.8,69.6,0.0,21.4,0.0
2002-05-16,77.4,0.0,24.1,69.6,0.0,21.4,0.0
2002-05-17,75.7,0.0,24.5,69.4,0.0,21.4,0.0
2002-05-18,71.4,0.0,25.3,69.3,0.0,21.4,0.0
2002-05-19,70.0,0.0,24.8,69.2,0.0,21.2,0.0
2002-05-20,68.7,0.0,22.7,69.1,0.0,21.4,0.0
2002-05-21,67.4,0.0,18.6,69.2,0.0,21.2,0.0
2002-05-22,73.8,0.0,17.1,69.9,0.0,21.4,0.0
2002-05-23,71.7,0.0,19.4,70.4,0.0,21.5,0.0
2002-05-24,73.6,0.0,20.7,70.5,0.0,21.4,0.0
2002-05-25,79.1,0.0,23.2,69.7,0.0,21.3,0.0
2002-05-26,77.5,0.0,23.7,70.2,0.0,21.2,0.0
2002-05-27,75.8,0.0,23.0,69.8,0.0,21.3,0.0
2002-05-28,72.6,0.0,24.3,69.5,0.0,21.1,0.0
2002-05-29,74.4,0.0,26.7,69.1,0.0,20.7,0.0
2002-05-30,72.8,0.0,29.1,68.7,0.0,20.6,0.0
2002-05-31,68.8,0.0,29.6,68.3,0.0,20.6,0.0
2002-06-01,62.7,0.0,29.3,68.0,0.0,20.5,0.0
2002-06-02,59.6,0.0,26.9,67.8,0.0,20.7,0.0
2002-06-03,56.9,0.0,25.4,68.3,0.0,20.5,0.0
2002-06-04,57.3,0.0,24.0,68.5,0.0,20.5,0.0
2002-06-05,61.2,0.0,25.4,68.2,0.0,20.4,0.0
2002-06-06,62.3,0.0,28.1,67.7,0.0,20.2,0.0
2002-06-07,60.2,0.0,30.2,67.1,0.0,20.0,0.0
2002-06-08,58.4,0.0,29.7,66.6,0.0,19.8,0.0
2002-06-09,58.9,0.0,26.9,66.4,0.0,19.5,0.0
2002-06-10,58.7,0.0,25.4,66.4,0.0,19.9,0.0
2002-06-11,57.7,0.0,26.3,66.5,0.0,20.0,0.0
2002-06-12,59.2,0.0,27.0,66.6,0.0,20.4,0.0
2002-06-13,59.3,0.0,28.3,66.4,0.0,20.4,0.0
2002-06-14,53.7,0.0,29.8,66.3,0.0,20.1,0.0
2002-06-15,54.6,0.0,29.7,66.1,0.0,20.2,0.0
2002-06-16,59.7,0.0,29.3,65.9,0.0,20.1,0.0
2002-06-17,59.0,0.0,29.9,65.9,0.0,20.1,0.0
2002-06-18,52.9,0.0,29.9,65.7,0.0,20.0,0.0
2002-06-19,55.9,0.0,30.0,65.7,0.0,19.9,0.0
2002-06-20,54.1,0.0,30.0,65.6,0.0,20.0,0.0
2002-06-21,51.4,0.0,29.2,65.7,0.0,20.3,0.0
2002-06-22,48.4,0.0,28.4,65.6,0.0,20.4,0.0
2002-06-23,51.9,0.0,29.3,65.6,0.0,20.5,0.0
2002-06-24,53.4,0.0,30.4,65.6,0.0,20.4,0.0
2002-06-25,54.8,0.0,30.9,65.5,0.0,20.4,0.0
2002-06-26,58.0,0.0,31.6,65.5,0.0,20.4,0.0
2002-06-27,57.0,0.0,31.3,65.3,0.0,20.1,0.0
2002-06-28,54.8,0.0,30.4,65.2,0.0,20.3,0.0
2002-06-29,52.9,0.0,30.9,65.2,0.0,20.4,0.0
2002-06-30,51.8,0.0,31.0,65.3,0.0,20.3,0.0
2002-07-01,54.8,0.0,32.1,65.4,0.0,20.4,0.0
2002-07-02,49.4,0.2,32.2,65.1,0.1,20.5,0.1
2002-07-03,52.4,2.6,30.1,66.4,1.0,20.9,1.0
2002-07-04,53.3,0.0,27.6,67.4,0.0,20.6,0.0
2002-07-05,51.8,0.0,29.5,67.0,0.0,20.0,0.0
2002-07-06,50.7,0.0,30.3,66.0,0.0,20.1,0.0
2002-07-07,47.3,0.0,31.1,65.6,0.0,19.8,0.0
2002-07-08,46.6,0.0,32.1,65.6,0.0,19.7,0.0
2002-07-09,51.3,2.7,32.3,65.5,2.4,19.7,2.4
2002-07-10,58.7,0.2,29.8,66.7,0.4,20.4,0.4
2002-07-11,58.9,0.8,29.2,67.0,1.7,20.4,1.7
2002-07-12,61.3,0.2,29.6,67.4,1.1,20.4,1.1
2002-07-13,61.2,0.5,30.9,67.4,0.0,20.2,0.0
2002-07-14,62.6,1.1,30.4,66.8,0.8,19.9,0.8
2002-07-15,72.9,4.5,28.9,67.8,1.6,20.5,1.6
2002-07-16,71.2,1.7,26.3,73.8,0.5,20.6,0.5
2002-07-17,82.9,3.7,25.7,69.7,5.0,20.4,5.0
2002-07-18,84.3,2.7,26.5,68.8,1.0,20.0,1.0
2002-07-19,81.4,0.3,27.0,67.6,0.0,20.3,0.0
2002-07-20,80.6,0.8,27.9,67.8,0.0,20.1,0.0
2002-07-21,75.4,0.0,29.3,67.4,0.0,20.1,0.0
2002-07-22,71.5,0.0,29.8,65.7,0.0,20.0,0.0
2002-07-23,71.2,0.0,28.7,65.7,0.0,20.2,0.0
2002-07-24,73.6,2.1,28.3,67.4,0.0,21.0,0.0
2002-07-25,67.1,5.8,27.7,69.5,0.3,20.6,0.3
2002-07-26,73.1,0.8,28.2,67.1,0.4,20.5,0.4
2002-07-27,70.0,1.6,27.7,66.4,0.0,20.3,0.0
2002-07-28,73.8,0.0,28.1,65.8,0.0,20.3,0.0
2002-07-29,69.1,0.0,29.6,65.3,0.0,20.2,0.0
2002-07-30,59.0,0.0,30.6,65.1,0.0,20.1,0.0
2002-07-31,58.2,0.0,29.2,65.6,0.0,20.3,0.0
2002-08-01,56.1,0.5,29.1,66.3,1.5,20.4,1.5
2002-08-02,57.4,2.1,27.8,68.0,3.0,20.5,3.0
2002-08-03,58.2,2.2,26.8,68.7,0.3,20.5,0.3
2002-08-04,62.8,0.0,27.4,69.1,0.0,20.4,0.0
2002-08-05,80.1,0.3,26.2,68.0,0.1,20.3,0.1
2002-08-06,90.5,1.4,25.5,67.9,0.0,20.5,0.0
2002-08-07,95.9,0.0,26.3,67.9,0.0,20.5,0.0
2002-08-08,88.3,0.0,28.1,66.8,0.0,20.4,0.0
2002-08-09,80.2,0.0,29.8,66.2,0.0,20.3,0.0
2002-08-10,74.1,0.0,31.0,66.0,0.0,20.0,0.0
2002-08-11,69.1,0.0,31.1,65.7,0.0,19.9,0.0
2002-08-12,61.2,0.0,31.3,65.7,0.0,19.9,0.0
2002-08-13,51.1,0.0,31.1,65.7,0.0,19.9,0.0
2002-08-14,49.0,0.8,30.9,66.4,0.0,19.9,0.0
2002-08-15,50.1,0.3,30.9,66.5,0.0,20.0,0.0
2002-08-16,51.0,0.4,29.1,66.5,0.0,20.2,0.0
2002-08-17,51.1,0.0,29.5,67.1,0.0,20.0,0.0
2002-08-18,51.3,0.0,30.2,66.5,0.0,19.9,0.0
2002-08-19,53.3,0.5,29.1,66.1,0.3,20.1,0.3
2002-08-20,52.7,5.0,26.1,76.1,4.2,20.4,4.2
2002-08-21,50.8,0.0,26.2,71.2,0.0,19.9,0.0
2002-08-22,50.5,0.0,26.6,67.3,0.0,19.9,0.0
2002-08-23,49.4,0.0,27.4,66.8,0.0,20.1,0.0
2002-08-24,51.5,0.0,27.7,66.7,0.0,19.8,0.0
2002-08-25,51.5,0.0,28.0,66.6,0.0,20.0,0.0
2002-08-26,52.1,0.0,28.8,66.6,0.0,20.1,0.0
2002-08-27,50.9,0.0,29.3,66.4,0.0,20.1,0.0
2002-08-28,55.8,0.2,29.0,66.6,0.2,20.1,0.2
2002-08-29,55.4,2.4,26.1,66.7,0.5,20.3,0.5
2002-08-30,52.2,0.1,26.0,66.6,0.0,20.4,0.0
2002-08-31,51.7,0.0,28.3,66.9,0.0,20.4,0.0
2002-09-01,52.8,0.0,29.5,66.9,0.0,20.4,0.0
2002-09-02,52.3,0.0,29.6,67.0,0.0,20.3,0.0
2002-09-03,49.9,0.0,29.6,67.3,0.0,20.3,0.0
2002-09-04,50.5,0.0,29.6,66.9,0.0,20.3,0.0
2002-09-05,51.3,0.0,29.5,67.7,0.0,20.5,0.0
2002-09-06,58.0,4.4,28.1,70.3,2.5,21.6,2.5
2002-09-07,246.0,21.7,22.1,175.0,21.0,30.3,21.0
2002-09-08,1060.0,23.8,19.5,135.0,22.7,67.5,22.7
2002-09-09,558.0,0.7,20.7,125.0,1.6,31.7,1.6
2002-09-10,590.0,0.6,21.5,102.0,0.4,247.0,0.4
2002-09-11,1280.0,23.1,19.7,466.0,15.7,79.8,15.7
2002-09-12,640.0,0.0,21.9,198.0,0.0,32.6,0.0
2002-09-13,437.0,0.0,22.1,102.0,0.0,25.0,0.0
2002-09-14,303.0,0.0,22.0,79.2,0.0,22.6,0.0
2002-09-15,245.0,0.0,22.9,73.6,0.0,21.6,0.0
2002-09-16,211.0,0.0,24.4,71.7,0.0,21.5,0.0
2002-09-17,190.0,0.0,24.7,70.9,0.0,21.0,0.0
2002-09-18,169.0,0.8,22.5,70.1,0.0,20.9,0.0
2002-09-19,139.0,0.0,20.3,69.5,0.0,21.0,0.0
2002-09-20,124.0,0.0,22.9,69.1,0.0,20.9,0.0
2002-09-21,120.0,0.0,24.1,68.9,0.0,20.8,0.0
2002-09-22,109.0,0.0,24.3,68.5,0.0,20.7,0.0
2002-09-23,107.0,0.0,24.9,68.6,0.0,20.9,0.0
2002-09-24,102.0,0.0,25.1,68.4,0.0,20.8,0.0
2002-09-25,96.4,0.0,26.9,68.4,0.0,20.9,0.0
2002-09-26,91.8,0.0,26.2,68.4,0.0,21.0,0.0
2002-09-27,94.8,0.0,25.0,69.1,0.0,20.9,0.0
2002-09-28,97.3,0.0,22.6,69.4,0.2,21.0,0.2
2002-09-29,104.0,0.3,19.9,69.3,1.1,21.0,1.1
2002-09-30,113.0,0.0,19.4,68.9,0.0,21.0,0.0
2002-10-01,111.0,0.0,18.3,70.2,0.2,20.9,0.2
2002-10-02,114.0,7.2,14.5,70.8,4.4,20.9,4.4
2002-10-03,130.0,0.0,11.8,71.0,0.0,21.0,0.0
2002-10-04,143.0,0.0,14.5,71.1,0.0,21.1,0.0
2002-10-05,145.0,0.0,16.2,71.1,0.0,20.9,0.0
2002-10-06,142.0,0.0,17.6,70.4,0.0,21.0,0.0
2002-10-07,135.0,0.0,19.1,70.5,0.0,20.9,0.0
2002-10-08,119.0,0.0,20.6,70.7,0.0,21.0,0.0
2002-10-09,113.0,0.0,21.3,70.4,0.0,21.0,0.0
2002-10-10,102.0,0.0,20.7,70.4,0.0,20.9,0.0
2002-10-11,102.0,0.0,21.4,70.8,0.0,21.0,0.0
2002-10-12,102.0,0.0,20.5,71.2,0.0,21.1,0.0
2002-10-13,104.0,0.0,19.6,71.4,0.0,21.1,0.0
2002-10-14,102.0,0.0,20.5,71.9,0.0,21.1,0.0
2002-10-15,102.0,0.0,20.6,72.0,0.0,21.1,0.0
2002-10-16,99.8,0.0,20.4,71.9,0.0,21.1,0.0
2002-10-17,104.0,0.0,18.6,73.9,0.0,21.3,0.0
2002-10-18,111.0,0.0,16.4,74.0,0.0,21.3,0.0
2002-10-19,124.0,0.0,16.3,73.4,0.0,21.2,0.0
2002-10-20,130.0,0.0,17.2,73.2,0.0,21.0,0.0
2002-10-21,130.0,0.0,17.5,73.3,0.0,21.0,0.0
2002-10-22,126.0,0.4,17.2,73.4,0.2,21.0,0.2
2002-10-23,131.0,0.4,15.8,75.2,1.0,21.5,1.0
2002-10-24,147.0,0.0,14.8,78.3,0.0,21.2,0.0
2002-10-25,148.0,0.0,14.6,76.1,0.0,21.1,0.0
2002-10-26,154.0,0.5,13.9,76.4,0.0,21.7,0.0
2002-10-27,163.0,10.1,10.8,78.0,4.4,21.3,4.4
2002-10-28,179.0,1.9,10.3,76.8,0.0,21.2,0.0
2002-10-29,181.0,0.0,12.4,76.0,0.1,21.2,0.1
2002-10-30,177.0,0.0,12.6,75.0,0.0,21.2,0.0
2002-10-31,171.0,0.0,13.5,74.8,0.0,21.2,0.0
2002-11-01,168.0,0.0,13.3,74.8,0.0,21.2,0.0
2002-11-02,167.0,0.0,14.7,74.9,0.0,21.2,0.0
2002-11-03,166.0,0.0,13.3,74.7,0.0,21.2,0.0
2002-11-04,147.0,0.0,11.9,74.6,0.0,21.3,0.0
2002-11-05,142.0,0.0,10.8,74.5,0.0,21.4,0.0
2002-11-06,143.0,0.0,11.8,74.7,0.0,21.5,0.0
2002-11-07,151.0,0.0,14.6,75.3,0.0,21.5,0.0
2002-11-08,151.0,0.3,14.0,75.9,0.0,21.6,0.0
2002-11-09,158.0,0.5,13.5,76.7,5.2,21.6,5.2
2002-11-10,161.0,2.6,13.2,76.6,6.2,21.7,6.2
2002-11-11,214.0,0.0,11.6,75.7,0.0,21.4,0.0
2002-11-12,262.0,0.0,8.8,75.5,0.0,21.3,0.0
2002-11-13,219.0,0.0,10.5,75.8,0.0,21.5,0.0
2002-11-14,197.0,0.0,11.6,76.0,0.0,21.5,0.0
2002-11-15,190.0,0.0,9.8,75.9,0.0,21.5,0.0
2002-11-16,188.0,0.0,8.2,75.9,0.0,21.6,0.0
2002-11-17,191.0,0.0,10.6,76.2,0.0,21.6,0.0
2002-11-18,186.0,0.0,9.8,76.3,0.0,21.6,0.0
2002-11-19,192.0,0.0,8.7,76.4,0.0,21.6,0.0
2002-11-20,192.0,0.0,10.8,76.4,0.0,21.7,0.0
2002-11-21,191.0,0.0,11.5,76.5,0.0,21.7,0.0
2002-11-22,188.0,0.0,13.8,76.5,0.0,21.8,0.0
2002-11-23,189.0,0.0,14.9,76.7,0.0,21.8,0.0
2002-11-24,187.0,0.0,11.7,76.6,0.0,21.7,0.0
2002-11-25,188.0,1.7,10.9,77.3,0.7,21.3,0.7
2002-11-26,193.0,1.2,6.8,77.2,0.1,21.3,0.1
2002-11-27,194.0,0.0,7.3,77.2,0.0,21.3,0.0
2002-11-28,195.0,0.0,7.9,77.1,0.0,21.4,0.0
2002-11-29,194.0,0.0,9.8,77.5,0.0,21.6,0.0
2002-11-30,204.0,15.7,10.7,80.4,14.1,21.7,14.1
2002-12-01,205.0,0.0,7.6,78.8,0.5,21.4,0.5
2002-12-02,220.0,0.0,7.8,78.5,0.0,21.4,0.0
2002-12-03,217.0,3.2,9.2,78.5,0.7,21.4,0.7
2002-12-04,207.0,0.2,7.2,78.3,0.0,21.4,0.0
2002-12-05,202.0,0.0,7.4,78.3,0.0,21.3,0.0
2002-12-06,202.0,0.0,7.7,78.3,0.0,21.4,0.0
2002-12-07,203.0,0.1,8.9,78.5,0.5,21.4,0.5
2002-12-08,201.0,0.0,6.8,78.5,0.0,21.6,0.0
2002-12-09,201.0,0.0,6.3,78.5,0.0,21.3,0.0
2002-12-10,203.0,0.0,8.0,78.5,0.0,21.4,0.0
2002-12-11,203.0,0.0,8.3,78.5,0.0,21.5,0.0
2002-12-12,203.0,0.0,6.8,78.4,0.0,21.6,0.0
2002-12-13,202.0,0.0,7.9,78.5,0.0,21.6,0.0
2002-12-14,201.0,0.0,8.5,78.5,0.0,21.6,0.0
2002-12-15,203.0,0.0,11.2,78.5,0.0,21.6,0.0
2002-12-16,201.0,0.0,9.2,78.6,0.0,21.9,0.0
2002-12-17,204.0,3.6,8.5,79.7,8.1,22.3,8.1
2002-12-18,205.0,4.4,4.0,82.5,6.0,22.4,6.0
2002-12-19,204.0,0.6,1.5,80.5,0.0,22.0,0.0
2002-12-20,209.0,0.0,3.4,79.9,0.0,22.1,0.0
2002-12-21,208.0,1.0,2.8,80.4,1.7,22.2,1.7
2002-12-22,205.0,0.0,1.4,80.0,0.0,22.3,0.0
2002-12-23,210.0,4.8,2.0,80.4,2.3,22.1,2.3
2002-12-24,212.0,3.4,1.3,80.0,2.7,22.2,2.7
2002-12-25,210.0,0.0,0.9,79.6,0.0,22.4,0.0
2002-12-26,206.0,0.0,-0.7,79.3,0.0,22.7,0.0
2002-12-27,206.0,0.0,1.1,79.2,0.0,23.0,0.0
2002-12-28,207.0,0.0,2.8,79.4,0.0,22.8,0.0
2002-12-29,209.0,1.0,7.8,79.8,1.3,23.1,1.3
2002-12-30,209.0,2.4,1.3,79.6,2.6,23.4,2.6
2002-12-31,209.0,0.0,3.3,79.2,0.0,23.5,0.0
2003-01-01,208.0,0.0,3.5,79.2,0.0,23.6,0.0
2003-01-02,204.0,0.0,2.4,79.1,0.0,23.8,0.0
2003-01-03,204.0,0.0,4.7,79.1,0.0,23.9,0.0
2003-01-04,204.0,0.0,7.6,79.3,0.0,23.9,0.0
2003-01-05,203.0,0.0,9.3,79.6,0.0,24.0,0.0
2003-01-06,202.0,1.2,9.1,79.9,1.8,24.0,1.8
2003-01-07,201.0,0.0,7.5,79.6,0.0,24.4,0.0
2003-01-08,205.0,5.2,7.7,81.2,2.9,24.7,2.9
2003-01-09,211.0,1.5,7.4,81.0,1.5,24.6,1.5
2003-01-10,212.0,0.0,7.6,80.5,0.0,24.8,0.0
2003-01-11,215.0,1.8,8.0,79.9,0.5,24.8,0.5
2003-01-12,219.0,0.0,6.8,79.8,0.0,24.5,0.0
2003-01-13,215.0,0.0,8.2,79.9,0.0,24.5,0.0
2003-01-14,211.0,0.0,9.5,79.9,0.0,24.5,0.0
2003-01-15,210.0,0.0,11.5,79.9,0.0,24.6,0.0
2003-01-16,209.0,0.0,7.4,79.9,0.0,24.5,0.0
2003-01-17,208.0,0.0,8.4,80.0,0.0,24.6,0.0
2003-01-18,205.0,0.0,8.0,79.9,0.0,24.6,0.0
2003-01-19,201.0,0.0,9.9,79.9,0.0,24.7,0.0
2003-01-20,201.0,0.7,11.1,80.6,0.5,24.8,0.5
2003-01-21,204.0,1.2,8.4,81.9,1.9,25.1,1.9
2003-01-22,208.0,0.0,9.2,81.1,0.0,25.0,0.0
2003-01-23,207.0,0.0,9.7,80.5,0.0,25.1,0.0
2003-01-24,205.0,0.0,13.6,80.3,0.0,25.0,0.0
2003-01-25,203.0,0.0,12.0,80.1,0.0,24.7,0.0
2003-01-26,203.0,0.0,10.0,79.9,0.0,24.6,0.0
2003-01-27,202.0,0.0,11.5,79.9,0.0,24.5,0.0
2003-01-28,202.0,0.0,12.9,79.9,0.0,24.1,0.0
2003-01-29,187.0,0.0,12.5,79.8,0.0,24.1,0.0
2003-01-30,166.0,0.0,11.2,79.4,0.0,24.1,0.0
2003-01-31,158.0,0.0,12.2,79.5,0.0,24.0,0.0
2003-02-01,164.0,0.0,12.8,79.5,0.0,24.0,0.0
2003-02-02,169.0,0.0,11.1,79.6,0.0,23.7,0.0
2003-02-03,168.0,0.0,5.8,79.3,0.0,23.6,0.0
2003-02-04,171.0,0.0,7.3,79.8,0.0,23.5,0.0
2003-02-05,180.0,0.0,7.8,79.9,0.0,23.2,0.0
2003-02-06,184.0,0.0,4.6,79.8,0.0,23.2,0.0
2003-02-07,186.0,0.0,4.8,79.6,0.0,22.9,0.0
2003-02-08,195.0,2.4,4.9,79.9,1.9,22.6,1.9
2003-02-09,197.0,0.6,4.3,79.8,0.0,22.8,0.0
2003-02-10,196.0,0.0,6.0,79.7,0.0,22.7,0.0
2003-02-11,194.0,0.8,7.2,79.9,0.3,22.7,0.3
2003-02-12,197.0,0.6,9.6,80.7,0.6,22.5,0.6
2003-02-13,231.0,31.5,10.4,93.9,35.0,25.3,35.0
2003-02-14,4260.0,15.2,9.0,286.0,11.3,23.5,11.3
2003-02-15,2190.0,0.4,8.0,139.0,1.3,23.6,1.3
2003-02-16,927.0,0.0,10.4,93.0,0.0,23.3,0.0
2003-02-17,552.0,0.0,10.4,82.0,0.0,22.9,0.0
2003-02-18,395.0,3.6,11.3,79.5,3.1,23.3,3.1
2003-02-19,318.0,1.6,8.9,78.6,0.0,23.5,0.0
2003-02-20,281.0,0.5,9.5,78.6,0.0,23.8,0.0
2003-02-21,259.0,0.0,8.3,77.9,0.0,24.1,0.0
2003-02-22,237.0,0.0,10.0,77.5,0.0,24.6,0.0
2003-02-23,221.0,0.9,8.9,77.4,0.7,24.9,0.7
2003-02-24,215.0,1.2,10.6,77.3,1.8,25.1,1.8
2003-02-25,219.0,12.1,7.6,79.0,7.3,25.2,7.3
2003-02-26,265.0,21.9,5.0,82.5,24.3,27.9,24.3
2003-02-27,376.0,10.5,4.3,82.6,13.9,25.7,13.9
2003-02-28,554.0,15.4,1.8,83.2,16.0,27.2,16.0
2003-03-01,552.0,5.9,0.6,84.0,1.8,25.9,1.8
2003-03-02,476.0,10.7,1.8,86.4,9.6,26.8,9.6
2003-03-03,499.0,0.0,-0.1,81.4,0.0,26.5,0.0
2003-03-04,481.0,0.0,5.4,79.8,0.1,26.1,0.1
2003-03-05,448.0,2.6,4.9,79.9,5.1,26.6,5.1
2003-03-06,427.0,0.0,4.5,79.1,0.0,26.8,0.0
2003-03-07,593.0,0.0,7.8,79.3,0.0,27.0,0.0
2003-03-08,1040.0,0.0,9.0,133.0,0.0,26.8,0.0
2003-03-09,1510.0,0.0,10.0,320.0,0.0,26.7,0.0
2003-03-10,2270.0,0.0,10.2,318.0,0.0,27.2,0.0
2003-03-11,2370.0,0.0,11.8,278.0,0.0,27.3,0.0
2003-03-12,2160.0,0.0,13.6,204.0,0.0,27.2,0.0
2003-03-13,1910.0,0.0,14.3,146.0,0.0,27.2,0.0
2003-03-14,1590.0,0.0,15.9,115.0,0.0,26.7,0.0
2003-03-15,1180.0,0.0,13.6,97.9,0.0,26.2,0.0
2003-03-16,1060.0,18.2,10.3,980.0,21.2,27.3,21.2
2003-03-17,7450.0,20.4,5.8,1960.0,21.7,26.4,21.7
2003-03-18,4730.0,1.3,5.6,758.0,0.9,26.0,0.9
2003-03-19,2610.0,0.0,6.7,474.0,0.0,25.9,0.0
2003-03-20,1680.0,0.3,8.7,258.0,0.1,25.4,0.1
2003-03-21,1680.0,1.2,9.5,167.0,0.4,24.8,0.4
2003-03-22,1750.0,0.0,10.7,127.0,0.0,24.8,0.0
2003-03-23,1350.0,0.0,13.6,106.0,0.0,24.5,0.0
2003-03-24,1110.0,0.0,14.7,90.1,0.0,24.3,0.0
2003-03-25,844.0,0.0,13.5,80.9,0.0,24.4,0.0
2003-03-26,624.0,0.0,14.8,77.8,0.0,23.5,0.0
2003-03-27,488.0,0.0,14.7,76.4,0.0,23.0,0.0
2003-03-28,402.0,0.0,8.8,75.1,0.0,22.4,0.0
2003-03-29,328.0,0.0,8.6,74.5,0.0,22.1,0.0
2003-03-30,280.0,0.0,9.7,74.6,0.0,21.8,0.0
2003-03-31,247.0,0.0,13.4,74.7,0.0,21.6,0.0
2003-04-01,218.0,0.0,17.4,74.4,0.0,21.4,0.0
2003-04-02,199.0,0.0,13.9,74.0,0.0,21.4,0.0
2003-04-03,190.0,0.0,11.0,74.2,0.0,21.4,0.0
2003-04-04,183.0,0.0,9.6,74.5,0.0,21.7,0.0
2003-04-05,181.0,1.5,9.0,74.5,2.3,21.9,2.3
2003-04-06,178.0,0.0,8.4,74.5,0.0,21.9,0.0
2003-04-07,177.0,0.0,11.2,74.5,0.0,21.9,0.0
2003-04-08,175.0,0.0,11.6,74.1,0.0,21.8,0.0
2003-04-09,173.0,0.0,15.9,73.5,0.0,21.8,0.0
2003-04-10,169.0,0.0,17.2,73.5,0.0,21.6,0.0
2003-04-11,168.0,0.0,17.5,73.5,0.0,21.5,0.0
2003-04-12,167.0,0.0,17.9,73.5,0.0,21.5,0.0
2003-04-13,166.0,0.0,17.7,73.5,0.0,21.4,0.0
2003-04-14,165.0,0.0,16.4,73.2,0.0,21.3,0.0
2003-04-15,165.0,9.7,11.5,75.9,10.8,21.7,10.8
2003-04-16,166.0,0.0,11.3,76.1,0.0,21.4,0.0
2003-04-17,167.0,0.0,14.1,75.1,0.6,21.6,0.6
2003-04-18,165.0,0.5,11.2,74.5,1.0,21.6,1.0
2003-04-19,164.0,0.6,10.6,75.3,0.8,21.5,0.8
2003-04-20,163.0,0.0,13.1,75.1,0.0,21.3,0.0
2003-04-21,163.0,0.0,16.1,74.5,0.0,21.3,0.0
2003-04-22,161.0,0.3,12.2,74.5,1.0,21.2,1.0
2003-04-23,161.0,0.0,11.0,74.5,0.0,21.2,0.0
2003-04-24,161.0,0.0,13.7,74.5,0.0,21.2,0.0
2003-04-25,161.0,0.0,16.6,74.8,0.0,21.1,0.0
2003-04-26,160.0,0.0,17.9,74.8,0.0,21.0,0.0
2003-04-27,159.0,0.0,19.2,74.5,0.0,20.9,0.0
2003-04-28,158.0,0.0,19.5,74.5,0.0,20.8,0.0
2003-04-29,156.0,0.0,18.4,74.5,0.0,21.0,0.0
2003-04-30,155.0,0.0,16.1,74.5,0.0,21.0,0.0
2003-05-01,154.0,0.0,16.4,74.5,0.0,21.0,0.0
2003-05-02,153.0,0.0,18.6,74.5,0.0,21.0,0.0
2003-05-03,153.0,0.0,17.2,74.5,0.0,21.0,0.0
2003-05-04,152.0,0.1,14.9,74.5,0.4,21.0,0.4
2003-05-05,151.0,0.0,16.1,74.5,0.0,21.0,0.0
2003-05-06,151.0,0.0,17.6,74.1,0.0,21.0,0.0
2003-05-07,145.0,0.0,17.0,73.7,0.0,20.8,0.0
2003-05-08,126.0,0.0,15.1,73.5,0.0,20.8,0.0
2003-05-09,117.0,0.0,14.5,73.5,0.0,20.9,0.0
2003-05-10,115.0,0.0,14.0,73.5,0.0,21.0,0.0
2003-05-11,117.0,0.0,17.5,73.0,0.0,21.0,0.0
2003-05-12,112.0,0.0,21.0,71.5,0.0,21.0,0.0
2003-05-13,109.0,0.0,23.5,71.5,0.0,21.0,0.0
2003-05-14,107.0,0.0,23.7,71.1,0.0,21.1,0.0
2003-05-15,109.0,0.0,19.6,71.0,0.0,21.0,0.0
2003-05-16,97.9,0.0,22.6,70.1,0.0,20.9,0.0
2003-05-17,93.4,0.0,25.4,69.6,0.0,21.0,0.0
2003-05-18,98.9,0.0,25.5,69.2,0.0,20.9,0.0
2003-05-19,95.5,0.0,24.3,68.8,0.0,20.9,0.0
2003-05-20,91.3,0.0,25.1,68.7,0.0,20.8,0.0
2003-05-21,92.6,0.0,26.0,68.8,0.0,20.9,0.0
2003-05-22,91.7,0.0,26.5,68.5,0.0,20.8,0.0
2003-05-23,83.8,0.0,26.6,68.3,0.0,20.9,0.0
2003-05-24,77.9,0.0,26.9,67.7,0.0,20.7,0.0
2003-05-25,74.7,0.0,25.5,67.3,0.0,20.7,0.0
2003-05-26,75.6,0.0,26.0,67.4,0.0,20.7,0.0
2003-05-27,77.1,0.0,27.8,66.9,0.0,20.7,0.0
2003-05-28,80.6,0.0,30.3,67.1,0.0,20.8,0.0
2003-05-29,78.9,0.0,29.4,67.2,0.0,20.9,0.0
2003-05-30,69.9,1.5,27.7,66.9,0.0,20.7,0.0
2003-05-31,63.7,0.3,25.7,67.3,0.7,21.1,0.7
2003-06-01,65.0,0.0,27.8,67.5,0.0,21.0,0.0
2003-06-02,78.6,0.0,28.9,66.6,0.0,20.8,0.0
2003-06-03,75.4,0.0,29.0,65.6,0.0,20.7,0.0
2003-06-04,73.7,0.0,28.2,65.4,0.0,20.7,0.0
2003-06-05,69.4,0.0,28.0,65.4,0.0,21.0,0.0
2003-06-06,71.6,0.9,27.3,66.3,0.4,21.4,0.4
2003-06-07,69.9,0.6,27.5,67.4,0.0,21.2,0.0
2003-06-08,71.4,0.5,28.0,67.3,0.0,21.1,0.0
2003-06-09,69.1,0.0,28.1,67.1,0.0,21.0,0.0
2003-06-10,69.4,0.0,25.6,66.2,0.0,20.9,0.0
2003-06-11,73.3,0.0,24.0,65.4,0.0,21.0,0.0
2003-06-12,70.9,0.0,24.7,65.5,0.0,20.9,0.0
2003-06-13,66.0,0.0,25.2,65.1,0.0,20.8,0.0
2003-06-14,66.0,0.0,26.7,64.5,0.0,20.7,0.0
2003-06-15,65.6,0.0,28.4,64.5,0.0,20.7,0.0
2003-06-16,61.8,0.0,28.8,64.1,0.0,20.6,0.0
2003-06-17,61.3,0.0,28.7,64.2,0.0,20.5,0.0
2003-06-18,61.9,0.0,28.1,63.9,0.0,20.5,0.0
2003-06-19,59.3,0.0,27.2,63.9,0.0,20.4,0.0
2003-06-20,58.3,0.0,24.7,63.7,0.0,20.5,0.0
2003-06-21,57.5,0.0,23.6,63.9,0.0,20.4,0.0
2003-06-22,57.9,0.0,24.0,64.0,0.0,20.3,0.0
2003-06-23,58.5,0.0,24.1,63.8,0.0,20.2,0.0
2003-06-24,53.5,0.0,23.7,63.6,0.0,20.0,0.0
2003-06-25,51.5,0.0,24.4,64.1,0.0,20.1,0.0
2003-06-26,50.6,0.0,27.2,64.0,0.0,19.9,0.0
2003-06-27,49.0,0.0,29.1,63.5,0.0,19.7,0.0
2003-06-28,46.0,0.0,30.5,63.0,0.0,19.7,0.0
2003-06-29,48.9,0.0,31.0,62.8,0.0,19.7,0.0
2003-06-30,49.3,0.0,30.8,62.9,0.0,19.7,0.0
2003-07-01,47.2,0.0,30.3,62.8,0.0,19.6,0.0
2003-07-02,47.7,0.0,30.2,62.8,0.0,19.5,0.0
2003-07-03,48.7,0.0,30.2,62.6,0.0,19.4,0.0
2003-07-04,50.7,0.0,31.5,62.8,0.0,19.2,0.0
2003-07-05,51.0,0.0,32.4,62.8,0.0,19.1,0.0
2003-07-06,54.8,0.0,31.8,62.3,0.0,19.1,0.0
2003-07-07,51.1,0.0,31.0,62.1,0.0,19.1,0.0
2003-07-08,48.1,0.0,31.0,62.4,0.0,19.1,0.0
2003-07-09,44.6,0.0,31.8,62.2,0.0,19.1,0.0
2003-07-10,44.1,0.0,33.0,61.7,0.0,19.0,0.0
2003-07-11,46.0,0.0,32.6,61.2,0.0,18.9,0.0
2003-07-12,44.9,0.0,32.7,61.4,0.0,18.9,0.0
2003-07-13,45.4,0.0,33.6,61.4,0.0,19.0,0.0
2003-07-14,49.6,0.0,33.5,62.0,0.2,19.0,0.2
2003-07-15,51.6,2.2,33.3,62.4,0.0,19.1,0.0
2003-07-16,53.5,0.0,32.5,62.8,0.0,18.9,0.0
2003-07-17,50.6,0.0,31.8,62.2,0.0,19.1,0.0
2003-07-18,50.9,0.0,29.8,62.7,0.0,19.1,0.0
2003-07-19,52.1,0.5,29.8,63.4,0.0,19.1,0.0
2003-07-20,57.7,0.2,31.3,62.9,0.0,18.9,0.0
2003-07-21,58.5,0.7,32.0,63.1,0.0,19.7,0.0
2003-07-22,61.6,1.1,30.7,65.0,0.0,19.9,0.0
2003-07-23,59.4,0.0,30.4,66.2,0.5,19.3,0.5
2003-07-24,55.4,0.1,30.1,65.9,0.0,19.3,0.0
2003-07-25,53.6,4.0,29.2,81.3,0.2,19.4,0.2
2003-07-26,53.6,2.3,28.2,68.3,0.4,19.2,0.4
2003-07-27,58.5,1.6,28.9,65.6,2.8,19.1,2.8
2003-07-28,59.0,1.8,25.3,65.8,2.1,19.5,2.1
2003-07-29,65.9,0.4,25.1,67.2,3.4,19.5,3.4
2003-07-30,67.0,3.8,24.7,68.8,0.1,19.9,0.1
2003-07-31,78.4,0.1,25.7,97.3,0.6,21.9,0.6
2003-08-01,103.0,2.0,25.2,78.1,0.1,19.8,0.1
2003-08-02,130.0,0.0,25.7,71.9,0.0,19.4,0.0
2003-08-03,112.0,0.0,26.8,68.6,0.0,19.1,0.0
2003-08-04,95.9,0.0,28.0,67.0,0.0,19.0,0.0
2003-08-05,84.1,0.0,28.6,65.6,0.0,19.0,0.0
2003-08-06,74.4,0.0,30.1,64.5,0.0,19.0,0.0
2003-08-07,70.8,0.0,30.1,63.9,0.0,19.1,0.0
2003-08-08,64.9,0.8,29.5,65.2,1.7,19.1,1.7
2003-08-09,62.8,2.1,29.3,64.7,0.2,19.3,0.2
2003-08-10,58.2,0.7,29.5,63.6,0.0,19.2,0.0
2003-08-11,55.6,1.9,30.6,64.0,0.0,19.3,0.0
2003-08-12,54.7,0.0,30.7,65.2,0.0,19.2,0.0
2003-08-13,54.5,0.0,30.8,67.0,0.0,19.2,0.0
2003-08-14,56.5,1.5,29.9,68.0,0.4,21.4,0.4
2003-08-15,148.0,32.8,23.6,350.0,56.5,144.0,56.5
2003-08-16,162.0,0.1,23.7,331.0,0.0,50.5,0.0
2003-08-17,214.0,0.0,24.4,130.0,0.0,80.2,0.0
2003-08-18,246.0,0.0,26.1,109.0,0.0,38.6,0.0
2003-08-19,183.0,0.5,26.6,94.5,0.3,25.4,0.3
2003-08-20,156.0,2.2,24.4,87.8,0.0,22.6,0.0
2003-08-21,132.0,1.2,25.7,71.0,0.1,29.0,0.1
2003-08-22,122.0,6.0,26.0,76.0,0.5,34.8,0.5
2003-08-23,109.0,2.0,26.7,87.0,1.1,401.0,1.1
2003-08-24,114.0,0.0,25.9,294.0,0.0,224.0,0.0
2003-08-25,136.0,1.7,26.8,202.0,0.8,179.0,0.8
2003-08-26,224.0,6.8,25.8,175.0,1.8,133.0,1.8
2003-08-27,250.0,20.5,21.3,209.0,37.1,154.0,37.1
2003-08-28,234.0,3.4,22.8,187.0,1.6,63.5,1.6
2003-08-29,250.0,0.5,23.6,112.0,0.4,54.2,0.4
2003-08-30,232.0,0.2,24.9,137.0,0.0,376.0,0.0
2003-08-31,190.0,0.0,25.7,328.0,0.0,313.0,0.0
2003-09-01,234.0,0.2,27.1,213.0,0.0,52.0,0.0
2003-09-02,268.0,3.4,24.9,362.0,0.6,29.4,0.6
2003-09-03,334.0,0.0,25.8,135.0,0.0,24.1,0.0
2003-09-04,409.0,0.0,25.7,92.5,0.0,22.4,0.0
2003-09-05,247.0,0.1,25.2,154.0,0.0,21.6,0.0
2003-09-06,224.0,1.9,25.3,99.5,0.0,21.1,0.0
2003-09-07,220.0,0.8,23.5,87.7,0.6,21.2,0.6
2003-09-08,188.0,0.0,24.7,91.4,0.2,20.8,0.2
2003-09-09,186.0,27.3,21.6,181.0,31.8,29.6,31.8
2003-09-10,187.0,4.3,20.5,310.0,7.1,24.5,7.1
2003-09-11,382.0,0.0,21.1,105.0,0.0,21.9,0.0
2003-09-12,363.0,0.0,21.3,81.6,0.0,21.5,0.0
2003-09-13,252.0,0.0,23.5,74.9,0.0,20.7,0.0
2003-09-14,200.0,0.0,23.3,71.6,0.0,20.3,0.0
2003-09-15,158.0,0.0,25.1,70.0,0.0,20.3,0.0
2003-09-16,141.0,0.0,25.5,69.5,0.0,20.1,0.0
2003-09-17,128.0,0.0,24.8,68.9,0.0,19.9,0.0
2003-09-18,115.0,0.0,22.0,68.4,0.0,19.9,0.0
2003-09-19,99.4,0.0,22.4,68.4,0.0,19.9,0.0
2003-09-20,88.7,0.0,24.2,68.2,0.0,19.8,0.0
2003-09-21,88.2,0.0,23.4,67.2,0.0,19.7,0.0
2003-09-22,89.2,0.0,24.1,67.2,0.0,19.7,0.0
2003-09-23,91.3,0.0,26.5,67.3,0.0,19.8,0.0
2003-09-24,92.0,0.0,23.4,69.1,0.0,20.1,0.0
2003-09-25,94.2,0.4,23.4,69.6,0.0,19.9,0.0
2003-09-26,96.3,0.0,24.3,69.3,0.0,19.7,0.0
2003-09-27,96.2,0.0,25.5,68.5,0.0,19.6,0.0
2003-09-28,92.5,0.0,26.3,68.1,0.0,19.6,0.0
2003-09-29,86.3,0.0,26.4,67.9,0.0,19.5,0.0
2003-09-30,82.4,0.0,26.4,67.3,0.0,19.6,0.0
2003-10-01,80.2,0.0,26.0,67.7,0.0,19.6,0.0
2003-10-02,84.7,2.5,26.3,69.7,1.5,19.7,1.5
2003-10-03,84.6,1.3,21.4,69.7,2.1,19.7,2.1
2003-10-04,90.9,0.0,20.9,69.5,0.0,20.4,0.0
2003-10-05,91.3,0.0,21.1,69.3,0.0,20.0,0.0
2003-10-06,89.0,0.0,21.3,69.4,0.0,19.6,0.0
2003-10-07,89.0,0.0,22.3,68.9,0.0,19.6,0.0
2003-10-08,92.1,0.0,21.1,68.6,0.0,19.7,0.0
2003-10-09,97.4,0.0,21.8,68.6,0.0,19.7,0.0
2003-10-10,98.7,3.9,21.4,70.1,0.2,68.1,0.2
2003-10-11,114.0,1.4,20.6,152.0,1.8,42.0,1.8
2003-10-12,122.0,0.0,22.4,98.6,0.0,25.1,0.0
2003-10-13,143.0,0.0,23.0,72.1,0.0,23.5,0.0
2003-10-14,131.0,0.0,21.1,66.1,0.0,23.0,0.0
2003-10-15,113.0,0.0,22.1,64.4,0.0,22.9,0.0
2003-10-16,105.0,0.0,22.1,63.7,0.0,22.8,0.0
2003-10-17,102.0,0.0,21.5,63.4,0.0,22.7,0.0
2003-10-18,102.0,0.0,22.5,63.1,0.0,22.7,0.0
2003-10-19,102.0,0.0,22.7,63.0,0.0,22.7,0.0
2003-10-20,101.0,0.0,22.4,62.8,0.0,22.7,0.0
2003-10-21,102.0,0.0,21.8,62.6,0.0,22.6,0.0
2003-10-22,103.0,0.0,22.0,62.6,0.0,22.8,0.0
2003-10-23,103.0,0.0,21.9,62.7,0.0,22.9,0.0
2003-10-24,101.0,0.0,21.8,62.8,0.0,22.9,0.0
2003-10-25,100.0,0.0,18.6,62.6,0.0,22.6,0.0
2003-10-26,103.0,0.0,15.3,62.7,0.0,22.5,0.0
2003-10-27,105.0,0.0,15.7,63.2,0.0,22.6,0.0
2003-10-28,106.0,0.0,18.3,63.9,0.0,22.7,0.0
2003-10-29,109.0,0.0,18.8,64.1,0.0,22.6,0.0
2003-10-30,114.0,0.0,16.2,64.2,0.0,22.6,0.0
2003-10-31,113.0,0.0,15.9,64.2,0.0,22.4,0.0
2003-11-01,119.0,3.3,14.1,64.7,2.4,22.5,2.4
2003-11-02,125.0,1.0,13.1,65.0,2.7,22.6,2.7
2003-11-03,130.0,1.8,11.0,65.0,6.8,22.6,6.8
2003-11-04,130.0,0.0,8.8,65.3,0.0,22.7,0.0
2003-11-05,139.0,0.0,9.3,65.9,0.0,22.7,0.0
2003-11-06,144.0,0.0,10.9,66.4,0.0,22.5,0.0
2003-11-07,144.0,0.0,11.7,66.5,0.0,22.5,0.0
2003-11-08,151.0,0.0,10.7,66.4,0.0,22.5,0.0
2003-11-09,156.0,0.0,13.6,66.5,0.0,22.7,0.0
2003-11-10,155.0,0.0,14.4,66.5,0.0,22.6,0.0
2003-11-11,158.0,0.0,13.9,66.5,0.0,22.7,0.0
2003-11-12,170.0,14.9,12.8,71.4,10.2,24.3,10.2
2003-11-13,213.0,10.6,12.7,82.5,15.5,23.3,15.5
2003-11-14,257.0,0.0,10.5,71.1,0.0,22.6,0.0
2003-11-15,255.0,0.0,9.8,68.7,0.0,22.4,0.0
2003-11-16,219.0,1.5,9.4,68.5,1.7,22.5,1.7
2003-11-17,205.0,0.8,8.5,68.6,2.3,22.4,2.3
2003-11-18,202.0,0.0,8.9,67.9,0.0,22.2,0.0
2003-11-19,197.0,0.0,9.4,67.5,0.0,22.3,0.0
2003-11-20,188.0,0.0,12.1,68.0,0.0,22.2,0.0
2003-11-21,181.0,0.0,12.8,68.1,0.0,22.2,0.0
2003-11-22,177.0,0.0,8.6,68.0,0.0,22.2,0.0
2003-11-23,179.0,0.0,1.9,67.8,0.0,22.2,0.0
2003-11-24,180.0,0.0,3.7,68.7,0.0,21.9,0.0
2003-11-25,189.0,0.0,9.6,68.8,0.0,21.8,0.0
2003-11-26,189.0,0.0,7.0,68.4,0.0,22.0,0.0
2003-11-27,186.0,0.0,5.0,68.2,0.0,21.9,0.0
2003-11-28,188.0,0.0,3.7,68.4,0.0,22.0,0.0
2003-11-29,190.0,0.0,7.1,68.4,0.0,22.2,0.0
2003-11-30,188.0,0.0,11.0,68.5,0.0,22.0,0.0
2003-12-01,187.0,0.0,11.0,68.5,0.0,22.0,0.0
2003-12-02,188.0,0.0,13.3,68.7,0.0,22.2,0.0
2003-12-03,196.0,0.0,8.5,68.9,0.0,22.2,0.0
2003-12-04,198.0,0.0,10.2,69.2,0.0,22.3,0.0
2003-12-05,192.0,0.0,9.3,69.2,0.0,22.4,0.0
2003-12-06,200.0,0.0,13.0,69.4,0.0,22.4,0.0
2003-12-07,201.0,0.0,12.6,70.0,0.0,22.3,0.0
2003-12-08,199.0,3.1,8.8,70.5,4.5,22.5,4.5
2003-12-09,199.0,0.0,4.6,70.2,0.0,22.4,0.0
2003-12-10,203.0,0.0,5.1,70.2,0.0,22.6,0.0
2003-12-11,208.0,0.0,5.6,71.1,0.0,22.9,0.0
2003-12-12,207.0,7.4,4.4,72.2,4.4,22.9,4.4
2003-12-13,207.0,0.0,3.8,71.4,0.0,22.7,0.0
2003-12-14,208.0,0.0,4.8,71.2,0.0,22.9,0.0
2003-12-15,207.0,0.0,3.4,71.1,0.0,22.7,0.0
2003-12-16,208.0,0.0,1.4,71.1,0.0,22.7,0.0
2003-12-17,208.0,0.0,2.5,71.2,0.0,22.6,0.0
2003-12-18,210.0,0.0,5.0,71.5,0.0,22.7,0.0
2003-12-19,209.0,0.0,7.1,72.0,0.0,22.6,0.0
2003-12-20,204.0,0.0,10.9,72.2,0.0,22.6,0.0
2003-12-21,211.0,0.8,12.3,72.4,0.1,22.6,0.1
2003-12-22,205.0,0.0,7.3,72.3,0.0,22.5,0.0
2003-12-23,210.0,0.0,5.3,72.7,0.0,22.5,0.0
2003-12-24,210.0,0.0,8.8,73.4,0.0,22.6,0.0
2003-12-25,211.0,0.0,7.5,74.1,0.0,22.5,0.0
2003-12-26,218.0,5.9,7.4,75.6,6.8,22.8,6.8
2003-12-27,218.0,0.0,2.6,74.8,0.0,22.5,0.0
2003-12-28,219.0,0.0,-0.5,74.5,0.0,22.4,0.0
2003-12-29,221.0,0.0,1.9,74.6,0.0,22.5,0.0
2003-12-30,221.0,0.0,4.9,75.4,0.0,22.5,0.0
2003-12-31,218.0,0.0,5.8,75.4,0.0,22.5,0.0
2004-01-01,216.0,0.1,6.1,75.6,0.0,22.4,0.0
2004-01-02,218.0,0.0,6.9,76.4,0.0,22.4,0.0
2004-01-03,219.0,4.4,6.7,77.6,5.8,22.4,5.8
2004-01-04,219.0,0.0,0.7,76.8,0.0,22.1,0.0
2004-01-05,220.0,0.0,1.8,76.5,0.0,22.0,0.0
2004-01-06,220.0,0.0,1.9,76.8,0.0,22.0,0.0
2004-01-07,216.0,0.0,8.3,77.4,0.0,22.0,0.0
2004-01-08,217.0,0.0,7.8,77.5,0.0,22.0,0.0
2004-01-09,213.0,0.0,6.4,77.8,0.0,22.0,0.0
2004-01-10,212.0,0.0,6.7,78.1,0.0,22.0,0.0
2004-01-11,211.0,0.0,8.3,78.5,0.0,21.9,0.0
2004-01-12,212.0,0.0,10.8,78.7,0.0,21.9,0.0
2004-01-13,218.0,0.0,9.3,79.2,0.0,21.9,0.0
2004-01-14,222.0,0.0,8.1,79.9,0.0,21.8,0.0
2004-01-15,224.0,0.0,8.5,80.5,0.0,21.7,0.0
2004-01-16,224.0,0.0,8.3,80.5,0.0,21.6,0.0
2004-01-17,223.0,0.0,6.5,80.8,0.0,21.5,0.0
2004-01-18,220.0,0.0,6.5,81.2,0.0,21.4,0.0
2004-01-19,226.0,0.2,7.5,81.9,0.3,21.4,0.3
2004-01-20,228.0,0.2,6.4,82.9,1.4,21.6,1.4
2004-01-21,240.0,4.6,4.4,83.2,7.0,21.5,7.0
2004-01-22,239.0,1.0,4.3,83.2,0.0,21.4,0.0
2004-01-23,239.0,0.0,5.3,83.3,0.0,21.4,0.0
2004-01-24,240.0,2.4,7.2,83.8,0.3,21.5,0.3
2004-01-25,241.0,1.4,5.7,84.3,2.5,21.5,2.5
2004-01-26,241.0,0.0,2.6,83.4,0.0,21.4,0.0
2004-01-27,242.0,0.0,4.3,83.6,0.0,21.4,0.0
2004-01-28,244.0,0.5,5.3,84.1,0.3,21.6,0.3
2004-01-29,241.0,0.0,5.0,84.1,0.0,21.6,0.0
2004-01-30,241.0,0.0,7.2,84.2,0.0,21.7,0.0
2004-01-31,241.0,1.8,6.7,84.8,2.1,21.7,2.1
2004-02-01,243.0,1.2,2.2,84.0,1.6,21.7,1.6
2004-02-02,245.0,0.0,4.9,83.4,0.0,21.7,0.0
2004-02-03,249.0,5.2,4.9,85.1,6.1,22.0,6.1
2004-02-04,252.0,6.6,0.5,84.6,7.1,21.9,7.1
2004-02-05,254.0,0.0,1.1,82.9,0.0,21.9,0.0
2004-02-06,252.0,0.0,0.6,81.9,0.0,21.6,0.0
2004-02-07,250.0,0.0,1.7,81.1,0.0,21.6,0.0
2004-02-08,249.0,0.0,2.4,80.6,0.0,21.4,0.0
2004-02-09,248.0,0.0,2.0,80.2,0.0,21.5,0.0
2004-02-10,247.0,0.0,2.8,80.0,0.0,21.4,0.0
2004-02-11,246.0,0.0,3.5,79.6,0.0,21.4,0.0
2004-02-12,244.0,0.0,1.9,78.9,0.0,21.2,0.0
2004-02-13,241.0,0.0,-0.1,78.5,0.0,21.2,0.0
2004-02-14,240.0,0.0,4.7,78.4,0.0,21.1,0.0
2004-02-15,241.0,0.0,7.3,78.3,0.0,21.3,0.0
2004-02-16,242.0,0.0,8.6,77.8,0.0,21.0,0.0
2004-02-17,241.0,0.0,10.1,77.2,0.0,21.3,0.0
2004-02-18,236.0,0.0,13.2,76.9,0.0,21.4,0.0
2004-02-19,224.0,0.9,10.1,77.2,0.0,21.5,0.0
2004-02-20,212.0,0.0,8.8,77.4,0.0,21.5,0.0
2004-02-21,210.0,0.0,8.7,76.5,0.0,21.6,0.0
2004-02-22,213.0,2.7,8.2,76.5,2.9,21.5,2.9
2004-02-23,227.0,13.9,5.4,79.6,9.6,22.3,9.6
2004-02-24,245.0,0.4,5.3,78.5,1.3,22.0,1.3
2004-02-25,248.0,0.0,7.0,76.8,0.0,21.8,0.0
2004-02-26,251.0,0.0,8.9,76.5,0.0,21.9,0.0
2004-02-27,255.0,9.4,8.6,79.2,15.6,22.1,15.6
2004-02-28,261.0,12.4,1.3,184.0,11.1,22.4,11.1
2004-02-29,462.0,0.3,3.1,121.0,0.2,22.2,0.2
2004-03-01,440.0,0.0,4.8,95.4,0.0,22.3,0.0
2004-03-02,378.0,0.7,5.9,82.2,0.5,22.0,0.5
2004-03-03,330.0,0.9,6.3,78.7,1.0,22.0,1.0
2004-03-04,298.0,3.2,6.6,106.0,3.4,22.0,3.4
2004-03-05,346.0,7.6,6.4,136.0,9.3,22.0,9.3
2004-03-06,505.0,0.0,8.4,159.0,0.0,22.5,0.0
2004-03-07,584.0,0.0,10.6,207.0,0.0,22.7,0.0
2004-03-08,671.0,0.0,12.4,285.0,0.0,22.6,0.0
2004-03-09,874.0,0.0,13.8,268.0,0.0,22.6,0.0
2004-03-10,1030.0,0.0,17.6,188.0,0.0,22.6,0.0
2004-03-11,1070.0,0.0,16.0,131.0,0.0,22.5,0.0
2004-03-12,992.0,3.0,15.2,107.0,0.0,22.5,0.0
2004-03-13,988.0,2.9,13.3,134.0,5.7,22.5,5.7
2004-03-14,1060.0,0.0,14.9,117.0,0.0,22.0,0.0
2004-03-15,791.0,0.0,16.3,91.8,0.0,21.7,0.0
2004-03-16,605.0,0.0,15.7,82.0,0.0,21.5,0.0
2004-03-17,472.0,0.0,17.8,78.7,0.0,21.4,0.0
2004-03-18,388.0,0.0,18.2,77.8,0.0,21.5,0.0
2004-03-19,329.0,0.0,18.6,77.4,0.0,21.6,0.0
2004-03-20,289.0,0.0,19.2,76.5,0.0,21.8,0.0
2004-03-21,247.0,0.0,21.0,76.1,0.0,22.1,0.0
2004-03-22,206.0,0.3,20.3,76.5,0.0,22.0,0.0
2004-03-23,174.0,1.3,20.3,76.4,1.1,22.1,1.1
2004-03-24,164.0,0.3,19.5,75.9,0.0,21.9,0.0
2004-03-25,148.0,0.0,19.6,76.0,0.0,21.9,0.0
2004-03-26,133.0,0.0,17.8,76.1,0.8,22.0,0.8
2004-03-27,133.0,0.0,16.0,75.4,0.0,22.4,0.0
2004-03-28,134.0,0.0,14.2,75.2,0.0,22.7,0.0
2004-03-29,132.0,0.0,14.7,75.1,0.0,22.5,0.0
2004-03-30,126.0,0.0,17.5,75.0,0.0,22.5,0.0
2004-03-31,121.0,0.0,20.7,75.0,0.0,22.3,0.0
2004-04-01,120.0,0.1,19.2,75.4,0.0,22.3,0.0
2004-04-02,132.0,22.4,11.7,83.5,17.7,24.4,17.7
2004-04-03,153.0,1.6,8.5,82.3,3.3,22.9,3.3
2004-04-04,176.0,0.7,9.3,78.6,0.6,22.2,0.6
2004-04-05,186.0,4.7,10.3,79.9,2.7,22.3,2.7
2004-04-06,201.0,11.9,12.0,83.4,7.8,22.5,7.8
2004-04-07,204.0,6.0,13.2,122.0,12.5,21.9,12.5
2004-04-08,208.0,6.4,10.5,211.0,0.7,22.0,0.7
2004-04-09,237.0,2.6,15.3,147.0,0.2,21.8,0.2
2004-04-10,252.0,2.6,14.3,128.0,3.8,21.3,3.8
2004-04-11,240.0,0.2,11.1,95.4,0.0,21.2,0.0
2004-04-12,220.0,0.0,12.9,80.3,0.0,21.3,0.0
2004-04-13,191.0,0.0,17.0,76.5,0.0,21.3,0.0
2004-04-14,177.0,0.0,18.1,75.6,0.0,21.1,0.0
2004-04-15,155.0,0.0,17.7,74.8,0.0,21.4,0.0
2004-04-16,136.0,0.0,17.6,74.6,0.0,21.6,0.0
2004-04-17,130.0,0.0,16.4,73.8,0.0,22.0,0.0
2004-04-18,125.0,1.4,12.6,73.2,2.4,22.1,2.4
2004-04-19,121.0,0.0,14.4,73.5,0.0,22.4,0.0
2004-04-20,115.0,0.0,15.3,73.3,0.0,22.3,0.0
2004-04-21,116.0,0.0,17.0,72.4,0.0,22.3,0.0
2004-04-22,107.0,0.0,16.0,72.1,0.0,22.0,0.0
2004-04-23,110.0,0.0,13.2,71.8,0.0,22.1,0.0
2004-04-24,113.0,0.0,14.9,71.4,0.0,22.2,0.0
2004-04-25,110.0,0.0,18.3,70.5,0.0,22.0,0.0
2004-04-26,108.0,0.0,19.1,69.8,0.0,21.8,0.0
2004-04-27,95.1,0.0,20.5,69.3,0.0,21.7,0.0
2004-04-28,94.1,0.0,22.5,68.4,0.0,21.1,0.0
2004-04-29,93.8,2.7,18.5,68.5,4.2,21.0,4.2
2004-04-30,91.9,0.0,14.7,68.3,0.0,21.2,0.0
2004-05-01,91.9,0.0,16.5,68.3,0.0,21.4,0.0
2004-05-02,94.5,0.0,19.0,66.9,0.0,21.0,0.0
2004-05-03,92.9,0.0,21.8,66.5,0.0,20.8,0.0
2004-05-04,83.6,0.0,24.6,66.0,0.0,20.6,0.0
2004-05-05,82.8,0.0,24.8,64.8,0.0,20.2,0.0
2004-05-06,80.4,0.0,24.2,64.1,0.0,20.3,0.0
2004-05-07,74.8,0.0,24.0,64.2,0.0,20.1,0.0
2004-05-08,76.5,0.0,24.5,64.1,0.0,19.9,0.0
2004-05-09,69.8,0.0,25.5,62.9,0.0,19.8,0.0
2004-05-10,65.8,0.0,24.9,62.5,0.0,19.6,0.0
2004-05-11,64.0,0.0,21.7,62.3,0.0,19.6,0.0
2004-05-12,61.2,0.0,19.9,61.9,0.0,19.7,0.0
2004-05-13,60.1,0.0,19.7,61.4,0.0,20.0,0.0
2004-05-14,62.1,0.0,22.4,61.4,0.0,19.6,0.0
2004-05-15,56.7,0.0,23.7,61.4,0.0,19.6,0.0
2004-05-16,63.9,0.0,24.6,60.8,0.0,19.3,0.0
2004-05-17,63.4,0.0,22.9,60.6,0.0,19.4,0.0
2004-05-18,57.4,0.0,23.0,60.6,0.0,19.2,0.0
2004-05-19,55.8,0.0,24.1,60.2,0.0,19.2,0.0
2004-05-20,50.2,0.0,24.2,59.9,0.0,19.4,0.0
2004-05-21,49.1,0.0,22.7,60.7,0.0,19.6,0.0
2004-05-22,46.0,0.0,20.7,61.3,0.0,19.6,0.0
2004-05-23,53.7,0.0,21.0,61.9,0.0,19.6,0.0
2004-05-24,52.1,0.0,21.6,62.9,0.0,19.6,0.0
2004-05-25,53.9,0.0,22.0,63.0,0.0,19.6,0.0
2004-05-26,56.7,0.0,22.1,62.8,0.0,19.6,0.0
2004-05-27,56.9,0.0,22.1,62.7,0.0,19.6,0.0
2004-05-28,56.2,0.0,24.2,62.4,0.0,19.4,0.0
2004-05-29,53.1,0.0,21.7,62.5,0.0,19.8,0.0
2004-05-30,53.6,0.0,22.7,61.5,0.0,19.8,0.0
2004-05-31,50.8,0.0,25.5,60.8,0.0,20.3,0.0
2004-06-01,45.6,0.0,27.7,60.7,0.0,20.1,0.0
2004-06-02,49.9,0.0,28.3,60.2,0.0,19.7,0.0
2004-06-03,51.2,0.0,29.4,59.4,0.0,19.7,0.0
2004-06-04,47.3,0.0,30.0,58.8,0.0,19.6,0.0
2004-06-05,43.1,0.0,30.1,59.1,0.0,19.6,0.0
2004-06-06,44.9,0.0,30.1,58.8,0.0,19.5,0.0
2004-06-07,44.1,0.0,28.4,58.5,0.0,19.7,0.0
2004-06-08,38.6,0.0,25.4,58.6,0.0,19.8,0.0
2004-06-09,36.1,0.0,23.6,58.9,0.0,19.8,0.0
2004-06-10,38.0,0.0,21.1,60.7,0.0,20.0,0.0
2004-06-11,38.6,0.0,23.2,61.9,0.0,20.0,0.0
2004-06-12,38.5,0.0,25.3,60.6,0.0,19.9,0.0
2004-06-13,40.0,0.0,26.9,60.0,0.0,19.9,0.0
2004-06-14,45.2,0.0,28.7,59.8,0.0,19.7,0.0
2004-06-15,40.3,0.0,28.3,58.6,0.0,19.8,0.0
2004-06-16,35.4,0.0,27.6,59.1,0.0,19.9,0.0
2004-06-17,36.1,0.0,27.6,58.9,0.0,20.1,0.0
2004-06-18,34.1,0.0,28.1,58.6,0.0,20.1,0.0
2004-06-19,33.8,0.0,28.2,58.4,0.0,20.0,0.0
2004-06-20,39.7,0.0,27.6,58.5,0.0,20.1,0.0
2004-06-21,35.1,0.0,27.7,58.6,0.0,20.2,0.0
2004-06-22,30.5,0.0,27.6,59.1,0.0,20.1,0.0
2004-06-23,27.7,0.0,28.1,59.6,0.0,20.1,0.0
2004-06-24,28.3,0.0,28.7,59.6,0.0,20.1,0.0
2004-06-25,30.4,0.7,29.5,59.8,0.5,20.0,0.5
2004-06-26,33.0,0.7,28.2,59.7,0.0,19.7,0.0
2004-06-27,36.1,0.0,28.4,59.2,0.0,19.6,0.0
2004-06-28,35.9,0.0,28.0,59.0,0.0,19.6,0.0
2004-06-29,36.5,0.0,26.3,59.3,0.0,19.6,0.0
2004-06-30,37.2,0.0,26.3,59.8,0.0,19.5,0.0
2004-07-01,36.5,0.0,26.5,59.7,0.0,19.5,0.0
2004-07-02,33.5,0.0,27.3,59.6,0.0,19.5,0.0
2004-07-03,25.9,0.0,27.7,59.3,0.0,19.5,0.0
2004-07-04,26.7,0.0,27.3,59.2,0.0,19.6,0.0
2004-07-05,25.3,0.0,28.8,59.2,0.0,19.5,0.0
2004-07-06,27.8,0.0,29.8,59.1,0.0,19.3,0.0
2004-07-07,32.1,0.0,29.8,58.8,0.0,19.5,0.0
2004-07-08,27.9,0.0,29.4,58.7,0.0,19.5,0.0
2004-07-09,27.8,0.3,29.1,60.2,0.9,19.5,0.9
2004-07-10,26.0,0.8,27.8,60.2,0.0,19.6,0.0
2004-07-11,27.3,0.0,30.8,59.9,0.0,19.6,0.0
2004-07-12,25.3,0.0,32.2,59.9,0.0,19.7,0.0
2004-07-13,30.1,1.9,29.4,60.0,1.6,19.9,1.6
2004-07-14,24.9,7.2,27.7,61.7,4.2,22.6,4.2
2004-07-15,25.7,2.3,26.2,65.0,0.6,24.6,0.6
2004-07-16,146.0,1.6,26.8,78.7,0.0,38.7,0.0
2004-07-17,232.0,0.8,27.5,93.5,2.5,22.2,2.5
2004-07-18,180.0,2.6,28.1,72.9,1.9,20.9,1.9
2004-07-19,152.0,1.4,27.6,70.7,0.6,20.5,0.6
2004-07-20,144.0,0.0,30.3,65.6,0.0,20.4,0.0
2004-07-21,123.0,0.7,30.4,64.0,0.0,20.1,0.0
2004-07-22,111.0,0.0,31.2,62.0,0.0,19.9,0.0
2004-07-23,95.9,1.3,30.5,61.0,0.0,19.8,0.0
2004-07-24,97.6,0.2,28.6,61.4,0.0,19.8,0.0
2004-07-25,85.9,0.3,27.3,61.8,1.0,19.8,1.0
2004-07-26,81.4,3.9,27.6,67.4,2.5,19.8,2.5
2004-07-27,87.5,5.8,25.7,65.6,3.1,20.4,3.1
2004-07-28,92.8,0.8,27.3,63.8,0.0,20.2,0.0
2004-07-29,84.3,0.0,28.4,62.2,0.0,19.7,0.0
2004-07-30,74.9,0.0,29.1,60.5,0.0,19.6,0.0
2004-07-31,66.4,0.0,30.0,60.6,0.0,19.8,0.0
2004-08-01,67.2,0.0,29.8,60.2,0.0,19.6,0.0
2004-08-02,67.8,0.0,28.7,60.3,0.0,19.6,0.0
2004-08-03,51.4,0.0,28.7,60.1,0.0,19.8,0.0
2004-08-04,43.5,2.2,29.8,68.6,1.6,19.8,1.6
2004-08-05,43.9,0.3,27.1,65.1,0.9,20.1,0.9
2004-08-06,46.9,4.2,26.7,65.3,4.0,23.4,4.0
2004-08-07,49.8,2.5,26.3,257.0,1.2,35.7,1.2
2004-08-08,150.0,0.1,28.8,89.5,0.0,21.1,0.0
2004-08-09,191.0,0.0,30.1,69.1,0.0,20.1,0.0
2004-08-10,131.0,0.0,30.1,64.4,0.0,19.9,0.0
2004-08-11,111.0,0.8,30.3,63.7,0.0,19.9,0.0
2004-08-12,97.0,1.8,28.9,209.0,2.7,20.6,2.7
2004-08-13,90.8,1.5,27.4,86.1,2.1,20.3,2.1
2004-08-14,199.0,9.3,24.0,72.9,4.3,20.3,4.3
2004-08-15,168.0,0.0,23.2,68.8,1.3,20.6,1.3
2004-08-16,140.0,4.4,23.3,67.1,0.2,20.2,0.2
2004-08-17,120.0,8.8,23.6,65.4,0.3,20.2,0.3
2004-08-18,114.0,4.9,24.1,64.7,1.8,20.1,1.8
2004-08-19,253.0,0.0,23.5,64.4,0.0,20.0,0.0
2004-08-20,371.0,0.9,24.6,67.4,0.3,19.9,0.3
2004-08-21,187.0,0.0,25.4,78.4,0.0,19.9,0.0
2004-08-22,154.0,0.0,25.5,63.8,0.1,19.6,0.1
2004-08-23,137.0,0.0,25.3,62.1,0.0,19.5,0.0
2004-08-24,116.0,0.0,23.6,61.8,0.0,19.6,0.0
2004-08-25,104.0,0.0,24.7,61.5,0.0,19.6,0.0
2004-08-26,90.3,0.0,25.7,60.9,0.0,19.5,0.0
2004-08-27,85.8,0.0,26.3,60.4,0.0,19.5,0.0
2004-08-28,69.9,0.0,27.0,60.0,0.0,19.6,0.0
2004-08-29,65.1,0.0,27.6,60.0,0.0,19.5,0.0
2004-08-30,63.2,0.0,28.1,59.8,0.0,19.5,0.0
2004-08-31,57.7,0.0,28.9,59.6,0.0,19.6,0.0
2004-09-01,56.5,0.1,27.9,59.5,0.0,19.5,0.0
2004-09-02,56.2,0.0,29.2,59.4,0.0,19.5,0.0
2004-09-03,55.6,0.0,26.1,58.9,0.0,19.5,0.0
2004-09-04,59.6,3.4,22.3,59.1,7.7,19.7,7.7
2004-09-05,59.2,0.0,21.9,59.4,0.0,19.8,0.0
2004-09-06,61.6,0.0,23.4,59.6,0.0,19.8,0.0
2004-09-07,59.5,0.0,25.2,59.5,0.0,19.8,0.0
2004-09-08,64.7,0.0,26.7,59.2,0.0,19.9,0.0
2004-09-09,70.3,0.0,27.3,59.2,0.0,20.2,0.0
2004-09-10,64.0,0.0,27.5,60.1,0.0,20.4,0.0
2004-09-11,56.3,0.0,27.7,60.3,0.0,20.5,0.0
2004-09-12,53.4,0.6,27.0,60.2,1.6,20.4,1.6
2004-09-13,53.2,0.1,27.6,59.9,0.0,20.2,0.0
2004-09-14,49.3,0.0,26.3,59.5,0.0,20.3,0.0
2004-09-15,52.0,0.0,26.0,59.5,0.0,20.4,0.0
2004-09-16,53.1,0.0,26.0,59.7,0.0,20.4,0.0
2004-09-17,52.8,0.0,26.5,59.5,0.0,20.5,0.0
2004-09-18,55.1,0.1,26.3,60.2,0.3,20.5,0.3
2004-09-19,130.0,71.2,19.2,63.9,78.7,1570.0,78.7
2004-09-20,605.0,5.6,18.1,7080.0,8.1,6280.0,8.1
2004-09-21,5590.0,0.0,16.2,1140.0,0.0,714.0,0.0
2004-09-22,1180.0,0.0,15.0,436.0,0.0,198.0,0.0
2004-09-23,629.0,0.0,16.6,217.0,0.0,86.5,0.0
2004-09-24,410.0,0.0,18.8,142.0,0.0,53.7,0.0
2004-09-25,296.0,0.0,19.2,105.0,0.0,37.8,0.0
2004-09-26,231.0,0.0,20.4,87.9,0.0,31.5,0.0
2004-09-27,200.0,0.0,20.8,79.3,0.0,29.1,0.0
2004-09-28,173.0,3.6,21.8,74.9,3.4,28.1,3.4
2004-09-29,160.0,3.0,19.3,72.7,1.1,27.3,1.1
2004-09-30,148.0,0.0,19.0,71.1,0.0,26.9,0.0
2004-10-01,138.0,0.0,18.6,70.2,0.0,26.4,0.0
2004-10-02,140.0,0.0,18.2,69.6,0.0,26.1,0.0
2004-10-03,138.0,0.0,20.3,69.1,0.0,25.9,0.0
2004-10-04,131.0,0.0,20.1,68.5,0.0,25.7,0.0
2004-10-05,127.0,0.0,21.3,68.0,0.0,25.5,0.0
2004-10-06,121.0,0.0,19.3,67.8,0.0,25.5,0.0
2004-10-07,116.0,0.0,19.2,67.5,0.0,69.1,0.0
2004-10-08,110.0,0.0,19.7,100.0,0.0,47.7,0.0
2004-10-09,101.0,0.0,20.5,87.7,0.0,32.3,0.0
2004-10-10,110.0,0.4,20.7,75.8,0.6,27.6,0.6
2004-10-11,108.0,0.2,17.4,71.3,0.0,26.4,0.0
2004-10-12,104.0,0.0,17.2,69.6,0.1,26.2,0.1
2004-10-13,99.9,0.0,19.1,68.4,0.0,26.0,0.0
2004-10-14,99.7,0.0,17.0,67.7,0.0,26.1,0.0
2004-10-15,101.0,0.0,19.4,67.5,0.0,26.0,0.0
2004-10-16,103.0,0.0,20.2,67.6,0.0,25.7,0.0
2004-10-17,114.0,0.6,17.1,68.0,1.2,25.2,1.2
2004-10-18,123.0,0.0,15.6,68.4,0.0,25.2,0.0
2004-10-19,121.0,0.7,14.7,68.4,0.3,25.9,0.3
2004-10-20,125.0,0.0,14.9,68.1,0.0,25.7,0.0
2004-10-21,129.0,13.5,14.6,72.0,7.1,32.2,7.1
2004-10-22,134.0,12.0,9.5,89.9,16.1,358.0,16.1
2004-10-23,182.0,0.0,10.8,1070.0,0.0,1180.0,0.0
2004-10-24,702.0,0.0,13.2,530.0,0.0,282.0,0.0
2004-10-25,619.0,0.0,14.5,251.0,0.0,106.0,0.0
2004-10-26,386.0,0.0,14.8,164.0,0.0,55.2,0.0
2004-10-27,298.0,1.3,13.8,120.0,1.8,29.6,1.8
2004-10-28,342.0,36.4,10.0,117.0,37.0,354.0,37.0
2004-10-29,861.0,1.6,8.1,1020.0,2.1,1180.0,2.1
2004-10-30,1230.0,0.0,8.9,971.0,0.0,777.0,0.0
2004-10-31,1180.0,0.0,10.2,486.0,0.0,271.0,0.0
2004-11-01,727.0,0.0,7.2,259.0,0.0,124.0,0.0
2004-11-02,477.0,0.0,6.1,170.0,0.0,71.6,0.0
2004-11-03,369.0,0.0,7.1,126.0,0.0,49.7,0.0
2004-11-04,308.0,0.0,11.0,101.0,0.0,38.5,0.0
2004-11-05,270.0,0.0,13.2,88.7,0.0,33.4,0.0
2004-11-06,247.0,0.0,14.0,81.7,0.0,30.8,0.0
2004-11-07,221.0,2.4,14.7,79.1,1.8,30.0,1.8
2004-11-08,255.0,9.0,12.8,1980.0,10.6,109.0,10.6
2004-11-09,2300.0,0.2,9.4,1480.0,0.6,645.0,0.6
2004-11-10,1810.0,0.0,9.7,1060.0,0.0,717.0,0.0
2004-11-11,1320.0,0.0,10.7,489.0,0.0,233.0,0.0
2004-11-12,712.0,1.1,11.6,260.0,0.8,113.0,0.8
2004-11-13,431.0,0.2,7.9,168.0,0.1,71.3,0.1
2004-11-14,334.0,0.0,7.1,129.0,0.5,59.2,0.5
2004-11-15,280.0,0.0,8.7,108.0,0.0,46.5,0.0
2004-11-16,242.0,0.0,9.8,97.7,0.0,33.9,0.0
2004-11-17,224.0,0.0,11.3,90.6,0.0,29.1,0.0
2004-11-18,205.0,0.0,11.4,86.8,0.0,27.1,0.0
2004-11-19,193.0,0.0,12.1,85.1,0.0,26.3,0.0
2004-11-20,184.0,0.8,10.4,84.2,0.4,25.8,0.4
2004-11-21,193.0,21.7,7.9,85.5,18.1,26.1,18.1
2004-11-22,3300.0,15.7,7.0,1340.0,13.1,346.0,13.1
2004-11-23,4600.0,0.1,4.7,1830.0,0.8,1150.0,0.8
2004-11-24,2840.0,0.0,5.7,1240.0,0.0,795.0,0.0
2004-11-25,1890.0,0.0,6.6,539.0,0.0,301.0,0.0
2004-11-26,1030.0,0.0,8.1,267.0,0.0,141.0,0.0
2004-11-27,634.0,0.0,7.3,180.0,0.0,82.8,0.0
2004-11-28,465.0,1.8,6.7,134.0,2.7,50.5,2.7
2004-11-29,386.0,0.0,1.0,104.0,0.0,36.6,0.0
2004-11-30,369.0,0.0,1.1,94.6,0.0,31.0,0.0
2004-12-01,300.0,0.0,3.8,88.8,0.0,28.4,0.0
2004-12-02,260.0,0.0,4.1,85.5,0.0,27.2,0.0
2004-12-03,233.0,0.0,3.6,81.2,0.0,26.8,0.0
2004-12-04,219.0,0.2,4.0,80.7,0.9,26.7,0.9
2004-12-05,220.0,0.7,3.8,80.5,0.8,26.5,0.8
2004-12-06,215.0,11.7,3.4,80.4,9.5,26.8,9.5
2004-12-07,211.0,0.6,4.4,80.4,1.9,25.7,1.9
2004-12-08,212.0,0.1,5.4,82.2,0.8,25.3,0.8
2004-12-09,200.0,0.0,6.4,80.1,0.0,25.2,0.0
2004-12-10,189.0,0.0,7.4,79.6,0.0,25.2,0.0
2004-12-11,206.0,0.0,8.2,78.8,0.0,25.3,0.0
2004-12-12,307.0,0.0,10.4,78.6,0.0,25.2,0.0
2004-12-13,353.0,0.0,10.8,78.4,0.0,25.2,0.0
2004-12-14,343.0,0.0,10.0,77.7,0.0,25.3,0.0
2004-12-15,314.0,0.0,8.7,77.8,0.0,25.2,0.0
2004-12-16,285.0,0.0,5.7,77.4,0.0,25.2,0.0
2004-12-17,259.0,0.0,5.4,77.4,0.0,25.3,0.0
2004-12-18,233.0,0.0,5.9,77.6,0.0,25.2,0.0
2004-12-19,216.0,0.0,6.3,77.4,0.0,25.1,0.0
2004-12-20,202.0,0.0,8.4,77.8,0.0,25.2,0.0
2004-12-21,192.0,0.0,8.9,77.8,0.0,25.2,0.0
2004-12-22,185.0,0.0,4.8,77.6,0.0,24.8,0.0
2004-12-23,179.0,0.0,1.4,77.6,0.0,24.8,0.0
2004-12-24,174.0,0.0,1.4,77.3,0.0,24.8,0.0
2004-12-25,171.0,0.0,3.8,77.4,0.0,24.8,0.0
2004-12-26,170.0,0.0,6.8,77.8,0.0,24.8,0.0
2004-12-27,169.0,0.0,9.1,77.8,0.0,24.8,0.0
2004-12-28,167.0,0.2,8.6,78.2,0.0,24.9,0.0
2004-12-29,7430.0,52.7,9.0,6720.0,43.8,405.0,43.8
2004-12-30,28700.0,6.5,7.8,5830.0,6.7,2330.0,6.7
2004-12-31,6900.0,0.0,7.2,2400.0,0.0,954.0,0.0
2005-01-01,3140.0,0.0,7.0,1070.0,0.0,275.0,0.0
2005-01-02,1790.0,0.7,7.2,643.0,0.3,137.0,0.3
2005-01-03,1270.0,11.3,6.9,441.0,11.8,88.4,11.8
2005-01-04,8130.0,31.4,6.0,1930.0,28.9,801.0,28.9
2005-01-05,5700.0,9.3,1.4,2090.0,11.7,1080.0,11.7
2005-01-06,2900.0,0.0,-0.7,1200.0,0.0,561.0,0.0
2005-01-07,1780.0,1.1,-0.1,762.0,1.4,316.0,1.4
2005-01-08,1240.0,3.2,4.3,529.0,6.0,179.0,6.0
2005-01-09,1130.0,2.6,9.0,629.0,5.0,308.0,5.0
2005-01-10,2920.0,5.9,10.6,3110.0,9.2,1950.0,9.2
2005-01-11,11100.0,15.2,8.6,14300.0,11.2,5740.0,11.2
2005-01-12,26000.0,3.5,4.2,13400.0,3.3,7440.0,3.3
2005-01-13,10200.0,0.0,3.1,5560.0,0.0,2450.0,0.0
2005-01-14,4540.0,0.0,6.5,2170.0,0.0,840.0,0.0
2005-01-15,2500.0,0.0,6.2,1160.0,0.0,398.0,0.0
2005-01-16,1640.0,0.0,7.0,770.0,0.0,244.0,0.0
2005-01-17,1360.0,0.0,8.8,684.0,0.0,167.0,0.0
2005-01-18,1350.0,0.0,8.2,722.0,0.0,111.0,0.0
2005-01-19,1410.0,0.0,8.9,712.0,0.0,67.0,0.0
2005-01-20,1540.0,0.0,9.8,775.0,0.0,54.8,0.0
2005-01-21,1710.0,0.0,12.5,763.0,0.0,46.9,0.0
2005-01-22,1840.0,0.0,12.3,887.0,0.0,42.0,0.0
2005-01-23,1890.0,0.0,12.4,713.0,0.0,38.9,0.0
2005-01-24,1650.0,0.5,11.5,520.0,0.9,37.6,0.9
2005-01-25,1490.0,0.0,10.0,361.0,0.0,36.7,0.0
2005-01-26,1240.0,6.4,10.1,310.0,7.6,36.5,7.6
2005-01-27,4190.0,15.8,8.3,3160.0,20.3,36.2,20.3
2005-01-28,6080.0,1.8,7.2,1620.0,1.4,60.7,1.4
2005-01-29,2990.0,9.6,6.6,804.0,7.7,66.4,7.7
2005-01-30,2010.0,0.4,4.1,654.0,0.4,115.0,0.4
2005-01-31,1840.0,0.1,5.4,739.0,0.0,154.0,0.0
2005-02-01,1700.0,0.0,5.0,569.0,0.0,288.0,0.0
2005-02-02,1270.0,0.0,4.3,414.0,0.0,153.0,0.0
2005-02-03,939.0,0.0,4.4,265.0,0.0,106.0,0.0
2005-02-04,728.0,0.0,5.6,198.0,0.0,74.6,0.0
2005-02-05,612.0,0.0,7.5,148.0,0.0,56.0,0.0
2005-02-06,547.0,0.8,8.0,133.0,0.4,43.4,0.4
2005-02-07,535.0,6.4,5.5,128.0,8.3,36.3,8.3
2005-02-08,813.0,0.6,6.1,126.0,1.9,32.7,1.9
2005-02-09,827.0,0.0,5.7,125.0,0.0,30.8,0.0
2005-02-10,626.0,0.0,7.9,123.0,0.0,32.1,0.0
2005-02-11,903.0,22.8,9.8,2450.0,19.5,35.4,19.5
2005-02-12,35600.0,32.5,9.0,17600.0,34.2,4960.0,34.2
2005-02-13,23200.0,1.2,8.2,6020.0,1.6,5440.0,1.6
2005-02-14,9180.0,0.0,9.5,3270.0,0.0,1750.0,0.0
2005-02-15,4430.0,1.0,10.5,2160.0,1.9,643.0,1.9
2005-02-16,4830.0,1.3,11.0,2910.0,3.8,377.0,3.8
2005-02-17,4390.0,0.1,10.4,1680.0,0.0,264.0,0.0
2005-02-18,2800.0,12.2,11.1,3010.0,11.4,294.0,11.4
2005-02-19,13800.0,20.4,9.1,7390.0,23.4,1690.0,23.4
2005-02-20,12800.0,11.2,8.1,5590.0,13.9,2830.0,13.9
2005-02-21,7840.0,0.8,8.5,3180.0,1.5,1620.0,1.5
2005-02-22,5630.0,12.8,8.9,2240.0,9.4,816.0,9.4
2005-02-23,6470.0,2.2,7.3,2580.0,3.1,1290.0,3.1
2005-02-24,4190.0,1.1,7.5,1920.0,0.4,1170.0,0.4
2005-02-25,2780.0,0.0,6.4,1040.0,0.4,561.0,0.4
2005-02-26,1840.0,3.6,6.4,604.0,1.0,358.0,1.0
2005-02-27,1410.0,0.5,5.9,459.0,2.0,248.0,2.0
2005-02-28,1300.0,0.0,8.6,366.0,0.0,182.0,0.0
2005-03-01,1080.0,0.0,9.5,285.0,0.0,116.0,0.0
2005-03-02,883.0,0.1,10.2,228.0,0.1,79.4,0.1
2005-03-03,787.0,1.6,10.0,186.0,1.5,61.0,1.5
2005-03-04,733.0,0.4,9.8,158.0,0.0,54.0,0.0
2005-03-05,722.0,1.9,9.5,154.0,1.0,49.0,1.0
2005-03-06,1460.0,3.4,8.1,177.0,4.7,46.0,4.7
2005-03-07,1230.0,1.5,9.5,225.0,2.0,43.0,2.0
2005-03-08,887.0,0.0,12.5,178.0,0.0,41.0,0.0
2005-03-09,756.0,0.0,12.8,147.0,0.0,38.5,0.0
2005-03-10,762.0,0.0,15.1,137.0,0.0,35.9,0.0
2005-03-11,799.0,0.0,14.1,132.0,0.0,33.1,0.0
2005-03-12,796.0,0.0,16.4,122.0,0.0,31.2,0.0
2005-03-13,762.0,0.5,15.0,110.0,1.9,30.2,1.9
2005-03-14,762.0,10.0,8.9,106.0,17.9,30.2,17.9
2005-03-15,834.0,0.0,5.0,104.0,0.0,29.0,0.0
2005-03-16,659.0,0.0,6.6,102.0,0.0,28.6,0.0
2005-03-17,587.0,0.0,9.8,98.2,0.0,28.5,0.0
2005-03-18,531.0,0.5,9.9,94.2,0.2,28.5,0.2
2005-03-19,497.0,4.2,7.4,95.1,6.5,29.6,6.5
2005-03-20,1020.0,2.8,9.1,941.0,3.7,29.6,3.7
2005-03-21,3070.0,0.1,9.7,596.0,0.0,28.5,0.0
2005-03-22,1480.0,0.0,10.5,249.0,0.0,28.5,0.0
2005-03-23,926.0,1.9,10.8,161.0,2.7,28.3,2.7
2005-03-24,749.0,1.1,9.3,212.0,1.0,28.2,1.0
2005-03-25,808.0,6.1,8.0,202.0,6.9,28.2,6.9
2005-03-26,845.0,0.6,6.8,323.0,1.8,28.0,1.8
2005-03-27,1070.0,0.0,9.1,356.0,0.0,28.0,0.0
2005-03-28,1030.0,0.0,13.7,264.0,0.0,28.0,0.0
2005-03-29,846.0,0.0,10.8,198.0,0.1,27.6,0.1
2005-03-30,658.0,0.0,10.7,148.0,0.0,27.5,0.0
2005-03-31,552.0,0.0,7.8,124.0,0.0,27.5,0.0
2005-04-01,477.0,0.0,9.0,103.0,0.0,27.5,0.0
2005-04-02,409.0,0.0,13.4,92.9,0.0,27.5,0.0
2005-04-03,367.0,0.0,17.7,88.8,0.0,27.5,0.0
2005-04-04,361.0,0.2,13.5,87.4,0.0,27.5,0.0
2005-04-05,354.0,0.0,11.9,86.2,0.0,27.3,0.0
2005-04-06,320.0,0.0,13.0,86.1,0.0,27.3,0.0
2005-04-07,287.0,0.0,17.7,85.7,0.0,27.0,0.0
2005-04-08,246.0,0.0,16.6,85.1,0.0,27.0,0.0
2005-04-09,217.0,0.5,10.5,85.9,1.1,27.4,1.1
2005-04-10,224.0,0.7,9.7,86.0,1.0,26.9,1.0
2005-04-11,213.0,0.0,11.6,85.2,0.0,26.7,0.0
2005-04-12,209.0,0.0,15.2,84.8,0.0,26.9,0.0
2005-04-13,198.0,0.0,18.1,84.6,0.0,27.1,0.0
2005-04-14,188.0,0.0,19.4,84.3,0.0,26.6,0.0
2005-04-15,178.0,0.0,18.9,84.1,0.0,26.6,0.0
2005-04-16,165.0,0.0,18.7,84.1,0.0,26.6,0.0
2005-04-17,160.0,0.0,20.5,84.0,0.0,26.6,0.0
2005-04-18,158.0,0.0,19.3,84.0,0.0,26.4,0.0
2005-04-19,157.0,0.0,15.5,84.1,0.0,26.6,0.0
2005-04-20,152.0,0.0,14.7,84.1,0.0,27.2,0.0
2005-04-21,150.0,0.0,14.9,83.9,0.0,27.5,0.0
2005-04-22,150.0,0.0,17.5,84.8,0.0,27.5,0.0
2005-04-23,150.0,0.3,19.0,85.2,0.0,27.6,0.0
2005-04-24,186.0,33.0,13.2,90.1,38.1,28.2,38.1
2005-04-25,629.0,1.7,12.9,87.9,2.0,27.6,2.0
2005-04-26,657.0,1.7,13.2,85.9,0.3,27.5,0.3
2005-04-27,524.0,0.3,16.4,85.4,0.0,27.5,0.0
2005-04-28,401.0,0.3,14.0,85.6,1.2,27.8,1.2
2005-04-29,315.0,3.3,10.9,86.1,4.8,27.7,4.8
2005-04-30,458.0,0.0,15.0,86.9,0.0,27.6,0.0
2005-05-01,420.0,0.0,17.4,88.2,0.0,27.5,0.0
2005-05-02,321.0,0.0,17.9,87.2,0.0,27.7,0.0
2005-05-03,265.0,0.0,18.4,84.5,0.1,27.7,0.1
2005-05-04,233.0,0.0,18.4,83.9,0.0,27.9,0.0
2005-05-05,213.0,0.0,20.6,83.7,0.0,27.9,0.0
2005-05-06,201.0,0.6,16.1,83.3,1.6,28.0,1.6
2005-05-07,193.0,0.0,14.8,84.2,0.0,28.3,0.0
2005-05-08,187.0,0.0,16.3,83.9,0.0,28.4,0.0
2005-05-09,183.0,0.0,18.3,83.4,0.0,28.5,0.0
2005-05-10,178.0,0.0,17.5,83.5,0.0,28.9,0.0
2005-05-11,179.0,0.0,14.8,83.1,0.0,29.4,0.0
2005-05-12,183.0,0.0,16.9,82.9,0.0,29.5,0.0
2005-05-13,183.0,0.0,19.2,82.9,0.0,30.0,0.0
2005-05-14,173.0,0.0,21.3,82.7,0.0,30.2,0.0
2005-05-15,169.0,0.0,22.8,82.6,0.0,30.6,0.0
2005-05-16,161.0,0.0,24.4,81.9,0.0,30.5,0.0
2005-05-17,167.0,0.0,21.5,82.0,0.0,30.5,0.0
2005-05-18,156.0,0.0,21.3,81.8,0.0,30.2,0.0
2005-05-19,145.0,0.0,23.9,81.8,0.0,30.0,0.0
2005-05-20,130.0,0.0,26.7,81.3,0.0,30.2,0.0
2005-05-21,123.0,0.0,28.1,80.6,0.0,29.9,0.0
2005-05-22,127.0,0.0,28.8,80.2,0.0,29.5,0.0
2005-05-23,134.0,0.0,29.6,79.9,0.0,29.1,0.0
2005-05-24,134.0,0.0,28.5,79.3,0.0,29.2,0.0
2005-05-25,130.0,0.0,27.3,78.6,0.0,29.2,0.0
2005-05-26,131.0,0.0,27.6,78.4,0.0,29.2,0.0
2005-05-27,128.0,0.0,27.2,78.7,0.0,28.7,0.0
2005-05-28,125.0,1.4,25.1,78.7,0.0,27.9,0.0
2005-05-29,114.0,0.8,24.2,78.3,0.0,27.2,0.0
2005-05-30,118.0,0.0,22.8,77.6,0.0,26.7,0.0
2005-05-31,114.0,0.0,23.5,77.2,0.0,26.3,0.0
2005-06-01,108.0,0.0,25.8,77.3,0.0,25.8,0.0
2005-06-02,105.0,0.0,25.1,76.8,0.0,25.7,0.0
2005-06-03,103.0,0.0,22.3,77.0,0.0,25.7,0.0
2005-06-04,104.0,0.0,22.1,77.0,0.0,26.0,0.0
2005-06-05,110.0,0.0,23.9,76.9,0.0,25.9,0.0
2005-06-06,116.0,0.0,22.4,76.7,0.0,26.1,0.0
2005-06-07,106.0,0.0,22.2,76.4,0.0,26.1,0.0
2005-06-08,105.0,0.0,23.2,75.9,0.0,26.1,0.0
2005-06-09,102.0,0.0,23.4,76.5,0.0,26.0,0.0
2005-06-10,97.2,1.2,21.9,77.4,0.7,25.7,0.7
2005-06-11,101.0,0.0,24.4,77.4,0.4,25.7,0.4
2005-06-12,102.0,1.9,22.3,76.8,1.7,25.7,1.7
2005-06-13,93.1,0.0,25.5,75.9,0.0,25.7,0.0
2005-06-14,91.1,0.0,27.7,75.5,0.0,25.7,0.0
2005-06-15,90.4,0.0,28.6,74.7,0.0,25.9,0.0
2005-06-16,91.5,0.0,27.7,74.3,0.0,26.0,0.0
2005-06-17,90.1,0.0,26.2,74.2,0.0,25.9,0.0
2005-06-18,87.4,0.0,26.2,74.0,0.0,26.0,0.0
2005-06-19,84.2,0.0,27.7,73.7,0.0,26.0,0.0
2005-06-20,87.3,0.0,29.4,73.7,0.0,26.0,0.0
2005-06-21,77.0,0.0,30.1,74.4,0.0,26.1,0.0
2005-06-22,71.2,0.0,30.3,75.2,0.0,26.1,0.0
2005-06-23,63.1,1.4,29.0,111.0,0.9,26.4,0.9
2005-06-24,69.6,0.4,28.3,83.0,0.6,26.4,0.6
2005-06-25,104.0,0.0,28.9,77.8,0.0,26.3,0.0
2005-06-26,113.0,0.0,28.5,75.2,0.0,25.9,0.0
2005-06-27,105.0,0.0,27.9,73.9,0.0,25.8,0.0
2005-06-28,96.3,0.0,29.8,73.4,0.0,25.7,0.0
2005-06-29,101.0,0.0,27.3,72.9,0.0,25.8,0.0
2005-06-30,88.9,0.0,29.3,72.9,0.0,25.8,0.0
2005-07-01,80.6,0.0,30.6,72.5,0.0,25.6,0.0
2005-07-02,82.0,0.0,30.4,72.3,0.0,25.5,0.0
2005-07-03,84.5,0.0,30.0,72.3,0.0,25.5,0.0
2005-07-04,86.0,0.0,30.1,72.1,0.0,25.4,0.0
2005-07-05,84.3,0.0,30.9,72.1,0.0,25.3,0.0
2005-07-06,78.1,0.0,30.8,71.9,0.0,25.3,0.0
2005-07-07,72.4,0.0,30.3,72.0,0.0,25.3,0.0
2005-07-08,68.2,0.0,30.5,72.3,0.0,25.2,0.0
2005-07-09,70.7,0.0,30.2,72.5,0.0,25.3,0.0
2005-07-10,64.6,0.0,30.1,72.2,0.0,25.2,0.0
2005-07-11,63.8,0.0,30.2,72.1,0.0,25.3,0.0
2005-07-12,73.8,0.0,31.9,71.9,0.0,25.2,0.0
2005-07-13,67.0,0.0,33.4,71.5,0.0,25.2,0.0
2005-07-14,56.6,0.3,32.7,71.9,0.0,25.1,0.0
2005-07-15,46.6,0.0,33.1,71.7,0.0,25.1,0.0
2005-07-16,57.8,0.0,33.7,71.7,0.0,25.2,0.0
2005-07-17,56.9,0.0,34.3,72.4,0.0,25.2,0.0
2005-07-18,62.2,0.0,34.6,72.0,0.0,24.9,0.0
2005-07-19,67.9,0.2,33.5,108.0,0.0,24.9,0.0
2005-07-20,77.4,1.7,32.2,79.5,0.2,26.6,0.2
2005-07-21,98.0,1.1,32.2,74.8,0.4,26.6,0.4
2005-07-22,93.0,1.2,30.7,76.2,0.0,25.8,0.0
2005-07-23,90.2,0.0,30.4,76.1,0.2,25.9,0.2
2005-07-24,105.0,1.7,27.7,76.9,1.0,25.8,1.0
2005-07-25,128.0,4.5,27.1,77.7,3.6,27.0,3.6
2005-07-26,130.0,6.2,26.9,82.3,0.6,27.2,0.6
2005-07-27,131.0,3.7,27.0,88.9,1.0,25.9,1.0
2005-07-28,127.0,3.9,27.4,77.6,0.0,25.6,0.0
2005-07-29,120.0,0.3,28.1,75.7,0.9,25.7,0.9
2005-07-30,116.0,0.8,28.3,77.6,1.2,26.1,1.2
2005-07-31,223.0,7.2,26.1,76.6,4.2,40.9,4.2
2005-08-01,265.0,2.7,24.0,95.5,4.0,29.7,4.0
2005-08-02,239.0,0.0,26.2,89.9,0.0,26.3,0.0
2005-08-03,206.0,9.7,24.8,80.4,7.5,26.2,7.5
2005-08-04,201.0,1.2,26.5,78.0,0.0,25.7,0.0
2005-08-05,198.0,0.6,26.7,89.8,0.7,25.5,0.7
2005-08-06,178.0,0.9,26.8,84.0,0.1,29.0,0.1
2005-08-07,196.0,4.8,26.2,79.4,1.0,32.3,1.0
2005-08-08,265.0,3.3,25.9,95.9,3.2,26.7,3.2
2005-08-09,298.0,10.3,24.8,83.2,0.3,26.4,0.3
2005-08-10,321.0,24.7,21.9,84.6,21.1,26.7,21.1
2005-08-11,369.0,19.7,22.5,110.0,9.7,27.8,9.7
2005-08-12,392.0,10.0,22.5,109.0,6.9,27.5,6.9
2005-08-13,407.0,3.2,22.5,94.3,4.4,26.1,4.4
2005-08-14,322.0,3.7,23.0,87.1,3.1,26.0,3.1
2005-08-15,402.0,0.7,22.3,78.7,0.3,25.9,0.3
2005-08-16,321.0,1.7,22.7,78.0,4.0,26.0,4.0
2005-08-17,251.0,0.0,23.7,77.8,0.1,25.8,0.1
2005-08-18,210.0,0.0,25.0,77.6,0.0,25.6,0.0
2005-08-19,182.0,0.7,24.5,76.0,1.1,25.6,1.1
2005-08-20,161.0,3.3,23.4,75.5,4.8,25.5,4.8
2005-08-21,150.0,0.0,25.9,75.1,0.0,25.5,0.0
2005-08-22,141.0,0.0,26.7,75.3,0.0,25.5,0.0
2005-08-23,129.0,2.5,27.5,84.4,0.0,26.8,0.0
2005-08-24,498.0,1.2,23.9,78.4,0.0,28.0,0.0
2005-08-25,304.0,2.1,24.9,81.1,1.5,27.2,1.5
2005-08-26,194.0,0.0,27.1,77.8,0.0,25.8,0.0
2005-08-27,164.0,0.0,27.8,76.1,0.0,25.6,0.0
2005-08-28,137.0,0.0,28.7,75.4,0.0,25.5,0.0
2005-08-29,121.0,0.0,28.9,74.7,0.0,25.4,0.0
2005-08-30,113.0,0.0,29.8,74.3,0.0,25.4,0.0
2005-08-31,97.1,0.0,28.7,74.9,0.0,25.5,0.0
2005-09-01,83.2,0.4,27.6,91.4,0.1,25.7,0.1
2005-09-02,89.0,0.0,27.3,85.0,0.2,25.4,0.2
2005-09-03,115.0,0.5,26.3,75.0,0.7,25.5,0.7
2005-09-04,123.0,0.2,24.7,74.0,0.2,25.7,0.2
2005-09-05,118.0,1.5,25.5,74.0,0.1,25.5,0.1
2005-09-06,116.0,0.0,26.8,75.0,0.0,25.2,0.0
2005-09-07,110.0,0.0,27.2,73.0,0.0,25.1,0.0
2005-09-08,106.0,0.1,27.1,74.5,0.0,28.3,0.0
2005-09-09,94.4,0.7,26.7,76.3,0.7,25.5,0.7
2005-09-10,86.1,0.0,23.3,75.5,0.0,25.0,0.0
2005-09-11,93.2,0.0,23.1,73.4,0.0,24.5,0.0
2005-09-12,99.3,0.0,23.4,73.0,0.0,24.5,0.0
2005-09-13,95.8,0.0,22.9,72.9,0.0,24.4,0.0
2005-09-14,92.9,0.0,22.3,72.9,0.0,24.5,0.0
2005-09-15,96.1,0.0,21.9,72.6,0.0,24.4,0.0
2005-09-16,93.0,0.0,24.0,72.5,0.0,24.3,0.0
2005-09-17,91.4,0.0,23.6,72.6,0.0,24.2,0.0
2005-09-18,95.4,0.0,23.6,72.5,0.0,24.3,0.0
2005-09-19,98.3,0.0,24.9,72.5,0.0,24.2,0.0
2005-09-20,96.6,0.0,26.8,72.5,0.0,24.1,0.0
2005-09-21,91.5,0.4,26.0,73.2,1.1,24.3,1.1
2005-09-22,92.0,0.0,25.6,73.5,0.0,24.1,0.0
2005-09-23,92.7,0.0,25.9,73.2,0.0,24.0,0.0
2005-09-24,94.7,0.0,25.3,73.0,0.0,23.9,0.0
2005-09-25,91.1,0.0,24.0,72.6,0.0,23.8,0.0
2005-09-26,86.9,0.0,24.8,72.7,0.0,23.8,0.0
2005-09-27,80.9,0.0,25.3,74.0,0.0,23.8,0.0
2005-09-28,89.7,0.0,24.6,74.0,0.0,23.8,0.0
2005-09-29,92.4,0.0,21.2,73.5,0.0,23.8,0.0
2005-09-30,76.6,0.0,22.4,73.3,0.0,23.6,0.0
2005-10-01,81.4,0.0,24.2,75.5,0.0,23.6,0.0
2005-10-02,93.1,0.0,24.5,75.5,0.0,23.6,0.0
2005-10-03,93.9,0.0,24.1,75.6,0.0,23.1,0.0
2005-10-04,92.9,1.4,23.0,75.6,1.2,22.9,1.2
2005-10-05,93.0,0.0,21.1,75.5,0.0,23.0,0.0
2005-10-06,96.2,0.0,21.3,75.7,0.0,23.1,0.0
2005-10-07,94.1,0.0,23.3,76.1,0.0,23.2,0.0
2005-10-08,95.7,0.0,23.3,75.9,0.0,23.1,0.0
2005-10-09,98.2,0.3,19.9,75.8,0.8,23.2,0.8
2005-10-10,97.4,0.0,16.2,75.8,0.0,23.1,0.0
2005-10-11,86.8,0.0,17.1,76.3,0.0,23.3,0.0
2005-10-12,94.6,0.0,17.7,77.0,0.0,23.5,0.0
2005-10-13,109.0,0.0,18.0,77.1,0.0,23.3,0.0
2005-10-14,111.0,0.0,18.7,77.1,0.0,23.2,0.0
2005-10-15,113.0,0.0,19.8,77.5,0.1,23.2,0.1
2005-10-16,116.0,0.0,18.7,77.8,0.0,23.4,0.0
2005-10-17,120.0,0.0,19.2,79.1,0.0,23.6,0.0
2005-10-18,140.0,35.4,16.3,85.2,28.8,24.5,28.8
2005-10-19,182.0,4.6,11.9,85.5,7.1,23.9,7.1
2005-10-20,222.0,0.0,15.0,81.0,0.0,23.8,0.0
2005-10-21,195.0,0.0,16.0,80.4,0.0,23.9,0.0
2005-10-22,184.0,0.0,17.0,79.8,0.0,23.7,0.0
2005-10-23,177.0,0.0,16.9,79.8,0.0,24.1,0.0
2005-10-24,171.0,0.4,16.1,79.8,0.0,24.1,0.0
2005-10-25,171.0,0.0,16.8,79.8,0.1,24.0,0.1
2005-10-26,169.0,0.0,15.9,79.8,0.0,24.3,0.0
2005-10-27,161.0,0.0,16.1,78.0,0.0,24.2,0.0
2005-10-28,158.0,0.0,16.5,78.6,0.2,24.3,0.2
2005-10-29,164.0,0.0,15.3,79.2,0.0,24.2,0.0
2005-10-30,168.0,0.0,15.3,79.2,0.0,23.9,0.0
2005-10-31,166.0,0.0,13.9,78.9,0.0,23.9,0.0
2005-11-01,165.0,0.0,13.9,79.2,0.0,23.9,0.0
2005-11-02,162.0,0.0,17.9,79.8,0.0,23.9,0.0
2005-11-03,165.0,0.0,17.0,80.5,0.0,23.7,0.0
2005-11-04,167.0,0.0,14.6,80.6,0.0,23.8,0.0
2005-11-05,171.0,0.0,13.8,80.8,0.0,23.9,0.0
2005-11-06,176.0,0.0,14.3,79.4,0.0,23.9,0.0
2005-11-07,169.0,0.0,16.8,79.8,0.0,23.9,0.0
2005-11-08,170.0,0.0,17.2,79.9,0.0,23.9,0.0
2005-11-09,174.0,0.0,18.0,80.9,0.0,23.8,0.0
2005-11-10,173.0,0.0,17.9,81.0,0.0,23.8,0.0
2005-11-11,178.0,2.0,14.4,83.3,2.0,23.9,2.0
2005-11-12,186.0,0.0,11.9,83.0,0.0,23.8,0.0
2005-11-13,188.0,0.0,12.7,82.1,0.0,23.9,0.0
2005-11-14,192.0,0.0,14.7,82.1,0.0,23.9,0.0
2005-11-15,190.0,0.0,12.1,81.9,0.0,23.9,0.0
2005-11-16,185.0,0.0,7.8,82.0,0.0,23.8,0.0
2005-11-17,191.0,0.0,10.7,82.2,0.0,23.7,0.0
2005-11-18,193.0,0.0,10.1,82.7,0.0,23.8,0.0
2005-11-19,190.0,0.0,9.7,82.6,0.0,23.8,0.0
2005-11-20,184.0,0.0,9.2,82.8,0.0,23.9,0.0
2005-11-21,190.0,0.0,10.6,82.9,0.0,23.7,0.0
2005-11-22,198.0,0.0,11.1,83.2,0.0,23.9,0.0
2005-11-23,200.0,0.0,12.5,83.4,0.0,23.9,0.0
2005-11-24,197.0,1.1,14.1,83.5,1.0,24.2,1.0
2005-11-25,194.0,0.0,12.1,83.1,0.0,24.3,0.0
2005-11-26,193.0,0.0,11.8,83.4,0.0,24.3,0.0
2005-11-27,195.0,0.0,6.3,83.2,0.0,24.2,0.0
2005-11-28,199.0,0.0,2.7,83.2,0.0,24.0,0.0
2005-11-29,203.0,0.0,5.7,84.0,0.0,24.1,0.0
2005-11-30,204.0,0.0,7.5,84.1,0.0,24.3,0.0
2005-12-01,202.0,0.0,9.5,84.5,0.0,24.5,0.0
2005-12-02,201.0,0.0,11.1,84.5,0.0,24.6,0.0
2005-12-03,206.0,0.0,10.4,84.5,0.0,24.7,0.0
2005-12-04,203.0,0.0,5.0,84.1,0.0,24.8,0.0
2005-12-05,202.0,0.0,2.8,84.3,0.0,24.6,0.0
2005-12-06,202.0,0.0,4.7,84.4,0.0,24.5,0.0
2005-12-07,204.0,0.0,6.0,84.5,0.0,24.5,0.0
2005-12-08,204.0,0.0,3.2,84.5,0.0,24.5,0.0
2005-12-09,202.0,0.0,5.7,84.5,0.0,24.7,0.0
2005-12-10,200.0,0.0,7.1,84.6,0.0,24.7,0.0
2005-12-11,201.0,0.0,7.9,84.8,0.0,24.8,0.0
2005-12-12,201.0,0.0,10.1,85.0,0.0,24.8,0.0
2005-12-13,201.0,0.0,8.8,85.0,0.0,24.8,0.0
2005-12-14,200.0,0.0,7.3,84.8,0.0,24.8,0.0
2005-12-15,200.0,0.0,3.3,85.1,0.0,24.8,0.0
2005-12-16,200.0,0.0,4.0,85.3,0.0,24.8,0.0
2005-12-17,200.0,0.0,4.3,85.3,0.0,24.8,0.0
2005-12-18,199.0,0.0,5.1,85.4,0.0,24.8,0.0
2005-12-19,199.0,0.0,6.6,85.4,0.0,24.9,0.0
2005-12-20,198.0,0.0,8.2,85.4,0.0,25.2,0.0
2005-12-21,199.0,0.0,8.9,85.7,0.0,25.3,0.0
2005-12-22,201.0,0.0,11.0,85.9,0.0,25.6,0.0
2005-12-23,201.0,0.0,13.4,85.9,0.0,25.7,0.0
2005-12-24,202.0,0.0,11.1,85.4,0.0,25.7,0.0
2005-12-25,200.0,0.0,10.3,85.5,0.0,25.7,0.0
2005-12-26,201.0,0.0,12.6,85.6,0.0,25.7,0.0
2005-12-27,197.0,0.0,9.5,85.6,0.0,25.7,0.0
2005-12-28,198.0,0.0,10.0,85.7,0.0,25.7,0.0
2005-12-29,199.0,0.0,11.0,86.1,0.0,25.8,0.0
2005-12-30,195.0,0.0,8.1,85.7,0.0,25.8,0.0
2005-12-31,198.0,0.0,9.6,86.1,0.0,25.8,0.0
2006-01-01,199.0,0.0,9.1,86.3,0.0,25.8,0.0
2006-01-02,201.0,0.0,11.0,86.1,0.0,25.9,0.0
2006-01-03,197.0,0.0,10.8,85.6,0.2,26.0,0.2
2006-01-04,194.0,0.0,8.5,85.3,0.0,26.1,0.0
2006-01-05,192.0,0.0,8.6,85.3,0.0,26.1,0.0
2006-01-06,188.0,0.0,8.9,85.3,0.0,26.1,0.0
2006-01-07,186.0,0.0,12.3,85.9,0.0,26.1,0.0
2006-01-08,191.0,0.0,9.9,86.0,0.0,26.0,0.0
2006-01-09,192.0,0.0,7.1,85.6,0.0,25.7,0.0
2006-01-10,187.0,0.0,5.0,85.4,0.0,25.8,0.0
2006-01-11,187.0,0.0,8.4,85.4,0.0,25.8,0.0
2006-01-12,186.0,0.0,9.3,85.8,0.0,25.7,0.0
2006-01-13,186.0,0.0,8.6,85.8,0.0,25.8,0.0
2006-01-14,187.0,0.0,12.0,86.0,0.0,26.0,0.0
2006-01-15,187.0,0.0,9.0,86.3,0.0,26.1,0.0
2006-01-16,184.0,0.7,4.0,85.7,0.4,26.1,0.4
2006-01-17,190.0,0.0,4.2,85.3,0.0,26.1,0.0
2006-01-18,196.0,0.0,7.8,85.2,0.0,26.1,0.0
2006-01-19,198.0,0.7,7.1,84.8,1.6,26.3,1.6
2006-01-20,197.0,0.0,4.0,84.3,0.0,26.4,0.0
2006-01-21,198.0,0.0,3.5,84.3,0.0,26.3,0.0
2006-01-22,198.0,0.0,3.7,84.4,0.0,26.4,0.0
2006-01-23,200.0,0.0,3.1,84.2,0.0,26.4,0.0
2006-01-24,204.0,0.0,4.4,84.2,0.0,26.3,0.0
2006-01-25,203.0,0.3,7.3,85.2,0.2,26.2,0.2
2006-01-26,205.0,0.0,6.3,85.0,0.0,25.9,0.0
2006-01-27,208.0,0.0,7.5,84.7,0.0,25.8,0.0
2006-01-28,210.0,0.0,5.9,84.4,0.0,25.5,0.0
2006-01-29,209.0,0.0,7.1,84.3,0.0,25.3,0.0
2006-01-30,208.0,0.0,9.0,84.3,0.0,25.2,0.0
2006-01-31,208.0,0.0,11.0,84.3,0.0,25.1,0.0
2006-02-01,205.0,0.0,8.9,83.9,0.0,25.0,0.0
2006-02-02,205.0,0.0,10.3,83.0,0.0,24.7,0.0
2006-02-03,203.0,0.0,11.0,82.6,0.0,24.3,0.0
2006-02-04,200.0,0.0,10.3,82.4,0.0,24.1,0.0
2006-02-05,201.0,0.0,12.4,82.5,0.0,24.3,0.0
2006-02-06,199.0,0.0,7.1,82.1,0.0,24.3,0.0
2006-02-07,198.0,0.0,8.0,82.3,0.0,24.4,0.0
2006-02-08,200.0,0.0,9.8,82.5,0.0,24.4,0.0
2006-02-09,201.0,0.0,10.5,80.7,0.0,24.5,0.0
2006-02-10,200.0,0.0,11.8,80.2,0.0,24.4,0.0
2006-02-11,199.0,0.0,8.1,80.2,0.0,24.7,0.0
2006-02-12,199.0,0.0,6.7,80.8,0.0,24.9,0.0
2006-02-13,198.0,0.0,9.6,80.6,0.0,24.8,0.0
2006-02-14,197.0,0.0,11.1,81.2,0.0,24.8,0.0
2006-02-15,195.0,0.0,9.8,81.0,0.0,25.2,0.0
2006-02-16,189.0,0.0,8.9,80.3,0.0,25.0,0.0
2006-02-17,187.0,0.0,8.3,79.9,0.0,24.9,0.0
2006-02-18,180.0,0.0,7.4,79.4,0.0,25.1,0.0
2006-02-19,181.0,0.0,6.8,79.2,0.0,25.2,0.0
2006-02-20,182.0,0.0,7.0,79.4,0.0,25.2,0.0
2006-02-21,181.0,0.0,6.9,79.5,0.0,25.1,0.0
2006-02-22,170.0,0.0,7.2,79.6,0.0,25.3,0.0
2006-02-23,160.0,0.0,7.8,79.5,0.0,25.4,0.0
2006-02-24,151.0,0.0,10.2,79.6,0.0,25.4,0.0
2006-02-25,150.0,0.0,11.8,79.3,0.0,25.4,0.0
2006-02-26,150.0,0.0,12.5,79.2,0.0,25.7,0.0
2006-02-27,145.0,0.0,14.5,79.1,0.0,25.8,0.0
2006-02-28,145.0,0.0,14.9,80.1,0.6,25.9,0.6
2006-03-01,155.0,1.4,12.8,80.5,1.1,25.9,1.1
2006-03-02,157.0,0.0,12.6,79.5,0.0,25.8,0.0
2006-03-03,152.0,0.0,13.4,78.2,0.0,25.6,0.0
2006-03-04,151.0,0.0,11.7,77.9,0.0,25.5,0.0
2006-03-05,149.0,0.0,11.4,77.7,0.0,26.0,0.0
2006-03-06,144.0,0.0,14.9,77.8,0.0,25.8,0.0
2006-03-07,138.0,0.0,13.4,77.8,0.3,26.1,0.3
2006-03-08,144.0,0.0,9.3,78.3,0.8,26.0,0.8
2006-03-09,160.0,0.6,7.5,78.6,0.0,26.1,0.0
2006-03-10,173.0,1.5,7.3,78.5,3.5,26.1,3.5
2006-03-11,184.0,15.1,2.5,79.9,16.2,25.9,16.2
2006-03-12,194.0,15.7,0.3,80.1,12.8,26.6,12.8
2006-03-13,195.0,0.1,0.2,79.4,0.0,26.1,0.0
2006-03-14,191.0,0.0,2.3,78.2,0.0,25.8,0.0
2006-03-15,182.0,0.0,9.6,77.7,0.0,25.7,0.0
2006-03-16,177.0,0.0,8.8,76.5,0.0,26.1,0.0
2006-03-17,175.0,0.0,12.0,76.4,0.0,25.8,0.0
2006-03-18,171.0,0.4,9.8,76.3,1.9,25.7,1.9
2006-03-19,170.0,2.9,5.8,77.9,1.9,26.0,1.9
2006-03-20,168.0,3.0,4.2,79.1,4.4,26.2,4.4
2006-03-21,163.0,4.3,6.1,78.9,4.2,26.0,4.2
2006-03-22,167.0,1.4,3.2,78.6,2.1,25.9,2.1
2006-03-23,170.0,0.0,8.1,77.4,0.0,25.5,0.0
2006-03-24,171.0,0.0,10.9,76.9,0.0,25.1,0.0
2006-03-25,165.0,0.0,14.4,76.4,0.0,24.9,0.0
2006-03-26,154.0,0.0,15.3,75.9,0.0,24.9,0.0
2006-03-27,144.0,0.3,14.4,75.7,0.1,24.8,0.1
2006-03-28,143.0,4.8,12.3,76.9,5.9,24.8,5.9
2006-03-29,159.0,3.4,10.7,77.4,6.0,24.9,6.0
2006-03-30,164.0,0.1,9.2,75.9,1.2,24.9,1.2
2006-03-31,168.0,0.0,12.0,74.9,0.0,24.8,0.0
2006-04-01,173.0,0.0,12.8,74.6,0.2,24.6,0.2
2006-04-02,161.0,0.0,12.8,73.8,0.0,24.4,0.0
2006-04-03,149.0,0.0,16.6,73.7,0.0,24.2,0.0
2006-04-04,140.0,0.0,18.9,73.5,0.0,24.0,0.0
2006-04-05,143.0,8.0,13.2,74.8,10.1,24.1,10.1
2006-04-06,152.0,0.6,9.1,74.2,1.0,23.9,1.0
2006-04-07,156.0,0.0,12.2,73.5,0.0,23.7,0.0
2006-04-08,149.0,0.0,15.5,73.2,0.0,23.6,0.0
2006-04-09,133.0,0.0,16.9,73.0,0.0,23.4,0.0
2006-04-10,121.0,0.0,15.5,73.1,0.0,23.4,0.0
2006-04-11,128.0,0.2,15.1,73.5,0.7,23.5,0.7
2006-04-12,138.0,0.0,17.0,73.5,0.0,23.5,0.0
2006-04-13,142.0,0.0,19.0,73.6,0.0,23.5,0.0
2006-04-14,137.0,0.1,21.9,73.6,0.0,23.5,0.0
2006-04-15,133.0,0.5,14.8,74.0,0.9,23.8,0.9
2006-04-16,129.0,0.0,16.4,73.5,0.0,24.0,0.0
2006-04-17,111.0,0.0,17.0,73.4,0.0,24.2,0.0
2006-04-18,104.0,0.0,14.3,73.4,0.0,24.0,0.0
2006-04-19,116.0,0.0,15.7,73.4,0.0,23.9,0.0
2006-04-20,110.0,0.0,18.2,73.0,0.0,24.1,0.0
2006-04-21,98.8,0.0,20.5,72.7,0.0,24.1,0.0
2006-04-22,96.5,0.0,20.7,72.4,0.0,24.0,0.0
2006-04-23,94.6,0.0,15.8,73.1,0.0,24.5,0.0
2006-04-24,101.0,0.0,14.4,73.9,0.0,24.4,0.0
2006-04-25,99.1,0.0,16.9,73.7,0.0,24.3,0.0
2006-04-26,100.0,0.0,18.8,73.6,0.0,24.2,0.0
2006-04-27,102.0,0.0,16.6,73.7,0.0,24.0,0.0
2006-04-28,106.0,1.3,13.6,75.7,2.6,24.3,2.6
2006-04-29,120.0,0.0,17.7,74.6,0.0,23.9,0.0
2006-04-30,122.0,0.0,20.9,73.6,0.0,24.0,0.0
2006-05-01,115.0,0.0,22.2,73.4,0.1,24.0,0.1
2006-05-02,110.0,0.0,24.3,72.8,0.0,23.8,0.0
2006-05-03,102.0,0.0,22.7,72.1,0.0,23.8,0.0
2006-05-04,97.6,0.0,20.1,71.8,0.0,23.8,0.0
2006-05-05,91.0,0.2,18.6,73.1,0.0,23.9,0.0
2006-05-06,93.7,0.0,19.8,73.2,0.0,23.8,0.0
2006-05-07,102.0,0.0,21.7,72.9,0.0,23.3,0.0
2006-05-08,100.0,0.0,23.1,72.3,0.0,23.2,0.0
2006-05-09,84.6,0.0,23.2,72.0,0.0,23.2,0.0
2006-05-10,83.3,0.0,22.7,71.7,0.0,23.2,0.0
2006-05-11,84.6,0.0,23.9,71.4,0.0,23.2,0.0
2006-05-12,83.7,0.0,25.9,70.9,0.0,23.1,0.0
2006-05-13,83.7,0.0,26.7,70.8,0.0,23.1,0.0
2006-05-14,82.8,0.0,26.6,70.5,0.0,23.0,0.0
2006-05-15,83.6,0.0,27.6,70.1,0.0,23.0,0.0
2006-05-16,80.9,0.0,26.6,70.7,0.3,23.2,0.3
2006-05-17,70.1,0.9,23.9,71.4,0.7,23.1,0.7
2006-05-18,65.3,0.0,26.8,71.7,0.0,22.9,0.0
2006-05-19,61.9,0.0,27.7,71.4,0.0,22.8,0.0
2006-05-20,55.8,0.0,27.6,70.6,0.0,22.6,0.0
2006-05-21,61.6,0.0,27.0,70.0,0.0,22.3,0.0
2006-05-22,64.7,0.2,22.2,70.1,0.0,22.6,0.0
2006-05-23,75.7,0.0,19.4,71.0,0.0,22.5,0.0
2006-05-24,75.9,0.0,25.1,70.8,0.0,22.2,0.0
2006-05-25,59.6,0.0,27.5,70.0,0.0,21.8,0.0
2006-05-26,65.4,0.0,26.4,69.5,0.0,21.7,0.0
2006-05-27,54.7,0.0,22.5,69.3,0.0,21.6,0.0
2006-05-28,59.3,0.0,20.8,69.5,0.0,21.7,0.0
2006-05-29,58.9,0.0,20.6,69.7,0.0,21.8,0.0
2006-05-30,68.5,0.0,22.8,69.9,0.0,22.0,0.0
2006-05-31,69.3,0.0,25.1,69.8,0.0,22.0,0.0
2006-06-01,67.0,0.0,27.5,70.1,0.0,21.9,0.0
2006-06-02,57.6,0.0,29.4,69.9,0.0,21.8,0.0
2006-06-03,51.6,0.0,30.4,69.9,0.0,21.6,0.0
2006-06-04,51.2,0.0,30.6,69.3,0.0,21.5,0.0
2006-06-05,54.7,0.0,31.0,68.8,0.0,21.2,0.0
2006-06-06,52.5,0.6,30.5,69.0,0.0,21.3,0.0
2006-06-07,47.6,0.0,29.0,70.3,0.0,21.4,0.0
2006-06-08,47.4,0.0,26.9,70.0,0.0,21.3,0.0
2006-06-09,58.2,0.0,27.9,69.6,0.0,20.8,0.0
2006-06-10,58.2,0.0,27.9,68.0,0.0,20.4,0.0
2006-06-11,58.4,0.0,27.9,67.3,0.0,20.3,0.0
2006-06-12,56.4,0.0,27.8,66.5,0.0,20.3,0.0
2006-06-13,45.8,0.0,28.4,66.3,0.0,20.2,0.0
2006-06-14,48.5,0.0,30.0,66.0,0.0,20.1,0.0
2006-06-15,47.5,0.0,27.0,66.3,0.0,20.0,0.0
2006-06-16,52.0,0.0,25.4,68.0,0.0,20.1,0.0
2006-06-17,49.9,0.0,27.5,68.1,0.0,20.0,0.0
2006-06-18,47.2,0.0,30.2,68.0,0.0,20.2,0.0
2006-06-19,48.1,0.0,31.2,67.4,0.0,20.1,0.0
2006-06-20,48.0,0.0,30.4,66.7,0.0,20.0,0.0
2006-06-21,45.1,0.0,30.1,66.9,0.0,19.8,0.0
2006-06-22,42.8,0.0,30.6,66.8,0.0,20.0,0.0
2006-06-23,38.9,0.0,31.6,66.8,0.0,20.0,0.0
2006-06-24,40.3,0.0,32.1,66.9,0.0,19.9,0.0
2006-06-25,41.0,0.2,32.6,67.6,0.0,20.1,0.0
2006-06-26,48.2,0.0,31.1,68.4,0.0,20.2,0.0
2006-06-27,41.9,0.4,29.2,69.6,0.1,20.6,0.1
2006-06-28,48.0,3.1,27.1,70.6,0.5,20.5,0.5
2006-06-29,55.8,0.0,29.8,70.2,0.1,25.3,0.1
2006-06-30,74.3,0.2,29.6,70.2,0.5,21.1,0.5
2006-07-01,67.6,0.3,29.9,72.7,0.0,20.6,0.0
2006-07-02,71.6,2.7,29.7,71.0,0.3,20.6,0.3
2006-07-03,75.1,2.0,29.0,70.4,1.6,20.7,1.6
2006-07-04,67.7,0.0,29.3,70.6,0.0,20.6,0.0
2006-07-05,67.7,1.8,27.6,72.4,0.4,21.1,0.4
2006-07-06,73.7,1.0,26.0,83.4,1.0,21.4,1.0
2006-07-07,89.8,0.0,27.8,82.7,0.0,21.6,0.0
2006-07-08,174.0,2.0,26.7,77.7,1.7,21.2,1.7
2006-07-09,162.0,0.3,28.2,75.3,0.0,21.1,0.0
2006-07-10,140.0,0.0,28.9,74.7,0.0,21.0,0.0
2006-07-11,115.0,0.0,31.0,72.1,0.0,20.6,0.0
2006-07-12,95.1,0.0,31.5,70.5,0.0,20.6,0.0
2006-07-13,76.6,0.0,31.7,69.6,0.0,20.6,0.0
2006-07-14,67.9,0.0,32.7,67.8,0.0,20.7,0.0
2006-07-15,61.5,0.0,33.9,68.9,0.0,20.9,0.0
2006-07-16,58.7,0.0,31.4,69.0,0.4,20.8,0.4
2006-07-17,56.0,0.0,30.5,69.0,0.0,20.9,0.0
2006-07-18,65.4,1.5,30.8,70.0,0.9,20.9,0.9
2006-07-19,60.8,0.7,30.3,72.8,0.4,21.5,0.4
2006-07-20,63.7,1.0,28.9,71.8,0.1,21.4,0.1
2006-07-21,67.1,0.0,30.6,70.8,0.3,21.3,0.3
2006-07-22,62.0,0.0,30.8,69.1,0.0,21.1,0.0
2006-07-23,56.7,0.0,32.5,68.7,0.0,21.7,0.0
2006-07-24,53.4,0.1,31.6,69.4,0.2,23.4,0.2
2006-07-25,49.1,2.1,31.4,71.4,1.6,22.2,1.6
2006-07-26,56.8,4.0,29.0,82.0,4.5,22.3,4.5
2006-07-27,73.8,2.9,25.8,74.6,5.5,22.1,5.5
2006-07-28,88.0,11.3,26.2,74.3,9.0,22.1,9.0
2006-07-29,94.7,11.3,22.3,74.6,25.9,22.2,25.9
2006-07-30,452.0,14.7,22.8,421.0,7.1,26.6,7.1
2006-07-31,1040.0,3.7,23.0,422.0,5.8,69.0,5.8
2006-08-01,904.0,0.4,23.5,180.0,1.9,33.6,1.9
2006-08-02,433.0,0.0,24.7,114.0,0.0,25.8,0.0
2006-08-03,315.0,0.0,25.1,98.2,0.0,23.5,0.0
2006-08-04,279.0,7.7,24.8,92.0,5.8,23.5,5.8
2006-08-05,871.0,2.1,23.5,90.0,2.4,23.0,2.4
2006-08-06,308.0,0.0,26.0,85.0,0.0,22.4,0.0
2006-08-07,216.0,0.0,27.4,83.0,0.0,22.2,0.0
2006-08-08,178.0,1.6,27.0,81.0,0.0,22.1,0.0
2006-08-09,181.0,1.5,27.3,85.0,0.0,22.4,0.0
2006-08-10,183.0,0.3,27.5,81.0,0.1,22.9,0.1
2006-08-11,173.0,17.9,25.5,84.3,3.9,23.1,3.9
2006-08-12,193.0,13.8,23.8,104.0,12.2,24.7,12.2
2006-08-13,213.0,2.9,25.7,121.0,0.9,22.7,0.9
2006-08-14,193.0,3.1,26.0,114.0,0.7,22.6,0.7
2006-08-15,202.0,9.1,25.6,109.0,0.3,25.7,0.3
2006-08-16,233.0,18.0,23.4,261.0,15.3,27.5,15.3
2006-08-17,258.0,0.1,25.3,184.0,0.2,22.4,0.2
2006-08-18,286.0,0.0,25.5,109.0,0.0,22.2,0.0
2006-08-19,210.0,0.0,26.1,87.8,0.0,22.0,0.0
2006-08-20,160.0,0.0,27.8,79.6,0.0,21.9,0.0
2006-08-21,134.0,0.0,27.5,76.1,0.0,21.8,0.0
2006-08-22,131.0,0.5,26.6,75.0,0.3,25.8,0.3
2006-08-23,148.0,0.1,25.2,75.6,1.7,30.2,1.7
2006-08-24,128.0,3.2,25.4,95.3,0.3,23.5,0.3
2006-08-25,147.0,3.0,23.6,81.5,3.1,22.9,3.1
2006-08-26,241.0,0.8,25.1,77.4,0.6,24.8,0.6
2006-08-27,181.0,0.0,26.2,75.8,0.0,26.9,0.0
2006-08-28,140.0,0.0,26.4,79.0,0.0,23.1,0.0
2006-08-29,124.0,0.0,27.4,74.8,0.0,22.3,0.0
2006-08-30,117.0,0.0,28.1,72.9,0.0,21.9,0.0
2006-08-31,179.0,1.7,27.2,72.9,0.0,22.2,0.0
2006-09-01,122.0,0.2,26.4,73.6,0.1,22.1,0.1
2006-09-02,136.0,0.7,27.2,87.1,0.0,22.0,0.0
2006-09-03,135.0,0.5,25.6,75.5,0.0,21.9,0.0
2006-09-04,139.0,0.1,24.5,72.0,0.6,21.8,0.6
2006-09-05,125.0,1.2,25.4,71.3,0.0,21.8,0.0
2006-09-06,121.0,0.0,25.8,72.4,0.0,21.9,0.0
2006-09-07,148.0,12.6,22.8,214.0,6.3,22.4,6.3
2006-09-08,183.0,0.6,20.8,201.0,0.4,40.5,0.4
2006-09-09,360.0,3.6,21.8,141.0,0.3,30.1,0.3
2006-09-10,259.0,0.1,22.7,112.0,0.0,24.4,0.0
2006-09-11,234.0,0.0,23.3,85.0,0.0,23.3,0.0
2006-09-12,242.0,0.0,24.3,75.0,0.0,23.0,0.0
2006-09-13,244.0,0.6,23.4,75.0,0.3,23.1,0.3
2006-09-14,187.0,3.1,22.6,75.0,4.9,26.8,4.9
2006-09-15,173.0,3.0,20.7,105.0,3.7,30.5,3.7
2006-09-16,161.0,0.0,20.5,80.0,0.0,24.2,0.0
2006-09-17,160.0,0.0,19.5,78.0,0.0,23.2,0.0
2006-09-18,146.0,0.0,19.4,76.0,0.0,23.0,0.0
2006-09-19,138.0,0.0,21.5,74.0,0.0,22.9,0.0
2006-09-20,130.0,0.0,21.9,74.0,0.0,22.8,0.0
2006-09-21,125.0,0.0,18.2,71.5,0.0,22.9,0.0
2006-09-22,119.0,0.0,19.7,72.2,0.0,23.0,0.0
2006-09-23,114.0,0.0,17.3,71.9,0.0,23.0,0.0
2006-09-24,103.0,0.0,17.4,72.1,0.0,22.9,0.0
2006-09-25,95.4,0.0,20.8,72.2,0.0,23.0,0.0
2006-09-26,92.7,0.0,23.1,72.2,0.0,22.7,0.0
2006-09-27,82.1,0.0,25.0,71.7,0.0,22.5,0.0
2006-09-28,81.9,0.0,23.4,70.7,0.0,22.6,0.0
2006-09-29,85.6,0.0,23.7,71.0,0.0,22.8,0.0
2006-09-30,82.2,0.0,24.5,71.2,0.0,22.8,0.0
2006-10-01,91.2,0.0,25.0,71.3,0.0,22.8,0.0
2006-10-02,88.6,0.0,24.4,71.2,0.0,22.8,0.0
2006-10-03,84.9,0.0,23.8,71.5,0.0,23.0,0.0
2006-10-04,87.4,0.0,24.2,71.5,0.0,23.1,0.0
2006-10-05,92.6,0.7,24.0,72.7,2.0,23.3,2.0
2006-10-06,109.0,16.8,19.4,74.9,13.0,23.6,13.0
2006-10-07,133.0,0.0,18.2,74.0,0.3,23.5,0.3
2006-10-08,138.0,0.6,17.4,73.3,0.0,23.5,0.0
2006-10-09,139.0,6.4,15.6,74.1,3.7,24.0,3.7
2006-10-10,155.0,0.0,15.5,74.1,0.3,24.1,0.3
2006-10-11,141.0,0.0,16.5,74.3,0.0,23.9,0.0
2006-10-12,137.0,0.0,17.3,74.0,0.0,23.9,0.0
2006-10-13,128.0,0.2,17.9,74.1,0.0,23.9,0.0
2006-10-14,141.0,15.0,16.2,81.7,17.8,24.6,17.8
2006-10-15,261.0,1.4,13.0,77.3,5.0,24.3,5.0
2006-10-16,225.0,0.0,14.3,75.6,0.0,24.3,0.0
2006-10-17,196.0,1.9,13.6,75.3,4.9,24.1,4.9
2006-10-18,179.0,0.0,11.8,74.5,0.5,24.3,0.5
2006-10-19,171.0,0.0,10.9,74.5,0.0,24.2,0.0
2006-10-20,166.0,0.0,13.6,74.8,0.0,24.3,0.0
2006-10-21,159.0,0.0,15.3,74.6,0.0,24.3,0.0
2006-10-22,151.0,0.0,13.5,74.5,0.0,24.4,0.0
2006-10-23,145.0,0.0,15.3,74.6,0.0,24.3,0.0
2006-10-24,144.0,5.8,17.2,75.5,5.9,24.5,5.9
2006-10-25,148.0,1.0,15.1,76.7,0.9,24.8,0.9
2006-10-26,151.0,3.3,10.3,79.6,3.1,24.8,3.1
2006-10-27,150.0,0.0,10.5,76.3,0.0,24.6,0.0
2006-10-28,152.0,0.0,12.6,75.9,0.0,24.7,0.0
2006-10-29,157.0,0.0,15.6,75.9,0.0,24.7,0.0
2006-10-30,159.0,0.0,14.7,75.8,0.0,24.6,0.0
2006-10-31,158.0,0.0,14.3,75.7,0.0,24.3,0.0
2006-11-01,160.0,0.0,13.6,75.9,0.0,24.3,0.0
2006-11-02,162.0,0.0,13.6,76.1,0.0,24.3,0.0
2006-11-03,161.0,0.0,15.3,76.3,0.0,24.3,0.0
2006-11-04,158.0,0.0,16.4,76.3,0.0,24.3,0.0
2006-11-05,155.0,0.0,14.3,76.3,0.0,24.4,0.0
2006-11-06,152.0,0.0,14.2,76.3,0.0,24.5,0.0
2006-11-07,151.0,0.0,16.0,76.3,0.0,24.5,0.0
2006-11-08,153.0,0.0,18.3,75.6,0.0,24.3,0.0
2006-11-09,149.0,0.0,17.6,75.4,0.0,24.3,0.0
2006-11-10,154.0,0.0,14.7,75.0,0.0,24.0,0.0
2006-11-11,157.0,0.0,12.1,75.3,0.0,24.1,0.0
2006-11-12,161.0,0.4,13.7,75.6,0.0,24.1,0.0
2006-11-13,161.0,0.0,11.4,75.6,0.0,24.0,0.0
2006-11-14,158.0,0.0,12.2,75.9,0.0,24.0,0.0
2006-11-15,155.0,0.0,9.9,75.6,0.0,23.6,0.0
2006-11-16,160.0,0.0,11.0,75.6,0.0,24.0,0.0
2006-11-17,165.0,0.0,14.6,75.8,0.0,23.8,0.0
2006-11-18,166.0,0.0,15.6,75.9,0.0,23.9,0.0
2006-11-19,164.0,0.0,13.1,75.9,0.0,24.0,0.0
2006-11-20,160.0,0.0,13.9,74.8,0.0,23.8,0.0
2006-11-21,160.0,0.0,15.7,74.8,0.0,24.0,0.0
2006-11-22,162.0,0.0,16.1,75.0,0.0,23.8,0.0
2006-11-23,167.0,0.0,14.8,75.1,0.0,23.8,0.0
2006-11-24,170.0,0.0,14.2,75.5,0.0,23.9,0.0
2006-11-25,172.0,0.0,13.0,75.2,0.0,23.9,0.0
2006-11-26,173.0,0.0,11.0,75.4,0.0,23.8,0.0
2006-11-27,175.0,0.0,9.6,75.6,0.0,23.7,0.0
2006-11-28,180.0,0.2,8.1,75.7,0.1,24.1,0.1
2006-11-29,176.0,0.0,4.0,75.3,1.4,24.1,1.4
2006-11-30,177.0,0.0,0.2,74.9,0.0,24.0,0.0
2006-12-01,179.0,0.0,4.1,75.5,0.0,24.3,0.0
2006-12-02,183.0,0.0,5.3,74.8,0.0,24.3,0.0
2006-12-03,184.0,0.0,2.2,74.7,0.0,24.3,0.0
2006-12-04,199.0,0.0,2.7,74.7,0.0,24.5,0.0
2006-12-05,192.0,0.0,5.2,74.9,0.0,24.4,0.0
2006-12-06,191.0,0.0,7.4,74.9,0.0,24.4,0.0
2006-12-07,190.0,0.0,6.6,74.9,0.0,24.4,0.0
2006-12-08,187.0,0.0,7.1,75.1,0.0,24.4,0.0
2006-12-09,181.0,0.0,9.6,75.2,0.0,24.5,0.0
2006-12-10,186.0,0.4,8.6,75.2,2.2,24.5,2.2
2006-12-11,189.0,0.0,6.4,75.1,0.0,24.3,0.0
2006-12-12,186.0,0.0,5.7,74.9,0.0,24.2,0.0
2006-12-13,188.0,0.0,7.7,74.6,0.0,24.2,0.0
2006-12-14,186.0,0.0,9.2,74.1,0.0,24.1,0.0
2006-12-15,178.0,0.0,10.2,74.1,0.0,24.1,0.0
2006-12-16,177.0,0.0,11.6,74.0,0.0,24.1,0.0
2006-12-17,181.0,2.5,8.5,74.1,4.2,24.0,4.2
2006-12-18,177.0,1.8,5.5,74.0,1.8,23.7,1.8
2006-12-19,181.0,1.8,3.3,74.1,2.6,23.8,2.6
2006-12-20,181.0,1.9,1.3,73.9,0.0,23.8,0.0
2006-12-21,181.0,0.0,2.6,74.0,0.0,23.7,0.0
2006-12-22,183.0,2.7,2.7,74.3,2.1,23.8,2.1
2006-12-23,182.0,0.2,2.4,74.4,0.2,23.9,0.2
2006-12-24,181.0,0.0,3.7,74.1,0.0,23.8,0.0
2006-12-25,181.0,0.0,3.6,74.1,0.0,23.7,0.0
2006-12-26,182.0,0.0,6.5,74.1,0.0,23.7,0.0
2006-12-27,186.0,0.0,11.1,74.9,0.0,23.5,0.0
2006-12-28,190.0,4.1,4.6,75.8,2.4,23.8,2.4
2006-12-29,192.0,0.3,4.5,75.6,0.6,23.5,0.6
2006-12-30,192.0,0.0,4.8,74.5,0.0,23.5,0.0
2006-12-31,190.0,0.0,4.6,74.4,0.0,23.5,0.0
2007-01-01,189.0,0.0,6.3,74.6,0.0,23.4,0.0
2007-01-02,187.0,0.0,4.5,74.6,0.0,23.6,0.0
2007-01-03,186.0,0.0,5.6,74.5,0.0,23.6,0.0
2007-01-04,181.0,0.0,8.1,74.7,0.0,23.6,0.0
2007-01-05,178.0,2.1,5.1,75.4,2.8,23.9,2.8
2007-01-06,180.0,0.0,2.3,74.8,0.0,23.6,0.0
2007-01-07,181.0,0.0,3.1,74.5,0.0,23.6,0.0
2007-01-08,180.0,0.0,4.2,74.6,0.0,23.7,0.0
2007-01-09,182.0,0.0,6.3,74.8,0.0,23.7,0.0
2007-01-10,183.0,0.0,10.2,75.4,0.0,23.6,0.0
2007-01-11,184.0,0.0,8.3,75.5,0.0,23.4,0.0
2007-01-12,185.0,2.4,7.2,75.4,3.7,23.5,3.7
2007-01-13,186.0,0.0,2.2,75.1,1.1,23.5,1.1
2007-01-14,184.0,0.0,-0.4,75.0,0.0,23.2,0.0
2007-01-15,185.0,0.0,-2.4,75.4,0.0,23.0,0.0
2007-01-16,183.0,0.0,-2.6,75.7,0.0,22.8,0.0
2007-01-17,187.0,0.0,-0.1,75.9,0.0,22.8,0.0
2007-01-18,189.0,0.0,2.3,75.9,0.0,22.8,0.0
2007-01-19,189.0,6.8,2.0,76.9,3.2,23.0,3.2
2007-01-20,196.0,8.0,2.5,78.6,7.5,23.6,7.5
2007-01-21,198.0,2.6,1.2,78.2,2.9,23.7,2.9
2007-01-22,196.0,0.1,-0.1,76.8,1.0,23.6,1.0
2007-01-23,192.0,0.0,1.1,76.6,0.0,23.7,0.0
2007-01-24,187.0,0.0,2.8,76.5,0.0,24.3,0.0
2007-01-25,183.0,0.0,3.4,76.7,0.0,24.5,0.0
2007-01-26,183.0,0.0,3.9,76.9,0.0,23.9,0.0
2007-01-27,185.0,0.0,5.4,77.0,0.0,23.9,0.0
2007-01-28,185.0,0.0,6.2,77.1,0.0,23.7,0.0
2007-01-29,184.0,0.0,8.0,77.1,0.0,23.7,0.0
2007-01-30,183.0,1.9,6.9,78.4,1.7,24.1,1.7
2007-01-31,191.0,15.9,3.6,80.9,15.3,23.8,15.3
2007-02-01,197.0,4.2,3.5,80.4,5.6,23.9,5.6
2007-02-02,198.0,0.0,1.4,78.0,0.0,23.9,0.0
2007-02-03,192.0,0.0,2.1,77.6,0.0,23.7,0.0
2007-02-04,187.0,0.0,4.7,77.6,0.0,23.8,0.0
2007-02-05,186.0,0.0,6.3,77.4,0.0,23.8,0.0
2007-02-06,187.0,0.0,8.3,77.2,0.0,24.0,0.0
2007-02-07,183.0,0.0,11.4,77.1,0.0,24.0,0.0
2007-02-08,182.0,0.0,12.6,76.9,0.0,24.0,0.0
2007-02-09,180.0,0.0,12.2,76.7,0.0,24.0,0.0
2007-02-10,174.0,0.0,12.4,76.8,0.0,24.3,0.0
2007-02-11,179.0,0.6,13.2,77.8,0.8,24.3,0.8
2007-02-12,178.0,1.0,8.9,77.8,2.0,24.4,2.0
2007-02-13,169.0,3.9,8.0,76.9,3.0,24.4,3.0
2007-02-14,166.0,4.7,4.8,76.7,5.3,24.1,5.3
2007-02-15,166.0,0.0,5.1,76.1,0.0,24.0,0.0
2007-02-16,162.0,0.0,7.8,76.2,0.0,24.0,0.0
2007-02-17,159.0,0.0,9.4,75.6,0.0,23.9,0.0
2007-02-18,156.0,0.0,8.9,75.8,0.0,24.0,0.0
2007-02-19,159.0,3.6,8.9,77.1,4.0,24.1,4.0
2007-02-20,179.0,7.0,5.2,77.0,7.0,24.1,7.0
2007-02-21,196.0,0.0,6.5,76.0,0.0,24.1,0.0
2007-02-22,190.0,0.0,9.9,75.7,0.0,24.1,0.0
2007-02-23,211.0,2.2,7.4,76.2,2.9,23.8,2.9
2007-02-24,220.0,0.0,4.3,75.4,0.0,23.7,0.0
2007-02-25,220.0,0.0,6.0,75.4,0.0,23.8,0.0
2007-02-26,187.0,0.0,7.7,75.4,0.0,23.9,0.0
2007-02-27,174.0,0.0,8.7,75.3,0.0,24.0,0.0
2007-02-28,171.0,0.3,6.4,75.1,0.9,23.8,0.9
2007-03-01,165.0,0.0,4.7,75.0,0.0,23.8,0.0
2007-03-02,163.0,0.0,5.0,75.1,0.0,23.6,0.0
2007-03-03,168.0,0.0,4.1,75.0,0.0,23.4,0.0
2007-03-04,165.0,0.0,4.6,74.9,0.0,23.4,0.0
2007-03-05,167.0,0.0,8.6,75.2,0.0,23.3,0.0
2007-03-06,165.0,0.0,12.8,75.1,0.0,23.5,0.0
2007-03-07,159.0,0.0,14.0,75.8,0.2,23.1,0.2
2007-03-08,159.0,0.0,15.3,75.6,0.0,23.9,0.0
2007-03-09,157.0,0.0,15.4,74.7,0.0,23.8,0.0
2007-03-10,153.0,0.0,16.2,74.7,0.0,23.4,0.0
2007-03-11,168.0,0.0,14.0,74.8,0.0,23.5,0.0
2007-03-12,191.0,0.0,14.4,75.0,0.0,23.8,0.0
2007-03-13,228.0,0.0,17.7,74.7,0.0,23.7,0.0
2007-03-14,220.0,0.0,18.9,73.6,0.0,23.6,0.0
2007-03-15,205.0,0.0,19.1,73.5,0.0,23.6,0.0
2007-03-16,186.0,0.0,19.0,73.2,0.0,23.7,0.0
2007-03-17,166.0,0.0,20.5,73.3,0.0,23.4,0.0
2007-03-18,162.0,0.0,22.2,73.4,0.0,23.5,0.0
2007-03-19,153.0,0.0,18.8,73.1,0.0,23.7,0.0
2007-03-20,149.0,0.1,17.9,73.2,0.2,23.6,0.2
2007-03-21,150.0,0.3,14.9,73.5,0.4,23.5,0.4
2007-03-22,146.0,3.6,13.6,75.6,2.7,23.8,2.7
2007-03-23,163.0,4.9,11.7,78.2,4.6,24.5,4.6
2007-03-24,204.0,3.9,11.1,77.1,1.9,23.8,1.9
2007-03-25,212.0,0.0,13.3,74.2,0.0,23.0,0.0
2007-03-26,193.0,0.0,16.1,72.6,0.0,22.7,0.0
2007-03-27,178.0,0.0,14.7,72.0,0.0,22.2,0.0
2007-03-28,177.0,0.5,7.9,71.8,0.0,21.8,0.0
2007-03-29,185.0,0.5,8.9,71.8,0.0,21.9,0.0
2007-03-30,183.0,3.8,8.6,71.7,3.8,21.8,3.8
2007-03-31,183.0,0.0,12.5,71.0,0.0,21.8,0.0
2007-04-01,175.0,0.0,16.9,70.3,0.0,21.7,0.0
2007-04-02,153.0,0.0,19.0,69.9,0.0,21.8,0.0
2007-04-03,135.0,0.0,19.1,69.3,0.0,21.9,0.0
2007-04-04,134.0,0.0,19.7,68.3,0.0,22.0,0.0
2007-04-05,126.0,0.0,21.0,67.2,0.0,21.9,0.0
2007-04-06,125.0,0.0,21.2,66.9,0.0,22.0,0.0
2007-04-07,122.0,0.0,19.8,66.6,0.0,21.7,0.0
2007-04-08,123.0,0.0,18.5,66.4,0.1,22.2,0.1
2007-04-09,123.0,0.5,16.8,66.3,0.2,22.3,0.2
2007-04-10,126.0,0.0,17.2,66.4,0.0,21.8,0.0
2007-04-11,123.0,0.0,16.6,65.9,0.0,21.7,0.0
2007-04-12,124.0,2.3,15.6,66.0,0.8,21.6,0.8
2007-04-13,130.0,3.7,10.4,65.5,2.6,21.7,2.6
2007-04-14,137.0,0.0,14.7,64.5,0.0,21.6,0.0
2007-04-15,136.0,0.0,15.3,64.4,0.0,21.5,0.0
2007-04-16,129.0,0.4,11.2,64.4,0.0,21.6,0.0
2007-04-17,113.0,2.0,12.8,64.6,0.0,21.7,0.0
2007-04-18,116.0,0.0,16.0,64.3,0.0,21.5,0.0
2007-04-19,120.0,0.0,12.2,64.1,0.0,21.7,0.0
2007-04-20,121.0,0.0,13.9,65.1,0.0,21.7,0.0
2007-04-21,123.0,3.9,12.3,65.2,2.9,21.7,2.9
2007-04-22,125.0,0.0,12.7,65.6,0.0,21.8,0.0
2007-04-23,124.0,0.4,12.6,65.7,1.4,21.8,1.4
2007-04-24,128.0,1.1,12.8,65.7,0.7,21.8,0.7
2007-04-25,126.0,0.0,16.5,64.9,0.0,21.7,0.0
2007-04-26,125.0,0.0,20.1,64.7,0.0,21.7,0.0
2007-04-27,120.0,0.0,19.8,64.2,0.0,21.7,0.0
2007-04-28,114.0,0.0,22.8,63.6,0.0,21.4,0.0
2007-04-29,106.0,0.0,23.5,64.0,0.3,21.8,0.3
2007-04-30,98.5,2.1,21.6,64.4,1.0,21.9,1.0
2007-05-01,94.5,0.7,23.2,65.3,0.5,22.2,0.5
2007-05-02,95.2,0.2,19.4,65.4,0.6,22.2,0.6
2007-05-03,97.2,0.0,19.7,64.7,0.0,22.0,0.0
2007-05-04,91.6,0.0,18.6,64.2,0.0,21.9,0.0
2007-05-05,93.8,0.1,15.3,64.5,0.0,22.1,0.0
2007-05-06,98.7,0.0,13.2,64.9,0.0,22.1,0.0
2007-05-07,101.0,0.0,16.8,64.7,0.0,22.0,0.0
2007-05-08,96.9,0.0,19.1,64.8,0.0,22.0,0.0
2007-05-09,95.0,0.0,22.0,65.2,0.0,21.9,0.0
2007-05-10,84.5,0.0,25.2,65.0,0.0,21.9,0.0
2007-05-11,74.8,0.0,26.3,64.3,0.0,21.8,0.0
2007-05-12,73.5,0.0,26.9,63.8,0.0,21.7,0.0
2007-05-13,63.8,0.0,27.6,62.8,0.0,21.6,0.0
2007-05-14,61.3,0.0,26.2,62.4,0.0,21.8,0.0
2007-05-15,65.7,0.0,25.4,62.5,0.0,21.8,0.0
2007-05-16,65.5,0.0,25.2,64.2,0.0,21.9,0.0
2007-05-17,67.1,0.0,24.2,66.1,0.0,22.1,0.0
2007-05-18,70.0,1.8,23.8,68.2,0.9,22.0,0.9
2007-05-19,75.8,0.0,25.4,66.2,0.0,21.9,0.0
2007-05-20,79.9,1.3,23.8,65.7,0.5,21.8,0.5
2007-05-21,77.4,0.0,23.1,65.1,0.0,21.7,0.0
2007-05-22,76.3,0.0,20.6,64.1,0.0,21.8,0.0
2007-05-23,84.3,0.0,20.0,64.0,0.0,22.0,0.0
2007-05-24,79.2,0.0,20.8,64.6,0.0,21.9,0.0
2007-05-25,72.7,0.0,24.5,64.8,0.0,21.9,0.0
2007-05-26,73.1,0.0,25.3,65.1,0.0,21.8,0.0
2007-05-27,77.5,0.0,25.4,64.7,0.0,21.8,0.0
2007-05-28,78.4,0.0,25.4,64.8,0.0,21.9,0.0
2007-05-29,76.2,0.0,25.4,64.2,0.0,21.6,0.0
2007-05-30,71.1,0.0,25.8,64.0,0.0,21.6,0.0
2007-05-31,67.7,0.0,26.2,64.1,0.0,21.5,0.0
2007-06-01,57.4,0.0,27.2,63.7,0.0,21.7,0.0
2007-06-02,54.2,0.0,28.3,63.9,0.0,21.8,0.0
2007-06-03,54.0,0.0,27.7,65.0,0.0,21.7,0.0
2007-06-04,50.8,0.0,28.9,64.5,0.0,21.6,0.0
2007-06-05,57.4,0.0,29.1,64.0,0.0,21.2,0.0
2007-06-06,58.0,0.0,24.7,63.6,0.0,21.4,0.0
2007-06-07,55.7,0.0,20.3,63.9,0.0,21.7,0.0
2007-06-08,56.2,0.0,22.1,64.4,0.0,21.6,0.0
2007-06-09,55.2,0.0,24.9,64.2,0.0,21.5,0.0
2007-06-10,55.3,0.0,26.3,63.3,0.0,21.4,0.0
2007-06-11,62.0,0.0,24.8,64.7,0.0,21.5,0.0
2007-06-12,61.3,0.6,22.8,65.6,0.0,21.2,0.0
2007-06-13,54.4,0.0,26.8,64.6,0.0,20.9,0.0
2007-06-14,55.3,0.0,29.9,63.5,0.0,21.0,0.0
2007-06-15,56.0,0.0,31.0,62.9,0.0,21.0,0.0
2007-06-16,53.6,0.0,31.1,62.3,0.0,20.9,0.0
2007-06-17,50.3,0.0,29.9,62.3,0.0,20.8,0.0
2007-06-18,48.9,0.0,28.9,61.9,0.0,20.7,0.0
2007-06-19,38.5,0.0,29.4,62.0,0.0,21.0,0.0
2007-06-20,39.9,0.0,30.2,61.9,0.0,20.8,0.0
2007-06-21,43.4,0.0,31.0,61.6,0.0,20.4,0.0
2007-06-22,40.6,0.0,30.8,61.1,0.0,20.1,0.0
2007-06-23,40.8,0.0,30.9,61.1,0.0,19.9,0.0
2007-06-24,33.2,0.0,30.3,60.1,0.0,20.0,0.0
2007-06-25,30.1,0.0,29.8,60.7,0.0,20.2,0.0
2007-06-26,28.1,0.0,31.2,60.8,0.0,20.1,0.0
2007-06-27,33.1,0.0,31.5,60.7,0.0,19.9,0.0
2007-06-28,36.3,0.0,31.2,60.6,0.0,19.8,0.0
2007-06-29,37.6,0.0,31.2,60.6,0.0,19.7,0.0
2007-06-30,34.9,0.0,31.4,60.4,0.0,19.6,0.0
2007-07-01,33.2,0.0,31.9,59.2,0.0,19.7,0.0
2007-07-02,36.0,0.0,32.4,59.6,0.0,19.7,0.0
2007-07-03,35.0,0.0,33.0,59.8,0.0,19.6,0.0
2007-07-04,34.6,0.0,33.3,59.6,0.0,19.5,0.0
2007-07-05,32.7,0.5,34.0,59.1,0.0,19.4,0.0
2007-07-06,32.3,0.0,32.9,59.4,0.0,19.4,0.0
2007-07-07,32.9,0.0,31.7,60.0,0.0,19.6,0.0
2007-07-08,35.0,0.0,33.1,59.8,0.0,19.4,0.0
2007-07-09,40.3,0.1,31.8,60.1,0.3,19.1,0.3
2007-07-10,62.3,0.0,31.3,59.9,0.0,19.2,0.0
2007-07-11,51.1,1.6,30.7,61.5,4.7,19.6,4.7
2007-07-12,49.1,0.0,30.3,62.1,0.1,19.4,0.1
2007-07-13,44.1,0.0,32.3,60.9,0.0,19.0,0.0
2007-07-14,38.4,0.0,32.3,61.1,0.0,19.1,0.0
2007-07-15,37.7,0.0,32.2,61.8,0.0,19.1,0.0
2007-07-16,42.5,2.7,32.7,73.0,0.6,19.6,0.6
2007-07-17,48.1,1.1,31.4,69.0,1.2,19.8,1.2
2007-07-18,54.2,3.6,30.8,66.5,0.0,19.6,0.0
2007-07-19,56.8,0.0,30.9,64.3,0.0,19.2,0.0
2007-07-20,66.6,3.0,30.3,63.5,0.3,19.4,0.3
2007-07-21,69.0,3.5,28.9,64.3,1.9,19.8,1.9
2007-07-22,100.0,11.8,25.5,76.2,4.4,39.6,4.4
2007-07-23,120.0,7.6,26.3,81.3,9.2,30.4,9.2
2007-07-24,150.0,7.4,24.5,81.7,3.0,37.5,3.0
2007-07-25,122.0,6.2,25.8,88.8,2.9,22.5,2.9
2007-07-26,124.0,11.2,24.3,75.9,0.4,20.6,0.4
2007-07-27,191.0,11.7,24.6,136.0,3.9,31.8,3.9
2007-07-28,527.0,1.7,23.9,173.0,4.4,42.1,4.4
2007-07-29,267.0,5.9,24.2,120.0,6.5,22.0,6.5
2007-07-30,322.0,10.5,25.1,102.0,5.9,20.4,5.9
2007-07-31,581.0,0.8,24.0,161.0,1.0,21.6,1.0
2007-08-01,404.0,4.2,24.2,106.0,1.0,68.6,1.0
2007-08-02,480.0,8.6,24.4,189.0,0.5,110.0,0.5
2007-08-03,427.0,1.3,26.1,244.0,2.4,146.0,2.4
2007-08-04,469.0,0.8,26.9,176.0,0.0,61.6,0.0
2007-08-05,430.0,0.0,25.5,129.0,0.0,32.3,0.0
2007-08-06,452.0,6.2,23.6,99.6,2.0,25.2,2.0
2007-08-07,481.0,1.3,23.8,82.8,0.0,25.1,0.0
2007-08-08,289.0,0.0,25.7,79.4,0.0,22.0,0.0
2007-08-09,219.0,0.0,27.6,75.0,0.0,21.0,0.0
2007-08-10,190.0,0.0,28.2,72.8,0.0,20.6,0.0
2007-08-11,171.0,0.0,28.7,71.7,0.0,20.6,0.0
2007-08-12,146.0,0.0,29.4,70.8,0.0,20.5,0.0
2007-08-13,129.0,0.0,30.5,70.1,0.0,20.5,0.0
2007-08-14,115.0,0.0,30.0,70.0,0.0,70.1,0.0
2007-08-15,156.0,0.0,30.1,143.0,0.0,31.7,0.0
2007-08-16,150.0,0.0,29.6,84.6,0.0,23.5,0.0
2007-08-17,149.0,0.4,29.9,74.1,0.0,22.5,0.0
2007-08-18,118.0,0.9,28.3,71.6,0.0,22.0,0.0
2007-08-19,106.0,0.0,30.0,73.5,0.0,21.5,0.0
2007-08-20,99.2,0.0,29.7,69.4,0.0,21.4,0.0
2007-08-21,94.4,0.0,30.4,67.9,0.1,21.2,0.1
2007-08-22,92.7,0.0,31.2,66.9,0.0,20.8,0.0
2007-08-23,88.5,0.6,30.1,66.3,0.5,20.8,0.5
2007-08-24,74.5,0.0,30.4,66.1,0.0,20.7,0.0
2007-08-25,70.5,1.1,29.3,66.2,0.6,20.9,0.6
2007-08-26,73.1,0.0,26.8,67.7,0.3,21.2,0.3
2007-08-27,71.8,0.0,27.9,67.8,0.1,20.8,0.1
2007-08-28,76.1,2.8,28.5,66.4,0.2,20.7,0.2
2007-08-29,71.6,0.0,29.9,66.1,0.0,21.0,0.0
2007-08-30,69.2,0.0,30.4,67.2,0.0,21.3,0.0
2007-08-31,69.4,0.0,30.3,89.5,0.0,20.9,0.0
2007-09-01,77.8,0.2,29.4,73.0,0.2,20.6,0.2
2007-09-02,126.0,0.0,29.2,67.4,0.0,20.5,0.0
2007-09-03,107.0,0.6,28.4,67.5,0.8,20.5,0.8
2007-09-04,100.0,0.0,29.4,66.2,0.0,20.5,0.0
2007-09-05,103.0,0.0,28.4,71.1,0.0,20.5,0.0
2007-09-06,92.4,3.5,27.3,67.8,0.0,20.8,0.0
2007-09-07,99.9,0.6,25.8,67.0,2.1,22.0,2.1
2007-09-08,86.8,0.6,27.0,67.4,0.1,21.1,0.1
2007-09-09,89.7,0.0,28.4,66.1,0.0,20.9,0.0
2007-09-10,83.7,0.0,28.4,73.2,0.0,20.9,0.0
2007-09-11,87.2,0.6,27.0,67.8,1.2,21.0,1.2
2007-09-12,86.0,0.7,27.6,66.1,1.0,20.8,1.0
2007-09-13,87.8,0.0,28.9,64.9,0.0,20.8,0.0
2007-09-14,79.5,0.0,29.0,64.7,0.1,20.8,0.1
2007-09-15,75.7,0.0,28.4,64.7,0.0,20.7,0.0
2007-09-16,79.5,0.0,27.5,70.0,0.0,20.8,0.0
2007-09-17,81.4,1.0,23.8,66.6,1.7,20.8,1.7
2007-09-18,77.9,0.0,22.9,64.4,0.0,21.1,0.0
2007-09-19,73.2,0.0,23.4,64.7,0.0,21.0,0.0
2007-09-20,74.0,0.0,21.9,64.4,0.0,20.8,0.0
2007-09-21,73.1,0.1,23.9,64.7,0.0,21.0,0.0
2007-09-22,85.1,11.4,22.6,66.6,3.9,24.1,3.9
2007-09-23,198.0,17.4,18.3,85.2,18.3,22.0,18.3
2007-09-24,223.0,0.0,17.4,72.9,0.0,21.0,0.0
2007-09-25,178.0,0.0,18.2,69.5,0.0,21.0,0.0
2007-09-26,144.0,0.0,19.3,68.8,0.0,20.9,0.0
2007-09-27,138.0,0.0,20.7,68.1,0.0,21.1,0.0
2007-09-28,130.0,0.0,22.6,68.4,0.0,21.0,0.0
2007-09-29,124.0,0.0,20.5,67.4,0.0,20.7,0.0
2007-09-30,115.0,0.0,19.9,66.8,0.0,21.1,0.0
2007-10-01,112.0,0.2,21.9,68.5,0.3,21.4,0.3
2007-10-02,110.0,0.0,21.6,69.5,0.0,21.2,0.0
2007-10-03,102.0,1.7,22.2,69.0,0.2,21.0,0.2
2007-10-04,92.5,1.0,21.8,69.1,1.5,23.3,1.5
2007-10-05,100.0,1.5,20.3,71.1,2.8,21.3,2.8
2007-10-06,105.0,0.0,16.6,68.7,0.0,21.1,0.0
2007-10-07,110.0,0.0,13.3,68.5,0.0,21.1,0.0
2007-10-08,117.0,0.0,15.5,68.9,0.0,21.1,0.0
2007-10-09,109.0,0.0,20.4,68.2,0.0,21.1,0.0
2007-10-10,107.0,0.0,22.8,67.7,0.0,21.1,0.0
2007-10-11,108.0,0.0,21.5,67.9,0.0,21.1,0.0
2007-10-12,109.0,0.0,21.7,67.7,0.0,21.1,0.0
2007-10-13,106.0,0.1,17.6,68.3,0.3,21.1,0.3
2007-10-14,108.0,0.0,17.2,68.6,0.0,21.3,0.0
2007-10-15,107.0,0.0,17.6,68.7,0.0,21.3,0.0
2007-10-16,98.4,0.3,18.1,69.0,1.2,21.3,1.2
2007-10-17,105.0,0.0,15.5,69.0,0.0,21.4,0.0
2007-10-18,111.0,0.0,15.5,69.0,0.0,21.5,0.0
2007-10-19,114.0,0.0,17.1,69.1,0.0,21.7,0.0
2007-10-20,117.0,0.0,21.3,69.2,0.0,21.6,0.0
2007-10-21,112.0,0.0,15.0,68.7,0.0,21.7,0.0
2007-10-22,117.0,0.0,12.2,68.6,0.0,22.0,0.0
2007-10-23,119.0,0.0,14.3,69.6,0.0,22.0,0.0
2007-10-24,114.0,0.0,17.3,69.9,0.0,21.8,0.0
2007-10-25,119.0,0.0,19.9,69.7,0.0,22.1,0.0
2007-10-26,117.0,0.0,20.4,70.0,0.0,22.1,0.0
2007-10-27,114.0,0.0,19.3,70.3,0.0,22.3,0.0
2007-10-28,114.0,0.0,19.1,70.4,0.0,22.2,0.0
2007-10-29,117.0,0.0,20.7,70.4,0.0,22.2,0.0
2007-10-30,119.0,0.0,20.5,70.3,0.0,22.2,0.0
2007-10-31,117.0,0.0,17.4,70.5,0.0,22.3,0.0
2007-11-01,120.0,0.0,16.6,70.7,0.0,22.2,0.0
2007-11-02,120.0,0.0,17.0,70.8,0.0,22.2,0.0
2007-11-03,122.0,0.0,16.0,70.8,0.0,21.8,0.0
2007-11-04,124.0,0.0,16.9,70.9,0.0,22.0,0.0
2007-11-05,123.0,0.0,18.6,71.2,0.0,22.1,0.0
2007-11-06,124.0,0.0,19.2,71.1,0.0,22.2,0.0
2007-11-07,130.0,0.0,19.8,71.2,0.0,22.0,0.0
2007-11-08,134.0,0.0,20.3,71.3,0.0,21.8,0.0
2007-11-09,130.0,0.0,18.9,71.8,0.0,21.9,0.0
2007-11-10,134.0,0.0,18.2,71.7,0.0,21.8,0.0
2007-11-11,134.0,0.0,16.1,71.6,0.0,21.9,0.0
2007-11-12,139.0,0.0,15.1,71.8,0.0,21.9,0.0
2007-11-13,143.0,0.0,15.9,71.8,0.0,21.8,0.0
2007-11-14,134.0,0.0,17.2,71.9,0.0,22.0,0.0
2007-11-15,140.0,0.0,15.3,72.1,0.2,22.2,0.2
2007-11-16,140.0,0.0,15.8,72.3,0.1,22.2,0.1
2007-11-17,138.0,0.0,16.6,72.3,0.0,22.1,0.0
2007-11-18,148.0,0.0,16.5,72.2,0.0,22.1,0.0
2007-11-19,145.0,0.0,17.2,72.5,0.0,22.4,0.0
2007-11-20,148.0,0.0,17.2,72.9,0.0,22.5,0.0
2007-11-21,146.0,0.0,13.2,72.8,0.0,22.5,0.0
2007-11-22,152.0,0.0,10.9,72.8,0.0,22.2,0.0
2007-11-23,157.0,0.0,10.1,73.0,0.0,22.2,0.0
2007-11-24,160.0,0.0,7.6,72.9,0.0,22.2,0.0
2007-11-25,162.0,0.0,6.3,73.0,0.0,22.3,0.0
2007-11-26,165.0,0.0,10.9,73.0,0.0,22.4,0.0
2007-11-27,166.0,0.0,10.0,73.0,0.0,22.3,0.0
2007-11-28,168.0,0.0,11.6,73.4,0.0,22.5,0.0
2007-11-29,167.0,0.0,10.2,73.5,0.0,22.6,0.0
2007-11-30,170.0,19.2,10.8,76.4,25.1,23.5,25.1
2007-12-01,373.0,80.3,10.5,82.8,65.5,23.9,65.5
2007-12-02,2220.0,0.0,6.1,77.3,0.0,22.7,0.0
2007-12-03,794.0,0.0,7.2,74.7,0.0,22.8,0.0
2007-12-04,440.0,0.0,9.5,74.6,0.0,22.9,0.0
2007-12-05,334.0,0.0,10.9,74.8,0.0,23.0,0.0
2007-12-06,289.0,0.0,11.2,74.9,0.0,22.6,0.0
2007-12-07,273.0,5.4,9.3,75.8,7.8,22.9,7.8
2007-12-08,7210.0,13.7,7.0,76.2,19.5,23.0,19.5
2007-12-09,2440.0,4.4,3.1,91.1,5.2,23.1,5.2
2007-12-10,895.0,2.9,4.3,80.6,1.3,23.0,1.3
2007-12-11,619.0,11.8,3.6,77.6,13.5,22.9,13.5
2007-12-12,591.0,0.0,1.3,75.9,0.0,23.0,0.0
2007-12-13,457.0,0.0,1.0,75.6,0.0,23.0,0.0
2007-12-14,378.0,0.0,3.1,75.3,0.0,23.0,0.0
2007-12-15,324.0,0.0,-1.4,75.2,0.0,22.6,0.0
2007-12-16,290.0,0.0,0.9,75.5,0.0,22.7,0.0
2007-12-17,260.0,0.0,4.2,75.9,0.0,22.7,0.0
2007-12-18,245.0,0.0,5.0,75.7,0.0,22.8,0.0
2007-12-19,234.0,0.1,6.1,75.7,0.6,22.8,0.6
2007-12-20,227.0,0.0,5.1,75.9,0.0,23.1,0.0
2007-12-21,223.0,3.7,5.6,76.3,4.2,23.3,4.2
2007-12-22,219.0,0.0,0.7,75.5,0.0,22.8,0.0
2007-12-23,214.0,0.0,2.3,75.6,0.0,22.8,0.0
2007-12-24,213.0,0.0,3.6,76.0,0.0,23.0,0.0
2007-12-25,210.0,0.0,4.8,76.1,0.0,23.0,0.0
2007-12-26,208.0,0.0,0.8,75.9,0.0,23.0,0.0
2007-12-27,205.0,0.0,0.6,76.3,0.0,23.0,0.0
2007-12-28,203.0,0.0,0.2,76.1,0.0,23.0,0.0
2007-12-29,202.0,0.0,2.2,76.4,0.0,22.9,0.0
2007-12-30,200.0,0.0,3.5,76.7,0.0,22.5,0.0
2007-12-31,198.0,0.0,4.3,76.8,0.0,22.6,0.0
2008-01-01,196.0,0.0,0.5,76.4,0.0,22.8,0.0
2008-01-02,192.0,0.0,2.8,76.8,0.0,22.8,0.0
2008-01-03,192.0,0.0,7.4,77.3,0.0,23.0,0.0
2008-01-04,194.0,0.0,10.1,77.5,0.0,23.0,0.0
2008-01-05,197.0,4.3,7.4,77.9,5.8,23.6,5.8
2008-01-06,1100.0,9.9,8.0,1900.0,14.6,24.1,14.6
2008-01-07,6090.0,22.2,5.1,527.0,21.9,24.7,21.9
2008-01-08,2530.0,0.0,1.6,211.0,0.0,23.8,0.0
2008-01-09,1040.0,0.0,5.4,153.0,0.0,23.7,0.0
2008-01-10,835.0,0.0,3.5,135.0,0.0,23.8,0.0
2008-01-11,686.0,0.0,4.3,111.0,0.0,23.9,0.0
2008-01-12,595.0,0.0,4.2,97.0,0.0,23.9,0.0
2008-01-13,518.0,0.0,4.7,89.7,0.0,23.9,0.0
2008-01-14,460.0,0.0,3.1,81.4,0.0,23.5,0.0
2008-01-15,404.0,0.0,2.9,77.4,0.0,23.5,0.0
2008-01-16,354.0,0.0,2.3,73.9,0.0,23.5,0.0
2008-01-17,314.0,0.0,-2.3,72.8,0.0,23.2,0.0
2008-01-18,285.0,0.0,-0.5,72.6,0.0,23.2,0.0
2008-01-19,265.0,0.0,0.4,72.5,0.0,23.2,0.0
2008-01-20,255.0,0.0,4.6,72.6,0.0,23.3,0.0
2008-01-21,245.0,0.0,4.5,72.5,0.0,23.0,0.0
2008-01-22,234.0,0.0,5.1,72.4,0.0,23.1,0.0
2008-01-23,229.0,0.0,5.8,72.3,0.0,23.2,0.0
2008-01-24,226.0,2.6,5.3,72.7,2.6,23.6,2.6
2008-01-25,224.0,4.5,4.1,72.5,7.2,23.8,7.2
2008-01-26,222.0,0.0,3.7,72.2,0.0,24.1,0.0
2008-01-27,524.0,17.0,6.5,76.9,18.6,27.1,18.6
2008-01-28,11600.0,21.6,6.8,1790.0,21.9,784.0,21.9
2008-01-29,5740.0,2.0,2.2,802.0,3.2,301.0,3.2
2008-01-30,2450.0,0.8,2.5,358.0,1.0,114.0,1.0
2008-01-31,1430.0,0.0,-0.9,226.0,0.0,60.1,0.0
2008-02-01,911.0,0.0,3.3,150.0,0.0,37.6,0.0
2008-02-02,733.0,0.0,4.8,127.0,0.0,31.4,0.0
2008-02-03,644.0,3.7,3.7,113.0,5.5,29.3,5.5
2008-02-04,648.0,15.2,3.3,113.0,17.9,28.5,17.9
2008-02-05,722.0,0.0,-0.7,104.0,0.0,42.9,0.0
2008-02-06,505.0,0.0,0.6,99.8,0.0,40.4,0.0
2008-02-07,425.0,0.0,2.9,91.1,0.0,28.4,0.0
2008-02-08,422.0,0.0,6.3,80.5,0.0,25.9,0.0
2008-02-09,516.0,0.0,5.2,76.9,0.0,25.2,0.0
2008-02-10,698.0,0.0,6.7,76.9,0.0,24.8,0.0
2008-02-11,916.0,0.0,7.5,104.0,0.0,24.7,0.0
2008-02-12,1020.0,0.0,6.8,170.0,0.0,24.4,0.0
2008-02-13,1220.0,0.0,7.8,291.0,0.0,24.3,0.0
2008-02-14,1550.0,0.9,7.9,392.0,3.2,24.3,3.2
2008-02-15,1520.0,9.7,4.3,307.0,6.9,24.3,6.9
2008-02-16,1100.0,0.2,5.1,221.0,1.0,23.8,1.0
2008-02-17,1010.0,0.0,5.8,227.0,0.0,23.9,0.0
2008-02-18,1170.0,0.0,7.4,280.0,0.0,23.7,0.0
2008-02-19,1270.0,0.0,9.5,292.0,0.0,23.9,0.0
2008-02-20,1420.0,0.1,10.0,344.0,0.7,24.1,0.7
2008-02-21,1620.0,9.3,6.1,351.0,11.5,24.6,11.5
2008-02-22,1630.0,8.8,5.0,333.0,9.4,24.6,9.4
2008-02-23,1450.0,1.6,5.4,309.0,4.4,24.5,4.4
2008-02-24,1730.0,1.1,8.7,297.0,0.0,24.4,0.0
2008-02-25,1200.0,0.0,9.1,352.0,0.0,24.2,0.0
2008-02-26,1380.0,0.0,7.0,559.0,0.0,23.9,0.0
2008-02-27,1710.0,0.0,7.8,542.0,0.0,24.0,0.0
2008-02-28,2020.0,0.0,11.4,667.0,0.0,24.1,0.0
2008-02-29,2630.0,0.0,13.0,783.0,0.0,24.1,0.0
2008-03-01,3230.0,0.0,13.1,1030.0,0.0,24.0,0.0
2008-03-02,3950.0,0.0,11.3,1270.0,0.0,23.9,0.0
2008-03-03,3030.0,0.0,5.6,617.0,0.0,23.9,0.0
2008-03-04,1830.0,0.0,7.5,402.0,0.0,23.9,0.0
2008-03-05,1460.0,0.0,9.9,396.0,0.0,23.9,0.0
2008-03-06,1430.0,0.0,5.6,351.0,0.0,23.9,0.0
2008-03-07,1220.0,0.0,7.2,293.0,0.0,23.9,0.0
2008-03-08,1050.0,0.0,11.2,313.0,0.0,24.0,0.0
2008-03-09,1260.0,0.0,10.1,371.0,0.0,24.0,0.0
2008-03-10,1540.0,0.0,10.1,434.0,0.0,24.2,0.0
2008-03-11,1710.0,0.0,13.2,452.0,0.0,24.3,0.0
2008-03-12,1950.0,0.0,14.6,496.0,0.0,24.3,0.0
2008-03-13,2230.0,0.0,16.0,514.0,0.0,24.4,0.0
2008-03-14,2360.0,0.0,14.4,507.0,0.0,24.5,0.0
2008-03-15,2230.0,0.0,12.3,376.0,0.0,24.1,0.0
2008-03-16,1660.0,0.4,7.4,244.0,1.5,24.2,1.5
2008-03-17,1110.0,0.3,5.8,166.0,1.0,23.9,1.0
2008-03-18,737.0,0.0,8.5,121.0,0.0,23.7,0.0
2008-03-19,590.0,0.0,11.3,108.0,0.0,23.7,0.0
2008-03-20,552.0,0.0,14.3,110.0,0.0,24.1,0.0
2008-03-21,688.0,0.0,14.5,130.0,0.0,23.6,0.0
2008-03-22,901.0,0.0,14.4,138.0,0.0,23.7,0.0
2008-03-23,908.0,0.0,12.4,126.0,0.0,23.6,0.0
2008-03-24,804.0,0.0,13.6,110.0,0.0,23.8,0.0
2008-03-25,698.0,0.0,17.6,96.0,0.0,23.6,0.0
2008-03-26,684.0,0.0,17.8,89.3,0.0,23.6,0.0
2008-03-27,645.0,0.0,17.6,84.9,0.0,23.6,0.0
2008-03-28,592.0,0.0,17.4,83.6,0.0,23.4,0.0
2008-03-29,513.0,0.0,16.8,83.4,0.0,23.3,0.0
2008-03-30,447.0,0.0,15.3,83.1,0.0,23.4,0.0
2008-03-31,394.0,0.0,13.6,82.7,0.0,23.5,0.0
2008-04-01,335.0,0.0,14.4,82.6,0.0,23.5,0.0
2008-04-02,288.0,0.0,16.4,82.3,0.0,23.5,0.0
2008-04-03,259.0,0.0,15.4,81.9,0.2,23.6,0.2
2008-04-04,216.0,1.2,13.5,81.1,0.3,23.5,0.3
2008-04-05,206.0,0.0,16.5,80.2,0.0,23.4,0.0
2008-04-06,196.0,0.0,16.5,79.7,0.0,23.3,0.0
2008-04-07,177.0,0.0,16.0,79.0,0.0,23.3,0.0
2008-04-08,169.0,0.0,15.8,77.9,0.0,23.5,0.0
2008-04-09,163.0,1.0,14.3,77.9,1.2,23.5,1.2
2008-04-10,166.0,0.1,11.0,76.8,0.3,23.3,0.3
2008-04-11,158.0,0.0,12.5,74.9,0.0,23.2,0.0
2008-04-12,141.0,0.0,13.2,74.6,0.0,22.9,0.0
2008-04-13,135.0,0.0,15.6,73.9,0.0,23.2,0.0
2008-04-14,131.0,0.0,19.9,73.2,0.0,23.2,0.0
2008-04-15,131.0,0.0,20.8,72.7,0.0,23.2,0.0
2008-04-16,128.0,0.0,18.1,72.2,0.0,23.0,0.0
2008-04-17,131.0,0.0,12.2,71.9,0.0,22.7,0.0
2008-04-18,127.0,0.0,15.8,72.2,0.0,23.0,0.0
2008-04-19,128.0,0.0,19.6,72.0,0.0,23.1,0.0
2008-04-20,120.0,0.0,16.0,71.6,0.0,23.2,0.0
2008-04-21,116.0,0.0,16.5,71.3,0.0,23.1,0.0
2008-04-22,112.0,0.0,17.5,71.0,0.0,23.1,0.0
2008-04-23,108.0,0.0,19.4,70.7,0.0,23.4,0.0
2008-04-24,103.0,0.0,18.7,70.3,0.0,23.4,0.0
2008-04-25,98.1,0.0,15.5,69.9,0.0,23.5,0.0
2008-04-26,100.0,0.0,18.7,69.8,0.0,23.4,0.0
2008-04-27,100.0,0.0,18.4,69.6,0.0,23.1,0.0
2008-04-28,109.0,0.0,18.4,69.5,0.0,23.1,0.0
2008-04-29,103.0,0.0,22.8,69.4,0.0,23.5,0.0
2008-04-30,96.6,0.0,20.0,69.1,0.0,23.4,0.0
2008-05-01,93.3,0.0,17.6,68.9,0.0,23.6,0.0
2008-05-02,96.6,0.0,14.2,69.3,0.0,23.7,0.0
2008-05-03,99.9,0.0,16.6,69.4,0.0,23.7,0.0
2008-05-04,104.0,0.0,20.6,69.5,0.0,23.9,0.0
2008-05-05,102.0,0.0,20.7,69.6,0.0,23.5,0.0
2008-05-06,96.1,0.1,18.6,70.9,0.1,23.5,0.1
2008-05-07,97.2,0.2,17.3,71.4,0.0,23.3,0.0
2008-05-08,93.1,0.0,19.8,70.6,0.0,22.8,0.0
2008-05-09,94.9,0.0,20.8,69.8,0.0,22.5,0.0
2008-05-10,97.5,0.0,21.4,69.3,0.0,22.0,0.0
2008-05-11,93.5,0.0,23.0,68.9,0.0,21.5,0.0
2008-05-12,86.5,0.0,21.4,67.7,0.0,21.1,0.0
2008-05-13,90.5,12.3,17.0,71.7,13.5,21.7,13.5
2008-05-14,112.0,0.0,16.0,71.3,0.0,21.5,0.0
2008-05-15,120.0,0.0,19.2,70.7,0.0,21.5,0.0
2008-05-16,118.0,0.0,18.9,69.6,0.0,21.2,0.0
2008-05-17,105.0,0.0,21.7,68.8,0.0,21.1,0.0
2008-05-18,92.2,0.0,25.0,68.7,0.0,21.1,0.0
2008-05-19,81.1,0.0,27.8,67.6,0.0,21.0,0.0
2008-05-20,71.8,0.3,29.7,66.5,0.0,20.7,0.0
2008-05-21,65.1,0.0,24.3,66.5,0.0,20.8,0.0
2008-05-22,67.1,2.1,17.2,68.2,1.6,21.2,1.6
2008-05-23,81.6,10.4,9.6,72.0,7.0,22.5,7.0
2008-05-24,111.0,8.8,9.5,75.4,7.8,22.1,7.8
2008-05-25,126.0,0.0,13.9,73.6,0.1,21.6,0.1
2008-05-26,131.0,0.0,15.4,71.9,0.0,21.3,0.0
2008-05-27,119.0,0.0,17.1,70.0,0.0,21.2,0.0
2008-05-28,103.0,0.0,20.1,69.3,0.0,21.1,0.0
2008-05-29,93.5,0.0,20.4,68.3,0.0,20.9,0.0
2008-05-30,80.0,0.0,21.6,68.7,0.0,20.9,0.0
2008-05-31,76.6,0.0,23.6,68.1,0.0,20.9,0.0
2008-06-01,70.3,0.0,25.5,67.7,0.0,20.7,0.0
2008-06-02,70.8,0.0,26.2,67.1,0.0,20.4,0.0
2008-06-03,66.7,0.0,25.5,66.5,0.0,20.4,0.0
2008-06-04,67.9,0.0,23.8,66.6,0.0,20.4,0.0
2008-06-05,69.6,0.5,19.9,66.7,1.4,20.5,1.4
2008-06-06,62.3,0.0,23.5,65.0,0.0,20.6,0.0
2008-06-07,62.6,0.0,24.6,65.1,0.0,20.4,0.0
2008-06-08,69.7,0.0,25.8,65.2,0.0,20.4,0.0
2008-06-09,67.9,0.0,25.8,65.1,0.0,20.3,0.0
2008-06-10,61.6,0.0,28.7,64.8,0.0,20.3,0.0
2008-06-11,60.2,0.0,26.3,64.5,0.0,20.0,0.0
2008-06-12,57.3,0.0,26.0,64.3,0.0,20.5,0.0
2008-06-13,53.9,0.0,26.8,64.5,0.0,20.3,0.0
2008-06-14,62.0,0.0,29.4,64.6,0.0,20.0,0.0
2008-06-15,64.4,0.0,31.1,64.2,0.0,19.9,0.0
2008-06-16,65.3,0.0,31.6,64.2,0.0,19.8,0.0
2008-06-17,56.4,0.0,31.8,63.7,0.0,20.1,0.0
2008-06-18,60.0,0.0,31.5,63.5,0.0,19.7,0.0
2008-06-19,60.1,0.0,31.0,63.3,0.0,19.8,0.0
2008-06-20,55.0,0.0,31.2,63.0,0.0,19.8,0.0
2008-06-21,51.3,0.0,32.7,62.8,0.0,19.9,0.0
2008-06-22,51.7,0.0,32.2,62.7,0.0,19.8,0.0
2008-06-23,51.9,0.0,31.9,62.4,0.0,20.1,0.0
2008-06-24,49.4,0.0,30.9,62.4,0.0,19.9,0.0
2008-06-25,43.9,0.0,30.3,62.2,0.0,20.0,0.0
2008-06-26,44.1,0.0,29.3,62.4,0.0,20.2,0.0
2008-06-27,44.0,0.0,29.1,63.5,0.0,20.3,0.0
2008-06-28,46.4,1.9,28.9,63.4,0.7,20.2,0.7
2008-06-29,51.0,0.0,31.8,62.6,0.0,20.2,0.0
2008-06-30,53.0,0.2,31.2,62.4,0.0,20.1,0.0
2008-07-01,46.7,1.5,31.8,62.7,0.0,20.2,0.0
2008-07-02,54.2,0.0,31.1,63.3,0.3,20.3,0.3
2008-07-03,52.9,0.0,31.5,63.0,0.0,20.3,0.0
2008-07-04,45.7,2.0,31.3,66.4,0.0,20.2,0.0
2008-07-05,54.7,3.6,29.3,78.3,1.3,20.6,1.3
2008-07-06,61.6,12.7,27.7,67.8,4.1,21.0,4.1
2008-07-07,73.4,2.4,26.9,65.9,1.1,21.1,1.1
2008-07-08,79.0,0.0,30.3,66.0,0.0,20.3,0.0
2008-07-09,72.9,0.2,29.9,64.2,0.0,20.2,0.0
2008-07-10,76.8,0.8,29.7,64.1,0.0,20.4,0.0
2008-07-11,81.5,13.8,23.5,66.1,9.5,21.3,9.5
2008-07-12,94.5,16.2,23.4,67.7,14.8,21.5,14.8
2008-07-13,102.0,3.1,25.0,69.7,1.3,21.1,1.3
2008-07-14,151.0,1.2,24.3,68.7,0.8,21.3,0.8
2008-07-15,192.0,1.7,24.6,69.5,1.8,21.1,1.8
2008-07-16,154.0,3.4,26.3,67.0,0.0,20.7,0.0
2008-07-17,135.0,0.0,28.7,64.5,0.0,20.4,0.0
2008-07-18,121.0,0.0,29.9,63.4,0.0,20.2,0.0
2008-07-19,96.6,2.3,30.0,71.2,0.0,22.4,0.0
2008-07-20,143.0,1.4,26.0,96.4,1.0,22.5,1.0
2008-07-21,133.0,3.6,26.5,77.4,0.0,21.5,0.0
2008-07-22,136.0,0.6,27.3,71.3,1.8,20.7,1.8
2008-07-23,124.0,0.0,29.3,66.2,0.0,20.5,0.0
2008-07-24,99.6,0.0,30.3,64.1,0.0,20.3,0.0
2008-07-25,129.0,0.0,30.4,63.2,0.3,20.7,0.3
2008-07-26,92.1,1.0,28.3,65.8,0.3,20.7,0.3
2008-07-27,94.7,1.9,26.8,65.3,0.9,20.6,0.9
2008-07-28,88.2,0.0,28.8,63.0,0.0,20.4,0.0
2008-07-29,81.5,0.0,29.6,62.0,0.0,20.3,0.0
2008-07-30,73.6,0.0,30.7,61.5,0.0,19.9,0.0
2008-07-31,65.4,0.0,31.3,61.2,0.0,20.0,0.0
2008-08-01,60.1,0.0,32.6,61.2,0.0,20.1,0.0
2008-08-02,53.5,0.0,32.7,61.8,0.0,20.1,0.0
2008-08-03,45.6,0.3,30.6,63.1,1.0,21.5,1.0
2008-08-04,82.2,5.7,27.7,69.2,2.2,30.2,2.2
2008-08-05,116.0,0.0,27.3,77.9,1.8,22.1,1.8
2008-08-06,103.0,6.3,27.1,78.4,0.2,21.6,0.2
2008-08-07,98.8,6.8,27.1,77.2,0.6,21.4,0.6
2008-08-08,104.0,14.3,26.8,68.0,4.6,21.1,4.6
2008-08-09,108.0,5.9,25.0,69.2,0.0,21.1,0.0
2008-08-10,105.0,0.2,27.5,70.3,0.0,20.7,0.0
2008-08-11,119.0,1.0,29.2,65.1,0.0,20.6,0.0
2008-08-12,107.0,0.0,29.8,64.2,0.0,20.3,0.0
2008-08-13,95.4,0.0,30.4,63.3,0.0,20.4,0.0
2008-08-14,93.8,1.5,29.8,64.1,0.0,20.6,0.0
2008-08-15,96.5,3.4,27.2,65.6,2.8,20.8,2.8
2008-08-16,156.0,0.5,26.5,68.0,0.4,20.7,0.4
2008-08-17,198.0,0.5,27.3,66.0,0.4,21.0,0.4
2008-08-18,234.0,2.0,28.2,68.1,0.0,21.3,0.0
2008-08-19,250.0,1.0,28.5,65.9,0.2,20.9,0.2
2008-08-20,169.0,0.0,29.4,68.9,0.0,20.5,0.0
2008-08-21,139.0,0.0,29.7,63.8,0.0,20.3,0.0
2008-08-22,125.0,0.0,29.6,62.9,0.0,20.3,0.0
2008-08-23,113.0,0.1,29.8,62.7,0.0,20.5,0.0
2008-08-24,108.0,0.0,29.6,63.0,0.0,20.8,0.0
2008-08-25,117.0,1.8,28.0,68.0,1.4,21.1,1.4
2008-08-26,261.0,8.4,24.4,66.3,2.4,21.5,2.4
2008-08-27,163.0,0.9,24.9,66.7,2.1,29.9,2.1
2008-08-28,136.0,0.0,26.7,68.5,0.6,31.0,0.6
2008-08-29,121.0,2.5,27.5,75.7,0.0,23.1,0.0
2008-08-30,122.0,1.4,26.7,69.9,2.2,21.9,2.2
2008-08-31,122.0,10.7,23.0,92.0,9.8,21.8,9.8
2008-09-01,212.0,1.2,22.0,90.5,1.8,180.0,1.8
2008-09-02,221.0,0.0,24.7,152.0,0.0,48.3,0.0
2008-09-03,159.0,0.1,26.4,95.8,0.0,27.0,0.0
2008-09-04,140.0,0.0,26.6,78.3,0.0,22.6,0.0
2008-09-05,121.0,0.0,27.8,72.3,0.0,21.4,0.0
2008-09-06,112.0,0.0,28.8,69.3,0.0,20.8,0.0
2008-09-07,97.7,0.0,29.1,67.8,0.0,20.7,0.0
2008-09-08,90.5,0.6,27.6,67.0,0.0,20.6,0.0
2008-09-09,93.3,0.5,25.8,68.7,0.2,20.7,0.2
2008-09-10,96.9,5.5,22.3,74.0,8.6,21.6,8.6
2008-09-11,146.0,1.3,23.6,70.4,0.5,20.7,0.5
2008-09-12,184.0,1.9,23.5,68.2,0.0,20.6,0.0
2008-09-13,138.0,0.0,24.2,66.3,0.0,20.3,0.0
2008-09-14,120.0,0.0,25.1,65.4,0.0,20.3,0.0
2008-09-15,106.0,0.0,25.4,65.2,0.0,20.3,0.0
2008-09-16,100.0,0.0,24.9,65.1,0.0,20.4,0.0
2008-09-17,98.1,0.0,23.9,65.6,0.0,20.6,0.0
2008-09-18,92.8,0.0,25.1,66.1,0.0,20.7,0.0
2008-09-19,86.7,0.0,25.4,66.9,0.0,20.8,0.0
2008-09-20,87.1,0.0,25.1,66.3,0.1,20.7,0.1
2008-09-21,85.1,0.0,25.8,65.3,0.0,20.6,0.0
2008-09-22,82.7,0.0,24.9,64.9,0.0,20.7,0.0
2008-09-23,77.7,0.0,25.2,64.6,0.0,20.7,0.0
2008-09-24,75.1,0.0,25.5,64.8,0.0,20.9,0.0
2008-09-25,76.9,0.0,26.9,65.0,0.0,20.9,0.0
2008-09-26,77.4,0.0,26.4,65.5,0.1,21.0,0.1
2008-09-27,89.8,0.4,25.2,65.4,0.0,21.2,0.0
2008-09-28,98.4,0.0,24.5,66.4,0.0,21.2,0.0
2008-09-29,96.5,0.0,25.2,65.7,0.0,21.0,0.0
2008-09-30,84.8,0.0,24.0,65.2,0.0,21.0,0.0
2008-10-01,73.7,0.0,24.7,65.2,0.0,21.3,0.0
2008-10-02,73.1,0.0,25.4,65.7,0.0,21.5,0.0
2008-10-03,71.3,0.0,24.3,65.9,0.0,21.6,0.0
2008-10-04,73.1,1.0,20.0,68.2,2.3,22.0,2.3
2008-10-05,81.7,3.0,17.4,69.4,4.4,22.0,4.4
2008-10-06,91.3,0.0,18.5,67.9,0.0,21.7,0.0
2008-10-07,93.8,0.0,18.9,67.2,0.0,21.6,0.0
2008-10-08,96.6,0.0,21.3,66.9,0.0,21.6,0.0
2008-10-09,95.6,0.0,23.5,66.5,0.0,21.5,0.0
2008-10-10,93.4,0.0,20.2,66.2,0.0,21.3,0.0
2008-10-11,91.7,0.0,18.1,65.8,0.0,21.6,0.0
2008-10-12,93.5,0.0,10.3,67.3,0.0,22.0,0.0
2008-10-13,99.1,0.0,10.7,69.4,0.0,22.3,0.0
2008-10-14,102.0,0.0,11.7,68.8,0.0,21.9,0.0
2008-10-15,108.0,0.0,14.6,68.5,0.0,22.0,0.0
2008-10-16,108.0,0.0,18.6,68.9,0.0,22.1,0.0
2008-10-17,110.0,0.0,19.6,68.8,0.0,22.0,0.0
2008-10-18,108.0,0.0,20.6,69.0,0.0,22.0,0.0
2008-10-19,103.0,0.0,22.0,69.1,0.0,22.0,0.0
2008-10-20,96.9,0.0,22.1,69.2,0.0,21.7,0.0
2008-10-21,90.9,0.0,20.6,68.9,0.0,21.7,0.0
2008-10-22,95.2,0.0,16.3,69.4,0.0,21.6,0.0
2008-10-23,99.0,0.0,13.4,70.1,0.0,21.8,0.0
2008-10-24,104.0,0.0,17.3,70.6,0.0,21.9,0.0
2008-10-25,109.0,0.0,18.3,70.6,0.0,21.9,0.0
2008-10-26,114.0,0.0,19.8,70.5,0.0,21.8,0.0
2008-10-27,115.0,0.0,20.0,70.6,0.0,21.4,0.0
2008-10-28,112.0,0.0,21.1,70.7,0.0,21.3,0.0
2008-10-29,110.0,0.0,20.7,70.8,0.0,21.5,0.0
2008-10-30,118.0,0.0,21.1,71.1,0.0,21.5,0.0
2008-10-31,120.0,0.0,20.9,71.3,0.0,21.5,0.0
2008-11-01,121.0,0.0,19.8,71.4,0.0,21.7,0.0
2008-11-02,121.0,0.4,20.8,71.7,0.1,21.5,0.1
2008-11-03,123.0,0.0,17.5,71.7,0.0,21.5,0.0
2008-11-04,124.0,0.0,14.8,72.3,0.0,21.6,0.0
2008-11-05,127.0,0.0,12.8,71.9,0.0,21.8,0.0
2008-11-06,128.0,0.0,9.1,72.0,0.0,21.9,0.0
2008-11-07,128.0,0.0,10.5,72.5,0.0,22.3,0.0
2008-11-08,132.0,0.0,11.9,72.7,0.0,22.5,0.0
2008-11-09,137.0,0.3,14.1,73.3,0.5,22.9,0.5
2008-11-10,138.0,1.9,8.2,74.9,4.0,23.2,4.0
2008-11-11,144.0,0.0,10.7,73.8,0.0,23.5,0.0
2008-11-12,142.0,0.0,11.5,73.5,0.0,23.5,0.0
2008-11-13,140.0,0.0,13.7,73.4,0.0,23.4,0.0
2008-11-14,139.0,0.0,15.3,73.3,0.0,24.0,0.0
2008-11-15,141.0,0.0,12.7,72.9,0.0,24.2,0.0
2008-11-16,139.0,0.0,12.7,72.9,0.0,24.5,0.0
2008-11-17,135.0,0.0,13.7,73.1,0.0,24.6,0.0
2008-11-18,136.0,0.0,15.1,73.3,0.0,24.9,0.0
2008-11-19,137.0,0.0,15.5,73.4,0.0,24.9,0.0
2008-11-20,139.0,0.0,14.4,73.6,0.0,25.1,0.0
2008-11-21,139.0,0.0,14.5,73.7,0.0,25.3,0.0
2008-11-22,141.0,0.0,13.9,73.8,0.0,25.3,0.0
2008-11-23,145.0,0.0,14.0,73.7,0.0,25.3,0.0
2008-11-24,149.0,0.0,12.5,73.8,0.0,25.0,0.0
2008-11-25,148.0,0.0,13.6,74.2,0.5,25.0,0.5
2008-11-26,153.0,9.4,11.0,75.2,8.2,25.3,8.2
2008-11-27,204.0,36.3,10.2,88.9,29.7,30.0,29.7
2008-11-28,252.0,2.5,8.9,80.8,2.4,25.0,2.4
2008-11-29,202.0,0.0,9.3,77.2,0.0,24.0,0.0
2008-11-30,183.0,0.0,10.4,75.5,0.0,23.5,0.0
2008-12-01,181.0,0.0,11.2,75.2,0.0,23.5,0.0
2008-12-02,177.0,0.0,13.2,75.2,0.0,23.6,0.0
2008-12-03,174.0,0.0,10.2,75.2,0.0,23.4,0.0
2008-12-04,173.0,0.0,9.7,75.2,0.0,23.3,0.0
2008-12-05,170.0,0.0,8.4,75.2,0.0,22.7,0.0
2008-12-06,170.0,0.0,8.7,75.2,0.0,22.5,0.0
2008-12-07,167.0,0.0,9.2,75.4,0.0,22.4,0.0
2008-12-08,169.0,2.3,8.6,75.9,2.2,22.4,2.2
2008-12-09,168.0,0.4,6.0,75.7,0.0,22.5,0.0
2008-12-10,166.0,0.0,5.9,75.3,0.0,22.7,0.0
2008-12-11,172.0,0.0,9.6,75.7,0.0,22.8,0.0
2008-12-12,169.0,0.0,11.4,76.4,0.0,22.6,0.0
2008-12-13,175.0,0.1,8.7,76.5,0.4,22.5,0.4
2008-12-14,174.0,1.0,5.7,76.8,2.4,22.5,2.4
2008-12-15,171.0,1.7,3.2,76.5,1.6,22.6,1.6
2008-12-16,182.0,21.5,4.6,79.0,21.6,23.5,21.6
2008-12-17,185.0,8.0,5.3,80.2,9.6,23.3,9.6
2008-12-18,218.0,21.7,5.6,83.5,21.1,24.1,21.1
2008-12-19,247.0,0.2,3.3,80.3,0.5,23.0,0.5
2008-12-20,224.0,0.0,2.3,78.6,0.0,22.6,0.0
2008-12-21,200.0,0.0,3.2,78.2,0.0,22.6,0.0
2008-12-22,192.0,0.5,6.1,78.6,1.3,22.7,1.3
2008-12-23,189.0,5.2,4.1,79.1,8.8,22.9,8.8
2008-12-24,188.0,0.0,1.6,78.4,0.0,22.8,0.0
2008-12-25,192.0,7.6,5.6,79.8,9.1,23.4,9.1
2008-12-26,1060.0,11.5,4.4,80.3,10.2,415.0,10.2
2008-12-27,771.0,0.0,-2.5,428.0,0.0,263.0,0.0
2008-12-28,563.0,0.0,-0.3,193.0,0.0,70.6,0.0
2008-12-29,433.0,0.0,3.1,122.0,0.0,42.8,0.0
2008-12-30,319.0,0.0,5.6,101.0,0.0,31.3,0.0
2008-12-31,267.0,0.0,6.7,89.5,0.0,27.2,0.0
2009-01-01,246.0,0.0,8.2,84.0,0.0,25.7,0.0
2009-01-02,235.0,0.0,7.0,81.4,0.0,25.3,0.0
2009-01-03,229.0,0.1,7.4,80.4,0.5,24.9,0.5
2009-01-04,243.0,7.5,6.2,79.8,8.5,24.3,8.5
2009-01-05,251.0,2.1,3.6,79.5,3.3,24.0,3.3
2009-01-06,231.0,0.1,3.4,79.1,0.0,23.9,0.0
2009-01-07,217.0,0.0,4.4,78.3,0.0,23.7,0.0
2009-01-08,211.0,0.0,6.0,78.3,0.0,23.6,0.0
2009-01-09,208.0,0.0,9.0,77.9,0.0,23.3,0.0
2009-01-10,213.0,0.0,3.5,77.3,0.0,23.3,0.0
2009-01-11,220.0,0.0,4.3,77.4,0.0,23.3,0.0
2009-01-12,216.0,0.0,6.3,77.6,0.0,23.3,0.0
2009-01-13,206.0,0.0,6.4,77.6,0.0,23.4,0.0
2009-01-14,202.0,0.0,7.1,77.7,0.0,23.4,0.0
2009-01-15,228.0,0.0,7.3,78.6,0.0,23.5,0.0
2009-01-16,251.0,0.0,7.6,80.4,0.0,23.4,0.0
2009-01-17,264.0,0.0,7.1,80.7,0.0,23.5,0.0
2009-01-18,286.0,0.0,6.3,81.3,0.0,23.4,0.0
2009-01-19,288.0,0.0,6.9,81.5,0.0,23.4,0.0
2009-01-20,272.0,0.0,7.1,81.4,0.0,23.3,0.0
2009-01-21,256.0,0.9,10.3,80.3,0.2,22.9,0.2
2009-01-22,263.0,0.8,12.4,81.0,1.3,23.0,1.3
2009-01-23,597.0,4.8,11.6,90.7,4.6,24.1,4.6
2009-01-24,1560.0,1.8,11.9,503.0,2.9,23.8,2.9
2009-01-25,3030.0,0.5,9.8,601.0,1.3,23.8,1.3
2009-01-26,2280.0,0.9,6.8,346.0,4.5,23.6,4.5
2009-01-27,1390.0,0.4,3.4,225.0,0.7,23.5,0.7
2009-01-28,806.0,0.0,3.9,143.0,0.0,23.4,0.0
2009-01-29,564.0,0.0,4.5,110.0,0.0,23.5,0.0
2009-01-30,430.0,0.0,4.7,91.5,0.0,23.7,0.0
2009-01-31,355.0,0.0,6.5,85.1,0.0,23.8,0.0
2009-02-01,304.0,0.0,10.4,80.4,0.0,23.8,0.0
2009-02-02,275.0,0.0,7.0,77.8,0.0,23.8,0.0
2009-02-03,255.0,0.0,9.0,76.9,0.0,23.5,0.0
2009-02-04,244.0,0.0,9.3,76.6,0.0,23.5,0.0
2009-02-05,228.0,0.0,13.1,76.3,0.0,23.8,0.0
2009-02-06,220.0,0.0,11.0,76.2,0.0,23.9,0.0
2009-02-07,221.0,0.0,9.2,76.4,0.0,24.1,0.0
2009-02-08,247.0,21.5,6.0,78.7,17.8,25.5,17.8
2009-02-09,288.0,11.0,3.8,81.3,12.1,25.4,12.1
2009-02-10,345.0,11.2,0.5,84.1,13.1,25.7,13.1
2009-02-11,370.0,0.0,-0.4,80.7,0.0,24.6,0.0
2009-02-12,293.0,0.0,4.2,78.2,0.0,24.3,0.0
2009-02-13,266.0,0.0,1.9,77.5,0.0,24.2,0.0
2009-02-14,258.0,0.0,4.4,77.5,0.0,24.3,0.0
2009-02-15,251.0,0.0,2.5,77.5,0.0,24.1,0.0
2009-02-16,249.0,0.0,7.9,77.4,0.0,24.1,0.0
2009-02-17,260.0,7.7,6.9,77.8,7.0,24.1,7.0
2009-02-18,388.0,0.0,4.4,77.4,0.0,23.4,0.0
2009-02-19,364.0,0.0,3.0,78.1,0.0,23.5,0.0
2009-02-20,343.0,0.0,4.4,79.1,0.0,23.6,0.0
2009-02-21,378.0,0.0,8.0,79.1,0.0,23.7,0.0
2009-02-22,551.0,0.0,11.7,85.8,0.0,23.9,0.0
2009-02-23,1150.0,0.0,16.6,239.0,0.0,23.9,0.0
2009-02-24,3080.0,0.0,15.4,954.0,0.0,28.7,0.0
2009-02-25,3770.0,0.0,15.1,944.0,0.0,44.6,0.0
2009-02-26,2860.0,0.0,14.0,686.0,0.0,31.9,0.0
2009-02-27,2040.0,0.0,12.2,414.0,0.0,26.3,0.0
2009-02-28,1360.0,0.0,11.0,281.0,0.0,24.3,0.0
2009-03-01,986.0,0.0,12.8,202.0,0.0,23.8,0.0
2009-03-02,750.0,0.0,16.9,158.0,0.0,23.8,0.0
2009-03-03,727.0,0.0,18.7,177.0,0.0,23.9,0.0
2009-03-04,781.0,0.0,16.6,206.0,0.0,24.0,0.0
2009-03-05,778.0,0.0,13.5,189.0,0.0,24.0,0.0
2009-03-06,697.0,0.0,11.4,141.0,0.0,24.1,0.0
2009-03-07,556.0,0.0,9.6,105.0,0.0,24.2,0.0
2009-03-08,436.0,0.0,9.5,90.0,0.0,24.3,0.0
2009-03-09,354.0,1.1,10.1,81.4,1.1,24.5,1.1
2009-03-10,299.0,0.0,10.3,78.0,0.0,24.5,0.0
2009-03-11,280.0,0.0,12.0,77.4,0.0,24.7,0.0
2009-03-12,254.0,1.3,12.8,77.5,0.2,24.9,0.2
2009-03-13,243.0,0.4,10.5,77.1,1.6,24.9,1.6
2009-03-14,247.0,5.7,10.0,76.7,3.7,25.0,3.7
2009-03-15,241.0,0.7,11.9,75.7,0.1,25.0,0.1
2009-03-16,229.0,0.0,13.1,75.2,0.0,25.0,0.0
2009-03-17,204.0,0.0,15.1,75.2,0.0,25.2,0.0
2009-03-18,183.0,0.0,17.4,75.1,0.0,25.2,0.0
2009-03-19,168.0,0.0,18.0,74.3,0.0,25.3,0.0
2009-03-20,164.0,0.0,18.4,73.8,0.0,25.0,0.0
2009-03-21,171.0,0.0,18.5,73.1,0.0,24.8,0.0
2009-03-22,176.0,0.0,15.9,72.3,0.0,24.6,0.0
2009-03-23,173.0,0.0,9.7,71.9,0.1,24.8,0.1
2009-03-24,169.0,0.0,9.7,72.1,0.0,24.8,0.0
2009-03-25,163.0,0.0,11.5,71.2,0.0,24.8,0.0
2009-03-26,151.0,0.0,14.1,71.0,0.0,24.7,0.0
2009-03-27,150.0,0.0,8.3,70.6,0.0,24.5,0.0
2009-03-28,150.0,0.0,10.6,71.0,0.0,24.2,0.0
2009-03-29,149.0,0.0,14.4,71.8,0.0,24.1,0.0
2009-03-30,142.0,0.0,12.6,71.1,0.0,23.5,0.0
2009-03-31,132.0,0.0,10.7,71.2,0.0,23.3,0.0
2009-04-01,126.0,0.0,14.0,71.3,0.0,23.7,0.0
2009-04-02,112.0,0.0,13.9,71.1,0.0,23.5,0.0
2009-04-03,105.0,1.4,13.7,71.1,0.7,23.5,0.7
2009-04-04,109.0,1.2,8.9,71.0,2.0,23.7,2.0
2009-04-05,118.0,0.0,9.5,70.4,0.0,23.8,0.0
2009-04-06,119.0,0.0,11.9,70.7,0.0,23.4,0.0
2009-04-07,115.0,0.0,16.6,70.6,0.0,23.5,0.0
2009-04-08,110.0,0.0,15.7,70.5,0.0,23.5,0.0
2009-04-09,109.0,0.5,13.3,70.4,0.0,23.6,0.0
2009-04-10,108.0,0.0,14.7,70.5,0.0,23.3,0.0
2009-04-11,123.0,17.6,8.9,74.2,14.9,25.1,14.9
2009-04-12,140.0,2.6,10.2,75.2,5.0,23.9,5.0
2009-04-13,147.0,0.0,14.8,73.2,0.0,22.8,0.0
2009-04-14,140.0,0.0,17.4,72.5,0.0,22.5,0.0
2009-04-15,129.0,0.9,12.5,71.8,1.6,22.4,1.6
2009-04-16,124.0,0.0,7.3,72.0,0.0,22.0,0.0
2009-04-17,118.0,0.0,9.0,73.0,0.0,22.1,0.0
2009-04-18,112.0,0.0,14.3,72.9,0.0,22.0,0.0
2009-04-19,111.0,0.0,16.9,72.2,0.0,22.0,0.0
2009-04-20,103.0,0.0,18.4,71.9,0.0,22.0,0.0
2009-04-21,104.0,0.0,21.3,72.2,0.0,21.3,0.0
2009-04-22,94.3,0.0,23.6,72.6,0.0,21.3,0.0
2009-04-23,85.0,0.0,22.3,72.5,0.0,21.1,0.0
2009-04-24,84.1,0.0,19.9,72.2,0.0,21.0,0.0
2009-04-25,85.9,0.0,17.5,73.3,0.0,21.0,0.0
2009-04-26,94.8,0.0,14.9,73.2,0.0,21.0,0.0
2009-04-27,91.6,0.0,17.4,73.0,0.0,21.1,0.0
2009-04-28,96.0,0.0,18.3,73.3,0.0,20.9,0.0
2009-04-29,96.0,0.0,19.5,73.8,0.0,21.2,0.0
2009-04-30,93.8,0.0,20.4,73.7,0.0,21.4,0.0
2009-05-01,90.7,0.0,22.1,73.7,0.0,21.5,0.0
2009-05-02,97.3,0.0,22.0,73.7,0.0,21.5,0.0
2009-05-03,98.0,0.0,21.8,74.7,0.0,21.2,0.0
2009-05-04,93.8,0.0,22.7,74.6,0.0,21.0,0.0
2009-05-05,86.7,0.0,24.2,73.9,0.0,21.0,0.0
2009-05-06,77.5,0.0,24.8,73.6,0.0,21.4,0.0
2009-05-07,83.2,0.0,26.4,73.2,0.0,21.3,0.0
2009-05-08,83.5,0.0,26.9,71.8,0.0,21.3,0.0
2009-05-09,72.1,0.0,27.0,72.6,0.0,21.3,0.0
2009-05-10,77.3,0.0,26.6,72.3,0.0,21.4,0.0
2009-05-11,73.9,0.0,26.6,72.0,0.0,21.3,0.0
2009-05-12,72.5,0.0,25.9,71.5,0.0,21.2,0.0
2009-05-13,69.9,0.0,25.4,71.0,0.0,21.3,0.0
2009-05-14,65.4,0.0,25.7,70.8,0.0,21.3,0.0
2009-05-15,63.3,0.0,26.1,70.4,0.0,21.4,0.0
2009-05-16,66.6,0.0,26.9,70.7,0.0,21.2,0.0
2009-05-17,74.5,0.0,27.6,70.4,0.0,21.2,0.0
2009-05-18,71.5,1.1,28.5,70.2,0.0,21.1,0.0
2009-05-19,71.5,0.8,26.4,71.7,0.5,21.2,0.5
2009-05-20,82.3,1.0,23.8,72.5,1.0,21.4,1.0
2009-05-21,85.9,3.2,20.2,75.3,1.8,22.3,1.8
2009-05-22,97.5,5.5,18.4,79.0,2.0,22.9,2.0
2009-05-23,112.0,16.1,17.6,85.2,7.4,23.3,7.4
2009-05-24,263.0,3.3,19.1,80.5,2.1,22.3,2.1
2009-05-25,263.0,0.5,21.1,76.3,0.4,22.2,0.4
2009-05-26,206.0,0.7,20.8,75.1,0.6,21.8,0.6
2009-05-27,170.0,0.6,22.3,73.9,0.0,21.8,0.0
2009-05-28,155.0,0.1,22.9,73.9,0.1,21.9,0.1
2009-05-29,148.0,0.4,23.4,73.8,0.0,21.8,0.0
2009-05-30,128.0,2.1,23.5,73.4,0.9,22.0,0.9
2009-05-31,128.0,0.0,22.0,73.5,0.0,21.8,0.0
2009-06-01,126.0,0.0,24.9,72.8,0.0,21.8,0.0
2009-06-02,115.0,0.0,25.6,71.0,0.0,21.8,0.0
2009-06-03,95.0,0.0,26.3,69.6,0.0,21.3,0.0
2009-06-04,90.5,0.0,27.8,68.8,0.0,21.5,0.0
2009-06-05,78.8,0.0,24.4,68.5,0.0,21.5,0.0
2009-06-06,82.4,0.0,21.8,68.4,0.0,21.4,0.0
2009-06-07,85.8,0.0,20.8,68.4,0.0,21.8,0.0
2009-06-08,82.3,0.0,21.9,69.1,0.0,22.0,0.0
2009-06-09,80.6,1.9,21.1,69.4,0.2,22.0,0.2
2009-06-10,83.5,0.0,22.2,69.2,0.0,22.1,0.0
2009-06-11,80.1,0.0,22.3,69.0,0.0,22.1,0.0
2009-06-12,78.0,0.0,22.4,68.1,0.0,21.8,0.0
2009-06-13,68.8,0.0,22.6,67.8,0.0,21.8,0.0
2009-06-14,65.8,0.0,23.6,67.5,0.0,21.8,0.0
2009-06-15,66.5,0.0,23.4,67.1,0.0,21.8,0.0
2009-06-16,68.0,0.0,23.6,67.2,0.0,22.0,0.0
2009-06-17,70.5,0.5,23.2,69.9,1.9,22.8,1.9
2009-06-18,63.7,0.1,23.0,71.4,0.0,22.1,0.0
2009-06-19,55.3,0.0,26.0,69.0,0.0,21.9,0.0
2009-06-20,56.2,0.0,24.5,68.3,0.0,21.6,0.0
2009-06-21,60.6,0.0,24.7,67.3,0.0,21.4,0.0
2009-06-22,60.1,0.0,26.8,66.1,0.0,21.2,0.0
2009-06-23,56.4,0.0,28.3,66.4,0.0,21.2,0.0
2009-06-24,63.0,0.0,30.4,66.7,0.0,21.1,0.0
2009-06-25,59.6,0.4,30.2,66.7,0.0,21.2,0.0
2009-06-26,60.0,0.3,25.8,67.9,0.7,21.0,0.7
2009-06-27,73.2,0.0,27.9,68.0,0.0,20.5,0.0
2009-06-28,72.5,0.0,29.8,65.9,0.0,20.2,0.0
2009-06-29,62.7,1.1,30.6,64.9,0.0,20.1,0.0
2009-06-30,53.3,0.0,30.6,64.8,0.0,19.9,0.0
2009-07-01,48.1,0.0,29.9,65.7,0.0,20.5,0.0
2009-07-02,43.8,4.6,27.4,73.9,2.0,21.4,2.0
2009-07-03,50.8,7.4,27.3,72.7,3.4,21.1,3.4
2009-07-04,57.0,4.9,26.4,69.8,0.5,20.6,0.5
2009-07-05,63.0,0.0,30.1,68.0,0.0,20.5,0.0
2009-07-06,61.8,0.0,30.5,66.3,0.0,20.1,0.0
2009-07-07,59.4,0.0,29.5,65.3,0.0,19.9,0.0
2009-07-08,50.8,0.0,29.5,64.7,0.0,19.9,0.0
2009-07-09,39.1,0.0,30.6,64.5,0.0,19.8,0.0
2009-07-10,36.2,0.0,31.4,64.2,0.0,19.9,0.0
2009-07-11,34.7,0.0,32.1,64.8,0.0,20.0,0.0
2009-07-12,34.8,0.0,32.3,65.0,0.0,20.0,0.0
2009-07-13,34.0,0.0,32.0,64.9,0.0,20.1,0.0
2009-07-14,36.4,0.2,32.4,64.5,0.6,20.0,0.6
2009-07-15,35.1,0.0,32.3,64.5,0.0,19.9,0.0
2009-07-16,40.1,0.2,31.7,64.8,0.0,20.1,0.0
2009-07-17,42.4,0.0,33.3,64.5,0.0,19.8,0.0
2009-07-18,39.3,0.1,33.5,64.4,0.0,19.6,0.0
2009-07-19,41.2,0.0,33.6,64.2,0.0,23.4,0.0
2009-07-20,43.4,1.7,33.0,69.1,2.5,27.1,2.5
2009-07-21,53.8,0.6,29.1,112.0,1.1,29.1,1.1
2009-07-22,72.1,0.1,28.9,84.6,0.8,33.1,0.8
2009-07-23,82.5,3.3,28.3,136.0,1.0,23.5,1.0
2009-07-24,115.0,2.2,27.8,106.0,1.3,22.0,1.3
2009-07-25,143.0,3.5,27.9,77.2,1.7,21.3,1.7
2009-07-26,135.0,1.3,29.0,73.6,0.5,21.0,0.5
2009-07-27,111.0,0.0,32.0,70.6,0.0,20.6,0.0
2009-07-28,93.4,0.3,32.8,68.5,0.1,20.5,0.1
2009-07-29,81.0,0.0,31.2,67.2,0.0,20.0,0.0
2009-07-30,73.7,0.0,29.6,66.2,0.2,19.8,0.2
2009-07-31,62.1,0.0,30.3,65.4,0.0,19.7,0.0
2009-08-01,55.4,0.3,30.7,65.1,1.0,19.9,1.0
2009-08-02,52.9,0.1,31.0,64.8,0.3,20.0,0.3
2009-08-03,46.1,0.0,30.8,64.5,0.0,19.8,0.0
2009-08-04,41.8,0.0,31.8,64.4,0.0,20.0,0.0
2009-08-05,40.1,0.0,32.6,64.5,0.0,20.2,0.0
2009-08-06,37.5,0.0,31.5,64.5,0.0,20.3,0.0
2009-08-07,32.9,0.0,28.2,63.5,0.0,20.1,0.0
2009-08-08,32.3,0.0,26.3,63.4,0.0,20.4,0.0
2009-08-09,33.2,0.0,27.2,63.9,0.0,20.6,0.0
2009-08-10,39.1,0.0,28.5,64.2,0.0,20.7,0.0
2009-08-11,37.5,0.0,29.5,64.1,0.0,20.7,0.0
2009-08-12,38.3,1.8,29.2,64.5,0.8,20.8,0.8
2009-08-13,40.1,3.7,25.8,66.4,1.6,21.5,1.6
2009-08-14,53.3,0.0,25.7,66.9,0.0,21.1,0.0
2009-08-15,63.2,0.0,27.6,65.2,0.0,20.8,0.0
2009-08-16,63.4,0.0,28.6,63.7,0.0,21.4,0.0
2009-08-17,53.3,0.0,29.0,62.9,0.0,21.5,0.0
2009-08-18,54.1,0.0,29.7,62.7,0.0,21.3,0.0
2009-08-19,50.3,0.0,30.2,63.0,0.0,21.2,0.0
2009-08-20,47.8,0.0,30.7,62.8,0.0,21.3,0.0
2009-08-21,41.3,0.0,30.3,61.9,0.0,21.5,0.0
2009-08-22,40.4,8.1,26.9,65.3,3.1,188.0,3.1
2009-08-23,41.4,0.2,24.4,144.0,0.0,127.0,0.0
2009-08-24,56.0,1.9,25.8,110.0,0.0,28.9,0.0
2009-08-25,87.3,0.0,26.4,80.9,0.0,23.4,0.0
2009-08-26,98.6,1.0,26.8,74.5,0.0,21.9,0.0
2009-08-27,86.9,0.0,28.8,67.1,0.0,21.1,0.0
2009-08-28,72.7,0.0,29.9,63.8,0.0,20.8,0.0
2009-08-29,66.9,0.0,30.8,62.6,0.0,20.6,0.0
2009-08-30,59.7,0.4,30.9,62.0,0.7,20.4,0.7
2009-08-31,59.1,2.5,29.9,62.2,1.3,20.6,1.3
2009-09-01,62.8,0.0,27.9,63.0,0.0,21.0,0.0
2009-09-02,60.6,0.0,28.1,64.1,0.0,21.0,0.0
2009-09-03,60.5,0.0,29.2,64.1,0.0,21.3,0.0
2009-09-04,54.3,1.1,28.5,63.8,0.0,21.6,0.0
2009-09-05,56.6,5.2,26.0,161.0,0.4,36.2,0.4
2009-09-06,303.0,2.6,24.0,206.0,5.7,42.5,5.7
2009-09-07,254.0,9.3,24.4,91.0,0.0,23.9,0.0
2009-09-08,201.0,3.0,25.2,74.5,1.6,22.3,1.6
2009-09-09,164.0,2.9,24.4,69.3,1.8,21.9,1.8
2009-09-10,154.0,0.4,24.9,67.6,0.2,22.0,0.2
2009-09-11,137.0,0.0,24.7,67.3,0.0,22.0,0.0
2009-09-12,184.0,0.0,25.5,71.2,0.6,22.0,0.6
2009-09-13,182.0,5.8,25.1,68.3,3.0,21.8,3.0
2009-09-14,172.0,0.9,24.5,66.3,0.5,21.6,0.5
2009-09-15,125.0,0.0,24.5,64.4,0.0,21.7,0.0
2009-09-16,117.0,0.0,24.3,64.3,0.0,21.8,0.0
2009-09-17,112.0,0.0,23.4,63.9,0.0,21.8,0.0
2009-09-18,99.3,0.0,24.2,63.8,0.0,21.8,0.0
2009-09-19,99.1,2.2,24.9,65.9,0.6,21.7,0.6
2009-09-20,111.0,0.3,23.9,65.8,0.2,21.7,0.2
2009-09-21,127.0,0.0,25.9,64.1,0.0,21.9,0.0
2009-09-22,113.0,0.0,22.2,63.4,0.0,21.7,0.0
2009-09-23,103.0,0.0,20.8,63.0,0.0,21.9,0.0
2009-09-24,103.0,0.0,21.3,63.2,0.0,21.8,0.0
2009-09-25,96.5,0.0,22.6,63.8,0.0,21.8,0.0
2009-09-26,88.6,0.0,24.9,63.0,0.0,21.7,0.0
2009-09-27,84.8,0.0,25.8,63.2,0.0,21.7,0.0
2009-09-28,83.6,0.0,27.7,62.4,0.0,21.8,0.0
2009-09-29,78.4,0.0,27.2,62.3,0.0,21.7,0.0
2009-09-30,80.7,0.7,24.2,62.3,0.3,21.6,0.3
2009-10-01,79.6,0.0,17.6,62.2,0.0,21.8,0.0
2009-10-02,85.5,0.0,19.2,63.1,0.0,22.5,0.0
2009-10-03,87.0,0.0,20.4,63.5,0.0,22.4,0.0
2009-10-04,92.0,3.4,17.8,64.0,4.8,22.4,4.8
2009-10-05,89.9,0.0,16.6,63.8,0.0,22.3,0.0
2009-10-06,92.2,0.0,15.8,64.0,0.0,22.2,0.0
2009-10-07,101.0,0.1,17.0,65.8,0.0,21.9,0.0
2009-10-08,101.0,0.0,15.9,65.6,0.0,22.1,0.0
2009-10-09,93.8,0.0,17.0,65.7,0.0,22.2,0.0
2009-10-10,93.7,0.0,18.3,65.7,0.0,22.3,0.0
2009-10-11,97.2,0.0,19.0,65.7,0.0,22.2,0.0
2009-10-12,103.0,0.0,17.4,66.0,0.0,22.2,0.0
2009-10-13,108.0,0.0,16.3,66.1,0.0,22.2,0.0
2009-10-14,103.0,0.0,17.7,66.5,0.0,22.3,0.0
2009-10-15,100.0,0.0,19.9,66.5,0.0,22.7,0.0
2009-10-16,104.0,0.0,20.7,66.5,0.0,22.6,0.0
2009-10-17,103.0,0.0,21.7,66.2,0.0,22.6,0.0
2009-10-18,96.4,0.0,24.4,66.4,0.0,22.8,0.0
2009-10-19,93.3,0.0,22.8,66.6,0.0,22.7,0.0
2009-10-20,96.4,0.2,17.8,67.4,0.2,22.7,0.2
2009-10-21,99.6,0.0,15.3,67.8,0.0,23.1,0.0
2009-10-22,103.0,0.0,16.7,68.4,0.0,23.7,0.0
2009-10-23,107.0,0.0,16.7,68.8,0.0,23.6,0.0
2009-10-24,109.0,0.0,18.8,69.1,0.0,23.5,0.0
2009-10-25,113.0,0.0,18.7,68.8,0.0,23.2,0.0
2009-10-26,113.0,0.0,14.5,68.6,0.0,22.7,0.0
2009-10-27,111.0,0.0,16.4,69.6,0.0,22.0,0.0
2009-10-28,122.0,0.0,8.3,70.6,0.0,20.6,0.0
2009-10-29,128.0,0.0,6.3,70.8,0.3,20.6,0.3
2009-10-30,134.0,0.0,8.5,70.8,0.0,21.0,0.0
2009-10-31,133.0,0.0,12.3,70.8,0.0,21.2,0.0
2009-11-01,135.0,0.0,14.7,71.0,0.0,22.9,0.0
2009-11-02,132.0,0.0,17.8,70.9,0.0,23.4,0.0
2009-11-03,132.0,0.0,17.6,70.9,0.0,23.7,0.0
2009-11-04,137.0,0.0,19.4,70.9,0.0,23.6,0.0
2009-11-05,134.0,0.0,20.6,71.1,0.0,22.6,0.0
2009-11-06,131.0,0.0,20.0,71.0,0.0,21.9,0.0
2009-11-07,137.0,0.0,18.4,71.3,0.0,22.0,0.0
2009-11-08,136.0,0.0,17.0,71.5,0.0,22.0,0.0
2009-11-09,138.0,0.0,15.7,71.6,0.0,22.1,0.0
2009-11-10,135.0,0.0,16.1,71.8,0.0,22.2,0.0
2009-11-11,134.0,0.0,17.9,72.0,0.0,22.1,0.0
2009-11-12,139.0,0.0,17.5,72.5,0.0,21.8,0.0
2009-11-13,139.0,1.6,13.3,73.7,3.8,21.9,3.8
2009-11-14,142.0,1.8,10.9,73.1,6.0,22.0,6.0
2009-11-15,144.0,0.0,8.0,72.7,0.0,22.1,0.0
2009-11-16,148.0,0.0,6.2,73.0,0.0,22.2,0.0
2009-11-17,145.0,0.0,8.4,73.1,0.0,22.5,0.0
2009-11-18,146.0,0.0,11.4,73.2,0.0,22.6,0.0
2009-11-19,147.0,0.0,11.6,73.3,0.0,22.6,0.0
2009-11-20,148.0,0.0,10.8,72.9,0.0,22.6,0.0
2009-11-21,151.0,0.0,13.4,72.6,0.0,22.6,0.0
2009-11-22,148.0,0.0,10.0,72.6,0.0,22.6,0.0
2009-11-23,148.0,0.0,10.8,72.6,0.0,22.6,0.0
2009-11-24,148.0,0.0,7.4,72.7,0.0,22.6,0.0
2009-11-25,149.0,0.0,6.8,72.7,0.0,22.9,0.0
2009-11-26,154.0,0.0,8.2,71.9,0.0,23.0,0.0
2009-11-27,154.0,0.0,11.7,72.2,0.0,22.8,0.0
2009-11-28,153.0,1.0,11.7,72.7,0.4,22.6,0.4
2009-11-29,154.0,0.6,6.5,72.8,0.2,22.8,0.2
2009-11-30,156.0,0.0,8.8,72.8,0.0,22.9,0.0
2009-12-01,160.0,0.0,8.3,72.4,0.0,23.0,0.0
2009-12-02,160.0,0.0,8.6,72.0,0.0,23.2,0.0
2009-12-03,161.0,0.0,7.6,72.0,0.0,23.4,0.0
2009-12-04,162.0,0.0,3.3,72.0,0.0,23.1,0.0
2009-12-05,176.0,0.0,5.0,72.0,0.0,23.1,0.0
2009-12-06,177.0,0.0,4.3,72.0,0.0,23.0,0.0
2009-12-07,185.0,13.2,5.3,74.7,14.8,24.2,14.8
2009-12-08,212.0,24.3,3.8,79.4,24.5,24.7,24.5
2009-12-09,280.0,0.0,0.7,74.9,0.0,23.0,0.0
2009-12-10,232.0,0.0,-0.7,72.8,0.0,22.4,0.0
2009-12-11,210.0,0.2,1.7,72.6,0.0,22.8,0.0
2009-12-12,201.0,0.4,5.5,72.9,0.0,22.8,0.0
2009-12-13,199.0,3.1,6.8,72.9,6.0,23.3,6.0
2009-12-14,193.0,1.8,4.4,72.3,0.6,23.3,0.6
2009-12-15,194.0,0.0,2.5,72.0,0.0,23.5,0.0
2009-12-16,193.0,0.0,4.5,71.8,0.0,23.7,0.0
2009-12-17,187.0,0.0,5.2,72.0,0.0,23.6,0.0
2009-12-18,183.0,0.0,5.0,71.4,0.0,23.6,0.0
2009-12-19,181.0,0.0,4.6,70.9,0.0,23.7,0.0
2009-12-20,181.0,0.0,4.9,71.4,0.0,24.0,0.0
2009-12-21,178.0,0.0,9.1,71.9,0.0,24.1,0.0
2009-12-22,183.0,4.4,7.9,73.3,4.7,24.5,4.7
2009-12-23,184.0,4.0,3.3,73.7,4.7,24.4,4.7
2009-12-24,184.0,0.0,1.1,71.9,0.0,24.0,0.0
2009-12-25,186.0,0.0,0.0,71.6,0.0,24.0,0.0
2009-12-26,181.0,0.0,-0.2,71.5,0.0,23.9,0.0
2009-12-27,178.0,0.0,0.8,71.7,0.0,23.9,0.0
2009-12-28,177.0,0.0,0.8,72.0,0.0,23.9,0.0
2009-12-29,177.0,0.0,3.7,71.7,0.3,23.5,0.3
2009-12-30,176.0,0.4,4.2,71.3,2.0,23.5,2.0
2009-12-31,173.0,0.1,2.3,71.5,1.3,23.6,1.3
2010-01-01,175.0,0.0,1.8,71.6,0.0,23.7,0.0
2010-01-02,173.0,0.0,5.7,71.7,0.0,23.5,0.0
2010-01-03,172.0,0.0,4.3,71.6,0.0,23.3,0.0
2010-01-04,172.0,0.0,3.4,71.6,0.0,23.0,0.0
2010-01-05,170.0,0.0,4.8,71.9,0.0,23.1,0.0
2010-01-06,170.0,0.0,7.6,72.0,0.0,23.2,0.0
2010-01-07,170.0,0.0,7.6,72.0,0.0,23.0,0.0
2010-01-08,168.0,0.0,4.6,72.1,0.0,23.0,0.0
2010-01-09,170.0,0.0,4.5,72.4,0.0,23.0,0.0
2010-01-10,170.0,0.0,5.4,72.7,0.0,23.4,0.0
2010-01-11,171.0,0.0,5.4,73.0,0.0,23.5,0.0
2010-01-12,170.0,0.0,5.8,73.0,0.0,23.4,0.0
2010-01-13,170.0,0.0,10.3,73.2,0.0,23.5,0.0
2010-01-14,171.0,0.0,7.1,73.8,0.1,23.6,0.1
2010-01-15,173.0,0.0,6.5,73.7,0.0,23.7,0.0
2010-01-16,177.0,0.0,7.3,74.0,0.0,23.9,0.0
2010-01-17,180.0,0.0,9.1,74.1,0.0,24.2,0.0
2010-01-18,179.0,2.3,7.6,75.8,2.2,24.5,2.2
2010-01-19,198.0,13.2,6.2,79.7,13.4,24.9,13.4
2010-01-20,262.0,19.7,6.1,79.5,19.8,25.9,19.8
2010-01-21,937.0,45.1,5.3,91.6,47.4,31.1,47.4
2010-01-22,8020.0,45.1,4.2,3140.0,41.7,2450.0,41.7
2010-01-23,4870.0,8.9,1.2,1500.0,11.0,571.0,11.0
2010-01-24,1860.0,0.0,0.0,471.0,0.0,151.0,0.0
2010-01-25,1020.0,0.0,0.8,223.0,0.0,70.8,0.0
2010-01-26,726.0,0.0,3.7,149.0,0.0,43.1,0.0
2010-01-27,650.0,2.0,6.6,127.0,2.4,30.3,2.4
2010-01-28,1260.0,2.7,5.2,124.0,0.7,26.6,0.7
2010-01-29,1040.0,0.0,5.6,146.0,0.0,24.8,0.0
2010-01-30,917.0,0.0,4.8,139.0,0.0,34.5,0.0
2010-01-31,758.0,0.0,6.0,132.0,0.0,27.0,0.0
2010-02-01,708.0,0.0,6.2,117.0,0.0,24.8,0.0
2010-02-02,652.0,0.0,6.7,113.0,0.0,23.6,0.0
2010-02-03,664.0,0.2,7.2,111.0,0.0,23.3,0.0
2010-02-04,693.0,1.0,7.4,112.0,0.0,23.0,0.0
2010-02-05,797.0,0.0,7.9,118.0,0.0,22.8,0.0
2010-02-06,878.0,0.7,8.3,141.0,0.8,23.4,0.8
2010-02-07,1410.0,17.9,6.4,348.0,20.4,36.0,20.4
2010-02-08,1880.0,2.3,3.8,570.0,3.5,215.0,3.5
2010-02-09,1310.0,0.4,4.6,369.0,0.3,93.7,0.3
2010-02-10,950.0,2.2,5.0,243.0,0.7,63.0,0.7
2010-02-11,735.0,0.0,4.4,172.0,0.0,45.6,0.0
2010-02-12,589.0,0.0,6.3,133.0,0.0,33.4,0.0
2010-02-13,534.0,0.0,7.3,120.0,0.0,28.0,0.0
2010-02-14,580.0,0.0,7.7,133.0,0.0,25.7,0.0
2010-02-15,735.0,0.0,7.0,194.0,0.0,24.8,0.0
2010-02-16,879.0,0.0,7.6,267.0,0.0,24.4,0.0
2010-02-17,992.0,0.0,7.4,288.0,0.0,24.1,0.0
2010-02-18,982.0,0.0,10.2,250.0,0.0,23.9,0.0
2010-02-19,983.0,0.0,11.0,249.0,0.0,23.7,0.0
2010-02-20,993.0,4.1,6.6,269.0,4.4,24.1,4.4
2010-02-21,894.0,7.5,5.7,230.0,9.1,24.4,9.1
2010-02-22,987.0,10.3,4.5,176.0,13.5,24.5,13.5
2010-02-23,978.0,0.3,0.5,157.0,0.0,24.0,0.0
2010-02-24,684.0,0.0,3.0,118.0,0.0,24.0,0.0
2010-02-25,582.0,0.0,7.3,102.0,0.0,24.0,0.0
2010-02-26,760.0,0.0,4.7,102.0,0.0,24.1,0.0
2010-02-27,615.0,0.0,8.3,121.0,0.0,24.2,0.0
2010-02-28,615.0,10.2,7.4,153.0,6.9,25.2,6.9
2010-03-01,813.0,0.2,7.4,230.0,0.0,24.2,0.0
2010-03-02,864.0,0.0,8.8,317.0,0.0,24.2,0.0
2010-03-03,1110.0,0.0,10.3,443.0,0.0,24.1,0.0
2010-03-04,1370.0,0.0,10.1,536.0,0.0,23.8,0.0
2010-03-05,1490.0,0.0,7.6,442.0,0.0,23.6,0.0
2010-03-06,1370.0,0.6,10.5,375.0,0.0,23.0,0.0
2010-03-07,2580.0,12.9,8.4,1440.0,12.3,23.2,12.3
2010-03-08,5120.0,7.5,4.6,1290.0,5.0,21.8,5.0
2010-03-09,3320.0,6.2,5.9,897.0,9.9,64.1,9.9
2010-03-10,2070.0,1.3,2.8,572.0,1.1,206.0,1.1
2010-03-11,1680.0,1.0,3.1,536.0,1.6,177.0,1.6
2010-03-12,1850.0,0.0,5.6,511.0,0.0,146.0,0.0
2010-03-13,1860.0,0.0,9.6,683.0,0.0,121.0,0.0
2010-03-14,1990.0,0.0,7.7,883.0,0.2,103.0,0.2
2010-03-15,1970.0,0.0,8.5,689.0,0.0,80.8,0.0
2010-03-16,1760.0,0.0,9.6,758.0,0.0,56.7,0.0
2010-03-17,2310.0,0.0,10.9,1140.0,0.0,41.6,0.0
2010-03-18,3320.0,0.0,13.6,1490.0,0.0,32.8,0.0
2010-03-19,3810.0,0.3,13.9,1560.0,0.7,27.6,0.7
2010-03-20,3470.0,0.0,9.3,1370.0,0.0,25.2,0.0
2010-03-21,2510.0,0.0,9.6,979.0,0.0,24.3,0.0
2010-03-22,2210.0,0.0,14.7,1080.0,0.0,24.0,0.0
2010-03-23,2700.0,0.8,13.9,1310.0,0.1,23.6,0.1
2010-03-24,2490.0,0.0,10.1,953.0,0.0,23.6,0.0
2010-03-25,2020.0,0.0,12.1,798.0,0.0,23.5,0.0
2010-03-26,2010.0,0.3,11.5,793.0,0.1,23.7,0.1
2010-03-27,1980.0,0.0,10.2,653.0,0.0,23.3,0.0
2010-03-28,1650.0,0.0,9.7,454.0,0.0,23.6,0.0
2010-03-29,1480.0,0.0,13.2,453.0,0.0,23.9,0.0
2010-03-30,1660.0,0.0,17.2,536.0,0.0,23.9,0.0
2010-03-31,2180.0,0.0,15.2,792.0,0.3,24.1,0.3
2010-04-01,2220.0,0.5,11.8,513.0,0.8,24.0,0.8
2010-04-02,1880.0,0.2,10.1,328.0,0.2,24.3,0.2
2010-04-03,1280.0,0.0,12.0,202.0,0.0,24.5,0.0
2010-04-04,1070.0,0.0,14.2,189.0,0.0,24.2,0.0
2010-04-05,1260.0,0.0,14.0,252.0,0.0,24.1,0.0
2010-04-06,1550.0,0.0,11.9,275.0,0.0,23.2,0.0
2010-04-07,1410.0,0.0,9.7,218.0,0.0,23.2,0.0
2010-04-08,1030.0,0.0,11.9,141.0,0.0,23.3,0.0
2010-04-09,864.0,0.0,16.7,109.0,0.0,23.6,0.0
2010-04-10,928.0,0.0,17.6,96.9,0.0,24.5,0.0
2010-04-11,909.0,0.0,18.2,94.5,0.0,24.5,0.0
2010-04-12,860.0,0.0,15.3,87.9,0.0,24.6,0.0
2010-04-13,803.0,0.0,12.8,82.9,0.2,24.8,0.2
2010-04-14,707.0,0.0,14.3,81.3,0.0,24.8,0.0
2010-04-15,582.0,0.0,17.0,79.8,0.0,24.2,0.0
2010-04-16,534.0,0.0,19.7,79.5,0.0,24.6,0.0
2010-04-17,505.0,0.0,18.9,78.7,0.0,25.2,0.0
2010-04-18,434.0,0.0,20.3,77.7,0.0,25.5,0.0
2010-04-19,404.0,0.4,19.6,77.3,0.0,25.5,0.0
2010-04-20,379.0,0.0,18.9,76.6,0.0,26.0,0.0
2010-04-21,342.0,5.3,15.2,76.2,10.8,26.0,10.8
2010-04-22,323.0,0.4,7.8,76.0,0.7,25.0,0.7
2010-04-23,344.0,1.1,8.6,75.5,1.9,23.2,1.9
2010-04-24,321.0,0.0,14.0,75.2,0.0,22.8,0.0
2010-04-25,285.0,0.0,17.5,75.2,0.0,21.6,0.0
2010-04-26,247.0,0.0,19.3,74.4,0.0,21.9,0.0
2010-04-27,210.0,0.0,20.2,73.8,0.0,23.2,0.0
2010-04-28,195.0,0.0,19.9,72.8,0.0,23.0,0.0
2010-04-29,184.0,0.9,14.8,70.9,1.5,22.3,1.5
2010-04-30,179.0,0.3,9.8,69.6,0.6,22.7,0.6
2010-05-01,183.0,0.0,12.7,68.7,0.0,23.1,0.0
2010-05-02,180.0,0.2,13.5,68.1,0.7,22.1,0.7
2010-05-03,171.0,0.0,13.3,67.6,0.0,21.9,0.0
2010-05-04,146.0,0.0,19.0,67.1,0.0,21.8,0.0
2010-05-05,139.0,0.0,21.9,66.7,0.0,21.6,0.0
2010-05-06,133.0,0.0,20.8,66.5,0.0,20.7,0.0
2010-05-07,135.0,0.0,19.7,65.7,0.0,20.1,0.0
2010-05-08,131.0,0.0,23.2,65.2,0.0,20.0,0.0
2010-05-09,123.0,0.0,22.4,64.6,0.0,20.3,0.0
2010-05-10,119.0,0.0,17.7,64.5,0.0,21.5,0.0
2010-05-11,117.0,0.0,16.0,64.8,0.0,21.8,0.0
2010-05-12,123.0,0.3,14.7,65.7,0.1,22.0,0.1
2010-05-13,121.0,0.0,17.1,66.4,0.0,22.2,0.0
2010-05-14,119.0,0.0,18.6,65.8,0.0,21.9,0.0
2010-05-15,121.0,0.0,20.4,65.1,0.0,21.9,0.0
2010-05-16,116.0,0.0,21.7,64.1,0.0,22.0,0.0
2010-05-17,113.0,0.0,23.0,63.4,0.0,21.9,0.0
2010-05-18,108.0,0.0,20.6,63.3,0.0,21.9,0.0
2010-05-19,104.0,0.0,20.7,62.9,0.0,21.8,0.0
2010-05-20,96.3,0.0,23.4,62.7,0.0,21.5,0.0
2010-05-21,96.9,0.0,24.9,62.0,0.0,21.4,0.0
2010-05-22,90.6,0.0,22.1,62.0,0.0,21.0,0.0
2010-05-23,92.3,0.0,18.3,62.2,0.0,21.0,0.0
2010-05-24,96.5,0.0,13.7,62.8,0.0,21.6,0.0
2010-05-25,102.0,0.0,18.2,63.2,0.0,21.7,0.0
2010-05-26,94.2,0.0,21.2,63.8,0.0,21.4,0.0
2010-05-27,88.2,0.0,23.2,63.4,0.0,21.3,0.0
2010-05-28,90.9,0.0,24.0,63.0,0.0,21.1,0.0
2010-05-29,85.7,0.0,22.8,62.7,0.0,21.2,0.0
2010-05-30,82.9,0.0,23.5,63.5,0.0,21.2,0.0
2010-05-31,81.3,0.0,25.0,63.4,0.0,20.9,0.0
2010-06-01,77.5,0.0,24.8,63.2,0.0,20.6,0.0
2010-06-02,73.0,0.0,24.4,63.3,0.0,20.3,0.0
2010-06-03,69.8,0.0,25.7,63.2,0.0,20.3,0.0
2010-06-04,70.3,0.0,27.2,62.8,0.0,20.3,0.0
2010-06-05,68.1,0.0,29.2,62.3,0.0,21.2,0.0
2010-06-06,67.6,0.0,31.3,62.5,0.0,20.2,0.0
2010-06-07,66.8,0.0,31.3,63.1,0.0,19.7,0.0
2010-06-08,66.4,0.0,30.0,62.0,0.0,19.7,0.0
2010-06-09,65.4,0.0,29.3,61.8,0.0,19.7,0.0
2010-06-10,65.4,0.0,26.9,61.3,0.0,19.3,0.0
2010-06-11,66.4,0.0,24.4,61.6,0.0,19.5,0.0
2010-06-12,65.3,3.0,19.7,62.7,3.0,20.1,3.0
2010-06-13,68.9,2.5,18.6,63.5,2.7,20.6,2.7
2010-06-14,69.0,0.0,22.6,64.0,0.0,20.0,0.0
2010-06-15,68.7,0.0,25.1,63.9,0.0,19.7,0.0
2010-06-16,68.4,0.0,27.1,62.9,0.0,19.7,0.0
2010-06-17,65.1,0.0,27.0,62.4,0.0,19.4,0.0
2010-06-18,65.0,0.0,27.9,62.6,0.0,19.1,0.0
2010-06-19,63.9,0.0,27.6,63.1,0.0,19.2,0.0
2010-06-20,63.9,0.0,27.7,63.1,0.0,19.3,0.0
2010-06-21,64.4,0.0,27.6,62.8,0.0,19.3,0.0
2010-06-22,64.4,0.0,27.3,62.9,0.0,19.4,0.0
2010-06-23,63.5,0.0,28.6,62.8,0.0,19.5,0.0
2010-06-24,63.0,0.0,31.0,63.1,0.0,19.5,0.0
2010-06-25,62.0,0.0,31.0,63.6,0.0,19.2,0.0
2010-06-26,61.5,0.0,29.9,63.5,0.0,19.3,0.0
2010-06-27,62.6,0.0,28.2,62.0,0.0,19.5,0.0
2010-06-28,62.6,0.0,30.0,63.2,0.0,19.7,0.0
2010-06-29,62.6,0.0,30.3,62.9,0.0,20.3,0.0
2010-06-30,62.6,0.6,29.1,62.3,0.0,20.1,0.0
2010-07-01,62.6,0.0,30.7,62.3,0.0,20.0,0.0
2010-07-02,63.6,0.0,31.6,61.7,0.0,20.0,0.0
2010-07-03,63.9,0.0,30.0,60.6,0.0,19.8,0.0
2010-07-04,63.9,0.0,27.2,60.6,0.0,19.7,0.0
2010-07-05,63.6,0.0,28.4,60.5,0.0,20.3,0.0
2010-07-06,63.1,0.0,29.4,60.5,0.0,20.1,0.0
2010-07-07,63.2,0.0,29.0,60.8,0.0,20.4,0.0
2010-07-08,63.9,0.0,29.5,60.6,0.0,19.9,0.0
2010-07-09,63.8,0.0,31.3,60.5,0.0,19.6,0.0
2010-07-10,62.6,0.0,31.5,62.3,0.0,19.1,0.0
2010-07-11,62.6,0.4,31.9,61.7,0.0,19.1,0.0
2010-07-12,63.3,0.8,30.4,61.3,0.0,19.5,0.0
2010-07-13,64.8,0.0,31.3,61.8,0.0,19.2,0.0
2010-07-14,66.1,0.0,31.6,60.9,0.0,18.7,0.0
2010-07-15,72.6,0.2,32.8,60.7,0.0,17.6,0.0
2010-07-16,74.1,0.7,32.9,61.7,0.4,17.8,0.4
2010-07-17,80.5,0.8,31.3,62.5,0.5,17.9,0.5
2010-07-18,92.4,0.9,32.3,61.2,0.5,17.7,0.5
2010-07-19,98.0,1.7,32.1,61.1,0.0,17.8,0.0
2010-07-20,102.0,3.8,31.5,61.1,2.1,18.5,2.1
2010-07-21,95.8,0.8,31.4,62.0,2.6,18.7,2.6
2010-07-22,110.0,10.2,29.1,62.4,1.1,19.1,1.1
2010-07-23,119.0,16.1,23.3,65.2,12.6,20.4,12.6
2010-07-24,135.0,0.0,24.8,66.0,2.2,19.9,2.2
2010-07-25,136.0,0.1,26.9,64.4,1.0,19.2,1.0
2010-07-26,141.0,0.0,27.7,63.5,0.3,19.2,0.3
2010-07-27,173.0,0.0,28.0,64.0,0.0,19.3,0.0
2010-07-28,163.0,3.6,27.2,63.5,0.3,19.5,0.3
2010-07-29,155.0,6.5,25.8,63.4,3.1,20.0,3.1
2010-07-30,152.0,10.4,25.8,246.0,0.9,20.1,0.9
2010-07-31,374.0,9.2,23.5,229.0,9.8,21.1,9.8
2010-08-01,748.0,20.4,21.1,3810.0,15.6,23.1,15.6
2010-08-02,3490.0,0.4,22.0,747.0,4.1,85.7,4.1
2010-08-03,994.0,2.0,25.0,389.0,0.0,319.0,0.0
2010-08-04,668.0,0.0,26.8,238.0,0.1,82.4,0.1
2010-08-05,488.0,0.0,27.0,134.0,0.0,38.8,0.0
2010-08-06,357.0,0.0,27.9,98.5,0.0,26.4,0.0
2010-08-07,292.0,2.8,25.4,99.8,4.3,25.1,4.3
2010-08-08,295.0,0.3,23.4,364.0,0.2,22.8,0.2
2010-08-09,404.0,0.0,25.6,160.0,0.0,21.2,0.0
2010-08-10,344.0,0.0,26.2,101.0,0.0,20.6,0.0
2010-08-11,258.0,0.0,28.1,79.7,0.0,20.3,0.0
2010-08-12,212.0,0.0,29.8,75.5,0.0,20.1,0.0
2010-08-13,169.0,0.0,29.9,75.1,0.0,19.7,0.0
2010-08-14,142.0,0.0,30.3,74.3,0.0,19.9,0.0
2010-08-15,132.0,0.0,30.7,73.4,0.0,20.0,0.0
2010-08-16,127.0,0.0,30.5,72.6,0.2,20.0,0.2
2010-08-17,121.0,2.4,28.8,73.0,0.6,20.2,0.6
2010-08-18,126.0,2.1,27.4,71.1,3.4,20.3,3.4
2010-08-19,122.0,0.0,28.2,69.9,0.0,20.4,0.0
2010-08-20,113.0,0.0,29.9,68.4,0.0,19.7,0.0
2010-08-21,101.0,0.0,29.5,67.2,0.0,19.5,0.0
2010-08-22,97.9,0.0,29.3,67.3,0.5,19.8,0.5
2010-08-23,98.0,1.7,28.6,67.2,0.6,19.5,0.6
2010-08-24,97.1,2.4,28.8,66.3,0.0,19.5,0.0
2010-08-25,93.6,0.0,28.8,65.2,0.0,19.3,0.0
2010-08-26,88.9,0.0,28.3,65.2,0.0,19.2,0.0
2010-08-27,86.4,0.1,27.7,66.0,0.1,19.7,0.1
2010-08-28,82.6,14.0,23.7,76.8,5.6,21.8,5.6
2010-08-29,96.0,18.2,20.8,71.2,19.3,20.0,19.3
2010-08-30,102.0,1.3,21.0,66.2,2.7,19.5,2.7
2010-08-31,95.4,0.0,23.0,64.5,0.0,19.5,0.0
2010-09-01,90.7,0.0,24.3,64.1,0.0,19.8,0.0
2010-09-02,91.7,0.0,26.4,64.0,0.0,19.8,0.0
2010-09-03,86.6,0.0,27.7,63.7,0.0,19.6,0.0
2010-09-04,81.3,0.0,29.1,63.7,0.0,19.6,0.0
2010-09-05,80.7,0.0,29.1,63.8,0.0,19.5,0.0
2010-09-06,77.6,0.0,28.1,63.6,0.0,19.5,0.0
2010-09-07,83.6,0.3,27.2,68.2,0.0,20.4,0.0
2010-09-08,87.3,0.0,26.1,68.0,0.0,20.1,0.0
2010-09-09,92.7,0.0,21.9,64.5,0.0,19.8,0.0
2010-09-10,86.6,0.0,22.4,63.4,0.0,19.9,0.0
2010-09-11,81.6,0.0,23.5,64.1,0.0,20.1,0.0
2010-09-12,77.2,0.0,25.3,64.6,0.0,20.1,0.0
2010-09-13,76.1,0.0,26.2,64.3,0.0,20.1,0.0
2010-09-14,79.7,0.0,27.3,63.3,0.0,19.7,0.0
2010-09-15,84.8,0.0,27.6,63.1,0.0,19.8,0.0
2010-09-16,76.8,0.0,27.3,62.6,0.0,19.8,0.0
2010-09-17,73.0,0.0,27.4,62.1,0.0,19.9,0.0
2010-09-18,71.7,0.0,28.1,61.9,0.0,19.8,0.0
2010-09-19,71.4,0.2,27.8,61.7,0.0,20.0,0.0
2010-09-20,71.8,0.0,28.4,62.0,0.0,19.9,0.0
2010-09-21,72.6,0.4,27.5,61.8,0.0,20.0,0.0
2010-09-22,78.4,6.9,23.0,62.2,9.6,20.1,9.6
2010-09-23,82.0,3.7,20.8,61.7,6.0,20.6,6.0
2010-09-24,92.2,0.0,22.2,61.2,0.0,20.6,0.0
2010-09-25,97.0,0.0,23.3,61.1,0.0,20.5,0.0
2010-09-26,89.8,0.0,24.9,61.2,0.0,20.6,0.0
2010-09-27,86.0,0.0,27.1,62.1,0.0,20.7,0.0
2010-09-28,86.6,0.0,27.8,62.0,0.0,20.6,0.0
2010-09-29,77.7,0.0,27.3,62.0,0.0,20.6,0.0
2010-09-30,83.4,0.0,27.7,61.9,0.0,20.8,0.0
2010-10-01,78.0,0.0,27.6,62.1,0.0,20.8,0.0
2010-10-02,75.1,0.1,26.4,63.0,0.0,21.0,0.0
2010-10-03,83.0,0.2,25.6,69.4,0.0,21.7,0.0
2010-10-04,90.9,0.2,23.7,74.8,0.0,21.9,0.0
2010-10-05,136.0,22.0,18.9,176.0,17.5,26.2,17.5
2010-10-06,274.0,53.8,15.0,1470.0,38.2,21.8,38.2
2010-10-07,1910.0,0.2,16.7,555.0,0.3,69.9,0.3
2010-10-08,659.0,0.0,16.4,196.0,0.0,58.0,0.0
2010-10-09,385.0,0.0,17.3,115.0,0.0,39.3,0.0
2010-10-10,294.0,0.0,17.6,90.4,0.0,29.0,0.0
2010-10-11,243.0,0.0,18.0,78.3,0.0,24.9,0.0
2010-10-12,212.0,0.0,19.5,72.7,0.0,23.8,0.0
2010-10-13,192.0,0.0,19.2,68.6,0.0,23.3,0.0
2010-10-14,178.0,0.0,20.4,66.4,0.0,23.3,0.0
2010-10-15,164.0,0.0,21.0,64.1,0.0,23.8,0.0
2010-10-16,164.0,0.0,20.6,62.4,0.0,24.1,0.0
2010-10-17,156.0,0.8,20.1,62.3,0.0,23.8,0.0
2010-10-18,152.0,2.7,17.8,64.0,2.0,23.3,2.0
2010-10-19,154.0,0.0,17.9,64.0,0.0,22.7,0.0
2010-10-20,154.0,1.4,16.2,63.5,1.2,22.3,1.2
2010-10-21,182.0,3.9,12.6,64.7,1.8,22.3,1.8
2010-10-22,245.0,3.2,12.6,64.9,1.1,22.9,1.1
2010-10-23,199.0,1.6,13.0,67.6,1.7,23.3,1.7
2010-10-24,184.0,0.0,14.2,64.9,0.0,23.0,0.0
2010-10-25,182.0,0.1,13.2,65.3,0.4,23.1,0.4
2010-10-26,176.0,0.0,13.3,64.5,0.0,23.0,0.0
2010-10-27,167.0,0.0,12.5,63.6,0.0,22.6,0.0
2010-10-28,162.0,0.0,11.6,63.5,0.0,23.6,0.0
2010-10-29,159.0,0.0,17.5,63.5,0.0,23.9,0.0
2010-10-30,152.0,0.0,18.1,63.2,0.0,23.4,0.0
2010-10-31,154.0,0.0,14.5,62.6,0.0,23.3,0.0
2010-11-01,152.0,0.0,14.1,63.5,0.0,23.6,0.0
2010-11-02,149.0,0.0,14.1,64.2,0.0,23.7,0.0
2010-11-03,146.0,0.0,16.8,64.6,0.0,23.8,0.0
2010-11-04,144.0,0.0,17.5,64.7,0.0,23.6,0.0
2010-11-05,138.0,0.0,17.5,64.9,0.0,23.8,0.0
2010-11-06,142.0,0.0,17.5,64.9,0.0,23.6,0.0
2010-11-07,148.0,0.0,17.1,64.9,0.0,23.3,0.0
2010-11-08,144.0,0.0,15.0,66.0,0.0,22.9,0.0
2010-11-09,148.0,0.1,10.3,66.1,0.8,22.8,0.8
2010-11-10,155.0,0.0,9.3,66.1,0.0,23.0,0.0
2010-11-11,158.0,0.1,9.2,66.3,0.0,23.0,0.0
2010-11-12,161.0,0.0,7.4,66.7,0.0,23.0,0.0
2010-11-13,167.0,0.0,8.3,67.3,0.0,23.1,0.0
2010-11-14,163.0,0.0,10.0,68.6,0.0,23.1,0.0
2010-11-15,162.0,0.0,10.7,69.2,0.0,22.9,0.0
2010-11-16,163.0,0.0,11.1,69.5,0.0,23.0,0.0
2010-11-17,165.0,0.0,11.3,69.3,0.0,23.5,0.0
2010-11-18,162.0,0.0,11.8,69.3,0.0,23.7,0.0
2010-11-19,161.0,0.0,13.6,69.6,0.0,23.8,0.0
2010-11-20,160.0,0.0,11.8,69.5,0.0,22.7,0.0
2010-11-21,171.0,18.2,9.2,71.2,13.3,23.9,13.3
2010-11-22,178.0,0.6,6.9,71.4,1.2,25.0,1.2
2010-11-23,208.0,0.0,5.7,70.8,0.0,25.3,0.0
2010-11-24,197.0,0.0,5.1,70.8,0.0,25.9,0.0
2010-11-25,184.0,1.0,4.3,70.3,1.4,25.9,1.4
2010-11-26,179.0,0.0,2.0,70.0,0.0,25.9,0.0
2010-11-27,177.0,0.0,5.2,70.7,0.0,25.7,0.0
2010-11-28,167.0,0.1,4.1,71.8,0.9,25.1,0.9
2010-11-29,168.0,0.0,2.2,71.2,0.0,24.9,0.0
2010-11-30,169.0,0.0,2.1,70.7,0.0,24.6,0.0
2010-12-01,174.0,0.0,5.4,71.2,0.0,24.8,0.0
2010-12-02,184.0,0.0,9.7,71.6,0.0,24.7,0.0
2010-12-03,184.0,0.0,12.0,71.8,0.0,23.9,0.0
2010-12-04,187.0,0.0,11.6,71.6,0.0,23.9,0.0
2010-12-05,188.0,0.0,12.1,71.4,0.0,24.0,0.0
2010-12-06,189.0,0.0,12.9,71.1,0.0,23.7,0.0
2010-12-07,190.0,0.0,10.0,71.0,0.0,23.7,0.0
2010-12-08,193.0,0.0,7.9,70.5,0.0,23.6,0.0
2010-12-09,196.0,0.0,12.2,70.6,0.0,23.8,0.0
2010-12-10,193.0,0.0,11.6,70.8,0.0,24.0,0.0
2010-12-11,195.0,0.0,12.1,70.8,0.0,24.1,0.0
2010-12-12,194.0,0.0,10.6,70.6,0.0,24.0,0.0
2010-12-13,192.0,0.0,11.5,70.7,0.0,24.2,0.0
2010-12-14,192.0,0.0,14.0,70.7,0.0,23.9,0.0
2010-12-15,193.0,0.0,11.0,71.4,0.0,24.1,0.0
2010-12-16,201.0,12.6,9.0,75.2,14.9,24.9,14.9
2010-12-17,220.0,4.3,7.2,74.6,4.6,24.8,4.6
2010-12-18,236.0,1.4,7.5,74.9,4.1,25.4,4.1
2010-12-19,228.0,0.0,9.4,73.8,0.6,25.1,0.6
2010-12-20,269.0,0.0,9.5,72.4,0.0,25.1,0.0
2010-12-21,285.0,2.4,9.9,72.8,4.0,25.0,4.0
2010-12-22,263.0,3.6,10.6,363.0,3.9,25.8,3.9
2010-12-23,1910.0,16.0,8.4,1440.0,20.9,27.7,20.9
2010-12-24,3070.0,0.0,6.8,856.0,0.0,25.4,0.0
2010-12-25,1410.0,0.0,6.9,419.0,0.0,25.1,0.0
2010-12-26,878.0,0.0,8.7,246.0,0.0,25.1,0.0
2010-12-27,621.0,0.0,7.1,183.0,0.0,24.9,0.0
2010-12-28,485.0,0.0,4.9,134.0,0.0,24.4,0.0
2010-12-29,399.0,7.1,4.8,110.0,8.9,24.6,8.9
2010-12-30,367.0,23.4,0.3,105.0,19.7,24.9,19.7
2010-12-31,350.0,0.0,-6.5,96.8,0.0,24.2,0.0
2011-01-01,304.0,0.0,-8.5,87.0,0.0,24.5,0.0
2011-01-02,273.0,0.0,-3.3,83.8,0.0,25.3,0.0
2011-01-03,258.0,1.3,1.5,82.1,0.4,25.3,0.4
2011-01-04,246.0,0.0,1.3,80.8,0.0,24.7,0.0
2011-01-05,236.0,0.0,-0.2,80.5,0.0,24.3,0.0
2011-01-06,230.0,0.0,0.8,80.3,0.0,24.1,0.0
2011-01-07,225.0,0.0,2.4,80.6,0.0,24.4,0.0
2011-01-08,224.0,0.7,3.3,80.6,0.5,24.0,0.5
2011-01-09,224.0,0.0,4.0,80.9,0.0,24.2,0.0
2011-01-10,226.0,0.0,4.0,81.7,0.0,23.9,0.0
2011-01-11,228.0,0.0,-0.1,81.7,0.0,23.7,0.0
2011-01-12,227.0,0.0,3.8,81.2,0.0,23.8,0.0
2011-01-13,224.0,0.0,3.4,81.1,0.0,24.1,0.0
2011-01-14,222.0,0.0,5.1,80.7,0.0,23.7,0.0
2011-01-15,238.0,0.0,5.5,81.7,0.0,23.8,0.0
2011-01-16,281.0,0.0,7.2,86.2,0.0,24.2,0.0
2011-01-17,340.0,0.0,10.0,139.0,0.0,24.5,0.0
2011-01-18,492.0,0.0,10.4,735.0,0.0,24.0,0.0
2011-01-19,968.0,0.0,11.5,516.0,0.0,23.6,0.0
2011-01-20,805.0,0.0,6.6,354.0,0.0,23.8,0.0
2011-01-21,638.0,0.0,5.5,211.0,0.0,24.4,0.0
2011-01-22,477.0,0.0,7.9,145.0,0.0,24.7,0.0
2011-01-23,390.0,0.0,6.8,124.0,0.0,24.3,0.0
2011-01-24,346.0,0.0,6.0,112.0,0.0,24.5,0.0
2011-01-25,322.0,0.0,5.8,94.6,0.0,24.7,0.0
2011-01-26,292.0,0.0,6.4,82.4,0.0,24.2,0.0
2011-01-27,266.0,0.0,6.1,77.2,0.0,24.0,0.0
2011-01-28,248.0,0.0,7.5,75.1,0.0,24.4,0.0
2011-01-29,236.0,0.0,10.5,74.3,0.0,24.4,0.0
2011-01-30,228.0,0.0,9.5,73.2,0.0,23.5,0.0
2011-01-31,223.0,1.3,8.0,73.0,0.1,23.8,0.1
2011-02-01,218.0,0.0,4.5,72.8,0.0,23.2,0.0
2011-02-02,211.0,0.0,-3.4,72.0,0.0,22.9,0.0
2011-02-03,207.0,0.0,-2.9,71.7,0.0,22.7,0.0
2011-02-04,208.0,0.0,3.5,72.3,0.0,22.8,0.0
2011-02-05,210.0,0.0,5.8,73.0,0.0,22.7,0.0
2011-02-06,209.0,0.0,7.2,72.4,0.0,22.6,0.0
2011-02-07,211.0,0.0,6.8,72.3,0.0,22.7,0.0
2011-02-08,208.0,0.0,8.0,72.9,0.0,22.7,0.0
2011-02-09,203.0,0.0,3.6,71.9,0.0,22.6,0.0
2011-02-10,200.0,0.0,1.7,72.0,0.0,22.1,0.0
2011-02-11,203.0,0.0,3.7,72.0,0.0,22.0,0.0
2011-02-12,202.0,0.0,6.5,72.0,0.0,22.1,0.0
2011-02-13,199.0,0.0,10.0,72.2,0.0,22.3,0.0
2011-02-14,201.0,0.0,13.5,72.2,0.0,22.4,0.0
2011-02-15,201.0,0.0,11.9,72.3,0.0,22.3,0.0
2011-02-16,200.0,0.0,12.0,72.8,0.0,22.5,0.0
2011-02-17,201.0,0.0,11.1,72.7,0.0,21.9,0.0
2011-02-18,194.0,0.0,10.3,72.6,0.0,22.6,0.0
2011-02-19,210.0,20.3,8.3,76.7,20.7,25.1,20.7
2011-02-20,655.0,9.1,3.4,77.3,12.7,24.9,12.7
2011-02-21,842.0,0.3,1.1,75.5,0.5,24.3,0.5
2011-02-22,631.0,0.0,4.0,73.9,0.0,24.2,0.0
2011-02-23,671.0,0.3,4.6,73.4,0.2,24.4,0.2
2011-02-24,634.0,0.5,5.9,75.4,0.3,25.1,0.3
2011-02-25,589.0,0.0,6.4,87.0,0.0,26.0,0.0
2011-02-26,619.0,0.0,6.8,105.0,0.0,26.7,0.0
2011-02-27,574.0,20.0,3.4,125.0,23.5,27.9,23.5
2011-02-28,474.0,0.0,-0.1,104.0,0.0,27.1,0.0
2011-03-01,500.0,0.0,5.7,86.5,0.0,26.8,0.0
2011-03-02,959.0,0.0,9.5,105.0,0.0,26.2,0.0
2011-03-03,1070.0,0.0,11.9,361.0,0.0,24.7,0.0
2011-03-04,1760.0,0.0,10.2,827.0,0.0,24.1,0.0
2011-03-05,1850.0,0.0,7.3,554.0,0.0,23.8,0.0
2011-03-06,1290.0,0.0,12.5,367.0,0.0,24.6,0.0
2011-03-07,1060.0,2.2,10.8,306.0,5.4,24.0,5.4
2011-03-08,1150.0,0.0,8.7,443.0,0.0,23.8,0.0
2011-03-09,1050.0,0.0,8.8,276.0,0.0,24.0,0.0
2011-03-10,776.0,0.0,11.9,200.0,0.0,24.6,0.0
2011-03-11,728.0,0.0,16.2,238.0,0.0,23.7,0.0
2011-03-12,827.0,0.0,16.3,235.0,0.0,23.7,0.0
2011-03-13,820.0,0.0,15.1,193.0,0.0,24.4,0.0
2011-03-14,739.0,0.0,15.5,162.0,0.0,25.3,0.0
2011-03-15,645.0,0.0,16.7,137.0,0.0,25.6,0.0
2011-03-16,587.0,0.0,17.8,116.0,0.0,24.7,0.0
2011-03-17,543.0,0.0,18.3,103.0,0.1,24.1,0.1
2011-03-18,485.0,0.0,17.1,94.7,0.0,23.9,0.0
2011-03-19,420.0,0.0,15.4,88.2,0.0,23.9,0.0
2011-03-20,356.0,0.0,13.8,84.5,0.0,23.9,0.0
2011-03-21,297.0,13.1,11.1,82.8,13.1,23.8,13.1
2011-03-22,281.0,5.6,5.8,81.6,6.7,22.6,6.7
2011-03-23,259.0,0.0,7.3,79.2,0.0,22.3,0.0
2011-03-24,233.0,0.0,9.9,77.7,0.0,22.3,0.0
2011-03-25,356.0,0.0,10.3,81.2,0.0,22.3,0.0
2011-03-26,443.0,0.0,11.1,101.0,0.0,22.2,0.0
2011-03-27,419.0,0.0,11.5,116.0,0.0,22.5,0.0
2011-03-28,368.0,0.0,13.2,101.0,0.0,22.9,0.0
2011-03-29,307.0,0.0,14.5,90.5,0.0,23.2,0.0
2011-03-30,260.0,0.0,15.9,82.3,0.0,23.3,0.0
2011-03-31,231.0,0.0,17.5,78.6,0.0,23.4,0.0
2011-04-01,202.0,0.0,19.3,76.3,0.0,23.2,0.0
2011-04-02,181.0,0.0,23.1,75.7,0.0,22.3,0.0
2011-04-03,169.0,0.0,18.6,75.3,0.0,22.1,0.0
2011-04-04,159.0,0.1,14.1,74.8,0.4,22.8,0.4
2011-04-05,141.0,0.0,16.9,74.4,0.0,23.5,0.0
2011-04-06,134.0,1.3,17.8,74.8,1.9,23.1,1.9
2011-04-07,131.0,6.4,14.6,74.8,4.7,22.1,4.7
2011-04-08,135.0,1.4,12.5,74.9,3.7,21.9,3.7
2011-04-09,150.0,14.4,6.6,78.9,16.3,23.0,16.3
2011-04-10,168.0,5.7,2.4,77.4,6.0,22.4,6.0
2011-04-11,174.0,0.0,6.6,76.3,0.0,22.4,0.0
2011-04-12,165.0,0.0,13.4,75.8,0.0,22.3,0.0
2011-04-13,232.0,0.0,14.8,75.0,0.0,21.8,0.0
2011-04-14,352.0,0.0,13.0,74.4,0.0,21.7,0.0
2011-04-15,300.0,0.0,12.5,83.5,0.0,22.3,0.0
2011-04-16,244.0,0.0,16.8,79.5,0.0,22.3,0.0
2011-04-17,214.0,0.0,21.1,76.1,0.0,22.0,0.0
2011-04-18,182.0,0.0,19.8,74.2,0.0,21.9,0.0
2011-04-19,157.0,0.0,18.9,73.6,0.0,21.6,0.0
2011-04-20,138.0,0.0,19.5,72.9,0.0,21.4,0.0
2011-04-21,132.0,0.0,20.0,72.6,0.0,20.9,0.0
2011-04-22,133.0,0.0,19.6,72.2,0.0,20.3,0.0
2011-04-23,128.0,0.1,19.0,72.2,0.5,19.9,0.5
2011-04-24,131.0,0.0,18.6,71.8,0.0,19.8,0.0
2011-04-25,133.0,0.0,18.2,71.2,0.0,19.3,0.0
2011-04-26,128.0,0.0,18.4,70.6,0.0,19.5,0.0
2011-04-27,127.0,0.0,14.9,70.3,0.0,20.5,0.0
2011-04-28,123.0,0.0,18.4,70.2,0.0,20.9,0.0
2011-04-29,112.0,0.0,19.7,70.2,0.0,22.1,0.0
2011-04-30,111.0,0.0,15.1,69.9,0.0,22.1,0.0
2011-05-01,110.0,0.0,13.0,70.3,0.0,22.1,0.0
2011-05-02,116.0,0.0,13.4,69.8,0.0,21.7,0.0
2011-05-03,116.0,0.0,16.3,70.0,0.0,21.8,0.0
2011-05-04,110.0,0.0,21.8,70.5,0.0,22.2,0.0
2011-05-05,107.0,0.0,22.4,69.7,0.0,22.1,0.0
2011-05-06,94.2,0.0,24.5,69.2,0.0,21.2,0.0
2011-05-07,92.6,0.0,24.6,68.5,0.0,21.5,0.0
2011-05-08,90.6,0.0,22.2,68.8,0.0,21.5,0.0
2011-05-09,94.8,0.9,17.9,69.7,2.6,22.1,2.6
2011-05-10,94.8,0.3,13.8,71.5,0.0,22.3,0.0
2011-05-11,102.0,0.0,16.1,71.8,0.1,22.5,0.1
2011-05-12,97.0,0.0,19.7,71.1,0.0,22.4,0.0
2011-05-13,91.1,0.0,22.3,70.5,0.0,22.3,0.0
2011-05-14,90.1,0.0,23.0,69.6,0.0,22.4,0.0
2011-05-15,86.3,0.0,21.8,69.1,0.0,22.3,0.0
2011-05-16,87.0,0.0,19.7,68.6,0.0,23.2,0.0
2011-05-17,83.6,0.0,17.6,68.7,0.0,23.3,0.0
2011-05-18,85.6,1.6,14.9,70.7,2.1,24.4,2.1
2011-05-19,90.1,2.6,12.1,72.5,2.5,24.9,2.5
2011-05-20,107.0,0.4,16.7,72.6,0.1,24.1,0.1
2011-05-21,123.0,0.0,19.5,71.1,0.0,23.5,0.0
2011-05-22,120.0,0.0,22.2,69.7,0.0,24.1,0.0
2011-05-23,114.0,0.0,20.7,68.9,0.0,23.7,0.0
2011-05-24,103.0,0.0,19.9,67.7,0.0,23.9,0.0
2011-05-25,91.1,0.0,21.9,67.0,0.0,24.1,0.0
2011-05-26,84.6,0.0,24.7,67.1,0.0,23.3,0.0
2011-05-27,82.2,0.0,25.0,67.1,0.0,21.9,0.0
2011-05-28,81.2,0.0,25.3,66.0,0.0,21.8,0.0
2011-05-29,80.8,0.0,22.9,65.6,0.0,22.0,0.0
2011-05-30,79.8,0.0,17.4,66.0,0.0,23.4,0.0
2011-05-31,79.8,0.0,21.0,65.5,0.0,23.9,0.0
2011-06-01,79.4,0.0,25.5,65.8,0.0,23.6,0.0
2011-06-02,78.8,0.0,23.4,66.3,0.0,22.0,0.0
2011-06-03,78.4,0.0,22.7,65.7,0.0,21.7,0.0
2011-06-04,78.4,0.0,24.4,65.6,0.0,21.7,0.0
2011-06-05,78.2,0.0,26.9,65.3,0.0,21.9,0.0
2011-06-06,77.7,0.0,25.6,64.8,0.0,21.7,0.0
2011-06-07,77.0,0.0,23.5,64.5,0.0,21.7,0.0
2011-06-08,77.0,0.0,24.0,64.9,0.0,21.4,0.0
2011-06-09,76.8,0.0,23.4,65.1,0.0,21.6,0.0
2011-06-10,76.6,0.0,26.0,64.8,0.0,21.6,0.0
2011-06-11,76.4,0.0,25.9,65.1,0.0,22.0,0.0
2011-06-12,76.2,0.0,25.9,65.3,0.0,22.3,0.0
2011-06-13,75.6,0.0,26.0,65.0,0.0,22.4,0.0
2011-06-14,75.1,0.0,27.2,65.0,0.0,22.3,0.0
2011-06-15,74.5,0.0,29.6,64.6,0.0,21.9,0.0
2011-06-16,74.2,0.0,28.6,64.0,0.0,21.0,0.0
2011-06-17,74.0,0.0,26.7,63.6,0.0,20.7,0.0
2011-06-18,72.9,0.0,27.3,63.3,0.0,21.1,0.0
2011-06-19,72.9,0.0,26.7,63.4,0.0,20.9,0.0
2011-06-20,72.9,0.0,24.7,63.2,0.0,20.9,0.0
2011-06-21,72.9,0.0,27.9,63.2,0.0,20.7,0.0
2011-06-22,72.9,0.0,30.6,63.1,0.0,20.5,0.0
2011-06-23,72.9,0.0,31.7,62.5,0.0,19.9,0.0
2011-06-24,71.6,0.0,31.1,62.1,0.0,20.0,0.0
2011-06-25,71.6,0.0,30.8,62.8,0.0,19.7,0.0
2011-06-26,71.6,0.0,31.3,62.5,0.0,19.5,0.0
2011-06-27,70.9,0.0,31.9,62.0,0.0,19.8,0.0
2011-06-28,70.2,0.0,33.0,62.2,0.0,19.8,0.0
2011-06-29,68.9,0.0,32.2,62.4,0.0,19.7,0.0
2011-06-30,68.9,0.0,29.5,62.4,0.0,19.8,0.0
2011-07-01,68.2,0.0,29.9,61.9,0.0,19.9,0.0
2011-07-02,67.9,0.0,31.8,61.9,0.0,19.7,0.0
2011-07-03,67.6,0.0,32.9,63.3,0.0,20.0,0.0
2011-07-04,67.6,0.2,30.3,67.0,0.8,20.2,0.8
2011-07-05,67.6,2.7,29.9,71.1,0.3,23.7,0.3
2011-07-06,67.6,5.1,28.7,76.0,1.5,20.1,1.5
2011-07-07,71.9,4.0,29.5,68.6,3.4,19.9,3.4
2011-07-08,81.3,2.3,29.4,67.8,0.0,20.2,0.0
2011-07-09,93.9,2.4,28.2,70.1,8.1,20.7,8.1
2011-07-10,131.0,0.8,27.5,77.1,0.5,20.4,0.5
2011-07-11,106.0,1.2,27.8,72.8,0.6,21.3,0.6
2011-07-12,118.0,0.0,27.5,74.1,0.0,20.6,0.0
2011-07-13,115.0,0.0,27.7,69.2,0.0,19.9,0.0
2011-07-14,107.0,0.0,26.7,66.7,0.0,20.3,0.0
2011-07-15,97.0,0.0,26.7,65.9,0.0,20.3,0.0
2011-07-16,84.4,0.0,27.8,65.2,0.0,20.2,0.0
2011-07-17,80.5,0.0,30.9,65.5,0.0,20.0,0.0
2011-07-18,74.5,0.0,31.3,65.7,0.0,19.8,0.0
2011-07-19,76.6,1.6,29.6,77.1,2.0,19.9,2.0
2011-07-20,70.6,0.0,30.2,73.4,0.3,19.5,0.3
2011-07-21,70.8,0.5,30.5,66.6,0.0,18.7,0.0
2011-07-22,70.0,0.0,30.8,64.0,0.0,18.6,0.0
2011-07-23,68.9,0.0,30.3,63.3,0.0,18.7,0.0
2011-07-24,69.4,1.7,30.5,63.5,0.0,18.5,0.0
2011-07-25,68.9,8.2,28.4,63.9,3.3,19.3,3.3
2011-07-26,79.9,11.0,26.5,65.2,0.6,19.2,0.6
2011-07-27,75.9,0.0,29.4,65.6,0.0,18.6,0.0
2011-07-28,73.6,0.0,30.3,64.2,0.0,18.4,0.0
2011-07-29,70.4,1.3,30.7,64.6,0.6,19.0,0.6
2011-07-30,68.4,0.0,28.8,66.1,0.1,19.3,0.1
2011-07-31,74.6,0.8,29.8,66.5,0.8,19.4,0.8
2011-08-01,80.2,0.4,29.0,67.2,0.0,19.4,0.0
2011-08-02,79.7,4.4,29.3,65.7,0.2,19.8,0.2
2011-08-03,101.0,3.2,30.4,65.4,1.7,18.7,1.7
2011-08-04,117.0,2.2,28.4,66.3,2.1,17.8,2.1
2011-08-05,125.0,0.1,29.8,65.2,0.0,18.5,0.0
2011-08-06,125.0,0.0,30.8,63.6,0.0,17.8,0.0
2011-08-07,102.0,0.0,30.6,63.1,0.0,17.9,0.0
2011-08-08,84.8,0.0,30.3,62.7,0.0,18.2,0.0
2011-08-09,79.3,0.0,30.5,62.7,0.6,18.3,0.6
2011-08-10,79.7,0.6,29.7,62.8,0.3,19.1,0.3
2011-08-11,77.7,0.0,28.9,62.9,0.0,19.5,0.0
2011-08-12,69.0,0.7,29.9,63.0,0.0,20.3,0.0
2011-08-13,63.4,2.2,28.5,63.0,0.6,21.4,0.6
2011-08-14,68.8,3.7,28.5,63.0,0.9,21.3,0.9
2011-08-15,86.2,0.3,28.8,63.5,0.0,21.0,0.0
2011-08-16,88.5,0.9,29.5,62.3,0.0,20.0,0.0
2011-08-17,89.3,0.0,30.7,62.0,0.0,18.6,0.0
2011-08-18,77.2,2.1,31.8,62.2,0.2,19.2,0.2
2011-08-19,66.8,0.0,28.3,75.6,0.0,19.4,0.0
2011-08-20,75.0,0.4,29.3,76.4,1.5,19.5,1.5
2011-08-21,109.0,0.0,30.0,66.8,0.0,18.8,0.0
2011-08-22,98.6,0.0,30.8,65.4,0.0,18.7,0.0
2011-08-23,83.6,0.0,32.0,62.5,0.0,17.9,0.0
2011-08-24,78.1,0.0,32.5,62.0,0.0,18.1,0.0
2011-08-25,69.3,0.0,31.7,63.0,0.0,18.2,0.0
2011-08-26,64.1,0.5,31.0,63.6,0.8,18.3,0.8
2011-08-27,67.8,0.2,31.1,63.9,0.0,17.8,0.0
2011-08-28,73.3,0.0,31.2,63.1,0.2,17.7,0.2
2011-08-29,69.4,0.0,32.0,62.4,0.0,17.7,0.0
2011-08-30,66.9,0.0,31.9,62.3,0.0,17.8,0.0
2011-08-31,64.4,0.0,31.7,61.6,0.0,17.7,0.0
2011-09-01,59.6,0.0,30.9,61.7,0.0,17.9,0.0
2011-09-02,59.0,0.0,29.6,61.9,0.0,18.5,0.0
2011-09-03,58.9,0.0,29.1,63.3,0.0,17.8,0.0
2011-09-04,58.9,0.0,30.1,63.1,0.0,17.8,0.0
2011-09-05,59.6,3.7,29.3,64.1,6.0,18.0,6.0
2011-09-06,62.6,6.4,25.2,65.2,7.4,19.0,7.4
2011-09-07,66.6,0.0,26.1,64.8,0.0,18.8,0.0
2011-09-08,74.8,2.0,26.3,63.9,0.4,18.2,0.4
2011-09-09,72.1,0.3,24.1,64.6,0.1,19.0,0.1
2011-09-10,70.7,2.9,22.4,65.4,2.8,19.2,2.8
2011-09-11,74.0,4.1,22.8,66.3,2.5,19.0,2.5
2011-09-12,119.0,9.5,22.5,74.7,8.8,19.6,8.8
2011-09-13,137.0,7.5,22.2,77.7,2.2,19.9,2.2
2011-09-14,137.0,11.0,19.9,72.7,8.7,19.7,8.7
2011-09-15,254.0,0.0,21.4,71.6,0.2,19.4,0.2
2011-09-16,293.0,0.0,21.9,69.8,0.0,19.9,0.0
2011-09-17,187.0,0.0,23.1,68.4,0.0,19.8,0.0
2011-09-18,161.0,0.0,22.9,67.6,0.0,20.0,0.0
2011-09-19,144.0,0.0,24.1,67.4,0.0,20.2,0.0
2011-09-20,134.0,0.0,25.6,67.2,0.0,20.4,0.0
2011-09-21,119.0,0.0,26.1,66.9,0.0,20.5,0.0
2011-09-22,110.0,0.0,26.1,66.7,0.0,20.5,0.0
2011-09-23,99.4,0.0,25.2,66.3,0.0,20.4,0.0
2011-09-24,90.2,0.0,25.7,65.4,0.0,20.0,0.0
2011-09-25,95.7,0.0,26.2,66.1,0.1,20.1,0.1
2011-09-26,91.2,0.0,25.1,66.9,0.0,19.5,0.0
2011-09-27,88.7,0.0,23.6,67.1,0.0,19.6,0.0
2011-09-28,84.5,0.0,26.0,67.4,0.0,21.1,0.0
2011-09-29,81.1,0.0,26.1,67.6,0.0,21.0,0.0
2011-09-30,84.3,0.3,26.4,68.0,0.5,20.9,0.5
2011-10-01,87.5,0.3,23.1,68.9,1.0,21.2,1.0
2011-10-02,96.8,0.5,23.6,69.1,0.0,20.8,0.0
2011-10-03,108.0,0.0,22.8,70.5,0.0,20.9,0.0
2011-10-04,111.0,0.0,22.0,72.3,0.0,20.9,0.0
2011-10-05,117.0,8.3,15.6,73.7,8.1,21.4,8.1
2011-10-06,132.0,5.8,14.6,67.7,7.3,21.4,7.3
2011-10-07,137.0,0.1,12.9,66.9,0.0,20.9,0.0
2011-10-08,143.0,0.0,12.6,66.5,0.0,20.7,0.0
2011-10-09,141.0,0.0,13.8,66.6,0.0,20.7,0.0
2011-10-10,131.0,0.0,15.7,66.5,0.0,20.8,0.0
2011-10-11,130.0,0.0,18.8,65.9,0.0,20.7,0.0
2011-10-12,123.0,0.0,19.1,65.5,0.0,20.4,0.0
2011-10-13,118.0,0.0,19.8,65.5,0.0,20.4,0.0
2011-10-14,110.0,0.0,21.8,65.2,0.0,21.1,0.0
2011-10-15,108.0,0.0,22.4,65.0,0.0,21.6,0.0
2011-10-16,102.0,0.0,23.8,64.9,0.0,21.8,0.0
2011-10-17,100.0,0.0,22.6,64.6,0.0,21.6,0.0
2011-10-18,101.0,0.0,19.4,64.7,0.0,22.0,0.0
2011-10-19,103.0,0.0,19.1,65.2,0.0,22.3,0.0
2011-10-20,107.0,0.0,21.2,65.3,0.0,22.0,0.0
2011-10-21,108.0,0.0,20.7,65.7,0.0,21.4,0.0
2011-10-22,114.0,0.0,19.5,65.8,0.0,20.9,0.0
2011-10-23,113.0,0.0,19.6,66.1,0.0,20.8,0.0
2011-10-24,118.0,0.0,20.9,66.1,0.0,20.7,0.0
2011-10-25,118.0,0.6,20.7,66.4,0.1,19.8,0.1
2011-10-26,112.0,15.8,16.1,69.1,15.5,19.7,15.5
2011-10-27,168.0,1.7,10.2,67.9,0.4,19.8,0.4
2011-10-28,184.0,0.0,11.9,67.7,0.0,19.6,0.0
2011-10-29,153.0,0.0,14.1,67.7,0.0,20.0,0.0
2011-10-30,146.0,0.0,15.6,67.7,0.0,20.4,0.0
2011-10-31,145.0,0.0,16.3,67.9,0.0,20.1,0.0
2011-11-01,144.0,0.0,17.7,67.8,0.0,20.6,0.0
2011-11-02,138.0,0.0,11.1,67.6,0.0,20.4,0.0
2011-11-03,134.0,0.0,9.4,68.2,0.0,21.4,0.0
2011-11-04,137.0,0.0,14.1,68.1,0.0,20.8,0.0
2011-11-05,166.0,17.2,8.5,72.0,16.7,21.6,16.7
2011-11-06,187.0,0.0,7.1,70.8,0.0,20.1,0.0
2011-11-07,205.0,13.1,5.4,74.0,14.7,21.3,14.7
2011-11-08,187.0,1.4,2.2,72.1,1.0,22.6,1.0
2011-11-09,191.0,0.0,3.9,70.8,0.0,22.6,0.0
2011-11-10,187.0,0.0,4.7,70.8,0.0,21.5,0.0
2011-11-11,186.0,0.0,7.9,70.8,0.0,21.3,0.0
2011-11-12,183.0,0.0,11.4,70.7,0.0,21.1,0.0
2011-11-13,186.0,1.3,10.5,72.1,0.7,21.2,0.7
2011-11-14,335.0,0.6,10.6,72.0,0.1,21.3,0.1
2011-11-15,384.0,0.0,10.3,71.1,0.0,21.8,0.0
2011-11-16,288.0,0.0,10.6,70.9,0.0,22.2,0.0
2011-11-17,232.0,0.0,10.8,70.8,0.0,22.1,0.0
2011-11-18,207.0,0.0,12.1,70.8,0.0,21.8,0.0
2011-11-19,192.0,0.0,9.5,70.8,0.0,21.9,0.0
2011-11-20,186.0,0.0,9.8,70.9,0.0,22.3,0.0
2011-11-21,185.0,0.1,10.0,70.8,0.1,22.6,0.1
2011-11-22,183.0,0.0,9.5,70.8,0.0,23.0,0.0
2011-11-23,180.0,0.0,10.3,70.8,0.0,24.0,0.0
2011-11-24,182.0,0.0,12.8,70.8,0.0,23.8,0.0
2011-11-25,183.0,2.0,11.3,71.2,0.5,23.5,0.5
2011-11-26,178.0,0.0,9.4,70.8,0.0,23.6,0.0
2011-11-27,175.0,0.0,8.1,70.8,0.0,24.1,0.0
2011-11-28,178.0,0.0,11.7,70.8,0.0,22.6,0.0
2011-11-29,179.0,0.0,12.5,71.3,0.0,22.8,0.0
2011-11-30,179.0,0.0,10.5,71.7,0.0,22.3,0.0
2011-12-01,186.0,5.7,7.4,74.0,6.0,22.3,6.0
2011-12-02,199.0,3.8,4.4,74.9,3.4,22.7,3.4
2011-12-03,202.0,9.9,1.9,75.4,11.6,23.6,11.6
2011-12-04,210.0,2.3,-0.8,75.3,0.6,22.7,0.6
2011-12-05,213.0,1.5,-1.3,74.5,0.0,22.4,0.0
2011-12-06,210.0,0.0,-2.6,73.4,0.0,22.4,0.0
2011-12-07,205.0,0.0,-0.3,73.0,0.0,22.4,0.0
2011-12-08,203.0,0.0,2.1,73.2,0.0,22.1,0.0
2011-12-09,202.0,0.0,2.0,73.8,0.0,22.1,0.0
2011-12-10,202.0,0.0,2.2,73.9,0.0,22.2,0.0
2011-12-11,202.0,0.0,3.9,74.1,0.0,22.2,0.0
2011-12-12,206.0,3.4,6.5,76.5,3.4,21.8,3.4
2011-12-13,228.0,12.9,5.0,78.5,14.7,21.5,14.7
2011-12-14,259.0,13.4,3.1,79.2,11.2,22.0,11.2
2011-12-15,281.0,0.0,1.0,77.3,0.0,21.5,0.0
2011-12-16,280.0,0.0,1.5,75.6,0.0,21.3,0.0
2011-12-17,244.0,0.0,2.3,75.2,0.0,21.1,0.0
2011-12-18,239.0,10.0,4.8,76.6,7.5,22.0,7.5
2011-12-19,281.0,0.9,3.2,77.2,2.9,22.1,2.9
2011-12-20,347.0,0.0,5.4,76.7,0.0,21.7,0.0
2011-12-21,321.0,0.0,4.2,75.6,0.0,21.7,0.0
2011-12-22,310.0,0.6,3.6,75.4,0.3,21.9,0.3
2011-12-23,276.0,0.0,1.6,75.2,0.0,21.7,0.0
2011-12-24,255.0,0.0,1.6,75.1,0.0,22.0,0.0
2011-12-25,235.0,0.0,2.2,75.1,0.0,21.8,0.0
2011-12-26,226.0,0.0,4.4,75.2,0.0,21.9,0.0
2011-12-27,223.0,0.0,5.6,75.2,0.0,22.3,0.0
2011-12-28,216.0,0.0,6.1,75.2,0.0,22.6,0.0
2011-12-29,214.0,0.0,8.9,75.5,0.0,22.6,0.0
2011-12-30,212.0,0.0,10.7,75.8,0.0,23.0,0.0
2011-12-31,210.0,0.0,11.8,75.8,0.0,23.0,0.0
2012-01-01,215.0,0.0,8.3,75.2,0.0,23.1,0.0
2012-01-02,268.0,0.0,7.8,75.2,0.0,22.4,0.0
2012-01-03,281.0,0.0,8.9,75.5,0.0,22.3,0.0
2012-01-04,280.0,0.0,9.4,75.5,0.0,22.2,0.0
2012-01-05,266.0,0.0,7.8,75.9,0.0,22.4,0.0
2012-01-06,253.0,0.0,10.7,76.2,0.0,22.6,0.0
2012-01-07,242.0,0.0,10.6,76.2,0.0,22.5,0.0
2012-01-08,230.0,0.0,6.2,76.2,0.0,22.4,0.0
2012-01-09,225.0,0.0,5.5,76.2,0.0,22.4,0.0
2012-01-10,219.0,0.0,7.1,76.2,0.0,23.1,0.0
2012-01-11,213.0,0.0,9.1,76.4,0.0,23.8,0.0
2012-01-12,214.0,0.0,5.5,76.2,0.0,23.8,0.0
2012-01-13,211.0,0.0,4.2,76.2,0.0,24.1,0.0
2012-01-14,211.0,0.0,6.5,76.2,0.0,23.8,0.0
2012-01-15,210.0,0.0,11.1,76.5,0.0,23.8,0.0
2012-01-16,213.0,2.8,7.4,77.3,3.1,24.0,3.1
2012-01-17,214.0,0.0,7.3,76.7,0.0,23.6,0.0
2012-01-18,214.0,0.0,6.8,76.3,0.0,24.3,0.0
2012-01-19,214.0,0.0,8.4,76.3,0.0,24.9,0.0
2012-01-20,211.0,0.0,9.0,76.7,0.0,24.9,0.0
2012-01-21,213.0,0.0,9.8,77.2,0.0,23.8,0.0
2012-01-22,212.0,0.3,5.9,76.9,1.0,23.0,1.0
2012-01-23,214.0,0.9,5.6,77.0,1.6,23.4,1.6
2012-01-24,214.0,2.7,4.6,77.3,2.6,22.8,2.6
2012-01-25,212.0,0.0,5.5,77.2,0.0,22.3,0.0
2012-01-26,210.0,0.0,8.2,76.9,0.0,22.8,0.0
2012-01-27,211.0,0.0,10.7,76.8,0.0,23.0,0.0
2012-01-28,211.0,0.0,5.6,76.5,0.0,22.5,0.0
2012-01-29,212.0,0.0,5.6,76.0,0.0,22.3,0.0
2012-01-30,216.0,0.0,9.2,76.0,0.0,22.0,0.0
2012-01-31,215.0,0.0,10.8,76.2,0.0,22.2,0.0
2012-02-01,214.0,0.0,9.5,76.2,0.0,22.2,0.0
2012-02-02,214.0,0.2,8.3,76.7,0.0,22.1,0.0
2012-02-03,211.0,0.0,5.4,76.5,0.0,21.8,0.0
2012-02-04,201.0,0.0,5.4,76.5,0.0,21.6,0.0
2012-02-05,209.0,0.0,6.6,76.4,0.0,21.1,0.0
2012-02-06,213.0,0.0,7.7,76.4,0.0,21.3,0.0
2012-02-07,211.0,0.0,6.9,76.2,0.0,22.2,0.0
2012-02-08,201.0,0.0,10.1,76.3,0.0,22.5,0.0
2012-02-09,200.0,0.0,11.8,76.1,0.0,22.9,0.0
2012-02-10,195.0,0.0,11.1,75.9,0.0,22.9,0.0
2012-02-11,199.0,0.0,12.8,75.9,0.0,22.6,0.0
2012-02-12,206.0,0.3,10.7,76.2,0.5,22.1,0.5
2012-02-13,211.0,0.7,8.5,76.2,0.8,22.2,0.8
2012-02-14,223.0,8.5,6.4,76.5,11.1,22.3,11.1
2012-02-15,228.0,0.2,3.5,76.2,0.7,22.2,0.7
2012-02-16,226.0,0.0,4.9,75.9,0.0,22.3,0.0
2012-02-17,225.0,0.0,6.4,75.5,0.0,22.8,0.0
2012-02-18,222.0,0.0,7.7,75.2,0.0,23.4,0.0
2012-02-19,219.0,0.8,8.2,75.7,0.1,22.9,0.1
2012-02-20,224.0,0.0,6.7,75.2,0.0,22.8,0.0
2012-02-21,225.0,0.0,8.6,75.2,0.0,23.0,0.0
2012-02-22,220.0,0.0,10.3,75.2,0.0,23.5,0.0
2012-02-23,209.0,0.0,12.6,75.2,0.0,24.4,0.0
2012-02-24,210.0,0.0,9.1,75.2,0.0,24.1,0.0
2012-02-25,206.0,0.0,11.4,75.1,0.0,24.9,0.0
2012-02-26,210.0,0.0,12.7,75.0,0.0,25.8,0.0
2012-02-27,211.0,0.3,11.6,74.6,0.0,26.1,0.0
2012-02-28,204.0,5.8,6.4,75.2,8.9,26.2,8.9
2012-02-29,209.0,0.0,5.0,74.6,0.0,26.3,0.0
2012-03-01,203.0,0.0,7.9,74.9,0.0,25.9,0.0
2012-03-02,190.0,0.0,6.7,74.4,0.0,25.1,0.0
2012-03-03,183.0,0.0,5.3,74.1,0.0,24.6,0.0
2012-03-04,198.0,0.0,8.5,74.3,0.0,24.5,0.0
2012-03-05,195.0,0.0,11.3,74.4,0.0,24.8,0.0
2012-03-06,199.0,0.0,15.6,74.1,0.0,24.8,0.0
2012-03-07,201.0,0.8,9.3,73.6,0.3,24.7,0.3
2012-03-08,200.0,0.0,6.8,72.5,0.0,25.2,0.0
2012-03-09,196.0,0.0,8.9,73.1,0.0,25.6,0.0
2012-03-10,194.0,0.0,9.2,73.4,0.0,26.1,0.0
2012-03-11,185.0,0.0,11.6,73.1,0.0,26.0,0.0
2012-03-12,192.0,0.0,13.3,72.9,0.0,26.2,0.0
2012-03-13,193.0,0.0,15.0,70.7,0.0,26.4,0.0
2012-03-14,192.0,0.0,14.9,70.3,0.0,26.9,0.0
2012-03-15,189.0,0.0,15.3,70.5,0.0,26.2,0.0
2012-03-16,183.0,0.0,16.6,70.7,0.0,26.2,0.0
2012-03-17,185.0,0.0,15.1,71.5,0.0,26.0,0.0
2012-03-18,202.0,33.7,7.1,79.3,35.0,30.1,35.0
2012-03-19,230.0,10.4,0.4,79.2,13.1,27.3,13.1
2012-03-20,248.0,1.1,1.0,76.8,0.0,26.9,0.0
2012-03-21,237.0,0.0,5.6,75.7,0.0,26.3,0.0
2012-03-22,228.0,0.0,9.6,74.6,0.0,26.3,0.0
2012-03-23,556.0,0.0,14.4,73.8,0.0,26.0,0.0
2012-03-24,1610.0,0.0,15.3,72.8,0.0,25.9,0.0
2012-03-25,1240.0,0.0,15.8,71.8,0.0,25.9,0.0
2012-03-26,808.0,0.0,12.7,71.3,0.0,26.0,0.0
2012-03-27,533.0,0.0,13.4,71.2,0.0,26.1,0.0
2012-03-28,375.0,0.0,15.7,71.1,0.0,25.6,0.0
2012-03-29,270.0,0.0,16.5,71.0,0.0,25.4,0.0
2012-03-30,217.0,0.0,17.6,70.9,0.0,25.4,0.0
2012-03-31,180.0,0.0,19.1,70.7,0.0,25.4,0.0
2012-04-01,150.0,0.0,15.0,70.9,0.0,25.5,0.0
2012-04-02,135.0,0.0,10.4,70.2,0.0,25.3,0.0
2012-04-03,128.0,0.0,12.5,70.2,0.0,24.4,0.0
2012-04-04,125.0,0.0,15.7,70.3,0.0,24.4,0.0
2012-04-05,128.0,0.0,17.4,70.4,0.0,24.4,0.0
2012-04-06,129.0,0.0,16.0,70.3,0.0,24.5,0.0
2012-04-07,130.0,0.0,14.9,70.1,0.0,24.6,0.0
2012-04-08,123.0,0.0,18.0,69.5,0.0,24.6,0.0
2012-04-09,122.0,0.0,20.8,69.2,0.0,24.2,0.0
2012-04-10,113.0,0.0,20.6,69.0,0.0,23.9,0.0
2012-04-11,115.0,0.4,16.3,69.5,1.0,23.8,1.0
2012-04-12,122.0,0.0,13.6,69.1,0.0,24.1,0.0
2012-04-13,126.0,0.0,13.8,68.8,0.0,23.3,0.0
2012-04-14,137.0,4.9,9.0,70.6,8.4,23.9,8.4
2012-04-15,158.0,0.5,8.1,70.8,1.0,23.1,1.0
2012-04-16,154.0,0.0,13.5,69.9,0.0,23.9,0.0
2012-04-17,146.0,0.0,16.3,69.0,0.0,24.5,0.0
2012-04-18,130.0,0.0,19.4,69.7,0.0,24.3,0.0
2012-04-19,123.0,0.0,21.4,69.2,0.0,24.0,0.0
2012-04-20,121.0,0.0,20.8,69.2,0.0,24.3,0.0
2012-04-21,111.0,0.0,22.5,68.9,0.0,24.3,0.0
2012-04-22,112.0,0.0,25.0,68.0,0.0,24.1,0.0
2012-04-23,110.0,0.0,25.3,67.7,0.0,23.6,0.0
2012-04-24,126.0,0.0,24.4,67.0,0.0,24.3,0.0
2012-04-25,119.0,0.0,23.3,67.1,0.0,25.1,0.0
2012-04-26,125.0,9.5,18.1,69.0,7.8,24.7,7.8
2012-04-27,135.0,0.0,16.1,69.2,0.0,23.9,0.0
2012-04-28,137.0,0.0,19.6,68.3,0.0,23.1,0.0
2012-04-29,125.0,0.0,20.4,67.3,0.0,22.9,0.0
2012-04-30,113.0,0.0,21.5,66.7,0.0,23.2,0.0
2012-05-01,105.0,0.0,21.7,66.5,0.0,22.6,0.0
2012-05-02,96.8,0.0,20.4,66.6,0.0,22.6,0.0
2012-05-03,102.0,0.0,21.2,66.1,0.0,22.2,0.0
2012-05-04,95.5,0.0,22.1,65.7,0.0,22.1,0.0
2012-05-05,95.2,0.0,22.5,65.4,0.0,21.9,0.0
2012-05-06,90.7,0.0,21.8,65.3,0.0,22.1,0.0
2012-05-07,89.9,0.0,20.8,65.4,0.0,22.1,0.0
2012-05-08,89.3,0.0,19.2,65.3,0.0,22.3,0.0
2012-05-09,85.9,0.0,20.3,65.4,0.1,22.4,0.1
2012-05-10,85.3,0.0,21.4,65.4,0.0,22.2,0.0
2012-05-11,76.6,0.0,24.2,64.5,0.0,21.8,0.0
2012-05-12,74.3,0.0,24.4,64.4,0.0,22.0,0.0
2012-05-13,76.7,0.0,25.9,64.2,0.0,22.3,0.0
2012-05-14,80.8,0.0,23.5,64.3,0.0,23.1,0.0
2012-05-15,73.4,0.0,24.6,63.8,0.0,22.4,0.0
2012-05-16,73.0,0.0,26.7,63.6,0.0,22.9,0.0
2012-05-17,71.9,0.0,27.1,63.2,0.0,23.1,0.0
2012-05-18,65.4,0.0,24.0,63.2,0.0,23.2,0.0
2012-05-19,64.3,0.0,23.5,63.2,0.0,23.5,0.0
2012-05-20,64.9,0.0,25.4,63.1,0.0,23.7,0.0
2012-05-21,64.5,0.0,27.6,63.1,0.0,23.8,0.0
2012-05-22,66.4,0.0,28.8,62.6,0.0,23.0,0.0
2012-05-23,65.6,0.0,26.7,62.1,0.0,22.2,0.0
2012-05-24,64.7,0.0,24.5,62.2,0.0,23.5,0.0
2012-05-25,61.8,0.0,22.6,62.0,0.0,23.7,0.0
2012-05-26,59.9,0.0,19.0,62.2,0.0,23.5,0.0
2012-05-27,60.4,0.0,17.7,62.3,0.0,24.1,0.0
2012-05-28,61.7,0.0,21.3,63.0,0.0,24.2,0.0
2012-05-29,61.8,0.0,24.4,62.6,0.0,24.1,0.0
2012-05-30,61.2,0.0,25.7,62.0,0.0,23.3,0.0
2012-05-31,57.6,0.0,27.5,62.0,0.0,22.7,0.0
2012-06-01,55.5,0.0,29.4,61.6,0.0,20.7,0.0
2012-06-02,53.3,0.0,30.0,60.5,0.0,20.9,0.0
2012-06-03,50.6,0.0,27.7,60.2,0.0,21.9,0.0
2012-06-04,49.3,0.0,26.9,60.1,0.0,21.9,0.0
2012-06-05,48.6,0.0,26.1,60.1,0.0,21.0,0.0
2012-06-06,47.1,0.0,25.8,59.9,0.0,20.8,0.0
2012-06-07,45.3,0.0,26.7,59.4,0.0,20.8,0.0
2012-06-08,43.7,0.0,27.6,59.5,0.0,19.6,0.0
2012-06-09,41.9,0.0,26.3,59.1,0.0,18.1,0.0
2012-06-10,40.1,0.0,26.4,59.0,0.0,18.2,0.0
2012-06-11,39.1,0.0,27.6,58.9,0.0,18.9,0.0
2012-06-12,37.5,0.0,28.7,58.9,0.0,18.9,0.0
2012-06-13,35.8,0.0,29.3,58.6,0.0,18.9,0.0
2012-06-14,33.8,0.0,28.4,58.3,0.0,20.2,0.0
2012-06-15,36.3,0.0,27.4,58.2,0.0,20.9,0.0
2012-06-16,35.3,0.0,27.1,58.3,0.0,20.6,0.0
2012-06-17,35.1,0.0,29.4,58.3,0.0,20.0,0.0
2012-06-18,39.8,0.0,31.0,57.7,0.0,20.7,0.0
2012-06-19,33.9,0.0,30.3,57.6,0.0,21.2,0.0
2012-06-20,31.6,0.0,30.5,57.8,0.0,21.1,0.0
2012-06-21,30.7,0.0,31.6,57.6,0.0,20.8,0.0
2012-06-22,31.9,0.0,30.8,57.4,0.0,20.6,0.0
2012-06-23,31.4,0.0,30.4,56.7,0.0,20.0,0.0
2012-06-24,29.7,0.0,30.6,58.0,0.0,20.0,0.0
2012-06-25,33.2,0.0,30.7,58.1,0.0,19.7,0.0
2012-06-26,32.3,0.0,30.8,58.6,0.0,19.5,0.0
2012-06-27,30.5,0.0,31.5,60.9,0.0,19.1,0.0
2012-06-28,26.4,0.0,31.9,60.8,0.0,19.0,0.0
2012-06-29,22.5,0.0,32.1,59.1,0.0,18.6,0.0
2012-06-30,22.1,0.0,32.0,58.0,0.0,17.7,0.0
2012-07-01,19.0,0.0,32.3,57.8,0.0,17.5,0.0
2012-07-02,20.1,0.2,31.8,58.4,0.2,17.9,0.2
2012-07-03,23.4,0.3,30.0,58.1,0.0,17.8,0.0
2012-07-04,33.7,0.0,27.4,59.5,0.0,18.4,0.0
2012-07-05,38.6,0.6,25.0,61.6,0.0,19.2,0.0
2012-07-06,37.3,0.0,28.9,60.0,0.0,18.9,0.0
2012-07-07,28.1,0.0,30.6,58.4,0.0,18.3,0.0
2012-07-08,26.4,0.0,31.4,58.1,0.0,18.7,0.0
2012-07-09,28.3,0.0,32.9,58.4,0.0,18.4,0.0
2012-07-10,28.6,0.0,33.1,58.0,0.0,18.8,0.0
2012-07-11,29.2,0.0,32.3,58.5,0.2,19.1,0.2
2012-07-12,30.0,0.0,30.8,60.5,0.1,20.1,0.1
2012-07-13,27.9,5.7,28.2,62.3,1.1,20.7,1.1
2012-07-14,53.9,14.9,24.3,69.7,7.3,21.9,7.3
2012-07-15,82.3,2.7,25.1,72.5,2.1,21.0,2.1
2012-07-16,137.0,1.7,24.0,68.6,1.7,19.9,1.7
2012-07-17,155.0,0.0,26.7,66.1,0.0,18.6,0.0
2012-07-18,130.0,0.0,27.6,63.7,0.0,18.2,0.0
2012-07-19,106.0,0.1,29.1,62.3,0.0,18.1,0.0
2012-07-20,92.4,0.0,30.1,62.1,0.0,17.6,0.0
2012-07-21,83.5,3.8,29.3,62.2,1.8,19.6,1.8
2012-07-22,85.0,0.6,27.6,62.3,0.2,21.6,0.2
2012-07-23,122.0,4.7,28.0,67.3,1.6,21.5,1.6
2012-07-24,211.0,5.4,25.8,122.0,2.8,20.9,2.8
2012-07-25,289.0,0.0,27.5,76.3,0.0,19.8,0.0
2012-07-26,339.0,0.9,29.4,66.5,0.2,18.7,0.2
2012-07-27,204.0,0.0,29.5,64.5,0.1,18.8,0.1
2012-07-28,162.0,0.0,29.6,63.7,0.0,20.2,0.0
2012-07-29,145.0,0.2,28.0,64.0,0.2,20.7,0.2
2012-07-30,163.0,9.6,25.2,66.5,2.2,21.6,2.2
2012-07-31,148.0,0.6,26.5,69.6,0.0,21.3,0.0
2012-08-01,138.0,4.0,26.0,107.0,4.7,22.3,4.7
2012-08-02,157.0,0.0,28.1,72.2,0.0,21.9,0.0
2012-08-03,158.0,0.0,29.5,66.3,0.1,21.4,0.1
2012-08-04,128.0,2.4,28.6,64.1,3.2,21.2,3.2
2012-08-05,114.0,0.2,29.8,63.3,0.0,21.1,0.0
2012-08-06,107.0,0.0,29.3,62.6,0.0,21.0,0.0
2012-08-07,98.0,1.1,30.1,61.7,1.5,20.9,1.5
2012-08-08,94.5,0.0,31.4,61.4,0.2,20.7,0.2
2012-08-09,85.0,0.2,32.2,60.5,0.7,20.4,0.7
2012-08-10,78.2,0.0,30.8,60.2,0.0,20.4,0.0
2012-08-11,71.3,0.0,32.4,59.4,0.0,19.9,0.0
2012-08-12,60.2,0.0,32.6,59.6,0.0,19.8,0.0
2012-08-13,50.9,0.4,30.8,59.8,0.0,19.9,0.0
2012-08-14,50.5,0.1,31.5,59.8,0.0,19.7,0.0
2012-08-15,50.3,0.0,31.5,59.3,0.0,18.7,0.0
2012-08-16,49.8,2.2,30.0,64.9,4.3,19.0,4.3
2012-08-17,54.2,5.3,25.8,70.5,2.7,19.6,2.7
2012-08-18,196.0,4.7,25.6,63.7,1.5,19.9,1.5
2012-08-19,366.0,0.0,26.2,73.1,0.8,30.2,0.8
2012-08-20,195.0,2.2,27.5,73.7,1.5,22.9,1.5
2012-08-21,167.0,2.0,27.1,70.9,0.0,22.5,0.0
2012-08-22,158.0,4.6,25.2,71.3,7.5,21.4,7.5
2012-08-23,609.0,23.2,22.6,89.8,12.9,22.4,12.9
2012-08-24,1340.0,0.5,23.3,85.7,0.4,24.0,0.4
2012-08-25,685.0,1.9,24.8,158.0,1.0,41.5,1.0
2012-08-26,350.0,0.1,26.0,123.0,0.0,26.1,0.0
2012-08-27,287.0,0.0,28.1,86.9,0.0,23.6,0.0
2012-08-28,299.0,0.0,28.1,72.4,0.0,23.0,0.0
2012-08-29,259.0,0.0,29.0,68.8,0.0,22.5,0.0
2012-08-30,238.0,0.2,28.4,67.2,0.0,22.3,0.0
2012-08-31,168.0,0.0,27.7,66.8,0.0,22.2,0.0
2012-09-01,159.0,0.4,27.3,67.8,0.2,22.6,0.2
2012-09-02,162.0,1.3,27.0,68.7,3.3,23.7,3.3
2012-09-03,159.0,5.4,26.2,104.0,2.6,24.4,2.6
2012-09-04,152.0,3.7,26.4,77.7,1.4,23.5,1.4
2012-09-05,159.0,0.0,26.0,69.7,0.0,23.8,0.0
2012-09-06,204.0,0.0,28.2,67.2,0.0,25.3,0.0
2012-09-07,163.0,3.9,24.8,68.3,1.6,26.1,1.6
2012-09-08,164.0,7.8,24.4,67.7,4.5,25.0,4.5
2012-09-09,169.0,0.5,24.5,66.9,0.0,23.7,0.0
2012-09-10,142.0,0.2,24.3,69.9,1.5,24.0,1.5
2012-09-11,129.0,7.2,22.1,76.2,7.4,24.9,7.4
2012-09-12,141.0,2.6,20.8,70.4,2.3,25.7,2.3
2012-09-13,153.0,2.0,22.4,67.6,0.0,24.3,0.0
2012-09-14,148.0,0.0,21.5,65.6,0.0,23.9,0.0
2012-09-15,127.0,0.0,21.7,64.9,0.0,24.4,0.0
2012-09-16,121.0,0.0,24.0,64.6,0.0,23.7,0.0
2012-09-17,112.0,0.0,24.7,64.3,0.0,23.5,0.0
2012-09-18,108.0,0.0,24.8,63.8,0.0,23.1,0.0
2012-09-19,106.0,0.0,26.3,63.7,0.0,22.4,0.0
2012-09-20,90.9,0.0,27.0,63.4,0.0,22.4,0.0
2012-09-21,82.3,0.0,26.7,63.2,0.0,22.2,0.0
2012-09-22,71.8,0.0,26.5,63.2,0.0,22.1,0.0
2012-09-23,77.6,0.0,26.1,63.6,0.0,21.5,0.0
2012-09-24,81.3,0.0,26.6,63.9,0.0,21.0,0.0
2012-09-25,89.9,0.0,24.9,63.7,0.0,20.5,0.0
2012-09-26,86.1,0.2,23.6,63.2,0.0,21.1,0.0
2012-09-27,82.2,0.0,23.1,63.4,0.0,21.1,0.0
2012-09-28,81.0,0.0,23.9,63.7,0.0,20.8,0.0
2012-09-29,78.4,0.0,24.6,64.0,0.0,20.8,0.0
2012-09-30,78.2,0.0,24.0,63.4,0.0,20.7,0.0
2012-10-01,76.7,0.0,24.0,63.0,0.0,20.8,0.0
2012-10-02,80.2,0.0,24.7,63.1,0.0,21.0,0.0
2012-10-03,71.7,0.0,25.6,63.1,0.0,21.3,0.0
2012-10-04,69.9,0.0,25.0,63.0,0.0,21.2,0.0
2012-10-05,72.1,0.0,22.8,63.1,0.0,21.6,0.0
2012-10-06,77.9,0.0,22.9,63.1,0.0,21.9,0.0
2012-10-07,86.5,0.0,22.0,63.7,0.0,21.6,0.0
2012-10-08,90.4,0.0,22.3,63.8,0.0,21.7,0.0
2012-10-09,92.9,0.0,21.8,64.0,0.0,22.2,0.0
2012-10-10,91.1,0.0,21.4,64.2,0.0,22.2,0.0
2012-10-11,102.0,1.6,19.8,64.8,1.0,22.8,1.0
2012-10-12,113.0,11.9,14.1,66.9,13.3,23.2,13.3
2012-10-13,124.0,0.0,13.7,67.2,0.0,23.3,0.0
2012-10-14,133.0,0.0,16.3,66.0,0.0,23.3,0.0
2012-10-15,131.0,0.0,17.6,64.9,0.0,23.3,0.0
2012-10-16,125.0,0.0,19.8,64.5,0.0,23.3,0.0
2012-10-17,119.0,0.0,20.7,64.3,0.0,23.0,0.0
2012-10-18,119.0,0.0,20.3,64.1,0.0,23.4,0.0
2012-10-19,114.0,0.0,20.1,65.2,0.0,23.6,0.0
2012-10-20,112.0,0.0,20.9,65.5,0.0,23.5,0.0
2012-10-21,116.0,0.0,19.6,65.7,0.0,23.5,0.0
2012-10-22,112.0,0.0,17.8,66.1,0.0,23.6,0.0
2012-10-23,115.0,0.0,17.4,66.1,0.0,23.7,0.0
2012-10-24,115.0,0.0,17.1,66.1,0.0,23.7,0.0
2012-10-25,117.0,0.0,14.5,66.1,0.0,23.9,0.0
2012-10-26,118.0,0.0,12.7,66.1,0.0,23.7,0.0
2012-10-27,120.0,0.0,12.5,66.1,0.0,24.0,0.0
2012-10-28,126.0,0.0,16.7,66.1,0.0,24.3,0.0
2012-10-29,128.0,0.0,18.8,67.1,0.0,23.7,0.0
2012-10-30,130.0,0.0,18.4,67.2,0.0,24.0,0.0
2012-10-31,126.0,0.0,17.9,67.2,0.0,24.2,0.0
2012-11-01,124.0,0.0,17.7,67.2,0.0,23.7,0.0
2012-11-02,121.0,0.0,18.3,67.2,0.0,23.1,0.0
2012-11-03,126.0,0.0,16.3,67.2,0.0,24.0,0.0
2012-11-04,133.0,0.0,16.4,67.1,0.0,24.0,0.0
2012-11-05,136.0,0.0,16.4,66.1,0.0,23.9,0.0
2012-11-06,138.0,0.0,17.3,66.1,0.0,23.7,0.0
2012-11-07,136.0,0.0,18.2,66.1,0.0,23.5,0.0
2012-11-08,139.0,0.0,18.4,66.1,0.0,23.4,0.0
2012-11-09,142.0,5.2,13.6,66.7,7.6,23.6,7.6
2012-11-10,148.0,5.9,8.1,67.2,7.6,23.5,7.6
2012-11-11,153.0,0.4,5.5,67.2,0.0,23.6,0.0
2012-11-12,160.0,0.0,4.8,67.2,0.0,24.1,0.0
2012-11-13,164.0,0.0,6.9,67.2,0.0,24.0,0.0
2012-11-14,159.0,0.0,8.7,67.2,0.0,23.8,0.0
2012-11-15,157.0,0.0,11.8,67.2,0.0,23.7,0.0
2012-11-16,157.0,0.0,14.4,67.2,0.0,23.7,0.0
2012-11-17,152.0,0.0,14.5,67.2,0.0,23.6,0.0
2012-11-18,159.0,0.0,13.6,67.2,0.0,23.7,0.0
2012-11-19,162.0,0.0,12.2,67.2,0.0,23.8,0.0
2012-11-20,163.0,0.0,11.9,68.2,0.0,23.7,0.0
2012-11-21,162.0,0.0,13.1,68.4,0.0,23.8,0.0
2012-11-22,162.0,0.0,13.7,69.4,0.0,23.7,0.0
2012-11-23,160.0,0.0,12.7,69.6,0.0,23.1,0.0
2012-11-24,154.0,0.0,13.5,69.6,0.0,22.7,0.0
2012-11-25,152.0,0.0,14.3,70.2,0.0,22.1,0.0
2012-11-26,154.0,0.0,14.1,69.8,0.0,21.9,0.0
2012-11-27,153.0,0.0,12.4,69.6,0.0,21.8,0.0
2012-11-28,159.0,0.0,13.7,69.6,0.0,22.1,0.0
2012-11-29,155.0,0.0,13.8,69.6,0.0,22.0,0.0
2012-11-30,150.0,0.0,12.3,70.7,0.0,22.1,0.0
2012-12-01,155.0,0.0,13.2,70.7,0.0,22.3,0.0
2012-12-02,165.0,0.0,13.3,70.8,0.0,22.6,0.0
2012-12-03,164.0,0.0,12.4,70.8,0.0,22.5,0.0
2012-12-04,182.0,0.0,12.4,70.8,0.0,22.8,0.0
2012-12-05,180.0,0.0,13.7,70.8,0.0,23.1,0.0
2012-12-06,180.0,0.0,14.6,70.8,0.0,23.3,0.0
2012-12-07,179.0,0.0,12.5,70.8,0.0,23.5,0.0
2012-12-08,180.0,0.0,11.2,70.8,0.0,23.5,0.0
2012-12-09,184.0,0.0,9.9,70.8,0.0,23.3,0.0
2012-12-10,185.0,0.0,5.3,70.8,0.0,23.0,0.0
2012-12-11,187.0,0.0,6.3,70.8,0.0,23.2,0.0
2012-12-12,195.0,0.0,9.4,70.8,0.0,23.3,0.0
2012-12-13,198.0,0.0,9.7,71.1,0.0,23.1,0.0
2012-12-14,214.0,28.5,6.2,79.1,22.6,24.8,22.6
2012-12-15,230.0,15.9,3.2,77.6,18.9,24.3,18.9
2012-12-16,236.0,1.2,1.7,75.2,0.9,24.0,0.9
2012-12-17,237.0,0.0,1.9,73.7,0.0,23.9,0.0
2012-12-18,219.0,0.0,3.3,73.2,0.0,23.9,0.0
2012-12-19,213.0,8.3,3.9,73.9,8.4,24.0,8.4
2012-12-20,208.0,0.0,-1.4,72.4,0.0,23.6,0.0
2012-12-21,210.0,0.0,1.7,72.0,0.0,23.6,0.0
2012-12-22,206.0,0.0,5.8,72.0,0.0,23.8,0.0
2012-12-23,205.0,0.0,5.8,73.1,0.0,23.9,0.0
2012-12-24,204.0,1.4,5.7,74.0,1.3,23.7,1.3
2012-12-25,204.0,0.4,1.0,74.1,0.9,23.7,0.9
2012-12-26,203.0,0.0,2.0,74.1,0.0,23.5,0.0
2012-12-27,203.0,0.9,2.4,74.5,1.0,23.6,1.0
2012-12-28,201.0,0.8,0.5,74.2,0.0,23.8,0.0
2012-12-29,198.0,0.0,0.3,74.1,0.0,24.0,0.0
2012-12-30,199.0,0.0,4.4,75.4,0.0,23.9,0.0
2012-12-31,199.0,5.5,1.8,76.1,8.5,24.1,8.5
2013-01-01,198.0,0.0,0.5,75.2,0.0,24.0,0.0
2013-01-02,197.0,0.0,-1.5,75.2,0.0,23.8,0.0
2013-01-03,195.0,0.0,-1.7,74.5,0.0,23.8,0.0
2013-01-04,195.0,0.0,-1.5,74.1,0.0,23.7,0.0
2013-01-05,195.0,0.0,1.4,74.1,0.0,23.7,0.0
2013-01-06,195.0,0.0,3.2,74.1,0.0,23.7,0.0
2013-01-07,195.0,0.0,4.3,75.0,0.0,23.9,0.0
2013-01-08,193.0,0.0,2.6,75.2,0.0,23.9,0.0
2013-01-09,192.0,0.0,4.2,75.2,0.0,23.9,0.0
2013-01-10,190.0,0.0,7.5,75.2,0.0,23.9,0.0
2013-01-11,190.0,0.4,2.4,75.2,0.8,24.1,0.8
2013-01-12,188.0,0.0,-0.9,75.2,0.0,24.1,0.0
2013-01-13,189.0,0.0,-0.3,75.2,0.0,24.1,0.0
2013-01-14,190.0,0.0,-2.2,75.2,0.0,23.9,0.0
2013-01-15,191.0,0.0,-3.1,75.2,0.0,24.3,0.0
2013-01-16,190.0,0.0,0.5,75.2,0.0,24.4,0.0
2013-01-17,192.0,0.0,1.9,75.2,0.0,24.6,0.0
2013-01-18,190.0,0.0,3.5,76.1,0.0,24.4,0.0
2013-01-19,188.0,0.0,4.6,76.2,0.0,24.5,0.0
2013-01-20,188.0,0.0,4.7,76.2,0.0,24.2,0.0
2013-01-21,187.0,0.0,4.4,76.2,0.0,24.3,0.0
2013-01-22,188.0,0.0,5.7,76.2,0.0,24.5,0.0
2013-01-23,186.0,0.0,8.7,77.1,0.0,24.6,0.0
2013-01-24,187.0,0.0,10.5,78.2,0.0,24.6,0.0
2013-01-25,190.0,0.0,9.5,79.4,0.0,24.9,0.0
2013-01-26,209.0,31.5,10.8,185.0,29.7,30.3,29.7
2013-01-27,5060.0,6.1,9.7,2530.0,11.3,27.4,11.3
2013-01-28,10400.0,21.5,7.2,1510.0,25.9,25.8,25.9
2013-01-29,2840.0,1.6,1.5,403.0,1.9,24.8,1.9
2013-01-30,961.0,0.0,2.3,172.0,0.0,24.3,0.0
2013-01-31,645.0,0.0,4.6,128.0,0.0,24.3,0.0
2013-02-01,527.0,0.0,5.5,104.0,0.0,24.4,0.0
2013-02-02,473.0,0.0,7.9,95.5,0.0,24.2,0.0
2013-02-03,446.0,0.6,7.8,91.6,0.4,23.9,0.4
2013-02-04,429.0,0.0,7.0,88.7,0.0,24.4,0.0
2013-02-05,407.0,0.0,8.9,85.8,0.0,24.5,0.0
2013-02-06,383.0,0.2,10.6,83.8,0.2,24.8,0.2
2013-02-07,354.0,0.4,9.4,81.9,0.1,25.2,0.1
2013-02-08,329.0,0.1,8.8,79.8,0.5,24.9,0.5
2013-02-09,315.0,6.8,3.3,78.0,9.6,24.8,9.6
2013-02-10,290.0,0.3,2.0,76.8,0.8,24.8,0.8
2013-02-11,259.0,5.4,0.3,75.5,4.1,25.0,4.1
2013-02-12,235.0,0.0,-0.5,74.3,0.0,23.7,0.0
2013-02-13,221.0,0.0,1.2,73.1,0.0,22.6,0.0
2013-02-14,212.0,0.0,3.9,73.3,0.0,22.8,0.0
2013-02-15,207.0,0.0,4.8,73.0,0.0,23.8,0.0
2013-02-16,213.0,0.0,6.1,73.0,0.0,24.3,0.0
2013-02-17,267.0,0.0,9.1,73.0,0.0,24.6,0.0
2013-02-18,323.0,0.0,9.1,73.0,0.0,24.5,0.0
2013-02-19,305.0,0.0,8.7,73.9,0.0,24.7,0.0
2013-02-20,282.0,10.2,4.9,76.1,11.4,25.2,11.4
2013-02-21,270.0,3.3,0.3,75.1,3.9,25.3,3.9
2013-02-22,241.0,0.3,1.0,76.5,0.3,25.4,0.3
2013-02-23,223.0,0.0,2.9,75.1,0.0,25.5,0.0
2013-02-24,210.0,0.1,3.6,73.2,0.0,24.4,0.0
2013-02-25,211.0,0.0,2.4,71.9,0.0,25.8,0.0
2013-02-26,207.0,0.0,5.4,71.5,0.0,26.4,0.0
2013-02-27,199.0,0.0,2.2,71.1,0.0,26.4,0.0
2013-02-28,195.0,0.0,3.9,70.8,0.0,26.4,0.0
2013-03-01,187.0,0.0,7.5,70.8,0.0,26.4,0.0
2013-03-02,178.0,0.0,10.4,71.0,0.0,26.2,0.0
2013-03-03,206.0,0.0,14.8,71.7,0.0,26.3,0.0
2013-03-04,283.0,0.1,13.2,72.0,0.0,25.9,0.0
2013-03-05,398.0,0.0,12.0,71.2,0.0,25.7,0.0
2013-03-06,421.0,0.0,14.3,71.0,0.0,25.0,0.0
2013-03-07,420.0,0.0,13.5,71.0,0.0,23.2,0.0
2013-03-08,475.0,22.9,9.1,73.1,21.0,22.6,21.0
2013-03-09,655.0,11.6,2.0,76.5,9.9,22.2,9.9
2013-03-10,580.0,0.1,4.9,80.2,0.1,21.6,0.1
2013-03-11,1010.0,0.0,7.0,81.1,0.0,21.9,0.0
2013-03-12,1370.0,0.0,11.1,125.0,0.0,21.8,0.0
2013-03-13,1630.0,0.0,12.9,147.0,0.0,21.7,0.0
2013-03-14,1200.0,0.0,14.4,132.0,0.0,21.8,0.0
2013-03-15,979.0,0.0,17.3,109.0,0.0,21.4,0.0
2013-03-16,816.0,0.0,18.0,92.4,0.0,21.3,0.0
2013-03-17,696.0,0.0,17.4,84.2,0.1,21.0,0.1
2013-03-18,563.0,0.0,15.7,78.6,0.0,21.0,0.0
2013-03-19,440.0,0.0,16.5,74.1,0.0,20.5,0.0
2013-03-20,368.0,0.0,15.5,72.2,0.0,19.5,0.0
2013-03-21,318.0,0.0,17.1,70.4,0.0,19.4,0.0
2013-03-22,273.0,0.0,15.5,69.6,0.0,19.2,0.0
2013-03-23,232.0,0.0,11.8,69.1,0.0,19.2,0.0
2013-03-24,206.0,0.0,10.2,68.9,0.0,19.7,0.0
2013-03-25,186.0,0.0,11.7,68.9,0.0,20.1,0.0
2013-03-26,172.0,0.0,16.3,68.4,0.0,20.1,0.0
2013-03-27,154.0,0.0,17.2,67.8,0.0,19.7,0.0
2013-03-28,143.0,0.0,17.1,67.2,0.0,20.1,0.0
2013-03-29,132.0,0.0,17.9,67.4,0.0,20.4,0.0
2013-03-30,120.0,0.0,17.9,67.5,0.0,20.7,0.0
2013-03-31,124.0,0.0,18.4,67.5,0.0,21.3,0.0
2013-04-01,122.0,0.0,18.0,67.8,0.0,20.8,0.0
2013-04-02,112.0,0.0,15.8,67.1,0.0,19.6,0.0
2013-04-03,110.0,0.0,15.6,66.8,0.0,18.8,0.0
2013-04-04,111.0,0.0,18.1,66.9,0.0,18.7,0.0
2013-04-05,110.0,0.0,20.6,67.0,0.0,18.4,0.0
2013-04-06,107.0,0.0,19.4,66.9,0.0,18.4,0.0
2013-04-07,105.0,0.0,19.6,66.7,0.0,19.1,0.0
2013-04-08,102.0,0.2,16.5,67.4,2.1,19.3,2.1
2013-04-09,111.0,6.5,10.2,67.9,2.8,19.6,2.8
2013-04-10,127.0,0.0,9.8,67.1,0.0,19.6,0.0
2013-04-11,129.0,0.0,14.2,67.3,0.0,19.7,0.0
2013-04-12,117.0,0.0,17.2,66.9,0.0,18.3,0.0
2013-04-13,111.0,0.0,19.0,67.2,0.0,18.2,0.0
2013-04-14,106.0,0.0,17.6,67.2,0.0,18.2,0.0
2013-04-15,103.0,0.0,17.0,67.0,0.0,17.9,0.0
2013-04-16,101.0,0.0,16.2,66.9,0.0,18.2,0.0
2013-04-17,102.0,0.6,12.1,66.7,0.4,18.6,0.4
2013-04-18,102.0,0.0,9.9,66.6,0.0,18.5,0.0
2013-04-19,98.1,0.0,11.9,67.1,0.0,18.4,0.0
2013-04-20,102.0,0.0,17.5,67.3,0.0,18.8,0.0
2013-04-21,101.0,0.0,18.1,67.5,0.0,19.1,0.0
2013-04-22,94.5,0.0,21.7,68.4,0.0,19.4,0.0
2013-04-23,96.6,0.0,21.4,68.3,0.0,18.7,0.0
2013-04-24,92.4,0.0,18.4,68.1,0.0,19.4,0.0
2013-04-25,91.7,0.0,19.2,68.5,0.0,20.0,0.0
2013-04-26,95.8,0.0,18.7,68.4,0.0,20.3,0.0
2013-04-27,93.0,0.0,20.5,68.2,0.0,20.1,0.0
2013-04-28,93.2,0.0,21.4,66.6,0.0,19.8,0.0
2013-04-29,97.5,0.0,24.9,66.5,0.0,19.5,0.0
2013-04-30,95.0,0.0,25.1,66.0,0.0,19.3,0.0
2013-05-01,94.4,0.0,23.2,65.4,0.0,19.2,0.0
2013-05-02,90.2,0.0,19.0,64.1,0.0,20.2,0.0
2013-05-03,87.3,0.0,17.7,64.5,0.0,20.6,0.0
2013-05-04,84.5,0.0,21.6,64.8,0.0,20.3,0.0
2013-05-05,86.3,0.0,20.0,65.5,0.2,21.3,0.2
2013-05-06,88.0,0.2,18.3,65.5,0.0,21.6,0.0
2013-05-07,94.0,1.1,17.0,65.1,2.3,21.7,2.3
2013-05-08,93.5,1.0,14.6,65.1,1.4,21.8,1.4
2013-05-09,93.0,0.2,18.1,65.4,0.0,21.6,0.0
2013-05-10,91.9,0.2,18.2,65.1,0.8,21.1,0.8
2013-05-11,84.6,0.0,20.7,64.6,0.2,19.1,0.2
2013-05-12,79.8,0.0,22.1,63.5,0.0,18.3,0.0
2013-05-13,78.4,0.0,24.5,62.9,0.0,18.2,0.0
2013-05-14,82.2,0.0,26.8,62.5,0.0,18.3,0.0
2013-05-15,82.1,0.0,26.0,62.0,0.0,17.8,0.0
2013-05-16,77.4,0.0,24.8,61.3,0.0,18.2,0.0
2013-05-17,72.0,0.0,23.0,61.6,0.0,18.4,0.0
2013-05-18,66.2,0.0,22.2,61.7,0.0,18.6,0.0
2013-05-19,67.3,0.0,22.6,61.2,0.0,18.5,0.0
2013-05-20,66.5,0.0,21.3,60.9,0.0,20.8,0.0
2013-05-21,67.7,0.0,21.7,60.8,0.0,20.9,0.0
2013-05-22,72.2,0.0,25.0,60.4,0.0,19.6,0.0
2013-05-23,55.8,0.0,23.4,60.1,0.0,19.0,0.0
2013-05-24,51.8,0.0,23.9,60.0,0.0,18.9,0.0
2013-05-25,50.7,0.0,24.1,59.5,0.0,18.8,0.0
2013-05-26,55.7,0.0,23.8,60.3,0.0,18.3,0.0
2013-05-27,55.7,0.0,22.9,61.4,0.0,18.1,0.0
2013-05-28,60.1,0.0,23.3,61.6,0.0,18.5,0.0
2013-05-29,61.9,0.0,24.2,61.5,0.0,18.6,0.0
2013-05-30,72.5,0.0,25.2,62.0,0.0,18.3,0.0
2013-05-31,69.0,0.0,26.3,60.6,0.0,18.5,0.0
2013-06-01,60.4,0.0,27.4,60.1,0.0,19.1,0.0
2013-06-02,63.5,0.0,28.9,59.4,0.0,19.4,0.0
2013-06-03,67.6,0.0,28.5,59.0,0.0,18.6,0.0
2013-06-04,66.0,0.0,27.9,59.9,0.0,19.4,0.0
2013-06-05,63.4,0.0,28.2,60.6,0.0,18.7,0.0
2013-06-06,58.4,0.0,29.6,61.3,0.0,17.8,0.0
2013-06-07,52.7,0.0,30.6,60.8,0.0,17.7,0.0
2013-06-08,51.0,0.0,31.6,60.0,0.0,17.6,0.0
2013-06-09,45.1,0.0,31.1,60.7,0.0,17.8,0.0
2013-06-10,41.2,0.0,30.8,60.0,0.0,18.4,0.0
2013-06-11,38.4,0.0,30.1,58.9,0.0,18.0,0.0
2013-06-12,30.2,0.0,31.1,58.8,0.0,17.9,0.0
2013-06-13,29.0,0.0,30.9,58.9,0.0,17.8,0.0
2013-06-14,31.9,0.0,29.9,59.8,0.0,17.6,0.0
2013-06-15,27.6,0.0,29.7,59.6,0.0,17.5,0.0
2013-06-16,26.2,0.0,29.7,59.6,0.0,17.6,0.0
2013-06-17,24.8,0.0,29.7,59.1,0.0,17.8,0.0
2013-06-18,28.5,0.0,29.2,58.9,0.0,18.1,0.0
2013-06-19,30.4,0.0,28.6,59.9,0.0,20.2,0.0
2013-06-20,29.3,0.0,28.2,60.1,0.0,19.6,0.0
2013-06-21,26.8,0.0,28.1,60.5,0.0,18.7,0.0
2013-06-22,32.8,0.0,28.1,61.0,0.0,18.2,0.0
2013-06-23,29.3,0.0,28.1,60.9,0.0,17.8,0.0
2013-06-24,25.3,0.0,26.6,60.6,0.0,17.9,0.0
2013-06-25,27.5,0.0,27.3,60.2,0.0,18.3,0.0
2013-06-26,27.8,0.0,29.1,60.0,0.0,18.2,0.0
2013-06-27,28.4,0.0,30.8,60.1,0.0,18.3,0.0
2013-06-28,28.4,0.0,33.7,60.2,0.0,17.5,0.0
2013-06-29,30.6,0.2,35.2,61.3,0.0,17.4,0.0
2013-06-30,29.9,0.0,34.8,61.5,0.0,17.6,0.0
2013-07-01,31.0,0.0,33.2,62.4,0.4,18.2,0.4
2013-07-02,30.9,0.0,32.4,68.1,0.5,18.5,0.5
2013-07-03,37.4,0.2,31.3,117.0,0.0,18.8,0.0
2013-07-04,72.8,0.0,32.1,72.4,0.3,19.1,0.3
2013-07-05,78.0,0.0,31.0,68.8,0.0,19.2,0.0
2013-07-06,68.6,2.9,29.7,68.4,2.3,19.1,2.3
2013-07-07,59.8,2.0,29.4,68.8,0.4,20.6,0.4
2013-07-08,57.0,0.0,30.6,68.1,0.2,19.4,0.2
2013-07-09,54.5,0.0,32.5,66.9,0.0,18.8,0.0
2013-07-10,47.1,0.0,31.2,66.4,0.0,19.1,0.0
2013-07-11,47.8,4.9,28.3,84.0,5.4,20.6,5.4
2013-07-12,183.0,1.0,26.9,143.0,3.7,22.1,3.7
2013-07-13,183.0,2.5,27.9,102.0,0.4,21.3,0.4
2013-07-14,150.0,1.0,29.2,76.9,0.0,20.7,0.0
2013-07-15,128.0,1.4,29.1,73.2,0.1,20.5,0.1
2013-07-16,129.0,15.6,25.9,75.3,3.8,49.3,3.8
2013-07-17,123.0,5.9,24.9,87.2,9.5,29.1,9.5
2013-07-18,140.0,1.1,26.3,90.6,2.2,21.1,2.2
2013-07-19,132.0,4.2,27.4,80.7,5.0,20.4,5.0
2013-07-20,122.0,4.4,24.9,77.2,8.4,19.7,8.4
2013-07-21,139.0,26.3,22.6,80.6,17.2,20.8,17.2
2013-07-22,137.0,8.7,22.6,96.1,9.4,21.7,9.4
2013-07-23,133.0,1.7,25.2,111.0,1.9,26.6,1.9
2013-07-24,140.0,1.9,27.3,84.6,0.0,19.8,0.0
2013-07-25,129.0,0.2,27.2,94.7,1.8,22.9,1.8
2013-07-26,120.0,1.3,26.2,144.0,0.0,49.1,0.0
2013-07-27,125.0,2.1,26.5,135.0,0.9,30.2,0.9
2013-07-28,151.0,0.0,26.7,207.0,0.0,160.0,0.0
2013-07-29,175.0,0.1,27.5,606.0,0.0,847.0,0.0
2013-07-30,229.0,0.0,28.3,394.0,0.0,190.0,0.0
2013-07-31,311.0,0.4,29.0,178.0,0.0,60.9,0.0
2013-08-01,227.0,0.1,28.1,113.0,0.6,34.6,0.6
2013-08-02,167.0,0.0,28.4,90.5,0.0,27.9,0.0
2013-08-03,132.0,0.0,28.9,80.4,0.0,25.8,0.0
2013-08-04,109.0,0.0,29.1,76.8,0.0,25.0,0.0
2013-08-05,92.7,0.0,28.4,75.5,0.0,24.2,0.0
2013-08-06,86.6,3.1,25.1,76.4,2.2,24.3,2.2
2013-08-07,92.5,0.1,24.6,75.6,0.2,23.7,0.2
2013-08-08,99.9,0.0,27.0,70.6,0.3,23.2,0.3
2013-08-09,95.8,0.0,27.7,68.0,0.0,23.0,0.0
2013-08-10,77.7,0.0,27.9,66.6,0.0,22.4,0.0
2013-08-11,65.2,0.0,26.9,66.1,0.0,22.4,0.0
2013-08-12,61.8,0.0,27.3,65.9,0.0,22.2,0.0
2013-08-13,60.9,0.0,29.1,65.0,0.0,21.6,0.0
2013-08-14,53.4,0.0,29.3,64.6,0.0,21.7,0.0
2013-08-15,45.2,0.0,30.8,64.9,0.0,22.0,0.0
2013-08-16,46.5,0.2,30.4,65.1,0.0,21.7,0.0
2013-08-17,38.6,2.3,30.5,65.7,1.3,21.9,1.3
2013-08-18,44.7,1.3,28.6,66.7,2.7,22.2,2.7
2013-08-19,57.7,1.3,29.2,72.4,0.0,26.1,0.0
2013-08-20,67.0,1.4,29.3,69.5,0.1,22.8,0.1
2013-08-21,62.9,1.2,28.3,70.2,0.0,22.9,0.0
2013-08-22,69.5,0.0,27.3,68.5,0.0,23.0,0.0
2013-08-23,83.3,2.0,27.7,67.9,1.7,22.7,1.7
2013-08-24,95.4,0.0,25.9,69.3,0.0,22.8,0.0
2013-08-25,139.0,17.3,23.4,73.6,19.6,23.3,19.6
2013-08-26,148.0,11.3,22.6,73.6,3.6,23.0,3.6
2013-08-27,149.0,0.7,24.8,133.0,0.0,25.1,0.0
2013-08-28,157.0,0.0,26.0,104.0,0.0,26.5,0.0
2013-08-29,159.0,0.5,26.5,82.0,2.4,26.9,2.4
2013-08-30,694.0,14.3,23.7,450.0,5.8,128.0,5.8
2013-08-31,1110.0,4.4,23.6,251.0,0.0,75.7,0.0
2013-09-01,731.0,5.3,24.7,223.0,3.5,48.5,3.5
2013-09-02,428.0,0.5,25.5,150.0,1.5,151.0,1.5
2013-09-03,345.0,1.2,26.6,159.0,0.0,61.1,0.0
2013-09-04,298.0,0.0,27.9,108.0,0.0,29.9,0.0
2013-09-05,255.0,0.0,27.1,87.7,0.0,24.8,0.0
2013-09-06,214.0,0.0,28.5,79.6,0.0,23.0,0.0
2013-09-07,199.0,2.7,27.0,75.7,2.0,23.0,2.0
2013-09-08,205.0,13.9,22.2,86.3,9.7,22.8,9.7
2013-09-09,566.0,5.6,20.3,81.9,4.5,22.6,4.5
2013-09-10,539.0,14.8,19.0,80.0,7.5,22.5,7.5
2013-09-11,943.0,11.8,19.3,315.0,13.9,25.9,13.9
2013-09-12,1010.0,1.1,20.4,455.0,1.4,41.3,1.4
2013-09-13,776.0,0.0,22.4,133.0,0.0,25.8,0.0
2013-09-14,454.0,0.0,24.1,88.6,0.0,22.8,0.0
2013-09-15,338.0,0.0,23.6,79.2,0.0,22.0,0.0
2013-09-16,377.0,0.0,24.3,77.6,0.0,21.6,0.0
2013-09-17,304.0,0.0,25.5,76.4,0.0,21.6,0.0
2013-09-18,245.0,0.0,26.5,76.2,0.0,21.4,0.0
2013-09-19,224.0,0.0,25.2,75.5,0.0,21.4,0.0
2013-09-20,204.0,0.0,24.7,75.2,0.0,21.4,0.0
2013-09-21,182.0,0.0,25.9,75.2,0.0,21.4,0.0
2013-09-22,170.0,0.0,22.6,74.5,0.0,21.3,0.0
2013-09-23,162.0,0.0,19.1,74.1,0.0,21.4,0.0
2013-09-24,156.0,0.0,21.9,74.1,0.0,21.3,0.0
2013-09-25,146.0,0.0,22.3,73.4,0.0,21.3,0.0
2013-09-26,138.0,0.0,20.0,73.0,0.0,21.2,0.0
2013-09-27,131.0,0.0,18.3,73.0,0.0,21.2,0.0
2013-09-28,125.0,0.0,16.4,72.6,0.0,21.4,0.0
2013-09-29,130.0,0.0,19.4,72.3,0.0,21.4,0.0
2013-09-30,130.0,0.0,21.3,72.0,0.0,21.4,0.0
2013-10-01,134.0,0.0,21.7,72.0,0.0,21.4,0.0
2013-10-02,130.0,0.0,21.2,72.0,0.0,21.4,0.0
2013-10-03,129.0,0.0,20.7,72.0,0.0,21.3,0.0
2013-10-04,126.0,0.0,17.8,72.0,0.0,21.4,0.0
2013-10-05,126.0,0.0,14.7,72.0,0.0,21.4,0.0
2013-10-06,127.0,0.0,15.0,72.0,0.0,21.4,0.0
2013-10-07,127.0,0.0,18.0,72.0,0.0,21.5,0.0
2013-10-08,128.0,0.0,21.6,72.0,0.0,21.5,0.0
2013-10-09,127.0,0.6,17.5,72.0,0.5,21.6,0.5
2013-10-10,135.0,7.6,12.9,72.0,11.3,22.1,11.3
2013-10-11,136.0,0.0,12.3,72.0,0.0,21.8,0.0
2013-10-12,142.0,0.0,14.6,72.0,0.0,21.4,0.0
2013-10-13,143.0,0.0,17.4,72.0,0.0,21.1,0.0
2013-10-14,142.0,0.0,15.8,71.6,0.0,20.9,0.0
2013-10-15,140.0,0.0,14.7,71.6,0.0,20.8,0.0
2013-10-16,140.0,0.0,13.5,71.5,0.0,20.7,0.0
2013-10-17,147.0,0.0,14.3,71.5,0.0,21.4,0.0
2013-10-18,150.0,0.0,15.4,71.5,0.0,21.0,0.0
2013-10-19,142.0,0.0,14.5,71.4,0.0,20.6,0.0
2013-10-20,141.0,0.0,16.3,71.2,0.0,20.5,0.0
2013-10-21,140.0,0.0,17.2,70.8,0.0,20.5,0.0
2013-10-22,141.0,0.0,15.9,70.8,0.0,20.4,0.0
2013-10-23,143.0,0.0,17.3,70.8,0.0,20.4,0.0
2013-10-24,148.0,0.0,19.2,70.8,0.0,20.5,0.0
2013-10-25,148.0,0.0,17.9,70.8,0.0,20.5,0.0
2013-10-26,145.0,0.0,16.9,70.8,0.0,20.5,0.0
2013-10-27,146.0,0.0,17.1,70.8,0.0,20.8,0.0
2013-10-28,148.0,0.0,15.7,70.8,0.7,20.5,0.7
2013-10-29,153.0,0.2,13.7,70.8,1.4,20.8,1.4
2013-10-30,162.0,0.2,11.3,70.8,1.0,20.6,1.0
2013-10-31,160.0,0.0,11.7,70.8,0.0,20.4,0.0
2013-11-01,159.0,0.0,12.5,71.0,0.0,20.4,0.0
2013-11-02,163.0,0.0,13.2,71.3,0.0,20.2,0.0
2013-11-03,168.0,0.0,16.7,71.4,0.0,20.1,0.0
2013-11-04,169.0,0.0,14.3,71.5,0.0,20.0,0.0
2013-11-05,173.0,0.1,11.6,71.9,0.2,20.2,0.2
2013-11-06,171.0,0.0,9.3,71.9,0.0,20.2,0.0
2013-11-07,170.0,0.0,11.0,71.8,0.0,20.2,0.0
2013-11-08,171.0,0.0,15.0,71.8,0.0,20.5,0.0
2013-11-09,165.0,0.0,15.1,71.9,0.0,21.2,0.0
2013-11-10,168.0,0.0,14.9,72.0,0.0,21.5,0.0
2013-11-11,170.0,0.0,15.0,70.7,0.0,21.6,0.0
2013-11-12,167.0,0.0,14.5,70.7,0.0,21.8,0.0
2013-11-13,161.0,0.0,16.4,70.8,0.0,21.9,0.0
2013-11-14,164.0,0.0,16.1,70.9,0.0,21.9,0.0
2013-11-15,162.0,0.3,15.2,72.0,0.4,22.0,0.4
2013-11-16,173.0,1.9,12.0,72.0,3.9,22.1,3.9
2013-11-17,180.0,0.0,11.1,71.9,0.0,22.1,0.0
2013-11-18,185.0,0.0,11.3,72.1,0.0,22.1,0.0
2013-11-19,198.0,0.0,13.2,72.6,0.0,21.9,0.0
2013-11-20,195.0,1.1,13.2,72.9,0.2,21.9,0.2
2013-11-21,197.0,1.4,11.5,73.1,1.8,21.7,1.8
2013-11-22,226.0,47.2,9.5,79.9,41.0,22.8,41.0
2013-11-23,272.0,34.5,7.3,84.9,31.9,23.0,31.9
2013-11-24,316.0,8.8,5.3,79.9,8.0,21.8,8.0
2013-11-25,279.0,0.0,5.8,76.8,0.0,21.0,0.0
2013-11-26,252.0,0.0,5.8,75.6,0.0,20.6,0.0
2013-11-27,245.0,0.0,5.7,75.1,0.0,20.5,0.0
2013-11-28,237.0,0.0,7.0,74.8,0.0,20.7,0.0
2013-11-29,231.0,0.0,9.0,73.8,0.0,20.5,0.0
2013-11-30,225.0,0.0,9.1,74.2,0.0,20.6,0.0
2013-12-01,224.0,0.0,9.2,74.5,0.0,20.4,0.0
2013-12-02,222.0,0.0,8.5,74.7,0.0,20.5,0.0
2013-12-03,222.0,0.0,9.7,75.2,0.0,20.3,0.0
2013-12-04,224.0,2.7,7.2,76.8,5.6,20.6,5.6
2013-12-05,222.0,0.0,3.8,76.4,0.0,20.6,0.0
2013-12-06,224.0,0.0,1.9,75.4,0.0,20.3,0.0
2013-12-07,223.0,0.0,2.3,74.6,0.0,20.1,0.0
2013-12-08,222.0,4.9,3.3,74.3,6.4,20.1,6.4
2013-12-09,220.0,0.0,0.0,74.2,0.0,20.0,0.0
2013-12-10,219.0,0.0,-1.6,74.1,0.0,20.0,0.0
2013-12-11,217.0,0.1,0.5,74.1,0.0,20.3,0.0
2013-12-12,217.0,0.1,3.0,74.3,0.2,20.5,0.2
2013-12-13,218.0,1.2,5.5,75.2,0.1,20.5,0.1
2013-12-14,217.0,0.0,4.0,75.2,0.0,20.2,0.0
2013-12-15,215.0,0.0,3.6,75.2,0.0,20.4,0.0
2013-12-16,215.0,0.0,5.8,74.3,0.0,20.4,0.0
2013-12-17,215.0,0.0,6.9,74.1,0.0,20.4,0.0
2013-12-18,217.0,0.0,8.4,75.0,0.0,20.5,0.0
2013-12-19,222.0,0.0,9.4,75.8,0.0,20.3,0.0
2013-12-20,235.0,20.9,5.5,79.6,20.5,20.8,20.5
2013-12-21,247.0,0.3,4.3,77.3,0.0,20.8,0.0
2013-12-22,241.0,0.0,3.2,75.8,0.0,20.7,0.0
2013-12-23,236.0,0.0,3.1,75.5,0.0,20.7,0.0
2013-12-24,234.0,0.0,3.8,75.3,0.0,20.9,0.0
2013-12-25,231.0,0.0,3.9,74.5,0.0,20.9,0.0
2013-12-26,228.0,0.0,3.4,74.1,0.0,21.0,0.0
2013-12-27,227.0,0.0,4.6,74.2,0.0,21.2,0.0
2013-12-28,225.0,0.0,5.7,75.2,0.0,20.9,0.0
2013-12-29,225.0,0.0,6.7,75.2,0.0,20.8,0.0
2013-12-30,224.0,0.0,4.2,74.8,0.0,20.8,0.0
2013-12-31,223.0,0.0,6.9,74.8,0.0,21.0,0.0
2014-01-01,224.0,0.0,8.8,75.2,0.0,20.9,0.0
2014-01-02,224.0,0.0,6.4,74.7,0.0,21.0,0.0
2014-01-03,223.0,0.0,8.9,74.1,0.0,21.2,0.0
2014-01-04,222.0,0.0,9.7,74.1,0.0,21.4,0.0
2014-01-05,224.0,0.0,5.4,74.1,0.0,21.3,0.0
2014-01-06,224.0,0.0,3.1,73.7,0.0,21.6,0.0
2014-01-07,224.0,0.0,4.9,74.0,0.0,21.8,0.0
2014-01-08,225.0,0.0,8.7,74.1,0.0,21.7,0.0
2014-01-09,224.0,0.0,8.2,74.1,0.0,21.6,0.0
2014-01-10,222.0,0.0,7.7,74.1,0.0,21.7,0.0
2014-01-11,215.0,0.0,8.7,73.1,0.0,21.7,0.0
2014-01-12,217.0,0.0,10.5,73.0,0.0,22.0,0.0
2014-01-13,216.0,0.0,6.6,72.8,0.0,22.3,0.0
2014-01-14,219.0,0.0,7.7,72.8,0.0,22.3,0.0
2014-01-15,218.0,0.0,7.6,73.0,0.0,22.4,0.0
2014-01-16,215.0,0.0,9.2,73.0,0.0,22.5,0.0
2014-01-17,212.0,0.0,7.6,73.0,0.0,22.4,0.0
2014-01-18,212.0,0.0,9.7,73.0,0.0,22.6,0.0
2014-01-19,215.0,0.0,9.2,72.7,0.0,22.4,0.0
2014-01-20,216.0,0.0,11.2,72.0,0.0,22.4,0.0
2014-01-21,218.0,0.0,8.5,71.3,0.0,22.3,0.0
2014-01-22,220.0,0.0,11.5,70.9,0.0,22.3,0.0
2014-01-23,221.0,0.0,10.7,71.1,0.0,22.4,0.0
2014-01-24,220.0,0.0,7.3,71.1,0.0,21.9,0.0
2014-01-25,219.0,0.0,10.0,72.0,0.0,22.0,0.0
2014-01-26,222.0,0.0,12.0,72.0,0.0,22.0,0.0
2014-01-27,220.0,0.0,11.5,72.0,0.0,21.9,0.0
2014-01-28,223.0,0.0,10.7,72.0,0.0,22.0,0.0
2014-01-29,225.0,0.0,9.9,72.0,0.0,22.0,0.0
2014-01-30,225.0,0.0,12.2,72.0,0.0,22.0,0.0
2014-01-31,225.0,2.2,10.1,72.7,4.1,22.0,4.1
2014-02-01,226.0,0.7,6.9,72.4,0.7,22.1,0.7
2014-02-02,228.0,0.0,5.1,72.0,0.0,22.4,0.0
2014-02-03,229.0,0.0,6.0,72.0,0.0,22.6,0.0
2014-02-04,229.0,0.0,5.3,72.0,0.0,22.6,0.0
2014-02-05,224.0,0.5,6.4,72.0,0.0,22.7,0.0
2014-02-06,222.0,0.0,5.5,72.0,0.4,23.1,0.4
2014-02-07,221.0,1.5,6.4,73.5,2.6,23.6,2.6
2014-02-08,225.0,0.0,8.1,73.0,0.0,23.5,0.0
2014-02-09,225.0,0.0,10.2,73.0,0.0,23.4,0.0
2014-02-10,224.0,0.0,12.0,73.0,0.0,23.0,0.0
2014-02-11,221.0,0.0,9.8,73.0,0.0,22.9,0.0
2014-02-12,219.0,0.0,10.2,73.0,0.0,23.0,0.0
2014-02-13,218.0,0.0,14.0,73.0,0.0,23.2,0.0
2014-02-14,215.0,0.0,15.6,73.0,0.0,22.9,0.0
2014-02-15,211.0,0.0,17.4,72.6,0.0,23.0,0.0
2014-02-16,205.0,0.0,17.1,72.0,0.0,22.7,0.0
2014-02-17,207.0,0.0,14.4,72.0,0.0,22.6,0.0
2014-02-18,192.0,0.0,15.3,72.0,0.0,22.3,0.0
2014-02-19,190.0,0.0,15.5,71.6,0.0,22.2,0.0
2014-02-20,189.0,0.0,10.8,70.8,0.0,22.1,0.0
2014-02-21,192.0,0.0,10.7,70.8,0.0,21.9,0.0
2014-02-22,188.0,0.0,12.6,71.9,0.0,21.9,0.0
2014-02-23,181.0,0.0,13.4,71.6,0.0,21.8,0.0
2014-02-24,190.0,0.0,13.7,71.4,0.0,21.9,0.0
2014-02-25,203.0,0.0,14.6,71.1,0.0,21.8,0.0
2014-02-26,200.0,0.0,13.7,71.2,0.0,21.2,0.0
2014-02-27,201.0,0.4,14.1,71.1,0.3,21.3,0.3
2014-02-28,192.0,0.0,12.8,71.0,0.0,21.1,0.0
2014-03-01,212.0,35.0,11.4,73.3,31.4,21.4,31.4
2014-03-02,1710.0,13.2,8.2,74.1,18.2,21.3,18.2
2014-03-03,2500.0,0.0,10.6,71.9,0.0,20.7,0.0
2014-03-04,1320.0,0.0,12.2,70.4,0.0,20.6,0.0
2014-03-05,805.0,0.0,11.8,69.5,0.0,20.5,0.0
2014-03-06,525.0,0.0,13.3,69.6,0.0,20.8,0.0
2014-03-07,377.0,0.0,14.2,69.9,0.0,20.9,0.0
2014-03-08,296.0,0.0,10.7,69.0,0.0,20.9,0.0
2014-03-09,250.0,0.0,11.3,68.2,0.0,21.0,0.0
2014-03-10,224.0,0.0,12.1,68.6,0.0,21.1,0.0
2014-03-11,206.0,0.0,13.7,68.4,0.0,21.1,0.0
2014-03-12,190.0,0.0,10.6,68.0,0.0,21.3,0.0
2014-03-13,184.0,0.0,13.3,68.6,0.1,21.1,0.1
2014-03-14,175.0,0.2,13.1,69.1,0.2,21.1,0.2
2014-03-15,166.0,0.3,12.7,68.5,0.0,21.1,0.0
2014-03-16,157.0,0.0,12.9,67.5,0.0,21.2,0.0
2014-03-17,158.0,0.0,15.9,67.6,0.0,21.3,0.0
2014-03-18,157.0,0.0,12.3,67.8,0.0,21.2,0.0
2014-03-19,156.0,0.0,11.2,67.2,0.0,21.3,0.0
2014-03-20,155.0,0.0,13.6,67.2,0.0,21.2,0.0
2014-03-21,154.0,0.0,15.4,68.6,0.0,21.0,0.0
2014-03-22,153.0,0.0,15.0,68.6,0.0,21.0,0.0
2014-03-23,146.0,0.0,15.6,68.5,0.0,21.3,0.0
2014-03-24,134.0,0.0,16.0,68.4,0.0,21.4,0.0
2014-03-25,122.0,0.0,15.5,68.4,0.0,21.4,0.0
2014-03-26,128.0,1.9,15.0,68.4,0.2,21.3,0.2
2014-03-27,126.0,0.0,12.9,68.4,0.1,21.4,0.1
2014-03-28,122.0,0.0,13.3,69.5,0.0,21.6,0.0
2014-03-29,117.0,0.0,15.1,69.2,0.0,21.2,0.0
2014-03-30,117.0,0.0,17.1,69.1,0.0,21.1,0.0
2014-03-31,111.0,0.0,13.7,68.8,0.0,21.1,0.0
2014-04-01,115.0,0.0,13.8,68.5,0.0,20.9,0.0
2014-04-02,104.0,0.1,11.1,68.7,0.5,21.1,0.5
2014-04-03,115.0,1.1,7.8,68.9,2.1,21.1,2.1
2014-04-04,116.0,0.0,11.9,69.8,0.0,21.1,0.0
2014-04-05,113.0,0.3,13.6,69.8,0.0,21.1,0.0
2014-04-06,117.0,0.8,12.9,69.6,0.0,21.4,0.0
2014-04-07,115.0,0.0,15.6,69.2,0.0,21.4,0.0
2014-04-08,112.0,0.0,18.6,69.0,0.0,21.3,0.0
2014-04-09,111.0,0.0,20.9,68.5,0.0,21.1,0.0
2014-04-10,111.0,0.0,21.9,68.0,0.0,21.1,0.0
2014-04-11,104.0,0.0,22.2,67.9,0.0,21.1,0.0
2014-04-12,102.0,0.0,20.5,68.3,0.0,21.0,0.0
2014-04-13,109.0,0.2,18.0,67.9,0.7,21.2,0.7
2014-04-14,107.0,0.0,15.0,67.2,0.0,21.3,0.0
2014-04-15,102.0,0.0,14.8,67.2,0.0,21.5,0.0
2014-04-16,106.0,0.0,19.6,67.2,0.0,21.1,0.0
2014-04-17,105.0,0.0,19.8,67.5,0.0,20.6,0.0
2014-04-18,102.0,0.0,19.7,66.8,0.0,20.7,0.0
2014-04-19,106.0,0.0,17.5,68.3,0.0,20.7,0.0
2014-04-20,113.0,0.0,19.5,67.9,0.0,20.7,0.0
2014-04-21,112.0,0.0,22.2,67.7,0.0,20.7,0.0
2014-04-22,107.0,0.0,23.1,67.0,0.0,20.8,0.0
2014-04-23,101.0,0.0,20.1,66.7,0.0,20.7,0.0
2014-04-24,93.7,0.0,18.9,66.0,0.0,20.5,0.0
2014-04-25,85.6,0.0,19.9,65.9,0.0,20.5,0.0
2014-04-26,88.2,6.8,14.6,69.0,7.6,20.9,7.6
2014-04-27,112.0,0.0,13.3,70.1,0.0,20.6,0.0
2014-04-28,125.0,0.0,16.2,68.4,0.0,20.7,0.0
2014-04-29,120.0,0.0,15.0,67.7,0.0,20.5,0.0
2014-04-30,111.0,0.0,14.4,65.8,0.0,20.4,0.0
2014-05-01,104.0,0.0,16.9,64.7,0.0,20.2,0.0
2014-05-02,97.7,0.0,18.9,65.0,0.0,20.4,0.0
2014-05-03,92.5,0.0,23.5,64.7,0.0,20.3,0.0
2014-05-04,85.1,0.0,24.5,64.8,0.0,20.2,0.0
2014-05-05,86.6,0.0,23.5,65.9,0.0,19.9,0.0
2014-05-06,78.1,0.0,19.6,65.1,0.0,19.9,0.0
2014-05-07,76.3,0.0,14.1,65.0,0.0,20.2,0.0
2014-05-08,77.2,0.5,15.8,66.8,0.4,20.3,0.4
2014-05-09,81.5,0.0,19.0,66.0,0.0,20.3,0.0
2014-05-10,74.2,0.0,20.6,65.7,0.0,20.0,0.0
2014-05-11,70.6,0.0,18.1,65.5,0.0,19.8,0.0
2014-05-12,76.9,0.0,15.3,65.2,0.0,19.8,0.0
2014-05-13,80.5,0.0,16.6,65.7,0.0,19.7,0.0
2014-05-14,79.5,0.0,17.6,65.0,0.0,19.7,0.0
2014-05-15,76.0,0.0,20.4,65.1,0.0,19.6,0.0
2014-05-16,68.7,0.0,25.1,65.1,0.0,19.4,0.0
2014-05-17,64.6,0.0,26.7,64.9,0.0,18.8,0.0
2014-05-18,60.5,0.0,25.9,64.2,0.0,19.0,0.0
2014-05-19,59.3,0.0,23.4,63.5,0.0,18.9,0.0
2014-05-20,60.8,0.0,22.1,63.2,0.0,18.9,0.0
2014-05-21,62.5,0.0,21.1,63.2,0.0,18.9,0.0
2014-05-22,61.8,0.0,20.5,63.4,0.0,19.1,0.0
2014-05-23,57.8,0.0,19.8,63.8,0.0,19.2,0.0
2014-05-24,56.8,0.0,19.8,65.2,0.0,19.2,0.0
2014-05-25,61.5,0.5,21.1,66.5,0.0,19.1,0.0
2014-05-26,65.1,0.0,25.2,65.6,0.0,18.9,0.0
2014-05-27,70.2,0.0,28.3,64.3,0.0,18.9,0.0
2014-05-28,64.7,0.0,28.8,64.2,0.0,18.8,0.0
2014-05-29,57.6,0.2,26.0,65.0,0.4,19.0,0.4
2014-05-30,53.2,0.0,25.3,64.9,0.0,18.9,0.0
2014-05-31,56.3,0.0,28.3,64.7,0.0,18.7,0.0
2014-06-01,50.8,0.0,28.3,63.8,0.0,18.6,0.0
2014-06-02,48.5,0.0,28.6,62.9,0.0,18.4,0.0
2014-06-03,55.6,0.0,29.3,62.2,0.0,18.2,0.0
2014-06-04,50.9,0.0,28.6,61.5,0.0,18.4,0.0
2014-06-05,46.3,0.0,28.2,62.0,0.0,18.4,0.0
2014-06-06,45.1,0.0,28.7,62.1,0.0,18.3,0.0
2014-06-07,44.6,0.0,28.6,61.7,0.0,18.2,0.0
2014-06-08,46.8,0.0,27.9,61.5,0.0,18.0,0.0
2014-06-09,42.3,0.0,28.1,61.0,0.0,18.0,0.0
2014-06-10,38.3,0.0,29.1,60.7,0.0,17.8,0.0
2014-06-11,40.3,0.0,28.0,60.7,0.0,17.8,0.0
2014-06-12,39.4,0.0,28.2,60.6,0.0,17.8,0.0
2014-06-13,37.6,0.0,28.9,60.5,0.0,17.7,0.0
2014-06-14,36.5,0.0,27.4,60.3,0.0,17.6,0.0
2014-06-15,44.1,0.0,27.0,60.3,0.0,18.1,0.0
2014-06-16,47.2,0.0,25.5,60.6,0.0,18.3,0.0
2014-06-17,42.8,0.0,26.2,61.7,0.0,17.4,0.0
2014-06-18,38.7,0.0,25.5,60.4,0.0,17.7,0.0
2014-06-19,35.6,0.0,25.8,59.7,0.0,17.9,0.0
2014-06-20,38.5,0.0,28.0,60.3,0.0,17.8,0.0
2014-06-21,37.0,0.0,29.6,61.2,0.0,17.8,0.0
2014-06-22,37.9,0.0,29.4,60.8,0.0,17.6,0.0
2014-06-23,38.4,0.0,29.1,60.7,0.0,17.8,0.0
2014-06-24,42.0,0.0,29.0,60.8,0.0,17.7,0.0
2014-06-25,44.1,0.0,29.0,61.1,0.0,17.7,0.0
2014-06-26,32.9,0.0,28.8,61.4,0.0,17.8,0.0
2014-06-27,31.5,0.0,27.0,61.5,0.0,17.7,0.0
2014-06-28,30.0,0.0,29.0,62.4,0.0,17.6,0.0
2014-06-29,30.8,0.0,30.5,62.3,0.0,17.7,0.0
2014-06-30,37.6,0.0,31.0,62.1,0.0,17.7,0.0
2014-07-01,38.6,0.0,32.0,61.5,0.0,18.0,0.0
2014-07-02,36.3,0.4,32.2,62.8,0.0,17.9,0.0
2014-07-03,28.1,0.0,31.9,63.0,0.0,17.6,0.0
2014-07-04,33.0,0.0,29.1,64.8,0.0,17.7,0.0
2014-07-05,37.9,1.7,27.8,66.4,0.1,18.1,0.1
2014-07-06,45.6,0.0,28.1,67.5,0.6,18.4,0.6
2014-07-07,58.9,4.5,27.9,69.5,1.7,18.5,1.7
2014-07-08,84.1,2.2,28.2,70.3,1.3,18.3,1.3
2014-07-09,93.9,10.5,26.5,68.5,3.0,18.1,3.0
2014-07-10,89.7,4.2,25.7,68.7,0.9,18.3,0.9
2014-07-11,77.0,1.5,27.1,69.1,1.7,18.6,1.7
2014-07-12,79.1,0.2,29.7,68.8,0.6,18.0,0.6
2014-07-13,73.4,2.0,29.3,68.4,0.2,18.6,0.2
2014-07-14,72.9,1.9,27.2,69.5,2.1,19.2,2.1
2014-07-15,99.0,1.4,27.6,73.9,0.0,26.1,0.0
2014-07-16,101.0,7.0,27.1,79.1,0.1,20.8,0.1
2014-07-17,103.0,0.0,28.5,75.1,0.0,19.3,0.0
2014-07-18,87.9,0.0,29.0,70.2,0.0,18.8,0.0
2014-07-19,74.9,0.2,29.1,69.6,0.2,19.1,0.2
2014-07-20,67.7,0.1,29.4,69.2,0.0,19.2,0.0
2014-07-21,64.9,0.0,29.7,68.3,0.0,18.8,0.0
2014-07-22,59.8,0.0,31.0,67.3,0.0,18.8,0.0
2014-07-23,59.9,0.0,32.0,67.9,0.0,18.7,0.0
2014-07-24,56.5,0.9,31.1,68.4,0.3,18.7,0.3
2014-07-25,122.0,0.0,30.0,70.3,0.0,19.1,0.0
2014-07-26,84.0,0.0,31.0,70.1,0.0,18.8,0.0
2014-07-27,89.6,1.1,31.0,69.4,0.9,18.3,0.9
2014-07-28,95.3,10.0,28.2,69.2,2.4,37.8,2.4
2014-07-29,92.5,4.1,26.6,79.3,0.0,20.4,0.0
2014-07-30,91.5,0.0,30.2,78.6,0.0,18.3,0.0
2014-07-31,82.8,2.2,30.9,72.5,1.1,33.1,1.1
2014-08-01,73.0,1.2,27.8,74.7,0.0,26.1,0.0
2014-08-02,88.3,2.5,26.0,86.5,2.9,20.0,2.9
2014-08-03,108.0,9.7,24.0,88.8,7.4,22.1,7.4
2014-08-04,124.0,0.0,25.4,98.5,0.1,23.6,0.1
2014-08-05,130.0,0.0,26.6,87.5,0.0,20.5,0.0
2014-08-06,120.0,0.0,27.9,83.7,0.0,19.1,0.0
2014-08-07,93.1,0.0,28.2,80.2,0.0,18.6,0.0
2014-08-08,77.9,0.0,27.7,79.1,0.0,18.5,0.0
2014-08-09,70.4,0.2,28.3,79.5,0.0,18.3,0.0
2014-08-10,64.1,0.0,28.9,79.2,0.0,18.3,0.0
2014-08-11,70.8,0.0,29.8,78.4,0.0,18.7,0.0
2014-08-12,135.0,0.0,28.3,78.9,0.2,20.0,0.2
2014-08-13,148.0,21.0,22.5,80.6,21.1,37.6,21.1
2014-08-14,269.0,0.0,24.3,80.6,0.0,24.8,0.0
2014-08-15,235.0,0.4,25.8,80.6,1.4,21.4,1.4
2014-08-16,183.0,0.0,28.2,81.2,0.0,20.2,0.0
2014-08-17,152.0,0.0,29.2,80.6,0.0,19.4,0.0
2014-08-18,134.0,1.1,28.3,80.9,0.0,19.5,0.0
2014-08-19,260.0,27.7,22.0,91.4,30.8,153.0,30.8
2014-08-20,418.0,2.4,21.5,271.0,2.3,54.0,2.3
2014-08-21,452.0,1.1,22.8,117.0,1.1,26.0,1.1
2014-08-22,739.0,1.9,21.1,89.8,0.5,22.8,0.5
2014-08-23,417.0,0.0,22.7,81.5,0.0,21.7,0.0
2014-08-24,321.0,0.0,24.4,77.2,0.0,21.4,0.0
2014-08-25,247.0,0.0,25.2,75.2,0.0,21.2,0.0
2014-08-26,216.0,2.8,25.0,79.2,2.4,21.7,2.4
2014-08-27,994.0,4.1,22.6,108.0,4.7,30.7,4.7
2014-08-28,1010.0,0.0,25.1,94.4,0.0,25.8,0.0
2014-08-29,445.0,0.0,25.8,81.0,0.0,22.1,0.0
2014-08-30,287.0,0.0,27.6,74.7,0.0,21.4,0.0
2014-08-31,218.0,0.0,28.6,72.1,0.0,21.1,0.0
2014-09-01,179.0,0.0,28.4,70.7,0.0,20.9,0.0
2014-09-02,148.0,0.0,28.5,69.6,0.0,20.9,0.0
2014-09-03,120.0,0.0,28.6,68.8,0.0,20.7,0.0
2014-09-04,111.0,0.4,27.5,69.5,0.9,21.4,0.9
2014-09-05,115.0,2.7,26.3,73.6,0.0,20.9,0.0
2014-09-06,125.0,0.3,26.2,70.6,0.0,21.0,0.0
2014-09-07,127.0,0.0,27.5,69.3,0.0,20.9,0.0
2014-09-08,162.0,16.9,23.1,71.4,16.8,21.5,16.8
2014-09-09,182.0,5.3,21.7,74.9,10.1,21.7,10.1
2014-09-10,182.0,0.1,23.0,83.9,0.3,20.7,0.3
2014-09-11,174.0,0.0,23.9,75.5,0.0,20.5,0.0
2014-09-12,156.0,0.0,24.9,69.8,0.0,20.2,0.0
2014-09-13,137.0,0.0,25.9,68.8,0.0,20.0,0.0
2014-09-14,128.0,0.0,26.5,68.4,0.0,20.0,0.0
2014-09-15,133.0,0.4,27.4,68.3,0.0,19.9,0.0
2014-09-16,157.0,1.2,25.2,68.5,1.3,21.6,1.3
2014-09-17,194.0,3.6,22.9,70.3,1.0,24.9,1.0
2014-09-18,176.0,0.0,23.1,79.3,0.1,20.4,0.1
2014-09-19,183.0,1.0,24.0,72.7,1.2,19.7,1.2
2014-09-20,158.0,0.1,25.4,70.0,0.4,19.7,0.4
2014-09-21,210.0,5.4,24.8,104.0,1.3,19.6,1.3
2014-09-22,166.0,0.0,24.8,74.3,0.0,19.4,0.0
2014-09-23,144.0,0.0,25.6,70.3,0.0,19.4,0.0
2014-09-24,111.0,0.0,25.4,69.2,0.0,19.3,0.0
2014-09-25,99.7,0.0,27.1,67.7,0.0,18.9,0.0
2014-09-26,102.0,0.0,26.8,67.2,0.0,19.1,0.0
2014-09-27,104.0,33.8,21.4,76.3,33.2,22.6,33.2
2014-09-28,186.0,15.0,17.7,96.3,14.9,20.1,14.9
2014-09-29,242.0,0.0,18.1,75.5,0.0,19.5,0.0
2014-09-30,225.0,0.0,18.3,71.4,0.0,19.4,0.0
2014-10-01,175.0,0.0,19.4,69.9,0.0,18.9,0.0
2014-10-02,151.0,0.0,17.6,68.0,0.0,18.8,0.0
2014-10-03,137.0,0.0,17.9,66.9,0.0,18.9,0.0
2014-10-04,128.0,0.0,19.9,66.1,0.0,18.9,0.0
2014-10-05,119.0,0.0,22.3,66.1,0.0,19.0,0.0
2014-10-06,114.0,0.0,21.3,66.1,0.0,18.9,0.0
2014-10-07,109.0,0.0,21.9,66.1,0.0,18.6,0.0
2014-10-08,109.0,1.5,19.9,66.9,0.6,18.8,0.6
2014-10-09,121.0,10.8,17.8,69.9,8.9,19.1,8.9
2014-10-10,131.0,0.0,18.8,69.1,0.0,28.9,0.0
2014-10-11,128.0,0.0,20.2,75.6,0.0,21.5,0.0
2014-10-12,125.0,0.0,21.0,72.7,0.0,19.7,0.0
2014-10-13,123.0,0.0,16.6,69.1,0.0,19.0,0.0
2014-10-14,119.0,0.0,17.5,68.3,0.0,18.9,0.0
2014-10-15,116.0,0.0,20.8,68.0,0.0,18.9,0.0
2014-10-16,120.0,0.0,20.6,67.9,0.0,18.9,0.0
2014-10-17,122.0,0.0,19.8,68.4,0.0,19.0,0.0
2014-10-18,124.0,0.2,20.3,68.4,0.1,19.1,0.1
2014-10-19,124.0,1.2,19.4,68.4,0.5,19.2,0.5
2014-10-20,127.0,0.3,17.8,68.4,0.6,19.3,0.6
2014-10-21,125.0,0.0,19.3,68.4,0.0,19.3,0.0
2014-10-22,124.0,0.0,20.0,68.4,0.0,19.3,0.0
2014-10-23,124.0,0.0,20.3,68.4,0.0,19.6,0.0
2014-10-24,119.0,0.0,21.0,68.4,0.0,19.6,0.0
2014-10-25,119.0,0.0,21.9,68.4,0.0,19.6,0.0
2014-10-26,124.0,0.0,21.4,68.4,0.0,19.7,0.0
2014-10-27,129.0,0.0,19.0,68.4,0.0,19.8,0.0
2014-10-28,124.0,0.0,18.6,68.4,0.0,20.0,0.0
2014-10-29,115.0,0.0,18.8,68.4,0.0,20.0,0.0
2014-10-30,122.0,0.0,18.9,68.4,0.0,20.0,0.0
2014-10-31,123.0,0.0,20.9,68.4,0.0,20.2,0.0
2014-11-01,130.0,0.0,17.3,68.4,0.3,20.4,0.3
2014-11-02,132.0,1.5,13.4,68.4,6.6,20.5,6.6
2014-11-03,137.0,0.0,11.2,68.4,0.0,20.4,0.0
2014-11-04,138.0,0.0,10.1,68.4,0.0,20.3,0.0
2014-11-05,136.0,0.0,11.0,68.4,0.0,20.7,0.0
2014-11-06,133.0,0.0,12.8,68.4,0.0,20.8,0.0
2014-11-07,130.0,0.0,15.0,68.4,0.0,20.9,0.0
2014-11-08,131.0,0.0,15.7,68.8,0.0,20.9,0.0
2014-11-09,137.0,0.0,16.4,69.5,0.0,21.1,0.0
2014-11-10,145.0,0.0,16.7,69.6,0.0,21.3,0.0
2014-11-11,138.0,0.0,15.3,69.6,0.0,21.3,0.0
2014-11-12,129.0,0.0,15.0,69.6,0.0,21.3,0.0
2014-11-13,135.0,0.0,14.0,69.6,0.0,21.5,0.0
2014-11-14,140.0,0.1,13.2,69.6,0.1,21.8,0.1
2014-11-15,144.0,0.0,12.8,70.5,0.5,21.9,0.5
2014-11-16,142.0,0.4,10.2,70.3,0.6,21.8,0.6
2014-11-17,151.0,0.0,4.8,69.6,0.0,22.0,0.0
2014-11-18,171.0,0.0,6.1,70.4,0.0,22.1,0.0
2014-11-19,169.0,0.0,9.0,70.8,0.0,22.3,0.0
2014-11-20,168.0,0.0,11.6,70.8,0.0,22.3,0.0
2014-11-21,174.0,0.0,11.1,71.1,0.0,22.4,0.0
2014-11-22,174.0,0.0,9.7,72.0,0.0,22.3,0.0
2014-11-23,172.0,0.0,10.2,72.0,0.0,22.4,0.0
2014-11-24,173.0,0.0,6.9,72.0,0.0,22.4,0.0
2014-11-25,171.0,0.0,7.0,72.0,0.0,22.4,0.0
2014-11-26,173.0,0.0,10.9,72.0,0.0,22.5,0.0
2014-11-27,178.0,0.0,12.0,72.0,0.0,22.6,0.0
2014-11-28,184.0,0.0,15.6,73.0,0.0,22.6,0.0
2014-11-29,178.0,0.0,15.1,74.0,0.0,22.6,0.0
2014-11-30,175.0,0.0,13.5,74.0,0.0,22.6,0.0
2014-12-01,176.0,0.0,10.6,76.0,0.0,22.6,0.0
2014-12-02,187.0,0.0,11.4,76.2,0.0,22.8,0.0
2014-12-03,195.0,7.1,11.6,77.2,3.7,23.5,3.7
2014-12-04,221.0,18.3,11.4,84.2,17.5,25.3,17.5
2014-12-05,258.0,0.0,11.3,84.4,0.0,23.5,0.0
2014-12-06,290.0,0.0,11.2,80.2,0.0,22.9,0.0
2014-12-07,243.0,0.0,10.5,78.4,0.0,22.8,0.0
2014-12-08,221.0,0.0,10.1,78.4,0.0,22.7,0.0
2014-12-09,215.0,0.0,11.8,77.6,0.0,22.9,0.0
2014-12-10,209.0,0.0,11.5,77.3,0.0,22.9,0.0
2014-12-11,207.0,0.0,12.6,77.4,0.0,22.9,0.0
2014-12-12,202.0,0.0,13.1,76.6,0.0,22.7,0.0
2014-12-13,206.0,15.5,10.1,80.5,19.4,23.2,19.4
2014-12-14,220.0,0.0,6.1,80.0,0.0,22.9,0.0
2014-12-15,281.0,0.0,6.1,78.2,0.0,22.9,0.0
2014-12-16,258.0,0.0,9.0,77.3,0.0,22.9,0.0
2014-12-17,237.0,3.5,6.6,77.7,3.9,23.0,3.9
2014-12-18,228.0,2.5,5.7,77.8,4.4,22.9,4.4
2014-12-19,225.0,0.0,5.1,77.3,0.0,23.0,0.0
2014-12-20,226.0,0.0,6.5,77.3,0.0,23.0,0.0
2014-12-21,219.0,0.0,7.6,76.8,0.0,23.1,0.0
2014-12-22,217.0,0.0,9.5,77.1,0.0,23.1,0.0
2014-12-23,216.0,0.0,8.5,77.3,0.0,23.0,0.0
2014-12-24,212.0,0.0,4.8,76.9,0.0,23.1,0.0
2014-12-25,220.0,0.0,5.9,76.2,0.1,23.0,0.1
2014-12-26,215.0,0.0,2.1,76.2,0.0,23.1,0.0
2014-12-27,212.0,0.0,2.2,75.9,0.0,23.1,0.0
2014-12-28,209.0,0.0,2.1,75.2,0.0,23.3,0.0
2014-12-29,208.0,0.0,3.1,76.0,0.0,23.2,0.0
2014-12-30,207.0,0.0,4.4,75.9,0.0,23.2,0.0
2014-12-31,218.0,16.8,2.8,77.4,16.7,23.7,16.7
2015-01-01,224.0,5.2,-2.4,79.5,10.2,23.5,10.2
2015-01-02,220.0,0.0,-7.6,78.2,0.0,23.3,0.0
2015-01-03,217.0,0.0,-6.4,77.3,0.0,23.3,0.0
2015-01-04,212.0,0.0,-1.6,77.3,0.0,23.4,0.0
2015-01-05,212.0,0.0,3.3,77.1,0.0,23.6,0.0
2015-01-06,212.0,0.0,4.0,76.2,0.0,23.7,0.0
2015-01-07,213.0,0.0,4.9,76.2,0.0,23.7,0.0
2015-01-08,212.0,0.0,8.1,76.1,0.0,23.2,0.0
2015-01-09,209.0,0.0,9.0,75.9,0.0,23.2,0.0
2015-01-10,214.0,8.7,10.0,76.2,7.6,23.2,7.6
2015-01-11,221.0,5.1,7.2,76.6,1.1,23.1,1.1
2015-01-12,235.0,6.3,8.0,78.6,4.4,23.5,4.4
2015-01-13,276.0,5.7,8.6,98.8,7.0,24.2,7.0
2015-01-14,803.0,0.0,5.9,182.0,0.0,23.6,0.0
2015-01-15,832.0,0.0,5.5,102.0,0.0,23.3,0.0
2015-01-16,597.0,0.0,5.8,81.0,0.0,23.1,0.0
2015-01-17,438.0,0.0,9.3,74.2,0.0,23.1,0.0
2015-01-18,363.0,0.0,9.6,72.5,0.0,23.1,0.0
2015-01-19,315.0,0.0,10.8,71.6,0.0,23.1,0.0
2015-01-20,290.0,0.0,10.6,70.8,0.0,23.1,0.0
2015-01-21,275.0,0.0,9.6,71.8,0.3,23.1,0.3
2015-01-22,262.0,0.0,4.7,70.0,0.0,23.0,0.0
2015-01-23,253.0,0.0,4.4,69.6,0.0,23.0,0.0
2015-01-24,243.0,0.0,5.6,69.6,0.0,23.1,0.0
2015-01-25,234.0,0.0,6.9,69.6,0.0,23.1,0.0
2015-01-26,226.0,0.0,8.7,69.6,0.0,23.1,0.0
2015-01-27,223.0,3.2,11.5,70.5,4.0,23.6,4.0
2015-01-28,218.0,0.0,11.2,70.8,0.0,23.4,0.0
2015-01-29,217.0,0.0,11.6,70.9,0.0,23.6,0.0
2015-01-30,230.0,21.0,10.9,77.6,18.4,25.1,18.4
2015-01-31,511.0,3.6,9.6,95.1,6.1,24.9,6.1
2015-02-01,2130.0,0.0,9.4,96.8,0.0,24.2,0.0
2015-02-02,1030.0,0.0,10.4,96.8,0.0,24.2,0.0
2015-02-03,650.0,0.0,12.3,93.2,0.0,24.1,0.0
2015-02-04,468.0,0.0,13.3,79.3,0.0,24.1,0.0
2015-02-05,381.0,0.0,12.6,72.1,0.0,24.1,0.0
2015-02-06,324.0,0.0,13.9,70.0,0.0,24.1,0.0
2015-02-07,291.0,0.0,14.3,68.9,0.0,24.0,0.0
2015-02-08,273.0,0.0,14.9,68.4,0.0,24.1,0.0
2015-02-09,258.0,0.0,15.5,68.4,0.0,24.2,0.0
2015-02-10,245.0,0.0,15.4,68.4,0.0,24.1,0.0
2015-02-11,239.0,0.0,11.4,68.4,0.0,24.3,0.0
2015-02-12,233.0,0.0,10.3,68.4,0.0,24.3,0.0
2015-02-13,226.0,0.0,11.9,68.4,0.0,24.5,0.0
2015-02-14,225.0,0.0,14.4,68.4,0.0,24.6,0.0
2015-02-15,214.0,0.0,17.1,68.4,0.0,24.8,0.0
2015-02-16,209.0,0.0,13.6,68.4,0.0,24.9,0.0
2015-02-17,200.0,0.0,10.4,68.4,0.0,24.9,0.0
2015-02-18,195.0,0.0,12.3,68.4,0.0,24.7,0.0
2015-02-19,195.0,0.0,14.6,68.4,0.0,24.9,0.0
2015-02-20,190.0,0.0,13.9,68.4,0.0,24.9,0.0
2015-02-21,197.0,0.0,13.7,68.4,0.0,24.9,0.0
2015-02-22,195.0,0.0,11.3,68.4,0.0,24.9,0.0
2015-02-23,199.0,20.3,9.8,231.0,18.1,25.5,18.1
2015-02-24,914.0,2.8,6.6,105.0,3.2,25.3,3.2
2015-02-25,873.0,0.0,7.0,82.4,0.0,25.4,0.0
2015-02-26,585.0,0.0,9.6,86.8,0.0,25.6,0.0
2015-02-27,478.0,0.0,10.6,72.1,0.0,25.4,0.0
2015-02-28,409.0,2.2,9.4,69.6,4.9,25.4,4.9
2015-03-01,1160.0,20.5,9.0,94.1,19.4,28.4,19.4
2015-03-02,8020.0,27.9,8.4,1350.0,24.0,29.2,24.0
2015-03-03,14600.0,1.7,6.0,2470.0,5.1,291.0,5.1
2015-03-04,5440.0,0.2,5.5,1250.0,0.0,116.0,0.0
2015-03-05,2800.0,0.0,5.1,731.0,0.0,44.9,0.0
2015-03-06,1780.0,0.0,7.0,470.0,0.0,28.0,0.0
2015-03-07,1310.0,0.0,8.9,327.0,0.0,24.4,0.0
2015-03-08,1070.0,0.0,12.2,269.0,0.0,23.2,0.0
2015-03-09,968.0,0.0,13.0,249.0,0.0,22.6,0.0
2015-03-10,901.0,0.0,11.7,202.0,0.0,22.2,0.0
2015-03-11,785.0,0.0,13.2,147.0,0.0,22.1,0.0
2015-03-12,656.0,0.0,15.3,112.0,0.0,21.9,0.0
2015-03-13,541.0,0.0,12.8,85.9,0.2,21.6,0.2
2015-03-14,462.0,0.0,14.2,76.5,0.0,21.4,0.0
2015-03-15,407.0,0.0,15.1,73.3,0.0,21.4,0.0
2015-03-16,352.0,0.0,16.3,72.0,0.0,21.1,0.0
2015-03-17,298.0,0.0,17.7,71.2,0.0,21.0,0.0
2015-03-18,259.0,0.0,17.6,70.8,0.1,20.8,0.1
2015-03-19,244.0,7.9,12.9,70.7,7.4,20.9,7.4
2015-03-20,234.0,0.0,12.5,70.0,0.4,20.7,0.4
2015-03-21,214.0,0.0,14.9,69.6,0.0,20.7,0.0
2015-03-22,196.0,0.0,16.8,69.6,0.0,20.7,0.0
2015-03-23,181.0,0.0,16.9,69.6,0.0,20.7,0.0
2015-03-24,172.0,0.0,15.7,69.6,0.0,20.7,0.0
2015-03-25,163.0,0.0,16.7,68.9,0.0,20.7,0.0
2015-03-26,155.0,0.0,15.2,68.7,0.0,20.6,0.0
2015-03-27,137.0,0.0,17.6,68.6,0.0,20.6,0.0
2015-03-28,128.0,0.0,20.2,68.5,0.0,20.6,0.0
2015-03-29,118.0,0.0,20.5,68.4,0.0,20.6,0.0
2015-03-30,107.0,0.0,20.7,68.4,0.0,20.5,0.0
2015-03-31,102.0,0.0,21.1,68.3,0.0,20.5,0.0
2015-04-01,99.9,0.0,19.9,68.1,0.0,20.5,0.0
2015-04-02,97.6,0.0,18.0,68.0,0.0,20.5,0.0
2015-04-03,94.9,0.0,14.3,67.5,0.0,20.3,0.0
2015-04-04,99.0,0.0,16.5,68.0,0.0,20.4,0.0
2015-04-05,101.0,0.0,18.2,67.8,0.0,20.3,0.0
2015-04-06,99.4,0.0,16.8,67.7,0.0,20.2,0.0
2015-04-07,98.3,0.0,15.7,68.0,0.0,20.2,0.0
2015-04-08,93.7,0.0,14.6,68.9,0.0,20.2,0.0
2015-04-09,89.7,0.0,12.8,69.1,0.0,20.1,0.0
2015-04-10,89.1,0.0,16.2,69.3,0.0,20.1,0.0
2015-04-11,89.0,0.0,17.8,69.4,0.0,20.3,0.0
2015-04-12,86.7,0.0,18.6,69.6,0.0,20.1,0.0
2015-04-13,88.0,0.0,19.3,69.1,0.0,19.9,0.0
2015-04-14,88.4,0.1,20.5,69.1,0.1,19.9,0.1
2015-04-15,87.1,0.0,16.0,68.9,0.0,19.8,0.0
2015-04-16,88.2,0.0,10.7,70.5,0.0,19.8,0.0
2015-04-17,91.9,0.9,12.0,71.0,0.0,19.9,0.0
2015-04-18,101.0,0.0,16.5,71.0,0.0,19.8,0.0
2015-04-19,104.0,0.0,19.1,71.0,0.0,19.7,0.0
2015-04-20,95.1,0.0,20.1,71.9,0.0,19.7,0.0
2015-04-21,92.5,0.0,20.1,73.0,0.0,19.5,0.0
2015-04-22,89.0,0.0,18.3,73.2,0.0,19.6,0.0
2015-04-23,94.1,0.0,16.8,72.6,0.0,19.5,0.0
2015-04-24,92.9,0.7,14.6,73.5,0.2,19.5,0.2
2015-04-25,99.4,1.0,14.0,74.1,2.0,19.8,2.0
2015-04-26,120.0,11.9,12.1,76.9,11.9,20.3,11.9
2015-04-27,130.0,0.0,14.2,74.8,0.0,19.7,0.0
2015-04-28,134.0,0.0,17.3,73.6,0.0,19.7,0.0
2015-04-29,120.0,0.0,19.9,73.4,0.0,19.6,0.0
2015-04-30,107.0,0.0,22.7,73.2,0.0,19.5,0.0
2015-05-01,95.3,0.0,23.7,72.4,0.0,19.6,0.0
2015-05-02,88.1,0.0,24.3,72.3,0.0,19.5,0.0
2015-05-03,89.4,0.0,22.0,72.4,0.0,19.5,0.0
2015-05-04,92.4,4.8,19.8,73.8,3.3,19.7,3.3
2015-05-05,116.0,9.8,15.2,76.8,7.1,19.8,7.1
2015-05-06,135.0,0.1,17.7,75.8,0.0,19.4,0.0
2015-05-07,152.0,0.2,15.9,73.5,0.3,19.1,0.3
2015-05-08,134.0,3.9,13.5,73.9,5.3,19.1,5.3
2015-05-09,130.0,3.7,10.1,74.3,4.0,19.4,4.0
2015-05-10,137.0,0.0,15.1,73.3,0.0,19.0,0.0
2015-05-11,136.0,0.0,18.1,72.7,0.0,18.7,0.0
2015-05-12,112.0,0.0,20.3,71.7,0.0,18.5,0.0
2015-05-13,104.0,0.0,19.0,71.3,0.0,18.5,0.0
2015-05-14,102.0,1.0,18.8,72.6,0.9,18.7,0.9
2015-05-15,113.0,13.1,13.1,75.6,15.2,18.9,15.2
2015-05-16,145.0,14.2,10.5,76.6,13.3,19.0,13.3
2015-05-17,170.0,0.0,14.8,79.0,0.0,18.7,0.0
2015-05-18,181.0,0.0,17.1,77.2,0.2,18.6,0.2
2015-05-19,170.0,0.0,16.6,72.1,0.4,18.1,0.4
2015-05-20,156.0,0.0,17.8,71.3,0.0,18.1,0.0
2015-05-21,144.0,0.0,19.8,70.8,0.0,18.1,0.0
2015-05-22,124.0,1.5,16.5,71.3,0.5,18.1,0.5
2015-05-23,118.0,0.0,15.3,71.9,0.6,17.9,0.6
2015-05-24,118.0,1.5,16.4,72.3,0.8,17.9,0.8
2015-05-25,118.0,0.2,17.7,72.5,0.2,18.0,0.2
2015-05-26,120.0,0.0,21.1,70.2,0.0,17.6,0.0
2015-05-27,111.0,0.0,22.0,68.7,0.0,17.4,0.0
2015-05-28,98.7,0.0,22.5,67.9,0.0,17.5,0.0
2015-05-29,93.6,0.0,24.8,67.7,0.0,17.4,0.0
2015-05-30,84.4,0.0,25.3,69.3,0.0,17.3,0.0
2015-05-31,80.1,0.0,27.2,67.3,0.0,17.2,0.0
2015-06-01,81.8,0.0,28.0,67.8,0.0,17.2,0.0
2015-06-02,73.9,0.0,26.8,67.1,0.0,17.1,0.0
2015-06-03,71.6,0.0,25.6,66.3,0.0,17.1,0.0
2015-06-04,70.4,0.0,25.0,66.0,0.0,17.1,0.0
2015-06-05,66.9,5.9,21.4,66.7,4.3,17.3,4.3
2015-06-06,82.5,12.1,19.7,66.8,9.9,17.4,9.9
2015-06-07,103.0,0.0,22.4,65.7,0.0,17.3,0.0
2015-06-08,116.0,0.0,24.6,65.3,0.0,17.3,0.0
2015-06-09,111.0,0.8,26.1,65.9,0.8,17.7,0.8
2015-06-10,106.0,5.6,22.2,68.1,4.9,18.1,4.9
2015-06-11,102.0,0.7,24.2,68.4,0.0,17.7,0.0
2015-06-12,90.6,0.0,25.5,67.0,0.0,17.4,0.0
2015-06-13,78.9,1.0,26.9,66.6,1.3,17.5,1.3
2015-06-14,86.9,0.0,27.0,66.7,0.3,17.5,0.3
2015-06-15,91.4,0.0,29.2,65.9,0.0,17.5,0.0
2015-06-16,88.4,0.0,30.7,65.0,0.0,17.1,0.0
2015-06-17,78.3,0.0,31.0,63.9,0.0,17.1,0.0
2015-06-18,70.2,0.0,31.3,63.3,0.0,16.9,0.0
2015-06-19,60.2,0.0,31.8,62.2,0.0,16.9,0.0
2015-06-20,50.1,0.0,31.6,62.4,0.0,16.8,0.0
2015-06-21,52.7,0.0,31.7,62.4,0.0,16.7,0.0
2015-06-22,51.8,0.0,31.0,62.3,0.0,16.9,0.0
2015-06-23,51.0,0.0,31.8,61.7,0.0,17.1,0.0
2015-06-24,49.7,0.0,31.8,62.4,0.0,17.0,0.0
2015-06-25,51.5,0.0,32.4,62.6,0.0,17.0,0.0
2015-06-26,46.7,0.0,32.1,62.6,0.0,16.7,0.0
2015-06-27,40.2,0.0,31.4,62.3,0.0,16.8,0.0
2015-06-28,41.1,1.9,30.5,61.5,0.3,17.2,0.3
2015-06-29,42.0,0.0,29.9,62.2,0.0,17.5,0.0
2015-06-30,45.0,0.0,31.2,63.3,0.0,17.4,0.0
2015-07-01,49.8,0.3,29.4,63.5,0.2,17.1,0.2
2015-07-02,52.0,3.5,28.7,62.5,1.1,17.3,1.1
2015-07-03,55.5,2.9,30.2,62.7,0.1,17.2,0.1
2015-07-04,54.7,20.6,27.2,63.7,17.9,17.4,17.9
2015-07-05,108.0,2.1,25.3,64.4,0.4,18.2,0.4
2015-07-06,114.0,1.4,25.5,66.1,0.0,18.5,0.0
2015-07-07,108.0,0.0,27.3,65.9,0.0,18.1,0.0
2015-07-08,112.0,2.0,27.7,64.8,0.0,17.8,0.0
2015-07-09,108.0,0.0,25.5,63.1,0.2,17.4,0.2
2015-07-10,92.1,0.0,24.7,61.8,0.0,17.3,0.0
2015-07-11,81.9,0.1,25.9,61.5,0.0,17.3,0.0
2015-07-12,70.8,0.0,28.0,61.7,0.0,17.1,0.0
2015-07-13,66.0,0.0,29.3,61.5,0.0,17.0,0.0
2015-07-14,63.0,2.3,27.2,62.0,2.7,17.6,2.7
2015-07-15,64.9,0.0,28.7,63.1,0.0,17.2,0.0
2015-07-16,71.7,0.4,28.8,62.7,0.0,17.0,0.0
2015-07-17,68.1,0.1,29.0,63.1,0.0,16.9,0.0
2015-07-18,268.0,5.3,27.0,106.0,5.1,18.9,5.1
2015-07-19,130.0,11.4,23.1,74.2,9.4,19.1,9.4
2015-07-20,236.0,4.7,24.6,69.1,0.5,17.8,0.5
2015-07-21,169.0,0.0,26.2,65.2,0.0,17.5,0.0
2015-07-22,147.0,0.0,27.8,62.9,0.0,17.3,0.0
2015-07-23,124.0,0.0,28.0,61.5,0.0,17.0,0.0
2015-07-24,106.0,0.0,28.2,61.2,0.0,17.1,0.0
2015-07-25,99.4,0.0,28.7,60.5,0.0,16.9,0.0
2015-07-26,90.2,0.0,29.9,60.0,0.0,16.8,0.0
2015-07-27,78.9,0.0,30.1,58.8,0.0,16.7,0.0
2015-07-28,68.8,0.0,29.6,58.0,0.0,16.7,0.0
2015-07-29,65.0,0.0,29.2,58.0,0.1,16.7,0.1
2015-07-30,63.3,0.0,27.9,60.0,0.3,17.1,0.3
2015-07-31,66.7,2.9,28.0,60.9,3.7,17.0,3.7
2015-08-01,70.4,0.7,28.1,60.8,0.0,17.2,0.0
2015-08-02,70.3,2.6,28.4,61.0,1.8,17.3,1.8
2015-08-03,75.7,0.7,27.5,60.2,0.4,17.0,0.4
2015-08-04,66.2,0.0,29.5,58.8,0.0,16.7,0.0
2015-08-05,57.7,0.0,31.1,57.1,0.0,16.6,0.0
2015-08-06,57.6,0.0,31.0,57.9,0.2,16.9,0.2
2015-08-07,57.7,0.8,28.3,59.3,2.5,17.0,2.5
2015-08-08,53.3,13.7,24.4,60.6,22.6,16.8,22.6
2015-08-09,52.8,2.1,26.1,65.2,0.4,17.4,0.4
2015-08-10,53.7,1.8,27.8,65.2,0.0,17.1,0.0
2015-08-11,60.2,3.8,25.1,63.4,4.0,18.4,4.0
2015-08-12,71.6,0.0,25.7,120.0,0.0,18.7,0.0
2015-08-13,82.0,0.0,28.2,82.1,0.0,17.5,0.0
2015-08-14,99.0,0.0,29.9,67.6,0.0,17.7,0.0
2015-08-15,89.6,0.3,30.2,64.7,0.2,17.4,0.2
2015-08-16,82.3,0.6,29.9,63.6,1.5,17.3,1.5
2015-08-17,77.6,0.0,31.2,61.7,0.0,17.2,0.0
2015-08-18,72.9,0.0,30.4,60.8,0.0,17.0,0.0
2015-08-19,68.1,0.0,30.2,59.6,0.0,16.8,0.0
2015-08-20,59.5,0.0,30.0,59.3,0.0,16.8,0.0
2015-08-21,55.2,0.0,29.5,58.8,0.0,16.9,0.0
2015-08-22,56.8,0.0,29.2,58.9,0.0,16.9,0.0
2015-08-23,58.4,0.0,29.6,60.0,0.0,17.5,0.0
2015-08-24,60.3,0.1,30.0,62.3,0.5,17.6,0.5
2015-08-25,78.0,1.7,28.0,61.9,1.4,17.6,1.4
2015-08-26,158.0,10.0,24.7,63.8,8.7,18.3,8.7
2015-08-27,190.0,1.7,26.1,64.3,1.0,18.1,1.0
2015-08-28,144.0,1.6,27.6,63.4,0.0,17.6,0.0
2015-08-29,124.0,0.0,28.8,62.1,0.0,17.6,0.0
2015-08-30,114.0,0.0,29.3,62.9,0.0,17.7,0.0
2015-08-31,112.0,0.0,28.5,170.0,0.0,17.8,0.0
2015-09-01,148.0,0.9,26.1,85.0,0.4,17.7,0.4
2015-09-02,190.0,0.0,27.0,66.9,0.3,17.6,0.3
2015-09-03,146.0,0.0,26.7,63.8,0.0,17.4,0.0
2015-09-04,127.0,0.2,24.8,63.8,0.3,17.5,0.3
2015-09-05,118.0,6.8,22.7,143.0,7.1,18.1,7.1
2015-09-06,186.0,3.5,22.6,66.9,3.8,21.3,3.8
2015-09-07,271.0,2.8,25.5,65.0,0.0,19.3,0.0
2015-09-08,179.0,0.0,25.1,65.9,0.0,18.0,0.0
2015-09-09,158.0,0.0,26.2,62.1,0.0,17.7,0.0
2015-09-10,143.0,0.0,26.6,60.7,0.0,17.7,0.0
2015-09-11,124.0,0.0,25.6,62.2,0.0,17.7,0.0
2015-09-12,112.0,0.0,27.7,61.5,0.0,17.6,0.0
2015-09-13,109.0,1.0,26.9,61.1,0.1,18.1,0.1
2015-09-14,105.0,5.3,23.7,61.9,2.8,20.8,2.8
2015-09-15,104.0,0.5,23.2,62.3,0.6,18.3,0.6
2015-09-16,103.0,0.3,22.3,63.4,0.7,17.8,0.7
2015-09-17,105.0,0.0,23.4,61.9,0.0,17.7,0.0
2015-09-18,95.7,0.0,23.9,61.1,0.0,17.7,0.0
2015-09-19,94.6,0.0,25.7,60.6,0.0,17.6,0.0
2015-09-20,91.3,0.0,26.7,60.4,0.0,17.5,0.0
2015-09-21,87.2,0.1,26.2,60.4,0.0,17.7,0.0
2015-09-22,102.0,7.5,21.9,61.5,5.0,18.0,5.0
2015-09-23,166.0,2.5,21.3,63.1,3.4,17.9,3.4
2015-09-24,134.0,0.0,25.5,61.0,0.0,17.6,0.0
2015-09-25,113.0,0.0,26.5,59.3,0.0,17.3,0.0
2015-09-26,93.6,0.0,26.0,58.6,0.0,17.4,0.0
2015-09-27,87.8,0.0,26.3,58.6,0.0,17.5,0.0
2015-09-28,89.2,0.0,27.3,58.9,0.0,17.5,0.0
2015-09-29,86.8,0.0,27.2,59.2,0.0,17.5,0.0
2015-09-30,84.9,0.0,27.4,59.1,0.0,17.4,0.0
2015-10-01,81.7,0.0,27.2,58.9,0.0,17.4,0.0
2015-10-02,81.9,0.0,24.7,58.7,0.0,17.4,0.0
2015-10-03,73.6,0.0,21.9,59.1,0.0,17.6,0.0
2015-10-04,80.4,0.9,20.2,61.1,0.5,18.0,0.5
2015-10-05,110.0,0.7,18.8,62.9,0.4,18.5,0.4
2015-10-06,154.0,10.6,16.9,67.6,9.3,18.7,9.3
2015-10-07,222.0,0.1,16.3,70.7,0.2,18.3,0.2
2015-10-08,172.0,0.0,18.9,64.2,0.0,18.1,0.0
2015-10-09,148.0,0.0,20.4,62.5,0.0,18.0,0.0
2015-10-10,136.0,0.0,22.2,61.9,0.0,18.1,0.0
2015-10-11,125.0,0.0,23.0,61.6,0.0,18.1,0.0
2015-10-12,119.0,0.0,23.6,61.3,0.0,18.1,0.0
2015-10-13,118.0,0.0,23.9,61.3,0.0,18.2,0.0
2015-10-14,114.0,0.0,24.0,61.4,0.0,18.3,0.0
2015-10-15,118.0,0.0,24.5,61.5,0.0,18.4,0.0
2015-10-16,110.0,2.0,22.8,62.6,0.5,19.1,0.5
2015-10-17,105.0,1.5,19.3,79.8,0.4,19.5,0.4
2015-10-18,116.0,6.8,19.2,70.5,2.5,19.0,2.5
2015-10-19,138.0,9.5,17.5,66.4,5.1,18.8,5.1
2015-10-20,204.0,13.0,15.8,73.1,6.7,19.5,6.7
2015-10-21,199.0,3.0,13.5,71.9,2.5,19.1,2.5
2015-10-22,175.0,1.8,13.6,67.9,1.0,18.9,1.0
2015-10-23,167.0,0.0,15.7,66.1,0.0,18.8,0.0
2015-10-24,153.0,0.0,15.5,64.9,0.0,18.7,0.0
2015-10-25,149.0,0.0,16.5,64.9,0.0,18.7,0.0
2015-10-26,148.0,0.0,18.1,65.2,0.0,18.7,0.0
2015-10-27,147.0,0.0,18.0,64.9,0.0,18.7,0.0
2015-10-28,145.0,0.0,17.8,65.1,0.0,18.7,0.0
2015-10-29,148.0,3.6,16.3,70.2,2.7,18.8,2.7
2015-10-30,178.0,2.1,13.2,76.8,2.6,18.8,2.6
2015-10-31,167.0,0.0,13.7,69.1,0.0,18.6,0.0
2015-11-01,160.0,0.0,16.2,67.9,0.0,18.6,0.0
2015-11-02,159.0,0.0,16.9,67.2,0.0,18.7,0.0
2015-11-03,160.0,13.5,13.5,67.2,13.5,18.9,13.5
2015-11-04,169.0,5.6,8.6,72.0,9.1,19.2,9.1
2015-11-05,177.0,4.6,5.4,70.1,8.4,19.1,8.4
2015-11-06,208.0,0.0,7.5,69.1,0.0,19.0,0.0
2015-11-07,204.0,0.0,7.4,67.9,0.0,18.9,0.0
2015-11-08,201.0,0.0,9.5,67.4,0.0,19.0,0.0
2015-11-09,196.0,0.0,13.7,67.5,0.0,19.0,0.0
2015-11-10,191.0,1.0,10.0,67.2,3.3,19.0,3.3
2015-11-11,187.0,0.0,7.0,67.2,0.0,19.0,0.0
2015-11-12,178.0,0.0,6.6,67.2,0.0,19.0,0.0
2015-11-13,197.0,0.0,7.6,67.2,0.0,19.0,0.0
2015-11-14,190.0,0.0,9.1,67.2,0.0,19.0,0.0
2015-11-15,179.0,0.2,10.3,67.3,0.2,19.0,0.2
2015-11-16,188.0,10.9,7.1,69.1,12.3,19.4,12.3
2015-11-17,343.0,0.0,5.0,68.4,0.0,19.1,0.0
2015-11-18,421.0,0.0,7.1,68.0,0.0,19.0,0.0
2015-11-19,314.0,0.0,9.0,67.4,0.0,19.1,0.0
2015-11-20,269.0,0.0,11.8,67.2,0.0,19.3,0.0
2015-11-21,238.0,0.0,9.6,66.8,0.0,19.2,0.0
2015-11-22,218.0,0.0,7.9,66.1,0.0,19.2,0.0
2015-11-23,211.0,0.0,9.9,66.1,0.0,19.3,0.0
2015-11-24,208.0,0.0,12.7,66.3,0.0,19.3,0.0
2015-11-25,200.0,0.0,10.7,67.1,0.0,19.4,0.0
2015-11-26,194.0,0.0,9.1,66.0,0.0,19.4,0.0
2015-11-27,189.0,0.0,6.7,66.1,0.0,19.6,0.0
2015-11-28,188.0,0.0,6.1,66.1,0.0,19.6,0.0
2015-11-29,188.0,0.0,5.4,66.1,0.0,19.7,0.0
2015-11-30,189.0,0.0,4.2,65.3,0.0,19.6,0.0
2015-12-01,189.0,0.0,5.5,64.9,0.0,19.7,0.0
2015-12-02,188.0,0.0,4.7,65.1,0.0,19.7,0.0
2015-12-03,189.0,0.0,7.1,66.1,0.0,19.7,0.0
2015-12-04,189.0,0.0,10.8,65.8,0.0,19.7,0.0
2015-12-05,188.0,0.0,10.7,64.9,0.0,19.7,0.0
2015-12-06,189.0,0.0,7.8,64.9,0.0,19.7,0.0
2015-12-07,189.0,0.0,10.2,65.9,0.0,19.7,0.0
2015-12-08,189.0,0.0,11.5,66.1,0.0,19.7,0.0
2015-12-09,188.0,0.0,11.9,65.7,0.0,19.7,0.0
2015-12-10,187.0,0.0,12.8,66.1,0.0,19.8,0.0
2015-12-11,187.0,0.3,10.5,66.5,0.7,19.9,0.7
2015-12-12,186.0,12.0,5.8,67.2,13.7,20.0,13.7
2015-12-13,189.0,0.0,3.8,66.6,0.0,19.7,0.0
2015-12-14,201.0,6.0,2.6,67.1,7.6,20.0,7.6
2015-12-15,196.0,0.8,-0.9,67.2,0.7,20.0,0.7
2015-12-16,199.0,0.0,-1.3,67.2,0.0,19.9,0.0
2015-12-17,197.0,0.0,-0.3,67.0,0.0,20.0,0.0
2015-12-18,195.0,0.0,3.2,66.1,0.0,19.9,0.0
2015-12-19,195.0,0.0,5.5,66.1,0.0,20.0,0.0
2015-12-20,192.0,0.5,6.0,66.9,0.3,20.0,0.3
2015-12-21,188.0,0.0,5.2,67.4,0.0,20.0,0.0
2015-12-22,190.0,2.5,4.2,67.9,4.0,20.1,4.0
2015-12-23,196.0,2.1,5.7,68.4,6.6,20.1,6.6
2015-12-24,205.0,5.5,6.8,68.4,4.3,20.0,4.3
2015-12-25,224.0,0.2,6.2,68.4,1.4,20.1,1.4
2015-12-26,264.0,0.0,-1.1,67.3,0.0,20.0,0.0
2015-12-27,258.0,0.0,-0.6,66.3,0.0,19.9,0.0
2015-12-28,228.0,0.0,2.3,67.2,0.0,20.0,0.0
2015-12-29,216.0,0.0,2.7,67.2,0.0,20.0,0.0
2015-12-30,207.0,0.0,2.2,67.1,0.0,19.8,0.0
2015-12-31,201.0,0.0,2.1,66.1,0.0,19.9,0.0
2016-01-01,197.0,0.0,0.9,66.1,0.0,20.0,0.0
2016-01-02,196.0,0.0,3.7,66.4,0.0,20.0,0.0
2016-01-03,195.0,0.0,5.1,67.5,0.0,19.9,0.0
2016-01-04,196.0,7.7,5.9,68.9,5.3,20.0,5.3
2016-01-05,197.0,5.1,5.7,68.7,6.8,20.2,6.8
2016-01-06,226.0,23.6,6.3,72.8,25.1,21.0,25.1
2016-01-07,624.0,11.6,4.1,72.2,13.6,20.8,13.6
2016-01-08,657.0,8.3,1.7,70.8,9.3,20.5,9.3
2016-01-09,474.0,3.1,1.1,68.9,0.0,20.1,0.0
2016-01-10,367.0,0.0,1.8,67.4,0.0,20.1,0.0
2016-01-11,313.0,0.0,0.4,67.2,0.0,20.0,0.0
2016-01-12,289.0,0.0,0.5,67.2,0.0,20.0,0.0
2016-01-13,268.0,0.0,1.7,67.2,0.0,20.0,0.0
2016-01-14,255.0,0.0,5.2,67.2,0.0,20.0,0.0
2016-01-15,252.0,1.0,4.4,67.7,1.3,20.0,1.3
2016-01-16,258.0,0.0,2.1,67.5,0.0,19.9,0.0
2016-01-17,254.0,0.0,5.8,67.2,0.0,20.0,0.0
2016-01-18,239.0,0.0,6.4,67.2,0.0,20.6,0.0
2016-01-19,238.0,0.0,6.6,68.0,0.0,19.9,0.0
2016-01-20,251.0,0.2,8.4,68.4,0.4,20.0,0.4
2016-01-21,269.0,0.0,5.0,67.8,0.0,20.1,0.0
2016-01-22,336.0,0.0,5.8,67.6,0.0,20.1,0.0
2016-01-23,330.0,0.0,10.4,68.3,0.0,20.2,0.0
2016-01-24,328.0,0.0,9.4,68.4,0.0,20.1,0.0
2016-01-25,353.0,0.0,6.4,68.4,0.0,20.1,0.0
2016-01-26,360.0,0.0,3.8,68.4,0.0,20.1,0.0
2016-01-27,319.0,0.0,4.5,67.8,0.0,20.1,0.0
2016-01-28,285.0,0.0,7.7,67.2,0.0,20.3,0.0
2016-01-29,260.0,0.0,9.5,67.2,0.0,20.4,0.0
2016-01-30,275.0,0.0,11.6,68.1,0.0,20.3,0.0
2016-01-31,301.0,1.2,9.0,68.8,1.2,20.4,1.2
2016-02-01,659.0,19.5,3.8,71.6,22.5,21.0,22.5
2016-02-02,781.0,1.0,-2.6,69.0,0.9,20.5,0.9
2016-02-03,504.0,0.0,-2.2,69.4,0.0,20.4,0.0
2016-02-04,401.0,0.0,-0.4,69.9,0.0,20.4,0.0
2016-02-05,339.0,0.0,1.0,68.9,0.0,20.5,0.0
2016-02-06,294.0,0.0,2.1,68.4,0.0,20.6,0.0
2016-02-07,268.0,0.0,4.7,68.2,0.0,20.7,0.0
2016-02-08,253.0,0.0,6.4,67.9,0.0,20.8,0.0
2016-02-09,319.0,0.0,8.2,68.1,0.0,20.8,0.0
2016-02-10,507.0,0.0,9.7,71.0,0.0,20.7,0.0
2016-02-11,651.0,0.0,12.9,74.0,0.0,20.3,0.0
2016-02-12,721.0,0.0,13.4,73.3,0.0,20.4,0.0
2016-02-13,867.0,0.0,14.1,73.9,0.0,20.5,0.0
2016-02-14,962.0,0.0,13.7,74.1,0.0,20.7,0.0
2016-02-15,931.0,0.0,12.0,76.5,0.0,21.0,0.0
2016-02-16,903.0,0.0,12.6,73.5,0.0,21.0,0.0
2016-02-17,966.0,0.0,15.6,71.3,0.0,20.8,0.0
2016-02-18,1010.0,0.0,15.8,72.0,0.0,20.7,0.0
2016-02-19,1000.0,0.0,15.1,74.0,0.0,20.8,0.0
2016-02-20,875.0,0.0,15.6,73.9,0.0,20.9,0.0
2016-02-21,799.0,0.0,14.9,70.3,0.0,20.9,0.0
2016-02-22,654.0,0.0,13.7,67.9,0.0,21.0,0.0
2016-02-23,532.0,0.0,10.0,66.9,0.0,21.0,0.0
2016-02-24,434.0,0.0,8.1,67.2,0.0,21.3,0.0
2016-02-25,331.0,0.0,11.5,66.7,0.0,21.4,0.0
2016-02-26,271.0,0.0,14.4,66.3,0.0,21.4,0.0
2016-02-27,239.0,0.0,16.2,66.1,0.0,21.5,0.0
2016-02-28,216.0,0.0,16.1,66.9,0.0,21.4,0.0
2016-02-29,202.0,0.0,17.0,66.6,0.0,21.1,0.0
2016-03-01,198.0,0.0,17.0,66.2,0.0,21.1,0.0
2016-03-02,188.0,0.0,17.3,65.2,0.0,21.2,0.0
2016-03-03,176.0,0.0,17.1,65.2,0.0,21.2,0.0
2016-03-04,172.0,0.0,17.4,65.3,0.0,21.3,0.0
2016-03-05,171.0,0.0,17.8,64.6,0.0,21.3,0.0
2016-03-06,167.0,0.6,15.6,64.7,0.1,21.3,0.1
2016-03-07,165.0,0.1,11.1,64.2,1.3,21.4,1.3
2016-03-08,164.0,0.0,10.1,65.1,0.0,21.3,0.0
2016-03-09,165.0,0.0,11.8,64.9,0.0,21.2,0.0
2016-03-10,160.0,0.0,14.1,64.5,0.0,21.2,0.0
2016-03-11,153.0,0.0,17.0,64.2,0.0,21.1,0.0
2016-03-12,148.0,0.0,13.0,65.0,0.5,21.2,0.5
2016-03-13,148.0,0.0,12.4,64.9,0.0,21.7,0.0
2016-03-14,159.0,0.0,13.8,64.9,0.0,21.8,0.0
2016-03-15,158.0,0.0,14.9,64.9,0.0,21.8,0.0
2016-03-16,158.0,0.0,14.9,65.1,0.0,21.9,0.0
2016-03-17,157.0,0.0,15.3,65.4,0.0,21.9,0.0
2016-03-18,151.0,0.0,17.7,65.1,0.0,21.8,0.0
2016-03-19,147.0,0.0,17.8,64.8,0.0,21.8,0.0
2016-03-20,146.0,0.0,17.7,64.4,0.0,21.6,0.0
2016-03-21,146.0,0.0,19.7,64.9,0.0,21.5,0.0
2016-03-22,150.0,0.0,17.1,64.6,0.0,21.6,0.0
2016-03-23,155.0,0.0,11.3,63.7,0.0,21.4,0.0
2016-03-24,157.0,0.0,11.9,63.8,0.0,21.4,0.0
2016-03-25,152.0,0.0,15.5,64.6,0.0,21.1,0.0
2016-03-26,150.0,0.0,16.5,64.4,0.0,20.9,0.0
2016-03-27,146.0,0.0,13.0,64.3,0.0,20.8,0.0
2016-03-28,142.0,0.0,16.2,64.6,0.1,21.0,0.1
2016-03-29,141.0,1.5,12.5,62.8,2.9,20.7,2.9
2016-03-30,142.0,1.1,8.6,63.6,1.1,20.6,1.1
2016-03-31,143.0,0.6,9.6,63.6,0.0,20.7,0.0
2016-04-01,131.0,0.0,12.6,63.7,0.0,21.0,0.0
2016-04-02,116.0,0.0,13.5,63.6,0.0,21.0,0.0
2016-04-03,103.0,0.0,17.0,63.6,0.0,21.0,0.0
2016-04-04,91.4,0.0,18.7,63.4,0.0,21.0,0.0
2016-04-05,83.6,0.0,19.7,63.2,0.0,20.9,0.0
2016-04-06,86.4,0.0,18.7,63.2,0.0,20.7,0.0
2016-04-07,87.1,0.0,19.3,63.4,0.0,20.7,0.0
2016-04-08,85.0,5.6,17.2,64.7,5.2,21.0,5.2
2016-04-09,111.0,2.9,15.0,64.5,1.5,20.8,1.5
2016-04-10,129.0,6.2,14.0,65.0,2.5,20.7,2.5
2016-04-11,142.0,4.9,11.0,66.1,4.0,20.5,4.0
2016-04-12,147.0,0.1,14.8,66.1,0.2,20.2,0.2
2016-04-13,142.0,0.0,16.6,65.6,0.0,20.2,0.0
2016-04-14,136.0,0.0,18.3,65.0,0.0,20.3,0.0
2016-04-15,121.0,0.1,16.6,64.7,0.2,20.2,0.2
2016-04-16,112.0,0.0,11.9,64.7,0.0,20.2,0.0
2016-04-17,105.0,0.0,13.1,64.4,0.0,20.3,0.0
2016-04-18,109.0,0.0,13.8,64.3,0.0,20.1,0.0
2016-04-19,112.0,0.0,16.1,63.9,0.0,20.0,0.0
2016-04-20,112.0,0.0,20.2,63.3,0.0,19.8,0.0
2016-04-21,102.0,0.0,21.7,63.0,0.0,19.9,0.0
2016-04-22,88.1,0.0,22.6,62.4,0.0,19.8,0.0
2016-04-23,82.9,0.0,19.4,62.3,0.0,19.8,0.0
2016-04-24,81.8,0.0,17.8,62.2,0.0,19.8,0.0
2016-04-25,86.1,0.0,16.5,62.6,0.4,19.8,0.4
2016-04-26,95.9,0.0,13.6,62.6,0.1,20.0,0.1
2016-04-27,94.6,0.0,16.1,62.9,0.0,20.1,0.0
2016-04-28,98.8,1.5,15.1,63.8,2.1,20.2,2.1
2016-04-29,102.0,2.1,13.2,64.5,2.2,20.3,2.2
2016-04-30,99.0,3.5,13.2,64.7,1.8,20.5,1.8
2016-05-01,116.0,4.3,12.3,67.0,8.3,21.1,8.3
2016-05-02,137.0,1.6,13.8,66.7,0.8,20.6,0.8
2016-05-03,134.0,0.3,15.8,65.3,0.7,20.4,0.7
2016-05-04,125.0,0.0,19.8,64.4,0.0,20.8,0.0
2016-05-05,118.0,0.0,22.9,63.3,0.0,20.9,0.0
2016-05-06,106.0,1.5,17.4,63.2,1.1,20.6,1.1
2016-05-07,95.0,6.8,12.5,64.5,6.7,20.4,6.7
2016-05-08,105.0,0.0,14.5,66.6,0.1,20.3,0.1
2016-05-09,118.0,0.6,16.4,66.3,0.1,20.2,0.1
2016-05-10,116.0,0.0,19.5,65.1,0.0,19.9,0.0
2016-05-11,98.2,0.0,21.3,63.8,0.0,19.8,0.0
2016-05-12,87.2,0.0,22.7,63.1,0.0,19.6,0.0
2016-05-13,74.3,0.0,25.1,62.6,0.0,19.4,0.0
2016-05-14,69.9,0.0,25.8,64.0,0.4,19.4,0.4
2016-05-15,68.4,0.0,22.9,63.3,0.1,19.3,0.1
2016-05-16,64.3,0.0,21.0,62.6,0.1,19.3,0.1
2016-05-17,76.4,0.4,20.8,63.3,0.3,19.5,0.3
2016-05-18,103.0,2.3,18.2,65.3,0.5,19.6,0.5
2016-05-19,122.0,0.3,18.8,65.5,1.0,19.3,1.0
2016-05-20,111.0,0.0,22.2,63.9,0.0,19.1,0.0
2016-05-21,101.0,0.0,21.2,63.2,0.0,19.3,0.0
2016-05-22,92.8,0.0,19.4,62.9,0.0,19.4,0.0
2016-05-23,88.5,0.0,20.1,62.8,0.0,19.5,0.0
2016-05-24,81.4,0.0,19.5,62.7,0.0,19.6,0.0
2016-05-25,77.4,0.0,20.0,62.6,0.0,19.4,0.0
2016-05-26,74.5,0.3,19.0,62.6,1.0,19.6,1.0
2016-05-27,73.2,0.2,20.6,62.3,0.1,19.6,0.1
2016-05-28,76.0,0.0,23.1,62.2,0.0,19.6,0.0
2016-05-29,76.0,0.0,23.9,61.4,0.0,19.4,0.0
2016-05-30,70.2,0.0,23.9,61.2,0.0,19.3,0.0
2016-05-31,68.8,0.0,23.7,61.0,0.0,19.5,0.0
2016-06-01,61.2,0.0,26.4,61.9,0.0,19.4,0.0
2016-06-02,56.6,0.0,28.1,60.7,0.0,19.2,0.0
2016-06-03,52.9,0.0,30.2,59.2,0.0,19.2,0.0
2016-06-04,46.8,0.0,30.4,59.1,0.0,19.0,0.0
2016-06-05,48.2,0.0,31.8,59.1,0.0,18.8,0.0
2016-06-06,46.3,0.0,32.1,58.3,0.0,18.7,0.0
2016-06-07,45.3,0.0,29.7,58.3,0.0,18.7,0.0
2016-06-08,45.0,0.0,29.9,58.0,0.0,18.6,0.0
2016-06-09,51.0,0.0,29.8,57.6,0.0,18.5,0.0
2016-06-10,46.8,0.0,29.0,57.8,0.0,18.6,0.0
2016-06-11,46.4,1.7,25.2,59.7,0.9,19.2,0.9
2016-06-12,52.6,0.0,26.0,59.2,0.0,18.9,0.0
2016-06-13,59.0,0.0,26.2,59.2,0.0,18.6,0.0
2016-06-14,58.2,0.0,25.9,59.3,0.0,18.5,0.0
2016-06-15,50.8,0.0,26.5,59.4,0.0,18.4,0.0
2016-06-16,49.8,0.0,26.1,58.6,0.0,18.5,0.0
2016-06-17,51.3,0.0,27.4,57.6,0.0,18.4,0.0
2016-06-18,45.1,0.0,29.2,57.5,0.0,18.3,0.0
2016-06-19,44.1,0.0,31.6,57.4,0.0,18.0,0.0
2016-06-20,42.4,0.0,33.6,56.7,0.0,17.9,0.0
2016-06-21,42.8,0.0,34.0,57.2,0.0,17.9,0.0
2016-06-22,39.2,0.0,33.1,57.5,0.0,18.0,0.0
2016-06-23,37.9,0.0,32.4,57.4,0.0,17.9,0.0
2016-06-24,40.8,0.0,31.9,57.5,0.0,17.8,0.0
2016-06-25,38.0,0.0,31.5,57.4,0.0,18.0,0.0
2016-06-26,39.1,0.0,31.8,57.3,0.0,17.8,0.0
2016-06-27,40.6,0.0,31.0,57.8,0.0,18.0,0.0
2016-06-28,39.1,2.7,30.3,58.2,1.4,18.3,1.4
2016-06-29,48.1,0.0,29.3,63.0,0.3,18.7,0.3
2016-06-30,53.3,1.3,26.4,65.2,0.4,19.2,0.4
2016-07-01,77.2,4.5,26.1,62.6,0.1,19.0,0.1
2016-07-02,125.0,21.8,23.5,72.3,15.1,19.3,15.1
2016-07-03,141.0,0.0,27.5,67.4,0.0,18.9,0.0
2016-07-04,139.0,0.1,28.4,62.2,0.1,18.5,0.1
2016-07-05,122.0,0.0,29.7,59.4,0.0,18.4,0.0
2016-07-06,104.0,0.0,28.9,58.1,0.0,18.3,0.0
2016-07-07,85.0,0.0,28.8,57.8,0.0,18.2,0.0
2016-07-08,69.3,0.0,29.8,57.5,0.0,18.1,0.0
2016-07-09,55.9,0.0,31.0,56.9,0.0,18.0,0.0
2016-07-10,48.4,0.0,31.5,56.1,0.0,18.0,0.0
2016-07-11,44.9,0.0,30.8,55.4,0.0,18.0,0.0
2016-07-12,39.8,0.0,29.7,54.1,0.0,18.0,0.0
2016-07-13,41.0,0.0,30.5,54.7,0.0,17.9,0.0
2016-07-14,37.3,0.0,31.7,54.8,0.0,17.9,0.0
2016-07-15,34.8,0.0,32.4,54.4,0.0,17.9,0.0
2016-07-16,32.0,0.1,32.1,54.1,0.0,17.8,0.0
2016-07-17,31.0,0.3,31.0,54.1,0.0,17.9,0.0
2016-07-18,29.0,0.4,29.9,55.8,0.9,18.3,0.9
2016-07-19,31.8,2.8,29.1,58.1,1.2,18.6,1.2
2016-07-20,42.8,1.8,28.2,60.2,2.1,18.6,2.1
2016-07-21,70.5,0.2,28.0,59.9,0.1,18.6,0.1
2016-07-22,126.0,3.8,31.1,59.0,0.4,18.4,0.4
2016-07-23,96.4,0.1,30.4,58.3,0.0,18.6,0.0
2016-07-24,80.8,2.3,31.4,57.1,0.2,18.1,0.2
2016-07-25,68.8,0.9,30.5,56.8,1.0,18.9,1.0
2016-07-26,73.8,0.0,30.9,58.5,0.0,19.8,0.0
2016-07-27,67.6,0.0,31.7,59.7,0.0,18.9,0.0
2016-07-28,66.5,0.0,32.6,58.7,0.0,18.7,0.0
2016-07-29,59.3,2.7,32.9,57.7,1.0,18.5,1.0
2016-07-30,54.1,0.1,29.1,57.6,0.0,18.4,0.0
2016-07-31,60.2,3.8,28.9,64.8,2.3,18.9,2.3
2016-08-01,192.0,11.1,25.9,91.3,12.6,21.7,12.6
2016-08-02,251.0,3.5,25.7,65.5,0.7,19.4,0.7
2016-08-03,259.0,14.9,23.8,63.9,12.4,19.8,12.4
2016-08-04,301.0,1.9,24.4,66.4,2.6,19.6,2.6
2016-08-05,211.0,5.5,25.1,70.4,0.0,21.0,0.0
2016-08-06,173.0,0.9,26.1,67.0,1.4,19.5,1.4
2016-08-07,151.0,0.0,28.1,70.8,0.0,20.4,0.0
2016-08-08,141.0,0.0,29.0,62.1,0.0,21.0,0.0
2016-08-09,125.0,1.1,28.1,64.1,1.1,19.3,1.1
2016-08-10,115.0,10.0,24.7,70.0,6.3,19.2,6.3
2016-08-11,156.0,3.2,25.4,73.2,0.1,19.0,0.1
2016-08-12,417.0,0.0,27.9,62.7,0.0,18.8,0.0
2016-08-13,192.0,0.3,28.8,61.1,0.4,18.7,0.4
2016-08-14,137.0,0.0,29.4,60.4,0.0,18.6,0.0
2016-08-15,116.0,0.0,30.0,59.4,0.0,18.5,0.0
2016-08-16,105.0,0.6,30.1,59.6,0.0,18.6,0.0
2016-08-17,101.0,0.0,29.3,59.5,0.0,18.8,0.0
2016-08-18,98.1,0.4,27.4,65.7,2.1,19.1,2.1
2016-08-19,88.1,1.0,25.9,80.3,0.0,18.9,0.0
2016-08-20,106.0,1.4,27.5,61.5,0.0,57.4,0.0
2016-08-21,116.0,0.3,24.8,135.0,2.7,22.9,2.7
2016-08-22,109.0,0.9,25.5,85.0,0.0,19.8,0.0
2016-08-23,159.0,3.7,24.4,72.0,5.5,19.7,5.5
2016-08-24,234.0,0.0,23.8,70.2,0.5,19.5,0.5
2016-08-25,225.0,2.7,25.0,81.4,3.8,19.7,3.8
2016-08-26,165.0,0.6,22.7,86.4,0.3,19.6,0.3
2016-08-27,204.0,7.3,22.5,85.6,2.4,22.1,2.4
2016-08-28,237.0,0.0,22.5,77.2,0.0,20.0,0.0
2016-08-29,207.0,0.0,24.5,69.4,0.0,19.3,0.0
2016-08-30,169.0,0.0,25.6,66.2,0.0,19.1,0.0
2016-08-31,149.0,0.0,27.4,64.6,0.0,19.1,0.0
2016-09-01,172.0,2.5,27.5,64.4,0.3,19.2,0.3
2016-09-02,224.0,2.7,24.8,72.3,0.8,20.4,0.8
2016-09-03,179.0,1.9,26.2,70.3,2.3,19.8,2.3
2016-09-04,163.0,0.0,26.0,63.4,0.0,19.5,0.0
2016-09-05,144.0,0.0,25.5,61.6,0.0,19.5,0.0
2016-09-06,136.0,0.0,26.1,61.1,0.0,19.4,0.0
2016-09-07,119.0,0.1,25.4,61.5,0.2,19.6,0.2
2016-09-08,118.0,0.0,25.2,61.8,0.0,19.6,0.0
2016-09-09,112.0,0.0,26.9,61.2,0.0,19.4,0.0
2016-09-10,98.2,0.0,28.8,60.7,0.0,19.6,0.0
2016-09-11,92.8,0.0,28.4,61.0,0.0,19.5,0.0
2016-09-12,92.7,1.7,26.0,61.0,0.9,19.4,0.9
2016-09-13,90.1,7.9,22.3,60.1,6.9,19.3,6.9
2016-09-14,88.5,0.2,21.9,60.0,1.2,19.3,1.2
2016-09-15,84.1,0.0,23.0,59.9,0.0,19.3,0.0
2016-09-16,77.5,0.0,22.8,60.1,0.0,19.4,0.0
2016-09-17,76.4,0.0,23.4,60.1,0.0,19.4,0.0
2016-09-18,72.7,0.0,24.5,60.0,0.0,19.4,0.0
2016-09-19,78.0,0.0,25.9,60.4,0.0,19.3,0.0
2016-09-20,90.4,9.1,22.7,68.7,13.0,22.4,13.0
2016-09-21,112.0,0.5,21.3,78.0,0.7,21.1,0.7
2016-09-22,128.0,7.4,21.7,75.2,9.4,21.9,9.4
2016-09-23,134.0,1.2,18.3,123.0,3.1,20.0,3.1
2016-09-24,128.0,0.0,17.4,81.2,0.0,19.6,0.0
2016-09-25,153.0,0.0,18.9,67.9,0.0,19.6,0.0
2016-09-26,131.0,0.0,20.7,65.2,0.0,19.4,0.0
2016-09-27,125.0,1.4,20.3,65.1,4.8,19.7,4.8
2016-09-28,122.0,1.6,19.6,65.2,0.2,19.7,0.2
2016-09-29,127.0,8.4,19.0,67.0,6.9,19.9,6.9
2016-09-30,133.0,0.8,19.6,66.5,0.1,19.9,0.1
2016-10-01,133.0,0.0,20.8,65.6,0.0,19.9,0.0
2016-10-02,129.0,9.2,21.1,65.3,5.5,19.9,5.5
2016-10-03,128.0,1.3,18.4,64.8,5.0,20.0,5.0
2016-10-04,124.0,0.0,17.0,64.4,0.0,20.1,0.0
2016-10-05,114.0,0.0,17.6,64.5,0.0,20.1,0.0
2016-10-06,113.0,0.0,17.9,64.5,0.0,20.2,0.0
2016-10-07,110.0,0.0,17.2,64.5,0.0,20.0,0.0
2016-10-08,110.0,1.2,19.6,65.8,2.4,20.6,2.4
2016-10-09,119.0,5.5,18.5,66.7,0.9,20.6,0.9
2016-10-10,128.0,0.4,21.2,66.0,0.0,20.5,0.0
2016-10-11,117.0,0.0,22.4,65.3,0.0,20.4,0.0
2016-10-12,107.0,0.0,21.5,64.8,0.0,20.5,0.0
2016-10-13,110.0,0.0,21.2,64.8,0.0,20.5,0.0
2016-10-14,105.0,0.0,21.7,64.8,0.0,20.6,0.0
2016-10-15,99.8,0.0,22.2,64.9,0.0,20.6,0.0
2016-10-16,93.7,0.0,21.1,64.6,0.0,20.6,0.0
2016-10-17,98.0,0.0,19.8,63.7,0.0,20.7,0.0
2016-10-18,105.0,0.0,19.8,63.8,0.0,20.8,0.0
2016-10-19,102.0,0.0,19.5,64.0,0.0,20.0,0.0
2016-10-20,101.0,0.0,17.1,64.0,0.0,20.1,0.0
2016-10-21,94.9,0.0,20.5,64.1,0.0,20.3,0.0
2016-10-22,95.0,0.0,23.6,64.3,0.0,20.3,0.0
2016-10-23,106.0,0.0,22.8,64.3,0.0,20.3,0.0
2016-10-24,110.0,0.0,22.1,64.8,0.2,20.4,0.2
2016-10-25,113.0,9.9,19.5,66.1,7.2,20.6,7.2
2016-10-26,119.0,0.0,19.4,66.1,0.0,20.5,0.0
2016-10-27,122.0,0.0,20.9,65.9,0.0,20.6,0.0
2016-10-28,126.0,0.0,23.0,65.9,0.0,20.6,0.0
2016-10-29,124.0,0.0,21.4,65.8,0.0,20.7,0.0
2016-10-30,122.0,0.0,21.7,65.6,0.0,20.8,0.0
2016-10-31,119.0,0.0,19.7,65.8,0.0,20.8,0.0
2016-11-01,118.0,0.0,16.7,66.1,0.0,20.9,0.0
2016-11-02,117.0,0.0,15.6,65.7,0.0,20.9,0.0
2016-11-03,123.0,1.5,15.5,66.1,0.0,20.9,0.0
2016-11-04,137.0,3.4,15.3,66.6,1.8,21.1,1.8
2016-11-05,144.0,0.0,16.4,66.3,0.0,21.1,0.0
2016-11-06,147.0,0.0,16.7,65.7,0.0,21.0,0.0
2016-11-07,147.0,0.0,17.8,64.9,0.0,20.7,0.0
2016-11-08,142.0,0.0,16.5,64.9,0.0,20.7,0.0
2016-11-09,138.0,0.0,16.1,64.9,0.0,20.6,0.0
2016-11-10,133.0,0.0,14.7,64.9,0.0,20.5,0.0
2016-11-11,131.0,0.0,15.2,64.9,0.0,20.5,0.0
2016-11-12,127.0,0.0,14.9,64.9,0.0,20.5,0.0
2016-11-13,129.0,0.0,15.9,65.1,0.0,20.6,0.0
2016-11-14,133.0,0.0,15.9,64.9,0.0,20.5,0.0
2016-11-15,136.0,0.0,17.5,65.3,0.0,20.6,0.0
2016-11-16,132.0,0.0,18.8,65.5,0.0,20.7,0.0
2016-11-17,130.0,0.0,12.6,65.3,0.0,20.5,0.0
2016-11-18,137.0,0.0,7.5,64.9,0.0,20.7,0.0
2016-11-19,133.0,0.0,11.9,65.4,0.0,20.6,0.0
2016-11-20,144.0,1.6,15.1,67.2,1.1,20.7,1.1
2016-11-21,162.0,28.2,11.2,72.0,25.7,21.8,25.7
2016-11-22,165.0,0.1,9.9,70.0,1.5,21.0,1.5
2016-11-23,175.0,0.0,10.0,68.6,0.0,20.8,0.0
2016-11-24,167.0,0.0,8.8,67.3,0.0,20.8,0.0
2016-11-25,161.0,0.0,7.1,67.2,0.0,20.8,0.0
2016-11-26,162.0,0.0,11.1,67.2,0.0,20.9,0.0
2016-11-27,165.0,1.9,8.2,67.0,2.3,20.8,2.3
2016-11-28,168.0,4.6,4.0,67.6,4.8,20.9,4.8
2016-11-29,174.0,1.4,3.4,67.6,1.9,20.9,1.9
2016-11-30,176.0,0.0,1.8,66.9,0.0,21.1,0.0
2016-12-01,173.0,0.0,3.6,67.2,0.0,21.1,0.0
2016-12-02,175.0,0.2,4.8,67.2,0.0,21.1,0.0
2016-12-03,173.0,0.0,3.8,67.2,0.0,21.1,0.0
2016-12-04,172.0,0.0,4.4,67.2,0.0,21.1,0.0
2016-12-05,174.0,0.0,8.1,67.2,0.0,21.0,0.0
2016-12-06,176.0,0.0,8.4,67.6,0.0,21.1,0.0
2016-12-07,177.0,0.5,8.1,71.3,0.1,21.0,0.1
2016-12-08,176.0,0.0,7.7,71.3,0.0,21.0,0.0
2016-12-09,178.0,0.0,8.7,71.5,0.0,21.1,0.0
2016-12-10,181.0,0.0,9.1,71.8,0.0,21.0,0.0
2016-12-11,180.0,0.0,10.8,71.8,0.0,21.1,0.0
2016-12-12,177.0,0.0,10.9,71.8,0.0,21.1,0.0
2016-12-13,177.0,0.0,11.9,71.8,0.0,21.2,0.0
2016-12-14,179.0,0.0,11.6,71.8,0.0,21.4,0.0
2016-12-15,183.0,0.0,12.8,71.8,0.0,21.7,0.0
2016-12-16,188.0,10.0,10.8,73.3,13.8,21.9,13.8
2016-12-17,1120.0,3.6,7.2,73.2,6.7,21.8,6.7
2016-12-18,1300.0,0.0,3.6,72.7,0.0,21.6,0.0
2016-12-19,530.0,0.0,1.5,72.8,0.0,21.7,0.0
2016-12-20,325.0,0.0,4.7,73.3,0.0,21.8,0.0
2016-12-21,259.0,5.5,9.7,74.1,2.7,21.9,2.7
2016-12-22,333.0,33.4,9.8,590.0,29.9,24.2,29.9
2016-12-23,4760.0,2.3,9.3,1470.0,6.5,22.5,6.5
2016-12-24,4470.0,13.0,7.9,484.0,12.1,22.6,12.1
2016-12-25,1830.0,8.8,1.1,237.0,10.0,22.8,10.0
2016-12-26,1100.0,0.0,0.7,147.0,0.1,22.2,0.1
2016-12-27,759.0,0.0,3.0,120.0,0.0,22.2,0.0
2016-12-28,655.0,0.0,4.7,111.0,0.0,22.1,0.0
2016-12-29,590.0,0.0,5.7,114.0,0.0,21.9,0.0
2016-12-30,521.0,0.0,6.6,102.0,0.0,22.1,0.0
2016-12-31,1640.0,10.9,8.9,959.0,13.3,22.8,13.3
2017-01-01,4980.0,8.5,7.3,1350.0,11.1,22.6,5.9
2017-01-02,5060.0,1.7,6.8,921.0,2.6,22.2,2.2
2017-01-03,2660.0,0.0,5.8,430.0,0.0,22.1,0.0
2017-01-04,1420.0,0.0,7.7,236.0,0.0,22.1,0.0
2017-01-05,993.0,2.2,8.8,165.0,1.1,22.2,1.6
2017-01-06,1520.0,2.4,8.2,251.0,1.6,22.0,4.7
2017-01-07,2050.0,0.0,3.9,218.0,0.0,22.0,0.0
2017-01-08,1060.0,0.0,8.5,132.0,0.0,22.2,0.2
2017-01-09,751.0,1.5,10.8,106.0,2.6,22.2,2.3
2017-01-10,965.0,0.0,8.8,327.0,0.5,22.2,0.0
2017-01-11,1510.0,1.1,9.6,299.0,2.9,22.1,2.0
2017-01-12,1150.0,0.0,8.4,173.0,0.0,21.9,0.0
2017-01-13,826.0,0.1,9.5,119.0,0.1,21.8,0.1
2017-01-14,622.0,4.4,9.7,96.8,1.8,22.0,1.5
2017-01-15,1200.0,5.3,7.9,95.1,9.2,21.9,4.7
2017-01-16,1660.0,5.5,8.8,166.0,6.0,21.8,2.3
2017-01-17,1630.0,0.0,7.2,141.0,0.0,21.8,0.0
2017-01-18,954.0,0.0,7.4,103.0,0.0,21.7,0.0
2017-01-19,647.0,3.1,6.2,87.3,5.3,22.1,5.1
2017-01-20,516.0,3.7,5.3,83.1,5.0,22.5,7.9
2017-01-21,1010.0,20.3,4.6,128.0,22.4,23.6,23.2
2017-01-22,1210.0,0.3,4.0,153.0,0.7,34.5,0.7
2017-01-23,769.0,2.9,6.7,112.0,3.6,57.1,5.3
2017-01-24,1050.0,2.0,3.1,157.0,3.6,158.0,11.2
2017-01-25,890.0,1.7,1.4,219.0,2.9,141.0,2.8
2017-01-26,763.0,0.0,0.2,161.0,0.0,61.8,0.0
2017-01-27,612.0,0.0,1.1,114.0,0.0,34.9,0.0
2017-01-28,492.0,0.0,3.8,92.1,0.0,27.9,0.0
2017-01-29,419.0,0.0,7.6,83.9,0.0,25.2,0.0
2017-01-30,389.0,0.0,6.9,79.6,0.0,24.1,0.0
2017-01-31,523.0,0.0,9.7,90.0,0.0,23.5,0.0
2017-02-01,879.0,0.0,9.8,205.0,0.0,23.2,0.0
2017-02-02,1110.0,0.0,9.6,316.0,0.0,23.0,0.0
2017-02-03,1240.0,0.0,10.3,287.0,0.0,22.9,0.0
2017-02-04,1340.0,0.0,10.4,311.0,0.0,22.8,0.0
2017-02-05,1460.0,0.0,10.1,451.0,0.0,22.6,0.0
2017-02-06,1560.0,0.0,11.3,459.0,0.2,22.6,0.0
2017-02-07,1550.0,0.1,10.3,368.0,0.0,22.6,0.2
2017-02-08,2080.0,0.0,11.9,826.0,0.1,22.6,0.1
2017-02-09,2900.0,0.0,14.4,1460.0,0.0,22.6,0.0
2017-02-10,3640.0,0.0,17.1,1440.0,0.0,22.6,0.0
2017-02-11,3750.0,0.0,14.9,1220.0,0.9,22.6,0.0
2017-02-12,3830.0,1.3,13.3,1300.0,6.1,22.6,6.9
2017-02-13,4020.0,2.4,11.3,1200.0,2.6,22.6,2.7
2017-02-14,3250.0,0.0,10.9,627.0,0.0,22.3,0.0
2017-02-15,1910.0,0.0,10.8,311.0,0.0,22.2,0.0
2017-02-16,1220.0,0.0,10.7,182.0,0.0,22.2,0.0
2017-02-17,882.0,0.2,11.7,130.0,0.4,22.2,0.1
2017-02-18,719.0,10.5,10.9,107.0,11.0,22.4,8.4
2017-02-19,672.0,20.4,7.1,490.0,14.4,22.5,13.2
2017-02-20,2150.0,0.6,8.6,1170.0,1.5,22.2,0.3
2017-02-21,2530.0,0.0,10.6,451.0,0.0,22.2,0.0
2017-02-22,1550.0,0.0,13.0,227.0,0.3,22.2,0.0
2017-02-23,1180.0,0.2,8.9,153.0,0.2,22.2,0.1
2017-02-24,902.0,0.0,5.5,117.0,0.0,22.2,0.0
2017-02-25,659.0,0.0,6.1,94.9,0.0,22.2,0.0
2017-02-26,498.0,0.0,8.7,83.7,0.0,22.4,0.0
2017-02-27,419.0,5.2,6.7,78.6,7.3,22.8,4.8
2017-02-28,3620.0,34.4,7.9,569.0,30.2,471.0,34.8
2017-03-01,3360.0,0.0,6.1,1310.0,0.0,1100.0,0.0
2017-03-02,2390.0,0.0,7.0,666.0,0.0,268.0,0.0
2017-03-03,1590.0,0.0,9.9,528.0,0.0,134.0,0.0
2017-03-04,1970.0,0.0,12.2,1000.0,0.0,83.4,0.0
2017-03-05,3180.0,0.0,12.0,1290.0,0.0,55.7,0.0
2017-03-06,3460.0,0.0,8.9,1010.0,0.0,44.6,0.0
2017-03-07,2810.0,0.0,8.8,511.0,0.0,37.9,0.0
2017-03-08,2080.0,0.0,13.5,333.0,0.0,30.2,0.0
2017-03-09,2020.0,0.0,16.1,269.0,0.0,26.1,0.0
2017-03-10,1900.0,0.0,17.0,210.0,0.0,24.0,0.0
2017-03-11,1560.0,0.0,16.6,159.0,0.0,23.1,0.0
2017-03-12,1210.0,0.0,17.8,121.0,0.0,22.4,0.0
2017-03-13,919.0,0.0,17.8,97.2,0.0,22.1,0.0
2017-03-14,705.0,0.0,19.2,84.3,0.0,21.7,0.0
2017-03-15,557.0,0.0,19.4,79.1,0.0,21.4,0.0
2017-03-16,465.0,0.0,19.2,76.8,0.0,21.3,0.0
2017-03-17,413.0,0.0,19.7,76.1,0.0,21.3,0.0
2017-03-18,362.0,0.0,19.9,75.6,0.0,21.1,0.0
2017-03-19,314.0,0.0,20.3,75.5,0.0,21.1,0.0
2017-03-20,271.0,0.0,20.7,75.5,0.0,21.1,0.0
2017-03-21,250.0,0.0,19.9,75.3,0.3,21.1,0.0
2017-03-22,232.0,0.1,17.8,75.7,0.0,21.2,0.1
2017-03-23,230.0,16.3,11.5,82.0,15.5,21.6,27.8
2017-03-24,245.0,0.2,10.0,80.2,1.1,21.1,0.1
2017-03-25,760.0,0.5,13.5,91.6,0.3,21.1,0.6
2017-03-26,843.0,0.0,12.4,124.0,0.0,21.1,0.3
2017-03-27,638.0,0.5,14.0,104.0,0.6,21.1,0.2
2017-03-28,477.0,0.2,12.2,86.9,0.5,21.0,0.6
2017-03-29,356.0,0.0,14.0,78.7,0.0,21.1,0.0
2017-03-30,288.0,0.0,16.3,75.6,0.0,21.0,0.0
2017-03-31,242.0,8.9,9.9,75.4,6.2,21.1,4.7
2017-04-01,225.0,0.4,9.0,75.5,0.8,21.1,0.3
2017-04-02,209.0,0.0,12.5,75.1,0.0,21.1,0.0
2017-04-03,188.0,0.0,15.4,74.7,0.0,21.1,0.2
2017-04-04,168.0,0.4,11.7,74.2,0.6,21.1,1.2
2017-04-05,170.0,0.0,13.6,73.6,0.0,21.3,0.0
2017-04-06,162.0,0.0,16.7,73.4,0.0,21.5,0.0
2017-04-07,159.0,0.0,18.8,73.0,0.0,21.8,0.0
2017-04-08,167.0,0.0,18.0,72.5,0.0,21.8,0.0
2017-04-09,158.0,0.0,15.2,72.0,0.0,21.7,0.0
2017-04-10,143.0,0.0,15.0,71.5,0.0,21.7,0.0
2017-04-11,139.0,0.0,17.1,71.4,0.0,21.8,0.0
2017-04-12,136.0,0.0,19.0,71.1,0.0,22.1,0.0
2017-04-13,129.0,0.0,19.7,70.5,0.0,21.6,0.0
2017-04-14,118.0,0.0,18.4,70.3,0.0,21.3,0.0
2017-04-15,116.0,0.0,18.2,69.9,0.0,21.4,0.0
2017-04-16,117.0,0.0,19.3,69.6,0.0,21.3,0.0
2017-04-17,116.0,0.0,20.5,69.6,0.0,21.2,0.0
2017-04-18,115.0,0.0,20.7,69.0,0.0,21.0,0.0
2017-04-19,111.0,0.0,20.3,68.7,0.0,20.9,0.0
2017-04-20,106.0,0.0,20.1,68.3,0.0,20.9,0.0
2017-04-21,97.0,0.0,19.1,68.1,0.0,20.9,0.0
2017-04-22,96.1,0.0,20.6,68.1,0.0,20.9,0.0
2017-04-23,91.7,0.0,22.4,67.9,0.0,20.9,0.0
2017-04-24,89.0,0.0,21.0,67.8,0.0,20.8,0.0
2017-04-25,94.3,0.0,20.2,67.7,0.3,20.6,0.3
2017-04-26,96.3,0.0,17.5,67.5,0.0,20.5,0.0
2017-04-27,98.3,0.0,20.6,67.4,0.0,20.6,0.0
2017-04-28,89.5,0.0,18.5,67.3,0.0,20.6,0.0
2017-04-29,87.6,0.0,13.9,67.1,0.0,20.7,0.0
2017-04-30,102.0,0.0,16.2,67.4,0.0,20.7,0.0
2017-05-01,102.0,0.0,19.1,67.3,0.0,20.6,0.0
2017-05-02,99.3,0.0,21.2,67.0,0.0,20.7,0.0
2017-05-03,94.7,0.0,22.9,66.7,0.0,20.5,0.0
2017-05-04,93.6,0.0,24.4,66.3,0.0,20.5,0.0
2017-05-05,85.6,0.0,26.0,65.7,0.0,20.5,0.0
2017-05-06,79.1,0.0,25.4,65.6,0.0,20.3,0.0
2017-05-07,84.5,0.1,18.8,65.4,0.0,19.9,1.0
2017-05-08,95.7,0.4,16.0,66.2,0.4,20.0,1.7
2017-05-09,95.8,7.2,14.1,67.8,17.6,20.5,9.0
2017-05-10,114.0,0.9,13.2,67.5,1.2,20.4,0.5
2017-05-11,118.0,0.0,17.7,67.0,0.0,20.1,0.0
2017-05-12,112.0,0.4,22.7,65.8,0.0,19.9,0.4
2017-05-13,101.0,0.0,22.5,65.0,0.0,19.7,0.0
2017-05-14,90.8,0.0,21.1,64.5,0.0,19.6,0.0
2017-05-15,83.2,0.0,19.2,64.2,0.0,19.8,0.0
2017-05-16,93.1,0.4,16.0,64.6,0.4,19.9,0.7
2017-05-17,91.9,0.0,16.4,64.8,0.0,20.0,0.0
2017-05-18,88.4,0.9,16.5,65.1,1.0,20.1,1.4
2017-05-19,83.4,0.0,16.0,65.1,0.0,20.3,0.3
2017-05-20,85.0,0.0,19.1,64.7,0.0,20.3,0.0
2017-05-21,90.6,0.0,22.5,64.3,0.0,20.1,0.0
2017-05-22,85.8,0.0,24.5,63.8,0.0,20.3,0.0
2017-05-23,83.4,0.0,25.8,63.4,0.0,20.3,0.0
2017-05-24,84.2,0.0,26.6,62.8,0.0,20.3,0.0
2017-05-25,76.7,0.0,26.4,62.4,0.0,20.2,0.0
2017-05-26,72.5,0.0,23.5,62.1,0.0,20.3,0.0
2017-05-27,68.6,0.0,22.6,62.4,0.0,20.4,0.0
2017-05-28,70.4,0.0,24.4,62.5,0.0,20.4,0.0
2017-05-29,70.8,0.0,26.1,62.4,0.0,20.4,0.0
2017-05-30,71.7,0.0,25.9,62.3,1.0,20.6,0.0
2017-05-31,70.4,0.2,25.3,63.3,0.8,20.6,0.1
2017-06-01,67.6,0.2,25.7,63.3,0.1,20.4,0.0
2017-06-02,63.3,0.0,25.2,62.5,0.0,20.3,0.0
2017-06-03,55.7,0.0,28.1,62.1,0.0,20.2,0.0
2017-06-04,53.3,0.0,29.4,61.7,0.2,20.0,0.0
2017-06-05,52.6,0.2,29.2,61.4,0.4,20.1,0.0
2017-06-06,53.6,0.0,29.4,61.1,0.0,20.0,0.0
2017-06-07,51.5,0.0,29.5,60.9,0.2,20.1,0.0
2017-06-08,50.5,0.0,28.2,60.6,0.0,20.1,0.0
2017-06-09,48.4,0.0,28.5,60.5,0.0,20.1,0.0
2017-06-10,44.0,0.0,26.6,60.5,0.0,20.1,0.0
2017-06-11,48.4,0.0,25.5,60.6,0.0,20.1,0.0
2017-06-12,54.4,0.0,24.0,60.7,0.0,20.1,0.0
2017-06-13,56.1,0.0,21.8,60.8,0.0,20.3,0.0
2017-06-14,53.7,0.0,25.2,60.9,0.0,20.2,0.0
2017-06-15,52.2,0.0,27.8,60.7,0.0,19.8,0.0
2017-06-16,48.2,0.0,29.2,60.2,0.0,19.8,0.0
2017-06-17,48.8,0.0,30.2,59.6,0.0,19.8,0.0
2017-06-18,52.2,0.0,31.5,59.3,0.0,19.7,0.0
2017-06-19,52.3,0.2,33.6,58.9,0.7,19.7,0.2
2017-06-20,53.9,0.0,34.1,58.7,0.0,19.6,0.0
2017-06-21,53.1,0.3,34.9,58.6,0.0,19.6,0.0
2017-06-22,46.5,0.0,34.0,57.7,0.0,19.2,0.0
2017-06-23,45.4,0.0,33.2,57.2,0.0,19.0,0.0
2017-06-24,44.6,0.0,33.9,57.3,0.0,18.8,0.0
2017-06-25,44.3,1.3,32.8,57.7,1.7,18.5,0.0
2017-06-26,46.0,0.4,30.9,58.3,0.3,18.5,0.7
2017-06-27,47.8,0.0,31.6,57.6,0.0,18.2,0.0
2017-06-28,48.7,0.0,29.2,56.7,0.0,18.1,0.0
2017-06-29,45.4,0.0,29.4,56.6,0.0,18.1,0.0
2017-06-30,45.4,0.0,30.2,56.6,0.0,18.0,0.0
2017-07-01,42.2,0.0,31.0,56.5,0.0,17.9,0.0
2017-07-02,44.3,0.0,30.4,56.5,0.0,17.8,0.0
2017-07-03,40.6,0.0,30.1,56.3,0.0,17.8,0.0
2017-07-04,40.7,0.0,31.0,56.3,0.0,17.7,0.0
2017-07-05,40.5,0.0,32.0,56.0,0.0,17.6,0.0
2017-07-06,40.9,0.0,33.1,56.1,0.0,17.8,0.0
2017-07-07,40.4,0.0,33.8,56.5,0.7,17.9,0.0
2017-07-08,41.8,2.4,33.6,57.2,0.3,18.3,0.2
2017-07-09,43.2,1.2,30.9,58.5,0.6,18.4,0.3
2017-07-10,49.9,3.6,30.9,60.2,5.6,18.5,0.0
2017-07-11,57.7,1.4,28.9,60.1,2.5,18.6,0.4
2017-07-12,60.4,0.2,27.8,60.6,0.1,18.7,0.0
2017-07-13,76.9,2.0,29.0,60.3,1.2,18.6,0.9
2017-07-14,81.8,0.2,29.5,59.7,0.0,18.5,0.0
2017-07-15,84.3,0.1,30.2,59.3,3.1,18.5,1.8
2017-07-16,85.3,6.5,27.9,59.8,1.2,18.9,4.6
2017-07-17,78.2,0.3,28.6,60.9,0.1,19.0,0.0
2017-07-18,85.7,7.3,26.6,86.9,18.7,24.2,10.6
2017-07-19,84.9,31.4,25.4,109.0,18.7,23.0,7.9
2017-07-20,112.0,0.7,25.8,76.0,0.5,20.0,1.9
2017-07-21,197.0,4.2,25.5,73.9,5.1,19.4,0.2
2017-07-22,169.0,6.0,25.2,72.8,2.8,19.2,2.2
2017-07-23,321.0,1.4,26.1,84.9,0.1,19.2,4.6
2017-07-24,338.0,11.6,24.1,100.0,12.6,19.9,9.8
2017-07-25,299.0,1.2,25.0,92.2,1.7,20.4,0.2
2017-07-26,232.0,1.6,25.8,89.3,12.1,19.6,1.9
2017-07-27,212.0,0.2,28.2,75.2,0.0,19.3,0.0
2017-07-28,228.0,6.6,26.1,70.6,6.0,20.4,3.8
2017-07-29,207.0,12.3,25.7,69.1,1.9,21.1,7.3
2017-07-30,198.0,2.8,26.2,86.1,0.3,21.5,4.2
2017-07-31,217.0,3.3,27.0,77.0,1.6,19.6,4.3
2017-08-01,197.0,2.6,28.2,74.5,1.9,19.1,0.6
2017-08-02,189.0,2.1,27.1,88.1,1.8,26.1,1.2
2017-08-03,206.0,0.8,26.5,76.6,11.8,21.1,8.0
2017-08-04,201.0,5.8,26.6,69.7,9.8,19.6,4.6
2017-08-05,570.0,0.6,26.2,67.2,0.4,19.4,0.1
2017-08-06,788.0,0.0,27.6,65.9,0.6,19.2,0.0
2017-08-07,313.0,0.0,27.7,64.7,0.0,18.9,0.0
2017-08-08,209.0,0.0,27.9,63.9,0.0,18.6,0.0
2017-08-09,167.0,0.0,28.8,62.9,0.0,18.5,0.0
2017-08-10,149.0,0.1,29.4,62.6,0.7,18.5,0.4
2017-08-11,139.0,0.0,29.2,62.6,0.2,18.5,0.0
2017-08-12,135.0,0.5,27.6,63.1,0.7,31.4,0.8
2017-08-13,644.0,5.1,25.2,123.0,8.5,26.7,6.9
2017-08-14,256.0,0.1,26.8,79.1,2.8,21.3,1.6
2017-08-15,219.0,0.0,25.9,68.7,0.0,19.9,0.0
2017-08-16,187.0,0.0,24.9,65.0,0.0,19.5,0.0
2017-08-17,160.0,0.0,26.5,63.3,0.0,19.2,0.0
2017-08-18,141.0,0.0,27.0,62.4,0.0,19.0,0.0
2017-08-19,129.0,0.0,28.1,62.1,0.0,18.8,0.0
2017-08-20,120.0,1.9,28.0,62.3,0.1,18.9,0.1
2017-08-21,125.0,0.4,27.5,62.7,0.6,19.1,0.5
2017-08-22,118.0,0.0,27.4,62.5,0.1,18.7,0.0
2017-08-23,114.0,0.0,28.6,62.2,0.0,18.6,0.0
2017-08-24,159.0,0.2,27.5,126.0,0.3,19.2,0.0
2017-08-25,220.0,0.8,27.9,93.8,0.0,18.4,0.0
2017-08-26,190.0,0.0,29.7,68.1,0.0,18.2,0.0
2017-08-27,145.0,0.1,30.1,63.9,0.0,18.1,0.0
2017-08-28,124.0,0.1,31.1,62.5,0.6,18.0,0.2
2017-08-29,115.0,0.6,30.0,61.8,0.0,18.0,0.0
2017-08-30,109.0,0.0,29.5,61.8,0.1,17.9,0.3
2017-08-31,101.0,0.0,29.8,61.4,0.0,17.9,0.0
2017-09-01,94.3,0.1,29.4,61.1,0.0,17.8,0.0
2017-09-02,89.8,0.0,30.3,60.6,0.0,17.7,0.0
2017-09-03,85.8,0.0,29.3,60.5,0.0,17.8,0.0
2017-09-04,85.2,0.0,29.3,60.5,0.0,17.8,0.0
2017-09-05,114.0,1.6,29.0,60.4,0.0,18.0,0.0
2017-09-06,98.9,0.0,29.2,60.6,0.1,18.2,0.0
2017-09-07,98.0,0.2,29.3,61.0,0.0,18.1,0.0
2017-09-08,97.2,0.2,27.3,61.4,0.0,18.3,0.3
2017-09-09,95.5,5.8,23.9,62.4,6.4,18.6,5.6
2017-09-10,99.0,0.6,25.1,62.6,1.6,18.6,1.8
2017-09-11,107.0,0.0,27.4,62.2,0.0,18.4,0.0
2017-09-12,104.0,0.1,28.4,61.5,0.0,18.1,0.0
2017-09-13,103.0,0.3,27.6,62.0,1.6,18.4,0.7
2017-09-14,102.0,1.2,25.8,63.6,0.4,18.4,0.9
2017-09-15,103.0,0.3,23.0,62.0,0.1,18.2,0.1
2017-09-16,99.7,0.0,23.1,61.8,0.0,18.2,0.0
2017-09-17,97.9,0.0,24.2,61.6,0.0,18.1,0.0
2017-09-18,96.2,0.0,23.2,61.2,0.0,18.1,0.0
2017-09-19,91.1,0.0,22.8,61.1,0.0,18.1,0.0
2017-09-20,86.6,0.0,23.1,61.1,0.0,18.1,0.0
2017-09-21,85.6,0.0,23.4,61.0,0.0,18.1,0.0
2017-09-22,85.3,0.0,21.9,61.1,1.2,18.3,0.0
2017-09-23,83.5,0.0,19.2,61.3,0.0,18.4,0.0
2017-09-24,86.9,0.0,16.7,61.5,0.0,18.5,0.0
2017-09-25,88.1,0.0,18.3,61.9,0.0,18.5,0.0
2017-09-26,95.0,0.0,19.7,62.2,0.0,18.7,0.0
2017-09-27,96.9,0.0,20.7,62.2,0.0,18.6,0.0
2017-09-28,93.0,0.0,20.5,62.4,0.0,18.5,0.0
2017-09-29,89.9,0.0,22.0,62.4,0.0,18.5,0.0
2017-09-30,87.8,0.0,23.3,62.1,0.0,18.5,0.0
2017-10-01,89.6,0.0,22.3,61.8,0.0,18.5,0.0
2017-10-02,91.8,0.0,21.2,62.0,0.0,18.5,0.0
2017-10-03,93.5,0.0,20.5,61.9,0.0,18.6,0.0
2017-10-04,91.5,0.0,22.3,62.1,0.0,18.7,0.0
2017-10-05,88.4,0.0,23.4,62.3,0.0,18.7,0.0
2017-10-06,84.8,0.0,22.7,62.0,0.0,18.7,0.0
2017-10-07,86.0,0.0,20.9,62.4,0.0,18.9,0.0
2017-10-08,87.4,0.0,22.1,62.7,0.0,18.9,0.0
2017-10-09,91.6,0.0,18.2,62.8,0.0,18.9,0.0
2017-10-10,97.6,0.0,16.7,62.9,0.0,19.1,0.0
2017-10-11,99.3,0.0,20.0,63.2,0.0,19.1,0.0
2017-10-12,96.5,0.0,20.8,63.1,0.0,19.0,0.0
2017-10-13,93.7,0.0,21.0,62.9,0.0,19.0,0.0
2017-10-14,97.0,0.0,20.7,63.2,0.0,18.9,0.0
2017-10-15,99.7,0.0,20.7,64.4,0.0,18.8,0.0
2017-10-16,101.0,0.0,21.2,64.4,0.0,18.9,0.0
2017-10-17,101.0,0.0,23.1,64.4,0.0,19.0,0.0
2017-10-18,100.0,0.0,22.9,64.5,0.0,19.0,0.0
2017-10-19,99.1,0.0,22.5,64.3,0.0,19.0,0.4
2017-10-20,106.0,0.0,20.4,64.3,0.0,19.0,0.0
2017-10-21,116.0,0.0,18.2,64.3,0.0,19.0,0.0
2017-10-22,107.0,0.0,18.3,64.3,0.0,19.0,0.0
2017-10-23,109.0,0.0,21.4,64.4,0.0,19.0,0.0
2017-10-24,112.0,0.0,23.1,64.3,0.0,19.0,0.0
2017-10-25,110.0,0.0,21.1,64.4,0.0,18.9,0.0
2017-10-26,110.0,0.0,21.1,64.5,0.0,18.9,0.0
2017-10-27,110.0,0.0,19.5,64.4,0.0,18.9,0.0
2017-10-28,114.0,0.0,19.7,64.3,0.0,18.9,0.0
2017-10-29,116.0,0.0,19.4,64.6,0.0,19.0,0.0
2017-10-30,120.0,0.0,18.9,64.8,0.0,19.1,0.0
2017-10-31,125.0,0.0,17.7,64.9,0.0,19.1,0.0
2017-11-01,128.0,0.0,16.5,65.0,0.0,19.0,0.0
2017-11-02,131.0,0.0,16.2,65.0,0.0,19.0,0.0
2017-11-03,134.0,0.0,16.5,65.3,0.0,19.0,0.0
2017-11-04,137.0,0.0,18.0,65.4,0.0,19.0,0.0
2017-11-05,140.0,0.0,15.7,65.5,0.0,19.1,0.0
2017-11-06,137.0,0.0,15.3,65.7,0.0,19.1,0.0
2017-11-07,137.0,0.3,16.7,65.8,0.1,19.1,0.0
2017-11-08,140.0,0.0,15.5,65.7,0.0,19.1,0.0
2017-11-09,140.0,0.0,17.0,65.7,0.0,19.1,0.0
2017-11-10,136.0,0.0,17.0,65.8,0.0,19.5,0.0
2017-11-11,140.0,0.0,16.4,65.7,0.0,19.5,0.0
2017-11-12,143.0,0.0,16.8,65.8,0.0,19.6,0.0
2017-11-13,143.0,0.0,18.9,65.7,0.0,19.5,0.0
2017-11-14,144.0,0.0,18.0,65.7,0.0,19.6,0.0
2017-11-15,148.0,0.0,17.0,65.7,0.0,19.5,0.0
2017-11-16,146.0,0.0,17.0,65.7,0.0,19.4,0.0
2017-11-17,149.0,0.0,15.4,66.4,0.3,19.5,0.2
2017-11-18,152.0,0.0,13.1,66.5,0.0,19.4,0.0
2017-11-19,153.0,0.0,10.5,66.5,0.0,19.5,0.0
2017-11-20,154.0,0.0,13.9,66.4,0.0,19.5,0.0
2017-11-21,160.0,0.0,15.5,66.9,0.0,19.5,0.0
2017-11-22,163.0,0.0,17.0,67.1,0.0,19.5,0.0
2017-11-23,163.0,0.0,18.1,67.2,0.0,19.4,0.0
2017-11-24,164.0,0.0,18.8,67.2,0.0,19.4,0.0
2017-11-25,164.0,0.0,18.3,67.2,0.0,19.4,0.0
2017-11-26,162.0,0.0,19.3,67.2,0.0,19.4,0.0
2017-11-27,163.0,0.0,17.6,67.2,0.0,19.5,0.0
2017-11-28,162.0,0.0,13.0,67.0,0.0,19.4,0.0
2017-11-29,162.0,0.0,14.1,67.1,0.0,19.6,0.0
2017-11-30,164.0,0.0,16.5,67.1,0.0,19.6,0.0
2017-12-01,168.0,0.0,16.7,67.1,0.0,19.6,0.0
2017-12-02,173.0,0.0,14.7,67.0,0.0,19.5,0.0
2017-12-03,174.0,0.0,15.2,67.0,0.0,19.6,0.0
2017-12-04,173.0,0.0,12.2,67.3,0.0,19.5,0.0
2017-12-05,180.0,0.0,9.7,67.4,0.0,19.5,0.0
2017-12-06,180.0,0.2,9.5,67.5,0.1,19.5,0.0
2017-12-07,177.0,0.0,7.6,67.8,0.0,19.4,0.0
2017-12-08,179.0,0.0,8.7,67.8,0.0,19.4,0.0
2017-12-09,181.0,0.0,11.0,67.8,0.0,19.4,0.0
2017-12-10,183.0,0.0,10.7,67.8,0.0,19.3,0.0
2017-12-11,184.0,0.0,10.6,68.6,0.0,19.3,0.0
2017-12-12,184.0,0.0,12.1,68.5,0.0,19.3,0.0
2017-12-13,187.0,0.0,11.4,68.5,0.0,19.3,0.0
2017-12-14,185.0,0.0,10.5,68.5,0.0,19.3,0.0
2017-12-15,181.0,0.0,10.0,68.5,0.0,19.4,0.0
2017-12-16,182.0,0.0,8.9,68.9,0.0,19.5,0.0
2017-12-17,183.0,0.0,8.6,69.3,0.0,19.5,0.0
2017-12-18,183.0,0.0,8.3,69.3,0.0,19.5,0.0
2017-12-19,186.0,0.0,7.9,69.3,0.0,19.5,0.0
2017-12-20,181.0,0.0,8.0,69.4,0.0,19.5,0.0
2017-12-21,183.0,0.0,6.7,69.6,0.0,19.6,0.0
2017-12-22,190.0,0.0,3.0,71.1,0.0,19.5,0.0
2017-12-23,191.0,0.0,6.6,71.2,0.0,19.5,0.0
2017-12-24,190.0,0.0,9.8,71.4,0.0,19.6,0.0
2017-12-25,191.0,0.0,10.8,71.4,0.0,19.6,0.0
2017-12-26,185.0,0.0,10.9,71.1,0.0,19.5,0.0
2017-12-27,187.0,0.0,12.4,70.9,0.0,19.4,0.0
2017-12-28,186.0,0.0,12.8,70.9,0.0,19.4,0.0
2017-12-29,186.0,0.0,13.0,71.4,0.0,19.4,0.0
2017-12-30,192.0,0.0,13.9,71.8,0.0,19.5,0.0
2017-12-31,195.0,0.0,13.1,71.8,0.0,19.6,0.0
2018-01-01,193.0,0.0,11.4,72.0,0.0,19.5,0.0
2018-01-02,194.0,0.0,12.1,72.6,0.0,19.4,0.0
2018-01-03,197.0,0.0,9.8,72.6,0.0,19.6,0.0
2018-01-04,198.0,0.0,13.9,72.6,0.0,19.7,0.0
2018-01-05,195.0,0.0,12.7,72.6,0.0,19.5,0.0
2018-01-06,196.0,0.0,13.5,72.6,0.0,19.6,0.0
2018-01-07,194.0,0.2,13.0,73.4,0.1,19.7,0.1
2018-01-08,191.0,0.0,11.7,73.5,0.0,19.7,0.0
2018-01-09,193.0,2.2,11.8,74.0,1.2,19.9,1.4
2018-01-10,212.0,10.6,9.7,78.9,8.7,20.7,12.2
2018-01-11,276.0,0.0,8.4,76.0,0.0,19.6,0.2
2018-01-12,227.0,0.0,9.8,74.4,0.0,19.6,0.0
2018-01-13,208.0,0.0,10.3,74.4,0.0,19.6,0.0
2018-01-14,203.0,0.0,10.3,74.3,0.0,19.6,0.0
2018-01-15,200.0,0.0,12.1,74.3,0.0,19.6,0.0
2018-01-16,198.0,0.0,10.9,74.3,0.0,19.5,0.0
2018-01-17,194.0,0.0,11.6,74.3,0.0,19.4,0.0
2018-01-18,191.0,0.0,10.9,74.3,0.0,19.3,0.0
2018-01-19,191.0,0.0,11.0,74.3,0.0,19.3,0.0
2018-01-20,190.0,4.4,9.1,74.3,4.5,19.5,2.6
2018-01-21,192.0,1.0,4.6,74.6,1.3,19.4,3.0
2018-01-22,194.0,0.0,2.2,74.3,0.0,19.2,0.0
2018-01-23,194.0,0.0,4.8,74.2,0.0,19.3,0.0
2018-01-24,192.0,0.0,6.4,74.2,0.0,19.2,0.0
2018-01-25,190.0,0.0,9.7,74.2,0.0,19.2,0.0
2018-01-26,189.0,0.0,7.9,74.2,0.0,19.3,0.0
2018-01-27,188.0,0.0,6.8,74.2,0.0,19.3,0.0
2018-01-28,188.0,0.0,9.7,74.2,0.0,19.3,0.0
2018-01-29,188.0,0.0,12.6,74.5,0.0,19.2,0.0
2018-01-30,186.0,0.0,12.5,74.7,0.0,19.1,0.0
2018-01-31,174.0,0.0,14.0,74.6,0.0,19.3,0.0
2018-02-01,166.0,0.0,13.2,74.6,0.0,19.3,0.0
2018-02-02,170.0,0.0,14.3,74.5,0.0,19.3,0.0
2018-02-03,169.0,0.0,13.3,74.3,0.0,19.2,0.0
2018-02-04,166.0,0.0,13.8,74.2,0.0,19.4,0.0
2018-02-05,170.0,0.0,14.1,74.2,0.0,19.4,0.0
2018-02-06,171.0,0.0,13.2,74.1,0.0,19.4,0.0
2018-02-07,172.0,0.0,10.8,74.1,0.0,19.4,0.0
2018-02-08,164.0,0.0,12.5,74.0,0.0,19.2,0.0
2018-02-09,161.0,0.0,15.1,74.0,0.0,19.2,0.0
2018-02-10,158.0,0.0,13.6,74.0,0.0,19.1,0.0
2018-02-11,162.0,0.0,10.9,74.0,0.0,19.0,0.0
2018-02-12,161.0,1.0,10.8,74.0,1.5,19.0,1.9
2018-02-13,167.0,4.4,9.8,74.2,3.5,19.1,4.7
2018-02-14,179.0,0.0,10.2,74.1,0.0,19.3,0.0
2018-02-15,184.0,8.7,9.1,74.0,7.4,19.4,9.2
2018-02-16,183.0,0.0,9.5,74.0,0.0,19.5,0.0
2018-02-17,188.0,0.0,9.9,73.6,0.0,19.6,0.0
2018-02-18,184.0,0.0,10.7,73.4,0.0,19.3,0.0
2018-02-19,182.0,1.8,10.0,73.4,0.8,19.0,3.1
2018-02-20,185.0,0.0,2.6,73.0,0.0,18.8,0.0
2018-02-21,189.0,0.0,3.0,73.0,0.0,18.6,0.0
2018-02-22,167.0,0.0,4.7,72.9,0.0,18.6,0.0
2018-02-23,172.0,0.6,4.7,73.3,2.4,18.8,0.8
2018-02-24,170.0,1.2,2.4,73.5,1.1,19.0,3.9
2018-02-25,171.0,0.0,3.5,73.2,0.0,18.9,0.0
2018-02-26,173.0,0.0,7.2,72.7,0.0,18.8,0.0
2018-02-27,174.0,0.0,7.3,72.5,0.0,18.8,0.1
2018-02-28,175.0,4.5,5.7,74.1,5.4,18.7,5.8
2018-03-01,179.0,0.0,6.1,73.3,0.0,18.3,0.0
2018-03-02,175.0,0.0,9.6,72.4,0.0,18.3,0.0
2018-03-03,179.0,0.0,10.7,72.0,0.0,18.6,0.0
2018-03-04,180.0,0.0,9.9,71.8,0.0,18.6,0.0
2018-03-05,179.0,0.0,7.8,71.6,0.0,18.7,0.0
2018-03-06,180.0,0.0,9.4,71.4,0.0,18.6,0.0
2018-03-07,179.0,0.0,11.0,71.6,0.0,18.7,0.0
2018-03-08,181.0,0.0,14.8,71.5,0.0,18.7,0.0
2018-03-09,179.0,0.0,14.3,71.3,0.0,18.7,0.0
2018-03-10,181.0,2.4,13.2,72.2,2.9,18.9,2.3
2018-03-11,185.0,8.0,12.2,74.1,11.2,19.7,9.8
2018-03-12,191.0,1.1,13.7,72.8,1.8,19.4,0.1
2018-03-13,190.0,0.0,15.6,71.4,0.0,19.6,0.0
2018-03-14,175.0,0.0,16.1,70.5,0.0,19.6,1.1
2018-03-15,173.0,2.2,11.2,70.3,2.0,19.7,1.6
2018-03-16,174.0,0.0,9.5,70.1,0.1,19.5,0.0
2018-03-17,179.0,0.0,10.2,70.1,0.0,19.5,0.0
2018-03-18,175.0,4.3,9.7,70.3,3.2,19.5,4.6
2018-03-19,171.0,0.0,8.6,69.8,0.0,19.4,0.0
2018-03-20,165.0,0.0,10.7,69.8,0.0,19.4,0.0
2018-03-21,169.0,0.0,15.0,69.7,0.0,19.4,0.0
2018-03-22,163.0,0.1,17.3,69.7,0.0,19.4,0.0
2018-03-23,159.0,0.1,17.8,69.4,0.1,19.4,0.7
2018-03-24,159.0,0.0,15.4,69.3,0.0,19.2,0.0
2018-03-25,155.0,0.0,13.6,69.2,0.0,19.3,0.0
2018-03-26,153.0,0.1,11.8,69.1,0.0,18.6,0.0
2018-03-27,159.0,0.1,11.3,69.0,0.1,18.1,0.0
2018-03-28,154.0,0.0,12.4,69.1,0.0,18.1,0.0
2018-03-29,149.0,0.0,15.1,69.1,0.0,18.3,0.0
2018-03-30,143.0,0.0,17.5,69.0,0.0,18.1,0.0
2018-03-31,136.0,0.0,18.3,68.7,0.0,18.0,0.0
2018-04-01,131.0,0.0,19.7,69.0,0.0,18.1,0.0
2018-04-02,130.0,0.0,18.5,68.6,0.0,18.0,0.0
2018-04-03,122.0,0.0,17.7,68.5,0.0,17.9,0.0
2018-04-04,114.0,0.0,18.8,68.5,0.0,17.9,0.0
2018-04-05,104.0,0.0,19.1,67.3,0.0,17.9,0.0
2018-04-06,97.6,0.0,20.3,67.1,0.0,17.9,0.0
2018-04-07,93.8,0.0,21.2,67.1,0.0,17.9,0.0
2018-04-08,89.3,0.0,22.5,67.0,0.1,17.9,0.0
2018-04-09,85.0,0.0,20.2,66.4,0.0,18.0,0.0
2018-04-10,92.0,0.0,21.4,66.3,0.0,18.0,0.0
2018-04-11,88.3,0.0,22.2,66.1,0.0,18.1,0.0
2018-04-12,85.7,0.0,20.2,65.9,0.0,17.9,0.0
2018-04-13,81.3,0.0,13.4,65.6,0.0,17.7,0.0
2018-04-14,86.0,0.0,13.0,65.6,0.0,17.9,0.0
2018-04-15,93.9,0.0,17.7,65.8,0.0,18.1,0.0
2018-04-16,90.5,0.0,19.0,66.0,0.0,18.2,0.0
2018-04-17,88.3,0.0,16.6,65.8,0.0,18.2,0.0
2018-04-18,85.2,0.0,15.3,65.7,0.0,18.1,0.0
2018-04-19,83.5,0.0,15.9,65.7,0.0,18.1,0.0
2018-04-20,86.6,0.0,12.9,66.2,0.3,18.1,0.0
2018-04-21,96.5,0.0,15.8,66.0,0.0,17.9,0.0
2018-04-22,95.5,0.0,20.5,65.9,0.0,17.8,0.0
2018-04-23,88.5,0.0,22.1,65.4,0.0,17.5,0.0
2018-04-24,89.2,0.0,22.8,65.1,0.0,17.4,0.0
2018-04-25,89.6,0.0,23.4,64.8,0.0,17.4,0.0
2018-04-26,86.6,0.0,24.0,64.5,0.0,17.6,0.0
2018-04-27,77.8,0.0,23.7,64.4,0.1,17.8,0.1
2018-04-28,66.7,0.5,23.7,64.1,0.1,17.6,0.2
2018-04-29,64.9,0.0,20.9,63.9,0.0,17.5,0.0
2018-04-30,72.0,0.0,18.9,63.6,0.0,17.6,0.0
2018-05-01,77.4,0.0,17.1,64.3,0.0,17.7,0.1
2018-05-02,84.4,7.2,11.6,66.3,7.1,18.9,7.2
2018-05-03,99.1,1.2,12.2,67.3,0.2,18.3,0.0
2018-05-04,98.6,0.0,18.1,66.2,0.0,17.8,0.0
2018-05-05,95.2,0.0,22.0,65.0,0.0,17.7,0.0
2018-05-06,88.4,0.0,25.1,64.3,0.0,17.7,0.0
2018-05-07,83.0,0.0,26.3,63.7,0.0,17.6,0.0
2018-05-08,79.3,0.0,25.8,63.4,0.0,17.5,0.0
2018-05-09,75.9,0.0,27.1,62.9,0.0,17.4,0.0
2018-05-10,73.1,0.0,26.5,62.4,0.0,17.3,0.0
2018-05-11,69.4,0.0,25.1,62.0,0.0,17.0,0.0
2018-05-12,64.0,0.0,22.2,62.0,0.0,17.2,0.0
2018-05-13,63.7,0.0,19.9,62.3,0.0,17.2,0.0
2018-05-14,67.7,0.0,20.3,62.5,0.0,17.2,0.0
2018-05-15,63.5,0.0,21.6,62.5,0.0,17.0,0.0
2018-05-16,60.9,0.0,23.3,62.0,0.0,16.9,0.0
2018-05-17,60.7,0.0,23.5,61.7,0.0,16.9,0.0
2018-05-18,58.8,0.0,22.5,61.7,0.0,17.0,0.0
2018-05-19,56.9,0.0,22.9,61.6,0.0,17.2,0.0
2018-05-20,54.4,0.0,23.3,61.8,0.0,17.2,0.0
2018-05-21,53.0,0.0,22.9,62.0,0.0,17.2,0.0
2018-05-22,56.4,0.0,22.2,62.0,0.0,17.2,0.0
2018-05-23,57.7,0.0,22.0,61.9,0.0,17.2,0.0
2018-05-24,54.7,0.0,23.3,61.7,0.0,17.2,0.0
2018-05-25,54.6,0.0,24.3,60.8,0.0,17.1,0.0
2018-05-26,52.9,0.0,23.4,60.5,0.0,17.1,0.0
2018-05-27,52.0,0.0,21.3,61.0,0.0,17.2,0.0
2018-05-28,56.6,0.0,22.8,61.0,0.0,17.2,0.0
2018-05-29,57.3,0.0,25.1,60.9,0.0,17.1,0.0
2018-05-30,56.4,0.0,26.9,60.4,0.0,16.9,0.0
2018-05-31,54.1,0.0,25.1,59.9,0.0,16.8,0.0
2018-06-01,51.7,0.0,24.6,60.0,0.0,16.8,0.0
2018-06-02,47.4,0.0,27.3,59.8,0.0,16.8,0.0
2018-06-03,50.3,0.0,27.5,59.5,0.0,16.6,0.0
2018-06-04,45.1,0.0,29.4,59.0,0.0,16.5,0.0
2018-06-05,42.3,0.0,28.1,58.5,0.0,16.3,0.0
2018-06-06,44.1,0.0,27.6,58.4,0.0,16.3,0.0
2018-06-07,43.3,0.0,27.2,58.3,0.0,16.2,0.0
2018-06-08,43.4,0.0,27.9,58.1,0.0,16.2,0.0
2018-06-09,45.3,0.0,28.7,57.9,0.0,16.1,0.0
2018-06-10,45.4,0.0,27.9,57.3,0.0,16.0,0.0
2018-06-11,46.8,0.0,27.9,57.2,0.0,16.0,0.0
2018-06-12,43.0,0.0,29.5,57.2,0.0,16.0,0.0
2018-06-13,37.1,0.0,30.6,57.2,0.0,15.8,0.0
2018-06-14,44.1,0.0,30.4,57.3,0.0,15.8,0.0
2018-06-15,47.5,0.4,28.8,57.8,0.4,16.0,0.3
2018-06-16,49.4,6.0,23.0,61.6,9.9,17.5,6.8
2018-06-17,56.7,0.5,21.8,62.8,1.7,17.7,1.5
2018-06-18,68.1,0.0,23.7,62.3,0.0,16.5,0.0
2018-06-19,69.8,0.0,25.2,60.8,0.0,16.3,0.0
2018-06-20,63.7,0.0,28.3,59.4,0.0,16.1,0.0
2018-06-21,58.9,0.0,30.9,58.4,0.0,15.9,0.0
2018-06-22,51.6,0.0,31.3,57.7,0.0,15.8,0.0
2018-06-23,45.1,0.0,30.7,57.3,0.0,15.7,0.0
2018-06-24,41.1,0.0,29.4,57.1,0.0,15.6,0.0
2018-06-25,39.7,0.0,29.5,57.1,0.0,15.5,0.0
2018-06-26,38.1,0.0,30.7,56.9,0.0,15.4,0.0
2018-06-27,42.0,0.0,30.8,56.8,0.0,15.3,0.0
2018-06-28,42.3,0.0,30.6,56.6,0.0,15.3,0.0
2018-06-29,39.6,0.0,28.8,56.7,0.0,15.3,0.0
2018-06-30,38.2,0.0,28.0,56.9,0.0,15.4,0.0
2018-07-01,36.9,0.0,28.6,56.9,0.0,15.3,0.0
2018-07-02,36.6,0.0,29.5,56.8,0.0,15.2,0.0
2018-07-03,37.7,0.0,29.3,56.5,0.0,15.2,0.0
2018-07-04,39.1,0.0,29.2,56.7,0.0,15.2,0.0
2018-07-05,38.6,0.0,31.0,57.0,0.0,15.2,0.0
2018-07-06,36.9,0.0,31.8,57.0,0.0,15.2,0.0
2018-07-07,37.2,0.0,32.1,58.3,0.0,15.6,0.0
2018-07-08,38.1,0.2,31.0,60.5,0.3,15.8,0.0
2018-07-09,35.9,1.4,30.2,61.2,2.1,15.9,0.0
2018-07-10,45.3,0.5,27.4,93.1,0.2,16.0,0.0
2018-07-11,150.0,1.5,26.4,90.6,0.9,16.7,0.7
2018-07-12,366.0,8.5,24.5,65.1,19.3,17.0,21.3
2018-07-13,193.0,2.6,25.4,80.6,11.1,16.8,0.1
2018-07-14,198.0,4.1,27.1,66.9,4.4,16.5,0.4
2018-07-15,186.0,14.8,24.3,65.7,15.7,23.0,6.2
2018-07-16,166.0,0.5,25.8,65.7,0.0,25.1,0.0
2018-07-17,191.0,1.5,26.2,71.3,0.4,17.6,0.0
2018-07-18,187.0,3.5,26.8,67.2,1.2,17.0,1.0
2018-07-19,159.0,0.8,27.7,65.7,0.7,16.6,0.0
2018-07-20,173.0,0.5,28.3,256.0,3.2,16.3,2.5
2018-07-21,190.0,0.7,28.4,86.4,0.2,18.4,0.1
2018-07-22,185.0,0.0,28.7,67.1,0.0,37.9,0.0
2018-07-23,137.0,0.0,30.4,72.1,0.0,23.3,0.0
2018-07-24,109.0,0.0,32.3,70.6,0.0,18.7,0.0
2018-07-25,94.2,0.0,32.2,66.2,0.0,17.3,0.0
2018-07-26,103.0,0.0,31.6,65.8,0.0,16.7,0.0
2018-07-27,157.0,0.0,31.2,72.6,0.3,16.4,0.0
2018-07-28,284.0,0.3,28.9,168.0,1.3,24.0,5.0
2018-07-29,171.0,3.4,27.4,145.0,1.4,24.3,1.0
2018-07-30,211.0,0.0,30.1,79.7,0.1,37.1,0.0
2018-07-31,171.0,0.0,30.4,72.8,0.0,41.5,0.0
2018-08-01,138.0,0.0,30.5,82.4,0.4,26.8,0.0
2018-08-02,131.0,0.0,30.0,86.5,0.0,26.1,0.0
2018-08-03,135.0,0.0,30.3,77.9,0.0,47.2,0.0
2018-08-04,131.0,0.0,30.9,90.1,0.0,26.7,0.0
2018-08-05,111.0,0.0,31.3,82.0,0.0,22.0,0.0
2018-08-06,104.0,0.0,31.7,75.0,0.0,20.7,0.0
2018-08-07,93.1,0.0,31.8,72.1,0.0,20.2,0.0
2018-08-08,84.1,0.0,31.6,71.6,0.0,19.8,0.0
2018-08-09,83.2,0.4,28.8,71.9,0.0,24.3,0.2
2018-08-10,87.7,0.2,27.0,119.0,1.1,24.5,0.0
2018-08-11,93.3,0.1,28.1,81.3,0.7,20.7,0.1
2018-08-12,105.0,0.7,28.7,72.4,0.8,20.2,0.2
2018-08-13,188.0,0.0,29.2,69.1,0.0,20.1,0.0
2018-08-14,112.0,0.5,28.7,72.4,0.5,20.3,0.1
2018-08-15,234.0,0.0,27.4,67.8,0.7,20.2,0.1
2018-08-16,165.0,0.3,27.1,67.9,0.4,20.3,0.0
2018-08-17,135.0,1.7,26.5,66.5,0.6,20.2,0.0
2018-08-18,136.0,1.9,28.1,65.3,0.1,20.0,0.1
2018-08-19,144.0,0.0,30.3,68.7,0.0,31.4,0.0
2018-08-20,145.0,0.0,31.0,77.7,0.0,33.1,0.0
2018-08-21,248.0,0.0,28.2,138.0,1.4,24.7,0.0
2018-08-22,298.0,3.3,25.4,72.9,2.5,21.7,1.0
2018-08-23,257.0,1.7,25.7,96.5,0.4,21.1,1.5
2018-08-24,338.0,3.5,25.0,71.4,0.7,28.8,1.3
2018-08-25,260.0,2.2,26.0,131.0,3.8,42.0,0.0
2018-08-26,229.0,4.1,25.7,282.0,4.6,23.2,2.2
2018-08-27,398.0,1.4,25.2,86.4,0.1,20.7,0.0
2018-08-28,283.0,0.0,26.8,71.0,0.0,20.0,0.0
2018-08-29,216.0,0.0,27.5,66.9,0.0,19.8,0.0
2018-08-30,178.0,0.0,27.8,65.3,0.0,19.6,0.0
2018-08-31,151.0,0.0,28.2,64.5,0.0,19.3,0.0
2018-09-01,137.0,4.4,26.3,64.1,4.9,19.3,3.1
2018-09-02,172.0,0.0,26.1,63.9,0.9,19.2,0.1
2018-09-03,255.0,0.0,24.3,63.8,3.1,22.4,0.1
2018-09-04,229.0,0.1,24.0,162.0,2.5,34.0,0.1
2018-09-05,256.0,0.1,24.9,104.0,0.2,21.5,0.1
2018-09-06,265.0,0.0,27.0,74.4,0.0,20.2,0.0
2018-09-07,242.0,0.0,27.6,67.7,0.0,19.9,0.0
2018-09-08,214.0,0.0,29.3,65.7,0.0,19.7,0.0
2018-09-09,189.0,0.0,29.1,64.8,0.0,19.5,0.0
2018-09-10,176.0,0.0,28.9,64.4,0.0,19.3,0.0
2018-09-11,176.0,0.0,28.1,63.9,0.0,19.3,0.0
2018-09-12,167.0,0.0,27.4,62.5,0.0,19.2,0.0
2018-09-13,156.0,0.0,26.7,60.6,0.0,19.1,0.0
2018-09-14,154.0,0.0,27.4,60.1,0.0,19.1,0.0
2018-09-15,152.0,0.0,28.7,60.2,0.0,19.2,0.0
2018-09-16,145.0,0.0,28.8,60.2,0.0,19.2,0.0
2018-09-17,133.0,0.0,28.6,60.3,0.0,19.2,0.0
2018-09-18,127.0,0.0,29.0,60.1,0.0,19.2,0.0
2018-09-19,128.0,2.2,26.1,60.9,2.1,19.5,2.6
2018-09-20,141.0,0.0,22.6,61.1,0.0,19.7,0.0
2018-09-21,155.0,0.0,25.0,60.7,0.0,19.5,0.0
2018-09-22,156.0,0.0,26.0,60.3,0.0,19.5,0.0
2018-09-23,147.0,0.0,26.6,60.4,0.0,19.4,0.0
2018-09-24,146.0,0.0,26.1,60.4,0.1,19.4,0.0
2018-09-25,140.0,0.0,25.3,60.3,0.2,19.5,0.0
2018-09-26,137.0,0.0,25.9,60.3,0.0,19.4,0.0
2018-09-27,144.0,0.0,26.1,60.1,0.0,19.4,0.0
2018-09-28,141.0,0.0,26.0,60.1,0.0,19.4,0.0
2018-09-29,138.0,0.0,26.1,59.9,0.0,19.4,0.0
2018-09-30,144.0,0.0,25.3,60.3,0.0,19.5,0.0
2018-10-01,173.0,4.5,21.9,61.4,2.9,20.0,2.6
2018-10-02,224.0,23.7,19.4,70.7,21.7,21.1,19.2
2018-10-03,433.0,5.6,20.5,75.6,7.6,21.7,5.5
2018-10-04,1160.0,3.3,19.2,76.6,4.6,19.5,4.1
2018-10-05,344.0,0.0,17.5,67.6,0.4,19.4,0.0
2018-10-06,240.0,0.0,17.5,64.8,0.7,19.6,0.1
2018-10-07,415.0,16.4,13.8,155.0,26.3,34.9,15.9
2018-10-08,377.0,19.3,11.5,114.0,15.8,21.0,3.1
2018-10-09,355.0,0.3,12.8,80.8,0.6,19.4,0.0
2018-10-10,266.0,0.0,14.0,72.3,0.0,18.9,0.0
2018-10-11,229.0,1.2,14.7,70.9,0.8,19.3,0.4
2018-10-12,213.0,1.6,16.3,70.5,1.3,19.0,1.0
2018-10-13,267.0,1.2,16.9,90.7,0.7,18.7,0.9
2018-10-14,277.0,4.6,13.9,74.2,9.5,18.7,5.0
2018-10-15,218.0,0.5,12.6,69.7,0.7,18.4,1.1
2018-10-16,215.0,2.3,10.4,69.1,2.2,18.5,2.9
2018-10-17,202.0,0.1,11.1,69.1,0.1,18.5,0.0
2018-10-18,195.0,0.0,12.6,69.1,0.0,18.4,0.0
2018-10-19,181.0,0.0,14.2,68.8,0.0,18.3,0.0
2018-10-20,174.0,0.0,16.6,68.5,0.0,18.3,0.0
2018-10-21,167.0,0.5,18.4,68.4,0.1,18.4,0.4
2018-10-22,167.0,3.0,16.7,68.6,1.8,18.5,4.4
2018-10-23,168.0,4.5,16.2,68.9,7.1,18.4,3.5
2018-10-24,173.0,6.0,16.3,69.1,1.8,18.4,0.5
2018-10-25,172.0,0.0,16.6,68.7,0.0,18.3,0.0
2018-10-26,167.0,0.0,16.5,68.2,0.0,18.2,0.0
2018-10-27,161.0,0.0,16.8,68.3,0.0,18.3,0.0
2018-10-28,158.0,0.0,18.1,68.3,0.0,18.3,0.0
2018-10-29,159.0,0.0,19.5,68.6,0.0,18.4,0.0
2018-10-30,159.0,0.0,16.5,68.8,0.3,18.3,0.9
2018-10-31,155.0,1.0,12.9,68.4,1.0,18.3,0.5
2018-11-01,154.0,0.0,12.2,68.2,0.0,18.3,0.0
2018-11-02,153.0,0.0,14.6,68.6,0.0,18.5,0.0
2018-11-03,156.0,0.0,15.2,68.9,0.0,18.4,0.0
2018-11-04,154.0,0.0,15.1,69.0,0.0,18.4,0.0
2018-11-05,153.0,0.0,14.9,69.1,0.0,18.6,0.0
2018-11-06,151.0,0.0,14.9,69.1,0.0,18.6,0.0
2018-11-07,153.0,0.0,15.9,69.1,0.0,18.5,0.0
2018-11-08,153.0,0.0,14.5,69.1,0.0,18.4,0.0
2018-11-09,152.0,0.0,11.4,69.1,0.0,18.4,0.0
2018-11-10,152.0,0.0,11.7,69.1,0.0,18.4,0.0
2018-11-11,154.0,0.0,11.2,69.1,0.0,18.3,0.0
2018-11-12,156.0,0.0,6.6,69.1,0.0,18.2,0.0
2018-11-13,156.0,0.0,6.3,69.1,0.0,18.2,0.0
2018-11-14,160.0,0.0,8.6,69.1,0.0,18.3,0.0
2018-11-15,163.0,0.0,9.9,69.1,0.0,18.3,0.0
2018-11-16,161.0,0.0,11.5,69.1,0.0,18.3,0.0
2018-11-17,160.0,0.0,12.2,69.1,0.0,18.3,0.0
2018-11-18,159.0,0.0,11.1,69.1,0.0,18.5,0.0
2018-11-19,162.0,0.0,10.8,69.1,0.0,18.6,0.0
2018-11-20,160.0,0.0,9.9,69.1,0.0,18.7,0.0
2018-11-21,157.0,0.0,11.8,69.1,0.0,18.7,0.0
2018-11-22,161.0,1.4,11.4,69.9,2.1,18.9,1.9
2018-11-23,161.0,0.2,8.8,70.0,0.2,18.9,0.1
2018-11-24,164.0,0.0,10.1,70.0,0.0,19.1,0.0
2018-11-25,168.0,0.0,9.7,70.0,0.0,19.0,0.0
2018-11-26,167.0,0.0,9.2,70.0,0.0,19.1,0.0
2018-11-27,168.0,0.0,8.5,70.0,0.0,19.2,0.0
2018-11-28,167.0,0.0,11.8,70.5,0.0,19.3,0.0
2018-11-29,164.0,0.0,10.0,70.9,0.0,19.4,0.0
2018-11-30,169.0,8.5,9.0,71.2,8.8,19.6,11.9
2018-12-01,175.0,0.7,7.0,70.9,0.4,19.4,0.7
2018-12-02,179.0,1.3,6.5,70.9,0.7,19.4,2.9
2018-12-03,173.0,0.0,3.4,70.5,0.0,19.4,0.0
2018-12-04,176.0,0.0,4.3,70.5,0.0,19.5,0.0
2018-12-05,175.0,0.0,6.4,70.9,0.0,19.4,0.0
2018-12-06,174.0,3.8,8.0,70.9,2.7,19.4,2.3
2018-12-07,176.0,6.1,8.8,70.9,6.9,19.5,2.5
2018-12-08,177.0,0.0,7.6,70.9,0.0,19.5,0.0
2018-12-09,174.0,0.0,8.3,70.9,0.0,19.5,0.0
2018-12-10,174.0,0.0,7.4,70.9,0.0,19.5,0.0
2018-12-11,174.0,0.0,11.9,70.9,0.0,19.5,0.0
2018-12-12,174.0,0.0,10.3,70.9,0.0,19.4,0.0
2018-12-13,174.0,0.0,7.7,70.9,0.0,19.3,0.0
2018-12-14,173.0,0.0,6.2,70.9,0.0,19.3,0.0
2018-12-15,176.0,0.0,10.6,71.5,0.0,19.4,0.0
2018-12-16,174.0,0.0,10.2,71.8,0.0,19.3,0.0
2018-12-17,173.0,0.0,9.8,71.8,0.2,19.3,0.0
2018-12-18,170.0,0.0,8.7,71.9,0.2,19.4,0.4
2018-12-19,175.0,0.0,9.7,72.5,0.0,19.4,0.0
2018-12-20,174.0,0.0,11.8,72.7,0.0,19.4,0.0
2018-12-21,175.0,0.0,12.0,72.7,0.0,19.5,0.0
2018-12-22,175.0,0.0,10.8,73.5,0.0,19.3,0.0
2018-12-23,176.0,0.0,10.0,73.6,0.0,19.3,0.0
2018-12-24,177.0,0.0,10.9,73.6,0.0,19.4,0.0
2018-12-25,177.0,1.5,8.3,74.5,2.1,19.6,0.2
2018-12-26,177.0,0.1,6.5,74.6,0.1,19.5,0.0
2018-12-27,178.0,1.4,3.7,74.6,0.7,19.5,0.7
2018-12-28,178.0,0.4,1.5,74.6,1.7,19.4,1.9
2018-12-29,178.0,0.0,1.1,74.6,0.0,19.3,0.0
2018-12-30,179.0,0.0,1.9,74.7,0.0,19.3,0.0
2018-12-31,181.0,5.3,1.0,76.0,7.1,19.5,6.5
2019-01-01,183.0,0.4,-1.5,76.5,0.1,19.3,0.1
2019-01-02,183.0,0.0,-0.8,76.0,0.0,19.3,0.0
2019-01-03,184.0,0.0,-0.2,75.5,0.0,19.3,0.0
2019-01-04,184.0,0.0,5.2,76.1,0.0,19.3,0.0
2019-01-05,184.0,0.0,7.6,76.5,0.0,19.2,0.0
2019-01-06,190.0,15.3,6.4,80.5,14.4,20.2,17.3
2019-01-07,193.0,0.0,4.8,79.9,0.7,19.5,0.5
2019-01-08,196.0,0.0,6.0,78.8,0.0,19.5,0.0
2019-01-09,188.0,0.2,9.1,78.4,0.0,19.5,0.0
2019-01-10,184.0,0.0,10.7,78.5,0.0,19.7,0.0
2019-01-11,181.0,1.4,7.5,79.2,2.1,19.7,0.3
2019-01-12,179.0,0.0,6.0,79.2,0.0,19.7,0.0
2019-01-13,183.0,5.4,6.7,80.1,7.5,20.0,7.0
2019-01-14,185.0,0.3,7.0,80.3,0.2,19.7,0.3
2019-01-15,188.0,12.8,9.4,82.2,11.8,23.0,8.9
2019-01-16,320.0,9.2,9.2,590.0,11.6,23.8,9.1
2019-01-17,1920.0,0.0,8.3,821.0,0.0,136.0,0.0
2019-01-18,1750.0,2.3,10.6,947.0,2.7,43.0,2.7
2019-01-19,2220.0,0.0,7.2,533.0,0.0,26.5,0.0
2019-01-20,1300.0,0.0,9.5,210.0,0.0,22.7,0.0
2019-01-21,719.0,0.0,9.0,133.0,0.0,21.3,0.2
2019-01-22,502.0,0.1,5.2,106.0,0.3,20.5,0.2
2019-01-23,377.0,0.0,3.5,88.1,0.0,20.2,0.0
2019-01-24,299.0,0.0,6.2,80.9,0.0,20.2,0.0
2019-01-25,255.0,0.0,7.8,77.1,0.0,20.0,0.0
2019-01-26,229.0,0.0,6.9,75.8,0.0,19.9,0.0
2019-01-27,212.0,0.0,8.5,74.7,0.0,19.8,0.0
2019-01-28,202.0,0.0,9.8,74.6,0.0,19.7,0.0
2019-01-29,196.0,0.0,10.3,74.6,0.0,19.7,0.0
2019-01-30,190.0,0.0,10.1,73.9,0.0,19.7,0.0
2019-01-31,185.0,0.0,11.2,73.1,0.0,19.7,0.0
2019-02-01,182.0,0.9,11.1,73.1,1.0,19.7,0.0
2019-02-02,180.0,0.6,10.4,72.8,1.0,19.8,0.5
2019-02-03,182.0,3.9,11.6,2210.0,4.6,20.4,6.4
2019-02-04,6200.0,0.7,9.8,1130.0,0.7,20.0,1.9
2019-02-05,2740.0,1.8,7.8,544.0,3.7,20.1,1.9
2019-02-06,2090.0,4.6,5.4,394.0,4.0,20.0,6.0
2019-02-07,1240.0,0.0,0.3,227.0,0.0,87.6,0.0
2019-02-08,697.0,0.0,2.7,173.0,0.0,42.7,0.0
2019-02-09,507.0,0.0,6.1,128.0,0.0,26.1,0.0
2019-02-10,380.0,0.0,4.5,111.0,0.0,22.0,0.0
2019-02-11,289.0,0.2,4.0,107.0,0.3,20.7,0.3
2019-02-12,229.0,0.0,5.0,105.0,0.0,20.1,0.0
2019-02-13,198.0,0.0,9.7,104.0,0.0,20.0,0.0
2019-02-14,201.0,21.4,8.9,1250.0,20.8,21.5,19.6
2019-02-15,22200.0,9.7,10.1,9490.0,10.4,1470.0,11.4
2019-02-16,9510.0,0.7,7.4,2650.0,3.1,381.0,4.1
2019-02-17,3420.0,1.9,4.1,828.0,2.5,100.0,3.0
2019-02-18,1760.0,4.6,3.2,439.0,6.5,52.0,6.7
2019-02-19,1100.0,1.8,0.6,395.0,2.0,33.3,1.8
2019-02-20,778.0,0.2,0.6,313.0,0.0,26.0,0.0
2019-02-21,663.0,15.7,2.3,257.0,15.3,23.7,13.5
2019-02-22,625.0,12.1,0.4,211.0,21.6,22.4,16.3
2019-02-23,513.0,0.8,-4.3,178.0,0.2,21.3,0.2
2019-02-24,448.0,0.0,-2.4,143.0,0.0,20.7,0.0
2019-02-25,419.0,0.0,1.7,119.0,0.0,20.5,0.0
2019-02-26,474.0,0.0,6.2,102.0,0.0,20.5,0.0
2019-02-27,824.0,0.0,11.0,207.0,0.0,30.4,0.0
2019-02-28,1590.0,0.0,11.5,577.0,0.0,316.0,0.0
2019-03-01,2670.0,0.0,11.5,1380.0,0.0,441.0,0.0
2019-03-02,4530.0,2.9,12.1,2250.0,4.2,270.0,3.5
2019-03-03,6070.0,0.2,10.9,3770.0,0.6,290.0,0.5
2019-03-04,8160.0,0.0,11.2,3420.0,0.0,173.0,0.0
2019-03-05,5660.0,0.0,12.2,1690.0,0.0,93.8,0.0
2019-03-06,3560.0,0.4,13.6,1190.0,1.5,49.9,1.6
2019-03-07,3040.0,2.6,13.1,1110.0,0.7,31.8,0.8
2019-03-08,2740.0,0.5,11.8,1050.0,4.4,25.1,2.0
2019-03-09,3120.0,0.0,6.6,927.0,0.0,22.2,0.0
2019-03-10,1910.0,0.0,8.0,390.0,0.0,21.1,0.0
2019-03-11,1180.0,4.6,10.9,223.0,2.2,20.8,5.0
2019-03-12,1300.0,19.3,9.1,551.0,19.1,21.2,17.3
2019-03-13,4900.0,4.9,8.1,2040.0,4.9,21.0,7.4
2019-03-14,4240.0,0.0,3.9,1200.0,0.0,202.0,0.0
2019-03-15,2340.0,0.0,7.6,624.0,0.0,84.1,0.0
2019-03-16,1870.0,0.0,11.2,485.0,0.0,65.7,0.0
2019-03-17,1980.0,0.0,12.0,398.0,0.0,46.1,0.0
2019-03-18,1620.0,0.3,13.4,275.0,0.1,31.8,0.0
2019-03-19,1260.0,0.0,14.9,194.0,0.0,24.9,0.0
2019-03-20,1000.0,0.1,14.4,152.0,0.2,22.4,0.1
2019-03-21,851.0,2.9,12.6,130.0,4.1,21.5,2.3
2019-03-22,827.0,0.1,9.7,193.0,0.7,20.9,0.1
2019-03-23,802.0,0.0,11.3,235.0,0.0,20.7,0.0
2019-03-24,700.0,0.0,12.7,193.0,0.0,20.5,0.0
2019-03-25,606.0,0.0,14.3,132.0,0.0,20.6,0.0
2019-03-26,509.0,0.0,16.6,108.0,0.0,20.4,0.0
2019-03-27,456.0,0.0,17.1,95.6,0.0,20.3,0.0
2019-03-28,422.0,0.0,15.9,88.4,0.0,20.2,0.0
2019-03-29,363.0,0.0,14.6,82.0,0.0,20.0,0.0
2019-03-30,307.0,0.0,14.2,77.2,0.0,20.0,0.0
2019-03-31,259.0,0.0,13.8,74.0,0.0,20.0,0.0
2019-04-01,217.0,0.0,13.9,72.0,0.0,20.0,0.0
2019-04-02,203.0,0.0,16.8,70.9,0.0,20.0,0.0
2019-04-03,192.0,0.0,15.0,70.8,0.9,20.0,0.5
2019-04-04,181.0,0.0,15.2,70.8,0.0,20.1,0.0
2019-04-05,170.0,0.0,14.8,70.7,0.0,20.1,0.0
2019-04-06,162.0,1.7,14.5,70.7,2.4,20.0,1.4
2019-04-07,163.0,0.0,16.9,70.6,0.0,19.9,0.0
2019-04-08,164.0,0.0,20.1,70.4,0.0,20.0,0.0
2019-04-09,159.0,0.0,22.2,70.3,0.0,20.2,0.0
2019-04-10,152.0,0.0,15.8,70.1,0.0,20.0,0.1
2019-04-11,144.0,0.0,12.3,70.4,0.0,20.0,0.0
2019-04-12,138.0,0.5,13.7,70.6,0.5,20.2,0.1
2019-04-13,134.0,0.5,11.8,70.8,0.0,20.3,0.0
2019-04-14,128.0,0.0,15.3,70.5,0.0,20.3,0.0
2019-04-15,123.0,0.0,16.5,70.3,0.0,20.3,0.0
2019-04-16,116.0,0.0,16.7,70.4,0.0,20.6,0.0
2019-04-17,115.0,0.7,13.6,70.8,0.8,20.8,0.4
2019-04-18,111.0,0.0,17.4,70.0,0.0,20.8,0.0
2019-04-19,103.0,0.0,21.8,69.2,0.0,21.0,0.0
2019-04-20,98.8,0.0,21.6,68.7,0.0,21.1,0.0
2019-04-21,99.0,0.0,19.5,68.0,0.0,21.2,0.0
2019-04-22,98.7,0.0,17.9,67.4,0.0,21.4,0.0
2019-04-23,97.2,0.0,18.0,67.5,0.0,21.5,0.0
2019-04-24,96.2,0.3,19.0,67.3,0.0,21.3,0.1
2019-04-25,94.6,0.0,22.2,66.7,0.0,21.3,0.0
2019-04-26,91.1,0.0,24.1,66.2,0.0,21.3,0.0
2019-04-27,87.2,0.0,23.5,65.2,0.0,21.1,0.0
2019-04-28,81.3,0.0,22.5,65.0,0.0,20.9,0.0
2019-04-29,80.4,4.0,21.2,65.7,2.6,20.7,1.7
2019-04-30,93.3,2.3,15.3,66.2,6.4,21.0,2.6
2019-05-01,103.0,0.0,16.9,66.1,0.7,20.8,0.0
2019-05-02,103.0,0.0,18.3,65.5,0.1,20.7,0.0
2019-05-03,98.8,0.0,19.5,65.4,0.0,20.7,0.0
2019-05-04,97.9,0.0,21.6,65.4,0.0,20.7,0.0
2019-05-05,90.4,0.0,22.0,65.3,0.0,20.9,0.0
2019-05-06,85.0,0.0,20.7,65.4,0.0,20.9,0.0
2019-05-07,84.5,4.4,16.3,67.2,8.6,21.3,1.1
2019-05-08,99.2,7.0,15.3,69.2,11.7,21.8,1.9
2019-05-09,122.0,6.1,14.5,69.9,4.6,22.1,3.0
2019-05-10,114.0,1.9,15.7,70.0,2.4,22.3,1.5
2019-05-11,121.0,0.9,16.8,69.0,1.3,21.9,0.6
2019-05-12,119.0,0.1,17.6,68.9,0.7,22.0,0.1
2019-05-13,118.0,0.1,19.4,68.8,0.0,21.8,0.0
2019-05-14,110.0,0.0,22.0,68.7,0.0,21.2,0.0
2019-05-15,102.0,0.0,23.5,67.8,0.0,20.9,0.0
2019-05-16,99.2,0.0,22.3,67.3,0.0,20.5,0.0
2019-05-17,94.3,0.7,17.8,66.8,3.0,20.8,0.5
2019-05-18,95.3,0.0,16.8,66.4,0.0,20.8,0.0
2019-05-19,94.7,0.0,18.5,66.7,0.0,20.7,0.0
2019-05-20,100.0,3.7,12.2,67.7,6.2,21.2,7.4
2019-05-21,114.0,0.1,11.7,67.9,0.9,21.4,0.4
2019-05-22,128.0,0.0,13.8,67.4,0.2,20.9,0.0
2019-05-23,133.0,7.5,11.6,68.4,7.4,21.9,7.0
2019-05-24,124.0,0.0,13.7,67.8,0.0,21.3,0.0
2019-05-25,124.0,0.0,17.4,66.7,0.0,20.6,0.0
2019-05-26,119.0,0.0,18.1,65.2,0.0,20.2,0.0
2019-05-27,113.0,0.1,16.9,65.4,3.2,20.0,2.1
2019-05-28,113.0,0.0,15.4,65.1,0.0,19.8,0.0
2019-05-29,113.0,0.1,17.9,65.1,2.0,19.5,0.6
2019-05-30,105.0,0.0,20.6,64.6,0.0,19.1,0.0
2019-05-31,97.7,0.0,22.8,63.5,0.0,18.8,0.0
2019-06-01,90.5,0.0,23.0,62.7,0.0,18.5,0.0
2019-06-02,86.0,0.0,22.8,63.0,0.0,18.3,0.0
2019-06-03,85.3,0.0,23.1,62.5,0.0,18.3,0.0
2019-06-04,88.6,0.0,24.8,62.4,0.0,18.1,0.0
2019-06-05,88.5,0.0,25.1,62.1,0.0,18.1,0.0
2019-06-06,87.0,0.0,27.3,61.8,0.0,17.7,0.0
2019-06-07,78.8,0.0,26.5,61.3,0.0,17.4,0.0
2019-06-08,74.1,0.0,25.0,60.9,0.0,17.3,0.0
2019-06-09,73.4,0.0,26.3,60.6,0.0,17.3,0.0
2019-06-10,76.8,0.0,28.5,60.0,0.0,17.1,0.0
2019-06-11,71.5,0.0,28.3,59.8,0.0,17.1,0.0
2019-06-12,68.6,0.0,29.3,59.8,0.0,17.2,0.0
2019-06-13,61.6,0.0,29.7,59.2,0.0,16.8,0.0
2019-06-14,58.8,0.0,27.7,59.1,0.0,16.6,0.0
2019-06-15,58.9,0.0,26.7,59.1,0.0,16.3,0.0
2019-06-16,59.3,0.0,28.0,59.5,0.0,16.2,0.0
2019-06-17,58.4,0.0,27.9,59.1,0.0,16.2,0.0
2019-06-18,60.0,0.0,27.1,58.8,0.0,16.0,0.0
2019-06-19,57.1,0.0,27.2,58.8,0.0,15.9,0.0
2019-06-20,58.0,0.0,27.0,58.4,0.0,15.8,0.0
2019-06-21,56.3,0.0,26.1,58.0,0.0,15.6,0.0
2019-06-22,54.7,0.0,25.1,58.3,0.1,15.8,0.0
2019-06-23,55.1,0.0,24.8,58.8,0.0,15.9,0.0
2019-06-24,55.1,0.0,26.0,58.8,0.0,15.7,0.0
2019-06-25,55.8,0.0,27.1,58.3,0.0,15.6,0.0
2019-06-26,54.5,0.0,26.2,58.0,0.0,15.8,0.0
2019-06-27,50.0,0.0,26.9,57.9,0.0,15.7,0.0
2019-06-28,47.8,0.0,28.5,57.7,0.0,15.5,0.0
2019-06-29,47.3,0.0,31.2,57.7,0.0,15.5,0.0
2019-06-30,47.2,0.0,30.9,58.1,0.0,15.7,0.0
2019-07-01,47.2,0.0,30.2,57.9,0.0,15.7,0.0
2019-07-02,47.3,0.0,29.6,57.7,0.0,15.6,0.0
2019-07-03,46.6,0.0,28.3,57.2,0.0,15.6,0.0
2019-07-04,46.1,0.0,27.9,57.1,0.0,15.7,0.0
2019-07-05,45.8,0.0,28.1,57.1,0.0,15.7,0.0
2019-07-06,45.5,0.0,28.6,57.3,0.0,15.8,0.0
2019-07-07,45.5,0.0,28.9,57.1,0.0,15.9,0.0
2019-07-08,44.9,0.0,27.4,57.0,0.0,16.0,0.0
2019-07-09,44.9,0.0,26.8,57.3,0.0,16.1,0.0
2019-07-10,44.9,0.0,29.7,57.6,0.0,16.2,0.0
2019-07-11,45.0,0.0,31.6,57.4,0.0,16.4,0.0
2019-07-12,44.5,0.0,31.8,57.0,0.0,16.5,0.0
2019-07-13,44.3,0.1,29.5,56.9,0.9,16.7,0.2
2019-07-14,44.4,0.0,31.8,57.7,0.0,17.0,0.0
2019-07-15,44.1,0.0,30.8,59.6,0.3,17.0,0.0
2019-07-16,44.3,0.0,32.8,57.7,0.0,16.4,0.0
2019-07-17,44.3,0.0,31.5,56.5,0.0,16.3,0.0
2019-07-18,44.1,0.0,31.3,56.3,0.0,16.3,0.0
2019-07-19,43.9,0.0,31.2,56.0,0.3,16.2,0.0
2019-07-20,43.9,0.0,31.2,56.0,0.0,16.2,0.0
2019-07-21,44.0,0.0,31.0,55.9,0.0,16.2,0.0
2019-07-22,50.6,0.3,30.9,56.0,0.0,16.2,0.0
2019-07-23,46.3,0.0,29.9,57.1,0.0,16.4,0.0
2019-07-24,44.1,1.0,28.2,58.6,0.1,16.9,0.2
2019-07-25,44.9,0.0,29.2,59.3,0.0,17.0,0.1
2019-07-26,45.4,0.0,30.3,59.7,0.0,16.6,0.0
2019-07-27,45.7,0.0,31.0,59.7,0.0,16.3,0.0
2019-07-28,46.1,0.0,31.8,57.8,0.0,16.1,0.0
2019-07-29,44.9,0.0,31.9,57.5,0.0,16.1,0.0
2019-07-30,44.3,0.0,31.1,57.9,0.4,16.5,1.0
2019-07-31,44.3,3.5,25.3,60.7,4.1,17.2,3.1
2019-08-01,62.2,0.7,25.9,62.5,1.9,17.4,1.0
2019-08-02,86.0,0.0,28.4,61.6,0.0,16.7,0.0
2019-08-03,182.0,0.0,29.3,60.7,1.5,16.6,0.2
2019-08-04,132.0,0.0,29.8,60.0,0.0,16.5,0.0
2019-08-05,113.0,0.0,31.1,60.7,0.0,16.5,0.0
2019-08-06,104.0,4.3,27.5,60.5,3.3,16.8,0.6
2019-08-07,103.0,0.1,28.3,61.5,0.7,16.9,1.3
2019-08-08,97.2,2.0,26.5,60.9,1.6,16.8,0.8
2019-08-09,86.5,0.2,28.6,60.1,0.0,16.5,0.1
2019-08-10,76.4,0.0,27.7,60.1,0.3,16.6,0.0
2019-08-11,72.3,0.0,28.1,60.2,0.2,16.5,0.0
2019-08-12,68.3,0.0,28.8,59.4,0.0,16.3,0.0
2019-08-13,64.5,0.0,28.7,58.7,0.0,16.2,0.0
2019-08-14,55.5,0.0,30.6,58.6,0.0,16.2,0.0
2019-08-15,54.1,0.0,31.5,58.5,0.0,16.1,0.0
2019-08-16,48.1,0.0,30.8,57.9,0.0,16.1,0.0
2019-08-17,50.7,0.0,29.7,57.8,0.0,16.1,0.0
2019-08-18,53.6,0.0,29.6,57.8,0.0,16.1,0.0
2019-08-19,40.6,0.0,29.5,57.2,0.0,16.1,0.0
2019-08-20,36.5,0.0,30.8,57.2,0.0,16.2,0.0
2019-08-21,35.7,0.0,31.7,57.1,0.0,16.2,0.0
2019-08-22,34.7,0.0,31.1,57.1,0.0,16.2,0.0
2019-08-23,30.5,0.0,29.5,57.4,0.0,16.2,0.0
2019-08-24,29.6,0.0,28.9,57.4,0.0,16.2,0.0
2019-08-25,32.0,0.0,29.2,57.5,0.0,16.3,0.0
2019-08-26,35.7,0.0,30.3,57.4,0.0,16.3,0.0
2019-08-27,36.1,0.0,31.3,57.5,0.0,16.2,0.0
2019-08-28,37.7,0.0,31.4,59.2,0.2,16.4,0.0
2019-08-29,39.9,0.3,28.5,61.9,0.0,16.8,0.0
2019-08-30,38.4,0.2,29.5,59.3,0.1,16.5,0.0
2019-08-31,46.3,0.0,30.9,58.5,0.0,16.3,0.0
2019-09-01,51.4,0.0,31.1,58.3,0.0,16.4,0.0
2019-09-02,99.2,0.2,29.3,59.3,0.0,16.5,0.0
2019-09-03,105.0,0.0,30.2,59.3,0.0,16.5,0.0
2019-09-04,79.6,0.0,30.4,58.5,0.0,16.5,0.2
2019-09-05,65.4,0.0,30.1,62.7,0.0,16.7,0.0
2019-09-06,61.5,0.0,29.3,60.3,0.0,16.7,0.0
2019-09-07,59.0,0.0,29.4,59.4,0.0,16.7,0.0
2019-09-08,61.7,0.7,27.2,58.9,0.3,17.1,0.2
2019-09-09,57.3,0.1,26.2,59.2,0.2,16.8,0.1
2019-09-10,59.1,4.2,24.7,59.2,3.2,16.7,4.0
2019-09-11,55.3,0.0,23.8,59.2,0.6,16.6,0.1
2019-09-12,56.0,0.0,24.1,58.9,0.0,16.7,0.0
2019-09-13,52.2,0.0,25.7,59.0,0.0,16.7,0.0
2019-09-14,48.6,0.0,27.6,59.8,0.0,16.8,0.0
2019-09-15,48.9,1.9,24.3,60.2,0.2,17.1,0.0
2019-09-16,52.3,0.0,25.6,60.8,0.0,17.2,0.0
2019-09-17,61.6,0.3,24.0,60.8,0.3,17.0,0.1
2019-09-18,62.9,0.0,24.8,59.9,0.0,16.9,0.0
2019-09-19,60.6,0.0,24.8,59.3,0.0,16.8,0.0
2019-09-20,57.1,0.0,23.0,59.2,0.0,16.8,0.0
2019-09-21,53.9,0.0,21.8,59.0,0.0,17.0,0.0
2019-09-22,51.2,0.0,22.0,59.2,0.0,17.2,0.0
2019-09-23,60.9,3.3,20.8,88.5,9.8,18.1,7.4
2019-09-24,84.7,1.3,19.5,75.3,0.8,18.2,0.3
2019-09-25,115.0,0.0,21.8,64.1,0.0,17.9,0.0
2019-09-26,121.0,6.8,20.3,66.4,2.7,18.3,0.5
2019-09-27,126.0,0.6,20.0,64.6,0.6,18.2,0.2
2019-09-28,114.0,0.2,20.4,63.8,0.0,17.9,0.0
2019-09-29,109.0,0.4,21.0,62.5,0.8,17.7,1.8
2019-09-30,99.1,0.0,19.7,61.6,0.0,17.6,0.0
2019-10-01,93.4,0.0,18.7,61.1,0.0,17.8,0.0
2019-10-02,88.7,0.0,18.2,61.2,0.0,17.8,0.0
2019-10-03,86.4,0.0,20.4,61.3,0.0,17.8,0.0
2019-10-04,80.4,0.0,22.1,61.4,0.0,17.8,0.0
2019-10-05,72.7,0.0,21.5,61.2,0.0,17.8,0.0
2019-10-06,77.3,0.0,21.3,61.1,0.0,17.8,0.0
2019-10-07,80.7,0.0,21.9,61.2,0.0,17.8,0.0
2019-10-08,93.6,0.0,22.5,61.6,0.0,17.8,0.0
2019-10-09,91.4,0.0,20.8,61.5,0.0,17.8,0.0
2019-10-10,93.0,0.0,19.1,61.2,0.0,17.8,0.0
2019-10-11,90.8,0.0,14.9,61.5,0.0,18.0,0.0
2019-10-12,94.1,0.0,16.5,62.0,0.0,18.2,0.0
2019-10-13,96.5,0.0,18.6,62.4,0.0,18.3,0.0
2019-10-14,93.8,0.0,18.5,62.6,0.0,18.2,0.0
2019-10-15,91.9,0.0,19.5,62.7,0.0,18.2,0.0
2019-10-16,76.2,0.0,20.4,62.5,0.0,18.1,0.0
2019-10-17,75.1,0.0,20.8,62.3,0.0,18.1,0.0
2019-10-18,74.3,0.0,18.6,62.4,0.0,18.1,0.0
2019-10-19,73.9,0.0,17.2,62.5,0.0,18.2,0.0
2019-10-20,77.8,0.0,16.5,63.6,0.0,18.3,0.0
2019-10-21,81.2,0.0,15.7,63.4,0.0,18.5,0.0
2019-10-22,81.5,0.0,18.5,63.5,0.0,18.6,0.0
2019-10-23,85.7,0.0,19.7,63.9,0.0,18.6,0.0
2019-10-24,84.0,0.0,16.5,63.8,0.0,18.8,0.0
2019-10-25,83.0,0.0,14.5,64.5,0.0,18.9,0.0
2019-10-26,94.1,0.0,17.2,64.7,0.0,18.9,0.0
2019-10-27,98.2,0.0,16.5,64.7,0.0,18.8,0.0
2019-10-28,97.9,1.4,12.9,64.8,1.5,18.8,0.6
2019-10-29,97.1,0.0,10.8,64.9,0.0,18.8,0.0
2019-10-30,104.0,0.0,8.1,64.8,0.0,18.8,0.0
2019-10-31,111.0,0.0,7.0,65.6,0.0,19.0,0.0
2019-11-01,118.0,0.0,12.2,66.1,0.0,19.0,0.0
2019-11-02,124.0,0.0,13.6,66.5,0.0,19.0,0.0
2019-11-03,125.0,0.0,17.1,66.5,0.0,19.0,0.0
2019-11-04,126.0,0.0,16.8,66.5,0.0,19.0,0.0
2019-11-05,125.0,0.0,17.1,66.5,0.0,18.9,0.0
2019-11-06,124.0,1.4,16.1,66.7,1.6,18.9,0.6
2019-11-07,124.0,0.0,15.4,66.6,0.0,19.0,0.0
2019-11-08,132.0,0.0,16.7,66.6,0.0,19.0,0.0
2019-11-09,131.0,0.0,16.0,66.7,0.0,19.1,0.0
2019-11-10,133.0,0.0,17.8,67.0,0.0,19.1,0.0
2019-11-11,134.0,0.0,16.9,67.1,0.0,19.1,0.0
2019-11-12,130.0,0.0,15.7,67.2,0.0,19.0,0.0
2019-11-13,131.0,0.0,15.4,67.3,0.0,19.0,0.0
2019-11-14,131.0,0.0,15.5,67.3,0.0,19.0,0.0
2019-11-15,131.0,0.0,16.0,67.4,0.0,19.0,0.0
2019-11-16,138.0,0.0,16.5,67.8,0.0,19.0,0.0
2019-11-17,141.0,0.0,15.5,67.8,0.0,19.0,0.0
2019-11-18,147.0,0.0,16.5,67.9,0.0,18.9,0.0
2019-11-19,157.0,0.0,16.5,68.2,0.0,18.9,0.0
2019-11-20,172.0,16.1,12.6,71.4,15.4,19.9,17.8
2019-11-21,206.0,28.1,7.7,73.0,19.1,19.8,28.5
2019-11-22,279.0,2.4,8.2,70.8,4.4,19.2,3.6
2019-11-23,239.0,0.0,7.6,69.2,0.0,18.8,0.0
2019-11-24,206.0,0.0,8.5,68.6,0.0,18.8,0.0
2019-11-25,186.0,0.0,9.7,68.4,0.0,18.8,0.0
2019-11-26,180.0,1.2,5.6,68.4,3.1,18.7,4.0
2019-11-27,180.0,0.0,5.9,68.4,0.0,18.7,0.0
2019-11-28,188.0,5.8,9.4,70.6,11.3,19.0,9.1
2019-11-29,533.0,47.4,7.1,80.2,48.4,22.2,47.5
2019-11-30,764.0,0.0,2.7,73.7,1.6,21.0,1.2
2019-12-01,718.0,0.0,3.7,73.5,0.0,19.9,0.0
2019-12-02,607.0,0.0,8.0,70.5,0.0,19.6,0.0
2019-12-03,445.0,0.0,9.6,70.0,0.0,19.6,0.0
2019-12-04,520.0,3.9,10.5,85.9,3.8,20.0,4.0
2019-12-05,3280.0,3.5,10.6,1340.0,10.2,19.9,6.1
2019-12-06,4390.0,0.0,8.8,721.0,0.0,19.8,0.0
2019-12-07,1890.0,0.0,11.1,226.0,0.0,25.7,0.0
2019-12-08,1220.0,5.2,11.4,178.0,7.1,23.9,5.0
2019-12-09,3500.0,0.8,9.5,523.0,1.9,21.3,3.4
2019-12-10,2240.0,0.0,7.3,235.0,0.0,20.5,0.0
2019-12-11,1100.0,0.0,8.0,127.0,0.0,20.4,0.0
2019-12-12,689.0,0.0,8.1,92.7,0.0,20.4,0.0
2019-12-13,499.0,0.0,10.3,79.5,0.0,20.4,0.0
2019-12-14,401.0,0.0,9.5,74.3,0.0,20.4,0.0
2019-12-15,343.0,4.5,9.1,71.8,4.1,20.4,6.3
2019-12-16,301.0,0.0,3.2,70.4,0.0,20.4,0.0
2019-12-17,276.0,0.0,2.4,69.5,0.0,20.4,0.0
2019-12-18,261.0,0.0,4.2,69.9,0.0,20.5,0.0
2019-12-19,250.0,0.0,5.7,69.8,0.0,20.7,0.0
2019-12-20,241.0,0.0,5.6,69.4,0.0,20.6,0.0
2019-12-21,234.0,0.0,6.9,69.1,0.0,20.7,0.0
2019-12-22,230.0,0.0,10.0,68.7,0.0,20.7,0.0
2019-12-23,228.0,0.3,8.9,68.7,0.3,20.9,0.2
2019-12-24,325.0,26.9,8.1,73.1,23.5,22.9,23.1
2019-12-25,893.0,6.5,5.0,100.0,3.3,168.0,6.0
2019-12-26,744.0,0.1,4.4,206.0,0.7,297.0,1.2
2019-12-27,663.0,15.7,4.5,207.0,14.1,82.4,12.8
2019-12-28,902.0,2.6,3.3,152.0,2.7,37.9,1.7
2019-12-29,733.0,0.0,-0.7,123.0,0.0,26.5,0.0
2019-12-30,498.0,0.1,1.7,94.7,0.0,22.8,0.0
2019-12-31,388.0,0.0,4.6,81.7,0.3,21.2,0.0
2020-01-01,334.0,0.0,2.9,75.5,0.0,20.4,0.0
2020-01-02,300.0,0.3,4.0,73.6,0.8,20.1,0.6
2020-01-03,279.0,0.0,4.3,71.1,0.0,19.7,0.0
2020-01-04,264.0,0.0,7.1,70.8,0.0,19.7,0.0
2020-01-05,256.0,0.0,8.2,70.2,0.0,19.7,0.0
2020-01-06,262.0,0.0,7.0,69.5,0.0,19.7,0.0
2020-01-07,285.0,0.0,6.1,69.1,0.0,19.6,0.0
2020-01-08,289.0,0.0,9.4,69.2,0.0,19.7,0.0
2020-01-09,280.0,1.0,5.5,69.4,2.3,19.7,0.9
2020-01-10,279.0,1.9,4.4,71.1,4.8,19.8,3.0
2020-01-11,272.0,0.0,4.0,69.2,0.0,19.7,0.0
2020-01-12,259.0,0.0,3.9,68.8,0.0,19.7,0.0
2020-01-13,247.0,0.0,5.2,68.6,0.0,19.7,0.0
2020-01-14,238.0,0.0,6.8,68.1,0.0,19.7,0.0
2020-01-15,231.0,0.0,7.3,68.1,0.0,19.7,0.0
2020-01-16,227.0,0.0,10.0,68.4,0.0,19.7,0.0
2020-01-17,224.0,0.0,8.0,68.8,0.0,19.7,0.0
2020-01-18,222.0,0.0,6.3,68.7,0.0,19.6,0.0
2020-01-19,227.0,0.0,8.5,68.9,0.0,19.7,0.0
2020-01-20,233.0,0.0,10.1,68.7,0.0,19.7,0.0
2020-01-21,239.0,2.7,11.2,69.5,2.7,20.0,3.5
2020-01-22,718.0,0.3,8.7,159.0,0.4,19.8,0.0
2020-01-23,1190.0,0.0,8.9,219.0,0.0,19.7,0.0
2020-01-24,870.0,0.0,9.5,206.0,0.0,19.8,0.0
2020-01-25,769.0,0.0,10.2,170.0,0.0,20.0,0.0
2020-01-26,657.0,0.0,10.9,140.0,0.0,20.0,0.0
2020-01-27,576.0,0.5,10.7,132.0,0.3,20.0,0.0
2020-01-28,539.0,0.0,8.4,144.0,0.0,20.0,0.0
2020-01-29,528.0,0.1,9.3,122.0,0.1,20.0,0.0
2020-01-30,447.0,0.0,8.4,104.0,0.0,19.8,0.0
2020-01-31,388.0,0.0,9.2,90.8,0.0,19.8,0.0
2020-02-01,333.0,0.0,11.4,79.0,0.0,19.9,0.0
2020-02-02,296.0,0.0,13.0,75.2,0.0,20.1,0.0
2020-02-03,274.0,0.0,11.2,73.9,0.0,20.1,0.0
2020-02-04,267.0,0.0,2.0,73.2,0.0,20.0,0.0
2020-02-05,266.0,0.0,2.0,75.3,0.0,19.9,0.0
2020-02-06,254.0,0.0,4.7,73.8,0.0,19.8,0.0
2020-02-07,247.0,0.0,8.0,73.6,0.0,19.8,0.0
2020-02-08,238.0,0.0,10.5,73.3,0.0,19.9,0.0
2020-02-09,232.0,0.0,9.7,73.1,0.0,20.1,0.0
2020-02-10,229.0,0.7,10.7,73.5,1.1,20.1,0.3
2020-02-11,248.0,6.1,7.6,76.7,4.7,21.6,3.9
2020-02-12,237.0,0.0,5.0,75.7,0.0,20.6,0.0
2020-02-13,233.0,0.0,6.5,74.7,0.0,20.2,0.0
2020-02-14,231.0,0.0,9.1,73.9,0.0,20.2,0.0
2020-02-15,228.0,0.0,9.8,73.7,0.0,20.0,0.0
2020-02-16,223.0,0.0,10.7,73.7,0.0,20.1,0.0
2020-02-17,222.0,0.0,11.7,73.8,0.0,20.0,0.0
2020-02-18,222.0,0.0,11.6,73.4,0.0,19.9,0.0
2020-02-19,220.0,0.0,12.4,74.0,0.0,20.1,0.0
2020-02-20,222.0,0.0,12.0,73.0,0.0,20.0,0.0
2020-02-21,222.0,0.0,13.9,72.6,0.0,20.0,0.0
2020-02-22,234.0,11.4,12.9,74.7,12.5,21.3,10.3
2020-02-23,256.0,2.1,7.9,76.0,4.3,22.8,3.9
2020-02-24,704.0,0.0,7.6,118.0,0.0,21.0,0.0
2020-02-25,968.0,0.0,7.5,187.0,0.0,20.4,0.0
2020-02-26,846.0,0.0,6.2,130.0,0.0,20.3,0.0
2020-02-27,567.0,0.0,10.3,96.4,0.0,20.4,0.0
2020-02-28,410.0,0.0,12.5,81.5,0.0,20.2,0.0
2020-02-29,330.0,0.0,13.5,76.1,0.1,20.2,0.0
2020-03-01,300.0,0.0,12.1,74.5,0.1,20.4,0.0
2020-03-02,280.0,0.6,9.6,73.7,0.5,20.4,0.9
2020-03-03,269.0,0.3,10.7,73.2,0.0,20.2,0.1
2020-03-04,250.0,0.0,13.1,72.9,0.0,20.1,0.0
2020-03-05,238.0,0.0,14.0,72.6,0.0,20.2,0.0
2020-03-06,233.0,0.0,14.9,72.6,0.0,20.2,0.0
2020-03-07,229.0,0.0,15.1,72.5,0.0,20.2,0.0
2020-03-08,225.0,0.0,13.6,72.3,0.0,20.1,0.1
2020-03-09,225.0,0.0,11.9,72.2,0.0,19.9,0.0
2020-03-10,226.0,9.6,13.3,75.5,5.3,21.1,4.5
2020-03-11,563.0,25.0,13.2,576.0,17.4,26.1,19.6
2020-03-12,6070.0,6.2,13.2,1460.0,12.6,25.4,6.6
2020-03-13,8640.0,18.8,10.9,5800.0,17.1,398.0,15.1
2020-03-14,13100.0,1.8,10.1,3050.0,3.5,947.0,1.1
2020-03-15,5820.0,0.1,10.9,1480.0,0.2,487.0,0.2
2020-03-16,3110.0,0.0,11.8,638.0,0.0,142.0,0.0
2020-03-17,1720.0,0.0,12.2,326.0,0.0,74.6,0.1
2020-03-18,1120.0,3.7,9.9,192.0,3.9,41.0,4.1
2020-03-19,1290.0,18.9,6.9,319.0,15.6,65.4,22.5
2020-03-20,2440.0,0.0,7.0,872.0,0.2,820.0,0.5
2020-03-21,2800.0,0.0,10.6,1340.0,0.3,471.0,0.0
2020-03-22,3710.0,0.0,10.2,1210.0,0.0,272.0,0.0
2020-03-23,2830.0,1.5,11.4,716.0,1.3,197.0,0.2
2020-03-24,2200.0,0.0,10.8,551.0,0.1,127.0,0.1
2020-03-25,1870.0,0.0,12.1,372.0,0.0,90.7,0.0
2020-03-26,1460.0,0.0,12.2,234.0,0.0,62.7,0.0
2020-03-27,1050.0,0.5,7.1,150.0,0.6,45.0,0.9
2020-03-28,760.0,0.1,6.4,113.0,0.5,33.2,0.2
2020-03-29,574.0,0.0,11.0,97.5,0.0,27.1,0.0
2020-03-30,459.0,0.0,11.1,92.9,0.2,24.6,0.0
2020-03-31,387.0,0.0,13.4,89.7,0.0,23.4,0.0
2020-04-01,343.0,0.0,16.1,85.9,0.1,22.6,0.0
2020-04-02,295.0,0.2,15.3,84.3,0.0,22.3,0.0
2020-04-03,261.0,0.0,14.5,81.9,0.0,22.0,0.0
2020-04-04,235.0,0.0,14.6,80.3,0.2,21.6,0.0
2020-04-05,217.0,0.0,14.5,79.0,0.0,21.6,0.0
2020-04-06,210.0,0.0,14.3,78.2,0.0,21.5,0.0
2020-04-07,201.0,0.0,13.9,77.5,0.0,21.5,0.0
2020-04-08,191.0,1.2,15.1,76.7,1.8,21.7,1.3
2020-04-09,189.0,3.7,11.7,75.6,4.2,21.9,4.0
2020-04-10,180.0,0.0,11.9,75.0,0.0,21.9,0.0
2020-04-11,166.0,0.5,11.9,73.7,5.2,22.2,0.4
2020-04-12,168.0,0.3,11.8,73.3,0.7,22.4,0.7
2020-04-13,182.0,9.2,12.2,75.4,15.0,23.4,12.8
2020-04-14,462.0,1.1,10.5,73.5,0.2,22.5,0.0
2020-04-15,587.0,0.0,11.7,71.4,0.0,22.1,0.0
2020-04-16,382.0,0.0,14.2,71.1,0.0,22.1,0.0
2020-04-17,280.0,0.0,15.5,70.7,0.0,22.0,0.0
2020-04-18,232.0,0.1,14.2,70.6,0.2,22.0,0.3
2020-04-19,201.0,0.0,14.6,70.8,0.0,22.1,0.0
2020-04-20,184.0,0.0,16.4,70.6,0.0,22.2,0.0
2020-04-21,169.0,0.0,15.8,70.4,0.7,22.2,0.2
2020-04-22,155.0,0.0,16.3,70.7,0.0,22.5,0.0
2020-04-23,153.0,0.0,20.0,69.9,0.0,22.3,0.0
2020-04-24,148.0,0.0,21.4,69.6,0.0,22.2,0.0
2020-04-25,141.0,0.0,21.9,68.9,0.0,22.4,0.0
2020-04-26,136.0,0.0,23.5,68.5,0.0,22.2,0.0
2020-04-27,134.0,0.0,24.5,67.7,0.0,22.4,0.0
2020-04-28,129.0,0.0,23.2,67.4,0.0,22.7,0.0
2020-04-29,125.0,0.0,25.1,67.6,0.0,22.6,0.0
2020-04-30,121.0,0.0,25.9,66.9,0.0,22.9,0.0
2020-05-01,115.0,0.0,24.5,66.4,0.0,23.0,0.0
2020-05-02,102.0,0.0,23.3,66.0,0.0,22.8,0.0
2020-05-03,96.9,0.0,22.4,66.1,0.0,22.9,0.0
2020-05-04,92.6,0.0,22.2,66.7,0.0,22.8,0.0
2020-05-05,96.4,0.0,24.0,66.2,0.0,22.7,0.0
2020-05-06,98.0,0.0,26.1,65.6,0.0,22.6,0.0
2020-05-07,94.6,0.0,26.0,64.1,0.0,22.6,0.0
2020-05-08,84.9,0.0,25.3,63.6,0.0,22.8,0.0
2020-05-09,79.7,0.0,25.5,63.2,0.0,22.8,0.0
2020-05-10,85.0,0.4,24.5,63.1,0.1,22.7,0.0
2020-05-11,84.7,0.0,22.9,63.7,0.0,22.8,0.1
2020-05-12,84.0,0.0,22.7,62.7,0.0,22.8,0.0
2020-05-13,79.9,0.0,20.8,62.2,0.0,22.9,0.0
2020-05-14,76.6,0.0,20.3,62.3,0.0,23.0,0.0
2020-05-15,82.2,0.0,21.5,62.0,0.0,22.7,0.0
2020-05-16,84.6,0.0,23.5,61.9,0.0,22.6,0.0
2020-05-17,78.5,0.0,24.8,61.3,0.0,22.2,0.0
2020-05-18,78.4,0.0,24.0,60.4,0.0,21.9,0.0
2020-05-19,79.7,0.0,22.6,60.0,0.0,21.7,0.0
2020-05-20,76.6,0.0,18.0,59.9,0.0,21.8,0.0
2020-05-21,70.5,0.0,19.3,60.6,0.0,21.7,0.0
2020-05-22,70.6,0.0,21.5,60.0,0.0,21.5,0.0
2020-05-23,68.9,0.0,21.3,59.9,0.0,21.4,0.0
2020-05-24,71.5,0.0,21.4,59.8,0.0,20.9,0.0
2020-05-25,75.8,0.0,22.9,59.5,0.0,20.8,0.0
2020-05-26,74.1,0.0,24.8,59.6,0.0,20.5,0.0
2020-05-27,71.2,0.0,27.6,59.2,0.0,20.0,0.0
2020-05-28,63.1,0.0,29.6,59.0,0.0,19.4,0.0
2020-05-29,53.6,0.0,30.5,58.2,0.0,19.2,0.0
2020-05-30,48.1,0.0,30.8,57.8,0.0,18.7,0.0
2020-05-31,47.9,0.0,29.6,57.1,0.0,18.2,0.0
2020-06-01,49.7,0.0,28.5,56.7,0.0,18.1,0.0
2020-06-02,52.1,0.0,29.1,56.8,0.0,18.0,0.0
2020-06-03,54.0,0.0,30.0,57.1,0.0,17.8,0.0
2020-06-04,60.8,0.0,30.5,56.4,0.0,17.6,0.0
2020-06-05,58.3,0.0,30.6,56.4,0.0,17.4,0.0
2020-06-06,55.5,0.0,25.4,56.6,0.0,17.4,0.0
2020-06-07,54.8,0.0,23.2,56.2,0.0,17.2,0.0
2020-06-08,55.0,0.0,21.8,55.9,0.0,17.2,0.0
2020-06-09,56.7,0.0,19.7,56.5,0.0,17.5,0.0
2020-06-10,55.6,0.0,24.7,57.5,0.0,17.3,0.0
2020-06-11,54.1,0.0,28.3,56.9,0.0,16.8,0.0
2020-06-12,47.3,0.0,29.1,56.2,0.0,16.5,0.0
2020-06-13,48.0,0.0,28.1,56.1,0.0,16.5,0.0
2020-06-14,47.9,0.0,26.1,55.4,0.0,16.6,0.0
2020-06-15,45.4,0.0,26.9,55.7,0.0,16.6,0.0
2020-06-16,49.0,0.0,26.9,55.7,0.0,16.5,0.0
2020-06-17,52.6,0.0,26.3,55.5,0.0,16.6,0.0
2020-06-18,49.8,0.0,26.4,55.9,0.0,16.8,0.0
2020-06-19,47.7,0.0,26.9,55.8,0.0,16.9,0.0
2020-06-20,45.9,0.0,28.0,56.0,0.0,16.8,0.0
2020-06-21,46.4,0.0,29.2,55.6,0.0,16.7,0.0
2020-06-22,44.5,0.0,30.2,55.3,0.0,16.6,0.0
2020-06-23,41.7,0.0,30.7,55.2,0.0,16.6,0.0
2020-06-24,39.2,0.0,30.6,55.3,0.0,16.7,0.0
2020-06-25,41.2,0.0,31.2,54.7,0.0,16.7,0.0
2020-06-26,39.6,0.0,30.3,55.4,0.0,16.8,0.0
2020-06-27,33.1,0.0,29.5,54.8,0.0,16.8,0.0
2020-06-28,32.4,0.0,28.6,54.6,0.0,16.6,0.0
2020-06-29,32.6,0.0,26.8,54.9,0.0,16.7,0.0
2020-06-30,32.9,0.0,24.9,55.0,0.0,16.9,0.0
2020-07-01,35.9,0.0,25.9,55.4,0.0,16.9,0.0
2020-07-02,41.5,0.0,27.0,55.6,0.0,16.7,0.0
2020-07-03,42.4,0.0,27.6,55.8,0.1,17.8,0.2
2020-07-04,39.4,0.0,29.8,56.6,0.0,18.1,0.0
2020-07-05,38.8,0.0,31.1,56.4,0.0,17.3,0.0
2020-07-06,42.5,0.0,31.4,55.6,0.0,17.0,0.0
2020-07-07,42.3,0.0,30.9,54.9,0.0,16.8,0.0
2020-07-08,41.7,0.0,31.4,54.8,0.0,16.7,0.0
2020-07-09,38.3,0.0,31.1,54.6,0.0,16.7,0.0
2020-07-10,35.2,0.0,31.8,55.0,0.0,16.8,0.0
2020-07-11,35.6,0.0,33.2,55.0,0.0,16.9,0.0
2020-07-12,38.0,0.0,33.6,55.1,0.0,17.1,0.0
2020-07-13,37.4,0.0,33.2,55.5,0.0,17.1,0.0
2020-07-14,36.6,0.0,31.9,55.1,0.0,16.9,0.0
2020-07-15,35.1,0.0,31.5,55.1,0.0,16.7,0.0
2020-07-16,37.4,0.4,31.3,60.0,0.1,17.0,0.0
2020-07-17,40.6,0.0,30.7,58.1,0.0,17.3,0.0
2020-07-18,40.2,0.0,31.2,56.8,0.0,17.0,0.0
2020-07-19,41.7,0.0,31.5,56.6,0.0,17.1,0.0
2020-07-20,42.9,0.0,32.5,56.4,0.0,17.3,0.0
2020-07-21,39.6,0.0,30.6,57.8,0.1,17.6,0.0
2020-07-22,44.6,0.2,29.7,58.1,0.0,17.3,0.0
2020-07-23,50.0,0.8,28.8,65.6,0.9,38.8,0.4
2020-07-24,61.1,1.6,27.0,232.0,1.4,25.8,0.6
2020-07-25,130.0,9.2,25.9,82.5,2.5,22.8,1.2
2020-07-26,142.0,0.0,29.2,66.9,0.0,21.5,0.0
2020-07-27,107.0,0.0,30.9,63.6,0.0,20.8,0.0
2020-07-28,84.5,0.0,31.6,62.7,0.0,20.3,0.0
2020-07-29,71.3,0.0,32.5,61.3,0.0,19.6,0.0
2020-07-30,62.3,0.0,34.3,60.8,0.0,19.0,0.0
2020-07-31,51.0,0.0,35.0,60.3,0.0,18.6,0.0
2020-08-01,55.9,0.0,33.2,59.8,0.0,18.2,0.0
2020-08-02,51.9,0.0,32.3,60.4,0.0,18.0,0.0
2020-08-03,48.8,0.0,32.5,59.9,0.0,17.9,0.0
2020-08-04,45.4,0.0,31.1,59.5,0.0,17.5,0.0
2020-08-05,42.6,0.0,31.5,59.2,0.0,17.3,0.0
2020-08-06,43.3,0.0,29.3,59.1,0.0,17.1,0.0
2020-08-07,42.7,0.0,29.2,58.8,0.0,17.2,0.0
2020-08-08,38.2,0.0,30.1,59.4,0.0,17.3,0.0
2020-08-09,35.5,0.0,30.3,59.6,0.0,17.2,0.0
2020-08-10,36.6,0.0,31.1,59.1,0.0,17.1,0.0
2020-08-11,34.0,0.0,30.0,59.4,0.0,17.1,0.0
2020-08-12,33.7,0.0,30.9,59.8,0.0,17.1,0.0
2020-08-13,35.1,0.0,32.1,59.5,0.0,17.0,0.0
2020-08-14,37.3,0.0,32.5,60.1,0.0,16.8,0.0
2020-08-15,35.1,0.0,34.6,59.6,0.0,16.5,0.0
2020-08-16,33.2,0.0,33.5,59.5,0.0,16.6,0.0
2020-08-17,31.6,0.0,33.1,59.6,0.0,16.8,0.0
2020-08-18,30.5,0.0,32.7,59.9,0.8,16.9,0.5
2020-08-19,29.7,0.0,32.0,60.6,0.2,17.5,0.0
2020-08-20,34.2,0.0,32.9,60.8,0.0,17.8,0.0
2020-08-21,42.6,0.2,30.9,59.9,0.2,17.9,0.2
2020-08-22,46.0,0.0,29.6,60.9,1.0,18.3,0.0
2020-08-23,49.8,0.8,31.0,60.4,0.5,17.8,0.2
2020-08-24,59.9,0.0,32.1,60.5,0.0,17.5,0.0
2020-08-25,58.6,0.0,32.3,60.3,0.0,17.5,0.0
2020-08-26,59.8,0.0,30.9,60.4,0.0,17.4,0.0
2020-08-27,54.8,0.0,31.9,59.9,0.0,16.9,0.0
2020-08-28,46.3,0.0,30.3,59.5,0.0,17.2,0.0
2020-08-29,46.3,0.0,30.6,60.6,0.0,17.4,0.0
2020-08-30,52.9,0.1,27.0,64.1,0.1,17.4,0.0
2020-08-31,59.7,22.3,25.4,69.1,12.1,17.3,16.8
2020-09-01,65.8,0.0,28.0,61.6,0.0,16.9,0.0
2020-09-02,63.9,0.0,27.6,60.3,0.0,16.8,0.0
2020-09-03,61.3,0.0,29.3,60.1,0.0,16.6,0.0
2020-09-04,52.1,0.0,31.5,59.9,0.0,16.5,0.0
2020-09-05,48.1,0.0,32.2,59.7,0.0,16.4,0.0
2020-09-06,46.9,0.0,32.2,60.0,0.0,16.3,0.0
2020-09-07,41.2,0.0,32.0,59.6,0.0,16.3,0.0
2020-09-08,39.3,2.2,28.1,59.6,0.0,16.3,0.1
2020-09-09,37.5,0.0,20.0,60.1,0.0,16.8,0.0
2020-09-10,40.2,0.0,18.8,60.5,0.0,17.2,0.0
2020-09-11,46.1,0.0,22.4,60.6,0.0,17.4,0.0
2020-09-12,51.4,0.0,23.7,61.3,0.0,17.4,0.0
2020-09-13,54.8,0.0,25.7,61.5,0.0,17.2,0.0
2020-09-14,59.1,0.0,27.0,61.5,0.0,17.0,0.0
2020-09-15,60.0,0.0,26.9,61.3,0.0,16.9,0.0
2020-09-16,59.2,0.0,28.3,60.7,0.0,16.9,0.0
2020-09-17,59.2,0.0,28.0,60.8,0.0,17.0,0.0
2020-09-18,57.6,0.0,28.5,60.9,0.0,17.1,0.0
2020-09-19,56.1,0.0,27.6,61.4,0.0,17.3,0.0
2020-09-20,54.6,0.0,27.4,61.9,0.0,17.3,0.0
2020-09-21,58.1,0.0,27.3,61.6,0.0,17.5,0.0
2020-09-22,62.4,0.0,26.6,62.9,0.0,17.8,0.0
2020-09-23,67.1,0.0,26.7,63.0,0.0,17.7,0.0
2020-09-24,64.9,0.0,27.6,62.6,0.0,17.5,0.0
2020-09-25,60.8,0.0,27.8,62.1,0.0,17.4,0.0
2020-09-26,58.3,0.0,27.3,61.8,0.0,17.4,0.0
2020-09-27,62.4,0.0,26.2,61.8,0.0,17.4,0.0
2020-09-28,60.1,0.0,25.9,61.8,0.0,17.4,0.0
2020-09-29,55.5,0.0,25.3,62.1,0.0,17.4,0.0
2020-09-30,61.1,0.0,26.5,62.1,0.0,17.6,0.0
2020-10-01,62.4,0.0,27.1,62.3,0.0,17.6,0.0
2020-10-02,60.7,0.0,26.9,62.4,0.0,17.6,0.0
2020-10-03,59.8,0.0,26.2,62.3,0.0,17.7,0.0
2020-10-04,61.0,0.0,25.8,62.3,0.0,17.8,0.0
2020-10-05,64.3,0.0,25.6,62.7,0.0,17.9,0.0
2020-10-06,63.9,0.0,26.4,63.2,0.0,17.9,0.0
2020-10-07,64.7,0.0,25.6,63.4,0.0,17.9,0.0
2020-10-08,67.4,0.0,24.8,63.4,0.0,18.6,0.0
2020-10-09,66.9,0.0,23.6,63.5,0.0,18.6,0.0
2020-10-10,71.7,0.0,23.0,63.7,0.0,18.9,0.0
2020-10-11,75.5,0.0,21.9,63.8,0.0,19.0,0.0
2020-10-12,73.9,0.0,22.2,63.5,0.0,19.1,0.0
2020-10-13,72.8,0.0,24.1,63.6,0.0,19.0,0.0
2020-10-14,70.9,0.0,24.1,63.7,0.0,19.0,0.0
2020-10-15,73.0,0.0,24.2,63.6,0.0,19.0,0.0
2020-10-16,74.6,0.0,24.8,63.6,0.0,19.3,0.0
2020-10-17,74.9,0.0,23.9,63.9,0.0,19.5,0.0
2020-10-18,73.1,0.0,22.6,64.0,0.0,19.4,0.0
2020-10-19,75.8,0.0,22.0,64.3,0.0,19.9,0.0
2020-10-20,80.8,0.0,22.6,64.5,0.0,20.2,0.0
2020-10-21,81.3,0.0,22.0,64.9,0.0,20.6,0.0
2020-10-22,79.9,0.0,22.0,65.4,0.0,20.9,0.0
2020-10-23,83.1,0.0,20.6,65.7,0.0,20.7,0.0
2020-10-24,86.6,0.0,20.1,66.1,0.0,20.8,0.0
2020-10-25,93.3,0.3,19.3,66.3,0.5,20.8,2.7
2020-10-26,96.1,0.3,12.9,66.5,0.4,20.9,0.8
2020-10-27,103.0,0.0,6.9,66.7,0.0,21.5,0.0
2020-10-28,111.0,0.0,10.3,67.4,0.0,22.1,0.0
2020-10-29,114.0,0.0,14.7,67.8,0.0,22.5,0.0
2020-10-30,118.0,0.0,16.3,68.1,0.0,22.8,0.0
2020-10-31,119.0,0.0,18.0,67.8,0.0,22.7,0.0
2020-11-01,124.0,0.0,20.6,67.8,0.0,22.7,0.0
2020-11-02,123.0,0.0,21.4,67.7,0.0,22.8,0.0
2020-11-03,118.0,0.0,21.2,67.8,0.3,23.0,0.0
2020-11-04,121.0,0.0,20.4,68.0,0.3,23.1,0.0
2020-11-05,126.0,0.0,20.9,68.1,0.0,23.4,0.0
2020-11-06,127.0,0.0,20.7,68.4,0.4,23.3,0.0
2020-11-07,127.0,0.7,18.3,68.7,1.1,23.4,0.6
2020-11-08,134.0,1.0,9.2,69.8,0.9,23.8,1.7
2020-11-09,149.0,5.1,6.6,70.0,4.9,24.1,7.2
2020-11-10,151.0,0.0,5.2,70.1,0.0,23.5,0.0
2020-11-11,154.0,0.0,7.5,70.2,0.0,23.3,0.0
2020-11-12,154.0,0.0,10.9,70.3,0.0,22.1,0.0
2020-11-13,153.0,0.0,11.7,70.6,0.0,21.7,0.0
2020-11-14,151.0,0.0,11.1,70.5,0.0,22.1,0.0
2020-11-15,156.0,0.0,12.6,70.4,0.0,22.9,0.0
2020-11-16,155.0,0.0,16.2,70.5,0.0,23.0,0.0
2020-11-17,155.0,0.0,17.3,70.7,0.0,23.3,0.0
2020-11-18,147.0,0.0,17.6,70.6,0.0,24.0,0.0
2020-11-19,146.0,0.0,16.3,70.7,0.0,24.0,0.0
2020-11-20,146.0,0.0,16.2,70.7,0.0,23.9,0.0
2020-11-21,144.0,0.0,17.9,71.0,0.0,23.8,0.0
2020-11-22,145.0,0.0,16.6,71.1,0.0,23.7,0.0
2020-11-23,145.0,0.0,15.9,71.9,0.0,23.6,0.0
2020-11-24,145.0,0.0,11.2,71.9,0.1,23.5,0.0
2020-11-25,147.0,0.0,10.0,71.9,0.0,23.7,0.0
2020-11-26,153.0,0.0,9.2,72.4,0.0,23.7,0.0
2020-11-27,153.0,1.4,8.7,72.5,1.9,23.5,0.2
2020-11-28,157.0,0.0,8.2,72.6,0.0,23.5,0.0
2020-11-29,158.0,0.0,10.6,72.7,0.0,23.5,0.0
2020-11-30,159.0,0.0,8.7,73.0,0.0,23.2,0.0
2020-12-01,159.0,0.0,10.8,73.6,0.0,23.1,0.0
2020-12-02,157.0,0.0,8.1,73.4,0.0,23.2,0.0
2020-12-03,157.0,0.0,6.7,73.2,0.0,23.3,0.0
2020-12-04,159.0,0.0,6.4,73.7,0.0,23.2,0.0
2020-12-05,162.0,0.0,8.5,74.0,0.0,23.1,0.0
2020-12-06,164.0,0.0,11.3,74.1,0.0,22.6,0.0
2020-12-07,164.0,0.0,11.0,74.1,0.0,22.5,0.0
2020-12-08,161.0,0.0,11.3,74.2,0.0,22.5,0.0
2020-12-09,163.0,0.0,12.4,74.3,0.0,22.2,0.0
2020-12-10,171.0,3.0,11.0,75.5,6.0,22.1,2.3
2020-12-11,171.0,2.4,9.0,75.5,6.2,21.8,1.8
2020-12-12,172.0,0.0,7.3,75.5,0.0,21.4,0.0
2020-12-13,171.0,0.7,3.6,75.3,0.0,21.3,0.1
2020-12-14,170.0,0.0,6.2,75.5,0.0,21.3,0.0
2020-12-15,172.0,0.0,3.8,75.5,0.0,21.1,0.0
2020-12-16,176.0,0.0,5.2,75.5,0.0,21.0,0.0
2020-12-17,176.0,0.0,6.2,75.5,0.0,20.9,0.0
2020-12-18,182.0,0.0,5.9,75.5,0.0,20.7,0.0
2020-12-19,183.0,0.0,6.0,75.5,0.0,20.6,0.0
2020-12-20,183.0,0.0,8.1,75.5,0.0,20.4,0.0
2020-12-21,188.0,0.0,10.6,75.5,0.0,20.6,0.0
2020-12-22,185.0,0.0,12.1,75.5,0.0,20.7,0.0
2020-12-23,185.0,0.0,6.3,75.5,0.0,20.5,0.0
2020-12-24,181.0,0.0,4.3,75.5,0.0,20.5,0.0
2020-12-25,177.0,0.1,5.2,75.5,0.2,20.8,0.0
2020-12-26,181.0,0.0,9.1,75.5,0.0,20.7,0.0
2020-12-27,180.0,0.0,9.5,75.8,0.0,20.7,0.0
2020-12-28,180.0,0.2,9.4,76.1,0.9,20.5,0.4
2020-12-29,181.0,0.2,3.9,76.4,0.4,20.4,0.5
2020-12-30,182.0,0.0,4.1,76.3,0.0,20.7,0.0
2020-12-31,187.0,0.0,4.4,76.4,0.0,20.9,0.0
2021-01-01,188.0,0.0,5.3,76.4,0.0,20.9,0.0
2021-01-02,188.0,0.0,6.1,76.5,0.0,20.8,0.0
2021-01-03,188.0,0.0,5.6,76.5,0.0,20.8,0.0
2021-01-04,191.0,0.0,6.9,76.5,0.0,20.7,0.0
2021-01-05,201.0,0.0,10.0,76.9,0.0,20.6,0.0
2021-01-06,197.0,0.0,8.6,76.9,0.0,20.4,0.0
2021-01-07,195.0,0.0,9.8,77.2,0.0,20.3,0.0
2021-01-08,193.0,0.0,9.6,77.7,0.0,20.1,0.0
2021-01-09,193.0,0.0,9.1,77.4,0.0,20.2,0.0
2021-01-10,195.0,0.0,5.1,77.4,0.0,20.2,0.0
2021-01-11,194.0,0.0,5.3,77.3,0.0,20.3,0.0
2021-01-12,193.0,0.0,4.6,77.6,0.0,20.2,0.0
2021-01-13,192.0,0.0,7.6,77.4,0.0,20.1,0.0
2021-01-14,192.0,0.0,11.2,77.4,0.0,20.3,0.0
2021-01-15,192.0,0.0,12.0,77.4,0.0,20.2,0.0
2021-01-16,194.0,0.0,13.5,77.4,0.0,20.2,0.0
2021-01-17,189.0,0.0,10.4,77.4,0.0,20.1,0.0
2021-01-18,190.0,0.0,12.3,77.6,0.0,20.1,0.0
2021-01-19,194.0,1.4,9.7,79.3,1.7,20.5,1.6
2021-01-20,197.0,1.1,9.3,79.3,1.3,20.3,1.4
2021-01-21,198.0,1.5,9.9,79.3,0.4,20.1,0.0
2021-01-22,200.0,6.1,10.5,79.5,4.3,20.1,10.0
2021-01-23,203.0,3.1,8.4,79.6,6.2,20.2,9.2
2021-01-24,210.0,8.7,6.3,80.8,10.8,21.8,11.8
2021-01-25,225.0,10.3,2.8,83.8,8.5,21.9,17.0
2021-01-26,238.0,6.4,0.8,82.0,6.5,21.7,7.3
2021-01-27,228.0,0.3,1.1,78.0,0.9,21.1,0.6
2021-01-28,217.0,0.0,5.4,77.1,0.0,21.1,0.0
2021-01-29,216.0,5.3,7.8,77.6,4.4,21.4,4.2
2021-01-30,218.0,2.0,5.8,77.9,1.9,21.2,2.3
2021-01-31,217.0,0.0,6.7,77.0,0.0,20.6,0.0
2021-02-01,214.0,0.1,8.1,76.5,0.1,20.4,0.1
2021-02-02,212.0,0.3,12.3,76.4,0.6,20.2,0.5
2021-02-03,208.0,1.1,13.7,76.4,3.0,20.1,0.1
2021-02-04,204.0,1.0,10.2,76.4,0.8,20.1,0.3
2021-02-05,202.0,0.0,7.3,76.2,0.0,20.2,0.0
2021-02-06,201.0,0.0,8.7,75.8,0.0,20.4,0.0
2021-02-07,197.0,0.0,9.1,75.9,0.0,20.4,0.0
2021-02-08,196.0,0.0,10.5,75.8,0.0,20.3,0.0
2021-02-09,195.0,0.0,10.0,75.9,0.0,20.1,0.0
2021-02-10,194.0,0.0,10.8,76.1,0.8,20.1,0.4
2021-02-11,194.0,0.0,9.8,75.7,0.0,19.9,0.0
2021-02-12,195.0,0.2,11.1,76.0,1.0,20.1,0.0
2021-02-13,194.0,0.1,8.5,76.3,0.4,20.0,1.8
2021-02-14,195.0,3.5,7.3,76.3,2.3,19.8,2.5
2021-02-15,199.0,0.0,6.3,75.8,0.0,19.2,0.0
2021-02-16,199.0,1.6,7.9,75.5,0.4,19.3,1.1
2021-02-17,196.0,0.1,5.4,74.9,0.1,19.3,0.0
2021-02-18,193.0,0.0,4.2,74.3,0.0,19.2,0.0
2021-02-19,183.0,0.0,6.2,74.1,0.0,19.3,0.0
2021-02-20,182.0,0.0,10.0,74.1,0.0,19.3,0.0
2021-02-21,179.0,0.0,7.6,73.9,0.0,19.0,0.0
2021-02-22,180.0,0.0,8.6,73.9,0.0,18.2,0.0
2021-02-23,179.0,0.0,11.3,74.2,0.0,17.3,0.0
2021-02-24,170.0,0.0,12.0,74.2,0.0,17.2,0.0
2021-02-25,167.0,0.0,9.1,73.9,0.0,17.2,0.0
2021-02-26,167.0,0.0,8.6,73.9,0.0,17.2,0.0
2021-02-27,161.0,0.0,8.8,73.8,0.0,17.2,0.0
2021-02-28,158.0,0.0,6.0,73.7,0.0,17.0,0.0
2021-03-01,155.0,0.0,6.1,73.6,0.0,17.1,0.0
2021-03-02,150.0,0.0,9.1,73.7,0.0,17.0,0.0
2021-03-03,157.0,0.0,12.0,73.7,0.0,17.3,0.0
2021-03-04,165.0,0.5,10.8,73.7,1.6,17.6,2.0
2021-03-05,166.0,0.0,12.0,73.6,0.0,18.0,0.0
2021-03-06,162.0,0.0,14.5,73.4,0.0,18.3,0.0
2021-03-07,163.0,0.0,15.5,73.5,0.0,18.4,0.0
2021-03-08,159.0,0.0,16.3,73.0,0.0,18.5,0.0
2021-03-09,159.0,0.0,14.3,72.8,0.1,18.5,0.0
2021-03-10,159.0,0.0,9.4,72.5,2.7,18.6,0.0
2021-03-11,161.0,0.3,8.1,73.2,1.2,18.7,0.0
2021-03-12,167.0,7.7,6.4,75.3,8.0,19.1,11.4
2021-03-13,174.0,3.4,4.4,76.0,11.2,19.0,6.4
2021-03-14,187.0,2.1,5.4,75.4,2.5,19.1,2.8
2021-03-15,190.0,0.0,9.1,74.3,0.0,18.7,0.0
2021-03-16,196.0,2.6,7.4,75.2,3.3,18.9,4.7
2021-03-17,197.0,0.0,7.3,73.8,0.0,18.5,0.0
2021-03-18,198.0,0.0,12.9,73.5,0.0,18.3,0.0
2021-03-19,253.0,0.0,14.5,72.9,0.0,17.8,0.0
2021-03-20,461.0,0.0,14.9,72.6,1.7,17.5,0.0
2021-03-21,464.0,0.0,13.7,72.4,0.3,17.4,0.0
2021-03-22,419.0,0.2,10.6,72.0,0.0,17.3,0.0
2021-03-23,308.0,4.2,9.7,72.6,4.7,17.5,2.2
2021-03-24,248.0,1.7,7.5,72.7,1.1,17.5,0.6
2021-03-25,206.0,0.0,9.0,72.9,0.0,17.0,0.0
2021-03-26,187.0,0.5,8.9,73.7,1.6,17.4,2.2
2021-03-27,182.0,2.5,8.4,73.0,3.5,17.5,1.8
2021-03-28,174.0,0.0,12.5,72.3,0.0,17.2,0.0
2021-03-29,159.0,0.0,17.2,72.0,0.0,17.2,0.0
2021-03-30,151.0,0.0,15.3,71.5,0.0,16.8,0.0
2021-03-31,150.0,0.0,14.7,70.9,0.0,16.6,0.0
2021-04-01,146.0,0.0,16.8,70.9,0.0,16.7,0.0
2021-04-02,140.0,0.0,20.2,70.9,0.0,16.9,0.0
2021-04-03,135.0,0.0,20.7,70.5,0.0,17.1,0.0
2021-04-04,129.0,0.0,21.9,70.2,0.0,17.5,0.0
2021-04-05,130.0,0.0,21.9,69.8,0.0,17.6,0.0
2021-04-06,127.0,0.0,19.5,69.2,0.0,17.8,0.0
2021-04-07,127.0,0.0,17.9,68.9,0.0,18.0,0.0
2021-04-08,131.0,0.0,20.2,68.7,0.0,18.3,0.0
2021-04-09,127.0,0.0,19.3,68.7,0.0,18.5,0.0
2021-04-10,124.0,0.0,18.9,68.5,0.0,18.7,0.0
2021-04-11,111.0,0.0,19.5,68.5,0.0,19.0,0.0
2021-04-12,106.0,0.0,21.0,68.1,0.0,19.3,0.0
2021-04-13,105.0,0.0,19.3,68.1,0.0,19.2,0.0
2021-04-14,106.0,0.0,18.4,67.8,0.0,19.1,0.0
2021-04-15,101.0,0.0,17.9,67.8,0.0,19.4,0.0
2021-04-16,101.0,0.0,15.5,67.2,0.0,19.6,0.0
2021-04-17,105.0,0.3,15.7,67.3,1.3,19.5,0.2
2021-04-18,112.0,0.0,15.3,67.4,0.7,19.7,0.0
2021-04-19,115.0,0.0,16.2,67.1,0.0,19.9,0.0
2021-04-20,118.0,0.0,18.8,66.8,0.0,20.0,0.0
2021-04-21,112.0,0.0,18.8,66.6,0.0,19.7,0.0
2021-04-22,116.0,0.1,17.0,67.0,0.0,19.8,0.0
2021-04-23,109.0,0.2,16.4,66.9,1.1,20.0,0.1
2021-04-24,98.1,0.0,18.5,66.5,0.0,20.1,0.0
2021-04-25,96.7,0.0,19.4,66.4,0.0,20.0,0.0
2021-04-26,96.8,0.0,18.0,66.3,0.0,20.1,0.0
2021-04-27,103.0,8.3,12.8,67.3,9.0,21.3,2.5
2021-04-28,109.0,0.1,13.5,67.7,0.6,21.2,0.0
2021-04-29,112.0,0.0,18.2,67.2,0.0,20.8,0.0
2021-04-30,102.0,0.0,23.3,66.5,0.0,20.3,0.0
2021-05-01,93.4,0.0,23.9,65.7,0.0,20.2,0.0
2021-05-02,87.2,0.0,22.4,65.1,0.0,20.2,0.0
2021-05-03,91.3,0.0,20.3,64.9,0.2,20.1,0.0
2021-05-04,87.3,0.0,20.9,64.7,0.0,20.0,0.0
2021-05-05,90.6,0.0,23.1,64.3,0.0,19.8,0.0
2021-05-06,95.1,0.0,25.4,63.7,0.0,19.9,0.0
2021-05-07,87.5,0.0,24.1,63.4,0.0,19.8,0.0
2021-05-08,85.4,0.0,22.1,63.3,0.0,20.0,0.0
2021-05-09,82.7,0.1,22.1,63.2,0.2,19.8,0.0
2021-05-10,82.4,0.1,22.2,63.1,0.0,19.6,0.0
2021-05-11,79.0,0.0,21.8,62.9,0.0,19.3,0.0
2021-05-12,76.6,0.0,23.1,62.7,0.0,19.3,0.0
2021-05-13,75.1,0.0,24.9,62.4,0.0,18.9,0.0
2021-05-14,61.6,0.0,25.3,62.0,0.0,18.6,0.0
2021-05-15,61.2,0.0,24.0,61.7,0.0,18.5,0.0
2021-05-16,58.5,0.0,21.7,61.4,0.0,18.2,0.0
2021-05-17,56.3,0.0,19.7,61.8,0.0,18.0,0.0
2021-05-18,61.1,0.0,21.2,62.1,0.0,18.0,0.1
2021-05-19,66.9,0.0,24.4,61.7,0.0,17.5,0.0
2021-05-20,62.5,0.0,24.2,61.3,0.0,16.9,0.0
2021-05-21,61.6,3.7,21.4,60.9,3.6,16.7,4.5
2021-05-22,66.7,0.0,16.4,60.9,0.0,16.7,0.0
2021-05-23,72.1,0.0,15.9,61.2,0.0,17.1,0.0
2021-05-24,69.0,0.0,19.4,61.5,0.0,17.0,0.0
2021-05-25,72.0,0.0,22.7,61.4,0.0,16.3,0.0
2021-05-26,62.9,0.0,23.6,61.2,0.0,16.2,0.0
2021-05-27,58.8,0.0,23.6,60.9,0.0,16.5,0.0
2021-05-28,55.1,0.0,25.2,60.4,0.0,16.6,0.0
2021-05-29,51.9,0.0,25.6,59.9,0.0,16.6,0.0
2021-05-30,49.9,0.0,24.9,59.7,0.0,17.0,0.0
2021-05-31,51.8,0.0,25.8,59.6,0.0,17.0,0.0
2021-06-01,56.8,0.0,26.7,59.4,0.0,16.9,0.0
2021-06-02,57.9,0.0,27.6,59.2,0.0,17.0,0.0
2021-06-03,53.8,0.0,28.9,59.2,0.0,17.2,0.0
2021-06-04,52.0,0.0,29.3,58.7,0.0,16.8,0.0
2021-06-05,48.3,0.0,30.0,58.5,0.0,16.5,0.0
2021-06-06,45.3,0.0,28.6,57.7,0.0,16.0,0.0
2021-06-07,45.5,0.0,26.2,57.7,0.0,15.8,0.0
2021-06-08,43.5,0.0,25.6,57.5,0.0,15.9,0.0
2021-06-09,50.7,0.0,25.3,57.7,0.0,15.7,0.0
2021-06-10,55.3,0.0,26.3,57.7,0.0,15.6,0.0
2021-06-11,54.9,0.0,26.7,57.5,0.0,15.4,0.0
2021-06-12,50.5,0.0,28.6,57.2,0.0,15.3,0.0
2021-06-13,51.2,0.0,30.7,56.9,0.0,15.0,0.0
2021-06-14,54.1,0.0,32.6,56.6,0.0,14.8,0.0
2021-06-15,49.8,0.0,34.7,56.2,0.0,14.6,0.0
2021-06-16,46.0,0.0,35.6,56.2,0.0,14.5,0.0
2021-06-17,48.9,0.0,35.1,56.3,0.0,15.2,0.0
2021-06-18,47.4,0.0,34.6,56.6,0.0,15.6,0.0
2021-06-19,45.3,0.0,34.5,56.5,0.0,15.1,0.0
2021-06-20,44.6,0.0,34.6,56.1,0.0,14.9,0.0
2021-06-21,42.4,0.0,32.2,55.4,0.0,14.4,0.0
2021-06-22,41.4,0.0,31.2,55.1,0.0,14.5,0.0
2021-06-23,43.2,3.3,28.0,56.1,2.0,15.3,2.7
2021-06-24,46.7,0.0,26.7,57.8,0.0,18.8,0.0
2021-06-25,54.7,0.0,27.7,58.7,0.0,19.3,0.0
2021-06-26,59.4,0.0,29.0,59.1,0.0,16.5,0.0
2021-06-27,60.7,0.0,30.9,58.4,0.0,15.9,0.0
2021-06-28,58.8,0.0,30.3,57.2,0.0,15.5,0.0
2021-06-29,57.9,0.0,29.6,57.3,0.0,15.8,0.0
2021-06-30,53.6,0.4,28.0,57.7,0.7,16.2,0.3
2021-07-01,65.9,0.0,27.9,58.4,0.0,16.9,0.0
2021-07-02,67.1,0.0,28.9,58.1,0.8,16.1,0.8
2021-07-03,61.5,1.4,29.0,58.0,3.2,16.1,2.6
2021-07-04,61.6,14.8,26.3,58.6,10.2,16.1,8.8
2021-07-05,63.6,0.0,29.2,58.3,0.0,15.8,0.0
2021-07-06,70.3,0.0,30.7,57.3,0.0,15.4,0.0
2021-07-07,73.9,0.0,32.8,56.4,0.0,15.1,0.0
2021-07-08,59.1,0.0,32.8,55.7,0.0,14.9,0.0
2021-07-09,56.0,0.0,33.7,55.8,0.0,15.0,0.0
2021-07-10,53.5,0.0,33.9,56.3,0.0,15.2,0.0
2021-07-11,57.2,0.0,33.8,56.7,0.1,15.3,0.0
2021-07-12,56.0,0.1,32.0,56.9,0.3,15.1,0.0
2021-07-13,288.0,1.4,30.9,58.0,0.4,15.0,0.2
2021-07-14,145.0,1.3,28.5,77.7,1.0,15.1,0.3
2021-07-15,124.0,0.1,27.9,77.4,0.0,15.3,0.0
2021-07-16,167.0,1.1,28.1,73.8,4.5,87.7,0.6
2021-07-17,165.0,6.2,25.8,70.5,5.1,412.0,3.8
2021-07-18,196.0,2.9,28.0,119.0,4.9,232.0,2.2
2021-07-19,219.0,0.6,28.7,127.0,1.5,53.3,0.0
2021-07-20,243.0,0.2,29.0,96.0,0.1,26.8,0.0
2021-07-21,200.0,2.1,29.8,85.0,3.3,18.7,0.0
2021-07-22,176.0,0.2,29.5,80.1,0.7,16.0,0.3
2021-07-23,163.0,15.3,26.4,939.0,16.9,55.7,13.0
2021-07-24,1120.0,12.3,23.5,559.0,9.4,2680.0,13.7
2021-07-25,5270.0,17.9,23.1,2170.0,21.6,2740.0,25.5
2021-07-26,3590.0,1.5,23.2,1110.0,0.5,543.0,0.1
2021-07-27,1490.0,0.0,25.0,253.0,0.7,177.0,0.0
2021-07-28,659.0,0.5,26.4,174.0,0.0,206.0,0.0
2021-07-29,444.0,0.0,26.7,137.0,2.1,106.0,0.4
2021-07-30,373.0,0.9,24.9,134.0,1.7,49.4,2.2
2021-07-31,357.0,0.4,25.2,380.0,2.4,35.6,1.9
2021-08-01,500.0,2.1,26.2,224.0,2.1,30.0,0.8
2021-08-02,430.0,0.0,26.6,133.0,0.3,32.1,0.1
2021-08-03,315.0,0.0,29.8,89.9,0.0,26.1,0.0
2021-08-04,229.0,0.0,30.3,78.3,0.0,24.9,0.0
2021-08-05,185.0,0.0,30.7,71.7,0.0,23.8,0.0
2021-08-06,159.0,0.0,29.2,69.3,0.0,22.9,0.0
2021-08-07,135.0,0.0,29.5,65.7,0.0,22.2,0.0
2021-08-08,123.0,0.0,28.9,64.1,0.0,21.7,0.0
2021-08-09,111.0,0.2,28.0,63.1,0.1,21.5,0.0
2021-08-10,107.0,0.7,26.0,143.0,3.8,23.2,5.3
2021-08-11,119.0,2.7,24.1,199.0,8.3,29.6,1.6
2021-08-12,256.0,0.5,24.6,191.0,0.0,168.0,0.5
2021-08-13,244.0,0.7,26.8,470.0,0.1,122.0,0.0
2021-08-14,425.0,0.0,27.8,204.0,0.0,53.8,0.0
2021-08-15,263.0,0.0,27.2,163.0,0.0,59.8,0.4
2021-08-16,210.0,1.1,27.5,155.0,3.1,175.0,1.0
2021-08-17,221.0,0.2,26.6,166.0,3.9,47.4,0.6
2021-08-18,419.0,2.5,24.5,2470.0,8.1,35.6,6.1
2021-08-19,3520.0,2.7,22.5,2830.0,2.6,27.6,7.6
2021-08-20,1890.0,1.9,24.4,329.0,0.1,24.3,0.0
2021-08-21,655.0,0.0,25.4,148.0,0.0,22.6,0.0
2021-08-22,399.0,0.0,26.6,100.0,0.0,21.6,0.0
2021-08-23,284.0,0.0,27.4,82.0,0.0,21.0,0.0
2021-08-24,225.0,0.0,27.4,75.4,0.0,20.5,0.0
2021-08-25,177.0,0.0,29.2,72.7,0.0,20.4,0.0
2021-08-26,162.0,0.0,30.6,71.3,0.0,20.2,0.0
2021-08-27,145.0,0.0,30.8,70.2,0.0,19.8,0.0
2021-08-28,136.0,0.0,30.4,69.6,0.0,19.7,0.0
2021-08-29,128.0,0.0,29.9,69.2,0.0,19.7,0.0
2021-08-30,120.0,0.0,28.9,86.6,0.3,19.9,0.0
2021-08-31,113.0,3.3,27.5,136.0,2.9,21.0,0.3
2021-09-01,214.0,12.1,23.5,81.4,10.9,20.4,11.3
2021-09-02,170.0,1.6,23.6,66.3,1.0,20.1,0.8
2021-09-03,173.0,0.0,24.9,64.3,0.4,19.8,0.1
2021-09-04,149.0,0.0,27.7,62.5,0.0,19.4,0.0
2021-09-05,127.0,0.0,29.2,61.8,0.0,19.1,0.0
2021-09-06,111.0,0.0,29.5,61.3,0.0,19.0,0.0
2021-09-07,103.0,0.0,29.5,61.2,0.0,18.9,0.0
2021-09-08,94.8,0.0,29.5,60.8,0.0,18.8,0.0
2021-09-09,89.4,0.0,29.9,60.6,0.0,18.7,0.0
2021-09-10,80.6,0.0,29.9,60.0,0.0,18.7,0.0
2021-09-11,78.1,0.0,29.0,60.0,0.0,18.8,0.0
2021-09-12,76.9,0.0,29.1,60.4,0.0,18.6,0.0
2021-09-13,78.1,0.0,29.6,60.0,0.0,18.5,0.0
2021-09-14,81.4,0.0,29.1,59.4,0.0,18.6,0.0
2021-09-15,76.6,0.0,27.9,59.2,0.0,18.6,0.0
2021-09-16,74.6,0.0,27.1,59.1,0.0,18.6,0.0
2021-09-17,68.6,0.0,26.8,59.1,0.0,18.7,0.0
2021-09-18,69.8,0.2,26.4,87.6,0.0,19.0,0.1
2021-09-19,75.0,0.1,25.0,121.0,0.2,19.5,0.0
2021-09-20,97.0,0.0,24.6,69.6,0.0,19.0,0.0
2021-09-21,103.0,0.0,25.0,63.6,0.0,18.8,0.0
2021-09-22,89.5,0.0,25.6,61.9,0.0,18.7,0.0
2021-09-23,87.4,0.0,26.1,61.2,0.0,18.7,0.0
2021-09-24,82.2,0.0,25.1,60.8,0.0,18.7,0.0
2021-09-25,83.7,0.2,23.3,61.1,0.1,19.0,0.0
2021-09-26,106.0,22.8,20.6,63.0,13.9,20.2,12.9
2021-09-27,160.0,1.7,17.9,67.3,4.0,23.8,2.6
2021-09-28,183.0,2.4,19.2,156.0,3.9,29.3,0.8
2021-09-29,187.0,0.9,18.8,88.2,8.8,17.4,5.6
2021-09-30,191.0,3.3,17.3,70.4,4.9,16.7,0.0
2021-10-01,209.0,0.7,16.8,66.7,0.8,16.6,0.7
2021-10-02,171.0,0.0,19.6,65.4,0.0,16.6,0.0
2021-10-03,154.0,0.0,21.2,64.7,0.0,16.7,0.0
2021-10-04,140.0,0.0,22.0,64.2,0.0,16.7,0.0
2021-10-05,144.0,18.5,19.7,68.9,15.5,18.3,10.7
2021-10-06,175.0,3.4,17.2,71.6,3.3,18.2,2.0
2021-10-07,200.0,0.0,19.6,66.9,0.0,17.6,0.0
2021-10-08,167.0,0.0,20.1,65.2,0.0,17.5,0.0
2021-10-09,151.0,0.4,18.9,64.6,0.0,17.5,0.0
2021-10-10,144.0,0.0,16.1,64.1,0.0,17.3,0.0
2021-10-11,144.0,0.0,16.4,63.8,0.0,17.3,0.0
2021-10-12,137.0,2.3,12.2,64.7,4.6,17.9,4.6
2021-10-13,139.0,0.0,9.7,64.8,0.0,17.9,0.0
2021-10-14,145.0,0.0,12.3,64.9,0.0,17.7,0.0
2021-10-15,141.0,0.0,13.8,64.2,0.0,17.5,0.0
2021-10-16,135.0,0.0,15.3,63.9,0.0,17.5,0.0
2021-10-17,131.0,0.0,17.4,63.9,0.0,17.4,0.0
2021-10-18,130.0,0.0,15.6,63.9,0.0,17.4,0.0
2021-10-19,128.0,0.0,14.3,64.1,0.0,17.5,0.0
2021-10-20,129.0,0.0,15.1,64.0,0.0,17.6,0.0
2021-10-21,127.0,0.0,17.1,64.0,0.0,17.5,0.0
2021-10-22,127.0,0.0,18.2,64.0,0.0,17.4,0.0
2021-10-23,128.0,0.0,16.2,64.1,0.0,17.4,0.0
2021-10-24,127.0,0.0,16.3,64.1,0.0,17.5,0.0
2021-10-25,129.0,0.0,17.0,63.9,0.0,17.5,0.0
2021-10-26,129.0,5.1,15.8,65.0,0.9,18.1,7.4
2021-10-27,131.0,0.0,12.3,64.2,0.0,18.0,0.0
2021-10-28,136.0,0.0,16.0,64.3,0.0,17.9,0.0
2021-10-29,129.0,0.0,17.8,64.2,0.0,18.0,0.0
2021-10-30,130.0,0.0,18.4,64.1,0.0,18.1,0.0
2021-10-31,130.0,0.0,17.7,64.1,0.0,18.0,0.0
2021-11-01,127.0,0.0,16.9,64.1,0.0,18.0,0.0
2021-11-02,124.0,0.0,16.4,64.3,0.0,18.2,0.0
2021-11-03,123.0,0.0,16.4,64.3,0.0,18.1,0.0
2021-11-04,122.0,0.0,16.1,64.5,0.0,18.1,0.0
2021-11-05,125.0,0.0,17.8,64.5,0.0,18.2,0.0
2021-11-06,130.0,0.0,18.5,64.6,0.0,18.3,0.0
2021-11-07,129.0,0.0,17.0,64.5,0.0,18.4,0.0
2021-11-08,128.0,0.0,16.6,64.6,0.0,18.5,0.0
2021-11-09,131.0,0.0,15.1,65.0,0.0,18.6,0.0
2021-11-10,132.0,0.0,15.1,64.9,0.0,18.6,0.0
2021-11-11,130.0,0.0,15.6,65.0,0.0,18.8,0.0
2021-11-12,130.0,0.0,15.6,65.0,0.0,18.7,0.0
2021-11-13,129.0,0.0,15.6,65.2,0.0,18.7,0.0
2021-11-14,128.0,0.0,16.2,65.6,0.0,18.7,0.0
2021-11-15,127.0,0.0,17.1,65.7,0.0,18.7,0.0
2021-11-16,130.0,0.0,16.5,66.1,0.0,18.9,0.0
2021-11-17,135.0,0.0,13.8,66.4,0.0,18.9,0.0
2021-11-18,137.0,0.0,12.6,66.4,0.0,19.0,0.0
2021-11-19,137.0,0.0,13.3,66.4,0.0,19.2,0.0
2021-11-20,133.0,0.0,14.1,66.5,0.0,19.2,0.0
2021-11-21,138.0,0.0,14.3,66.5,0.0,19.3,0.0
2021-11-22,130.0,0.0,12.8,66.8,0.0,19.2,0.0
2021-11-23,136.0,0.9,13.7,67.4,2.2,19.5,1.2
2021-11-24,140.0,0.6,11.7,67.6,0.6,19.5,0.3
2021-11-25,145.0,0.0,10.2,67.1,0.0,19.1,0.0
2021-11-26,148.0,0.0,10.4,67.5,0.0,19.3,0.0
2021-11-27,148.0,0.0,12.0,67.7,0.0,19.5,0.0
2021-11-28,149.0,0.0,13.0,67.8,0.0,19.5,0.0
2021-11-29,148.0,0.0,13.4,67.8,0.0,19.5,0.0
2021-11-30,148.0,0.0,15.7,67.7,0.0,19.5,0.0
2021-12-01,153.0,0.0,13.9,67.6,0.0,19.5,0.0
2021-12-02,155.0,0.0,13.7,67.7,0.0,19.5,0.0
2021-12-03,155.0,0.0,14.3,68.1,0.0,19.6,0.0
2021-12-04,157.0,0.0,13.4,68.3,0.0,19.6,0.0
2021-12-05,165.0,0.0,13.0,68.3,0.0,19.4,0.0
2021-12-06,168.0,0.0,12.9,68.3,0.0,19.3,0.0
2021-12-07,169.0,0.0,11.0,68.3,0.0,19.4,0.0
2021-12-08,173.0,0.0,12.0,68.9,0.2,19.8,0.1
2021-12-09,175.0,0.1,9.5,69.9,0.0,19.7,0.0
2021-12-10,179.0,10.4,9.3,71.3,11.5,19.9,11.5
2021-12-11,180.0,0.0,4.2,69.7,0.0,19.3,0.0
2021-12-12,183.0,0.0,7.3,69.4,0.0,19.2,0.0
2021-12-13,183.0,0.0,8.8,69.6,0.0,19.1,0.0
2021-12-14,187.0,0.1,10.7,70.0,0.0,19.2,0.3
2021-12-15,189.0,9.3,6.6,71.7,10.8,19.6,11.5
2021-12-16,187.0,0.0,4.6,71.2,0.0,19.4,0.0
2021-12-17,189.0,0.0,4.9,71.0,0.0,19.5,0.0
2021-12-18,184.0,0.0,4.7,70.9,0.0,19.4,0.0
2021-12-19,181.0,0.0,4.1,71.4,0.0,19.3,0.0
2021-12-20,181.0,0.0,7.0,71.5,0.0,19.2,0.0
2021-12-21,182.0,0.0,8.8,71.7,0.0,19.1,0.0
2021-12-22,181.0,0.0,10.7,72.2,0.0,19.2,0.0
2021-12-23,182.0,1.3,11.6,72.6,0.1,19.1,0.3
2021-12-24,204.0,23.6,10.4,183.0,26.6,21.1,23.1
2021-12-25,2440.0,0.0,8.3,419.0,0.0,19.6,0.0
2021-12-26,1740.0,1.0,8.6,156.0,4.5,19.0,2.8
2021-12-27,899.0,0.0,5.7,100.0,0.6,19.0,0.1
2021-12-28,571.0,1.0,4.6,88.3,4.7,19.2,1.9
2021-12-29,426.0,7.7,4.9,77.4,6.7,19.4,7.9
2021-12-30,353.0,0.4,5.2,72.3,0.7,18.8,0.5
2021-12-31,305.0,1.1,6.8,70.4,1.7,19.5,1.4
2022-01-01,438.0,6.0,5.1,83.6,3.2,20.0,9.1
2022-01-02,727.0,0.0,-0.1,132.0,0.0,18.5,0.0
2022-01-03,544.0,0.0,3.1,103.0,0.0,18.2,0.0
2022-01-04,429.0,0.0,5.7,88.5,0.0,18.0,0.0
2022-01-05,357.0,0.0,5.9,76.8,0.0,17.8,0.0
2022-01-06,310.0,0.0,6.9,72.8,0.0,17.7,0.0
2022-01-07,309.0,0.0,9.7,97.2,0.0,17.8,0.0
2022-01-08,359.0,0.0,9.2,139.0,1.2,17.8,0.0
2022-01-09,462.0,0.0,8.1,132.0,0.0,17.6,0.0
2022-01-10,477.0,0.0,8.0,104.0,0.0,17.5,0.0
2022-01-11,398.0,0.0,6.5,88.6,0.0,17.3,0.0
2022-01-12,326.0,0.0,7.3,78.0,0.0,17.2,0.0
2022-01-13,285.0,0.0,9.2,72.0,0.0,17.0,0.0
2022-01-14,258.0,0.0,11.9,69.6,0.0,17.0,0.0
2022-01-15,237.0,0.0,8.5,68.5,0.0,17.1,0.0
2022-01-16,234.0,0.0,6.7,68.4,0.0,17.2,0.0
2022-01-17,239.0,0.0,9.3,68.3,0.0,17.2,0.0
2022-01-18,231.0,0.0,9.0,69.0,0.0,17.4,0.0
2022-01-19,220.0,0.0,7.8,68.6,0.1,17.4,0.0
2022-01-20,216.0,0.0,8.2,68.3,0.0,17.0,0.0
2022-01-21,213.0,0.0,8.2,68.0,0.0,17.3,0.0
2022-01-22,215.0,0.3,8.1,68.2,0.5,17.3,2.2
2022-01-23,212.0,0.0,8.6,68.4,0.0,17.2,3.7
2022-01-24,207.0,0.0,7.9,68.4,0.0,17.3,0.0
2022-01-25,206.0,0.8,7.7,68.4,0.8,17.4,0.7
2022-01-26,205.0,0.2,6.5,68.3,2.6,17.2,0.3
2022-01-27,202.0,0.0,5.9,68.2,0.0,17.1,0.0
2022-01-28,192.0,0.0,6.5,68.1,0.0,16.9,0.0
2022-01-29,196.0,0.0,8.2,68.4,0.0,17.0,0.0
2022-01-30,197.0,1.5,9.9,68.8,0.6,17.0,0.2
2022-01-31,194.0,0.0,8.5,68.8,0.0,17.1,0.0
2022-02-01,194.0,0.0,9.4,69.1,0.0,17.2,0.0
2022-02-02,194.0,0.0,6.5,68.7,0.0,17.1,0.0
2022-02-03,190.0,0.0,1.9,68.1,0.0,17.0,0.0
2022-02-04,189.0,0.0,3.5,67.9,0.0,17.0,0.0
2022-02-05,188.0,0.0,4.6,68.7,0.0,17.2,0.0
2022-02-06,188.0,0.0,7.5,69.1,0.0,17.3,0.0
2022-02-07,181.0,0.0,7.9,69.1,0.0,17.1,0.0
2022-02-08,177.0,0.0,9.0,69.4,0.0,16.7,0.0
2022-02-09,177.0,0.0,11.0,69.5,0.0,16.9,0.0
2022-02-10,175.0,0.0,12.7,69.7,0.0,17.1,0.0
2022-02-11,174.0,0.0,13.9,69.4,0.0,17.3,0.0
2022-02-12,174.0,0.0,13.7,69.4,0.0,17.3,0.0
2022-02-13,168.0,0.0,12.5,69.6,0.0,17.5,0.0
2022-02-14,170.0,0.0,13.4,69.8,0.0,17.6,0.0
2022-02-15,169.0,0.0,11.7,70.1,0.0,17.8,0.0
2022-02-16,168.0,2.7,9.1,70.7,3.8,17.6,5.8
2022-02-17,173.0,7.7,6.4,70.6,9.2,17.3,7.2
2022-02-18,174.0,0.0,7.7,70.4,0.0,17.4,0.0
2022-02-19,179.0,0.0,10.1,70.8,0.0,17.8,0.0
2022-02-20,180.0,0.0,12.6,71.2,0.0,17.8,0.0
2022-02-21,177.0,0.0,10.4,71.4,1.0,18.0,0.5
2022-02-22,160.0,0.1,9.0,71.6,0.3,17.7,0.2
2022-02-23,183.0,8.4,5.4,73.6,8.5,19.2,8.4
2022-02-24,197.0,0.1,1.2,73.6,1.4,18.1,1.0
2022-02-25,198.0,0.0,3.4,72.6,0.0,17.9,0.0
2022-02-26,179.0,0.0,5.5,72.1,0.0,17.8,0.0
2022-02-27,185.0,0.0,5.7,72.2,0.0,17.8,0.0
2022-02-28,179.0,0.0,10.5,72.2,0.0,18.1,0.0
2022-03-01,162.0,0.0,12.5,72.0,0.0,18.1,0.0
2022-03-02,163.0,0.0,13.6,71.9,0.0,18.3,0.0
2022-03-03,227.0,0.0,16.7,71.7,0.0,18.5,0.0
2022-03-04,483.0,0.4,13.6,71.7,0.1,18.6,1.4
2022-03-05,624.0,4.6,8.2,72.0,8.4,18.6,6.6
2022-03-06,515.0,0.5,5.6,72.0,1.1,18.7,2.2
2022-03-07,450.0,2.3,6.6,71.9,2.4,18.5,0.3
2022-03-08,394.0,0.1,4.9,72.0,0.2,18.5,0.4
2022-03-09,325.0,0.0,7.6,72.0,0.0,18.4,0.0
2022-03-10,295.0,1.2,8.4,72.5,3.5,18.1,8.6
2022-03-11,283.0,2.4,6.0,72.2,3.5,18.1,0.7
2022-03-12,275.0,0.0,7.5,71.7,0.0,18.1,0.0
2022-03-13,248.0,0.0,11.8,71.4,0.0,18.2,0.0
2022-03-14,242.0,0.0,11.1,71.0,0.0,18.2,0.0
2022-03-15,258.0,0.0,13.1,70.9,0.0,18.5,0.0
2022-03-16,273.0,1.0,15.4,71.2,0.7,18.3,0.0
2022-03-17,349.0,0.0,11.6,71.2,0.5,18.3,0.0
2022-03-18,400.0,0.0,13.4,71.1,0.0,18.3,0.0
2022-03-19,361.0,0.0,14.0,71.1,0.0,18.3,0.0
2022-03-20,335.0,3.8,12.9,72.2,3.1,18.5,2.7
2022-03-21,309.0,1.1,10.0,71.9,0.1,18.7,0.2
2022-03-22,271.0,0.0,12.9,71.5,0.0,19.0,0.0
2022-03-23,247.0,0.0,13.0,71.2,0.0,19.3,0.0
2022-03-24,225.0,0.0,15.7,71.3,0.0,19.4,0.0
2022-03-25,205.0,0.0,19.5,71.4,0.0,19.4,0.0
2022-03-26,201.0,0.0,20.6,71.6,0.0,19.5,0.0
2022-03-27,210.0,0.0,20.1,71.8,0.0,19.5,0.0
2022-03-28,212.0,0.1,17.5,72.3,0.0,19.5,0.5
2022-03-29,226.0,8.4,11.2,75.9,21.3,21.3,16.5
2022-03-30,545.0,0.7,11.1,76.1,0.2,20.1,0.2
2022-03-31,843.0,0.1,14.3,74.7,0.3,20.0,0.0
2022-04-01,594.0,0.0,15.4,74.0,0.0,20.2,0.0
2022-04-02,376.0,0.0,17.5,73.7,0.0,20.4,0.0
2022-04-03,276.0,0.0,17.3,73.8,0.0,20.1,0.0
2022-04-04,231.0,0.0,17.9,73.9,0.0,20.2,0.0
2022-04-05,195.0,0.0,19.3,73.3,0.0,20.4,0.0
2022-04-06,172.0,0.0,19.6,73.0,0.0,20.0,0.0
2022-04-07,154.0,0.0,18.8,72.7,0.0,20.3,0.0
2022-04-08,145.0,0.0,19.9,73.0,0.0,20.2,0.0
2022-04-09,142.0,0.0,21.6,73.0,0.0,19.9,0.0
2022-04-10,138.0,0.0,19.8,72.8,1.0,20.0,0.0
2022-04-11,137.0,0.0,17.4,72.5,0.1,19.8,0.0
2022-04-12,137.0,0.1,15.8,72.2,1.1,19.6,0.0
2022-04-13,127.0,0.0,10.4,71.8,0.0,19.8,0.0
2022-04-14,123.0,0.0,13.7,71.6,0.0,20.4,0.0
2022-04-15,109.0,0.0,15.9,71.3,0.0,20.6,0.0
2022-04-16,104.0,0.0,17.7,70.7,0.0,20.5,0.0
2022-04-17,100.0,0.0,18.8,70.2,0.0,20.7,0.0
2022-04-18,104.0,0.0,21.4,69.7,0.0,20.8,0.0
2022-04-19,99.7,0.0,22.0,69.6,0.0,20.6,0.0
2022-04-20,93.8,0.0,21.1,68.9,0.0,20.7,0.0
2022-04-21,91.1,0.0,19.9,68.7,0.0,20.4,0.0
2022-04-22,87.5,0.0,18.3,68.6,1.4,20.2,1.1
2022-04-23,88.4,0.0,14.5,68.5,0.0,20.3,0.0
2022-04-24,85.5,0.0,16.2,68.1,0.0,20.2,0.0
2022-04-25,85.2,0.0,18.3,67.9,0.0,19.9,0.0
2022-04-26,86.0,0.0,21.5,67.9,0.0,19.6,0.0
2022-04-27,84.6,0.0,21.4,67.4,0.0,19.4,0.0
2022-04-28,88.0,0.0,19.8,67.0,0.0,19.1,0.0
2022-04-29,83.9,0.0,19.3,67.0,0.0,18.9,0.0
2022-04-30,82.3,0.0,21.3,66.6,0.0,18.5,0.0
2022-05-01,85.6,0.0,21.1,66.1,0.0,18.0,0.0
2022-05-02,79.0,0.0,20.5,66.0,0.0,17.6,0.0
2022-05-03,77.6,0.0,20.9,65.9,0.0,17.6,0.0
2022-05-04,75.3,0.0,19.6,65.6,0.0,17.2,0.0
2022-05-05,75.9,0.0,21.6,65.4,0.0,16.9,0.0
2022-05-06,67.7,0.0,23.4,65.1,0.0,16.5,0.0
2022-05-07,62.6,0.0,24.2,64.6,0.0,16.3,0.0
2022-05-08,65.1,0.0,23.4,64.4,0.0,16.3,0.0
2022-05-09,67.4,0.0,20.9,64.1,0.0,16.1,0.0
2022-05-10,72.3,0.0,19.5,64.0,0.0,16.3,0.0
2022-05-11,70.8,0.0,19.6,63.9,0.0,16.0,0.0
2022-05-12,71.3,0.0,16.7,64.0,0.0,16.2,0.0
2022-05-13,67.7,0.0,20.9,64.2,0.0,16.1,0.0
2022-05-14,64.1,0.0,24.7,64.0,0.0,16.1,0.0
2022-05-15,56.5,0.0,27.2,63.5,0.0,16.1,0.0
2022-05-16,55.9,0.0,26.8,63.0,0.0,15.9,0.0
2022-05-17,52.7,0.0,25.7,62.8,0.0,15.5,0.0
2022-05-18,54.0,0.0,25.4,62.7,0.0,15.9,0.0
2022-05-19,55.8,0.0,25.5,62.5,0.0,15.8,0.0
2022-05-20,53.1,0.0,24.1,62.2,0.0,15.6,0.0
2022-05-21,53.2,0.0,22.9,62.2,0.0,15.7,0.0
2022-05-22,47.5,0.0,22.8,62.3,0.0,15.8,0.0
2022-05-23,49.2,0.0,23.6,62.1,0.0,15.5,0.0
2022-05-24,50.2,0.0,23.5,61.5,0.0,15.4,0.0
2022-05-25,49.5,0.0,25.7,61.3,0.0,15.5,0.0
2022-05-26,54.8,0.0,27.6,60.8,0.0,15.3,0.0
2022-05-27,51.7,0.0,27.6,60.3,0.0,15.1,0.0
2022-05-28,44.7,0.0,26.1,60.1,0.0,15.0,0.0
2022-05-29,39.9,0.0,24.3,60.3,0.0,15.0,0.0
2022-05-30,45.4,0.0,22.4,60.2,0.0,15.1,0.0
2022-05-31,48.1,0.0,22.1,60.3,0.0,15.1,0.0
2022-06-01,46.8,0.0,23.9,59.9,0.0,15.2,0.0
2022-06-02,44.4,0.0,25.6,59.5,0.0,15.4,0.0
2022-06-03,42.8,0.0,25.8,59.3,0.0,15.5,0.0
2022-06-04,44.1,0.0,25.6,59.2,0.0,15.6,0.0
2022-06-05,43.9,0.0,26.1,59.1,0.0,15.7,0.0
2022-06-06,42.1,0.0,27.4,58.9,0.0,15.6,0.0
2022-06-07,45.4,0.0,28.4,58.4,0.0,15.3,0.0
2022-06-08,45.2,0.0,30.1,58.1,0.0,15.3,0.0
2022-06-09,42.0,0.0,30.8,57.6,0.0,15.0,0.0
2022-06-10,39.5,0.0,31.5,57.3,0.3,14.9,0.0
2022-06-11,39.4,0.0,31.4,57.1,0.0,14.9,0.0
2022-06-12,38.2,0.0,31.7,56.3,0.0,14.6,0.0
2022-06-13,37.2,0.0,30.2,56.0,0.0,14.7,0.0
2022-06-14,36.5,0.0,27.7,56.1,0.0,15.2,0.0
2022-06-15,35.6,0.0,27.9,56.3,0.0,15.6,0.0
2022-06-16,36.6,0.0,30.5,56.3,0.0,15.4,0.0
2022-06-17,35.2,0.0,31.4,55.7,0.0,14.8,0.0
2022-06-18,35.9,0.3,29.0,55.6,0.0,14.9,0.1
2022-06-19,37.4,0.1,25.3,56.6,0.2,15.1,0.0
2022-06-20,37.8,0.0,24.8,56.4,0.0,15.0,0.0
2022-06-21,39.3,0.0,27.5,56.4,0.0,15.0,0.0
2022-06-22,38.0,0.0,29.7,56.7,0.0,15.2,0.0
2022-06-23,39.2,0.2,28.2,57.5,0.2,15.3,0.0
2022-06-24,39.2,0.1,27.4,59.1,1.7,15.5,0.1
2022-06-25,50.0,0.5,27.9,61.6,0.2,15.9,0.0
2022-06-26,56.2,0.1,27.4,59.6,0.0,15.7,0.4
2022-06-27,63.7,0.0,26.2,59.4,0.0,15.4,0.1
2022-06-28,65.1,0.0,28.7,58.3,0.0,14.9,0.2
2022-06-29,60.5,0.1,30.5,58.6,0.0,14.9,0.0
2022-06-30,56.4,1.3,28.7,59.3,2.1,15.0,1.5
2022-07-01,77.5,0.8,27.1,58.4,4.8,14.3,0.0
2022-07-02,75.3,0.0,28.6,58.3,0.1,14.2,0.2
2022-07-03,67.5,0.0,29.2,56.9,0.2,13.9,0.0
2022-07-04,60.5,0.0,28.3,56.1,0.0,13.8,0.0
2022-07-05,52.0,0.0,28.9,55.5,0.0,13.8,0.0
2022-07-06,45.0,0.0,28.1,55.1,0.0,13.7,0.0
2022-07-07,43.6,0.0,28.5,54.8,0.0,13.6,0.0
2022-07-08,39.2,0.0,30.8,54.7,0.0,13.6,0.0
2022-07-09,39.1,0.0,32.7,54.8,0.0,13.4,0.0
2022-07-10,39.1,0.1,32.7,54.3,0.0,13.6,0.0
2022-07-11,38.0,0.0,32.6,54.3,0.0,13.7,0.0
2022-07-12,39.1,0.0,32.3,55.8,0.0,13.8,0.0
2022-07-13,38.8,5.5,28.4,57.8,0.0,14.4,0.7
2022-07-14,73.9,0.2,30.6,58.4,0.4,14.8,0.4
2022-07-15,88.6,0.1,30.4,59.1,0.7,14.8,0.0
2022-07-16,76.2,0.0,31.8,58.4,0.0,14.0,0.0
2022-07-17,74.0,0.3,32.4,57.5,0.0,14.0,0.0
2022-07-18,76.8,0.0,31.5,75.0,0.3,14.3,0.1
2022-07-19,72.0,0.0,31.6,68.6,0.0,13.9,0.0
2022-07-20,67.6,1.0,31.2,59.7,0.0,13.6,0.0
2022-07-21,66.9,0.0,31.2,57.8,0.3,13.4,0.0
2022-07-22,61.2,0.0,33.0,56.7,0.1,13.1,0.0
2022-07-23,58.8,0.0,31.8,56.2,4.7,12.9,4.7
2022-07-24,55.0,0.3,30.3,56.2,0.4,13.2,0.2
2022-07-25,66.5,13.1,25.2,57.1,13.0,13.6,12.9
2022-07-26,126.0,4.8,25.7,61.8,1.5,14.2,2.2
2022-07-27,101.0,8.1,25.0,62.1,1.9,15.4,1.9
2022-07-28,152.0,7.8,24.1,92.5,4.4,14.7,2.3
2022-07-29,361.0,1.4,24.5,116.0,13.0,14.5,3.6
2022-07-30,239.0,4.0,24.8,148.0,10.7,15.0,16.8
2022-07-31,198.0,3.2,25.7,105.0,3.7,16.5,0.8
2022-08-01,174.0,0.1,27.6,95.2,0.4,15.6,0.2
2022-08-02,146.0,0.0,28.9,73.8,0.0,14.3,0.0
2022-08-03,126.0,0.0,29.1,67.6,0.0,14.4,0.0
2022-08-04,107.0,0.7,28.2,66.0,0.1,14.9,0.1
2022-08-05,101.0,0.0,27.5,65.0,0.2,14.4,0.0
2022-08-06,90.5,0.0,29.2,62.7,0.0,13.9,0.0
2022-08-07,80.5,0.6,29.3,97.1,1.1,13.9,0.5
2022-08-08,85.8,1.0,27.5,207.0,0.7,15.0,1.6
2022-08-09,134.0,1.2,27.4,86.7,0.6,36.0,1.4
2022-08-10,142.0,6.3,26.4,260.0,11.5,19.2,5.1
2022-08-11,136.0,0.1,27.4,359.0,0.3,77.3,0.2
2022-08-12,281.0,3.3,26.9,187.0,4.1,30.4,0.3
2022-08-13,234.0,0.2,26.2,134.0,2.6,22.0,0.3
2022-08-14,181.0,9.0,25.6,177.0,7.5,22.6,7.4
2022-08-15,224.0,6.2,25.2,162.0,5.4,20.7,1.4
2022-08-16,215.0,0.5,26.6,116.0,0.5,19.2,1.1
2022-08-17,209.0,0.0,28.0,78.6,0.6,18.8,0.0
2022-08-18,236.0,0.3,27.9,89.6,0.6,18.6,0.0
2022-08-19,645.0,0.9,26.2,85.7,0.3,18.6,0.6
2022-08-20,579.0,0.0,25.5,70.7,0.2,18.2,0.3
2022-08-21,417.0,1.7,25.3,80.5,0.7,17.9,4.0
2022-08-22,372.0,0.1,25.2,77.8,0.0,18.0,0.0
2022-08-23,295.0,0.0,26.5,68.9,0.0,329.0,0.0
2022-08-24,308.0,0.5,26.6,143.0,0.5,72.0,5.1
2022-08-25,395.0,7.5,24.7,127.0,15.4,94.2,4.3
2022-08-26,357.0,0.5,25.8,176.0,2.8,46.5,2.7
2022-08-27,276.0,1.0,25.8,125.0,0.0,31.8,0.1
2022-08-28,253.0,6.0,25.4,87.5,1.7,36.8,1.2
2022-08-29,202.0,0.1,27.4,85.9,0.0,25.5,0.1
2022-08-30,165.0,0.0,29.5,76.1,0.0,20.2,0.0
2022-08-31,140.0,0.0,30.6,70.3,0.0,17.9,0.0
2022-09-01,119.0,0.0,30.0,66.9,0.0,17.1,0.0
2022-09-02,102.0,0.0,30.6,65.1,0.0,17.1,0.0
2022-09-03,86.8,0.0,29.4,63.4,0.0,17.2,0.0
2022-09-04,85.0,0.0,29.1,62.5,0.0,17.6,0.0
2022-09-05,73.9,0.0,30.5,61.8,0.0,18.2,0.0
2022-09-06,67.2,0.0,29.7,61.0,0.0,18.2,0.0
2022-09-07,63.3,0.0,30.0,60.8,0.0,18.0,0.0
2022-09-08,57.4,0.0,29.2,60.5,0.0,17.9,0.0
2022-09-09,55.4,0.0,28.1,63.4,0.0,18.3,0.0
2022-09-10,67.9,3.6,25.5,63.4,2.5,19.4,1.1
2022-09-11,79.0,0.0,26.0,79.5,0.5,33.0,0.0
2022-09-12,86.8,1.3,26.6,76.5,0.5,22.0,0.8
2022-09-13,120.0,0.3,22.8,71.7,1.5,151.0,0.6
2022-09-14,223.0,0.0,22.5,156.0,2.2,133.0,0.1
2022-09-15,190.0,0.0,23.7,119.0,0.0,31.5,0.0
2022-09-16,181.0,0.0,24.3,84.5,0.0,23.3,0.0
2022-09-17,146.0,0.0,24.0,74.0,0.0,20.7,0.0
2022-09-18,127.0,0.0,24.3,69.2,0.0,19.6,0.0
2022-09-19,114.0,0.0,25.4,66.8,0.0,18.9,0.0
2022-09-20,103.0,15.5,24.2,66.9,4.1,18.8,5.1
2022-09-21,111.0,5.5,22.8,100.0,21.3,24.7,2.9
2022-09-22,147.0,6.7,21.9,85.4,6.8,24.5,10.4
2022-09-23,190.0,5.0,22.5,77.6,0.4,20.2,1.0
2022-09-24,166.0,0.0,23.9,70.5,0.0,19.4,0.0
2022-09-25,196.0,0.0,23.8,67.9,0.0,18.9,0.0
2022-09-26,143.0,0.0,23.6,67.0,0.0,18.7,0.0
2022-09-27,128.0,0.0,24.2,66.2,0.0,18.5,0.0
2022-09-28,121.0,0.0,24.3,65.8,0.0,18.3,0.0
2022-09-29,117.0,0.0,23.8,65.7,0.0,18.3,0.0
2022-09-30,107.0,0.0,23.0,65.5,0.0,17.9,0.0
2022-10-01,107.0,1.0,22.4,65.6,0.3,18.4,0.0
2022-10-02,107.0,0.5,22.4,65.8,0.0,23.8,1.0
2022-10-03,141.0,1.2,22.1,147.0,2.0,22.3,0.5
2022-10-04,1030.0,0.2,18.8,102.0,0.0,40.9,0.8
2022-10-05,392.0,0.0,21.4,80.6,0.0,26.2,0.1
2022-10-06,233.0,0.4,20.3,78.6,0.6,21.4,0.3
2022-10-07,202.0,0.1,19.4,80.4,0.1,20.1,0.8
2022-10-08,193.0,0.0,19.4,70.8,0.1,19.4,0.1
2022-10-09,176.0,0.0,19.0,68.9,0.0,19.0,0.0
2022-10-10,167.0,0.0,19.5,68.4,0.0,18.9,0.0
2022-10-11,161.0,0.0,19.5,68.4,0.0,18.5,0.1
2022-10-12,160.0,0.0,20.6,67.5,0.0,18.2,0.0
2022-10-13,146.0,0.0,21.8,67.0,0.0,18.1,0.0
2022-10-14,145.0,0.0,21.7,66.7,0.0,18.0,0.0
2022-10-15,141.0,5.3,20.2,67.6,0.5,18.5,0.0
2022-10-16,157.0,14.1,17.1,71.3,8.6,19.9,10.0
2022-10-17,171.0,0.0,16.4,69.2,0.0,18.8,0.0
2022-10-18,172.0,0.0,16.5,68.1,0.0,18.5,0.0
2022-10-19,162.0,0.0,17.5,67.6,0.0,18.4,0.0
2022-10-20,152.0,0.0,18.0,67.5,0.0,18.5,0.0
2022-10-21,151.0,0.0,18.6,67.5,0.0,18.4,0.0
2022-10-22,146.0,0.1,17.3,67.5,0.3,18.3,0.0
2022-10-23,143.0,1.9,16.3,67.6,0.3,18.3,1.1
2022-10-24,138.0,0.0,10.6,67.3,0.0,18.2,0.0
2022-10-25,135.0,0.0,11.2,67.3,0.0,18.5,0.0
2022-10-26,135.0,0.0,12.8,67.4,0.0,18.6,0.0
2022-10-27,134.0,0.0,12.3,67.3,0.0,18.5,0.0
2022-10-28,131.0,0.0,11.7,67.1,0.0,18.6,0.0
2022-10-29,143.0,0.0,13.6,67.6,0.0,18.9,0.0
2022-10-30,145.0,0.0,14.6,67.8,0.0,18.5,0.0
2022-10-31,146.0,0.0,14.5,67.8,0.0,18.5,0.0
2022-11-01,145.0,0.0,15.6,67.9,0.0,18.4,0.0
2022-11-02,141.0,0.0,13.7,67.9,0.1,18.1,0.0
2022-11-03,146.0,3.0,10.1,68.4,6.6,18.3,8.8
2022-11-04,154.0,1.6,4.4,68.3,3.9,18.4,2.1
2022-11-05,154.0,0.0,7.4,68.4,0.0,18.5,0.0
2022-11-06,156.0,0.0,10.8,68.4,0.0,18.7,0.0
2022-11-07,156.0,0.0,13.1,68.3,0.0,18.6,0.0
2022-11-08,155.0,0.0,12.3,68.2,0.0,18.5,0.0
2022-11-09,159.0,4.7,11.1,68.8,4.2,18.7,10.4
2022-11-10,159.0,0.4,7.0,69.0,0.0,18.6,0.1
2022-11-11,182.0,0.0,7.0,68.5,0.0,18.7,0.0
2022-11-12,185.0,0.0,7.8,68.7,0.0,18.7,0.0
2022-11-13,177.0,0.0,8.4,69.0,0.0,18.8,0.0
2022-11-14,170.0,0.0,5.8,69.3,0.2,18.7,0.2
2022-11-15,171.0,0.0,7.0,69.2,0.0,18.5,0.0
2022-11-16,170.0,0.0,6.4,68.9,0.0,18.6,0.0
2022-11-17,166.0,0.0,6.2,69.3,0.0,18.6,0.0
2022-11-18,163.0,0.0,8.6,69.6,0.0,18.8,0.0
2022-11-19,153.0,0.0,9.6,69.6,0.0,18.8,0.0
2022-11-20,157.0,0.0,8.6,69.4,0.0,18.6,0.0
2022-11-21,164.0,0.0,7.3,69.5,0.0,18.5,0.0
2022-11-22,160.0,0.0,9.5,69.5,0.0,18.6,0.0
2022-11-23,163.0,0.0,9.2,69.4,0.0,18.6,0.0
2022-11-24,170.0,0.0,7.8,69.4,0.0,18.7,0.0
2022-11-25,168.0,0.0,8.1,69.3,0.0,18.6,0.0
2022-11-26,171.0,0.0,9.4,69.6,0.0,19.0,0.0
2022-11-27,173.0,0.0,7.6,69.9,0.0,19.2,0.0
2022-11-28,173.0,0.0,7.8,70.1,0.0,19.1,0.0
2022-11-29,165.0,0.0,7.1,70.0,0.0,19.0,0.0
2022-11-30,186.0,0.0,8.1,70.0,0.0,18.8,0.0
2022-12-01,176.0,0.0,9.2,70.1,0.0,19.0,0.0
2022-12-02,182.0,0.0,11.1,70.6,0.0,18.5,0.0
2022-12-03,180.0,1.8,10.4,70.8,0.4,18.7,0.7
2022-12-04,189.0,4.1,11.7,71.2,3.3,19.0,1.5
2022-12-05,191.0,0.2,11.6,72.7,1.8,19.1,1.1
2022-12-06,191.0,1.6,10.5,72.5,0.8,19.2,0.5
2022-12-07,190.0,2.9,9.0,72.7,3.0,19.3,8.7
2022-12-08,191.0,0.1,6.2,72.4,0.9,19.5,0.2
2022-12-09,192.0,0.0,6.8,72.4,0.0,19.5,0.0
2022-12-10,192.0,0.0,7.5,72.4,0.0,19.5,0.0
2022-12-11,193.0,0.0,7.1,72.6,0.0,19.5,0.0
2022-12-12,204.0,6.3,7.0,73.7,7.1,20.1,9.3
2022-12-13,213.0,2.3,2.4,72.7,2.9,20.0,0.5
2022-12-14,212.0,0.1,0.5,72.7,0.0,20.0,0.0
2022-12-15,208.0,0.0,2.1,72.7,0.0,20.1,0.0
2022-12-16,206.0,0.0,2.6,72.7,0.0,20.2,0.0
2022-12-17,205.0,0.0,1.0,72.6,0.0,20.0,0.0
2022-12-18,206.0,0.0,4.2,72.7,0.0,20.1,0.0
2022-12-19,206.0,0.0,4.8,72.7,0.0,20.2,0.0
2022-12-20,206.0,0.0,5.7,72.7,0.0,20.2,0.0
2022-12-21,204.0,0.0,6.1,72.7,0.0,20.3,0.0
2022-12-22,206.0,0.0,5.6,72.7,0.0,20.4,0.0
2022-12-23,206.0,1.2,7.7,72.7,0.3,20.5,0.0
2022-12-24,205.0,0.0,9.9,72.7,0.0,20.6,0.0
2022-12-25,204.0,0.0,9.5,72.7,0.0,20.8,0.0
2022-12-26,203.0,0.0,10.9,72.7,0.0,20.8,0.0
2022-12-27,205.0,0.0,12.3,72.7,0.0,20.9,0.0
2022-12-28,224.0,14.6,9.8,80.5,16.8,23.2,18.7
2022-12-29,515.0,2.3,7.3,76.6,10.2,22.1,10.3
2022-12-30,707.0,0.7,8.4,75.8,4.0,22.2,2.9
2022-12-31,1190.0,0.1,9.6,74.5,0.2,21.6,0.9
2023-01-01,2300.0,26.6,9.0,75.6,23.8,23.0,23.2
2023-01-02,5440.0,4.0,5.4,106.0,5.1,23.6,7.6
2023-01-03,2230.0,2.4,4.2,188.0,9.7,22.7,5.1
2023-01-04,1270.0,0.1,4.7,141.0,0.0,22.2,0.0
2023-01-05,1010.0,0.0,6.7,115.0,0.0,22.0,0.0
2023-01-06,974.0,0.1,7.2,99.2,0.2,22.0,0.8
2023-01-07,968.0,0.0,6.0,110.0,0.0,22.0,0.0
2023-01-08,738.0,0.0,9.2,110.0,0.0,22.0,0.0
2023-01-09,669.0,0.0,9.3,100.0,0.0,22.2,0.0
2023-01-10,574.0,0.0,9.1,91.4,0.0,22.1,0.0
2023-01-11,546.0,2.9,8.6,85.8,7.8,22.6,7.3
2023-01-12,651.0,0.0,7.5,101.0,0.0,22.4,0.0
2023-01-13,531.0,0.0,8.2,114.0,0.0,22.4,0.0
2023-01-14,451.0,0.0,10.3,97.2,0.0,22.7,0.0
2023-01-15,439.0,21.6,7.8,228.0,18.9,28.8,17.1
2023-01-16,1000.0,8.0,6.4,548.0,11.5,369.0,11.3
2023-01-17,5140.0,5.2,6.2,1560.0,13.4,1780.0,19.2
2023-01-18,4040.0,4.3,1.8,1280.0,4.1,686.0,1.3
2023-01-19,2460.0,0.0,1.3,427.0,0.0,113.0,0.0
2023-01-20,1330.0,3.0,3.2,252.0,2.4,51.7,5.2
2023-01-21,910.0,0.0,0.6,187.0,0.0,29.6,0.0
2023-01-22,658.0,0.0,1.8,140.0,0.3,22.4,0.0
2023-01-23,559.0,3.8,2.5,125.0,3.9,19.7,4.3
2023-01-24,488.0,0.1,2.6,112.0,0.0,18.3,0.0
2023-01-25,418.0,0.0,2.4,101.0,0.0,17.4,0.0
2023-01-26,368.0,0.0,2.6,92.4,0.0,16.6,0.0
2023-01-27,336.0,0.0,2.1,87.1,0.0,16.6,0.0
2023-01-28,311.0,0.0,4.1,83.9,0.0,16.5,0.0
2023-01-29,290.0,0.0,4.8,81.6,0.0,16.3,0.0
2023-01-30,280.0,1.5,4.8,80.4,0.5,16.2,2.5
2023-01-31,275.0,0.1,4.6,80.3,0.6,16.2,0.8
2023-02-01,269.0,0.0,4.8,78.9,0.0,16.0,0.0
2023-02-02,260.0,0.0,4.5,78.6,0.0,16.1,0.0
2023-02-03,260.0,0.0,7.4,79.5,0.0,16.1,0.0
2023-02-04,285.0,0.0,10.4,84.2,0.1,16.1,0.0
2023-02-05,479.0,0.0,11.3,106.0,0.0,16.1,0.0
2023-02-06,848.0,0.0,6.8,180.0,0.2,16.1,0.2
2023-02-07,842.0,0.0,5.2,227.0,0.1,16.2,0.0
2023-02-08,693.0,0.0,5.6,182.0,0.0,16.1,0.0
2023-02-09,607.0,0.0,6.6,161.0,0.0,16.1,0.0
2023-02-10,543.0,0.0,4.8,151.0,0.0,16.4,0.0
2023-02-11,455.0,0.0,8.0,126.0,0.0,16.7,0.0
2023-02-12,401.0,0.0,8.6,124.0,0.0,16.9,0.0
2023-02-13,414.0,0.5,7.7,121.0,0.7,17.3,1.3
2023-02-14,493.0,4.3,4.3,137.0,5.9,17.9,4.3
2023-02-15,464.0,8.3,0.9,132.0,7.1,18.3,6.7
2023-02-16,387.0,0.0,-0.0,101.0,0.0,17.7,0.0
2023-02-17,329.0,0.0,2.6,89.1,0.0,17.8,0.0
2023-02-18,298.0,0.0,6.6,85.4,0.0,17.9,0.0
2023-02-19,274.0,0.0,9.0,82.0,1.2,18.0,0.0
2023-02-20,530.0,0.0,9.8,86.2,0.0,18.2,0.0
2023-02-21,950.0,0.4,10.1,177.0,0.1,18.5,0.0
2023-02-22,1690.0,7.8,6.8,536.0,5.4,18.8,7.2
2023-02-23,1950.0,0.0,2.5,403.0,0.4,19.0,0.0
2023-02-24,1260.0,1.9,5.5,252.0,5.7,19.6,6.9
2023-02-25,1280.0,0.0,8.6,187.0,0.0,19.3,0.0
2023-02-26,1710.0,10.0,7.1,263.0,10.3,19.9,13.5
2023-02-27,1150.0,0.0,3.6,253.0,0.0,19.8,0.0
2023-02-28,1160.0,0.0,4.8,205.0,1.8,50.5,0.3
2023-03-01,1060.0,4.9,5.2,208.0,6.5,58.9,3.5
2023-03-02,889.0,22.8,1.3,203.0,25.5,61.7,25.5
2023-03-03,752.0,0.0,-0.1,215.0,0.0,44.2,0.0
2023-03-04,1070.0,0.0,4.7,364.0,0.0,139.0,0.0
2023-03-05,1850.0,0.0,7.3,577.0,0.0,278.0,0.0
2023-03-06,2280.0,0.0,9.6,592.0,0.0,283.0,0.0
2023-03-07,2340.0,0.0,10.8,568.0,0.0,274.0,0.0
2023-03-08,2210.0,0.0,9.5,604.0,0.0,212.0,0.0
2023-03-09,2180.0,0.0,9.7,598.0,0.0,137.0,0.0
2023-03-10,1980.0,0.0,11.5,573.0,0.0,98.2,0.0
2023-03-11,2500.0,2.4,13.2,1260.0,3.6,79.6,5.0
2023-03-12,5580.0,0.1,12.0,2800.0,2.8,237.0,0.4
2023-03-13,7340.0,0.0,12.8,2980.0,0.7,508.0,0.0
2023-03-14,6400.0,0.0,12.5,2430.0,0.0,249.0,0.0
2023-03-15,6660.0,7.1,12.4,8670.0,11.6,119.0,7.0
2023-03-16,26200.0,15.4,9.9,11600.0,17.5,897.0,26.2
2023-03-17,12600.0,2.3,9.1,6010.0,0.6,2240.0,0.3
2023-03-18,7430.0,0.0,9.0,3280.0,0.0,727.0,0.0
2023-03-19,4960.0,0.0,9.7,2000.0,0.0,146.0,0.0
2023-03-20,3600.0,1.5,10.4,1350.0,2.0,82.0,2.1
2023-03-21,8190.0,15.5,9.2,3850.0,22.8,66.2,19.2
2023-03-22,34600.0,11.4,9.1,15400.0,17.2,7530.0,16.9
2023-03-23,21100.0,1.6,6.3,9490.0,1.3,3580.0,0.2
2023-03-24,8330.0,5.9,6.7,3090.0,11.3,904.0,5.0
2023-03-25,4590.0,0.4,6.2,1480.0,0.0,431.0,0.1
2023-03-26,2960.0,0.2,6.6,914.0,0.5,179.0,0.0
2023-03-27,2130.0,0.0,6.3,633.0,0.0,98.4,0.0
2023-03-28,1630.0,0.0,9.7,545.0,0.0,73.9,0.0
2023-03-29,1590.0,0.0,12.0,732.0,0.0,51.9,0.0
2023-03-30,2220.0,0.3,10.3,1060.0,7.1,36.3,1.9
2023-03-31,2410.0,0.1,6.9,719.0,0.2,29.2,0.0
2023-04-01,1630.0,0.0,11.3,633.0,0.0,25.8,0.0
2023-04-02,1750.0,0.0,13.4,849.0,0.0,24.4,0.0
2023-04-03,2520.0,0.0,12.7,1110.0,0.0,23.5,0.0
2023-04-04,3170.0,0.0,7.0,1150.0,0.0,22.8,0.2
2023-04-05,2590.0,0.0,5.3,602.0,0.0,22.4,0.0
2023-04-06,1510.0,0.0,10.2,432.0,0.0,22.2,0.0
2023-04-07,1360.0,0.0,13.7,508.0,0.0,22.0,0.0
2023-04-08,1870.0,0.0,14.9,682.0,0.0,21.8,0.0
2023-04-09,2360.0,0.0,17.0,727.0,0.0,21.7,0.0
2023-04-10,2890.0,0.0,19.7,858.0,0.0,21.6,0.0
2023-04-11,3560.0,0.0,22.0,886.0,0.0,21.7,0.0
2023-04-12,3940.0,0.0,20.8,883.0,0.0,21.5,0.0
2023-04-13,3420.0,0.0,17.0,606.0,0.0,21.4,0.0
2023-04-14,2360.0,0.0,13.8,404.0,0.6,21.4,0.0
2023-04-15,1700.0,0.0,14.1,271.0,0.0,21.4,0.0
2023-04-16,1360.0,0.0,17.3,188.0,0.0,21.4,0.0
2023-04-17,1230.0,0.0,18.6,145.0,0.0,21.4,0.0
2023-04-18,1130.0,0.0,17.7,121.0,0.0,21.6,0.0
2023-04-19,965.0,0.0,17.4,103.0,0.0,21.7,0.0
2023-04-20,775.0,0.0,14.5,90.9,0.0,21.7,0.0
2023-04-21,607.0,0.0,16.6,82.6,0.0,21.7,0.0
2023-04-22,488.0,0.0,19.1,78.7,0.0,21.7,0.0
2023-04-23,437.0,0.0,19.7,75.8,0.1,21.8,0.0
2023-04-24,388.0,0.0,19.9,73.8,1.7,22.0,1.1
2023-04-25,338.0,0.4,19.4,72.3,0.3,22.2,0.0
2023-04-26,304.0,0.0,17.7,71.7,0.0,22.4,0.0
2023-04-27,275.0,0.0,19.4,71.1,0.0,22.4,0.0
2023-04-28,239.0,0.0,20.6,70.8,0.0,22.4,0.0
2023-04-29,215.0,0.0,21.7,70.2,0.0,22.4,0.0
2023-04-30,197.0,0.0,23.6,69.5,0.0,22.5,0.0
2023-05-01,188.0,0.0,23.0,69.0,0.0,22.5,0.0
2023-05-02,168.0,0.0,20.0,68.3,0.0,22.5,0.0
2023-05-03,150.0,0.0,19.6,68.0,0.0,22.6,0.0
2023-05-04,149.0,0.1,17.6,67.8,0.0,22.8,0.2
2023-05-05,140.0,0.0,15.1,68.3,0.0,23.0,0.0
2023-05-06,134.0,0.0,16.1,68.0,0.0,23.0,0.0
2023-05-07,135.0,0.0,17.7,68.0,0.0,23.2,0.0
2023-05-08,133.0,0.0,19.5,68.1,0.0,23.4,0.0
2023-05-09,128.0,0.0,20.7,67.6,0.0,23.7,0.0
2023-05-10,127.0,0.4,17.7,67.5,0.3,23.7,0.1
2023-05-11,120.0,0.0,18.0,67.2,0.0,24.1,0.0
2023-05-12,115.0,0.0,21.2,67.0,0.0,24.3,0.0
2023-05-13,111.0,0.0,23.4,66.8,0.2,24.9,0.0
2023-05-14,108.0,0.0,23.3,66.5,0.0,25.5,0.0
2023-05-15,108.0,0.1,24.5,66.1,0.1,25.7,0.0
2023-05-16,112.0,0.1,23.4,66.5,0.3,26.5,0.4
2023-05-17,113.0,2.9,23.4,66.7,0.2,27.4,1.3
2023-05-18,106.0,3.6,23.3,67.0,2.6,27.2,0.4
2023-05-19,132.0,11.5,20.1,68.0,10.9,29.0,4.4
2023-05-20,209.0,0.9,20.5,76.6,4.1,67.1,0.1
2023-05-21,155.0,0.0,22.6,107.0,0.0,32.8,0.0
2023-05-22,161.0,0.0,23.5,80.7,0.3,28.2,0.0
2023-05-23,158.0,0.0,24.0,73.8,0.0,26.4,0.0
2023-05-24,136.0,0.0,23.0,70.1,0.0,25.3,0.0
2023-05-25,121.0,0.0,22.9,68.4,0.0,24.8,0.0
2023-05-26,104.0,0.0,22.3,67.4,0.0,24.4,0.0
2023-05-27,98.2,0.0,21.7,66.9,0.0,24.0,0.0
2023-05-28,97.1,0.0,22.8,66.6,0.0,23.7,0.0
2023-05-29,94.3,0.0,23.2,66.1,0.0,23.5,0.0
2023-05-30,94.1,0.0,23.3,65.8,0.0,23.2,0.0
2023-05-31,92.6,0.0,22.1,65.5,0.0,23.0,0.0
2023-06-01,90.2,0.0,20.6,65.8,0.2,22.8,0.0
2023-06-02,84.1,0.0,22.2,65.9,0.0,22.6,0.0
2023-06-03,84.4,0.0,23.9,65.8,0.5,22.3,0.0
2023-06-04,87.0,0.0,26.0,66.1,0.1,22.2,0.0
2023-06-05,86.5,0.0,26.3,66.1,0.0,21.9,0.0
2023-06-06,80.1,0.0,25.1,64.7,0.0,21.5,0.0
2023-06-07,78.0,0.0,22.7,63.9,0.0,21.4,0.0
2023-06-08,85.3,0.0,22.4,63.9,0.0,21.2,0.0
2023-06-09,79.2,0.0,23.1,63.9,0.0,21.1,0.0
2023-06-10,80.1,0.0,23.6,63.8,0.0,20.9,0.0
2023-06-11,77.6,0.0,23.8,63.4,0.0,20.7,0.0
2023-06-12,74.9,0.5,21.3,63.9,0.3,20.6,0.0
2023-06-13,73.3,0.0,22.0,63.8,0.0,20.5,0.0
2023-06-14,75.6,0.0,24.1,63.3,0.0,20.3,0.0
2023-06-15,71.2,0.0,24.6,62.5,0.0,20.0,0.0
2023-06-16,70.6,0.0,24.7,62.2,0.0,19.8,0.0
2023-06-17,69.4,0.0,25.5,61.7,0.0,19.6,0.0
2023-06-18,68.6,0.0,27.4,61.1,0.0,19.2,0.0
2023-06-19,68.3,0.0,26.3,60.4,0.0,18.9,0.0
2023-06-20,66.8,0.0,26.3,60.0,0.0,18.7,0.0
2023-06-21,65.4,0.0,26.6,59.7,0.0,18.6,0.0
2023-06-22,64.7,0.0,26.9,59.2,0.0,18.3,0.0
2023-06-23,62.9,0.0,25.4,58.8,0.0,18.2,0.0
2023-06-24,60.0,0.0,24.7,58.5,0.0,18.2,0.0
2023-06-25,58.7,0.0,26.9,58.5,0.0,18.0,0.0
2023-06-26,55.8,0.0,28.8,58.0,0.0,18.0,0.0
2023-06-27,53.9,0.0,28.4,57.7,0.0,17.8,0.0
2023-06-28,50.8,0.0,27.3,57.6,0.0,17.8,0.0
2023-06-29,47.6,0.0,26.9,56.9,0.0,17.8,0.0
2023-06-30,46.6,0.0,27.5,57.6,0.0,17.6,0.0
2023-07-01,43.4,0.0,30.4,57.3,0.0,17.5,0.0
2023-07-02,45.0,0.0,31.2,57.5,0.0,17.4,0.0
2023-07-03,41.9,0.0,32.4,56.8,0.0,17.0,0.0
2023-07-04,44.9,0.0,32.0,56.4,0.0,16.8,0.0
2023-07-05,44.8,0.0,30.3,55.1,0.0,16.8,0.0
2023-07-06,41.2,0.0,30.3,54.4,0.0,16.7,0.0
2023-07-07,39.6,0.0,30.4,53.8,0.0,16.6,0.0
2023-07-08,41.3,0.0,30.4,53.7,0.0,16.1,0.0
2023-07-09,42.7,0.0,30.8,56.4,0.0,16.3,0.0
2023-07-10,44.2,0.0,30.9,57.0,0.0,16.2,0.0
2023-07-11,41.9,4.2,31.2,58.3,0.3,16.4,0.6
2023-07-12,40.2,1.0,31.9,58.5,2.6,16.5,0.1
2023-07-13,38.8,0.0,32.5,57.5,0.0,16.2,0.0
2023-07-14,38.4,0.0,33.2,56.6,0.0,16.0,0.0
2023-07-15,36.0,0.0,34.2,55.9,0.0,15.6,0.0
2023-07-16,36.1,0.0,34.5,55.8,0.0,15.7,0.0
2023-07-17,35.1,0.0,34.2,56.1,0.0,15.6,0.0
2023-07-18,34.5,0.0,33.1,56.2,0.3,15.7,0.0
2023-07-19,34.5,0.0,33.9,55.7,0.0,15.6,0.0
2023-07-20,34.2,0.0,34.3,55.4,0.0,15.5,0.0
2023-07-21,35.3,0.0,34.4,55.2,0.0,15.5,0.0
2023-07-22,37.0,0.0,33.9,55.5,0.4,15.9,0.0
2023-07-23,35.4,1.0,32.2,88.3,0.0,17.6,0.0
2023-07-24,35.8,0.3,31.5,114.0,0.3,24.8,0.0
2023-07-25,38.6,0.0,32.9,86.9,0.0,18.9,0.0
2023-07-26,49.2,0.0,33.1,74.9,0.1,17.9,0.0
2023-07-27,56.2,0.0,31.9,70.7,0.0,17.2,0.0
2023-07-28,94.1,0.0,32.4,72.1,0.2,17.3,0.1
2023-07-29,63.8,1.4,32.1,70.4,0.6,17.3,1.5
2023-07-30,69.4,0.2,32.5,70.6,0.2,17.1,0.1
2023-07-31,70.9,1.0,29.6,73.3,0.2,17.9,0.0
2023-08-01,121.0,1.0,28.4,74.8,0.2,18.3,0.0
2023-08-02,114.0,0.1,29.2,73.3,3.5,18.0,0.3
2023-08-03,103.0,0.0,30.0,70.9,0.3,17.2,0.0
2023-08-04,97.7,0.0,30.5,69.0,0.0,16.9,0.0
2023-08-05,87.7,0.0,31.1,67.2,0.0,16.5,0.0
2023-08-06,75.8,0.0,31.7,66.1,0.0,16.3,0.0
2023-08-07,68.2,9.1,30.4,66.0,9.7,16.4,3.2
2023-08-08,60.2,9.9,29.5,65.9,5.8,16.3,1.5
2023-08-09,61.9,2.4,26.5,66.3,2.9,16.3,1.1
2023-08-10,101.0,4.1,26.3,66.9,3.2,16.2,0.4
2023-08-11,93.9,0.0,27.4,66.8,0.0,16.2,0.0
2023-08-12,90.2,0.9,27.5,68.3,1.0,16.5,0.0
2023-08-13,110.0,0.0,27.2,68.7,0.0,16.9,0.1
2023-08-14,99.3,0.0,27.7,67.4,0.0,16.9,0.0
2023-08-15,91.5,0.0,29.2,67.0,0.0,16.8,0.0
2023-08-16,89.6,0.7,28.7,68.3,0.0,17.5,0.0
2023-08-17,87.4,3.5,27.8,68.4,1.9,17.3,1.8
2023-08-18,110.0,3.7,28.0,70.9,4.0,17.5,1.5
2023-08-19,144.0,1.4,27.5,69.6,1.6,17.5,0.9
2023-08-20,126.0,6.8,27.0,69.7,7.1,17.6,5.4
2023-08-21,125.0,17.7,23.1,72.0,15.7,18.1,24.4
2023-08-22,130.0,1.3,24.8,72.0,1.6,18.2,0.4
2023-08-23,136.0,0.0,27.0,70.7,0.7,17.9,3.0
2023-08-24,129.0,0.7,26.1,70.0,3.9,17.5,0.5
2023-08-25,124.0,0.0,27.2,69.4,0.2,17.0,0.0
2023-08-26,118.0,0.0,28.7,67.9,0.0,16.5,0.0
2023-08-27,103.0,0.0,29.9,66.9,0.0,16.4,0.0
2023-08-28,89.2,0.0,30.7,66.1,0.0,16.2,0.0
2023-08-29,78.9,0.0,31.1,65.5,0.0,16.1,0.0
2023-08-30,71.7,0.0,31.1,64.9,0.0,16.1,0.0
2023-08-31,71.6,0.0,29.6,65.1,0.2,16.4,0.0
2023-09-01,71.4,1.7,26.4,67.4,3.6,17.8,2.6
2023-09-02,77.4,5.3,22.9,72.7,4.8,18.7,3.5
2023-09-03,180.0,0.2,24.3,74.2,0.1,18.2,0.3
2023-09-04,157.0,0.0,24.8,71.3,0.0,17.3,0.0
2023-09-05,133.0,0.0,24.9,69.0,0.0,17.0,0.0
2023-09-06,123.0,0.0,26.1,67.6,0.0,16.9,0.0
2023-09-07,105.0,0.0,26.3,67.0,0.0,16.7,0.0
2023-09-08,96.1,0.0,28.1,66.7,0.0,16.6,0.0
2023-09-09,90.8,0.0,29.4,66.8,0.1,16.6,0.0
2023-09-10,83.8,0.0,28.3,68.1,0.1,17.3,0.2
2023-09-11,82.7,0.0,26.4,68.9,0.4,17.6,0.3
2023-09-12,89.6,0.0,26.0,69.9,0.1,17.8,0.3
2023-09-13,96.0,4.8,22.3,71.0,1.0,18.9,0.2
2023-09-14,206.0,0.0,23.8,72.9,0.0,19.1,0.1
2023-09-15,155.0,0.0,23.7,71.7,0.0,32.7,0.0
2023-09-16,130.0,0.0,25.2,78.5,0.0,19.6,0.0
2023-09-17,116.0,0.0,25.5,77.9,0.0,15.0,0.0
2023-09-18,112.0,0.0,25.8,72.8,0.0,13.6,0.0
2023-09-19,97.6,0.0,23.1,70.2,0.0,13.3,0.0
2023-09-20,89.4,0.0,22.2,69.9,0.0,13.2,0.0
2023-09-21,87.8,0.0,21.2,69.2,0.0,13.0,0.0
2023-09-22,80.6,0.0,21.6,69.4,0.0,13.1,0.0
2023-09-23,85.5,1.1,22.2,70.6,0.0,13.7,1.0
2023-09-24,85.7,0.1,22.1,70.8,0.0,13.5,0.0
2023-09-25,87.9,0.0,24.5,70.0,0.0,13.3,0.0
2023-09-26,87.6,0.0,24.7,69.0,0.0,13.3,0.0
2023-09-27,85.0,0.0,25.5,68.5,0.0,13.4,0.0
2023-09-28,81.2,0.0,24.9,68.2,0.0,13.4,0.0
2023-09-29,72.6,0.0,23.8,68.1,0.0,13.4,0.0
2023-09-30,68.6,0.0,22.8,67.9,0.0,13.5,0.0
2023-10-01,68.2,0.6,19.8,68.4,0.0,13.9,1.2
2023-10-02,72.5,0.0,17.6,70.0,0.4,14.3,0.0
2023-10-03,76.0,0.0,17.5,70.7,0.5,14.6,0.0
2023-10-04,82.8,0.0,19.3,70.6,0.0,14.4,0.0
2023-10-05,86.9,0.0,21.5,70.3,0.0,14.3,0.0
2023-10-06,86.5,0.0,22.9,69.3,0.0,14.2,0.0
2023-10-07,88.3,0.0,24.3,68.9,0.0,14.5,0.0
2023-10-08,89.4,0.0,24.0,69.3,0.2,15.1,0.1
2023-10-09,87.3,0.0,22.0,69.9,0.0,15.9,0.0
2023-10-10,94.6,0.0,21.8,69.6,0.0,15.7,0.0
2023-10-11,91.3,0.0,21.1,68.5,0.0,15.6,0.0
2023-10-12,86.5,0.0,17.9,67.5,0.0,16.0,0.0
2023-10-13,84.9,0.0,17.4,67.8,0.0,16.2,0.0
2023-10-14,88.7,0.0,20.1,68.3,0.0,16.4,0.0
2023-10-15,94.7,0.0,21.2,68.1,0.0,16.5,0.0
2023-10-16,92.3,0.0,22.1,67.6,0.0,16.6,0.0
2023-10-17,90.9,0.0,24.0,67.3,0.0,16.9,0.0
2023-10-18,88.1,0.0,23.9,67.1,0.0,15.7,0.0
2023-10-19,89.5,0.0,24.4,67.1,0.0,15.1,0.0
2023-10-20,89.0,0.0,24.8,66.4,0.0,16.1,0.0
2023-10-21,88.3,0.0,23.4,65.8,0.0,16.3,0.0
2023-10-22,88.0,0.0,21.8,65.6,0.0,16.5,0.0
2023-10-23,82.9,0.0,20.3,65.6,0.0,16.9,0.0
2023-10-24,89.0,0.0,19.1,65.8,0.0,17.4,0.0
2023-10-25,93.2,0.0,17.1,66.3,0.0,17.8,0.0
2023-10-26,94.2,0.0,16.6,66.2,0.0,18.2,0.0
2023-10-27,95.5,0.0,17.2,66.4,0.0,18.5,0.0
2023-10-28,96.2,0.1,16.8,66.0,3.8,18.5,0.6
2023-10-29,96.5,0.0,14.0,65.6,0.1,18.4,0.0
2023-10-30,93.2,0.0,12.1,65.7,0.0,18.6,0.0
2023-10-31,96.6,0.0,12.5,65.4,0.0,19.0,0.0
2023-11-01,101.0,0.0,13.3,65.7,0.0,19.0,0.0
2023-11-02,106.0,0.0,15.9,65.8,0.0,19.0,0.0
2023-11-03,106.0,0.0,17.0,65.8,0.0,19.0,0.0
2023-11-04,106.0,0.0,18.2,65.6,0.0,19.0,0.0
2023-11-05,106.0,0.0,19.0,65.3,0.0,19.0,0.0
2023-11-06,108.0,0.0,18.6,64.9,0.0,19.0,0.0
2023-11-07,107.0,0.0,17.6,64.6,0.0,19.0,0.0
2023-11-08,108.0,0.0,14.6,64.5,0.0,19.0,0.0
2023-11-09,110.0,0.0,13.5,64.4,0.0,19.1,0.0
2023-11-10,113.0,0.0,11.4,64.5,0.0,19.2,0.0
2023-11-11,115.0,0.0,12.1,64.8,0.0,19.2,0.0
2023-11-12,119.0,0.0,12.9,64.7,0.0,19.2,0.0
2023-11-13,118.0,0.0,15.5,64.4,0.0,19.5,0.0
2023-11-14,119.0,0.0,16.2,64.2,0.0,19.5,0.0
2023-11-15,123.0,0.0,17.3,63.9,0.0,19.5,0.0
2023-11-16,123.0,0.2,17.4,64.1,0.2,19.5,0.0
2023-11-17,121.0,0.0,15.1,63.7,0.5,19.7,0.0
2023-11-18,127.0,3.5,13.7,64.8,13.5,19.8,2.7
2023-11-19,132.0,2.3,11.9,63.9,8.3,19.7,0.6
2023-11-20,134.0,0.0,10.7,62.8,0.0,19.8,0.0
2023-11-21,133.0,0.0,11.9,62.5,0.0,19.9,0.0
2023-11-22,134.0,0.0,10.6,62.7,0.0,19.9,0.0
2023-11-23,137.0,0.0,12.2,63.0,0.0,19.8,0.0
2023-11-24,140.0,0.9,9.1,62.9,3.1,20.0,2.1
2023-11-25,138.0,0.0,7.7,62.7,1.9,20.0,0.5
2023-11-26,138.0,0.0,6.9,62.5,0.0,20.0,0.0
2023-11-27,139.0,0.0,8.3,62.6,0.0,20.1,0.0
2023-11-28,138.0,0.0,8.9,62.5,0.0,20.1,0.0
2023-11-29,139.0,0.0,11.1,62.7,0.0,20.1,0.0
2023-11-30,140.0,7.7,9.1,62.4,11.3,20.1,4.3
2023-12-01,143.0,1.7,6.7,62.1,15.3,20.0,1.4
2023-12-02,152.0,4.3,5.2,61.7,0.6,20.0,0.1
2023-12-03,152.0,0.0,6.5,61.5,0.0,20.0,0.0
2023-12-04,151.0,0.0,9.7,61.2,0.0,20.1,0.0
2023-12-05,157.0,0.0,11.5,60.9,0.0,20.1,0.0
2023-12-06,154.0,0.0,11.5,60.6,0.0,20.1,0.0
2023-12-07,154.0,0.0,11.9,60.2,0.0,20.0,0.0
2023-12-08,155.0,0.0,9.9,59.9,0.0,20.0,0.0
2023-12-09,156.0,0.0,6.5,59.6,0.0,19.9,0.0
2023-12-10,153.0,0.0,5.0,59.3,0.0,20.0,0.0
2023-12-11,156.0,0.0,9.4,59.3,0.0,20.1,0.0
2023-12-12,158.0,0.0,12.7,59.8,0.0,20.1,0.0
2023-12-13,158.0,0.0,8.5,59.8,0.0,20.0,0.0
2023-12-14,157.0,0.0,7.7,59.8,0.0,20.0,0.0
2023-12-15,154.0,0.0,8.6,59.8,0.0,19.9,0.0
2023-12-16,153.0,0.0,9.9,60.2,0.0,19.9,0.0
2023-12-17,152.0,0.0,11.4,60.5,0.0,19.8,0.0
2023-12-18,153.0,0.0,11.6,60.6,0.0,19.9,0.0
2023-12-19,157.0,0.0,14.4,60.6,0.0,20.0,0.0
2023-12-20,159.0,3.0,11.4,60.6,0.3,20.0,0.1
2023-12-21,159.0,0.0,12.2,60.6,0.0,19.9,0.0
2023-12-22,161.0,5.7,9.8,61.8,4.0,20.6,3.2
2023-12-23,166.0,15.6,8.9,62.3,10.4,21.0,8.2
2023-12-24,167.0,0.0,6.8,62.2,0.1,20.4,0.0
2023-12-25,166.0,0.0,5.2,61.3,0.0,20.3,0.0
2023-12-26,163.0,0.0,5.2,61.2,0.0,20.3,0.0
2023-12-27,162.0,0.0,6.5,61.0,0.0,20.3,0.0
2023-12-28,162.0,0.0,8.1,61.3,0.0,20.2,0.0
2023-12-29,160.0,0.0,7.4,61.2,0.0,20.1,0.0
2023-12-30,160.0,0.0,9.9,61.4,0.0,20.2,0.0
2023-12-31,159.0,0.5,7.1,61.4,0.0,20.2,0.0
