date,discharge_cfs,precip_mm,temp_c,site_id
2000-01-01,10800.0,5.3,3.4,14174000
2000-01-02,11900.0,12.0,3.4,14174000
2000-01-03,13500.0,5.5,4.5,14174000
2000-01-04,15300.0,18.8,6.7,14174000
2000-01-05,20900.0,0.9,3.8,14174000
2000-01-06,21700.0,1.6,1.4,14174000
2000-01-07,20100.0,2.7,4.4,14174000
2000-01-08,18300.0,5.8,7.1,14174000
2000-01-09,19500.0,14.1,5.9,14174000
2000-01-10,25200.0,28.0,4.5,14174000
2000-01-11,40300.0,16.9,4.4,14174000
2000-01-12,52900.0,15.2,1.7,14174000
2000-01-13,48900.0,37.3,1.3,14174000
2000-01-14,54800.0,20.6,3.5,14174000
2000-01-15,59800.0,0.2,0.3,14174000
2000-01-16,56100.0,15.3,4.1,14174000
2000-01-17,51700.0,0.6,3.4,14174000
2000-01-18,49600.0,0.0,2.1,14174000
2000-01-19,46400.0,2.5,1.8,14174000
2000-01-20,44800.0,8.2,4.0,14174000
2000-01-21,42800.0,2.5,5.8,14174000
2000-01-22,40400.0,4.8,5.8,14174000
2000-01-23,37400.0,2.0,2.4,14174000
2000-01-24,35800.0,17.7,3.6,14174000
2000-01-25,41000.0,8.5,5.6,14174000
2000-01-26,40300.0,0.2,3.8,14174000
2000-01-27,35400.0,0.0,2.4,14174000
2000-01-28,30600.0,0.0,0.8,14174000
2000-01-29,26500.0,0.0,1.4,14174000
2000-01-30,23500.0,1.3,0.3,14174000
2000-01-31,20300.0,2.7,3.2,14174000
2000-02-01,19200.0,17.3,9.3,14174000
2000-02-02,21800.0,6.9,7.1,14174000
2000-02-03,23500.0,0.0,5.4,14174000
2000-02-04,21500.0,3.9,7.0,14174000
2000-02-05,19500.0,1.8,7.7,14174000
2000-02-06,17800.0,3.8,8.0,14174000
2000-02-07,15900.0,0.0,7.5,14174000
2000-02-08,14800.0,12.8,8.0,14174000
2000-02-09,15200.0,0.2,6.0,14174000
2000-02-10,14900.0,1.9,3.7,14174000
2000-02-11,14800.0,12.6,4.4,14174000
2000-02-12,19000.0,23.0,5.4,14174000
2000-02-13,22000.0,11.3,3.4,14174000
2000-02-14,25100.0,22.9,6.8,14174000
2000-02-15,30100.0,6.7,5.8,14174000
2000-02-16,31200.0,0.0,4.8,14174000
2000-02-17,26800.0,0.0,5.0,14174000
2000-02-18,21800.0,0.0,5.1,14174000
2000-02-19,17300.0,0.0,4.1,14174000
2000-02-20,14900.0,0.0,4.2,14174000
2000-02-21,13300.0,4.9,6.3,14174000
2000-02-22,12500.0,13.7,6.6,14174000
2000-02-23,13700.0,1.9,4.5,14174000
2000-02-24,14600.0,2.1,3.4,14174000
2000-02-25,13300.0,6.6,5.0,14174000
2000-02-26,14800.0,30.1,6.3,14174000
2000-02-27,23000.0,21.6,7.5,14174000
2000-02-28,25200.0,1.0,6.7,14174000
2000-02-29,23900.0,14.1,7.4,14174000
2000-03-01,25700.0,0.2,5.0,14174000
2000-03-02,22400.0,8.2,7.9,14174000
2000-03-03,20000.0,0.3,6.0,14174000
2000-03-04,20800.0,14.6,6.7,14174000
2000-03-05,24100.0,0.3,4.0,14174000
2000-03-06,21100.0,0.1,5.1,14174000
2000-03-07,17900.0,0.0,5.3,14174000
2000-03-08,14900.0,3.3,5.9,14174000
2000-03-09,13100.0,2.7,5.7,14174000
2000-03-10,12100.0,3.9,6.2,14174000
2000-03-11,11900.0,8.1,6.1,14174000
2000-03-12,12000.0,0.7,6.4,14174000
2000-03-13,11300.0,1.1,7.9,14174000
2000-03-14,11800.0,9.7,9.0,14174000
2000-03-15,12700.0,0.0,6.7,14174000
2000-03-16,13700.0,10.6,9.0,14174000
2000-03-17,16000.0,0.5,5.4,14174000
2000-03-18,16500.0,7.0,7.2,14174000
2000-03-19,17400.0,8.5,5.9,14174000
2000-03-20,19400.0,2.8,5.7,14174000
2000-03-21,18800.0,0.0,7.8,14174000
2000-03-22,16900.0,5.5,8.9,14174000
2000-03-23,17000.0,1.4,5.6,14174000
2000-03-24,17400.0,0.0,5.6,14174000
2000-03-25,16600.0,0.0,7.3,14174000
2000-03-26,15200.0,0.0,7.8,14174000
2000-03-27,14400.0,5.1,7.0,14174000
2000-03-28,14500.0,2.4,5.2,14174000
2000-03-29,13100.0,0.0,5.5,14174000
2000-03-30,11700.0,0.0,6.5,14174000
2000-03-31,11500.0,0.0,9.1,14174000
2000-04-01,10700.0,0.0,12.1,14174000
2000-04-02,9830.0,0.0,11.4,14174000
2000-04-03,9430.0,0.0,13.4,14174000
2000-04-04,9510.0,0.3,11.2,14174000
2000-04-05,10200.0,0.0,6.8,14174000
2000-04-06,11000.0,0.4,7.0,14174000
2000-04-07,11300.0,0.0,7.7,14174000
2000-04-08,12000.0,0.9,11.3,14174000
2000-04-09,11600.0,2.0,9.5,14174000
2000-04-10,11600.0,0.0,9.8,14174000
2000-04-11,12400.0,0.0,13.6,14174000
2000-04-12,12600.0,0.7,14.9,14174000
2000-04-13,13500.0,25.8,12.5,14174000
2000-04-14,15900.0,3.2,10.1,14174000
2000-04-15,15800.0,8.6,9.5,14174000
2000-04-16,15500.0,1.4,9.8,14174000
2000-04-17,15800.0,3.0,11.5,14174000
2000-04-18,14500.0,1.6,11.3,14174000
2000-04-19,13600.0,0.0,10.2,14174000
2000-04-20,13000.0,0.0,12.1,14174000
2000-04-21,11600.0,0.0,12.3,14174000
2000-04-22,11100.0,4.0,10.0,14174000
2000-04-23,10900.0,10.3,7.8,14174000
2000-04-24,10500.0,0.6,6.4,14174000
2000-04-25,10500.0,5.7,9.6,14174000
2000-04-26,11900.0,1.6,9.4,14174000
2000-04-27,11800.0,4.6,11.1,14174000
2000-04-28,11900.0,9.8,7.1,14174000
2000-04-29,12000.0,2.2,8.2,14174000
2000-04-30,11700.0,0.0,10.4,14174000
2000-05-01,10500.0,0.6,12.3,14174000
2000-05-02,9960.0,2.2,13.4,14174000
2000-05-03,10200.0,7.3,11.2,14174000
2000-05-04,9920.0,0.7,9.9,14174000
2000-05-05,9460.0,7.3,9.5,14174000
2000-05-06,8670.0,0.7,9.3,14174000
2000-05-07,8600.0,1.0,10.1,14174000
2000-05-08,8560.0,11.7,11.8,14174000
2000-05-09,8800.0,19.3,11.4,14174000
2000-05-10,10100.0,15.2,6.8,14174000
2000-05-11,13100.0,22.2,7.0,14174000
2000-05-12,19000.0,0.7,8.9,14174000
2000-05-13,22000.0,0.0,11.4,14174000
2000-05-14,18700.0,0.0,12.9,14174000
2000-05-15,16700.0,2.3,13.3,14174000
2000-05-16,16200.0,0.0,12.6,14174000
2000-05-17,16100.0,0.0,11.3,14174000
2000-05-18,15900.0,0.0,14.0,14174000
2000-05-19,15300.0,1.1,15.0,14174000
2000-05-20,14400.0,0.0,14.6,14174000
2000-05-21,13800.0,0.0,17.8,14174000
2000-05-22,12800.0,0.0,15.3,14174000
2000-05-23,12100.0,0.0,15.0,14174000
2000-05-24,11600.0,0.0,14.6,14174000
2000-05-25,11200.0,0.1,12.1,14174000
2000-05-26,10900.0,0.5,13.9,14174000
2000-05-27,10700.0,5.3,13.9,14174000
2000-05-28,10600.0,1.3,12.7,14174000
2000-05-29,10600.0,0.1,11.7,14174000
2000-05-30,10300.0,0.7,10.5,14174000
2000-05-31,10100.0,0.0,10.5,14174000
2000-06-01,9490.0,0.0,12.5,14174000
2000-06-02,9110.0,0.0,15.8,14174000
2000-06-03,8670.0,0.0,18.3,14174000
2000-06-04,8110.0,0.0,18.1,14174000
2000-06-05,7610.0,0.5,13.5,14174000
2000-06-06,7480.0,0.1,14.4,14174000
2000-06-07,7360.0,5.8,13.5,14174000
2000-06-08,7620.0,5.5,12.7,14174000
2000-06-09,7890.0,4.3,10.9,14174000
2000-06-10,7710.0,7.1,9.8,14174000
2000-06-11,7970.0,5.0,10.2,14174000
2000-06-12,8500.0,14.7,13.3,14174000
2000-06-13,12300.0,0.0,14.9,14174000
2000-06-14,14400.0,0.0,18.4,14174000
2000-06-15,12600.0,0.0,16.6,14174000
2000-06-16,11200.0,0.0,15.1,14174000
2000-06-17,9640.0,0.0,18.7,14174000
2000-06-18,8780.0,0.0,17.8,14174000
2000-06-19,8020.0,0.0,14.4,14174000
2000-06-20,7500.0,0.0,15.3,14174000
2000-06-21,6930.0,0.0,18.9,14174000
2000-06-22,6670.0,0.0,16.6,14174000
2000-06-23,6650.0,0.0,14.7,14174000
2000-06-24,6560.0,0.0,17.1,14174000
2000-06-25,6320.0,0.0,18.9,14174000
2000-06-26,6110.0,0.0,22.4,14174000
2000-06-27,5910.0,0.0,24.5,14174000
2000-06-28,5780.0,0.0,24.8,14174000
2000-06-29,5540.0,0.0,21.6,14174000
2000-06-30,5280.0,0.0,18.5,14174000
2000-07-01,5240.0,0.0,17.1,14174000
2000-07-02,5250.0,0.0,15.2,14174000
2000-07-03,5200.0,0.3,14.6,14174000
2000-07-04,5220.0,2.6,13.1,14174000
2000-07-05,5200.0,0.1,15.1,14174000
2000-07-06,5110.0,0.0,16.5,14174000
2000-07-07,4980.0,0.0,18.1,14174000
2000-07-08,4970.0,0.0,17.0,14174000
2000-07-09,5160.0,0.0,16.0,14174000
2000-07-10,5280.0,0.0,17.0,14174000
2000-07-11,5090.0,0.0,17.0,14174000
2000-07-12,4920.0,0.0,17.3,14174000
2000-07-13,4840.0,0.0,17.0,14174000
2000-07-14,4780.0,0.0,16.7,14174000
2000-07-15,4710.0,0.0,17.6,14174000
2000-07-16,4980.0,0.0,20.9,14174000
2000-07-17,5500.0,0.0,20.0,14174000
2000-07-18,5580.0,0.0,17.3,14174000
2000-07-19,5570.0,0.0,17.7,14174000
2000-07-20,5550.0,0.0,19.9,14174000
2000-07-21,5510.0,0.0,21.3,14174000
2000-07-22,5480.0,0.0,17.1,14174000
2000-07-23,5450.0,0.0,17.9,14174000
2000-07-24,5480.0,0.0,20.4,14174000
2000-07-25,5440.0,0.0,18.6,14174000
2000-07-26,5370.0,0.0,18.0,14174000
2000-07-27,5330.0,0.0,18.2,14174000
2000-07-28,5330.0,0.0,19.7,14174000
2000-07-29,5310.0,0.0,21.1,14174000
2000-07-30,5240.0,0.0,22.7,14174000
2000-07-31,5260.0,0.0,22.0,14174000
2000-08-01,5200.0,0.0,21.4,14174000
2000-08-02,5440.0,0.0,20.1,14174000
2000-08-03,5510.0,0.0,20.3,14174000
2000-08-04,5520.0,0.0,20.8,14174000
2000-08-05,5510.0,0.0,21.0,14174000
2000-08-06,5480.0,0.0,21.4,14174000
2000-08-07,5490.0,0.0,20.1,14174000
2000-08-08,5510.0,0.0,21.0,14174000
2000-08-09,5480.0,0.0,20.6,14174000
2000-08-10,5470.0,0.3,18.1,14174000
2000-08-11,5530.0,0.0,16.2,14174000
2000-08-12,5530.0,0.0,17.0,14174000
2000-08-13,5500.0,0.0,16.7,14174000
2000-08-14,5550.0,0.0,15.8,14174000
2000-08-15,5520.0,0.0,16.3,14174000
2000-08-16,5540.0,0.0,17.0,14174000
2000-08-17,5500.0,0.0,16.8,14174000
2000-08-18,5500.0,0.0,15.7,14174000
2000-08-19,5470.0,0.7,15.9,14174000
2000-08-20,5510.0,0.0,16.6,14174000
2000-08-21,5520.0,0.0,18.1,14174000
2000-08-22,5460.0,0.0,20.6,14174000
2000-08-23,5420.0,0.0,21.3,14174000
2000-08-24,5410.0,0.0,18.5,14174000
2000-08-25,5370.0,0.0,18.6,14174000
2000-08-26,5390.0,0.0,17.7,14174000
2000-08-27,5380.0,0.0,16.3,14174000
2000-08-28,5360.0,0.0,16.2,14174000
2000-08-29,5390.0,0.0,19.4,14174000
2000-08-30,5370.0,0.0,18.7,14174000
2000-08-31,5390.0,0.1,16.5,14174000
2000-09-01,5370.0,0.3,13.9,14174000
2000-09-02,5380.0,11.8,13.0,14174000
2000-09-03,5570.0,6.9,12.7,14174000
2000-09-04,5610.0,1.5,13.2,14174000
2000-09-05,5540.0,0.0,14.2,14174000
2000-09-06,5510.0,0.0,15.9,14174000
2000-09-07,5450.0,0.0,15.6,14174000
2000-09-08,5340.0,2.2,14.6,14174000
2000-09-09,5500.0,0.0,13.9,14174000
2000-09-10,5690.0,0.1,15.6,14174000
2000-09-11,5830.0,0.0,17.9,14174000
2000-09-12,6080.0,0.0,20.0,14174000
2000-09-13,6190.0,0.0,21.1,14174000
2000-09-14,6360.0,0.0,21.9,14174000
2000-09-15,6510.0,1.8,18.5,14174000
2000-09-16,6600.0,0.0,17.3,14174000
2000-09-17,6650.0,0.0,16.9,14174000
2000-09-18,6840.0,0.0,19.1,14174000
2000-09-19,6980.0,0.0,20.2,14174000
2000-09-20,7020.0,0.0,19.1,14174000
2000-09-21,7000.0,0.0,17.4,14174000
2000-09-22,6970.0,0.0,15.2,14174000
2000-09-23,6970.0,0.0,12.6,14174000
2000-09-24,6950.0,0.0,14.3,14174000
2000-09-25,7010.0,0.0,16.9,14174000
2000-09-26,6990.0,0.0,18.1,14174000
2000-09-27,6990.0,0.0,16.8,14174000
2000-09-28,6970.0,0.0,14.9,14174000
2000-09-29,6990.0,0.0,15.5,14174000
2000-09-30,7060.0,0.0,17.2,14174000
2000-10-01,6960.0,4.5,17.4,14174000
2000-10-02,7040.0,0.0,12.6,14174000
2000-10-03,7120.0,0.0,11.3,14174000
2000-10-04,7120.0,0.0,12.1,14174000
2000-10-05,7260.0,0.0,13.4,14174000
2000-10-06,7590.0,0.0,14.8,14174000
2000-10-07,7390.0,0.0,16.0,14174000
2000-10-08,7390.0,0.0,14.3,14174000
2000-10-09,7610.0,14.0,14.5,14174000
2000-10-10,8230.0,1.6,11.4,14174000
2000-10-11,8050.0,0.0,11.7,14174000
2000-10-12,8020.0,0.3,11.2,14174000
2000-10-13,7880.0,0.9,12.3,14174000
2000-10-14,7870.0,0.2,11.0,14174000
2000-10-15,7850.0,0.0,9.9,14174000
2000-10-16,7770.0,0.0,11.4,14174000
2000-10-17,7680.0,0.0,12.9,14174000
2000-10-18,7640.0,5.5,14.0,14174000
2000-10-19,7750.0,0.0,12.9,14174000
2000-10-20,8060.0,19.6,13.1,14174000
2000-10-21,8620.0,5.2,9.0,14174000
2000-10-22,9150.0,0.0,7.7,14174000
2000-10-23,8580.0,0.0,7.9,14174000
2000-10-24,8360.0,0.0,11.2,14174000
2000-10-25,8190.0,0.0,11.8,14174000
2000-10-26,8050.0,0.2,11.7,14174000
2000-10-27,7940.0,1.2,10.9,14174000
2000-10-28,8030.0,20.4,10.8,14174000
2000-10-29,8380.0,2.7,10.2,14174000
2000-10-30,8260.0,0.0,9.2,14174000
2000-10-31,7970.0,0.0,8.8,14174000
2000-11-01,7800.0,1.3,9.1,14174000
2000-11-02,7790.0,4.0,9.3,14174000
2000-11-03,7620.0,0.0,11.1,14174000
2000-11-04,7350.0,1.5,10.0,14174000
2000-11-05,7350.0,0.1,8.1,14174000
2000-11-06,7400.0,1.1,8.3,14174000
2000-11-07,7420.0,0.0,6.6,14174000
2000-11-08,7590.0,12.8,7.6,14174000
2000-11-09,8350.0,5.9,5.3,14174000
2000-11-10,9600.0,0.2,3.0,14174000
2000-11-11,9530.0,0.0,0.9,14174000
2000-11-12,9080.0,0.0,1.6,14174000
2000-11-13,8850.0,0.0,2.1,14174000
2000-11-14,8620.0,0.0,2.3,14174000
2000-11-15,8540.0,0.0,3.4,14174000
2000-11-16,8540.0,0.0,2.9,14174000
2000-11-17,8080.0,0.0,0.8,14174000
2000-11-18,7610.0,0.0,1.3,14174000
2000-11-19,7480.0,0.0,0.8,14174000
2000-11-20,7280.0,0.0,2.3,14174000
2000-11-21,7170.0,0.0,1.6,14174000
2000-11-22,7170.0,0.0,1.7,14174000
2000-11-23,7230.0,7.4,1.7,14174000
2000-11-24,8030.0,3.7,5.0,14174000
2000-11-25,7990.0,2.0,3.0,14174000
2000-11-26,8230.0,3.0,7.0,14174000
2000-11-27,8360.0,10.0,8.0,14174000
2000-11-28,8620.0,0.0,3.1,14174000
2000-11-29,8790.0,19.2,5.5,14174000
2000-11-30,8620.0,1.9,7.4,14174000
2000-12-01,8540.0,0.0,6.0,14174000
2000-12-02,8420.0,1.2,7.0,14174000
2000-12-03,7930.0,0.0,6.3,14174000
2000-12-04,7640.0,0.0,3.8,14174000
2000-12-05,7660.0,0.0,3.0,14174000
2000-12-06,7130.0,0.0,2.1,14174000
2000-12-07,6270.0,0.0,2.7,14174000
2000-12-08,5520.0,0.0,1.3,14174000
2000-12-09,4930.0,0.2,3.6,14174000
2000-12-10,4790.0,0.3,2.2,14174000
2000-12-11,4800.0,5.2,1.5,14174000
2000-12-12,5120.0,1.6,1.4,14174000
2000-12-13,5060.0,16.7,4.3,14174000
2000-12-14,5790.0,21.1,6.8,14174000
2000-12-15,9320.0,11.8,6.1,14174000
2000-12-16,13800.0,0.5,6.6,14174000
2000-12-17,13000.0,13.1,5.9,14174000
2000-12-18,13100.0,0.0,1.6,14174000
2000-12-19,10400.0,0.0,3.2,14174000
2000-12-20,8450.0,1.2,5.2,14174000
2000-12-21,7790.0,6.7,4.4,14174000
2000-12-22,8830.0,46.6,7.6,14174000
2000-12-23,15300.0,10.6,6.9,14174000
2000-12-24,19600.0,1.7,4.1,14174000
2000-12-25,19100.0,0.0,4.2,14174000
2000-12-26,16200.0,0.1,3.5,14174000
2000-12-27,13400.0,0.0,5.0,14174000
2000-12-28,10900.0,0.0,4.7,14174000
2000-12-29,9450.0,0.0,2.9,14174000
2000-12-30,8410.0,0.0,7.4,14174000
2000-12-31,7870.0,0.5,6.3,14174000
2001-01-01,7430.0,0.0,5.3,14174000
2001-01-02,7080.0,0.0,5.9,14174000
2001-01-03,6770.0,0.0,5.0,14174000
2001-01-04,6450.0,0.0,8.4,14174000
2001-01-05,6260.0,0.8,8.7,14174000
2001-01-06,6180.0,0.0,5.4,14174000
2001-01-07,6130.0,0.0,3.4,14174000
2001-01-08,6090.0,3.8,5.9,14174000
2001-01-09,6010.0,3.5,2.0,14174000
2001-01-10,6070.0,3.2,4.5,14174000
2001-01-11,6050.0,0.6,5.0,14174000
2001-01-12,5790.0,1.3,4.5,14174000
2001-01-13,5390.0,7.3,4.3,14174000
2001-01-14,5650.0,5.7,4.4,14174000
2001-01-15,6590.0,0.4,2.8,14174000
2001-01-16,6450.0,0.0,0.2,14174000
2001-01-17,6060.0,0.0,0.7,14174000
2001-01-18,5910.0,0.0,3.2,14174000
2001-01-19,5600.0,6.5,5.7,14174000
2001-01-20,5600.0,0.0,3.6,14174000
2001-01-21,5700.0,9.0,5.8,14174000
2001-01-22,5970.0,0.0,5.6,14174000
2001-01-23,6350.0,0.1,4.1,14174000
2001-01-24,6290.0,6.9,5.4,14174000
2001-01-25,6920.0,3.5,2.3,14174000
2001-01-26,7110.0,0.0,1.6,14174000
2001-01-27,6660.0,0.0,1.9,14174000
2001-01-28,6210.0,0.0,2.1,14174000
2001-01-29,5940.0,9.5,5.5,14174000
2001-01-30,5990.0,0.7,2.6,14174000
2001-01-31,5890.0,0.0,3.7,14174000
2001-02-01,5720.0,0.0,3.2,14174000
2001-02-02,5630.0,7.9,7.0,14174000
2001-02-03,5720.0,2.0,4.7,14174000
2001-02-04,6500.0,4.2,7.6,14174000
2001-02-05,7660.0,1.0,6.9,14174000
2001-02-06,7930.0,0.1,3.6,14174000
2001-02-07,8040.0,0.0,1.0,14174000
2001-02-08,7490.0,0.7,1.1,14174000
2001-02-09,6860.0,2.3,1.9,14174000
2001-02-10,6520.0,1.1,2.5,14174000
2001-02-11,6330.0,8.2,1.9,14174000
2001-02-12,6370.0,0.1,1.8,14174000
2001-02-13,6180.0,0.0,2.8,14174000
2001-02-14,5860.0,0.0,2.3,14174000
2001-02-15,5680.0,0.0,3.8,14174000
2001-02-16,5530.0,1.4,7.0,14174000
2001-02-17,5420.0,1.9,5.5,14174000
2001-02-18,5320.0,7.3,5.6,14174000
2001-02-19,5320.0,0.2,6.1,14174000
2001-02-20,5240.0,4.4,5.0,14174000
2001-02-21,5270.0,13.0,6.8,14174000
2001-02-22,5680.0,4.0,4.5,14174000
2001-02-23,5770.0,0.8,5.1,14174000
2001-02-24,6000.0,0.0,5.1,14174000
2001-02-25,5910.0,0.0,5.7,14174000
2001-02-26,5660.0,0.0,3.9,14174000
2001-02-27,5390.0,0.0,4.3,14174000
2001-02-28,5230.0,0.0,4.9,14174000
2001-03-01,5120.0,4.6,5.8,14174000
2001-03-02,5380.0,15.7,4.8,14174000
2001-03-03,6290.0,2.3,2.3,14174000
2001-03-04,5870.0,1.8,2.9,14174000
2001-03-05,5750.0,2.1,6.2,14174000
2001-03-06,5570.0,0.0,8.6,14174000
2001-03-07,5330.0,0.0,10.7,14174000
2001-03-08,5120.0,2.7,9.2,14174000
2001-03-09,5100.0,6.3,6.3,14174000
2001-03-10,5300.0,0.0,6.8,14174000
2001-03-11,5380.0,0.0,6.0,14174000
2001-03-12,5310.0,0.0,6.9,14174000
2001-03-13,5160.0,0.0,7.3,14174000
2001-03-14,5030.0,0.3,7.6,14174000
2001-03-15,4970.0,5.8,6.4,14174000
2001-03-16,5050.0,1.0,4.0,14174000
2001-03-17,5520.0,6.1,5.7,14174000
2001-03-18,6200.0,6.9,10.0,14174000
2001-03-19,6940.0,2.0,8.9,14174000
2001-03-20,8270.0,0.0,5.8,14174000
2001-03-21,8280.0,0.0,6.9,14174000
2001-03-22,7440.0,0.0,8.5,14174000
2001-03-23,6830.0,0.0,11.2,14174000
2001-03-24,6430.0,2.7,11.6,14174000
2001-03-25,6370.0,22.9,10.3,14174000
2001-03-26,6780.0,6.4,6.8,14174000
2001-03-27,6990.0,8.2,6.3,14174000
2001-03-28,8790.0,9.2,8.8,14174000
2001-03-29,12400.0,1.5,7.7,14174000
2001-03-30,11200.0,0.0,9.1,14174000
2001-03-31,9540.0,2.9,10.1,14174000
2001-04-01,9500.0,0.9,7.3,14174000
2001-04-02,9570.0,3.0,4.7,14174000
2001-04-03,9280.0,2.9,3.3,14174000
2001-04-04,9880.0,0.0,5.2,14174000
2001-04-05,10300.0,0.0,7.2,14174000
2001-04-06,10300.0,12.8,5.5,14174000
2001-04-07,11000.0,2.1,3.2,14174000
2001-04-08,12100.0,7.0,4.0,14174000
2001-04-09,12900.0,0.3,4.8,14174000
2001-04-10,12500.0,4.4,5.7,14174000
2001-04-11,11100.0,8.9,6.9,14174000
2001-04-12,12200.0,3.6,6.0,14174000
2001-04-13,12700.0,1.4,5.4,14174000
2001-04-14,12400.0,0.6,5.5,14174000
2001-04-15,10900.0,0.0,8.1,14174000
2001-04-16,9920.0,0.0,11.3,14174000
2001-04-17,9680.0,6.1,10.3,14174000
2001-04-18,9510.0,1.1,10.0,14174000
2001-04-19,9490.0,4.2,8.5,14174000
2001-04-20,9630.0,0.3,8.2,14174000
2001-04-21,9460.0,0.1,9.2,14174000
2001-04-22,8360.0,0.7,8.2,14174000
2001-04-23,7720.0,2.0,9.4,14174000
2001-04-24,7340.0,0.0,13.4,14174000
2001-04-25,7210.0,0.0,15.1,14174000
2001-04-26,6980.0,0.0,14.5,14174000
2001-04-27,6870.0,1.0,11.5,14174000
2001-04-28,6780.0,10.2,9.4,14174000
2001-04-29,6850.0,2.5,8.6,14174000
2001-04-30,6890.0,14.5,10.6,14174000
2001-05-01,7650.0,1.9,8.0,14174000
2001-05-02,9510.0,0.2,7.4,14174000
2001-05-03,8810.0,0.0,9.8,14174000
2001-05-04,8570.0,0.0,13.2,14174000
2001-05-05,8550.0,0.3,10.0,14174000
2001-05-06,8180.0,0.0,9.4,14174000
2001-05-07,7800.0,0.0,14.4,14174000
2001-05-08,7540.0,0.0,13.3,14174000
2001-05-09,7620.0,0.0,11.2,14174000
2001-05-10,7710.0,0.0,10.7,14174000
2001-05-11,8110.0,0.0,13.8,14174000
2001-05-12,8590.0,0.0,14.8,14174000
2001-05-13,8850.0,0.0,12.4,14174000
2001-05-14,9630.0,16.1,11.0,14174000
2001-05-15,10500.0,16.1,11.2,14174000
2001-05-16,12800.0,6.0,10.3,14174000
2001-05-17,13500.0,0.0,10.4,14174000
2001-05-18,12200.0,0.0,10.4,14174000
2001-05-19,11000.0,0.0,11.9,14174000
2001-05-20,10200.0,0.0,12.4,14174000
2001-05-21,9670.0,0.0,15.2,14174000
2001-05-22,9310.0,0.0,19.9,14174000
2001-05-23,9890.0,0.0,19.6,14174000
2001-05-24,9770.0,0.0,16.6,14174000
2001-05-25,9060.0,0.0,17.5,14174000
2001-05-26,8790.0,0.0,17.5,14174000
2001-05-27,9110.0,0.0,14.2,14174000
2001-05-28,9020.0,0.2,12.0,14174000
2001-05-29,8850.0,0.0,10.7,14174000
2001-05-30,8760.0,0.0,15.0,14174000
2001-05-31,8650.0,0.0,19.6,14174000
2001-06-01,8280.0,1.7,15.6,14174000
2001-06-02,8180.0,5.5,11.0,14174000
2001-06-03,8290.0,2.1,10.4,14174000
2001-06-04,8400.0,0.0,11.7,14174000
2001-06-05,8430.0,5.3,10.9,14174000
2001-06-06,8120.0,0.8,12.7,14174000
2001-06-07,7790.0,0.0,15.8,14174000
2001-06-08,6900.0,0.1,17.2,14174000
2001-06-09,5890.0,1.6,15.3,14174000
2001-06-10,5380.0,0.0,12.5,14174000
2001-06-11,4810.0,1.4,13.1,14174000
2001-06-12,4610.0,8.4,11.2,14174000
2001-06-13,4980.0,0.0,11.8,14174000
2001-06-14,4780.0,0.0,13.5,14174000
2001-06-15,4470.0,0.0,12.8,14174000
2001-06-16,4310.0,0.0,13.3,14174000
2001-06-17,4170.0,0.0,13.1,14174000
2001-06-18,4080.0,0.0,13.4,14174000
2001-06-19,4050.0,0.0,16.4,14174000
2001-06-20,4040.0,0.0,19.7,14174000
2001-06-21,4030.0,0.0,20.1,14174000
2001-06-22,3990.0,0.0,17.0,14174000
2001-06-23,3930.0,0.0,15.0,14174000
2001-06-24,3880.0,7.6,12.8,14174000
2001-06-25,3860.0,0.8,12.2,14174000
2001-06-26,3880.0,2.8,16.0,14174000
2001-06-27,3970.0,26.4,16.4,14174000
2001-06-28,4130.0,1.0,15.6,14174000
2001-06-29,4050.0,0.0,15.3,14174000
2001-06-30,4030.0,0.0,14.9,14174000
2001-07-01,4040.0,0.0,15.2,14174000
2001-07-02,4040.0,0.0,17.7,14174000
2001-07-03,4050.0,0.0,19.5,14174000
2001-07-04,4030.0,0.0,20.3,14174000
2001-07-05,3990.0,0.0,17.0,14174000
2001-07-06,3950.0,0.0,15.9,14174000
2001-07-07,3930.0,0.0,17.1,14174000
2001-07-08,3890.0,0.0,19.3,14174000
2001-07-09,3870.0,0.0,21.5,14174000
2001-07-10,3860.0,0.0,21.5,14174000
2001-07-11,3850.0,0.0,21.0,14174000
2001-07-12,3850.0,0.0,20.8,14174000
2001-07-13,3860.0,0.0,19.0,14174000
2001-07-14,3890.0,0.0,17.3,14174000
2001-07-15,3950.0,0.0,15.9,14174000
2001-07-16,4000.0,0.0,15.6,14174000
2001-07-17,4030.0,0.2,15.0,14174000
2001-07-18,4030.0,0.0,16.7,14174000
2001-07-19,4030.0,0.0,17.8,14174000
2001-07-20,4040.0,0.0,16.2,14174000
2001-07-21,4050.0,0.0,16.4,14174000
2001-07-22,4050.0,0.0,18.7,14174000
2001-07-23,4050.0,0.0,19.9,14174000
2001-07-24,4040.0,0.0,20.7,14174000
2001-07-25,3990.0,0.0,19.3,14174000
2001-07-26,3930.0,0.0,19.0,14174000
2001-07-27,3890.0,0.0,18.3,14174000
2001-07-28,3830.0,0.8,18.0,14174000
2001-07-29,3790.0,1.8,15.2,14174000
2001-07-30,3770.0,5.6,15.2,14174000
2001-07-31,3810.0,0.0,15.3,14174000
2001-08-01,3870.0,0.0,17.9,14174000
2001-08-02,3880.0,0.0,17.4,14174000
2001-08-03,3880.0,0.4,16.9,14174000
2001-08-04,3880.0,0.0,17.4,14174000
2001-08-05,3880.0,0.0,18.1,14174000
2001-08-06,3890.0,0.0,20.2,14174000
2001-08-07,3890.0,0.0,20.5,14174000
2001-08-08,3880.0,0.0,20.2,14174000
2001-08-09,3870.0,0.0,24.5,14174000
2001-08-10,3870.0,0.0,23.1,14174000
2001-08-11,3880.0,0.0,20.5,14174000
2001-08-12,3890.0,0.0,22.8,14174000
2001-08-13,3900.0,0.0,20.0,14174000
2001-08-14,4150.0,0.0,19.5,14174000
2001-08-15,4200.0,0.0,18.8,14174000
2001-08-16,4150.0,0.0,17.3,14174000
2001-08-17,4150.0,0.0,17.7,14174000
2001-08-18,4150.0,0.0,18.7,14174000
2001-08-19,4150.0,0.0,17.4,14174000
2001-08-20,4100.0,0.0,17.3,14174000
2001-08-21,4100.0,0.0,16.5,14174000
2001-08-22,3860.0,10.9,17.3,14174000
2001-08-23,3940.0,9.5,16.2,14174000
2001-08-24,4120.0,0.0,16.6,14174000
2001-08-25,4080.0,0.0,17.2,14174000
2001-08-26,4000.0,0.0,17.8,14174000
2001-08-27,3970.0,0.0,17.8,14174000
2001-08-28,3870.0,0.0,19.5,14174000
2001-08-29,3780.0,0.0,19.1,14174000
2001-08-30,3860.0,0.0,19.4,14174000
2001-08-31,3870.0,0.0,19.0,14174000
2001-09-01,3890.0,0.0,18.1,14174000
2001-09-02,3900.0,0.0,17.4,14174000
2001-09-03,3900.0,0.0,16.5,14174000
2001-09-04,3870.0,0.0,18.2,14174000
2001-09-05,3860.0,0.1,15.3,14174000
2001-09-06,3860.0,0.0,14.0,14174000
2001-09-07,3930.0,0.0,15.2,14174000
2001-09-08,4020.0,0.0,18.3,14174000
2001-09-09,4020.0,0.0,21.2,14174000
2001-09-10,4080.0,0.0,20.2,14174000
2001-09-11,4040.0,0.0,20.0,14174000
2001-09-12,4000.0,0.0,21.2,14174000
2001-09-13,4030.0,0.0,20.1,14174000
2001-09-14,4050.0,0.0,20.7,14174000
2001-09-15,4140.0,0.2,21.2,14174000
2001-09-16,4160.0,0.0,18.5,14174000
2001-09-17,4150.0,0.0,16.3,14174000
2001-09-18,4100.0,0.0,16.0,14174000
2001-09-19,4350.0,0.0,15.7,14174000
2001-09-20,5090.0,0.0,16.0,14174000
2001-09-21,5160.0,0.0,15.6,14174000
2001-09-22,5120.0,0.0,18.8,14174000
2001-09-23,5080.0,0.0,19.1,14174000
2001-09-24,5100.0,0.0,18.8,14174000
2001-09-25,5100.0,10.2,15.2,14174000
2001-09-26,5290.0,7.3,12.8,14174000
2001-09-27,5350.0,0.0,11.4,14174000
2001-09-28,5340.0,0.0,13.2,14174000
2001-09-29,5300.0,0.0,15.8,14174000
2001-09-30,5320.0,0.0,16.9,14174000
2001-10-01,5330.0,0.0,20.1,14174000
2001-10-02,5270.0,0.0,18.0,14174000
2001-10-03,5140.0,0.0,15.3,14174000
2001-10-04,5070.0,0.0,16.5,14174000
2001-10-05,5050.0,0.0,15.5,14174000
2001-10-06,5050.0,0.0,13.1,14174000
2001-10-07,5070.0,0.0,11.8,14174000
2001-10-08,5120.0,1.9,13.1,14174000
2001-10-09,5130.0,0.0,10.6,14174000
2001-10-10,5160.0,4.2,9.8,14174000
2001-10-11,5320.0,6.4,11.4,14174000
2001-10-12,5630.0,0.0,10.8,14174000
2001-10-13,5400.0,0.0,13.5,14174000
2001-10-14,5270.0,0.0,13.0,14174000
2001-10-15,5170.0,0.0,12.0,14174000
2001-10-16,5100.0,0.8,13.3,14174000
2001-10-17,4980.0,0.0,8.7,14174000
2001-10-18,4990.0,0.0,8.5,14174000
2001-10-19,5020.0,0.0,10.2,14174000
2001-10-20,5110.0,0.0,11.6,14174000
2001-10-21,5340.0,0.0,8.1,14174000
2001-10-22,5290.0,24.4,11.3,14174000
2001-10-23,5690.0,10.6,9.3,14174000
2001-10-24,7080.0,0.0,7.2,14174000
2001-10-25,6410.0,0.0,11.6,14174000
2001-10-26,6000.0,0.0,11.0,14174000
2001-10-27,5800.0,2.7,9.4,14174000
2001-10-28,5660.0,2.8,5.0,14174000
2001-10-29,5570.0,3.7,7.7,14174000
2001-10-30,5760.0,23.2,10.3,14174000
2001-10-31,5950.0,8.6,11.2,14174000
2001-11-01,6920.0,7.8,10.3,14174000
2001-11-02,6840.0,1.4,12.1,14174000
2001-11-03,6200.0,0.0,10.3,14174000
2001-11-04,5850.0,0.0,10.1,14174000
2001-11-05,5650.0,2.4,9.9,14174000
2001-11-06,5550.0,0.0,7.0,14174000
2001-11-07,5450.0,0.0,6.5,14174000
2001-11-08,5350.0,0.0,5.1,14174000
2001-11-09,5180.0,0.0,6.4,14174000
2001-11-10,4980.0,0.0,8.3,14174000
2001-11-11,4790.0,2.0,9.2,14174000
2001-11-12,4860.0,13.5,10.0,14174000
2001-11-13,4930.0,4.1,9.6,14174000
2001-11-14,5130.0,7.6,13.3,14174000
2001-11-15,6110.0,8.6,13.1,14174000
2001-11-16,6000.0,10.7,10.2,14174000
2001-11-17,6550.0,5.4,7.5,14174000
2001-11-18,7900.0,0.0,5.4,14174000
2001-11-19,7510.0,4.9,8.6,14174000
2001-11-20,6770.0,9.4,10.3,14174000
2001-11-21,7000.0,21.2,9.0,14174000
2001-11-22,9470.0,36.4,9.1,14174000
2001-11-23,20200.0,3.6,6.5,14174000
2001-11-24,22000.0,11.9,5.9,14174000
2001-11-25,19300.0,12.0,5.3,14174000
2001-11-26,19400.0,1.9,4.3,14174000
2001-11-27,18100.0,0.1,2.9,14174000
2001-11-28,16500.0,32.3,4.8,14174000
2001-11-29,24800.0,19.9,6.3,14174000
2001-11-30,33300.0,13.3,4.6,14174000
2001-12-01,34300.0,30.2,6.6,14174000
2001-12-02,38700.0,6.9,4.9,14174000
2001-12-03,39100.0,8.2,5.4,14174000
2001-12-04,31700.0,16.6,3.9,14174000
2001-12-05,32800.0,25.2,3.7,14174000
2001-12-06,35100.0,15.1,7.4,14174000
2001-12-07,38100.0,1.8,8.0,14174000
2001-12-08,40100.0,1.0,4.7,14174000
2001-12-09,34500.0,5.6,4.6,14174000
2001-12-10,28900.0,7.9,3.2,14174000
2001-12-11,24400.0,5.1,4.0,14174000
2001-12-12,21700.0,2.6,3.4,14174000
2001-12-13,22500.0,16.1,7.6,14174000
2001-12-14,34800.0,25.4,5.5,14174000
2001-12-15,49100.0,9.0,3.6,14174000
2001-12-16,45900.0,3.9,8.5,14174000
2001-12-17,44900.0,16.9,6.1,14174000
2001-12-18,48000.0,17.7,4.5,14174000
2001-12-19,49700.0,7.3,3.9,14174000
2001-12-20,49100.0,14.6,4.8,14174000
2001-12-21,45900.0,0.0,3.3,14174000
2001-12-22,41700.0,4.4,2.8,14174000
2001-12-23,36700.0,0.1,2.6,14174000
2001-12-24,30200.0,0.0,1.3,14174000
2001-12-25,23600.0,0.0,1.0,14174000
2001-12-26,19800.0,0.0,1.9,14174000
2001-12-27,17100.0,1.7,3.7,14174000
2001-12-28,15400.0,7.2,6.8,14174000
2001-12-29,14700.0,1.8,4.2,14174000
2001-12-30,14000.0,0.0,4.7,14174000
2001-12-31,14300.0,10.0,7.5,14174000
2002-01-01,17200.0,12.8,6.0,14174000
2002-01-02,19500.0,2.8,7.7,14174000
2002-01-03,20400.0,2.9,5.6,14174000
2002-01-04,20200.0,0.0,4.3,14174000
2002-01-05,18200.0,0.4,6.3,14174000
2002-01-06,19400.0,20.5,9.7,14174000
2002-01-07,26600.0,6.3,12.8,14174000
2002-01-08,31200.0,15.4,10.7,14174000
2002-01-09,35900.0,0.2,6.7,14174000
2002-01-10,32400.0,0.2,5.1,14174000
2002-01-11,27000.0,0.0,6.5,14174000
2002-01-12,24300.0,4.5,7.6,14174000
2002-01-13,22800.0,0.0,4.0,14174000
2002-01-14,21800.0,3.9,2.7,14174000
2002-01-15,20000.0,0.0,0.5,14174000
2002-01-16,18500.0,0.2,1.5,14174000
2002-01-17,17400.0,4.2,2.4,14174000
2002-01-18,16400.0,1.1,2.6,14174000
2002-01-19,15900.0,10.2,4.6,14174000
2002-01-20,18300.0,24.8,4.2,14174000
2002-01-21,29700.0,30.1,4.5,14174000
2002-01-22,45500.0,11.1,2.2,14174000
2002-01-23,43200.0,4.3,2.0,14174000
2002-01-24,34200.0,3.3,3.7,14174000
2002-01-25,33500.0,44.9,5.9,14174000
2002-01-26,45900.0,11.0,2.7,14174000
2002-01-27,52900.0,7.3,0.9,14174000
2002-01-28,43800.0,1.9,-0.7,14174000
2002-01-29,33500.0,0.0,-1.3,14174000
2002-01-30,26500.0,0.0,0.3,14174000
2002-01-31,22200.0,7.7,3.6,14174000
2002-02-01,21500.0,13.1,3.4,14174000
2002-02-02,22100.0,0.0,3.4,14174000
2002-02-03,19500.0,5.2,6.3,14174000
2002-02-04,17600.0,0.0,3.5,14174000
2002-02-05,15600.0,3.7,1.8,14174000
2002-02-06,14500.0,2.3,2.8,14174000
2002-02-07,15900.0,30.2,5.8,14174000
2002-02-08,27900.0,23.9,4.6,14174000
2002-02-09,31300.0,0.0,3.0,14174000
2002-02-10,24400.0,0.0,3.9,14174000
2002-02-11,20000.0,1.9,4.4,14174000
2002-02-12,17600.0,0.0,2.2,14174000
2002-02-13,15900.0,0.0,3.4,14174000
2002-02-14,14500.0,0.0,2.6,14174000
2002-02-15,13100.0,0.0,4.1,14174000
2002-02-16,12200.0,2.9,5.8,14174000
2002-02-17,11900.0,1.3,5.4,14174000
2002-02-18,11300.0,1.1,6.9,14174000
2002-02-19,10900.0,10.3,8.5,14174000
2002-02-20,11500.0,0.2,7.9,14174000
2002-02-21,12300.0,6.5,11.6,14174000
2002-02-22,12100.0,0.0,11.1,14174000
2002-02-23,14200.0,12.1,9.5,14174000
2002-02-24,17200.0,0.2,5.6,14174000
2002-02-25,15100.0,0.0,3.3,14174000
2002-02-26,13100.0,0.0,3.8,14174000
2002-02-27,11600.0,0.0,3.4,14174000
2002-02-28,10500.0,0.0,4.9,14174000
2002-03-01,9860.0,0.0,3.2,14174000
2002-03-02,9330.0,0.0,3.3,14174000
2002-03-03,8760.0,0.0,3.9,14174000
2002-03-04,8390.0,0.0,7.2,14174000
2002-03-05,8190.0,2.2,7.9,14174000
2002-03-06,9630.0,34.0,6.6,14174000
2002-03-07,15400.0,5.9,1.8,14174000
2002-03-08,16000.0,3.4,1.0,14174000
2002-03-09,13100.0,2.2,2.8,14174000
2002-03-10,12000.0,9.0,5.6,14174000
2002-03-11,12600.0,14.5,9.1,14174000
2002-03-12,20100.0,22.9,7.3,14174000
2002-03-13,28600.0,15.1,4.6,14174000
2002-03-14,27900.0,3.6,4.3,14174000
2002-03-15,24500.0,7.6,3.7,14174000
2002-03-16,22200.0,9.2,1.8,14174000
2002-03-17,21500.0,6.5,1.5,14174000
2002-03-18,18900.0,0.7,1.5,14174000
2002-03-19,17400.0,3.8,6.0,14174000
2002-03-20,16500.0,0.0,8.1,14174000
2002-03-21,15500.0,0.0,7.9,14174000
2002-03-22,15100.0,0.3,6.7,14174000
2002-03-23,15000.0,6.9,8.2,14174000
2002-03-24,16900.0,5.4,8.0,14174000
2002-03-25,18200.0,0.0,7.1,14174000
2002-03-26,17200.0,0.0,7.7,14174000
2002-03-27,15400.0,0.0,7.4,14174000
2002-03-28,13900.0,0.0,6.8,14174000
2002-03-29,12900.0,0.0,6.6,14174000
2002-03-30,12000.0,0.0,6.4,14174000
2002-03-31,12300.0,0.0,7.2,14174000
2002-04-01,12700.0,0.0,8.2,14174000
2002-04-02,12500.0,0.0,8.5,14174000
2002-04-03,12000.0,0.0,9.9,14174000
2002-04-04,12000.0,0.0,11.6,14174000
2002-04-05,12100.0,7.5,10.1,14174000
2002-04-06,12300.0,0.4,9.7,14174000
2002-04-07,11600.0,0.7,9.1,14174000
2002-04-08,11400.0,0.0,8.9,14174000
2002-04-09,11300.0,10.7,11.3,14174000
2002-04-10,12000.0,10.5,11.1,14174000
2002-04-11,15300.0,7.1,11.0,14174000
2002-04-12,15400.0,0.0,12.2,14174000
2002-04-13,15100.0,16.7,13.0,14174000
2002-04-14,18100.0,17.1,10.4,14174000
2002-04-15,29900.0,5.0,5.9,14174000
2002-04-16,33700.0,11.6,5.5,14174000
2002-04-17,30700.0,5.6,5.1,14174000
2002-04-18,27700.0,2.1,5.9,14174000
2002-04-19,25500.0,0.0,7.6,14174000
2002-04-20,22000.0,0.0,7.5,14174000
2002-04-21,18600.0,0.0,8.4,14174000
2002-04-22,16400.0,0.0,8.8,14174000
2002-04-23,14600.0,0.0,8.1,14174000
2002-04-24,13100.0,0.0,9.0,14174000
2002-04-25,11900.0,0.0,11.9,14174000
2002-04-26,11200.0,0.2,8.2,14174000
2002-04-27,10800.0,5.5,7.5,14174000
2002-04-28,10500.0,0.0,8.8,14174000
2002-04-29,9880.0,0.0,11.2,14174000
2002-04-30,9590.0,0.0,10.5,14174000
2002-05-01,9440.0,0.0,10.1,14174000
2002-05-02,9260.0,0.0,9.4,14174000
2002-05-03,9180.0,0.0,9.0,14174000
2002-05-04,9150.0,0.0,8.3,14174000
2002-05-05,8970.0,0.5,8.5,14174000
2002-05-06,8790.0,0.7,7.6,14174000
2002-05-07,8850.0,0.0,6.6,14174000
2002-05-08,9620.0,0.0,7.2,14174000
2002-05-09,9560.0,0.1,8.8,14174000
2002-05-10,8820.0,0.0,8.2,14174000
2002-05-11,9590.0,0.0,9.7,14174000
2002-05-12,9220.0,0.0,14.3,14174000
2002-05-13,9120.0,0.8,11.4,14174000
2002-05-14,9230.0,0.0,10.2,14174000
2002-05-15,9310.0,0.0,9.8,14174000
2002-05-16,9220.0,0.0,12.0,14174000
2002-05-17,9310.0,3.5,12.3,14174000
2002-05-18,9320.0,0.0,12.3,14174000
2002-05-19,9480.0,1.8,11.3,14174000
2002-05-20,9720.0,10.1,11.1,14174000
2002-05-21,9610.0,8.2,9.6,14174000
2002-05-22,9640.0,3.8,9.6,14174000
2002-05-23,9730.0,0.0,10.9,14174000
2002-05-24,9370.0,0.0,12.8,14174000
2002-05-25,9150.0,0.1,15.8,14174000
2002-05-26,9040.0,0.1,15.6,14174000
2002-05-27,9150.0,0.8,15.4,14174000
2002-05-28,9300.0,8.3,14.7,14174000
2002-05-29,9780.0,9.4,15.2,14174000
2002-05-30,10300.0,0.0,14.8,14174000
2002-05-31,9930.0,0.0,12.9,14174000
2002-06-01,8690.0,0.0,14.5,14174000
2002-06-02,8120.0,0.0,13.2,14174000
2002-06-03,7800.0,0.0,14.2,14174000
2002-06-04,7740.0,0.0,15.7,14174000
2002-06-05,7740.0,1.5,15.8,14174000
2002-06-06,7640.0,0.0,12.8,14174000
2002-06-07,7590.0,0.0,11.7,14174000
2002-06-08,7700.0,1.1,10.4,14174000
2002-06-09,7700.0,0.7,12.0,14174000
2002-06-10,7530.0,0.0,13.5,14174000
2002-06-11,7320.0,0.0,15.9,14174000
2002-06-12,7140.0,0.0,20.7,14174000
2002-06-13,7010.0,0.0,20.8,14174000
2002-06-14,6730.0,0.0,16.2,14174000
2002-06-15,6320.0,0.0,14.9,14174000
2002-06-16,5930.0,0.0,14.7,14174000
2002-06-17,5650.0,5.8,13.6,14174000
2002-06-18,5540.0,8.3,13.5,14174000
2002-06-19,5730.0,0.0,13.6,14174000
2002-06-20,5980.0,0.0,15.8,14174000
2002-06-21,5800.0,0.0,17.0,14174000
2002-06-22,5570.0,0.0,16.1,14174000
2002-06-23,5410.0,0.0,15.6,14174000
2002-06-24,5260.0,0.0,16.7,14174000
2002-06-25,5120.0,0.0,20.3,14174000
2002-06-26,5090.0,0.0,21.7,14174000
2002-06-27,5110.0,0.0,18.3,14174000
2002-06-28,5170.0,3.7,16.0,14174000
2002-06-29,5240.0,12.2,15.3,14174000
2002-06-30,5240.0,0.0,15.7,14174000
2002-07-01,5190.0,0.0,16.9,14174000
2002-07-02,5040.0,0.0,16.5,14174000
2002-07-03,4820.0,0.0,16.0,14174000
2002-07-04,4560.0,0.0,14.4,14174000
2002-07-05,4410.0,0.0,16.8,14174000
2002-07-06,4280.0,0.0,18.9,14174000
2002-07-07,4240.0,0.6,18.9,14174000
2002-07-08,4210.0,0.4,18.1,14174000
2002-07-09,4190.0,0.0,20.5,14174000
2002-07-10,4180.0,0.0,24.4,14174000
2002-07-11,4200.0,0.0,22.8,14174000
2002-07-12,4200.0,0.0,23.2,14174000
2002-07-13,4240.0,0.0,22.1,14174000
2002-07-14,4310.0,0.0,17.9,14174000
2002-07-15,4370.0,0.0,18.4,14174000
2002-07-16,4410.0,0.0,19.9,14174000
2002-07-17,4530.0,0.0,18.7,14174000
2002-07-18,4630.0,0.0,18.5,14174000
2002-07-19,4750.0,0.0,18.5,14174000
2002-07-20,4850.0,0.0,20.0,14174000
2002-07-21,4890.0,0.0,22.2,14174000
2002-07-22,4930.0,0.0,24.3,14174000
2002-07-23,4930.0,0.4,21.7,14174000
2002-07-24,4900.0,0.0,20.6,14174000
2002-07-25,4860.0,0.0,19.5,14174000
2002-07-26,4830.0,0.0,19.4,14174000
2002-07-27,4820.0,0.0,17.5,14174000
2002-07-28,4820.0,0.0,19.1,14174000
2002-07-29,4820.0,0.0,21.9,14174000
2002-07-30,4800.0,0.0,22.1,14174000
2002-07-31,4810.0,0.0,17.7,14174000
2002-08-01,4880.0,0.0,19.1,14174000
2002-08-02,4910.0,0.0,17.1,14174000
2002-08-03,4920.0,0.0,16.9,14174000
2002-08-04,4960.0,0.9,15.6,14174000
2002-08-05,5020.0,0.1,15.8,14174000
2002-08-06,5060.0,0.3,15.1,14174000
2002-08-07,5050.0,0.0,16.6,14174000
2002-08-08,5020.0,0.0,18.2,14174000
2002-08-09,4980.0,0.0,20.8,14174000
2002-08-10,4970.0,0.0,21.8,14174000
2002-08-11,5050.0,0.0,20.3,14174000
2002-08-12,5110.0,0.0,22.9,14174000
2002-08-13,5160.0,0.0,26.8,14174000
2002-08-14,5150.0,0.0,27.9,14174000
2002-08-15,5130.0,0.0,20.5,14174000
2002-08-16,5100.0,0.0,19.4,14174000
2002-08-17,5110.0,0.0,21.5,14174000
2002-08-18,5100.0,0.0,17.8,14174000
2002-08-19,5100.0,0.0,17.7,14174000
2002-08-20,5120.0,0.1,17.3,14174000
2002-08-21,5240.0,0.0,15.8,14174000
2002-08-22,5400.0,0.0,17.4,14174000
2002-08-23,5440.0,0.0,19.8,14174000
2002-08-24,5420.0,0.0,19.1,14174000
2002-08-25,5390.0,0.0,18.1,14174000
2002-08-26,5390.0,0.0,18.4,14174000
2002-08-27,5380.0,0.0,19.6,14174000
2002-08-28,5350.0,0.0,24.6,14174000
2002-08-29,5320.0,0.0,23.1,14174000
2002-08-30,5250.0,0.0,17.0,14174000
2002-08-31,5220.0,0.0,18.2,14174000
2002-09-01,5230.0,0.0,20.0,14174000
2002-09-02,5230.0,0.0,21.1,14174000
2002-09-03,5230.0,0.0,19.0,14174000
2002-09-04,5200.0,0.0,15.7,14174000
2002-09-05,5190.0,0.0,15.0,14174000
2002-09-06,5230.0,0.3,15.2,14174000
2002-09-07,5260.0,0.1,13.9,14174000
2002-09-08,5230.0,0.0,15.1,14174000
2002-09-09,5240.0,0.0,17.9,14174000
2002-09-10,5250.0,0.0,19.2,14174000
2002-09-11,5240.0,0.0,19.7,14174000
2002-09-12,5230.0,0.0,20.6,14174000
2002-09-13,5250.0,0.0,21.2,14174000
2002-09-14,5250.0,0.0,19.3,14174000
2002-09-15,5260.0,0.0,16.6,14174000
2002-09-16,5330.0,0.3,15.9,14174000
2002-09-17,5420.0,24.0,14.7,14174000
2002-09-18,5700.0,1.1,14.4,14174000
2002-09-19,6000.0,0.0,15.9,14174000
2002-09-20,5970.0,0.0,16.1,14174000
2002-09-21,5680.0,0.0,16.2,14174000
2002-09-22,5410.0,0.0,17.2,14174000
2002-09-23,5360.0,0.0,18.7,14174000
2002-09-24,5390.0,0.0,17.8,14174000
2002-09-25,5430.0,0.0,18.2,14174000
2002-09-26,5550.0,0.0,18.5,14174000
2002-09-27,5660.0,0.0,16.6,14174000
2002-09-28,5730.0,0.0,16.9,14174000
2002-09-29,5800.0,2.8,14.6,14174000
2002-09-30,5910.0,4.3,11.4,14174000
2002-10-01,6060.0,0.0,10.4,14174000
2002-10-02,6230.0,0.0,10.9,14174000
2002-10-03,6490.0,3.9,10.8,14174000
2002-10-04,6870.0,0.4,12.8,14174000
2002-10-05,7050.0,0.0,12.7,14174000
2002-10-06,6870.0,0.0,13.4,14174000
2002-10-07,6670.0,0.0,13.3,14174000
2002-10-08,6520.0,0.0,12.8,14174000
2002-10-09,6380.0,0.0,12.7,14174000
2002-10-10,6180.0,0.2,10.7,14174000
2002-10-11,6000.0,0.0,9.4,14174000
2002-10-12,5880.0,0.0,9.7,14174000
2002-10-13,5730.0,0.0,11.6,14174000
2002-10-14,5620.0,0.0,11.9,14174000
2002-10-15,5500.0,0.0,12.5,14174000
2002-10-16,5400.0,0.0,13.7,14174000
2002-10-17,5520.0,0.0,15.1,14174000
2002-10-18,5730.0,0.0,11.9,14174000
2002-10-19,5870.0,0.0,14.5,14174000
2002-10-20,5920.0,0.0,13.8,14174000
2002-10-21,5960.0,0.0,13.0,14174000
2002-10-22,6020.0,0.0,12.3,14174000
2002-10-23,6060.0,0.0,12.1,14174000
2002-10-24,6100.0,0.0,11.0,14174000
2002-10-25,6100.0,0.0,9.9,14174000
2002-10-26,6100.0,0.0,8.3,14174000
2002-10-27,6060.0,0.0,7.6,14174000
2002-10-28,5960.0,0.0,10.0,14174000
2002-10-29,5900.0,0.0,8.8,14174000
2002-10-30,5780.0,0.0,4.8,14174000
2002-10-31,5530.0,0.0,2.8,14174000
2002-11-01,5350.0,0.0,3.5,14174000
2002-11-02,5200.0,0.0,5.0,14174000
2002-11-03,5070.0,0.0,7.2,14174000
2002-11-04,5000.0,0.0,8.4,14174000
2002-11-05,4940.0,0.0,10.4,14174000
2002-11-06,4910.0,1.6,9.9,14174000
2002-11-07,4910.0,6.8,10.7,14174000
2002-11-08,5020.0,27.5,10.2,14174000
2002-11-09,5390.0,22.7,9.1,14174000
2002-11-10,7540.0,15.4,8.9,14174000
2002-11-11,9380.0,14.6,9.6,14174000
2002-11-12,9530.0,11.5,10.4,14174000
2002-11-13,8600.0,4.3,10.1,14174000
2002-11-14,7950.0,5.9,10.8,14174000
2002-11-15,7670.0,0.0,7.7,14174000
2002-11-16,6930.0,5.9,7.1,14174000
2002-11-17,6540.0,6.8,8.2,14174000
2002-11-18,7200.0,0.1,7.9,14174000
2002-11-19,7030.0,5.3,10.6,14174000
2002-11-20,6500.0,0.0,9.9,14174000
2002-11-21,5860.0,0.0,10.4,14174000
2002-11-22,5290.0,0.0,9.5,14174000
2002-11-23,5080.0,0.0,8.1,14174000
2002-11-24,5030.0,3.0,7.5,14174000
2002-11-25,5050.0,0.0,3.2,14174000
2002-11-26,4970.0,0.0,2.9,14174000
2002-11-27,4850.0,0.0,2.3,14174000
2002-11-28,4770.0,0.0,3.1,14174000
2002-11-29,4670.0,0.0,3.6,14174000
2002-11-30,4580.0,0.0,2.3,14174000
2002-12-01,4430.0,0.0,2.7,14174000
2002-12-02,4310.0,0.0,3.1,14174000
2002-12-03,4270.0,0.0,2.5,14174000
2002-12-04,4300.0,1.0,3.6,14174000
2002-12-05,4310.0,0.0,5.0,14174000
2002-12-06,4220.0,0.0,4.2,14174000
2002-12-07,3930.0,0.0,3.7,14174000
2002-12-08,3750.0,0.0,2.1,14174000
2002-12-09,3740.0,0.1,1.9,14174000
2002-12-10,3760.0,17.4,7.2,14174000
2002-12-11,3950.0,6.0,6.4,14174000
2002-12-12,4530.0,4.9,11.1,14174000
2002-12-13,5930.0,31.2,7.5,14174000
2002-12-14,8360.0,34.4,10.6,14174000
2002-12-15,10700.0,7.8,8.2,14174000
2002-12-16,18500.0,55.0,7.4,14174000
2002-12-17,24700.0,10.4,4.3,14174000
2002-12-18,22300.0,1.7,4.4,14174000
2002-12-19,19100.0,5.3,2.9,14174000
2002-12-20,16000.0,3.8,3.3,14174000
2002-12-21,16200.0,16.9,6.5,14174000
2002-12-22,18100.0,3.7,3.7,14174000
2002-12-23,16700.0,1.1,3.8,14174000
2002-12-24,13700.0,3.2,3.2,14174000
2002-12-25,11600.0,0.1,4.2,14174000
2002-12-26,10500.0,12.3,6.2,14174000
2002-12-27,16300.0,19.4,8.3,14174000
2002-12-28,25900.0,19.8,5.6,14174000
2002-12-29,32700.0,9.0,4.9,14174000
2002-12-30,35900.0,27.3,6.0,14174000
2002-12-31,44500.0,26.4,7.0,14174000
2003-01-01,52000.0,2.7,6.5,14174000
2003-01-02,44400.0,5.9,8.1,14174000
2003-01-03,38900.0,12.8,8.7,14174000
2003-01-04,41900.0,17.7,9.0,14174000
2003-01-05,42800.0,0.9,4.9,14174000
2003-01-06,39100.0,0.0,3.4,14174000
2003-01-07,33000.0,0.0,3.7,14174000
2003-01-08,28700.0,0.0,3.0,14174000
2003-01-09,24200.0,0.0,1.1,14174000
2003-01-10,21000.0,0.7,3.3,14174000
2003-01-11,19000.0,2.9,4.5,14174000
2003-01-12,18200.0,20.8,7.5,14174000
2003-01-13,22600.0,13.4,8.1,14174000
2003-01-14,25900.0,7.1,7.8,14174000
2003-01-15,24500.0,0.0,4.4,14174000
2003-01-16,20700.0,0.0,4.3,14174000
2003-01-17,17600.0,0.0,5.0,14174000
2003-01-18,15600.0,0.0,5.0,14174000
2003-01-19,13500.0,0.0,5.7,14174000
2003-01-20,12100.0,0.0,4.6,14174000
2003-01-21,11000.0,1.4,6.7,14174000
2003-01-22,10600.0,3.5,8.5,14174000
2003-01-23,11100.0,5.5,10.1,14174000
2003-01-24,11600.0,3.1,9.1,14174000
2003-01-25,13200.0,0.9,10.2,14174000
2003-01-26,16600.0,15.9,12.2,14174000
2003-01-27,22900.0,1.2,10.0,14174000
2003-01-28,30200.0,0.0,8.3,14174000
2003-01-29,29200.0,6.9,7.6,14174000
2003-01-30,29800.0,38.3,10.6,14174000
2003-01-31,40200.0,12.6,12.1,14174000
2003-02-01,45600.0,22.2,7.8,14174000
2003-02-02,47800.0,1.1,7.5,14174000
2003-02-03,42000.0,0.0,5.7,14174000
2003-02-04,35500.0,0.0,5.6,14174000
2003-02-05,31500.0,0.0,2.6,14174000
2003-02-06,28000.0,0.0,2.0,14174000
2003-02-07,23900.0,0.0,2.6,14174000
2003-02-08,20000.0,0.0,2.3,14174000
2003-02-09,17000.0,0.0,3.8,14174000
2003-02-10,14600.0,0.0,3.6,14174000
2003-02-11,13200.0,0.0,2.6,14174000
2003-02-12,11400.0,0.0,4.2,14174000
2003-02-13,10100.0,0.9,5.1,14174000
2003-02-14,9200.0,1.6,8.2,14174000
2003-02-15,8880.0,9.0,7.1,14174000
2003-02-16,9070.0,18.3,7.1,14174000
2003-02-17,12400.0,19.7,6.4,14174000
2003-02-18,18400.0,13.7,7.1,14174000
2003-02-19,19600.0,6.1,7.5,14174000
2003-02-20,17500.0,3.0,6.1,14174000
2003-02-21,15500.0,2.3,8.7,14174000
2003-02-22,14700.0,2.2,6.8,14174000
2003-02-23,14300.0,0.0,4.4,14174000
2003-02-24,13200.0,0.0,3.2,14174000
2003-02-25,12200.0,0.0,1.5,14174000
2003-02-26,11200.0,0.0,3.7,14174000
2003-02-27,10200.0,0.0,5.6,14174000
2003-02-28,9500.0,1.5,5.1,14174000
2003-03-01,9050.0,5.3,6.6,14174000
2003-03-02,8770.0,0.1,5.9,14174000
2003-03-03,8540.0,5.7,6.4,14174000
2003-03-04,8550.0,0.0,5.0,14174000
2003-03-05,8310.0,0.4,7.0,14174000
2003-03-06,8580.0,13.8,6.8,14174000
2003-03-07,14000.0,34.2,7.5,14174000
2003-03-08,27500.0,19.9,8.8,14174000
2003-03-09,31400.0,8.2,9.2,14174000
2003-03-10,27500.0,2.5,10.7,14174000
2003-03-11,25500.0,1.1,10.7,14174000
2003-03-12,24100.0,1.4,12.0,14174000
2003-03-13,24100.0,5.1,11.9,14174000
2003-03-14,22600.0,5.5,10.9,14174000
2003-03-15,19800.0,8.2,10.3,14174000
2003-03-16,17300.0,5.9,7.0,14174000
2003-03-17,15500.0,4.9,6.3,14174000
2003-03-18,14300.0,1.5,5.9,14174000
2003-03-19,13100.0,6.5,7.8,14174000
2003-03-20,13600.0,10.0,8.4,14174000
2003-03-21,14400.0,16.8,7.8,14174000
2003-03-22,19900.0,26.0,9.8,14174000
2003-03-23,31300.0,5.1,5.8,14174000
2003-03-24,32300.0,0.3,5.2,14174000
2003-03-25,27900.0,11.4,8.0,14174000
2003-03-26,31100.0,23.2,8.3,14174000
2003-03-27,38800.0,3.3,6.0,14174000
2003-03-28,39300.0,0.3,7.8,14174000
2003-03-29,35200.0,0.0,10.7,14174000
2003-03-30,30100.0,0.0,14.2,14174000
2003-03-31,25800.0,1.0,11.7,14174000
2003-04-01,23600.0,6.2,7.2,14174000
2003-04-02,22400.0,7.5,4.5,14174000
2003-04-03,21100.0,13.3,4.6,14174000
2003-04-04,20600.0,20.9,4.2,14174000
2003-04-05,19800.0,6.6,4.0,14174000
2003-04-06,20000.0,15.1,6.0,14174000
2003-04-07,21400.0,2.6,9.2,14174000
2003-04-08,19700.0,0.0,10.7,14174000
2003-04-09,18500.0,4.1,10.3,14174000
2003-04-10,18300.0,6.4,10.8,14174000
2003-04-11,18300.0,2.1,10.5,14174000
2003-04-12,19100.0,10.3,10.2,14174000
2003-04-13,23100.0,22.8,8.8,14174000
2003-04-14,24300.0,4.5,7.3,14174000
2003-04-15,22400.0,5.2,8.1,14174000
2003-04-16,20700.0,5.3,8.7,14174000
2003-04-17,19700.0,7.5,9.0,14174000
2003-04-18,20000.0,1.6,7.4,14174000
2003-04-19,19500.0,0.0,9.0,14174000
2003-04-20,17900.0,0.0,10.0,14174000
2003-04-21,17700.0,9.5,9.4,14174000
2003-04-22,18400.0,0.0,8.8,14174000
2003-04-23,17600.0,15.9,7.7,14174000
2003-04-24,21700.0,18.5,6.6,14174000
2003-04-25,26400.0,7.4,5.3,14174000
2003-04-26,24000.0,8.8,7.4,14174000
2003-04-27,21600.0,2.5,8.0,14174000
2003-04-28,18900.0,0.3,11.5,14174000
2003-04-29,16200.0,2.5,10.1,14174000
2003-04-30,13600.0,6.1,10.4,14174000
2003-05-01,12300.0,0.4,11.6,14174000
2003-05-02,11500.0,0.0,12.9,14174000
2003-05-03,10800.0,0.2,10.0,14174000
2003-05-04,11000.0,18.5,8.4,14174000
2003-05-05,12100.0,4.1,8.2,14174000
2003-05-06,12500.0,0.0,9.2,14174000
2003-05-07,11900.0,0.3,8.9,14174000
2003-05-08,11300.0,2.2,7.9,14174000
2003-05-09,11200.0,0.8,9.3,14174000
2003-05-10,11000.0,0.0,10.3,14174000
2003-05-11,10600.0,0.4,11.7,14174000
2003-05-12,10600.0,6.2,11.6,14174000
2003-05-13,10400.0,0.0,12.6,14174000
2003-05-14,10200.0,0.0,13.0,14174000
2003-05-15,10100.0,1.3,10.2,14174000
2003-05-16,10100.0,3.1,7.9,14174000
2003-05-17,10500.0,0.6,7.4,14174000
2003-05-18,10700.0,0.0,8.2,14174000
2003-05-19,10600.0,0.0,10.7,14174000
2003-05-20,10300.0,0.0,13.3,14174000
2003-05-21,9750.0,0.0,14.0,14174000
2003-05-22,9520.0,0.0,15.6,14174000
2003-05-23,9050.0,0.0,17.3,14174000
2003-05-24,9060.0,0.0,16.6,14174000
2003-05-25,8770.0,2.0,13.8,14174000
2003-05-26,8860.0,0.0,14.3,14174000
2003-05-27,8660.0,0.0,16.0,14174000
2003-05-28,8470.0,0.0,17.5,14174000
2003-05-29,8810.0,0.0,16.6,14174000
2003-05-30,8740.0,3.3,15.3,14174000
2003-05-31,8740.0,0.0,13.5,14174000
2003-06-01,8510.0,0.0,15.2,14174000
2003-06-02,8280.0,0.0,14.3,14174000
2003-06-03,8350.0,0.0,16.1,14174000
2003-06-04,8890.0,0.0,19.5,14174000
2003-06-05,8940.0,0.0,22.0,14174000
2003-06-06,8850.0,0.0,24.4,14174000
2003-06-07,8730.0,0.0,21.1,14174000
2003-06-08,8770.0,0.0,18.4,14174000
2003-06-09,8920.0,0.0,15.4,14174000
2003-06-10,8910.0,0.0,14.4,14174000
2003-06-11,8660.0,0.0,15.2,14174000
2003-06-12,7960.0,0.0,15.4,14174000
2003-06-13,7350.0,1.3,13.7,14174000
2003-06-14,6590.0,0.0,14.8,14174000
2003-06-15,5890.0,0.0,16.2,14174000
2003-06-16,5420.0,0.0,18.2,14174000
2003-06-17,5210.0,0.0,20.0,14174000
2003-06-18,4740.0,0.0,16.3,14174000
2003-06-19,4560.0,0.0,14.3,14174000
2003-06-20,4460.0,1.1,13.8,14174000
2003-06-21,4450.0,0.7,13.1,14174000
2003-06-22,4450.0,0.1,13.4,14174000
2003-06-23,4420.0,0.0,13.6,14174000
2003-06-24,4480.0,0.0,14.7,14174000
2003-06-25,4420.0,0.0,17.1,14174000
2003-06-26,4310.0,0.0,21.2,14174000
2003-06-27,4250.0,0.0,23.5,14174000
2003-06-28,4200.0,0.0,24.1,14174000
2003-06-29,4360.0,0.0,24.1,14174000
2003-06-30,4430.0,0.2,17.2,14174000
2003-07-01,4460.0,0.0,16.3,14174000
2003-07-02,4410.0,0.0,16.0,14174000
2003-07-03,4340.0,0.0,17.1,14174000
2003-07-04,4340.0,0.0,17.9,14174000
2003-07-05,4500.0,0.0,18.3,14174000
2003-07-06,4530.0,0.0,20.1,14174000
2003-07-07,4490.0,0.0,18.7,14174000
2003-07-08,4450.0,0.0,17.6,14174000
2003-07-09,4660.0,0.0,19.7,14174000
2003-07-10,4660.0,0.0,21.5,14174000
2003-07-11,4610.0,0.0,19.0,14174000
2003-07-12,4580.0,0.0,20.0,14174000
2003-07-13,4600.0,0.6,19.3,14174000
2003-07-14,4620.0,0.0,19.2,14174000
2003-07-15,4560.0,0.0,19.6,14174000
2003-07-16,4530.0,0.0,18.3,14174000
2003-07-17,4570.0,0.0,18.9,14174000
2003-07-18,4610.0,0.0,22.0,14174000
2003-07-19,4640.0,0.0,22.9,14174000
2003-07-20,4590.0,0.0,22.8,14174000
2003-07-21,4580.0,0.0,25.0,14174000
2003-07-22,4470.0,0.0,24.1,14174000
2003-07-23,4440.0,0.0,22.2,14174000
2003-07-24,4530.0,0.0,20.2,14174000
2003-07-25,4570.0,0.0,19.1,14174000
2003-07-26,4620.0,0.0,18.6,14174000
2003-07-27,4680.0,0.0,21.3,14174000
2003-07-28,4690.0,0.0,26.2,14174000
2003-07-29,4630.0,0.0,26.9,14174000
2003-07-30,4590.0,0.0,26.3,14174000
2003-07-31,4460.0,0.0,23.8,14174000
2003-08-01,4450.0,0.0,21.7,14174000
2003-08-02,4650.0,0.0,21.6,14174000
2003-08-03,4970.0,0.0,19.9,14174000
2003-08-04,4820.0,0.0,20.1,14174000
2003-08-05,4710.0,1.0,19.7,14174000
2003-08-06,4720.0,0.0,17.6,14174000
2003-08-07,4610.0,1.9,18.4,14174000
2003-08-08,4650.0,0.4,18.5,14174000
2003-08-09,4600.0,0.0,19.5,14174000
2003-08-10,4520.0,0.0,19.2,14174000
2003-08-11,4530.0,0.0,18.8,14174000
2003-08-12,4600.0,0.0,18.3,14174000
2003-08-13,4490.0,0.0,19.6,14174000
2003-08-14,4500.0,0.0,21.6,14174000
2003-08-15,4580.0,0.0,20.9,14174000
2003-08-16,4700.0,0.0,18.6,14174000
2003-08-17,4760.0,0.0,21.7,14174000
2003-08-18,4760.0,0.0,22.7,14174000
2003-08-19,4700.0,0.0,21.5,14174000
2003-08-20,4590.0,0.0,18.5,14174000
2003-08-21,4620.0,0.0,22.2,14174000
2003-08-22,4650.0,2.6,18.6,14174000
2003-08-23,4700.0,0.0,16.8,14174000
2003-08-24,4730.0,0.0,19.4,14174000
2003-08-25,4730.0,0.0,21.1,14174000
2003-08-26,4700.0,0.0,18.5,14174000
2003-08-27,4600.0,0.0,17.9,14174000
2003-08-28,4550.0,0.0,19.1,14174000
2003-08-29,4560.0,0.0,19.9,14174000
2003-08-30,4620.0,0.0,22.2,14174000
2003-08-31,4630.0,0.0,20.7,14174000
2003-09-01,4670.0,0.0,19.6,14174000
2003-09-02,4630.0,0.0,23.1,14174000
2003-09-03,4570.0,0.0,25.6,14174000
2003-09-04,4480.0,0.0,25.5,14174000
2003-09-05,4490.0,0.0,23.3,14174000
2003-09-06,4520.0,0.0,19.5,14174000
2003-09-07,4630.0,3.6,16.3,14174000
2003-09-08,4790.0,3.0,14.2,14174000
2003-09-09,5050.0,13.0,14.6,14174000
2003-09-10,5140.0,0.3,16.2,14174000
2003-09-11,4970.0,0.0,17.2,14174000
2003-09-12,4940.0,0.1,16.0,14174000
2003-09-13,4890.0,0.0,16.1,14174000
2003-09-14,4800.0,0.0,17.8,14174000
2003-09-15,4760.0,0.0,15.3,14174000
2003-09-16,4750.0,4.8,12.9,14174000
2003-09-17,4710.0,0.1,12.4,14174000
2003-09-18,4750.0,0.0,15.3,14174000
2003-09-19,4660.0,0.6,16.6,14174000
2003-09-20,4620.0,0.0,15.0,14174000
2003-09-21,4560.0,0.0,15.7,14174000
2003-09-22,4540.0,0.0,18.3,14174000
2003-09-23,4600.0,0.0,18.6,14174000
2003-09-24,4580.0,0.0,18.6,14174000
2003-09-25,4600.0,0.0,20.0,14174000
2003-09-26,4650.0,0.0,20.9,14174000
2003-09-27,4590.0,0.0,22.6,14174000
2003-09-28,4660.0,0.0,19.6,14174000
2003-09-29,4660.0,0.0,16.1,14174000
2003-09-30,4600.0,0.0,15.6,14174000
2003-10-01,4460.0,0.0,16.4,14174000
2003-10-02,4470.0,0.0,15.1,14174000
2003-10-03,4450.0,0.0,15.7,14174000
2003-10-04,4410.0,0.0,15.5,14174000
2003-10-05,4410.0,0.0,14.8,14174000
2003-10-06,4480.0,0.0,15.4,14174000
2003-10-07,4610.0,7.9,15.6,14174000
2003-10-08,4570.0,2.8,13.3,14174000
2003-10-09,4530.0,5.7,11.4,14174000
2003-10-10,4560.0,1.7,10.5,14174000
2003-10-11,4660.0,4.2,10.7,14174000
2003-10-12,4890.0,5.3,11.3,14174000
2003-10-13,5030.0,0.0,10.8,14174000
2003-10-14,4860.0,1.2,10.6,14174000
2003-10-15,4740.0,8.5,9.7,14174000
2003-10-16,4870.0,0.2,14.1,14174000
2003-10-17,4930.0,0.0,17.5,14174000
2003-10-18,4820.0,0.0,14.2,14174000
2003-10-19,4860.0,7.5,14.6,14174000
2003-10-20,4850.0,0.4,17.7,14174000
2003-10-21,4770.0,0.0,19.1,14174000
2003-10-22,4780.0,0.0,17.6,14174000
2003-10-23,4810.0,4.3,12.1,14174000
2003-10-24,4870.0,0.0,10.3,14174000
2003-10-25,4820.0,0.0,11.6,14174000
2003-10-26,4850.0,0.0,13.1,14174000
2003-10-27,4830.0,0.0,14.9,14174000
2003-10-28,4820.0,0.0,15.2,14174000
2003-10-29,4870.0,3.5,11.1,14174000
2003-10-30,4810.0,0.3,6.2,14174000
2003-10-31,4580.0,0.0,4.5,14174000
2003-11-01,4380.0,0.0,1.9,14174000
2003-11-02,4390.0,5.6,3.5,14174000
2003-11-03,4580.0,1.0,2.2,14174000
2003-11-04,4450.0,1.9,3.8,14174000
2003-11-05,4310.0,3.6,4.2,14174000
2003-11-06,4400.0,0.0,4.4,14174000
2003-11-07,4460.0,0.5,8.4,14174000
2003-11-08,4470.0,4.8,7.6,14174000
2003-11-09,4480.0,2.5,7.5,14174000
2003-11-10,4410.0,1.9,8.6,14174000
2003-11-11,4400.0,3.9,10.1,14174000
2003-11-12,4510.0,0.0,6.6,14174000
2003-11-13,4770.0,0.0,6.1,14174000
2003-11-14,4780.0,0.0,8.7,14174000
2003-11-15,4930.0,8.6,8.5,14174000
2003-11-16,5260.0,13.8,7.7,14174000
2003-11-17,5580.0,6.5,8.3,14174000
2003-11-18,6820.0,0.0,11.6,14174000
2003-11-19,7020.0,22.0,9.7,14174000
2003-11-20,7440.0,8.2,2.8,14174000
2003-11-21,7630.0,6.2,2.4,14174000
2003-11-22,6590.0,0.9,-0.3,14174000
2003-11-23,5800.0,0.0,2.7,14174000
2003-11-24,5400.0,8.7,4.6,14174000
2003-11-25,5530.0,16.0,4.1,14174000
2003-11-26,5760.0,10.0,5.3,14174000
2003-11-27,6230.0,0.1,3.3,14174000
2003-11-28,5900.0,0.5,6.1,14174000
2003-11-29,6930.0,49.5,7.9,14174000
2003-11-30,16500.0,4.4,7.1,14174000
2003-12-01,15800.0,0.2,5.9,14174000
2003-12-02,14300.0,0.0,9.0,14174000
2003-12-03,14000.0,9.1,8.1,14174000
2003-12-04,14700.0,1.6,5.0,14174000
2003-12-05,14900.0,18.5,9.5,14174000
2003-12-06,17700.0,19.5,7.9,14174000
2003-12-07,21800.0,8.4,5.8,14174000
2003-12-08,22800.0,3.2,6.2,14174000
2003-12-09,21600.0,2.8,5.5,14174000
2003-12-10,21000.0,9.7,5.8,14174000
2003-12-11,21700.0,2.7,6.2,14174000
2003-12-12,19400.0,14.1,7.2,14174000
2003-12-13,23200.0,59.3,8.7,14174000
2003-12-14,44800.0,29.5,3.6,14174000
2003-12-15,58900.0,2.2,3.1,14174000
2003-12-16,53400.0,1.0,4.2,14174000
2003-12-17,45500.0,3.8,6.7,14174000
2003-12-18,41100.0,0.0,3.7,14174000
2003-12-19,37400.0,1.2,2.9,14174000
2003-12-20,34200.0,6.0,6.8,14174000
2003-12-21,31700.0,2.3,7.9,14174000
2003-12-22,28000.0,0.0,5.6,14174000
2003-12-23,22500.0,0.0,3.9,14174000
2003-12-24,19300.0,15.9,7.6,14174000
2003-12-25,20500.0,8.6,5.1,14174000
2003-12-26,21100.0,1.5,0.6,14174000
2003-12-27,20600.0,8.9,2.3,14174000
2003-12-28,23800.0,22.2,5.5,14174000
2003-12-29,36200.0,39.6,2.0,14174000
2003-12-30,45200.0,0.0,-4.6,14174000
2003-12-31,39000.0,6.4,0.6,14174000
2004-01-01,35300.0,31.1,1.0,14174000
2004-01-02,38100.0,3.2,0.6,14174000
2004-01-03,36700.0,4.2,0.6,14174000
2004-01-04,30900.0,1.3,-0.8,14174000
2004-01-05,26100.0,0.8,-1.4,14174000
2004-01-06,23000.0,17.3,-1.1,14174000
2004-01-07,22900.0,12.3,2.5,14174000
2004-01-08,30400.0,9.0,3.3,14174000
2004-01-09,36300.0,5.6,3.7,14174000
2004-01-10,36600.0,3.9,5.4,14174000
2004-01-11,34800.0,0.0,4.9,14174000
2004-01-12,31700.0,2.5,3.0,14174000
2004-01-13,29500.0,0.0,5.8,14174000
2004-01-14,28400.0,8.7,7.1,14174000
2004-01-15,28500.0,1.6,7.3,14174000
2004-01-16,29700.0,0.0,7.2,14174000
2004-01-17,27700.0,0.0,5.7,14174000
2004-01-18,24000.0,7.8,7.1,14174000
2004-01-19,23300.0,7.7,8.0,14174000
2004-01-20,25100.0,0.5,5.6,14174000
2004-01-21,25600.0,0.0,3.2,14174000
2004-01-22,23400.0,0.0,2.6,14174000
2004-01-23,21400.0,20.0,5.4,14174000
2004-01-24,26500.0,10.6,6.6,14174000
2004-01-25,35200.0,4.4,3.9,14174000
2004-01-26,34300.0,1.0,5.0,14174000
2004-01-27,32600.0,21.0,6.1,14174000
2004-01-28,33900.0,13.2,7.5,14174000
2004-01-29,36600.0,16.4,9.3,14174000
2004-01-30,40900.0,20.2,7.5,14174000
2004-01-31,42700.0,5.8,3.6,14174000
2004-02-01,45000.0,7.1,4.6,14174000
2004-02-02,43500.0,17.7,6.2,14174000
2004-02-03,40300.0,3.5,5.7,14174000
2004-02-04,36100.0,5.2,6.1,14174000
2004-02-05,32100.0,0.0,5.4,14174000
2004-02-06,28000.0,12.7,5.9,14174000
2004-02-07,25900.0,7.1,5.9,14174000
2004-02-08,25200.0,0.0,4.6,14174000
2004-02-09,22300.0,0.0,2.9,14174000
2004-02-10,19400.0,0.0,2.9,14174000
2004-02-11,16800.0,0.0,3.5,14174000
2004-02-12,14800.0,0.0,3.2,14174000
2004-02-13,13100.0,2.3,2.9,14174000
2004-02-14,11900.0,3.9,3.7,14174000
2004-02-15,11700.0,9.0,7.7,14174000
2004-02-16,12900.0,20.9,7.9,14174000
2004-02-17,19200.0,20.6,6.5,14174000
2004-02-18,25900.0,12.6,9.1,14174000
2004-02-19,26300.0,2.7,6.6,14174000
2004-02-20,23900.0,0.0,4.7,14174000
2004-02-21,20600.0,0.0,5.5,14174000
2004-02-22,17900.0,0.1,7.0,14174000
2004-02-23,15600.0,4.6,8.1,14174000
2004-02-24,14900.0,6.8,7.6,14174000
2004-02-25,15200.0,11.0,6.2,14174000
2004-02-26,15000.0,3.3,6.8,14174000
2004-02-27,14900.0,5.6,7.0,14174000
2004-02-28,15000.0,1.4,6.5,14174000
2004-02-29,14500.0,4.2,6.2,14174000
2004-03-01,14500.0,13.7,6.2,14174000
2004-03-02,14800.0,0.0,6.9,14174000
2004-03-03,13600.0,3.5,5.4,14174000
2004-03-04,13200.0,4.6,6.6,14174000
2004-03-05,14100.0,6.6,6.1,14174000
2004-03-06,15000.0,2.2,5.4,14174000
2004-03-07,15600.0,0.0,9.6,14174000
2004-03-08,14500.0,0.0,11.5,14174000
2004-03-09,13500.0,0.0,12.1,14174000
2004-03-10,13000.0,0.0,7.1,14174000
2004-03-11,12400.0,0.0,8.5,14174000
2004-03-12,11600.0,0.0,8.7,14174000
2004-03-13,11100.0,0.0,8.2,14174000
2004-03-14,10700.0,0.0,10.3,14174000
2004-03-15,10300.0,0.0,9.7,14174000
2004-03-16,9760.0,0.0,9.6,14174000
2004-03-17,9120.0,0.0,9.0,14174000
2004-03-18,8600.0,1.5,9.3,14174000
2004-03-19,8500.0,1.3,6.6,14174000
2004-03-20,8360.0,0.0,7.6,14174000
2004-03-21,8070.0,0.0,12.2,14174000
2004-03-22,7890.0,0.0,12.2,14174000
2004-03-23,7790.0,0.0,11.5,14174000
2004-03-24,7760.0,7.8,10.3,14174000
2004-03-25,7910.0,13.6,8.7,14174000
2004-03-26,8140.0,11.5,6.5,14174000
2004-03-27,8960.0,10.3,8.4,14174000
2004-03-28,9630.0,0.0,8.6,14174000
2004-03-29,9020.0,0.0,12.6,14174000
2004-03-30,8870.0,7.3,10.0,14174000
2004-03-31,9750.0,1.5,6.7,14174000
2004-04-01,10500.0,0.0,7.0,14174000
2004-04-02,10300.0,0.0,7.9,14174000
2004-04-03,10000.0,0.0,12.1,14174000
2004-04-04,9610.0,0.0,10.0,14174000
2004-04-05,9490.0,0.0,8.8,14174000
2004-04-06,9840.0,0.0,9.9,14174000
2004-04-07,10600.0,0.0,9.5,14174000
2004-04-08,10200.0,0.0,9.4,14174000
2004-04-09,9540.0,0.0,11.3,14174000
2004-04-10,9520.0,0.0,13.8,14174000
2004-04-11,9380.0,0.0,15.7,14174000
2004-04-12,9200.0,0.0,11.4,14174000
2004-04-13,9020.0,3.4,9.9,14174000
2004-04-14,9330.0,15.0,8.6,14174000
2004-04-15,9980.0,15.9,7.4,14174000
2004-04-16,10300.0,5.6,8.2,14174000
2004-04-17,10200.0,2.3,8.9,14174000
2004-04-18,9550.0,5.6,7.7,14174000
2004-04-19,8980.0,6.1,9.1,14174000
2004-04-20,9210.0,18.9,7.8,14174000
2004-04-21,11900.0,20.2,8.0,14174000
2004-04-22,15900.0,0.5,9.1,14174000
2004-04-23,14200.0,0.3,10.6,14174000
2004-04-24,11800.0,0.0,8.5,14174000
2004-04-25,10200.0,0.0,11.8,14174000
2004-04-26,9230.0,0.0,17.1,14174000
2004-04-27,9030.0,0.0,17.4,14174000
2004-04-28,8990.0,0.0,10.7,14174000
2004-04-29,8920.0,0.0,12.5,14174000
2004-04-30,8890.0,0.0,16.2,14174000
2004-05-01,8720.0,0.0,16.8,14174000
2004-05-02,8760.0,0.0,15.1,14174000
2004-05-03,8840.0,0.0,14.8,14174000
2004-05-04,8830.0,0.3,13.4,14174000
2004-05-05,9330.0,0.1,12.0,14174000
2004-05-06,9470.0,0.0,12.5,14174000
2004-05-07,9740.0,2.9,13.4,14174000
2004-05-08,9940.0,3.5,12.5,14174000
2004-05-09,9660.0,0.0,12.3,14174000
2004-05-10,9360.0,0.6,11.3,14174000
2004-05-11,9420.0,3.0,10.5,14174000
2004-05-12,10300.0,0.1,11.7,14174000
2004-05-13,10600.0,0.0,12.4,14174000
2004-05-14,10300.0,0.0,12.8,14174000
2004-05-15,9680.0,0.0,12.7,14174000
2004-05-16,9430.0,0.5,12.6,14174000
2004-05-17,9360.0,0.5,13.4,14174000
2004-05-18,9300.0,3.9,13.4,14174000
2004-05-19,9880.0,1.0,13.0,14174000
2004-05-20,10700.0,0.0,14.1,14174000
2004-05-21,10500.0,0.0,13.4,14174000
2004-05-22,10600.0,1.0,12.1,14174000
2004-05-23,10400.0,1.6,12.3,14174000
2004-05-24,10300.0,0.0,13.8,14174000
2004-05-25,10000.0,0.0,16.6,14174000
2004-05-26,9610.0,1.4,15.8,14174000
2004-05-27,9340.0,5.9,13.3,14174000
2004-05-28,10200.0,17.2,10.9,14174000
2004-05-29,15700.0,1.2,10.7,14174000
2004-05-30,17500.0,0.9,12.5,14174000
2004-05-31,14600.0,0.0,12.9,14174000
2004-06-01,12600.0,0.0,13.8,14174000
2004-06-02,10500.0,0.0,14.6,14174000
2004-06-03,9060.0,0.0,16.8,14174000
2004-06-04,8230.0,0.0,16.6,14174000
2004-06-05,7740.0,4.0,15.4,14174000
2004-06-06,7540.0,9.5,13.1,14174000
2004-06-07,7580.0,5.3,11.7,14174000
2004-06-08,8190.0,8.3,11.5,14174000
2004-06-09,10000.0,0.9,13.2,14174000
2004-06-10,12000.0,0.6,13.1,14174000
2004-06-11,13600.0,0.0,12.1,14174000
2004-06-12,13300.0,0.0,13.3,14174000
2004-06-13,11900.0,1.6,13.4,14174000
2004-06-14,9990.0,0.0,12.8,14174000
2004-06-15,8520.0,0.0,13.8,14174000
2004-06-16,7680.0,0.0,17.7,14174000
2004-06-17,7270.0,0.0,20.6,14174000
2004-06-18,6820.0,0.0,22.2,14174000
2004-06-19,6480.0,0.0,20.3,14174000
2004-06-20,6230.0,0.0,21.4,14174000
2004-06-21,6010.0,0.0,20.2,14174000
2004-06-22,5690.0,0.0,17.6,14174000
2004-06-23,5590.0,0.0,17.1,14174000
2004-06-24,5780.0,0.0,18.6,14174000
2004-06-25,6010.0,0.0,18.1,14174000
2004-06-26,5930.0,0.1,17.7,14174000
2004-06-27,5770.0,0.0,17.9,14174000
2004-06-28,5650.0,0.0,19.1,14174000
2004-06-29,5510.0,0.0,19.1,14174000
2004-06-30,5100.0,0.0,18.9,14174000
2004-07-01,4740.0,0.0,18.9,14174000
2004-07-02,4710.0,0.0,17.9,14174000
2004-07-03,4800.0,0.4,18.3,14174000
2004-07-04,4790.0,0.0,17.6,14174000
2004-07-05,4780.0,0.0,18.6,14174000
2004-07-06,4710.0,0.0,20.8,14174000
2004-07-07,4660.0,0.0,17.4,14174000
2004-07-08,4630.0,0.0,16.8,14174000
2004-07-09,4570.0,0.0,17.4,14174000
2004-07-10,4570.0,0.0,17.3,14174000
2004-07-11,4680.0,0.0,17.6,14174000
2004-07-12,4750.0,0.0,21.8,14174000
2004-07-13,4710.0,0.0,20.1,14174000
2004-07-14,4660.0,0.0,20.7,14174000
2004-07-15,4600.0,0.0,19.2,14174000
2004-07-16,4550.0,0.0,20.3,14174000
2004-07-17,4690.0,0.1,21.9,14174000
2004-07-18,4830.0,0.0,22.2,14174000
2004-07-19,4850.0,1.3,21.2,14174000
2004-07-20,4850.0,0.0,20.4,14174000
2004-07-21,4750.0,0.0,20.7,14174000
2004-07-22,4600.0,0.0,23.2,14174000
2004-07-23,4520.0,0.0,27.6,14174000
2004-07-24,4480.0,0.0,27.0,14174000
2004-07-25,4680.0,0.0,22.9,14174000
2004-07-26,4840.0,0.0,19.8,14174000
2004-07-27,4820.0,0.0,21.0,14174000
2004-07-28,4820.0,0.0,22.8,14174000
2004-07-29,4840.0,0.0,22.2,14174000
2004-07-30,4830.0,0.0,21.3,14174000
2004-07-31,4810.0,0.0,19.9,14174000
2004-08-01,5030.0,0.0,20.2,14174000
2004-08-02,5140.0,0.0,19.1,14174000
2004-08-03,5130.0,0.0,19.3,14174000
2004-08-04,5140.0,0.0,19.1,14174000
2004-08-05,5110.0,0.0,18.6,14174000
2004-08-06,5110.0,4.4,17.4,14174000
2004-08-07,5240.0,0.0,18.4,14174000
2004-08-08,5290.0,0.0,21.3,14174000
2004-08-09,5280.0,0.0,25.3,14174000
2004-08-10,5150.0,0.0,22.6,14174000
2004-08-11,5090.0,0.0,23.9,14174000
2004-08-12,5280.0,0.0,23.0,14174000
2004-08-13,5280.0,0.0,21.9,14174000
2004-08-14,5250.0,0.0,22.4,14174000
2004-08-15,5240.0,0.0,20.0,14174000
2004-08-16,5270.0,0.0,20.0,14174000
2004-08-17,5350.0,0.0,21.3,14174000
2004-08-18,5330.0,0.0,22.3,14174000
2004-08-19,5230.0,0.0,23.1,14174000
2004-08-20,5160.0,0.0,22.5,14174000
2004-08-21,5160.0,0.5,22.3,14174000
2004-08-22,5300.0,18.7,17.4,14174000
2004-08-23,5650.0,4.2,16.2,14174000
2004-08-24,5680.0,3.8,16.9,14174000
2004-08-25,5150.0,16.1,16.6,14174000
2004-08-26,5160.0,10.5,15.9,14174000
2004-08-27,5910.0,0.7,17.3,14174000
2004-08-28,5940.0,0.0,17.7,14174000
2004-08-29,5700.0,0.0,18.9,14174000
2004-08-30,5660.0,0.0,20.0,14174000
2004-08-31,5500.0,0.0,21.6,14174000
2004-09-01,5260.0,0.0,19.1,14174000
2004-09-02,5210.0,0.5,15.9,14174000
2004-09-03,5250.0,0.2,15.6,14174000
2004-09-04,5270.0,0.0,16.1,14174000
2004-09-05,5290.0,0.0,16.4,14174000
2004-09-06,5250.0,0.0,16.9,14174000
2004-09-07,5230.0,0.0,17.8,14174000
2004-09-08,5070.0,0.0,18.3,14174000
2004-09-09,5030.0,0.0,18.2,14174000
2004-09-10,5060.0,0.0,18.1,14174000
2004-09-11,5130.0,6.0,18.9,14174000
2004-09-12,5250.0,0.0,16.3,14174000
2004-09-13,5380.0,6.1,15.7,14174000
2004-09-14,5420.0,0.3,15.4,14174000
2004-09-15,5560.0,5.5,16.0,14174000
2004-09-16,5630.0,0.4,15.3,14174000
2004-09-17,5710.0,13.4,15.0,14174000
2004-09-18,5830.0,8.8,11.6,14174000
2004-09-19,6350.0,5.3,11.7,14174000
2004-09-20,6720.0,1.9,11.0,14174000
2004-09-21,6610.0,0.0,12.8,14174000
2004-09-22,6430.0,0.0,13.4,14174000
2004-09-23,6210.0,0.0,15.3,14174000
2004-09-24,6010.0,0.0,16.2,14174000
2004-09-25,5830.0,0.0,15.8,14174000
2004-09-26,5700.0,0.0,15.5,14174000
2004-09-27,5640.0,0.0,15.9,14174000
2004-09-28,5600.0,0.0,18.2,14174000
2004-09-29,5680.0,0.0,15.2,14174000
2004-09-30,5780.0,0.0,12.9,14174000
2004-10-01,5840.0,0.0,15.3,14174000
2004-10-02,6000.0,0.0,15.9,14174000
2004-10-03,6200.0,0.0,15.7,14174000
2004-10-04,6300.0,0.0,16.7,14174000
2004-10-05,6330.0,0.0,16.3,14174000
2004-10-06,6390.0,11.8,16.9,14174000
2004-10-07,6490.0,0.2,16.5,14174000
2004-10-08,6590.0,11.6,14.9,14174000
2004-10-09,6800.0,20.9,11.6,14174000
2004-10-10,7070.0,0.4,11.6,14174000
2004-10-11,7200.0,0.0,11.9,14174000
2004-10-12,7150.0,0.0,14.1,14174000
2004-10-13,7080.0,0.0,15.6,14174000
2004-10-14,6930.0,0.0,15.6,14174000
2004-10-15,6910.0,0.0,14.3,14174000
2004-10-16,6960.0,0.0,12.6,14174000
2004-10-17,7030.0,19.8,12.0,14174000
2004-10-18,7210.0,15.9,9.5,14174000
2004-10-19,7970.0,11.8,10.9,14174000
2004-10-20,8720.0,1.8,10.0,14174000
2004-10-21,8570.0,2.2,10.6,14174000
2004-10-22,8500.0,4.9,9.3,14174000
2004-10-23,8990.0,6.4,9.4,14174000
2004-10-24,9600.0,2.6,7.8,14174000
2004-10-25,9450.0,4.8,7.4,14174000
2004-10-26,9310.0,12.1,8.7,14174000
2004-10-27,9290.0,0.0,7.6,14174000
2004-10-28,9530.0,0.3,7.8,14174000
2004-10-29,9950.0,1.7,10.3,14174000
2004-10-30,10300.0,9.0,10.4,14174000
2004-10-31,10400.0,1.0,7.1,14174000
2004-11-01,10500.0,0.0,7.7,14174000
2004-11-02,10400.0,14.9,10.7,14174000
2004-11-03,11100.0,7.6,6.6,14174000
2004-11-04,12500.0,0.0,5.1,14174000
2004-11-05,11500.0,0.0,5.3,14174000
2004-11-06,11100.0,0.0,5.7,14174000
2004-11-07,11000.0,0.0,6.1,14174000
2004-11-08,10600.0,0.0,6.2,14174000
2004-11-09,10300.0,0.0,7.0,14174000
2004-11-10,10100.0,0.0,7.6,14174000
2004-11-11,9710.0,0.0,7.9,14174000
2004-11-12,9160.0,0.0,8.1,14174000
2004-11-13,8960.0,3.4,9.9,14174000
2004-11-14,8260.0,0.0,8.7,14174000
2004-11-15,8090.0,9.4,8.9,14174000
2004-11-16,7790.0,1.1,7.6,14174000
2004-11-17,7590.0,0.0,8.0,14174000
2004-11-18,7440.0,8.9,7.9,14174000
2004-11-19,7100.0,0.0,6.0,14174000
2004-11-20,6740.0,0.0,3.0,14174000
2004-11-21,6450.0,0.0,2.6,14174000
2004-11-22,6230.0,0.0,3.0,14174000
2004-11-23,6130.0,0.4,5.9,14174000
2004-11-24,6030.0,3.1,9.7,14174000
2004-11-25,6020.0,15.8,10.2,14174000
2004-11-26,6290.0,0.0,6.0,14174000
2004-11-27,6840.0,0.3,5.4,14174000
2004-11-28,7030.0,0.3,2.6,14174000
2004-11-29,6860.0,0.0,0.7,14174000
2004-11-30,6660.0,7.0,3.2,14174000
2004-12-01,6110.0,1.8,5.3,14174000
2004-12-02,5660.0,0.0,2.1,14174000
2004-12-03,5680.0,0.0,1.5,14174000
2004-12-04,5590.0,0.0,2.6,14174000
2004-12-05,5500.0,6.6,4.6,14174000
2004-12-06,5470.0,11.9,3.7,14174000
2004-12-07,6110.0,24.7,5.1,14174000
2004-12-08,12500.0,38.7,8.5,14174000
2004-12-09,24300.0,29.0,9.6,14174000
2004-12-10,35100.0,2.9,12.2,14174000
2004-12-11,35300.0,20.7,10.4,14174000
2004-12-12,34400.0,1.8,6.9,14174000
2004-12-13,33300.0,2.6,6.9,14174000
2004-12-14,30900.0,9.3,10.5,14174000
2004-12-15,29200.0,0.0,5.9,14174000
2004-12-16,27500.0,0.0,3.7,14174000
2004-12-17,22700.0,0.0,4.7,14174000
2004-12-18,19000.0,0.0,6.7,14174000
2004-12-19,16100.0,0.0,5.9,14174000
2004-12-20,14300.0,0.0,5.0,14174000
2004-12-21,13200.0,0.1,2.1,14174000
2004-12-22,12500.0,0.0,5.7,14174000
2004-12-23,12100.0,0.0,3.1,14174000
2004-12-24,11200.0,0.0,2.8,14174000
2004-12-25,10900.0,0.4,2.9,14174000
2004-12-26,10600.0,14.6,5.2,14174000
2004-12-27,10800.0,0.3,3.1,14174000
2004-12-28,10400.0,0.0,4.0,14174000
2004-12-29,10400.0,7.5,5.8,14174000
2004-12-30,10300.0,1.4,3.1,14174000
2004-12-31,9650.0,3.1,2.6,14174000
2005-01-01,9540.0,8.9,4.3,14174000
2005-01-02,9820.0,0.0,1.1,14174000
2005-01-03,9980.0,0.0,0.2,14174000
2005-01-04,9150.0,0.0,-1.0,14174000
2005-01-05,8230.0,0.0,-1.1,14174000
2005-01-06,7570.0,0.7,1.6,14174000
2005-01-07,7060.0,13.0,2.9,14174000
2005-01-08,6850.0,5.4,2.1,14174000
2005-01-09,7290.0,5.9,1.6,14174000
2005-01-10,7950.0,3.6,1.1,14174000
2005-01-11,7900.0,0.2,0.2,14174000
2005-01-12,7420.0,2.2,2.7,14174000
2005-01-13,7240.0,0.3,4.0,14174000
2005-01-14,6890.0,0.0,2.2,14174000
2005-01-15,6660.0,7.9,2.4,14174000
2005-01-16,6700.0,1.1,4.6,14174000
2005-01-17,7020.0,2.6,6.5,14174000
2005-01-18,7540.0,5.4,12.1,14174000
2005-01-19,10100.0,0.0,10.5,14174000
2005-01-20,11100.0,0.0,9.5,14174000
2005-01-21,9430.0,0.0,7.9,14174000
2005-01-22,8090.0,0.0,8.6,14174000
2005-01-23,7440.0,0.0,9.1,14174000
2005-01-24,7120.0,0.0,7.2,14174000
2005-01-25,6830.0,0.4,7.7,14174000
2005-01-26,6470.0,3.0,7.8,14174000
2005-01-27,6230.0,0.5,7.1,14174000
2005-01-28,6130.0,3.1,7.1,14174000
2005-01-29,6430.0,16.3,6.9,14174000
2005-01-30,6710.0,0.0,5.5,14174000
2005-01-31,6450.0,0.0,6.5,14174000
2005-02-01,6330.0,0.0,5.7,14174000
2005-02-02,6040.0,0.0,5.5,14174000
2005-02-03,5890.0,0.0,5.1,14174000
2005-02-04,5710.0,2.8,4.4,14174000
2005-02-05,5560.0,0.6,3.0,14174000
2005-02-06,5550.0,7.2,3.1,14174000
2005-02-07,5570.0,4.0,3.3,14174000
2005-02-08,5640.0,0.0,2.5,14174000
2005-02-09,5420.0,0.0,3.2,14174000
2005-02-10,5290.0,0.0,2.6,14174000
2005-02-11,5180.0,0.0,2.9,14174000
2005-02-12,5110.0,4.6,3.5,14174000
2005-02-13,5380.0,1.0,4.0,14174000
2005-02-14,7020.0,0.0,3.0,14174000
2005-02-15,6540.0,0.0,0.8,14174000
2005-02-16,6060.0,0.0,1.5,14174000
2005-02-17,5760.0,0.0,2.7,14174000
2005-02-18,5520.0,0.0,3.5,14174000
2005-02-19,5390.0,2.2,6.9,14174000
2005-02-20,5530.0,14.0,7.2,14174000
2005-02-21,6960.0,0.0,5.7,14174000
2005-02-22,6880.0,0.0,5.8,14174000
2005-02-23,6380.0,0.0,6.2,14174000
2005-02-24,5960.0,0.0,7.7,14174000
2005-02-25,5720.0,0.0,7.2,14174000
2005-02-26,5440.0,0.0,7.2,14174000
2005-02-27,5260.0,1.0,9.9,14174000
2005-02-28,5180.0,9.6,8.9,14174000
2005-03-01,5150.0,4.3,8.4,14174000
2005-03-02,5080.0,3.7,8.2,14174000
2005-03-03,5000.0,0.0,8.5,14174000
2005-03-04,4850.0,1.1,9.8,14174000
2005-03-05,4780.0,0.0,8.6,14174000
2005-03-06,4670.0,0.0,10.1,14174000
2005-03-07,4560.0,0.0,11.7,14174000
2005-03-08,4480.0,0.0,11.9,14174000
2005-03-09,4370.0,0.1,12.6,14174000
2005-03-10,4290.0,0.0,12.7,14174000
2005-03-11,4210.0,0.0,13.2,14174000
2005-03-12,4140.0,0.0,11.8,14174000
2005-03-13,4040.0,0.0,10.4,14174000
2005-03-14,3980.0,0.0,10.7,14174000
2005-03-15,3930.0,0.0,9.3,14174000
2005-03-16,3890.0,0.8,9.4,14174000
2005-03-17,3950.0,5.3,7.5,14174000
2005-03-18,4160.0,0.0,7.9,14174000
2005-03-19,4100.0,9.3,10.1,14174000
2005-03-20,4500.0,11.9,9.7,14174000
2005-03-21,4850.0,5.7,5.8,14174000
2005-03-22,4940.0,9.5,6.6,14174000
2005-03-23,5070.0,3.8,6.4,14174000
2005-03-24,5500.0,11.9,6.0,14174000
2005-03-25,6960.0,1.2,5.6,14174000
2005-03-26,7150.0,12.0,8.6,14174000
2005-03-27,9340.0,41.9,9.9,14174000
2005-03-28,21600.0,15.8,6.9,14174000
2005-03-29,26500.0,32.5,6.8,14174000
2005-03-30,27400.0,4.9,5.7,14174000
2005-03-31,21300.0,0.0,8.5,14174000
2005-04-01,15900.0,8.9,9.6,14174000
2005-04-02,13800.0,0.2,7.3,14174000
2005-04-03,12400.0,10.5,7.1,14174000
2005-04-04,11800.0,6.2,5.8,14174000
2005-04-05,11600.0,0.3,8.5,14174000
2005-04-06,11100.0,0.3,10.8,14174000
2005-04-07,10800.0,12.1,9.6,14174000
2005-04-08,12900.0,9.4,6.5,14174000
2005-04-09,16100.0,4.9,8.2,14174000
2005-04-10,15400.0,0.0,8.2,14174000
2005-04-11,14100.0,13.6,8.6,14174000
2005-04-12,14500.0,10.7,6.4,14174000
2005-04-13,13900.0,7.7,5.2,14174000
2005-04-14,12500.0,4.8,5.7,14174000
2005-04-15,11500.0,1.8,7.2,14174000
2005-04-16,10700.0,12.4,10.6,14174000
2005-04-17,10900.0,7.1,7.0,14174000
2005-04-18,11800.0,5.7,6.5,14174000
2005-04-19,12100.0,1.9,8.5,14174000
2005-04-20,10800.0,0.0,10.0,14174000
2005-04-21,9820.0,0.0,10.8,14174000
2005-04-22,9040.0,0.0,12.9,14174000
2005-04-23,8650.0,5.2,12.9,14174000
2005-04-24,9590.0,2.2,10.6,14174000
2005-04-25,9980.0,0.0,12.3,14174000
2005-04-26,9470.0,0.0,12.7,14174000
2005-04-27,9200.0,0.0,13.9,14174000
2005-04-28,9300.0,0.0,13.4,14174000
2005-04-29,8990.0,0.3,11.9,14174000
2005-04-30,8680.0,0.3,12.0,14174000
2005-05-01,8980.0,3.0,12.8,14174000
2005-05-02,9070.0,0.5,13.1,14174000
2005-05-03,8940.0,0.0,14.2,14174000
2005-05-04,8410.0,7.7,14.6,14174000
2005-05-05,8560.0,2.9,13.0,14174000
2005-05-06,9200.0,7.6,11.9,14174000
2005-05-07,10100.0,0.3,11.8,14174000
2005-05-08,9680.0,15.2,13.1,14174000
2005-05-09,9920.0,10.8,10.3,14174000
2005-05-10,13600.0,26.4,9.5,14174000
2005-05-11,23100.0,0.7,11.3,14174000
2005-05-12,24600.0,0.0,13.2,14174000
2005-05-13,20300.0,0.0,15.2,14174000
2005-05-14,15600.0,1.3,16.2,14174000
2005-05-15,13300.0,8.0,15.3,14174000
2005-05-16,12000.0,11.0,11.9,14174000
2005-05-17,13500.0,8.2,10.0,14174000
2005-05-18,16000.0,23.7,11.9,14174000
2005-05-19,18100.0,12.7,11.9,14174000
2005-05-20,19500.0,5.2,12.2,14174000
2005-05-21,18400.0,2.3,10.8,14174000
2005-05-22,16700.0,5.3,11.4,14174000
2005-05-23,15200.0,0.0,11.0,14174000
2005-05-24,12900.0,0.0,11.6,14174000
2005-05-25,10900.0,0.0,15.4,14174000
2005-05-26,9730.0,0.0,18.9,14174000
2005-05-27,8990.0,0.0,19.9,14174000
2005-05-28,8400.0,0.0,15.8,14174000
2005-05-29,8510.0,3.0,13.4,14174000
2005-05-30,8900.0,0.0,14.8,14174000
2005-05-31,8830.0,0.8,13.8,14174000
2005-06-01,8420.0,1.9,12.8,14174000
2005-06-02,8470.0,0.6,12.8,14174000
2005-06-03,8650.0,0.0,12.7,14174000
2005-06-04,8330.0,0.0,12.1,14174000
2005-06-05,7970.0,10.4,10.6,14174000
2005-06-06,7780.0,11.5,10.0,14174000
2005-06-07,8770.0,8.5,10.4,14174000
2005-06-08,11900.0,2.0,12.2,14174000
2005-06-09,11800.0,0.0,16.0,14174000
2005-06-10,9910.0,0.5,13.7,14174000
2005-06-11,8740.0,0.9,13.1,14174000
2005-06-12,8440.0,0.0,12.2,14174000
2005-06-13,8180.0,0.8,14.2,14174000
2005-06-14,7850.0,0.3,13.8,14174000
2005-06-15,7290.0,0.0,12.9,14174000
2005-06-16,6780.0,6.6,14.3,14174000
2005-06-17,6600.0,9.3,11.8,14174000
2005-06-18,6940.0,1.8,14.1,14174000
2005-06-19,7340.0,4.3,15.0,14174000
2005-06-20,7440.0,0.7,16.7,14174000
2005-06-21,7360.0,0.0,16.2,14174000
2005-06-22,7140.0,2.1,15.0,14174000
2005-06-23,6950.0,0.0,15.0,14174000
2005-06-24,6670.0,0.0,16.5,14174000
2005-06-25,6300.0,0.0,16.8,14174000
2005-06-26,5980.0,1.1,15.3,14174000
2005-06-27,5820.0,1.1,14.0,14174000
2005-06-28,5780.0,0.0,14.8,14174000
2005-06-29,5770.0,0.0,15.8,14174000
2005-06-30,5730.0,0.0,18.8,14174000
2005-07-01,5610.0,0.0,17.5,14174000
2005-07-02,5400.0,0.0,16.1,14174000
2005-07-03,5180.0,0.0,15.7,14174000
2005-07-04,5050.0,0.0,18.0,14174000
2005-07-05,5020.0,0.0,18.4,14174000
2005-07-06,5000.0,1.0,18.6,14174000
2005-07-07,4960.0,0.0,17.1,14174000
2005-07-08,4920.0,1.9,15.3,14174000
2005-07-09,4930.0,3.8,15.5,14174000
2005-07-10,5060.0,0.0,15.7,14174000
2005-07-11,5130.0,0.0,17.5,14174000
2005-07-12,5090.0,0.0,17.4,14174000
2005-07-13,4990.0,0.0,17.1,14174000
2005-07-14,4930.0,0.0,18.2,14174000
2005-07-15,4920.0,0.0,20.0,14174000
2005-07-16,5010.0,0.0,18.1,14174000
2005-07-17,5130.0,0.0,20.2,14174000
2005-07-18,5150.0,0.0,24.8,14174000
2005-07-19,5100.0,0.0,21.5,14174000
2005-07-20,4990.0,0.0,20.2,14174000
2005-07-21,4910.0,0.0,22.2,14174000
2005-07-22,4880.0,5.1,21.6,14174000
2005-07-23,4990.0,0.0,18.5,14174000
2005-07-24,5050.0,0.0,18.7,14174000
2005-07-25,5050.0,0.0,18.1,14174000
2005-07-26,4980.0,0.0,22.7,14174000
2005-07-27,4990.0,0.0,25.3,14174000
2005-07-28,5200.0,0.0,23.6,14174000
2005-07-29,5300.0,0.0,22.6,14174000
2005-07-30,5280.0,0.0,22.6,14174000
2005-07-31,5290.0,0.0,21.8,14174000
2005-08-01,5240.0,0.0,20.1,14174000
2005-08-02,5210.0,0.8,19.3,14174000
2005-08-03,5190.0,0.0,21.0,14174000
2005-08-04,5160.0,0.0,24.8,14174000
2005-08-05,5100.0,0.0,23.6,14174000
2005-08-06,5050.0,0.0,22.2,14174000
2005-08-07,5050.0,0.0,20.8,14174000
2005-08-08,5040.0,0.0,21.8,14174000
2005-08-09,5000.0,0.0,21.0,14174000
2005-08-10,5040.0,0.0,19.1,14174000
2005-08-11,5140.0,0.0,19.1,14174000
2005-08-12,5170.0,0.0,19.3,14174000
2005-08-13,5170.0,0.0,22.3,14174000
2005-08-14,5180.0,0.0,25.3,14174000
2005-08-15,5160.0,0.0,23.2,14174000
2005-08-16,5140.0,0.0,19.5,14174000
2005-08-17,5190.0,0.0,17.6,14174000
2005-08-18,5260.0,0.0,19.1,14174000
2005-08-19,5250.0,0.0,21.8,14174000
2005-08-20,5230.0,0.0,20.0,14174000
2005-08-21,5310.0,0.0,19.0,14174000
2005-08-22,5310.0,0.0,19.0,14174000
2005-08-23,5300.0,0.0,17.1,14174000
2005-08-24,5300.0,0.0,17.8,14174000
2005-08-25,5330.0,0.0,21.9,14174000
2005-08-26,5300.0,0.0,21.3,14174000
2005-08-27,5280.0,0.0,19.5,14174000
2005-08-28,5290.0,0.0,19.0,14174000
2005-08-29,5340.0,4.5,16.5,14174000
2005-08-30,5360.0,1.4,16.5,14174000
2005-08-31,5380.0,0.0,18.8,14174000
2005-09-01,5180.0,0.0,20.3,14174000
2005-09-02,5040.0,0.0,18.7,14174000
2005-09-03,5110.0,0.0,17.8,14174000
2005-09-04,5130.0,0.0,17.2,14174000
2005-09-05,5140.0,0.0,16.7,14174000
2005-09-06,5110.0,0.0,17.6,14174000
2005-09-07,5110.0,0.0,18.6,14174000
2005-09-08,5200.0,0.0,20.3,14174000
2005-09-09,5220.0,0.0,17.0,14174000
2005-09-10,5320.0,5.0,14.0,14174000
2005-09-11,5520.0,2.8,13.8,14174000
2005-09-12,5580.0,0.0,15.7,14174000
2005-09-13,5450.0,0.0,16.3,14174000
2005-09-14,5400.0,0.0,17.2,14174000
2005-09-15,5400.0,0.0,15.7,14174000
2005-09-16,5370.0,3.4,14.0,14174000
2005-09-17,5430.0,0.8,13.3,14174000
2005-09-18,5450.0,0.0,14.4,14174000
2005-09-19,5410.0,0.0,15.6,14174000
2005-09-20,5400.0,0.0,15.3,14174000
2005-09-21,5420.0,0.0,15.0,14174000
2005-09-22,5440.0,0.0,13.8,14174000
2005-09-23,5390.0,0.0,14.5,14174000
2005-09-24,5510.0,0.0,13.6,14174000
2005-09-25,5530.0,0.0,14.1,14174000
2005-09-26,5530.0,0.0,16.2,14174000
2005-09-27,5590.0,0.0,16.4,14174000
2005-09-28,5580.0,0.0,16.0,14174000
2005-09-29,5590.0,0.0,16.5,14174000
2005-09-30,5700.0,0.0,18.1,14174000
2005-10-01,6020.0,18.6,13.5,14174000
2005-10-02,6330.0,8.8,9.2,14174000
2005-10-03,6370.0,6.4,9.6,14174000
2005-10-04,6340.0,1.4,9.7,14174000
2005-10-05,6240.0,0.0,12.6,14174000
2005-10-06,6080.0,0.0,14.2,14174000
2005-10-07,5950.0,0.3,13.8,14174000
2005-10-08,6250.0,0.5,12.0,14174000
2005-10-09,6310.0,0.3,12.7,14174000
2005-10-10,6290.0,0.5,12.5,14174000
2005-10-11,6220.0,0.1,13.3,14174000
2005-10-12,6190.0,0.0,12.6,14174000
2005-10-13,6170.0,0.0,11.5,14174000
2005-10-14,6140.0,0.0,13.1,14174000
2005-10-15,6160.0,12.2,11.8,14174000
2005-10-16,6260.0,0.5,12.7,14174000
2005-10-17,6340.0,0.0,13.1,14174000
2005-10-18,6250.0,0.0,13.9,14174000
2005-10-19,6130.0,10.0,13.4,14174000
2005-10-20,6120.0,1.1,13.5,14174000
2005-10-21,6160.0,0.0,12.6,14174000
2005-10-22,6200.0,0.0,12.8,14174000
2005-10-23,6240.0,0.0,12.7,14174000
2005-10-24,6370.0,0.0,13.4,14174000
2005-10-25,6060.0,0.4,12.6,14174000
2005-10-26,5680.0,9.9,10.4,14174000
2005-10-27,5650.0,1.4,8.9,14174000
2005-10-28,6020.0,20.4,10.5,14174000
2005-10-29,6370.0,7.8,9.0,14174000
2005-10-30,6480.0,0.3,8.1,14174000
2005-10-31,6350.0,8.9,12.3,14174000
2005-11-01,6680.0,17.5,12.0,14174000
2005-11-02,8120.0,0.4,7.6,14174000
2005-11-03,8490.0,27.0,8.1,14174000
2005-11-04,8990.0,15.1,7.1,14174000
2005-11-05,10800.0,17.4,6.7,14174000
2005-11-06,12700.0,14.6,8.4,14174000
2005-11-07,16000.0,3.0,6.0,14174000
2005-11-08,14600.0,0.0,4.4,14174000
2005-11-09,13400.0,0.0,4.0,14174000
2005-11-10,12600.0,0.0,5.7,14174000
2005-11-11,12100.0,3.9,7.8,14174000
2005-11-12,13100.0,10.4,7.5,14174000
2005-11-13,14600.0,18.5,9.4,14174000
2005-11-14,17600.0,0.4,9.4,14174000
2005-11-15,18400.0,0.0,4.4,14174000
2005-11-16,16600.0,0.0,4.5,14174000
2005-11-17,15100.0,0.0,5.0,14174000
2005-11-18,13400.0,0.0,4.4,14174000
2005-11-19,11900.0,0.0,5.6,14174000
2005-11-20,10700.0,0.0,4.7,14174000
2005-11-21,9460.0,0.0,3.7,14174000
2005-11-22,8700.0,0.0,2.7,14174000
2005-11-23,8310.0,0.0,3.0,14174000
2005-11-24,8120.0,1.3,2.0,14174000
2005-11-25,9000.0,39.9,4.9,14174000
2005-11-26,13000.0,5.5,3.7,14174000
2005-11-27,13000.0,4.7,3.2,14174000
2005-11-28,12500.0,10.5,1.0,14174000
2005-11-29,13800.0,6.6,4.7,14174000
2005-11-30,16000.0,3.8,3.7,14174000
2005-12-01,16700.0,10.5,3.8,14174000
2005-12-02,21300.0,14.9,4.2,14174000
2005-12-03,27800.0,9.0,3.7,14174000
2005-12-04,27500.0,0.4,2.1,14174000
2005-12-05,23400.0,0.0,0.7,14174000
2005-12-06,20100.0,0.0,0.6,14174000
2005-12-07,17400.0,1.8,1.1,14174000
2005-12-08,15300.0,2.3,1.3,14174000
2005-12-09,13600.0,0.0,0.4,14174000
2005-12-10,12200.0,0.0,0.6,14174000
2005-12-11,11500.0,0.0,0.9,14174000
2005-12-12,11300.0,0.0,0.7,14174000
2005-12-13,11000.0,0.0,1.6,14174000
2005-12-14,9760.0,0.0,-0.7,14174000
2005-12-15,8610.0,0.0,-1.4,14174000
2005-12-16,8640.0,0.0,-2.1,14174000
2005-12-17,8960.0,0.0,-2.2,14174000
2005-12-18,8520.0,3.9,-0.5,14174000
2005-12-19,8990.0,14.1,2.6,14174000
2005-12-20,13100.0,7.8,4.8,14174000
2005-12-21,19200.0,22.0,6.4,14174000
2005-12-22,28300.0,20.8,10.6,14174000
2005-12-23,38100.0,1.3,9.8,14174000
2005-12-24,38100.0,0.0,9.1,14174000
2005-12-25,30000.0,9.5,9.4,14174000
2005-12-26,25400.0,10.8,8.4,14174000
2005-12-27,25200.0,19.5,8.2,14174000
2005-12-28,35200.0,50.3,9.7,14174000
2005-12-29,48400.0,5.8,6.4,14174000
2005-12-30,54800.0,56.9,8.3,14174000
2005-12-31,66000.0,29.1,9.2,14174000
2006-01-01,79400.0,5.2,7.3,14174000
2006-01-02,76600.0,15.2,6.6,14174000
2006-01-03,61700.0,6.0,3.0,14174000
2006-01-04,53200.0,3.7,4.5,14174000
2006-01-05,50300.0,0.0,5.0,14174000
2006-01-06,48800.0,12.8,6.7,14174000
2006-01-07,51200.0,21.1,7.7,14174000
2006-01-08,53900.0,15.8,6.4,14174000
2006-01-09,54400.0,7.0,6.9,14174000
2006-01-10,55200.0,36.4,10.3,14174000
2006-01-11,62100.0,27.0,8.2,14174000
2006-01-12,75100.0,9.3,5.7,14174000
2006-01-13,69800.0,17.6,7.4,14174000
2006-01-14,58600.0,15.4,6.4,14174000
2006-01-15,60000.0,3.7,2.5,14174000
2006-01-16,61800.0,5.4,5.0,14174000
2006-01-17,66000.0,58.2,9.1,14174000
2006-01-18,77900.0,9.1,6.6,14174000
2006-01-19,85200.0,4.3,4.7,14174000
2006-01-20,76000.0,22.0,6.0,14174000
2006-01-21,71200.0,6.0,5.2,14174000
2006-01-22,71100.0,1.3,2.8,14174000
2006-01-23,67100.0,0.0,3.7,14174000
2006-01-24,62100.0,0.0,3.8,14174000
2006-01-25,57400.0,5.3,3.0,14174000
2006-01-26,53200.0,8.4,2.9,14174000
2006-01-27,50900.0,15.3,4.6,14174000
2006-01-28,51700.0,29.0,5.9,14174000
2006-01-29,52000.0,16.2,5.7,14174000
2006-01-30,53800.0,23.3,9.2,14174000
2006-01-31,52000.0,9.7,4.3,14174000
2006-02-01,53800.0,19.7,8.2,14174000
2006-02-02,55800.0,6.5,8.4,14174000
2006-02-03,54300.0,2.8,8.8,14174000
2006-02-04,53500.0,20.7,8.2,14174000
2006-02-05,55200.0,1.0,3.0,14174000
2006-02-06,53400.0,0.0,4.2,14174000
2006-02-07,42300.0,0.0,5.7,14174000
2006-02-08,34000.0,0.0,4.9,14174000
2006-02-09,30400.0,0.0,5.5,14174000
2006-02-10,27900.0,0.0,4.9,14174000
2006-02-11,25600.0,0.0,4.7,14174000
2006-02-12,21400.0,0.0,7.8,14174000
2006-02-13,18400.0,0.0,6.6,14174000
2006-02-14,17100.0,1.7,3.6,14174000
2006-02-15,15100.0,1.7,0.4,14174000
2006-02-16,12600.0,0.0,1.2,14174000
2006-02-17,10900.0,0.0,-1.3,14174000
2006-02-18,10400.0,0.0,-2.1,14174000
2006-02-19,9920.0,0.0,-1.0,14174000
2006-02-20,9460.0,0.0,1.0,14174000
2006-02-21,9160.0,0.0,3.0,14174000
2006-02-22,8910.0,0.1,4.7,14174000
2006-02-23,8140.0,0.0,4.8,14174000
2006-02-24,7780.0,0.2,4.6,14174000
2006-02-25,7570.0,0.0,3.3,14174000
2006-02-26,7400.0,0.0,5.4,14174000
2006-02-27,7450.0,16.6,9.2,14174000
2006-02-28,10300.0,32.1,6.4,14174000
2006-03-01,15800.0,2.1,6.6,14174000
2006-03-02,14400.0,5.3,7.0,14174000
2006-03-03,12800.0,0.1,4.6,14174000
2006-03-04,11600.0,1.8,5.6,14174000
2006-03-05,10800.0,3.4,8.4,14174000
2006-03-06,10200.0,8.0,8.6,14174000
2006-03-07,10000.0,12.5,6.4,14174000
2006-03-08,10500.0,11.5,4.4,14174000
2006-03-09,13800.0,20.5,2.6,14174000
2006-03-10,18600.0,5.4,2.0,14174000
2006-03-11,17200.0,1.0,1.5,14174000
2006-03-12,14600.0,0.5,3.0,14174000
2006-03-13,13000.0,0.1,3.0,14174000
2006-03-14,11700.0,5.1,3.5,14174000
2006-03-15,11100.0,4.5,3.9,14174000
2006-03-16,11000.0,18.2,4.7,14174000
2006-03-17,12100.0,12.4,5.6,14174000
2006-03-18,13000.0,2.6,4.8,14174000
2006-03-19,12600.0,0.0,5.2,14174000
2006-03-20,11700.0,1.2,5.2,14174000
2006-03-21,11000.0,8.6,5.8,14174000
2006-03-22,11100.0,0.7,8.1,14174000
2006-03-23,10900.0,0.0,10.1,14174000
2006-03-24,11500.0,16.9,9.6,14174000
2006-03-25,12500.0,7.6,5.7,14174000
2006-03-26,13300.0,2.6,4.6,14174000
2006-03-27,13000.0,0.0,7.0,14174000
2006-03-28,12100.0,0.2,10.0,14174000
2006-03-29,12400.0,6.8,8.0,14174000
2006-03-30,13100.0,2.7,8.5,14174000
2006-03-31,13400.0,10.7,7.2,14174000
2006-04-01,14000.0,6.0,6.4,14174000
2006-04-02,14400.0,5.2,7.6,14174000
2006-04-03,13300.0,6.3,8.9,14174000
2006-04-04,12600.0,0.0,8.5,14174000
2006-04-05,12700.0,5.7,8.9,14174000
2006-04-06,13100.0,0.0,8.8,14174000
2006-04-07,13200.0,0.7,10.7,14174000
2006-04-08,12600.0,6.5,10.9,14174000
2006-04-09,13100.0,8.2,9.0,14174000
2006-04-10,13300.0,14.6,8.7,14174000
2006-04-11,14100.0,5.1,9.4,14174000
2006-04-12,14000.0,4.3,10.8,14174000
2006-04-13,13200.0,0.1,11.7,14174000
2006-04-14,12200.0,11.4,9.2,14174000
2006-04-15,12600.0,19.4,5.5,14174000
2006-04-16,16700.0,7.0,5.6,14174000
2006-04-17,18100.0,4.7,6.1,14174000
2006-04-18,16100.0,1.0,7.2,14174000
2006-04-19,14400.0,0.0,10.0,14174000
2006-04-20,13500.0,0.0,10.3,14174000
2006-04-21,12600.0,1.5,9.7,14174000
2006-04-22,11900.0,0.0,7.7,14174000
2006-04-23,11600.0,0.0,10.4,14174000
2006-04-24,11000.0,0.0,12.5,14174000
2006-04-25,10600.0,0.0,11.2,14174000
2006-04-26,10300.0,0.0,10.3,14174000
2006-04-27,9870.0,0.0,11.1,14174000
2006-04-28,9530.0,0.0,15.1,14174000
2006-04-29,9650.0,0.0,13.5,14174000
2006-04-30,9640.0,0.0,7.3,14174000
2006-05-01,9230.0,0.0,8.6,14174000
2006-05-02,8690.0,0.0,8.6,14174000
2006-05-03,8630.0,0.0,11.4,14174000
2006-05-04,8640.0,0.0,14.0,14174000
2006-05-05,8450.0,0.0,14.7,14174000
2006-05-06,8270.0,0.0,10.8,14174000
2006-05-07,8260.0,5.0,9.3,14174000
2006-05-08,8520.0,0.5,8.8,14174000
2006-05-09,8790.0,0.0,8.8,14174000
2006-05-10,9040.0,0.0,11.9,14174000
2006-05-11,9040.0,0.0,13.4,14174000
2006-05-12,9060.0,0.0,10.2,14174000
2006-05-13,9060.0,0.0,10.9,14174000
2006-05-14,9010.0,0.0,15.1,14174000
2006-05-15,8990.0,0.0,19.2,14174000
2006-05-16,9110.0,0.0,18.7,14174000
2006-05-17,9440.0,0.0,17.8,14174000
2006-05-18,9840.0,0.0,18.3,14174000
2006-05-19,10100.0,1.3,15.8,14174000
2006-05-20,10300.0,4.8,14.5,14174000
2006-05-21,10500.0,4.1,16.1,14174000
2006-05-22,10300.0,5.3,14.7,14174000
2006-05-23,10200.0,13.6,14.2,14174000
2006-05-24,10000.0,14.2,12.7,14174000
2006-05-25,11000.0,4.4,11.8,14174000
2006-05-26,11100.0,13.5,10.0,14174000
2006-05-27,11400.0,12.7,8.3,14174000
2006-05-28,12100.0,11.4,10.0,14174000
2006-05-29,13900.0,2.5,11.8,14174000
2006-05-30,13200.0,0.0,14.2,14174000
2006-05-31,10800.0,0.1,15.9,14174000
2006-06-01,9310.0,8.7,15.2,14174000
2006-06-02,9210.0,9.5,15.4,14174000
2006-06-03,11100.0,0.9,15.3,14174000
2006-06-04,12100.0,4.0,16.3,14174000
2006-06-05,13400.0,0.0,15.6,14174000
2006-06-06,14300.0,0.1,16.4,14174000
2006-06-07,14100.0,0.0,15.1,14174000
2006-06-08,13000.0,0.0,13.0,14174000
2006-06-09,11900.0,0.0,12.6,14174000
2006-06-10,10800.0,0.0,13.7,14174000
2006-06-11,9610.0,0.0,15.7,14174000
2006-06-12,8440.0,6.1,16.7,14174000
2006-06-13,8160.0,0.3,15.3,14174000
2006-06-14,8550.0,0.7,14.2,14174000
2006-06-15,9030.0,1.2,14.0,14174000
2006-06-16,8910.0,1.5,15.5,14174000
2006-06-17,8830.0,0.0,14.3,14174000
2006-06-18,8310.0,0.0,14.3,14174000
2006-06-19,7800.0,0.0,13.7,14174000
2006-06-20,7110.0,0.0,13.6,14174000
2006-06-21,6790.0,0.0,13.9,14174000
2006-06-22,6680.0,0.0,14.9,14174000
2006-06-23,6630.0,0.0,16.2,14174000
2006-06-24,6460.0,0.0,19.8,14174000
2006-06-25,6280.0,0.0,23.7,14174000
2006-06-26,6180.0,0.0,26.5,14174000
2006-06-27,6040.0,0.0,24.4,14174000
2006-06-28,5880.0,0.0,19.3,14174000
2006-06-29,5620.0,0.7,19.9,14174000
2006-06-30,5360.0,0.0,21.8,14174000
2006-07-01,5280.0,0.0,20.5,14174000
2006-07-02,5190.0,0.0,21.0,14174000
2006-07-03,5040.0,0.0,18.5,14174000
2006-07-04,4940.0,0.0,17.8,14174000
2006-07-05,4890.0,0.0,15.5,14174000
2006-07-06,4850.0,0.0,15.4,14174000
2006-07-07,4860.0,0.0,16.3,14174000
2006-07-08,4740.0,0.0,20.6,14174000
2006-07-09,4650.0,0.0,22.1,14174000
2006-07-10,4620.0,0.0,19.2,14174000
2006-07-11,4690.0,0.0,18.2,14174000
2006-07-12,4790.0,1.9,15.8,14174000
2006-07-13,4770.0,0.0,18.2,14174000
2006-07-14,4710.0,0.0,18.1,14174000
2006-07-15,4690.0,0.0,19.0,14174000
2006-07-16,4640.0,0.0,19.9,14174000
2006-07-17,4690.0,0.0,18.3,14174000
2006-07-18,4710.0,0.0,18.2,14174000
2006-07-19,4700.0,0.0,19.5,14174000
2006-07-20,4630.0,0.0,22.5,14174000
2006-07-21,4620.0,0.0,28.1,14174000
2006-07-22,4630.0,0.0,29.6,14174000
2006-07-23,4640.0,0.0,30.0,14174000
2006-07-24,4620.0,0.0,28.7,14174000
2006-07-25,4610.0,0.0,24.2,14174000
2006-07-26,4600.0,0.0,23.4,14174000
2006-07-27,4460.0,0.0,24.1,14174000
2006-07-28,4490.0,0.0,19.3,14174000
2006-07-29,4560.0,0.0,17.0,14174000
2006-07-30,4570.0,0.2,16.2,14174000
2006-07-31,4700.0,0.0,17.0,14174000
2006-08-01,4850.0,0.0,18.0,14174000
2006-08-02,4920.0,0.0,18.0,14174000
2006-08-03,4950.0,0.0,18.2,14174000
2006-08-04,4960.0,0.0,17.9,14174000
2006-08-05,5070.0,0.0,20.2,14174000
2006-08-06,5140.0,0.0,22.2,14174000
2006-08-07,5130.0,0.0,22.5,14174000
2006-08-08,5090.0,0.8,17.5,14174000
2006-08-09,5040.0,0.0,19.5,14174000
2006-08-10,5010.0,0.0,20.6,14174000
2006-08-11,4950.0,0.0,16.5,14174000
2006-08-12,5020.0,0.0,17.0,14174000
2006-08-13,5040.0,0.0,21.2,14174000
2006-08-14,5040.0,0.0,22.4,14174000
2006-08-15,5030.0,0.0,17.9,14174000
2006-08-16,5080.0,0.0,15.7,14174000
2006-08-17,5090.0,0.0,16.6,14174000
2006-08-18,5110.0,0.0,21.0,14174000
2006-08-19,5110.0,0.0,23.9,14174000
2006-08-20,5090.0,0.0,21.1,14174000
2006-08-21,5020.0,0.0,18.1,14174000
2006-08-22,5010.0,0.0,16.9,14174000
2006-08-23,5010.0,0.0,17.4,14174000
2006-08-24,5000.0,0.3,17.6,14174000
2006-08-25,4960.0,0.0,17.8,14174000
2006-08-26,4950.0,0.0,23.1,14174000
2006-08-27,4990.0,0.0,24.6,14174000
2006-08-28,4980.0,0.0,23.4,14174000
2006-08-29,4970.0,0.0,16.6,14174000
2006-08-30,4990.0,0.1,14.8,14174000
2006-08-31,5030.0,0.0,16.2,14174000
2006-09-01,5040.0,0.0,21.1,14174000
2006-09-02,5100.0,0.0,23.8,14174000
2006-09-03,5250.0,0.0,20.6,14174000
2006-09-04,5260.0,0.0,18.8,14174000
2006-09-05,5290.0,0.0,19.8,14174000
2006-09-06,5330.0,0.0,20.9,14174000
2006-09-07,5300.0,0.0,17.6,14174000
2006-09-08,5330.0,0.0,17.4,14174000
2006-09-09,5310.0,0.0,17.6,14174000
2006-09-10,5330.0,0.0,16.9,14174000
2006-09-11,5340.0,0.0,19.1,14174000
2006-09-12,5250.0,0.0,20.0,14174000
2006-09-13,5190.0,0.0,17.7,14174000
2006-09-14,5110.0,0.7,13.6,14174000
2006-09-15,5240.0,4.3,11.9,14174000
2006-09-16,5600.0,1.4,12.9,14174000
2006-09-17,5440.0,0.0,15.5,14174000
2006-09-18,5270.0,2.3,16.4,14174000
2006-09-19,5330.0,3.5,14.6,14174000
2006-09-20,5470.0,0.0,13.1,14174000
2006-09-21,5560.0,3.8,13.1,14174000
2006-09-22,5620.0,0.0,12.8,14174000
2006-09-23,5480.0,0.0,15.2,14174000
2006-09-24,5430.0,0.0,17.9,14174000
2006-09-25,5460.0,0.0,19.7,14174000
2006-09-26,5390.0,0.0,20.4,14174000
2006-09-27,5510.0,0.0,20.8,14174000
2006-09-28,5520.0,0.0,19.8,14174000
2006-09-29,5520.0,0.0,20.2,14174000
2006-09-30,5540.0,0.0,17.1,14174000
2006-10-01,5540.0,0.0,14.7,14174000
2006-10-02,5550.0,0.0,14.5,14174000
2006-10-03,5570.0,1.0,13.5,14174000
2006-10-04,5770.0,0.0,13.6,14174000
2006-10-05,5850.0,0.0,15.4,14174000
2006-10-06,6000.0,0.0,13.3,14174000
2006-10-07,6440.0,0.0,13.0,14174000
2006-10-08,6470.0,0.0,12.0,14174000
2006-10-09,6790.0,0.0,14.5,14174000
2006-10-10,7100.0,0.0,13.0,14174000
2006-10-11,7290.0,0.0,15.0,14174000
2006-10-12,7390.0,0.0,16.6,14174000
2006-10-13,7270.0,0.0,15.2,14174000
2006-10-14,7230.0,0.0,12.8,14174000
2006-10-15,7300.0,4.4,10.7,14174000
2006-10-16,7500.0,9.9,11.2,14174000
2006-10-17,8000.0,0.2,10.5,14174000
2006-10-18,7830.0,0.1,10.3,14174000
2006-10-19,7660.0,4.1,12.2,14174000
2006-10-20,7580.0,0.3,11.9,14174000
2006-10-21,7570.0,0.0,10.1,14174000
2006-10-22,7480.0,0.0,12.0,14174000
2006-10-23,7430.0,0.0,10.4,14174000
2006-10-24,7510.0,0.9,8.9,14174000
2006-10-25,7620.0,0.2,8.5,14174000
2006-10-26,7410.0,0.0,9.1,14174000
2006-10-27,7000.0,0.0,9.4,14174000
2006-10-28,6930.0,0.0,9.3,14174000
2006-10-29,6940.0,0.4,7.8,14174000
2006-10-30,6960.0,0.0,5.3,14174000
2006-10-31,6990.0,0.0,3.1,14174000
2006-11-01,7080.0,0.3,3.8,14174000
2006-11-02,7420.0,17.9,8.2,14174000
2006-11-03,7860.0,15.3,12.1,14174000
2006-11-04,8250.0,7.1,12.7,14174000
2006-11-05,9620.0,48.8,13.3,14174000
2006-11-06,12600.0,7.4,15.6,14174000
2006-11-07,15100.0,70.3,15.1,14174000
2006-11-08,25600.0,8.0,9.3,14174000
2006-11-09,28700.0,6.4,7.8,14174000
2006-11-10,27700.0,5.4,7.5,14174000
2006-11-11,29000.0,33.9,7.2,14174000
2006-11-12,30200.0,5.8,6.5,14174000
2006-11-13,27600.0,21.4,8.4,14174000
2006-11-14,28900.0,8.6,6.5,14174000
2006-11-15,28100.0,2.7,8.3,14174000
2006-11-16,26700.0,14.9,8.8,14174000
2006-11-17,28500.0,0.0,7.8,14174000
2006-11-18,25500.0,0.0,6.8,14174000
2006-11-19,22700.0,15.4,8.7,14174000
2006-11-20,23200.0,8.5,10.1,14174000
2006-11-21,25100.0,14.4,9.0,14174000
2006-11-22,30000.0,18.3,7.0,14174000
2006-11-23,38900.0,18.9,5.7,14174000
2006-11-24,44300.0,17.1,7.1,14174000
2006-11-25,46200.0,7.2,5.1,14174000
2006-11-26,44500.0,22.0,5.0,14174000
2006-11-27,41800.0,10.9,2.2,14174000
2006-11-28,40100.0,3.7,-0.1,14174000
2006-11-29,33900.0,0.0,-0.1,14174000
2006-11-30,27700.0,5.5,3.9,14174000
2006-12-01,25100.0,0.0,4.2,14174000
2006-12-02,23500.0,0.0,1.2,14174000
2006-12-03,20400.0,0.0,0.9,14174000
2006-12-04,17400.0,0.0,1.9,14174000
2006-12-05,14500.0,0.0,3.5,14174000
2006-12-06,13300.0,0.0,3.2,14174000
2006-12-07,12800.0,0.0,2.6,14174000
2006-12-08,12900.0,0.1,2.6,14174000
2006-12-09,12800.0,3.2,4.8,14174000
2006-12-10,13400.0,8.5,6.5,14174000
2006-12-11,14300.0,13.0,8.4,14174000
2006-12-12,18000.0,9.6,8.7,14174000
2006-12-13,26300.0,22.7,10.5,14174000
2006-12-14,40100.0,29.0,9.6,14174000
2006-12-15,48600.0,18.2,5.8,14174000
2006-12-16,48300.0,0.0,-0.2,14174000
2006-12-17,40900.0,0.0,0.3,14174000
2006-12-18,38200.0,0.0,-0.0,14174000
2006-12-19,37300.0,0.0,0.3,14174000
2006-12-20,35500.0,1.5,0.5,14174000
2006-12-21,33800.0,11.8,5.3,14174000
2006-12-22,34200.0,5.7,3.5,14174000
2006-12-23,33400.0,14.4,5.9,14174000
2006-12-24,34100.0,1.9,4.1,14174000
2006-12-25,39600.0,41.3,7.1,14174000
2006-12-26,52000.0,29.4,6.7,14174000
2006-12-27,64400.0,5.0,7.1,14174000
2006-12-28,59500.0,0.0,2.5,14174000
2006-12-29,49500.0,0.0,-0.1,14174000
2006-12-30,45600.0,0.0,1.3,14174000
2006-12-31,41900.0,0.0,1.6,14174000
2007-01-01,38700.0,0.7,2.7,14174000
2007-01-02,36200.0,0.0,6.6,14174000
2007-01-03,39200.0,51.8,9.4,14174000
2007-01-04,52100.0,10.9,4.7,14174000
2007-01-05,59600.0,2.1,0.2,14174000
2007-01-06,44900.0,17.5,5.7,14174000
2007-01-07,39500.0,1.4,7.0,14174000
2007-01-08,36400.0,2.7,8.3,14174000
2007-01-09,36100.0,0.0,6.5,14174000
2007-01-10,37100.0,9.9,2.9,14174000
2007-01-11,37700.0,2.6,-0.5,14174000
2007-01-12,36000.0,0.0,-2.7,14174000
2007-01-13,33200.0,0.0,-4.1,14174000
2007-01-14,31300.0,0.0,-2.1,14174000
2007-01-15,29700.0,0.0,-2.2,14174000
2007-01-16,27000.0,7.0,-0.2,14174000
2007-01-17,24900.0,0.0,-0.0,14174000
2007-01-18,23200.0,0.3,1.5,14174000
2007-01-19,22700.0,0.0,2.2,14174000
2007-01-20,21300.0,0.8,3.9,14174000
2007-01-21,20600.0,0.0,2.1,14174000
2007-01-22,19400.0,0.0,3.3,14174000
2007-01-23,16300.0,0.0,2.9,14174000
2007-01-24,14000.0,0.0,3.0,14174000
2007-01-25,12800.0,0.0,3.1,14174000
2007-01-26,12100.0,0.0,1.9,14174000
2007-01-27,11400.0,0.0,1.3,14174000
2007-01-28,10400.0,0.0,0.5,14174000
2007-01-29,9710.0,0.0,1.5,14174000
2007-01-30,9220.0,0.0,2.0,14174000
2007-01-31,8690.0,0.0,0.6,14174000
2007-02-01,8290.0,0.0,1.5,14174000
2007-02-02,7920.0,0.0,0.7,14174000
2007-02-03,7620.0,0.0,2.2,14174000
2007-02-04,7390.0,0.0,5.2,14174000
2007-02-05,7240.0,0.0,5.4,14174000
2007-02-06,7210.0,0.0,6.3,14174000
2007-02-07,7250.0,5.3,6.9,14174000
2007-02-08,7320.0,1.8,5.3,14174000
2007-02-09,7460.0,6.0,8.5,14174000
2007-02-10,7400.0,7.3,7.4,14174000
2007-02-11,7900.0,8.6,6.8,14174000
2007-02-12,8840.0,5.5,6.6,14174000
2007-02-13,9090.0,1.3,7.3,14174000
2007-02-14,9140.0,4.8,5.4,14174000
2007-02-15,10700.0,29.4,8.8,14174000
2007-02-16,24200.0,22.6,9.8,14174000
2007-02-17,32700.0,0.0,8.5,14174000
2007-02-18,26300.0,5.2,7.2,14174000
2007-02-19,21000.0,3.8,5.0,14174000
2007-02-20,19200.0,22.0,6.4,14174000
2007-02-21,22200.0,4.2,3.3,14174000
2007-02-22,21900.0,6.6,4.4,14174000
2007-02-23,20900.0,10.5,3.0,14174000
2007-02-24,21000.0,21.6,5.0,14174000
2007-02-25,24800.0,13.9,4.8,14174000
2007-02-26,27500.0,5.4,3.2,14174000
2007-02-27,26500.0,9.5,2.7,14174000
2007-02-28,25800.0,7.4,2.0,14174000
2007-03-01,24400.0,9.7,2.7,14174000
2007-03-02,23400.0,15.5,5.4,14174000
2007-03-03,24900.0,3.4,7.9,14174000
2007-03-04,25400.0,0.0,8.8,14174000
2007-03-05,23700.0,0.0,10.9,14174000
2007-03-06,22700.0,0.0,10.6,14174000
2007-03-07,21900.0,10.4,10.5,14174000
2007-03-08,21300.0,0.4,7.2,14174000
2007-03-09,20800.0,7.7,7.1,14174000
2007-03-10,20800.0,0.6,10.0,14174000
2007-03-11,20100.0,0.7,13.5,14174000
2007-03-12,19200.0,3.0,11.8,14174000
2007-03-13,18600.0,0.0,6.8,14174000
2007-03-14,16700.0,0.0,6.5,14174000
2007-03-15,14900.0,0.0,6.0,14174000
2007-03-16,12800.0,0.0,11.9,14174000
2007-03-17,11300.0,0.0,10.9,14174000
2007-03-18,10900.0,1.2,11.7,14174000
2007-03-19,10900.0,5.6,11.0,14174000
2007-03-20,11500.0,14.2,7.4,14174000
2007-03-21,13700.0,0.2,5.7,14174000
2007-03-22,14000.0,0.0,7.1,14174000
2007-03-23,13700.0,0.0,7.7,14174000
2007-03-24,13600.0,3.3,10.4,14174000
2007-03-25,13800.0,17.7,10.6,14174000
2007-03-26,16500.0,7.1,7.9,14174000
2007-03-27,16100.0,6.4,4.9,14174000
2007-03-28,15300.0,0.0,5.9,14174000
2007-03-29,13600.0,0.0,6.9,14174000
2007-03-30,12300.0,0.0,10.1,14174000
2007-03-31,12300.0,1.0,9.9,14174000
2007-04-01,12000.0,0.0,5.6,14174000
2007-04-02,12100.0,0.0,5.2,14174000
2007-04-03,11800.0,0.0,5.3,14174000
2007-04-04,11500.0,0.9,9.4,14174000
2007-04-05,11400.0,0.0,12.6,14174000
2007-04-06,11100.0,0.0,14.1,14174000
2007-04-07,11000.0,7.2,12.9,14174000
2007-04-08,11700.0,0.2,10.6,14174000
2007-04-09,11900.0,18.2,9.0,14174000
2007-04-10,12200.0,4.3,7.6,14174000
2007-04-11,11400.0,7.5,8.4,14174000
2007-04-12,10700.0,12.2,6.3,14174000
2007-04-13,10600.0,0.8,7.7,14174000
2007-04-14,10300.0,6.6,10.0,14174000
2007-04-15,10500.0,0.2,7.4,14174000
2007-04-16,10300.0,0.5,7.4,14174000
2007-04-17,10100.0,8.2,7.2,14174000
2007-04-18,10700.0,6.2,4.9,14174000
2007-04-19,11200.0,4.0,5.2,14174000
2007-04-20,11400.0,0.0,8.0,14174000
2007-04-21,11200.0,6.8,7.8,14174000
2007-04-22,11900.0,5.6,8.5,14174000
2007-04-23,12400.0,0.7,9.8,14174000
2007-04-24,11900.0,0.7,10.4,14174000
2007-04-25,11700.0,0.1,10.0,14174000
2007-04-26,11900.0,0.0,10.3,14174000
2007-04-27,11200.0,0.0,12.3,14174000
2007-04-28,10600.0,0.0,13.0,14174000
2007-04-29,9810.0,0.0,11.8,14174000
2007-04-30,9270.0,0.0,10.4,14174000
2007-05-01,8990.0,0.5,10.3,14174000
2007-05-02,9060.0,9.2,10.1,14174000
2007-05-03,9480.0,14.3,7.3,14174000
2007-05-04,10300.0,4.2,8.0,14174000
2007-05-05,10100.0,0.6,8.2,14174000
2007-05-06,9860.0,0.0,11.3,14174000
2007-05-07,9710.0,0.0,14.3,14174000
2007-05-08,9470.0,0.0,16.5,14174000
2007-05-09,9390.0,0.0,11.2,14174000
2007-05-10,9460.0,0.0,11.1,14174000
2007-05-11,9430.0,0.0,10.7,14174000
2007-05-12,9410.0,0.7,10.9,14174000
2007-05-13,9610.0,0.0,9.4,14174000
2007-05-14,9410.0,0.0,11.2,14174000
2007-05-15,9730.0,0.0,15.2,14174000
2007-05-16,10500.0,0.0,12.1,14174000
2007-05-17,10700.0,0.0,14.1,14174000
2007-05-18,10700.0,0.0,14.3,14174000
2007-05-19,10300.0,0.4,13.2,14174000
2007-05-20,9940.0,5.4,10.4,14174000
2007-05-21,9980.0,2.5,9.7,14174000
2007-05-22,10200.0,0.0,10.5,14174000
2007-05-23,10400.0,0.0,13.2,14174000
2007-05-24,10800.0,1.9,15.7,14174000
2007-05-25,11500.0,0.0,16.6,14174000
2007-05-26,11500.0,0.0,15.5,14174000
2007-05-27,10700.0,0.6,13.3,14174000
2007-05-28,10500.0,0.0,11.0,14174000
2007-05-29,10400.0,0.0,15.8,14174000
2007-05-30,10200.0,0.0,19.0,14174000
2007-05-31,9970.0,0.0,18.2,14174000
2007-06-01,9870.0,0.0,19.1,14174000
2007-06-02,9560.0,0.0,18.9,14174000
2007-06-03,9460.0,0.0,18.8,14174000
2007-06-04,9400.0,0.7,16.9,14174000
2007-06-05,9360.0,4.8,13.6,14174000
2007-06-06,9650.0,7.1,10.8,14174000
2007-06-07,9880.0,0.2,12.3,14174000
2007-06-08,9700.0,0.0,13.3,14174000
2007-06-09,9070.0,3.8,12.9,14174000
2007-06-10,8590.0,3.6,13.2,14174000
2007-06-11,8210.0,0.0,12.6,14174000
2007-06-12,7680.0,0.0,13.9,14174000
2007-06-13,7010.0,0.0,15.0,14174000
2007-06-14,6230.0,0.0,13.9,14174000
2007-06-15,6040.0,0.0,16.3,14174000
2007-06-16,6160.0,0.0,16.1,14174000
2007-06-17,6060.0,0.0,13.7,14174000
2007-06-18,6040.0,0.0,14.8,14174000
2007-06-19,6220.0,0.0,17.0,14174000
2007-06-20,6180.0,0.0,17.9,14174000
2007-06-21,6160.0,0.0,16.1,14174000
2007-06-22,6170.0,0.0,15.6,14174000
2007-06-23,6120.0,0.0,14.7,14174000
2007-06-24,6150.0,1.7,13.0,14174000
2007-06-25,6140.0,0.0,14.3,14174000
2007-06-26,6040.0,0.0,17.9,14174000
2007-06-27,5720.0,0.0,16.5,14174000
2007-06-28,5550.0,2.5,16.8,14174000
2007-06-29,5220.0,3.6,15.2,14174000
2007-06-30,5020.0,0.0,15.8,14174000
2007-07-01,4800.0,0.0,16.6,14174000
2007-07-02,4590.0,0.0,17.5,14174000
2007-07-03,4460.0,0.0,19.7,14174000
2007-07-04,4510.0,0.0,21.4,14174000
2007-07-05,4450.0,0.0,21.6,14174000
2007-07-06,4400.0,0.0,20.4,14174000
2007-07-07,4370.0,0.0,19.3,14174000
2007-07-08,4450.0,0.0,19.3,14174000
2007-07-09,4480.0,0.0,21.1,14174000
2007-07-10,4450.0,0.0,25.7,14174000
2007-07-11,4430.0,0.0,25.1,14174000
2007-07-12,4350.0,0.3,20.7,14174000
2007-07-13,4410.0,0.2,20.3,14174000
2007-07-14,4510.0,0.2,21.3,14174000
2007-07-15,4510.0,0.0,19.5,14174000
2007-07-16,4510.0,0.0,19.0,14174000
2007-07-17,4510.0,1.8,18.2,14174000
2007-07-18,4530.0,10.4,16.9,14174000
2007-07-19,4650.0,0.6,17.9,14174000
2007-07-20,4610.0,2.4,16.3,14174000
2007-07-21,4500.0,0.3,17.4,14174000
2007-07-22,4540.0,0.0,20.2,14174000
2007-07-23,4480.0,0.0,19.6,14174000
2007-07-24,4440.0,0.0,18.4,14174000
2007-07-25,4380.0,0.0,18.6,14174000
2007-07-26,4370.0,0.0,19.1,14174000
2007-07-27,4430.0,0.0,18.8,14174000
2007-07-28,4450.0,0.0,18.8,14174000
2007-07-29,4450.0,0.0,18.7,14174000
2007-07-30,4490.0,0.0,17.7,14174000
2007-07-31,4590.0,0.0,19.6,14174000
2007-08-01,4480.0,0.0,22.9,14174000
2007-08-02,4460.0,0.0,23.4,14174000
2007-08-03,4580.0,0.0,19.5,14174000
2007-08-04,4610.0,0.0,18.5,14174000
2007-08-05,4670.0,0.0,18.5,14174000
2007-08-06,4760.0,0.0,17.3,14174000
2007-08-07,4660.0,0.0,17.0,14174000
2007-08-08,4580.0,0.0,17.7,14174000
2007-08-09,4610.0,0.0,17.8,14174000
2007-08-10,4530.0,0.0,17.5,14174000
2007-08-11,4520.0,0.0,18.5,14174000
2007-08-12,4570.0,0.0,16.4,14174000
2007-08-13,4590.0,0.0,18.0,14174000
2007-08-14,4630.0,0.0,21.2,14174000
2007-08-15,4700.0,0.0,20.2,14174000
2007-08-16,4700.0,1.1,18.1,14174000
2007-08-17,4750.0,0.1,18.0,14174000
2007-08-18,4770.0,0.0,17.1,14174000
2007-08-19,4830.0,11.8,16.8,14174000
2007-08-20,4910.0,4.6,17.1,14174000
2007-08-21,5000.0,0.6,18.0,14174000
2007-08-22,4890.0,0.0,17.9,14174000
2007-08-23,4890.0,0.0,17.9,14174000
2007-08-24,4780.0,0.0,19.3,14174000
2007-08-25,4730.0,0.0,18.6,14174000
2007-08-26,4780.0,0.0,18.6,14174000
2007-08-27,4760.0,0.0,17.2,14174000
2007-08-28,4710.0,0.0,18.8,14174000
2007-08-29,4780.0,0.0,22.2,14174000
2007-08-30,4790.0,0.0,23.0,14174000
2007-08-31,4720.0,0.6,20.4,14174000
2007-09-01,4770.0,0.0,18.8,14174000
2007-09-02,4790.0,0.0,19.2,14174000
2007-09-03,4840.0,0.0,20.0,14174000
2007-09-04,4910.0,2.8,19.3,14174000
2007-09-05,4930.0,0.0,18.4,14174000
2007-09-06,4810.0,0.0,18.0,14174000
2007-09-07,4780.0,0.0,16.4,14174000
2007-09-08,4800.0,0.0,18.3,14174000
2007-09-09,4780.0,0.0,21.1,14174000
2007-09-10,4760.0,0.0,22.0,14174000
2007-09-11,4720.0,0.0,21.1,14174000
2007-09-12,4720.0,0.0,18.1,14174000
2007-09-13,4710.0,0.0,16.5,14174000
2007-09-14,4750.0,0.0,15.7,14174000
2007-09-15,4750.0,0.0,16.7,14174000
2007-09-16,4810.0,0.8,14.9,14174000
2007-09-17,4850.0,2.7,14.8,14174000
2007-09-18,4860.0,0.0,13.8,14174000
2007-09-19,4730.0,1.0,13.4,14174000
2007-09-20,4730.0,0.0,15.0,14174000
2007-09-21,4770.0,0.0,15.2,14174000
2007-09-22,4760.0,0.0,15.0,14174000
2007-09-23,4730.0,0.0,13.2,14174000
2007-09-24,4710.0,0.0,12.9,14174000
2007-09-25,4790.0,0.0,13.7,14174000
2007-09-26,4820.0,0.0,14.1,14174000
2007-09-27,4830.0,0.0,16.8,14174000
2007-09-28,5390.0,14.1,12.9,14174000
2007-09-29,6410.0,1.6,10.0,14174000
2007-09-30,6250.0,21.4,11.0,14174000
2007-10-01,5950.0,11.1,11.8,14174000
2007-10-02,5800.0,0.2,11.6,14174000
2007-10-03,5260.0,12.4,11.6,14174000
2007-10-04,5360.0,12.6,9.2,14174000
2007-10-05,5700.0,0.5,8.8,14174000
2007-10-06,5510.0,0.0,8.8,14174000
2007-10-07,5400.0,0.0,12.0,14174000
2007-10-08,5310.0,4.2,12.2,14174000
2007-10-09,5250.0,0.5,12.4,14174000
2007-10-10,5270.0,19.9,11.8,14174000
2007-10-11,5340.0,0.2,9.7,14174000
2007-10-12,5360.0,0.2,11.9,14174000
2007-10-13,5310.0,0.0,11.9,14174000
2007-10-14,5080.0,0.0,12.0,14174000
2007-10-15,5020.0,2.9,11.7,14174000
2007-10-16,5020.0,6.8,9.0,14174000
2007-10-17,5250.0,16.3,9.3,14174000
2007-10-18,5700.0,12.4,10.1,14174000
2007-10-19,7080.0,40.4,12.5,14174000
2007-10-20,14600.0,20.7,8.3,14174000
2007-10-21,15400.0,2.5,9.2,14174000
2007-10-22,14300.0,0.0,12.2,14174000
2007-10-23,11600.0,0.0,13.9,14174000
2007-10-24,9720.0,0.2,11.9,14174000
2007-10-25,9020.0,0.0,8.3,14174000
2007-10-26,8840.0,0.0,7.4,14174000
2007-10-27,8330.0,0.0,7.3,14174000
2007-10-28,7840.0,0.0,9.4,14174000
2007-10-29,7570.0,0.3,9.3,14174000
2007-10-30,6830.0,0.0,8.2,14174000
2007-10-31,6330.0,0.0,7.3,14174000
2007-11-01,5890.0,0.0,7.5,14174000
2007-11-02,5640.0,0.0,5.2,14174000
2007-11-03,5620.0,0.0,6.6,14174000
2007-11-04,5790.0,0.0,8.3,14174000
2007-11-05,5820.0,0.0,8.8,14174000
2007-11-06,5870.0,0.0,8.8,14174000
2007-11-07,6040.0,0.0,8.6,14174000
2007-11-08,6080.0,0.0,8.8,14174000
2007-11-09,6070.0,0.0,8.9,14174000
2007-11-10,6140.0,8.5,10.7,14174000
2007-11-11,6380.0,1.6,7.6,14174000
2007-11-12,6450.0,7.9,8.5,14174000
2007-11-13,6720.0,3.4,7.1,14174000
2007-11-14,8660.0,0.0,4.6,14174000
2007-11-15,8330.0,1.5,11.7,14174000
2007-11-16,8520.0,20.3,11.2,14174000
2007-11-17,10400.0,35.9,11.7,14174000
2007-11-18,21700.0,17.6,7.9,14174000
2007-11-19,30000.0,17.1,5.7,14174000
2007-11-20,34200.0,1.9,4.5,14174000
2007-11-21,28900.0,0.0,3.1,14174000
2007-11-22,25100.0,0.0,1.3,14174000
2007-11-23,22600.0,0.0,0.7,14174000
2007-11-24,20500.0,0.0,1.5,14174000
2007-11-25,18100.0,0.0,1.5,14174000
2007-11-26,16800.0,0.0,0.9,14174000
2007-11-27,15900.0,12.0,3.7,14174000
2007-11-28,15300.0,0.7,1.0,14174000
2007-11-29,14400.0,6.7,4.6,14174000
2007-11-30,14100.0,0.9,1.6,14174000
2007-12-01,13900.0,0.5,1.5,14174000
2007-12-02,14200.0,25.1,4.7,14174000
2007-12-03,19500.0,49.4,9.9,14174000
2007-12-04,30500.0,11.6,12.0,14174000
2007-12-05,35200.0,4.2,9.3,14174000
2007-12-06,30300.0,6.9,7.6,14174000
2007-12-07,26500.0,3.2,5.9,14174000
2007-12-08,24200.0,0.5,2.8,14174000
2007-12-09,22200.0,0.2,0.5,14174000
2007-12-10,19900.0,0.0,1.7,14174000
2007-12-11,17700.0,0.0,-0.1,14174000
2007-12-12,14100.0,0.0,2.2,14174000
2007-12-13,12000.0,0.0,1.8,14174000
2007-12-14,10700.0,0.0,1.7,14174000
2007-12-15,10200.0,6.0,4.7,14174000
2007-12-16,10600.0,2.3,3.1,14174000
2007-12-17,11100.0,13.0,4.7,14174000
2007-12-18,12400.0,16.9,4.8,14174000
2007-12-19,14800.0,11.7,5.9,14174000
2007-12-20,22700.0,20.7,5.1,14174000
2007-12-21,31100.0,0.3,1.0,14174000
2007-12-22,27300.0,6.5,1.8,14174000
2007-12-23,24800.0,5.2,6.8,14174000
2007-12-24,33700.0,20.4,5.4,14174000
2007-12-25,45000.0,2.8,-0.2,14174000
2007-12-26,42700.0,10.1,1.8,14174000
2007-12-27,38300.0,12.5,0.1,14174000
2007-12-28,34600.0,12.4,3.7,14174000
2007-12-29,31700.0,9.6,5.3,14174000
2007-12-30,30200.0,8.6,3.8,14174000
2007-12-31,31700.0,0.8,-0.7,14174000
2008-01-01,28700.0,0.0,-0.1,14174000
2008-01-02,24800.0,10.4,1.1,14174000
2008-01-03,23900.0,14.6,3.1,14174000
2008-01-04,24200.0,12.1,5.6,14174000
2008-01-05,30600.0,14.3,4.6,14174000
2008-01-06,38700.0,9.9,2.1,14174000
2008-01-07,40300.0,7.8,1.4,14174000
2008-01-08,37100.0,31.8,3.1,14174000
2008-01-09,40600.0,6.9,3.5,14174000
2008-01-10,43600.0,16.4,6.4,14174000
2008-01-11,42700.0,6.6,8.0,14174000
2008-01-12,47000.0,6.1,6.8,14174000
2008-01-13,48500.0,0.0,5.1,14174000
2008-01-14,46800.0,1.2,3.8,14174000
2008-01-15,41700.0,5.9,0.8,14174000
2008-01-16,37100.0,0.0,1.1,14174000
2008-01-17,31900.0,0.0,-0.2,14174000
2008-01-18,28000.0,0.0,0.4,14174000
2008-01-19,25000.0,0.0,1.0,14174000
2008-01-20,21300.0,6.4,2.7,14174000
2008-01-21,18800.0,0.4,-1.0,14174000
2008-01-22,17100.0,0.0,-1.9,14174000
2008-01-23,15900.0,0.0,-1.7,14174000
2008-01-24,14500.0,0.0,-0.9,14174000
2008-01-25,14000.0,0.4,-0.3,14174000
2008-01-26,13500.0,6.6,1.0,14174000
2008-01-27,18100.0,34.1,1.7,14174000
2008-01-28,25600.0,2.8,-0.9,14174000
2008-01-29,24800.0,19.8,1.8,14174000
2008-01-30,27900.0,11.9,1.4,14174000
2008-01-31,28900.0,27.7,3.9,14174000
2008-02-01,36000.0,13.7,3.4,14174000
2008-02-02,38300.0,27.7,1.6,14174000
2008-02-03,37100.0,10.0,2.1,14174000
2008-02-04,34100.0,1.4,0.7,14174000
2008-02-05,27600.0,4.1,3.1,14174000
2008-02-06,24900.0,3.8,3.7,14174000
2008-02-07,25800.0,13.4,5.7,14174000
2008-02-08,28400.0,3.4,5.2,14174000
2008-02-09,27500.0,0.0,7.3,14174000
2008-02-10,24600.0,1.0,7.8,14174000
2008-02-11,22600.0,0.0,6.4,14174000
2008-02-12,20200.0,0.0,6.1,14174000
2008-02-13,18200.0,0.7,5.5,14174000
2008-02-14,17200.0,0.0,3.2,14174000
2008-02-15,15800.0,0.0,3.3,14174000
2008-02-16,14500.0,0.0,4.1,14174000
2008-02-17,13300.0,0.0,3.3,14174000
2008-02-18,12600.0,0.0,4.2,14174000
2008-02-19,12200.0,0.7,4.4,14174000
2008-02-20,12200.0,0.5,6.6,14174000
2008-02-21,12100.0,0.3,5.1,14174000
2008-02-22,11700.0,2.0,6.1,14174000
2008-02-23,11300.0,0.0,4.7,14174000
2008-02-24,10500.0,3.7,5.8,14174000
2008-02-25,9880.0,0.9,7.2,14174000
2008-02-26,10000.0,0.0,6.9,14174000
2008-02-27,10100.0,0.0,7.5,14174000
2008-02-28,9950.0,0.0,8.0,14174000
2008-02-29,9760.0,0.5,8.6,14174000
2008-03-01,10200.0,19.1,6.4,14174000
2008-03-02,12600.0,0.9,4.2,14174000
2008-03-03,12600.0,2.7,3.9,14174000
2008-03-04,13000.0,0.1,4.8,14174000
2008-03-05,12200.0,0.0,3.7,14174000
2008-03-06,10900.0,0.0,5.4,14174000
2008-03-07,10000.0,0.0,5.4,14174000
2008-03-08,9860.0,13.1,7.6,14174000
2008-03-09,10200.0,0.0,7.3,14174000
2008-03-10,10000.0,0.2,10.5,14174000
2008-03-11,9990.0,4.5,8.2,14174000
2008-03-12,10900.0,0.1,6.2,14174000
2008-03-13,10700.0,10.2,7.1,14174000
2008-03-14,12800.0,20.6,5.8,14174000
2008-03-15,18300.0,7.7,5.1,14174000
2008-03-16,21300.0,2.4,4.6,14174000
2008-03-17,19900.0,3.4,4.9,14174000
2008-03-18,19500.0,8.7,8.2,14174000
2008-03-19,23900.0,0.0,6.2,14174000
2008-03-20,27700.0,3.7,5.5,14174000
2008-03-21,26800.0,8.8,4.4,14174000
2008-03-22,24100.0,0.0,5.3,14174000
2008-03-23,20300.0,6.1,7.2,14174000
2008-03-24,18500.0,1.0,5.0,14174000
2008-03-25,18300.0,0.2,5.3,14174000
2008-03-26,18000.0,13.4,5.2,14174000
2008-03-27,19100.0,8.0,2.2,14174000
2008-03-28,17500.0,10.6,3.5,14174000
2008-03-29,16600.0,6.4,2.6,14174000
2008-03-30,15100.0,1.2,3.1,14174000
2008-03-31,14000.0,0.8,3.3,14174000
2008-04-01,13400.0,0.0,3.1,14174000
2008-04-02,13000.0,0.0,4.6,14174000
2008-04-03,12900.0,0.0,7.1,14174000
2008-04-04,12900.0,5.5,6.7,14174000
2008-04-05,12900.0,8.6,5.3,14174000
2008-04-06,12400.0,10.1,6.1,14174000
2008-04-07,12400.0,9.3,4.7,14174000
2008-04-08,13700.0,3.7,5.2,14174000
2008-04-09,14100.0,5.2,6.5,14174000
2008-04-10,14200.0,0.0,6.8,14174000
2008-04-11,14000.0,0.0,7.5,14174000
2008-04-12,12800.0,0.0,12.9,14174000
2008-04-13,12000.0,0.0,12.1,14174000
2008-04-14,13100.0,5.6,7.3,14174000
2008-04-15,13700.0,3.8,3.8,14174000
2008-04-16,12400.0,0.0,6.8,14174000
2008-04-17,11200.0,0.0,7.4,14174000
2008-04-18,10400.0,0.0,6.9,14174000
2008-04-19,9830.0,3.2,3.4,14174000
2008-04-20,9220.0,5.1,3.0,14174000
2008-04-21,9020.0,5.6,4.0,14174000
2008-04-22,8950.0,13.7,6.0,14174000
2008-04-23,10200.0,13.4,6.9,14174000
2008-04-24,12400.0,6.8,6.8,14174000
2008-04-25,12700.0,0.0,7.1,14174000
2008-04-26,12100.0,0.0,10.7,14174000
2008-04-27,12000.0,0.0,12.9,14174000
2008-04-28,12400.0,0.4,12.3,14174000
2008-04-29,13200.0,9.7,8.4,14174000
2008-04-30,14200.0,6.1,5.0,14174000
2008-05-01,14200.0,0.2,7.0,14174000
2008-05-02,13500.0,0.0,10.9,14174000
2008-05-03,13100.0,0.2,10.2,14174000
2008-05-04,13000.0,0.0,9.5,14174000
2008-05-05,13900.0,0.0,12.9,14174000
2008-05-06,14400.0,0.0,10.9,14174000
2008-05-07,15400.0,0.0,8.9,14174000
2008-05-08,16100.0,0.0,7.5,14174000
2008-05-09,15400.0,0.0,7.9,14174000
2008-05-10,14300.0,0.2,9.8,14174000
2008-05-11,14700.0,1.1,8.9,14174000
2008-05-12,14500.0,0.0,8.4,14174000
2008-05-13,14100.0,0.2,11.0,14174000
2008-05-14,13800.0,0.1,13.6,14174000
2008-05-15,14200.0,0.0,16.9,14174000
2008-05-16,15200.0,0.0,21.0,14174000
2008-05-17,18400.0,0.0,23.1,14174000
2008-05-18,22700.0,0.0,19.2,14174000
2008-05-19,24300.0,0.0,20.0,14174000
2008-05-20,23500.0,4.0,15.2,14174000
2008-05-21,23400.0,2.1,9.9,14174000
2008-05-22,23500.0,0.2,9.0,14174000
2008-05-23,21600.0,2.7,9.2,14174000
2008-05-24,19400.0,0.1,11.6,14174000
2008-05-25,17500.0,0.2,12.8,14174000
2008-05-26,16300.0,0.0,13.8,14174000
2008-05-27,15800.0,0.0,13.3,14174000
2008-05-28,14600.0,2.4,13.0,14174000
2008-05-29,15400.0,0.1,11.5,14174000
2008-05-30,16600.0,0.0,12.2,14174000
2008-05-31,16300.0,0.0,13.5,14174000
2008-06-01,16000.0,0.0,11.4,14174000
2008-06-02,15700.0,0.0,11.9,14174000
2008-06-03,15400.0,20.6,11.6,14174000
2008-06-04,17000.0,1.4,10.9,14174000
2008-06-05,19100.0,1.0,10.4,14174000
2008-06-06,19100.0,7.2,9.4,14174000
2008-06-07,18600.0,2.0,10.0,14174000
2008-06-08,18900.0,0.0,10.9,14174000
2008-06-09,18700.0,0.8,12.2,14174000
2008-06-10,17300.0,2.3,9.5,14174000
2008-06-11,16100.0,0.0,10.0,14174000
2008-06-12,15200.0,0.0,11.0,14174000
2008-06-13,14000.0,0.0,14.6,14174000
2008-06-14,12800.0,0.0,13.6,14174000
2008-06-15,12400.0,0.0,12.8,14174000
2008-06-16,12700.0,0.0,14.1,14174000
2008-06-17,12700.0,0.0,12.5,14174000
2008-06-18,12600.0,0.0,12.5,14174000
2008-06-19,12300.0,0.0,15.5,14174000
2008-06-20,12500.0,0.0,17.9,14174000
2008-06-21,12300.0,0.0,20.4,14174000
2008-06-22,12300.0,0.7,15.9,14174000
2008-06-23,12200.0,0.0,15.0,14174000
2008-06-24,11100.0,0.0,15.2,14174000
2008-06-25,10100.0,0.0,17.0,14174000
2008-06-26,9090.0,0.0,14.9,14174000
2008-06-27,8750.0,0.0,19.0,14174000
2008-06-28,8730.0,0.0,25.0,14174000
2008-06-29,9430.0,0.0,22.4,14174000
2008-06-30,9670.0,0.0,19.2,14174000
2008-07-01,9990.0,0.0,18.3,14174000
2008-07-02,10100.0,0.0,19.9,14174000
2008-07-03,9260.0,0.0,18.9,14174000
2008-07-04,8640.0,0.1,18.1,14174000
2008-07-05,8170.0,0.0,17.9,14174000
2008-07-06,7810.0,0.0,18.0,14174000
2008-07-07,7400.0,0.0,18.9,14174000
2008-07-08,6910.0,0.0,22.1,14174000
2008-07-09,6530.0,0.0,25.3,14174000
2008-07-10,6270.0,0.0,22.2,14174000
2008-07-11,6030.0,0.0,19.4,14174000
2008-07-12,5780.0,0.0,23.9,14174000
2008-07-13,5370.0,0.0,25.7,14174000
2008-07-14,5180.0,0.0,25.4,14174000
2008-07-15,5040.0,0.0,25.7,14174000
2008-07-16,5010.0,0.0,20.0,14174000
2008-07-17,4950.0,0.0,18.7,14174000
2008-07-18,4890.0,0.0,17.6,14174000
2008-07-19,4890.0,0.0,17.2,14174000
2008-07-20,4880.0,0.0,18.4,14174000
2008-07-21,4830.0,0.0,20.3,14174000
2008-07-22,4740.0,0.0,16.8,14174000
2008-07-23,4790.0,0.0,15.1,14174000
2008-07-24,4760.0,0.0,17.3,14174000
2008-07-25,4700.0,0.0,18.1,14174000
2008-07-26,4770.0,0.0,18.8,14174000
2008-07-27,4770.0,0.0,17.8,14174000
2008-07-28,4710.0,0.0,18.2,14174000
2008-07-29,4700.0,0.3,16.3,14174000
2008-07-30,4840.0,0.0,16.8,14174000
2008-07-31,5000.0,0.0,18.4,14174000
2008-08-01,5150.0,1.7,17.7,14174000
2008-08-02,5180.0,0.0,17.0,14174000
2008-08-03,5160.0,0.0,17.2,14174000
2008-08-04,5140.0,0.0,19.2,14174000
2008-08-05,5080.0,0.0,21.7,14174000
2008-08-06,5070.0,0.0,20.8,14174000
2008-08-07,5080.0,0.0,19.6,14174000
2008-08-08,5180.0,0.0,17.3,14174000
2008-08-09,5170.0,0.0,17.8,14174000
2008-08-10,5190.0,0.0,17.6,14174000
2008-08-11,5190.0,0.0,20.0,14174000
2008-08-12,5140.0,0.0,21.1,14174000
2008-08-13,5070.0,0.0,20.9,14174000
2008-08-14,5100.0,0.0,25.6,14174000
2008-08-15,5040.0,0.0,25.9,14174000
2008-08-16,5030.0,0.0,25.1,14174000
2008-08-17,5140.0,0.0,23.9,14174000
2008-08-18,5260.0,3.3,18.3,14174000
2008-08-19,5280.0,0.4,17.8,14174000
2008-08-20,5360.0,16.2,16.4,14174000
2008-08-21,5580.0,5.3,15.7,14174000
2008-08-22,5830.0,0.0,16.1,14174000
2008-08-23,5580.0,0.0,19.3,14174000
2008-08-24,5530.0,0.0,19.4,14174000
2008-08-25,5600.0,7.7,16.9,14174000
2008-08-26,5540.0,0.0,15.5,14174000
2008-08-27,5510.0,0.0,15.8,14174000
2008-08-28,5500.0,0.0,17.3,14174000
2008-08-29,5500.0,0.0,20.2,14174000
2008-08-30,5440.0,0.0,16.9,14174000
2008-08-31,5450.0,0.3,13.9,14174000
2008-09-01,5500.0,0.2,13.5,14174000
2008-09-02,5500.0,0.0,14.6,14174000
2008-09-03,5450.0,0.0,15.9,14174000
2008-09-04,5590.0,0.0,17.0,14174000
2008-09-05,5640.0,0.0,18.8,14174000
2008-09-06,5720.0,0.0,19.4,14174000
2008-09-07,5840.0,0.0,20.9,14174000
2008-09-08,5880.0,0.0,22.0,14174000
2008-09-09,5810.0,0.0,19.9,14174000
2008-09-10,5940.0,0.0,16.0,14174000
2008-09-11,6160.0,0.0,20.1,14174000
2008-09-12,6210.0,0.0,21.1,14174000
2008-09-13,6150.0,0.0,18.3,14174000
2008-09-14,5910.0,0.0,20.2,14174000
2008-09-15,5710.0,0.0,23.1,14174000
2008-09-16,5470.0,0.0,22.4,14174000
2008-09-17,5580.0,0.0,19.0,14174000
2008-09-18,5740.0,0.0,15.3,14174000
2008-09-19,5800.0,0.0,15.7,14174000
2008-09-20,5850.0,0.0,15.2,14174000
2008-09-21,5930.0,3.6,14.2,14174000
2008-09-22,6030.0,0.4,13.5,14174000
2008-09-23,6040.0,0.0,12.6,14174000
2008-09-24,6070.0,0.2,15.5,14174000
2008-09-25,6140.0,3.4,15.2,14174000
2008-09-26,6170.0,0.0,13.1,14174000
2008-09-27,6170.0,0.0,13.5,14174000
2008-09-28,6160.0,0.0,15.9,14174000
2008-09-29,6130.0,0.0,18.4,14174000
2008-09-30,6040.0,0.0,18.3,14174000
2008-10-01,6030.0,0.0,18.0,14174000
2008-10-02,6200.0,8.9,16.5,14174000
2008-10-03,7190.0,8.1,13.8,14174000
2008-10-04,8450.0,29.7,14.2,14174000
2008-10-05,9500.0,3.8,11.8,14174000
2008-10-06,9620.0,0.2,15.1,14174000
2008-10-07,9290.0,6.1,13.6,14174000
2008-10-08,9930.0,0.0,10.0,14174000
2008-10-09,9810.0,4.9,8.3,14174000
2008-10-10,9760.0,1.1,6.7,14174000
2008-10-11,8980.0,0.0,6.5,14174000
2008-10-12,7510.0,0.0,8.2,14174000
2008-10-13,6840.0,0.0,10.8,14174000
2008-10-14,6810.0,0.0,12.1,14174000
2008-10-15,7730.0,0.0,8.7,14174000
2008-10-16,8820.0,0.0,12.7,14174000
2008-10-17,9830.0,0.0,12.7,14174000
2008-10-18,10200.0,0.0,12.5,14174000
2008-10-19,9890.0,0.0,8.6,14174000
2008-10-20,9620.0,4.6,9.0,14174000
2008-10-21,10200.0,0.0,9.0,14174000
2008-10-22,10200.0,0.0,8.3,14174000
2008-10-23,9800.0,0.0,10.1,14174000
2008-10-24,9280.0,0.0,7.8,14174000
2008-10-25,8770.0,0.0,9.2,14174000
2008-10-26,9070.0,0.0,10.7,14174000
2008-10-27,9080.0,0.0,12.0,14174000
2008-10-28,8650.0,0.0,11.2,14174000
2008-10-29,8270.0,0.0,10.3,14174000
2008-10-30,8290.0,0.5,11.3,14174000
2008-10-31,8960.0,8.3,12.8,14174000
2008-11-01,9220.0,3.5,13.0,14174000
2008-11-02,9550.0,12.5,11.8,14174000
2008-11-03,9470.0,24.2,9.4,14174000
2008-11-04,9960.0,32.2,7.6,14174000
2008-11-05,11900.0,13.7,6.4,14174000
2008-11-06,13700.0,12.7,10.6,14174000
2008-11-07,16000.0,0.2,12.6,14174000
2008-11-08,16400.0,14.8,11.4,14174000
2008-11-09,16400.0,3.2,9.3,14174000
2008-11-10,16900.0,2.5,9.1,14174000
2008-11-11,16400.0,14.6,9.1,14174000
2008-11-12,18300.0,6.2,12.6,14174000
2008-11-13,23300.0,14.4,11.9,14174000
2008-11-14,26500.0,0.0,6.6,14174000
2008-11-15,21400.0,0.0,7.3,14174000
2008-11-16,18200.0,0.0,9.2,14174000
2008-11-17,16200.0,0.0,10.1,14174000
2008-11-18,14600.0,0.0,8.7,14174000
2008-11-19,13200.0,0.0,8.3,14174000
2008-11-20,12200.0,14.0,7.3,14174000
2008-11-21,11800.0,0.6,5.2,14174000
2008-11-22,11900.0,4.2,7.4,14174000
2008-11-23,12100.0,0.0,4.6,14174000
2008-11-24,11800.0,0.0,4.4,14174000
2008-11-25,11400.0,0.3,4.4,14174000
2008-11-26,10600.0,0.0,4.0,14174000
2008-11-27,9450.0,0.3,4.1,14174000
2008-11-28,8410.0,0.9,8.1,14174000
2008-11-29,7490.0,0.0,9.0,14174000
2008-11-30,6860.0,0.0,8.3,14174000
2008-12-01,6620.0,0.0,7.8,14174000
2008-12-02,6410.0,5.5,10.3,14174000
2008-12-03,6750.0,0.0,7.7,14174000
2008-12-04,7140.0,0.0,5.2,14174000
2008-12-05,6710.0,0.0,3.1,14174000
2008-12-06,6000.0,0.0,3.4,14174000
2008-12-07,5260.0,0.2,3.2,14174000
2008-12-08,5030.0,0.1,5.8,14174000
2008-12-09,5010.0,0.0,3.6,14174000
2008-12-10,4910.0,0.0,3.7,14174000
2008-12-11,4830.0,0.0,4.9,14174000
2008-12-12,4810.0,8.2,2.4,14174000
2008-12-13,5090.0,10.0,2.7,14174000
2008-12-14,5690.0,7.0,0.8,14174000
2008-12-15,6090.0,5.4,-3.7,14174000
2008-12-16,6480.0,0.0,-8.0,14174000
2008-12-17,6410.0,0.3,-4.6,14174000
2008-12-18,6370.0,14.7,1.4,14174000
2008-12-19,7090.0,8.0,-1.7,14174000
2008-12-20,7030.0,7.3,0.3,14174000
2008-12-21,7690.0,16.9,4.4,14174000
2008-12-22,12600.0,16.0,2.5,14174000
2008-12-23,15500.0,0.2,2.5,14174000
2008-12-24,13800.0,7.8,2.1,14174000
2008-12-25,13800.0,17.2,1.9,14174000
2008-12-26,14500.0,3.1,-0.3,14174000
2008-12-27,13200.0,15.3,4.9,14174000
2008-12-28,19200.0,22.8,9.0,14174000
2008-12-29,37900.0,23.0,6.7,14174000
2008-12-30,49600.0,0.4,3.6,14174000
2008-12-31,51700.0,3.9,5.7,14174000
2009-01-01,45600.0,16.1,6.3,14174000
2009-01-02,49000.0,27.9,6.4,14174000
2009-01-03,53200.0,1.9,0.3,14174000
2009-01-04,50800.0,0.2,0.1,14174000
2009-01-05,49100.0,15.9,5.3,14174000
2009-01-06,49100.0,8.1,8.0,14174000
2009-01-07,50200.0,3.0,9.0,14174000
2009-01-08,47300.0,16.9,8.8,14174000
2009-01-09,47500.0,0.0,4.0,14174000
2009-01-10,48100.0,0.0,2.4,14174000
2009-01-11,47900.0,0.2,3.9,14174000
2009-01-12,44500.0,0.0,7.2,14174000
2009-01-13,39000.0,0.0,6.9,14174000
2009-01-14,34900.0,0.0,5.0,14174000
2009-01-15,31800.0,0.0,4.2,14174000
2009-01-16,29500.0,0.0,2.7,14174000
2009-01-17,26400.0,0.0,1.3,14174000
2009-01-18,23000.0,0.0,0.9,14174000
2009-01-19,20800.0,0.0,0.9,14174000
2009-01-20,19500.0,0.0,1.2,14174000
2009-01-21,18300.0,0.0,0.9,14174000
2009-01-22,17200.0,0.0,2.8,14174000
2009-01-23,16000.0,0.0,3.5,14174000
2009-01-24,14800.0,0.0,3.1,14174000
2009-01-25,14300.0,5.9,3.4,14174000
2009-01-26,14100.0,0.2,0.1,14174000
2009-01-27,13700.0,3.6,-0.2,14174000
2009-01-28,13200.0,2.6,3.7,14174000
2009-01-29,12900.0,0.0,2.5,14174000
2009-01-30,12500.0,0.0,2.2,14174000
2009-01-31,11700.0,0.0,3.2,14174000
2009-02-01,11300.0,0.0,1.3,14174000
2009-02-02,10800.0,0.0,3.4,14174000
2009-02-03,10600.0,0.0,4.2,14174000
2009-02-04,10100.0,0.0,4.5,14174000
2009-02-05,9200.0,0.0,4.0,14174000
2009-02-06,8340.0,10.4,4.7,14174000
2009-02-07,7990.0,0.0,4.7,14174000
2009-02-08,7330.0,0.5,3.4,14174000
2009-02-09,7060.0,6.6,1.0,14174000
2009-02-10,6890.0,5.6,0.5,14174000
2009-02-11,6850.0,5.6,2.3,14174000
2009-02-12,6850.0,0.3,2.5,14174000
2009-02-13,6790.0,4.4,2.7,14174000
2009-02-14,6700.0,0.7,2.3,14174000
2009-02-15,6760.0,4.3,4.4,14174000
2009-02-16,6610.0,0.7,5.1,14174000
2009-02-17,6540.0,6.5,7.1,14174000
2009-02-18,6620.0,0.0,6.2,14174000
2009-02-19,6460.0,0.0,5.5,14174000
2009-02-20,6350.0,0.0,6.5,14174000
2009-02-21,6170.0,0.6,5.2,14174000
2009-02-22,6120.0,7.3,7.4,14174000
2009-02-23,6760.0,15.6,7.6,14174000
2009-02-24,11400.0,22.6,7.6,14174000
2009-02-25,17800.0,19.1,7.5,14174000
2009-02-26,24600.0,11.1,4.0,14174000
2009-02-27,25400.0,0.4,2.9,14174000
2009-02-28,18300.0,0.7,3.3,14174000
2009-03-01,15200.0,1.9,7.4,14174000
2009-03-02,15000.0,11.8,8.7,14174000
2009-03-03,15700.0,4.1,7.0,14174000
2009-03-04,14300.0,3.8,4.8,14174000
2009-03-05,12900.0,9.4,4.3,14174000
2009-03-06,13100.0,1.5,3.8,14174000
2009-03-07,12900.0,1.1,3.8,14174000
2009-03-08,12100.0,4.4,2.9,14174000
2009-03-09,11600.0,2.5,1.2,14174000
2009-03-10,11000.0,1.7,1.6,14174000
2009-03-11,10100.0,0.0,1.6,14174000
2009-03-12,9460.0,0.0,2.0,14174000
2009-03-13,9030.0,0.0,4.8,14174000
2009-03-14,8790.0,8.3,5.1,14174000
2009-03-15,10300.0,33.4,6.6,14174000
2009-03-16,18900.0,9.7,5.2,14174000
2009-03-17,23200.0,8.1,6.2,14174000
2009-03-18,20800.0,0.3,7.7,14174000
2009-03-19,18200.0,0.0,8.2,14174000
2009-03-20,16500.0,2.2,9.6,14174000
2009-03-21,15300.0,3.0,6.9,14174000
2009-03-22,15100.0,9.6,4.8,14174000
2009-03-23,15600.0,3.0,2.9,14174000
2009-03-24,14700.0,2.8,6.4,14174000
2009-03-25,14400.0,5.4,6.8,14174000
2009-03-26,15200.0,0.0,6.5,14174000
2009-03-27,15700.0,0.0,6.8,14174000
2009-03-28,14900.0,4.4,7.8,14174000
2009-03-29,15300.0,8.8,4.8,14174000
2009-03-30,16200.0,0.0,5.2,14174000
2009-03-31,15000.0,1.5,6.4,14174000
2009-04-01,13600.0,1.2,4.7,14174000
2009-04-02,12700.0,13.8,7.4,14174000
2009-04-03,14800.0,6.0,4.4,14174000
2009-04-04,15300.0,0.0,5.0,14174000
2009-04-05,14200.0,0.0,8.7,14174000
2009-04-06,13800.0,0.0,11.7,14174000
2009-04-07,13600.0,0.0,12.6,14174000
2009-04-08,13300.0,0.4,10.2,14174000
2009-04-09,12900.0,7.4,8.3,14174000
2009-04-10,13300.0,3.1,6.9,14174000
2009-04-11,13400.0,0.0,8.1,14174000
2009-04-12,12900.0,5.1,9.4,14174000
2009-04-13,12600.0,14.6,7.0,14174000
2009-04-14,13500.0,3.8,4.0,14174000
2009-04-15,12900.0,0.4,5.8,14174000
2009-04-16,11900.0,0.0,7.2,14174000
2009-04-17,11200.0,6.7,10.0,14174000
2009-04-18,11300.0,0.0,8.6,14174000
2009-04-19,11600.0,0.0,12.5,14174000
2009-04-20,11400.0,0.0,14.5,14174000
2009-04-21,11400.0,0.0,15.7,14174000
2009-04-22,11700.0,0.0,13.1,14174000
2009-04-23,11600.0,0.3,7.6,14174000
2009-04-24,11300.0,0.0,6.9,14174000
2009-04-25,10800.0,0.0,7.3,14174000
2009-04-26,10500.0,0.0,7.1,14174000
2009-04-27,10100.0,0.2,7.4,14174000
2009-04-28,9930.0,5.7,7.6,14174000
2009-04-29,9860.0,6.7,6.8,14174000
2009-04-30,9610.0,0.1,8.5,14174000
2009-05-01,9030.0,0.0,11.8,14174000
2009-05-02,9220.0,16.2,13.3,14174000
2009-05-03,9800.0,3.3,10.5,14174000
2009-05-04,10500.0,14.7,9.7,14174000
2009-05-05,13000.0,19.5,11.0,14174000
2009-05-06,20400.0,12.9,10.7,14174000
2009-05-07,22500.0,6.5,9.6,14174000
2009-05-08,22200.0,0.0,9.0,14174000
2009-05-09,19700.0,0.0,9.7,14174000
2009-05-10,17500.0,0.0,12.0,14174000
2009-05-11,15700.0,1.6,12.2,14174000
2009-05-12,14600.0,4.2,9.1,14174000
2009-05-13,15500.0,2.9,8.5,14174000
2009-05-14,16100.0,12.7,10.8,14174000
2009-05-15,16900.0,0.0,11.3,14174000
2009-05-16,16000.0,0.0,15.0,14174000
2009-05-17,14800.0,0.0,16.5,14174000
2009-05-18,14400.0,0.0,16.2,14174000
2009-05-19,15100.0,3.4,11.5,14174000
2009-05-20,15400.0,0.0,9.9,14174000
2009-05-21,14600.0,0.0,11.6,14174000
2009-05-22,13500.0,0.0,12.7,14174000
2009-05-23,12700.0,0.0,12.8,14174000
2009-05-24,12100.0,0.0,12.7,14174000
2009-05-25,11900.0,0.0,13.0,14174000
2009-05-26,11700.0,0.0,14.8,14174000
2009-05-27,11400.0,0.0,15.0,14174000
2009-05-28,10700.0,0.0,17.1,14174000
2009-05-29,9910.0,0.0,19.8,14174000
2009-05-30,9280.0,0.0,20.5,14174000
2009-05-31,9680.0,0.0,18.8,14174000
2009-06-01,9670.0,0.0,17.0,14174000
2009-06-02,9780.0,0.0,17.9,14174000
2009-06-03,10000.0,0.4,19.2,14174000
2009-06-04,10600.0,3.5,18.7,14174000
2009-06-05,11300.0,3.2,14.5,14174000
2009-06-06,10700.0,0.3,13.6,14174000
2009-06-07,9640.0,0.0,14.4,14174000
2009-06-08,8860.0,0.0,14.2,14174000
2009-06-09,8510.0,0.0,15.1,14174000
2009-06-10,8990.0,3.1,14.1,14174000
2009-06-11,9040.0,0.6,15.5,14174000
2009-06-12,9110.0,0.1,16.2,14174000
2009-06-13,8850.0,0.9,17.1,14174000
2009-06-14,8080.0,0.0,15.9,14174000
2009-06-15,7380.0,0.0,16.3,14174000
2009-06-16,6680.0,0.0,18.2,14174000
2009-06-17,6540.0,0.0,16.6,14174000
2009-06-18,6300.0,0.0,17.0,14174000
2009-06-19,6200.0,2.3,16.3,14174000
2009-06-20,6100.0,0.0,14.1,14174000
2009-06-21,6060.0,0.2,13.3,14174000
2009-06-22,6180.0,0.0,14.0,14174000
2009-06-23,6060.0,0.0,16.0,14174000
2009-06-24,5910.0,0.0,17.8,14174000
2009-06-25,6180.0,0.0,15.9,14174000
2009-06-26,6060.0,0.0,15.7,14174000
2009-06-27,5810.0,0.0,17.4,14174000
2009-06-28,5570.0,0.0,18.2,14174000
2009-06-29,5570.0,0.0,16.9,14174000
2009-06-30,5460.0,0.0,17.0,14174000
2009-07-01,5210.0,0.0,19.5,14174000
2009-07-02,4910.0,0.0,23.0,14174000
2009-07-03,5140.0,0.0,23.3,14174000
2009-07-04,5100.0,0.0,21.7,14174000
2009-07-05,5060.0,0.0,20.9,14174000
2009-07-06,5050.0,0.0,15.8,14174000
2009-07-07,5070.0,0.0,16.3,14174000
2009-07-08,4930.0,0.0,15.1,14174000
2009-07-09,4670.0,0.0,16.3,14174000
2009-07-10,5000.0,0.2,19.6,14174000
2009-07-11,4840.0,0.0,18.1,14174000
2009-07-12,4830.0,3.3,15.8,14174000
2009-07-13,5080.0,1.5,15.5,14174000
2009-07-14,5000.0,0.0,16.8,14174000
2009-07-15,4960.0,0.0,20.0,14174000
2009-07-16,4850.0,0.0,23.1,14174000
2009-07-17,4760.0,0.0,24.3,14174000
2009-07-18,4700.0,0.0,22.5,14174000
2009-07-19,4700.0,0.0,20.5,14174000
2009-07-20,4680.0,0.0,22.2,14174000
2009-07-21,4620.0,0.1,21.2,14174000
2009-07-22,4540.0,0.0,19.1,14174000
2009-07-23,4600.0,0.0,18.3,14174000
2009-07-24,4730.0,0.0,19.4,14174000
2009-07-25,4760.0,0.0,22.6,14174000
2009-07-26,4810.0,0.0,23.0,14174000
2009-07-27,4760.0,0.0,26.9,14174000
2009-07-28,4760.0,0.0,30.9,14174000
2009-07-29,4860.0,0.0,30.1,14174000
2009-07-30,4830.0,0.0,23.9,14174000
2009-07-31,4980.0,0.0,21.5,14174000
2009-08-01,5140.0,0.0,22.3,14174000
2009-08-02,5330.0,0.0,23.5,14174000
2009-08-03,5380.0,0.0,20.8,14174000
2009-08-04,5330.0,0.0,19.7,14174000
2009-08-05,5380.0,0.0,18.2,14174000
2009-08-06,5330.0,0.0,16.7,14174000
2009-08-07,5380.0,0.7,17.0,14174000
2009-08-08,5630.0,0.0,17.4,14174000
2009-08-09,5600.0,0.0,19.2,14174000
2009-08-10,5590.0,0.0,18.9,14174000
2009-08-11,5530.0,0.0,21.2,14174000
2009-08-12,5560.0,1.4,20.4,14174000
2009-08-13,5500.0,0.0,18.3,14174000
2009-08-14,5420.0,0.0,16.3,14174000
2009-08-15,5320.0,0.0,16.2,14174000
2009-08-16,5330.0,0.0,16.6,14174000
2009-08-17,5420.0,0.0,21.1,14174000
2009-08-18,5380.0,0.0,25.2,14174000
2009-08-19,5230.0,0.0,26.8,14174000
2009-08-20,5200.0,0.0,21.3,14174000
2009-08-21,5240.0,0.0,17.7,14174000
2009-08-22,5310.0,0.0,19.2,14174000
2009-08-23,5250.0,0.0,17.4,14174000
2009-08-24,5310.0,0.0,17.3,14174000
2009-08-25,5280.0,0.0,16.2,14174000
2009-08-26,6290.0,0.0,18.4,14174000
2009-08-27,6120.0,0.0,21.7,14174000
2009-08-28,5980.0,2.2,19.1,14174000
2009-08-29,6000.0,3.3,17.2,14174000
2009-08-30,5980.0,0.0,19.0,14174000
2009-08-31,5940.0,0.0,19.6,14174000
2009-09-01,6050.0,0.2,18.5,14174000
2009-09-02,6020.0,0.0,17.9,14174000
2009-09-03,6360.0,0.0,18.6,14174000
2009-09-04,6200.0,0.0,18.2,14174000
2009-09-05,6400.0,9.0,16.2,14174000
2009-09-06,6820.0,9.1,14.7,14174000
2009-09-07,6990.0,2.6,14.2,14174000
2009-09-08,7000.0,0.0,14.6,14174000
2009-09-09,6790.0,0.0,17.2,14174000
2009-09-10,6500.0,0.0,18.6,14174000
2009-09-11,6470.0,0.0,21.5,14174000
2009-09-12,6410.0,0.0,20.8,14174000
2009-09-13,6640.0,0.0,18.4,14174000
2009-09-14,6680.0,0.0,17.9,14174000
2009-09-15,6650.0,0.0,19.3,14174000
2009-09-16,6690.0,0.0,18.3,14174000
2009-09-17,6460.0,0.0,16.3,14174000
2009-09-18,6050.0,0.0,17.4,14174000
2009-09-19,5790.0,2.7,16.7,14174000
2009-09-20,5480.0,0.0,14.3,14174000
2009-09-21,5310.0,0.0,16.8,14174000
2009-09-22,5550.0,0.0,20.7,14174000
2009-09-23,5580.0,0.0,21.2,14174000
2009-09-24,5470.0,0.0,16.8,14174000
2009-09-25,5460.0,0.0,16.5,14174000
2009-09-26,5520.0,0.0,16.7,14174000
2009-09-27,5540.0,0.0,15.9,14174000
2009-09-28,5560.0,0.0,15.1,14174000
2009-09-29,5680.0,5.9,11.3,14174000
2009-09-30,6270.0,0.3,10.8,14174000
2009-10-01,7010.0,0.0,12.7,14174000
2009-10-02,7200.0,0.3,13.4,14174000
2009-10-03,7190.0,1.2,10.3,14174000
2009-10-04,7150.0,4.2,9.2,14174000
2009-10-05,6570.0,0.0,9.6,14174000
2009-10-06,6460.0,0.0,11.4,14174000
2009-10-07,7190.0,0.0,11.6,14174000
2009-10-08,7700.0,0.0,11.5,14174000
2009-10-09,7610.0,0.0,12.0,14174000
2009-10-10,7500.0,0.0,11.9,14174000
2009-10-11,6800.0,0.0,9.5,14174000
2009-10-12,6210.0,0.0,9.2,14174000
2009-10-13,6070.0,3.2,11.8,14174000
2009-10-14,7080.0,17.8,13.6,14174000
2009-10-15,8350.0,3.2,13.2,14174000
2009-10-16,8450.0,0.0,15.7,14174000
2009-10-17,8160.0,4.3,15.8,14174000
2009-10-18,7910.0,0.5,14.2,14174000
2009-10-19,7290.0,0.3,12.5,14174000
2009-10-20,7200.0,0.0,11.5,14174000
2009-10-21,7890.0,8.9,12.4,14174000
2009-10-22,8830.0,0.2,11.7,14174000
2009-10-23,8850.0,9.6,12.2,14174000
2009-10-24,8630.0,0.2,10.3,14174000
2009-10-25,8160.0,0.0,8.9,14174000
2009-10-26,7560.0,18.3,12.0,14174000
2009-10-27,7620.0,7.2,6.8,14174000
2009-10-28,8300.0,0.1,6.8,14174000
2009-10-29,8020.0,4.3,7.8,14174000
2009-10-30,8250.0,2.6,12.2,14174000
2009-10-31,8860.0,9.0,12.6,14174000
2009-11-01,9050.0,0.0,9.0,14174000
2009-11-02,9240.0,0.0,7.2,14174000
2009-11-03,9000.0,0.0,6.9,14174000
2009-11-04,8790.0,0.0,8.1,14174000
2009-11-05,8520.0,1.7,9.6,14174000
2009-11-06,8590.0,23.3,10.1,14174000
2009-11-07,10200.0,13.5,8.4,14174000
2009-11-08,12400.0,14.7,9.0,14174000
2009-11-09,14100.0,2.9,6.8,14174000
2009-11-10,13300.0,7.8,8.0,14174000
2009-11-11,13200.0,9.8,7.7,14174000
2009-11-12,13300.0,11.3,5.6,14174000
2009-11-13,13500.0,5.8,4.4,14174000
2009-11-14,12800.0,0.2,3.6,14174000
2009-11-15,11900.0,0.0,6.1,14174000
2009-11-16,11200.0,0.0,8.9,14174000
2009-11-17,11100.0,24.5,9.9,14174000
2009-11-18,14200.0,3.3,5.5,14174000
2009-11-19,15200.0,3.9,9.4,14174000
2009-11-20,14300.0,28.1,8.4,14174000
2009-11-21,14600.0,5.9,4.6,14174000
2009-11-22,15400.0,24.7,6.4,14174000
2009-11-23,17800.0,0.1,5.1,14174000
2009-11-24,17200.0,0.0,7.4,14174000
2009-11-25,15500.0,0.0,7.2,14174000
2009-11-26,14200.0,18.4,7.0,14174000
2009-11-27,15900.0,19.4,8.5,14174000
2009-11-28,21000.0,0.0,5.1,14174000
2009-11-29,20200.0,0.0,4.8,14174000
2009-11-30,18000.0,0.0,3.9,14174000
2009-12-01,15800.0,0.0,5.0,14174000
2009-12-02,12900.0,0.0,1.8,14174000
2009-12-03,10300.0,0.0,0.1,14174000
2009-12-04,8920.0,0.0,0.4,14174000
2009-12-05,8070.0,0.0,0.5,14174000
2009-12-06,7510.0,0.0,-1.0,14174000
2009-12-07,7080.0,0.0,-2.8,14174000
2009-12-08,6690.0,0.0,-5.5,14174000
2009-12-09,6580.0,0.0,-5.7,14174000
2009-12-10,7570.0,0.0,-4.5,14174000
2009-12-11,7450.0,0.0,-2.9,14174000
2009-12-12,7100.0,5.7,0.8,14174000
2009-12-13,6480.0,0.0,1.2,14174000
2009-12-14,5820.0,0.9,1.8,14174000
2009-12-15,6420.0,29.0,6.2,14174000
2009-12-16,12200.0,9.9,8.1,14174000
2009-12-17,18300.0,7.9,7.6,14174000
2009-12-18,19200.0,0.3,7.0,14174000
2009-12-19,17600.0,3.3,8.7,14174000
2009-12-20,16100.0,4.2,8.2,14174000
2009-12-21,17700.0,17.6,8.5,14174000
2009-12-22,20900.0,5.3,2.8,14174000
2009-12-23,20700.0,0.0,1.1,14174000
2009-12-24,18300.0,0.0,0.1,14174000
2009-12-25,15300.0,0.0,0.4,14174000
2009-12-26,13000.0,0.0,-0.5,14174000
2009-12-27,11800.0,1.8,0.7,14174000
2009-12-28,11000.0,1.0,0.4,14174000
2009-12-29,10300.0,4.8,0.5,14174000
2009-12-30,10700.0,9.3,3.5,14174000
2009-12-31,13900.0,23.5,3.1,14174000
2010-01-01,24200.0,18.0,9.1,14174000
2010-01-02,36000.0,3.2,7.6,14174000
2010-01-03,33400.0,0.0,5.1,14174000
2010-01-04,27900.0,4.8,5.9,14174000
2010-01-05,26500.0,6.7,8.8,14174000
2010-01-06,31300.0,12.9,9.9,14174000
2010-01-07,38300.0,0.0,5.1,14174000
2010-01-08,37500.0,4.2,6.7,14174000
2010-01-09,34400.0,4.5,8.7,14174000
2010-01-10,31800.0,0.0,7.7,14174000
2010-01-11,27700.0,0.0,8.2,14174000
2010-01-12,26100.0,15.0,8.8,14174000
2010-01-13,26200.0,13.4,7.8,14174000
2010-01-14,25600.0,1.5,7.0,14174000
2010-01-15,23500.0,7.1,7.8,14174000
2010-01-16,24100.0,23.6,8.1,14174000
2010-01-17,26100.0,7.6,8.1,14174000
2010-01-18,26800.0,4.2,8.6,14174000
2010-01-19,24800.0,2.3,7.6,14174000
2010-01-20,21700.0,0.7,6.0,14174000
2010-01-21,19700.0,0.7,5.5,14174000
2010-01-22,18200.0,9.3,5.6,14174000
2010-01-23,16100.0,1.3,4.1,14174000
2010-01-24,14600.0,8.7,5.2,14174000
2010-01-25,14800.0,6.8,7.7,14174000
2010-01-26,15700.0,1.7,7.0,14174000
2010-01-27,14900.0,0.0,5.0,14174000
2010-01-28,13900.0,0.0,5.0,14174000
2010-01-29,12900.0,0.3,7.3,14174000
2010-01-30,12000.0,4.7,7.9,14174000
2010-01-31,11700.0,4.8,7.0,14174000
2010-02-01,11500.0,7.5,5.8,14174000
2010-02-02,12400.0,1.5,6.6,14174000
2010-02-03,13000.0,5.9,6.8,14174000
2010-02-04,13200.0,5.2,6.5,14174000
2010-02-05,13000.0,2.4,8.3,14174000
2010-02-06,11900.0,2.6,7.6,14174000
2010-02-07,11500.0,2.9,6.7,14174000
2010-02-08,10900.0,0.0,6.4,14174000
2010-02-09,10100.0,0.0,5.6,14174000
2010-02-10,9410.0,2.2,4.6,14174000
2010-02-11,9210.0,3.1,8.2,14174000
2010-02-12,10500.0,24.9,9.2,14174000
2010-02-13,12500.0,2.2,8.6,14174000
2010-02-14,12000.0,13.0,9.3,14174000
2010-02-15,12000.0,0.8,7.6,14174000
2010-02-16,12100.0,3.9,10.1,14174000
2010-02-17,12100.0,0.0,7.0,14174000
2010-02-18,11100.0,0.0,5.6,14174000
2010-02-19,10300.0,0.0,5.7,14174000
2010-02-20,9630.0,0.0,5.1,14174000
2010-02-21,9050.0,0.0,4.6,14174000
2010-02-22,8580.0,0.0,4.9,14174000
2010-02-23,8220.0,2.4,5.1,14174000
2010-02-24,9110.0,19.0,7.1,14174000
2010-02-25,10400.0,3.9,7.8,14174000
2010-02-26,12200.0,21.4,9.3,14174000
2010-02-27,14700.0,4.9,8.8,14174000
2010-02-28,12600.0,0.5,8.5,14174000
2010-03-01,10800.0,0.0,8.9,14174000
2010-03-02,9940.0,4.6,8.9,14174000
2010-03-03,9380.0,4.6,5.3,14174000
2010-03-04,9130.0,0.3,6.8,14174000
2010-03-05,8830.0,0.0,7.8,14174000
2010-03-06,8340.0,0.0,7.6,14174000
2010-03-07,7880.0,0.0,7.7,14174000
2010-03-08,7620.0,3.8,6.4,14174000
2010-03-09,7650.0,0.2,3.3,14174000
2010-03-10,7420.0,6.6,4.1,14174000
2010-03-11,7380.0,5.5,6.5,14174000
2010-03-12,9280.0,42.7,7.1,14174000
2010-03-13,13900.0,7.1,4.1,14174000
2010-03-14,13700.0,0.0,5.9,14174000
2010-03-15,11800.0,0.0,9.1,14174000
2010-03-16,10700.0,0.9,9.5,14174000
2010-03-17,9830.0,0.1,7.2,14174000
2010-03-18,9110.0,0.0,6.2,14174000
2010-03-19,8550.0,0.0,7.2,14174000
2010-03-20,8110.0,0.0,9.5,14174000
2010-03-21,7730.0,6.7,10.7,14174000
2010-03-22,7680.0,5.9,7.3,14174000
2010-03-23,7840.0,0.0,6.9,14174000
2010-03-24,7610.0,0.0,9.9,14174000
2010-03-25,7670.0,17.2,7.9,14174000
2010-03-26,10600.0,21.6,6.9,14174000
2010-03-27,15500.0,0.5,8.4,14174000
2010-03-28,14900.0,7.5,10.2,14174000
2010-03-29,18200.0,31.0,9.1,14174000
2010-03-30,31900.0,16.9,5.1,14174000
2010-03-31,40900.0,4.3,4.7,14174000
2010-04-01,35500.0,1.3,4.8,14174000
2010-04-02,29300.0,23.1,5.3,14174000
2010-04-03,30500.0,12.0,4.5,14174000
2010-04-04,30700.0,7.8,4.9,14174000
2010-04-05,26800.0,5.8,4.8,14174000
2010-04-06,24600.0,10.2,5.8,14174000
2010-04-07,21900.0,0.0,7.7,14174000
2010-04-08,19500.0,8.0,7.1,14174000
2010-04-09,18500.0,0.5,5.4,14174000
2010-04-10,16500.0,0.0,7.0,14174000
2010-04-11,15200.0,11.7,9.6,14174000
2010-04-12,15900.0,2.0,10.1,14174000
2010-04-13,15900.0,0.6,9.6,14174000
2010-04-14,15700.0,0.8,7.7,14174000
2010-04-15,14900.0,10.1,8.4,14174000
2010-04-16,14100.0,0.0,10.4,14174000
2010-04-17,12800.0,0.0,12.1,14174000
2010-04-18,11800.0,0.0,12.0,14174000
2010-04-19,11200.0,0.9,12.8,14174000
2010-04-20,11200.0,11.7,9.5,14174000
2010-04-21,12600.0,4.2,7.7,14174000
2010-04-22,13300.0,0.0,8.4,14174000
2010-04-23,12100.0,0.0,9.2,14174000
2010-04-24,11000.0,1.8,9.5,14174000
2010-04-25,10200.0,0.0,8.6,14174000
2010-04-26,9680.0,2.3,11.1,14174000
2010-04-27,10700.0,34.4,9.3,14174000
2010-04-28,18900.0,10.3,6.7,14174000
2010-04-29,22100.0,9.4,6.5,14174000
2010-04-30,21800.0,3.2,7.5,14174000
2010-05-01,20200.0,0.2,9.2,14174000
2010-05-02,17900.0,0.0,9.1,14174000
2010-05-03,16500.0,7.2,9.9,14174000
2010-05-04,16100.0,1.6,6.4,14174000
2010-05-05,15700.0,2.2,6.2,14174000
2010-05-06,14900.0,1.2,7.4,14174000
2010-05-07,13200.0,0.0,10.0,14174000
2010-05-08,11900.0,0.1,10.8,14174000
2010-05-09,10900.0,1.0,11.3,14174000
2010-05-10,10300.0,9.0,9.5,14174000
2010-05-11,10300.0,2.0,9.0,14174000
2010-05-12,10700.0,0.0,10.3,14174000
2010-05-13,11500.0,0.0,11.4,14174000
2010-05-14,11300.0,0.0,14.1,14174000
2010-05-15,11000.0,0.0,14.0,14174000
2010-05-16,10500.0,0.0,14.5,14174000
2010-05-17,10400.0,8.8,13.8,14174000
2010-05-18,10100.0,4.7,12.5,14174000
2010-05-19,10400.0,9.0,11.4,14174000
2010-05-20,10800.0,16.2,8.4,14174000
2010-05-21,12800.0,14.6,7.9,14174000
2010-05-22,13600.0,11.4,6.4,14174000
2010-05-23,14700.0,2.6,7.9,14174000
2010-05-24,14900.0,0.0,9.3,14174000
2010-05-25,14200.0,13.9,11.4,14174000
2010-05-26,14500.0,11.9,11.1,14174000
2010-05-27,16400.0,4.5,10.2,14174000
2010-05-28,17800.0,0.6,10.5,14174000
2010-05-29,16800.0,0.0,10.3,14174000
2010-05-30,14900.0,0.3,13.2,14174000
2010-05-31,13500.0,9.7,13.5,14174000
2010-06-01,13600.0,1.8,13.0,14174000
2010-06-02,16200.0,21.1,13.2,14174000
2010-06-03,29900.0,2.5,10.7,14174000
2010-06-04,43200.0,26.1,12.1,14174000
2010-06-05,50500.0,0.0,13.3,14174000
2010-06-06,53400.0,4.8,15.6,14174000
2010-06-07,49100.0,1.8,14.2,14174000
2010-06-08,40100.0,0.0,13.5,14174000
2010-06-09,33300.0,10.1,12.7,14174000
2010-06-10,31300.0,14.5,10.9,14174000
2010-06-11,30300.0,1.3,11.3,14174000
2010-06-12,28000.0,0.0,13.5,14174000
2010-06-13,23800.0,0.0,16.6,14174000
2010-06-14,20100.0,0.0,12.7,14174000
2010-06-15,17800.0,1.2,11.4,14174000
2010-06-16,16600.0,1.0,10.6,14174000
2010-06-17,15400.0,1.2,11.8,14174000
2010-06-18,14400.0,0.0,11.9,14174000
2010-06-19,13700.0,0.6,12.4,14174000
2010-06-20,13000.0,0.2,12.2,14174000
2010-06-21,12500.0,0.0,13.4,14174000
2010-06-22,11800.0,0.0,15.1,14174000
2010-06-23,10800.0,0.0,17.1,14174000
2010-06-24,10200.0,0.0,17.4,14174000
2010-06-25,9730.0,0.0,16.2,14174000
2010-06-26,9410.0,0.0,15.2,14174000
2010-06-27,9190.0,0.0,17.3,14174000
2010-06-28,9040.0,0.0,17.4,14174000
2010-06-29,8770.0,0.0,14.6,14174000
2010-06-30,8640.0,0.0,13.4,14174000
2010-07-01,8340.0,0.0,14.3,14174000
2010-07-02,8210.0,1.9,13.6,14174000
2010-07-03,8050.0,0.0,14.3,14174000
2010-07-04,7990.0,0.0,15.0,14174000
2010-07-05,7750.0,0.0,15.3,14174000
2010-07-06,7550.0,0.0,16.6,14174000
2010-07-07,7570.0,0.0,22.1,14174000
2010-07-08,7560.0,0.0,22.1,14174000
2010-07-09,7540.0,0.0,23.8,14174000
2010-07-10,7400.0,0.0,22.2,14174000
2010-07-11,7570.0,0.0,22.3,14174000
2010-07-12,7770.0,0.0,18.7,14174000
2010-07-13,8000.0,0.0,15.7,14174000
2010-07-14,7850.0,0.0,17.7,14174000
2010-07-15,7690.0,0.0,21.3,14174000
2010-07-16,7570.0,0.0,19.5,14174000
2010-07-17,7480.0,0.0,18.1,14174000
2010-07-18,7450.0,0.0,17.3,14174000
2010-07-19,7450.0,0.0,16.4,14174000
2010-07-20,7470.0,0.0,16.8,14174000
2010-07-21,7470.0,0.0,16.8,14174000
2010-07-22,7480.0,0.0,19.1,14174000
2010-07-23,7430.0,0.0,18.0,14174000
2010-07-24,7150.0,0.0,22.6,14174000
2010-07-25,7100.0,0.0,22.9,14174000
2010-07-26,7160.0,0.0,20.9,14174000
2010-07-27,7110.0,0.0,19.0,14174000
2010-07-28,7040.0,0.0,19.1,14174000
2010-07-29,6760.0,0.0,18.2,14174000
2010-07-30,6540.0,0.0,18.0,14174000
2010-07-31,6430.0,0.0,15.9,14174000
2010-08-01,6320.0,0.0,16.1,14174000
2010-08-02,6270.0,0.0,18.8,14174000
2010-08-03,6290.0,0.0,18.3,14174000
2010-08-04,6620.0,0.0,17.7,14174000
2010-08-05,6510.0,0.0,19.8,14174000
2010-08-06,6570.0,0.0,19.6,14174000
2010-08-07,6500.0,0.0,19.3,14174000
2010-08-08,6430.0,0.0,19.2,14174000
2010-08-09,6370.0,0.0,17.6,14174000
2010-08-10,6270.0,0.0,16.3,14174000
2010-08-11,6150.0,0.0,17.8,14174000
2010-08-12,5910.0,0.0,19.4,14174000
2010-08-13,5760.0,0.0,21.7,14174000
2010-08-14,5680.0,0.0,25.4,14174000
2010-08-15,5580.0,0.0,19.9,14174000
2010-08-16,5350.0,0.0,21.5,14174000
2010-08-17,5290.0,0.0,23.3,14174000
2010-08-18,5230.0,0.0,17.8,14174000
2010-08-19,5050.0,0.0,17.0,14174000
2010-08-20,4960.0,0.0,16.6,14174000
2010-08-21,4930.0,0.0,16.3,14174000
2010-08-22,4900.0,0.1,15.7,14174000
2010-08-23,4860.0,0.0,16.6,14174000
2010-08-24,4750.0,0.0,21.4,14174000
2010-08-25,4970.0,0.0,25.0,14174000
2010-08-26,5030.0,0.0,19.7,14174000
2010-08-27,4910.0,0.0,15.5,14174000
2010-08-28,4980.0,0.0,17.5,14174000
2010-08-29,5030.0,0.0,14.3,14174000
2010-08-30,5100.0,9.3,13.2,14174000
2010-08-31,5240.0,0.0,14.1,14174000
2010-09-01,5260.0,1.2,16.3,14174000
2010-09-02,5250.0,0.0,18.3,14174000
2010-09-03,5230.0,0.0,22.6,14174000
2010-09-04,5140.0,0.0,17.4,14174000
2010-09-05,5120.0,0.0,14.4,14174000
2010-09-06,5040.0,0.0,13.9,14174000
2010-09-07,5070.0,7.9,15.8,14174000
2010-09-08,5270.0,4.2,13.8,14174000
2010-09-09,5390.0,0.2,14.6,14174000
2010-09-10,5320.0,0.0,14.4,14174000
2010-09-11,5290.0,0.0,14.5,14174000
2010-09-12,5170.0,0.0,16.4,14174000
2010-09-13,5090.0,0.0,17.1,14174000
2010-09-14,5020.0,0.0,17.9,14174000
2010-09-15,5060.0,2.9,17.5,14174000
2010-09-16,5120.0,2.1,16.9,14174000
2010-09-17,5120.0,13.8,16.7,14174000
2010-09-18,5390.0,16.0,16.3,14174000
2010-09-19,5900.0,17.9,16.1,14174000
2010-09-20,6450.0,6.6,14.5,14174000
2010-09-21,6800.0,0.0,13.1,14174000
2010-09-22,6300.0,0.0,13.6,14174000
2010-09-23,6060.0,0.5,11.9,14174000
2010-09-24,5810.0,0.1,14.3,14174000
2010-09-25,5730.0,0.0,16.3,14174000
2010-09-26,5660.0,0.6,16.6,14174000
2010-09-27,5590.0,0.0,19.2,14174000
2010-09-28,5620.0,0.0,19.7,14174000
2010-09-29,5570.0,0.0,17.9,14174000
2010-09-30,5530.0,0.0,17.2,14174000
2010-10-01,5490.0,0.0,17.4,14174000
2010-10-02,5400.0,0.0,14.0,14174000
2010-10-03,5320.0,0.0,13.4,14174000
2010-10-04,5310.0,0.0,13.0,14174000
2010-10-05,5280.0,0.0,11.5,14174000
2010-10-06,5550.0,0.0,13.9,14174000
2010-10-07,5870.0,0.0,15.5,14174000
2010-10-08,6200.0,0.0,15.5,14174000
2010-10-09,6330.0,7.4,15.8,14174000
2010-10-10,6550.0,12.3,15.7,14174000
2010-10-11,6770.0,0.0,11.5,14174000
2010-10-12,6730.0,0.0,10.6,14174000
2010-10-13,6920.0,0.0,12.3,14174000
2010-10-14,7330.0,0.0,14.3,14174000
2010-10-15,7280.0,0.0,11.9,14174000
2010-10-16,7220.0,0.0,9.9,14174000
2010-10-17,7190.0,0.0,9.6,14174000
2010-10-18,7170.0,0.0,9.7,14174000
2010-10-19,7200.0,0.0,10.9,14174000
2010-10-20,7180.0,0.0,13.2,14174000
2010-10-21,7140.0,0.0,11.8,14174000
2010-10-22,7160.0,3.4,12.7,14174000
2010-10-23,7350.0,4.0,12.3,14174000
2010-10-24,9060.0,43.3,11.7,14174000
2010-10-25,11600.0,21.7,9.1,14174000
2010-10-26,13700.0,14.8,7.9,14174000
2010-10-27,14600.0,0.8,6.6,14174000
2010-10-28,13200.0,10.5,9.5,14174000
2010-10-29,12500.0,3.6,10.6,14174000
2010-10-30,12000.0,2.3,9.6,14174000
2010-10-31,11400.0,12.4,10.5,14174000
2010-11-01,11300.0,2.3,14.4,14174000
2010-11-02,10500.0,7.5,15.1,14174000
2010-11-03,10200.0,0.0,13.3,14174000
2010-11-04,9520.0,0.0,12.7,14174000
2010-11-05,8880.0,0.0,11.8,14174000
2010-11-06,8630.0,0.0,12.0,14174000
2010-11-07,9180.0,31.9,10.9,14174000
2010-11-08,12300.0,8.4,6.4,14174000
2010-11-09,13200.0,9.6,5.4,14174000
2010-11-10,14300.0,11.5,8.4,14174000
2010-11-11,16000.0,0.0,6.6,14174000
2010-11-12,14900.0,0.2,7.9,14174000
2010-11-13,13800.0,0.2,6.2,14174000
2010-11-14,12900.0,4.2,9.0,14174000
2010-11-15,12000.0,0.9,10.7,14174000
2010-11-16,12100.0,2.7,9.9,14174000
2010-11-17,13000.0,0.2,7.3,14174000
2010-11-18,15000.0,33.5,7.2,14174000
2010-11-19,23900.0,4.8,4.7,14174000
2010-11-20,22700.0,5.7,4.1,14174000
2010-11-21,19700.0,2.7,2.4,14174000
2010-11-22,17800.0,12.4,2.5,14174000
2010-11-23,19200.0,7.7,0.3,14174000
2010-11-24,20100.0,0.0,-1.2,14174000
2010-11-25,17800.0,0.0,0.5,14174000
2010-11-26,15700.0,5.7,3.7,14174000
2010-11-27,15700.0,14.9,5.1,14174000
2010-11-28,19000.0,3.2,2.3,14174000
2010-11-29,19400.0,0.1,1.3,14174000
2010-11-30,18100.0,17.2,5.0,14174000
2010-12-01,22900.0,15.8,7.5,14174000
2010-12-02,33900.0,0.2,5.8,14174000
2010-12-03,36800.0,0.0,3.1,14174000
2010-12-04,34700.0,0.6,2.7,14174000
2010-12-05,30500.0,0.4,4.2,14174000
2010-12-06,26000.0,4.4,6.0,14174000
2010-12-07,22600.0,3.1,7.5,14174000
2010-12-08,21600.0,16.3,7.5,14174000
2010-12-09,24400.0,24.9,9.0,14174000
2010-12-10,30100.0,21.3,7.7,14174000
2010-12-11,33500.0,10.4,6.6,14174000
2010-12-12,34800.0,2.7,12.2,14174000
2010-12-13,37700.0,22.3,11.2,14174000
2010-12-14,41600.0,21.3,8.1,14174000
2010-12-15,45900.0,7.8,4.6,14174000
2010-12-16,43300.0,1.0,3.0,14174000
2010-12-17,40300.0,0.0,2.9,14174000
2010-12-18,42300.0,14.4,3.7,14174000
2010-12-19,44000.0,9.4,3.2,14174000
2010-12-20,44700.0,5.8,4.3,14174000
2010-12-21,44600.0,0.2,3.3,14174000
2010-12-22,42700.0,2.3,4.9,14174000
2010-12-23,39600.0,0.0,5.3,14174000
2010-12-24,35600.0,0.0,5.3,14174000
2010-12-25,30000.0,6.8,6.0,14174000
2010-12-26,25600.0,13.9,4.9,14174000
2010-12-27,26100.0,11.4,5.0,14174000
2010-12-28,28100.0,36.9,7.6,14174000
2010-12-29,39500.0,26.9,3.8,14174000
2010-12-30,51200.0,2.5,0.9,14174000
2010-12-31,46600.0,0.0,-1.2,14174000
2011-01-01,38400.0,0.1,0.1,14174000
2011-01-02,34600.0,0.0,-0.8,14174000
2011-01-03,30500.0,0.0,-1.8,14174000
2011-01-04,25800.0,0.0,-0.4,14174000
2011-01-05,21800.0,0.0,1.3,14174000
2011-01-06,18400.0,0.0,2.7,14174000
2011-01-07,15900.0,0.0,2.4,14174000
2011-01-08,14200.0,4.7,2.9,14174000
2011-01-09,14200.0,0.9,1.6,14174000
2011-01-10,13700.0,0.1,0.6,14174000
2011-01-11,13300.0,0.3,-0.2,14174000
2011-01-12,14900.0,5.1,5.1,14174000
2011-01-13,16000.0,12.8,9.0,14174000
2011-01-14,20600.0,1.9,10.5,14174000
2011-01-15,26000.0,10.5,10.4,14174000
2011-01-16,32000.0,42.4,11.2,14174000
2011-01-17,47700.0,2.6,10.1,14174000
2011-01-18,57900.0,2.9,6.1,14174000
2011-01-19,52000.0,4.9,5.1,14174000
2011-01-20,44500.0,0.0,2.2,14174000
2011-01-21,43800.0,1.5,3.9,14174000
2011-01-22,43500.0,0.0,6.1,14174000
2011-01-23,42000.0,0.0,4.7,14174000
2011-01-24,39200.0,0.0,7.6,14174000
2011-01-25,36100.0,0.0,7.6,14174000
2011-01-26,33200.0,0.0,5.6,14174000
2011-01-27,29400.0,0.0,6.0,14174000
2011-01-28,26100.0,0.0,5.4,14174000
2011-01-29,23300.0,0.0,8.7,14174000
2011-01-30,19800.0,0.2,6.4,14174000
2011-01-31,16300.0,0.0,6.1,14174000
2011-02-01,14000.0,0.0,3.9,14174000
2011-02-02,13000.0,0.0,1.2,14174000
2011-02-03,12200.0,0.0,3.6,14174000
2011-02-04,11600.0,0.0,4.8,14174000
2011-02-05,10200.0,0.5,8.0,14174000
2011-02-06,9020.0,0.0,8.6,14174000
2011-02-07,8760.0,4.0,7.2,14174000
2011-02-08,8640.0,1.6,3.9,14174000
2011-02-09,8600.0,0.0,2.6,14174000
2011-02-10,8310.0,0.0,2.3,14174000
2011-02-11,8090.0,0.0,4.0,14174000
2011-02-12,7930.0,0.0,6.3,14174000
2011-02-13,7940.0,9.8,7.5,14174000
2011-02-14,8170.0,2.4,6.1,14174000
2011-02-15,12000.0,38.3,4.9,14174000
2011-02-16,24000.0,6.5,2.3,14174000
2011-02-17,22700.0,1.1,2.2,14174000
2011-02-18,18100.0,4.4,1.3,14174000
2011-02-19,16200.0,1.5,2.0,14174000
2011-02-20,14200.0,0.1,3.8,14174000
2011-02-21,12500.0,0.4,3.8,14174000
2011-02-22,11600.0,3.6,4.0,14174000
2011-02-23,11200.0,4.7,1.4,14174000
2011-02-24,11400.0,8.4,0.9,14174000
2011-02-25,11500.0,1.6,-3.1,14174000
2011-02-26,10600.0,0.0,-3.3,14174000
2011-02-27,10000.0,1.1,1.7,14174000
2011-02-28,11400.0,30.0,5.3,14174000
2011-03-01,22800.0,23.6,6.2,14174000
2011-03-02,26600.0,7.1,7.0,14174000
2011-03-03,22100.0,10.3,4.2,14174000
2011-03-04,20200.0,2.3,5.1,14174000
2011-03-05,21600.0,12.0,8.1,14174000
2011-03-06,24800.0,0.0,6.3,14174000
2011-03-07,21700.0,1.8,4.2,14174000
2011-03-08,18300.0,13.4,6.6,14174000
2011-03-09,19500.0,8.8,9.8,14174000
2011-03-10,22400.0,31.4,8.7,14174000
2011-03-11,28400.0,2.9,5.4,14174000
2011-03-12,28700.0,4.8,6.0,14174000
2011-03-13,26300.0,10.2,8.5,14174000
2011-03-14,27400.0,7.3,8.2,14174000
2011-03-15,27600.0,19.2,9.3,14174000
2011-03-16,30700.0,19.1,5.8,14174000
2011-03-17,37700.0,6.7,4.3,14174000
2011-03-18,35100.0,6.1,6.1,14174000
2011-03-19,29100.0,3.6,5.1,14174000
2011-03-20,24900.0,5.3,4.2,14174000
2011-03-21,21400.0,8.8,6.3,14174000
2011-03-22,19500.0,2.7,4.6,14174000
2011-03-23,17600.0,2.8,5.9,14174000
2011-03-24,15700.0,3.8,5.9,14174000
2011-03-25,14600.0,11.5,4.4,14174000
2011-03-26,14900.0,15.8,6.2,14174000
2011-03-27,16300.0,17.8,5.2,14174000
2011-03-28,18600.0,9.2,6.1,14174000
2011-03-29,20600.0,12.8,7.3,14174000
2011-03-30,24100.0,8.8,9.7,14174000
2011-03-31,26800.0,0.1,10.6,14174000
2011-04-01,24800.0,0.0,10.6,14174000
2011-04-02,24800.0,8.3,7.8,14174000
2011-04-03,25900.0,0.2,5.7,14174000
2011-04-04,24000.0,0.3,8.5,14174000
2011-04-05,23700.0,11.2,7.7,14174000
2011-04-06,28300.0,9.2,6.2,14174000
2011-04-07,29500.0,5.8,4.0,14174000
2011-04-08,28700.0,1.3,4.7,14174000
2011-04-09,26100.0,0.0,7.3,14174000
2011-04-10,23500.0,2.0,7.6,14174000
2011-04-11,21400.0,11.7,7.7,14174000
2011-04-12,20900.0,0.7,6.2,14174000
2011-04-13,19800.0,9.4,5.5,14174000
2011-04-14,19000.0,18.9,6.0,14174000
2011-04-15,19600.0,10.2,7.9,14174000
2011-04-16,24100.0,8.4,10.1,14174000
2011-04-17,34900.0,2.6,6.3,14174000
2011-04-18,42000.0,0.0,5.6,14174000
2011-04-19,35800.0,0.0,6.3,14174000
2011-04-20,28200.0,0.0,7.0,14174000
2011-04-21,23000.0,1.5,6.3,14174000
2011-04-22,19200.0,0.2,5.6,14174000
2011-04-23,16600.0,0.0,9.3,14174000
2011-04-24,15100.0,13.2,8.6,14174000
2011-04-25,15600.0,21.8,8.3,14174000
2011-04-26,18900.0,10.4,7.2,14174000
2011-04-27,22700.0,0.7,7.6,14174000
2011-04-28,22100.0,9.7,6.8,14174000
2011-04-29,21000.0,7.5,5.6,14174000
2011-04-30,21000.0,0.1,7.9,14174000
2011-05-01,20600.0,0.0,7.6,14174000
2011-05-02,19200.0,1.7,10.5,14174000
2011-05-03,18200.0,0.1,8.6,14174000
2011-05-04,16700.0,0.0,9.1,14174000
2011-05-05,15200.0,0.0,10.2,14174000
2011-05-06,14500.0,0.7,10.0,14174000
2011-05-07,14500.0,3.0,8.7,14174000
2011-05-08,14400.0,5.2,8.0,14174000
2011-05-09,14800.0,3.1,8.4,14174000
2011-05-10,15000.0,0.0,10.2,14174000
2011-05-11,15300.0,4.2,9.8,14174000
2011-05-12,15700.0,2.3,7.6,14174000
2011-05-13,16800.0,0.0,9.4,14174000
2011-05-14,17500.0,0.0,10.2,14174000
2011-05-15,18000.0,7.1,9.4,14174000
2011-05-16,17600.0,3.9,8.5,14174000
2011-05-17,17100.0,6.3,10.0,14174000
2011-05-18,16000.0,2.9,9.2,14174000
2011-05-19,15100.0,0.0,12.0,14174000
2011-05-20,14600.0,0.0,13.2,14174000
2011-05-21,14400.0,0.0,12.5,14174000
2011-05-22,14400.0,0.0,11.2,14174000
2011-05-23,14000.0,1.1,10.6,14174000
2011-05-24,13800.0,1.6,11.2,14174000
2011-05-25,15200.0,17.7,11.2,14174000
2011-05-26,16700.0,5.0,8.6,14174000
2011-05-27,18300.0,15.5,9.5,14174000
2011-05-28,19900.0,8.1,7.9,14174000
2011-05-29,22400.0,3.2,9.3,14174000
2011-05-30,22300.0,0.3,10.6,14174000
2011-05-31,21900.0,9.4,11.0,14174000
2011-06-01,22500.0,14.9,10.0,14174000
2011-06-02,23800.0,3.8,10.2,14174000
2011-06-03,23100.0,2.1,11.8,14174000
2011-06-04,21500.0,0.0,16.2,14174000
2011-06-05,19900.0,0.7,17.3,14174000
2011-06-06,19000.0,0.1,14.7,14174000
2011-06-07,18300.0,0.1,12.7,14174000
2011-06-08,17100.0,0.0,12.1,14174000
2011-06-09,16000.0,0.0,13.4,14174000
2011-06-10,15300.0,0.0,13.5,14174000
2011-06-11,14900.0,0.0,13.7,14174000
2011-06-12,14600.0,0.9,14.1,14174000
2011-06-13,14400.0,4.6,13.2,14174000
2011-06-14,14400.0,0.0,13.1,14174000
2011-06-15,14200.0,0.2,12.6,14174000
2011-06-16,14100.0,0.0,11.9,14174000
2011-06-17,13700.0,0.0,13.2,14174000
2011-06-18,12900.0,1.4,13.1,14174000
2011-06-19,12500.0,0.2,13.5,14174000
2011-06-20,12400.0,0.0,15.5,14174000
2011-06-21,12200.0,0.0,16.7,14174000
2011-06-22,11700.0,0.0,16.7,14174000
2011-06-23,11100.0,0.0,13.4,14174000
2011-06-24,10800.0,0.0,13.4,14174000
2011-06-25,10900.0,0.0,14.0,14174000
2011-06-26,10400.0,0.0,15.8,14174000
2011-06-27,10300.0,0.0,17.1,14174000
2011-06-28,10100.0,3.7,16.3,14174000
2011-06-29,10200.0,0.1,15.6,14174000
2011-06-30,10000.0,0.0,14.5,14174000
2011-07-01,9520.0,0.0,14.7,14174000
2011-07-02,9090.0,0.0,17.8,14174000
2011-07-03,8970.0,0.0,16.3,14174000
2011-07-04,8820.0,0.0,16.9,14174000
2011-07-05,8660.0,0.0,18.8,14174000
2011-07-06,8520.0,0.0,21.1,14174000
2011-07-07,8200.0,0.0,19.1,14174000
2011-07-08,7650.0,0.0,15.6,14174000
2011-07-09,7450.0,0.0,16.5,14174000
2011-07-10,7060.0,0.0,18.0,14174000
2011-07-11,6570.0,0.0,15.8,14174000
2011-07-12,6610.0,2.0,14.8,14174000
2011-07-13,6640.0,0.8,14.8,14174000
2011-07-14,6610.0,0.0,15.5,14174000
2011-07-15,6620.0,0.0,16.2,14174000
2011-07-16,6660.0,6.3,15.7,14174000
2011-07-17,6790.0,9.6,14.8,14174000
2011-07-18,6900.0,1.5,14.8,14174000
2011-07-19,7010.0,4.3,16.1,14174000
2011-07-20,8620.0,0.0,15.7,14174000
2011-07-21,8820.0,0.0,16.0,14174000
2011-07-22,8110.0,0.0,16.1,14174000
2011-07-23,7440.0,0.0,17.7,14174000
2011-07-24,7050.0,0.0,21.7,14174000
2011-07-25,6800.0,0.0,17.7,14174000
2011-07-26,6570.0,0.0,17.8,14174000
2011-07-27,6450.0,0.0,17.4,14174000
2011-07-28,6300.0,0.0,18.1,14174000
2011-07-29,6300.0,0.0,20.3,14174000
2011-07-30,6100.0,0.0,20.5,14174000
2011-07-31,6020.0,0.0,19.5,14174000
2011-08-01,5940.0,0.0,20.7,14174000
2011-08-02,5910.0,0.0,18.1,14174000
2011-08-03,5930.0,0.0,18.9,14174000
2011-08-04,5880.0,0.0,19.5,14174000
2011-08-05,5690.0,0.0,19.0,14174000
2011-08-06,5580.0,0.0,19.1,14174000
2011-08-07,5700.0,0.0,18.5,14174000
2011-08-08,5870.0,0.0,18.0,14174000
2011-08-09,5730.0,0.0,16.6,14174000
2011-08-10,5650.0,0.0,17.2,14174000
2011-08-11,5680.0,0.0,18.8,14174000
2011-08-12,5630.0,0.0,19.5,14174000
2011-08-13,5570.0,0.0,18.0,14174000
2011-08-14,5680.0,0.0,17.2,14174000
2011-08-15,5630.0,0.0,17.9,14174000
2011-08-16,5650.0,0.0,19.6,14174000
2011-08-17,5660.0,0.0,20.0,14174000
2011-08-18,5520.0,0.0,18.1,14174000
2011-08-19,5470.0,0.0,19.2,14174000
2011-08-20,5460.0,0.0,21.8,14174000
2011-08-21,5430.0,0.0,21.7,14174000
2011-08-22,5460.0,0.0,18.7,14174000
2011-08-23,5410.0,0.0,20.3,14174000
2011-08-24,5420.0,0.0,23.9,14174000
2011-08-25,5710.0,0.0,23.9,14174000
2011-08-26,5800.0,0.0,22.5,14174000
2011-08-27,5940.0,0.0,22.3,14174000
2011-08-28,5920.0,0.0,20.7,14174000
2011-08-29,5940.0,0.0,17.4,14174000
2011-08-30,6070.0,0.0,17.0,14174000
2011-08-31,6280.0,0.0,15.7,14174000
2011-09-01,5960.0,0.0,15.2,14174000
2011-09-02,5670.0,0.0,17.7,14174000
2011-09-03,5620.0,0.0,20.3,14174000
2011-09-04,5760.0,0.0,23.4,14174000
2011-09-05,6060.0,0.0,20.7,14174000
2011-09-06,6330.0,0.0,21.3,14174000
2011-09-07,6770.0,0.0,23.5,14174000
2011-09-08,7050.0,0.0,22.2,14174000
2011-09-09,7070.0,0.0,21.5,14174000
2011-09-10,7040.0,0.0,24.6,14174000
2011-09-11,7160.0,0.0,24.8,14174000
2011-09-12,7150.0,0.0,18.6,14174000
2011-09-13,7130.0,0.0,17.9,14174000
2011-09-14,7130.0,0.0,16.9,14174000
2011-09-15,7040.0,0.1,16.1,14174000
2011-09-16,7070.0,0.1,15.5,14174000
2011-09-17,7150.0,0.0,14.0,14174000
2011-09-18,7270.0,1.2,17.2,14174000
2011-09-19,7300.0,1.5,18.5,14174000
2011-09-20,7180.0,0.0,17.7,14174000
2011-09-21,7230.0,0.0,19.8,14174000
2011-09-22,7120.0,0.0,19.1,14174000
2011-09-23,7140.0,0.0,20.8,14174000
2011-09-24,7190.0,0.0,20.3,14174000
2011-09-25,7280.0,1.0,18.0,14174000
2011-09-26,7400.0,0.2,16.4,14174000
2011-09-27,7360.0,5.2,17.1,14174000
2011-09-28,7450.0,0.0,14.4,14174000
2011-09-29,7530.0,0.0,16.5,14174000
2011-09-30,7580.0,0.0,18.1,14174000
2011-10-01,7450.0,0.2,14.7,14174000
2011-10-02,7610.0,7.0,14.9,14174000
2011-10-03,7900.0,18.4,13.6,14174000
2011-10-04,8500.0,7.1,12.0,14174000
2011-10-05,9120.0,13.5,10.0,14174000
2011-10-06,9500.0,2.8,10.2,14174000
2011-10-07,9480.0,0.0,11.3,14174000
2011-10-08,9340.0,0.3,13.6,14174000
2011-10-09,9210.0,1.0,12.4,14174000
2011-10-10,9180.0,14.3,13.7,14174000
2011-10-11,9410.0,9.0,13.5,14174000
2011-10-12,9640.0,0.0,12.7,14174000
2011-10-13,9430.0,0.2,10.7,14174000
2011-10-14,9320.0,0.1,11.2,14174000
2011-10-15,8990.0,0.0,12.6,14174000
2011-10-16,9050.0,0.4,12.1,14174000
2011-10-17,9190.0,0.0,10.2,14174000
2011-10-18,9080.0,0.0,12.1,14174000
2011-10-19,8950.0,0.0,13.4,14174000
2011-10-20,8990.0,0.0,11.7,14174000
2011-10-21,8970.0,0.0,12.1,14174000
2011-10-22,8980.0,0.0,13.4,14174000
2011-10-23,8910.0,0.0,13.9,14174000
2011-10-24,8820.0,0.0,11.0,14174000
2011-10-25,8820.0,0.0,7.3,14174000
2011-10-26,8670.0,0.0,6.7,14174000
2011-10-27,8530.0,0.0,8.3,14174000
2011-10-28,8340.0,0.0,8.5,14174000
2011-10-29,8110.0,6.2,11.9,14174000
2011-10-30,8000.0,5.0,12.6,14174000
2011-10-31,7880.0,0.7,10.3,14174000
2011-11-01,7990.0,0.0,6.5,14174000
2011-11-02,8000.0,0.0,5.8,14174000
2011-11-03,8200.0,14.5,7.8,14174000
2011-11-04,7980.0,0.3,5.0,14174000
2011-11-05,7950.0,7.4,4.2,14174000
2011-11-06,8090.0,2.8,6.4,14174000
2011-11-07,7980.0,1.1,6.9,14174000
2011-11-08,8040.0,0.2,6.7,14174000
2011-11-09,7880.0,0.0,8.3,14174000
2011-11-10,7710.0,0.0,7.3,14174000
2011-11-11,7590.0,0.0,6.6,14174000
2011-11-12,7590.0,3.1,7.0,14174000
2011-11-13,7450.0,3.9,8.2,14174000
2011-11-14,7550.0,1.4,8.6,14174000
2011-11-15,7770.0,0.0,7.0,14174000
2011-11-16,8360.0,5.8,6.7,14174000
2011-11-17,8960.0,15.8,8.3,14174000
2011-11-18,11500.0,13.4,4.2,14174000
2011-11-19,12900.0,7.9,3.6,14174000
2011-11-20,11700.0,0.4,0.9,14174000
2011-11-21,10100.0,3.5,4.9,14174000
2011-11-22,11100.0,26.9,9.2,14174000
2011-11-23,17300.0,27.0,10.0,14174000
2011-11-24,18900.0,7.4,5.2,14174000
2011-11-25,18000.0,8.7,6.0,14174000
2011-11-26,17200.0,0.0,6.3,14174000
2011-11-27,15200.0,3.1,7.8,14174000
2011-11-28,13900.0,8.0,5.7,14174000
2011-11-29,12900.0,0.0,3.6,14174000
2011-11-30,11800.0,2.2,6.7,14174000
2011-12-01,10700.0,0.0,2.9,14174000
2011-12-02,10100.0,0.0,3.1,14174000
2011-12-03,9180.0,0.0,1.4,14174000
2011-12-04,8170.0,0.0,1.1,14174000
2011-12-05,7350.0,0.0,0.2,14174000
2011-12-06,6820.0,0.0,0.9,14174000
2011-12-07,6370.0,0.0,0.5,14174000
2011-12-08,6050.0,0.0,-0.2,14174000
2011-12-09,5920.0,0.0,0.9,14174000
2011-12-10,6110.0,0.0,1.0,14174000
2011-12-11,5950.0,0.0,1.6,14174000
2011-12-12,5750.0,0.0,0.4,14174000
2011-12-13,5850.0,0.0,-0.5,14174000
2011-12-14,5810.0,0.0,0.6,14174000
2011-12-15,5490.0,3.0,2.8,14174000
2011-12-16,5300.0,0.0,3.0,14174000
2011-12-17,5080.0,0.0,3.4,14174000
2011-12-18,4830.0,0.0,3.5,14174000
2011-12-19,4760.0,0.0,2.9,14174000
2011-12-20,4640.0,0.0,2.3,14174000
2011-12-21,4620.0,0.0,3.3,14174000
2011-12-22,4570.0,0.0,0.2,14174000
2011-12-23,4540.0,0.0,1.4,14174000
2011-12-24,4570.0,0.0,2.5,14174000
2011-12-25,4520.0,4.0,2.4,14174000
2011-12-26,4550.0,0.4,1.6,14174000
2011-12-27,4640.0,2.1,5.5,14174000
2011-12-28,5420.0,20.7,9.2,14174000
2011-12-29,18300.0,11.3,9.4,14174000
2011-12-30,31800.0,40.5,9.1,14174000
2011-12-31,45100.0,1.1,1.3,14174000
2012-01-01,44200.0,0.1,3.1,14174000
2012-01-02,32000.0,0.7,3.8,14174000
2012-01-03,27600.0,3.1,8.3,14174000
2012-01-04,25600.0,2.4,6.3,14174000
2012-01-05,26000.0,3.4,8.0,14174000
2012-01-06,24800.0,0.7,2.9,14174000
2012-01-07,22700.0,1.1,4.8,14174000
2012-01-08,20400.0,0.0,3.9,14174000
2012-01-09,17900.0,0.0,2.5,14174000
2012-01-10,15600.0,4.2,3.5,14174000
2012-01-11,13800.0,0.0,0.2,14174000
2012-01-12,13000.0,0.0,-0.6,14174000
2012-01-13,12000.0,0.0,1.1,14174000
2012-01-14,10200.0,1.7,2.1,14174000
2012-01-15,9770.0,4.8,0.6,14174000
2012-01-16,9730.0,3.2,-1.0,14174000
2012-01-17,10300.0,18.1,1.6,14174000
2012-01-18,21200.0,59.0,4.7,14174000
2012-01-19,48700.0,58.2,9.1,14174000
2012-01-20,73600.0,13.4,8.2,14174000
2012-01-21,79800.0,23.7,7.2,14174000
2012-01-22,65500.0,6.6,3.6,14174000
2012-01-23,60500.0,3.1,4.5,14174000
2012-01-24,60300.0,8.0,4.9,14174000
2012-01-25,64200.0,5.1,10.1,14174000
2012-01-26,69900.0,9.6,8.2,14174000
2012-01-27,72800.0,0.0,1.8,14174000
2012-01-28,69200.0,0.0,1.5,14174000
2012-01-29,60900.0,3.9,3.6,14174000
2012-01-30,52300.0,12.0,7.6,14174000
2012-01-31,47900.0,0.0,5.3,14174000
2012-02-01,41000.0,6.7,7.3,14174000
2012-02-02,33200.0,0.0,5.0,14174000
2012-02-03,28400.0,0.0,3.7,14174000
2012-02-04,25900.0,0.0,4.8,14174000
2012-02-05,24300.0,0.0,4.8,14174000
2012-02-06,23100.0,0.0,3.6,14174000
2012-02-07,21900.0,0.0,3.4,14174000
2012-02-08,18600.0,3.1,6.1,14174000
2012-02-09,16600.0,2.7,8.2,14174000
2012-02-10,14900.0,9.2,9.0,14174000
2012-02-11,14100.0,1.7,6.9,14174000
2012-02-12,14100.0,0.1,3.7,14174000
2012-02-13,13100.0,6.3,3.9,14174000
2012-02-14,12500.0,4.1,3.6,14174000
2012-02-15,11700.0,1.1,1.8,14174000
2012-02-16,11000.0,0.6,2.9,14174000
2012-02-17,10300.0,2.5,6.7,14174000
2012-02-18,10100.0,10.6,5.3,14174000
2012-02-19,11100.0,2.8,2.9,14174000
2012-02-20,11200.0,6.7,5.5,14174000
2012-02-21,12700.0,3.9,8.2,14174000
2012-02-22,17200.0,8.4,8.8,14174000
2012-02-23,20900.0,0.0,5.3,14174000
2012-02-24,22100.0,0.0,4.9,14174000
2012-02-25,20400.0,14.4,4.3,14174000
2012-02-26,21200.0,1.9,2.4,14174000
2012-02-27,18800.0,0.9,1.2,14174000
2012-02-28,16300.0,1.6,2.1,14174000
2012-02-29,17500.0,22.4,2.7,14174000
2012-03-01,22600.0,13.5,1.9,14174000
2012-03-02,23600.0,0.7,2.1,14174000
2012-03-03,21100.0,0.0,6.7,14174000
2012-03-04,19400.0,0.0,7.6,14174000
2012-03-05,18800.0,6.0,5.9,14174000
2012-03-06,19200.0,2.2,1.6,14174000
2012-03-07,19600.0,0.0,2.6,14174000
2012-03-08,17300.0,0.0,4.5,14174000
2012-03-09,15700.0,0.0,5.9,14174000
2012-03-10,15100.0,1.6,6.8,14174000
2012-03-11,14900.0,16.7,6.0,14174000
2012-03-12,16400.0,9.4,5.3,14174000
2012-03-13,21500.0,38.7,3.4,14174000
2012-03-14,24900.0,4.7,3.1,14174000
2012-03-15,26700.0,27.5,8.9,14174000
2012-03-16,38400.0,14.6,7.8,14174000
2012-03-17,49600.0,15.6,5.3,14174000
2012-03-18,50700.0,5.2,3.3,14174000
2012-03-19,41400.0,2.6,1.5,14174000
2012-03-20,34000.0,13.4,6.2,14174000
2012-03-21,39300.0,41.0,2.4,14174000
2012-03-22,51200.0,19.6,1.5,14174000
2012-03-23,62400.0,0.0,2.2,14174000
2012-03-24,59000.0,0.0,4.4,14174000
2012-03-25,47800.0,3.2,4.9,14174000
2012-03-26,40400.0,0.9,4.2,14174000
2012-03-27,36200.0,3.4,7.5,14174000
2012-03-28,34900.0,7.9,8.1,14174000
2012-03-29,36000.0,26.7,8.0,14174000
2012-03-30,46100.0,38.6,9.0,14174000
2012-03-31,61400.0,21.5,5.6,14174000
2012-04-01,75500.0,19.5,5.6,14174000
2012-04-02,73600.0,2.4,7.3,14174000
2012-04-03,61900.0,5.4,7.7,14174000
2012-04-04,53600.0,10.0,3.9,14174000
2012-04-05,50000.0,6.3,4.0,14174000
2012-04-06,46400.0,2.9,3.5,14174000
2012-04-07,39800.0,1.2,5.9,14174000
2012-04-08,31900.0,0.1,10.4,14174000
2012-04-09,26700.0,0.0,11.2,14174000
2012-04-10,22600.0,1.9,10.4,14174000
2012-04-11,20900.0,14.1,9.7,14174000
2012-04-12,22100.0,7.4,7.0,14174000
2012-04-13,21900.0,9.1,6.8,14174000
2012-04-14,19900.0,0.7,8.1,14174000
2012-04-15,18200.0,0.0,9.7,14174000
2012-04-16,17400.0,17.3,10.6,14174000
2012-04-17,20500.0,1.6,8.1,14174000
2012-04-18,24300.0,6.5,9.5,14174000
2012-04-19,25000.0,6.1,9.9,14174000
2012-04-20,26100.0,2.2,12.5,14174000
2012-04-21,27800.0,0.0,12.4,14174000
2012-04-22,26200.0,0.0,15.9,14174000
2012-04-23,24200.0,0.0,16.9,14174000
2012-04-24,23400.0,0.1,13.6,14174000
2012-04-25,25500.0,6.3,13.0,14174000
2012-04-26,26700.0,22.0,10.0,14174000
2012-04-27,28200.0,8.4,8.0,14174000
2012-04-28,27200.0,0.0,10.3,14174000
2012-04-29,23700.0,0.0,11.3,14174000
2012-04-30,20400.0,7.2,10.7,14174000
2012-05-01,20800.0,2.8,7.7,14174000
2012-05-02,22400.0,1.4,7.5,14174000
2012-05-03,22900.0,22.2,9.2,14174000
2012-05-04,25100.0,5.0,8.2,14174000
2012-05-05,25700.0,1.6,7.7,14174000
2012-05-06,24800.0,0.0,8.6,14174000
2012-05-07,22800.0,0.0,12.7,14174000
2012-05-08,20900.0,0.0,13.3,14174000
2012-05-09,18400.0,0.0,10.4,14174000
2012-05-10,15800.0,0.0,7.5,14174000
2012-05-11,14200.0,0.0,9.7,14174000
2012-05-12,13100.0,0.0,13.9,14174000
2012-05-13,12300.0,0.0,17.3,14174000
2012-05-14,12100.0,0.0,17.0,14174000
2012-05-15,12100.0,0.0,14.1,14174000
2012-05-16,12500.0,0.0,14.6,14174000
2012-05-17,12400.0,0.0,11.9,14174000
2012-05-18,11800.0,0.0,10.0,14174000
2012-05-19,11200.0,0.0,12.5,14174000
2012-05-20,10900.0,0.2,14.0,14174000
2012-05-21,10700.0,8.8,13.5,14174000
2012-05-22,11400.0,5.2,10.8,14174000
2012-05-23,12200.0,3.3,9.9,14174000
2012-05-24,13300.0,14.4,10.0,14174000
2012-05-25,15400.0,1.6,10.1,14174000
2012-05-26,17700.0,0.0,12.0,14174000
2012-05-27,18300.0,0.0,12.1,14174000
2012-05-28,17000.0,0.0,11.9,14174000
2012-05-29,14600.0,0.0,11.0,14174000
2012-05-30,13000.0,0.0,13.4,14174000
2012-05-31,11800.0,0.0,16.0,14174000
2012-06-01,10700.0,0.6,17.2,14174000
2012-06-02,10500.0,1.2,15.0,14174000
2012-06-03,10300.0,0.0,12.5,14174000
2012-06-04,10200.0,10.3,12.9,14174000
2012-06-05,12300.0,8.2,10.0,14174000
2012-06-06,19000.0,0.3,10.8,14174000
2012-06-07,20400.0,11.1,12.7,14174000
2012-06-08,19400.0,11.9,10.6,14174000
2012-06-09,18300.0,7.4,10.0,14174000
2012-06-10,19500.0,0.0,11.7,14174000
2012-06-11,18400.0,0.0,15.0,14174000
2012-06-12,15900.0,0.8,14.7,14174000
2012-06-13,13800.0,0.0,14.1,14174000
2012-06-14,12500.0,0.0,12.5,14174000
2012-06-15,11700.0,0.0,14.9,14174000
2012-06-16,11900.0,0.0,18.8,14174000
2012-06-17,11600.0,0.0,18.5,14174000
2012-06-18,10600.0,0.9,13.5,14174000
2012-06-19,9490.0,1.4,11.8,14174000
2012-06-20,9230.0,0.0,13.5,14174000
2012-06-21,8670.0,0.0,16.0,14174000
2012-06-22,8470.0,2.9,14.0,14174000
2012-06-23,8590.0,11.0,11.8,14174000
2012-06-24,9290.0,3.3,13.2,14174000
2012-06-25,9890.0,3.1,13.2,14174000
2012-06-26,9880.0,9.0,12.5,14174000
2012-06-27,9690.0,0.0,13.9,14174000
2012-06-28,9130.0,0.2,15.4,14174000
2012-06-29,8400.0,1.0,15.8,14174000
2012-06-30,7980.0,3.5,17.1,14174000
2012-07-01,7730.0,0.1,16.4,14174000
2012-07-02,7560.0,0.0,14.9,14174000
2012-07-03,7360.0,1.1,14.7,14174000
2012-07-04,7310.0,0.0,13.6,14174000
2012-07-05,7180.0,0.0,16.2,14174000
2012-07-06,6930.0,0.0,16.6,14174000
2012-07-07,6690.0,0.0,18.2,14174000
2012-07-08,6520.0,0.0,20.6,14174000
2012-07-09,6410.0,0.0,19.9,14174000
2012-07-10,6360.0,0.0,18.4,14174000
2012-07-11,6280.0,0.0,20.6,14174000
2012-07-12,6220.0,0.0,19.5,14174000
2012-07-13,6100.0,0.0,18.3,14174000
2012-07-14,5890.0,0.0,19.3,14174000
2012-07-15,5790.0,0.0,17.8,14174000
2012-07-16,5770.0,0.0,16.3,14174000
2012-07-17,5710.0,0.2,18.7,14174000
2012-07-18,5680.0,0.3,16.8,14174000
2012-07-19,5770.0,0.0,18.6,14174000
2012-07-20,5730.0,8.6,17.3,14174000
2012-07-21,5750.0,0.0,16.8,14174000
2012-07-22,5740.0,0.0,16.5,14174000
2012-07-23,5740.0,0.0,15.1,14174000
2012-07-24,5680.0,0.0,17.0,14174000
2012-07-25,5580.0,0.0,19.4,14174000
2012-07-26,5530.0,0.0,18.8,14174000
2012-07-27,5450.0,0.0,16.8,14174000
2012-07-28,5420.0,0.0,17.6,14174000
2012-07-29,5390.0,0.0,17.6,14174000
2012-07-30,5360.0,0.0,17.6,14174000
2012-07-31,5330.0,0.0,18.3,14174000
2012-08-01,5300.0,0.0,18.2,14174000
2012-08-02,5250.0,0.0,18.1,14174000
2012-08-03,5330.0,0.0,20.3,14174000
2012-08-04,5600.0,0.0,25.2,14174000
2012-08-05,5570.0,0.0,23.2,14174000
2012-08-06,5560.0,0.0,20.1,14174000
2012-08-07,5510.0,0.0,18.6,14174000
2012-08-08,5540.0,0.0,17.3,14174000
2012-08-09,5470.0,0.0,18.6,14174000
2012-08-10,5410.0,0.0,19.1,14174000
2012-08-11,5300.0,0.0,20.1,14174000
2012-08-12,5320.0,0.0,23.5,14174000
2012-08-13,5370.0,0.0,23.4,14174000
2012-08-14,5360.0,0.0,23.1,14174000
2012-08-15,5220.0,0.0,23.5,14174000
2012-08-16,5140.0,0.0,25.0,14174000
2012-08-17,5130.0,0.0,22.2,14174000
2012-08-18,5360.0,0.0,19.7,14174000
2012-08-19,5590.0,0.0,17.6,14174000
2012-08-20,5700.0,0.0,18.0,14174000
2012-08-21,5740.0,0.0,19.1,14174000
2012-08-22,5700.0,0.0,18.4,14174000
2012-08-23,5720.0,0.0,17.6,14174000
2012-08-24,5710.0,0.0,16.2,14174000
2012-08-25,5670.0,0.0,18.1,14174000
2012-08-26,5640.0,0.0,16.3,14174000
2012-08-27,5610.0,1.3,17.3,14174000
2012-08-28,5600.0,0.0,17.2,14174000
2012-08-29,5640.0,0.0,16.8,14174000
2012-08-30,5670.0,0.0,17.0,14174000
2012-08-31,5690.0,0.0,16.3,14174000
2012-09-01,5690.0,0.0,16.0,14174000
2012-09-02,5500.0,0.0,16.1,14174000
2012-09-03,5450.0,0.0,17.7,14174000
2012-09-04,5560.0,0.0,19.3,14174000
2012-09-05,5690.0,0.0,20.4,14174000
2012-09-06,5650.0,0.0,19.8,14174000
2012-09-07,5650.0,0.0,21.4,14174000
2012-09-08,5750.0,0.0,18.5,14174000
2012-09-09,6260.0,0.0,14.3,14174000
2012-09-10,6510.0,0.6,15.7,14174000
2012-09-11,6620.0,0.0,14.6,14174000
2012-09-12,6620.0,0.0,17.2,14174000
2012-09-13,6620.0,0.0,20.1,14174000
2012-09-14,6620.0,0.0,21.4,14174000
2012-09-15,6640.0,0.0,18.3,14174000
2012-09-16,6640.0,0.0,19.1,14174000
2012-09-17,6640.0,0.0,20.9,14174000
2012-09-18,6650.0,0.0,20.4,14174000
2012-09-19,6730.0,0.0,16.9,14174000
2012-09-20,6740.0,0.0,16.0,14174000
2012-09-21,6750.0,0.0,14.2,14174000
2012-09-22,6840.0,0.0,13.9,14174000
2012-09-23,6980.0,0.4,16.7,14174000
2012-09-24,6970.0,0.0,17.1,14174000
2012-09-25,6920.0,0.0,16.5,14174000
2012-09-26,6820.0,0.0,14.0,14174000
2012-09-27,6750.0,0.0,16.6,14174000
2012-09-28,6650.0,0.0,19.7,14174000
2012-09-29,6670.0,0.0,18.1,14174000
2012-09-30,6720.0,0.0,15.8,14174000
2012-10-01,6710.0,0.0,17.9,14174000
2012-10-02,6750.0,0.0,17.9,14174000
2012-10-03,7030.0,0.0,14.7,14174000
2012-10-04,7340.0,0.0,14.4,14174000
2012-10-05,7750.0,0.0,14.2,14174000
2012-10-06,7980.0,0.0,14.4,14174000
2012-10-07,8060.0,0.0,14.7,14174000
2012-10-08,8070.0,0.0,13.1,14174000
2012-10-09,8000.0,0.0,11.9,14174000
2012-10-10,8080.0,0.0,13.0,14174000
2012-10-11,8110.0,0.0,12.6,14174000
2012-10-12,8170.0,3.4,11.1,14174000
2012-10-13,8350.0,15.6,13.1,14174000
2012-10-14,8410.0,0.3,14.3,14174000
2012-10-15,8620.0,24.2,14.9,14174000
2012-10-16,9460.0,24.6,14.4,14174000
2012-10-17,10900.0,0.0,10.2,14174000
2012-10-18,9150.0,0.0,10.6,14174000
2012-10-19,8410.0,15.3,12.6,14174000
2012-10-20,8360.0,4.9,10.4,14174000
2012-10-21,9020.0,5.9,7.7,14174000
2012-10-22,9190.0,11.4,7.3,14174000
2012-10-23,9330.0,3.3,7.0,14174000
2012-10-24,9710.0,9.0,7.3,14174000
2012-10-25,10100.0,0.6,7.9,14174000
2012-10-26,10700.0,0.0,9.9,14174000
2012-10-27,11200.0,10.1,10.6,14174000
2012-10-28,12300.0,19.6,13.7,14174000
2012-10-29,15000.0,8.0,14.7,14174000
2012-10-30,17700.0,3.2,14.7,14174000
2012-10-31,16800.0,11.4,13.1,14174000
2012-11-01,15600.0,12.3,11.6,14174000
2012-11-02,14700.0,2.3,10.5,14174000
2012-11-03,14500.0,2.3,12.8,14174000
2012-11-04,13700.0,0.1,14.9,14174000
2012-11-05,12700.0,0.0,15.0,14174000
2012-11-06,12000.0,0.0,12.7,14174000
2012-11-07,11600.0,0.3,11.0,14174000
2012-11-08,11400.0,3.1,6.8,14174000
2012-11-09,11300.0,5.5,5.2,14174000
2012-11-10,11300.0,0.6,3.7,14174000
2012-11-11,11200.0,1.0,5.1,14174000
2012-11-12,11200.0,22.9,7.3,14174000
2012-11-13,11500.0,0.1,10.1,14174000
2012-11-14,12000.0,0.0,9.0,14174000
2012-11-15,11400.0,0.0,6.3,14174000
2012-11-16,10800.0,0.0,7.6,14174000
2012-11-17,11900.0,13.8,8.4,14174000
2012-11-18,13000.0,7.4,6.5,14174000
2012-11-19,15400.0,42.9,9.7,14174000
2012-11-20,24900.0,56.6,10.1,14174000
2012-11-21,44100.0,19.0,7.7,14174000
2012-11-22,47900.0,0.2,3.8,14174000
2012-11-23,44200.0,0.0,5.9,14174000
2012-11-24,43100.0,24.2,9.7,14174000
2012-11-25,45500.0,0.5,5.5,14174000
2012-11-26,47000.0,0.0,3.0,14174000
2012-11-27,42700.0,0.0,4.9,14174000
2012-11-28,40000.0,4.7,4.7,14174000
2012-11-29,37700.0,16.8,8.8,14174000
2012-11-30,37500.0,13.8,9.8,14174000
2012-12-01,41800.0,26.5,9.6,14174000
2012-12-02,48100.0,34.9,8.6,14174000
2012-12-03,56600.0,4.1,8.7,14174000
2012-12-04,59900.0,29.4,10.3,14174000
2012-12-05,51800.0,22.2,8.6,14174000
2012-12-06,54500.0,0.4,5.7,14174000
2012-12-07,57500.0,3.6,6.5,14174000
2012-12-08,52500.0,0.8,4.8,14174000
2012-12-09,47200.0,0.7,5.1,14174000
2012-12-10,43400.0,0.0,8.0,14174000
2012-12-11,40100.0,5.7,5.2,14174000
2012-12-12,36600.0,6.5,4.5,14174000
2012-12-13,34000.0,0.6,1.7,14174000
2012-12-14,30500.0,3.5,3.4,14174000
2012-12-15,27400.0,7.5,0.9,14174000
2012-12-16,25500.0,16.5,3.8,14174000
2012-12-17,28800.0,31.0,5.9,14174000
2012-12-18,39100.0,17.1,0.2,14174000
2012-12-19,41400.0,4.5,1.8,14174000
2012-12-20,37600.0,54.6,3.4,14174000
2012-12-21,41500.0,4.2,1.2,14174000
2012-12-22,41900.0,9.0,2.3,14174000
2012-12-23,38700.0,14.2,2.5,14174000
2012-12-24,38000.0,2.8,3.7,14174000
2012-12-25,35900.0,12.4,4.1,14174000
2012-12-26,34200.0,5.0,5.4,14174000
2012-12-27,32700.0,3.1,4.5,14174000
2012-12-28,30700.0,0.0,4.0,14174000
2012-12-29,27700.0,0.0,2.8,14174000
2012-12-30,23900.0,0.0,2.2,14174000
2012-12-31,20700.0,0.7,0.8,14174000
2013-01-01,18200.0,1.1,0.1,14174000
2013-01-02,15800.0,0.0,-0.6,14174000
2013-01-03,14700.0,0.0,-0.9,14174000
2013-01-04,13600.0,0.0,4.8,14174000
2013-01-05,12600.0,0.0,2.1,14174000
2013-01-06,12200.0,0.1,4.3,14174000
2013-01-07,12100.0,6.4,6.6,14174000
2013-01-08,12900.0,0.0,8.3,14174000
2013-01-09,14700.0,12.6,7.0,14174000
2013-01-10,16800.0,2.4,2.2,14174000
2013-01-11,17400.0,0.8,0.6,14174000
2013-01-12,15700.0,0.0,0.0,14174000
2013-01-13,14300.0,0.0,-1.8,14174000
2013-01-14,13100.0,0.0,-1.8,14174000
2013-01-15,12300.0,0.0,1.3,14174000
2013-01-16,12000.0,0.0,1.3,14174000
2013-01-17,11500.0,0.0,1.6,14174000
2013-01-18,11400.0,0.0,2.2,14174000
2013-01-19,12300.0,0.0,2.2,14174000
2013-01-20,13000.0,0.0,1.9,14174000
2013-01-21,12900.0,0.0,1.0,14174000
2013-01-22,12400.0,0.0,2.0,14174000
2013-01-23,11600.0,7.4,1.6,14174000
2013-01-24,11600.0,3.8,2.1,14174000
2013-01-25,12300.0,8.1,6.2,14174000
2013-01-26,15300.0,6.9,5.1,14174000
2013-01-27,18400.0,3.4,3.1,14174000
2013-01-28,18700.0,12.4,4.1,14174000
2013-01-29,21200.0,11.1,5.8,14174000
2013-01-30,26000.0,0.1,5.6,14174000
2013-01-31,24900.0,0.0,7.3,14174000
2013-02-01,22500.0,0.0,6.7,14174000
2013-02-02,20500.0,0.0,4.3,14174000
2013-02-03,18900.0,0.0,4.1,14174000
2013-02-04,17300.0,0.0,5.1,14174000
2013-02-05,15500.0,5.6,6.5,14174000
2013-02-06,14600.0,4.4,6.7,14174000
2013-02-07,14400.0,7.2,5.7,14174000
2013-02-08,14000.0,3.0,2.6,14174000
2013-02-09,13300.0,0.0,3.5,14174000
2013-02-10,12000.0,0.0,5.5,14174000
2013-02-11,10800.0,0.0,3.7,14174000
2013-02-12,10400.0,0.0,6.5,14174000
2013-02-13,10200.0,0.4,7.9,14174000
2013-02-14,9770.0,0.0,7.0,14174000
2013-02-15,9220.0,0.0,6.2,14174000
2013-02-16,8860.0,0.4,7.1,14174000
2013-02-17,8790.0,0.0,5.2,14174000
2013-02-18,8570.0,0.3,3.8,14174000
2013-02-19,8450.0,5.3,3.8,14174000
2013-02-20,8410.0,0.1,3.8,14174000
2013-02-21,8430.0,4.5,4.0,14174000
2013-02-22,8690.0,10.4,5.3,14174000
2013-02-23,10000.0,11.8,4.1,14174000
2013-02-24,11500.0,0.6,3.1,14174000
2013-02-25,11100.0,10.0,5.9,14174000
2013-02-26,11200.0,1.2,3.0,14174000
2013-02-27,10900.0,0.4,5.7,14174000
2013-02-28,10300.0,6.8,9.0,14174000
2013-03-01,10600.0,0.7,10.4,14174000
2013-03-02,11400.0,0.0,8.6,14174000
2013-03-03,10800.0,0.5,6.1,14174000
2013-03-04,10300.0,0.0,3.8,14174000
2013-03-05,9930.0,10.3,5.3,14174000
2013-03-06,10400.0,18.7,4.6,14174000
2013-03-07,12500.0,0.8,4.9,14174000
2013-03-08,11700.0,0.0,5.8,14174000
2013-03-09,10600.0,0.0,6.7,14174000
2013-03-10,9730.0,0.0,6.5,14174000
2013-03-11,9060.0,0.0,8.7,14174000
2013-03-12,8760.0,0.0,8.6,14174000
2013-03-13,8610.0,0.0,9.3,14174000
2013-03-14,8380.0,0.0,9.3,14174000
2013-03-15,8440.0,2.2,10.2,14174000
2013-03-16,8230.0,4.1,9.0,14174000
2013-03-17,8370.0,4.1,4.7,14174000
2013-03-18,8530.0,0.0,5.7,14174000
2013-03-19,8110.0,0.9,7.0,14174000
2013-03-20,9010.0,27.3,9.2,14174000
2013-03-21,12400.0,4.6,3.9,14174000
2013-03-22,12800.0,1.2,3.9,14174000
2013-03-23,11400.0,0.0,3.9,14174000
2013-03-24,10400.0,0.0,5.2,14174000
2013-03-25,9650.0,0.0,7.5,14174000
2013-03-26,9140.0,0.7,7.6,14174000
2013-03-27,8870.0,1.4,9.2,14174000
2013-03-28,8630.0,5.4,10.3,14174000
2013-03-29,8460.0,0.0,11.5,14174000
2013-03-30,8410.0,0.0,12.1,14174000
2013-03-31,8270.0,0.0,13.2,14174000
2013-04-01,8230.0,0.6,11.7,14174000
2013-04-02,8530.0,0.0,10.9,14174000
2013-04-03,8980.0,0.0,11.4,14174000
2013-04-04,8970.0,6.9,12.9,14174000
2013-04-05,9670.0,7.9,10.9,14174000
2013-04-06,12700.0,18.0,10.0,14174000
2013-04-07,15600.0,25.0,8.1,14174000
2013-04-08,19300.0,3.4,5.8,14174000
2013-04-09,19100.0,0.0,8.3,14174000
2013-04-10,16500.0,1.1,9.5,14174000
2013-04-11,14700.0,0.0,7.8,14174000
2013-04-12,13100.0,0.0,7.2,14174000
2013-04-13,11700.0,2.9,7.1,14174000
2013-04-14,11000.0,4.4,5.6,14174000
2013-04-15,10500.0,5.1,5.1,14174000
2013-04-16,10200.0,1.8,6.8,14174000
2013-04-17,11100.0,0.0,7.5,14174000
2013-04-18,11700.0,0.0,9.0,14174000
2013-04-19,11500.0,4.3,9.9,14174000
2013-04-20,11900.0,0.1,9.6,14174000
2013-04-21,12600.0,0.0,8.4,14174000
2013-04-22,12300.0,0.0,9.9,14174000
2013-04-23,11700.0,0.0,10.0,14174000
2013-04-24,10600.0,0.0,11.3,14174000
2013-04-25,9600.0,0.0,13.3,14174000
2013-04-26,9200.0,0.0,15.1,14174000
2013-04-27,9070.0,0.0,14.2,14174000
2013-04-28,9010.0,0.0,11.1,14174000
2013-04-29,8920.0,0.3,11.0,14174000
2013-04-30,8710.0,0.0,7.9,14174000
2013-05-01,8580.0,0.0,8.2,14174000
2013-05-02,8990.0,0.0,13.0,14174000
2013-05-03,10000.0,0.0,14.5,14174000
2013-05-04,10000.0,0.0,16.8,14174000
2013-05-05,9950.0,0.0,18.4,14174000
2013-05-06,9920.0,0.0,16.5,14174000
2013-05-07,9890.0,0.0,14.1,14174000
2013-05-08,9630.0,0.0,13.6,14174000
2013-05-09,9280.0,0.0,15.3,14174000
2013-05-10,9180.0,0.0,17.0,14174000
2013-05-11,9270.0,0.0,17.6,14174000
2013-05-12,9460.0,0.7,17.7,14174000
2013-05-13,9470.0,1.1,15.2,14174000
2013-05-14,9400.0,0.0,12.7,14174000
2013-05-15,9220.0,1.0,12.6,14174000
2013-05-16,9090.0,1.3,13.2,14174000
2013-05-17,9250.0,0.9,11.8,14174000
2013-05-18,9600.0,2.6,11.6,14174000
2013-05-19,9440.0,2.3,12.8,14174000
2013-05-20,9430.0,0.0,12.5,14174000
2013-05-21,9370.0,12.3,10.5,14174000
2013-05-22,9700.0,11.5,6.4,14174000
2013-05-23,10600.0,10.0,8.1,14174000
2013-05-24,10400.0,9.6,9.5,14174000
2013-05-25,9120.0,0.7,11.5,14174000
2013-05-26,8500.0,6.6,13.1,14174000
2013-05-27,8600.0,22.3,11.9,14174000
2013-05-28,9430.0,2.8,12.3,14174000
2013-05-29,10200.0,13.8,12.3,14174000
2013-05-30,10100.0,1.6,11.0,14174000
2013-05-31,10400.0,0.0,12.3,14174000
2013-06-01,9780.0,0.0,14.4,14174000
2013-06-02,8930.0,0.0,14.8,14174000
2013-06-03,8270.0,0.0,14.1,14174000
2013-06-04,7630.0,0.0,15.8,14174000
2013-06-05,7240.0,0.0,18.7,14174000
2013-06-06,6970.0,0.0,19.0,14174000
2013-06-07,6700.0,0.0,18.6,14174000
2013-06-08,6590.0,0.0,17.2,14174000
2013-06-09,6390.0,0.0,17.2,14174000
2013-06-10,6230.0,0.0,14.1,14174000
2013-06-11,6220.0,0.3,13.3,14174000
2013-06-12,7020.0,0.0,13.0,14174000
2013-06-13,7280.0,5.2,12.3,14174000
2013-06-14,7440.0,0.7,13.6,14174000
2013-06-15,7310.0,0.0,16.3,14174000
2013-06-16,6850.0,0.0,15.6,14174000
2013-06-17,6410.0,0.0,16.3,14174000
2013-06-18,6240.0,3.1,14.9,14174000
2013-06-19,6320.0,11.5,12.8,14174000
2013-06-20,6570.0,3.1,12.9,14174000
2013-06-21,6640.0,0.0,14.5,14174000
2013-06-22,6430.0,0.0,17.2,14174000
2013-06-23,6310.0,8.0,17.0,14174000
2013-06-24,6380.0,5.5,14.4,14174000
2013-06-25,6540.0,6.4,15.0,14174000
2013-06-26,6780.0,0.5,15.6,14174000
2013-06-27,6850.0,0.3,19.3,14174000
2013-06-28,6300.0,0.0,20.9,14174000
2013-06-29,5980.0,0.0,21.7,14174000
2013-06-30,5780.0,0.0,23.5,14174000
2013-07-01,5630.0,0.0,21.6,14174000
2013-07-02,5380.0,0.0,22.9,14174000
2013-07-03,5300.0,0.0,22.3,14174000
2013-07-04,5160.0,0.0,19.4,14174000
2013-07-05,5140.0,0.0,17.4,14174000
2013-07-06,5080.0,0.0,17.4,14174000
2013-07-07,5040.0,0.0,18.9,14174000
2013-07-08,5040.0,0.0,19.3,14174000
2013-07-09,4980.0,0.0,22.1,14174000
2013-07-10,4950.0,0.0,21.9,14174000
2013-07-11,4860.0,0.0,18.7,14174000
2013-07-12,4810.0,0.0,17.8,14174000
2013-07-13,4760.0,0.0,17.9,14174000
2013-07-14,4700.0,0.0,21.2,14174000
2013-07-15,4710.0,0.0,21.7,14174000
2013-07-16,4650.0,0.0,23.5,14174000
2013-07-17,4640.0,0.0,18.8,14174000
2013-07-18,4600.0,0.0,19.5,14174000
2013-07-19,4610.0,0.0,20.2,14174000
2013-07-20,4790.0,0.0,20.1,14174000
2013-07-21,4900.0,0.0,20.2,14174000
2013-07-22,4900.0,0.0,21.2,14174000
2013-07-23,4820.0,0.0,22.6,14174000
2013-07-24,4840.0,0.0,23.5,14174000
2013-07-25,4790.0,0.0,23.2,14174000
2013-07-26,4710.0,0.0,23.7,14174000
2013-07-27,4710.0,0.0,20.8,14174000
2013-07-28,4760.0,0.0,17.9,14174000
2013-07-29,4790.0,0.0,17.8,14174000
2013-07-30,5080.0,0.0,18.5,14174000
2013-07-31,5170.0,0.0,19.3,14174000
2013-08-01,5170.0,0.0,16.7,14174000
2013-08-02,5250.0,0.0,17.8,14174000
2013-08-03,5270.0,0.0,19.5,14174000
2013-08-04,5240.0,0.0,22.1,14174000
2013-08-05,5230.0,0.0,22.1,14174000
2013-08-06,5160.0,0.0,23.8,14174000
2013-08-07,5120.0,0.0,21.0,14174000
2013-08-08,5140.0,0.0,18.7,14174000
2013-08-09,5140.0,0.3,21.0,14174000
2013-08-10,5190.0,0.0,20.2,14174000
2013-08-11,5210.0,0.0,19.3,14174000
2013-08-12,5260.0,0.0,18.5,14174000
2013-08-13,5240.0,0.0,19.1,14174000
2013-08-14,5180.0,0.3,20.8,14174000
2013-08-15,5190.0,0.0,21.4,14174000
2013-08-16,5270.0,0.3,21.1,14174000
2013-08-17,5220.0,0.0,20.1,14174000
2013-08-18,5200.0,0.0,20.0,14174000
2013-08-19,5200.0,0.0,22.0,14174000
2013-08-20,5140.0,0.0,20.7,14174000
2013-08-21,5080.0,0.0,22.2,14174000
2013-08-22,5160.0,0.0,23.6,14174000
2013-08-23,5220.0,0.0,18.4,14174000
2013-08-24,5250.0,1.9,18.4,14174000
2013-08-25,5520.0,9.7,16.4,14174000
2013-08-26,5700.0,0.0,17.2,14174000
2013-08-27,5950.0,0.4,19.8,14174000
2013-08-28,6140.0,0.0,20.5,14174000
2013-08-29,6070.0,3.8,20.5,14174000
2013-08-30,6050.0,0.7,20.4,14174000
2013-08-31,6070.0,0.0,20.5,14174000
2013-09-01,6110.0,0.0,19.5,14174000
2013-09-02,6060.0,0.6,20.2,14174000
2013-09-03,6000.0,0.3,19.6,14174000
2013-09-04,5980.0,0.0,18.6,14174000
2013-09-05,6310.0,12.8,17.0,14174000
2013-09-06,6830.0,6.4,16.4,14174000
2013-09-07,7010.0,0.0,16.8,14174000
2013-09-08,6600.0,0.0,19.5,14174000
2013-09-09,6590.0,0.0,20.7,14174000
2013-09-10,6590.0,0.0,22.7,14174000
2013-09-11,6450.0,0.0,23.3,14174000
2013-09-12,6430.0,0.0,19.2,14174000
2013-09-13,6410.0,0.0,19.1,14174000
2013-09-14,6460.0,0.0,19.5,14174000
2013-09-15,6450.0,0.0,17.7,14174000
2013-09-16,6460.0,0.1,16.9,14174000
2013-09-17,6480.0,0.6,16.9,14174000
2013-09-18,6200.0,0.0,15.6,14174000
2013-09-19,5530.0,0.0,16.8,14174000
2013-09-20,5410.0,2.4,15.8,14174000
2013-09-21,5510.0,11.4,14.3,14174000
2013-09-22,5820.0,7.7,13.4,14174000
2013-09-23,5890.0,4.3,13.8,14174000
2013-09-24,6210.0,14.8,13.4,14174000
2013-09-25,6820.0,6.5,10.6,14174000
2013-09-26,7580.0,1.4,11.3,14174000
2013-09-27,7420.0,1.3,11.0,14174000
2013-09-28,7940.0,18.0,13.0,14174000
2013-09-29,10100.0,46.4,12.5,14174000
2013-09-30,16800.0,25.5,12.3,14174000
2013-10-01,20600.0,7.3,10.9,14174000
2013-10-02,16200.0,2.7,9.1,14174000
2013-10-03,15100.0,2.7,8.5,14174000
2013-10-04,13800.0,0.0,8.9,14174000
2013-10-05,12800.0,0.0,11.0,14174000
2013-10-06,12100.0,0.0,13.3,14174000
2013-10-07,11600.0,2.0,12.8,14174000
2013-10-08,10800.0,3.9,9.8,14174000
2013-10-09,9970.0,1.0,7.3,14174000
2013-10-10,9570.0,0.0,9.8,14174000
2013-10-11,9390.0,0.0,10.7,14174000
2013-10-12,9040.0,1.0,9.7,14174000
2013-10-13,8850.0,0.0,8.5,14174000
2013-10-14,8710.0,0.0,9.3,14174000
2013-10-15,8640.0,0.0,9.4,14174000
2013-10-16,8500.0,0.0,10.7,14174000
2013-10-17,8470.0,0.0,11.1,14174000
2013-10-18,8540.0,0.0,10.1,14174000
2013-10-19,8580.0,0.0,11.8,14174000
2013-10-20,8610.0,0.0,11.5,14174000
2013-10-21,8620.0,0.0,11.6,14174000
2013-10-22,8590.0,0.0,12.8,14174000
2013-10-23,8470.0,0.0,12.1,14174000
2013-10-24,8360.0,0.0,12.1,14174000
2013-10-25,8400.0,0.0,11.5,14174000
2013-10-26,8430.0,0.0,9.6,14174000
2013-10-27,7780.0,2.9,7.9,14174000
2013-10-28,7700.0,0.3,7.9,14174000
2013-10-29,7680.0,0.0,6.5,14174000
2013-10-30,7540.0,0.0,6.9,14174000
2013-10-31,7390.0,0.2,9.3,14174000
2013-11-01,7340.0,0.0,9.2,14174000
2013-11-02,7420.0,9.9,10.2,14174000
2013-11-03,7710.0,6.3,7.2,14174000
2013-11-04,8310.0,3.0,6.8,14174000
2013-11-05,8680.0,8.4,8.7,14174000
2013-11-06,9840.0,1.3,11.6,14174000
2013-11-07,10700.0,11.2,11.3,14174000
2013-11-08,12600.0,2.3,8.8,14174000
2013-11-09,15500.0,0.0,6.8,14174000
2013-11-10,16800.0,0.0,8.6,14174000
2013-11-11,16200.0,0.0,8.8,14174000
2013-11-12,15100.0,3.8,9.5,14174000
2013-11-13,14000.0,0.0,10.3,14174000
2013-11-14,12100.0,0.1,6.9,14174000
2013-11-15,10300.0,0.7,6.1,14174000
2013-11-16,10000.0,7.8,7.8,14174000
2013-11-17,12200.0,0.3,8.3,14174000
2013-11-18,13300.0,1.4,9.2,14174000
2013-11-19,13200.0,26.9,9.6,14174000
2013-11-20,18000.0,1.0,4.6,14174000
2013-11-21,22300.0,0.0,1.2,14174000
2013-11-22,19900.0,0.0,0.1,14174000
2013-11-23,17100.0,0.0,0.6,14174000
2013-11-24,14500.0,0.0,2.0,14174000
2013-11-25,13400.0,0.0,2.2,14174000
2013-11-26,12100.0,0.0,2.0,14174000
2013-11-27,11000.0,0.0,3.3,14174000
2013-11-28,10300.0,0.0,2.6,14174000
2013-11-29,9630.0,0.0,2.8,14174000
2013-11-30,9050.0,0.1,3.5,14174000
2013-12-01,8730.0,4.4,9.0,14174000
2013-12-02,9690.0,18.2,8.2,14174000
2013-12-03,16500.0,0.1,2.4,14174000
2013-12-04,16100.0,0.0,-1.7,14174000
2013-12-05,14300.0,0.0,-3.4,14174000
2013-12-06,13400.0,5.3,-2.9,14174000
2013-12-07,12800.0,0.0,-4.1,14174000
2013-12-08,12000.0,0.0,-7.1,14174000
2013-12-09,11200.0,0.0,-5.2,14174000
2013-12-10,10600.0,0.0,-1.3,14174000
2013-12-11,9560.0,0.0,-1.3,14174000
2013-12-12,8770.0,0.2,-0.8,14174000
2013-12-13,8360.0,2.4,2.5,14174000
2013-12-14,8540.0,0.0,1.3,14174000
2013-12-15,8370.0,0.0,1.8,14174000
2013-12-16,8250.0,0.0,3.2,14174000
2013-12-17,8110.0,0.0,2.5,14174000
2013-12-18,7850.0,0.0,2.3,14174000
2013-12-19,7660.0,1.4,-0.0,14174000
2013-12-20,7440.0,0.2,0.0,14174000
2013-12-21,7200.0,3.9,5.9,14174000
2013-12-22,8020.0,0.3,5.8,14174000
2013-12-23,8350.0,2.4,5.9,14174000
2013-12-24,8560.0,0.6,3.6,14174000
2013-12-25,8630.0,0.0,1.6,14174000
2013-12-26,8360.0,0.0,2.6,14174000
2013-12-27,8080.0,0.0,1.8,14174000
2013-12-28,7840.0,0.0,2.2,14174000
2013-12-29,7580.0,0.0,1.4,14174000
2013-12-30,7360.0,0.0,2.3,14174000
2013-12-31,7120.0,0.0,3.1,14174000
2014-01-01,6920.0,0.0,3.9,14174000
2014-01-02,6900.0,0.0,3.3,14174000
2014-01-03,6770.0,0.7,4.8,14174000
2014-01-04,6690.0,0.0,0.6,14174000
2014-01-05,6490.0,0.0,0.8,14174000
2014-01-06,6220.0,0.0,1.1,14174000
2014-01-07,6230.0,3.4,4.0,14174000
2014-01-08,6390.0,4.2,7.4,14174000
2014-01-09,7470.0,11.0,6.4,14174000
2014-01-10,9900.0,1.9,8.1,14174000
2014-01-11,11900.0,20.3,9.4,14174000
2014-01-12,16100.0,15.8,6.4,14174000
2014-01-13,19700.0,0.2,8.4,14174000
2014-01-14,19600.0,0.0,5.0,14174000
2014-01-15,15900.0,0.0,4.1,14174000
2014-01-16,13300.0,0.0,3.1,14174000
2014-01-17,12000.0,0.0,2.6,14174000
2014-01-18,11100.0,0.0,2.9,14174000
2014-01-19,10400.0,0.0,2.5,14174000
2014-01-20,9800.0,0.0,3.1,14174000
2014-01-21,9380.0,0.0,2.7,14174000
2014-01-22,9050.0,0.0,3.2,14174000
2014-01-23,8800.0,0.0,2.3,14174000
2014-01-24,8690.0,0.0,2.6,14174000
2014-01-25,8630.0,0.0,3.7,14174000
2014-01-26,8280.0,0.0,3.6,14174000
2014-01-27,8120.0,0.0,2.6,14174000
2014-01-28,7940.0,7.4,3.5,14174000
2014-01-29,8500.0,18.1,8.6,14174000
2014-01-30,13400.0,0.3,6.0,14174000
2014-01-31,14700.0,1.4,3.7,14174000
2014-02-01,13700.0,0.5,3.8,14174000
2014-02-02,12600.0,0.0,3.7,14174000
2014-02-03,11800.0,1.3,2.2,14174000
2014-02-04,11300.0,1.5,1.4,14174000
2014-02-05,10800.0,0.2,-0.2,14174000
2014-02-06,10200.0,5.8,-1.5,14174000
2014-02-07,9860.0,15.6,0.7,14174000
2014-02-08,11100.0,23.0,1.4,14174000
2014-02-09,19400.0,6.3,4.8,14174000
2014-02-10,25700.0,1.1,3.5,14174000
2014-02-11,29300.0,6.2,7.0,14174000
2014-02-12,37600.0,28.3,9.2,14174000
2014-02-13,47800.0,4.5,9.7,14174000
2014-02-14,54600.0,36.8,9.8,14174000
2014-02-15,57200.0,19.7,7.8,14174000
2014-02-16,64400.0,13.5,6.4,14174000
2014-02-17,66700.0,18.6,8.2,14174000
2014-02-18,64400.0,16.7,8.0,14174000
2014-02-19,61300.0,10.5,4.6,14174000
2014-02-20,63400.0,10.6,5.9,14174000
2014-02-21,64000.0,0.6,6.9,14174000
2014-02-22,59300.0,0.0,3.9,14174000
2014-02-23,53100.0,0.0,5.2,14174000
2014-02-24,47500.0,1.3,8.0,14174000
2014-02-25,42900.0,0.1,8.5,14174000
2014-02-26,36100.0,0.0,7.2,14174000
2014-02-27,31400.0,4.6,8.0,14174000
2014-02-28,28700.0,1.1,8.5,14174000
2014-03-01,26400.0,7.6,9.8,14174000
2014-03-02,25700.0,9.4,9.1,14174000
2014-03-03,29300.0,12.7,10.4,14174000
2014-03-04,33300.0,1.0,10.8,14174000
2014-03-05,35200.0,17.7,11.7,14174000
2014-03-06,41200.0,30.1,10.4,14174000
2014-03-07,46800.0,1.6,10.0,14174000
2014-03-08,47900.0,0.8,9.3,14174000
2014-03-09,45200.0,21.4,11.4,14174000
2014-03-10,47900.0,9.0,8.9,14174000
2014-03-11,54200.0,0.4,6.6,14174000
2014-03-12,54100.0,0.0,7.3,14174000
2014-03-13,44500.0,0.0,9.1,14174000
2014-03-14,37800.0,5.1,9.9,14174000
2014-03-15,33900.0,0.0,9.2,14174000
2014-03-16,30200.0,0.0,11.1,14174000
2014-03-17,27500.0,12.1,6.6,14174000
2014-03-18,25000.0,0.0,6.4,14174000
2014-03-19,21500.0,0.0,6.8,14174000
2014-03-20,18200.0,0.1,5.8,14174000
2014-03-21,14500.0,0.0,4.8,14174000
2014-03-22,12600.0,0.0,5.5,14174000
2014-03-23,11500.0,0.0,7.4,14174000
2014-03-24,10900.0,0.0,9.9,14174000
2014-03-25,10500.0,17.2,10.1,14174000
2014-03-26,10700.0,14.9,7.9,14174000
2014-03-27,12900.0,21.7,7.7,14174000
2014-03-28,18400.0,29.8,8.9,14174000
2014-03-29,29300.0,16.1,8.7,14174000
2014-03-30,38700.0,11.8,7.2,14174000
2014-03-31,33500.0,2.6,6.2,14174000
2014-04-01,29800.0,5.7,6.7,14174000
2014-04-02,28000.0,0.0,8.0,14174000
2014-04-03,25300.0,0.4,8.0,14174000
2014-04-04,22500.0,9.0,8.6,14174000
2014-04-05,20400.0,9.1,9.2,14174000
2014-04-06,19800.0,5.0,10.8,14174000
2014-04-07,19600.0,0.0,12.3,14174000
2014-04-08,18000.0,0.0,12.5,14174000
2014-04-09,16900.0,0.1,12.0,14174000
2014-04-10,15800.0,0.0,9.1,14174000
2014-04-11,14800.0,0.0,9.5,14174000
2014-04-12,13600.0,0.0,9.6,14174000
2014-04-13,12500.0,0.0,10.5,14174000
2014-04-14,12000.0,0.0,11.9,14174000
2014-04-15,11600.0,0.0,9.7,14174000
2014-04-16,11200.0,0.0,10.4,14174000
2014-04-17,11100.0,7.2,10.0,14174000
2014-04-18,11300.0,1.6,8.4,14174000
2014-04-19,11200.0,4.0,8.9,14174000
2014-04-20,10800.0,0.0,10.4,14174000
2014-04-21,10500.0,0.7,11.1,14174000
2014-04-22,10300.0,15.3,8.5,14174000
2014-04-23,10800.0,16.5,7.8,14174000
2014-04-24,12800.0,27.6,10.5,14174000
2014-04-25,18700.0,7.1,8.1,14174000
2014-04-26,20000.0,2.1,6.9,14174000
2014-04-27,18500.0,19.8,7.9,14174000
2014-04-28,18300.0,3.2,8.2,14174000
2014-04-29,17500.0,0.0,13.5,14174000
2014-04-30,15700.0,0.0,16.2,14174000
2014-05-01,14400.0,0.0,18.5,14174000
2014-05-02,13500.0,0.0,15.5,14174000
2014-05-03,12100.0,1.1,12.7,14174000
2014-05-04,11000.0,16.6,11.5,14174000
2014-05-05,11300.0,11.8,10.3,14174000
2014-05-06,11800.0,1.7,10.4,14174000
2014-05-07,11100.0,0.0,9.9,14174000
2014-05-08,10400.0,7.3,10.5,14174000
2014-05-09,10800.0,22.8,9.9,14174000
2014-05-10,16900.0,12.0,9.1,14174000
2014-05-11,23300.0,0.0,10.9,14174000
2014-05-12,23600.0,0.0,13.2,14174000
2014-05-13,21300.0,0.0,16.0,14174000
2014-05-14,18200.0,0.0,18.3,14174000
2014-05-15,16000.0,0.0,19.9,14174000
2014-05-16,14700.0,0.0,14.3,14174000
2014-05-17,13000.0,0.1,13.7,14174000
2014-05-18,12000.0,13.8,12.6,14174000
2014-05-19,12500.0,7.5,12.4,14174000
2014-05-20,12700.0,0.3,13.7,14174000
2014-05-21,12300.0,0.0,13.4,14174000
2014-05-22,11600.0,0.0,15.7,14174000
2014-05-23,10800.0,1.5,16.6,14174000
2014-05-24,10400.0,0.0,15.1,14174000
2014-05-25,10200.0,0.0,15.0,14174000
2014-05-26,9940.0,0.2,14.8,14174000
2014-05-27,9710.0,0.0,12.5,14174000
2014-05-28,9370.0,5.8,11.7,14174000
2014-05-29,8710.0,0.8,12.1,14174000
2014-05-30,8020.0,0.0,13.2,14174000
2014-05-31,7660.0,0.0,14.8,14174000
2014-06-01,7540.0,0.0,14.0,14174000
2014-06-02,7310.0,0.0,15.3,14174000
2014-06-03,7200.0,0.0,14.2,14174000
2014-06-04,7690.0,0.0,13.4,14174000
2014-06-05,7850.0,0.0,15.0,14174000
2014-06-06,7930.0,0.0,15.4,14174000
2014-06-07,8770.0,0.0,16.8,14174000
2014-06-08,9090.0,0.0,17.4,14174000
2014-06-09,9060.0,0.0,17.8,14174000
2014-06-10,9010.0,0.0,15.5,14174000
2014-06-11,8950.0,0.0,16.7,14174000
2014-06-12,8860.0,1.2,14.9,14174000
2014-06-13,8880.0,6.0,13.3,14174000
2014-06-14,9000.0,0.0,13.5,14174000
2014-06-15,8040.0,0.1,13.5,14174000
2014-06-16,7500.0,2.8,11.7,14174000
2014-06-17,7320.0,0.3,12.0,14174000
2014-06-18,7200.0,0.0,14.5,14174000
2014-06-19,7000.0,0.0,15.9,14174000
2014-06-20,6870.0,0.6,15.9,14174000
2014-06-21,6790.0,0.0,14.8,14174000
2014-06-22,6970.0,0.0,17.1,14174000
2014-06-23,7150.0,0.0,18.4,14174000
2014-06-24,7400.0,0.4,16.5,14174000
2014-06-25,7490.0,0.7,18.2,14174000
2014-06-26,8380.0,12.1,15.2,14174000
2014-06-27,8280.0,10.2,15.7,14174000
2014-06-28,7680.0,0.3,16.1,14174000
2014-06-29,7270.0,0.0,15.9,14174000
2014-06-30,7000.0,0.0,17.5,14174000
2014-07-01,6910.0,0.0,21.7,14174000
2014-07-02,6650.0,0.0,19.4,14174000
2014-07-03,6090.0,0.0,17.3,14174000
2014-07-04,5660.0,0.0,18.0,14174000
2014-07-05,5500.0,0.0,19.6,14174000
2014-07-06,5430.0,0.0,21.3,14174000
2014-07-07,5360.0,0.0,22.4,14174000
2014-07-08,5240.0,0.0,23.2,14174000
2014-07-09,5190.0,0.0,21.9,14174000
2014-07-10,5130.0,0.0,20.0,14174000
2014-07-11,5080.0,0.0,22.0,14174000
2014-07-12,5020.0,0.0,21.9,14174000
2014-07-13,5070.0,0.0,21.1,14174000
2014-07-14,5080.0,0.0,19.7,14174000
2014-07-15,5040.0,0.0,22.9,14174000
2014-07-16,4970.0,0.0,24.0,14174000
2014-07-17,4910.0,0.0,20.8,14174000
2014-07-18,4840.0,0.0,19.2,14174000
2014-07-19,4790.0,0.0,22.3,14174000
2014-07-20,4820.0,0.0,20.9,14174000
2014-07-21,4790.0,0.0,18.2,14174000
2014-07-22,4800.0,2.6,19.7,14174000
2014-07-23,5010.0,5.6,17.1,14174000
2014-07-24,5180.0,2.5,15.9,14174000
2014-07-25,5190.0,0.0,17.5,14174000
2014-07-26,5030.0,0.0,19.1,14174000
2014-07-27,4930.0,0.0,20.9,14174000
2014-07-28,4880.0,0.0,23.2,14174000
2014-07-29,4800.0,0.0,23.6,14174000
2014-07-30,4950.0,0.0,22.4,14174000
2014-07-31,5050.0,0.0,23.9,14174000
2014-08-01,5300.0,0.0,24.5,14174000
2014-08-02,5590.0,0.0,22.7,14174000
2014-08-03,5590.0,0.0,22.3,14174000
2014-08-04,5610.0,0.0,23.8,14174000
2014-08-05,5660.0,0.0,21.3,14174000
2014-08-06,5750.0,0.0,20.6,14174000
2014-08-07,5720.0,0.0,21.0,14174000
2014-08-08,5660.0,0.0,19.5,14174000
2014-08-09,5650.0,0.0,20.2,14174000
2014-08-10,5640.0,0.0,23.2,14174000
2014-08-11,5650.0,0.0,28.0,14174000
2014-08-12,5650.0,3.0,22.0,14174000
2014-08-13,5710.0,0.0,18.0,14174000
2014-08-14,5730.0,3.6,18.8,14174000
2014-08-15,5770.0,0.0,19.4,14174000
2014-08-16,5770.0,0.0,20.4,14174000
2014-08-17,5760.0,0.0,22.7,14174000
2014-08-18,5680.0,0.0,22.8,14174000
2014-08-19,5660.0,0.0,22.2,14174000
2014-08-20,5630.0,0.0,19.9,14174000
2014-08-21,5530.0,0.0,18.3,14174000
2014-08-22,5530.0,0.8,19.7,14174000
2014-08-23,5480.0,0.0,20.4,14174000
2014-08-24,5450.0,0.0,22.0,14174000
2014-08-25,5460.0,0.0,21.3,14174000
2014-08-26,5470.0,0.0,24.8,14174000
2014-08-27,5450.0,0.0,23.0,14174000
2014-08-28,5450.0,0.0,21.8,14174000
2014-08-29,5440.0,0.0,20.2,14174000
2014-08-30,5450.0,1.6,18.0,14174000
2014-08-31,5520.0,0.0,17.7,14174000
2014-09-01,5570.0,0.0,19.0,14174000
2014-09-02,5520.0,0.0,19.4,14174000
2014-09-03,5440.0,0.0,17.6,14174000
2014-09-04,5380.0,0.0,18.5,14174000
2014-09-05,5340.0,0.0,22.5,14174000
2014-09-06,5330.0,0.0,23.7,14174000
2014-09-07,5600.0,0.0,20.1,14174000
2014-09-08,5710.0,0.0,18.8,14174000
2014-09-09,5650.0,0.0,17.8,14174000
2014-09-10,5190.0,0.0,17.3,14174000
2014-09-11,5650.0,0.0,20.5,14174000
2014-09-12,5380.0,0.0,20.5,14174000
2014-09-13,5530.0,0.0,22.3,14174000
2014-09-14,5640.0,0.0,22.2,14174000
2014-09-15,5590.0,0.0,22.7,14174000
2014-09-16,5590.0,0.0,18.0,14174000
2014-09-17,5600.0,0.6,18.7,14174000
2014-09-18,5610.0,0.7,17.4,14174000
2014-09-19,5610.0,0.0,19.3,14174000
2014-09-20,5420.0,0.0,21.6,14174000
2014-09-21,5380.0,0.0,21.4,14174000
2014-09-22,5350.0,0.0,17.4,14174000
2014-09-23,5370.0,0.7,18.1,14174000
2014-09-24,5750.0,35.4,16.7,14174000
2014-09-25,6140.0,1.9,15.7,14174000
2014-09-26,5980.0,3.9,15.6,14174000
2014-09-27,5810.0,0.0,15.0,14174000
2014-09-28,5660.0,0.0,15.5,14174000
2014-09-29,5600.0,0.6,15.2,14174000
2014-09-30,5810.0,1.0,13.6,14174000
2014-10-01,6100.0,0.1,13.8,14174000
2014-10-02,6240.0,0.0,12.7,14174000
2014-10-03,6460.0,0.0,15.2,14174000
2014-10-04,6590.0,0.0,19.0,14174000
2014-10-05,6640.0,0.0,18.9,14174000
2014-10-06,6830.0,0.0,19.8,14174000
2014-10-07,7010.0,0.0,20.2,14174000
2014-10-08,6970.0,0.0,18.1,14174000
2014-10-09,6770.0,0.0,16.8,14174000
2014-10-10,6720.0,0.0,15.3,14174000
2014-10-11,6650.0,1.9,16.2,14174000
2014-10-12,6690.0,0.0,14.6,14174000
2014-10-13,6640.0,0.0,14.1,14174000
2014-10-14,6830.0,19.1,14.6,14174000
2014-10-15,7240.0,13.0,12.2,14174000
2014-10-16,7280.0,0.4,13.1,14174000
2014-10-17,7340.0,3.7,14.2,14174000
2014-10-18,7330.0,7.9,15.1,14174000
2014-10-19,7270.0,0.0,16.2,14174000
2014-10-20,7280.0,16.4,15.1,14174000
2014-10-21,7590.0,8.9,12.3,14174000
2014-10-22,8130.0,28.2,13.1,14174000
2014-10-23,8650.0,26.8,13.3,14174000
2014-10-24,10000.0,3.8,11.3,14174000
2014-10-25,9070.0,10.1,10.4,14174000
2014-10-26,8720.0,19.5,10.6,14174000
2014-10-27,10100.0,0.8,9.9,14174000
2014-10-28,10000.0,4.5,11.7,14174000
2014-10-29,9920.0,1.8,13.5,14174000
2014-10-30,11000.0,2.7,13.8,14174000
2014-10-31,11300.0,26.1,12.5,14174000
2014-11-01,13400.0,1.0,9.1,14174000
2014-11-02,12400.0,1.8,7.7,14174000
2014-11-03,11100.0,9.0,10.4,14174000
2014-11-04,10500.0,11.7,11.9,14174000
2014-11-05,10200.0,0.0,12.9,14174000
2014-11-06,9970.0,3.7,13.2,14174000
2014-11-07,9310.0,0.1,10.5,14174000
2014-11-08,8900.0,0.0,7.9,14174000
2014-11-09,8500.0,0.7,8.5,14174000
2014-11-10,8220.0,0.0,8.6,14174000
2014-11-11,7950.0,0.0,6.2,14174000
2014-11-12,7610.0,0.0,3.9,14174000
2014-11-13,8160.0,14.5,4.6,14174000
2014-11-14,11500.0,42.5,4.9,14174000
2014-11-15,24200.0,0.0,1.0,14174000
2014-11-16,20300.0,0.0,-0.3,14174000
2014-11-17,16200.0,0.0,0.0,14174000
2014-11-18,15500.0,0.0,0.4,14174000
2014-11-19,17800.0,0.2,2.5,14174000
2014-11-20,19700.0,7.1,8.4,14174000
2014-11-21,21000.0,8.2,7.5,14174000
2014-11-22,22000.0,30.5,9.9,14174000
2014-11-23,29200.0,2.0,7.5,14174000
2014-11-24,28400.0,1.5,8.3,14174000
2014-11-25,25500.0,4.3,11.7,14174000
2014-11-26,21800.0,0.0,10.1,14174000
2014-11-27,20800.0,9.7,11.2,14174000
2014-11-28,21900.0,16.5,10.4,14174000
2014-11-29,28700.0,13.8,6.8,14174000
2014-11-30,38200.0,0.0,0.8,14174000
2014-12-01,34500.0,11.9,2.2,14174000
2014-12-02,32200.0,13.3,4.7,14174000
2014-12-03,33700.0,0.0,5.1,14174000
2014-12-04,31800.0,13.0,7.5,14174000
2014-12-05,32900.0,7.6,9.5,14174000
2014-12-06,32600.0,12.3,10.0,14174000
2014-12-07,31600.0,0.0,7.6,14174000
2014-12-08,27700.0,0.4,8.7,14174000
2014-12-09,24100.0,5.4,12.7,14174000
2014-12-10,21300.0,14.8,11.4,14174000
2014-12-11,23900.0,15.1,9.0,14174000
2014-12-12,24600.0,3.4,9.1,14174000
2014-12-13,21200.0,0.6,5.4,14174000
2014-12-14,18700.0,0.0,4.3,14174000
2014-12-15,16900.0,4.8,4.8,14174000
2014-12-16,15300.0,3.3,6.7,14174000
2014-12-17,13300.0,2.4,6.9,14174000
2014-12-18,12100.0,0.4,7.6,14174000
2014-12-19,12400.0,19.2,8.9,14174000
2014-12-20,16500.0,46.5,8.8,14174000
2014-12-21,31200.0,30.1,12.0,14174000
2014-12-22,49400.0,4.1,11.1,14174000
2014-12-23,58200.0,0.0,10.0,14174000
2014-12-24,59300.0,20.9,7.7,14174000
2014-12-25,61100.0,0.3,4.1,14174000
2014-12-26,62200.0,0.2,5.4,14174000
2014-12-27,58900.0,1.7,5.2,14174000
2014-12-28,54100.0,7.9,5.9,14174000
2014-12-29,51800.0,4.8,3.7,14174000
2014-12-30,49800.0,0.0,-1.5,14174000
2014-12-31,46100.0,0.0,-3.3,14174000
2015-01-01,42300.0,0.0,-2.2,14174000
2015-01-02,39400.0,0.0,-0.2,14174000
2015-01-03,36200.0,0.0,2.3,14174000
2015-01-04,31000.0,3.1,4.3,14174000
2015-01-05,26300.0,0.0,8.3,14174000
2015-01-06,22200.0,0.0,7.2,14174000
2015-01-07,19100.0,0.0,6.9,14174000
2015-01-08,16500.0,0.0,6.1,14174000
2015-01-09,15000.0,0.0,5.1,14174000
2015-01-10,14300.0,0.0,5.2,14174000
2015-01-11,13700.0,1.2,7.4,14174000
2015-01-12,13800.0,4.6,7.4,14174000
2015-01-13,14000.0,0.0,6.7,14174000
2015-01-14,13300.0,0.0,3.6,14174000
2015-01-15,12500.0,0.6,3.5,14174000
2015-01-16,13300.0,18.1,8.5,14174000
2015-01-17,17700.0,26.1,7.7,14174000
2015-01-18,28300.0,18.2,11.0,14174000
2015-01-19,34800.0,5.7,6.8,14174000
2015-01-20,29000.0,0.0,4.2,14174000
2015-01-21,25200.0,0.0,2.9,14174000
2015-01-22,22700.0,0.0,5.7,14174000
2015-01-23,20500.0,0.9,7.2,14174000
2015-01-24,19300.0,0.0,8.0,14174000
2015-01-25,18500.0,0.0,10.0,14174000
2015-01-26,17900.0,0.0,8.8,14174000
2015-01-27,16900.0,0.0,8.1,14174000
2015-01-28,15300.0,0.0,8.8,14174000
2015-01-29,13700.0,0.0,8.5,14174000
2015-01-30,12600.0,0.0,6.0,14174000
2015-01-31,11800.0,0.0,5.4,14174000
2015-02-01,10400.0,3.6,6.1,14174000
2015-02-02,9660.0,10.4,9.3,14174000
2015-02-03,10400.0,12.3,8.5,14174000
2015-02-04,13600.0,5.8,9.0,14174000
2015-02-05,14400.0,4.0,10.8,14174000
2015-02-06,17000.0,29.6,11.6,14174000
2015-02-07,27300.0,25.1,11.0,14174000
2015-02-08,37600.0,10.0,10.0,14174000
2015-02-09,38200.0,25.7,9.0,14174000
2015-02-10,37900.0,13.0,9.3,14174000
2015-02-11,35600.0,0.0,8.5,14174000
2015-02-12,29200.0,0.0,9.3,14174000
2015-02-13,24300.0,0.0,9.4,14174000
2015-02-14,21200.0,0.0,8.2,14174000
2015-02-15,18500.0,0.0,7.1,14174000
2015-02-16,15800.0,0.0,7.5,14174000
2015-02-17,13500.0,0.0,7.7,14174000
2015-02-18,11700.0,0.0,9.2,14174000
2015-02-19,10500.0,0.0,8.3,14174000
2015-02-20,9770.0,0.0,8.8,14174000
2015-02-21,9180.0,0.0,6.7,14174000
2015-02-22,8710.0,0.0,6.0,14174000
2015-02-23,8360.0,0.0,3.9,14174000
2015-02-24,8120.0,0.0,6.2,14174000
2015-02-25,7840.0,0.0,7.0,14174000
2015-02-26,7630.0,0.6,8.0,14174000
2015-02-27,7650.0,14.6,8.4,14174000
2015-02-28,8370.0,2.9,5.7,14174000
2015-03-01,8210.0,0.0,4.8,14174000
2015-03-02,7720.0,0.5,6.8,14174000
2015-03-03,7490.0,0.0,5.8,14174000
2015-03-04,7270.0,0.0,5.1,14174000
2015-03-05,7080.0,0.0,7.2,14174000
2015-03-06,6910.0,0.0,9.1,14174000
2015-03-07,6730.0,0.0,9.6,14174000
2015-03-08,6640.0,0.0,9.7,14174000
2015-03-09,6520.0,0.0,10.5,14174000
2015-03-10,6450.0,0.0,10.8,14174000
2015-03-11,6370.0,3.6,11.8,14174000
2015-03-12,6420.0,4.7,12.4,14174000
2015-03-13,6420.0,0.0,12.4,14174000
2015-03-14,6350.0,20.2,12.3,14174000
2015-03-15,8380.0,27.2,11.5,14174000
2015-03-16,11300.0,0.0,9.0,14174000
2015-03-17,10200.0,0.1,9.8,14174000
2015-03-18,8950.0,0.0,9.9,14174000
2015-03-19,8160.0,0.0,10.6,14174000
2015-03-20,7660.0,0.1,10.9,14174000
2015-03-21,7670.0,12.4,10.8,14174000
2015-03-22,8040.0,4.3,9.5,14174000
2015-03-23,8200.0,15.9,7.4,14174000
2015-03-24,10800.0,15.7,8.4,14174000
2015-03-25,12400.0,1.0,11.6,14174000
2015-03-26,10900.0,0.0,12.7,14174000
2015-03-27,9780.0,0.0,12.9,14174000
2015-03-28,9010.0,3.1,10.7,14174000
2015-03-29,8650.0,0.0,11.3,14174000
2015-03-30,8130.0,0.0,11.6,14174000
2015-03-31,7830.0,11.4,10.1,14174000
2015-04-01,8200.0,10.6,6.8,14174000
2015-04-02,8480.0,3.2,7.1,14174000
2015-04-03,8300.0,4.1,7.0,14174000
2015-04-04,8110.0,1.3,5.9,14174000
2015-04-05,7830.0,0.5,7.0,14174000
2015-04-06,7720.0,3.2,6.3,14174000
2015-04-07,7740.0,3.9,6.8,14174000
2015-04-08,7570.0,4.4,8.1,14174000
2015-04-09,7930.0,1.9,9.3,14174000
2015-04-10,7800.0,0.0,10.0,14174000
2015-04-11,7560.0,8.6,9.4,14174000
2015-04-12,7610.0,0.2,7.8,14174000
2015-04-13,7560.0,2.7,8.6,14174000
2015-04-14,7720.0,11.0,5.7,14174000
2015-04-15,8870.0,0.7,6.6,14174000
2015-04-16,8990.0,0.0,8.3,14174000
2015-04-17,8620.0,0.0,12.2,14174000
2015-04-18,8160.0,0.0,11.8,14174000
2015-04-19,7690.0,0.0,13.9,14174000
2015-04-20,7330.0,0.0,14.9,14174000
2015-04-21,7050.0,0.0,12.5,14174000
2015-04-22,6830.0,0.0,9.3,14174000
2015-04-23,6550.0,1.4,7.9,14174000
2015-04-24,6430.0,6.3,7.5,14174000
2015-04-25,6460.0,8.0,8.5,14174000
2015-04-26,6680.0,2.1,8.6,14174000
2015-04-27,6680.0,0.0,13.2,14174000
2015-04-28,6450.0,0.0,14.4,14174000
2015-04-29,6300.0,0.1,10.2,14174000
2015-04-30,6130.0,0.0,10.5,14174000
2015-05-01,5920.0,0.0,12.6,14174000
2015-05-02,5780.0,0.0,12.1,14174000
2015-05-03,5820.0,0.0,12.2,14174000
2015-05-04,5790.0,0.0,11.6,14174000
2015-05-05,5770.0,0.9,10.9,14174000
2015-05-06,5710.0,1.7,10.2,14174000
2015-05-07,5650.0,4.3,10.6,14174000
2015-05-08,5610.0,0.0,13.7,14174000
2015-05-09,5530.0,0.0,16.7,14174000
2015-05-10,5440.0,0.0,14.6,14174000
2015-05-11,5390.0,0.0,12.1,14174000
2015-05-12,5640.0,6.8,9.7,14174000
2015-05-13,6040.0,4.6,9.9,14174000
2015-05-14,5940.0,0.2,11.8,14174000
2015-05-15,5730.0,0.3,12.2,14174000
2015-05-16,5700.0,0.3,12.3,14174000
2015-05-17,5630.0,0.1,12.7,14174000
2015-05-18,5580.0,0.0,14.1,14174000
2015-05-19,5520.0,0.0,13.1,14174000
2015-05-20,5540.0,0.1,14.7,14174000
2015-05-21,5540.0,5.2,15.2,14174000
2015-05-22,5550.0,0.0,13.0,14174000
2015-05-23,5990.0,0.2,12.5,14174000
2015-05-24,6060.0,0.0,13.2,14174000
2015-05-25,5870.0,0.0,13.7,14174000
2015-05-26,5670.0,0.0,13.8,14174000
2015-05-27,5530.0,0.0,15.6,14174000
2015-05-28,5460.0,0.0,18.1,14174000
2015-05-29,5320.0,0.0,17.5,14174000
2015-05-30,5310.0,0.0,16.9,14174000
2015-05-31,5310.0,0.0,17.8,14174000
2015-06-01,5390.0,7.7,14.9,14174000
2015-06-02,5470.0,4.7,12.3,14174000
2015-06-03,5540.0,0.9,13.3,14174000
2015-06-04,5530.0,0.0,14.3,14174000
2015-06-05,5340.0,0.0,17.0,14174000
2015-06-06,5180.0,0.0,20.9,14174000
2015-06-07,5050.0,0.0,21.9,14174000
2015-06-08,4940.0,0.0,23.1,14174000
2015-06-09,4790.0,0.0,24.1,14174000
2015-06-10,4660.0,0.0,19.2,14174000
2015-06-11,4600.0,0.0,17.1,14174000
2015-06-12,4690.0,0.0,17.6,14174000
2015-06-13,4760.0,0.0,15.8,14174000
2015-06-14,4730.0,0.0,17.1,14174000
2015-06-15,4760.0,0.0,18.6,14174000
2015-06-16,4700.0,0.0,16.4,14174000
2015-06-17,4770.0,0.0,17.8,14174000
2015-06-18,4660.0,0.0,19.3,14174000
2015-06-19,4550.0,0.0,16.9,14174000
2015-06-20,4440.0,0.0,19.6,14174000
2015-06-21,4390.0,0.0,21.0,14174000
2015-06-22,4360.0,0.0,17.2,14174000
2015-06-23,4330.0,0.0,18.8,14174000
2015-06-24,4280.0,0.0,20.6,14174000
2015-06-25,4200.0,0.0,22.4,14174000
2015-06-26,4090.0,0.0,24.8,14174000
2015-06-27,4120.0,0.0,28.0,14174000
2015-06-28,4140.0,0.0,23.9,14174000
2015-06-29,4140.0,0.0,21.8,14174000
2015-06-30,4090.0,0.0,22.0,14174000
2015-07-01,4030.0,0.0,25.2,14174000
2015-07-02,3980.0,0.0,26.0,14174000
2015-07-03,3940.0,0.0,26.0,14174000
2015-07-04,3920.0,0.0,23.2,14174000
2015-07-05,3920.0,0.0,23.4,14174000
2015-07-06,3910.0,0.0,21.7,14174000
2015-07-07,3890.0,0.0,20.1,14174000
2015-07-08,3880.0,0.0,20.3,14174000
2015-07-09,3860.0,0.0,19.6,14174000
2015-07-10,3880.0,0.1,18.4,14174000
2015-07-11,3940.0,0.0,18.1,14174000
2015-07-12,3910.0,0.1,19.1,14174000
2015-07-13,3880.0,0.0,19.7,14174000
2015-07-14,3820.0,0.0,20.5,14174000
2015-07-15,3790.0,0.0,19.8,14174000
2015-07-16,3760.0,0.0,19.7,14174000
2015-07-17,3750.0,0.0,19.2,14174000
2015-07-18,3740.0,0.0,25.3,14174000
2015-07-19,3740.0,0.0,25.2,14174000
2015-07-20,3770.0,0.0,21.3,14174000
2015-07-21,3730.0,0.0,20.7,14174000
2015-07-22,3720.0,0.0,18.0,14174000
2015-07-23,3700.0,0.0,18.8,14174000
2015-07-24,3690.0,0.0,18.7,14174000
2015-07-25,3700.0,0.3,18.2,14174000
2015-07-26,3720.0,0.0,17.4,14174000
2015-07-27,3730.0,0.0,17.9,14174000
2015-07-28,3740.0,0.0,20.0,14174000
2015-07-29,3750.0,0.0,25.1,14174000
2015-07-30,3770.0,0.0,28.5,14174000
2015-07-31,3770.0,0.0,28.7,14174000
2015-08-01,3780.0,0.0,27.5,14174000
2015-08-02,3810.0,0.0,24.6,14174000
2015-08-03,3900.0,0.0,23.4,14174000
2015-08-04,3940.0,0.0,21.4,14174000
2015-08-05,3950.0,0.0,19.3,14174000
2015-08-06,3940.0,0.0,19.4,14174000
2015-08-07,3930.0,0.0,21.0,14174000
2015-08-08,3960.0,0.0,19.8,14174000
2015-08-09,4130.0,0.0,20.7,14174000
2015-08-10,4180.0,0.0,20.6,14174000
2015-08-11,4170.0,0.0,20.5,14174000
2015-08-12,4140.0,0.0,21.3,14174000
2015-08-13,4120.0,0.0,20.7,14174000
2015-08-14,4070.0,0.5,18.8,14174000
2015-08-15,4080.0,0.1,18.5,14174000
2015-08-16,4070.0,0.0,19.6,14174000
2015-08-17,4050.0,0.0,21.6,14174000
2015-08-18,3980.0,0.0,24.5,14174000
2015-08-19,3940.0,0.0,26.1,14174000
2015-08-20,3900.0,0.0,21.2,14174000
2015-08-21,3800.0,0.0,18.2,14174000
2015-08-22,3770.0,0.0,20.0,14174000
2015-08-23,3750.0,0.0,23.2,14174000
2015-08-24,3770.0,0.0,19.7,14174000
2015-08-25,3770.0,0.0,19.0,14174000
2015-08-26,3770.0,0.0,20.5,14174000
2015-08-27,3760.0,0.0,20.1,14174000
2015-08-28,3740.0,1.1,21.3,14174000
2015-08-29,3740.0,5.8,21.2,14174000
2015-08-30,3750.0,7.8,17.2,14174000
2015-08-31,3760.0,0.0,17.2,14174000
2015-09-01,3810.0,0.0,17.7,14174000
2015-09-02,3780.0,1.3,17.2,14174000
2015-09-03,3800.0,0.0,15.1,14174000
2015-09-04,3840.0,0.0,14.4,14174000
2015-09-05,3890.0,2.0,13.3,14174000
2015-09-06,3900.0,0.6,13.9,14174000
2015-09-07,3920.0,0.0,15.4,14174000
2015-09-08,3900.0,0.0,17.6,14174000
2015-09-09,3850.0,0.0,19.8,14174000
2015-09-10,3820.0,0.0,20.1,14174000
2015-09-11,3810.0,0.0,22.3,14174000
2015-09-12,3800.0,0.0,21.9,14174000
2015-09-13,3830.0,0.0,19.4,14174000
2015-09-14,3850.0,0.6,15.2,14174000
2015-09-15,3890.0,0.0,12.8,14174000
2015-09-16,3960.0,1.3,14.1,14174000
2015-09-17,4100.0,13.1,14.8,14174000
2015-09-18,4420.0,0.1,15.6,14174000
2015-09-19,4380.0,0.0,16.6,14174000
2015-09-20,4260.0,0.0,17.9,14174000
2015-09-21,4160.0,0.6,16.8,14174000
2015-09-22,4090.0,0.0,14.0,14174000
2015-09-23,4070.0,0.0,14.2,14174000
2015-09-24,4060.0,0.0,16.8,14174000
2015-09-25,4070.0,0.3,16.4,14174000
2015-09-26,4070.0,0.0,16.3,14174000
2015-09-27,4080.0,0.0,13.7,14174000
2015-09-28,4090.0,0.0,14.6,14174000
2015-09-29,4080.0,0.0,17.2,14174000
2015-09-30,4190.0,0.0,14.7,14174000
2015-10-01,4360.0,0.0,15.3,14174000
2015-10-02,4400.0,0.0,15.0,14174000
2015-10-03,4390.0,0.3,14.2,14174000
2015-10-04,4420.0,0.0,16.5,14174000
2015-10-05,4450.0,0.0,18.1,14174000
2015-10-06,4430.0,0.0,17.6,14174000
2015-10-07,4420.0,0.2,16.9,14174000
2015-10-08,4400.0,0.0,17.9,14174000
2015-10-09,4340.0,0.0,17.8,14174000
2015-10-10,4530.0,3.6,18.2,14174000
2015-10-11,4620.0,3.7,15.5,14174000
2015-10-12,4610.0,0.0,14.9,14174000
2015-10-13,4560.0,0.0,15.5,14174000
2015-10-14,4520.0,0.0,14.9,14174000
2015-10-15,4610.0,0.0,15.2,14174000
2015-10-16,5090.0,0.0,16.4,14174000
2015-10-17,5740.0,4.6,14.8,14174000
2015-10-18,5850.0,0.6,14.8,14174000
2015-10-19,5900.0,3.8,13.8,14174000
2015-10-20,5900.0,0.0,13.4,14174000
2015-10-21,5700.0,0.0,12.4,14174000
2015-10-22,5570.0,0.0,12.8,14174000
2015-10-23,5420.0,0.0,10.2,14174000
2015-10-24,5240.0,0.0,13.3,14174000
2015-10-25,5220.0,11.3,12.0,14174000
2015-10-26,5290.0,1.4,12.4,14174000
2015-10-27,5350.0,0.0,10.7,14174000
2015-10-28,5390.0,10.1,13.2,14174000
2015-10-29,5380.0,1.6,13.4,14174000
2015-10-30,5430.0,5.1,12.9,14174000
2015-10-31,5530.0,6.8,15.1,14174000
2015-11-01,6180.0,30.0,13.1,14174000
2015-11-02,7590.0,5.9,10.6,14174000
2015-11-03,7210.0,1.4,8.9,14174000
2015-11-04,7000.0,0.0,7.2,14174000
2015-11-05,6490.0,2.9,8.4,14174000
2015-11-06,5810.0,0.0,9.1,14174000
2015-11-07,5050.0,5.4,9.2,14174000
2015-11-08,4950.0,17.0,9.6,14174000
2015-11-09,5570.0,1.4,7.0,14174000
2015-11-10,6310.0,0.3,5.9,14174000
2015-11-11,6030.0,5.7,8.2,14174000
2015-11-12,5740.0,0.1,7.1,14174000
2015-11-13,5640.0,2.6,10.5,14174000
2015-11-14,5610.0,0.0,12.0,14174000
2015-11-15,5750.0,15.5,8.9,14174000
2015-11-16,5790.0,3.9,3.8,14174000
2015-11-17,6090.0,9.1,9.4,14174000
2015-11-18,7090.0,13.5,8.5,14174000
2015-11-19,10400.0,26.9,9.7,14174000
2015-11-20,14900.0,0.0,6.9,14174000
2015-11-21,15100.0,0.0,3.9,14174000
2015-11-22,12300.0,0.0,2.6,14174000
2015-11-23,10400.0,0.0,2.6,14174000
2015-11-24,9230.0,14.1,4.6,14174000
2015-11-25,9100.0,0.3,2.3,14174000
2015-11-26,8650.0,0.0,0.3,14174000
2015-11-27,8230.0,0.0,-0.1,14174000
2015-11-28,7810.0,0.0,0.3,14174000
2015-11-29,7250.0,0.0,0.5,14174000
2015-11-30,6800.0,0.9,-0.4,14174000
2015-12-01,6600.0,0.0,1.8,14174000
2015-12-02,6750.0,12.0,5.1,14174000
2015-12-03,7500.0,8.1,7.6,14174000
2015-12-04,8680.0,13.4,7.5,14174000
2015-12-05,12700.0,2.1,6.1,14174000
2015-12-06,13300.0,16.2,9.2,14174000
2015-12-07,15400.0,41.3,10.9,14174000
2015-12-08,26900.0,8.7,13.5,14174000
2015-12-09,31900.0,25.3,12.2,14174000
2015-12-10,33900.0,29.6,8.3,14174000
2015-12-11,36100.0,18.3,5.9,14174000
2015-12-12,40300.0,18.5,6.6,14174000
2015-12-13,45400.0,35.6,6.1,14174000
2015-12-14,54500.0,10.2,3.3,14174000
2015-12-15,56900.0,0.0,2.4,14174000
2015-12-16,47800.0,1.7,4.7,14174000
2015-12-17,43400.0,41.3,7.3,14174000
2015-12-18,56300.0,27.2,8.8,14174000
2015-12-19,70700.0,4.6,5.3,14174000
2015-12-20,75300.0,12.5,5.4,14174000
2015-12-21,64100.0,29.0,6.3,14174000
2015-12-22,49800.0,8.7,5.4,14174000
2015-12-23,49000.0,15.6,4.4,14174000
2015-12-24,54600.0,9.8,2.9,14174000
2015-12-25,58700.0,1.6,1.9,14174000
2015-12-26,55300.0,0.0,-0.1,14174000
2015-12-27,49800.0,5.8,1.8,14174000
2015-12-28,46800.0,4.8,3.8,14174000
2015-12-29,45300.0,1.5,2.8,14174000
2015-12-30,37600.0,2.8,3.3,14174000
2015-12-31,28900.0,0.0,-0.9,14174000
2016-01-01,24300.0,0.0,-1.9,14174000
2016-01-02,23400.0,0.0,-2.4,14174000
2016-01-03,22000.0,4.6,-2.2,14174000
2016-01-04,20700.0,1.1,1.3,14174000
2016-01-05,19700.0,7.6,2.3,14174000
2016-01-06,18800.0,0.5,1.3,14174000
2016-01-07,17400.0,1.0,3.1,14174000
2016-01-08,15900.0,0.1,4.1,14174000
2016-01-09,14700.0,6.4,4.8,14174000
2016-01-10,13400.0,0.0,3.4,14174000
2016-01-11,12500.0,3.1,3.4,14174000
2016-01-12,12600.0,7.1,5.5,14174000
2016-01-13,16000.0,28.2,8.0,14174000
2016-01-14,20000.0,5.3,3.3,14174000
2016-01-15,23700.0,3.1,5.9,14174000
2016-01-16,24900.0,14.8,7.6,14174000
2016-01-17,29000.0,22.9,6.2,14174000
2016-01-18,39900.0,7.8,6.5,14174000
2016-01-19,46400.0,27.3,7.0,14174000
2016-01-20,48900.0,8.2,6.6,14174000
2016-01-21,51800.0,0.3,9.4,14174000
2016-01-22,49200.0,12.6,10.2,14174000
2016-01-23,46000.0,15.7,7.4,14174000
2016-01-24,42300.0,4.8,5.8,14174000
2016-01-25,39300.0,0.5,7.5,14174000
2016-01-26,35700.0,0.0,9.9,14174000
2016-01-27,32500.0,0.7,9.6,14174000
2016-01-28,30700.0,21.9,11.7,14174000
2016-01-29,33200.0,14.7,7.6,14174000
2016-01-30,38200.0,10.8,5.0,14174000
2016-01-31,40900.0,0.8,2.6,14174000
2016-02-01,36700.0,1.5,3.3,14174000
2016-02-02,31800.0,1.0,3.7,14174000
2016-02-03,26900.0,5.1,4.8,14174000
2016-02-04,23200.0,14.8,7.6,14174000
2016-02-05,22600.0,0.0,6.2,14174000
2016-02-06,21200.0,4.3,7.4,14174000
2016-02-07,19700.0,0.0,9.8,14174000
2016-02-08,18400.0,0.0,9.4,14174000
2016-02-09,17600.0,0.0,9.8,14174000
2016-02-10,16400.0,0.0,9.5,14174000
2016-02-11,15300.0,3.1,10.3,14174000
2016-02-12,14600.0,4.1,10.2,14174000
2016-02-13,14500.0,0.4,7.9,14174000
2016-02-14,15000.0,14.6,9.3,14174000
2016-02-15,20000.0,0.3,11.3,14174000
2016-02-16,20300.0,0.0,9.8,14174000
2016-02-17,18700.0,0.9,10.5,14174000
2016-02-18,19500.0,13.0,6.5,14174000
2016-02-19,22900.0,13.6,7.1,14174000
2016-02-20,25100.0,5.5,5.4,14174000
2016-02-21,22600.0,2.7,4.7,14174000
2016-02-22,20200.0,0.4,5.4,14174000
2016-02-23,17700.0,0.0,5.0,14174000
2016-02-24,15100.0,0.0,8.9,14174000
2016-02-25,13400.0,0.0,9.7,14174000
2016-02-26,12600.0,3.1,10.1,14174000
2016-02-27,12800.0,8.4,10.3,14174000
2016-02-28,13400.0,4.3,9.0,14174000
2016-02-29,13100.0,0.1,7.0,14174000
2016-03-01,12600.0,8.7,8.7,14174000
2016-03-02,12600.0,0.7,8.9,14174000
2016-03-03,13700.0,11.0,11.5,14174000
2016-03-04,14000.0,1.0,10.4,14174000
2016-03-05,15000.0,12.3,11.9,14174000
2016-03-06,16900.0,18.6,9.4,14174000
2016-03-07,19400.0,14.4,6.7,14174000
2016-03-08,18900.0,3.1,4.8,14174000
2016-03-09,18600.0,12.4,7.1,14174000
2016-03-10,21100.0,17.0,10.6,14174000
2016-03-11,21900.0,3.4,7.4,14174000
2016-03-12,20100.0,21.6,7.8,14174000
2016-03-13,23400.0,30.2,6.6,14174000
2016-03-14,30700.0,16.4,5.5,14174000
2016-03-15,38400.0,16.0,5.7,14174000
2016-03-16,38500.0,3.4,7.7,14174000
2016-03-17,34000.0,0.0,6.6,14174000
2016-03-18,30600.0,0.0,8.2,14174000
2016-03-19,31500.0,0.0,11.6,14174000
2016-03-20,30400.0,17.8,11.5,14174000
2016-03-21,31100.0,9.4,8.2,14174000
2016-03-22,32200.0,5.0,7.3,14174000
2016-03-23,32900.0,1.0,7.8,14174000
2016-03-24,30300.0,4.6,9.1,14174000
2016-03-25,26900.0,1.2,7.3,14174000
2016-03-26,24000.0,4.0,7.6,14174000
2016-03-27,22500.0,5.4,8.2,14174000
2016-03-28,20900.0,1.5,5.6,14174000
2016-03-29,19500.0,0.0,6.9,14174000
2016-03-30,17700.0,0.0,10.3,14174000
2016-03-31,16300.0,0.0,12.6,14174000
2016-04-01,14600.0,0.0,12.8,14174000
2016-04-02,12900.0,0.0,12.3,14174000
2016-04-03,12000.0,0.0,11.9,14174000
2016-04-04,11500.0,10.6,10.3,14174000
2016-04-05,11600.0,0.2,9.3,14174000
2016-04-06,11400.0,0.0,10.6,14174000
2016-04-07,11500.0,0.0,15.5,14174000
2016-04-08,11300.0,0.0,16.2,14174000
2016-04-09,10700.0,0.0,13.5,14174000
2016-04-10,10900.0,0.0,10.7,14174000
2016-04-11,11300.0,0.0,10.2,14174000
2016-04-12,11300.0,0.0,11.2,14174000
2016-04-13,11300.0,6.1,9.9,14174000
2016-04-14,11700.0,21.0,8.0,14174000
2016-04-15,14000.0,2.6,8.3,14174000
2016-04-16,14300.0,0.0,11.6,14174000
2016-04-17,12600.0,0.0,14.2,14174000
2016-04-18,11700.0,0.0,18.1,14174000
2016-04-19,11400.0,0.0,17.5,14174000
2016-04-20,11100.0,0.0,15.8,14174000
2016-04-21,11000.0,0.0,14.3,14174000
2016-04-22,11100.0,19.4,13.0,14174000
2016-04-23,11300.0,3.1,11.1,14174000
2016-04-24,11000.0,15.1,9.5,14174000
2016-04-25,11800.0,3.4,8.1,14174000
2016-04-26,12400.0,0.0,9.0,14174000
2016-04-27,11600.0,3.9,9.6,14174000
2016-04-28,10900.0,0.1,10.5,14174000
2016-04-29,10300.0,1.1,10.4,14174000
2016-04-30,9830.0,0.6,10.0,14174000
2016-05-01,10300.0,0.0,13.7,14174000
2016-05-02,10800.0,0.7,17.7,14174000
2016-05-03,10700.0,0.0,15.2,14174000
2016-05-04,10200.0,3.4,13.2,14174000
2016-05-05,10100.0,0.0,13.3,14174000
2016-05-06,10200.0,0.0,14.5,14174000
2016-05-07,11000.0,0.0,18.5,14174000
2016-05-08,11200.0,0.0,14.1,14174000
2016-05-09,11200.0,0.0,11.7,14174000
2016-05-10,11000.0,0.0,13.6,14174000
2016-05-11,10800.0,0.0,17.2,14174000
2016-05-12,10800.0,0.0,17.5,14174000
2016-05-13,10900.0,0.0,16.7,14174000
2016-05-14,10500.0,8.2,12.4,14174000
2016-05-15,10700.0,3.6,11.7,14174000
2016-05-16,10700.0,0.5,12.8,14174000
2016-05-17,10500.0,0.0,13.1,14174000
2016-05-18,10100.0,0.0,16.0,14174000
2016-05-19,9790.0,2.8,11.9,14174000
2016-05-20,10100.0,0.3,10.3,14174000
2016-05-21,10200.0,0.0,11.7,14174000
2016-05-22,10100.0,4.9,12.0,14174000
2016-05-23,10000.0,2.0,12.2,14174000
2016-05-24,10000.0,0.3,14.1,14174000
2016-05-25,9720.0,0.0,13.5,14174000
2016-05-26,9260.0,0.0,12.5,14174000
2016-05-27,9090.0,0.2,12.1,14174000
2016-05-28,8810.0,0.0,12.6,14174000
2016-05-29,8620.0,0.0,14.7,14174000
2016-05-30,8620.0,0.0,14.8,14174000
2016-05-31,8720.0,0.0,18.5,14174000
2016-06-01,8770.0,0.0,19.3,14174000
2016-06-02,8620.0,0.1,16.9,14174000
2016-06-03,8480.0,0.0,19.1,14174000
2016-06-04,8630.0,0.0,24.3,14174000
2016-06-05,8950.0,0.0,24.0,14174000
2016-06-06,9050.0,0.0,22.4,14174000
2016-06-07,8910.0,0.0,23.3,14174000
2016-06-08,8680.0,0.0,18.7,14174000
2016-06-09,8560.0,0.9,14.9,14174000
2016-06-10,8260.0,7.0,13.6,14174000
2016-06-11,7910.0,4.3,12.9,14174000
2016-06-12,7710.0,0.0,15.3,14174000
2016-06-13,7450.0,0.2,14.4,14174000
2016-06-14,7160.0,4.1,11.6,14174000
2016-06-15,7080.0,0.7,11.8,14174000
2016-06-16,7060.0,6.3,12.0,14174000
2016-06-17,6940.0,4.5,12.7,14174000
2016-06-18,6470.0,1.5,14.2,14174000
2016-06-19,6380.0,0.0,13.9,14174000
2016-06-20,6380.0,0.0,17.3,14174000
2016-06-21,6180.0,0.0,16.0,14174000
2016-06-22,6050.0,0.0,17.1,14174000
2016-06-23,5980.0,1.3,14.9,14174000
2016-06-24,5940.0,0.2,14.0,14174000
2016-06-25,5770.0,0.0,16.6,14174000
2016-06-26,5520.0,0.0,19.9,14174000
2016-06-27,5370.0,0.0,20.9,14174000
2016-06-28,5320.0,0.0,19.3,14174000
2016-06-29,5680.0,0.0,18.4,14174000
2016-06-30,5800.0,0.0,18.2,14174000
2016-07-01,5730.0,0.0,18.7,14174000
2016-07-02,5630.0,0.0,21.1,14174000
2016-07-03,5500.0,0.0,19.0,14174000
2016-07-04,5450.0,0.0,18.3,14174000
2016-07-05,5420.0,0.0,17.9,14174000
2016-07-06,5360.0,0.0,18.8,14174000
2016-07-07,5330.0,0.0,17.3,14174000
2016-07-08,5360.0,10.9,15.2,14174000
2016-07-09,5570.0,3.4,15.4,14174000
2016-07-10,5780.0,8.7,14.2,14174000
2016-07-11,5830.0,0.1,16.4,14174000
2016-07-12,5730.0,0.0,16.4,14174000
2016-07-13,5280.0,0.1,17.2,14174000
2016-07-14,4750.0,0.0,19.0,14174000
2016-07-15,4390.0,0.0,17.6,14174000
2016-07-16,4350.0,0.0,16.9,14174000
2016-07-17,4550.0,0.0,17.3,14174000
2016-07-18,4580.0,0.1,17.4,14174000
2016-07-19,4550.0,0.0,17.2,14174000
2016-07-20,4510.0,0.0,18.3,14174000
2016-07-21,4480.0,0.0,19.3,14174000
2016-07-22,4480.0,0.0,18.2,14174000
2016-07-23,4440.0,0.0,18.3,14174000
2016-07-24,4420.0,0.0,19.9,14174000
2016-07-25,4400.0,0.0,20.9,14174000
2016-07-26,4450.0,0.0,20.8,14174000
2016-07-27,4520.0,0.0,21.8,14174000
2016-07-28,4520.0,0.0,23.2,14174000
2016-07-29,4490.0,0.0,24.7,14174000
2016-07-30,4440.0,0.0,21.8,14174000
2016-07-31,4420.0,0.0,18.5,14174000
2016-08-01,4400.0,0.0,18.8,14174000
2016-08-02,4350.0,0.0,17.6,14174000
2016-08-03,4370.0,0.0,18.1,14174000
2016-08-04,4420.0,0.0,22.6,14174000
2016-08-05,4400.0,0.0,22.0,14174000
2016-08-06,4370.0,0.0,17.7,14174000
2016-08-07,4390.0,0.1,17.1,14174000
2016-08-08,4410.0,0.4,17.0,14174000
2016-08-09,4420.0,0.0,17.1,14174000
2016-08-10,4400.0,0.0,17.9,14174000
2016-08-11,4370.0,0.0,20.7,14174000
2016-08-12,4340.0,0.0,23.9,14174000
2016-08-13,4260.0,0.0,23.9,14174000
2016-08-14,4250.0,0.0,23.3,14174000
2016-08-15,4160.0,0.0,22.0,14174000
2016-08-16,4110.0,0.0,21.4,14174000
2016-08-17,4090.0,0.0,21.0,14174000
2016-08-18,4060.0,0.0,22.2,14174000
2016-08-19,3980.0,0.0,29.2,14174000
2016-08-20,3840.0,0.0,27.4,14174000
2016-08-21,3820.0,0.0,21.1,14174000
2016-08-22,3830.0,0.0,19.0,14174000
2016-08-23,3780.0,0.0,18.9,14174000
2016-08-24,3820.0,0.0,21.6,14174000
2016-08-25,3890.0,0.0,25.6,14174000
2016-08-26,3910.0,0.0,26.6,14174000
2016-08-27,3930.0,0.0,22.3,14174000
2016-08-28,3990.0,0.0,19.9,14174000
2016-08-29,4030.0,0.0,18.5,14174000
2016-08-30,4040.0,0.0,16.9,14174000
2016-08-31,4100.0,0.2,16.9,14174000
2016-09-01,4160.0,0.4,16.8,14174000
2016-09-02,4160.0,0.9,16.7,14174000
2016-09-03,4200.0,0.0,15.7,14174000
2016-09-04,4180.0,0.0,15.0,14174000
2016-09-05,4150.0,0.0,15.4,14174000
2016-09-06,4140.0,1.9,15.3,14174000
2016-09-07,4140.0,0.0,17.1,14174000
2016-09-08,4150.0,0.0,17.4,14174000
2016-09-09,4100.0,0.0,17.8,14174000
2016-09-10,4020.0,0.0,20.9,14174000
2016-09-11,3990.0,0.0,18.3,14174000
2016-09-12,3970.0,0.0,16.0,14174000
2016-09-13,3940.0,0.0,18.6,14174000
2016-09-14,3910.0,0.0,17.9,14174000
2016-09-15,3910.0,0.0,17.0,14174000
2016-09-16,3900.0,0.0,19.0,14174000
2016-09-17,3860.0,1.8,16.8,14174000
2016-09-18,3910.0,3.1,16.7,14174000
2016-09-19,3990.0,0.0,15.2,14174000
2016-09-20,4000.0,0.0,15.4,14174000
2016-09-21,3960.0,0.0,13.9,14174000
2016-09-22,3970.0,0.3,13.7,14174000
2016-09-23,4010.0,1.9,12.9,14174000
2016-09-24,4050.0,0.1,14.6,14174000
2016-09-25,4070.0,0.0,17.0,14174000
2016-09-26,4020.0,0.0,20.6,14174000
2016-09-27,3980.0,0.0,18.6,14174000
2016-09-28,3980.0,0.0,16.5,14174000
2016-09-29,3960.0,0.0,15.2,14174000
2016-09-30,3930.0,0.0,13.9,14174000
2016-10-01,3900.0,1.0,13.0,14174000
2016-10-02,4060.0,15.6,12.2,14174000
2016-10-03,4200.0,0.5,10.8,14174000
2016-10-04,4400.0,9.0,12.3,14174000
2016-10-05,5180.0,15.0,11.9,14174000
2016-10-06,5710.0,1.1,12.2,14174000
2016-10-07,6040.0,14.4,12.9,14174000
2016-10-08,5750.0,0.3,15.1,14174000
2016-10-09,5630.0,0.0,16.0,14174000
2016-10-10,5450.0,10.8,13.7,14174000
2016-10-11,5390.0,0.0,10.6,14174000
2016-10-12,5410.0,0.0,11.7,14174000
2016-10-13,5680.0,25.5,13.1,14174000
2016-10-14,6810.0,43.5,13.3,14174000
2016-10-15,9610.0,36.9,12.2,14174000
2016-10-16,10400.0,27.5,11.0,14174000
2016-10-17,12900.0,24.6,11.1,14174000
2016-10-18,16200.0,18.5,10.8,14174000
2016-10-19,22000.0,1.1,9.4,14174000
2016-10-20,17200.0,7.1,13.1,14174000
2016-10-21,16900.0,5.5,13.5,14174000
2016-10-22,20200.0,0.4,11.2,14174000
2016-10-23,18300.0,2.8,11.5,14174000
2016-10-24,16000.0,8.4,10.8,14174000
2016-10-25,14700.0,0.4,11.5,14174000
2016-10-26,14900.0,23.8,12.4,14174000
2016-10-27,17400.0,24.1,11.9,14174000
2016-10-28,21600.0,4.3,10.6,14174000
2016-10-29,22700.0,4.7,11.7,14174000
2016-10-30,21600.0,6.7,10.4,14174000
2016-10-31,21200.0,5.5,11.5,14174000
2016-11-01,21900.0,0.0,10.9,14174000
2016-11-02,20100.0,0.5,11.7,14174000
2016-11-03,18300.0,1.0,13.4,14174000
2016-11-04,15500.0,0.0,11.9,14174000
2016-11-05,12400.0,18.4,11.7,14174000
2016-11-06,13100.0,17.7,11.2,14174000
2016-11-07,13500.0,0.0,12.4,14174000
2016-11-08,11800.0,0.0,13.0,14174000
2016-11-09,10800.0,0.1,12.8,14174000
2016-11-10,10300.0,0.0,11.9,14174000
2016-11-11,9780.0,0.0,12.4,14174000
2016-11-12,9520.0,3.9,13.3,14174000
2016-11-13,9290.0,1.0,10.7,14174000
2016-11-14,9290.0,26.9,11.7,14174000
2016-11-15,11100.0,15.4,11.5,14174000
2016-11-16,15300.0,7.6,6.8,14174000
2016-11-17,15700.0,1.7,5.9,14174000
2016-11-18,14600.0,0.0,5.8,14174000
2016-11-19,14300.0,6.1,8.9,14174000
2016-11-20,13700.0,4.2,10.4,14174000
2016-11-21,13400.0,2.8,9.0,14174000
2016-11-22,14000.0,3.7,7.0,14174000
2016-11-23,15500.0,16.3,7.1,14174000
2016-11-24,19900.0,26.6,7.2,14174000
2016-11-25,29100.0,48.8,8.6,14174000
2016-11-26,32600.0,1.1,7.3,14174000
2016-11-27,28200.0,8.7,6.2,14174000
2016-11-28,24900.0,13.0,7.3,14174000
2016-11-29,25700.0,0.6,6.0,14174000
2016-11-30,25900.0,12.9,6.6,14174000
2016-12-01,25100.0,1.5,3.8,14174000
2016-12-02,23400.0,0.1,4.5,14174000
2016-12-03,21200.0,0.4,7.3,14174000
2016-12-04,19200.0,15.6,6.7,14174000
2016-12-05,21500.0,5.2,1.6,14174000
2016-12-06,23700.0,2.4,2.4,14174000
2016-12-07,23000.0,0.0,-0.6,14174000
2016-12-08,21100.0,8.4,-1.0,14174000
2016-12-09,22300.0,10.4,6.6,14174000
2016-12-10,28200.0,12.9,6.5,14174000
2016-12-11,37600.0,13.3,5.3,14174000
2016-12-12,40900.0,6.7,4.7,14174000
2016-12-13,39100.0,0.0,1.4,14174000
2016-12-14,33300.0,16.7,0.1,14174000
2016-12-15,35500.0,12.5,0.2,14174000
2016-12-16,44400.0,0.0,-1.3,14174000
2016-12-17,42300.0,0.0,-1.3,14174000
2016-12-18,37000.0,0.0,0.5,14174000
2016-12-19,33500.0,7.2,0.7,14174000
2016-12-20,33600.0,12.1,6.4,14174000
2016-12-21,37500.0,0.0,1.5,14174000
2016-12-22,37100.0,0.0,0.9,14174000
2016-12-23,33500.0,10.5,3.5,14174000
2016-12-24,31400.0,0.4,0.7,14174000
2016-12-25,28300.0,0.0,-0.2,14174000
2016-12-26,24000.0,0.0,1.1,14174000
2016-12-27,20900.0,13.2,3.8,14174000
2016-12-28,21300.0,2.0,3.2,14174000
2016-12-29,21000.0,0.0,1.9,14174000
2016-12-30,19900.0,0.3,3.7,14174000
2016-12-31,18900.0,0.0,-0.2,14174000
2017-01-01,18100.0,4.9,2.5,14174000
2017-01-02,18300.0,3.7,0.7,14174000
2017-01-03,17400.0,1.1,-2.3,14174000
2017-01-04,16200.0,1.9,-1.7,14174000
2017-01-05,14300.0,0.0,-3.4,14174000
2017-01-06,12400.0,0.0,-4.5,14174000
2017-01-07,11800.0,11.8,-4.3,14174000
2017-01-08,12300.0,15.9,-2.0,14174000
2017-01-09,19200.0,16.6,4.5,14174000
2017-01-10,32600.0,21.2,3.8,14174000
2017-01-11,38400.0,5.8,2.4,14174000
2017-01-12,36400.0,0.0,-2.0,14174000
2017-01-13,31700.0,0.0,-4.3,14174000
2017-01-14,30200.0,0.0,-4.3,14174000
2017-01-15,29700.0,0.0,-3.1,14174000
2017-01-16,26800.0,0.0,-2.5,14174000
2017-01-17,23300.0,6.7,2.4,14174000
2017-01-18,24300.0,19.6,10.5,14174000
2017-01-19,27800.0,6.9,7.5,14174000
2017-01-20,25500.0,6.0,6.1,14174000
2017-01-21,23100.0,4.9,4.9,14174000
2017-01-22,23100.0,4.7,6.0,14174000
2017-01-23,22700.0,2.0,3.6,14174000
2017-01-24,20600.0,0.0,2.3,14174000
2017-01-25,19400.0,0.0,3.8,14174000
2017-01-26,18100.0,0.2,6.1,14174000
2017-01-27,17200.0,0.0,3.7,14174000
2017-01-28,15800.0,0.0,1.8,14174000
2017-01-29,14700.0,0.0,3.2,14174000
2017-01-30,14000.0,0.0,3.3,14174000
2017-01-31,13500.0,2.0,5.3,14174000
2017-02-01,13400.0,0.0,2.8,14174000
2017-02-02,12800.0,2.9,2.5,14174000
2017-02-03,12600.0,10.0,0.9,14174000
2017-02-04,15500.0,20.0,8.9,14174000
2017-02-05,24900.0,51.8,7.9,14174000
2017-02-06,42500.0,18.5,5.5,14174000
2017-02-07,40600.0,7.9,3.2,14174000
2017-02-08,34600.0,13.2,5.7,14174000
2017-02-09,39200.0,29.6,12.4,14174000
2017-02-10,46300.0,3.2,8.7,14174000
2017-02-11,46200.0,0.1,4.8,14174000
2017-02-12,40700.0,0.0,2.5,14174000
2017-02-13,34900.0,0.0,3.6,14174000
2017-02-14,29500.0,0.0,5.0,14174000
2017-02-15,26600.0,7.6,9.9,14174000
2017-02-16,32400.0,47.9,10.5,14174000
2017-02-17,41000.0,1.8,7.4,14174000
2017-02-18,38700.0,8.7,8.3,14174000
2017-02-19,33000.0,5.2,6.9,14174000
2017-02-20,33400.0,16.5,7.1,14174000
2017-02-21,37900.0,37.3,6.0,14174000
2017-02-22,46600.0,4.2,3.6,14174000
2017-02-23,47800.0,1.0,2.1,14174000
2017-02-24,38000.0,0.9,1.8,14174000
2017-02-25,30100.0,1.5,1.3,14174000
2017-02-26,25400.0,12.1,3.2,14174000
2017-02-27,23700.0,4.7,2.9,14174000
2017-02-28,21500.0,8.0,3.9,14174000
2017-03-01,19400.0,0.3,6.4,14174000
2017-03-02,17800.0,0.0,5.8,14174000
2017-03-03,16500.0,0.6,7.8,14174000
2017-03-04,17000.0,12.1,5.8,14174000
2017-03-05,19400.0,9.0,2.9,14174000
2017-03-06,21400.0,14.1,2.8,14174000
2017-03-07,24800.0,17.7,5.2,14174000
2017-03-08,30500.0,14.0,8.7,14174000
2017-03-09,40900.0,16.1,10.8,14174000
2017-03-10,49900.0,1.5,12.3,14174000
2017-03-11,53500.0,6.7,9.1,14174000
2017-03-12,44500.0,0.1,10.5,14174000
2017-03-13,35400.0,1.7,11.2,14174000
2017-03-14,31800.0,8.9,12.5,14174000
2017-03-15,37000.0,15.5,11.7,14174000
2017-03-16,38900.0,3.7,7.7,14174000
2017-03-17,39400.0,1.7,5.6,14174000
2017-03-18,37600.0,14.3,11.3,14174000
2017-03-19,38200.0,0.0,5.7,14174000
2017-03-20,38000.0,3.0,6.2,14174000
2017-03-21,34800.0,10.2,9.8,14174000
2017-03-22,32700.0,4.2,9.0,14174000
2017-03-23,30800.0,0.0,7.5,14174000
2017-03-24,31700.0,26.6,8.9,14174000
2017-03-25,36700.0,6.1,8.4,14174000
2017-03-26,36400.0,9.1,7.7,14174000
2017-03-27,35900.0,10.4,8.4,14174000
2017-03-28,38800.0,0.2,9.3,14174000
2017-03-29,37500.0,13.1,10.0,14174000
2017-03-30,36500.0,5.3,8.2,14174000
2017-03-31,36900.0,0.8,6.8,14174000
2017-04-01,33400.0,1.7,9.5,14174000
2017-04-02,29500.0,0.0,8.4,14174000
2017-04-03,26900.0,0.0,6.0,14174000
2017-04-04,25000.0,0.0,9.3,14174000
2017-04-05,22100.0,0.0,11.3,14174000
2017-04-06,19800.0,3.7,11.0,14174000
2017-04-07,18300.0,17.2,10.9,14174000
2017-04-08,18500.0,9.0,7.0,14174000
2017-04-09,17800.0,0.8,7.2,14174000
2017-04-10,17300.0,11.3,7.9,14174000
2017-04-11,16900.0,1.2,6.1,14174000
2017-04-12,16700.0,15.7,9.5,14174000
2017-04-13,16700.0,7.5,7.0,14174000
2017-04-14,16300.0,14.7,7.3,14174000
2017-04-15,15900.0,0.8,6.5,14174000
2017-04-16,15300.0,1.7,8.2,14174000
2017-04-17,15300.0,4.8,10.6,14174000
2017-04-18,17100.0,10.5,10.9,14174000
2017-04-19,19200.0,2.7,9.8,14174000
2017-04-20,18700.0,11.3,9.3,14174000
2017-04-21,19200.0,0.0,9.1,14174000
2017-04-22,18200.0,0.8,12.4,14174000
2017-04-23,17300.0,1.2,10.0,14174000
2017-04-24,17200.0,15.9,8.7,14174000
2017-04-25,21900.0,8.6,8.8,14174000
2017-04-26,25700.0,11.5,10.5,14174000
2017-04-27,33100.0,10.3,8.8,14174000
2017-04-28,37200.0,0.0,7.0,14174000
2017-04-29,34000.0,0.0,8.7,14174000
2017-04-30,29100.0,1.8,11.8,14174000
2017-05-01,25800.0,0.0,8.7,14174000
2017-05-02,23500.0,0.5,12.6,14174000
2017-05-03,21400.0,0.0,15.9,14174000
2017-05-04,19800.0,0.1,19.1,14174000
2017-05-05,18700.0,14.7,13.3,14174000
2017-05-06,17700.0,0.3,8.3,14174000
2017-05-07,17200.0,0.1,8.8,14174000
2017-05-08,17100.0,0.0,10.8,14174000
2017-05-09,15800.0,0.0,12.6,14174000
2017-05-10,14600.0,0.0,13.1,14174000
2017-05-11,14100.0,15.8,12.8,14174000
2017-05-12,14300.0,8.9,9.0,14174000
2017-05-13,14800.0,10.6,8.1,14174000
2017-05-14,16400.0,4.9,9.5,14174000
2017-05-15,17100.0,0.0,9.5,14174000
2017-05-16,17100.0,21.0,10.3,14174000
2017-05-17,20500.0,1.2,10.2,14174000
2017-05-18,23500.0,0.2,10.2,14174000
2017-05-19,22800.0,0.0,14.2,14174000
2017-05-20,20600.0,0.0,14.1,14174000
2017-05-21,18700.0,0.0,15.4,14174000
2017-05-22,17000.0,0.0,19.0,14174000
2017-05-23,15900.0,0.0,20.4,14174000
2017-05-24,15600.0,0.0,13.4,14174000
2017-05-25,16300.0,0.0,12.6,14174000
2017-05-26,16000.0,0.0,15.4,14174000
2017-05-27,14600.0,0.0,18.0,14174000
2017-05-28,14100.0,0.0,17.0,14174000
2017-05-29,14000.0,0.0,15.3,14174000
2017-05-30,13800.0,0.8,14.4,14174000
2017-05-31,13400.0,0.0,14.8,14174000
2017-06-01,12500.0,0.6,16.3,14174000
2017-06-02,11800.0,0.0,15.3,14174000
2017-06-03,12000.0,0.1,14.9,14174000
2017-06-04,12200.0,0.1,13.8,14174000
2017-06-05,11700.0,0.0,13.2,14174000
2017-06-06,11400.0,0.0,17.3,14174000
2017-06-07,11300.0,0.0,16.8,14174000
2017-06-08,11200.0,11.7,15.3,14174000
2017-06-09,11300.0,3.0,12.0,14174000
2017-06-10,11500.0,14.5,11.4,14174000
2017-06-11,11900.0,1.8,11.6,14174000
2017-06-12,11900.0,0.5,13.3,14174000
2017-06-13,11600.0,0.9,12.4,14174000
2017-06-14,11200.0,0.0,12.7,14174000
2017-06-15,11000.0,5.4,14.5,14174000
2017-06-16,10900.0,0.8,15.8,14174000
2017-06-17,10800.0,0.0,15.6,14174000
2017-06-18,10500.0,0.0,18.0,14174000
2017-06-19,10000.0,0.0,20.8,14174000
2017-06-20,9550.0,0.0,19.0,14174000
2017-06-21,9560.0,0.0,16.7,14174000
2017-06-22,8750.0,0.0,17.6,14174000
2017-06-23,8450.0,0.0,21.3,14174000
2017-06-24,8100.0,0.0,24.2,14174000
2017-06-25,7620.0,0.0,24.9,14174000
2017-06-26,7220.0,1.0,20.0,14174000
2017-06-27,7020.0,0.0,17.3,14174000
2017-06-28,7020.0,0.0,15.9,14174000
2017-06-29,6970.0,0.0,16.9,14174000
2017-06-30,6990.0,0.0,19.5,14174000
2017-07-01,7050.0,0.0,17.4,14174000
2017-07-02,7090.0,0.0,18.2,14174000
2017-07-03,6930.0,0.0,19.5,14174000
2017-07-04,6840.0,0.0,19.6,14174000
2017-07-05,6880.0,0.0,21.4,14174000
2017-07-06,6730.0,0.0,19.0,14174000
2017-07-07,6680.0,0.0,18.9,14174000
2017-07-08,6590.0,0.0,19.5,14174000
2017-07-09,6500.0,0.0,21.0,14174000
2017-07-10,6450.0,0.0,20.1,14174000
2017-07-11,6310.0,0.0,18.4,14174000
2017-07-12,6210.0,0.0,19.3,14174000
2017-07-13,5920.0,0.0,19.0,14174000
2017-07-14,5960.0,0.0,19.5,14174000
2017-07-15,5630.0,0.0,19.8,14174000
2017-07-16,5250.0,0.0,17.9,14174000
2017-07-17,5160.0,0.0,19.3,14174000
2017-07-18,5010.0,0.0,19.7,14174000
2017-07-19,4940.0,0.0,18.3,14174000
2017-07-20,4920.0,0.0,18.6,14174000
2017-07-21,4900.0,0.0,18.7,14174000
2017-07-22,4850.0,0.0,21.7,14174000
2017-07-23,4810.0,0.0,24.6,14174000
2017-07-24,4760.0,0.0,22.3,14174000
2017-07-25,4700.0,0.0,22.5,14174000
2017-07-26,4660.0,0.0,22.4,14174000
2017-07-27,4610.0,0.0,20.6,14174000
2017-07-28,4580.0,0.0,20.1,14174000
2017-07-29,4560.0,0.0,20.2,14174000
2017-07-30,4560.0,0.0,23.0,14174000
2017-07-31,4500.0,0.0,24.2,14174000
2017-08-01,4700.0,0.0,25.9,14174000
2017-08-02,6030.0,0.0,28.0,14174000
2017-08-03,7260.0,0.0,28.3,14174000
2017-08-04,7550.0,0.0,26.3,14174000
2017-08-05,7520.0,0.0,21.2,14174000
2017-08-06,7690.0,0.0,21.0,14174000
2017-08-07,7770.0,0.0,23.7,14174000
2017-08-08,7770.0,0.0,23.7,14174000
2017-08-09,7690.0,0.0,23.3,14174000
2017-08-10,7670.0,0.0,22.8,14174000
2017-08-11,7620.0,0.0,21.9,14174000
2017-08-12,7610.0,0.0,19.7,14174000
2017-08-13,7570.0,4.1,18.1,14174000
2017-08-14,7620.0,0.0,17.1,14174000
2017-08-15,7680.0,0.0,18.2,14174000
2017-08-16,7670.0,0.0,19.7,14174000
2017-08-17,7080.0,0.0,20.4,14174000
2017-08-18,6890.0,0.0,20.7,14174000
2017-08-19,6830.0,0.0,20.3,14174000
2017-08-20,6840.0,0.0,19.8,14174000
2017-08-21,6900.0,0.0,21.7,14174000
2017-08-22,7080.0,0.0,21.7,14174000
2017-08-23,7080.0,0.0,20.7,14174000
2017-08-24,7180.0,0.2,18.8,14174000
2017-08-25,7170.0,0.0,17.9,14174000
2017-08-26,7010.0,0.0,20.1,14174000
2017-08-27,6850.0,0.0,22.6,14174000
2017-08-28,6880.0,0.0,24.7,14174000
2017-08-29,7140.0,0.0,22.2,14174000
2017-08-30,7250.0,0.0,19.0,14174000
2017-08-31,6890.0,0.0,19.5,14174000
2017-09-01,6660.0,0.0,21.5,14174000
2017-09-02,6350.0,0.0,23.7,14174000
2017-09-03,6420.0,0.0,24.9,14174000
2017-09-04,6450.0,0.0,25.4,14174000
2017-09-05,6380.0,0.0,25.4,14174000
2017-09-06,6080.0,0.0,22.6,14174000
2017-09-07,5830.0,1.8,22.4,14174000
2017-09-08,5630.0,0.0,19.5,14174000
2017-09-09,5400.0,0.0,20.0,14174000
2017-09-10,5030.0,0.2,19.3,14174000
2017-09-11,4820.0,0.0,19.7,14174000
2017-09-12,4700.0,0.0,22.6,14174000
2017-09-13,4860.0,0.0,18.5,14174000
2017-09-14,5040.0,0.0,17.2,14174000
2017-09-15,5130.0,0.0,16.6,14174000
2017-09-16,5320.0,0.0,17.1,14174000
2017-09-17,5400.0,1.0,16.4,14174000
2017-09-18,5450.0,12.4,14.5,14174000
2017-09-19,5800.0,29.2,12.9,14174000
2017-09-20,6570.0,16.1,12.8,14174000
2017-09-21,7640.0,1.6,11.3,14174000
2017-09-22,7300.0,0.4,11.2,14174000
2017-09-23,6960.0,0.0,13.1,14174000
2017-09-24,6710.0,0.0,12.8,14174000
2017-09-25,6430.0,0.0,14.6,14174000
2017-09-26,6050.0,0.0,16.2,14174000
2017-09-27,5750.0,0.0,17.8,14174000
2017-09-28,5490.0,0.0,19.0,14174000
2017-09-29,5370.0,3.8,16.8,14174000
2017-09-30,5680.0,1.6,12.8,14174000
2017-10-01,6120.0,0.2,13.1,14174000
2017-10-02,6450.0,0.5,11.6,14174000
2017-10-03,6760.0,0.0,12.0,14174000
2017-10-04,6660.0,0.0,12.0,14174000
2017-10-05,6660.0,0.0,12.7,14174000
2017-10-06,6540.0,0.0,13.6,14174000
2017-10-07,6260.0,0.9,13.9,14174000
2017-10-08,6300.0,0.1,11.7,14174000
2017-10-09,6280.0,0.0,10.1,14174000
2017-10-10,6230.0,3.6,11.7,14174000
2017-10-11,6860.0,2.4,9.0,14174000
2017-10-12,8380.0,9.4,8.4,14174000
2017-10-13,9410.0,17.2,9.7,14174000
2017-10-14,11000.0,0.9,7.6,14174000
2017-10-15,10200.0,0.0,8.4,14174000
2017-10-16,9590.0,0.0,9.9,14174000
2017-10-17,9330.0,0.0,11.4,14174000
2017-10-18,9320.0,0.2,13.9,14174000
2017-10-19,9330.0,20.7,12.7,14174000
2017-10-20,10400.0,26.1,9.6,14174000
2017-10-21,12800.0,27.1,9.3,14174000
2017-10-22,17300.0,36.2,14.1,14174000
2017-10-23,25800.0,0.2,12.7,14174000
2017-10-24,20600.0,0.0,11.8,14174000
2017-10-25,16400.0,0.0,11.8,14174000
2017-10-26,14600.0,0.1,14.3,14174000
2017-10-27,13600.0,0.0,12.4,14174000
2017-10-28,12900.0,0.0,11.9,14174000
2017-10-29,12300.0,0.0,11.6,14174000
2017-10-30,11800.0,0.0,11.3,14174000
2017-10-31,11300.0,0.0,7.8,14174000
2017-11-01,10900.0,0.1,9.2,14174000
2017-11-02,10400.0,5.6,9.8,14174000
2017-11-03,10300.0,7.4,7.7,14174000
2017-11-04,11900.0,0.1,5.6,14174000
2017-11-05,12000.0,22.8,7.5,14174000
2017-11-06,12600.0,0.3,5.9,14174000
2017-11-07,13100.0,0.0,3.3,14174000
2017-11-08,13200.0,6.7,4.8,14174000
2017-11-09,13000.0,9.3,8.7,14174000
2017-11-10,13700.0,15.6,9.6,14174000
2017-11-11,16200.0,4.1,10.9,14174000
2017-11-12,16300.0,0.6,11.3,14174000
2017-11-13,15500.0,11.2,10.6,14174000
2017-11-14,16400.0,0.5,9.1,14174000
2017-11-15,16900.0,28.5,10.2,14174000
2017-11-16,21200.0,20.8,7.3,14174000
2017-11-17,26700.0,2.7,6.2,14174000
2017-11-18,25300.0,0.3,4.7,14174000
2017-11-19,23600.0,0.0,4.3,14174000
2017-11-20,21000.0,8.5,11.2,14174000
2017-11-21,22700.0,7.7,12.3,14174000
2017-11-22,26100.0,4.4,14.3,14174000
2017-11-23,28000.0,11.8,14.6,14174000
2017-11-24,35400.0,0.1,9.3,14174000
2017-11-25,40200.0,0.5,5.3,14174000
2017-11-26,37200.0,14.2,9.0,14174000
2017-11-27,35100.0,1.5,5.8,14174000
2017-11-28,33600.0,8.5,5.5,14174000
2017-11-29,31100.0,0.4,6.0,14174000
2017-11-30,29200.0,2.3,4.7,14174000
2017-12-01,27000.0,3.6,7.7,14174000
2017-12-02,25300.0,9.1,6.7,14174000
2017-12-03,24400.0,4.2,5.4,14174000
2017-12-04,23600.0,0.2,3.5,14174000
2017-12-05,20400.0,0.0,2.4,14174000
2017-12-06,17900.0,0.0,4.1,14174000
2017-12-07,15600.0,0.0,2.4,14174000
2017-12-08,13800.0,0.0,-0.1,14174000
2017-12-09,12200.0,0.0,-1.2,14174000
2017-12-10,10800.0,0.0,-1.0,14174000
2017-12-11,9540.0,0.0,-1.7,14174000
2017-12-12,8980.0,0.0,-2.2,14174000
2017-12-13,8550.0,0.0,-0.6,14174000
2017-12-14,8250.0,0.0,-0.1,14174000
2017-12-15,8070.0,1.5,-0.1,14174000
2017-12-16,7810.0,1.1,1.7,14174000
2017-12-17,7620.0,0.0,3.3,14174000
2017-12-18,7490.0,0.0,5.6,14174000
2017-12-19,7660.0,20.1,8.3,14174000
2017-12-20,9740.0,4.9,4.2,14174000
2017-12-21,11300.0,0.1,0.4,14174000
2017-12-22,10400.0,0.0,1.1,14174000
2017-12-23,10400.0,4.1,4.2,14174000
2017-12-24,10800.0,1.1,-0.3,14174000
2017-12-25,11200.0,4.1,4.9,14174000
2017-12-26,11500.0,0.3,1.2,14174000
2017-12-27,10800.0,5.4,5.1,14174000
2017-12-28,10600.0,0.1,7.2,14174000
2017-12-29,10700.0,5.2,10.7,14174000
2017-12-30,13400.0,10.0,8.3,14174000
2017-12-31,16600.0,0.0,3.2,14174000
2018-01-01,15300.0,0.0,1.1,14174000
2018-01-02,13800.0,0.0,1.1,14174000
2018-01-03,12700.0,0.0,1.5,14174000
2018-01-04,11700.0,0.9,2.0,14174000
2018-01-05,11500.0,6.4,5.4,14174000
2018-01-06,11700.0,3.9,7.6,14174000
2018-01-07,11200.0,0.2,5.0,14174000
2018-01-08,10600.0,0.0,5.0,14174000
2018-01-09,11100.0,13.6,6.0,14174000
2018-01-10,12900.0,3.8,5.2,14174000
2018-01-11,13800.0,16.5,10.2,14174000
2018-01-12,18700.0,7.5,10.1,14174000
2018-01-13,21800.0,0.0,7.7,14174000
2018-01-14,19800.0,0.0,6.9,14174000
2018-01-15,17800.0,0.1,5.7,14174000
2018-01-16,16400.0,5.4,9.3,14174000
2018-01-17,15200.0,0.5,8.9,14174000
2018-01-18,17400.0,24.9,10.0,14174000
2018-01-19,23000.0,5.5,5.6,14174000
2018-01-20,23500.0,2.4,6.0,14174000
2018-01-21,22100.0,9.5,7.7,14174000
2018-01-22,22500.0,1.0,6.3,14174000
2018-01-23,23000.0,9.5,5.6,14174000
2018-01-24,25300.0,24.1,8.2,14174000
2018-01-25,30700.0,11.0,4.8,14174000
2018-01-26,35700.0,4.1,5.0,14174000
2018-01-27,33400.0,8.8,7.9,14174000
2018-01-28,31500.0,1.8,11.6,14174000
2018-01-29,31800.0,0.0,10.5,14174000
2018-01-30,30000.0,7.7,9.2,14174000
2018-01-31,29500.0,0.1,6.0,14174000
2018-02-01,26200.0,0.0,6.8,14174000
2018-02-02,23400.0,1.4,11.4,14174000
2018-02-03,21700.0,0.3,11.2,14174000
2018-02-04,19600.0,0.0,9.9,14174000
2018-02-05,17900.0,0.2,10.5,14174000
2018-02-06,16300.0,0.0,6.9,14174000
2018-02-07,14100.0,0.0,6.7,14174000
2018-02-08,11900.0,0.0,9.0,14174000
2018-02-09,10500.0,0.2,8.8,14174000
2018-02-10,9920.0,0.0,4.9,14174000
2018-02-11,9450.0,2.4,3.3,14174000
2018-02-12,9120.0,0.2,2.3,14174000
2018-02-13,8750.0,0.0,0.4,14174000
2018-02-14,8380.0,10.0,5.0,14174000
2018-02-15,8700.0,0.6,4.6,14174000
2018-02-16,8620.0,0.6,4.6,14174000
2018-02-17,8320.0,2.3,8.3,14174000
2018-02-18,8800.0,7.8,5.0,14174000
2018-02-19,10400.0,0.4,1.1,14174000
2018-02-20,9740.0,0.8,1.6,14174000
2018-02-21,9230.0,6.4,1.2,14174000
2018-02-22,8990.0,3.2,1.6,14174000
2018-02-23,8750.0,0.0,-0.6,14174000
2018-02-24,8410.0,8.0,4.4,14174000
2018-02-25,9470.0,19.7,5.1,14174000
2018-02-26,14300.0,5.2,2.5,14174000
2018-02-27,15700.0,0.1,2.0,14174000
2018-02-28,12900.0,5.5,5.2,14174000
2018-03-01,13400.0,13.8,5.3,14174000
2018-03-02,15200.0,2.4,4.1,14174000
2018-03-03,13600.0,1.4,4.4,14174000
2018-03-04,12100.0,1.9,2.8,14174000
2018-03-05,11000.0,0.5,4.7,14174000
2018-03-06,10100.0,0.0,3.9,14174000
2018-03-07,9620.0,0.0,4.4,14174000
2018-03-08,9560.0,6.9,8.0,14174000
2018-03-09,11200.0,3.0,8.5,14174000
2018-03-10,14100.0,0.0,5.2,14174000
2018-03-11,13200.0,0.0,8.2,14174000
2018-03-12,12200.0,0.0,8.4,14174000
2018-03-13,12100.0,17.4,10.4,14174000
2018-03-14,14200.0,2.2,7.1,14174000
2018-03-15,14100.0,1.8,5.9,14174000
2018-03-16,12900.0,1.1,4.7,14174000
2018-03-17,12000.0,5.8,5.9,14174000
2018-03-18,11500.0,1.8,6.1,14174000
2018-03-19,11100.0,0.1,5.2,14174000
2018-03-20,10500.0,0.0,5.6,14174000
2018-03-21,9970.0,1.6,8.7,14174000
2018-03-22,11100.0,26.4,7.5,14174000
2018-03-23,16500.0,15.6,4.2,14174000
2018-03-24,22100.0,17.2,3.0,14174000
2018-03-25,21900.0,2.5,4.3,14174000
2018-03-26,17800.0,0.4,5.2,14174000
2018-03-27,15200.0,0.0,7.8,14174000
2018-03-28,13700.0,0.1,10.2,14174000
2018-03-29,13000.0,0.0,7.6,14174000
2018-03-30,12400.0,0.0,7.9,14174000
2018-03-31,11600.0,0.0,9.6,14174000
2018-04-01,11100.0,1.1,6.7,14174000
2018-04-02,10900.0,2.9,5.9,14174000
2018-04-03,10800.0,0.0,4.0,14174000
2018-04-04,10300.0,0.3,9.7,14174000
2018-04-05,10200.0,3.7,11.1,14174000
2018-04-06,10700.0,0.6,12.4,14174000
2018-04-07,12400.0,6.5,13.5,14174000
2018-04-08,20800.0,23.5,9.1,14174000
2018-04-09,29700.0,0.0,8.7,14174000
2018-04-10,25200.0,5.0,12.1,14174000
2018-04-11,21100.0,4.3,9.7,14174000
2018-04-12,20200.0,16.2,5.9,14174000
2018-04-13,21500.0,3.1,8.3,14174000
2018-04-14,20900.0,0.0,10.7,14174000
2018-04-15,20100.0,17.2,9.4,14174000
2018-04-16,22100.0,14.3,6.3,14174000
2018-04-17,21900.0,3.0,7.2,14174000
2018-04-18,20500.0,0.6,7.5,14174000
2018-04-19,18000.0,0.1,8.3,14174000
2018-04-20,15900.0,0.0,9.8,14174000
2018-04-21,14300.0,0.2,11.1,14174000
2018-04-22,13100.0,0.0,8.8,14174000
2018-04-23,12200.0,0.0,10.6,14174000
2018-04-24,11500.0,0.0,13.6,14174000
2018-04-25,10900.0,0.0,15.6,14174000
2018-04-26,10500.0,0.0,15.4,14174000
2018-04-27,10300.0,4.6,11.8,14174000
2018-04-28,10500.0,1.3,10.0,14174000
2018-04-29,10300.0,6.3,10.0,14174000
2018-04-30,10400.0,0.9,9.0,14174000
2018-05-01,10100.0,0.5,9.5,14174000
2018-05-02,9400.0,0.0,10.1,14174000
2018-05-03,8850.0,0.0,14.3,14174000
2018-05-04,8490.0,0.0,11.7,14174000
2018-05-05,8290.0,0.0,13.2,14174000
2018-05-06,8100.0,5.5,14.5,14174000
2018-05-07,7950.0,0.0,12.5,14174000
2018-05-08,7720.0,0.4,14.6,14174000
2018-05-09,7680.0,2.3,14.8,14174000
2018-05-10,8340.0,1.2,12.4,14174000
2018-05-11,9160.0,0.0,10.8,14174000
2018-05-12,10100.0,0.0,12.8,14174000
2018-05-13,10400.0,0.0,16.6,14174000
2018-05-14,10300.0,0.0,16.2,14174000
2018-05-15,10500.0,0.0,15.1,14174000
2018-05-16,10800.0,0.0,14.3,14174000
2018-05-17,10700.0,0.1,14.2,14174000
2018-05-18,10800.0,0.0,12.8,14174000
2018-05-19,10500.0,0.0,13.4,14174000
2018-05-20,10300.0,0.0,13.8,14174000
2018-05-21,10400.0,0.0,13.1,14174000
2018-05-22,10300.0,0.0,15.6,14174000
2018-05-23,10400.0,0.9,16.9,14174000
2018-05-24,10700.0,0.0,15.6,14174000
2018-05-25,10800.0,0.0,15.4,14174000
2018-05-26,11000.0,0.0,12.2,14174000
2018-05-27,10900.0,0.0,13.5,14174000
2018-05-28,10700.0,0.0,15.3,14174000
2018-05-29,10800.0,0.0,14.6,14174000
2018-05-30,10700.0,0.0,12.3,14174000
2018-05-31,10400.0,0.5,12.5,14174000
2018-06-01,10200.0,0.2,12.5,14174000
2018-06-02,9890.0,0.0,15.4,14174000
2018-06-03,9610.0,0.0,16.8,14174000
2018-06-04,9690.0,0.0,14.3,14174000
2018-06-05,9520.0,0.0,14.5,14174000
2018-06-06,9390.0,0.0,15.4,14174000
2018-06-07,9300.0,0.0,16.1,14174000
2018-06-08,9250.0,0.9,15.5,14174000
2018-06-09,9120.0,10.7,12.6,14174000
2018-06-10,9080.0,3.9,11.1,14174000
2018-06-11,9090.0,6.8,13.0,14174000
2018-06-12,8410.0,0.0,14.6,14174000
2018-06-13,7590.0,2.6,15.0,14174000
2018-06-14,6800.0,0.0,14.6,14174000
2018-06-15,6380.0,0.1,14.5,14174000
2018-06-16,6060.0,0.0,15.4,14174000
2018-06-17,5890.0,0.0,18.9,14174000
2018-06-18,5870.0,0.0,20.4,14174000
2018-06-19,5800.0,0.0,20.3,14174000
2018-06-20,5690.0,0.0,21.4,14174000
2018-06-21,5620.0,0.0,19.0,14174000
2018-06-22,5860.0,0.0,17.6,14174000
2018-06-23,5900.0,0.0,18.1,14174000
2018-06-24,5880.0,0.0,19.9,14174000
2018-06-25,5840.0,0.5,18.3,14174000
2018-06-26,5760.0,0.0,15.6,14174000
2018-06-27,5750.0,0.0,17.8,14174000
2018-06-28,5760.0,0.2,15.9,14174000
2018-06-29,5650.0,0.0,17.3,14174000
2018-06-30,5520.0,0.0,18.6,14174000
2018-07-01,5470.0,0.0,20.1,14174000
2018-07-02,5300.0,0.0,16.9,14174000
2018-07-03,5160.0,0.0,15.7,14174000
2018-07-04,5200.0,0.0,19.1,14174000
2018-07-05,5220.0,3.1,18.8,14174000
2018-07-06,5160.0,0.0,19.5,14174000
2018-07-07,5170.0,0.0,17.6,14174000
2018-07-08,5370.0,0.0,19.2,14174000
2018-07-09,5390.0,0.0,17.9,14174000
2018-07-10,5380.0,0.1,17.7,14174000
2018-07-11,5400.0,0.0,21.3,14174000
2018-07-12,5340.0,0.0,25.2,14174000
2018-07-13,5300.0,0.0,25.8,14174000
2018-07-14,5240.0,0.0,22.9,14174000
2018-07-15,5230.0,0.0,24.6,14174000
2018-07-16,5230.0,0.0,25.2,14174000
2018-07-17,5200.0,0.0,22.9,14174000
2018-07-18,5100.0,0.0,20.7,14174000
2018-07-19,4870.0,0.0,20.1,14174000
2018-07-20,4760.0,0.0,18.1,14174000
2018-07-21,4760.0,0.0,19.0,14174000
2018-07-22,4770.0,0.0,20.8,14174000
2018-07-23,4830.0,0.0,22.3,14174000
2018-07-24,4850.0,0.0,23.8,14174000
2018-07-25,4750.0,0.0,24.5,14174000
2018-07-26,4740.0,0.0,25.6,14174000
2018-07-27,4730.0,0.0,23.2,14174000
2018-07-28,4510.0,0.0,21.2,14174000
2018-07-29,4480.0,0.0,23.6,14174000
2018-07-30,4460.0,0.0,23.8,14174000
2018-07-31,4670.0,0.0,22.1,14174000
2018-08-01,4870.0,0.0,20.7,14174000
2018-08-02,4910.0,0.0,19.6,14174000
2018-08-03,5050.0,0.0,18.4,14174000
2018-08-04,5050.0,0.0,19.9,14174000
2018-08-05,5050.0,0.0,20.4,14174000
2018-08-06,5040.0,0.0,21.6,14174000
2018-08-07,4990.0,0.0,22.8,14174000
2018-08-08,5050.0,0.0,24.0,14174000
2018-08-09,5000.0,0.0,23.4,14174000
2018-08-10,4980.0,0.0,23.4,14174000
2018-08-11,4940.0,0.1,20.8,14174000
2018-08-12,4930.0,0.0,19.8,14174000
2018-08-13,4910.0,0.0,21.5,14174000
2018-08-14,4890.0,0.0,23.4,14174000
2018-08-15,4930.0,0.0,22.5,14174000
2018-08-16,4960.0,0.0,21.3,14174000
2018-08-17,4960.0,0.0,19.0,14174000
2018-08-18,4910.0,0.0,19.6,14174000
2018-08-19,4900.0,0.0,20.7,14174000
2018-08-20,4890.0,0.0,20.6,14174000
2018-08-21,4880.0,0.0,24.2,14174000
2018-08-22,4860.0,0.0,24.5,14174000
2018-08-23,4840.0,0.0,19.5,14174000
2018-08-24,4860.0,0.0,17.4,14174000
2018-08-25,4870.0,0.0,15.9,14174000
2018-08-26,4890.0,0.2,17.8,14174000
2018-08-27,4920.0,2.5,18.6,14174000
2018-08-28,4930.0,0.0,20.2,14174000
2018-08-29,4890.0,0.0,21.0,14174000
2018-08-30,4950.0,0.0,17.5,14174000
2018-08-31,5000.0,0.0,16.7,14174000
2018-09-01,4960.0,0.0,17.5,14174000
2018-09-02,4940.0,0.0,17.9,14174000
2018-09-03,4950.0,0.0,19.2,14174000
2018-09-04,4920.0,0.0,17.9,14174000
2018-09-05,4760.0,0.0,20.0,14174000
2018-09-06,4650.0,0.0,19.8,14174000
2018-09-07,4590.0,0.0,17.9,14174000
2018-09-08,4550.0,0.0,18.1,14174000
2018-09-09,4540.0,0.0,16.9,14174000
2018-09-10,4530.0,2.6,18.5,14174000
2018-09-11,4570.0,0.1,16.2,14174000
2018-09-12,4820.0,0.8,15.3,14174000
2018-09-13,4930.0,0.8,14.7,14174000
2018-09-14,4780.0,0.2,14.4,14174000
2018-09-15,4520.0,0.0,14.8,14174000
2018-09-16,4410.0,1.7,15.4,14174000
2018-09-17,4390.0,0.0,13.6,14174000
2018-09-18,4440.0,0.0,13.8,14174000
2018-09-19,4470.0,0.0,14.0,14174000
2018-09-20,4440.0,0.0,15.3,14174000
2018-09-21,4480.0,0.0,15.9,14174000
2018-09-22,4460.0,2.0,17.7,14174000
2018-09-23,4490.0,0.0,13.7,14174000
2018-09-24,4490.0,0.0,13.7,14174000
2018-09-25,4480.0,0.0,16.0,14174000
2018-09-26,4670.0,0.0,17.8,14174000
2018-09-27,4720.0,0.0,18.4,14174000
2018-09-28,4740.0,0.0,19.6,14174000
2018-09-29,4670.0,4.6,16.1,14174000
2018-09-30,4550.0,1.1,15.9,14174000
2018-10-01,4490.0,0.0,16.2,14174000
2018-10-02,4530.0,0.0,16.9,14174000
2018-10-03,4540.0,0.0,12.2,14174000
2018-10-04,4540.0,0.0,13.8,14174000
2018-10-05,4590.0,7.5,11.0,14174000
2018-10-06,4630.0,4.5,13.2,14174000
2018-10-07,4810.0,0.0,10.6,14174000
2018-10-08,4740.0,4.1,13.0,14174000
2018-10-09,4700.0,1.8,14.5,14174000
2018-10-10,4670.0,0.0,12.0,14174000
2018-10-11,4600.0,0.0,11.3,14174000
2018-10-12,4580.0,0.0,12.0,14174000
2018-10-13,4540.0,0.0,13.5,14174000
2018-10-14,4470.0,0.0,13.7,14174000
2018-10-15,4410.0,0.0,12.2,14174000
2018-10-16,4370.0,0.0,13.2,14174000
2018-10-17,4330.0,0.0,14.7,14174000
2018-10-18,4310.0,0.0,14.0,14174000
2018-10-19,4310.0,0.0,12.5,14174000
2018-10-20,4290.0,0.0,12.2,14174000
2018-10-21,4280.0,0.0,12.2,14174000
2018-10-22,4270.0,0.0,11.2,14174000
2018-10-23,4310.0,0.4,11.1,14174000
2018-10-24,4330.0,0.2,11.2,14174000
2018-10-25,4310.0,0.0,12.8,14174000
2018-10-26,4460.0,3.9,15.0,14174000
2018-10-27,4980.0,6.0,13.6,14174000
2018-10-28,5100.0,19.1,14.7,14174000
2018-10-29,5230.0,10.7,11.4,14174000
2018-10-30,5610.0,1.8,9.8,14174000
2018-10-31,5490.0,7.7,11.2,14174000
2018-11-01,5420.0,5.4,14.5,14174000
2018-11-02,5770.0,1.6,14.5,14174000
2018-11-03,5760.0,0.0,11.2,14174000
2018-11-04,5760.0,5.1,13.1,14174000
2018-11-05,5710.0,1.4,10.3,14174000
2018-11-06,5330.0,0.2,9.5,14174000
2018-11-07,4640.0,0.0,7.2,14174000
2018-11-08,4370.0,0.0,5.5,14174000
2018-11-09,4110.0,0.0,3.8,14174000
2018-11-10,3960.0,0.0,5.9,14174000
2018-11-11,3890.0,0.0,4.3,14174000
2018-11-12,3830.0,0.0,5.1,14174000
2018-11-13,3780.0,0.0,4.9,14174000
2018-11-14,3750.0,0.2,6.7,14174000
2018-11-15,3730.0,0.0,7.5,14174000
2018-11-16,3730.0,0.0,7.2,14174000
2018-11-17,3700.0,0.0,9.0,14174000
2018-11-18,3680.0,0.0,5.8,14174000
2018-11-19,3660.0,0.0,4.1,14174000
2018-11-20,3660.0,0.0,3.1,14174000
2018-11-21,3650.0,8.5,5.4,14174000
2018-11-22,3720.0,14.1,8.0,14174000
2018-11-23,4170.0,15.3,8.4,14174000
2018-11-24,5380.0,0.9,7.2,14174000
2018-11-25,6170.0,0.0,5.5,14174000
2018-11-26,5550.0,0.0,8.6,14174000
2018-11-27,5670.0,27.3,12.5,14174000
2018-11-28,7100.0,14.9,9.5,14174000
2018-11-29,9320.0,2.0,7.1,14174000
2018-11-30,8810.0,5.1,6.8,14174000
2018-12-01,8410.0,7.1,5.9,14174000
2018-12-02,8680.0,1.1,4.4,14174000
2018-12-03,8160.0,1.7,3.2,14174000
2018-12-04,7490.0,0.0,1.5,14174000
2018-12-05,6840.0,0.0,1.1,14174000
2018-12-06,6120.0,0.0,0.3,14174000
2018-12-07,5570.0,0.2,-1.2,14174000
2018-12-08,5210.0,4.1,2.5,14174000
2018-12-09,5110.0,5.7,3.4,14174000
2018-12-10,5090.0,5.7,6.6,14174000
2018-12-11,5170.0,2.5,7.0,14174000
2018-12-12,5580.0,11.6,7.2,14174000
2018-12-13,7690.0,0.0,7.9,14174000
2018-12-14,7880.0,5.4,5.7,14174000
2018-12-15,7770.0,3.4,5.4,14174000
2018-12-16,7610.0,17.2,7.7,14174000
2018-12-17,7220.0,0.8,8.2,14174000
2018-12-18,10100.0,36.3,10.1,14174000
2018-12-19,19300.0,0.2,9.5,14174000
2018-12-20,20100.0,9.4,10.3,14174000
2018-12-21,18700.0,1.0,5.0,14174000
2018-12-22,19400.0,0.1,2.7,14174000
2018-12-23,18800.0,17.0,7.0,14174000
2018-12-24,20600.0,26.4,8.0,14174000
2018-12-25,24100.0,0.0,5.0,14174000
2018-12-26,21500.0,0.8,4.6,14174000
2018-12-27,19200.0,3.1,4.5,14174000
2018-12-28,16700.0,0.2,5.6,14174000
2018-12-29,14500.0,1.8,7.5,14174000
2018-12-30,13800.0,10.6,8.1,14174000
2018-12-31,15300.0,0.6,3.4,14174000
2019-01-01,15100.0,0.0,0.2,14174000
2019-01-02,14200.0,0.0,0.3,14174000
2019-01-03,13500.0,0.7,5.7,14174000
2019-01-04,12700.0,3.4,7.8,14174000
2019-01-05,11800.0,0.4,4.3,14174000
2019-01-06,11300.0,10.0,5.4,14174000
2019-01-07,11700.0,1.7,3.9,14174000
2019-01-08,11400.0,10.2,4.6,14174000
2019-01-09,11700.0,2.4,6.0,14174000
2019-01-10,12100.0,3.2,9.6,14174000
2019-01-11,12000.0,0.0,6.7,14174000
2019-01-12,11300.0,0.0,3.6,14174000
2019-01-13,10600.0,0.0,3.1,14174000
2019-01-14,9870.0,0.0,1.6,14174000
2019-01-15,9310.0,0.0,0.9,14174000
2019-01-16,8880.0,2.0,1.3,14174000
2019-01-17,8750.0,13.2,5.8,14174000
2019-01-18,9420.0,8.7,6.7,14174000
2019-01-19,12700.0,20.1,10.4,14174000
2019-01-20,23500.0,20.5,6.6,14174000
2019-01-21,30400.0,3.8,4.8,14174000
2019-01-22,28800.0,1.3,5.4,14174000
2019-01-23,24500.0,4.7,8.9,14174000
2019-01-24,22800.0,0.1,6.2,14174000
2019-01-25,21100.0,0.0,3.9,14174000
2019-01-26,19000.0,0.0,3.6,14174000
2019-01-27,17100.0,0.0,3.6,14174000
2019-01-28,16000.0,0.0,3.8,14174000
2019-01-29,14800.0,0.0,2.9,14174000
2019-01-30,13300.0,0.0,1.9,14174000
2019-01-31,11600.0,0.0,3.4,14174000
2019-02-01,10100.0,7.8,7.1,14174000
2019-02-02,9220.0,2.0,7.3,14174000
2019-02-03,9160.0,9.5,6.2,14174000
2019-02-04,11000.0,6.0,2.7,14174000
2019-02-05,11200.0,1.8,1.0,14174000
2019-02-06,10300.0,2.3,1.2,14174000
2019-02-07,9180.0,0.0,-1.5,14174000
2019-02-08,8350.0,0.0,0.1,14174000
2019-02-09,9050.0,11.6,2.8,14174000
2019-02-10,10700.0,0.1,-1.1,14174000
2019-02-11,10600.0,25.4,3.8,14174000
2019-02-12,14800.0,27.9,6.2,14174000
2019-02-13,17100.0,12.2,5.1,14174000
2019-02-14,17600.0,8.5,4.7,14174000
2019-02-15,18900.0,2.5,5.5,14174000
2019-02-16,19800.0,10.1,4.4,14174000
2019-02-17,19200.0,1.0,2.4,14174000
2019-02-18,17300.0,0.0,1.3,14174000
2019-02-19,14900.0,0.5,2.5,14174000
2019-02-20,14300.0,13.7,4.2,14174000
2019-02-21,15900.0,2.0,1.9,14174000
2019-02-22,14700.0,0.0,1.9,14174000
2019-02-23,13500.0,5.3,5.4,14174000
2019-02-24,20100.0,44.1,4.6,14174000
2019-02-25,36100.0,22.4,1.4,14174000
2019-02-26,35600.0,0.0,-2.7,14174000
2019-02-27,26700.0,9.8,-1.3,14174000
2019-02-28,21600.0,0.3,-2.0,14174000
2019-03-01,19100.0,0.5,1.1,14174000
2019-03-02,18500.0,0.0,-0.0,14174000
2019-03-03,17800.0,0.0,0.6,14174000
2019-03-04,16700.0,0.0,-1.4,14174000
2019-03-05,15700.0,0.0,-1.1,14174000
2019-03-06,15000.0,7.3,0.1,14174000
2019-03-07,15000.0,3.3,2.6,14174000
2019-03-08,15300.0,3.4,2.3,14174000
2019-03-09,15600.0,2.6,2.6,14174000
2019-03-10,15000.0,0.0,2.0,14174000
2019-03-11,14200.0,0.0,3.4,14174000
2019-03-12,13600.0,12.4,7.4,14174000
2019-03-13,15600.0,1.7,4.9,14174000
2019-03-14,15600.0,0.0,5.1,14174000
2019-03-15,14200.0,0.0,6.3,14174000
2019-03-16,13600.0,0.0,7.4,14174000
2019-03-17,13400.0,0.0,7.9,14174000
2019-03-18,13800.0,0.0,9.9,14174000
2019-03-19,14100.0,0.0,10.5,14174000
2019-03-20,14800.0,0.0,11.5,14174000
2019-03-21,15300.0,0.5,10.9,14174000
2019-03-22,15200.0,6.4,7.2,14174000
2019-03-23,15000.0,1.6,8.6,14174000
2019-03-24,15300.0,0.1,7.3,14174000
2019-03-25,14600.0,4.8,7.5,14174000
2019-03-26,13800.0,0.5,6.8,14174000
2019-03-27,12800.0,2.8,6.6,14174000
2019-03-28,11800.0,3.9,6.9,14174000
2019-03-29,11400.0,1.9,7.4,14174000
2019-03-30,11100.0,0.0,8.2,14174000
2019-03-31,10600.0,0.0,10.2,14174000
2019-04-01,10300.0,4.6,11.4,14174000
2019-04-02,11800.0,18.2,11.3,14174000
2019-04-03,15500.0,5.1,12.1,14174000
2019-04-04,17100.0,3.2,10.1,14174000
2019-04-05,18800.0,14.7,10.0,14174000
2019-04-06,23200.0,10.7,8.9,14174000
2019-04-07,31500.0,39.1,11.0,14174000
2019-04-08,50100.0,27.3,11.6,14174000
2019-04-09,72600.0,6.5,9.5,14174000
2019-04-10,93600.0,2.3,9.3,14174000
2019-04-11,92800.0,11.3,8.8,14174000
2019-04-12,80500.0,4.3,10.5,14174000
2019-04-13,75600.0,1.2,8.5,14174000
2019-04-14,71000.0,1.7,7.7,14174000
2019-04-15,62400.0,3.6,6.0,14174000
2019-04-16,53300.0,5.2,9.6,14174000
2019-04-17,46500.0,1.0,11.4,14174000
2019-04-18,39800.0,0.0,13.5,14174000
2019-04-19,33800.0,0.2,14.2,14174000
2019-04-20,29500.0,5.5,11.6,14174000
2019-04-21,26400.0,0.0,9.1,14174000
2019-04-22,23700.0,0.0,9.9,14174000
2019-04-23,21200.0,0.6,13.2,14174000
2019-04-24,19200.0,0.0,11.1,14174000
2019-04-25,17700.0,0.0,10.9,14174000
2019-04-26,16600.0,0.0,12.1,14174000
2019-04-27,16000.0,0.0,10.2,14174000
2019-04-28,15600.0,0.0,7.9,14174000
2019-04-29,14800.0,0.0,10.5,14174000
2019-04-30,14000.0,0.0,11.0,14174000
2019-05-01,12700.0,0.0,10.7,14174000
2019-05-02,11800.0,0.0,8.7,14174000
2019-05-03,10500.0,0.0,10.0,14174000
2019-05-04,9300.0,0.0,12.4,14174000
2019-05-05,8540.0,0.0,14.1,14174000
2019-05-06,8110.0,0.0,14.3,14174000
2019-05-07,7980.0,0.0,15.7,14174000
2019-05-08,8260.0,0.0,14.0,14174000
2019-05-09,8930.0,0.0,17.6,14174000
2019-05-10,9640.0,0.0,16.8,14174000
2019-05-11,9820.0,0.0,18.7,14174000
2019-05-12,10100.0,0.0,14.5,14174000
2019-05-13,10300.0,0.0,13.3,14174000
2019-05-14,10300.0,5.9,13.1,14174000
2019-05-15,10300.0,7.7,11.8,14174000
2019-05-16,10300.0,4.4,12.2,14174000
2019-05-17,10200.0,1.7,12.3,14174000
2019-05-18,10100.0,0.7,12.5,14174000
2019-05-19,10200.0,15.9,12.8,14174000
2019-05-20,10200.0,0.4,12.3,14174000
2019-05-21,10100.0,5.6,12.3,14174000
2019-05-22,10700.0,0.1,13.0,14174000
2019-05-23,11400.0,0.8,14.8,14174000
2019-05-24,11600.0,3.8,13.9,14174000
2019-05-25,11700.0,4.7,11.2,14174000
2019-05-26,11900.0,10.5,10.8,14174000
2019-05-27,11700.0,2.0,14.6,14174000
2019-05-28,11400.0,0.0,14.5,14174000
2019-05-29,11100.0,0.0,13.6,14174000
2019-05-30,10800.0,0.0,15.0,14174000
2019-05-31,10400.0,0.0,16.9,14174000
2019-06-01,10300.0,0.0,17.4,14174000
2019-06-02,10100.0,0.0,17.7,14174000
2019-06-03,9810.0,0.0,15.2,14174000
2019-06-04,9690.0,0.0,15.3,14174000
2019-06-05,9820.0,0.1,16.6,14174000
2019-06-06,9770.0,0.1,13.9,14174000
2019-06-07,9710.0,3.7,12.2,14174000
2019-06-08,9650.0,0.1,12.7,14174000
2019-06-09,9540.0,0.0,15.6,14174000
2019-06-10,9350.0,0.0,20.1,14174000
2019-06-11,9030.0,0.0,23.5,14174000
2019-06-12,8850.0,0.0,26.9,14174000
2019-06-13,8950.0,0.0,22.7,14174000
2019-06-14,8340.0,0.0,18.2,14174000
2019-06-15,8220.0,0.0,18.4,14174000
2019-06-16,8070.0,0.0,19.6,14174000
2019-06-17,7950.0,0.0,19.6,14174000
2019-06-18,7800.0,0.0,19.8,14174000
2019-06-19,7300.0,0.0,16.6,14174000
2019-06-20,6880.0,0.1,15.1,14174000
2019-06-21,6830.0,0.1,14.7,14174000
2019-06-22,6760.0,0.0,16.1,14174000
2019-06-23,6810.0,0.0,17.1,14174000
2019-06-24,6700.0,0.0,16.6,14174000
2019-06-25,6630.0,0.4,17.1,14174000
2019-06-26,6190.0,0.3,15.6,14174000
2019-06-27,5820.0,8.1,13.6,14174000
2019-06-28,5700.0,4.0,14.5,14174000
2019-06-29,5090.0,0.0,16.4,14174000
2019-06-30,4760.0,0.0,17.8,14174000
2019-07-01,4600.0,0.5,18.6,14174000
2019-07-02,4520.0,0.0,16.8,14174000
2019-07-03,4500.0,0.1,16.9,14174000
2019-07-04,4550.0,0.0,18.5,14174000
2019-07-05,4620.0,0.0,18.7,14174000
2019-07-06,4560.0,0.0,17.0,14174000
2019-07-07,4540.0,0.0,17.4,14174000
2019-07-08,4510.0,0.0,18.4,14174000
2019-07-09,4520.0,2.8,18.8,14174000
2019-07-10,4610.0,8.2,18.7,14174000
2019-07-11,4580.0,0.4,19.7,14174000
2019-07-12,4520.0,0.0,20.7,14174000
2019-07-13,4670.0,0.0,20.0,14174000
2019-07-14,4800.0,0.0,21.1,14174000
2019-07-15,4750.0,0.6,20.4,14174000
2019-07-16,4700.0,0.0,20.2,14174000
2019-07-17,4750.0,0.0,18.9,14174000
2019-07-18,4730.0,2.2,19.8,14174000
2019-07-19,4620.0,0.0,17.8,14174000
2019-07-20,4550.0,0.0,19.2,14174000
2019-07-21,4490.0,0.0,20.7,14174000
2019-07-22,4490.0,0.0,20.4,14174000
2019-07-23,4480.0,0.0,19.8,14174000
2019-07-24,4780.0,0.0,18.6,14174000
2019-07-25,4860.0,0.0,22.0,14174000
2019-07-26,4900.0,0.0,24.4,14174000
2019-07-27,4930.0,0.0,21.6,14174000
2019-07-28,4920.0,0.0,21.6,14174000
2019-07-29,4980.0,0.0,20.4,14174000
2019-07-30,5100.0,0.0,19.0,14174000
2019-07-31,5190.0,0.0,20.1,14174000
2019-08-01,5340.0,0.0,21.5,14174000
2019-08-02,5360.0,0.0,22.1,14174000
2019-08-03,5250.0,0.0,23.1,14174000
2019-08-04,5200.0,0.0,24.5,14174000
2019-08-05,5180.0,0.0,23.0,14174000
2019-08-06,5170.0,0.0,21.8,14174000
2019-08-07,5170.0,0.0,20.5,14174000
2019-08-08,5210.0,0.0,19.1,14174000
2019-08-09,5350.0,0.0,19.3,14174000
2019-08-10,5370.0,3.8,18.8,14174000
2019-08-11,5420.0,0.0,19.0,14174000
2019-08-12,5390.0,0.0,19.5,14174000
2019-08-13,5330.0,0.0,22.0,14174000
2019-08-14,5250.0,0.0,21.8,14174000
2019-08-15,5200.0,0.0,21.3,14174000
2019-08-16,5150.0,0.0,20.3,14174000
2019-08-17,5150.0,0.0,19.1,14174000
2019-08-18,5140.0,0.0,19.8,14174000
2019-08-19,5140.0,0.0,20.0,14174000
2019-08-20,5180.0,0.0,20.9,14174000
2019-08-21,5340.0,5.3,17.9,14174000
2019-08-22,5180.0,1.4,17.7,14174000
2019-08-23,5070.0,0.0,17.8,14174000
2019-08-24,5200.0,0.0,19.4,14174000
2019-08-25,5290.0,0.0,19.6,14174000
2019-08-26,5270.0,0.0,20.1,14174000
2019-08-27,5240.0,0.0,23.6,14174000
2019-08-28,5230.0,0.0,25.4,14174000
2019-08-29,5240.0,0.8,22.1,14174000
2019-08-30,5340.0,0.0,21.0,14174000
2019-08-31,5250.0,0.0,20.8,14174000
2019-09-01,5180.0,0.0,21.4,14174000
2019-09-02,5200.0,0.0,19.8,14174000
2019-09-03,5220.0,0.0,20.4,14174000
2019-09-04,5200.0,0.0,19.4,14174000
2019-09-05,5180.0,0.0,22.2,14174000
2019-09-06,5170.0,0.2,21.8,14174000
2019-09-07,5200.0,0.0,18.9,14174000
2019-09-08,5280.0,5.1,17.4,14174000
2019-09-09,5560.0,11.9,16.3,14174000
2019-09-10,5860.0,10.5,16.2,14174000
2019-09-11,5950.0,3.7,15.9,14174000
2019-09-12,5780.0,0.0,17.0,14174000
2019-09-13,5570.0,0.8,18.5,14174000
2019-09-14,5470.0,0.0,17.7,14174000
2019-09-15,5550.0,17.1,16.0,14174000
2019-09-16,5870.0,6.9,14.4,14174000
2019-09-17,6210.0,4.2,14.8,14174000
2019-09-18,6480.0,12.6,14.5,14174000
2019-09-19,7300.0,0.2,14.1,14174000
2019-09-20,6790.0,0.5,15.7,14174000
2019-09-21,6290.0,0.0,15.5,14174000
2019-09-22,6070.0,4.3,15.5,14174000
2019-09-23,5970.0,0.7,14.6,14174000
2019-09-24,5890.0,0.0,17.7,14174000
2019-09-25,5660.0,0.0,15.9,14174000
2019-09-26,5490.0,0.0,15.9,14174000
2019-09-27,5420.0,0.0,14.6,14174000
2019-09-28,5350.0,6.3,11.4,14174000
2019-09-29,5480.0,1.6,9.0,14174000
2019-09-30,5610.0,7.6,8.2,14174000
2019-10-01,5480.0,0.0,8.2,14174000
2019-10-02,5290.0,0.0,8.6,14174000
2019-10-03,5060.0,3.8,11.5,14174000
2019-10-04,5130.0,0.8,11.4,14174000
2019-10-05,5420.0,0.0,10.4,14174000
2019-10-06,5380.0,0.0,11.1,14174000
2019-10-07,5300.0,0.0,12.4,14174000
2019-10-08,5250.0,1.2,14.3,14174000
2019-10-09,5240.0,0.1,7.6,14174000
2019-10-10,5370.0,0.0,7.1,14174000
2019-10-11,5870.0,0.0,8.4,14174000
2019-10-12,6110.0,0.0,8.5,14174000
2019-10-13,6190.0,1.7,11.1,14174000
2019-10-14,6230.0,0.0,9.1,14174000
2019-10-15,6160.0,0.0,10.5,14174000
2019-10-16,6210.0,3.8,11.9,14174000
2019-10-17,6590.0,9.9,11.8,14174000
2019-10-18,6800.0,9.2,11.3,14174000
2019-10-19,7240.0,13.8,11.3,14174000
2019-10-20,7800.0,0.6,10.9,14174000
2019-10-21,8070.0,1.1,13.8,14174000
2019-10-22,7520.0,6.6,14.8,14174000
2019-10-23,7140.0,0.0,10.6,14174000
2019-10-24,6990.0,0.0,9.6,14174000
2019-10-25,6710.0,0.0,11.8,14174000
2019-10-26,6240.0,0.0,9.2,14174000
2019-10-27,5840.0,0.0,6.9,14174000
2019-10-28,5580.0,0.0,5.0,14174000
2019-10-29,5310.0,0.0,5.1,14174000
2019-10-30,5140.0,0.0,2.7,14174000
2019-10-31,5020.0,0.0,3.4,14174000
2019-11-01,4950.0,0.0,4.9,14174000
2019-11-02,5030.0,0.0,6.5,14174000
2019-11-03,5230.0,0.0,7.9,14174000
2019-11-04,5670.0,0.0,6.5,14174000
2019-11-05,7120.0,0.0,6.0,14174000
2019-11-06,7270.0,0.0,5.1,14174000
2019-11-07,7320.0,0.0,4.7,14174000
2019-11-08,7180.0,0.0,6.8,14174000
2019-11-09,6520.0,0.1,8.7,14174000
2019-11-10,5300.0,0.0,9.7,14174000
2019-11-11,4840.0,0.0,10.1,14174000
2019-11-12,4590.0,0.2,8.9,14174000
2019-11-13,4360.0,0.0,8.7,14174000
2019-11-14,4220.0,0.0,7.0,14174000
2019-11-15,4440.0,2.6,9.9,14174000
2019-11-16,4360.0,0.0,10.0,14174000
2019-11-17,4140.0,0.3,9.8,14174000
2019-11-18,4070.0,3.8,10.7,14174000
2019-11-19,4110.0,6.0,11.5,14174000
2019-11-20,4270.0,0.0,7.2,14174000
2019-11-21,4470.0,0.0,5.2,14174000
2019-11-22,4300.0,0.0,4.7,14174000
2019-11-23,4200.0,0.0,3.0,14174000
2019-11-24,4130.0,1.2,6.3,14174000
2019-11-25,4130.0,5.2,5.7,14174000
2019-11-26,4220.0,9.0,4.2,14174000
2019-11-27,4430.0,7.7,3.4,14174000
2019-11-28,4420.0,0.0,1.5,14174000
2019-11-29,4340.0,0.0,-0.3,14174000
2019-11-30,4240.0,0.0,-0.9,14174000
2019-12-01,4240.0,7.0,1.5,14174000
2019-12-02,4200.0,0.2,1.9,14174000
2019-12-03,4140.0,0.0,2.4,14174000
2019-12-04,4080.0,0.0,3.0,14174000
2019-12-05,4040.0,0.0,4.6,14174000
2019-12-06,4040.0,0.7,4.5,14174000
2019-12-07,4230.0,19.0,5.7,14174000
2019-12-08,4290.0,2.9,7.7,14174000
2019-12-09,4390.0,0.0,6.3,14174000
2019-12-10,4400.0,6.7,4.0,14174000
2019-12-11,4580.0,11.0,7.5,14174000
2019-12-12,5040.0,13.4,9.6,14174000
2019-12-13,6030.0,1.5,8.2,14174000
2019-12-14,8110.0,0.5,5.3,14174000
2019-12-15,7840.0,0.2,3.3,14174000
2019-12-16,7230.0,0.2,4.2,14174000
2019-12-17,6820.0,0.0,2.7,14174000
2019-12-18,6560.0,0.0,1.0,14174000
2019-12-19,6410.0,21.6,7.7,14174000
2019-12-20,7180.0,4.4,12.7,14174000
2019-12-21,10000.0,20.6,11.5,14174000
2019-12-22,12100.0,12.8,6.6,14174000
2019-12-23,13000.0,6.2,6.2,14174000
2019-12-24,12300.0,0.1,2.5,14174000
2019-12-25,10700.0,2.4,5.2,14174000
2019-12-26,9470.0,0.0,2.5,14174000
2019-12-27,8530.0,0.4,3.9,14174000
2019-12-28,7700.0,0.0,3.1,14174000
2019-12-29,7040.0,1.5,5.3,14174000
2019-12-30,6660.0,0.2,5.0,14174000
2019-12-31,6340.0,1.5,6.1,14174000
2020-01-01,6730.0,11.9,10.1,14174000
2020-01-02,9860.0,0.2,8.0,14174000
2020-01-03,11100.0,0.0,9.6,14174000
2020-01-04,11300.0,13.8,8.4,14174000
2020-01-05,12300.0,10.2,6.5,14174000
2020-01-06,13000.0,11.1,6.8,14174000
2020-01-07,13800.0,3.4,9.6,14174000
2020-01-08,15200.0,14.3,7.1,14174000
2020-01-09,18600.0,3.1,4.5,14174000
2020-01-10,20300.0,5.3,5.8,14174000
2020-01-11,23100.0,9.1,7.0,14174000
2020-01-12,31300.0,18.6,6.2,14174000
2020-01-13,35900.0,12.8,3.7,14174000
2020-01-14,36300.0,7.0,3.0,14174000
2020-01-15,31400.0,1.2,2.4,14174000
2020-01-16,28200.0,21.8,3.9,14174000
2020-01-17,28900.0,1.2,2.8,14174000
2020-01-18,26100.0,5.5,6.2,14174000
2020-01-19,24000.0,0.5,8.2,14174000
2020-01-20,22200.0,0.0,7.3,14174000
2020-01-21,21300.0,9.7,7.3,14174000
2020-01-22,22700.0,5.9,7.5,14174000
2020-01-23,23300.0,1.3,11.5,14174000
2020-01-24,26200.0,14.3,11.0,14174000
2020-01-25,31900.0,2.8,10.4,14174000
2020-01-26,33100.0,15.8,10.6,14174000
2020-01-27,35800.0,6.8,8.4,14174000
2020-01-28,38800.0,21.2,9.6,14174000
2020-01-29,47300.0,5.2,8.7,14174000
2020-01-30,52800.0,5.1,9.3,14174000
2020-01-31,52000.0,2.3,12.8,14174000
2020-02-01,46000.0,4.4,11.8,14174000
2020-02-02,39900.0,0.8,4.8,14174000
2020-02-03,34000.0,0.7,2.9,14174000
2020-02-04,28000.0,0.6,1.6,14174000
2020-02-05,21400.0,5.7,5.5,14174000
2020-02-06,18800.0,0.6,9.4,14174000
2020-02-07,19100.0,1.0,9.7,14174000
2020-02-08,22300.0,4.2,7.4,14174000
2020-02-09,24300.0,0.0,3.6,14174000
2020-02-10,23300.0,0.0,2.7,14174000
2020-02-11,20100.0,0.0,3.6,14174000
2020-02-12,16900.0,0.0,5.8,14174000
2020-02-13,14600.0,1.0,3.4,14174000
2020-02-14,13100.0,1.3,5.5,14174000
2020-02-15,12000.0,8.5,6.0,14174000
2020-02-16,13200.0,20.7,7.5,14174000
2020-02-17,17400.0,1.3,4.6,14174000
2020-02-18,15400.0,0.0,2.9,14174000
2020-02-19,13700.0,0.0,2.2,14174000
2020-02-20,12500.0,0.0,3.2,14174000
2020-02-21,11500.0,0.0,4.5,14174000
2020-02-22,10400.0,0.0,4.6,14174000
2020-02-23,9670.0,2.1,7.3,14174000
2020-02-24,9350.0,0.3,4.7,14174000
2020-02-25,9060.0,0.0,3.5,14174000
2020-02-26,8620.0,0.0,7.7,14174000
2020-02-27,8230.0,0.0,5.5,14174000
2020-02-28,8010.0,0.0,7.8,14174000
2020-02-29,7810.0,9.3,6.4,14174000
2020-03-01,7940.0,1.2,3.2,14174000
2020-03-02,7740.0,0.0,4.4,14174000
2020-03-03,7400.0,1.5,8.8,14174000
2020-03-04,7070.0,0.6,8.6,14174000
2020-03-05,6910.0,0.0,7.8,14174000
2020-03-06,7010.0,2.3,7.4,14174000
2020-03-07,7140.0,11.1,5.4,14174000
2020-03-08,7320.0,0.0,2.9,14174000
2020-03-09,7020.0,0.0,5.0,14174000
2020-03-10,6780.0,0.0,5.3,14174000
2020-03-11,6530.0,0.0,5.7,14174000
2020-03-12,6330.0,0.0,5.4,14174000
2020-03-13,6210.0,1.4,3.9,14174000
2020-03-14,6570.0,13.4,3.7,14174000
2020-03-15,7060.0,1.2,3.4,14174000
2020-03-16,6800.0,0.3,4.2,14174000
2020-03-17,6530.0,0.0,6.1,14174000
2020-03-18,6380.0,0.0,6.9,14174000
2020-03-19,6240.0,0.0,6.7,14174000
2020-03-20,6090.0,0.0,8.3,14174000
2020-03-21,5930.0,0.0,8.2,14174000
2020-03-22,5780.0,0.0,7.3,14174000
2020-03-23,5710.0,5.1,8.1,14174000
2020-03-24,5780.0,13.9,6.2,14174000
2020-03-25,6010.0,8.3,5.1,14174000
2020-03-26,6220.0,0.0,4.8,14174000
2020-03-27,6120.0,1.8,6.5,14174000
2020-03-28,6020.0,4.2,8.2,14174000
2020-03-29,6110.0,11.1,9.1,14174000
2020-03-30,7260.0,12.4,8.8,14174000
2020-03-31,12600.0,11.4,7.3,14174000
2020-04-01,20300.0,7.7,5.1,14174000
2020-04-02,17000.0,7.1,5.5,14174000
2020-04-03,14300.0,4.2,4.5,14174000
2020-04-04,12800.0,2.5,5.2,14174000
2020-04-05,11900.0,4.4,7.6,14174000
2020-04-06,11300.0,1.5,9.7,14174000
2020-04-07,10900.0,0.0,8.4,14174000
2020-04-08,10200.0,0.0,9.0,14174000
2020-04-09,9790.0,0.0,11.4,14174000
2020-04-10,9440.0,0.0,11.8,14174000
2020-04-11,8960.0,0.0,11.1,14174000
2020-04-12,8670.0,0.0,8.7,14174000
2020-04-13,8370.0,0.0,8.4,14174000
2020-04-14,7920.0,0.0,10.0,14174000
2020-04-15,7500.0,0.1,11.1,14174000
2020-04-16,7190.0,0.0,11.4,14174000
2020-04-17,6950.0,0.0,11.2,14174000
2020-04-18,6790.0,1.0,11.4,14174000
2020-04-19,6730.0,2.3,9.1,14174000
2020-04-20,6630.0,0.0,10.3,14174000
2020-04-21,6520.0,0.0,11.4,14174000
2020-04-22,6700.0,14.8,11.3,14174000
2020-04-23,7230.0,6.6,13.0,14174000
2020-04-24,8380.0,2.3,12.7,14174000
2020-04-25,8470.0,4.4,13.1,14174000
2020-04-26,8530.0,0.1,10.5,14174000
2020-04-27,8660.0,6.7,12.9,14174000
2020-04-28,8540.0,0.4,14.6,14174000
2020-04-29,8920.0,0.0,14.5,14174000
2020-04-30,9200.0,0.4,13.5,14174000
2020-05-01,9270.0,0.1,10.1,14174000
2020-05-02,9460.0,12.4,11.8,14174000
2020-05-03,9470.0,1.9,9.5,14174000
2020-05-04,9800.0,0.0,9.6,14174000
2020-05-05,9250.0,0.5,12.9,14174000
2020-05-06,8730.0,3.7,11.6,14174000
2020-05-07,8500.0,0.0,11.0,14174000
2020-05-08,8220.0,0.0,15.3,14174000
2020-05-09,8150.0,0.0,17.4,14174000
2020-05-10,8100.0,0.0,17.0,14174000
2020-05-11,8140.0,3.9,14.7,14174000
2020-05-12,8420.0,8.9,13.0,14174000
2020-05-13,8510.0,5.4,11.3,14174000
2020-05-14,8910.0,19.4,11.2,14174000
2020-05-15,9260.0,0.3,12.1,14174000
2020-05-16,9020.0,2.0,14.0,14174000
2020-05-17,8400.0,4.2,13.0,14174000
2020-05-18,8620.0,13.0,12.5,14174000
2020-05-19,9790.0,0.1,12.2,14174000
2020-05-20,10600.0,0.5,12.3,14174000
2020-05-21,10600.0,2.5,11.6,14174000
2020-05-22,10600.0,0.5,9.9,14174000
2020-05-23,10800.0,0.0,10.4,14174000
2020-05-24,10600.0,0.0,12.6,14174000
2020-05-25,9860.0,0.1,15.1,14174000
2020-05-26,9170.0,0.0,16.8,14174000
2020-05-27,8460.0,0.0,16.6,14174000
2020-05-28,8060.0,0.0,19.4,14174000
2020-05-29,7940.0,0.0,19.6,14174000
2020-05-30,7960.0,10.5,16.4,14174000
2020-05-31,8070.0,3.6,12.3,14174000
2020-06-01,7920.0,0.0,13.0,14174000
2020-06-02,7540.0,0.0,14.4,14174000
2020-06-03,8200.0,0.0,15.4,14174000
2020-06-04,8580.0,0.0,14.7,14174000
2020-06-05,8530.0,0.1,15.9,14174000
2020-06-06,9000.0,11.2,12.6,14174000
2020-06-07,9480.0,6.4,10.8,14174000
2020-06-08,9860.0,2.1,12.2,14174000
2020-06-09,9950.0,5.7,14.2,14174000
2020-06-10,10000.0,2.8,17.4,14174000
2020-06-11,9890.0,2.3,16.4,14174000
2020-06-12,9190.0,4.2,15.7,14174000
2020-06-13,8250.0,4.3,12.2,14174000
2020-06-14,8280.0,2.4,13.4,14174000
2020-06-15,8810.0,8.7,14.6,14174000
2020-06-16,9440.0,16.8,12.6,14174000
2020-06-17,9810.0,0.1,14.2,14174000
2020-06-18,9760.0,0.0,15.8,14174000
2020-06-19,8980.0,0.0,18.9,14174000
2020-06-20,8370.0,3.6,18.3,14174000
2020-06-21,7850.0,0.4,17.5,14174000
2020-06-22,7400.0,0.0,17.7,14174000
2020-06-23,6960.0,0.0,22.0,14174000
2020-06-24,6550.0,0.0,21.2,14174000
2020-06-25,6350.0,0.0,19.4,14174000
2020-06-26,6190.0,0.0,22.0,14174000
2020-06-27,6040.0,0.0,21.1,14174000
2020-06-28,5880.0,0.7,15.9,14174000
2020-06-29,5820.0,0.0,16.4,14174000
2020-06-30,5710.0,2.3,16.6,14174000
2020-07-01,5640.0,0.3,15.0,14174000
2020-07-02,5850.0,0.0,15.9,14174000
2020-07-03,5770.0,0.0,16.3,14174000
2020-07-04,5700.0,0.0,16.6,14174000
2020-07-05,5630.0,0.0,16.7,14174000
2020-07-06,5640.0,0.0,16.5,14174000
2020-07-07,5570.0,0.3,16.1,14174000
2020-07-08,5420.0,0.1,17.2,14174000
2020-07-09,5310.0,0.4,17.6,14174000
2020-07-10,5200.0,0.0,18.5,14174000
2020-07-11,5150.0,0.0,18.8,14174000
2020-07-12,5100.0,0.0,18.0,14174000
2020-07-13,5010.0,0.0,18.5,14174000
2020-07-14,4930.0,0.0,20.1,14174000
2020-07-15,4990.0,0.0,22.8,14174000
2020-07-16,5140.0,0.0,23.6,14174000
2020-07-17,5140.0,0.0,20.7,14174000
2020-07-18,5120.0,0.0,19.3,14174000
2020-07-19,5120.0,0.0,23.1,14174000
2020-07-20,5130.0,0.0,24.0,14174000
2020-07-21,5100.0,0.0,23.8,14174000
2020-07-22,5100.0,0.0,22.1,14174000
2020-07-23,5160.0,0.0,20.2,14174000
2020-07-24,5060.0,0.0,18.8,14174000
2020-07-25,5010.0,0.0,18.9,14174000
2020-07-26,5370.0,0.0,22.9,14174000
2020-07-27,5450.0,0.0,26.5,14174000
2020-07-28,5420.0,0.0,24.1,14174000
2020-07-29,5400.0,0.0,24.8,14174000
2020-07-30,5350.0,0.0,25.0,14174000
2020-07-31,5450.0,0.0,22.5,14174000
2020-08-01,5660.0,0.0,20.9,14174000
2020-08-02,5760.0,0.0,21.3,14174000
2020-08-03,5780.0,0.0,21.0,14174000
2020-08-04,5770.0,0.0,22.1,14174000
2020-08-05,5720.0,0.0,21.5,14174000
2020-08-06,5710.0,2.8,18.6,14174000
2020-08-07,5750.0,0.0,17.5,14174000
2020-08-08,5760.0,0.0,19.6,14174000
2020-08-09,5730.0,0.0,19.6,14174000
2020-08-10,5640.0,0.0,23.4,14174000
2020-08-11,5720.0,0.0,21.4,14174000
2020-08-12,5480.0,0.0,18.0,14174000
2020-08-13,5340.0,0.0,18.3,14174000
2020-08-14,5530.0,0.0,20.3,14174000
2020-08-15,5640.0,0.0,24.2,14174000
2020-08-16,5680.0,0.0,27.9,14174000
2020-08-17,5690.0,0.0,24.7,14174000
2020-08-18,5800.0,0.0,23.3,14174000
2020-08-19,5820.0,0.0,21.0,14174000
2020-08-20,5820.0,0.1,21.6,14174000
2020-08-21,5780.0,0.4,22.3,14174000
2020-08-22,5790.0,0.1,19.9,14174000
2020-08-23,5790.0,0.0,20.2,14174000
2020-08-24,5790.0,0.0,20.3,14174000
2020-08-25,5780.0,0.0,20.0,14174000
2020-08-26,5740.0,0.0,19.7,14174000
2020-08-27,5700.0,0.0,20.0,14174000
2020-08-28,5700.0,0.0,20.6,14174000
2020-08-29,5640.0,0.0,20.4,14174000
2020-08-30,5460.0,0.0,17.4,14174000
2020-08-31,5420.0,0.0,19.2,14174000
2020-09-01,5540.0,0.0,21.0,14174000
2020-09-02,5550.0,0.0,24.6,14174000
2020-09-03,5800.0,0.0,24.9,14174000
2020-09-04,5540.0,0.0,21.9,14174000
2020-09-05,5490.0,0.0,19.1,14174000
2020-09-06,5470.0,0.0,20.1,14174000
2020-09-07,5480.0,0.0,23.7,14174000
2020-09-08,5430.0,0.0,23.9,14174000
2020-09-09,5950.0,0.0,23.4,14174000
2020-09-10,6070.0,0.0,23.2,14174000
2020-09-11,6240.0,0.0,19.8,14174000
2020-09-12,6370.0,0.0,18.7,14174000
2020-09-13,6220.0,0.0,18.0,14174000
2020-09-14,6110.0,0.0,18.9,14174000
2020-09-15,6170.0,0.0,21.1,14174000
2020-09-16,6130.0,0.0,21.0,14174000
2020-09-17,6010.0,0.0,20.8,14174000
2020-09-18,6350.0,20.9,19.0,14174000
2020-09-19,6580.0,4.6,17.1,14174000
2020-09-20,6640.0,0.0,16.0,14174000
2020-09-21,6440.0,0.0,16.9,14174000
2020-09-22,6330.0,0.1,17.7,14174000
2020-09-23,6310.0,0.0,18.6,14174000
2020-09-24,6510.0,7.7,17.0,14174000
2020-09-25,6650.0,4.8,15.2,14174000
2020-09-26,6630.0,1.6,16.0,14174000
2020-09-27,6970.0,0.0,15.1,14174000
2020-09-28,7040.0,0.0,16.9,14174000
2020-09-29,7150.0,0.0,18.4,14174000
2020-09-30,7080.0,0.0,19.1,14174000
2020-10-01,6900.0,0.0,17.4,14174000
2020-10-02,6850.0,0.0,17.8,14174000
2020-10-03,6670.0,0.0,16.2,14174000
2020-10-04,6510.0,0.0,16.2,14174000
2020-10-05,6460.0,0.0,15.9,14174000
2020-10-06,6490.0,0.0,15.2,14174000
2020-10-07,6640.0,0.0,16.9,14174000
2020-10-08,6600.0,0.3,16.7,14174000
2020-10-09,6540.0,0.0,15.9,14174000
2020-10-10,6650.0,25.0,15.6,14174000
2020-10-11,7490.0,0.5,13.3,14174000
2020-10-12,7710.0,4.1,15.4,14174000
2020-10-13,7830.0,5.8,14.7,14174000
2020-10-14,7810.0,0.0,12.4,14174000
2020-10-15,8430.0,0.0,11.1,14174000
2020-10-16,7910.0,0.0,11.6,14174000
2020-10-17,7780.0,1.8,14.9,14174000
2020-10-18,7960.0,0.0,13.6,14174000
2020-10-19,8060.0,0.6,14.8,14174000
2020-10-20,7850.0,0.0,12.4,14174000
2020-10-21,7310.0,0.2,11.9,14174000
2020-10-22,6610.0,0.0,7.0,14174000
2020-10-23,6480.0,0.0,7.4,14174000
2020-10-24,6420.0,0.3,12.4,14174000
2020-10-25,6470.0,0.0,6.6,14174000
2020-10-26,6450.0,0.0,3.4,14174000
2020-10-27,6380.0,0.0,5.6,14174000
2020-10-28,6300.0,0.0,8.0,14174000
2020-10-29,6100.0,0.0,9.6,14174000
2020-10-30,5830.0,1.2,9.2,14174000
2020-10-31,5680.0,0.0,7.8,14174000
2020-11-01,5610.0,0.0,7.6,14174000
2020-11-02,5570.0,0.0,9.0,14174000
2020-11-03,5490.0,0.8,10.5,14174000
2020-11-04,5360.0,2.2,15.2,14174000
2020-11-05,5240.0,6.2,15.3,14174000
2020-11-06,5300.0,9.3,10.2,14174000
2020-11-07,5750.0,2.0,6.8,14174000
2020-11-08,5890.0,0.2,3.9,14174000
2020-11-09,5750.0,0.0,2.0,14174000
2020-11-10,5600.0,8.1,7.5,14174000
2020-11-11,5670.0,1.9,6.2,14174000
2020-11-12,6210.0,0.3,4.2,14174000
2020-11-13,6400.0,34.6,8.6,14174000
2020-11-14,8980.0,4.5,7.0,14174000
2020-11-15,12500.0,29.3,10.6,14174000
2020-11-16,20100.0,9.7,11.2,14174000
2020-11-17,18100.0,5.9,11.3,14174000
2020-11-18,16400.0,16.9,8.9,14174000
2020-11-19,18100.0,5.4,7.8,14174000
2020-11-20,20700.0,0.0,4.0,14174000
2020-11-21,19100.0,0.0,2.2,14174000
2020-11-22,16900.0,0.2,2.2,14174000
2020-11-23,15500.0,2.5,7.0,14174000
2020-11-24,14200.0,0.0,7.6,14174000
2020-11-25,13300.0,11.6,7.1,14174000
2020-11-26,14100.0,1.0,6.9,14174000
2020-11-27,14800.0,0.0,3.8,14174000
2020-11-28,14200.0,0.2,3.5,14174000
2020-11-29,12800.0,0.0,4.4,14174000
2020-11-30,11800.0,7.7,6.1,14174000
2020-12-01,10300.0,0.1,4.2,14174000
2020-12-02,10100.0,0.0,3.0,14174000
2020-12-03,9680.0,0.0,3.2,14174000
2020-12-04,9000.0,0.0,2.5,14174000
2020-12-05,7750.0,0.0,2.3,14174000
2020-12-06,7200.0,5.1,7.8,14174000
2020-12-07,7120.0,0.0,5.7,14174000
2020-12-08,7180.0,0.0,7.3,14174000
2020-12-09,7060.0,3.0,9.3,14174000
2020-12-10,7100.0,2.3,4.1,14174000
2020-12-11,7190.0,2.4,4.7,14174000
2020-12-12,7950.0,9.0,5.0,14174000
2020-12-13,8460.0,8.7,6.2,14174000
2020-12-14,10900.0,3.6,6.3,14174000
2020-12-15,14700.0,5.8,6.7,14174000
2020-12-16,14400.0,10.6,7.8,14174000
2020-12-17,15800.0,18.4,7.8,14174000
2020-12-18,19800.0,0.1,6.8,14174000
2020-12-19,21800.0,4.1,10.0,14174000
2020-12-20,27000.0,64.3,11.0,14174000
2020-12-21,45000.0,8.0,12.5,14174000
2020-12-22,54700.0,8.3,6.3,14174000
2020-12-23,49300.0,0.0,2.6,14174000
2020-12-24,39200.0,0.0,-0.1,14174000
2020-12-25,33100.0,9.1,-0.4,14174000
2020-12-26,31700.0,18.7,7.6,14174000
2020-12-27,33400.0,0.1,5.2,14174000
2020-12-28,30400.0,0.0,2.5,14174000
2020-12-29,26700.0,0.0,0.3,14174000
2020-12-30,24100.0,6.8,5.3,14174000
2020-12-31,24200.0,11.4,8.0,14174000
2021-01-01,25400.0,3.8,9.6,14174000
2021-01-02,24600.0,11.4,8.1,14174000
2021-01-03,29200.0,26.6,9.3,14174000
2021-01-04,39400.0,22.0,10.2,14174000
2021-01-05,44300.0,1.7,6.7,14174000
2021-01-06,43000.0,14.1,8.9,14174000
2021-01-07,40200.0,7.3,7.7,14174000
2021-01-08,38600.0,12.0,6.7,14174000
2021-01-09,36000.0,0.1,3.9,14174000
2021-01-10,32800.0,10.3,6.1,14174000
2021-01-11,29800.0,0.0,7.6,14174000
2021-01-12,27900.0,35.0,10.7,14174000
2021-01-13,37800.0,24.0,10.8,14174000
2021-01-14,44300.0,0.0,5.7,14174000
2021-01-15,38100.0,4.1,9.3,14174000
2021-01-16,33000.0,0.1,8.0,14174000
2021-01-17,32100.0,1.3,6.9,14174000
2021-01-18,30400.0,0.0,5.7,14174000
2021-01-19,27100.0,0.0,3.8,14174000
2021-01-20,23300.0,0.0,2.4,14174000
2021-01-21,20300.0,0.5,5.1,14174000
2021-01-22,18400.0,0.3,4.5,14174000
2021-01-23,16900.0,0.0,1.7,14174000
2021-01-24,15600.0,3.8,3.2,14174000
2021-01-25,15100.0,0.8,2.6,14174000
2021-01-26,14500.0,3.0,2.6,14174000
2021-01-27,14100.0,13.0,2.1,14174000
2021-01-28,14300.0,14.6,5.2,14174000
2021-01-29,14300.0,0.1,4.3,14174000
2021-01-30,13100.0,3.9,6.6,14174000
2021-01-31,13000.0,11.1,8.2,14174000
2021-02-01,15200.0,25.7,8.9,14174000
2021-02-02,17500.0,9.2,7.4,14174000
2021-02-03,20400.0,24.2,4.7,14174000
2021-02-04,22500.0,0.0,4.3,14174000
2021-02-05,18800.0,1.2,6.6,14174000
2021-02-06,16200.0,0.0,6.0,14174000
2021-02-07,14800.0,0.3,6.9,14174000
2021-02-08,13900.0,0.0,5.0,14174000
2021-02-09,13000.0,0.0,3.5,14174000
2021-02-10,12100.0,0.0,2.6,14174000
2021-02-11,11900.0,4.1,3.6,14174000
2021-02-12,13300.0,14.2,0.5,14174000
2021-02-13,18500.0,44.4,7.1,14174000
2021-02-14,29700.0,5.6,6.6,14174000
2021-02-15,29400.0,9.4,8.9,14174000
2021-02-16,29900.0,10.8,6.6,14174000
2021-02-17,30400.0,0.7,4.7,14174000
2021-02-18,27000.0,9.7,5.0,14174000
2021-02-19,27700.0,10.8,7.5,14174000
2021-02-20,32400.0,9.7,6.2,14174000
2021-02-21,31800.0,2.8,7.0,14174000
2021-02-22,28300.0,1.8,9.0,14174000
2021-02-23,25300.0,1.4,7.2,14174000
2021-02-24,22300.0,0.3,4.7,14174000
2021-02-25,18600.0,1.2,4.9,14174000
2021-02-26,17100.0,8.1,6.6,14174000
2021-02-27,17400.0,1.8,5.5,14174000
2021-02-28,16700.0,0.2,6.4,14174000
2021-03-01,15500.0,0.0,6.8,14174000
2021-03-02,14800.0,0.0,8.1,14174000
2021-03-03,14100.0,0.0,6.3,14174000
2021-03-04,13400.0,0.0,7.4,14174000
2021-03-05,12800.0,11.8,7.5,14174000
2021-03-06,13700.0,5.9,6.1,14174000
2021-03-07,14000.0,4.1,6.8,14174000
2021-03-08,13000.0,0.3,5.0,14174000
2021-03-09,11900.0,1.2,5.8,14174000
2021-03-10,11100.0,3.3,4.9,14174000
2021-03-11,10300.0,0.3,5.1,14174000
2021-03-12,9700.0,0.0,6.1,14174000
2021-03-13,9220.0,0.0,6.9,14174000
2021-03-14,8890.0,4.1,7.6,14174000
2021-03-15,8960.0,5.8,4.2,14174000
2021-03-16,9150.0,0.0,3.5,14174000
2021-03-17,8920.0,0.0,5.2,14174000
2021-03-18,8760.0,6.3,7.3,14174000
2021-03-19,8690.0,3.6,7.9,14174000
2021-03-20,8640.0,6.5,7.2,14174000
2021-03-21,8780.0,0.5,5.6,14174000
2021-03-22,8980.0,11.3,6.7,14174000
2021-03-23,9890.0,0.1,5.4,14174000
2021-03-24,10200.0,3.7,6.1,14174000
2021-03-25,10000.0,3.0,6.3,14174000
2021-03-26,10300.0,0.0,5.7,14174000
2021-03-27,9910.0,0.0,6.9,14174000
2021-03-28,9290.0,0.0,9.1,14174000
2021-03-29,8860.0,3.3,4.9,14174000
2021-03-30,8770.0,0.0,4.9,14174000
2021-03-31,8480.0,0.0,6.1,14174000
2021-04-01,8480.0,0.0,11.2,14174000
2021-04-02,8320.0,0.0,8.7,14174000
2021-04-03,8650.0,0.0,8.9,14174000
2021-04-04,8730.0,0.0,9.4,14174000
2021-04-05,8620.0,0.0,6.1,14174000
2021-04-06,8540.0,0.0,6.6,14174000
2021-04-07,8830.0,0.5,7.9,14174000
2021-04-08,9590.0,1.6,8.5,14174000
2021-04-09,9570.0,0.0,6.5,14174000
2021-04-10,9210.0,3.3,7.4,14174000
2021-04-11,7900.0,0.0,5.8,14174000
2021-04-12,7260.0,0.0,7.8,14174000
2021-04-13,7050.0,0.0,10.4,14174000
2021-04-14,6870.0,0.0,9.9,14174000
2021-04-15,6520.0,0.0,11.1,14174000
2021-04-16,6380.0,0.0,13.4,14174000
2021-04-17,6290.0,0.0,14.4,14174000
2021-04-18,6240.0,0.0,16.2,14174000
2021-04-19,6290.0,0.0,14.0,14174000
2021-04-20,6390.0,0.4,14.0,14174000
2021-04-21,6390.0,0.0,13.0,14174000
2021-04-22,6320.0,0.0,12.4,14174000
2021-04-23,6280.0,0.0,10.3,14174000
2021-04-24,6280.0,5.1,10.7,14174000
2021-04-25,6350.0,7.5,8.8,14174000
2021-04-26,6460.0,0.4,9.4,14174000
2021-04-27,6470.0,0.2,9.4,14174000
2021-04-28,6260.0,0.0,12.3,14174000
2021-04-29,6110.0,0.0,15.1,14174000
2021-04-30,6160.0,0.0,14.6,14174000
2021-05-01,6480.0,4.6,14.4,14174000
2021-05-02,7030.0,0.2,12.0,14174000
2021-05-03,7080.0,0.0,12.4,14174000
2021-05-04,6800.0,0.5,14.3,14174000
2021-05-05,6620.0,0.0,13.8,14174000
2021-05-06,6550.0,1.1,14.7,14174000
2021-05-07,6590.0,1.2,10.8,14174000
2021-05-08,6500.0,0.0,9.4,14174000
2021-05-09,6340.0,0.2,11.6,14174000
2021-05-10,6080.0,0.0,12.7,14174000
2021-05-11,5890.0,0.0,14.1,14174000
2021-05-12,5850.0,0.0,15.6,14174000
2021-05-13,5810.0,0.0,16.6,14174000
2021-05-14,5830.0,0.0,17.3,14174000
2021-05-15,5820.0,0.0,16.1,14174000
2021-05-16,5830.0,0.0,17.2,14174000
2021-05-17,5750.0,0.2,15.4,14174000
2021-05-18,5700.0,0.2,12.7,14174000
2021-05-19,5690.0,2.4,10.1,14174000
2021-05-20,5700.0,4.1,8.7,14174000
2021-05-21,5780.0,2.3,10.2,14174000
2021-05-22,5730.0,0.3,12.4,14174000
2021-05-23,5640.0,0.0,12.6,14174000
2021-05-24,5610.0,1.3,13.5,14174000
2021-05-25,5690.0,8.6,13.6,14174000
2021-05-26,6320.0,0.0,12.3,14174000
2021-05-27,6380.0,2.9,14.1,14174000
2021-05-28,6200.0,0.2,12.7,14174000
2021-05-29,6050.0,0.0,14.6,14174000
2021-05-30,6150.0,0.0,17.3,14174000
2021-05-31,6300.0,0.0,19.6,14174000
2021-06-01,6460.0,0.0,23.1,14174000
2021-06-02,6750.0,0.0,22.8,14174000
2021-06-03,7550.0,0.0,20.5,14174000
2021-06-04,7330.0,0.0,18.4,14174000
2021-06-05,6500.0,0.6,16.4,14174000
2021-06-06,6100.0,0.0,12.4,14174000
2021-06-07,5700.0,0.9,12.7,14174000
2021-06-08,5490.0,1.6,11.8,14174000
2021-06-09,5450.0,0.4,12.7,14174000
2021-06-10,5590.0,0.2,13.1,14174000
2021-06-11,5510.0,5.9,13.8,14174000
2021-06-12,5530.0,1.4,16.8,14174000
2021-06-13,6050.0,30.4,17.6,14174000
2021-06-14,6040.0,5.9,15.9,14174000
2021-06-15,6050.0,0.9,14.9,14174000
2021-06-16,5860.0,0.0,15.2,14174000
2021-06-17,5600.0,0.0,17.5,14174000
2021-06-18,5510.0,0.0,18.4,14174000
2021-06-19,6510.0,0.0,18.0,14174000
2021-06-20,7770.0,0.0,21.6,14174000
2021-06-21,7790.0,0.0,24.4,14174000
2021-06-22,7710.0,0.0,21.5,14174000
2021-06-23,7650.0,0.0,20.1,14174000
2021-06-24,7730.0,0.0,20.0,14174000
2021-06-25,7540.0,0.0,24.0,14174000
2021-06-26,7480.0,0.0,27.0,14174000
2021-06-27,7670.0,0.0,30.2,14174000
2021-06-28,7640.0,0.0,31.3,14174000
2021-06-29,7380.0,0.0,22.0,14174000
2021-06-30,6290.0,0.0,19.9,14174000
2021-07-01,5370.0,0.0,19.8,14174000
2021-07-02,4910.0,0.0,21.2,14174000
2021-07-03,4540.0,0.0,22.6,14174000
2021-07-04,4380.0,0.0,22.2,14174000
2021-07-05,4300.0,0.0,21.7,14174000
2021-07-06,4240.0,0.0,23.2,14174000
2021-07-07,4360.0,0.0,20.2,14174000
2021-07-08,4620.0,0.0,18.4,14174000
2021-07-09,4600.0,0.0,19.6,14174000
2021-07-10,4300.0,0.0,22.6,14174000
2021-07-11,4180.0,0.0,22.1,14174000
2021-07-12,4240.0,0.0,22.6,14174000
2021-07-13,4130.0,0.0,21.6,14174000
2021-07-14,3960.0,0.0,21.4,14174000
2021-07-15,3910.0,0.0,19.3,14174000
2021-07-16,3910.0,0.0,18.8,14174000
2021-07-17,3940.0,0.0,19.3,14174000
2021-07-18,3940.0,0.0,19.9,14174000
2021-07-19,3940.0,0.0,21.8,14174000
2021-07-20,3880.0,0.0,20.6,14174000
2021-07-21,3870.0,0.0,18.6,14174000
2021-07-22,3860.0,0.0,18.9,14174000
2021-07-23,3870.0,0.0,20.0,14174000
2021-07-24,3890.0,0.0,24.2,14174000
2021-07-25,3880.0,0.0,24.5,14174000
2021-07-26,3880.0,0.0,24.2,14174000
2021-07-27,3850.0,0.0,24.2,14174000
2021-07-28,3840.0,0.0,24.7,14174000
2021-07-29,3850.0,0.0,26.2,14174000
2021-07-30,3830.0,0.0,27.3,14174000
2021-07-31,3860.0,0.0,26.6,14174000
2021-08-01,3880.0,0.0,24.3,14174000
2021-08-02,3880.0,0.0,25.7,14174000
2021-08-03,3830.0,0.0,23.3,14174000
2021-08-04,3800.0,0.0,24.7,14174000
2021-08-05,3750.0,0.0,24.1,14174000
2021-08-06,3760.0,0.5,21.5,14174000
2021-08-07,3750.0,0.0,22.6,14174000
2021-08-08,3740.0,0.0,19.5,14174000
2021-08-09,3740.0,0.0,20.3,14174000
2021-08-10,3750.0,0.0,24.2,14174000
2021-08-11,3720.0,0.0,27.7,14174000
2021-08-12,3870.0,0.0,28.5,14174000
2021-08-13,3820.0,0.0,27.9,14174000
2021-08-14,3780.0,0.0,25.5,14174000
2021-08-15,3790.0,0.0,25.6,14174000
2021-08-16,3810.0,0.0,22.9,14174000
2021-08-17,3880.0,0.4,18.9,14174000
2021-08-18,3840.0,0.0,18.1,14174000
2021-08-19,3890.0,0.0,19.5,14174000
2021-08-20,3750.0,0.0,18.9,14174000
2021-08-21,3790.0,0.9,18.4,14174000
2021-08-22,3910.0,0.0,16.9,14174000
2021-08-23,3970.0,0.0,16.3,14174000
2021-08-24,4020.0,0.0,17.8,14174000
2021-08-25,3990.0,0.0,18.5,14174000
2021-08-26,4060.0,0.9,19.1,14174000
2021-08-27,4050.0,0.0,18.7,14174000
2021-08-28,4000.0,0.0,19.0,14174000
2021-08-29,3990.0,0.0,22.3,14174000
2021-08-30,3980.0,0.2,17.6,14174000
2021-08-31,3940.0,0.0,17.1,14174000
2021-09-01,4030.0,0.0,16.7,14174000
2021-09-02,4020.0,0.0,18.5,14174000
2021-09-03,4020.0,0.0,19.7,14174000
2021-09-04,4010.0,0.0,20.7,14174000
2021-09-05,4020.0,0.0,22.0,14174000
2021-09-06,4020.0,0.0,20.6,14174000
2021-09-07,4020.0,0.0,21.9,14174000
2021-09-08,4040.0,1.3,21.5,14174000
2021-09-09,4120.0,0.0,21.5,14174000
2021-09-10,4130.0,0.6,18.6,14174000
2021-09-11,4160.0,0.0,16.4,14174000
2021-09-12,4160.0,0.0,18.9,14174000
2021-09-13,4140.0,0.0,16.8,14174000
2021-09-14,4110.0,0.0,17.7,14174000
2021-09-15,4140.0,0.2,19.1,14174000
2021-09-16,4150.0,0.0,15.4,14174000
2021-09-17,4120.0,0.0,17.3,14174000
2021-09-18,4320.0,19.1,17.3,14174000
2021-09-19,4930.0,19.2,14.4,14174000
2021-09-20,6030.0,0.2,14.5,14174000
2021-09-21,5290.0,0.0,15.8,14174000
2021-09-22,4740.0,0.7,17.4,14174000
2021-09-23,4510.0,0.0,16.2,14174000
2021-09-24,4390.0,0.0,17.5,14174000
2021-09-25,4310.0,0.0,19.2,14174000
2021-09-26,4240.0,0.0,16.5,14174000
2021-09-27,4370.0,17.7,16.8,14174000
2021-09-28,4720.0,6.1,12.6,14174000
2021-09-29,5560.0,0.0,12.2,14174000
2021-09-30,5330.0,1.0,15.0,14174000
2021-10-01,4850.0,0.3,13.5,14174000
2021-10-02,4640.0,0.0,11.6,14174000
2021-10-03,4520.0,0.0,12.5,14174000
2021-10-04,4460.0,0.0,13.2,14174000
2021-10-05,4430.0,5.6,12.5,14174000
2021-10-06,4470.0,2.0,10.8,14174000
2021-10-07,4470.0,0.1,9.9,14174000
2021-10-08,4420.0,0.0,8.8,14174000
2021-10-09,4370.0,0.0,11.3,14174000
2021-10-10,4340.0,2.4,12.3,14174000
2021-10-11,4400.0,0.4,8.9,14174000
2021-10-12,4400.0,0.0,7.3,14174000
2021-10-13,4460.0,7.7,9.0,14174000
2021-10-14,4470.0,0.8,11.1,14174000
2021-10-15,4460.0,0.0,10.5,14174000
2021-10-16,4430.0,0.0,11.8,14174000
2021-10-17,4420.0,0.0,12.2,14174000
2021-10-18,4490.0,1.8,10.4,14174000
2021-10-19,4540.0,0.0,8.8,14174000
2021-10-20,4570.0,6.8,12.2,14174000
2021-10-21,4750.0,4.2,12.1,14174000
2021-10-22,5190.0,31.7,12.5,14174000
2021-10-23,6800.0,7.5,11.2,14174000
2021-10-24,8430.0,6.6,11.9,14174000
2021-10-25,8920.0,5.7,11.6,14174000
2021-10-26,9210.0,9.6,10.5,14174000
2021-10-27,9160.0,8.1,12.0,14174000
2021-10-28,9170.0,3.9,14.9,14174000
2021-10-29,9010.0,7.7,14.4,14174000
2021-10-30,9990.0,0.0,10.0,14174000
2021-10-31,10600.0,0.0,9.5,14174000
2021-11-01,10000.0,9.1,8.9,14174000
2021-11-02,9700.0,0.0,9.6,14174000
2021-11-03,9450.0,0.0,11.2,14174000
2021-11-04,9630.0,22.3,12.2,14174000
2021-11-05,10500.0,3.9,10.1,14174000
2021-11-06,11700.0,13.1,9.2,14174000
2021-11-07,11900.0,8.7,6.9,14174000
2021-11-08,11600.0,1.1,6.3,14174000
2021-11-09,10600.0,16.2,9.3,14174000
2021-11-10,10300.0,0.1,9.4,14174000
2021-11-11,12300.0,35.2,12.9,14174000
2021-11-12,23600.0,2.8,15.4,14174000
2021-11-13,21800.0,3.4,13.6,14174000
2021-11-14,19400.0,0.0,14.7,14174000
2021-11-15,17000.0,8.2,12.5,14174000
2021-11-16,15800.0,0.8,6.8,14174000
2021-11-17,15100.0,0.0,4.6,14174000
2021-11-18,13700.0,1.7,7.5,14174000
2021-11-19,12000.0,7.6,10.3,14174000
2021-11-20,11000.0,0.0,5.4,14174000
2021-11-21,10100.0,0.0,3.3,14174000
2021-11-22,9250.0,0.0,4.4,14174000
2021-11-23,8550.0,21.9,8.3,14174000
2021-11-24,9170.0,0.0,3.9,14174000
2021-11-25,10400.0,0.0,5.1,14174000
2021-11-26,11800.0,18.2,9.3,14174000
2021-11-27,12300.0,2.9,11.6,14174000
2021-11-28,13000.0,0.4,13.5,14174000
2021-11-29,13300.0,0.6,11.5,14174000
2021-11-30,12600.0,0.0,10.5,14174000
2021-12-01,11200.0,0.0,11.0,14174000
2021-12-02,10100.0,0.5,10.2,14174000
2021-12-03,8670.0,0.0,6.2,14174000
2021-12-04,7880.0,0.0,6.1,14174000
2021-12-05,7370.0,0.8,7.2,14174000
2021-12-06,7180.0,12.1,5.7,14174000
2021-12-07,8420.0,3.9,9.7,14174000
2021-12-08,10300.0,2.0,9.2,14174000
2021-12-09,9990.0,8.6,4.1,14174000
2021-12-10,9810.0,2.2,4.5,14174000
2021-12-11,10500.0,30.8,7.3,14174000
2021-12-12,16100.0,35.7,6.5,14174000
2021-12-13,28000.0,24.1,4.1,14174000
2021-12-14,31300.0,0.6,2.7,14174000
2021-12-15,28100.0,1.5,4.5,14174000
2021-12-16,23400.0,9.0,5.8,14174000
2021-12-17,21000.0,0.5,6.7,14174000
2021-12-18,18700.0,0.1,7.8,14174000
2021-12-19,20300.0,51.4,5.9,14174000
2021-12-20,37400.0,22.2,5.2,14174000
2021-12-21,50200.0,4.8,4.4,14174000
2021-12-22,47700.0,10.4,7.1,14174000
2021-12-23,41400.0,9.1,6.9,14174000
2021-12-24,42800.0,19.0,4.1,14174000
2021-12-25,43500.0,5.5,2.6,14174000
2021-12-26,40600.0,3.4,1.1,14174000
2021-12-27,35200.0,3.3,-0.9,14174000
2021-12-28,29900.0,3.8,0.2,14174000
2021-12-29,27000.0,2.1,0.4,14174000
2021-12-30,25000.0,6.6,0.9,14174000
2021-12-31,23500.0,14.3,2.4,14174000
2022-01-01,22200.0,0.0,-0.5,14174000
2022-01-02,19300.0,0.0,2.8,14174000
2022-01-03,22400.0,50.8,7.7,14174000
2022-01-04,39300.0,15.4,4.5,14174000
2022-01-05,49000.0,16.1,7.3,14174000
2022-01-06,52500.0,7.1,10.9,14174000
2022-01-07,57300.0,12.6,8.8,14174000
2022-01-08,55300.0,0.1,5.9,14174000
2022-01-09,47100.0,0.0,2.4,14174000
2022-01-10,38300.0,0.8,3.9,14174000
2022-01-11,35200.0,0.0,8.2,14174000
2022-01-12,35600.0,0.0,9.2,14174000
2022-01-13,37000.0,3.3,8.7,14174000
2022-01-14,38100.0,0.4,7.5,14174000
2022-01-15,38200.0,0.0,5.0,14174000
2022-01-16,35700.0,0.0,2.3,14174000
2022-01-17,31600.0,0.0,3.1,14174000
2022-01-18,28500.0,0.3,5.6,14174000
2022-01-19,26100.0,4.1,8.6,14174000
2022-01-20,25900.0,3.1,10.7,14174000
2022-01-21,26500.0,0.1,6.0,14174000
2022-01-22,25700.0,0.0,3.7,14174000
2022-01-23,23400.0,0.0,2.9,14174000
2022-01-24,21400.0,0.0,2.1,14174000
2022-01-25,19000.0,0.0,1.3,14174000
2022-01-26,17500.0,0.0,0.4,14174000
2022-01-27,15900.0,0.0,0.2,14174000
2022-01-28,15100.0,0.0,0.4,14174000
2022-01-29,13600.0,0.0,0.8,14174000
2022-01-30,12000.0,0.0,3.4,14174000
2022-01-31,11000.0,8.3,5.5,14174000
2022-02-01,10500.0,1.5,2.6,14174000
2022-02-02,9730.0,0.5,4.6,14174000
2022-02-03,9360.0,0.1,6.0,14174000
2022-02-04,9080.0,0.0,3.8,14174000
2022-02-05,8760.0,0.3,7.5,14174000
2022-02-06,8530.0,0.0,4.6,14174000
2022-02-07,8340.0,0.0,5.2,14174000
2022-02-08,8130.0,0.0,5.5,14174000
2022-02-09,7940.0,0.0,6.2,14174000
2022-02-10,7870.0,0.0,7.3,14174000
2022-02-11,7750.0,0.0,6.3,14174000
2022-02-12,7730.0,0.0,6.4,14174000
2022-02-13,7880.0,0.0,7.0,14174000
2022-02-14,7810.0,14.5,8.9,14174000
2022-02-15,7930.0,2.0,4.9,14174000
2022-02-16,7900.0,0.0,7.0,14174000
2022-02-17,7590.0,0.0,5.4,14174000
2022-02-18,7290.0,0.0,5.2,14174000
2022-02-19,7070.0,0.0,5.4,14174000
2022-02-20,7040.0,2.5,6.9,14174000
2022-02-21,7040.0,4.6,3.3,14174000
2022-02-22,7300.0,2.4,2.2,14174000
2022-02-23,7300.0,0.0,-2.3,14174000
2022-02-24,7040.0,0.1,-0.6,14174000
2022-02-25,6900.0,0.0,0.1,14174000
2022-02-26,6790.0,1.7,2.0,14174000
2022-02-27,6790.0,5.2,8.8,14174000
2022-02-28,8150.0,23.2,12.3,14174000
2022-03-01,13000.0,21.3,12.7,14174000
2022-03-02,16400.0,31.2,10.8,14174000
2022-03-03,22600.0,7.5,8.3,14174000
2022-03-04,24500.0,1.6,5.9,14174000
2022-03-05,20100.0,0.1,4.8,14174000
2022-03-06,16400.0,0.0,4.9,14174000
2022-03-07,13900.0,0.0,4.9,14174000
2022-03-08,12300.0,0.3,5.9,14174000
2022-03-09,11200.0,4.3,6.6,14174000
2022-03-10,10800.0,0.0,2.2,14174000
2022-03-11,10100.0,0.0,4.1,14174000
2022-03-12,9500.0,1.4,7.1,14174000
2022-03-13,10800.0,25.6,7.5,14174000
2022-03-14,12700.0,1.6,8.6,14174000
2022-03-15,12900.0,17.6,10.1,14174000
2022-03-16,14900.0,0.0,8.2,14174000
2022-03-17,13900.0,0.3,6.6,14174000
2022-03-18,12400.0,0.2,10.2,14174000
2022-03-19,11500.0,9.7,9.3,14174000
2022-03-20,11200.0,0.4,5.2,14174000
2022-03-21,10800.0,6.6,7.1,14174000
2022-03-22,10500.0,0.8,12.0,14174000
2022-03-23,10300.0,0.8,12.7,14174000
2022-03-24,10100.0,0.0,9.7,14174000
2022-03-25,10000.0,0.0,9.6,14174000
2022-03-26,9790.0,0.0,11.6,14174000
2022-03-27,9470.0,0.1,12.9,14174000
2022-03-28,9250.0,2.7,12.5,14174000
2022-03-29,9100.0,2.3,10.4,14174000
2022-03-30,8790.0,0.2,10.4,14174000
2022-03-31,8560.0,0.0,6.6,14174000
2022-04-01,8350.0,0.0,6.8,14174000
2022-04-02,8140.0,1.3,8.6,14174000
2022-04-03,7950.0,0.0,8.5,14174000
2022-04-04,8430.0,17.6,10.0,14174000
2022-04-05,11400.0,0.6,7.3,14174000
2022-04-06,11900.0,0.0,6.8,14174000
2022-04-07,10800.0,0.0,10.0,14174000
2022-04-08,9790.0,1.0,12.3,14174000
2022-04-09,9240.0,1.9,6.9,14174000
2022-04-10,9040.0,14.2,6.3,14174000
2022-04-11,10500.0,19.1,5.7,14174000
2022-04-12,13900.0,10.7,4.2,14174000
2022-04-13,14900.0,8.9,4.4,14174000
2022-04-14,16600.0,11.8,4.6,14174000
2022-04-15,16400.0,2.4,4.5,14174000
2022-04-16,14900.0,3.3,5.6,14174000
2022-04-17,13900.0,1.3,5.4,14174000
2022-04-18,12900.0,11.4,8.2,14174000
2022-04-19,13500.0,14.4,6.0,14174000
2022-04-20,15800.0,5.0,6.7,14174000
2022-04-21,19000.0,5.9,9.0,14174000
2022-04-22,19400.0,3.8,7.7,14174000
2022-04-23,17100.0,0.0,8.7,14174000
2022-04-24,15700.0,0.0,10.5,14174000
2022-04-25,15100.0,1.0,12.5,14174000
2022-04-26,15100.0,4.4,8.6,14174000
2022-04-27,15200.0,1.1,8.6,14174000
2022-04-28,14400.0,3.3,8.4,14174000
2022-04-29,13600.0,2.0,9.3,14174000
2022-04-30,13700.0,20.1,10.5,14174000
2022-05-01,16600.0,3.0,8.7,14174000
2022-05-02,19100.0,20.2,9.4,14174000
2022-05-03,21700.0,1.6,9.4,14174000
2022-05-04,23200.0,0.0,10.3,14174000
2022-05-05,22400.0,12.8,11.4,14174000
2022-05-06,26600.0,28.4,12.2,14174000
2022-05-07,39200.0,15.6,9.9,14174000
2022-05-08,46600.0,6.5,6.8,14174000
2022-05-09,49100.0,9.3,5.9,14174000
2022-05-10,44900.0,1.1,7.5,14174000
2022-05-11,35600.0,0.1,8.4,14174000
2022-05-12,28900.0,14.8,8.8,14174000
2022-05-13,26700.0,3.3,7.1,14174000
2022-05-14,30300.0,15.9,12.5,14174000
2022-05-15,36600.0,2.8,14.9,14174000
2022-05-16,37100.0,0.8,14.3,14174000
2022-05-17,32500.0,0.0,11.0,14174000
2022-05-18,27800.0,3.6,11.3,14174000
2022-05-19,24400.0,3.2,10.5,14174000
2022-05-20,22300.0,0.5,8.0,14174000
2022-05-21,19800.0,0.0,10.3,14174000
2022-05-22,17400.0,0.0,12.4,14174000
2022-05-23,15200.0,0.0,15.6,14174000
2022-05-24,13900.0,0.0,12.6,14174000
2022-05-25,12900.0,0.0,15.7,14174000
2022-05-26,11800.0,0.2,16.4,14174000
2022-05-27,11200.0,1.3,14.6,14174000
2022-05-28,10900.0,9.7,12.4,14174000
2022-05-29,11200.0,16.4,10.8,14174000
2022-05-30,15700.0,1.3,10.2,14174000
2022-05-31,16100.0,0.1,11.6,14174000
2022-06-01,14400.0,0.0,15.8,14174000
2022-06-02,12800.0,0.0,16.4,14174000
2022-06-03,11900.0,3.7,15.4,14174000
2022-06-04,11900.0,15.5,13.4,14174000
2022-06-05,12500.0,26.5,15.6,14174000
2022-06-06,14500.0,4.0,14.4,14174000
2022-06-07,16100.0,0.0,13.1,14174000
2022-06-08,15700.0,0.4,15.6,14174000
2022-06-09,14500.0,0.0,16.0,14174000
2022-06-10,14100.0,5.7,18.2,14174000
2022-06-11,17600.0,34.3,16.1,14174000
2022-06-12,28600.0,14.0,12.9,14174000
2022-06-13,39300.0,2.8,11.1,14174000
2022-06-14,42800.0,3.3,12.0,14174000
2022-06-15,40700.0,0.0,12.4,14174000
2022-06-16,33700.0,0.2,14.4,14174000
2022-06-17,25600.0,6.3,13.1,14174000
2022-06-18,21100.0,1.8,12.3,14174000
2022-06-19,18000.0,1.7,13.3,14174000
2022-06-20,17700.0,0.2,13.3,14174000
2022-06-21,16200.0,0.0,15.9,14174000
2022-06-22,14600.0,0.0,19.1,14174000
2022-06-23,13400.0,0.0,16.1,14174000
2022-06-24,12900.0,0.0,16.1,14174000
2022-06-25,12100.0,0.0,20.1,14174000
2022-06-26,11100.0,0.0,22.1,14174000
2022-06-27,10500.0,0.0,22.0,14174000
2022-06-28,10000.0,0.0,17.6,14174000
2022-06-29,10200.0,0.0,15.8,14174000
2022-06-30,10600.0,0.0,16.2,14174000
2022-07-01,10300.0,0.0,16.8,14174000
2022-07-02,9900.0,0.0,17.1,14174000
2022-07-03,10200.0,0.2,16.3,14174000
2022-07-04,11100.0,0.0,16.1,14174000
2022-07-05,11100.0,1.7,18.4,14174000
2022-07-06,10400.0,3.1,17.7,14174000
2022-07-07,9690.0,0.4,18.1,14174000
2022-07-08,8190.0,0.0,17.3,14174000
2022-07-09,7760.0,0.0,19.1,14174000
2022-07-10,7590.0,0.0,17.9,14174000
2022-07-11,7440.0,0.0,22.2,14174000
2022-07-12,7330.0,0.0,26.2,14174000
2022-07-13,7190.0,0.0,19.4,14174000
2022-07-14,7080.0,0.0,19.4,14174000
2022-07-15,7000.0,0.0,18.4,14174000
2022-07-16,6570.0,0.0,19.5,14174000
2022-07-17,6000.0,0.0,18.5,14174000
2022-07-18,5680.0,0.0,18.2,14174000
2022-07-19,5560.0,0.0,21.1,14174000
2022-07-20,5510.0,0.0,21.9,14174000
2022-07-21,5400.0,0.0,21.0,14174000
2022-07-22,5280.0,0.0,18.3,14174000
2022-07-23,5240.0,0.0,18.8,14174000
2022-07-24,5250.0,0.0,20.4,14174000
2022-07-25,5190.0,0.0,25.9,14174000
2022-07-26,5090.0,0.0,25.2,14174000
2022-07-27,5060.0,0.0,23.3,14174000
2022-07-28,5040.0,0.0,24.3,14174000
2022-07-29,5130.0,0.0,25.8,14174000
2022-07-30,5290.0,0.0,27.0,14174000
2022-07-31,5440.0,0.0,26.6,14174000
2022-08-01,5420.0,0.0,23.5,14174000
2022-08-02,5360.0,0.0,21.7,14174000
2022-08-03,5240.0,0.0,23.5,14174000
2022-08-04,5000.0,0.0,18.7,14174000
2022-08-05,4890.0,0.0,20.4,14174000
2022-08-06,5020.0,0.0,21.2,14174000
2022-08-07,5080.0,0.0,24.0,14174000
2022-08-08,5030.0,0.6,21.3,14174000
2022-08-09,5070.0,0.0,19.5,14174000
2022-08-10,5290.0,0.0,20.3,14174000
2022-08-11,5280.0,0.0,19.7,14174000
2022-08-12,5220.0,0.0,19.0,14174000
2022-08-13,5190.0,0.0,18.4,14174000
2022-08-14,5190.0,0.0,19.5,14174000
2022-08-15,5170.0,0.0,20.7,14174000
2022-08-16,5100.0,0.0,21.5,14174000
2022-08-17,5060.0,0.0,24.6,14174000
2022-08-18,5040.0,0.0,26.7,14174000
2022-08-19,5110.0,0.0,22.4,14174000
2022-08-20,5150.0,0.0,19.8,14174000
2022-08-21,5140.0,0.0,20.4,14174000
2022-08-22,5110.0,0.0,22.4,14174000
2022-08-23,5030.0,0.0,21.6,14174000
2022-08-24,4960.0,0.0,22.3,14174000
2022-08-25,4930.0,0.0,22.7,14174000
2022-08-26,4920.0,0.0,21.3,14174000
2022-08-27,5260.0,0.2,20.1,14174000
2022-08-28,5520.0,0.0,18.4,14174000
2022-08-29,5540.0,0.0,21.0,14174000
2022-08-30,5400.0,0.0,24.3,14174000
2022-08-31,5510.0,0.0,22.8,14174000
2022-09-01,5550.0,0.0,20.4,14174000
2022-09-02,5820.0,0.0,21.8,14174000
2022-09-03,6670.0,0.1,19.1,14174000
2022-09-04,7030.0,0.0,19.8,14174000
2022-09-05,6970.0,0.0,20.5,14174000
2022-09-06,6940.0,0.0,20.8,14174000
2022-09-07,6920.0,0.0,22.0,14174000
2022-09-08,6910.0,0.0,19.5,14174000
2022-09-09,6860.0,0.0,21.9,14174000
2022-09-10,6590.0,0.0,25.1,14174000
2022-09-11,6360.0,0.0,23.1,14174000
2022-09-12,6270.0,0.9,19.6,14174000
2022-09-13,6140.0,0.0,17.6,14174000
2022-09-14,6180.0,0.0,16.3,14174000
2022-09-15,6100.0,0.0,16.6,14174000
2022-09-16,5930.0,0.0,15.9,14174000
2022-09-17,5920.0,0.0,15.1,14174000
2022-09-18,5890.0,0.8,16.6,14174000
2022-09-19,5860.0,0.0,17.6,14174000
2022-09-20,5830.0,0.1,18.7,14174000
2022-09-21,5840.0,0.4,17.7,14174000
2022-09-22,5810.0,1.7,17.5,14174000
2022-09-23,5810.0,0.0,15.5,14174000
2022-09-24,5810.0,0.0,17.5,14174000
2022-09-25,5780.0,0.0,18.2,14174000
2022-09-26,5750.0,0.0,20.3,14174000
2022-09-27,5700.0,0.0,18.7,14174000
2022-09-28,5710.0,3.8,16.5,14174000
2022-09-29,5850.0,3.4,17.5,14174000
2022-09-30,6160.0,0.0,15.6,14174000
2022-10-01,6410.0,0.0,17.6,14174000
2022-10-02,6610.0,0.0,18.5,14174000
2022-10-03,6740.0,0.0,16.8,14174000
2022-10-04,6770.0,0.0,15.8,14174000
2022-10-05,6790.0,0.0,14.5,14174000
2022-10-06,6790.0,0.0,15.5,14174000
2022-10-07,6790.0,0.0,16.1,14174000
2022-10-08,6790.0,0.0,17.2,14174000
2022-10-09,6750.0,0.0,17.3,14174000
2022-10-10,6730.0,0.0,17.3,14174000
2022-10-11,6700.0,0.0,16.6,14174000
2022-10-12,6670.0,0.0,14.8,14174000
2022-10-13,6670.0,0.0,16.5,14174000
2022-10-14,6780.0,0.0,16.3,14174000
2022-10-15,6770.0,0.0,16.1,14174000
2022-10-16,6730.0,0.0,17.1,14174000
2022-10-17,6720.0,0.0,15.0,14174000
2022-10-18,6710.0,0.0,13.6,14174000
2022-10-19,6730.0,0.0,14.0,14174000
2022-10-20,6740.0,0.0,13.8,14174000
2022-10-21,7210.0,1.3,13.7,14174000
2022-10-22,7830.0,9.5,11.7,14174000
2022-10-23,8950.0,0.8,9.4,14174000
2022-10-24,9930.0,6.6,10.6,14174000
2022-10-25,9770.0,0.5,9.7,14174000
2022-10-26,9800.0,8.2,9.3,14174000
2022-10-27,10400.0,0.0,8.5,14174000
2022-10-28,10500.0,1.7,10.7,14174000
2022-10-29,9760.0,0.1,12.3,14174000
2022-10-30,9320.0,0.0,12.9,14174000
2022-10-31,8930.0,2.5,11.9,14174000
2022-11-01,9040.0,21.9,9.6,14174000
2022-11-02,9680.0,3.5,6.0,14174000
2022-11-03,9980.0,0.7,4.9,14174000
2022-11-04,9890.0,14.2,9.5,14174000
2022-11-05,11100.0,26.9,11.4,14174000
2022-11-06,19600.0,29.6,6.8,14174000
2022-11-07,19400.0,5.4,5.0,14174000
2022-11-08,18600.0,2.5,4.3,14174000
2022-11-09,15000.0,0.0,4.2,14174000
2022-11-10,12500.0,0.0,4.0,14174000
2022-11-11,11000.0,4.3,4.7,14174000
2022-11-12,10100.0,0.7,5.6,14174000
2022-11-13,9740.0,0.0,3.2,14174000
2022-11-14,9180.0,0.0,2.6,14174000
2022-11-15,8850.0,0.0,3.9,14174000
2022-11-16,8510.0,0.0,2.8,14174000
2022-11-17,7790.0,0.0,1.3,14174000
2022-11-18,7420.0,0.0,1.8,14174000
2022-11-19,7320.0,0.0,0.9,14174000
2022-11-20,7550.0,0.0,-0.2,14174000
2022-11-21,7510.0,0.0,2.0,14174000
2022-11-22,7410.0,5.5,6.2,14174000
2022-11-23,7220.0,0.0,7.6,14174000
2022-11-24,7370.0,0.0,4.6,14174000
2022-11-25,7450.0,0.0,5.4,14174000
2022-11-26,7450.0,10.1,4.0,14174000
2022-11-27,7600.0,4.0,4.7,14174000
2022-11-28,7730.0,6.2,5.7,14174000
2022-11-29,8700.0,1.4,2.6,14174000
2022-11-30,9970.0,41.9,6.8,14174000
2022-12-01,14400.0,9.4,3.7,14174000
2022-12-02,15900.0,0.0,2.1,14174000
2022-12-03,12700.0,0.1,3.4,14174000
2022-12-04,10700.0,2.4,2.1,14174000
2022-12-05,8940.0,0.0,1.6,14174000
2022-12-06,7960.0,0.0,1.2,14174000
2022-12-07,7380.0,0.0,2.7,14174000
2022-12-08,7000.0,18.7,6.2,14174000
2022-12-09,7470.0,4.5,4.0,14174000
2022-12-10,8940.0,16.8,7.5,14174000
2022-12-11,10700.0,2.0,5.8,14174000
2022-12-12,11200.0,2.8,5.0,14174000
2022-12-13,11100.0,0.0,2.1,14174000
2022-12-14,10200.0,0.0,1.2,14174000
2022-12-15,9070.0,0.0,0.9,14174000
2022-12-16,8160.0,0.0,1.0,14174000
2022-12-17,7510.0,0.0,-0.1,14174000
2022-12-18,7000.0,0.0,2.3,14174000
2022-12-19,6670.0,0.4,4.8,14174000
2022-12-20,6450.0,1.5,4.6,14174000
2022-12-21,6420.0,1.5,6.0,14174000
2022-12-22,7500.0,0.5,-2.7,14174000
2022-12-23,7840.0,6.3,-0.6,14174000
2022-12-24,8220.0,17.8,5.4,14174000
2022-12-25,11200.0,2.1,11.1,14174000
2022-12-26,17700.0,7.8,12.5,14174000
2022-12-27,23400.0,56.3,10.6,14174000
2022-12-28,37400.0,7.7,6.3,14174000
2022-12-29,43600.0,8.5,6.3,14174000
2022-12-30,38500.0,22.5,9.4,14174000
2022-12-31,41800.0,9.6,7.3,14174000
2023-01-01,42500.0,0.0,4.5,14174000
2023-01-02,37500.0,0.5,1.1,14174000
2023-01-03,34500.0,3.7,5.2,14174000
2023-01-04,31100.0,6.0,3.9,14174000
2023-01-05,29200.0,1.9,8.8,14174000
2023-01-06,26600.0,0.4,7.8,14174000
2023-01-07,24900.0,9.9,8.8,14174000
2023-01-08,23900.0,7.7,8.0,14174000
2023-01-09,23100.0,6.0,7.2,14174000
2023-01-10,20700.0,2.0,4.6,14174000
2023-01-11,18200.0,12.7,7.7,14174000
2023-01-12,17300.0,8.7,10.9,14174000
2023-01-13,16800.0,12.8,10.7,14174000
2023-01-14,16700.0,3.0,8.7,14174000
2023-01-15,17300.0,24.3,8.2,14174000
2023-01-16,19000.0,2.6,5.0,14174000
2023-01-17,18100.0,1.4,5.5,14174000
2023-01-18,17100.0,12.7,6.7,14174000
2023-01-19,17000.0,0.8,4.1,14174000
2023-01-20,15300.0,0.0,1.6,14174000
2023-01-21,13500.0,2.5,1.2,14174000
2023-01-22,12500.0,0.4,2.5,14174000
2023-01-23,11500.0,0.0,2.7,14174000
2023-01-24,10300.0,0.0,1.8,14174000
2023-01-25,9500.0,0.0,2.0,14174000
2023-01-26,9230.0,0.0,2.4,14174000
2023-01-27,9180.0,0.4,4.2,14174000
2023-01-28,9150.0,2.4,5.9,14174000
2023-01-29,9240.0,5.8,1.8,14174000
2023-01-30,8990.0,0.0,-2.7,14174000
2023-01-31,8570.0,0.0,-1.0,14174000
2023-02-01,8340.0,0.0,1.3,14174000
2023-02-02,7860.0,0.0,0.8,14174000
2023-02-03,7430.0,2.0,3.5,14174000
2023-02-04,7390.0,0.5,6.9,14174000
2023-02-05,7520.0,9.8,6.8,14174000
2023-02-06,7990.0,1.6,5.5,14174000
2023-02-07,8350.0,3.6,6.0,14174000
2023-02-08,8340.0,1.1,5.4,14174000
2023-02-09,8720.0,0.0,4.6,14174000
2023-02-10,8440.0,3.8,8.1,14174000
2023-02-11,8180.0,0.0,5.8,14174000
2023-02-12,7940.0,0.0,2.8,14174000
2023-02-13,7710.0,13.7,5.8,14174000
2023-02-14,7930.0,8.3,1.8,14174000
2023-02-15,8380.0,0.0,-0.9,14174000
2023-02-16,8120.0,0.0,1.1,14174000
2023-02-17,7870.0,0.0,2.6,14174000
2023-02-18,7660.0,0.0,4.3,14174000
2023-02-19,7470.0,0.2,5.0,14174000
2023-02-20,7310.0,0.0,6.4,14174000
2023-02-21,7220.0,7.4,6.8,14174000
2023-02-22,7860.0,3.1,2.7,14174000
2023-02-23,8660.0,2.6,1.6,14174000
2023-02-24,8560.0,0.4,-2.1,14174000
2023-02-25,8030.0,0.0,-2.0,14174000
2023-02-26,7870.0,17.9,3.0,14174000
2023-02-27,8560.0,5.7,3.6,14174000
2023-02-28,9260.0,11.2,3.0,14174000
2023-03-01,10800.0,1.7,1.8,14174000
2023-03-02,10200.0,1.7,4.0,14174000
2023-03-03,9800.0,8.9,3.1,14174000
2023-03-04,9690.0,10.5,3.9,14174000
2023-03-05,10000.0,3.0,2.0,14174000
2023-03-06,10200.0,1.0,4.1,14174000
2023-03-07,9940.0,3.0,3.4,14174000
2023-03-08,9610.0,2.1,2.7,14174000
2023-03-09,9450.0,4.1,5.2,14174000
2023-03-10,10200.0,13.4,4.8,14174000
2023-03-11,12200.0,1.0,5.8,14174000
2023-03-12,12600.0,3.1,5.9,14174000
2023-03-13,14200.0,33.3,8.9,14174000
2023-03-14,22600.0,0.3,3.1,14174000
2023-03-15,21800.0,0.5,4.9,14174000
2023-03-16,17400.0,0.0,4.4,14174000
2023-03-17,15000.0,0.0,6.8,14174000
2023-03-18,13600.0,0.0,7.7,14174000
2023-03-19,12700.0,2.0,8.7,14174000
2023-03-20,12900.0,8.0,7.3,14174000
2023-03-21,14000.0,0.1,5.5,14174000
2023-03-22,13300.0,3.8,7.6,14174000
2023-03-23,12500.0,7.4,6.7,14174000
2023-03-24,13100.0,11.6,3.9,14174000
2023-03-25,14600.0,14.3,3.9,14174000
2023-03-26,15600.0,5.8,3.0,14174000
2023-03-27,14900.0,1.1,2.6,14174000
2023-03-28,14800.0,12.3,5.6,14174000
2023-03-29,15500.0,0.7,5.2,14174000
2023-03-30,15000.0,0.6,6.4,14174000
2023-03-31,14100.0,1.3,7.2,14174000
2023-04-01,16000.0,36.8,6.3,14174000
2023-04-02,21400.0,11.3,5.5,14174000
2023-04-03,22900.0,7.2,3.2,14174000
2023-04-04,21800.0,9.9,3.8,14174000
2023-04-05,20700.0,0.9,5.1,14174000
2023-04-06,19800.0,11.1,8.7,14174000
2023-04-07,21500.0,18.9,9.9,14174000
2023-04-08,23900.0,0.2,8.7,14174000
2023-04-09,23000.0,8.5,10.5,14174000
2023-04-10,23900.0,25.6,10.4,14174000
2023-04-11,32500.0,16.6,6.9,14174000
2023-04-12,38600.0,5.8,5.6,14174000
2023-04-13,33600.0,1.7,5.0,14174000
2023-04-14,28000.0,0.0,8.1,14174000
2023-04-15,23900.0,0.2,7.9,14174000
2023-04-16,20400.0,9.6,8.0,14174000
2023-04-17,18800.0,8.3,6.6,14174000
2023-04-18,18500.0,11.7,5.0,14174000
2023-04-19,19100.0,5.2,5.4,14174000
2023-04-20,20200.0,6.7,6.1,14174000
2023-04-21,21700.0,6.9,9.0,14174000
2023-04-22,25600.0,1.4,12.2,14174000
2023-04-23,27300.0,3.4,12.3,14174000
2023-04-24,29500.0,1.6,9.8,14174000
2023-04-25,30500.0,0.0,8.8,14174000
2023-04-26,28000.0,0.0,11.8,14174000
2023-04-27,25500.0,0.0,15.0,14174000
2023-04-28,24400.0,0.0,16.0,14174000
2023-04-29,24400.0,0.0,16.2,14174000
2023-04-30,25000.0,0.0,13.0,14174000
2023-05-01,24600.0,0.1,10.9,14174000
2023-05-02,22300.0,1.3,11.4,14174000
2023-05-03,18700.0,0.0,12.5,14174000
2023-05-04,16900.0,1.5,11.6,14174000
2023-05-05,16500.0,0.2,11.0,14174000
2023-05-06,16100.0,2.6,10.9,14174000
2023-05-07,15400.0,0.4,10.0,14174000
2023-05-08,15000.0,6.9,9.9,14174000
2023-05-09,14600.0,1.1,10.9,14174000
2023-05-10,13800.0,0.0,11.9,14174000
2023-05-11,13100.0,0.1,12.8,14174000
2023-05-12,12400.0,0.0,14.9,14174000
2023-05-13,12200.0,0.0,18.9,14174000
2023-05-14,12500.0,0.0,20.7,14174000
2023-05-15,13000.0,0.0,21.4,14174000
2023-05-16,13400.0,0.0,17.3,14174000
2023-05-17,13700.0,0.0,19.2,14174000
2023-05-18,13500.0,0.0,19.0,14174000
2023-05-19,12700.0,0.0,16.6,14174000
2023-05-20,12400.0,0.0,17.7,14174000
2023-05-21,12400.0,0.1,16.3,14174000
2023-05-22,11900.0,0.0,13.2,14174000
2023-05-23,11200.0,0.0,12.3,14174000
2023-05-24,10200.0,0.0,12.4,14174000
2023-05-25,9420.0,0.0,16.3,14174000
2023-05-26,9160.0,0.0,18.3,14174000
2023-05-27,9300.0,0.0,16.5,14174000
2023-05-28,9230.0,0.0,14.7,14174000
2023-05-29,8580.0,0.0,16.2,14174000
2023-05-30,8380.0,0.0,14.7,14174000
2023-05-31,8310.0,0.0,13.1,14174000
2023-06-01,8180.0,0.0,13.1,14174000
2023-06-02,8090.0,0.0,13.9,14174000
2023-06-03,8210.0,0.0,15.1,14174000
2023-06-04,8190.0,0.0,15.9,14174000
2023-06-05,8170.0,0.0,18.8,14174000
2023-06-06,8000.0,0.0,20.2,14174000
2023-06-07,7880.0,0.0,19.3,14174000
2023-06-08,7840.0,0.0,17.0,14174000
2023-06-09,7900.0,0.0,17.8,14174000
2023-06-10,7820.0,0.0,16.7,14174000
2023-06-11,7750.0,0.0,18.8,14174000
2023-06-12,7660.0,0.0,20.4,14174000
2023-06-13,7510.0,0.0,19.4,14174000
2023-06-14,7290.0,0.0,15.7,14174000
2023-06-15,7170.0,0.0,14.2,14174000
2023-06-16,7120.0,0.0,18.8,14174000
2023-06-17,6720.0,0.2,18.6,14174000
2023-06-18,6470.0,6.7,13.9,14174000
2023-06-19,6480.0,6.3,11.6,14174000
2023-06-20,6540.0,6.0,12.3,14174000
2023-06-21,6570.0,0.0,14.8,14174000
2023-06-22,6410.0,0.0,19.4,14174000
2023-06-23,6290.0,0.0,19.6,14174000
2023-06-24,6150.0,0.0,16.7,14174000
2023-06-25,5970.0,0.0,18.9,14174000
2023-06-26,6040.0,0.0,18.3,14174000
2023-06-27,6020.0,0.0,17.7,14174000
2023-06-28,5930.0,0.0,19.4,14174000
2023-06-29,5840.0,0.0,21.0,14174000
2023-06-30,5780.0,0.0,21.9,14174000
2023-07-01,5740.0,0.0,21.6,14174000
2023-07-02,5700.0,0.0,22.2,14174000
2023-07-03,5650.0,0.0,22.6,14174000
2023-07-04,5590.0,0.0,23.4,14174000
2023-07-05,5560.0,0.0,26.1,14174000
2023-07-06,5490.0,0.0,22.9,14174000
2023-07-07,5460.0,0.0,18.8,14174000
2023-07-08,5450.0,0.0,17.6,14174000
2023-07-09,5480.0,0.0,18.3,14174000
2023-07-10,5480.0,0.0,17.7,14174000
2023-07-11,5440.0,0.0,18.3,14174000
2023-07-12,5400.0,0.0,20.0,14174000
2023-07-13,5370.0,0.0,21.2,14174000
2023-07-14,5320.0,0.0,23.5,14174000
2023-07-15,5170.0,0.0,25.6,14174000
2023-07-16,4830.0,0.0,23.7,14174000
2023-07-17,4710.0,0.0,20.5,14174000
2023-07-18,4670.0,0.0,21.4,14174000
2023-07-19,4690.0,0.0,23.2,14174000
2023-07-20,4670.0,0.0,21.1,14174000
2023-07-21,4800.0,0.0,20.9,14174000
2023-07-22,4640.0,0.0,22.6,14174000
2023-07-23,4610.0,0.0,22.7,14174000
2023-07-24,4600.0,2.3,20.1,14174000
2023-07-25,4580.0,0.9,20.3,14174000
2023-07-26,4590.0,0.0,20.4,14174000
2023-07-27,4770.0,0.0,19.7,14174000
2023-07-28,4690.0,0.0,19.2,14174000
2023-07-29,4630.0,0.0,19.1,14174000
2023-07-30,4630.0,0.0,18.8,14174000
2023-07-31,4650.0,0.0,19.7,14174000
2023-08-01,4660.0,0.0,20.9,14174000
2023-08-02,4610.0,0.0,21.9,14174000
2023-08-03,4600.0,0.0,21.4,14174000
2023-08-04,4520.0,0.0,22.2,14174000
2023-08-05,4500.0,0.0,24.0,14174000
2023-08-06,4520.0,0.0,23.3,14174000
2023-08-07,4460.0,0.0,22.9,14174000
2023-08-08,4410.0,0.0,21.3,14174000
2023-08-09,4370.0,0.0,21.5,14174000
2023-08-10,4330.0,0.0,20.6,14174000
2023-08-11,4300.0,0.0,21.6,14174000
2023-08-12,4330.0,0.0,23.1,14174000
2023-08-13,4370.0,0.0,26.0,14174000
2023-08-14,4380.0,0.0,29.7,14174000
2023-08-15,4360.0,0.0,30.0,14174000
2023-08-16,4320.0,0.0,29.0,14174000
2023-08-17,4320.0,0.0,29.1,14174000
2023-08-18,4320.0,0.0,22.4,14174000
2023-08-19,4190.0,0.0,20.4,14174000
2023-08-20,4040.0,0.0,22.6,14174000
2023-08-21,4040.0,0.0,21.1,14174000
2023-08-22,4040.0,0.0,18.4,14174000
2023-08-23,4020.0,0.0,18.5,14174000
2023-08-24,4020.0,0.0,20.8,14174000
2023-08-25,4040.0,0.0,24.4,14174000
2023-08-26,4130.0,0.0,21.6,14174000
2023-08-27,4390.0,0.0,21.4,14174000
2023-08-28,4480.0,0.0,19.6,14174000
2023-08-29,4540.0,0.5,18.8,14174000
2023-08-30,4550.0,0.2,19.6,14174000
2023-08-31,4660.0,7.8,18.4,14174000
2023-09-01,4760.0,2.8,18.5,14174000
2023-09-02,4720.0,0.0,20.6,14174000
2023-09-03,4600.0,0.4,19.4,14174000
2023-09-04,4600.0,0.0,18.3,14174000
2023-09-05,4580.0,0.0,15.7,14174000
2023-09-06,4540.0,0.0,16.4,14174000
2023-09-07,4470.0,0.0,17.5,14174000
2023-09-08,4450.0,0.0,17.0,14174000
2023-09-09,4400.0,0.0,19.0,14174000
2023-09-10,4290.0,0.0,19.4,14174000
2023-09-11,4270.0,0.0,18.4,14174000
2023-09-12,4260.0,0.0,18.1,14174000
2023-09-13,4270.0,0.0,19.2,14174000
2023-09-14,4250.0,0.0,19.9,14174000
2023-09-15,4240.0,0.0,21.8,14174000
2023-09-16,4230.0,0.0,20.5,14174000
2023-09-17,4200.0,0.0,17.1,14174000
2023-09-18,4210.0,0.0,18.4,14174000
2023-09-19,4210.0,0.0,15.5,14174000
2023-09-20,4190.0,0.0,15.7,14174000
2023-09-21,4190.0,0.0,14.3,14174000
2023-09-22,4180.0,0.0,15.6,14174000
2023-09-23,4220.0,0.0,17.0,14174000
2023-09-24,4260.0,8.5,13.8,14174000
2023-09-25,4540.0,18.3,14.8,14174000
2023-09-26,4670.0,10.3,14.7,14174000
2023-09-27,4690.0,10.8,14.5,14174000
2023-09-28,4700.0,0.7,13.7,14174000
2023-09-29,4660.0,4.1,14.0,14174000
2023-09-30,4900.0,0.0,13.5,14174000
2023-10-01,5110.0,0.0,11.4,14174000
2023-10-02,5140.0,1.4,11.9,14174000
2023-10-03,5240.0,3.4,14.9,14174000
2023-10-04,5560.0,0.0,14.1,14174000
2023-10-05,5940.0,0.0,15.9,14174000
2023-10-06,6190.0,0.0,17.5,14174000
2023-10-07,6240.0,0.0,18.8,14174000
2023-10-08,6230.0,0.0,16.5,14174000
2023-10-09,6150.0,4.4,15.2,14174000
2023-10-10,6200.0,11.7,13.7,14174000
2023-10-11,6540.0,37.9,12.1,14174000
2023-10-12,7560.0,1.1,14.0,14174000
2023-10-13,8370.0,1.9,12.3,14174000
2023-10-14,7650.0,2.2,13.2,14174000
2023-10-15,7460.0,0.4,14.5,14174000
2023-10-16,7280.0,13.7,15.2,14174000
2023-10-17,7580.0,0.4,13.6,14174000
2023-10-18,9160.0,0.0,12.8,14174000
2023-10-19,9910.0,0.0,13.1,14174000
2023-10-20,10100.0,0.0,14.3,14174000
2023-10-21,9350.0,0.1,13.6,14174000
2023-10-22,8220.0,0.0,12.3,14174000
2023-10-23,7810.0,0.2,12.8,14174000
2023-10-24,7660.0,3.6,9.3,14174000
2023-10-25,7660.0,13.3,8.9,14174000
2023-10-26,8140.0,4.4,7.2,14174000
2023-10-27,8490.0,0.0,6.3,14174000
2023-10-28,8130.0,0.0,4.8,14174000
2023-10-29,7960.0,0.0,4.3,14174000
2023-10-30,7780.0,0.0,4.8,14174000
2023-10-31,7580.0,0.0,5.0,14174000
2023-11-01,7410.0,4.9,8.6,14174000
2023-11-02,7350.0,20.8,13.0,14174000
2023-11-03,7090.0,0.3,14.0,14174000
2023-11-04,7240.0,39.4,15.9,14174000
2023-11-05,9610.0,11.9,12.4,14174000
2023-11-06,15500.0,16.0,11.3,14174000
2023-11-07,16000.0,7.5,10.5,14174000
2023-11-08,17100.0,0.1,7.2,14174000
2023-11-09,15800.0,0.0,6.3,14174000
2023-11-10,13900.0,4.3,8.7,14174000
2023-11-11,11700.0,3.1,10.2,14174000
2023-11-12,10100.0,0.0,10.4,14174000
2023-11-13,9160.0,9.2,11.1,14174000
2023-11-14,8750.0,0.0,7.7,14174000
2023-11-15,8450.0,2.3,8.5,14174000
2023-11-16,7860.0,0.0,8.1,14174000
2023-11-17,7160.0,0.0,6.3,14174000
2023-11-18,6670.0,3.2,6.5,14174000
2023-11-19,6840.0,7.6,8.4,14174000
2023-11-20,7950.0,0.0,4.4,14174000
2023-11-21,8480.0,0.0,5.5,14174000
2023-11-22,8700.0,5.5,9.5,14174000
2023-11-23,8690.0,0.1,6.2,14174000
2023-11-24,8370.0,0.0,3.7,14174000
2023-11-25,8040.0,0.0,1.4,14174000
2023-11-26,7840.0,0.0,0.8,14174000
2023-11-27,7350.0,0.0,0.2,14174000
2023-11-28,6960.0,0.0,-1.0,14174000
2023-11-29,7000.0,0.0,-0.4,14174000
2023-11-30,6650.0,6.3,2.8,14174000
2023-12-01,6880.0,10.1,7.1,14174000
2023-12-02,8480.0,16.2,9.3,14174000
2023-12-03,16000.0,47.5,11.4,14174000
2023-12-04,36800.0,14.2,13.3,14174000
2023-12-05,46400.0,5.2,16.5,14174000
2023-12-06,35200.0,39.8,12.6,14174000
2023-12-07,33100.0,16.2,7.5,14174000
2023-12-08,36500.0,6.3,5.3,14174000
2023-12-09,36400.0,0.2,2.9,14174000
2023-12-10,32600.0,15.2,9.4,14174000
2023-12-11,36600.0,3.4,10.3,14174000
2023-12-12,44600.0,0.0,7.5,14174000
2023-12-13,41900.0,0.0,3.8,14174000
2023-12-14,38300.0,0.0,6.0,14174000
2023-12-15,34300.0,0.0,4.8,14174000
2023-12-16,30400.0,0.0,3.1,14174000
2023-12-17,27300.0,0.0,2.5,14174000
2023-12-18,24200.0,0.2,3.6,14174000
2023-12-19,21000.0,11.0,8.8,14174000
2023-12-20,18600.0,0.0,7.6,14174000
2023-12-21,16600.0,0.0,5.7,14174000
2023-12-22,15000.0,5.4,6.0,14174000
2023-12-23,14000.0,0.1,2.5,14174000
2023-12-24,12600.0,3.5,3.0,14174000
2023-12-25,11300.0,8.3,7.7,14174000
2023-12-26,11100.0,7.3,10.2,14174000
2023-12-27,11100.0,3.2,7.6,14174000
2023-12-28,10700.0,0.5,9.4,14174000
2023-12-29,10500.0,1.5,7.5,14174000
2023-12-30,10300.0,3.1,9.0,14174000
2023-12-31,10600.0,0.0,5.2,14174000
2000-01-01,479.0,4.8,3.9,14182500
2000-01-02,523.0,7.2,3.5,14182500
2000-01-03,601.0,7.8,4.6,14182500
2000-01-04,2220.0,19.2,7.1,14182500
2000-01-05,1840.0,0.4,4.2,14182500
2000-01-06,1240.0,0.5,1.3,14182500
2000-01-07,1080.0,3.4,5.3,14182500
2000-01-08,1850.0,5.3,7.6,14182500
2000-01-09,2180.0,14.5,6.2,14182500
2000-01-10,2020.0,18.6,4.5,14182500
2000-01-11,1640.0,10.9,4.2,14182500
2000-01-12,1290.0,11.0,2.1,14182500
2000-01-13,1200.0,27.5,2.8,14182500
2000-01-14,1610.0,17.9,5.2,14182500
2000-01-15,1560.0,0.1,1.4,14182500
2000-01-16,1350.0,12.2,4.8,14182500
2000-01-17,1220.0,0.4,3.9,14182500
2000-01-18,999.0,0.0,2.1,14182500
2000-01-19,879.0,0.2,1.5,14182500
2000-01-20,1030.0,8.1,4.1,14182500
2000-01-21,1010.0,1.2,7.0,14182500
2000-01-22,915.0,4.2,6.3,14182500
2000-01-23,836.0,0.0,2.5,14182500
2000-01-24,905.0,12.8,3.2,14182500
2000-01-25,1170.0,7.3,5.8,14182500
2000-01-26,1200.0,0.1,4.2,14182500
2000-01-27,961.0,0.0,2.8,14182500
2000-01-28,801.0,0.0,1.3,14182500
2000-01-29,685.0,0.0,1.5,14182500
2000-01-30,607.0,1.5,0.4,14182500
2000-01-31,564.0,1.9,4.6,14182500
2000-02-01,4480.0,12.4,9.9,14182500
2000-02-02,3990.0,7.7,7.6,14182500
2000-02-03,2080.0,0.0,6.6,14182500
2000-02-04,1510.0,2.1,7.3,14182500
2000-02-05,1220.0,1.4,8.1,14182500
2000-02-06,1240.0,4.2,9.0,14182500
2000-02-07,1160.0,0.0,7.7,14182500
2000-02-08,1330.0,12.9,8.8,14182500
2000-02-09,1730.0,0.2,6.8,14182500
2000-02-10,1240.0,0.1,3.7,14182500
2000-02-11,1130.0,6.8,5.0,14182500
2000-02-12,1260.0,20.7,5.9,14182500
2000-02-13,1210.0,5.5,3.5,14182500
2000-02-14,1760.0,21.3,6.9,14182500
2000-02-15,2010.0,5.8,6.1,14182500
2000-02-16,1450.0,0.0,5.3,14182500
2000-02-17,1110.0,0.0,5.3,14182500
2000-02-18,889.0,0.0,4.0,14182500
2000-02-19,746.0,0.0,3.7,14182500
2000-02-20,651.0,0.0,4.0,14182500
2000-02-21,615.0,2.4,6.4,14182500
2000-02-22,838.0,10.7,7.5,14182500
2000-02-23,1050.0,2.0,5.5,14182500
2000-02-24,829.0,0.5,4.6,14182500
2000-02-25,747.0,3.4,4.8,14182500
2000-02-26,1290.0,25.8,6.6,14182500
2000-02-27,2180.0,12.1,8.1,14182500
2000-02-28,1530.0,1.1,7.5,14182500
2000-02-29,1390.0,13.3,7.8,14182500
2000-03-01,1210.0,0.0,5.5,14182500
2000-03-02,1020.0,6.6,8.1,14182500
2000-03-03,888.0,0.0,6.0,14182500
2000-03-04,941.0,16.3,7.3,14182500
2000-03-05,953.0,0.0,4.8,14182500
2000-03-06,804.0,0.0,5.0,14182500
2000-03-07,684.0,0.0,4.7,14182500
2000-03-08,602.0,1.4,6.5,14182500
2000-03-09,536.0,0.5,5.3,14182500
2000-03-10,491.0,1.3,7.1,14182500
2000-03-11,576.0,4.3,6.9,14182500
2000-03-12,521.0,0.1,6.4,14182500
2000-03-13,493.0,0.4,7.9,14182500
2000-03-14,1070.0,12.9,9.3,14182500
2000-03-15,859.0,0.0,6.1,14182500
2000-03-16,1120.0,10.7,9.4,14182500
2000-03-17,1170.0,1.0,6.0,14182500
2000-03-18,1030.0,6.0,7.8,14182500
2000-03-19,1530.0,3.3,6.1,14182500
2000-03-20,1230.0,1.7,6.0,14182500
2000-03-21,1030.0,0.0,7.2,14182500
2000-03-22,1030.0,8.3,8.4,14182500
2000-03-23,1380.0,1.9,5.9,14182500
2000-03-24,1050.0,0.0,6.2,14182500
2000-03-25,848.0,0.0,7.8,14182500
2000-03-26,712.0,0.0,7.5,14182500
2000-03-27,686.0,3.2,8.0,14182500
2000-03-28,725.0,2.4,5.9,14182500
2000-03-29,653.0,0.0,5.5,14182500
2000-03-30,585.0,0.0,6.9,14182500
2000-03-31,535.0,0.0,9.6,14182500
2000-04-01,548.0,0.0,12.7,14182500
2000-04-02,682.0,0.0,11.5,14182500
2000-04-03,831.0,0.0,13.9,14182500
2000-04-04,1000.0,0.1,12.2,14182500
2000-04-05,895.0,0.0,6.8,14182500
2000-04-06,681.0,1.5,7.2,14182500
2000-04-07,553.0,0.0,8.2,14182500
2000-04-08,502.0,0.0,11.6,14182500
2000-04-09,543.0,0.0,10.3,14182500
2000-04-10,518.0,0.0,10.2,14182500
2000-04-11,533.0,0.0,13.8,14182500
2000-04-12,702.0,0.2,15.3,14182500
2000-04-13,1020.0,23.8,12.9,14182500
2000-04-14,1030.0,1.2,10.7,14182500
2000-04-15,1330.0,8.1,10.0,14182500
2000-04-16,1070.0,0.0,10.4,14182500
2000-04-17,801.0,0.0,12.4,14182500
2000-04-18,795.0,0.0,12.6,14182500
2000-04-19,679.0,0.0,10.2,14182500
2000-04-20,579.0,0.0,11.8,14182500
2000-04-21,532.0,0.0,12.7,14182500
2000-04-22,663.0,2.4,10.5,14182500
2000-04-23,646.0,4.9,8.6,14182500
2000-04-24,581.0,0.6,6.4,14182500
2000-04-25,570.0,5.3,10.0,14182500
2000-04-26,634.0,0.1,8.9,14182500
2000-04-27,583.0,3.2,11.6,14182500
2000-04-28,598.0,4.9,7.6,14182500
2000-04-29,571.0,2.6,8.3,14182500
2000-04-30,506.0,0.0,11.0,14182500
2000-05-01,499.0,0.1,12.9,14182500
2000-05-02,597.0,1.7,13.7,14182500
2000-05-03,719.0,6.6,11.8,14182500
2000-05-04,844.0,1.6,10.4,14182500
2000-05-05,813.0,4.5,9.5,14182500
2000-05-06,764.0,0.1,9.4,14182500
2000-05-07,642.0,0.1,10.4,14182500
2000-05-08,647.0,4.6,11.9,14182500
2000-05-09,1750.0,12.7,11.7,14182500
2000-05-10,1860.0,10.6,7.2,14182500
2000-05-11,1660.0,17.0,7.3,14182500
2000-05-12,1580.0,0.4,8.5,14182500
2000-05-13,1310.0,0.0,12.0,14182500
2000-05-14,1180.0,0.0,13.6,14182500
2000-05-15,1310.0,3.2,13.8,14182500
2000-05-16,1100.0,0.0,12.8,14182500
2000-05-17,881.0,0.0,11.4,14182500
2000-05-18,728.0,0.0,13.8,14182500
2000-05-19,672.0,1.7,15.4,14182500
2000-05-20,645.0,0.0,14.7,14182500
2000-05-21,604.0,0.0,17.9,14182500
2000-05-22,597.0,0.0,15.9,14182500
2000-05-23,538.0,0.0,14.8,14182500
2000-05-24,480.0,0.0,14.9,14182500
2000-05-25,435.0,0.2,12.4,14182500
2000-05-26,416.0,0.9,14.4,14182500
2000-05-27,536.0,2.8,14.6,14182500
2000-05-28,703.0,0.4,13.2,14182500
2000-05-29,585.0,0.0,12.0,14182500
2000-05-30,516.0,0.9,11.1,14182500
2000-05-31,525.0,0.1,11.1,14182500
2000-06-01,478.0,0.0,13.1,14182500
2000-06-02,438.0,0.0,16.2,14182500
2000-06-03,406.0,0.0,17.9,14182500
2000-06-04,378.0,0.0,19.0,14182500
2000-06-05,365.0,0.3,15.2,14182500
2000-06-06,322.0,0.2,14.6,14182500
2000-06-07,289.0,6.2,13.8,14182500
2000-06-08,285.0,4.2,13.1,14182500
2000-06-09,289.0,3.1,11.8,14182500
2000-06-10,369.0,5.5,10.5,14182500
2000-06-11,544.0,3.9,10.8,14182500
2000-06-12,4670.0,13.1,13.6,14182500
2000-06-13,2280.0,0.0,15.4,14182500
2000-06-14,1290.0,0.0,18.4,14182500
2000-06-15,910.0,0.0,16.6,14182500
2000-06-16,697.0,0.0,16.0,14182500
2000-06-17,567.0,0.0,19.0,14182500
2000-06-18,481.0,0.0,18.4,14182500
2000-06-19,410.0,0.0,14.6,14182500
2000-06-20,358.0,0.0,15.8,14182500
2000-06-21,319.0,0.0,19.2,14182500
2000-06-22,285.0,0.0,17.1,14182500
2000-06-23,255.0,0.0,15.4,14182500
2000-06-24,232.0,0.0,17.3,14182500
2000-06-25,211.0,0.0,19.3,14182500
2000-06-26,192.0,0.0,22.7,14182500
2000-06-27,177.0,0.0,24.4,14182500
2000-06-28,173.0,0.0,25.3,14182500
2000-06-29,174.0,0.0,22.4,14182500
2000-06-30,159.0,0.0,19.4,14182500
2000-07-01,151.0,0.0,17.4,14182500
2000-07-02,144.0,0.0,15.4,14182500
2000-07-03,143.0,0.3,14.9,14182500
2000-07-04,145.0,0.3,14.0,14182500
2000-07-05,141.0,0.0,16.0,14182500
2000-07-06,135.0,0.0,17.1,14182500
2000-07-07,124.0,0.0,18.6,14182500
2000-07-08,117.0,0.0,18.0,14182500
2000-07-09,112.0,0.0,16.3,14182500
2000-07-10,105.0,0.0,17.4,14182500
2000-07-11,98.0,0.0,17.6,14182500
2000-07-12,95.0,0.0,17.8,14182500
2000-07-13,91.0,0.0,18.0,14182500
2000-07-14,87.0,0.0,17.2,14182500
2000-07-15,84.0,0.0,17.9,14182500
2000-07-16,82.0,0.0,21.5,14182500
2000-07-17,78.0,0.0,22.1,14182500
2000-07-18,76.0,0.0,18.7,14182500
2000-07-19,74.0,0.0,18.4,14182500
2000-07-20,72.0,0.0,20.7,14182500
2000-07-21,70.0,0.0,22.2,14182500
2000-07-22,68.0,0.6,18.4,14182500
2000-07-23,67.0,0.0,18.3,14182500
2000-07-24,65.0,0.0,20.8,14182500
2000-07-25,63.0,0.0,19.8,14182500
2000-07-26,62.0,0.0,18.4,14182500
2000-07-27,61.0,0.0,18.7,14182500
2000-07-28,60.0,0.0,20.6,14182500
2000-07-29,59.0,0.0,21.9,14182500
2000-07-30,58.0,0.0,23.9,14182500
2000-07-31,57.0,0.0,23.6,14182500
2000-08-01,56.0,0.0,22.0,14182500
2000-08-02,55.0,0.0,20.7,14182500
2000-08-03,54.0,0.0,21.0,14182500
2000-08-04,53.0,0.0,21.9,14182500
2000-08-05,53.0,0.0,22.1,14182500
2000-08-06,52.0,0.0,22.5,14182500
2000-08-07,51.0,0.0,20.8,14182500
2000-08-08,50.0,0.0,21.6,14182500
2000-08-09,49.0,0.0,21.9,14182500
2000-08-10,48.0,0.0,19.2,14182500
2000-08-11,48.0,0.0,16.8,14182500
2000-08-12,47.0,0.0,17.3,14182500
2000-08-13,47.0,0.0,17.1,14182500
2000-08-14,46.0,0.0,16.4,14182500
2000-08-15,46.0,0.0,16.6,14182500
2000-08-16,45.0,0.0,17.4,14182500
2000-08-17,44.0,0.0,17.4,14182500
2000-08-18,44.0,2.4,16.1,14182500
2000-08-19,48.0,0.5,15.8,14182500
2000-08-20,39.0,0.0,16.6,14182500
2000-08-21,35.0,0.0,18.1,14182500
2000-08-22,33.0,0.0,20.8,14182500
2000-08-23,32.0,0.0,22.4,14182500
2000-08-24,32.0,0.0,19.8,14182500
2000-08-25,31.0,0.0,19.3,14182500
2000-08-26,31.0,0.0,18.2,14182500
2000-08-27,30.0,0.0,16.4,14182500
2000-08-28,30.0,0.0,16.5,14182500
2000-08-29,29.0,0.0,19.3,14182500
2000-08-30,29.0,0.0,19.1,14182500
2000-08-31,29.0,0.5,17.0,14182500
2000-09-01,31.0,0.0,14.3,14182500
2000-09-02,34.0,5.6,13.7,14182500
2000-09-03,39.0,3.3,13.2,14182500
2000-09-04,38.0,0.0,13.9,14182500
2000-09-05,34.0,0.0,14.3,14182500
2000-09-06,33.0,0.0,16.1,14182500
2000-09-07,32.0,0.0,15.8,14182500
2000-09-08,36.0,3.2,15.3,14182500
2000-09-09,60.0,0.3,13.7,14182500
2000-09-10,52.0,1.5,16.2,14182500
2000-09-11,59.0,0.0,18.2,14182500
2000-09-12,48.0,0.0,19.3,14182500
2000-09-13,39.0,0.0,20.8,14182500
2000-09-14,35.0,0.0,22.7,14182500
2000-09-15,33.0,0.2,19.3,14182500
2000-09-16,33.0,0.0,17.6,14182500
2000-09-17,32.0,0.0,17.5,14182500
2000-09-18,31.0,0.0,19.4,14182500
2000-09-19,31.0,0.0,20.2,14182500
2000-09-20,30.0,0.0,19.1,14182500
2000-09-21,30.0,0.3,17.6,14182500
2000-09-22,29.0,0.0,15.2,14182500
2000-09-23,28.0,0.0,13.1,14182500
2000-09-24,27.0,0.0,14.1,14182500
2000-09-25,27.0,0.0,15.9,14182500
2000-09-26,27.0,0.0,16.7,14182500
2000-09-27,27.0,0.0,16.9,14182500
2000-09-28,26.0,0.0,15.7,14182500
2000-09-29,26.0,0.0,16.2,14182500
2000-09-30,28.0,0.0,17.8,14182500
2000-10-01,960.0,5.8,17.5,14182500
2000-10-02,492.0,0.0,12.5,14182500
2000-10-03,222.0,0.0,11.6,14182500
2000-10-04,147.0,0.0,12.5,14182500
2000-10-05,114.0,0.0,13.7,14182500
2000-10-06,91.0,0.0,14.5,14182500
2000-10-07,77.0,0.0,15.2,14182500
2000-10-08,68.0,0.0,14.6,14182500
2000-10-09,66.0,12.0,14.6,14182500
2000-10-10,75.0,1.0,11.6,14182500
2000-10-11,101.0,0.0,12.1,14182500
2000-10-12,97.0,0.0,11.1,14182500
2000-10-13,93.0,2.1,12.5,14182500
2000-10-14,137.0,1.4,10.9,14182500
2000-10-15,131.0,0.0,9.4,14182500
2000-10-16,112.0,0.0,12.9,14182500
2000-10-17,96.0,0.0,13.5,14182500
2000-10-18,132.0,7.0,14.5,14182500
2000-10-19,168.0,0.0,12.2,14182500
2000-10-20,461.0,18.7,13.7,14182500
2000-10-21,1440.0,2.9,9.4,14182500
2000-10-22,701.0,0.0,7.8,14182500
2000-10-23,424.0,0.0,8.5,14182500
2000-10-24,299.0,0.0,10.3,14182500
2000-10-25,230.0,0.0,12.7,14182500
2000-10-26,190.0,2.9,11.4,14182500
2000-10-27,167.0,0.0,10.9,14182500
2000-10-28,235.0,19.0,11.2,14182500
2000-10-29,248.0,1.4,11.1,14182500
2000-10-30,219.0,0.0,9.1,14182500
2000-10-31,188.0,0.0,8.4,14182500
2000-11-01,169.0,0.9,9.0,14182500
2000-11-02,166.0,3.6,9.5,14182500
2000-11-03,156.0,0.0,11.4,14182500
2000-11-04,177.0,3.0,10.0,14182500
2000-11-05,228.0,0.0,8.9,14182500
2000-11-06,275.0,1.4,8.8,14182500
2000-11-07,301.0,0.0,6.7,14182500
2000-11-08,554.0,10.2,8.0,14182500
2000-11-09,816.0,2.2,5.9,14182500
2000-11-10,576.0,0.1,3.1,14182500
2000-11-11,426.0,0.0,1.3,14182500
2000-11-12,344.0,0.0,2.0,14182500
2000-11-13,290.0,0.0,1.5,14182500
2000-11-14,252.0,0.0,2.0,14182500
2000-11-15,223.0,0.0,2.7,14182500
2000-11-16,199.0,0.0,2.8,14182500
2000-11-17,181.0,0.0,0.8,14182500
2000-11-18,167.0,0.0,1.9,14182500
2000-11-19,157.0,0.0,0.5,14182500
2000-11-20,150.0,0.0,2.2,14182500
2000-11-21,146.0,0.0,1.8,14182500
2000-11-22,140.0,0.0,1.1,14182500
2000-11-23,156.0,8.3,2.0,14182500
2000-11-24,447.0,1.1,6.3,14182500
2000-11-25,394.0,3.1,3.5,14182500
2000-11-26,479.0,2.7,7.9,14182500
2000-11-27,934.0,11.5,8.4,14182500
2000-11-28,738.0,0.0,3.4,14182500
2000-11-29,636.0,15.3,5.5,14182500
2000-11-30,777.0,0.2,8.6,14182500
2000-12-01,654.0,0.2,5.7,14182500
2000-12-02,591.0,0.9,8.2,14182500
2000-12-03,547.0,0.0,6.9,14182500
2000-12-04,468.0,0.0,4.3,14182500
2000-12-05,403.0,0.0,3.7,14182500
2000-12-06,360.0,0.0,3.4,14182500
2000-12-07,320.0,0.0,2.8,14182500
2000-12-08,284.0,0.0,1.9,14182500
2000-12-09,270.0,0.3,3.9,14182500
2000-12-10,256.0,0.2,2.5,14182500
2000-12-11,240.0,3.5,1.9,14182500
2000-12-12,222.0,3.9,1.3,14182500
2000-12-13,267.0,12.8,3.8,14182500
2000-12-14,878.0,18.6,6.3,14182500
2000-12-15,2030.0,9.1,6.1,14182500
2000-12-16,1190.0,1.5,7.6,14182500
2000-12-17,1400.0,11.0,6.2,14182500
2000-12-18,967.0,0.0,2.4,14182500
2000-12-19,800.0,0.9,4.1,14182500
2000-12-20,770.0,2.4,5.5,14182500
2000-12-21,905.0,4.5,4.8,14182500
2000-12-22,1670.0,33.9,7.8,14182500
2000-12-23,2130.0,7.8,7.7,14182500
2000-12-24,1690.0,0.6,5.5,14182500
2000-12-25,1200.0,0.0,4.6,14182500
2000-12-26,943.0,0.0,4.2,14182500
2000-12-27,882.0,0.0,5.5,14182500
2000-12-28,823.0,0.0,5.2,14182500
2000-12-29,751.0,0.0,3.8,14182500
2000-12-30,697.0,0.0,8.4,14182500
2000-12-31,670.0,1.1,7.0,14182500
2001-01-01,605.0,0.0,5.4,14182500
2001-01-02,525.0,0.0,6.0,14182500
2001-01-03,499.0,0.0,5.1,14182500
2001-01-04,483.0,0.1,9.8,14182500
2001-01-05,528.0,2.8,10.0,14182500
2001-01-06,521.0,0.0,6.0,14182500
2001-01-07,433.0,0.0,4.1,14182500
2001-01-08,383.0,2.2,6.1,14182500
2001-01-09,369.0,2.1,3.3,14182500
2001-01-10,354.0,2.9,5.7,14182500
2001-01-11,323.0,0.0,6.0,14182500
2001-01-12,299.0,0.6,5.1,14182500
2001-01-13,350.0,6.7,4.6,14182500
2001-01-14,467.0,4.6,5.1,14182500
2001-01-15,425.0,0.4,3.4,14182500
2001-01-16,370.0,0.0,0.5,14182500
2001-01-17,334.0,0.0,1.1,14182500
2001-01-18,317.0,0.0,3.2,14182500
2001-01-19,422.0,7.9,6.7,14182500
2001-01-20,479.0,0.0,4.2,14182500
2001-01-21,706.0,5.7,6.5,14182500
2001-01-22,1030.0,0.0,6.4,14182500
2001-01-23,750.0,0.0,5.1,14182500
2001-01-24,627.0,8.3,5.7,14182500
2001-01-25,535.0,2.3,3.9,14182500
2001-01-26,461.0,0.0,2.5,14182500
2001-01-27,401.0,0.0,2.3,14182500
2001-01-28,362.0,0.0,1.9,14182500
2001-01-29,360.0,7.1,5.9,14182500
2001-01-30,338.0,1.4,3.4,14182500
2001-01-31,311.0,0.3,3.2,14182500
2001-02-01,303.0,0.1,4.0,14182500
2001-02-02,401.0,6.8,8.2,14182500
2001-02-03,606.0,1.9,5.2,14182500
2001-02-04,738.0,5.7,9.0,14182500
2001-02-05,1410.0,2.0,7.0,14182500
2001-02-06,946.0,0.2,3.6,14182500
2001-02-07,698.0,1.1,0.8,14182500
2001-02-08,567.0,0.5,0.5,14182500
2001-02-09,485.0,1.4,2.1,14182500
2001-02-10,426.0,0.3,2.5,14182500
2001-02-11,379.0,3.3,2.4,14182500
2001-02-12,339.0,0.0,2.6,14182500
2001-02-13,306.0,0.0,2.8,14182500
2001-02-14,281.0,0.0,2.5,14182500
2001-02-15,265.0,0.0,4.8,14182500
2001-02-16,252.0,1.9,7.6,14182500
2001-02-17,236.0,0.0,6.2,14182500
2001-02-18,237.0,7.9,6.3,14182500
2001-02-19,225.0,0.0,6.6,14182500
2001-02-20,214.0,2.0,6.0,14182500
2001-02-21,230.0,9.8,6.9,14182500
2001-02-22,249.0,2.5,5.1,14182500
2001-02-23,241.0,0.2,5.7,14182500
2001-02-24,227.0,0.0,4.9,14182500
2001-02-25,213.0,0.0,5.0,14182500
2001-02-26,198.0,0.0,4.3,14182500
2001-02-27,187.0,0.0,4.7,14182500
2001-02-28,177.0,0.0,4.9,14182500
2001-03-01,179.0,4.0,5.3,14182500
2001-03-02,245.0,13.2,5.0,14182500
2001-03-03,225.0,1.4,2.4,14182500
2001-03-04,214.0,0.9,3.7,14182500
2001-03-05,225.0,1.0,6.8,14182500
2001-03-06,244.0,0.0,9.1,14182500
2001-03-07,257.0,0.0,10.3,14182500
2001-03-08,282.0,1.5,9.9,14182500
2001-03-09,433.0,6.1,6.8,14182500
2001-03-10,432.0,0.0,6.7,14182500
2001-03-11,377.0,0.0,6.0,14182500
2001-03-12,337.0,0.0,7.1,14182500
2001-03-13,330.0,0.1,7.1,14182500
2001-03-14,330.0,0.3,7.9,14182500
2001-03-15,339.0,7.0,6.2,14182500
2001-03-16,383.0,1.2,4.2,14182500
2001-03-17,410.0,4.5,6.0,14182500
2001-03-18,944.0,7.3,10.6,14182500
2001-03-19,2380.0,2.6,9.4,14182500
2001-03-20,1380.0,0.0,6.5,14182500
2001-03-21,903.0,0.0,7.4,14182500
2001-03-22,690.0,0.0,8.1,14182500
2001-03-23,574.0,0.0,10.2,14182500
2001-03-24,541.0,0.7,11.8,14182500
2001-03-25,656.0,20.7,10.9,14182500
2001-03-26,704.0,2.2,7.5,14182500
2001-03-27,761.0,9.8,6.6,14182500
2001-03-28,1770.0,10.0,9.2,14182500
2001-03-29,1410.0,3.1,8.0,14182500
2001-03-30,1010.0,0.0,9.4,14182500
2001-03-31,991.0,4.2,10.3,14182500
2001-04-01,1200.0,1.5,7.5,14182500
2001-04-02,953.0,2.2,5.2,14182500
2001-04-03,795.0,3.5,4.0,14182500
2001-04-04,690.0,0.0,5.9,14182500
2001-04-05,622.0,0.0,7.2,14182500
2001-04-06,667.0,9.4,5.8,14182500
2001-04-07,633.0,1.3,3.5,14182500
2001-04-08,587.0,2.0,4.2,14182500
2001-04-09,544.0,0.1,4.7,14182500
2001-04-10,549.0,5.7,6.0,14182500
2001-04-11,1140.0,9.0,7.0,14182500
2001-04-12,929.0,3.4,6.7,14182500
2001-04-13,764.0,0.9,4.8,14182500
2001-04-14,648.0,0.4,5.6,14182500
2001-04-15,574.0,0.0,7.6,14182500
2001-04-16,611.0,0.0,11.4,14182500
2001-04-17,864.0,7.0,11.0,14182500
2001-04-18,883.0,0.3,10.4,14182500
2001-04-19,850.0,0.7,8.8,14182500
2001-04-20,805.0,4.0,8.1,14182500
2001-04-21,727.0,0.0,9.3,14182500
2001-04-22,659.0,1.3,8.6,14182500
2001-04-23,607.0,4.0,9.6,14182500
2001-04-24,581.0,0.0,12.9,14182500
2001-04-25,668.0,0.0,15.5,14182500
2001-04-26,741.0,0.0,15.4,14182500
2001-04-27,658.0,0.3,12.1,14182500
2001-04-28,640.0,3.1,9.9,14182500
2001-04-29,606.0,3.6,8.9,14182500
2001-04-30,2210.0,15.8,11.0,14182500
2001-05-01,2030.0,0.7,8.7,14182500
2001-05-02,1270.0,0.5,7.7,14182500
2001-05-03,972.0,0.0,10.1,14182500
2001-05-04,791.0,0.0,13.0,14182500
2001-05-05,688.0,1.0,10.1,14182500
2001-05-06,591.0,0.0,9.9,14182500
2001-05-07,512.0,0.0,13.8,14182500
2001-05-08,478.0,0.0,13.9,14182500
2001-05-09,448.0,0.0,11.2,14182500
2001-05-10,407.0,0.0,11.2,14182500
2001-05-11,368.0,0.0,14.1,14182500
2001-05-12,358.0,0.0,15.7,14182500
2001-05-13,346.0,0.0,12.9,14182500
2001-05-14,505.0,17.0,11.6,14182500
2001-05-15,2550.0,14.5,11.5,14182500
2001-05-16,2350.0,7.6,10.7,14182500
2001-05-17,1400.0,0.0,10.7,14182500
2001-05-18,950.0,0.0,10.8,14182500
2001-05-19,731.0,0.0,12.4,14182500
2001-05-20,603.0,0.0,12.4,14182500
2001-05-21,511.0,0.0,15.5,14182500
2001-05-22,450.0,0.0,19.9,14182500
2001-05-23,404.0,0.0,20.5,14182500
2001-05-24,361.0,0.0,17.5,14182500
2001-05-25,324.0,0.0,17.9,14182500
2001-05-26,288.0,0.0,18.0,14182500
2001-05-27,260.0,0.0,15.6,14182500
2001-05-28,247.0,1.1,12.7,14182500
2001-05-29,248.0,0.0,11.0,14182500
2001-05-30,212.0,0.0,15.0,14182500
2001-05-31,193.0,0.0,19.6,14182500
2001-06-01,189.0,2.9,16.5,14182500
2001-06-02,197.0,4.5,11.5,14182500
2001-06-03,290.0,3.1,10.8,14182500
2001-06-04,300.0,0.0,11.7,14182500
2001-06-05,266.0,5.9,11.4,14182500
2001-06-06,301.0,0.2,12.9,14182500
2001-06-07,258.0,0.0,15.9,14182500
2001-06-08,223.0,1.2,17.7,14182500
2001-06-09,212.0,2.3,15.6,14182500
2001-06-10,210.0,0.0,13.2,14182500
2001-06-11,219.0,6.2,13.3,14182500
2001-06-12,656.0,6.9,10.9,14182500
2001-06-13,485.0,0.0,11.8,14182500
2001-06-14,369.0,0.0,13.8,14182500
2001-06-15,303.0,0.0,13.3,14182500
2001-06-16,257.0,0.0,13.6,14182500
2001-06-17,224.0,0.0,13.4,14182500
2001-06-18,199.0,0.0,13.8,14182500
2001-06-19,181.0,0.0,16.7,14182500
2001-06-20,167.0,0.0,20.4,14182500
2001-06-21,157.0,0.0,20.6,14182500
2001-06-22,145.0,0.0,18.1,14182500
2001-06-23,137.0,0.0,15.8,14182500
2001-06-24,142.0,6.3,13.3,14182500
2001-06-25,170.0,0.4,12.0,14182500
2001-06-26,141.0,0.5,16.6,14182500
2001-06-27,175.0,18.7,16.8,14182500
2001-06-28,213.0,0.5,16.1,14182500
2001-06-29,181.0,0.0,16.0,14182500
2001-06-30,162.0,0.0,15.5,14182500
2001-07-01,147.0,0.0,15.7,14182500
2001-07-02,134.0,0.0,18.2,14182500
2001-07-03,123.0,0.0,20.3,14182500
2001-07-04,116.0,0.0,21.2,14182500
2001-07-05,107.0,0.0,17.7,14182500
2001-07-06,101.0,0.0,16.4,14182500
2001-07-07,95.0,0.0,17.7,14182500
2001-07-08,89.0,0.0,19.9,14182500
2001-07-09,84.0,0.0,22.1,14182500
2001-07-10,80.0,0.0,22.7,14182500
2001-07-11,77.0,0.0,21.8,14182500
2001-07-12,73.0,0.0,21.4,14182500
2001-07-13,69.0,0.0,19.9,14182500
2001-07-14,67.0,0.0,17.9,14182500
2001-07-15,64.0,0.0,16.3,14182500
2001-07-16,65.0,0.0,15.8,14182500
2001-07-17,66.0,0.1,15.2,14182500
2001-07-18,64.0,0.0,17.0,14182500
2001-07-19,64.0,0.0,18.0,14182500
2001-07-20,61.0,0.0,17.2,14182500
2001-07-21,60.0,0.0,17.0,14182500
2001-07-22,58.0,0.0,18.8,14182500
2001-07-23,55.0,0.0,20.6,14182500
2001-07-24,53.0,0.0,21.2,14182500
2001-07-25,51.0,0.0,19.7,14182500
2001-07-26,50.0,0.0,19.6,14182500
2001-07-27,49.0,0.0,18.8,14182500
2001-07-28,49.0,2.1,18.5,14182500
2001-07-29,52.0,0.0,16.0,14182500
2001-07-30,60.0,2.7,15.9,14182500
2001-07-31,60.0,0.0,15.6,14182500
2001-08-01,51.0,0.0,18.2,14182500
2001-08-02,48.0,0.0,18.2,14182500
2001-08-03,46.0,0.0,18.0,14182500
2001-08-04,46.0,0.0,17.9,14182500
2001-08-05,45.0,0.0,18.4,14182500
2001-08-06,44.0,0.0,20.8,14182500
2001-08-07,42.0,0.0,21.3,14182500
2001-08-08,41.0,0.0,20.7,14182500
2001-08-09,40.0,0.0,24.5,14182500
2001-08-10,39.0,0.0,24.7,14182500
2001-08-11,38.0,0.0,22.2,14182500
2001-08-12,38.0,0.0,23.9,14182500
2001-08-13,37.0,0.0,22.0,14182500
2001-08-14,36.0,0.0,21.0,14182500
2001-08-15,36.0,0.0,20.6,14182500
2001-08-16,36.0,0.0,18.6,14182500
2001-08-17,36.0,0.0,18.4,14182500
2001-08-18,35.0,0.0,19.0,14182500
2001-08-19,35.0,0.0,17.7,14182500
2001-08-20,34.0,0.0,17.7,14182500
2001-08-21,34.0,0.0,17.1,14182500
2001-08-22,37.0,11.7,17.5,14182500
2001-08-23,63.0,16.0,16.3,14182500
2001-08-24,57.0,0.0,16.6,14182500
2001-08-25,42.0,0.0,17.2,14182500
2001-08-26,39.0,0.0,18.6,14182500
2001-08-27,37.0,0.0,18.6,14182500
2001-08-28,36.0,0.0,19.8,14182500
2001-08-29,35.0,0.0,19.7,14182500
2001-08-30,34.0,0.0,20.0,14182500
2001-08-31,34.0,0.0,19.2,14182500
2001-09-01,33.0,0.0,18.7,14182500
2001-09-02,33.0,0.0,17.5,14182500
2001-09-03,32.0,0.0,17.1,14182500
2001-09-04,32.0,0.0,18.0,14182500
2001-09-05,32.0,0.0,15.4,14182500
2001-09-06,32.0,0.0,14.2,14182500
2001-09-07,32.0,0.0,15.4,14182500
2001-09-08,31.0,0.0,18.5,14182500
2001-09-09,30.0,0.0,20.8,14182500
2001-09-10,30.0,0.0,20.7,14182500
2001-09-11,29.0,0.0,20.4,14182500
2001-09-12,29.0,0.0,21.7,14182500
2001-09-13,29.0,0.0,21.2,14182500
2001-09-14,28.0,0.0,21.5,14182500
2001-09-15,29.0,0.0,21.9,14182500
2001-09-16,29.0,0.0,19.7,14182500
2001-09-17,29.0,0.0,16.9,14182500
2001-09-18,28.0,0.0,16.5,14182500
2001-09-19,28.0,0.0,15.7,14182500
2001-09-20,28.0,0.0,16.1,14182500
2001-09-21,28.0,0.0,16.1,14182500
2001-09-22,27.0,0.0,18.7,14182500
2001-09-23,27.0,0.0,19.7,14182500
2001-09-24,27.0,0.0,19.8,14182500
2001-09-25,30.0,7.7,16.4,14182500
2001-09-26,48.0,6.7,13.2,14182500
2001-09-27,54.0,0.0,11.5,14182500
2001-09-28,41.0,0.0,12.8,14182500
2001-09-29,35.0,0.0,14.7,14182500
2001-09-30,33.0,0.0,17.2,14182500
2001-10-01,31.1,0.0,18.7,14182500
2001-10-02,30.9,0.0,18.0,14182500
2001-10-03,29.8,0.0,15.6,14182500
2001-10-04,29.7,0.0,16.8,14182500
2001-10-05,29.2,0.0,15.7,14182500
2001-10-06,29.2,0.0,14.2,14182500
2001-10-07,29.3,0.0,12.0,14182500
2001-10-08,31.7,1.9,13.4,14182500
2001-10-09,31.9,0.0,10.4,14182500
2001-10-10,39.7,5.8,9.6,14182500
2001-10-11,155.0,3.2,11.5,14182500
2001-10-12,91.1,0.0,10.7,14182500
2001-10-13,70.4,1.1,13.4,14182500
2001-10-14,66.0,0.0,13.4,14182500
2001-10-15,65.0,0.0,12.4,14182500
2001-10-16,58.4,1.7,13.3,14182500
2001-10-17,55.0,0.1,8.7,14182500
2001-10-18,51.3,0.0,9.0,14182500
2001-10-19,47.5,0.0,10.5,14182500
2001-10-20,45.1,0.0,11.7,14182500
2001-10-21,44.6,0.2,8.5,14182500
2001-10-22,407.0,16.2,11.5,14182500
2001-10-23,1460.0,6.1,9.7,14182500
2001-10-24,705.0,0.1,6.9,14182500
2001-10-25,363.0,0.0,12.2,14182500
2001-10-26,263.0,0.0,10.8,14182500
2001-10-27,209.0,6.1,10.3,14182500
2001-10-28,202.0,2.3,5.1,14182500
2001-10-29,173.0,2.6,7.7,14182500
2001-10-30,734.0,20.5,10.2,14182500
2001-10-31,2050.0,7.3,11.5,14182500
2001-11-01,1500.0,8.9,10.4,14182500
2001-11-02,1120.0,2.8,12.4,14182500
2001-11-03,713.0,0.0,10.5,14182500
2001-11-04,489.0,0.0,10.4,14182500
2001-11-05,426.0,3.4,10.4,14182500
2001-11-06,358.0,0.0,7.5,14182500
2001-11-07,293.0,0.0,5.5,14182500
2001-11-08,246.0,0.0,6.0,14182500
2001-11-09,211.0,0.0,6.6,14182500
2001-11-10,183.0,0.0,8.3,14182500
2001-11-11,164.0,0.0,8.8,14182500
2001-11-12,168.0,9.9,9.9,14182500
2001-11-13,642.0,2.6,10.6,14182500
2001-11-14,2660.0,10.5,13.8,14182500
2001-11-15,1040.0,6.8,14.3,14182500
2001-11-16,1040.0,8.7,10.6,14182500
2001-11-17,989.0,5.8,7.8,14182500
2001-11-18,764.0,0.0,5.5,14182500
2001-11-19,637.0,2.9,9.3,14182500
2001-11-20,702.0,9.0,11.2,14182500
2001-11-21,877.0,20.0,9.5,14182500
2001-11-22,3110.0,32.0,9.2,14182500
2001-11-23,3190.0,2.5,7.2,14182500
2001-11-24,1620.0,7.9,6.5,14182500
2001-11-25,1180.0,12.1,5.3,14182500
2001-11-26,1010.0,0.6,5.2,14182500
2001-11-27,832.0,0.0,2.6,14182500
2001-11-28,1940.0,30.7,5.1,14182500
2001-11-29,3570.0,18.6,6.7,14182500
2001-11-30,2070.0,14.6,4.9,14182500
2001-12-01,2320.0,25.4,7.0,14182500
2001-12-02,2320.0,6.7,5.7,14182500
2001-12-03,1700.0,8.0,5.6,14182500
2001-12-04,1330.0,18.2,3.9,14182500
2001-12-05,1140.0,19.8,3.7,14182500
2001-12-06,3060.0,11.6,7.6,14182500
2001-12-07,3210.0,0.8,8.1,14182500
2001-12-08,1910.0,1.1,5.2,14182500
2001-12-09,1560.0,7.1,5.0,14182500
2001-12-10,1240.0,8.7,3.5,14182500
2001-12-11,1140.0,4.2,4.5,14182500
2001-12-12,1120.0,2.7,4.4,14182500
2001-12-13,4510.0,16.4,8.1,14182500
2001-12-14,5210.0,18.4,6.0,14182500
2001-12-15,2340.0,7.8,4.1,14182500
2001-12-16,4360.0,3.9,9.1,14182500
2001-12-17,3850.0,13.9,6.5,14182500
2001-12-18,2160.0,14.2,5.3,14182500
2001-12-19,1590.0,4.1,4.7,14182500
2001-12-20,1340.0,15.3,5.0,14182500
2001-12-21,1080.0,0.0,2.8,14182500
2001-12-22,884.0,3.2,2.6,14182500
2001-12-23,738.0,0.0,2.1,14182500
2001-12-24,637.0,0.0,1.3,14182500
2001-12-25,558.0,0.0,0.9,14182500
2001-12-26,496.0,0.0,1.2,14182500
2001-12-27,455.0,0.7,3.4,14182500
2001-12-28,620.0,9.2,7.3,14182500
2001-12-29,635.0,0.8,3.7,14182500
2001-12-30,572.0,0.4,4.4,14182500
2001-12-31,703.0,7.0,7.1,14182500
2002-01-01,842.0,12.7,5.7,14182500
2002-01-02,1300.0,4.1,7.9,14182500
2002-01-03,1310.0,0.0,6.8,14182500
2002-01-04,987.0,0.0,4.4,14182500
2002-01-05,787.0,0.8,6.6,14182500
2002-01-06,1430.0,12.0,10.3,14182500
2002-01-07,2290.0,7.9,13.4,14182500
2002-01-08,3160.0,19.7,11.1,14182500
2002-01-09,1890.0,0.2,7.4,14182500
2002-01-10,1240.0,0.1,5.2,14182500
2002-01-11,940.0,0.0,6.8,14182500
2002-01-12,1150.0,4.3,7.8,14182500
2002-01-13,1250.0,0.0,4.4,14182500
2002-01-14,919.0,1.5,3.3,14182500
2002-01-15,724.0,0.0,0.9,14182500
2002-01-16,614.0,0.4,1.2,14182500
2002-01-17,539.0,3.9,2.6,14182500
2002-01-18,492.0,1.9,3.0,14182500
2002-01-19,601.0,9.3,4.7,14182500
2002-01-20,1010.0,28.7,4.4,14182500
2002-01-21,1780.0,23.9,4.6,14182500
2002-01-22,1090.0,7.7,2.5,14182500
2002-01-23,832.0,2.3,2.3,14182500
2002-01-24,784.0,10.5,4.8,14182500
2002-01-25,2170.0,49.0,6.1,14182500
2002-01-26,1760.0,9.1,3.0,14182500
2002-01-27,1170.0,1.5,1.9,14182500
2002-01-28,876.0,0.2,1.0,14182500
2002-01-29,704.0,0.0,0.1,14182500
2002-01-30,597.0,0.0,2.0,14182500
2002-01-31,564.0,7.3,4.7,14182500
2002-02-01,570.0,7.2,4.1,14182500
2002-02-02,525.0,0.0,3.7,14182500
2002-02-03,564.0,3.0,7.1,14182500
2002-02-04,602.0,0.0,2.7,14182500
2002-02-05,585.0,3.6,2.2,14182500
2002-02-06,613.0,2.1,4.2,14182500
2002-02-07,1230.0,26.3,6.2,14182500
2002-02-08,1540.0,24.6,4.6,14182500
2002-02-09,1190.0,0.0,3.2,14182500
2002-02-10,942.0,0.0,4.4,14182500
2002-02-11,904.0,3.0,4.8,14182500
2002-02-12,779.0,0.0,2.8,14182500
2002-02-13,672.0,0.0,3.7,14182500
2002-02-14,602.0,0.0,3.7,14182500
2002-02-15,572.0,0.0,4.5,14182500
2002-02-16,593.0,1.8,5.5,14182500
2002-02-17,630.0,0.2,5.2,14182500
2002-02-18,634.0,2.1,7.8,14182500
2002-02-19,809.0,8.8,8.8,14182500
2002-02-20,951.0,0.0,7.4,14182500
2002-02-21,1440.0,6.4,12.2,14182500
2002-02-22,1900.0,0.0,12.6,14182500
2002-02-23,2590.0,14.7,10.1,14182500
2002-02-24,2330.0,0.3,6.0,14182500
2002-02-25,1430.0,0.0,3.9,14182500
2002-02-26,1020.0,0.0,4.1,14182500
2002-02-27,809.0,0.0,4.4,14182500
2002-02-28,683.0,0.1,5.3,14182500
2002-03-01,592.0,0.0,3.3,14182500
2002-03-02,520.0,0.0,3.6,14182500
2002-03-03,470.0,0.0,4.5,14182500
2002-03-04,438.0,0.0,6.6,14182500
2002-03-05,455.0,2.0,8.4,14182500
2002-03-06,1700.0,27.7,7.0,14182500
2002-03-07,1650.0,4.3,2.5,14182500
2002-03-08,1030.0,2.9,1.6,14182500
2002-03-09,797.0,1.1,3.0,14182500
2002-03-10,713.0,7.9,6.6,14182500
2002-03-11,2160.0,16.7,9.4,14182500
2002-03-12,3700.0,17.9,7.5,14182500
2002-03-13,1870.0,8.4,4.9,14182500
2002-03-14,1380.0,2.3,4.5,14182500
2002-03-15,1110.0,4.2,4.1,14182500
2002-03-16,931.0,4.6,2.3,14182500
2002-03-17,779.0,3.2,1.6,14182500
2002-03-18,675.0,0.7,2.2,14182500
2002-03-19,918.0,11.0,6.1,14182500
2002-03-20,968.0,0.1,7.9,14182500
2002-03-21,966.0,0.0,7.9,14182500
2002-03-22,870.0,0.0,6.6,14182500
2002-03-23,834.0,0.1,8.4,14182500
2002-03-24,1080.0,7.9,8.3,14182500
2002-03-25,1000.0,0.0,7.2,14182500
2002-03-26,886.0,0.0,7.2,14182500
2002-03-27,892.0,0.0,7.6,14182500
2002-03-28,795.0,0.0,7.3,14182500
2002-03-29,710.0,0.0,7.1,14182500
2002-03-30,688.0,0.0,7.4,14182500
2002-03-31,727.0,0.0,8.0,14182500
2002-04-01,801.0,0.0,9.0,14182500
2002-04-02,829.0,0.0,9.2,14182500
2002-04-03,892.0,0.0,10.2,14182500
2002-04-04,1030.0,0.0,11.8,14182500
2002-04-05,1250.0,7.3,11.3,14182500
2002-04-06,1130.0,0.4,10.0,14182500
2002-04-07,1100.0,0.5,9.6,14182500
2002-04-08,1000.0,0.0,9.1,14182500
2002-04-09,1290.0,8.2,11.8,14182500
2002-04-10,2790.0,16.5,11.0,14182500
2002-04-11,2240.0,6.8,11.5,14182500
2002-04-12,2290.0,0.0,12.5,14182500
2002-04-13,2480.0,9.1,13.6,14182500
2002-04-14,6320.0,16.3,10.7,14182500
2002-04-15,2180.0,5.3,6.4,14182500
2002-04-16,1500.0,9.1,5.8,14182500
2002-04-17,1250.0,3.8,5.8,14182500
2002-04-18,1060.0,2.2,6.0,14182500
2002-04-19,926.0,0.0,8.0,14182500
2002-04-20,823.0,0.0,7.6,14182500
2002-04-21,757.0,0.0,8.6,14182500
2002-04-22,706.0,0.0,9.1,14182500
2002-04-23,689.0,0.0,8.2,14182500
2002-04-24,644.0,0.0,9.7,14182500
2002-04-25,623.0,0.0,12.2,14182500
2002-04-26,656.0,0.8,8.6,14182500
2002-04-27,703.0,6.4,7.7,14182500
2002-04-28,631.0,0.0,8.8,14182500
2002-04-29,602.0,0.0,11.8,14182500
2002-04-30,667.0,0.0,11.2,14182500
2002-05-01,662.0,0.0,10.8,14182500
2002-05-02,685.0,0.0,10.2,14182500
2002-05-03,733.0,0.0,9.1,14182500
2002-05-04,658.0,0.0,8.4,14182500
2002-05-05,603.0,1.6,9.2,14182500
2002-05-06,666.0,1.6,7.8,14182500
2002-05-07,598.0,0.1,6.6,14182500
2002-05-08,517.0,0.0,7.4,14182500
2002-05-09,476.0,0.0,9.2,14182500
2002-05-10,441.0,0.0,8.3,14182500
2002-05-11,416.0,0.0,9.8,14182500
2002-05-12,454.0,0.0,14.3,14182500
2002-05-13,645.0,1.2,12.7,14182500
2002-05-14,650.0,0.1,10.6,14182500
2002-05-15,604.0,0.0,10.3,14182500
2002-05-16,555.0,0.0,12.2,14182500
2002-05-17,573.0,3.3,12.9,14182500
2002-05-18,626.0,0.0,12.9,14182500
2002-05-19,631.0,8.4,11.7,14182500
2002-05-20,617.0,4.7,11.6,14182500
2002-05-21,592.0,3.4,10.1,14182500
2002-05-22,691.0,0.3,10.3,14182500
2002-05-23,651.0,0.0,11.5,14182500
2002-05-24,598.0,0.0,13.1,14182500
2002-05-25,618.0,0.4,16.0,14182500
2002-05-26,718.0,0.2,15.9,14182500
2002-05-27,759.0,0.2,16.2,14182500
2002-05-28,814.0,8.2,15.3,14182500
2002-05-29,1370.0,9.4,15.7,14182500
2002-05-30,1060.0,0.0,15.2,14182500
2002-05-31,841.0,0.0,13.6,14182500
2002-06-01,724.0,0.0,14.9,14182500
2002-06-02,639.0,0.0,13.4,14182500
2002-06-03,580.0,0.0,14.5,14182500
2002-06-04,560.0,0.0,16.5,14182500
2002-06-05,586.0,2.4,16.6,14182500
2002-06-06,577.0,0.0,13.1,14182500
2002-06-07,477.0,0.0,12.0,14182500
2002-06-08,407.0,0.4,10.5,14182500
2002-06-09,376.0,3.8,11.9,14182500
2002-06-10,341.0,0.0,14.0,14182500
2002-06-11,373.0,0.0,16.7,14182500
2002-06-12,431.0,0.0,21.3,14182500
2002-06-13,484.0,0.0,21.8,14182500
2002-06-14,507.0,0.0,17.8,14182500
2002-06-15,447.0,0.0,16.1,14182500
2002-06-16,401.0,0.0,15.9,14182500
2002-06-17,378.0,3.7,14.3,14182500
2002-06-18,907.0,6.3,13.7,14182500
2002-06-19,656.0,0.0,14.0,14182500
2002-06-20,496.0,0.0,16.4,14182500
2002-06-21,438.0,0.0,18.7,14182500
2002-06-22,408.0,0.0,18.1,14182500
2002-06-23,363.0,0.0,16.8,14182500
2002-06-24,320.0,0.0,17.5,14182500
2002-06-25,290.0,0.0,20.8,14182500
2002-06-26,280.0,0.0,23.0,14182500
2002-06-27,266.0,0.0,19.6,14182500
2002-06-28,245.0,1.9,16.8,14182500
2002-06-29,643.0,13.1,15.8,14182500
2002-06-30,550.0,0.0,16.1,14182500
2002-07-01,396.0,0.0,16.9,14182500
2002-07-02,323.0,0.0,16.9,14182500
2002-07-03,276.0,0.0,16.6,14182500
2002-07-04,242.0,0.0,14.5,14182500
2002-07-05,217.0,0.0,17.0,14182500
2002-07-06,196.0,0.0,19.5,14182500
2002-07-07,184.0,2.4,19.8,14182500
2002-07-08,173.0,0.0,18.7,14182500
2002-07-09,160.0,0.0,20.8,14182500
2002-07-10,154.0,0.0,25.1,14182500
2002-07-11,146.0,0.0,24.3,14182500
2002-07-12,140.0,0.0,23.8,14182500
2002-07-13,137.0,0.0,24.2,14182500
2002-07-14,128.0,0.0,19.4,14182500
2002-07-15,117.0,0.0,19.0,14182500
2002-07-16,109.0,0.0,21.0,14182500
2002-07-17,114.0,0.0,20.0,14182500
2002-07-18,110.0,0.0,19.7,14182500
2002-07-19,106.0,0.0,19.4,14182500
2002-07-20,102.0,0.0,20.3,14182500
2002-07-21,97.9,0.0,22.6,14182500
2002-07-22,93.7,0.0,25.7,14182500
2002-07-23,89.7,0.0,23.5,14182500
2002-07-24,87.0,0.0,22.5,14182500
2002-07-25,84.6,0.0,21.1,14182500
2002-07-26,82.0,0.1,20.3,14182500
2002-07-27,80.7,0.0,17.9,14182500
2002-07-28,76.2,0.0,19.7,14182500
2002-07-29,71.6,0.0,21.4,14182500
2002-07-30,70.9,0.0,22.3,14182500
2002-07-31,69.5,0.0,17.7,14182500
2002-08-01,66.9,0.0,19.5,14182500
2002-08-02,65.7,0.0,17.5,14182500
2002-08-03,64.7,0.0,17.3,14182500
2002-08-04,64.4,0.6,16.3,14182500
2002-08-05,66.3,0.0,16.4,14182500
2002-08-06,66.5,0.5,15.3,14182500
2002-08-07,66.2,0.0,16.8,14182500
2002-08-08,62.7,0.0,18.4,14182500
2002-08-09,60.1,0.0,21.0,14182500
2002-08-10,58.8,0.0,22.1,14182500
2002-08-11,57.4,0.0,20.3,14182500
2002-08-12,55.8,0.0,23.1,14182500
2002-08-13,52.3,0.0,27.1,14182500
2002-08-14,50.9,0.0,27.2,14182500
2002-08-15,50.0,0.0,21.7,14182500
2002-08-16,49.1,0.0,20.3,14182500
2002-08-17,48.5,0.0,22.4,14182500
2002-08-18,47.9,0.0,18.4,14182500
2002-08-19,47.9,0.0,18.7,14182500
2002-08-20,48.6,0.2,17.8,14182500
2002-08-21,54.1,0.0,15.8,14182500
2002-08-22,50.8,0.0,17.8,14182500
2002-08-23,48.9,0.0,21.1,14182500
2002-08-24,47.6,0.0,20.2,14182500
2002-08-25,46.7,0.0,19.2,14182500
2002-08-26,47.0,0.0,19.0,14182500
2002-08-27,46.1,0.0,19.9,14182500
2002-08-28,45.2,0.0,24.6,14182500
2002-08-29,44.1,0.0,23.6,14182500
2002-08-30,43.1,0.0,17.6,14182500
2002-08-31,42.9,0.0,18.6,14182500
2002-09-01,42.8,0.0,20.2,14182500
2002-09-02,42.6,0.0,21.0,14182500
2002-09-03,42.2,0.0,19.3,14182500
2002-09-04,42.0,0.0,16.0,14182500
2002-09-05,41.6,0.0,15.4,14182500
2002-09-06,41.6,0.0,15.8,14182500
2002-09-07,41.1,0.1,14.5,14182500
2002-09-08,41.1,0.0,15.4,14182500
2002-09-09,41.1,0.0,18.1,14182500
2002-09-10,40.4,0.0,19.6,14182500
2002-09-11,40.0,0.0,20.3,14182500
2002-09-12,40.0,0.0,21.3,14182500
2002-09-13,40.0,0.0,21.6,14182500
2002-09-14,39.4,0.0,20.8,14182500
2002-09-15,41.5,0.0,17.9,14182500
2002-09-16,47.9,0.6,16.5,14182500
2002-09-17,65.9,20.1,15.0,14182500
2002-09-18,86.3,0.0,14.1,14182500
2002-09-19,69.8,0.0,16.1,14182500
2002-09-20,63.8,0.0,16.5,14182500
2002-09-21,60.1,0.0,16.8,14182500
2002-09-22,58.1,0.0,17.3,14182500
2002-09-23,56.9,0.0,18.7,14182500
2002-09-24,56.0,0.0,18.3,14182500
2002-09-25,55.3,0.0,18.8,14182500
2002-09-26,55.0,0.0,18.4,14182500
2002-09-27,54.8,0.0,16.9,14182500
2002-09-28,54.4,0.0,17.0,14182500
2002-09-29,56.9,3.2,15.0,14182500
2002-09-30,105.0,1.8,11.6,14182500
2002-10-01,130.0,0.0,10.3,14182500
2002-10-02,88.2,0.0,10.9,14182500
2002-10-03,83.1,5.9,11.2,14182500
2002-10-04,110.0,0.9,13.1,14182500
2002-10-05,97.7,0.2,13.3,14182500
2002-10-06,86.0,0.0,14.3,14182500
2002-10-07,78.7,0.0,14.0,14182500
2002-10-08,73.9,0.0,13.5,14182500
2002-10-09,70.4,0.0,13.4,14182500
2002-10-10,68.0,0.2,11.0,14182500
2002-10-11,66.8,0.0,9.1,14182500
2002-10-12,64.9,0.0,10.0,14182500
2002-10-13,63.3,0.0,11.9,14182500
2002-10-14,63.0,0.0,12.4,14182500
2002-10-15,61.1,0.0,12.7,14182500
2002-10-16,60.0,0.0,14.0,14182500
2002-10-17,59.2,0.0,14.3,14182500
2002-10-18,59.0,0.0,12.8,14182500
2002-10-19,59.0,0.0,13.8,14182500
2002-10-20,59.2,0.0,13.6,14182500
2002-10-21,59.9,0.0,12.8,14182500
2002-10-22,59.9,0.0,12.2,14182500
2002-10-23,59.0,0.0,12.3,14182500
2002-10-24,58.3,0.0,10.9,14182500
2002-10-25,57.9,0.0,9.3,14182500
2002-10-26,58.0,0.0,8.3,14182500
2002-10-27,58.7,0.5,7.1,14182500
2002-10-28,59.7,0.0,10.0,14182500
2002-10-29,60.2,0.0,9.0,14182500
2002-10-30,59.1,0.0,5.1,14182500
2002-10-31,58.0,0.0,3.3,14182500
2002-11-01,57.8,0.0,3.8,14182500
2002-11-02,57.8,0.0,4.8,14182500
2002-11-03,58.1,0.0,6.3,14182500
2002-11-04,58.5,0.0,7.5,14182500
2002-11-05,59.5,0.0,10.1,14182500
2002-11-06,59.0,2.2,9.5,14182500
2002-11-07,60.4,3.1,11.0,14182500
2002-11-08,96.8,21.3,10.5,14182500
2002-11-09,515.0,10.5,9.5,14182500
2002-11-10,684.0,1.6,9.5,14182500
2002-11-11,731.0,2.1,10.1,14182500
2002-11-12,508.0,9.6,10.8,14182500
2002-11-13,744.0,2.0,10.9,14182500
2002-11-14,765.0,6.4,11.2,14182500
2002-11-15,525.0,0.0,7.5,14182500
2002-11-16,372.0,4.8,7.9,14182500
2002-11-17,690.0,2.0,8.7,14182500
2002-11-18,554.0,0.2,8.3,14182500
2002-11-19,609.0,4.6,11.2,14182500
2002-11-20,538.0,0.0,10.4,14182500
2002-11-21,407.0,0.0,10.5,14182500
2002-11-22,324.0,0.0,9.7,14182500
2002-11-23,267.0,0.1,8.5,14182500
2002-11-24,234.0,1.5,7.4,14182500
2002-11-25,203.0,0.0,3.8,14182500
2002-11-26,179.0,0.0,3.6,14182500
2002-11-27,161.0,0.0,3.5,14182500
2002-11-28,146.0,0.0,4.2,14182500
2002-11-29,135.0,0.0,4.2,14182500
2002-11-30,125.0,0.0,3.3,14182500
2002-12-01,116.0,0.0,2.9,14182500
2002-12-02,108.0,0.0,3.7,14182500
2002-12-03,102.0,0.0,3.2,14182500
2002-12-04,99.5,0.3,4.3,14182500
2002-12-05,104.0,0.0,6.0,14182500
2002-12-06,95.9,0.0,4.7,14182500
2002-12-07,91.0,0.0,4.2,14182500
2002-12-08,87.7,0.0,2.3,14182500
2002-12-09,85.1,0.0,2.3,14182500
2002-12-10,97.2,14.4,7.3,14182500
2002-12-11,366.0,7.7,6.9,14182500
2002-12-12,973.0,4.5,12.0,14182500
2002-12-13,1070.0,27.3,8.2,14182500
2002-12-14,926.0,30.5,11.0,14182500
2002-12-15,1270.0,5.6,9.0,14182500
2002-12-16,1840.0,52.6,7.6,14182500
2002-12-17,1190.0,5.6,5.1,14182500
2002-12-18,882.0,0.0,5.2,14182500
2002-12-19,767.0,4.2,4.0,14182500
2002-12-20,648.0,3.9,5.1,14182500
2002-12-21,1070.0,19.2,6.2,14182500
2002-12-22,874.0,2.1,4.7,14182500
2002-12-23,710.0,0.6,3.9,14182500
2002-12-24,604.0,3.0,3.3,14182500
2002-12-25,530.0,0.2,6.4,14182500
2002-12-26,666.0,9.3,6.6,14182500
2002-12-27,1580.0,20.0,8.7,14182500
2002-12-28,1380.0,15.1,5.9,14182500
2002-12-29,1180.0,6.8,5.4,14182500
2002-12-30,1600.0,23.6,6.3,14182500
2002-12-31,2400.0,26.2,7.2,14182500
2003-01-01,1540.0,2.9,7.5,14182500
2003-01-02,1660.0,3.9,9.5,14182500
2003-01-03,2330.0,9.9,9.6,14182500
2003-01-04,2230.0,15.5,9.8,14182500
2003-01-05,2050.0,0.0,5.9,14182500
2003-01-06,1260.0,0.0,3.9,14182500
2003-01-07,996.0,0.0,4.0,14182500
2003-01-08,846.0,0.0,3.3,14182500
2003-01-09,732.0,0.0,1.6,14182500
2003-01-10,629.0,0.0,3.9,14182500
2003-01-11,554.0,1.9,4.7,14182500
2003-01-12,896.0,19.3,8.3,14182500
2003-01-13,1330.0,12.4,9.0,14182500
2003-01-14,1250.0,7.6,8.4,14182500
2003-01-15,955.0,0.0,4.4,14182500
2003-01-16,756.0,0.0,4.3,14182500
2003-01-17,638.0,0.0,5.3,14182500
2003-01-18,584.0,0.0,5.2,14182500
2003-01-19,552.0,0.0,5.1,14182500
2003-01-20,499.0,0.0,4.3,14182500
2003-01-21,458.0,1.1,6.3,14182500
2003-01-22,475.0,3.1,8.5,14182500
2003-01-23,652.0,3.4,10.8,14182500
2003-01-24,684.0,4.0,10.1,14182500
2003-01-25,1370.0,1.7,11.3,14182500
2003-01-26,3100.0,14.5,13.0,14182500
2003-01-27,2330.0,0.5,10.2,14182500
2003-01-28,1310.0,0.0,7.7,14182500
2003-01-29,1240.0,7.4,7.8,14182500
2003-01-30,6730.0,30.5,10.7,14182500
2003-01-31,6820.0,22.2,12.3,14182500
2003-02-01,4370.0,15.2,8.0,14182500
2003-02-02,2250.0,1.3,8.0,14182500
2003-02-03,1640.0,0.1,5.9,14182500
2003-02-04,1250.0,0.0,5.4,14182500
2003-02-05,1010.0,0.0,3.3,14182500
2003-02-06,846.0,0.0,3.3,14182500
2003-02-07,725.0,0.0,2.8,14182500
2003-02-08,640.0,0.0,2.5,14182500
2003-02-09,568.0,0.0,3.4,14182500
2003-02-10,509.0,0.0,4.3,14182500
2003-02-11,464.0,0.0,3.1,14182500
2003-02-12,425.0,0.0,3.5,14182500
2003-02-13,395.0,0.1,5.3,14182500
2003-02-14,381.0,1.0,8.7,14182500
2003-02-15,365.0,7.5,7.2,14182500
2003-02-16,422.0,11.2,7.5,14182500
2003-02-17,657.0,15.9,6.6,14182500
2003-02-18,901.0,17.8,7.2,14182500
2003-02-19,804.0,4.3,7.9,14182500
2003-02-20,1030.0,2.0,6.5,14182500
2003-02-21,1720.0,4.5,9.0,14182500
2003-02-22,1950.0,0.9,7.3,14182500
2003-02-23,1350.0,0.0,4.9,14182500
2003-02-24,1010.0,0.0,3.2,14182500
2003-02-25,823.0,0.0,1.4,14182500
2003-02-26,702.0,0.0,3.2,14182500
2003-02-27,614.0,0.0,5.4,14182500
2003-02-28,558.0,2.9,4.4,14182500
2003-03-01,507.0,7.1,6.7,14182500
2003-03-02,468.0,0.5,5.5,14182500
2003-03-03,527.0,5.7,6.4,14182500
2003-03-04,506.0,0.0,4.3,14182500
2003-03-05,676.0,0.7,7.2,14182500
2003-03-06,2050.0,11.2,6.9,14182500
2003-03-07,4690.0,35.2,7.6,14182500
2003-03-08,5090.0,14.2,8.7,14182500
2003-03-09,3330.0,8.7,9.6,14182500
2003-03-10,2940.0,2.5,10.9,14182500
2003-03-11,1980.0,1.5,10.8,14182500
2003-03-12,2340.0,1.8,12.3,14182500
2003-03-13,1800.0,4.5,12.2,14182500
2003-03-14,1440.0,3.0,11.6,14182500
2003-03-15,1270.0,4.2,10.9,14182500
2003-03-16,1160.0,1.5,8.3,14182500
2003-03-17,1000.0,0.9,6.7,14182500
2003-03-18,865.0,1.7,6.9,14182500
2003-03-19,764.0,4.0,7.8,14182500
2003-03-20,798.0,7.5,8.8,14182500
2003-03-21,1700.0,17.2,8.0,14182500
2003-03-22,4990.0,26.3,10.2,14182500
2003-03-23,2610.0,4.3,6.6,14182500
2003-03-24,1620.0,0.1,5.0,14182500
2003-03-25,1470.0,10.1,8.4,14182500
2003-03-26,2290.0,13.8,8.4,14182500
2003-03-27,1770.0,3.0,6.6,14182500
2003-03-28,1380.0,0.0,8.0,14182500
2003-03-29,1150.0,0.0,10.2,14182500
2003-03-30,1130.0,0.0,13.6,14182500
2003-03-31,1270.0,1.8,12.6,14182500
2003-04-01,1260.0,3.9,7.8,14182500
2003-04-02,1060.0,4.4,5.0,14182500
2003-04-03,970.0,6.5,5.1,14182500
2003-04-04,916.0,15.9,4.5,14182500
2003-04-05,894.0,3.5,4.7,14182500
2003-04-06,972.0,11.8,6.1,14182500
2003-04-07,967.0,3.1,9.2,14182500
2003-04-08,1030.0,0.0,10.9,14182500
2003-04-09,1380.0,4.3,10.8,14182500
2003-04-10,1390.0,6.5,11.3,14182500
2003-04-11,1560.0,0.7,10.9,14182500
2003-04-12,1360.0,9.5,10.8,14182500
2003-04-13,1310.0,14.2,9.3,14182500
2003-04-14,1200.0,4.5,8.2,14182500
2003-04-15,1050.0,4.1,8.6,14182500
2003-04-16,991.0,1.0,9.4,14182500
2003-04-17,1110.0,9.4,9.4,14182500
2003-04-18,1220.0,1.2,7.6,14182500
2003-04-19,1060.0,0.0,9.3,14182500
2003-04-20,924.0,0.0,10.6,14182500
2003-04-21,864.0,10.8,9.8,14182500
2003-04-22,819.0,0.0,9.3,14182500
2003-04-23,803.0,12.8,8.4,14182500
2003-04-24,1100.0,15.4,7.2,14182500
2003-04-25,973.0,2.1,6.3,14182500
2003-04-26,892.0,6.7,7.9,14182500
2003-04-27,874.0,0.6,8.2,14182500
2003-04-28,823.0,0.9,11.5,14182500
2003-04-29,949.0,1.7,9.8,14182500
2003-04-30,984.0,1.9,11.3,14182500
2003-05-01,902.0,0.0,12.0,14182500
2003-05-02,810.0,0.0,12.7,14182500
2003-05-03,769.0,0.2,10.6,14182500
2003-05-04,907.0,19.6,8.4,14182500
2003-05-05,1280.0,2.4,8.7,14182500
2003-05-06,1050.0,0.2,9.4,14182500
2003-05-07,875.0,0.3,9.2,14182500
2003-05-08,759.0,0.5,8.3,14182500
2003-05-09,662.0,0.1,9.7,14182500
2003-05-10,595.0,0.2,10.6,14182500
2003-05-11,565.0,0.0,11.8,14182500
2003-05-12,551.0,1.3,12.0,14182500
2003-05-13,546.0,0.0,12.8,14182500
2003-05-14,593.0,0.0,13.7,14182500
2003-05-15,586.0,0.5,10.5,14182500
2003-05-16,546.0,1.6,8.4,14182500
2003-05-17,523.0,0.9,7.2,14182500
2003-05-18,489.0,0.0,8.0,14182500
2003-05-19,466.0,0.0,11.2,14182500
2003-05-20,448.0,0.0,13.7,14182500
2003-05-21,449.0,0.0,14.3,14182500
2003-05-22,505.0,0.0,16.2,14182500
2003-05-23,558.0,0.0,17.8,14182500
2003-05-24,626.0,0.0,17.7,14182500
2003-05-25,584.0,2.2,14.4,14182500
2003-05-26,489.0,0.0,14.6,14182500
2003-05-27,420.0,0.0,16.4,14182500
2003-05-28,438.0,0.0,18.7,14182500
2003-05-29,420.0,0.0,17.5,14182500
2003-05-30,420.0,2.9,16.7,14182500
2003-05-31,372.0,0.0,14.4,14182500
2003-06-01,315.0,0.0,15.4,14182500
2003-06-02,289.0,0.0,14.7,14182500
2003-06-03,266.0,0.0,16.7,14182500
2003-06-04,246.0,0.0,20.1,14182500
2003-06-05,235.0,0.0,22.7,14182500
2003-06-06,224.0,0.0,24.4,14182500
2003-06-07,210.0,0.0,23.0,14182500
2003-06-08,197.0,0.0,19.8,14182500
2003-06-09,181.0,0.0,16.1,14182500
2003-06-10,168.0,0.0,15.0,14182500
2003-06-11,157.0,0.0,15.6,14182500
2003-06-12,148.0,0.0,16.2,14182500
2003-06-13,148.0,1.7,14.6,14182500
2003-06-14,149.0,0.0,15.3,14182500
2003-06-15,133.0,0.0,16.4,14182500
2003-06-16,124.0,0.0,18.6,14182500
2003-06-17,118.0,0.0,21.2,14182500
2003-06-18,113.0,0.6,17.1,14182500
2003-06-19,110.0,0.0,14.5,14182500
2003-06-20,108.0,1.2,14.0,14182500
2003-06-21,112.0,1.8,13.3,14182500
2003-06-22,131.0,0.2,13.5,14182500
2003-06-23,114.0,0.2,14.0,14182500
2003-06-24,107.0,0.0,15.0,14182500
2003-06-25,98.2,0.0,17.5,14182500
2003-06-26,92.1,0.0,21.2,14182500
2003-06-27,87.6,0.0,23.4,14182500
2003-06-28,83.2,0.0,23.9,14182500
2003-06-29,78.8,0.0,24.8,14182500
2003-06-30,76.2,0.2,18.0,14182500
2003-07-01,74.7,0.0,17.0,14182500
2003-07-02,72.8,0.0,16.4,14182500
2003-07-03,70.4,0.0,17.7,14182500
2003-07-04,68.2,0.0,18.7,14182500
2003-07-05,66.4,0.0,19.1,14182500
2003-07-06,64.0,0.0,20.0,14182500
2003-07-07,62.2,0.0,19.3,14182500
2003-07-08,60.7,0.0,18.2,14182500
2003-07-09,60.0,0.0,19.9,14182500
2003-07-10,58.4,0.0,22.6,14182500
2003-07-11,56.6,0.0,20.2,14182500
2003-07-12,55.4,0.0,20.7,14182500
2003-07-13,54.5,0.0,19.4,14182500
2003-07-14,55.0,0.0,19.5,14182500
2003-07-15,53.0,0.0,20.2,14182500
2003-07-16,51.7,0.0,19.1,14182500
2003-07-17,51.0,0.0,19.7,14182500
2003-07-18,49.7,0.0,22.8,14182500
2003-07-19,48.2,0.0,23.6,14182500
2003-07-20,47.1,0.0,23.4,14182500
2003-07-21,46.4,0.0,25.7,14182500
2003-07-22,45.4,0.0,25.0,14182500
2003-07-23,44.4,0.0,22.9,14182500
2003-07-24,43.7,0.0,20.5,14182500
2003-07-25,43.1,0.0,19.8,14182500
2003-07-26,42.7,0.0,19.4,14182500
2003-07-27,42.6,0.0,21.8,14182500
2003-07-28,43.0,0.0,25.8,14182500
2003-07-29,41.5,0.0,26.9,14182500
2003-07-30,40.6,0.0,27.1,14182500
2003-07-31,40.1,0.0,24.3,14182500
2003-08-01,39.6,0.0,22.1,14182500
2003-08-02,39.5,0.0,21.8,14182500
2003-08-03,39.8,0.0,20.5,14182500
2003-08-04,39.5,0.0,20.4,14182500
2003-08-05,38.8,0.3,20.9,14182500
2003-08-06,40.0,0.0,18.2,14182500
2003-08-07,42.0,0.5,19.4,14182500
2003-08-08,41.6,0.0,19.6,14182500
2003-08-09,39.1,0.0,20.4,14182500
2003-08-10,38.3,0.9,19.8,14182500
2003-08-11,37.7,0.0,19.3,14182500
2003-08-12,37.1,0.0,18.5,14182500
2003-08-13,36.6,0.0,20.0,14182500
2003-08-14,36.1,0.0,22.1,14182500
2003-08-15,35.5,0.0,22.6,14182500
2003-08-16,35.2,0.0,19.3,14182500
2003-08-17,34.8,0.0,22.1,14182500
2003-08-18,34.2,0.0,23.2,14182500
2003-08-19,34.3,0.0,21.8,14182500
2003-08-20,33.9,0.0,18.8,14182500
2003-08-21,33.8,0.0,22.9,14182500
2003-08-22,33.9,3.6,19.9,14182500
2003-08-23,35.2,0.0,17.9,14182500
2003-08-24,34.8,0.0,19.5,14182500
2003-08-25,33.9,0.0,21.3,14182500
2003-08-26,32.8,0.0,19.3,14182500
2003-08-27,32.4,0.0,18.2,14182500
2003-08-28,32.2,0.0,19.4,14182500
2003-08-29,32.1,0.0,20.8,14182500
2003-08-30,31.0,0.0,22.8,14182500
2003-08-31,29.0,0.0,21.9,14182500
2003-09-01,28.4,0.0,19.9,14182500
2003-09-02,28.4,0.0,22.9,14182500
2003-09-03,28.1,0.0,25.4,14182500
2003-09-04,27.6,0.0,25.9,14182500
2003-09-05,27.2,0.0,24.1,14182500
2003-09-06,27.2,0.0,21.3,14182500
2003-09-07,28.2,2.5,17.5,14182500
2003-09-08,73.4,3.1,14.8,14182500
2003-09-09,103.0,10.8,14.9,14182500
2003-09-10,117.0,0.0,16.8,14182500
2003-09-11,99.4,0.8,18.1,14182500
2003-09-12,130.0,0.5,16.0,14182500
2003-09-13,92.3,0.0,16.4,14182500
2003-09-14,70.7,0.0,17.7,14182500
2003-09-15,60.6,0.0,15.2,14182500
2003-09-16,58.1,3.5,13.5,14182500
2003-09-17,91.4,0.0,12.4,14182500
2003-09-18,72.5,0.0,15.2,14182500
2003-09-19,61.9,1.8,17.2,14182500
2003-09-20,57.2,0.0,15.5,14182500
2003-09-21,53.5,0.0,16.1,14182500
2003-09-22,50.3,0.0,18.4,14182500
2003-09-23,47.6,0.0,18.7,14182500
2003-09-24,45.5,0.0,18.5,14182500
2003-09-25,43.8,0.0,20.3,14182500
2003-09-26,42.5,0.0,20.9,14182500
2003-09-27,41.1,0.0,22.7,14182500
2003-09-28,39.3,0.0,21.0,14182500
2003-09-29,38.7,0.0,17.4,14182500
2003-09-30,38.7,0.2,16.0,14182500
2003-10-01,38.6,0.0,17.4,14182500
2003-10-02,37.9,0.0,16.2,14182500
2003-10-03,37.8,0.0,15.8,14182500
2003-10-04,37.4,0.1,16.6,14182500
2003-10-05,37.3,0.0,16.0,14182500
2003-10-06,37.6,0.0,16.1,14182500
2003-10-07,47.5,8.3,16.1,14182500
2003-10-08,58.6,2.1,13.9,14182500
2003-10-09,125.0,3.3,12.2,14182500
2003-10-10,212.0,0.3,11.2,14182500
2003-10-11,220.0,5.4,10.7,14182500
2003-10-12,531.0,5.4,11.7,14182500
2003-10-13,445.0,0.3,10.8,14182500
2003-10-14,264.0,0.7,11.2,14182500
2003-10-15,237.0,6.4,10.0,14182500
2003-10-16,396.0,0.0,14.9,14182500
2003-10-17,260.0,0.0,18.5,14182500
2003-10-18,190.0,0.0,15.2,14182500
2003-10-19,157.0,4.0,15.4,14182500
2003-10-20,139.0,0.8,18.2,14182500
2003-10-21,120.0,0.0,19.5,14182500
2003-10-22,109.0,0.0,18.3,14182500
2003-10-23,148.0,5.9,12.0,14182500
2003-10-24,136.0,0.0,11.0,14182500
2003-10-25,117.0,0.0,12.1,14182500
2003-10-26,104.0,0.0,13.4,14182500
2003-10-27,94.2,0.0,14.5,14182500
2003-10-28,89.2,0.1,15.3,14182500
2003-10-29,136.0,2.3,11.1,14182500
2003-10-30,199.0,0.0,6.8,14182500
2003-10-31,157.0,0.0,5.0,14182500
2003-11-01,133.0,0.0,2.2,14182500
2003-11-02,123.0,3.9,4.0,14182500
2003-11-03,112.0,0.2,2.1,14182500
2003-11-04,102.0,0.0,3.6,14182500
2003-11-05,94.6,0.0,5.0,14182500
2003-11-06,89.0,0.0,5.5,14182500
2003-11-07,84.7,0.0,7.8,14182500
2003-11-08,81.6,3.2,7.2,14182500
2003-11-09,78.6,1.4,8.0,14182500
2003-11-10,77.2,0.1,8.5,14182500
2003-11-11,271.0,4.3,10.6,14182500
2003-11-12,321.0,0.0,6.9,14182500
2003-11-13,228.0,0.0,6.6,14182500
2003-11-14,182.0,0.0,9.4,14182500
2003-11-15,172.0,8.7,8.5,14182500
2003-11-16,475.0,11.5,8.0,14182500
2003-11-17,1690.0,3.2,8.5,14182500
2003-11-18,1420.0,0.4,12.1,14182500
2003-11-19,1100.0,25.2,10.0,14182500
2003-11-20,846.0,4.2,3.3,14182500
2003-11-21,595.0,2.8,2.8,14182500
2003-11-22,446.0,0.7,-0.3,14182500
2003-11-23,359.0,0.0,4.0,14182500
2003-11-24,434.0,6.7,5.2,14182500
2003-11-25,477.0,11.4,4.6,14182500
2003-11-26,609.0,5.1,5.6,14182500
2003-11-27,518.0,0.4,4.5,14182500
2003-11-28,473.0,0.5,7.0,14182500
2003-11-29,2850.0,36.1,8.6,14182500
2003-11-30,1840.0,1.6,8.1,14182500
2003-12-01,1320.0,2.0,6.7,14182500
2003-12-02,1100.0,0.0,9.6,14182500
2003-12-03,1530.0,9.5,8.0,14182500
2003-12-04,1070.0,1.6,5.8,14182500
2003-12-05,1450.0,19.9,9.5,14182500
2003-12-06,2000.0,16.2,8.3,14182500
2003-12-07,1320.0,3.4,6.4,14182500
2003-12-08,1190.0,1.0,6.7,14182500
2003-12-09,991.0,1.8,5.9,14182500
2003-12-10,816.0,9.8,5.9,14182500
2003-12-11,691.0,0.7,6.6,14182500
2003-12-12,1460.0,10.0,7.8,14182500
2003-12-13,5920.0,48.5,8.9,14182500
2003-12-14,3070.0,22.3,4.1,14182500
2003-12-15,1630.0,0.6,4.2,14182500
2003-12-16,1200.0,1.2,5.9,14182500
2003-12-17,1190.0,3.8,7.3,14182500
2003-12-18,1090.0,0.0,4.8,14182500
2003-12-19,995.0,0.3,4.2,14182500
2003-12-20,1030.0,6.0,7.8,14182500
2003-12-21,1020.0,3.0,8.6,14182500
2003-12-22,905.0,0.0,5.3,14182500
2003-12-23,784.0,0.0,4.4,14182500
2003-12-24,784.0,12.4,7.8,14182500
2003-12-25,848.0,5.9,5.7,14182500
2003-12-26,743.0,0.5,1.5,14182500
2003-12-27,688.0,8.3,2.7,14182500
2003-12-28,981.0,18.6,5.3,14182500
2003-12-29,1170.0,39.1,2.3,14182500
2003-12-30,888.0,0.0,-4.8,14182500
2003-12-31,741.0,4.0,1.6,14182500
2004-01-01,664.0,20.6,1.5,14182500
2004-01-02,584.0,0.4,1.5,14182500
2004-01-03,527.0,2.3,1.2,14182500
2004-01-04,494.0,3.3,-0.1,14182500
2004-01-05,434.0,0.2,-2.0,14182500
2004-01-06,445.0,16.8,-2.8,14182500
2004-01-07,1030.0,15.4,2.8,14182500
2004-01-08,1250.0,7.5,3.9,14182500
2004-01-09,1630.0,3.5,4.6,14182500
2004-01-10,1670.0,2.7,6.1,14182500
2004-01-11,1460.0,0.0,4.5,14182500
2004-01-12,1340.0,1.6,3.2,14182500
2004-01-13,1360.0,0.0,6.2,14182500
2004-01-14,1630.0,7.7,7.6,14182500
2004-01-15,2150.0,1.5,8.4,14182500
2004-01-16,1940.0,0.0,7.9,14182500
2004-01-17,1390.0,0.0,5.4,14182500
2004-01-18,1300.0,5.5,7.3,14182500
2004-01-19,1570.0,5.2,8.3,14182500
2004-01-20,1400.0,0.5,5.8,14182500
2004-01-21,1070.0,0.0,3.7,14182500
2004-01-22,877.0,0.0,2.7,14182500
2004-01-23,1630.0,17.4,6.2,14182500
2004-01-24,3750.0,7.5,7.0,14182500
2004-01-25,1990.0,4.0,4.0,14182500
2004-01-26,1430.0,1.8,5.4,14182500
2004-01-27,1520.0,20.5,6.4,14182500
2004-01-28,3510.0,15.2,7.7,14182500
2004-01-29,9650.0,17.7,9.6,14182500
2004-01-30,4500.0,16.0,7.9,14182500
2004-01-31,2410.0,5.0,3.7,14182500
2004-02-01,1660.0,3.7,4.5,14182500
2004-02-02,1420.0,15.5,6.0,14182500
2004-02-03,1290.0,0.4,5.5,14182500
2004-02-04,1150.0,3.8,6.5,14182500
2004-02-05,1020.0,0.0,4.7,14182500
2004-02-06,960.0,9.1,6.7,14182500
2004-02-07,1160.0,4.1,6.2,14182500
2004-02-08,1020.0,0.0,4.6,14182500
2004-02-09,881.0,0.0,3.1,14182500
2004-02-10,787.0,0.0,3.5,14182500
2004-02-11,745.0,0.0,3.9,14182500
2004-02-12,712.0,0.0,3.7,14182500
2004-02-13,665.0,1.1,2.9,14182500
2004-02-14,644.0,2.7,5.3,14182500
2004-02-15,821.0,2.1,8.5,14182500
2004-02-16,1150.0,15.9,8.1,14182500
2004-02-17,1700.0,13.3,7.0,14182500
2004-02-18,1870.0,10.6,9.6,14182500
2004-02-19,1820.0,2.6,7.3,14182500
2004-02-20,1350.0,0.0,5.1,14182500
2004-02-21,1060.0,0.0,5.7,14182500
2004-02-22,893.0,0.0,6.5,14182500
2004-02-23,796.0,2.5,8.0,14182500
2004-02-24,759.0,5.9,8.0,14182500
2004-02-25,741.0,8.4,6.8,14182500
2004-02-26,739.0,2.4,7.3,14182500
2004-02-27,962.0,3.3,7.6,14182500
2004-02-28,1200.0,0.3,7.1,14182500
2004-02-29,977.0,3.3,6.4,14182500
2004-03-01,918.0,11.3,6.6,14182500
2004-03-02,827.0,0.0,7.0,14182500
2004-03-03,762.0,4.1,5.5,14182500
2004-03-04,1100.0,4.9,6.9,14182500
2004-03-05,1330.0,8.1,6.4,14182500
2004-03-06,1600.0,1.4,6.3,14182500
2004-03-07,1150.0,0.0,10.8,14182500
2004-03-08,1080.0,0.0,11.6,14182500
2004-03-09,1210.0,0.0,12.5,14182500
2004-03-10,1070.0,0.0,7.1,14182500
2004-03-11,893.0,0.0,9.1,14182500
2004-03-12,841.0,0.0,9.6,14182500
2004-03-13,779.0,0.0,8.5,14182500
2004-03-14,722.0,0.0,10.7,14182500
2004-03-15,694.0,0.0,10.0,14182500
2004-03-16,637.0,0.0,9.7,14182500
2004-03-17,597.0,0.0,9.4,14182500
2004-03-18,597.0,2.1,9.9,14182500
2004-03-19,603.0,0.4,7.0,14182500
2004-03-20,533.0,0.0,8.1,14182500
2004-03-21,489.0,0.0,12.1,14182500
2004-03-22,530.0,0.0,13.1,14182500
2004-03-23,581.0,0.2,12.1,14182500
2004-03-24,621.0,8.9,11.0,14182500
2004-03-25,615.0,11.0,9.2,14182500
2004-03-26,655.0,5.3,7.1,14182500
2004-03-27,926.0,11.4,8.6,14182500
2004-03-28,796.0,0.0,8.6,14182500
2004-03-29,669.0,0.0,12.4,14182500
2004-03-30,694.0,6.7,10.7,14182500
2004-03-31,661.0,1.0,6.6,14182500
2004-04-01,548.0,0.2,6.8,14182500
2004-04-02,471.0,0.0,8.6,14182500
2004-04-03,430.0,0.0,11.9,14182500
2004-04-04,439.0,0.0,10.2,14182500
2004-04-05,437.0,0.0,8.9,14182500
2004-04-06,414.0,0.0,9.5,14182500
2004-04-07,399.0,0.0,9.7,14182500
2004-04-08,382.0,0.0,9.7,14182500
2004-04-09,368.0,0.0,12.0,14182500
2004-04-10,367.0,0.0,14.1,14182500
2004-04-11,387.0,0.0,15.6,14182500
2004-04-12,420.0,0.0,12.3,14182500
2004-04-13,404.0,0.3,11.0,14182500
2004-04-14,477.0,12.1,8.9,14182500
2004-04-15,559.0,11.0,7.7,14182500
2004-04-16,550.0,4.9,8.9,14182500
2004-04-17,511.0,0.2,9.2,14182500
2004-04-18,497.0,2.4,8.7,14182500
2004-04-19,518.0,3.5,9.9,14182500
2004-04-20,743.0,15.8,8.0,14182500
2004-04-21,1120.0,13.1,8.4,14182500
2004-04-22,937.0,0.0,9.0,14182500
2004-04-23,773.0,0.1,10.0,14182500
2004-04-24,668.0,0.0,9.1,14182500
2004-04-25,576.0,0.0,12.5,14182500
2004-04-26,556.0,0.0,16.2,14182500
2004-04-27,587.0,0.0,17.4,14182500
2004-04-28,548.0,0.0,10.9,14182500
2004-04-29,454.0,0.0,12.9,14182500
2004-04-30,401.0,0.0,15.6,14182500
2004-05-01,398.0,0.0,17.1,14182500
2004-05-02,403.0,0.0,15.8,14182500
2004-05-03,388.0,0.0,15.5,14182500
2004-05-04,371.0,0.6,14.2,14182500
2004-05-05,336.0,0.3,12.6,14182500
2004-05-06,300.0,0.0,12.8,14182500
2004-05-07,284.0,4.1,14.3,14182500
2004-05-08,314.0,1.0,12.9,14182500
2004-05-09,291.0,0.1,12.6,14182500
2004-05-10,268.0,0.5,11.9,14182500
2004-05-11,408.0,1.5,10.9,14182500
2004-05-12,398.0,0.0,12.4,14182500
2004-05-13,342.0,0.0,12.9,14182500
2004-05-14,300.0,0.0,13.3,14182500
2004-05-15,280.0,0.1,13.5,14182500
2004-05-16,291.0,0.9,13.1,14182500
2004-05-17,286.0,0.0,14.2,14182500
2004-05-18,308.0,1.0,14.4,14182500
2004-05-19,480.0,0.1,13.7,14182500
2004-05-20,397.0,0.0,14.8,14182500
2004-05-21,342.0,0.0,14.4,14182500
2004-05-22,338.0,1.0,12.8,14182500
2004-05-23,804.0,0.6,12.9,14182500
2004-05-24,598.0,0.4,14.2,14182500
2004-05-25,459.0,0.0,17.2,14182500
2004-05-26,450.0,2.3,16.5,14182500
2004-05-27,1010.0,5.8,13.8,14182500
2004-05-28,1630.0,10.7,11.3,14182500
2004-05-29,1790.0,0.8,11.2,14182500
2004-05-30,1120.0,0.6,13.3,14182500
2004-05-31,831.0,0.0,13.0,14182500
2004-06-01,669.0,0.0,13.8,14182500
2004-06-02,560.0,0.0,15.3,14182500
2004-06-03,481.0,0.0,17.8,14182500
2004-06-04,422.0,0.0,17.7,14182500
2004-06-05,407.0,4.4,16.3,14182500
2004-06-06,543.0,7.2,13.5,14182500
2004-06-07,900.0,4.8,12.1,14182500
2004-06-08,1050.0,8.4,12.4,14182500
2004-06-09,1020.0,1.4,13.7,14182500
2004-06-10,991.0,0.7,13.7,14182500
2004-06-11,898.0,0.1,12.5,14182500
2004-06-12,727.0,0.0,13.7,14182500
2004-06-13,645.0,1.9,14.3,14182500
2004-06-14,623.0,0.0,13.2,14182500
2004-06-15,541.0,0.0,14.6,14182500
2004-06-16,464.0,0.0,18.5,14182500
2004-06-17,405.0,0.0,21.6,14182500
2004-06-18,358.0,0.0,22.5,14182500
2004-06-19,320.0,0.0,21.6,14182500
2004-06-20,289.0,0.0,21.8,14182500
2004-06-21,262.0,0.0,21.9,14182500
2004-06-22,244.0,0.0,19.8,14182500
2004-06-23,231.0,0.0,18.6,14182500
2004-06-24,217.0,0.0,19.6,14182500
2004-06-25,201.0,0.0,19.0,14182500
2004-06-26,186.0,0.0,18.7,14182500
2004-06-27,174.0,0.0,18.9,14182500
2004-06-28,164.0,0.0,19.9,14182500
2004-06-29,155.0,0.0,20.2,14182500
2004-06-30,148.0,0.0,19.9,14182500
2004-07-01,140.0,0.0,20.2,14182500
2004-07-02,134.0,0.0,19.0,14182500
2004-07-03,129.0,0.8,18.9,14182500
2004-07-04,125.0,0.0,18.0,14182500
2004-07-05,121.0,0.0,19.0,14182500
2004-07-06,119.0,0.0,21.3,14182500
2004-07-07,115.0,0.0,17.5,14182500
2004-07-08,112.0,0.0,16.9,14182500
2004-07-09,109.0,0.0,17.8,14182500
2004-07-10,106.0,0.0,17.7,14182500
2004-07-11,103.0,0.0,18.1,14182500
2004-07-12,102.0,0.0,22.0,14182500
2004-07-13,97.9,0.0,21.9,14182500
2004-07-14,95.5,0.0,22.0,14182500
2004-07-15,92.8,0.0,20.8,14182500
2004-07-16,89.9,0.0,21.2,14182500
2004-07-17,87.7,0.0,23.2,14182500
2004-07-18,85.5,0.0,23.4,14182500
2004-07-19,85.7,0.4,22.1,14182500
2004-07-20,83.3,0.0,21.0,14182500
2004-07-21,80.3,0.0,21.5,14182500
2004-07-22,77.4,0.0,24.1,14182500
2004-07-23,74.3,0.0,28.0,14182500
2004-07-24,72.0,0.0,28.4,14182500
2004-07-25,69.0,0.0,24.2,14182500
2004-07-26,67.0,0.0,20.5,14182500
2004-07-27,66.0,0.0,22.1,14182500
2004-07-28,64.9,0.0,24.0,14182500
2004-07-29,63.5,0.0,23.4,14182500
2004-07-30,62.4,0.0,22.1,14182500
2004-07-31,61.6,0.0,20.8,14182500
2004-08-01,60.9,0.0,21.7,14182500
2004-08-02,59.6,0.0,20.7,14182500
2004-08-03,58.8,0.0,19.9,14182500
2004-08-04,59.3,0.3,20.1,14182500
2004-08-05,61.7,0.2,18.8,14182500
2004-08-06,65.1,5.7,18.1,14182500
2004-08-07,70.8,0.2,18.3,14182500
2004-08-08,64.3,0.0,21.5,14182500
2004-08-09,57.8,0.0,24.9,14182500
2004-08-10,55.0,0.0,23.9,14182500
2004-08-11,53.3,0.0,25.0,14182500
2004-08-12,52.3,0.0,24.6,14182500
2004-08-13,51.1,0.0,23.4,14182500
2004-08-14,50.6,0.0,24.4,14182500
2004-08-15,49.8,0.0,21.7,14182500
2004-08-16,49.0,0.0,21.6,14182500
2004-08-17,49.0,0.0,22.3,14182500
2004-08-18,47.9,0.0,23.2,14182500
2004-08-19,46.9,0.0,23.7,14182500
2004-08-20,46.5,0.0,23.3,14182500
2004-08-21,45.8,0.7,22.9,14182500
2004-08-22,172.0,27.6,17.7,14182500
2004-08-23,235.0,3.1,16.4,14182500
2004-08-24,289.0,4.0,17.2,14182500
2004-08-25,1240.0,18.4,16.7,14182500
2004-08-26,1630.0,5.0,16.1,14182500
2004-08-27,957.0,0.5,17.3,14182500
2004-08-28,539.0,0.0,18.0,14182500
2004-08-29,372.0,0.0,19.2,14182500
2004-08-30,286.0,0.0,20.1,14182500
2004-08-31,233.0,0.0,21.4,14182500
2004-09-01,204.0,0.3,19.6,14182500
2004-09-02,190.0,0.0,15.7,14182500
2004-09-03,174.0,0.0,15.8,14182500
2004-09-04,158.0,0.1,16.4,14182500
2004-09-05,146.0,0.0,16.6,14182500
2004-09-06,136.0,0.0,17.2,14182500
2004-09-07,127.0,0.0,18.1,14182500
2004-09-08,121.0,0.0,18.6,14182500
2004-09-09,116.0,0.0,18.3,14182500
2004-09-10,112.0,0.1,18.0,14182500
2004-09-11,163.0,9.1,19.6,14182500
2004-09-12,188.0,0.0,16.9,14182500
2004-09-13,450.0,3.9,16.0,14182500
2004-09-14,818.0,0.3,15.4,14182500
2004-09-15,730.0,7.9,16.1,14182500
2004-09-16,728.0,0.7,15.0,14182500
2004-09-17,877.0,9.6,15.3,14182500
2004-09-18,1550.0,1.6,11.8,14182500
2004-09-19,1350.0,1.3,12.1,14182500
2004-09-20,1050.0,1.8,11.5,14182500
2004-09-21,759.0,0.0,12.9,14182500
2004-09-22,585.0,0.0,13.8,14182500
2004-09-23,468.0,0.0,15.7,14182500
2004-09-24,391.0,0.0,16.1,14182500
2004-09-25,336.0,0.0,16.7,14182500
2004-09-26,298.0,0.0,16.2,14182500
2004-09-27,269.0,0.0,16.8,14182500
2004-09-28,241.0,0.0,18.8,14182500
2004-09-29,222.0,0.0,16.3,14182500
2004-09-30,205.0,0.0,13.4,14182500
2004-10-01,195.0,0.0,15.5,14182500
2004-10-02,181.0,0.0,16.0,14182500
2004-10-03,171.0,0.0,16.5,14182500
2004-10-04,162.0,0.0,16.8,14182500
2004-10-05,154.0,0.0,16.7,14182500
2004-10-06,298.0,11.0,17.4,14182500
2004-10-07,314.0,0.4,16.5,14182500
2004-10-08,292.0,9.2,15.9,14182500
2004-10-09,956.0,14.1,12.0,14182500
2004-10-10,646.0,0.0,11.7,14182500
2004-10-11,474.0,0.0,12.5,14182500
2004-10-12,384.0,0.0,14.6,14182500
2004-10-13,326.0,0.0,16.3,14182500
2004-10-14,285.0,0.0,16.5,14182500
2004-10-15,258.0,0.0,14.9,14182500
2004-10-16,238.0,0.0,13.1,14182500
2004-10-17,260.0,16.6,12.5,14182500
2004-10-18,814.0,12.4,9.7,14182500
2004-10-19,1020.0,6.5,11.3,14182500
2004-10-20,662.0,1.9,10.7,14182500
2004-10-21,616.0,1.5,11.3,14182500
2004-10-22,701.0,4.8,9.9,14182500
2004-10-23,800.0,2.2,9.6,14182500
2004-10-24,784.0,2.2,8.5,14182500
2004-10-25,684.0,2.4,7.6,14182500
2004-10-26,602.0,12.5,9.1,14182500
2004-10-27,522.0,0.5,7.9,14182500
2004-10-28,457.0,1.3,7.5,14182500
2004-10-29,421.0,1.9,10.4,14182500
2004-10-30,558.0,8.1,10.9,14182500
2004-10-31,760.0,1.2,7.6,14182500
2004-11-01,680.0,0.0,7.8,14182500
2004-11-02,1200.0,17.7,11.7,14182500
2004-11-03,1470.0,4.8,6.9,14182500
2004-11-04,948.0,0.0,5.9,14182500
2004-11-05,729.0,0.0,6.6,14182500
2004-11-06,604.0,0.0,6.0,14182500
2004-11-07,512.0,0.0,7.2,14182500
2004-11-08,443.0,0.0,6.5,14182500
2004-11-09,391.0,0.0,7.8,14182500
2004-11-10,352.0,0.0,8.0,14182500
2004-11-11,320.0,0.0,8.4,14182500
2004-11-12,294.0,0.0,8.0,14182500
2004-11-13,275.0,2.1,10.0,14182500
2004-11-14,255.0,0.0,8.8,14182500
2004-11-15,252.0,9.6,10.5,14182500
2004-11-16,256.0,0.8,7.9,14182500
2004-11-17,231.0,0.0,9.3,14182500
2004-11-18,262.0,9.8,9.1,14182500
2004-11-19,274.0,0.4,5.8,14182500
2004-11-20,255.0,0.0,3.5,14182500
2004-11-21,240.0,0.0,3.4,14182500
2004-11-22,230.0,0.2,3.9,14182500
2004-11-23,225.0,0.6,6.9,14182500
2004-11-24,459.0,2.5,10.2,14182500
2004-11-25,1410.0,14.2,10.6,14182500
2004-11-26,1030.0,0.4,5.7,14182500
2004-11-27,736.0,0.9,5.8,14182500
2004-11-28,597.0,0.0,2.1,14182500
2004-11-29,508.0,0.0,1.7,14182500
2004-11-30,475.0,3.9,3.5,14182500
2004-12-01,575.0,1.5,5.7,14182500
2004-12-02,532.0,0.0,2.2,14182500
2004-12-03,478.0,0.0,2.8,14182500
2004-12-04,443.0,0.0,4.0,14182500
2004-12-05,423.0,5.5,5.2,14182500
2004-12-06,428.0,5.8,4.3,14182500
2004-12-07,561.0,16.5,5.5,14182500
2004-12-08,2520.0,32.8,8.7,14182500
2004-12-09,2750.0,16.0,9.8,14182500
2004-12-10,4610.0,4.0,13.0,14182500
2004-12-11,4000.0,21.1,10.6,14182500
2004-12-12,2090.0,1.6,7.5,14182500
2004-12-13,1290.0,0.5,6.5,14182500
2004-12-14,1300.0,5.9,10.7,14182500
2004-12-15,1130.0,0.0,6.0,14182500
2004-12-16,880.0,0.0,4.7,14182500
2004-12-17,721.0,0.0,5.6,14182500
2004-12-18,625.0,0.0,6.8,14182500
2004-12-19,559.0,0.5,6.6,14182500
2004-12-20,503.0,0.0,5.2,14182500
2004-12-21,461.0,1.3,1.8,14182500
2004-12-22,440.0,0.4,5.5,14182500
2004-12-23,406.0,0.0,3.8,14182500
2004-12-24,374.0,0.0,3.7,14182500
2004-12-25,354.0,0.6,4.0,14182500
2004-12-26,401.0,13.0,5.8,14182500
2004-12-27,369.0,0.0,4.1,14182500
2004-12-28,345.0,0.0,4.1,14182500
2004-12-29,340.0,5.7,5.3,14182500
2004-12-30,335.0,0.5,4.2,14182500
2004-12-31,320.0,3.4,3.5,14182500
2005-01-01,315.0,6.4,5.0,14182500
2005-01-02,300.0,0.0,1.2,14182500
2005-01-03,283.0,0.0,0.8,14182500
2005-01-04,269.0,0.0,-0.1,14182500
2005-01-05,254.0,0.0,-0.8,14182500
2005-01-06,247.0,0.4,1.4,14182500
2005-01-07,249.0,7.0,3.4,14182500
2005-01-08,244.0,4.1,3.0,14182500
2005-01-09,230.0,2.0,3.2,14182500
2005-01-10,220.0,3.2,1.5,14182500
2005-01-11,212.0,0.0,0.8,14182500
2005-01-12,225.0,1.7,3.2,14182500
2005-01-13,287.0,1.2,4.1,14182500
2005-01-14,279.0,0.0,2.6,14182500
2005-01-15,268.0,5.5,1.4,14182500
2005-01-16,348.0,0.0,4.0,14182500
2005-01-17,884.0,4.4,6.6,14182500
2005-01-18,4740.0,10.5,12.7,14182500
2005-01-19,1820.0,0.0,11.5,14182500
2005-01-20,1090.0,0.0,9.9,14182500
2005-01-21,822.0,0.0,8.1,14182500
2005-01-22,670.0,0.0,8.6,14182500
2005-01-23,572.0,0.0,9.2,14182500
2005-01-24,499.0,0.0,6.8,14182500
2005-01-25,444.0,0.0,7.1,14182500
2005-01-26,406.0,3.3,7.4,14182500
2005-01-27,383.0,0.2,8.3,14182500
2005-01-28,353.0,1.6,7.5,14182500
2005-01-29,457.0,13.1,7.2,14182500
2005-01-30,437.0,0.0,5.4,14182500
2005-01-31,410.0,0.0,7.0,14182500
2005-02-01,386.0,0.0,5.4,14182500
2005-02-02,357.0,0.0,4.8,14182500
2005-02-03,334.0,0.0,5.1,14182500
2005-02-04,344.0,3.2,4.5,14182500
2005-02-05,411.0,1.4,3.2,14182500
2005-02-06,393.0,5.1,4.0,14182500
2005-02-07,399.0,2.6,3.7,14182500
2005-02-08,373.0,0.0,2.8,14182500
2005-02-09,352.0,0.0,3.8,14182500
2005-02-10,335.0,0.0,2.6,14182500
2005-02-11,320.0,0.0,2.5,14182500
2005-02-12,323.0,3.7,4.0,14182500
2005-02-13,442.0,0.5,4.4,14182500
2005-02-14,409.0,0.3,1.8,14182500
2005-02-15,369.0,0.0,1.6,14182500
2005-02-16,337.0,0.0,2.1,14182500
2005-02-17,311.0,0.0,3.1,14182500
2005-02-18,291.0,0.0,3.6,14182500
2005-02-19,282.0,0.8,6.8,14182500
2005-02-20,338.0,5.3,6.7,14182500
2005-02-21,320.0,0.0,5.7,14182500
2005-02-22,299.0,0.0,5.8,14182500
2005-02-23,279.0,0.0,5.9,14182500
2005-02-24,262.0,0.0,6.8,14182500
2005-02-25,249.0,0.0,7.1,14182500
2005-02-26,239.0,0.0,6.3,14182500
2005-02-27,229.0,0.0,8.8,14182500
2005-02-28,229.0,4.4,9.8,14182500
2005-03-01,228.0,1.6,9.3,14182500
2005-03-02,221.0,2.8,9.5,14182500
2005-03-03,215.0,0.0,7.6,14182500
2005-03-04,205.0,0.0,10.0,14182500
2005-03-05,196.0,0.0,8.5,14182500
2005-03-06,188.0,0.0,9.7,14182500
2005-03-07,181.0,0.0,11.0,14182500
2005-03-08,176.0,0.0,11.5,14182500
2005-03-09,172.0,0.0,12.6,14182500
2005-03-10,167.0,0.0,13.0,14182500
2005-03-11,163.0,0.0,13.0,14182500
2005-03-12,159.0,0.0,12.8,14182500
2005-03-13,152.0,0.0,10.7,14182500
2005-03-14,147.0,0.0,10.0,14182500
2005-03-15,142.0,0.0,8.8,14182500
2005-03-16,143.0,0.9,10.2,14182500
2005-03-17,188.0,3.1,7.1,14182500
2005-03-18,165.0,0.0,7.9,14182500
2005-03-19,256.0,8.3,10.2,14182500
2005-03-20,377.0,8.1,10.5,14182500
2005-03-21,345.0,4.8,6.3,14182500
2005-03-22,320.0,3.9,6.8,14182500
2005-03-23,327.0,3.7,6.9,14182500
2005-03-24,348.0,10.4,6.1,14182500
2005-03-25,348.0,4.0,6.0,14182500
2005-03-26,1130.0,12.0,9.1,14182500
2005-03-27,5090.0,41.6,10.2,14182500
2005-03-28,3100.0,11.7,7.3,14182500
2005-03-29,2070.0,24.3,7.1,14182500
2005-03-30,1450.0,3.5,6.5,14182500
2005-03-31,1050.0,0.0,8.1,14182500
2005-04-01,1130.0,8.9,10.2,14182500
2005-04-02,1110.0,0.0,7.9,14182500
2005-04-03,934.0,7.6,7.8,14182500
2005-04-04,909.0,1.2,6.4,14182500
2005-04-05,806.0,1.0,9.4,14182500
2005-04-06,747.0,0.6,10.4,14182500
2005-04-07,935.0,11.0,9.8,14182500
2005-04-08,1130.0,9.5,6.8,14182500
2005-04-09,979.0,1.9,8.6,14182500
2005-04-10,833.0,0.0,7.5,14182500
2005-04-11,985.0,12.4,9.0,14182500
2005-04-12,951.0,6.5,6.7,14182500
2005-04-13,824.0,4.2,6.2,14182500
2005-04-14,809.0,3.0,6.0,14182500
2005-04-15,784.0,1.1,7.3,14182500
2005-04-16,1490.0,14.6,10.8,14182500
2005-04-17,1690.0,4.4,8.0,14182500
2005-04-18,1250.0,4.6,7.2,14182500
2005-04-19,1010.0,0.0,9.0,14182500
2005-04-20,854.0,0.0,10.5,14182500
2005-04-21,759.0,0.0,11.5,14182500
2005-04-22,714.0,0.0,13.7,14182500
2005-04-23,775.0,5.8,13.1,14182500
2005-04-24,859.0,2.3,10.6,14182500
2005-04-25,733.0,0.0,12.3,14182500
2005-04-26,655.0,0.0,12.9,14182500
2005-04-27,606.0,0.0,14.3,14182500
2005-04-28,647.0,0.2,14.2,14182500
2005-04-29,561.0,0.6,12.4,14182500
2005-04-30,509.0,0.1,12.4,14182500
2005-05-01,463.0,0.2,13.2,14182500
2005-05-02,455.0,2.3,13.4,14182500
2005-05-03,412.0,0.0,14.4,14182500
2005-05-04,417.0,5.8,15.1,14182500
2005-05-05,418.0,0.7,14.1,14182500
2005-05-06,521.0,1.6,13.3,14182500
2005-05-07,609.0,0.0,12.5,14182500
2005-05-08,580.0,10.3,13.4,14182500
2005-05-09,636.0,5.7,10.9,14182500
2005-05-10,1080.0,28.5,9.9,14182500
2005-05-11,1100.0,0.3,11.5,14182500
2005-05-12,833.0,0.0,13.0,14182500
2005-05-13,677.0,0.0,15.6,14182500
2005-05-14,588.0,1.0,16.6,14182500
2005-05-15,543.0,8.3,15.9,14182500
2005-05-16,670.0,6.7,12.3,14182500
2005-05-17,855.0,6.6,10.4,14182500
2005-05-18,995.0,15.5,12.5,14182500
2005-05-19,1460.0,2.4,12.5,14182500
2005-05-20,1160.0,1.0,12.3,14182500
2005-05-21,1150.0,0.0,11.4,14182500
2005-05-22,1040.0,6.1,11.8,14182500
2005-05-23,856.0,0.0,11.1,14182500
2005-05-24,713.0,0.0,12.0,14182500
2005-05-25,605.0,0.0,16.0,14182500
2005-05-26,519.0,0.0,19.1,14182500
2005-05-27,455.0,0.0,20.5,14182500
2005-05-28,407.0,0.1,17.4,14182500
2005-05-29,370.0,0.3,14.5,14182500
2005-05-30,340.0,0.0,15.6,14182500
2005-05-31,322.0,0.2,14.4,14182500
2005-06-01,419.0,3.7,13.0,14182500
2005-06-02,532.0,0.6,13.0,14182500
2005-06-03,458.0,0.0,13.0,14182500
2005-06-04,400.0,0.1,12.3,14182500
2005-06-05,431.0,6.4,11.2,14182500
2005-06-06,882.0,3.6,10.6,14182500
2005-06-07,1230.0,4.8,10.8,14182500
2005-06-08,1010.0,1.9,12.2,14182500
2005-06-09,774.0,0.0,15.3,14182500
2005-06-10,633.0,0.0,14.2,14182500
2005-06-11,571.0,1.0,13.6,14182500
2005-06-12,536.0,0.1,12.3,14182500
2005-06-13,491.0,0.8,14.9,14182500
2005-06-14,444.0,0.1,14.3,14182500
2005-06-15,400.0,0.0,13.2,14182500
2005-06-16,373.0,4.8,14.9,14182500
2005-06-17,523.0,13.9,12.4,14182500
2005-06-18,606.0,0.0,14.7,14182500
2005-06-19,556.0,0.5,15.3,14182500
2005-06-20,515.0,0.0,17.4,14182500
2005-06-21,439.0,0.0,17.0,14182500
2005-06-22,394.0,1.6,15.2,14182500
2005-06-23,357.0,0.0,15.5,14182500
2005-06-24,321.0,0.0,17.2,14182500
2005-06-25,291.0,0.0,17.5,14182500
2005-06-26,267.0,0.7,15.6,14182500
2005-06-27,280.0,1.7,14.4,14182500
2005-06-28,377.0,0.1,15.1,14182500
2005-06-29,332.0,0.0,16.6,14182500
2005-06-30,281.0,0.0,19.3,14182500
2005-07-01,254.0,0.0,18.0,14182500
2005-07-02,231.0,0.0,16.4,14182500
2005-07-03,216.0,0.0,16.3,14182500
2005-07-04,200.0,0.0,18.6,14182500
2005-07-05,186.0,0.0,19.2,14182500
2005-07-06,189.0,3.0,19.2,14182500
2005-07-07,188.0,0.0,17.7,14182500
2005-07-08,174.0,2.7,16.2,14182500
2005-07-09,191.0,2.4,15.7,14182500
2005-07-10,197.0,0.0,16.3,14182500
2005-07-11,200.0,0.3,18.0,14182500
2005-07-12,188.0,0.0,17.6,14182500
2005-07-13,174.0,0.0,17.7,14182500
2005-07-14,161.0,0.0,18.7,14182500
2005-07-15,152.0,0.0,20.8,14182500
2005-07-16,140.0,0.0,18.6,14182500
2005-07-17,134.0,0.0,20.8,14182500
2005-07-18,125.0,0.0,24.8,14182500
2005-07-19,119.0,0.0,22.1,14182500
2005-07-20,113.0,0.0,20.6,14182500
2005-07-21,107.0,0.0,22.6,14182500
2005-07-22,110.0,6.1,22.7,14182500
2005-07-23,104.0,0.0,19.2,14182500
2005-07-24,96.9,0.0,19.2,14182500
2005-07-25,92.4,0.0,18.6,14182500
2005-07-26,88.3,0.0,23.2,14182500
2005-07-27,84.2,0.0,25.8,14182500
2005-07-28,80.1,0.0,24.5,14182500
2005-07-29,77.6,0.0,22.9,14182500
2005-07-30,74.0,0.0,23.1,14182500
2005-07-31,71.4,0.0,22.7,14182500
2005-08-01,69.8,0.0,21.0,14182500
2005-08-02,68.1,0.0,19.8,14182500
2005-08-03,65.2,0.0,21.7,14182500
2005-08-04,61.6,0.0,25.8,14182500
2005-08-05,59.2,0.0,24.4,14182500
2005-08-06,56.9,0.0,23.2,14182500
2005-08-07,55.2,0.0,21.8,14182500
2005-08-08,54.0,0.0,22.3,14182500
2005-08-09,52.0,0.0,21.7,14182500
2005-08-10,50.9,0.0,19.9,14182500
2005-08-11,49.5,0.0,19.6,14182500
2005-08-12,47.9,0.0,19.9,14182500
2005-08-13,47.5,0.0,23.1,14182500
2005-08-14,45.4,0.0,25.5,14182500
2005-08-15,42.8,0.0,24.3,14182500
2005-08-16,42.0,0.0,20.9,14182500
2005-08-17,42.0,0.0,18.2,14182500
2005-08-18,42.4,0.0,19.4,14182500
2005-08-19,41.7,0.0,22.0,14182500
2005-08-20,40.4,0.0,20.9,14182500
2005-08-21,38.9,0.0,20.3,14182500
2005-08-22,37.2,0.0,20.0,14182500
2005-08-23,36.7,0.0,17.5,14182500
2005-08-24,35.9,0.0,18.3,14182500
2005-08-25,35.3,0.0,21.6,14182500
2005-08-26,34.2,0.0,22.4,14182500
2005-08-27,33.6,0.0,20.4,14182500
2005-08-28,32.3,0.0,20.0,14182500
2005-08-29,34.1,0.0,17.1,14182500
2005-08-30,40.2,0.0,17.1,14182500
2005-08-31,37.4,0.0,19.2,14182500
2005-09-01,34.7,0.0,20.7,14182500
2005-09-02,33.1,0.0,19.6,14182500
2005-09-03,32.5,0.0,18.2,14182500
2005-09-04,32.0,0.0,17.5,14182500
2005-09-05,31.6,0.0,17.1,14182500
2005-09-06,31.0,0.0,18.2,14182500
2005-09-07,30.9,0.0,19.9,14182500
2005-09-08,30.4,0.0,20.9,14182500
2005-09-09,31.2,0.0,17.4,14182500
2005-09-10,58.7,1.5,14.5,14182500
2005-09-11,54.7,1.9,14.0,14182500
2005-09-12,45.5,0.0,15.6,14182500
2005-09-13,40.6,0.0,16.7,14182500
2005-09-14,38.5,0.0,17.7,14182500
2005-09-15,36.9,0.0,16.3,14182500
2005-09-16,37.3,1.1,14.7,14182500
2005-09-17,41.9,0.4,13.6,14182500
2005-09-18,40.7,0.0,14.3,14182500
2005-09-19,37.7,0.0,15.6,14182500
2005-09-20,36.1,0.0,16.2,14182500
2005-09-21,34.8,0.0,15.5,14182500
2005-09-22,33.5,0.0,14.5,14182500
2005-09-23,33.0,0.0,14.8,14182500
2005-09-24,31.8,0.0,13.7,14182500
2005-09-25,31.1,0.0,14.4,14182500
2005-09-26,30.5,0.0,16.4,14182500
2005-09-27,29.7,0.0,16.8,14182500
2005-09-28,28.8,0.0,16.4,14182500
2005-09-29,28.6,0.0,16.5,14182500
2005-09-30,41.0,8.9,18.2,14182500
2005-10-01,198.0,14.5,13.6,14182500
2005-10-02,161.0,4.5,10.4,14182500
2005-10-03,155.0,3.6,10.3,14182500
2005-10-04,123.0,0.6,10.0,14182500
2005-10-05,88.8,0.0,12.3,14182500
2005-10-06,69.8,0.0,14.3,14182500
2005-10-07,60.1,0.4,14.3,14182500
2005-10-08,56.5,0.1,12.0,14182500
2005-10-09,70.8,0.6,13.2,14182500
2005-10-10,70.8,0.4,12.6,14182500
2005-10-11,58.9,0.1,13.8,14182500
2005-10-12,53.1,0.0,12.6,14182500
2005-10-13,50.1,1.2,12.7,14182500
2005-10-14,49.0,0.0,13.1,14182500
2005-10-15,53.7,7.5,12.6,14182500
2005-10-16,90.1,0.2,13.3,14182500
2005-10-17,80.5,0.2,13.8,14182500
2005-10-18,66.8,0.0,14.3,14182500
2005-10-19,87.9,10.1,13.9,14182500
2005-10-20,530.0,1.3,13.9,14182500
2005-10-21,306.0,0.0,12.4,14182500
2005-10-22,182.0,0.0,12.9,14182500
2005-10-23,135.0,0.0,13.4,14182500
2005-10-24,111.0,0.0,13.8,14182500
2005-10-25,96.7,0.0,12.9,14182500
2005-10-26,130.0,9.9,10.6,14182500
2005-10-27,149.0,1.0,7.9,14182500
2005-10-28,343.0,16.2,10.4,14182500
2005-10-29,456.0,4.0,9.7,14182500
2005-10-30,370.0,0.2,9.1,14182500
2005-10-31,1710.0,7.3,12.7,14182500
2005-11-01,2810.0,17.9,12.3,14182500
2005-11-02,1540.0,0.2,8.4,14182500
2005-11-03,961.0,23.2,8.5,14182500
2005-11-04,1300.0,14.3,7.5,14182500
2005-11-05,1700.0,14.3,6.9,14182500
2005-11-06,2950.0,8.8,8.7,14182500
2005-11-07,1530.0,2.5,6.6,14182500
2005-11-08,1070.0,0.1,3.9,14182500
2005-11-09,796.0,0.0,4.7,14182500
2005-11-10,652.0,0.4,6.9,14182500
2005-11-11,724.0,4.7,7.9,14182500
2005-11-12,1070.0,7.4,7.6,14182500
2005-11-13,2540.0,14.1,9.6,14182500
2005-11-14,2330.0,0.4,9.6,14182500
2005-11-15,1380.0,0.0,4.7,14182500
2005-11-16,987.0,0.0,5.3,14182500
2005-11-17,766.0,0.0,6.2,14182500
2005-11-18,632.0,0.0,5.5,14182500
2005-11-19,542.0,0.0,6.1,14182500
2005-11-20,472.0,0.0,5.4,14182500
2005-11-21,414.0,0.0,4.4,14182500
2005-11-22,367.0,0.0,3.9,14182500
2005-11-23,328.0,0.0,3.8,14182500
2005-11-24,296.0,0.0,2.7,14182500
2005-11-25,644.0,29.6,5.1,14182500
2005-11-26,1100.0,3.2,3.8,14182500
2005-11-27,758.0,3.9,3.6,14182500
2005-11-28,622.0,3.8,1.4,14182500
2005-11-29,839.0,5.2,5.0,14182500
2005-11-30,795.0,2.9,4.4,14182500
2005-12-01,763.0,7.4,3.9,14182500
2005-12-02,884.0,10.0,4.4,14182500
2005-12-03,796.0,5.2,3.9,14182500
2005-12-04,700.0,0.1,2.6,14182500
2005-12-05,620.0,0.0,1.7,14182500
2005-12-06,560.0,0.0,1.5,14182500
2005-12-07,519.0,1.2,2.0,14182500
2005-12-08,471.0,1.8,1.2,14182500
2005-12-09,431.0,0.0,0.7,14182500
2005-12-10,480.0,0.0,0.8,14182500
2005-12-11,643.0,0.0,0.9,14182500
2005-12-12,683.0,0.0,0.7,14182500
2005-12-13,589.0,0.0,1.0,14182500
2005-12-14,503.0,0.0,-0.2,14182500
2005-12-15,443.0,0.0,-1.1,14182500
2005-12-16,396.0,0.0,-1.7,14182500
2005-12-17,357.0,0.0,-1.8,14182500
2005-12-18,327.0,2.8,-0.1,14182500
2005-12-19,420.0,11.1,2.3,14182500
2005-12-20,1010.0,6.2,4.8,14182500
2005-12-21,1390.0,17.8,7.0,14182500
2005-12-22,3770.0,22.8,10.9,14182500
2005-12-23,2980.0,2.7,10.5,14182500
2005-12-24,1610.0,0.0,10.5,14182500
2005-12-25,1300.0,4.9,10.3,14182500
2005-12-26,1180.0,9.1,9.0,14182500
2005-12-27,1530.0,15.1,8.6,14182500
2005-12-28,2910.0,48.4,9.6,14182500
2005-12-29,2350.0,0.8,7.2,14182500
2005-12-30,6710.0,46.1,8.7,14182500
2005-12-31,6210.0,17.5,9.6,14182500
2006-01-01,2840.0,2.4,8.1,14182500
2006-01-02,1880.0,11.4,6.8,14182500
2006-01-03,1510.0,7.6,4.5,14182500
2006-01-04,1300.0,3.3,5.7,14182500
2006-01-05,1100.0,0.0,5.7,14182500
2006-01-06,977.0,17.2,7.9,14182500
2006-01-07,1450.0,17.9,8.3,14182500
2006-01-08,1740.0,9.8,6.6,14182500
2006-01-09,2600.0,6.9,7.9,14182500
2006-01-10,8930.0,36.7,10.6,14182500
2006-01-11,5490.0,15.7,8.4,14182500
2006-01-12,2700.0,4.4,6.3,14182500
2006-01-13,3400.0,14.9,8.2,14182500
2006-01-14,2870.0,14.3,6.9,14182500
2006-01-15,1800.0,2.3,3.3,14182500
2006-01-16,1450.0,6.0,5.5,14182500
2006-01-17,3650.0,45.0,9.5,14182500
2006-01-18,2480.0,4.5,6.9,14182500
2006-01-19,1760.0,0.6,5.7,14182500
2006-01-20,1850.0,16.2,6.3,14182500
2006-01-21,1830.0,3.4,5.7,14182500
2006-01-22,1410.0,0.8,2.8,14182500
2006-01-23,1110.0,0.0,3.8,14182500
2006-01-24,997.0,0.0,4.5,14182500
2006-01-25,984.0,4.8,4.0,14182500
2006-01-26,885.0,5.8,3.9,14182500
2006-01-27,844.0,10.5,5.0,14182500
2006-01-28,1150.0,25.0,6.2,14182500
2006-01-29,1390.0,14.6,5.9,14182500
2006-01-30,2570.0,24.4,9.5,14182500
2006-01-31,2030.0,8.3,5.3,14182500
2006-02-01,3020.0,19.1,8.5,14182500
2006-02-02,2050.0,4.0,8.8,14182500
2006-02-03,2610.0,2.8,9.1,14182500
2006-02-04,2480.0,14.5,8.5,14182500
2006-02-05,1780.0,0.5,4.0,14182500
2006-02-06,1310.0,0.0,5.4,14182500
2006-02-07,1050.0,0.0,4.6,14182500
2006-02-08,923.0,0.0,5.0,14182500
2006-02-09,842.0,0.0,6.1,14182500
2006-02-10,729.0,0.0,5.4,14182500
2006-02-11,634.0,0.0,4.7,14182500
2006-02-12,563.0,0.0,6.7,14182500
2006-02-13,522.0,0.0,6.0,14182500
2006-02-14,495.0,1.2,3.4,14182500
2006-02-15,451.0,0.0,1.1,14182500
2006-02-16,410.0,0.0,0.7,14182500
2006-02-17,367.0,0.0,-0.6,14182500
2006-02-18,323.0,0.0,-1.7,14182500
2006-02-19,309.0,0.0,-1.0,14182500
2006-02-20,292.0,0.0,0.2,14182500
2006-02-21,282.0,1.3,3.2,14182500
2006-02-22,282.0,0.2,5.4,14182500
2006-02-23,269.0,0.0,5.3,14182500
2006-02-24,279.0,0.9,4.4,14182500
2006-02-25,256.0,0.0,2.9,14182500
2006-02-26,248.0,0.0,5.5,14182500
2006-02-27,350.0,9.0,9.4,14182500
2006-02-28,987.0,27.3,7.0,14182500
2006-03-01,981.0,0.5,7.6,14182500
2006-03-02,802.0,3.5,7.6,14182500
2006-03-03,653.0,0.0,4.9,14182500
2006-03-04,565.0,1.2,6.5,14182500
2006-03-05,493.0,3.5,8.7,14182500
2006-03-06,454.0,1.7,9.0,14182500
2006-03-07,490.0,10.9,6.7,14182500
2006-03-08,579.0,13.0,4.9,14182500
2006-03-09,737.0,15.3,2.9,14182500
2006-03-10,601.0,1.9,2.4,14182500
2006-03-11,511.0,0.7,1.5,14182500
2006-03-12,454.0,0.2,3.2,14182500
2006-03-13,410.0,0.0,3.6,14182500
2006-03-14,388.0,1.7,4.8,14182500
2006-03-15,375.0,4.1,4.8,14182500
2006-03-16,420.0,14.6,5.5,14182500
2006-03-17,505.0,7.5,6.0,14182500
2006-03-18,572.0,1.8,5.1,14182500
2006-03-19,519.0,0.0,5.4,14182500
2006-03-20,468.0,0.0,5.2,14182500
2006-03-21,464.0,6.4,6.5,14182500
2006-03-22,489.0,0.9,9.0,14182500
2006-03-23,506.0,0.0,10.1,14182500
2006-03-24,596.0,12.9,9.9,14182500
2006-03-25,644.0,4.6,5.8,14182500
2006-03-26,634.0,1.5,5.4,14182500
2006-03-27,565.0,0.0,7.6,14182500
2006-03-28,582.0,0.0,10.7,14182500
2006-03-29,654.0,3.7,8.8,14182500
2006-03-30,621.0,0.0,8.4,14182500
2006-03-31,611.0,5.7,8.1,14182500
2006-04-01,703.0,6.7,7.7,14182500
2006-04-02,702.0,4.5,8.2,14182500
2006-04-03,701.0,4.0,9.1,14182500
2006-04-04,744.0,0.0,8.6,14182500
2006-04-05,712.0,4.7,9.2,14182500
2006-04-06,733.0,0.1,9.4,14182500
2006-04-07,670.0,0.1,11.3,14182500
2006-04-08,904.0,12.7,11.5,14182500
2006-04-09,1050.0,2.9,9.3,14182500
2006-04-10,1030.0,6.2,9.4,14182500
2006-04-11,921.0,5.6,9.5,14182500
2006-04-12,875.0,0.8,11.2,14182500
2006-04-13,868.0,0.0,11.7,14182500
2006-04-14,1260.0,13.4,9.5,14182500
2006-04-15,1680.0,16.0,5.8,14182500
2006-04-16,1310.0,4.9,6.1,14182500
2006-04-17,1060.0,1.8,6.8,14182500
2006-04-18,920.0,1.6,7.0,14182500
2006-04-19,844.0,0.0,9.9,14182500
2006-04-20,860.0,0.0,11.3,14182500
2006-04-21,971.0,2.8,10.3,14182500
2006-04-22,869.0,0.0,8.2,14182500
2006-04-23,727.0,0.0,11.4,14182500
2006-04-24,672.0,0.0,12.4,14182500
2006-04-25,642.0,0.0,11.9,14182500
2006-04-26,627.0,0.0,10.9,14182500
2006-04-27,628.0,0.0,11.6,14182500
2006-04-28,725.0,0.0,15.5,14182500
2006-04-29,914.0,0.1,14.2,14182500
2006-04-30,824.0,0.9,7.3,14182500
2006-05-01,624.0,0.0,9.2,14182500
2006-05-02,505.0,0.0,8.9,14182500
2006-05-03,438.0,0.0,12.3,14182500
2006-05-04,413.0,0.0,14.8,14182500
2006-05-05,433.0,0.0,14.7,14182500
2006-05-06,453.0,0.0,11.4,14182500
2006-05-07,446.0,4.6,10.0,14182500
2006-05-08,519.0,1.5,8.8,14182500
2006-05-09,437.0,0.0,9.4,14182500
2006-05-10,385.0,0.0,12.5,14182500
2006-05-11,416.0,0.3,14.2,14182500
2006-05-12,430.0,0.0,10.3,14182500
2006-05-13,377.0,0.0,11.5,14182500
2006-05-14,354.0,0.0,15.0,14182500
2006-05-15,428.0,0.0,19.7,14182500
2006-05-16,534.0,0.0,20.0,14182500
2006-05-17,533.0,0.0,19.0,14182500
2006-05-18,527.0,0.0,19.4,14182500
2006-05-19,467.0,2.3,17.2,14182500
2006-05-20,418.0,2.4,15.5,14182500
2006-05-21,350.0,1.3,16.7,14182500
2006-05-22,316.0,2.8,15.0,14182500
2006-05-23,296.0,12.0,14.5,14182500
2006-05-24,332.0,15.7,13.1,14182500
2006-05-25,327.0,3.2,12.5,14182500
2006-05-26,489.0,7.4,10.4,14182500
2006-05-27,583.0,9.5,9.2,14182500
2006-05-28,1230.0,8.5,10.2,14182500
2006-05-29,1080.0,0.8,12.0,14182500
2006-05-30,705.0,0.0,14.1,14182500
2006-05-31,544.0,0.2,16.5,14182500
2006-06-01,486.0,8.4,15.6,14182500
2006-06-02,927.0,9.2,15.8,14182500
2006-06-03,956.0,0.8,15.3,14182500
2006-06-04,1100.0,4.0,16.8,14182500
2006-06-05,1100.0,0.0,16.3,14182500
2006-06-06,802.0,0.0,16.6,14182500
2006-06-07,631.0,0.0,15.3,14182500
2006-06-08,518.0,0.0,13.5,14182500
2006-06-09,437.0,0.0,12.8,14182500
2006-06-10,380.0,0.0,14.0,14182500
2006-06-11,334.0,0.0,16.2,14182500
2006-06-12,311.0,1.0,17.9,14182500
2006-06-13,328.0,0.1,16.2,14182500
2006-06-14,301.0,0.5,14.8,14182500
2006-06-15,351.0,1.0,14.6,14182500
2006-06-16,406.0,1.9,16.2,14182500
2006-06-17,495.0,0.0,14.9,14182500
2006-06-18,392.0,0.0,15.0,14182500
2006-06-19,330.0,0.0,14.3,14182500
2006-06-20,286.0,0.0,14.2,14182500
2006-06-21,254.0,0.0,14.6,14182500
2006-06-22,227.0,0.0,15.6,14182500
2006-06-23,206.0,0.0,16.9,14182500
2006-06-24,188.0,0.0,20.6,14182500
2006-06-25,172.0,0.0,24.6,14182500
2006-06-26,158.0,0.0,27.4,14182500
2006-06-27,146.0,0.0,25.9,14182500
2006-06-28,137.0,0.0,19.9,14182500
2006-06-29,131.0,0.4,20.2,14182500
2006-06-30,125.0,0.0,22.3,14182500
2006-07-01,116.0,0.0,21.9,14182500
2006-07-02,110.0,0.0,22.7,14182500
2006-07-03,105.0,0.0,20.7,14182500
2006-07-04,101.0,0.0,19.9,14182500
2006-07-05,96.0,0.0,17.2,14182500
2006-07-06,98.1,0.0,16.0,14182500
2006-07-07,95.7,0.0,17.0,14182500
2006-07-08,88.3,0.0,21.2,14182500
2006-07-09,83.0,0.0,23.2,14182500
2006-07-10,79.0,0.0,20.2,14182500
2006-07-11,77.9,0.0,19.4,14182500
2006-07-12,78.9,1.3,17.0,14182500
2006-07-13,83.1,0.0,18.9,14182500
2006-07-14,74.4,0.0,19.1,14182500
2006-07-15,69.7,0.0,19.9,14182500
2006-07-16,66.8,0.0,20.7,14182500
2006-07-17,63.2,0.0,19.4,14182500
2006-07-18,61.2,0.0,18.3,14182500
2006-07-19,59.6,0.0,20.1,14182500
2006-07-20,57.5,0.0,23.2,14182500
2006-07-21,55.0,0.0,28.1,14182500
2006-07-22,53.5,0.0,30.6,14182500
2006-07-23,51.9,0.0,30.5,14182500
2006-07-24,49.7,0.0,29.4,14182500
2006-07-25,47.0,0.0,24.5,14182500
2006-07-26,45.8,0.0,23.7,14182500
2006-07-27,45.2,0.0,24.4,14182500
2006-07-28,44.2,0.0,19.8,14182500
2006-07-29,43.9,0.0,17.6,14182500
2006-07-30,44.0,0.0,16.8,14182500
2006-07-31,43.8,0.0,17.5,14182500
2006-08-01,42.8,0.0,18.5,14182500
2006-08-02,42.0,0.0,18.8,14182500
2006-08-03,40.9,0.0,19.0,14182500
2006-08-04,39.4,0.0,18.7,14182500
2006-08-05,38.5,0.0,20.8,14182500
2006-08-06,37.9,0.0,23.2,14182500
2006-08-07,37.8,0.0,23.9,14182500
2006-08-08,37.5,0.0,19.3,14182500
2006-08-09,36.5,0.0,20.3,14182500
2006-08-10,35.4,0.0,20.8,14182500
2006-08-11,34.9,0.0,17.1,14182500
2006-08-12,34.3,0.0,17.5,14182500
2006-08-13,33.5,0.0,21.5,14182500
2006-08-14,32.4,0.0,23.3,14182500
2006-08-15,31.6,0.0,19.0,14182500
2006-08-16,31.5,0.0,16.4,14182500
2006-08-17,31.8,0.0,17.3,14182500
2006-08-18,31.4,0.0,21.6,14182500
2006-08-19,30.5,0.0,24.3,14182500
2006-08-20,29.3,0.0,22.5,14182500
2006-08-21,28.7,0.0,20.2,14182500
2006-08-22,28.5,0.0,17.8,14182500
2006-08-23,28.3,0.0,17.8,14182500
2006-08-24,28.0,0.0,17.6,14182500
2006-08-25,27.6,0.0,18.3,14182500
2006-08-26,27.1,0.0,22.9,14182500
2006-08-27,26.4,0.0,24.4,14182500
2006-08-28,25.6,0.0,24.7,14182500
2006-08-29,25.3,0.0,18.1,14182500
2006-08-30,26.6,0.2,15.0,14182500
2006-08-31,29.6,0.0,16.5,14182500
2006-09-01,27.8,0.0,21.6,14182500
2006-09-02,25.1,0.0,23.7,14182500
2006-09-03,24.5,0.0,22.1,14182500
2006-09-04,24.4,0.0,20.7,14182500
2006-09-05,24.1,0.0,21.2,14182500
2006-09-06,23.6,0.0,21.8,14182500
2006-09-07,23.1,0.0,18.5,14182500
2006-09-08,23.1,0.0,18.3,14182500
2006-09-09,23.3,0.9,18.0,14182500
2006-09-10,24.4,0.0,17.2,14182500
2006-09-11,24.1,0.0,19.5,14182500
2006-09-12,23.1,0.0,20.6,14182500
2006-09-13,22.3,0.0,18.1,14182500
2006-09-14,23.3,3.9,13.9,14182500
2006-09-15,28.3,1.0,12.4,14182500
2006-09-16,33.1,0.4,13.5,14182500
2006-09-17,31.3,0.0,15.6,14182500
2006-09-18,29.6,2.1,17.3,14182500
2006-09-19,32.7,3.4,14.9,14182500
2006-09-20,38.0,0.0,13.3,14182500
2006-09-21,49.1,5.5,13.1,14182500
2006-09-22,52.0,0.0,13.3,14182500
2006-09-23,39.2,0.0,15.6,14182500
2006-09-24,32.9,0.0,17.9,14182500
2006-09-25,29.9,0.0,18.5,14182500
2006-09-26,28.5,0.0,19.4,14182500
2006-09-27,27.1,0.0,19.5,14182500
2006-09-28,26.1,0.0,20.5,14182500
2006-09-29,25.4,0.0,20.2,14182500
2006-09-30,24.8,0.0,18.0,14182500
2006-10-01,24.0,0.0,14.9,14182500
2006-10-02,23.9,0.0,14.3,14182500
2006-10-03,24.0,0.3,14.2,14182500
2006-10-04,24.3,0.2,14.3,14182500
2006-10-05,24.8,0.0,15.9,14182500
2006-10-06,24.0,0.0,14.1,14182500
2006-10-07,23.6,0.0,13.2,14182500
2006-10-08,23.8,0.0,11.8,14182500
2006-10-09,25.0,0.0,14.7,14182500
2006-10-10,24.5,0.0,13.4,14182500
2006-10-11,23.3,0.0,14.5,14182500
2006-10-12,22.6,0.0,15.2,14182500
2006-10-13,22.2,0.0,15.2,14182500
2006-10-14,21.9,0.0,13.7,14182500
2006-10-15,28.8,4.4,11.7,14182500
2006-10-16,161.0,7.3,11.3,14182500
2006-10-17,117.0,0.1,10.8,14182500
2006-10-18,70.3,0.0,9.7,14182500
2006-10-19,120.0,6.4,12.1,14182500
2006-10-20,187.0,0.2,11.7,14182500
2006-10-21,99.2,0.0,10.6,14182500
2006-10-22,72.2,0.0,11.9,14182500
2006-10-23,59.4,0.0,11.0,14182500
2006-10-24,53.6,1.6,9.1,14182500
2006-10-25,59.3,0.4,8.4,14182500
2006-10-26,56.8,0.0,8.9,14182500
2006-10-27,50.0,0.0,9.7,14182500
2006-10-28,46.4,0.0,9.5,14182500
2006-10-29,45.5,0.6,8.6,14182500
2006-10-30,46.3,0.0,5.1,14182500
2006-10-31,43.4,0.0,3.8,14182500
2006-11-01,40.8,0.0,4.3,14182500
2006-11-02,51.6,17.2,8.6,14182500
2006-11-03,470.0,14.9,12.6,14182500
2006-11-04,965.0,7.4,13.1,14182500
2006-11-05,3860.0,32.7,13.5,14182500
2006-11-06,2820.0,18.2,15.7,14182500
2006-11-07,14500.0,65.4,15.2,14182500
2006-11-08,3340.0,4.7,9.7,14182500
2006-11-09,1810.0,2.6,8.1,14182500
2006-11-10,1400.0,7.0,8.6,14182500
2006-11-11,1590.0,27.1,7.4,14182500
2006-11-12,1330.0,6.0,7.6,14182500
2006-11-13,2640.0,17.2,8.8,14182500
2006-11-14,2310.0,5.5,7.1,14182500
2006-11-15,1450.0,3.8,9.4,14182500
2006-11-16,1870.0,13.8,8.9,14182500
2006-11-17,1270.0,0.0,6.4,14182500
2006-11-18,908.0,0.0,6.6,14182500
2006-11-19,917.0,12.7,9.4,14182500
2006-11-20,1710.0,6.3,10.3,14182500
2006-11-21,1630.0,9.6,9.5,14182500
2006-11-22,1790.0,15.7,7.3,14182500
2006-11-23,1680.0,15.0,5.9,14182500
2006-11-24,1990.0,9.7,7.0,14182500
2006-11-25,1790.0,3.6,4.9,14182500
2006-11-26,1530.0,18.7,5.6,14182500
2006-11-27,1470.0,4.6,2.5,14182500
2006-11-28,1080.0,0.6,0.6,14182500
2006-11-29,825.0,0.1,-0.8,14182500
2006-11-30,1160.0,5.3,4.6,14182500
2006-12-01,1230.0,0.2,4.1,14182500
2006-12-02,956.0,0.0,2.7,14182500
2006-12-03,785.0,0.0,1.5,14182500
2006-12-04,689.0,0.0,1.8,14182500
2006-12-05,653.0,0.0,3.2,14182500
2006-12-06,705.0,0.0,3.6,14182500
2006-12-07,769.0,0.0,2.4,14182500
2006-12-08,779.0,0.0,2.9,14182500
2006-12-09,887.0,2.7,5.1,14182500
2006-12-10,947.0,6.3,7.0,14182500
2006-12-11,1090.0,9.9,9.3,14182500
2006-12-12,1760.0,4.5,8.9,14182500
2006-12-13,4970.0,22.1,10.6,14182500
2006-12-14,6330.0,26.8,9.6,14182500
2006-12-15,3760.0,11.2,6.5,14182500
2006-12-16,2200.0,0.2,0.5,14182500
2006-12-17,1650.0,0.0,0.4,14182500
2006-12-18,1280.0,0.0,-0.8,14182500
2006-12-19,1040.0,0.0,0.2,14182500
2006-12-20,880.0,1.3,0.4,14182500
2006-12-21,1360.0,10.2,5.8,14182500
2006-12-22,1190.0,5.3,4.1,14182500
2006-12-23,1560.0,13.0,6.3,14182500
2006-12-24,1670.0,2.9,4.6,14182500
2006-12-25,2580.0,31.3,7.4,14182500
2006-12-26,3090.0,22.8,6.9,14182500
2006-12-27,2600.0,3.6,7.4,14182500
2006-12-28,1840.0,0.0,1.5,14182500
2006-12-29,1440.0,0.0,0.4,14182500
2006-12-30,1140.0,0.0,1.5,14182500
2006-12-31,934.0,0.0,2.1,14182500
2007-01-01,787.0,0.3,2.5,14182500
2007-01-02,786.0,0.2,8.7,14182500
2007-01-03,5210.0,53.0,9.6,14182500
2007-01-04,3030.0,6.1,5.1,14182500
2007-01-05,1940.0,1.4,1.5,14182500
2007-01-06,1870.0,16.8,5.8,14182500
2007-01-07,1940.0,3.0,7.3,14182500
2007-01-08,2900.0,5.1,8.5,14182500
2007-01-09,2240.0,0.0,6.7,14182500
2007-01-10,1890.0,8.2,3.3,14182500
2007-01-11,1500.0,1.2,-0.1,14182500
2007-01-12,1190.0,0.0,-2.0,14182500
2007-01-13,953.0,0.0,-3.3,14182500
2007-01-14,802.0,0.0,-2.1,14182500
2007-01-15,685.0,0.0,-2.3,14182500
2007-01-16,603.0,6.1,-0.2,14182500
2007-01-17,526.0,0.0,0.3,14182500
2007-01-18,468.0,0.5,1.3,14182500
2007-01-19,446.0,0.0,2.2,14182500
2007-01-20,588.0,0.8,4.0,14182500
2007-01-21,516.0,0.0,2.2,14182500
2007-01-22,466.0,0.0,3.1,14182500
2007-01-23,447.0,0.0,3.6,14182500
2007-01-24,445.0,0.0,3.3,14182500
2007-01-25,459.0,0.0,2.2,14182500
2007-01-26,441.0,0.0,2.4,14182500
2007-01-27,405.0,0.0,1.7,14182500
2007-01-28,369.0,0.0,0.9,14182500
2007-01-29,337.0,0.0,1.3,14182500
2007-01-30,313.0,0.0,1.6,14182500
2007-01-31,286.0,0.0,0.8,14182500
2007-02-01,264.0,0.0,1.6,14182500
2007-02-02,243.0,0.0,0.8,14182500
2007-02-03,226.0,0.0,1.7,14182500
2007-02-04,219.0,0.0,5.3,14182500
2007-02-05,266.0,0.0,6.0,14182500
2007-02-06,392.0,0.0,6.7,14182500
2007-02-07,397.0,2.9,7.3,14182500
2007-02-08,432.0,2.7,6.6,14182500
2007-02-09,493.0,4.7,9.4,14182500
2007-02-10,478.0,4.3,7.4,14182500
2007-02-11,568.0,5.3,7.6,14182500
2007-02-12,772.0,4.3,7.4,14182500
2007-02-13,639.0,1.2,6.7,14182500
2007-02-14,548.0,4.4,5.9,14182500
2007-02-15,3060.0,26.1,9.1,14182500
2007-02-16,4800.0,13.4,10.2,14182500
2007-02-17,2520.0,0.0,9.4,14182500
2007-02-18,1870.0,4.5,7.7,14182500
2007-02-19,1660.0,4.6,5.6,14182500
2007-02-20,2040.0,23.1,6.7,14182500
2007-02-21,1680.0,0.6,4.5,14182500
2007-02-22,1330.0,4.7,4.9,14182500
2007-02-23,1110.0,4.0,3.5,14182500
2007-02-24,1180.0,20.3,5.2,14182500
2007-02-25,1410.0,9.8,5.3,14182500
2007-02-26,1240.0,2.0,3.7,14182500
2007-02-27,1010.0,6.0,3.5,14182500
2007-02-28,850.0,6.8,2.3,14182500
2007-03-01,743.0,7.2,2.8,14182500
2007-03-02,881.0,10.2,5.5,14182500
2007-03-03,1490.0,3.2,8.0,14182500
2007-03-04,1700.0,0.0,8.2,14182500
2007-03-05,1720.0,0.0,11.0,14182500
2007-03-06,1680.0,0.0,10.3,14182500
2007-03-07,1740.0,8.4,10.9,14182500
2007-03-08,1700.0,0.0,7.8,14182500
2007-03-09,1320.0,3.4,7.8,14182500
2007-03-10,1250.0,0.0,11.0,14182500
2007-03-11,1760.0,0.8,14.1,14182500
2007-03-12,2540.0,4.7,12.6,14182500
2007-03-13,2190.0,0.0,7.4,14182500
2007-03-14,1490.0,0.5,6.8,14182500
2007-03-15,1120.0,0.0,6.1,14182500
2007-03-16,900.0,0.0,11.0,14182500
2007-03-17,925.0,0.0,11.5,14182500
2007-03-18,1040.0,0.6,12.3,14182500
2007-03-19,1070.0,4.4,11.6,14182500
2007-03-20,1600.0,13.2,7.7,14182500
2007-03-21,1250.0,0.2,5.4,14182500
2007-03-22,956.0,0.0,7.9,14182500
2007-03-23,808.0,0.0,8.5,14182500
2007-03-24,740.0,6.3,11.0,14182500
2007-03-25,1690.0,21.8,10.6,14182500
2007-03-26,1530.0,1.8,7.6,14182500
2007-03-27,1170.0,4.9,5.7,14182500
2007-03-28,930.0,0.0,5.6,14182500
2007-03-29,782.0,0.0,7.1,14182500
2007-03-30,684.0,0.0,10.0,14182500
2007-03-31,680.0,1.4,10.4,14182500
2007-04-01,861.0,0.0,5.5,14182500
2007-04-02,702.0,0.4,5.0,14182500
2007-04-03,586.0,0.0,5.9,14182500
2007-04-04,510.0,0.3,9.0,14182500
2007-04-05,461.0,0.0,12.2,14182500
2007-04-06,466.0,0.0,13.5,14182500
2007-04-07,657.0,12.0,13.7,14182500
2007-04-08,803.0,0.5,11.0,14182500
2007-04-09,1130.0,14.0,9.4,14182500
2007-04-10,1220.0,3.5,8.0,14182500
2007-04-11,957.0,2.6,8.7,14182500
2007-04-12,846.0,7.6,6.6,14182500
2007-04-13,745.0,0.2,8.2,14182500
2007-04-14,746.0,5.9,10.2,14182500
2007-04-15,757.0,0.0,7.7,14182500
2007-04-16,673.0,0.9,7.5,14182500
2007-04-17,751.0,7.2,7.5,14182500
2007-04-18,850.0,5.9,5.8,14182500
2007-04-19,858.0,3.0,6.0,14182500
2007-04-20,770.0,0.0,7.8,14182500
2007-04-21,728.0,7.0,8.7,14182500
2007-04-22,971.0,3.0,9.1,14182500
2007-04-23,859.0,0.3,10.2,14182500
2007-04-24,747.0,0.8,11.2,14182500
2007-04-25,690.0,0.2,10.3,14182500
2007-04-26,618.0,0.0,10.2,14182500
2007-04-27,548.0,0.0,13.0,14182500
2007-04-28,523.0,0.0,13.5,14182500
2007-04-29,515.0,0.0,11.9,14182500
2007-04-30,465.0,0.0,10.7,14182500
2007-05-01,424.0,0.9,10.6,14182500
2007-05-02,520.0,3.8,10.7,14182500
2007-05-03,540.0,4.6,7.7,14182500
2007-05-04,523.0,1.8,8.2,14182500
2007-05-05,515.0,2.2,8.2,14182500
2007-05-06,457.0,0.0,11.1,14182500
2007-05-07,436.0,0.0,14.5,14182500
2007-05-08,461.0,0.0,17.2,14182500
2007-05-09,476.0,0.0,11.7,14182500
2007-05-10,419.0,0.0,11.8,14182500
2007-05-11,370.0,0.0,11.7,14182500
2007-05-12,337.0,1.6,11.7,14182500
2007-05-13,322.0,0.0,9.8,14182500
2007-05-14,287.0,0.0,12.0,14182500
2007-05-15,265.0,0.0,16.0,14182500
2007-05-16,277.0,0.0,13.1,14182500
2007-05-17,260.0,0.0,13.8,14182500
2007-05-18,239.0,0.1,14.7,14182500
2007-05-19,236.0,0.5,13.6,14182500
2007-05-20,235.0,3.8,11.0,14182500
2007-05-21,409.0,2.3,10.2,14182500
2007-05-22,481.0,0.0,11.0,14182500
2007-05-23,384.0,0.0,13.2,14182500
2007-05-24,326.0,1.4,15.5,14182500
2007-05-25,293.0,0.0,17.4,14182500
2007-05-26,267.0,0.0,16.7,14182500
2007-05-27,249.0,0.4,14.4,14182500
2007-05-28,229.0,0.0,11.5,14182500
2007-05-29,203.0,0.0,16.5,14182500
2007-05-30,189.0,0.0,19.9,14182500
2007-05-31,183.0,0.0,19.6,14182500
2007-06-01,176.0,0.0,20.0,14182500
2007-06-02,167.0,0.0,20.5,14182500
2007-06-03,159.0,0.0,20.7,14182500
2007-06-04,150.0,1.2,18.2,14182500
2007-06-05,180.0,2.3,14.2,14182500
2007-06-06,267.0,1.4,11.5,14182500
2007-06-07,251.0,0.0,12.8,14182500
2007-06-08,214.0,0.0,14.5,14182500
2007-06-09,192.0,3.3,13.9,14182500
2007-06-10,288.0,3.5,13.7,14182500
2007-06-11,310.0,0.0,13.1,14182500
2007-06-12,272.0,0.0,14.2,14182500
2007-06-13,230.0,0.0,16.2,14182500
2007-06-14,205.0,0.0,14.5,14182500
2007-06-15,185.0,0.0,17.1,14182500
2007-06-16,174.0,0.0,16.5,14182500
2007-06-17,160.0,0.0,14.0,14182500
2007-06-18,147.0,0.0,15.2,14182500
2007-06-19,136.0,0.0,17.6,14182500
2007-06-20,127.0,0.0,19.4,14182500
2007-06-21,118.0,0.0,17.3,14182500
2007-06-22,111.0,0.0,16.3,14182500
2007-06-23,107.0,0.0,15.5,14182500
2007-06-24,104.0,1.4,13.8,14182500
2007-06-25,104.0,0.0,14.1,14182500
2007-06-26,95.5,0.0,18.3,14182500
2007-06-27,89.5,0.0,17.6,14182500
2007-06-28,89.0,5.1,17.7,14182500
2007-06-29,112.0,2.0,15.7,14182500
2007-06-30,116.0,0.0,16.1,14182500
2007-07-01,98.1,0.0,17.3,14182500
2007-07-02,88.9,0.0,17.8,14182500
2007-07-03,82.4,0.0,20.3,14182500
2007-07-04,78.4,0.0,22.5,14182500
2007-07-05,74.7,0.0,23.3,14182500
2007-07-06,71.3,0.0,21.5,14182500
2007-07-07,67.8,0.0,20.1,14182500
2007-07-08,65.1,0.0,19.9,14182500
2007-07-09,62.6,0.0,21.7,14182500
2007-07-10,60.8,0.0,26.5,14182500
2007-07-11,57.6,0.0,27.3,14182500
2007-07-12,55.6,0.0,22.5,14182500
2007-07-13,54.4,2.2,21.5,14182500
2007-07-14,53.2,0.0,22.6,14182500
2007-07-15,52.1,0.0,20.9,14182500
2007-07-16,50.1,0.0,19.8,14182500
2007-07-17,50.5,2.4,19.5,14182500
2007-07-18,61.8,11.1,17.7,14182500
2007-07-19,69.8,0.0,18.1,14182500
2007-07-20,62.5,2.5,17.0,14182500
2007-07-21,60.0,2.8,17.5,14182500
2007-07-22,59.2,0.2,20.7,14182500
2007-07-23,53.6,0.0,20.4,14182500
2007-07-24,50.6,0.2,18.6,14182500
2007-07-25,48.7,0.0,19.3,14182500
2007-07-26,46.4,0.0,19.9,14182500
2007-07-27,44.8,0.0,19.7,14182500
2007-07-28,43.4,0.0,19.9,14182500
2007-07-29,42.4,0.4,19.4,14182500
2007-07-30,41.7,0.0,18.0,14182500
2007-07-31,39.3,0.0,20.2,14182500
2007-08-01,37.7,0.0,23.3,14182500
2007-08-02,36.3,0.0,24.2,14182500
2007-08-03,34.6,0.0,20.4,14182500
2007-08-04,33.8,0.0,19.0,14182500
2007-08-05,33.0,0.0,19.1,14182500
2007-08-06,32.7,0.0,18.2,14182500
2007-08-07,33.1,0.0,17.7,14182500
2007-08-08,34.8,0.0,18.1,14182500
2007-08-09,33.6,0.0,18.3,14182500
2007-08-10,32.0,0.0,17.8,14182500
2007-08-11,30.2,0.0,18.7,14182500
2007-08-12,28.8,0.0,17.0,14182500
2007-08-13,27.9,0.0,18.0,14182500
2007-08-14,27.0,0.0,21.9,14182500
2007-08-15,26.0,0.0,21.7,14182500
2007-08-16,25.7,0.2,19.0,14182500
2007-08-17,25.8,0.0,18.7,14182500
2007-08-18,25.3,0.0,17.4,14182500
2007-08-19,35.8,13.8,17.0,14182500
2007-08-20,55.8,6.2,17.7,14182500
2007-08-21,91.4,0.8,18.4,14182500
2007-08-22,57.9,0.0,18.1,14182500
2007-08-23,44.8,0.0,18.6,14182500
2007-08-24,39.3,0.0,20.1,14182500
2007-08-25,35.1,0.0,19.5,14182500
2007-08-26,32.2,0.0,18.7,14182500
2007-08-27,30.3,0.0,17.3,14182500
2007-08-28,28.4,0.0,19.2,14182500
2007-08-29,27.4,0.0,22.4,14182500
2007-08-30,25.9,0.0,23.6,14182500
2007-08-31,24.7,0.0,21.5,14182500
2007-09-01,23.6,0.0,19.4,14182500
2007-09-02,22.9,0.0,19.8,14182500
2007-09-03,22.1,0.0,20.5,14182500
2007-09-04,29.4,3.7,19.9,14182500
2007-09-05,33.6,0.0,19.1,14182500
2007-09-06,26.8,0.0,18.8,14182500
2007-09-07,23.9,0.0,16.9,14182500
2007-09-08,22.3,0.0,19.0,14182500
2007-09-09,19.9,0.0,21.4,14182500
2007-09-10,18.0,0.0,21.8,14182500
2007-09-11,17.3,0.0,21.8,14182500
2007-09-12,16.8,0.0,19.3,14182500
2007-09-13,17.1,0.0,17.7,14182500
2007-09-14,18.4,0.3,16.4,14182500
2007-09-15,18.8,0.2,17.2,14182500
2007-09-16,19.4,0.0,15.5,14182500
2007-09-17,24.9,2.5,15.3,14182500
2007-09-18,25.6,0.0,13.9,14182500
2007-09-19,22.2,0.4,14.0,14182500
2007-09-20,19.8,0.0,15.1,14182500
2007-09-21,18.5,0.0,16.0,14182500
2007-09-22,17.8,0.0,15.9,14182500
2007-09-23,17.1,0.0,13.3,14182500
2007-09-24,17.0,0.0,13.1,14182500
2007-09-25,16.7,0.0,14.0,14182500
2007-09-26,16.3,0.0,14.5,14182500
2007-09-27,16.5,0.0,16.8,14182500
2007-09-28,25.0,14.8,13.5,14182500
2007-09-29,39.4,0.0,10.8,14182500
2007-09-30,74.0,17.9,11.6,14182500
2007-10-01,305.0,10.5,11.9,14182500
2007-10-02,224.0,0.0,12.8,14182500
2007-10-03,944.0,9.1,11.6,14182500
2007-10-04,1030.0,8.1,9.5,14182500
2007-10-05,570.0,2.5,9.0,14182500
2007-10-06,330.0,0.0,9.0,14182500
2007-10-07,242.0,0.0,13.1,14182500
2007-10-08,218.0,6.0,12.1,14182500
2007-10-09,187.0,0.1,12.6,14182500
2007-10-10,173.0,12.6,12.4,14182500
2007-10-11,242.0,0.3,10.1,14182500
2007-10-12,204.0,0.0,12.4,14182500
2007-10-13,168.0,0.0,12.0,14182500
2007-10-14,144.0,0.0,11.9,14182500
2007-10-15,127.0,1.9,12.3,14182500
2007-10-16,144.0,5.9,10.0,14182500
2007-10-17,245.0,4.5,9.7,14182500
2007-10-18,677.0,6.9,10.5,14182500
2007-10-19,2780.0,19.3,12.7,14182500
2007-10-20,2330.0,10.4,8.5,14182500
2007-10-21,2530.0,1.7,9.6,14182500
2007-10-22,1380.0,0.0,12.0,14182500
2007-10-23,958.0,0.0,13.6,14182500
2007-10-24,711.0,1.1,13.1,14182500
2007-10-25,532.0,0.0,8.2,14182500
2007-10-26,407.0,0.0,8.0,14182500
2007-10-27,334.0,0.0,8.1,14182500
2007-10-28,286.0,0.0,9.4,14182500
2007-10-29,250.0,0.0,9.2,14182500
2007-10-30,223.0,0.0,8.7,14182500
2007-10-31,199.0,0.0,8.2,14182500
2007-11-01,180.0,0.0,8.0,14182500
2007-11-02,165.0,0.0,5.8,14182500
2007-11-03,152.0,0.0,6.9,14182500
2007-11-04,142.0,0.0,9.4,14182500
2007-11-05,133.0,0.0,9.7,14182500
2007-11-06,125.0,0.0,9.4,14182500
2007-11-07,118.0,0.2,8.5,14182500
2007-11-08,111.0,0.0,9.3,14182500
2007-11-09,107.0,0.8,10.0,14182500
2007-11-10,200.0,11.1,11.1,14182500
2007-11-11,206.0,0.7,8.2,14182500
2007-11-12,631.0,6.8,10.0,14182500
2007-11-13,1820.0,2.0,7.1,14182500
2007-11-14,798.0,0.0,5.0,14182500
2007-11-15,576.0,2.2,11.8,14182500
2007-11-16,2190.0,16.3,11.6,14182500
2007-11-17,4300.0,23.7,11.9,14182500
2007-11-18,3260.0,13.0,8.0,14182500
2007-11-19,2450.0,13.2,6.0,14182500
2007-11-20,1630.0,1.4,5.0,14182500
2007-11-21,1150.0,0.0,3.4,14182500
2007-11-22,880.0,0.0,2.1,14182500
2007-11-23,712.0,0.0,1.3,14182500
2007-11-24,601.0,0.0,2.1,14182500
2007-11-25,525.0,0.0,2.4,14182500
2007-11-26,467.0,0.0,1.0,14182500
2007-11-27,565.0,12.5,3.8,14182500
2007-11-28,535.0,1.1,1.9,14182500
2007-11-29,675.0,6.7,4.9,14182500
2007-11-30,661.0,1.1,2.2,14182500
2007-12-01,553.0,0.6,1.9,14182500
2007-12-02,618.0,27.4,4.9,14182500
2007-12-03,4020.0,45.5,10.2,14182500
2007-12-04,5150.0,7.2,12.6,14182500
2007-12-05,3020.0,2.3,9.1,14182500
2007-12-06,2560.0,7.1,8.3,14182500
2007-12-07,1960.0,1.8,5.8,14182500
2007-12-08,1330.0,1.6,2.7,14182500
2007-12-09,978.0,0.0,1.0,14182500
2007-12-10,790.0,0.0,2.5,14182500
2007-12-11,656.0,0.0,0.5,14182500
2007-12-12,557.0,0.0,2.6,14182500
2007-12-13,480.0,0.0,1.7,14182500
2007-12-14,425.0,0.0,1.9,14182500
2007-12-15,412.0,5.7,5.2,14182500
2007-12-16,373.0,1.7,4.8,14182500
2007-12-17,449.0,12.0,5.2,14182500
2007-12-18,637.0,12.8,5.5,14182500
2007-12-19,1400.0,12.0,6.5,14182500
2007-12-20,1860.0,19.4,5.4,14182500
2007-12-21,1160.0,0.4,1.9,14182500
2007-12-22,1020.0,4.1,2.6,14182500
2007-12-23,3380.0,5.6,7.6,14182500
2007-12-24,4480.0,21.1,5.7,14182500
2007-12-25,2120.0,3.2,1.0,14182500
2007-12-26,1450.0,9.0,1.8,14182500
2007-12-27,1090.0,7.7,0.7,14182500
2007-12-28,1010.0,8.3,4.0,14182500
2007-12-29,1220.0,7.5,5.2,14182500
2007-12-30,1320.0,4.4,4.2,14182500
2007-12-31,1010.0,0.5,0.5,14182500
2008-01-01,831.0,0.0,0.9,14182500
2008-01-02,778.0,10.0,2.1,14182500
2008-01-03,946.0,13.8,4.5,14182500
2008-01-04,1370.0,8.0,6.8,14182500
2008-01-05,1560.0,6.1,5.4,14182500
2008-01-06,1200.0,3.6,2.7,14182500
2008-01-07,956.0,5.2,1.6,14182500
2008-01-08,1220.0,26.3,3.5,14182500
2008-01-09,2270.0,4.8,3.9,14182500
2008-01-10,3050.0,15.3,6.9,14182500
2008-01-11,3730.0,8.0,8.1,14182500
2008-01-12,3350.0,4.8,7.6,14182500
2008-01-13,2750.0,0.0,5.1,14182500
2008-01-14,1950.0,2.3,4.0,14182500
2008-01-15,1910.0,5.2,1.2,14182500
2008-01-16,1370.0,0.0,1.0,14182500
2008-01-17,1050.0,0.0,0.1,14182500
2008-01-18,855.0,0.0,0.9,14182500
2008-01-19,747.0,0.2,1.2,14182500
2008-01-20,725.0,4.4,2.7,14182500
2008-01-21,616.0,0.0,-0.2,14182500
2008-01-22,541.0,0.0,-1.5,14182500
2008-01-23,487.0,0.0,-1.5,14182500
2008-01-24,443.0,0.0,-1.1,14182500
2008-01-25,399.0,0.0,-0.4,14182500
2008-01-26,440.0,6.6,1.0,14182500
2008-01-27,742.0,29.8,2.2,14182500
2008-01-28,590.0,1.6,0.5,14182500
2008-01-29,545.0,18.6,2.3,14182500
2008-01-30,506.0,8.7,1.8,14182500
2008-01-31,672.0,22.9,4.4,14182500
2008-02-01,756.0,10.7,3.8,14182500
2008-02-02,707.0,20.1,2.1,14182500
2008-02-03,636.0,5.9,3.3,14182500
2008-02-04,561.0,1.2,1.7,14182500
2008-02-05,535.0,4.4,4.3,14182500
2008-02-06,585.0,2.5,4.0,14182500
2008-02-07,973.0,14.2,5.9,14182500
2008-02-08,1030.0,7.2,5.3,14182500
2008-02-09,1100.0,0.5,7.7,14182500
2008-02-10,1230.0,0.6,8.6,14182500
2008-02-11,1330.0,0.0,6.7,14182500
2008-02-12,1170.0,0.0,6.5,14182500
2008-02-13,1290.0,0.9,5.6,14182500
2008-02-14,1050.0,0.3,2.9,14182500
2008-02-15,871.0,0.0,3.8,14182500
2008-02-16,840.0,0.0,4.5,14182500
2008-02-17,822.0,0.0,4.1,14182500
2008-02-18,824.0,0.0,4.3,14182500
2008-02-19,900.0,0.1,4.1,14182500
2008-02-20,931.0,0.8,7.0,14182500
2008-02-21,942.0,0.0,5.3,14182500
2008-02-22,921.0,1.1,7.3,14182500
2008-02-23,851.0,0.0,5.7,14182500
2008-02-24,787.0,1.5,7.1,14182500
2008-02-25,878.0,0.7,8.2,14182500
2008-02-26,998.0,0.0,6.3,14182500
2008-02-27,986.0,0.0,7.6,14182500
2008-02-28,1000.0,0.0,7.5,14182500
2008-02-29,1140.0,1.0,9.1,14182500
2008-03-01,2170.0,14.2,6.5,14182500
2008-03-02,1500.0,0.5,4.3,14182500
2008-03-03,1110.0,1.6,4.1,14182500
2008-03-04,910.0,0.1,5.4,14182500
2008-03-05,772.0,0.0,4.1,14182500
2008-03-06,680.0,0.0,5.2,14182500
2008-03-07,634.0,0.0,5.2,14182500
2008-03-08,852.0,7.2,8.0,14182500
2008-03-09,923.0,0.0,7.3,14182500
2008-03-10,931.0,0.2,10.8,14182500
2008-03-11,1900.0,3.8,8.6,14182500
2008-03-12,1400.0,0.0,6.5,14182500
2008-03-13,1440.0,9.8,7.4,14182500
2008-03-14,1800.0,14.5,6.0,14182500
2008-03-15,1630.0,4.4,5.4,14182500
2008-03-16,1410.0,2.4,4.9,14182500
2008-03-17,1150.0,2.0,5.6,14182500
2008-03-18,2510.0,5.0,8.7,14182500
2008-03-19,2690.0,0.0,6.5,14182500
2008-03-20,1810.0,1.1,6.1,14182500
2008-03-21,1420.0,9.2,4.7,14182500
2008-03-22,1120.0,0.0,5.5,14182500
2008-03-23,1030.0,7.2,8.0,14182500
2008-03-24,1470.0,1.3,4.7,14182500
2008-03-25,1130.0,0.3,5.0,14182500
2008-03-26,981.0,11.5,5.3,14182500
2008-03-27,854.0,2.7,2.8,14182500
2008-03-28,771.0,7.8,3.7,14182500
2008-03-29,684.0,1.8,2.9,14182500
2008-03-30,613.0,1.7,2.5,14182500
2008-03-31,548.0,0.4,2.8,14182500
2008-04-01,501.0,0.0,4.0,14182500
2008-04-02,473.0,0.0,4.9,14182500
2008-04-03,470.0,0.0,6.8,14182500
2008-04-04,528.0,5.0,7.2,14182500
2008-04-05,613.0,6.9,5.4,14182500
2008-04-06,709.0,7.0,6.5,14182500
2008-04-07,801.0,7.5,5.1,14182500
2008-04-08,825.0,3.3,5.5,14182500
2008-04-09,770.0,4.0,6.6,14182500
2008-04-10,763.0,0.5,7.4,14182500
2008-04-11,768.0,0.0,7.7,14182500
2008-04-12,1110.0,0.0,12.5,14182500
2008-04-13,1860.0,0.0,13.0,14182500
2008-04-14,1850.0,2.8,8.2,14182500
2008-04-15,1260.0,1.1,4.5,14182500
2008-04-16,967.0,0.0,7.0,14182500
2008-04-17,832.0,0.0,7.4,14182500
2008-04-18,808.0,0.5,7.1,14182500
2008-04-19,747.0,1.5,3.9,14182500
2008-04-20,662.0,1.1,3.6,14182500
2008-04-21,603.0,2.1,4.5,14182500
2008-04-22,586.0,13.6,6.2,14182500
2008-04-23,752.0,12.1,7.5,14182500
2008-04-24,891.0,6.5,7.0,14182500
2008-04-25,880.0,0.0,7.1,14182500
2008-04-26,838.0,0.0,10.2,14182500
2008-04-27,1100.0,0.0,13.0,14182500
2008-04-28,1620.0,0.8,12.7,14182500
2008-04-29,2030.0,8.3,8.8,14182500
2008-04-30,1660.0,3.9,5.9,14182500
2008-05-01,1260.0,1.7,6.9,14182500
2008-05-02,1060.0,0.0,10.9,14182500
2008-05-03,1160.0,0.3,10.4,14182500
2008-05-04,1230.0,0.0,10.0,14182500
2008-05-05,1500.0,0.0,13.2,14182500
2008-05-06,1840.0,0.0,11.2,14182500
2008-05-07,1550.0,0.0,9.2,14182500
2008-05-08,1200.0,0.0,7.6,14182500
2008-05-09,960.0,0.0,8.1,14182500
2008-05-10,913.0,0.1,10.5,14182500
2008-05-11,1280.0,1.1,9.4,14182500
2008-05-12,1210.0,0.0,8.6,14182500
2008-05-13,1010.0,1.0,10.8,14182500
2008-05-14,1560.0,1.1,13.2,14182500
2008-05-15,2320.0,0.0,16.8,14182500
2008-05-16,3170.0,0.0,20.8,14182500
2008-05-17,3630.0,0.0,23.6,14182500
2008-05-18,3210.0,0.0,19.9,14182500
2008-05-19,2640.0,0.0,20.2,14182500
2008-05-20,2600.0,5.3,16.2,14182500
2008-05-21,2620.0,1.5,10.5,14182500
2008-05-22,2090.0,0.0,9.5,14182500
2008-05-23,1510.0,3.1,9.8,14182500
2008-05-24,1230.0,0.0,12.4,14182500
2008-05-25,1440.0,0.7,13.8,14182500
2008-05-26,1290.0,2.7,14.1,14182500
2008-05-27,1230.0,0.0,13.7,14182500
2008-05-28,1280.0,1.5,14.1,14182500
2008-05-29,1510.0,0.9,12.0,14182500
2008-05-30,1290.0,0.0,12.2,14182500
2008-05-31,1290.0,0.0,14.3,14182500
2008-06-01,1230.0,0.0,12.2,14182500
2008-06-02,1010.0,0.0,12.4,14182500
2008-06-03,1580.0,16.9,12.1,14182500
2008-06-04,1860.0,0.7,11.1,14182500
2008-06-05,1390.0,1.0,11.0,14182500
2008-06-06,1650.0,6.8,9.7,14182500
2008-06-07,2280.0,1.8,10.2,14182500
2008-06-08,1620.0,0.0,11.4,14182500
2008-06-09,1310.0,0.4,13.2,14182500
2008-06-10,1570.0,4.1,9.6,14182500
2008-06-11,2010.0,0.0,10.3,14182500
2008-06-12,1460.0,0.0,11.9,14182500
2008-06-13,1260.0,0.0,15.3,14182500
2008-06-14,1260.0,0.0,13.7,14182500
2008-06-15,1140.0,0.0,13.6,14182500
2008-06-16,1060.0,0.0,14.9,14182500
2008-06-17,1020.0,0.0,13.4,14182500
2008-06-18,900.0,0.0,13.0,14182500
2008-06-19,814.0,0.0,15.8,14182500
2008-06-20,854.0,0.0,18.5,14182500
2008-06-21,956.0,0.0,20.6,14182500
2008-06-22,904.0,0.1,16.5,14182500
2008-06-23,769.0,0.0,15.6,14182500
2008-06-24,678.0,0.0,15.6,14182500
2008-06-25,659.0,0.0,18.1,14182500
2008-06-26,655.0,0.0,15.8,14182500
2008-06-27,630.0,0.0,19.4,14182500
2008-06-28,775.0,0.0,25.3,14182500
2008-06-29,856.0,0.0,24.9,14182500
2008-06-30,835.0,0.0,21.4,14182500
2008-07-01,705.0,0.0,20.0,14182500
2008-07-02,612.0,0.0,21.5,14182500
2008-07-03,563.0,0.0,20.5,14182500
2008-07-04,487.0,0.0,19.2,14182500
2008-07-05,400.0,0.0,18.5,14182500
2008-07-06,364.0,0.0,18.4,14182500
2008-07-07,339.0,0.0,19.2,14182500
2008-07-08,315.0,0.0,22.3,14182500
2008-07-09,308.0,0.0,25.2,14182500
2008-07-10,295.0,0.0,22.0,14182500
2008-07-11,261.0,0.0,19.6,14182500
2008-07-12,228.0,0.0,24.1,14182500
2008-07-13,215.0,0.0,25.8,14182500
2008-07-14,206.0,0.0,25.5,14182500
2008-07-15,193.0,0.0,25.7,14182500
2008-07-16,179.0,0.0,21.6,14182500
2008-07-17,164.0,0.0,19.8,14182500
2008-07-18,150.0,0.0,18.5,14182500
2008-07-19,139.0,0.0,17.6,14182500
2008-07-20,130.0,0.0,19.2,14182500
2008-07-21,123.0,0.0,21.1,14182500
2008-07-22,118.0,0.0,17.8,14182500
2008-07-23,114.0,0.0,15.7,14182500
2008-07-24,106.0,0.0,17.8,14182500
2008-07-25,100.0,0.0,19.5,14182500
2008-07-26,95.7,0.2,19.5,14182500
2008-07-27,91.5,0.0,18.4,14182500
2008-07-28,88.6,0.0,18.8,14182500
2008-07-29,84.7,0.0,17.1,14182500
2008-07-30,92.8,1.9,16.4,14182500
2008-07-31,86.1,0.0,18.6,14182500
2008-08-01,80.5,1.8,18.0,14182500
2008-08-02,83.4,0.0,16.9,14182500
2008-08-03,78.7,0.0,17.3,14182500
2008-08-04,73.5,0.0,19.8,14182500
2008-08-05,70.0,0.0,23.3,14182500
2008-08-06,67.2,0.0,22.7,14182500
2008-08-07,65.5,0.0,21.3,14182500
2008-08-08,63.2,0.0,18.9,14182500
2008-08-09,63.5,1.1,18.4,14182500
2008-08-10,63.3,0.0,17.8,14182500
2008-08-11,59.2,0.0,20.2,14182500
2008-08-12,56.7,0.0,21.6,14182500
2008-08-13,54.8,0.0,21.8,14182500
2008-08-14,52.8,0.0,25.7,14182500
2008-08-15,50.5,0.0,27.8,14182500
2008-08-16,48.4,0.0,27.4,14182500
2008-08-17,46.8,0.0,26.4,14182500
2008-08-18,46.9,1.2,20.4,14182500
2008-08-19,50.4,0.2,18.6,14182500
2008-08-20,267.0,15.4,16.9,14182500
2008-08-21,786.0,6.0,15.9,14182500
2008-08-22,411.0,0.0,16.9,14182500
2008-08-23,229.0,0.0,19.7,14182500
2008-08-24,161.0,0.0,20.6,14182500
2008-08-25,148.0,12.5,17.2,14182500
2008-08-26,132.0,0.0,15.7,14182500
2008-08-27,115.0,0.3,16.4,14182500
2008-08-28,107.0,0.0,17.4,14182500
2008-08-29,95.9,0.0,20.6,14182500
2008-08-30,86.8,0.0,17.1,14182500
2008-08-31,78.9,0.4,14.1,14182500
2008-09-01,80.2,0.0,13.5,14182500
2008-09-02,74.3,0.0,14.9,14182500
2008-09-03,69.2,0.0,16.1,14182500
2008-09-04,65.5,0.0,17.2,14182500
2008-09-05,62.5,0.0,18.8,14182500
2008-09-06,60.1,0.0,19.5,14182500
2008-09-07,57.6,0.0,21.3,14182500
2008-09-08,54.3,0.0,22.0,14182500
2008-09-09,52.0,0.0,20.3,14182500
2008-09-10,50.7,0.0,17.0,14182500
2008-09-11,48.9,0.0,20.4,14182500
2008-09-12,46.4,0.0,21.5,14182500
2008-09-13,45.0,0.0,18.7,14182500
2008-09-14,43.4,0.0,20.7,14182500
2008-09-15,41.8,0.0,22.0,14182500
2008-09-16,40.2,0.0,22.7,14182500
2008-09-17,38.9,0.0,20.5,14182500
2008-09-18,37.9,0.0,16.7,14182500
2008-09-19,38.1,0.0,16.6,14182500
2008-09-20,37.3,0.0,16.0,14182500
2008-09-21,40.2,0.7,15.1,14182500
2008-09-22,53.6,0.8,14.0,14182500
2008-09-23,51.9,0.0,13.1,14182500
2008-09-24,45.9,0.3,15.7,14182500
2008-09-25,66.4,2.7,15.6,14182500
2008-09-26,69.2,0.0,13.7,14182500
2008-09-27,53.6,0.0,14.0,14182500
2008-09-28,47.5,0.0,16.2,14182500
2008-09-29,43.1,0.0,18.5,14182500
2008-09-30,40.1,0.0,18.8,14182500
2008-10-01,38.6,0.0,18.4,14182500
2008-10-02,37.9,8.0,17.0,14182500
2008-10-03,50.7,6.6,14.4,14182500
2008-10-04,373.0,21.6,14.5,14182500
2008-10-05,650.0,1.7,12.3,14182500
2008-10-06,426.0,0.9,15.2,14182500
2008-10-07,701.0,5.3,14.1,14182500
2008-10-08,518.0,0.0,10.1,14182500
2008-10-09,327.0,3.4,8.4,14182500
2008-10-10,267.0,0.7,7.2,14182500
2008-10-11,223.0,0.0,7.1,14182500
2008-10-12,185.0,0.0,8.5,14182500
2008-10-13,158.0,0.0,10.5,14182500
2008-10-14,140.0,0.0,12.2,14182500
2008-10-15,125.0,0.0,8.3,14182500
2008-10-16,114.0,0.1,13.0,14182500
2008-10-17,106.0,0.0,12.4,14182500
2008-10-18,98.8,0.0,12.8,14182500
2008-10-19,92.9,0.0,8.9,14182500
2008-10-20,97.0,6.2,10.0,14182500
2008-10-21,158.0,0.0,8.2,14182500
2008-10-22,141.0,0.0,8.6,14182500
2008-10-23,122.0,0.0,9.5,14182500
2008-10-24,110.0,0.0,8.1,14182500
2008-10-25,101.0,0.0,9.8,14182500
2008-10-26,92.5,0.0,11.4,14182500
2008-10-27,85.8,0.0,12.4,14182500
2008-10-28,81.4,0.0,11.3,14182500
2008-10-29,77.3,0.0,11.2,14182500
2008-10-30,74.0,0.4,11.3,14182500
2008-10-31,75.5,5.4,12.9,14182500
2008-11-01,74.6,2.2,13.3,14182500
2008-11-02,95.7,9.5,12.1,14182500
2008-11-03,242.0,17.2,9.8,14182500
2008-11-04,884.0,27.8,8.0,14182500
2008-11-05,759.0,10.2,6.5,14182500
2008-11-06,1980.0,9.4,10.9,14182500
2008-11-07,1620.0,0.1,13.9,14182500
2008-11-08,922.0,11.5,12.5,14182500
2008-11-09,776.0,2.6,9.9,14182500
2008-11-10,835.0,2.1,9.5,14182500
2008-11-11,1660.0,12.8,9.6,14182500
2008-11-12,4660.0,6.7,13.0,14182500
2008-11-13,8140.0,12.6,12.2,14182500
2008-11-14,2190.0,0.0,6.7,14182500
2008-11-15,1230.0,0.0,7.6,14182500
2008-11-16,851.0,0.0,9.0,14182500
2008-11-17,645.0,0.0,10.3,14182500
2008-11-18,519.0,0.0,8.9,14182500
2008-11-19,434.0,0.0,8.7,14182500
2008-11-20,416.0,7.3,7.2,14182500
2008-11-21,490.0,0.1,6.5,14182500
2008-11-22,489.0,3.0,7.5,14182500
2008-11-23,445.0,0.0,4.4,14182500
2008-11-24,386.0,0.0,4.7,14182500
2008-11-25,342.0,1.4,4.5,14182500
2008-11-26,309.0,0.2,4.9,14182500
2008-11-27,282.0,0.0,4.6,14182500
2008-11-28,264.0,1.1,8.3,14182500
2008-11-29,260.0,0.0,10.2,14182500
2008-11-30,257.0,0.0,9.4,14182500
2008-12-01,242.0,0.0,8.2,14182500
2008-12-02,720.0,7.9,10.6,14182500
2008-12-03,703.0,0.0,8.1,14182500
2008-12-04,516.0,0.0,5.7,14182500
2008-12-05,417.0,0.0,3.8,14182500
2008-12-06,355.0,0.0,4.2,14182500
2008-12-07,330.0,0.5,4.8,14182500
2008-12-08,351.0,0.6,6.1,14182500
2008-12-09,314.0,0.0,3.5,14182500
2008-12-10,288.0,0.0,3.8,14182500
2008-12-11,267.0,0.0,6.3,14182500
2008-12-12,280.0,8.7,3.1,14182500
2008-12-13,364.0,6.2,3.0,14182500
2008-12-14,320.0,2.6,1.5,14182500
2008-12-15,280.0,3.5,-3.0,14182500
2008-12-16,267.0,0.0,-5.0,14182500
2008-12-17,254.0,0.9,-2.9,14182500
2008-12-18,261.0,11.3,1.7,14182500
2008-12-19,241.0,1.0,-0.3,14182500
2008-12-20,237.0,8.5,0.9,14182500
2008-12-21,560.0,21.7,5.1,14182500
2008-12-22,787.0,14.7,2.8,14182500
2008-12-23,579.0,0.0,1.9,14182500
2008-12-24,515.0,5.7,2.2,14182500
2008-12-25,485.0,13.8,2.3,14182500
2008-12-26,426.0,2.7,0.0,14182500
2008-12-27,2010.0,13.7,5.4,14182500
2008-12-28,7940.0,15.2,9.3,14182500
2008-12-29,4720.0,15.4,7.0,14182500
2008-12-30,2760.0,0.0,4.4,14182500
2008-12-31,2080.0,6.0,6.1,14182500
2009-01-01,7490.0,30.2,6.6,14182500
2009-01-02,10100.0,46.8,6.3,14182500
2009-01-03,3120.0,1.1,1.2,14182500
2009-01-04,1920.0,0.0,0.1,14182500
2009-01-05,2880.0,14.0,5.7,14182500
2009-01-06,3870.0,5.9,8.2,14182500
2009-01-07,7460.0,4.0,9.7,14182500
2009-01-08,7250.0,16.2,9.3,14182500
2009-01-09,3480.0,0.0,3.9,14182500
2009-01-10,2090.0,0.0,2.1,14182500
2009-01-11,1480.0,0.5,5.5,14182500
2009-01-12,1360.0,0.0,8.0,14182500
2009-01-13,1380.0,0.0,7.4,14182500
2009-01-14,1180.0,0.0,5.9,14182500
2009-01-15,1200.0,0.0,4.1,14182500
2009-01-16,1290.0,0.0,2.7,14182500
2009-01-17,1270.0,0.0,1.8,14182500
2009-01-18,1050.0,0.0,1.5,14182500
2009-01-19,902.0,0.0,1.4,14182500
2009-01-20,795.0,0.0,1.5,14182500
2009-01-21,703.0,0.0,1.0,14182500
2009-01-22,638.0,0.0,2.2,14182500
2009-01-23,592.0,0.0,2.8,14182500
2009-01-24,561.0,0.0,2.5,14182500
2009-01-25,536.0,6.8,3.2,14182500
2009-01-26,466.0,0.0,-0.2,14182500
2009-01-27,434.0,2.9,0.0,14182500
2009-01-28,492.0,1.4,4.2,14182500
2009-01-29,464.0,0.1,2.5,14182500
2009-01-30,442.0,0.0,3.0,14182500
2009-01-31,448.0,0.3,3.5,14182500
2009-02-01,414.0,0.0,1.1,14182500
2009-02-02,383.0,0.0,2.7,14182500
2009-02-03,367.0,0.0,3.5,14182500
2009-02-04,396.0,0.0,4.4,14182500
2009-02-05,441.0,0.0,3.4,14182500
2009-02-06,505.0,7.1,4.6,14182500
2009-02-07,534.0,0.0,4.7,14182500
2009-02-08,470.0,0.0,3.0,14182500
2009-02-09,418.0,4.0,1.8,14182500
2009-02-10,384.0,4.8,1.3,14182500
2009-02-11,359.0,4.2,2.9,14182500
2009-02-12,331.0,0.2,2.0,14182500
2009-02-13,313.0,4.0,2.9,14182500
2009-02-14,298.0,1.2,2.1,14182500
2009-02-15,287.0,2.6,4.0,14182500
2009-02-16,284.0,0.0,4.3,14182500
2009-02-17,289.0,3.6,6.8,14182500
2009-02-18,286.0,0.0,4.6,14182500
2009-02-19,287.0,0.0,5.0,14182500
2009-02-20,286.0,0.0,5.6,14182500
2009-02-21,285.0,0.0,4.8,14182500
2009-02-22,308.0,2.9,7.6,14182500
2009-02-23,585.0,9.6,8.3,14182500
2009-02-24,1420.0,15.7,8.0,14182500
2009-02-25,2340.0,17.0,7.7,14182500
2009-02-26,1990.0,10.3,3.9,14182500
2009-02-27,1180.0,0.8,1.7,14182500
2009-02-28,890.0,0.0,3.4,14182500
2009-03-01,848.0,0.3,7.7,14182500
2009-03-02,1190.0,7.7,9.4,14182500
2009-03-03,1150.0,2.7,7.7,14182500
2009-03-04,895.0,0.2,5.0,14182500
2009-03-05,905.0,7.4,4.8,14182500
2009-03-06,864.0,1.8,3.5,14182500
2009-03-07,710.0,1.5,3.7,14182500
2009-03-08,634.0,1.5,3.3,14182500
2009-03-09,559.0,1.5,1.9,14182500
2009-03-10,500.0,1.7,2.3,14182500
2009-03-11,445.0,0.0,2.1,14182500
2009-03-12,412.0,0.0,2.8,14182500
2009-03-13,399.0,0.0,5.2,14182500
2009-03-14,464.0,8.3,5.8,14182500
2009-03-15,1090.0,32.8,6.8,14182500
2009-03-16,1520.0,3.3,5.8,14182500
2009-03-17,1050.0,7.2,6.3,14182500
2009-03-18,943.0,0.0,6.6,14182500
2009-03-19,860.0,0.0,7.9,14182500
2009-03-20,942.0,2.5,10.0,14182500
2009-03-21,1090.0,0.2,7.3,14182500
2009-03-22,1020.0,6.3,5.5,14182500
2009-03-23,847.0,1.5,3.7,14182500
2009-03-24,842.0,2.4,6.8,14182500
2009-03-25,1190.0,5.8,7.2,14182500
2009-03-26,1480.0,0.0,6.1,14182500
2009-03-27,1120.0,0.0,6.6,14182500
2009-03-28,1270.0,7.7,7.8,14182500
2009-03-29,2550.0,6.2,5.2,14182500
2009-03-30,1450.0,0.0,4.7,14182500
2009-03-31,1110.0,2.9,6.9,14182500
2009-04-01,1050.0,2.4,4.9,14182500
2009-04-02,2190.0,11.5,7.8,14182500
2009-04-03,1910.0,4.2,5.0,14182500
2009-04-04,1290.0,0.0,4.6,14182500
2009-04-05,1020.0,0.0,8.4,14182500
2009-04-06,956.0,0.0,11.1,14182500
2009-04-07,1140.0,0.0,12.9,14182500
2009-04-08,1280.0,0.5,11.3,14182500
2009-04-09,1190.0,4.2,8.9,14182500
2009-04-10,1230.0,2.4,7.7,14182500
2009-04-11,963.0,0.0,8.5,14182500
2009-04-12,919.0,7.0,9.8,14182500
2009-04-13,2480.0,13.3,7.2,14182500
2009-04-14,1460.0,3.0,4.3,14182500
2009-04-15,1030.0,0.0,6.1,14182500
2009-04-16,846.0,0.0,7.6,14182500
2009-04-17,793.0,4.5,10.7,14182500
2009-04-18,838.0,0.0,9.3,14182500
2009-04-19,814.0,0.0,12.2,14182500
2009-04-20,1070.0,0.0,14.9,14182500
2009-04-21,1430.0,0.0,15.8,14182500
2009-04-22,1340.0,0.0,13.7,14182500
2009-04-23,1030.0,1.1,7.9,14182500
2009-04-24,762.0,0.0,7.1,14182500
2009-04-25,609.0,0.0,7.5,14182500
2009-04-26,516.0,0.0,7.0,14182500
2009-04-27,452.0,0.0,7.5,14182500
2009-04-28,462.0,4.3,8.1,14182500
2009-04-29,461.0,0.6,7.7,14182500
2009-04-30,417.0,0.0,8.9,14182500
2009-05-01,391.0,0.0,11.7,14182500
2009-05-02,597.0,12.2,14.1,14182500
2009-05-03,949.0,0.9,10.9,14182500
2009-05-04,914.0,10.2,10.0,14182500
2009-05-05,2360.0,14.7,11.3,14182500
2009-05-06,3240.0,9.1,11.2,14182500
2009-05-07,3070.0,3.5,9.9,14182500
2009-05-08,1920.0,1.3,9.1,14182500
2009-05-09,1280.0,0.0,10.5,14182500
2009-05-10,1010.0,0.5,12.6,14182500
2009-05-11,931.0,0.9,12.8,14182500
2009-05-12,900.0,2.9,9.4,14182500
2009-05-13,828.0,2.5,8.8,14182500
2009-05-14,2930.0,11.2,11.2,14182500
2009-05-15,1880.0,0.0,11.1,14182500
2009-05-16,1280.0,0.0,14.7,14182500
2009-05-17,1180.0,0.0,17.1,14182500
2009-05-18,1130.0,0.0,16.9,14182500
2009-05-19,1130.0,3.3,12.0,14182500
2009-05-20,978.0,0.0,10.6,14182500
2009-05-21,768.0,0.0,12.3,14182500
2009-05-22,691.0,0.0,13.5,14182500
2009-05-23,673.0,0.0,13.9,14182500
2009-05-24,648.0,0.0,13.6,14182500
2009-05-25,588.0,0.0,13.4,14182500
2009-05-26,529.0,0.0,15.5,14182500
2009-05-27,499.0,0.0,15.6,14182500
2009-05-28,502.0,0.0,17.6,14182500
2009-05-29,524.0,0.0,20.9,14182500
2009-05-30,535.0,0.0,21.3,14182500
2009-05-31,489.0,0.0,20.3,14182500
2009-06-01,445.0,0.0,19.1,14182500
2009-06-02,407.0,0.0,19.7,14182500
2009-06-03,357.0,0.9,20.3,14182500
2009-06-04,359.0,1.2,20.8,14182500
2009-06-05,368.0,12.3,15.4,14182500
2009-06-06,315.0,2.4,14.1,14182500
2009-06-07,283.0,0.0,14.8,14182500
2009-06-08,250.0,0.0,14.5,14182500
2009-06-09,230.0,0.0,16.3,14182500
2009-06-10,222.0,0.0,15.4,14182500
2009-06-11,225.0,0.4,16.7,14182500
2009-06-12,213.0,0.0,16.7,14182500
2009-06-13,215.0,3.1,17.4,14182500
2009-06-14,202.0,0.2,16.5,14182500
2009-06-15,189.0,0.0,17.1,14182500
2009-06-16,173.0,0.0,18.5,14182500
2009-06-17,163.0,0.1,17.4,14182500
2009-06-18,154.0,0.0,17.5,14182500
2009-06-19,155.0,2.2,17.2,14182500
2009-06-20,161.0,0.0,14.4,14182500
2009-06-21,151.0,0.7,13.7,14182500
2009-06-22,146.0,0.0,14.0,14182500
2009-06-23,135.0,0.0,16.3,14182500
2009-06-24,125.0,0.0,18.8,14182500
2009-06-25,118.0,0.0,16.4,14182500
2009-06-26,113.0,0.0,16.1,14182500
2009-06-27,107.0,0.0,17.9,14182500
2009-06-28,102.0,0.0,19.0,14182500
2009-06-29,97.5,0.0,17.4,14182500
2009-06-30,92.8,0.0,17.6,14182500
2009-07-01,87.7,0.0,19.9,14182500
2009-07-02,84.4,0.0,23.1,14182500
2009-07-03,80.4,0.0,24.3,14182500
2009-07-04,77.1,0.0,22.8,14182500
2009-07-05,74.4,0.0,22.6,14182500
2009-07-06,71.6,0.0,16.8,14182500
2009-07-07,71.3,0.0,16.5,14182500
2009-07-08,70.0,0.0,15.6,14182500
2009-07-09,69.0,0.0,16.7,14182500
2009-07-10,66.5,0.0,20.4,14182500
2009-07-11,65.1,0.0,20.1,14182500
2009-07-12,64.5,0.7,17.2,14182500
2009-07-13,75.1,3.7,15.7,14182500
2009-07-14,71.2,0.0,17.5,14182500
2009-07-15,63.4,0.0,20.8,14182500
2009-07-16,59.6,0.0,23.5,14182500
2009-07-17,56.7,0.0,25.4,14182500
2009-07-18,54.6,0.0,23.6,14182500
2009-07-19,52.9,0.0,20.9,14182500
2009-07-20,51.5,0.0,22.7,14182500
2009-07-21,49.0,0.0,23.3,14182500
2009-07-22,47.9,0.0,20.8,14182500
2009-07-23,47.0,0.0,19.4,14182500
2009-07-24,46.2,0.0,20.0,14182500
2009-07-25,44.9,0.0,23.6,14182500
2009-07-26,43.8,0.0,24.2,14182500
2009-07-27,42.5,0.0,28.0,14182500
2009-07-28,41.2,0.0,31.3,14182500
2009-07-29,40.2,0.0,31.4,14182500
2009-07-30,40.8,0.0,26.5,14182500
2009-07-31,37.2,0.0,23.3,14182500
2009-08-01,36.7,0.0,24.4,14182500
2009-08-02,36.1,0.0,25.8,14182500
2009-08-03,35.0,0.0,22.7,14182500
2009-08-04,34.3,0.0,21.2,14182500
2009-08-05,33.8,0.0,19.6,14182500
2009-08-06,34.3,0.0,18.1,14182500
2009-08-07,40.3,0.8,17.6,14182500
2009-08-08,43.5,0.0,18.0,14182500
2009-08-09,39.9,0.0,20.0,14182500
2009-08-10,37.1,0.0,19.7,14182500
2009-08-11,35.4,0.0,21.9,14182500
2009-08-12,36.4,2.0,21.3,14182500
2009-08-13,42.1,0.3,18.7,14182500
2009-08-14,39.1,0.0,16.7,14182500
2009-08-15,39.7,0.0,16.5,14182500
2009-08-16,36.2,0.0,17.2,14182500
2009-08-17,34.0,0.0,21.7,14182500
2009-08-18,32.3,0.0,25.2,14182500
2009-08-19,31.3,0.0,26.7,14182500
2009-08-20,30.0,0.0,23.2,14182500
2009-08-21,28.9,0.0,18.8,14182500
2009-08-22,28.7,0.0,20.0,14182500
2009-08-23,28.1,0.0,18.1,14182500
2009-08-24,27.4,0.0,17.9,14182500
2009-08-25,26.9,0.0,17.2,14182500
2009-08-26,26.6,0.0,18.4,14182500
2009-08-27,26.1,0.0,22.3,14182500
2009-08-28,25.3,0.2,20.9,14182500
2009-08-29,25.7,4.7,17.5,14182500
2009-08-30,25.5,0.0,19.5,14182500
2009-08-31,25.2,0.0,20.5,14182500
2009-09-01,24.7,0.0,19.5,14182500
2009-09-02,24.3,0.0,18.6,14182500
2009-09-03,23.7,2.9,19.1,14182500
2009-09-04,23.2,0.0,18.7,14182500
2009-09-05,29.4,6.8,17.0,14182500
2009-09-06,45.1,8.2,15.0,14182500
2009-09-07,69.7,0.3,15.3,14182500
2009-09-08,48.4,0.0,15.0,14182500
2009-09-09,37.9,0.0,17.5,14182500
2009-09-10,33.4,0.0,19.1,14182500
2009-09-11,30.8,0.0,21.5,14182500
2009-09-12,29.3,0.0,21.7,14182500
2009-09-13,27.8,0.0,20.0,14182500
2009-09-14,27.6,0.0,18.3,14182500
2009-09-15,27.1,0.0,19.6,14182500
2009-09-16,26.5,0.0,19.5,14182500
2009-09-17,26.4,0.0,16.7,14182500
2009-09-18,26.2,0.0,17.9,14182500
2009-09-19,27.2,5.0,17.5,14182500
2009-09-20,30.8,0.0,14.7,14182500
2009-09-21,30.7,0.0,17.2,14182500
2009-09-22,26.2,0.0,20.9,14182500
2009-09-23,24.4,0.0,21.0,14182500
2009-09-24,23.5,0.0,18.0,14182500
2009-09-25,23.2,0.0,17.2,14182500
2009-09-26,23.2,0.0,17.1,14182500
2009-09-27,22.7,0.0,16.4,14182500
2009-09-28,22.2,0.0,15.9,14182500
2009-09-29,25.7,1.8,11.9,14182500
2009-09-30,39.0,0.1,11.0,14182500
2009-10-01,46.3,0.0,13.0,14182500
2009-10-02,38.0,1.1,13.9,14182500
2009-10-03,36.0,0.1,10.5,14182500
2009-10-04,36.8,3.1,10.4,14182500
2009-10-05,39.2,0.0,10.7,14182500
2009-10-06,35.6,0.0,11.4,14182500
2009-10-07,31.9,0.0,12.2,14182500
2009-10-08,30.2,0.0,11.4,14182500
2009-10-09,29.2,0.0,12.9,14182500
2009-10-10,28.3,0.0,11.6,14182500
2009-10-11,27.2,0.0,9.5,14182500
2009-10-12,26.2,0.0,9.2,14182500
2009-10-13,26.2,4.3,11.3,14182500
2009-10-14,32.7,15.0,14.1,14182500
2009-10-15,48.1,1.1,13.8,14182500
2009-10-16,41.1,0.0,15.3,14182500
2009-10-17,40.6,5.6,16.3,14182500
2009-10-18,73.2,0.4,14.7,14182500
2009-10-19,59.4,0.9,12.7,14182500
2009-10-20,51.1,0.0,11.3,14182500
2009-10-21,48.6,10.7,12.9,14182500
2009-10-22,58.8,0.0,11.9,14182500
2009-10-23,74.2,11.7,12.6,14182500
2009-10-24,188.0,0.2,10.9,14182500
2009-10-25,106.0,0.1,9.1,14182500
2009-10-26,216.0,18.8,12.4,14182500
2009-10-27,622.0,2.1,7.4,14182500
2009-10-28,401.0,0.7,6.5,14182500
2009-10-29,415.0,3.8,8.1,14182500
2009-10-30,1170.0,3.6,12.5,14182500
2009-10-31,1190.0,11.0,13.1,14182500
2009-11-01,811.0,0.0,9.1,14182500
2009-11-02,464.0,0.0,7.5,14182500
2009-11-03,320.0,0.0,7.6,14182500
2009-11-04,244.0,0.0,7.9,14182500
2009-11-05,201.0,0.8,10.4,14182500
2009-11-06,625.0,18.1,10.4,14182500
2009-11-07,1380.0,7.5,8.7,14182500
2009-11-08,1820.0,10.6,9.0,14182500
2009-11-09,1190.0,1.5,8.5,14182500
2009-11-10,1050.0,2.3,8.7,14182500
2009-11-11,960.0,7.3,8.4,14182500
2009-11-12,862.0,6.1,5.9,14182500
2009-11-13,722.0,5.5,5.6,14182500
2009-11-14,609.0,0.3,3.9,14182500
2009-11-15,498.0,0.0,7.5,14182500
2009-11-16,457.0,0.0,10.8,14182500
2009-11-17,1310.0,22.6,10.5,14182500
2009-11-18,1260.0,3.0,6.2,14182500
2009-11-19,1100.0,5.0,9.7,14182500
2009-11-20,1050.0,23.6,9.4,14182500
2009-11-21,880.0,3.1,5.0,14182500
2009-11-22,1300.0,20.6,6.7,14182500
2009-11-23,1070.0,0.3,6.2,14182500
2009-11-24,794.0,0.0,8.2,14182500
2009-11-25,739.0,0.0,6.9,14182500
2009-11-26,788.0,12.5,8.0,14182500
2009-11-27,1910.0,14.7,8.8,14182500
2009-11-28,1290.0,0.0,5.0,14182500
2009-11-29,878.0,0.0,5.3,14182500
2009-11-30,685.0,0.0,4.9,14182500
2009-12-01,568.0,0.0,5.8,14182500
2009-12-02,484.0,0.0,2.8,14182500
2009-12-03,414.0,0.0,1.2,14182500
2009-12-04,362.0,0.0,0.9,14182500
2009-12-05,325.0,0.0,0.8,14182500
2009-12-06,293.0,0.0,-0.0,14182500
2009-12-07,250.0,0.0,-2.3,14182500
2009-12-08,220.0,0.0,-4.9,14182500
2009-12-09,190.0,0.0,-5.2,14182500
2009-12-10,185.0,0.0,-4.1,14182500
2009-12-11,180.0,0.0,-2.5,14182500
2009-12-12,180.0,6.0,0.9,14182500
2009-12-13,200.0,3.5,1.2,14182500
2009-12-14,188.0,1.7,3.2,14182500
2009-12-15,1960.0,26.8,6.7,14182500
2009-12-16,3020.0,8.5,8.8,14182500
2009-12-17,2600.0,5.5,8.5,14182500
2009-12-18,1680.0,0.0,7.0,14182500
2009-12-19,1350.0,3.5,9.4,14182500
2009-12-20,1240.0,3.4,8.5,14182500
2009-12-21,2620.0,16.3,9.0,14182500
2009-12-22,2080.0,2.7,2.8,14182500
2009-12-23,1280.0,0.0,0.5,14182500
2009-12-24,963.0,0.0,0.4,14182500
2009-12-25,832.0,0.0,0.5,14182500
2009-12-26,717.0,0.0,-0.1,14182500
2009-12-27,614.0,0.0,0.8,14182500
2009-12-28,535.0,0.0,0.9,14182500
2009-12-29,477.0,2.8,0.1,14182500
2009-12-30,514.0,4.0,3.7,14182500
2009-12-31,1520.0,21.1,3.8,14182500
2010-01-01,3590.0,14.0,9.6,14182500
2010-01-02,2850.0,3.7,8.0,14182500
2010-01-03,1740.0,0.0,5.1,14182500
2010-01-04,1370.0,4.3,5.8,14182500
2010-01-05,3750.0,6.2,9.9,14182500
2010-01-06,3710.0,17.1,10.1,14182500
2010-01-07,2220.0,0.0,4.9,14182500
2010-01-08,1480.0,1.9,6.0,14182500
2010-01-09,1260.0,5.8,8.6,14182500
2010-01-10,1050.0,0.0,7.4,14182500
2010-01-11,880.0,0.0,8.8,14182500
2010-01-12,850.0,14.9,9.3,14182500
2010-01-13,899.0,9.2,8.5,14182500
2010-01-14,1000.0,0.2,8.0,14182500
2010-01-15,850.0,8.1,9.0,14182500
2010-01-16,1480.0,17.0,8.7,14182500
2010-01-17,1620.0,4.4,9.1,14182500
2010-01-18,1450.0,3.9,9.6,14182500
2010-01-19,1070.0,3.0,8.9,14182500
2010-01-20,846.0,1.5,6.2,14182500
2010-01-21,700.0,1.7,6.6,14182500
2010-01-22,623.0,12.2,5.8,14182500
2010-01-23,560.0,0.8,5.2,14182500
2010-01-24,577.0,7.7,6.4,14182500
2010-01-25,1110.0,6.4,8.2,14182500
2010-01-26,977.0,0.9,7.3,14182500
2010-01-27,783.0,0.0,4.6,14182500
2010-01-28,659.0,0.0,4.7,14182500
2010-01-29,576.0,0.0,7.0,14182500
2010-01-30,536.0,2.1,7.2,14182500
2010-01-31,533.0,2.9,7.5,14182500
2010-02-01,511.0,5.9,5.1,14182500
2010-02-02,553.0,1.9,7.5,14182500
2010-02-03,532.0,2.6,7.3,14182500
2010-02-04,615.0,2.7,7.5,14182500
2010-02-05,664.0,3.2,9.3,14182500
2010-02-06,614.0,1.6,7.5,14182500
2010-02-07,551.0,3.9,7.3,14182500
2010-02-08,493.0,0.0,5.6,14182500
2010-02-09,442.0,0.0,5.3,14182500
2010-02-10,405.0,2.9,4.3,14182500
2010-02-11,573.0,2.4,8.9,14182500
2010-02-12,852.0,18.6,9.7,14182500
2010-02-13,841.0,0.8,9.6,14182500
2010-02-14,802.0,9.0,9.8,14182500
2010-02-15,844.0,0.7,6.8,14182500
2010-02-16,816.0,4.7,10.9,14182500
2010-02-17,757.0,0.0,7.5,14182500
2010-02-18,647.0,0.0,6.6,14182500
2010-02-19,557.0,0.0,6.1,14182500
2010-02-20,484.0,0.0,5.4,14182500
2010-02-21,423.0,0.0,4.6,14182500
2010-02-22,375.0,0.0,4.2,14182500
2010-02-23,352.0,1.6,5.0,14182500
2010-02-24,602.0,12.8,7.5,14182500
2010-02-25,992.0,1.4,8.4,14182500
2010-02-26,830.0,17.7,9.6,14182500
2010-02-27,791.0,5.0,9.4,14182500
2010-02-28,664.0,0.0,8.7,14182500
2010-03-01,562.0,0.0,8.4,14182500
2010-03-02,495.0,1.1,9.1,14182500
2010-03-03,444.0,2.1,5.9,14182500
2010-03-04,414.0,0.1,6.7,14182500
2010-03-05,372.0,0.0,7.2,14182500
2010-03-06,340.0,0.0,7.8,14182500
2010-03-07,315.0,0.0,7.3,14182500
2010-03-08,313.0,4.9,6.7,14182500
2010-03-09,288.0,0.0,3.3,14182500
2010-03-10,286.0,4.0,4.5,14182500
2010-03-11,368.0,6.1,7.1,14182500
2010-03-12,1110.0,41.0,7.4,14182500
2010-03-13,950.0,5.3,4.6,14182500
2010-03-14,720.0,0.0,5.3,14182500
2010-03-15,643.0,0.0,8.5,14182500
2010-03-16,699.0,0.4,9.3,14182500
2010-03-17,708.0,0.6,7.2,14182500
2010-03-18,604.0,0.0,6.7,14182500
2010-03-19,521.0,0.0,7.7,14182500
2010-03-20,461.0,0.0,9.6,14182500
2010-03-21,514.0,4.6,11.2,14182500
2010-03-22,869.0,5.4,7.7,14182500
2010-03-23,770.0,0.0,7.1,14182500
2010-03-24,633.0,0.0,9.5,14182500
2010-03-25,667.0,13.1,8.7,14182500
2010-03-26,1170.0,15.5,7.2,14182500
2010-03-27,1070.0,0.0,8.6,14182500
2010-03-28,1090.0,7.6,10.8,14182500
2010-03-29,4280.0,32.5,9.1,14182500
2010-03-30,3160.0,9.3,5.5,14182500
2010-03-31,1970.0,1.7,5.2,14182500
2010-04-01,1410.0,0.6,4.8,14182500
2010-04-02,1340.0,19.8,6.1,14182500
2010-04-03,1380.0,6.4,4.8,14182500
2010-04-04,1100.0,6.5,6.1,14182500
2010-04-05,937.0,3.7,5.6,14182500
2010-04-06,929.0,8.5,6.1,14182500
2010-04-07,944.0,0.0,7.4,14182500
2010-04-08,1100.0,8.6,7.5,14182500
2010-04-09,950.0,0.0,5.0,14182500
2010-04-10,805.0,0.0,7.7,14182500
2010-04-11,754.0,5.0,10.3,14182500
2010-04-12,872.0,4.3,10.9,14182500
2010-04-13,1100.0,0.1,10.3,14182500
2010-04-14,1170.0,0.0,7.8,14182500
2010-04-15,1670.0,12.1,9.0,14182500
2010-04-16,1370.0,0.0,10.8,14182500
2010-04-17,1290.0,0.0,11.8,14182500
2010-04-18,1190.0,0.0,12.5,14182500
2010-04-19,1190.0,1.1,13.5,14182500
2010-04-20,1140.0,6.2,10.4,14182500
2010-04-21,994.0,4.5,8.1,14182500
2010-04-22,783.0,0.0,8.5,14182500
2010-04-23,647.0,0.0,9.4,14182500
2010-04-24,640.0,1.5,10.0,14182500
2010-04-25,600.0,0.0,9.0,14182500
2010-04-26,549.0,2.0,11.2,14182500
2010-04-27,1080.0,26.6,9.6,14182500
2010-04-28,1490.0,6.4,7.3,14182500
2010-04-29,1490.0,3.5,7.0,14182500
2010-04-30,1290.0,2.9,7.7,14182500
2010-05-01,1140.0,0.2,9.7,14182500
2010-05-02,1110.0,0.0,9.1,14182500
2010-05-03,1800.0,7.1,10.4,14182500
2010-05-04,1710.0,0.7,6.7,14182500
2010-05-05,1120.0,6.6,6.2,14182500
2010-05-06,897.0,1.1,6.7,14182500
2010-05-07,771.0,0.0,10.3,14182500
2010-05-08,689.0,0.1,11.6,14182500
2010-05-09,641.0,0.3,12.0,14182500
2010-05-10,757.0,6.2,10.1,14182500
2010-05-11,807.0,0.5,9.6,14182500
2010-05-12,723.0,0.0,10.6,14182500
2010-05-13,648.0,0.0,11.7,14182500
2010-05-14,618.0,0.0,14.6,14182500
2010-05-15,633.0,0.0,14.5,14182500
2010-05-16,632.0,0.0,15.0,14182500
2010-05-17,598.0,6.4,14.9,14182500
2010-05-18,630.0,4.5,13.1,14182500
2010-05-19,708.0,6.8,12.3,14182500
2010-05-20,1010.0,5.2,9.0,14182500
2010-05-21,917.0,11.6,8.4,14182500
2010-05-22,924.0,9.7,7.0,14182500
2010-05-23,906.0,3.3,8.3,14182500
2010-05-24,834.0,0.0,9.7,14182500
2010-05-25,729.0,10.7,11.9,14182500
2010-05-26,787.0,8.0,11.4,14182500
2010-05-27,841.0,0.1,11.2,14182500
2010-05-28,722.0,0.9,10.9,14182500
2010-05-29,739.0,0.0,10.9,14182500
2010-05-30,699.0,0.6,13.8,14182500
2010-05-31,745.0,7.1,14.1,14182500
2010-06-01,872.0,0.9,13.4,14182500
2010-06-02,4500.0,21.0,13.6,14182500
2010-06-03,3980.0,2.1,11.0,14182500
2010-06-04,3320.0,22.9,12.3,14182500
2010-06-05,2440.0,0.0,13.3,14182500
2010-06-06,1630.0,7.1,16.0,14182500
2010-06-07,2140.0,1.0,14.5,14182500
2010-06-08,1470.0,0.0,14.3,14182500
2010-06-09,1200.0,9.7,13.2,14182500
2010-06-10,1720.0,15.1,11.2,14182500
2010-06-11,1690.0,1.2,11.2,14182500
2010-06-12,1200.0,0.0,14.1,14182500
2010-06-13,920.0,0.0,17.1,14182500
2010-06-14,751.0,0.0,12.9,14182500
2010-06-15,636.0,0.3,11.6,14182500
2010-06-16,581.0,0.6,10.8,14182500
2010-06-17,571.0,0.4,12.1,14182500
2010-06-18,513.0,0.0,12.8,14182500
2010-06-19,458.0,0.0,13.1,14182500
2010-06-20,427.0,0.3,12.6,14182500
2010-06-21,406.0,0.0,13.6,14182500
2010-06-22,370.0,0.0,15.1,14182500
2010-06-23,340.0,0.0,17.9,14182500
2010-06-24,315.0,0.0,18.0,14182500
2010-06-25,292.0,0.0,17.0,14182500
2010-06-26,272.0,0.0,15.7,14182500
2010-06-27,252.0,0.0,17.7,14182500
2010-06-28,235.0,0.0,17.9,14182500
2010-06-29,218.0,0.0,15.1,14182500
2010-06-30,204.0,0.0,13.9,14182500
2010-07-01,192.0,0.0,14.7,14182500
2010-07-02,229.0,2.3,13.8,14182500
2010-07-03,219.0,0.2,14.4,14182500
2010-07-04,196.0,0.0,15.2,14182500
2010-07-05,180.0,0.0,15.3,14182500
2010-07-06,168.0,0.0,17.0,14182500
2010-07-07,156.0,0.0,22.4,14182500
2010-07-08,146.0,0.0,23.4,14182500
2010-07-09,137.0,0.0,25.0,14182500
2010-07-10,129.0,0.0,22.9,14182500
2010-07-11,123.0,0.0,22.5,14182500
2010-07-12,118.0,0.0,19.0,14182500
2010-07-13,112.0,0.0,15.7,14182500
2010-07-14,109.0,0.0,18.2,14182500
2010-07-15,104.0,0.0,21.7,14182500
2010-07-16,99.8,0.0,19.8,14182500
2010-07-17,95.9,0.0,18.4,14182500
2010-07-18,92.6,0.0,17.9,14182500
2010-07-19,89.9,0.0,17.1,14182500
2010-07-20,86.9,0.0,17.7,14182500
2010-07-21,84.5,0.0,17.7,14182500
2010-07-22,80.9,0.0,19.6,14182500
2010-07-23,77.0,0.0,18.0,14182500
2010-07-24,74.9,0.0,23.1,14182500
2010-07-25,72.4,0.0,23.4,14182500
2010-07-26,69.4,0.0,22.0,14182500
2010-07-27,67.0,0.0,20.4,14182500
2010-07-28,65.4,0.0,20.4,14182500
2010-07-29,64.0,0.0,19.5,14182500
2010-07-30,62.2,0.0,19.2,14182500
2010-07-31,60.9,0.0,17.2,14182500
2010-08-01,60.6,0.0,17.1,14182500
2010-08-02,59.3,0.0,19.7,14182500
2010-08-03,58.0,0.0,19.4,14182500
2010-08-04,56.8,0.0,18.7,14182500
2010-08-05,56.0,0.0,20.9,14182500
2010-08-06,54.3,0.0,20.7,14182500
2010-08-07,52.6,0.0,19.9,14182500
2010-08-08,51.6,0.1,19.7,14182500
2010-08-09,51.0,0.0,18.3,14182500
2010-08-10,50.8,0.0,16.7,14182500
2010-08-11,49.8,0.0,18.0,14182500
2010-08-12,48.4,0.0,19.7,14182500
2010-08-13,47.2,0.0,22.3,14182500
2010-08-14,44.4,0.0,26.1,14182500
2010-08-15,42.7,0.0,23.1,14182500
2010-08-16,42.3,0.0,23.3,14182500
2010-08-17,41.2,0.0,25.6,14182500
2010-08-18,40.6,0.0,19.5,14182500
2010-08-19,40.6,0.0,17.7,14182500
2010-08-20,40.1,0.0,17.0,14182500
2010-08-21,39.2,0.0,16.7,14182500
2010-08-22,39.0,0.0,16.2,14182500
2010-08-23,39.1,0.0,16.9,14182500
2010-08-24,38.1,0.0,21.3,14182500
2010-08-25,36.4,0.0,25.0,14182500
2010-08-26,35.2,0.0,20.9,14182500
2010-08-27,35.1,0.0,15.8,14182500
2010-08-28,35.1,0.0,17.6,14182500
2010-08-29,34.7,0.0,14.7,14182500
2010-08-30,36.4,4.1,14.4,14182500
2010-08-31,37.6,0.3,14.4,14182500
2010-09-01,55.8,1.7,16.6,14182500
2010-09-02,64.2,0.0,18.9,14182500
2010-09-03,46.6,0.0,22.5,14182500
2010-09-04,40.5,0.0,18.7,14182500
2010-09-05,38.3,0.1,14.7,14182500
2010-09-06,37.1,0.0,14.0,14182500
2010-09-07,37.5,4.3,16.5,14182500
2010-09-08,41.8,6.5,14.3,14182500
2010-09-09,49.4,0.5,15.4,14182500
2010-09-10,50.5,0.0,14.9,14182500
2010-09-11,44.0,0.0,14.8,14182500
2010-09-12,39.8,0.0,16.4,14182500
2010-09-13,37.4,0.0,17.8,14182500
2010-09-14,35.5,0.0,18.5,14182500
2010-09-15,34.8,0.1,18.6,14182500
2010-09-16,37.1,2.3,17.7,14182500
2010-09-17,40.1,15.8,17.2,14182500
2010-09-18,58.8,16.5,17.0,14182500
2010-09-19,162.0,18.1,16.6,14182500
2010-09-20,519.0,6.8,14.9,14182500
2010-09-21,235.0,0.0,13.7,14182500
2010-09-22,142.0,0.0,13.5,14182500
2010-09-23,109.0,1.0,12.6,14182500
2010-09-24,108.0,0.0,14.4,14182500
2010-09-25,94.4,0.0,15.8,14182500
2010-09-26,82.5,0.8,17.4,14182500
2010-09-27,75.7,0.0,19.6,14182500
2010-09-28,69.7,0.0,19.9,14182500
2010-09-29,65.5,0.0,18.0,14182500
2010-09-30,62.0,0.0,17.7,14182500
2010-10-01,58.7,0.0,17.8,14182500
2010-10-02,56.2,0.0,14.5,14182500
2010-10-03,54.3,0.0,13.8,14182500
2010-10-04,53.2,0.0,13.3,14182500
2010-10-05,51.7,0.0,11.9,14182500
2010-10-06,49.3,0.0,14.2,14182500
2010-10-07,47.8,0.0,16.3,14182500
2010-10-08,47.7,0.0,16.1,14182500
2010-10-09,74.4,10.9,16.2,14182500
2010-10-10,243.0,15.6,16.3,14182500
2010-10-11,305.0,0.0,11.5,14182500
2010-10-12,179.0,0.0,11.0,14182500
2010-10-13,133.0,0.0,12.4,14182500
2010-10-14,109.0,0.0,13.2,14182500
2010-10-15,95.5,0.2,12.1,14182500
2010-10-16,86.4,0.0,10.0,14182500
2010-10-17,79.6,0.0,9.7,14182500
2010-10-18,74.6,0.0,9.9,14182500
2010-10-19,70.4,0.0,11.4,14182500
2010-10-20,66.9,0.0,12.8,14182500
2010-10-21,63.7,0.0,12.2,14182500
2010-10-22,64.5,1.6,13.1,14182500
2010-10-23,74.1,2.1,12.9,14182500
2010-10-24,716.0,31.4,11.8,14182500
2010-10-25,1610.0,10.5,9.5,14182500
2010-10-26,1200.0,4.2,8.3,14182500
2010-10-27,934.0,0.5,7.9,14182500
2010-10-28,625.0,9.1,10.0,14182500
2010-10-29,613.0,1.8,10.6,14182500
2010-10-30,539.0,2.4,9.1,14182500
2010-10-31,695.0,12.1,10.7,14182500
2010-11-01,614.0,2.4,15.0,14182500
2010-11-02,1990.0,14.1,14.8,14182500
2010-11-03,1130.0,0.0,13.6,14182500
2010-11-04,692.0,0.0,12.3,14182500
2010-11-05,508.0,0.0,11.7,14182500
2010-11-06,400.0,0.4,12.3,14182500
2010-11-07,701.0,25.4,11.0,14182500
2010-11-08,936.0,3.4,6.9,14182500
2010-11-09,988.0,6.2,6.2,14182500
2010-11-10,1610.0,7.7,8.5,14182500
2010-11-11,1040.0,0.0,6.5,14182500
2010-11-12,854.0,0.4,7.8,14182500
2010-11-13,703.0,0.5,6.9,14182500
2010-11-14,1190.0,7.9,9.4,14182500
2010-11-15,1650.0,4.2,11.1,14182500
2010-11-16,2660.0,2.7,10.3,14182500
2010-11-17,1810.0,1.5,8.1,14182500
2010-11-18,3070.0,32.3,7.2,14182500
2010-11-19,1830.0,1.2,5.5,14182500
2010-11-20,1290.0,5.2,4.8,14182500
2010-11-21,973.0,1.4,2.5,14182500
2010-11-22,864.0,8.5,2.3,14182500
2010-11-23,766.0,6.0,-0.6,14182500
2010-11-24,619.0,0.0,-3.5,14182500
2010-11-25,539.0,0.0,0.4,14182500
2010-11-26,650.0,3.7,4.8,14182500
2010-11-27,1420.0,10.1,5.6,14182500
2010-11-28,1040.0,4.1,3.2,14182500
2010-11-29,838.0,0.2,2.9,14182500
2010-11-30,1950.0,17.7,5.9,14182500
2010-12-01,4250.0,15.3,7.9,14182500
2010-12-02,2850.0,0.0,6.3,14182500
2010-12-03,1890.0,0.3,3.3,14182500
2010-12-04,1300.0,0.1,3.4,14182500
2010-12-05,984.0,0.1,4.3,14182500
2010-12-06,865.0,3.4,5.9,14182500
2010-12-07,864.0,1.8,8.5,14182500
2010-12-08,1490.0,10.5,7.8,14182500
2010-12-09,3750.0,18.9,9.5,14182500
2010-12-10,3730.0,20.5,8.0,14182500
2010-12-11,3960.0,12.4,6.8,14182500
2010-12-12,5520.0,5.9,12.8,14182500
2010-12-13,7190.0,18.3,11.4,14182500
2010-12-14,4770.0,17.5,8.3,14182500
2010-12-15,2760.0,1.6,4.8,14182500
2010-12-16,1780.0,0.5,3.8,14182500
2010-12-17,1250.0,0.0,1.8,14182500
2010-12-18,1010.0,9.6,4.4,14182500
2010-12-19,841.0,4.0,4.1,14182500
2010-12-20,741.0,2.8,5.1,14182500
2010-12-21,663.0,0.3,4.8,14182500
2010-12-22,602.0,1.3,6.3,14182500
2010-12-23,544.0,0.0,7.2,14182500
2010-12-24,493.0,0.1,6.7,14182500
2010-12-25,492.0,5.4,6.8,14182500
2010-12-26,545.0,11.2,5.6,14182500
2010-12-27,566.0,8.1,5.2,14182500
2010-12-28,3520.0,36.9,7.8,14182500
2010-12-29,3250.0,26.3,3.7,14182500
2010-12-30,1750.0,1.1,0.7,14182500
2010-12-31,1160.0,0.0,-2.0,14182500
2011-01-01,895.0,0.0,-1.0,14182500
2011-01-02,742.0,0.0,-1.3,14182500
2011-01-03,634.0,0.0,-1.7,14182500
2011-01-04,555.0,0.0,0.0,14182500
2011-01-05,498.0,0.9,2.3,14182500
2011-01-06,462.0,0.0,3.9,14182500
2011-01-07,452.0,0.2,3.3,14182500
2011-01-08,524.0,4.5,3.4,14182500
2011-01-09,494.0,0.0,2.3,14182500
2011-01-10,449.0,0.1,0.8,14182500
2011-01-11,411.0,0.0,-0.3,14182500
2011-01-12,1160.0,7.3,5.4,14182500
2011-01-13,3920.0,13.0,9.7,14182500
2011-01-14,3400.0,3.1,11.0,14182500
2011-01-15,3240.0,14.3,11.2,14182500
2011-01-16,13000.0,51.8,11.6,14182500
2011-01-17,6590.0,1.2,10.6,14182500
2011-01-18,3350.0,5.2,6.3,14182500
2011-01-19,2760.0,6.8,4.7,14182500
2011-01-20,1860.0,0.0,2.6,14182500
2011-01-21,1480.0,3.6,4.4,14182500
2011-01-22,1460.0,0.1,6.4,14182500
2011-01-23,1130.0,0.0,4.6,14182500
2011-01-24,922.0,0.0,6.9,14182500
2011-01-25,790.0,0.0,8.5,14182500
2011-01-26,690.0,0.0,5.5,14182500
2011-01-27,620.0,0.0,6.0,14182500
2011-01-28,580.0,0.0,7.5,14182500
2011-01-29,540.0,0.0,9.4,14182500
2011-01-30,490.0,0.0,6.3,14182500
2011-01-31,441.0,0.0,6.4,14182500
2011-02-01,397.0,0.0,4.1,14182500
2011-02-02,363.0,0.0,1.3,14182500
2011-02-03,335.0,0.0,3.6,14182500
2011-02-04,312.0,0.0,4.7,14182500
2011-02-05,352.0,0.6,8.4,14182500
2011-02-06,452.0,0.1,8.7,14182500
2011-02-07,554.0,2.7,7.8,14182500
2011-02-08,582.0,1.6,4.5,14182500
2011-02-09,501.0,0.0,2.3,14182500
2011-02-10,442.0,0.0,2.6,14182500
2011-02-11,405.0,0.0,4.0,14182500
2011-02-12,392.0,0.0,8.5,14182500
2011-02-13,578.0,10.7,7.9,14182500
2011-02-14,607.0,2.1,6.9,14182500
2011-02-15,913.0,30.5,5.4,14182500
2011-02-16,899.0,4.2,3.2,14182500
2011-02-17,699.0,0.2,3.2,14182500
2011-02-18,586.0,4.1,2.4,14182500
2011-02-19,513.0,2.1,2.5,14182500
2011-02-20,454.0,0.3,3.3,14182500
2011-02-21,407.0,0.0,4.1,14182500
2011-02-22,393.0,2.0,4.7,14182500
2011-02-23,370.0,2.7,2.3,14182500
2011-02-24,347.0,3.5,0.9,14182500
2011-02-25,310.0,1.1,-2.0,14182500
2011-02-26,283.0,0.0,-3.3,14182500
2011-02-27,285.0,0.6,2.1,14182500
2011-02-28,379.0,31.7,5.2,14182500
2011-03-01,550.0,28.5,5.9,14182500
2011-03-02,828.0,4.8,7.0,14182500
2011-03-03,964.0,6.7,4.9,14182500
2011-03-04,813.0,2.0,6.0,14182500
2011-03-05,1150.0,7.6,8.4,14182500
2011-03-06,1050.0,0.0,6.1,14182500
2011-03-07,834.0,0.7,4.5,14182500
2011-03-08,844.0,7.2,6.9,14182500
2011-03-09,1440.0,6.2,10.2,14182500
2011-03-10,2810.0,32.0,9.1,14182500
2011-03-11,2170.0,0.5,6.5,14182500
2011-03-12,1370.0,4.9,7.1,14182500
2011-03-13,1220.0,7.5,9.4,14182500
2011-03-14,1650.0,3.1,8.7,14182500
2011-03-15,1580.0,9.2,9.6,14182500
2011-03-16,2120.0,14.6,6.0,14182500
2011-03-17,1490.0,3.9,5.0,14182500
2011-03-18,1200.0,3.0,6.8,14182500
2011-03-19,1040.0,1.1,5.6,14182500
2011-03-20,903.0,5.1,5.0,14182500
2011-03-21,875.0,6.0,6.9,14182500
2011-03-22,874.0,2.3,5.4,14182500
2011-03-23,772.0,1.2,6.3,14182500
2011-03-24,730.0,4.8,6.3,14182500
2011-03-25,691.0,6.3,4.4,14182500
2011-03-26,727.0,8.8,6.6,14182500
2011-03-27,800.0,9.8,5.6,14182500
2011-03-28,837.0,4.2,6.3,14182500
2011-03-29,1310.0,9.0,7.6,14182500
2011-03-30,3400.0,9.3,10.1,14182500
2011-03-31,3300.0,0.3,11.2,14182500
2011-04-01,2800.0,0.0,10.9,14182500
2011-04-02,2520.0,9.1,8.2,14182500
2011-04-03,1640.0,0.8,5.2,14182500
2011-04-04,1300.0,1.5,8.7,14182500
2011-04-05,3130.0,12.0,7.9,14182500
2011-04-06,1960.0,10.1,6.5,14182500
2011-04-07,1400.0,3.2,4.2,14182500
2011-04-08,1060.0,0.5,5.3,14182500
2011-04-09,901.0,0.0,7.7,14182500
2011-04-10,784.0,2.2,8.0,14182500
2011-04-11,943.0,10.5,7.9,14182500
2011-04-12,901.0,1.3,5.9,14182500
2011-04-13,801.0,4.6,6.4,14182500
2011-04-14,796.0,16.0,6.1,14182500
2011-04-15,1810.0,13.5,8.1,14182500
2011-04-16,4610.0,3.1,10.6,14182500
2011-04-17,3350.0,2.8,6.5,14182500
2011-04-18,1950.0,0.3,5.9,14182500
2011-04-19,1300.0,0.0,6.1,14182500
2011-04-20,989.0,0.0,7.3,14182500
2011-04-21,823.0,0.5,6.6,14182500
2011-04-22,699.0,0.0,5.9,14182500
2011-04-23,626.0,0.0,9.1,14182500
2011-04-24,664.0,6.9,9.2,14182500
2011-04-25,1180.0,19.7,8.7,14182500
2011-04-26,1710.0,8.3,7.6,14182500
2011-04-27,1470.0,0.9,8.1,14182500
2011-04-28,1200.0,7.7,7.0,14182500
2011-04-29,1040.0,3.3,5.7,14182500
2011-04-30,937.0,0.2,7.8,14182500
2011-05-01,831.0,0.0,8.0,14182500
2011-05-02,820.0,1.9,10.6,14182500
2011-05-03,797.0,0.2,8.7,14182500
2011-05-04,732.0,0.0,9.5,14182500
2011-05-05,794.0,0.0,10.8,14182500
2011-05-06,819.0,1.3,10.4,14182500
2011-05-07,1050.0,4.7,9.2,14182500
2011-05-08,1440.0,4.6,8.5,14182500
2011-05-09,1240.0,3.0,8.8,14182500
2011-05-10,1010.0,0.0,10.4,14182500
2011-05-11,1030.0,3.9,10.5,14182500
2011-05-12,1260.0,2.9,7.7,14182500
2011-05-13,1010.0,0.0,9.9,14182500
2011-05-14,961.0,0.0,11.2,14182500
2011-05-15,998.0,8.3,9.9,14182500
2011-05-16,1340.0,1.4,9.0,14182500
2011-05-17,1080.0,1.3,10.3,14182500
2011-05-18,913.0,1.2,10.1,14182500
2011-05-19,840.0,0.0,12.6,14182500
2011-05-20,824.0,0.0,13.6,14182500
2011-05-21,867.0,0.0,12.8,14182500
2011-05-22,799.0,0.4,11.5,14182500
2011-05-23,744.0,0.3,11.0,14182500
2011-05-24,693.0,0.5,11.2,14182500
2011-05-25,730.0,11.8,11.8,14182500
2011-05-26,794.0,2.6,9.2,14182500
2011-05-27,1290.0,12.5,9.7,14182500
2011-05-28,1520.0,2.6,8.7,14182500
2011-05-29,1140.0,1.6,9.6,14182500
2011-05-30,1010.0,0.0,10.9,14182500
2011-05-31,1160.0,7.3,11.0,14182500
2011-06-01,1420.0,4.7,10.7,14182500
2011-06-02,1490.0,3.4,10.9,14182500
2011-06-03,1330.0,3.6,12.2,14182500
2011-06-04,1150.0,0.0,17.2,14182500
2011-06-05,1190.0,0.3,18.5,14182500
2011-06-06,1170.0,0.1,15.9,14182500
2011-06-07,970.0,0.3,13.3,14182500
2011-06-08,800.0,0.1,12.4,14182500
2011-06-09,668.0,0.0,13.7,14182500
2011-06-10,658.0,0.0,14.3,14182500
2011-06-11,651.0,0.0,14.3,14182500
2011-06-12,598.0,0.9,14.5,14182500
2011-06-13,642.0,2.8,14.0,14182500
2011-06-14,618.0,0.0,13.7,14182500
2011-06-15,556.0,0.4,12.9,14182500
2011-06-16,486.0,0.0,12.1,14182500
2011-06-17,441.0,0.0,13.5,14182500
2011-06-18,464.0,1.6,13.9,14182500
2011-06-19,576.0,0.7,13.8,14182500
2011-06-20,512.0,0.0,15.5,14182500
2011-06-21,500.0,0.0,17.2,14182500
2011-06-22,512.0,0.1,17.7,14182500
2011-06-23,478.0,0.3,13.9,14182500
2011-06-24,381.0,0.1,13.8,14182500
2011-06-25,329.0,0.0,14.5,14182500
2011-06-26,306.0,0.0,16.1,14182500
2011-06-27,301.0,0.0,17.6,14182500
2011-06-28,333.0,1.7,17.3,14182500
2011-06-29,320.0,0.2,16.5,14182500
2011-06-30,348.0,1.4,14.7,14182500
2011-07-01,321.0,0.0,15.4,14182500
2011-07-02,284.0,0.0,18.7,14182500
2011-07-03,274.0,0.0,17.1,14182500
2011-07-04,252.0,0.0,17.3,14182500
2011-07-05,232.0,0.0,19.8,14182500
2011-07-06,218.0,0.0,21.8,14182500
2011-07-07,211.0,0.0,19.8,14182500
2011-07-08,195.0,0.0,15.9,14182500
2011-07-09,176.0,0.0,17.0,14182500
2011-07-10,163.0,0.0,18.7,14182500
2011-07-11,155.0,0.0,16.9,14182500
2011-07-12,158.0,2.4,15.4,14182500
2011-07-13,161.0,0.6,15.2,14182500
2011-07-14,147.0,0.0,16.3,14182500
2011-07-15,137.0,0.0,16.8,14182500
2011-07-16,143.0,4.6,16.4,14182500
2011-07-17,171.0,7.3,15.5,14182500
2011-07-18,160.0,0.7,15.2,14182500
2011-07-19,156.0,3.3,16.5,14182500
2011-07-20,162.0,0.0,16.0,14182500
2011-07-21,145.0,0.0,16.3,14182500
2011-07-22,139.0,0.0,16.4,14182500
2011-07-23,127.0,0.0,18.4,14182500
2011-07-24,118.0,0.0,22.2,14182500
2011-07-25,112.0,0.0,19.1,14182500
2011-07-26,108.0,0.0,18.5,14182500
2011-07-27,102.0,0.0,17.7,14182500
2011-07-28,95.7,0.0,18.6,14182500
2011-07-29,91.3,0.0,20.8,14182500
2011-07-30,87.5,0.0,21.2,14182500
2011-07-31,84.1,0.0,20.4,14182500
2011-08-01,81.0,0.0,20.5,14182500
2011-08-02,77.9,0.0,19.7,14182500
2011-08-03,75.2,0.0,20.0,14182500
2011-08-04,72.6,0.0,20.9,14182500
2011-08-05,70.7,0.0,20.1,14182500
2011-08-06,68.7,0.0,20.0,14182500
2011-08-07,67.0,0.0,19.1,14182500
2011-08-08,65.4,0.0,19.0,14182500
2011-08-09,65.4,0.0,17.6,14182500
2011-08-10,62.7,0.0,17.6,14182500
2011-08-11,60.5,0.0,19.4,14182500
2011-08-12,58.9,0.0,20.1,14182500
2011-08-13,57.3,0.0,18.8,14182500
2011-08-14,56.7,0.0,17.9,14182500
2011-08-15,55.4,0.0,18.4,14182500
2011-08-16,54.2,0.0,20.0,14182500
2011-08-17,52.4,0.0,20.6,14182500
2011-08-18,50.7,0.0,19.0,14182500
2011-08-19,49.7,0.0,19.7,14182500
2011-08-20,48.9,0.0,22.5,14182500
2011-08-21,47.4,0.0,23.6,14182500
2011-08-22,46.1,0.0,20.3,14182500
2011-08-23,45.5,0.0,21.1,14182500
2011-08-24,44.5,0.0,24.3,14182500
2011-08-25,43.5,0.0,24.8,14182500
2011-08-26,43.9,0.0,23.5,14182500
2011-08-27,43.7,0.0,23.5,14182500
2011-08-28,40.7,0.0,22.0,14182500
2011-08-29,39.6,0.0,18.8,14182500
2011-08-30,40.4,0.0,18.2,14182500
2011-08-31,39.8,0.1,15.9,14182500
2011-09-01,39.5,0.0,15.8,14182500
2011-09-02,38.6,0.0,18.2,14182500
2011-09-03,37.2,0.0,20.9,14182500
2011-09-04,35.0,0.0,22.7,14182500
2011-09-05,34.2,0.0,21.6,14182500
2011-09-06,33.5,0.0,21.9,14182500
2011-09-07,32.5,0.0,23.9,14182500
2011-09-08,31.3,0.0,23.9,14182500
2011-09-09,30.9,0.0,23.0,14182500
2011-09-10,30.7,0.0,25.3,14182500
2011-09-11,29.7,0.0,25.8,14182500
2011-09-12,28.4,0.0,20.3,14182500
2011-09-13,28.6,0.0,19.1,14182500
2011-09-14,29.4,0.0,18.0,14182500
2011-09-15,29.7,0.2,16.7,14182500
2011-09-16,29.9,0.0,15.9,14182500
2011-09-17,29.6,0.0,14.5,14182500
2011-09-18,29.3,0.7,17.6,14182500
2011-09-19,30.9,0.9,18.3,14182500
2011-09-20,34.2,0.0,17.6,14182500
2011-09-21,30.9,0.0,19.5,14182500
2011-09-22,28.0,0.0,20.0,14182500
2011-09-23,26.6,0.0,21.3,14182500
2011-09-24,25.7,0.0,21.0,14182500
2011-09-25,27.4,1.6,18.8,14182500
2011-09-26,36.9,0.0,17.2,14182500
2011-09-27,41.7,10.7,17.0,14182500
2011-09-28,47.9,0.0,14.8,14182500
2011-09-29,37.8,0.0,16.5,14182500
2011-09-30,31.9,0.0,18.2,14182500
2011-10-01,30.1,0.0,15.6,14182500
2011-10-02,38.0,8.4,15.3,14182500
2011-10-03,53.4,11.5,14.2,14182500
2011-10-04,63.8,4.2,12.7,14182500
2011-10-05,71.4,8.7,10.5,14182500
2011-10-06,88.0,2.1,10.2,14182500
2011-10-07,76.4,0.2,11.9,14182500
2011-10-08,89.0,0.0,14.0,14182500
2011-10-09,69.8,0.8,13.0,14182500
2011-10-10,78.1,6.1,14.5,14182500
2011-10-11,645.0,6.1,13.9,14182500
2011-10-12,597.0,0.0,13.0,14182500
2011-10-13,299.0,0.6,11.6,14182500
2011-10-14,199.0,0.1,11.2,14182500
2011-10-15,149.0,0.0,12.9,14182500
2011-10-16,123.0,0.0,12.3,14182500
2011-10-17,106.0,0.0,10.8,14182500
2011-10-18,92.8,0.0,12.7,14182500
2011-10-19,83.5,0.0,13.7,14182500
2011-10-20,77.7,0.0,12.4,14182500
2011-10-21,73.0,0.0,12.7,14182500
2011-10-22,69.6,0.0,14.3,14182500
2011-10-23,68.4,0.0,14.0,14182500
2011-10-24,64.7,0.1,11.3,14182500
2011-10-25,61.2,0.0,7.9,14182500
2011-10-26,58.5,0.0,6.9,14182500
2011-10-27,56.5,0.0,9.1,14182500
2011-10-28,55.6,0.2,8.7,14182500
2011-10-29,126.0,8.6,12.0,14182500
2011-10-30,217.0,3.1,13.6,14182500
2011-10-31,607.0,1.5,10.5,14182500
2011-11-01,332.0,0.0,6.5,14182500
2011-11-02,234.0,0.0,5.9,14182500
2011-11-03,229.0,10.9,8.2,14182500
2011-11-04,195.0,0.2,5.2,14182500
2011-11-05,171.0,3.2,5.2,14182500
2011-11-06,161.0,3.5,6.7,14182500
2011-11-07,155.0,0.5,7.1,14182500
2011-11-08,152.0,0.0,6.7,14182500
2011-11-09,146.0,0.0,9.2,14182500
2011-11-10,141.0,0.0,7.4,14182500
2011-11-11,133.0,0.0,6.6,14182500
2011-11-12,169.0,3.5,7.0,14182500
2011-11-13,371.0,4.8,8.6,14182500
2011-11-14,510.0,2.1,8.9,14182500
2011-11-15,595.0,0.7,6.5,14182500
2011-11-16,605.0,7.2,5.8,14182500
2011-11-17,3090.0,10.3,8.4,14182500
2011-11-18,1490.0,6.7,4.5,14182500
2011-11-19,876.0,1.2,4.1,14182500
2011-11-20,627.0,0.0,1.7,14182500
2011-11-21,618.0,3.5,5.8,14182500
2011-11-22,2910.0,31.2,9.5,14182500
2011-11-23,2660.0,26.4,10.5,14182500
2011-11-24,1920.0,8.7,5.7,14182500
2011-11-25,1740.0,8.2,6.0,14182500
2011-11-26,1080.0,0.0,6.7,14182500
2011-11-27,924.0,5.0,8.8,14182500
2011-11-28,1190.0,6.8,5.7,14182500
2011-11-29,889.0,0.0,4.1,14182500
2011-11-30,809.0,2.6,6.9,14182500
2011-12-01,714.0,0.0,3.6,14182500
2011-12-02,601.0,0.0,3.0,14182500
2011-12-03,507.0,0.0,1.7,14182500
2011-12-04,434.0,0.0,0.7,14182500
2011-12-05,379.0,0.0,1.0,14182500
2011-12-06,338.0,0.0,1.5,14182500
2011-12-07,305.0,0.0,0.4,14182500
2011-12-08,279.0,0.0,0.5,14182500
2011-12-09,256.0,0.0,1.6,14182500
2011-12-10,238.0,0.0,0.4,14182500
2011-12-11,225.0,0.0,1.7,14182500
2011-12-12,211.0,0.0,0.9,14182500
2011-12-13,198.0,0.0,0.1,14182500
2011-12-14,187.0,0.0,0.2,14182500
2011-12-15,189.0,2.1,3.6,14182500
2011-12-16,179.0,0.0,3.1,14182500
2011-12-17,168.0,0.0,3.3,14182500
2011-12-18,166.0,0.2,2.9,14182500
2011-12-19,163.0,0.0,3.6,14182500
2011-12-20,157.0,0.0,2.7,14182500
2011-12-21,152.0,0.0,3.3,14182500
2011-12-22,145.0,0.0,0.1,14182500
2011-12-23,139.0,0.0,2.5,14182500
2011-12-24,134.0,0.0,2.4,14182500
2011-12-25,139.0,2.6,3.4,14182500
2011-12-26,162.0,0.2,2.4,14182500
2011-12-27,176.0,1.9,6.8,14182500
2011-12-28,5730.0,19.5,9.9,14182500
2011-12-29,5620.0,10.4,9.7,14182500
2011-12-30,8670.0,33.2,9.3,14182500
2011-12-31,3070.0,0.6,2.3,14182500
2012-01-01,1750.0,0.5,3.9,14182500
2012-01-02,1260.0,0.8,4.3,14182500
2012-01-03,1320.0,2.4,9.3,14182500
2012-01-04,1060.0,3.2,8.4,14182500
2012-01-05,1070.0,4.2,8.3,14182500
2012-01-06,898.0,1.4,3.3,14182500
2012-01-07,740.0,0.9,5.1,14182500
2012-01-08,627.0,0.0,3.4,14182500
2012-01-09,545.0,0.0,2.8,14182500
2012-01-10,489.0,4.6,3.8,14182500
2012-01-11,432.0,0.0,1.1,14182500
2012-01-12,389.0,0.0,-0.1,14182500
2012-01-13,359.0,0.0,2.1,14182500
2012-01-14,340.0,2.1,3.6,14182500
2012-01-15,336.0,3.2,1.2,14182500
2012-01-16,310.0,1.0,-0.5,14182500
2012-01-17,325.0,15.0,1.9,14182500
2012-01-18,2630.0,55.3,4.9,14182500
2012-01-19,13300.0,57.4,9.4,14182500
2012-01-20,7290.0,11.2,8.6,14182500
2012-01-21,5410.0,19.2,7.7,14182500
2012-01-22,2880.0,5.3,4.3,14182500
2012-01-23,2170.0,2.2,4.5,14182500
2012-01-24,2740.0,12.7,5.0,14182500
2012-01-25,6120.0,4.2,10.3,14182500
2012-01-26,4310.0,6.6,8.5,14182500
2012-01-27,2460.0,0.0,2.0,14182500
2012-01-28,1550.0,0.0,1.2,14182500
2012-01-29,1320.0,4.4,5.4,14182500
2012-01-30,2860.0,13.0,7.8,14182500
2012-01-31,1690.0,0.0,5.7,14182500
2012-02-01,1380.0,5.4,7.5,14182500
2012-02-02,1150.0,0.0,4.2,14182500
2012-02-03,926.0,0.0,4.5,14182500
2012-02-04,773.0,0.0,4.3,14182500
2012-02-05,665.0,0.0,4.4,14182500
2012-02-06,593.0,0.0,4.0,14182500
2012-02-07,535.0,0.0,4.3,14182500
2012-02-08,531.0,2.3,6.8,14182500
2012-02-09,868.0,2.2,8.8,14182500
2012-02-10,970.0,8.3,9.0,14182500
2012-02-11,1590.0,1.2,7.4,14182500
2012-02-12,1020.0,0.0,4.3,14182500
2012-02-13,786.0,5.0,4.6,14182500
2012-02-14,670.0,3.7,4.4,14182500
2012-02-15,584.0,1.3,2.4,14182500
2012-02-16,526.0,0.4,3.3,14182500
2012-02-17,554.0,3.1,7.4,14182500
2012-02-18,1090.0,7.8,5.6,14182500
2012-02-19,845.0,3.1,3.3,14182500
2012-02-20,1060.0,4.6,5.9,14182500
2012-02-21,2560.0,3.9,8.7,14182500
2012-02-22,4270.0,9.0,9.4,14182500
2012-02-23,2770.0,0.0,5.7,14182500
2012-02-24,1630.0,0.0,4.5,14182500
2012-02-25,1390.0,12.9,4.8,14182500
2012-02-26,1070.0,2.5,2.9,14182500
2012-02-27,889.0,0.4,1.2,14182500
2012-02-28,770.0,1.5,2.1,14182500
2012-02-29,722.0,20.6,3.0,14182500
2012-03-01,663.0,10.2,2.8,14182500
2012-03-02,595.0,0.0,3.6,14182500
2012-03-03,636.0,0.0,7.7,14182500
2012-03-04,815.0,0.0,7.0,14182500
2012-03-05,1010.0,7.1,6.3,14182500
2012-03-06,1070.0,0.8,1.9,14182500
2012-03-07,840.0,0.0,2.7,14182500
2012-03-08,759.0,0.0,4.7,14182500
2012-03-09,897.0,0.0,7.3,14182500
2012-03-10,972.0,2.4,7.7,14182500
2012-03-11,1250.0,14.7,6.3,14182500
2012-03-12,1050.0,8.0,5.7,14182500
2012-03-13,1430.0,40.0,3.8,14182500
2012-03-14,1150.0,4.9,4.3,14182500
2012-03-15,3370.0,23.2,9.3,14182500
2012-03-16,4770.0,12.4,7.9,14182500
2012-03-17,2500.0,8.9,5.7,14182500
2012-03-18,1730.0,5.0,3.3,14182500
2012-03-19,1260.0,1.1,2.5,14182500
2012-03-20,1850.0,13.4,6.5,14182500
2012-03-21,2330.0,31.9,3.0,14182500
2012-03-22,2010.0,19.1,1.9,14182500
2012-03-23,1510.0,0.0,2.2,14182500
2012-03-24,1250.0,0.2,6.2,14182500
2012-03-25,1190.0,1.4,6.5,14182500
2012-03-26,1070.0,1.1,6.0,14182500
2012-03-27,980.0,3.1,8.5,14182500
2012-03-28,1090.0,5.8,8.7,14182500
2012-03-29,1180.0,23.0,8.2,14182500
2012-03-30,6550.0,34.3,9.3,14182500
2012-03-31,3650.0,19.7,5.9,14182500
2012-04-01,2590.0,13.9,6.1,14182500
2012-04-02,1850.0,1.6,8.1,14182500
2012-04-03,1500.0,4.6,8.6,14182500
2012-04-04,1350.0,5.4,4.8,14182500
2012-04-05,1160.0,4.1,4.4,14182500
2012-04-06,994.0,2.0,3.8,14182500
2012-04-07,864.0,0.1,6.6,14182500
2012-04-08,791.0,0.0,10.6,14182500
2012-04-09,817.0,0.0,11.3,14182500
2012-04-10,912.0,0.0,11.3,14182500
2012-04-11,1020.0,11.8,10.0,14182500
2012-04-12,1050.0,6.9,7.8,14182500
2012-04-13,904.0,3.4,7.0,14182500
2012-04-14,808.0,0.0,8.6,14182500
2012-04-15,763.0,0.0,9.9,14182500
2012-04-16,1610.0,12.4,11.2,14182500
2012-04-17,1820.0,2.8,7.9,14182500
2012-04-18,1770.0,5.9,9.7,14182500
2012-04-19,1850.0,5.5,10.0,14182500
2012-04-20,2730.0,1.8,12.7,14182500
2012-04-21,2050.0,0.0,12.0,14182500
2012-04-22,1900.0,0.0,15.8,14182500
2012-04-23,1990.0,0.0,17.2,14182500
2012-04-24,1840.0,0.7,14.5,14182500
2012-04-25,1360.0,2.5,13.6,14182500
2012-04-26,2070.0,24.1,10.5,14182500
2012-04-27,1850.0,5.1,8.3,14182500
2012-04-28,1430.0,0.0,10.6,14182500
2012-04-29,1140.0,0.0,11.5,14182500
2012-04-30,1690.0,7.6,11.3,14182500
2012-05-01,2080.0,1.2,8.4,14182500
2012-05-02,1560.0,1.4,7.8,14182500
2012-05-03,1810.0,20.1,9.6,14182500
2012-05-04,2410.0,3.4,8.6,14182500
2012-05-05,1950.0,2.8,7.4,14182500
2012-05-06,1410.0,0.0,9.4,14182500
2012-05-07,1140.0,0.0,13.3,14182500
2012-05-08,1070.0,0.0,13.9,14182500
2012-05-09,1050.0,0.0,10.9,14182500
2012-05-10,868.0,0.0,7.9,14182500
2012-05-11,721.0,0.0,10.4,14182500
2012-05-12,639.0,0.0,13.7,14182500
2012-05-13,668.0,0.0,17.8,14182500
2012-05-14,810.0,0.0,18.5,14182500
2012-05-15,855.0,0.0,15.4,14182500
2012-05-16,761.0,0.0,15.4,14182500
2012-05-17,631.0,0.0,12.3,14182500
2012-05-18,520.0,0.0,10.4,14182500
2012-05-19,441.0,0.0,12.6,14182500
2012-05-20,398.0,0.5,14.3,14182500
2012-05-21,450.0,8.6,13.9,14182500
2012-05-22,779.0,5.7,11.1,14182500
2012-05-23,906.0,1.8,10.2,14182500
2012-05-24,1380.0,7.4,10.5,14182500
2012-05-25,1270.0,3.5,10.8,14182500
2012-05-26,932.0,0.1,12.8,14182500
2012-05-27,753.0,0.0,12.8,14182500
2012-05-28,653.0,0.0,12.5,14182500
2012-05-29,567.0,0.0,11.4,14182500
2012-05-30,502.0,0.0,13.9,14182500
2012-05-31,468.0,0.0,16.3,14182500
2012-06-01,474.0,0.0,17.9,14182500
2012-06-02,549.0,1.7,15.6,14182500
2012-06-03,483.0,0.0,13.0,14182500
2012-06-04,586.0,6.2,13.4,14182500
2012-06-05,1230.0,12.0,10.4,14182500
2012-06-06,1050.0,0.3,10.6,14182500
2012-06-07,868.0,10.5,13.2,14182500
2012-06-08,1080.0,2.9,11.1,14182500
2012-06-09,1510.0,4.7,10.1,14182500
2012-06-10,1100.0,0.0,12.1,14182500
2012-06-11,854.0,0.0,15.3,14182500
2012-06-12,721.0,0.7,15.6,14182500
2012-06-13,694.0,0.2,14.5,14182500
2012-06-14,619.0,0.0,13.2,14182500
2012-06-15,529.0,0.0,15.5,14182500
2012-06-16,474.0,0.0,19.5,14182500
2012-06-17,442.0,0.3,19.0,14182500
2012-06-18,468.0,0.1,14.0,14182500
2012-06-19,517.0,1.4,12.2,14182500
2012-06-20,439.0,0.0,14.2,14182500
2012-06-21,390.0,0.0,17.3,14182500
2012-06-22,363.0,0.3,15.7,14182500
2012-06-23,435.0,10.1,12.5,14182500
2012-06-24,501.0,3.2,13.7,14182500
2012-06-25,437.0,1.1,13.6,14182500
2012-06-26,485.0,3.8,13.2,14182500
2012-06-27,538.0,0.0,14.3,14182500
2012-06-28,451.0,0.0,16.5,14182500
2012-06-29,390.0,0.7,16.7,14182500
2012-06-30,351.0,1.2,18.1,14182500
2012-07-01,348.0,2.4,16.7,14182500
2012-07-02,325.0,0.0,15.8,14182500
2012-07-03,345.0,1.1,15.4,14182500
2012-07-04,365.0,0.0,14.5,14182500
2012-07-05,314.0,0.0,17.1,14182500
2012-07-06,281.0,0.0,18.1,14182500
2012-07-07,256.0,0.0,19.7,14182500
2012-07-08,234.0,0.0,22.4,14182500
2012-07-09,213.0,0.0,21.9,14182500
2012-07-10,197.0,0.0,20.0,14182500
2012-07-11,183.0,0.0,22.0,14182500
2012-07-12,170.0,0.0,21.6,14182500
2012-07-13,158.0,0.0,19.7,14182500
2012-07-14,149.0,0.0,20.8,14182500
2012-07-15,143.0,0.0,19.1,14182500
2012-07-16,137.0,0.0,17.4,14182500
2012-07-17,130.0,0.1,20.2,14182500
2012-07-18,125.0,0.0,18.0,14182500
2012-07-19,122.0,0.0,19.7,14182500
2012-07-20,118.0,7.0,18.8,14182500
2012-07-21,114.0,0.0,17.7,14182500
2012-07-22,108.0,0.0,17.5,14182500
2012-07-23,105.0,0.0,15.8,14182500
2012-07-24,101.0,0.0,17.8,14182500
2012-07-25,97.7,0.0,20.7,14182500
2012-07-26,94.6,0.0,20.6,14182500
2012-07-27,93.1,0.0,18.1,14182500
2012-07-28,91.1,0.0,18.6,14182500
2012-07-29,87.7,0.0,19.0,14182500
2012-07-30,85.3,0.0,18.5,14182500
2012-07-31,82.5,0.0,19.2,14182500
2012-08-01,79.5,0.0,19.4,14182500
2012-08-02,76.8,0.0,19.2,14182500
2012-08-03,74.6,0.0,21.0,14182500
2012-08-04,72.7,0.0,25.8,14182500
2012-08-05,70.3,0.0,25.3,14182500
2012-08-06,69.3,0.0,22.2,14182500
2012-08-07,67.7,0.0,20.3,14182500
2012-08-08,66.7,0.0,18.7,14182500
2012-08-09,65.4,0.0,19.5,14182500
2012-08-10,64.4,0.0,20.4,14182500
2012-08-11,62.9,0.0,21.1,14182500
2012-08-12,61.2,0.0,24.7,14182500
2012-08-13,58.6,0.0,24.8,14182500
2012-08-14,56.8,0.0,23.8,14182500
2012-08-15,56.3,0.0,23.8,14182500
2012-08-16,56.0,0.0,26.4,14182500
2012-08-17,54.4,0.0,24.6,14182500
2012-08-18,53.9,0.0,21.3,14182500
2012-08-19,54.4,0.0,19.4,14182500
2012-08-20,53.2,0.0,19.1,14182500
2012-08-21,52.0,0.0,20.0,14182500
2012-08-22,51.0,0.0,18.9,14182500
2012-08-23,50.2,0.0,18.1,14182500
2012-08-24,49.3,0.0,16.4,14182500
2012-08-25,48.7,0.0,19.0,14182500
2012-08-26,48.0,0.0,17.5,14182500
2012-08-27,48.7,0.6,17.9,14182500
2012-08-28,48.3,0.0,17.9,14182500
2012-08-29,47.5,0.0,17.0,14182500
2012-08-30,46.7,0.0,17.6,14182500
2012-08-31,46.3,0.0,17.4,14182500
2012-09-01,45.5,0.0,16.4,14182500
2012-09-02,44.7,0.0,16.7,14182500
2012-09-03,44.1,0.0,18.4,14182500
2012-09-04,43.4,0.0,19.7,14182500
2012-09-05,42.7,0.0,21.0,14182500
2012-09-06,42.7,0.0,20.7,14182500
2012-09-07,41.8,0.0,22.2,14182500
2012-09-08,40.6,0.0,20.5,14182500
2012-09-09,40.2,0.0,15.9,14182500
2012-09-10,42.0,1.9,16.1,14182500
2012-09-11,43.7,0.0,15.0,14182500
2012-09-12,42.4,0.0,17.9,14182500
2012-09-13,39.7,0.0,20.1,14182500
2012-09-14,38.5,0.0,21.4,14182500
2012-09-15,38.1,0.0,19.5,14182500
2012-09-16,37.6,0.0,19.4,14182500
2012-09-17,37.2,0.0,20.7,14182500
2012-09-18,37.3,0.0,21.3,14182500
2012-09-19,37.1,0.0,18.3,14182500
2012-09-20,37.3,0.0,17.4,14182500
2012-09-21,37.8,0.0,15.5,14182500
2012-09-22,39.1,0.0,14.8,14182500
2012-09-23,39.0,0.3,16.8,14182500
2012-09-24,38.1,0.0,17.1,14182500
2012-09-25,37.4,0.0,16.9,14182500
2012-09-26,36.6,0.0,14.6,14182500
2012-09-27,36.2,0.0,16.8,14182500
2012-09-28,35.7,0.0,19.7,14182500
2012-09-29,35.5,0.0,18.7,14182500
2012-09-30,35.4,0.0,16.1,14182500
2012-10-01,35.1,0.0,18.3,14182500
2012-10-02,34.9,0.0,18.0,14182500
2012-10-03,34.0,0.0,15.5,14182500
2012-10-04,32.5,0.0,15.0,14182500
2012-10-05,31.7,0.0,14.8,14182500
2012-10-06,31.4,0.0,15.0,14182500
2012-10-07,31.1,0.0,14.7,14182500
2012-10-08,31.5,0.0,14.1,14182500
2012-10-09,31.9,0.0,12.7,14182500
2012-10-10,32.9,0.0,13.8,14182500
2012-10-11,35.3,0.0,13.7,14182500
2012-10-12,41.4,5.7,11.7,14182500
2012-10-13,92.2,12.3,13.4,14182500
2012-10-14,75.5,0.0,15.1,14182500
2012-10-15,261.0,21.3,15.3,14182500
2012-10-16,1630.0,16.7,14.6,14182500
2012-10-17,481.0,0.0,10.6,14182500
2012-10-18,263.0,0.0,10.8,14182500
2012-10-19,219.0,9.1,13.1,14182500
2012-10-20,828.0,5.1,10.6,14182500
2012-10-21,828.0,3.2,8.3,14182500
2012-10-22,641.0,7.2,7.6,14182500
2012-10-23,554.0,0.7,7.5,14182500
2012-10-24,448.0,5.8,7.7,14182500
2012-10-25,517.0,1.1,8.6,14182500
2012-10-26,446.0,0.0,9.7,14182500
2012-10-27,608.0,8.6,11.2,14182500
2012-10-28,3820.0,26.9,13.9,14182500
2012-10-29,3550.0,12.8,15.1,14182500
2012-10-30,1630.0,5.5,15.1,14182500
2012-10-31,986.0,11.3,13.6,14182500
2012-11-01,1040.0,8.3,12.3,14182500
2012-11-02,1140.0,1.1,11.2,14182500
2012-11-03,973.0,1.8,13.4,14182500
2012-11-04,851.0,0.3,15.4,14182500
2012-11-05,671.0,0.0,14.7,14182500
2012-11-06,551.0,0.0,13.0,14182500
2012-11-07,491.0,0.4,11.2,14182500
2012-11-08,434.0,1.3,7.1,14182500
2012-11-09,392.0,4.2,5.1,14182500
2012-11-10,359.0,0.2,4.1,14182500
2012-11-11,328.0,0.5,6.2,14182500
2012-11-12,1570.0,19.1,7.9,14182500
2012-11-13,1500.0,0.1,10.3,14182500
2012-11-14,1280.0,0.4,9.3,14182500
2012-11-15,921.0,0.0,7.1,14182500
2012-11-16,714.0,0.0,7.9,14182500
2012-11-17,730.0,13.9,9.3,14182500
2012-11-18,965.0,6.1,7.1,14182500
2012-11-19,1990.0,43.8,10.3,14182500
2012-11-20,6420.0,51.8,10.1,14182500
2012-11-21,3910.0,15.7,7.9,14182500
2012-11-22,2250.0,0.4,4.9,14182500
2012-11-23,1520.0,0.4,7.0,14182500
2012-11-24,3090.0,21.6,9.8,14182500
2012-11-25,2050.0,0.0,6.1,14182500
2012-11-26,1350.0,0.0,3.6,14182500
2012-11-27,993.0,0.0,5.2,14182500
2012-11-28,804.0,2.1,4.9,14182500
2012-11-29,708.0,9.3,9.4,14182500
2012-11-30,817.0,5.4,10.5,14182500
2012-12-01,1260.0,22.4,9.9,14182500
2012-12-02,2180.0,29.0,8.9,14182500
2012-12-03,2200.0,5.2,9.1,14182500
2012-12-04,4640.0,22.3,10.6,14182500
2012-12-05,4840.0,11.2,8.4,14182500
2012-12-06,2120.0,0.3,5.8,14182500
2012-12-07,1760.0,3.8,6.9,14182500
2012-12-08,1730.0,1.1,5.1,14182500
2012-12-09,1300.0,1.8,5.7,14182500
2012-12-10,1280.0,1.0,8.5,14182500
2012-12-11,1180.0,3.0,4.9,14182500
2012-12-12,1180.0,5.8,4.8,14182500
2012-12-13,1010.0,0.5,2.1,14182500
2012-12-14,868.0,3.4,4.1,14182500
2012-12-15,773.0,7.2,2.3,14182500
2012-12-16,782.0,14.9,4.0,14182500
2012-12-17,2290.0,21.3,6.3,14182500
2012-12-18,1490.0,9.9,1.5,14182500
2012-12-19,1090.0,2.9,2.8,14182500
2012-12-20,1240.0,51.5,4.1,14182500
2012-12-21,1160.0,1.9,3.6,14182500
2012-12-22,1040.0,7.3,4.2,14182500
2012-12-23,983.0,10.5,3.9,14182500
2012-12-24,932.0,3.2,3.9,14182500
2012-12-25,1190.0,11.7,4.7,14182500
2012-12-26,1670.0,3.3,6.2,14182500
2012-12-27,1480.0,1.8,4.8,14182500
2012-12-28,1120.0,0.0,4.8,14182500
2012-12-29,894.0,0.0,3.1,14182500
2012-12-30,744.0,0.5,2.3,14182500
2012-12-31,632.0,0.4,1.4,14182500
2013-01-01,550.0,0.0,0.3,14182500
2013-01-02,490.0,0.0,-0.4,14182500
2013-01-03,446.0,0.0,-0.3,14182500
2013-01-04,463.0,0.0,5.7,14182500
2013-01-05,502.0,0.2,2.7,14182500
2013-01-06,510.0,0.2,5.1,14182500
2013-01-07,1000.0,7.5,7.2,14182500
2013-01-08,1940.0,1.0,8.9,14182500
2013-01-09,2020.0,13.5,7.8,14182500
2013-01-10,1430.0,2.0,2.5,14182500
2013-01-11,1040.0,0.1,0.8,14182500
2013-01-12,821.0,0.0,-1.1,14182500
2013-01-13,688.0,0.0,-2.0,14182500
2013-01-14,597.0,0.0,-1.3,14182500
2013-01-15,530.0,0.1,1.6,14182500
2013-01-16,490.0,0.0,2.2,14182500
2013-01-17,498.0,0.0,2.5,14182500
2013-01-18,619.0,0.0,1.7,14182500
2013-01-19,721.0,0.0,1.6,14182500
2013-01-20,771.0,0.0,1.2,14182500
2013-01-21,729.0,0.0,0.8,14182500
2013-01-22,673.0,0.0,1.4,14182500
2013-01-23,652.0,5.0,1.7,14182500
2013-01-24,665.0,3.1,2.8,14182500
2013-01-25,1090.0,9.2,6.9,14182500
2013-01-26,1490.0,3.3,5.5,14182500
2013-01-27,1090.0,2.0,3.5,14182500
2013-01-28,1040.0,11.3,4.2,14182500
2013-01-29,2170.0,16.8,5.8,14182500
2013-01-30,2210.0,0.9,6.1,14182500
2013-01-31,2230.0,0.2,7.5,14182500
2013-02-01,1630.0,0.0,7.1,14182500
2013-02-02,1300.0,0.0,4.3,14182500
2013-02-03,1140.0,0.0,4.4,14182500
2013-02-04,964.0,0.0,5.7,14182500
2013-02-05,903.0,3.3,7.4,14182500
2013-02-06,980.0,3.8,7.1,14182500
2013-02-07,928.0,4.6,6.3,14182500
2013-02-08,790.0,2.4,2.5,14182500
2013-02-09,678.0,0.0,3.4,14182500
2013-02-10,595.0,0.0,5.8,14182500
2013-02-11,532.0,0.0,4.2,14182500
2013-02-12,518.0,0.0,6.9,14182500
2013-02-13,669.0,0.9,8.4,14182500
2013-02-14,837.0,0.0,6.8,14182500
2013-02-15,776.0,0.0,6.6,14182500
2013-02-16,833.0,0.9,7.0,14182500
2013-02-17,765.0,0.0,4.9,14182500
2013-02-18,654.0,0.0,3.8,14182500
2013-02-19,573.0,1.8,4.4,14182500
2013-02-20,509.0,0.1,3.5,14182500
2013-02-21,494.0,5.6,4.2,14182500
2013-02-22,575.0,13.6,5.6,14182500
2013-02-23,764.0,7.2,4.5,14182500
2013-02-24,634.0,0.9,4.0,14182500
2013-02-25,708.0,7.9,6.1,14182500
2013-02-26,698.0,1.1,3.6,14182500
2013-02-27,614.0,0.1,6.7,14182500
2013-02-28,1280.0,8.1,9.2,14182500
2013-03-01,2610.0,0.1,11.2,14182500
2013-03-02,1870.0,0.0,9.1,14182500
2013-03-03,1570.0,1.5,6.4,14182500
2013-03-04,1140.0,0.0,4.4,14182500
2013-03-05,893.0,7.0,5.0,14182500
2013-03-06,833.0,15.9,5.1,14182500
2013-03-07,790.0,0.2,5.5,14182500
2013-03-08,709.0,0.0,5.5,14182500
2013-03-09,631.0,0.0,6.1,14182500
2013-03-10,575.0,0.0,6.1,14182500
2013-03-11,582.0,0.0,8.3,14182500
2013-03-12,744.0,0.0,8.2,14182500
2013-03-13,798.0,0.0,9.9,14182500
2013-03-14,925.0,0.4,10.2,14182500
2013-03-15,1000.0,2.3,11.0,14182500
2013-03-16,1010.0,4.3,9.4,14182500
2013-03-17,1090.0,5.6,5.0,14182500
2013-03-18,811.0,0.0,5.8,14182500
2013-03-19,681.0,0.0,6.9,14182500
2013-03-20,1840.0,26.0,9.3,14182500
2013-03-21,1730.0,5.3,4.5,14182500
2013-03-22,1100.0,1.5,4.2,14182500
2013-03-23,845.0,0.0,4.2,14182500
2013-03-24,708.0,0.0,5.3,14182500
2013-03-25,637.0,0.9,7.6,14182500
2013-03-26,613.0,0.3,7.8,14182500
2013-03-27,595.0,1.3,9.1,14182500
2013-03-28,663.0,2.9,10.7,14182500
2013-03-29,718.0,0.0,11.8,14182500
2013-03-30,793.0,0.0,12.3,14182500
2013-03-31,916.0,0.0,13.8,14182500
2013-04-01,959.0,0.4,12.6,14182500
2013-04-02,865.0,0.0,11.6,14182500
2013-04-03,776.0,0.0,11.0,14182500
2013-04-04,763.0,3.1,13.3,14182500
2013-04-05,1500.0,5.1,11.4,14182500
2013-04-06,2300.0,13.9,10.2,14182500
2013-04-07,2530.0,22.8,8.2,14182500
2013-04-08,1900.0,3.1,6.5,14182500
2013-04-09,1290.0,0.0,8.5,14182500
2013-04-10,1150.0,1.2,10.3,14182500
2013-04-11,1240.0,0.1,8.3,14182500
2013-04-12,949.0,0.0,7.8,14182500
2013-04-13,904.0,5.0,7.3,14182500
2013-04-14,816.0,3.5,6.3,14182500
2013-04-15,741.0,3.7,5.8,14182500
2013-04-16,682.0,3.4,6.6,14182500
2013-04-17,622.0,0.7,7.1,14182500
2013-04-18,565.0,0.0,9.1,14182500
2013-04-19,831.0,5.6,10.4,14182500
2013-04-20,1550.0,0.5,10.0,14182500
2013-04-21,1160.0,0.0,8.5,14182500
2013-04-22,920.0,0.0,10.2,14182500
2013-04-23,763.0,0.0,10.4,14182500
2013-04-24,658.0,0.0,11.8,14182500
2013-04-25,608.0,0.0,13.7,14182500
2013-04-26,613.0,0.0,15.0,14182500
2013-04-27,660.0,0.0,14.8,14182500
2013-04-28,639.0,0.2,12.2,14182500
2013-04-29,689.0,0.9,11.6,14182500
2013-04-30,639.0,0.3,8.1,14182500
2013-05-01,497.0,0.0,8.9,14182500
2013-05-02,426.0,0.0,13.3,14182500
2013-05-03,424.0,0.0,15.1,14182500
2013-05-04,469.0,0.0,17.3,14182500
2013-05-05,517.0,0.0,19.1,14182500
2013-05-06,525.0,0.0,17.6,14182500
2013-05-07,508.0,0.0,15.7,14182500
2013-05-08,470.0,0.0,14.5,14182500
2013-05-09,437.0,0.0,16.1,14182500
2013-05-10,420.0,0.0,18.3,14182500
2013-05-11,414.0,0.0,18.9,14182500
2013-05-12,401.0,0.0,19.0,14182500
2013-05-13,367.0,1.2,16.1,14182500
2013-05-14,324.0,0.0,12.7,14182500
2013-05-15,286.0,0.6,13.1,14182500
2013-05-16,275.0,1.6,13.8,14182500
2013-05-17,270.0,0.5,12.5,14182500
2013-05-18,255.0,4.9,12.1,14182500
2013-05-19,295.0,2.7,12.7,14182500
2013-05-20,285.0,0.0,13.3,14182500
2013-05-21,286.0,9.3,11.4,14182500
2013-05-22,421.0,7.8,6.9,14182500
2013-05-23,595.0,11.6,8.5,14182500
2013-05-24,1110.0,10.1,10.0,14182500
2013-05-25,952.0,0.1,11.6,14182500
2013-05-26,915.0,5.1,13.6,14182500
2013-05-27,1590.0,15.2,12.3,14182500
2013-05-28,2160.0,2.3,12.6,14182500
2013-05-29,2160.0,12.0,12.6,14182500
2013-05-30,2350.0,0.2,11.6,14182500
2013-05-31,1440.0,0.0,12.6,14182500
2013-06-01,995.0,0.0,14.7,14182500
2013-06-02,775.0,0.0,15.2,14182500
2013-06-03,636.0,0.0,14.6,14182500
2013-06-04,539.0,0.0,16.3,14182500
2013-06-05,467.0,0.0,19.3,14182500
2013-06-06,414.0,0.0,19.7,14182500
2013-06-07,370.0,0.0,19.0,14182500
2013-06-08,336.0,0.0,17.5,14182500
2013-06-09,306.0,0.0,17.2,14182500
2013-06-10,282.0,0.0,14.5,14182500
2013-06-11,262.0,0.4,13.8,14182500
2013-06-12,247.0,0.1,13.5,14182500
2013-06-13,250.0,4.8,13.0,14182500
2013-06-14,242.0,1.3,13.7,14182500
2013-06-15,217.0,0.0,16.4,14182500
2013-06-16,201.0,0.0,16.5,14182500
2013-06-17,190.0,0.0,17.1,14182500
2013-06-18,195.0,0.4,15.8,14182500
2013-06-19,223.0,2.2,13.7,14182500
2013-06-20,220.0,2.4,13.7,14182500
2013-06-21,210.0,0.0,14.9,14182500
2013-06-22,190.0,0.0,17.1,14182500
2013-06-23,187.0,7.1,17.9,14182500
2013-06-24,307.0,3.9,15.0,14182500
2013-06-25,409.0,6.0,15.7,14182500
2013-06-26,675.0,0.1,16.5,14182500
2013-06-27,543.0,0.0,19.3,14182500
2013-06-28,409.0,0.0,21.5,14182500
2013-06-29,329.0,0.0,22.8,14182500
2013-06-30,280.0,0.0,24.6,14182500
2013-07-01,244.0,0.0,23.8,14182500
2013-07-02,217.0,0.0,24.8,14182500
2013-07-03,195.0,0.0,23.7,14182500
2013-07-04,176.0,0.0,20.4,14182500
2013-07-05,162.0,0.0,18.1,14182500
2013-07-06,151.0,0.0,18.4,14182500
2013-07-07,140.0,0.0,19.8,14182500
2013-07-08,132.0,0.0,20.0,14182500
2013-07-09,123.0,0.0,23.1,14182500
2013-07-10,116.0,0.0,22.9,14182500
2013-07-11,110.0,0.0,19.2,14182500
2013-07-12,106.0,0.0,18.4,14182500
2013-07-13,101.0,0.0,18.6,14182500
2013-07-14,97.2,0.0,21.8,14182500
2013-07-15,92.8,0.0,22.2,14182500
2013-07-16,89.3,0.0,24.6,14182500
2013-07-17,86.3,0.0,20.3,14182500
2013-07-18,84.4,0.0,20.7,14182500
2013-07-19,80.7,0.0,21.5,14182500
2013-07-20,78.1,0.0,21.1,14182500
2013-07-21,74.4,0.0,20.9,14182500
2013-07-22,72.0,0.0,21.6,14182500
2013-07-23,69.6,0.0,23.1,14182500
2013-07-24,67.0,0.0,24.2,14182500
2013-07-25,65.1,0.0,24.0,14182500
2013-07-26,63.0,0.0,23.8,14182500
2013-07-27,61.2,0.0,20.9,14182500
2013-07-28,60.2,0.0,18.3,14182500
2013-07-29,59.6,0.0,18.4,14182500
2013-07-30,59.1,0.0,19.7,14182500
2013-07-31,57.9,0.0,20.7,14182500
2013-08-01,58.7,0.0,18.0,14182500
2013-08-02,60.8,0.0,18.1,14182500
2013-08-03,59.9,0.5,19.7,14182500
2013-08-04,56.7,0.0,22.4,14182500
2013-08-05,54.2,0.0,23.3,14182500
2013-08-06,52.4,0.0,24.3,14182500
2013-08-07,50.8,0.0,22.9,14182500
2013-08-08,49.9,0.0,20.5,14182500
2013-08-09,49.4,0.4,21.7,14182500
2013-08-10,50.0,0.5,21.4,14182500
2013-08-11,51.8,0.0,20.2,14182500
2013-08-12,51.0,0.0,19.4,14182500
2013-08-13,48.4,0.0,19.7,14182500
2013-08-14,46.2,0.2,21.7,14182500
2013-08-15,45.1,0.0,21.9,14182500
2013-08-16,44.6,0.0,21.6,14182500
2013-08-17,43.9,0.0,21.0,14182500
2013-08-18,42.6,0.0,20.5,14182500
2013-08-19,41.7,0.0,22.5,14182500
2013-08-20,40.6,0.0,20.8,14182500
2013-08-21,39.9,0.0,22.4,14182500
2013-08-22,39.5,0.0,24.7,14182500
2013-08-23,44.0,0.2,19.8,14182500
2013-08-24,43.9,0.0,19.1,14182500
2013-08-25,43.2,7.4,17.6,14182500
2013-08-26,46.2,0.0,17.5,14182500
2013-08-27,44.1,0.1,20.3,14182500
2013-08-28,41.1,0.5,21.0,14182500
2013-08-29,42.6,3.5,21.2,14182500
2013-08-30,51.2,0.2,20.6,14182500
2013-08-31,50.7,0.0,20.9,14182500
2013-09-01,43.0,0.0,20.8,14182500
2013-09-02,40.0,0.3,20.6,14182500
2013-09-03,39.5,1.6,19.9,14182500
2013-09-04,39.0,0.0,19.1,14182500
2013-09-05,46.0,5.1,18.0,14182500
2013-09-06,154.0,9.5,16.7,14182500
2013-09-07,106.0,0.0,18.0,14182500
2013-09-08,64.7,0.0,20.4,14182500
2013-09-09,53.8,0.0,21.3,14182500
2013-09-10,48.8,0.0,23.0,14182500
2013-09-11,44.7,0.0,23.9,14182500
2013-09-12,42.2,0.0,20.9,14182500
2013-09-13,41.2,0.0,20.4,14182500
2013-09-14,40.7,0.0,20.4,14182500
2013-09-15,40.2,0.0,19.1,14182500
2013-09-16,40.8,0.0,17.6,14182500
2013-09-17,43.6,0.0,17.3,14182500
2013-09-18,45.7,0.0,16.2,14182500
2013-09-19,45.8,0.0,16.8,14182500
2013-09-20,42.1,0.1,17.1,14182500
2013-09-21,41.4,8.2,15.3,14182500
2013-09-22,52.8,6.9,14.0,14182500
2013-09-23,216.0,3.2,13.8,14182500
2013-09-24,314.0,8.3,13.5,14182500
2013-09-25,610.0,4.3,10.8,14182500
2013-09-26,339.0,0.4,11.8,14182500
2013-09-27,227.0,4.8,11.2,14182500
2013-09-28,1310.0,19.2,13.3,14182500
2013-09-29,3440.0,44.8,12.5,14182500
2013-09-30,4040.0,20.1,12.5,14182500
2013-10-01,2710.0,3.4,11.2,14182500
2013-10-02,1720.0,3.3,8.8,14182500
2013-10-03,1110.0,1.6,8.6,14182500
2013-10-04,770.0,0.0,9.3,14182500
2013-10-05,579.0,0.0,11.2,14182500
2013-10-06,458.0,0.0,12.6,14182500
2013-10-07,429.0,3.4,13.3,14182500
2013-10-08,680.0,5.4,10.1,14182500
2013-10-09,904.0,0.5,7.4,14182500
2013-10-10,628.0,0.0,10.0,14182500
2013-10-11,488.0,0.1,11.1,14182500
2013-10-12,405.0,0.0,10.1,14182500
2013-10-13,348.0,0.0,9.0,14182500
2013-10-14,305.0,0.0,10.0,14182500
2013-10-15,270.0,0.0,10.0,14182500
2013-10-16,244.0,0.0,11.0,14182500
2013-10-17,222.0,0.0,11.1,14182500
2013-10-18,203.0,0.0,10.6,14182500
2013-10-19,188.0,0.0,12.1,14182500
2013-10-20,175.0,0.0,11.7,14182500
2013-10-21,164.0,0.0,12.0,14182500
2013-10-22,153.0,0.0,12.5,14182500
2013-10-23,145.0,0.0,12.0,14182500
2013-10-24,138.0,0.0,12.7,14182500
2013-10-25,131.0,0.0,12.1,14182500
2013-10-26,125.0,0.0,10.1,14182500
2013-10-27,133.0,3.7,7.9,14182500
2013-10-28,133.0,0.0,8.7,14182500
2013-10-29,119.0,0.0,6.7,14182500
2013-10-30,113.0,0.0,6.1,14182500
2013-10-31,110.0,0.3,10.6,14182500
2013-11-01,111.0,0.0,9.4,14182500
2013-11-02,251.0,8.1,10.8,14182500
2013-11-03,452.0,2.0,7.5,14182500
2013-11-04,457.0,4.2,7.4,14182500
2013-11-05,759.0,7.9,9.1,14182500
2013-11-06,1060.0,1.5,11.8,14182500
2013-11-07,1220.0,13.5,11.7,14182500
2013-11-08,1220.0,1.4,9.4,14182500
2013-11-09,873.0,0.0,7.1,14182500
2013-11-10,646.0,0.0,8.7,14182500
2013-11-11,509.0,0.0,8.6,14182500
2013-11-12,438.0,3.5,9.5,14182500
2013-11-13,379.0,0.0,10.7,14182500
2013-11-14,338.0,0.2,7.7,14182500
2013-11-15,323.0,0.4,6.1,14182500
2013-11-16,850.0,7.1,7.9,14182500
2013-11-17,827.0,1.8,8.3,14182500
2013-11-18,819.0,1.8,10.8,14182500
2013-11-19,2490.0,27.8,9.7,14182500
2013-11-20,1850.0,0.0,4.8,14182500
2013-11-21,1010.0,0.0,2.2,14182500
2013-11-22,718.0,0.0,0.8,14182500
2013-11-23,575.0,0.0,1.1,14182500
2013-11-24,481.0,0.0,2.4,14182500
2013-11-25,411.0,0.0,1.7,14182500
2013-11-26,361.0,0.0,1.9,14182500
2013-11-27,325.0,0.0,3.3,14182500
2013-11-28,294.0,0.0,2.9,14182500
2013-11-29,268.0,0.0,1.5,14182500
2013-11-30,248.0,0.3,3.4,14182500
2013-12-01,1220.0,5.0,9.5,14182500
2013-12-02,6450.0,17.2,8.3,14182500
2013-12-03,2020.0,0.0,2.9,14182500
2013-12-04,1150.0,0.0,-0.8,14182500
2013-12-05,836.0,0.0,-3.0,14182500
2013-12-06,672.0,3.5,-2.6,14182500
2013-12-07,554.0,0.0,-3.5,14182500
2013-12-08,472.0,0.0,-6.2,14182500
2013-12-09,418.0,0.0,-4.4,14182500
2013-12-10,380.0,0.0,-0.4,14182500
2013-12-11,345.0,0.0,-0.7,14182500
2013-12-12,325.0,0.4,-0.0,14182500
2013-12-13,349.0,3.0,4.0,14182500
2013-12-14,326.0,0.0,2.0,14182500
2013-12-15,307.0,0.0,2.7,14182500
2013-12-16,295.0,0.0,3.7,14182500
2013-12-17,282.0,0.0,3.5,14182500
2013-12-18,268.0,0.0,2.5,14182500
2013-12-19,255.0,1.5,-0.2,14182500
2013-12-20,258.0,0.8,0.6,14182500
2013-12-21,653.0,3.9,6.5,14182500
2013-12-22,802.0,1.4,6.8,14182500
2013-12-23,768.0,2.3,7.4,14182500
2013-12-24,884.0,0.9,4.2,14182500
2013-12-25,707.0,0.0,2.2,14182500
2013-12-26,581.0,0.0,2.8,14182500
2013-12-27,494.0,0.0,1.6,14182500
2013-12-28,428.0,0.0,3.3,14182500
2013-12-29,379.0,0.0,2.0,14182500
2013-12-30,345.0,0.0,2.9,14182500
2013-12-31,316.0,0.2,3.4,14182500
2014-01-01,291.0,0.0,3.9,14182500
2014-01-02,270.0,0.0,3.1,14182500
2014-01-03,287.0,1.9,5.5,14182500
2014-01-04,257.0,0.0,0.9,14182500
2014-01-05,239.0,0.0,0.5,14182500
2014-01-06,226.0,0.0,1.1,14182500
2014-01-07,223.0,3.3,4.7,14182500
2014-01-08,323.0,7.0,7.7,14182500
2014-01-09,1090.0,8.3,6.5,14182500
2014-01-10,1660.0,1.3,8.4,14182500
2014-01-11,1710.0,14.1,10.0,14182500
2014-01-12,2570.0,10.4,6.8,14182500
2014-01-13,2910.0,0.0,8.8,14182500
2014-01-14,1680.0,0.0,5.5,14182500
2014-01-15,1130.0,0.0,4.9,14182500
2014-01-16,900.0,0.0,2.7,14182500
2014-01-17,770.0,0.0,2.0,14182500
2014-01-18,681.0,0.0,2.5,14182500
2014-01-19,593.0,0.0,2.2,14182500
2014-01-20,516.0,0.0,2.8,14182500
2014-01-21,456.0,0.0,2.4,14182500
2014-01-22,407.0,0.0,2.8,14182500
2014-01-23,368.0,0.0,3.3,14182500
2014-01-24,334.0,0.0,3.5,14182500
2014-01-25,306.0,0.0,4.4,14182500
2014-01-26,284.0,0.0,3.1,14182500
2014-01-27,266.0,0.0,2.2,14182500
2014-01-28,262.0,6.9,3.6,14182500
2014-01-29,1790.0,13.8,8.8,14182500
2014-01-30,1530.0,0.4,6.4,14182500
2014-01-31,981.0,1.1,4.6,14182500
2014-02-01,777.0,0.0,4.7,14182500
2014-02-02,659.0,0.0,3.8,14182500
2014-02-03,579.0,0.4,2.2,14182500
2014-02-04,507.0,1.5,0.2,14182500
2014-02-05,442.0,0.0,-0.1,14182500
2014-02-06,399.0,6.0,-2.2,14182500
2014-02-07,388.0,12.3,-2.3,14182500
2014-02-08,391.0,19.0,0.5,14182500
2014-02-09,982.0,3.8,3.3,14182500
2014-02-10,1200.0,1.3,2.5,14182500
2014-02-11,3310.0,6.4,6.7,14182500
2014-02-12,9100.0,15.4,9.2,14182500
2014-02-13,5720.0,1.1,9.7,14182500
2014-02-14,5790.0,25.3,9.7,14182500
2014-02-15,4240.0,14.2,7.8,14182500
2014-02-16,3530.0,10.9,6.6,14182500
2014-02-17,2540.0,15.3,8.6,14182500
2014-02-18,3200.0,19.4,8.2,14182500
2014-02-19,3070.0,7.2,5.1,14182500
2014-02-20,2290.0,11.5,6.1,14182500
2014-02-21,1960.0,0.3,6.9,14182500
2014-02-22,1480.0,0.0,4.4,14182500
2014-02-23,1140.0,0.0,5.0,14182500
2014-02-24,1120.0,3.2,8.8,14182500
2014-02-25,1350.0,0.0,8.7,14182500
2014-02-26,1140.0,0.0,6.7,14182500
2014-02-27,1000.0,5.1,7.3,14182500
2014-02-28,950.0,0.0,9.1,14182500
2014-03-01,931.0,6.8,8.9,14182500
2014-03-02,1830.0,14.6,9.4,14182500
2014-03-03,3270.0,7.1,10.8,14182500
2014-03-04,2610.0,0.3,10.9,14182500
2014-03-05,3020.0,19.2,11.9,14182500
2014-03-06,3570.0,21.1,10.8,14182500
2014-03-07,3040.0,0.5,10.4,14182500
2014-03-08,2020.0,0.5,9.1,14182500
2014-03-09,5480.0,20.3,11.8,14182500
2014-03-10,4030.0,7.2,9.4,14182500
2014-03-11,2620.0,0.0,6.7,14182500
2014-03-12,1680.0,0.0,7.3,14182500
2014-03-13,1200.0,0.0,9.1,14182500
2014-03-14,1100.0,5.0,10.5,14182500
2014-03-15,1060.0,0.0,9.0,14182500
2014-03-16,871.0,0.0,11.8,14182500
2014-03-17,1000.0,14.3,6.9,14182500
2014-03-18,870.0,0.0,6.5,14182500
2014-03-19,789.0,0.1,6.9,14182500
2014-03-20,714.0,1.8,5.7,14182500
2014-03-21,628.0,0.0,5.5,14182500
2014-03-22,555.0,0.0,5.9,14182500
2014-03-23,494.0,0.0,7.4,14182500
2014-03-24,445.0,0.0,9.2,14182500
2014-03-25,425.0,8.1,10.8,14182500
2014-03-26,492.0,5.3,8.3,14182500
2014-03-27,916.0,9.9,8.0,14182500
2014-03-28,2770.0,26.2,9.0,14182500
2014-03-29,3470.0,11.0,9.1,14182500
2014-03-30,2430.0,4.8,7.6,14182500
2014-03-31,1690.0,0.8,6.9,14182500
2014-04-01,1260.0,9.7,7.6,14182500
2014-04-02,1020.0,0.0,8.2,14182500
2014-04-03,856.0,0.3,8.8,14182500
2014-04-04,920.0,8.8,8.7,14182500
2014-04-05,1090.0,6.8,9.3,14182500
2014-04-06,2280.0,5.0,11.1,14182500
2014-04-07,1750.0,0.0,12.4,14182500
2014-04-08,1250.0,0.0,13.3,14182500
2014-04-09,1010.0,1.5,12.2,14182500
2014-04-10,834.0,0.0,9.8,14182500
2014-04-11,682.0,0.0,10.4,14182500
2014-04-12,586.0,0.0,10.6,14182500
2014-04-13,512.0,0.0,11.2,14182500
2014-04-14,454.0,0.0,11.8,14182500
2014-04-15,411.0,0.0,10.0,14182500
2014-04-16,380.0,0.0,10.5,14182500
2014-04-17,385.0,9.2,10.7,14182500
2014-04-18,493.0,1.5,8.5,14182500
2014-04-19,425.0,3.8,8.8,14182500
2014-04-20,414.0,0.0,10.6,14182500
2014-04-21,377.0,0.5,11.6,14182500
2014-04-22,426.0,12.2,9.0,14182500
2014-04-23,809.0,16.8,8.2,14182500
2014-04-24,3880.0,24.9,10.7,14182500
2014-04-25,2260.0,2.9,8.5,14182500
2014-04-26,1340.0,1.5,7.3,14182500
2014-04-27,1240.0,12.6,8.2,14182500
2014-04-28,1240.0,2.2,8.7,14182500
2014-04-29,1000.0,0.0,12.6,14182500
2014-04-30,887.0,0.0,16.6,14182500
2014-05-01,808.0,0.0,17.9,14182500
2014-05-02,708.0,0.0,16.6,14182500
2014-05-03,622.0,0.1,13.2,14182500
2014-05-04,893.0,16.8,11.7,14182500
2014-05-05,1610.0,5.3,10.4,14182500
2014-05-06,1100.0,0.0,10.8,14182500
2014-05-07,839.0,0.0,10.2,14182500
2014-05-08,749.0,7.9,11.0,14182500
2014-05-09,2170.0,14.6,10.2,14182500
2014-05-10,2580.0,5.8,9.3,14182500
2014-05-11,1750.0,0.2,11.0,14182500
2014-05-12,1180.0,0.0,13.2,14182500
2014-05-13,897.0,0.0,15.5,14182500
2014-05-14,729.0,0.0,18.7,14182500
2014-05-15,624.0,0.0,19.9,14182500
2014-05-16,543.0,0.0,15.3,14182500
2014-05-17,473.0,0.0,14.1,14182500
2014-05-18,508.0,7.3,13.1,14182500
2014-05-19,661.0,5.6,12.7,14182500
2014-05-20,571.0,0.0,14.0,14182500
2014-05-21,480.0,0.0,14.2,14182500
2014-05-22,422.0,0.0,16.3,14182500
2014-05-23,384.0,1.4,17.3,14182500
2014-05-24,355.0,0.0,15.4,14182500
2014-05-25,323.0,0.0,15.1,14182500
2014-05-26,301.0,1.9,15.0,14182500
2014-05-27,281.0,0.0,12.8,14182500
2014-05-28,290.0,2.3,12.3,14182500
2014-05-29,293.0,3.2,12.3,14182500
2014-05-30,265.0,0.0,14.1,14182500
2014-05-31,245.0,0.0,15.6,14182500
2014-06-01,231.0,0.0,14.7,14182500
2014-06-02,218.0,0.0,16.1,14182500
2014-06-03,206.0,0.0,15.0,14182500
2014-06-04,196.0,0.0,14.2,14182500
2014-06-05,185.0,0.0,15.6,14182500
2014-06-06,176.0,0.0,16.2,14182500
2014-06-07,167.0,0.0,17.4,14182500
2014-06-08,160.0,0.0,17.9,14182500
2014-06-09,153.0,0.0,18.2,14182500
2014-06-10,147.0,0.0,16.0,14182500
2014-06-11,141.0,0.0,17.3,14182500
2014-06-12,138.0,0.0,15.9,14182500
2014-06-13,214.0,8.1,13.6,14182500
2014-06-14,242.0,0.1,13.4,14182500
2014-06-15,203.0,0.0,13.8,14182500
2014-06-16,229.0,2.5,11.9,14182500
2014-06-17,421.0,0.1,11.9,14182500
2014-06-18,368.0,0.0,14.5,14182500
2014-06-19,307.0,0.0,16.6,14182500
2014-06-20,269.0,2.3,16.3,14182500
2014-06-21,243.0,0.0,15.5,14182500
2014-06-22,215.0,0.0,17.4,14182500
2014-06-23,194.0,0.0,19.5,14182500
2014-06-24,180.0,0.1,17.7,14182500
2014-06-25,173.0,0.2,19.1,14182500
2014-06-26,205.0,8.7,16.0,14182500
2014-06-27,423.0,12.6,16.1,14182500
2014-06-28,676.0,0.1,16.5,14182500
2014-06-29,559.0,0.0,16.1,14182500
2014-06-30,413.0,0.0,18.0,14182500
2014-07-01,325.0,0.0,22.3,14182500
2014-07-02,274.0,0.0,21.2,14182500
2014-07-03,241.0,0.0,18.3,14182500
2014-07-04,216.0,0.0,18.7,14182500
2014-07-05,194.0,0.0,20.4,14182500
2014-07-06,175.0,0.0,22.2,14182500
2014-07-07,161.0,0.0,23.6,14182500
2014-07-08,150.0,0.0,24.0,14182500
2014-07-09,140.0,0.0,22.7,14182500
2014-07-10,131.0,0.0,20.7,14182500
2014-07-11,122.0,0.0,22.9,14182500
2014-07-12,117.0,0.0,23.7,14182500
2014-07-13,112.0,0.0,23.2,14182500
2014-07-14,114.0,0.0,21.1,14182500
2014-07-15,105.0,0.0,23.8,14182500
2014-07-16,97.6,0.0,25.1,14182500
2014-07-17,92.7,0.0,22.0,14182500
2014-07-18,88.8,0.0,19.8,14182500
2014-07-19,86.2,0.0,22.3,14182500
2014-07-20,82.9,0.1,21.2,14182500
2014-07-21,83.2,0.0,19.0,14182500
2014-07-22,84.1,1.5,20.4,14182500
2014-07-23,90.5,8.1,17.7,14182500
2014-07-24,105.0,1.4,16.0,14182500
2014-07-25,89.4,0.0,17.7,14182500
2014-07-26,79.7,0.0,19.7,14182500
2014-07-27,74.4,0.0,21.6,14182500
2014-07-28,72.2,0.0,23.7,14182500
2014-07-29,69.3,0.0,24.3,14182500
2014-07-30,65.1,0.0,23.3,14182500
2014-07-31,62.6,0.0,24.5,14182500
2014-08-01,62.0,0.0,25.3,14182500
2014-08-02,59.7,0.0,24.5,14182500
2014-08-03,57.7,0.0,23.5,14182500
2014-08-04,55.8,0.0,25.4,14182500
2014-08-05,54.7,0.0,22.7,14182500
2014-08-06,53.1,0.0,21.4,14182500
2014-08-07,51.9,0.0,21.3,14182500
2014-08-08,50.1,0.0,20.0,14182500
2014-08-09,48.4,0.0,20.6,14182500
2014-08-10,47.5,0.0,23.8,14182500
2014-08-11,46.4,0.0,28.9,14182500
2014-08-12,46.0,2.4,24.1,14182500
2014-08-13,46.3,0.0,19.3,14182500
2014-08-14,46.2,0.3,20.1,14182500
2014-08-15,46.1,0.0,20.6,14182500
2014-08-16,44.6,0.0,21.5,14182500
2014-08-17,43.0,0.0,23.9,14182500
2014-08-18,40.8,0.0,23.7,14182500
2014-08-19,39.6,0.0,24.0,14182500
2014-08-20,38.8,0.0,20.2,14182500
2014-08-21,38.7,0.0,18.6,14182500
2014-08-22,37.9,0.0,20.3,14182500
2014-08-23,37.3,0.0,21.1,14182500
2014-08-24,36.7,0.0,22.2,14182500
2014-08-25,35.7,0.0,22.1,14182500
2014-08-26,35.0,0.0,24.9,14182500
2014-08-27,34.2,0.0,24.2,14182500
2014-08-28,33.6,0.0,22.8,14182500
2014-08-29,33.2,0.0,20.9,14182500
2014-08-30,37.7,0.8,18.9,14182500
2014-08-31,47.5,0.0,17.8,14182500
2014-09-01,42.9,0.0,18.9,14182500
2014-09-02,37.5,0.0,20.2,14182500
2014-09-03,35.7,0.0,17.5,14182500
2014-09-04,34.7,0.0,18.9,14182500
2014-09-05,32.8,0.0,22.7,14182500
2014-09-06,30.9,0.0,23.9,14182500
2014-09-07,30.1,0.0,21.6,14182500
2014-09-08,30.3,0.0,20.1,14182500
2014-09-09,29.9,0.0,18.8,14182500
2014-09-10,30.0,0.0,18.0,14182500
2014-09-11,29.5,0.0,20.7,14182500
2014-09-12,27.9,0.0,19.9,14182500
2014-09-13,27.8,0.0,21.4,14182500
2014-09-14,28.2,0.0,21.7,14182500
2014-09-15,26.9,0.0,22.7,14182500
2014-09-16,26.7,0.0,19.7,14182500
2014-09-17,26.8,0.0,19.7,14182500
2014-09-18,27.7,1.9,17.9,14182500
2014-09-19,28.3,0.0,19.6,14182500
2014-09-20,28.3,0.0,21.8,14182500
2014-09-21,27.3,0.0,22.9,14182500
2014-09-22,26.4,0.0,18.4,14182500
2014-09-23,26.9,0.0,18.9,14182500
2014-09-24,51.5,27.4,17.2,14182500
2014-09-25,61.0,1.1,16.2,14182500
2014-09-26,47.2,1.0,16.4,14182500
2014-09-27,39.9,0.0,15.7,14182500
2014-09-28,35.6,0.0,16.1,14182500
2014-09-29,34.0,0.2,15.7,14182500
2014-09-30,38.9,0.8,13.7,14182500
2014-10-01,39.6,0.0,14.2,14182500
2014-10-02,37.7,0.0,13.6,14182500
2014-10-03,34.1,0.0,15.7,14182500
2014-10-04,32.3,0.0,18.3,14182500
2014-10-05,31.0,0.0,19.0,14182500
2014-10-06,30.2,0.0,20.3,14182500
2014-10-07,29.7,0.0,20.0,14182500
2014-10-08,29.3,0.0,19.0,14182500
2014-10-09,28.6,0.0,17.4,14182500
2014-10-10,28.3,0.0,16.1,14182500
2014-10-11,30.5,2.0,17.2,14182500
2014-10-12,34.9,0.0,14.2,14182500
2014-10-13,32.9,0.0,14.3,14182500
2014-10-14,44.7,18.0,15.2,14182500
2014-10-15,96.2,8.5,12.7,14182500
2014-10-16,114.0,0.2,13.7,14182500
2014-10-17,73.7,2.9,14.3,14182500
2014-10-18,102.0,8.8,15.8,14182500
2014-10-19,108.0,0.0,16.2,14182500
2014-10-20,90.6,11.2,15.8,14182500
2014-10-21,168.0,4.4,12.8,14182500
2014-10-22,646.0,25.7,13.7,14182500
2014-10-23,1830.0,26.2,13.4,14182500
2014-10-24,800.0,2.1,11.7,14182500
2014-10-25,450.0,2.9,11.0,14182500
2014-10-26,960.0,11.1,10.9,14182500
2014-10-27,1280.0,1.8,10.3,14182500
2014-10-28,670.0,5.3,12.8,14182500
2014-10-29,860.0,1.4,13.9,14182500
2014-10-30,604.0,1.6,13.8,14182500
2014-10-31,1570.0,27.2,12.8,14182500
2014-11-01,1010.0,0.0,9.0,14182500
2014-11-02,656.0,0.8,8.8,14182500
2014-11-03,923.0,10.9,10.7,14182500
2014-11-04,1720.0,11.7,12.4,14182500
2014-11-05,1540.0,0.1,14.0,14182500
2014-11-06,913.0,2.8,13.6,14182500
2014-11-07,692.0,0.3,10.6,14182500
2014-11-08,541.0,0.0,8.4,14182500
2014-11-09,462.0,1.9,9.2,14182500
2014-11-10,413.0,0.0,8.6,14182500
2014-11-11,351.0,0.0,6.9,14182500
2014-11-12,306.0,0.0,3.2,14182500
2014-11-13,643.0,17.6,2.6,14182500
2014-11-14,1650.0,12.5,2.0,14182500
2014-11-15,908.0,0.0,0.5,14182500
2014-11-16,643.0,0.0,-0.2,14182500
2014-11-17,512.0,0.0,0.2,14182500
2014-11-18,428.0,0.0,0.6,14182500
2014-11-19,370.0,0.0,2.2,14182500
2014-11-20,492.0,5.8,8.4,14182500
2014-11-21,986.0,8.3,8.7,14182500
2014-11-22,4290.0,25.0,9.8,14182500
2014-11-23,2270.0,1.4,8.3,14182500
2014-11-24,2010.0,2.3,9.7,14182500
2014-11-25,2250.0,1.4,12.4,14182500
2014-11-26,2230.0,0.0,11.6,14182500
2014-11-27,1470.0,6.0,12.4,14182500
2014-11-28,4290.0,12.1,11.3,14182500
2014-11-29,4320.0,10.4,6.7,14182500
2014-11-30,2070.0,0.0,1.5,14182500
2014-12-01,1340.0,1.5,2.2,14182500
2014-12-02,1080.0,0.0,4.6,14182500
2014-12-03,906.0,0.0,4.6,14182500
2014-12-04,1070.0,14.6,7.2,14182500
2014-12-05,1830.0,7.8,10.0,14182500
2014-12-06,1510.0,12.4,10.0,14182500
2014-12-07,1240.0,0.0,7.5,14182500
2014-12-08,947.0,0.1,8.9,14182500
2014-12-09,798.0,6.6,13.5,14182500
2014-12-10,814.0,16.9,12.3,14182500
2014-12-11,1130.0,14.0,10.0,14182500
2014-12-12,882.0,1.5,9.4,14182500
2014-12-13,728.0,0.2,5.9,14182500
2014-12-14,619.0,0.0,4.4,14182500
2014-12-15,540.0,1.5,5.6,14182500
2014-12-16,483.0,0.5,7.2,14182500
2014-12-17,437.0,3.3,6.8,14182500
2014-12-18,421.0,0.8,8.5,14182500
2014-12-19,536.0,15.4,9.2,14182500
2014-12-20,4080.0,39.2,9.0,14182500
2014-12-21,11200.0,17.0,12.1,14182500
2014-12-22,5460.0,5.2,11.0,14182500
2014-12-23,2540.0,0.1,9.8,14182500
2014-12-24,2430.0,23.0,7.9,14182500
2014-12-25,2080.0,0.4,4.8,14182500
2014-12-26,1500.0,0.1,5.6,14182500
2014-12-27,1210.0,2.6,6.2,14182500
2014-12-28,1450.0,6.3,6.0,14182500
2014-12-29,1330.0,1.8,4.1,14182500
2014-12-30,1010.0,0.0,-1.1,14182500
2014-12-31,815.0,0.0,-3.0,14182500
2015-01-01,685.0,0.0,-1.7,14182500
2015-01-02,591.0,0.0,0.7,14182500
2015-01-03,528.0,0.0,2.6,14182500
2015-01-04,531.0,3.5,5.3,14182500
2015-01-05,817.0,1.7,9.6,14182500
2015-01-06,872.0,0.0,8.2,14182500
2015-01-07,825.0,0.0,6.9,14182500
2015-01-08,757.0,0.0,5.8,14182500
2015-01-09,654.0,0.0,5.1,14182500
2015-01-10,554.0,0.2,4.2,14182500
2015-01-11,487.0,1.3,6.9,14182500
2015-01-12,437.0,2.5,7.1,14182500
2015-01-13,395.0,0.0,7.1,14182500
2015-01-14,358.0,0.0,4.2,14182500
2015-01-15,331.0,0.0,3.3,14182500
2015-01-16,734.0,14.5,8.7,14182500
2015-01-17,1940.0,22.3,8.1,14182500
2015-01-18,3480.0,15.5,11.4,14182500
2015-01-19,1910.0,2.1,7.6,14182500
2015-01-20,1250.0,0.0,5.2,14182500
2015-01-21,907.0,0.0,3.7,14182500
2015-01-22,716.0,0.0,6.3,14182500
2015-01-23,597.0,1.5,7.2,14182500
2015-01-24,518.0,0.0,9.3,14182500
2015-01-25,456.0,0.0,9.9,14182500
2015-01-26,404.0,0.0,8.8,14182500
2015-01-27,363.0,0.0,8.3,14182500
2015-01-28,332.0,0.7,9.1,14182500
2015-01-29,305.0,0.0,8.5,14182500
2015-01-30,283.0,0.0,6.6,14182500
2015-01-31,264.0,0.0,6.2,14182500
2015-02-01,257.0,1.7,6.2,14182500
2015-02-02,337.0,7.6,10.0,14182500
2015-02-03,403.0,5.3,8.5,14182500
2015-02-04,405.0,5.2,9.1,14182500
2015-02-05,385.0,2.6,11.3,14182500
2015-02-06,503.0,29.3,12.2,14182500
2015-02-07,1340.0,21.0,11.6,14182500
2015-02-08,1440.0,9.0,10.8,14182500
2015-02-09,1230.0,28.1,9.5,14182500
2015-02-10,3680.0,16.9,9.8,14182500
2015-02-11,1770.0,0.0,8.7,14182500
2015-02-12,1060.0,0.0,9.0,14182500
2015-02-13,781.0,0.0,8.9,14182500
2015-02-14,624.0,0.0,8.5,14182500
2015-02-15,524.0,0.0,8.2,14182500
2015-02-16,451.0,0.0,8.4,14182500
2015-02-17,395.0,0.0,8.1,14182500
2015-02-18,355.0,0.0,8.6,14182500
2015-02-19,323.0,0.0,8.3,14182500
2015-02-20,298.0,0.1,9.3,14182500
2015-02-21,276.0,0.0,7.7,14182500
2015-02-22,254.0,0.0,7.3,14182500
2015-02-23,237.0,0.0,4.7,14182500
2015-02-24,223.0,0.0,5.9,14182500
2015-02-25,211.0,0.2,7.4,14182500
2015-02-26,221.0,1.7,8.5,14182500
2015-02-27,291.0,12.2,8.8,14182500
2015-02-28,301.0,0.3,6.9,14182500
2015-03-01,258.0,0.0,4.9,14182500
2015-03-02,237.0,0.5,7.2,14182500
2015-03-03,220.0,0.0,5.7,14182500
2015-03-04,207.0,0.0,5.0,14182500
2015-03-05,196.0,0.0,7.1,14182500
2015-03-06,186.0,0.0,8.3,14182500
2015-03-07,177.0,0.0,10.1,14182500
2015-03-08,170.0,0.0,10.1,14182500
2015-03-09,162.0,0.0,9.7,14182500
2015-03-10,156.0,0.0,10.5,14182500
2015-03-11,154.0,3.6,12.5,14182500
2015-03-12,178.0,5.3,12.8,14182500
2015-03-13,163.0,0.0,12.4,14182500
2015-03-14,403.0,19.9,12.9,14182500
2015-03-15,2150.0,29.2,12.3,14182500
2015-03-16,1490.0,0.3,9.2,14182500
2015-03-17,907.0,0.0,9.1,14182500
2015-03-18,718.0,0.0,10.1,14182500
2015-03-19,573.0,0.0,10.0,14182500
2015-03-20,484.0,0.0,11.7,14182500
2015-03-21,555.0,12.5,11.2,14182500
2015-03-22,529.0,0.6,9.4,14182500
2015-03-23,626.0,8.4,8.2,14182500
2015-03-24,1190.0,17.8,8.7,14182500
2015-03-25,1150.0,2.3,11.7,14182500
2015-03-26,1050.0,0.0,12.3,14182500
2015-03-27,797.0,0.0,12.7,14182500
2015-03-28,927.0,3.0,11.2,14182500
2015-03-29,812.0,0.0,11.5,14182500
2015-03-30,652.0,0.0,11.9,14182500
2015-03-31,743.0,7.5,10.6,14182500
2015-04-01,945.0,6.0,7.1,14182500
2015-04-02,865.0,2.7,7.0,14182500
2015-04-03,738.0,4.8,6.9,14182500
2015-04-04,671.0,0.9,6.1,14182500
2015-04-05,599.0,0.2,7.4,14182500
2015-04-06,567.0,2.1,7.3,14182500
2015-04-07,526.0,0.9,8.3,14182500
2015-04-08,532.0,4.5,9.1,14182500
2015-04-09,551.0,0.6,9.0,14182500
2015-04-10,507.0,0.0,9.8,14182500
2015-04-11,661.0,9.6,9.7,14182500
2015-04-12,769.0,0.0,7.7,14182500
2015-04-13,662.0,2.2,8.8,14182500
2015-04-14,697.0,7.4,6.1,14182500
2015-04-15,704.0,2.0,6.4,14182500
2015-04-16,671.0,0.0,9.2,14182500
2015-04-17,666.0,0.0,12.7,14182500
2015-04-18,623.0,0.0,12.6,14182500
2015-04-19,551.0,0.0,14.4,14182500
2015-04-20,491.0,0.0,15.2,14182500
2015-04-21,436.0,0.1,13.4,14182500
2015-04-22,387.0,0.0,9.6,14182500
2015-04-23,352.0,0.8,8.2,14182500
2015-04-24,342.0,3.3,8.1,14182500
2015-04-25,405.0,4.9,9.0,14182500
2015-04-26,398.0,2.7,8.8,14182500
2015-04-27,358.0,0.0,13.8,14182500
2015-04-28,330.0,0.2,15.2,14182500
2015-04-29,309.0,0.7,10.9,14182500
2015-04-30,285.0,0.0,10.9,14182500
2015-05-01,264.0,0.0,13.4,14182500
2015-05-02,244.0,0.0,12.9,14182500
2015-05-03,228.0,0.0,12.9,14182500
2015-05-04,215.0,0.0,12.5,14182500
2015-05-05,203.0,0.7,11.5,14182500
2015-05-06,193.0,0.4,10.7,14182500
2015-05-07,183.0,0.0,11.5,14182500
2015-05-08,173.0,0.0,14.4,14182500
2015-05-09,163.0,0.0,17.2,14182500
2015-05-10,154.0,0.0,16.1,14182500
2015-05-11,151.0,0.0,12.9,14182500
2015-05-12,170.0,3.6,10.5,14182500
2015-05-13,180.0,2.8,10.3,14182500
2015-05-14,162.0,0.0,12.0,14182500
2015-05-15,157.0,0.0,12.7,14182500
2015-05-16,156.0,0.0,12.8,14182500
2015-05-17,163.0,0.0,13.0,14182500
2015-05-18,159.0,0.0,14.6,14182500
2015-05-19,197.0,0.0,14.3,14182500
2015-05-20,180.0,0.1,15.7,14182500
2015-05-21,169.0,4.3,16.3,14182500
2015-05-22,201.0,1.1,14.3,14182500
2015-05-23,204.0,1.4,13.5,14182500
2015-05-24,199.0,0.0,14.2,14182500
2015-05-25,189.0,0.0,14.3,14182500
2015-05-26,173.0,0.0,14.0,14182500
2015-05-27,160.0,0.0,15.8,14182500
2015-05-28,150.0,0.0,18.7,14182500
2015-05-29,141.0,0.0,19.1,14182500
2015-05-30,132.0,0.0,18.4,14182500
2015-05-31,124.0,0.0,19.3,14182500
2015-06-01,121.0,5.4,16.7,14182500
2015-06-02,133.0,4.4,12.9,14182500
2015-06-03,136.0,0.3,13.7,14182500
2015-06-04,126.0,0.0,15.0,14182500
2015-06-05,117.0,0.0,18.0,14182500
2015-06-06,109.0,0.0,21.6,14182500
2015-06-07,102.0,0.0,22.8,14182500
2015-06-08,97.2,0.0,24.6,14182500
2015-06-09,92.7,0.0,24.8,14182500
2015-06-10,88.4,0.0,20.1,14182500
2015-06-11,84.9,0.0,18.3,14182500
2015-06-12,80.4,0.0,17.9,14182500
2015-06-13,77.9,0.0,16.4,14182500
2015-06-14,75.5,0.0,18.1,14182500
2015-06-15,73.5,0.0,20.8,14182500
2015-06-16,71.3,0.0,18.1,14182500
2015-06-17,69.3,0.0,18.7,14182500
2015-06-18,65.7,0.0,21.0,14182500
2015-06-19,63.9,0.0,17.6,14182500
2015-06-20,62.9,0.0,19.3,14182500
2015-06-21,60.8,0.0,21.5,14182500
2015-06-22,59.3,0.0,18.2,14182500
2015-06-23,57.4,0.0,19.3,14182500
2015-06-24,55.3,0.0,21.6,14182500
2015-06-25,53.8,0.0,23.2,14182500
2015-06-26,52.1,0.0,26.1,14182500
2015-06-27,50.7,0.0,28.6,14182500
2015-06-28,49.9,0.0,26.2,14182500
2015-06-29,49.0,0.0,23.5,14182500
2015-06-30,47.1,0.0,23.4,14182500
2015-07-01,45.2,0.0,25.7,14182500
2015-07-02,43.8,0.0,27.4,14182500
2015-07-03,42.4,0.0,26.9,14182500
2015-07-04,41.1,0.0,24.9,14182500
2015-07-05,39.5,0.0,25.4,14182500
2015-07-06,38.6,0.0,23.6,14182500
2015-07-07,37.9,0.0,21.6,14182500
2015-07-08,37.6,0.0,22.0,14182500
2015-07-09,37.0,0.0,21.9,14182500
2015-07-10,37.5,2.5,19.6,14182500
2015-07-11,38.4,0.0,18.9,14182500
2015-07-12,38.2,0.0,19.7,14182500
2015-07-13,36.6,0.0,20.5,14182500
2015-07-14,35.6,0.0,21.5,14182500
2015-07-15,34.3,0.0,20.6,14182500
2015-07-16,33.1,0.0,20.1,14182500
2015-07-17,32.2,0.0,19.8,14182500
2015-07-18,31.7,0.0,25.6,14182500
2015-07-19,30.7,0.0,26.5,14182500
2015-07-20,30.0,0.0,22.9,14182500
2015-07-21,29.5,0.0,21.6,14182500
2015-07-22,29.3,0.0,18.3,14182500
2015-07-23,29.1,0.0,19.2,14182500
2015-07-24,28.8,0.0,19.7,14182500
2015-07-25,28.8,1.0,19.1,14182500
2015-07-26,30.2,0.0,17.9,14182500
2015-07-27,30.5,0.0,18.2,14182500
2015-07-28,30.3,0.0,20.2,14182500
2015-07-29,28.5,0.0,25.2,14182500
2015-07-30,27.2,0.0,28.5,14182500
2015-07-31,26.0,0.0,29.1,14182500
2015-08-01,24.9,0.0,28.0,14182500
2015-08-02,24.3,0.0,26.5,14182500
2015-08-03,25.1,0.4,24.7,14182500
2015-08-04,25.1,0.0,22.4,14182500
2015-08-05,24.2,0.0,19.7,14182500
2015-08-06,23.7,0.0,19.4,14182500
2015-08-07,23.6,0.0,21.4,14182500
2015-08-08,23.4,0.0,20.8,14182500
2015-08-09,23.4,0.0,20.9,14182500
2015-08-10,23.2,0.0,21.5,14182500
2015-08-11,23.0,0.0,21.4,14182500
2015-08-12,23.0,0.0,23.0,14182500
2015-08-13,22.5,0.0,22.2,14182500
2015-08-14,22.3,0.4,19.6,14182500
2015-08-15,23.4,0.3,18.8,14182500
2015-08-16,23.5,0.0,20.0,14182500
2015-08-17,23.1,0.0,22.1,14182500
2015-08-18,22.4,0.0,24.9,14182500
2015-08-19,21.6,0.0,27.2,14182500
2015-08-20,20.8,0.0,22.3,14182500
2015-08-21,20.3,0.0,18.8,14182500
2015-08-22,20.4,0.0,20.6,14182500
2015-08-23,20.2,0.0,24.2,14182500
2015-08-24,19.9,0.0,21.1,14182500
2015-08-25,19.7,0.0,20.1,14182500
2015-08-26,19.6,0.0,21.7,14182500
2015-08-27,19.5,0.0,21.2,14182500
2015-08-28,19.3,0.8,22.1,14182500
2015-08-29,24.4,5.8,21.7,14182500
2015-08-30,37.4,8.2,17.3,14182500
2015-08-31,60.6,0.0,17.5,14182500
2015-09-01,37.7,0.0,17.9,14182500
2015-09-02,33.3,1.1,17.3,14182500
2015-09-03,42.4,0.1,15.0,14182500
2015-09-04,38.6,0.0,14.4,14182500
2015-09-05,33.5,1.6,13.1,14182500
2015-09-06,32.0,0.0,13.8,14182500
2015-09-07,30.6,0.0,15.1,14182500
2015-09-08,29.2,0.0,17.9,14182500
2015-09-09,28.1,0.0,20.1,14182500
2015-09-10,27.0,0.0,20.6,14182500
2015-09-11,26.2,0.0,22.6,14182500
2015-09-12,25.4,0.0,23.2,14182500
2015-09-13,24.5,0.0,20.6,14182500
2015-09-14,23.7,1.1,15.5,14182500
2015-09-15,23.6,0.0,13.1,14182500
2015-09-16,24.6,0.6,15.1,14182500
2015-09-17,63.7,10.7,15.6,14182500
2015-09-18,135.0,0.1,16.4,14182500
2015-09-19,61.8,0.0,16.8,14182500
2015-09-20,45.8,0.0,18.9,14182500
2015-09-21,39.2,1.4,17.3,14182500
2015-09-22,36.1,0.0,14.7,14182500
2015-09-23,34.2,0.0,15.0,14182500
2015-09-24,32.6,0.0,17.1,14182500
2015-09-25,31.6,0.1,16.8,14182500
2015-09-26,30.8,0.0,16.8,14182500
2015-09-27,30.3,0.0,14.1,14182500
2015-09-28,29.4,0.0,15.1,14182500
2015-09-29,28.4,0.0,17.3,14182500
2015-09-30,27.6,0.0,15.7,14182500
2015-10-01,27.1,0.0,16.1,14182500
2015-10-02,26.7,0.0,15.3,14182500
2015-10-03,27.2,0.5,14.6,14182500
2015-10-04,27.0,0.0,16.7,14182500
2015-10-05,26.3,0.0,17.9,14182500
2015-10-06,25.5,0.0,18.4,14182500
2015-10-07,25.2,0.0,17.5,14182500
2015-10-08,25.3,0.0,18.0,14182500
2015-10-09,25.0,0.0,17.5,14182500
2015-10-10,27.3,3.7,18.7,14182500
2015-10-11,45.3,3.3,15.4,14182500
2015-10-12,45.1,0.0,14.5,14182500
2015-10-13,34.4,0.0,15.6,14182500
2015-10-14,31.1,0.0,15.1,14182500
2015-10-15,29.9,0.0,15.3,14182500
2015-10-16,28.9,0.0,16.4,14182500
2015-10-17,28.6,3.2,16.2,14182500
2015-10-18,29.9,1.9,15.4,14182500
2015-10-19,31.6,2.7,14.2,14182500
2015-10-20,33.1,0.2,13.8,14182500
2015-10-21,32.6,0.0,13.1,14182500
2015-10-22,30.7,0.0,13.6,14182500
2015-10-23,29.3,0.0,11.0,14182500
2015-10-24,28.6,0.0,13.3,14182500
2015-10-25,29.1,8.7,11.5,14182500
2015-10-26,45.2,2.7,12.6,14182500
2015-10-27,64.9,0.0,10.8,14182500
2015-10-28,52.6,8.0,13.2,14182500
2015-10-29,175.0,2.5,13.4,14182500
2015-10-30,438.0,6.4,13.5,14182500
2015-10-31,3080.0,13.2,15.4,14182500
2015-11-01,3550.0,26.2,13.2,14182500
2015-11-02,1320.0,4.2,10.6,14182500
2015-11-03,789.0,2.6,8.9,14182500
2015-11-04,541.0,0.0,6.8,14182500
2015-11-05,402.0,2.6,8.5,14182500
2015-11-06,323.0,0.0,9.8,14182500
2015-11-07,291.0,5.6,9.5,14182500
2015-11-08,879.0,8.7,9.9,14182500
2015-11-09,898.0,1.2,7.9,14182500
2015-11-10,602.0,0.0,6.0,14182500
2015-11-11,570.0,5.9,8.7,14182500
2015-11-12,553.0,0.8,6.6,14182500
2015-11-13,1100.0,3.6,10.8,14182500
2015-11-14,1180.0,1.8,12.8,14182500
2015-11-15,833.0,13.4,9.5,14182500
2015-11-16,676.0,3.0,4.8,14182500
2015-11-17,4060.0,16.7,9.7,14182500
2015-11-18,4890.0,13.6,8.4,14182500
2015-11-19,3470.0,27.4,9.6,14182500
2015-11-20,2290.0,0.0,6.5,14182500
2015-11-21,1250.0,0.0,4.1,14182500
2015-11-22,855.0,0.0,3.2,14182500
2015-11-23,651.0,0.0,3.2,14182500
2015-11-24,660.0,13.9,4.6,14182500
2015-11-25,535.0,0.5,2.5,14182500
2015-11-26,451.0,0.0,1.4,14182500
2015-11-27,392.0,0.0,0.6,14182500
2015-11-28,344.0,0.0,0.2,14182500
2015-11-29,306.0,0.0,-0.1,14182500
2015-11-30,275.0,0.0,-0.8,14182500
2015-12-01,255.0,0.0,2.8,14182500
2015-12-02,459.0,12.7,5.1,14182500
2015-12-03,494.0,8.4,8.2,14182500
2015-12-04,1060.0,9.7,8.0,14182500
2015-12-05,976.0,1.0,7.7,14182500
2015-12-06,1070.0,13.6,9.8,14182500
2015-12-07,7420.0,53.7,11.2,14182500
2015-12-08,4890.0,10.2,13.7,14182500
2015-12-09,4780.0,26.5,12.2,14182500
2015-12-10,3250.0,20.7,8.7,14182500
2015-12-11,2560.0,10.2,6.4,14182500
2015-12-12,3380.0,16.9,6.8,14182500
2015-12-13,4170.0,24.4,6.5,14182500
2015-12-14,2360.0,5.1,3.9,14182500
2015-12-15,1510.0,0.0,3.0,14182500
2015-12-16,1160.0,1.5,5.0,14182500
2015-12-17,5170.0,34.3,7.6,14182500
2015-12-18,7480.0,30.0,9.2,14182500
2015-12-19,3060.0,2.0,5.8,14182500
2015-12-20,1950.0,9.2,5.9,14182500
2015-12-21,2190.0,24.0,6.4,14182500
2015-12-22,2690.0,4.9,5.7,14182500
2015-12-23,2040.0,11.6,4.6,14182500
2015-12-24,1530.0,6.6,3.2,14182500
2015-12-25,1150.0,0.8,2.3,14182500
2015-12-26,925.0,0.0,0.6,14182500
2015-12-27,791.0,5.4,2.2,14182500
2015-12-28,744.0,3.5,3.8,14182500
2015-12-29,673.0,1.1,3.3,14182500
2015-12-30,602.0,0.2,2.8,14182500
2015-12-31,534.0,0.0,-0.3,14182500
2016-01-01,480.0,0.0,-0.5,14182500
2016-01-02,435.0,0.0,-1.4,14182500
2016-01-03,404.0,3.2,-2.2,14182500
2016-01-04,400.0,2.1,1.2,14182500
2016-01-05,457.0,6.6,2.0,14182500
2016-01-06,504.0,0.0,1.4,14182500
2016-01-07,493.0,1.5,2.5,14182500
2016-01-08,477.0,0.0,3.4,14182500
2016-01-09,459.0,3.1,4.1,14182500
2016-01-10,450.0,0.0,3.2,14182500
2016-01-11,445.0,1.1,2.9,14182500
2016-01-12,714.0,7.7,6.7,14182500
2016-01-13,1630.0,33.7,8.3,14182500
2016-01-14,1540.0,4.4,4.7,14182500
2016-01-15,1130.0,1.6,6.6,14182500
2016-01-16,1560.0,10.7,8.1,14182500
2016-01-17,2340.0,19.2,7.4,14182500
2016-01-18,2270.0,1.1,7.9,14182500
2016-01-19,1800.0,24.8,7.7,14182500
2016-01-20,2080.0,6.0,7.3,14182500
2016-01-21,1640.0,0.0,10.1,14182500
2016-01-22,1740.0,12.5,10.5,14182500
2016-01-23,1560.0,13.8,7.5,14182500
2016-01-24,1510.0,3.4,6.6,14182500
2016-01-25,1200.0,0.4,8.2,14182500
2016-01-26,1020.0,0.0,10.7,14182500
2016-01-27,1090.0,1.0,10.2,14182500
2016-01-28,2310.0,23.2,12.1,14182500
2016-01-29,2500.0,9.8,8.3,14182500
2016-01-30,1900.0,4.7,5.3,14182500
2016-01-31,1360.0,0.6,2.9,14182500
2016-02-01,1070.0,0.0,4.0,14182500
2016-02-02,878.0,0.0,3.8,14182500
2016-02-03,768.0,4.1,5.9,14182500
2016-02-04,1590.0,19.2,7.7,14182500
2016-02-05,1620.0,0.0,6.8,14182500
2016-02-06,1580.0,5.7,7.6,14182500
2016-02-07,1220.0,0.0,9.4,14182500
2016-02-08,1150.0,0.0,9.4,14182500
2016-02-09,1170.0,0.0,8.9,14182500
2016-02-10,1040.0,0.0,9.3,14182500
2016-02-11,937.0,2.6,11.1,14182500
2016-02-12,1020.0,4.7,10.5,14182500
2016-02-13,1180.0,1.7,8.3,14182500
2016-02-14,2970.0,17.1,9.6,14182500
2016-02-15,2770.0,0.5,11.8,14182500
2016-02-16,1660.0,0.0,10.4,14182500
2016-02-17,1290.0,0.7,10.3,14182500
2016-02-18,1490.0,11.4,7.2,14182500
2016-02-19,1670.0,10.1,7.6,14182500
2016-02-20,1330.0,3.5,5.8,14182500
2016-02-21,1110.0,2.4,4.6,14182500
2016-02-22,953.0,2.5,5.1,14182500
2016-02-23,809.0,0.0,5.3,14182500
2016-02-24,692.0,0.0,7.9,14182500
2016-02-25,616.0,0.0,8.9,14182500
2016-02-26,585.0,0.4,9.5,14182500
2016-02-27,1280.0,7.1,10.6,14182500
2016-02-28,1220.0,4.0,9.5,14182500
2016-02-29,1020.0,0.1,8.3,14182500
2016-03-01,1120.0,7.5,9.3,14182500
2016-03-02,1220.0,0.5,9.7,14182500
2016-03-03,1080.0,11.6,11.6,14182500
2016-03-04,905.0,0.3,9.5,14182500
2016-03-05,878.0,8.8,12.4,14182500
2016-03-06,1370.0,12.5,9.8,14182500
2016-03-07,1180.0,11.1,7.4,14182500
2016-03-08,975.0,3.1,5.4,14182500
2016-03-09,1030.0,10.4,7.8,14182500
2016-03-10,1460.0,14.1,10.7,14182500
2016-03-11,1190.0,2.6,7.3,14182500
2016-03-12,1330.0,16.8,8.1,14182500
2016-03-13,1530.0,26.1,6.7,14182500
2016-03-14,1840.0,11.6,6.0,14182500
2016-03-15,1650.0,12.3,5.6,14182500
2016-03-16,1660.0,3.9,7.6,14182500
2016-03-17,1750.0,0.0,7.1,14182500
2016-03-18,1360.0,0.0,8.4,14182500
2016-03-19,1180.0,0.0,11.3,14182500
2016-03-20,1340.0,15.5,11.3,14182500
2016-03-21,1880.0,5.5,8.9,14182500
2016-03-22,1630.0,1.6,7.8,14182500
2016-03-23,1640.0,0.0,8.5,14182500
2016-03-24,1870.0,5.1,9.2,14182500
2016-03-25,1540.0,0.9,7.7,14182500
2016-03-26,1190.0,0.9,7.4,14182500
2016-03-27,1220.0,5.0,8.7,14182500
2016-03-28,1220.0,2.4,5.3,14182500
2016-03-29,1020.0,0.0,6.9,14182500
2016-03-30,882.0,0.0,10.1,14182500
2016-03-31,795.0,0.0,12.0,14182500
2016-04-01,778.0,0.0,12.9,14182500
2016-04-02,789.0,0.0,12.8,14182500
2016-04-03,744.0,0.0,12.5,14182500
2016-04-04,839.0,8.8,10.8,14182500
2016-04-05,808.0,0.1,9.0,14182500
2016-04-06,655.0,0.0,11.0,14182500
2016-04-07,614.0,0.0,15.2,14182500
2016-04-08,642.0,0.0,17.3,14182500
2016-04-09,611.0,0.0,14.8,14182500
2016-04-10,542.0,0.0,11.6,14182500
2016-04-11,466.0,0.0,10.5,14182500
2016-04-12,414.0,0.0,11.6,14182500
2016-04-13,415.0,4.1,10.1,14182500
2016-04-14,474.0,14.0,8.6,14182500
2016-04-15,792.0,2.1,8.7,14182500
2016-04-16,642.0,0.0,11.7,14182500
2016-04-17,557.0,0.0,14.3,14182500
2016-04-18,525.0,0.0,17.6,14182500
2016-04-19,502.0,0.0,18.1,14182500
2016-04-20,478.0,0.0,17.2,14182500
2016-04-21,436.0,0.0,14.9,14182500
2016-04-22,423.0,18.6,13.4,14182500
2016-04-23,398.0,0.7,12.1,14182500
2016-04-24,935.0,11.8,10.0,14182500
2016-04-25,928.0,2.1,8.5,14182500
2016-04-26,755.0,0.0,9.4,14182500
2016-04-27,621.0,0.3,10.0,14182500
2016-04-28,530.0,0.2,10.6,14182500
2016-04-29,471.0,1.3,10.8,14182500
2016-04-30,434.0,0.2,10.3,14182500
2016-05-01,394.0,0.0,14.6,14182500
2016-05-02,371.0,0.0,17.3,14182500
2016-05-03,350.0,0.0,16.1,14182500
2016-05-04,329.0,0.2,14.3,14182500
2016-05-05,307.0,0.0,14.2,14182500
2016-05-06,284.0,0.0,15.6,14182500
2016-05-07,269.0,0.0,19.3,14182500
2016-05-08,257.0,0.0,15.1,14182500
2016-05-09,239.0,0.0,11.9,14182500
2016-05-10,221.0,0.0,14.5,14182500
2016-05-11,205.0,0.0,17.6,14182500
2016-05-12,192.0,0.0,18.2,14182500
2016-05-13,183.0,0.0,18.2,14182500
2016-05-14,180.0,4.2,14.0,14182500
2016-05-15,205.0,5.5,12.0,14182500
2016-05-16,247.0,0.4,12.9,14182500
2016-05-17,215.0,0.0,14.0,14182500
2016-05-18,191.0,0.0,16.9,14182500
2016-05-19,189.0,0.7,12.3,14182500
2016-05-20,198.0,2.5,10.4,14182500
2016-05-21,243.0,0.1,12.1,14182500
2016-05-22,400.0,1.3,12.4,14182500
2016-05-23,510.0,0.4,13.0,14182500
2016-05-24,441.0,0.0,14.7,14182500
2016-05-25,354.0,0.0,14.1,14182500
2016-05-26,303.0,0.0,13.0,14182500
2016-05-27,270.0,0.5,12.6,14182500
2016-05-28,244.0,0.0,13.4,14182500
2016-05-29,221.0,0.0,15.3,14182500
2016-05-30,203.0,0.0,15.7,14182500
2016-05-31,188.0,0.0,19.3,14182500
2016-06-01,173.0,0.0,20.1,14182500
2016-06-02,167.0,1.3,17.7,14182500
2016-06-03,162.0,0.0,19.3,14182500
2016-06-04,148.0,0.0,25.4,14182500
2016-06-05,137.0,0.0,26.3,14182500
2016-06-06,130.0,0.0,24.2,14182500
2016-06-07,122.0,0.0,24.1,14182500
2016-06-08,116.0,0.0,20.4,14182500
2016-06-09,114.0,1.8,15.3,14182500
2016-06-10,118.0,3.1,13.9,14182500
2016-06-11,149.0,0.0,13.3,14182500
2016-06-12,139.0,0.0,15.7,14182500
2016-06-13,121.0,0.2,15.5,14182500
2016-06-14,161.0,1.5,12.0,14182500
2016-06-15,291.0,0.0,12.0,14182500
2016-06-16,281.0,0.2,13.1,14182500
2016-06-17,255.0,2.7,13.5,14182500
2016-06-18,276.0,3.2,14.7,14182500
2016-06-19,365.0,0.0,14.6,14182500
2016-06-20,283.0,0.0,18.8,14182500
2016-06-21,232.0,0.0,16.9,14182500
2016-06-22,200.0,0.0,17.9,14182500
2016-06-23,190.0,0.3,16.1,14182500
2016-06-24,433.0,0.0,14.7,14182500
2016-06-25,434.0,0.0,17.1,14182500
2016-06-26,320.0,0.0,20.8,14182500
2016-06-27,260.0,0.0,22.8,14182500
2016-06-28,222.0,0.0,20.7,14182500
2016-06-29,193.0,0.0,19.7,14182500
2016-06-30,170.0,0.0,18.9,14182500
2016-07-01,154.0,0.0,19.2,14182500
2016-07-02,142.0,0.0,21.8,14182500
2016-07-03,131.0,0.0,19.6,14182500
2016-07-04,122.0,0.0,18.1,14182500
2016-07-05,115.0,0.0,17.7,14182500
2016-07-06,109.0,0.0,19.1,14182500
2016-07-07,104.0,0.0,18.5,14182500
2016-07-08,115.0,9.2,16.0,14182500
2016-07-09,147.0,5.8,15.8,14182500
2016-07-10,159.0,4.6,14.6,14182500
2016-07-11,182.0,0.6,16.6,14182500
2016-07-12,155.0,0.0,17.1,14182500
2016-07-13,137.0,0.0,18.2,14182500
2016-07-14,123.0,0.0,19.8,14182500
2016-07-15,113.0,0.0,18.2,14182500
2016-07-16,105.0,0.0,17.3,14182500
2016-07-17,100.0,0.0,18.0,14182500
2016-07-18,96.6,0.0,18.4,14182500
2016-07-19,92.8,0.1,17.7,14182500
2016-07-20,86.7,0.0,19.0,14182500
2016-07-21,81.5,0.0,21.1,14182500
2016-07-22,77.7,0.4,19.1,14182500
2016-07-23,74.6,0.0,19.3,14182500
2016-07-24,71.5,0.0,20.5,14182500
2016-07-25,68.9,0.0,22.3,14182500
2016-07-26,66.4,0.0,21.9,14182500
2016-07-27,64.0,0.0,22.3,14182500
2016-07-28,61.7,0.0,24.1,14182500
2016-07-29,58.4,0.0,25.6,14182500
2016-07-30,55.6,0.0,22.4,14182500
2016-07-31,53.0,0.0,18.9,14182500
2016-08-01,51.8,0.0,19.6,14182500
2016-08-02,50.7,0.0,18.4,14182500
2016-08-03,50.6,0.0,18.5,14182500
2016-08-04,49.3,0.0,22.8,14182500
2016-08-05,47.1,0.0,22.7,14182500
2016-08-06,45.8,0.0,18.3,14182500
2016-08-07,44.9,0.0,18.0,14182500
2016-08-08,45.8,3.4,16.9,14182500
2016-08-09,49.4,0.0,16.7,14182500
2016-08-10,48.5,0.0,18.4,14182500
2016-08-11,45.7,0.0,21.0,14182500
2016-08-12,43.5,0.0,24.6,14182500
2016-08-13,41.5,0.0,25.1,14182500
2016-08-14,40.0,0.0,24.4,14182500
2016-08-15,38.5,0.0,22.6,14182500
2016-08-16,37.6,0.0,21.8,14182500
2016-08-17,37.0,0.0,21.6,14182500
2016-08-18,36.4,0.0,23.5,14182500
2016-08-19,35.5,0.0,29.0,14182500
2016-08-20,33.9,0.0,28.5,14182500
2016-08-21,33.1,0.0,22.6,14182500
2016-08-22,33.1,0.0,19.1,14182500
2016-08-23,32.9,0.0,19.2,14182500
2016-08-24,31.8,0.0,22.5,14182500
2016-08-25,30.4,0.0,25.9,14182500
2016-08-26,29.4,0.0,26.8,14182500
2016-08-27,29.1,0.0,23.4,14182500
2016-08-28,28.7,0.0,20.6,14182500
2016-08-29,28.8,0.0,20.2,14182500
2016-08-30,28.7,0.0,17.8,14182500
2016-08-31,29.3,0.3,17.7,14182500
2016-09-01,31.5,0.3,17.4,14182500
2016-09-02,39.9,0.9,16.8,14182500
2016-09-03,46.7,0.0,15.9,14182500
2016-09-04,38.0,0.0,15.1,14182500
2016-09-05,34.6,0.0,15.5,14182500
2016-09-06,36.6,2.1,15.9,14182500
2016-09-07,47.5,0.2,17.3,14182500
2016-09-08,42.3,0.0,17.6,14182500
2016-09-09,36.1,0.0,18.0,14182500
2016-09-10,33.3,0.0,21.0,14182500
2016-09-11,31.5,0.0,18.9,14182500
2016-09-12,30.5,0.0,16.9,14182500
2016-09-13,29.4,0.0,19.0,14182500
2016-09-14,28.2,0.0,18.5,14182500
2016-09-15,27.9,0.0,17.9,14182500
2016-09-16,27.9,0.0,19.5,14182500
2016-09-17,37.1,5.5,17.2,14182500
2016-09-18,129.0,5.0,16.7,14182500
2016-09-19,98.7,0.0,15.5,14182500
2016-09-20,64.0,0.0,15.6,14182500
2016-09-21,51.1,0.0,14.3,14182500
2016-09-22,50.1,0.1,14.0,14182500
2016-09-23,52.9,0.7,14.0,14182500
2016-09-24,50.5,0.0,14.4,14182500
2016-09-25,48.8,0.0,16.9,14182500
2016-09-26,45.0,0.0,20.6,14182500
2016-09-27,42.0,0.0,19.6,14182500
2016-09-28,40.0,0.0,16.9,14182500
2016-09-29,38.8,0.0,15.9,14182500
2016-09-30,37.7,0.0,14.5,14182500
2016-10-01,38.1,0.7,13.8,14182500
2016-10-02,42.0,10.7,12.3,14182500
2016-10-03,43.7,0.0,11.9,14182500
2016-10-04,53.0,2.6,12.9,14182500
2016-10-05,722.0,12.0,12.4,14182500
2016-10-06,1460.0,2.0,12.7,14182500
2016-10-07,2070.0,17.8,13.1,14182500
2016-10-08,1430.0,0.5,15.6,14182500
2016-10-09,645.0,2.1,16.3,14182500
2016-10-10,1010.0,9.7,13.2,14182500
2016-10-11,695.0,0.0,10.2,14182500
2016-10-12,463.0,0.0,11.2,14182500
2016-10-13,1370.0,29.6,13.6,14182500
2016-10-14,3390.0,35.9,13.4,14182500
2016-10-15,3390.0,26.9,12.5,14182500
2016-10-16,3060.0,16.3,11.4,14182500
2016-10-17,3850.0,13.1,11.4,14182500
2016-10-18,3650.0,9.8,10.9,14182500
2016-10-19,2220.0,0.3,10.2,14182500
2016-10-20,2260.0,6.2,14.0,14182500
2016-10-21,2480.0,1.0,13.7,14182500
2016-10-22,1530.0,0.7,11.7,14182500
2016-10-23,1070.0,3.3,12.4,14182500
2016-10-24,823.0,6.3,11.6,14182500
2016-10-25,689.0,0.7,12.6,14182500
2016-10-26,670.0,17.2,12.8,14182500
2016-10-27,968.0,22.6,12.0,14182500
2016-10-28,1010.0,1.6,11.7,14182500
2016-10-29,803.0,2.8,11.8,14182500
2016-10-30,671.0,4.5,10.4,14182500
2016-10-31,922.0,7.7,11.7,14182500
2016-11-01,845.0,0.0,11.7,14182500
2016-11-02,658.0,1.5,12.4,14182500
2016-11-03,537.0,1.2,13.7,14182500
2016-11-04,455.0,0.0,11.7,14182500
2016-11-05,439.0,16.1,12.5,14182500
2016-11-06,794.0,15.5,11.7,14182500
2016-11-07,648.0,0.0,13.0,14182500
2016-11-08,532.0,0.0,12.5,14182500
2016-11-09,455.0,0.4,12.6,14182500
2016-11-10,400.0,0.0,11.5,14182500
2016-11-11,354.0,0.0,12.0,14182500
2016-11-12,341.0,4.7,13.5,14182500
2016-11-13,346.0,1.9,10.5,14182500
2016-11-14,985.0,19.0,12.1,14182500
2016-11-15,3500.0,10.2,12.1,14182500
2016-11-16,2540.0,0.4,7.5,14182500
2016-11-17,1490.0,0.5,7.3,14182500
2016-11-18,1070.0,0.0,6.0,14182500
2016-11-19,837.0,1.0,9.9,14182500
2016-11-20,692.0,1.7,10.9,14182500
2016-11-21,709.0,0.4,9.6,14182500
2016-11-22,696.0,2.0,8.8,14182500
2016-11-23,924.0,14.8,7.7,14182500
2016-11-24,997.0,28.2,7.6,14182500
2016-11-25,1520.0,47.2,8.7,14182500
2016-11-26,1410.0,2.8,8.0,14182500
2016-11-27,1210.0,9.0,6.6,14182500
2016-11-28,1960.0,10.5,7.5,14182500
2016-11-29,1780.0,0.1,6.9,14182500
2016-11-30,1530.0,8.0,7.1,14182500
2016-12-01,1380.0,1.2,4.6,14182500
2016-12-02,1090.0,0.3,5.6,14182500
2016-12-03,1010.0,0.4,7.9,14182500
2016-12-04,1390.0,16.2,7.3,14182500
2016-12-05,1280.0,5.6,2.1,14182500
2016-12-06,996.0,1.2,2.7,14182500
2016-12-07,797.0,0.0,-0.3,14182500
2016-12-08,685.0,14.1,-0.9,14182500
2016-12-09,1060.0,8.1,5.2,14182500
2016-12-10,2290.0,13.5,6.4,14182500
2016-12-11,1800.0,5.5,5.6,14182500
2016-12-12,1610.0,4.9,5.0,14182500
2016-12-13,1190.0,0.0,1.8,14182500
2016-12-14,954.0,7.3,0.4,14182500
2016-12-15,783.0,10.2,-0.8,14182500
2016-12-16,645.0,0.0,-2.2,14182500
2016-12-17,546.0,0.0,-3.3,14182500
2016-12-18,478.0,0.0,-0.1,14182500
2016-12-19,468.0,7.8,0.8,14182500
2016-12-20,4330.0,14.0,7.4,14182500
2016-12-21,2370.0,0.0,1.6,14182500
2016-12-22,1390.0,0.0,1.0,14182500
2016-12-23,1120.0,11.5,4.1,14182500
2016-12-24,960.0,0.4,1.3,14182500
2016-12-25,792.0,0.0,1.0,14182500
2016-12-26,672.0,0.0,0.9,14182500
2016-12-27,986.0,11.5,4.4,14182500
2016-12-28,1080.0,1.5,3.4,14182500
2016-12-29,843.0,0.0,2.0,14182500
2016-12-30,731.0,1.6,4.3,14182500
2016-12-31,639.0,0.0,0.7,14182500
2017-01-01,591.0,2.5,2.3,14182500
2017-01-02,520.0,13.2,-1.3,14182500
2017-01-03,448.0,0.7,-2.1,14182500
2017-01-04,402.0,1.9,-1.8,14182500
2017-01-05,362.0,0.0,-3.0,14182500
2017-01-06,333.0,0.0,-5.0,14182500
2017-01-07,320.0,6.7,-4.1,14182500
2017-01-08,367.0,10.9,-2.0,14182500
2017-01-09,908.0,16.3,4.1,14182500
2017-01-10,833.0,20.3,3.5,14182500
2017-01-11,851.0,9.7,1.2,14182500
2017-01-12,696.0,0.0,-3.6,14182500
2017-01-13,589.0,0.0,-5.1,14182500
2017-01-14,521.0,0.0,-4.7,14182500
2017-01-15,466.0,0.0,-3.2,14182500
2017-01-16,429.0,0.0,-2.4,14182500
2017-01-17,519.0,2.7,0.1,14182500
2017-01-18,2670.0,29.1,9.8,14182500
2017-01-19,2000.0,6.0,7.6,14182500
2017-01-20,1380.0,3.9,6.0,14182500
2017-01-21,1060.0,6.2,4.0,14182500
2017-01-22,967.0,4.9,6.3,14182500
2017-01-23,822.0,1.2,3.2,14182500
2017-01-24,680.0,0.0,2.0,14182500
2017-01-25,583.0,0.0,2.6,14182500
2017-01-26,513.0,0.9,5.6,14182500
2017-01-27,457.0,0.0,3.1,14182500
2017-01-28,419.0,0.0,1.2,14182500
2017-01-29,418.0,0.0,2.1,14182500
2017-01-30,431.0,0.0,4.0,14182500
2017-01-31,444.0,1.3,5.1,14182500
2017-02-01,429.0,0.0,2.7,14182500
2017-02-02,390.0,3.1,2.5,14182500
2017-02-03,394.0,9.9,0.3,14182500
2017-02-04,1580.0,27.0,8.2,14182500
2017-02-05,3540.0,54.2,7.1,14182500
2017-02-06,2580.0,19.1,4.1,14182500
2017-02-07,1530.0,7.9,2.6,14182500
2017-02-08,1930.0,10.7,4.0,14182500
2017-02-09,5030.0,32.1,11.2,14182500
2017-02-10,3530.0,6.0,8.6,14182500
2017-02-11,1950.0,0.3,4.1,14182500
2017-02-12,1300.0,0.0,2.6,14182500
2017-02-13,1000.0,0.0,3.6,14182500
2017-02-14,837.0,0.0,3.7,14182500
2017-02-15,953.0,10.8,8.6,14182500
2017-02-16,3550.0,47.2,10.3,14182500
2017-02-17,2990.0,3.5,7.4,14182500
2017-02-18,1740.0,4.1,8.1,14182500
2017-02-19,1450.0,6.0,6.5,14182500
2017-02-20,1490.0,18.2,6.4,14182500
2017-02-21,1730.0,30.7,6.1,14182500
2017-02-22,1450.0,4.6,3.2,14182500
2017-02-23,1150.0,3.2,1.2,14182500
2017-02-24,943.0,1.5,1.2,14182500
2017-02-25,782.0,1.4,1.3,14182500
2017-02-26,695.0,7.4,3.0,14182500
2017-02-27,617.0,5.1,2.5,14182500
2017-02-28,597.0,4.7,4.0,14182500
2017-03-01,573.0,0.1,6.4,14182500
2017-03-02,546.0,0.1,5.7,14182500
2017-03-03,539.0,0.5,7.8,14182500
2017-03-04,916.0,9.9,5.6,14182500
2017-03-05,784.0,6.0,3.0,14182500
2017-03-06,686.0,8.2,2.7,14182500
2017-03-07,764.0,20.2,4.6,14182500
2017-03-08,4110.0,22.4,8.2,14182500
2017-03-09,8630.0,15.6,10.4,14182500
2017-03-10,6120.0,1.3,12.1,14182500
2017-03-11,3280.0,6.3,8.1,14182500
2017-03-12,2760.0,0.4,10.6,14182500
2017-03-13,2470.0,2.7,10.8,14182500
2017-03-14,3510.0,12.3,12.4,14182500
2017-03-15,3020.0,19.4,11.6,14182500
2017-03-16,3520.0,4.9,7.7,14182500
2017-03-17,2040.0,1.6,4.7,14182500
2017-03-18,2450.0,20.7,10.4,14182500
2017-03-19,2310.0,0.0,5.9,14182500
2017-03-20,1470.0,2.1,6.4,14182500
2017-03-21,1260.0,13.6,9.3,14182500
2017-03-22,1300.0,5.9,8.8,14182500
2017-03-23,1300.0,0.0,7.3,14182500
2017-03-24,2080.0,25.6,8.7,14182500
2017-03-25,2340.0,5.2,8.5,14182500
2017-03-26,2000.0,9.4,7.8,14182500
2017-03-27,2780.0,7.0,8.2,14182500
2017-03-28,2140.0,1.9,9.2,14182500
2017-03-29,2830.0,13.5,9.9,14182500
2017-03-30,3230.0,4.0,7.8,14182500
2017-03-31,1910.0,0.1,7.2,14182500
2017-04-01,1360.0,1.5,8.8,14182500
2017-04-02,1110.0,0.0,8.6,14182500
2017-04-03,917.0,0.0,6.3,14182500
2017-04-04,771.0,0.0,8.3,14182500
2017-04-05,681.0,0.0,10.4,14182500
2017-04-06,722.0,5.5,10.6,14182500
2017-04-07,846.0,11.0,10.5,14182500
2017-04-08,811.0,3.3,7.0,14182500
2017-04-09,689.0,0.3,6.9,14182500
2017-04-10,621.0,7.7,7.7,14182500
2017-04-11,593.0,0.6,6.5,14182500
2017-04-12,670.0,13.8,9.7,14182500
2017-04-13,928.0,5.4,7.3,14182500
2017-04-14,964.0,2.7,7.1,14182500
2017-04-15,926.0,0.1,6.5,14182500
2017-04-16,810.0,0.1,8.9,14182500
2017-04-17,871.0,5.7,10.4,14182500
2017-04-18,1260.0,7.0,10.9,14182500
2017-04-19,1200.0,3.6,9.9,14182500
2017-04-20,1380.0,3.8,9.2,14182500
2017-04-21,1380.0,0.0,9.4,14182500
2017-04-22,1120.0,1.6,11.7,14182500
2017-04-23,1140.0,1.4,9.8,14182500
2017-04-24,2490.0,17.3,8.6,14182500
2017-04-25,3080.0,4.1,8.6,14182500
2017-04-26,3600.0,15.6,10.1,14182500
2017-04-27,3350.0,3.6,8.5,14182500
2017-04-28,2350.0,0.1,7.4,14182500
2017-04-29,1550.0,0.0,8.9,14182500
2017-04-30,1400.0,3.3,11.2,14182500
2017-05-01,1250.0,0.8,7.8,14182500
2017-05-02,1050.0,1.4,12.3,14182500
2017-05-03,1070.0,0.5,15.8,14182500
2017-05-04,1390.0,0.1,19.0,14182500
2017-05-05,1680.0,12.5,13.3,14182500
2017-05-06,1210.0,0.7,8.8,14182500
2017-05-07,876.0,0.1,9.3,14182500
2017-05-08,713.0,0.0,11.5,14182500
2017-05-09,660.0,0.0,13.3,14182500
2017-05-10,679.0,0.0,13.0,14182500
2017-05-11,765.0,10.6,13.1,14182500
2017-05-12,800.0,5.1,8.8,14182500
2017-05-13,949.0,8.9,8.4,14182500
2017-05-14,1310.0,6.5,9.3,14182500
2017-05-15,1150.0,0.0,9.0,14182500
2017-05-16,2720.0,21.1,10.4,14182500
2017-05-17,2810.0,1.0,10.3,14182500
2017-05-18,1830.0,0.1,10.8,14182500
2017-05-19,1320.0,0.0,14.5,14182500
2017-05-20,1130.0,0.1,14.5,14182500
2017-05-21,1000.0,0.0,16.3,14182500
2017-05-22,996.0,0.0,20.2,14182500
2017-05-23,1010.0,0.0,21.4,14182500
2017-05-24,886.0,0.0,13.3,14182500
2017-05-25,657.0,0.0,12.5,14182500
2017-05-26,563.0,0.0,16.4,14182500
2017-05-27,552.0,0.0,18.8,14182500
2017-05-28,571.0,0.0,17.4,14182500
2017-05-29,585.0,0.0,15.3,14182500
2017-05-30,558.0,0.2,13.9,14182500
2017-05-31,449.0,0.3,14.3,14182500
2017-06-01,422.0,2.2,16.6,14182500
2017-06-02,398.0,0.0,15.6,14182500
2017-06-03,368.0,0.3,15.1,14182500
2017-06-04,332.0,0.6,13.8,14182500
2017-06-05,290.0,0.0,14.1,14182500
2017-06-06,268.0,0.0,17.5,14182500
2017-06-07,275.0,0.0,16.4,14182500
2017-06-08,376.0,10.9,15.9,14182500
2017-06-09,456.0,2.6,12.2,14182500
2017-06-10,537.0,9.8,11.4,14182500
2017-06-11,519.0,1.0,11.5,14182500
2017-06-12,403.0,0.5,13.5,14182500
2017-06-13,419.0,0.9,12.3,14182500
2017-06-14,403.0,0.1,12.6,14182500
2017-06-15,393.0,4.5,14.1,14182500
2017-06-16,622.0,3.4,15.4,14182500
2017-06-17,778.0,0.4,15.1,14182500
2017-06-18,575.0,0.0,18.4,14182500
2017-06-19,461.0,0.0,21.1,14182500
2017-06-20,388.0,0.1,18.7,14182500
2017-06-21,326.0,0.0,16.3,14182500
2017-06-22,279.0,0.0,17.5,14182500
2017-06-23,247.0,0.0,21.4,14182500
2017-06-24,223.0,0.0,24.7,14182500
2017-06-25,202.0,0.0,24.9,14182500
2017-06-26,187.0,1.6,18.9,14182500
2017-06-27,175.0,0.0,16.9,14182500
2017-06-28,164.0,0.0,16.3,14182500
2017-06-29,153.0,0.0,17.8,14182500
2017-06-30,144.0,0.0,20.1,14182500
2017-07-01,136.0,0.0,17.4,14182500
2017-07-02,130.0,0.0,19.0,14182500
2017-07-03,123.0,0.0,20.1,14182500
2017-07-04,117.0,0.0,19.9,14182500
2017-07-05,110.0,0.0,22.1,14182500
2017-07-06,105.0,0.0,18.6,14182500
2017-07-07,101.0,0.0,18.7,14182500
2017-07-08,96.9,0.0,19.7,14182500
2017-07-09,92.0,0.0,21.9,14182500
2017-07-10,88.5,0.0,20.9,14182500
2017-07-11,85.0,0.0,18.4,14182500
2017-07-12,81.8,0.0,20.0,14182500
2017-07-13,79.5,0.0,19.1,14182500
2017-07-14,77.4,0.0,20.1,14182500
2017-07-15,74.0,0.0,20.1,14182500
2017-07-16,71.3,0.0,18.6,14182500
2017-07-17,69.1,0.0,19.2,14182500
2017-07-18,66.9,0.0,20.3,14182500
2017-07-19,65.1,0.0,18.8,14182500
2017-07-20,63.3,0.1,18.4,14182500
2017-07-21,61.9,0.0,18.7,14182500
2017-07-22,59.2,0.0,22.3,14182500
2017-07-23,56.8,0.0,24.5,14182500
2017-07-24,54.9,0.0,22.0,14182500
2017-07-25,53.6,0.0,23.0,14182500
2017-07-26,51.7,0.0,23.3,14182500
2017-07-27,50.4,0.0,21.2,14182500
2017-07-28,49.5,0.0,20.5,14182500
2017-07-29,48.1,0.0,21.1,14182500
2017-07-30,46.6,0.0,23.3,14182500
2017-07-31,45.1,0.0,24.2,14182500
2017-08-01,43.1,0.0,26.3,14182500
2017-08-02,42.5,0.0,29.0,14182500
2017-08-03,41.1,0.0,29.5,14182500
2017-08-04,39.3,0.0,26.2,14182500
2017-08-05,38.8,0.0,21.0,14182500
2017-08-06,37.9,0.0,21.3,14182500
2017-08-07,37.3,0.0,23.8,14182500
2017-08-08,36.8,0.0,23.9,14182500
2017-08-09,35.9,0.0,23.7,14182500
2017-08-10,35.2,0.0,22.5,14182500
2017-08-11,35.0,0.0,21.5,14182500
2017-08-12,34.7,0.0,19.2,14182500
2017-08-13,36.0,7.1,17.6,14182500
2017-08-14,38.5,0.0,17.1,14182500
2017-08-15,37.0,0.0,18.5,14182500
2017-08-16,34.8,0.0,20.3,14182500
2017-08-17,33.3,0.0,20.8,14182500
2017-08-18,32.4,0.0,20.8,14182500
2017-08-19,31.5,0.0,20.4,14182500
2017-08-20,30.9,0.0,19.7,14182500
2017-08-21,30.8,0.0,21.7,14182500
2017-08-22,30.6,0.0,21.5,14182500
2017-08-23,29.9,0.0,20.6,14182500
2017-08-24,29.5,1.3,19.2,14182500
2017-08-25,28.9,0.0,18.4,14182500
2017-08-26,28.2,0.0,20.9,14182500
2017-08-27,27.6,0.0,23.6,14182500
2017-08-28,26.7,0.0,24.4,14182500
2017-08-29,25.8,0.0,22.6,14182500
2017-08-30,25.0,0.0,18.5,14182500
2017-08-31,24.9,0.0,19.8,14182500
2017-09-01,25.0,0.0,22.0,14182500
2017-09-02,24.4,0.0,24.9,14182500
2017-09-03,23.4,0.0,25.5,14182500
2017-09-04,22.9,0.0,25.0,14182500
2017-09-05,22.7,0.0,25.0,14182500
2017-09-06,22.4,0.0,22.0,14182500
2017-09-07,23.0,0.1,22.3,14182500
2017-09-08,23.7,0.2,19.2,14182500
2017-09-09,24.9,0.0,19.6,14182500
2017-09-10,25.2,0.2,19.0,14182500
2017-09-11,24.2,0.0,20.1,14182500
2017-09-12,22.4,0.0,23.1,14182500
2017-09-13,21.2,0.0,18.6,14182500
2017-09-14,20.5,0.0,17.2,14182500
2017-09-15,20.4,0.0,16.7,14182500
2017-09-16,20.4,0.0,17.2,14182500
2017-09-17,22.5,3.4,15.6,14182500
2017-09-18,58.4,4.8,14.2,14182500
2017-09-19,290.0,7.8,12.8,14182500
2017-09-20,1320.0,11.9,12.6,14182500
2017-09-21,776.0,1.7,10.9,14182500
2017-09-22,331.0,1.0,11.4,14182500
2017-09-23,210.0,0.0,12.7,14182500
2017-09-24,155.0,0.0,13.5,14182500
2017-09-25,125.0,0.1,14.4,14182500
2017-09-26,107.0,0.0,16.5,14182500
2017-09-27,93.4,0.0,18.5,14182500
2017-09-28,82.7,0.0,17.6,14182500
2017-09-29,75.7,0.9,16.7,14182500
2017-09-30,75.0,2.8,12.6,14182500
2017-10-01,81.1,1.2,12.7,14182500
2017-10-02,81.2,1.3,11.0,14182500
2017-10-03,72.5,0.0,12.5,14182500
2017-10-04,66.2,0.0,12.3,14182500
2017-10-05,62.0,0.0,11.7,14182500
2017-10-06,58.7,0.0,12.9,14182500
2017-10-07,59.4,2.2,13.8,14182500
2017-10-08,62.8,0.1,11.7,14182500
2017-10-09,62.9,0.0,10.7,14182500
2017-10-10,58.3,1.7,11.0,14182500
2017-10-11,76.5,6.4,8.4,14182500
2017-10-12,351.0,12.3,8.4,14182500
2017-10-13,711.0,9.4,9.4,14182500
2017-10-14,392.0,0.2,6.9,14182500
2017-10-15,268.0,0.0,9.1,14182500
2017-10-16,218.0,0.0,9.0,14182500
2017-10-17,187.0,0.0,9.7,14182500
2017-10-18,165.0,0.6,13.2,14182500
2017-10-19,422.0,19.9,12.6,14182500
2017-10-20,2370.0,11.2,9.4,14182500
2017-10-21,4520.0,24.3,9.1,14182500
2017-10-22,9310.0,38.4,14.0,14182500
2017-10-23,2670.0,0.1,12.2,14182500
2017-10-24,1320.0,0.0,12.5,14182500
2017-10-25,873.0,0.0,10.8,14182500
2017-10-26,652.0,0.6,14.3,14182500
2017-10-27,518.0,0.0,12.8,14182500
2017-10-28,429.0,0.0,11.6,14182500
2017-10-29,367.0,0.2,11.3,14182500
2017-10-30,316.0,0.0,11.6,14182500
2017-10-31,280.0,0.0,8.2,14182500
2017-11-01,253.0,0.3,8.4,14182500
2017-11-02,282.0,3.1,9.7,14182500
2017-11-03,587.0,6.2,7.3,14182500
2017-11-04,448.0,3.3,5.4,14182500
2017-11-05,550.0,12.0,7.4,14182500
2017-11-06,620.0,2.4,5.3,14182500
2017-11-07,541.0,0.0,3.2,14182500
2017-11-08,468.0,6.8,4.6,14182500
2017-11-09,661.0,16.7,8.2,14182500
2017-11-10,1030.0,18.0,8.9,14182500
2017-11-11,1070.0,3.9,10.3,14182500
2017-11-12,904.0,4.2,10.6,14182500
2017-11-13,1220.0,10.9,10.1,14182500
2017-11-14,1190.0,0.5,9.1,14182500
2017-11-15,1110.0,28.4,9.7,14182500
2017-11-16,1620.0,19.0,6.9,14182500
2017-11-17,1460.0,3.1,6.0,14182500
2017-11-18,1160.0,0.0,4.6,14182500
2017-11-19,905.0,0.0,3.0,14182500
2017-11-20,4070.0,14.9,10.7,14182500
2017-11-21,3180.0,7.6,11.0,14182500
2017-11-22,2630.0,10.4,13.6,14182500
2017-11-23,5110.0,18.5,14.3,14182500
2017-11-24,3500.0,0.3,8.7,14182500
2017-11-25,1850.0,0.7,4.6,14182500
2017-11-26,1590.0,10.5,7.0,14182500
2017-11-27,1890.0,1.4,5.8,14182500
2017-11-28,1410.0,10.8,5.2,14182500
2017-11-29,1340.0,1.0,5.6,14182500
2017-11-30,1090.0,3.1,4.4,14182500
2017-12-01,904.0,2.2,7.3,14182500
2017-12-02,801.0,12.1,6.4,14182500
2017-12-03,798.0,5.3,5.2,14182500
2017-12-04,719.0,0.1,3.5,14182500
2017-12-05,639.0,0.0,2.7,14182500
2017-12-06,570.0,0.0,4.8,14182500
2017-12-07,511.0,0.0,2.9,14182500
2017-12-08,467.0,0.0,-0.1,14182500
2017-12-09,434.0,0.0,-1.5,14182500
2017-12-10,402.0,0.0,-1.2,14182500
2017-12-11,370.0,0.0,-1.7,14182500
2017-12-12,340.0,0.0,-2.0,14182500
2017-12-13,315.0,0.0,-0.9,14182500
2017-12-14,293.0,0.0,0.8,14182500
2017-12-15,276.0,1.7,-0.8,14182500
2017-12-16,268.0,1.0,1.2,14182500
2017-12-17,249.0,0.0,3.1,14182500
2017-12-18,258.0,0.0,5.7,14182500
2017-12-19,407.0,19.9,8.6,14182500
2017-12-20,697.0,3.6,4.2,14182500
2017-12-21,536.0,0.0,-0.9,14182500
2017-12-22,464.0,0.1,0.3,14182500
2017-12-23,469.0,9.1,3.7,14182500
2017-12-24,442.0,2.2,-0.6,14182500
2017-12-25,664.0,4.4,4.5,14182500
2017-12-26,735.0,0.4,0.5,14182500
2017-12-27,657.0,2.5,3.9,14182500
2017-12-28,937.0,0.3,6.8,14182500
2017-12-29,5080.0,13.4,10.3,14182500
2017-12-30,4410.0,12.5,8.2,14182500
2017-12-31,1950.0,0.0,3.4,14182500
2018-01-01,1230.0,0.0,1.1,14182500
2018-01-02,933.0,0.0,1.1,14182500
2018-01-03,771.0,0.0,1.4,14182500
2018-01-04,670.0,2.0,1.5,14182500
2018-01-05,608.0,7.2,4.7,14182500
2018-01-06,600.0,3.9,7.5,14182500
2018-01-07,535.0,0.3,3.9,14182500
2018-01-08,476.0,0.0,4.6,14182500
2018-01-09,584.0,14.6,5.7,14182500
2018-01-10,725.0,2.5,5.2,14182500
2018-01-11,2120.0,17.1,9.9,14182500
2018-01-12,2990.0,7.3,9.9,14182500
2018-01-13,1500.0,0.0,8.4,14182500
2018-01-14,1020.0,0.0,7.4,14182500
2018-01-15,797.0,1.3,6.2,14182500
2018-01-16,697.0,5.3,9.0,14182500
2018-01-17,606.0,0.2,7.3,14182500
2018-01-18,1310.0,15.1,9.7,14182500
2018-01-19,1270.0,5.8,5.4,14182500
2018-01-20,1060.0,2.6,6.0,14182500
2018-01-21,953.0,7.1,7.6,14182500
2018-01-22,993.0,2.5,6.1,14182500
2018-01-23,1150.0,10.8,5.3,14182500
2018-01-24,2460.0,24.4,8.2,14182500
2018-01-25,1970.0,5.3,4.7,14182500
2018-01-26,1350.0,3.4,4.9,14182500
2018-01-27,1870.0,14.1,7.4,14182500
2018-01-28,2900.0,7.7,11.3,14182500
2018-01-29,2170.0,0.1,9.5,14182500
2018-01-30,2910.0,13.0,8.3,14182500
2018-01-31,1810.0,0.0,5.4,14182500
2018-02-01,1260.0,0.0,5.8,14182500
2018-02-02,1750.0,3.8,11.0,14182500
2018-02-03,1850.0,0.2,11.2,14182500
2018-02-04,1440.0,0.0,10.2,14182500
2018-02-05,1200.0,0.0,10.4,14182500
2018-02-06,974.0,0.0,6.5,14182500
2018-02-07,795.0,0.0,6.9,14182500
2018-02-08,687.0,0.0,7.5,14182500
2018-02-09,626.0,0.1,8.2,14182500
2018-02-10,559.0,0.0,5.5,14182500
2018-02-11,496.0,2.3,3.0,14182500
2018-02-12,439.0,0.1,3.1,14182500
2018-02-13,391.0,0.0,0.5,14182500
2018-02-14,382.0,6.9,4.6,14182500
2018-02-15,371.0,0.5,4.5,14182500
2018-02-16,367.0,1.0,4.9,14182500
2018-02-17,1120.0,4.0,8.3,14182500
2018-02-18,1830.0,2.7,4.7,14182500
2018-02-19,1030.0,0.9,1.2,14182500
2018-02-20,783.0,0.5,1.0,14182500
2018-02-21,657.0,8.7,0.6,14182500
2018-02-22,565.0,4.5,1.8,14182500
2018-02-23,490.0,0.0,-1.6,14182500
2018-02-24,476.0,7.8,4.2,14182500
2018-02-25,548.0,18.4,5.1,14182500
2018-02-26,595.0,2.1,1.9,14182500
2018-02-27,504.0,0.7,1.4,14182500
2018-02-28,508.0,5.2,5.3,14182500
2018-03-01,675.0,14.4,5.4,14182500
2018-03-02,631.0,1.7,4.1,14182500
2018-03-03,549.0,1.2,4.1,14182500
2018-03-04,489.0,2.6,2.9,14182500
2018-03-05,449.0,0.2,4.8,14182500
2018-03-06,428.0,0.0,4.6,14182500
2018-03-07,441.0,0.0,3.8,14182500
2018-03-08,710.0,5.4,7.3,14182500
2018-03-09,2820.0,2.8,8.4,14182500
2018-03-10,1500.0,0.0,5.0,14182500
2018-03-11,1160.0,0.4,8.4,14182500
2018-03-12,1170.0,0.0,8.7,14182500
2018-03-13,1350.0,12.8,10.2,14182500
2018-03-14,1350.0,1.6,7.2,14182500
2018-03-15,1060.0,0.5,5.9,14182500
2018-03-16,846.0,4.1,5.2,14182500
2018-03-17,750.0,4.1,5.4,14182500
2018-03-18,693.0,0.7,6.1,14182500
2018-03-19,622.0,0.3,5.2,14182500
2018-03-20,561.0,0.0,5.8,14182500
2018-03-21,537.0,1.1,7.0,14182500
2018-03-22,756.0,21.1,7.4,14182500
2018-03-23,799.0,11.2,4.4,14182500
2018-03-24,735.0,14.8,3.0,14182500
2018-03-25,666.0,4.1,3.9,14182500
2018-03-26,616.0,1.1,4.8,14182500
2018-03-27,578.0,0.0,7.9,14182500
2018-03-28,697.0,0.1,10.3,14182500
2018-03-29,807.0,0.0,8.1,14182500
2018-03-30,826.0,0.0,8.2,14182500
2018-03-31,849.0,0.0,9.9,14182500
2018-04-01,836.0,0.5,6.3,14182500
2018-04-02,861.0,5.3,5.1,14182500
2018-04-03,715.0,0.0,4.5,14182500
2018-04-04,635.0,1.2,9.3,14182500
2018-04-05,771.0,4.5,11.0,14182500
2018-04-06,1680.0,2.5,11.8,14182500
2018-04-07,2560.0,6.6,13.7,14182500
2018-04-08,3930.0,34.5,8.7,14182500
2018-04-09,2450.0,0.0,8.8,14182500
2018-04-10,1660.0,2.8,11.2,14182500
2018-04-11,1590.0,4.1,9.6,14182500
2018-04-12,1430.0,13.7,5.6,14182500
2018-04-13,1750.0,3.5,8.0,14182500
2018-04-14,1810.0,0.2,10.6,14182500
2018-04-15,1600.0,19.1,9.2,14182500
2018-04-16,1680.0,4.0,6.4,14182500
2018-04-17,1610.0,2.3,7.1,14182500
2018-04-18,1330.0,1.0,7.4,14182500
2018-04-19,1110.0,0.7,8.1,14182500
2018-04-20,1010.0,0.0,9.2,14182500
2018-04-21,976.0,0.5,11.1,14182500
2018-04-22,874.0,0.0,9.2,14182500
2018-04-23,772.0,0.0,11.7,14182500
2018-04-24,745.0,0.0,14.5,14182500
2018-04-25,826.0,0.0,15.7,14182500
2018-04-26,1020.0,0.0,15.8,14182500
2018-04-27,1070.0,4.1,11.5,14182500
2018-04-28,824.0,5.8,9.9,14182500
2018-04-29,750.0,9.6,10.4,14182500
2018-04-30,710.0,0.9,9.2,14182500
2018-05-01,620.0,0.3,10.0,14182500
2018-05-02,539.0,0.0,10.9,14182500
2018-05-03,526.0,0.0,13.7,14182500
2018-05-04,573.0,0.0,11.7,14182500
2018-05-05,554.0,0.1,14.1,14182500
2018-05-06,555.0,2.7,14.6,14182500
2018-05-07,529.0,0.0,13.0,14182500
2018-05-08,519.0,0.5,14.2,14182500
2018-05-09,536.0,2.5,14.8,14182500
2018-05-10,485.0,6.2,12.2,14182500
2018-05-11,485.0,0.3,11.5,14182500
2018-05-12,405.0,0.0,13.8,14182500
2018-05-13,382.0,0.0,17.2,14182500
2018-05-14,385.0,0.0,16.9,14182500
2018-05-15,373.0,0.0,15.4,14182500
2018-05-16,344.0,0.0,14.2,14182500
2018-05-17,300.0,0.2,14.2,14182500
2018-05-18,272.0,0.3,13.1,14182500
2018-05-19,248.0,0.0,13.7,14182500
2018-05-20,232.0,0.0,14.5,14182500
2018-05-21,215.0,0.0,14.2,14182500
2018-05-22,201.0,0.0,16.9,14182500
2018-05-23,195.0,0.4,17.5,14182500
2018-05-24,188.0,0.0,16.0,14182500
2018-05-25,178.0,0.0,16.3,14182500
2018-05-26,167.0,0.5,12.4,14182500
2018-05-27,155.0,0.0,14.7,14182500
2018-05-28,145.0,0.0,16.5,14182500
2018-05-29,138.0,0.0,15.1,14182500
2018-05-30,132.0,0.0,12.6,14182500
2018-05-31,127.0,0.1,13.2,14182500
2018-06-01,125.0,0.0,12.9,14182500
2018-06-02,117.0,0.0,16.4,14182500
2018-06-03,111.0,0.0,17.2,14182500
2018-06-04,108.0,0.0,15.0,14182500
2018-06-05,104.0,0.0,14.7,14182500
2018-06-06,99.2,0.0,15.5,14182500
2018-06-07,96.0,0.0,16.1,14182500
2018-06-08,95.8,0.4,15.5,14182500
2018-06-09,152.0,12.1,12.7,14182500
2018-06-10,219.0,4.3,10.9,14182500
2018-06-11,235.0,5.6,13.1,14182500
2018-06-12,190.0,0.0,15.6,14182500
2018-06-13,155.0,2.8,15.0,14182500
2018-06-14,140.0,0.0,14.8,14182500
2018-06-15,128.0,0.0,15.1,14182500
2018-06-16,119.0,0.3,15.9,14182500
2018-06-17,113.0,0.1,19.7,14182500
2018-06-18,111.0,0.0,20.1,14182500
2018-06-19,102.0,0.0,19.8,14182500
2018-06-20,96.0,0.0,22.2,14182500
2018-06-21,91.4,0.3,18.6,14182500
2018-06-22,88.4,0.0,18.5,14182500
2018-06-23,84.3,0.0,18.8,14182500
2018-06-24,80.3,0.0,20.5,14182500
2018-06-25,76.6,0.8,18.7,14182500
2018-06-26,73.7,0.0,16.5,14182500
2018-06-27,71.4,0.0,18.3,14182500
2018-06-28,68.7,0.2,16.2,14182500
2018-06-29,66.9,0.0,17.6,14182500
2018-06-30,65.1,0.0,19.4,14182500
2018-07-01,62.7,0.0,20.4,14182500
2018-07-02,61.2,0.1,16.8,14182500
2018-07-03,59.7,0.0,15.8,14182500
2018-07-04,58.3,0.0,19.4,14182500
2018-07-05,56.9,1.8,18.4,14182500
2018-07-06,55.3,0.0,19.9,14182500
2018-07-07,53.8,0.0,18.6,14182500
2018-07-08,52.3,0.0,20.6,14182500
2018-07-09,51.5,0.0,18.1,14182500
2018-07-10,51.9,0.0,17.5,14182500
2018-07-11,50.4,0.0,21.3,14182500
2018-07-12,48.5,0.0,26.0,14182500
2018-07-13,46.8,0.0,26.7,14182500
2018-07-14,45.4,0.0,24.1,14182500
2018-07-15,44.2,0.0,25.3,14182500
2018-07-16,42.9,0.0,25.9,14182500
2018-07-17,41.7,0.0,23.2,14182500
2018-07-18,40.7,0.0,21.0,14182500
2018-07-19,40.5,0.0,20.5,14182500
2018-07-20,40.3,0.0,17.9,14182500
2018-07-21,39.3,0.0,18.9,14182500
2018-07-22,38.7,0.0,21.3,14182500
2018-07-23,38.1,0.0,22.9,14182500
2018-07-24,36.9,0.0,24.8,14182500
2018-07-25,35.9,0.0,25.6,14182500
2018-07-26,34.8,0.0,26.9,14182500
2018-07-27,34.0,0.0,23.4,14182500
2018-07-28,33.6,0.0,21.0,14182500
2018-07-29,33.3,0.0,23.9,14182500
2018-07-30,32.7,0.0,23.7,14182500
2018-07-31,32.4,0.0,21.3,14182500
2018-08-01,31.8,0.0,20.1,14182500
2018-08-02,31.4,0.0,19.3,14182500
2018-08-03,31.7,0.1,18.4,14182500
2018-08-04,31.7,0.0,20.7,14182500
2018-08-05,31.8,0.0,20.7,14182500
2018-08-06,31.1,0.0,21.7,14182500
2018-08-07,30.3,0.0,22.8,14182500
2018-08-08,29.9,0.0,24.1,14182500
2018-08-09,29.5,0.0,22.9,14182500
2018-08-10,28.8,0.0,23.2,14182500
2018-08-11,27.9,0.5,20.5,14182500
2018-08-12,27.6,0.0,19.5,14182500
2018-08-13,27.4,0.0,21.9,14182500
2018-08-14,26.9,0.0,24.5,14182500
2018-08-15,26.2,0.0,23.0,14182500
2018-08-16,26.0,0.0,21.0,14182500
2018-08-17,25.5,0.0,19.9,14182500
2018-08-18,25.2,0.0,20.0,14182500
2018-08-19,25.2,0.0,21.0,14182500
2018-08-20,25.2,0.0,20.7,14182500
2018-08-21,25.2,0.0,25.2,14182500
2018-08-22,24.2,0.0,24.5,14182500
2018-08-23,23.7,0.0,19.0,14182500
2018-08-24,24.4,0.0,17.7,14182500
2018-08-25,24.5,0.0,16.5,14182500
2018-08-26,25.4,0.5,18.1,14182500
2018-08-27,34.3,2.7,18.1,14182500
2018-08-28,37.3,0.0,20.5,14182500
2018-08-29,30.8,0.0,21.1,14182500
2018-08-30,27.6,0.0,17.5,14182500
2018-08-31,27.0,0.0,17.0,14182500
2018-09-01,26.7,0.0,17.4,14182500
2018-09-02,26.3,0.0,17.8,14182500
2018-09-03,25.6,0.0,19.3,14182500
2018-09-04,24.9,0.0,17.8,14182500
2018-09-05,24.5,0.0,20.6,14182500
2018-09-06,23.9,0.0,19.9,14182500
2018-09-07,23.4,0.0,17.3,14182500
2018-09-08,23.2,0.2,17.7,14182500
2018-09-09,23.1,0.0,16.9,14182500
2018-09-10,24.4,5.5,17.8,14182500
2018-09-11,27.1,0.8,15.9,14182500
2018-09-12,29.7,5.2,14.6,14182500
2018-09-13,32.0,0.6,14.4,14182500
2018-09-14,31.5,0.2,14.2,14182500
2018-09-15,28.7,0.1,13.9,14182500
2018-09-16,30.8,4.5,15.5,14182500
2018-09-17,44.0,0.0,13.6,14182500
2018-09-18,39.0,0.0,13.8,14182500
2018-09-19,31.9,0.0,13.8,14182500
2018-09-20,29.4,0.0,15.5,14182500
2018-09-21,28.0,0.0,15.4,14182500
2018-09-22,29.0,1.4,17.6,14182500
2018-09-23,31.5,0.2,13.4,14182500
2018-09-24,32.0,0.0,13.6,14182500
2018-09-25,29.1,0.0,16.5,14182500
2018-09-26,27.3,0.0,18.5,14182500
2018-09-27,26.2,0.0,18.7,14182500
2018-09-28,25.5,0.0,18.6,14182500
2018-09-29,24.9,1.0,16.1,14182500
2018-09-30,25.5,1.0,15.0,14182500
2018-10-01,26.5,0.0,16.7,14182500
2018-10-02,26.4,0.0,16.2,14182500
2018-10-03,25.8,0.0,12.3,14182500
2018-10-04,25.3,0.0,13.5,14182500
2018-10-05,26.8,5.4,10.6,14182500
2018-10-06,88.0,4.7,13.3,14182500
2018-10-07,73.8,0.0,10.2,14182500
2018-10-08,56.6,4.5,12.2,14182500
2018-10-09,95.7,2.3,14.2,14182500
2018-10-10,87.1,0.0,12.2,14182500
2018-10-11,59.9,0.0,11.5,14182500
2018-10-12,50.7,0.0,12.3,14182500
2018-10-13,45.4,0.0,13.5,14182500
2018-10-14,41.4,0.0,13.5,14182500
2018-10-15,38.2,0.0,12.3,14182500
2018-10-16,36.3,0.0,13.4,14182500
2018-10-17,34.4,0.0,14.5,14182500
2018-10-18,33.4,0.0,12.3,14182500
2018-10-19,32.7,0.0,11.5,14182500
2018-10-20,32.0,0.0,12.2,14182500
2018-10-21,31.4,0.0,11.7,14182500
2018-10-22,30.7,0.0,10.3,14182500
2018-10-23,30.4,0.3,10.6,14182500
2018-10-24,30.4,1.2,10.8,14182500
2018-10-25,30.3,0.9,12.4,14182500
2018-10-26,36.7,12.6,13.6,14182500
2018-10-27,74.1,6.9,12.7,14182500
2018-10-28,186.0,20.1,14.2,14182500
2018-10-29,465.0,7.0,11.3,14182500
2018-10-30,398.0,2.6,9.1,14182500
2018-10-31,276.0,12.3,11.0,14182500
2018-11-01,792.0,3.3,14.4,14182500
2018-11-02,921.0,5.3,14.2,14182500
2018-11-03,649.0,0.0,11.0,14182500
2018-11-04,590.0,7.9,12.6,14182500
2018-11-05,685.0,1.1,10.2,14182500
2018-11-06,824.0,1.7,9.4,14182500
2018-11-07,574.0,0.0,7.5,14182500
2018-11-08,385.0,0.0,5.8,14182500
2018-11-09,286.0,0.0,4.0,14182500
2018-11-10,228.0,0.0,6.5,14182500
2018-11-11,190.0,0.0,4.7,14182500
2018-11-12,163.0,0.0,5.6,14182500
2018-11-13,144.0,0.0,3.8,14182500
2018-11-14,130.0,0.5,5.2,14182500
2018-11-15,120.0,0.0,7.8,14182500
2018-11-16,111.0,0.0,8.0,14182500
2018-11-17,104.0,0.0,8.6,14182500
2018-11-18,96.4,0.0,5.6,14182500
2018-11-19,90.9,0.0,3.1,14182500
2018-11-20,86.1,0.0,2.4,14182500
2018-11-21,83.7,6.7,4.3,14182500
2018-11-22,92.6,15.7,7.7,14182500
2018-11-23,383.0,11.9,8.1,14182500
2018-11-24,717.0,0.7,6.4,14182500
2018-11-25,429.0,0.0,4.4,14182500
2018-11-26,307.0,0.0,7.1,14182500
2018-11-27,1220.0,19.3,12.0,14182500
2018-11-28,1960.0,16.1,9.0,14182500
2018-11-29,1620.0,1.9,7.0,14182500
2018-11-30,998.0,3.5,7.1,14182500
2018-12-01,927.0,7.2,5.8,14182500
2018-12-02,719.0,1.8,4.6,14182500
2018-12-03,554.0,0.7,3.5,14182500
2018-12-04,450.0,0.0,1.7,14182500
2018-12-05,377.0,0.0,1.5,14182500
2018-12-06,321.0,0.0,0.5,14182500
2018-12-07,282.0,0.2,-1.2,14182500
2018-12-08,258.0,2.3,2.1,14182500
2018-12-09,254.0,4.0,1.9,14182500
2018-12-10,461.0,13.2,5.7,14182500
2018-12-11,734.0,2.8,6.6,14182500
2018-12-12,2590.0,13.5,7.0,14182500
2018-12-13,1140.0,0.0,7.6,14182500
2018-12-14,768.0,3.8,3.8,14182500
2018-12-15,639.0,3.6,4.9,14182500
2018-12-16,544.0,16.7,6.5,14182500
2018-12-17,626.0,0.8,8.0,14182500
2018-12-18,3810.0,47.5,9.9,14182500
2018-12-19,2320.0,0.7,9.1,14182500
2018-12-20,1520.0,6.3,9.9,14182500
2018-12-21,1590.0,1.5,4.5,14182500
2018-12-22,1070.0,0.3,2.1,14182500
2018-12-23,2160.0,17.0,6.7,14182500
2018-12-24,3450.0,21.0,7.7,14182500
2018-12-25,1710.0,0.5,4.1,14182500
2018-12-26,1170.0,2.1,4.5,14182500
2018-12-27,1050.0,1.7,4.2,14182500
2018-12-28,868.0,0.7,5.3,14182500
2018-12-29,973.0,2.2,7.2,14182500
2018-12-30,3560.0,11.2,7.8,14182500
2018-12-31,1750.0,0.6,3.4,14182500
2019-01-01,1150.0,0.0,0.1,14182500
2019-01-02,878.0,0.0,-0.9,14182500
2019-01-03,712.0,1.8,5.6,14182500
2019-01-04,666.0,2.8,7.4,14182500
2019-01-05,618.0,0.6,4.0,14182500
2019-01-06,584.0,9.2,5.1,14182500
2019-01-07,535.0,2.5,3.7,14182500
2019-01-08,570.0,10.7,4.5,14182500
2019-01-09,708.0,3.5,5.1,14182500
2019-01-10,994.0,2.5,9.2,14182500
2019-01-11,845.0,0.0,6.4,14182500
2019-01-12,673.0,0.0,3.5,14182500
2019-01-13,560.0,0.0,3.2,14182500
2019-01-14,481.0,0.0,2.3,14182500
2019-01-15,422.0,0.0,1.1,14182500
2019-01-16,379.0,0.9,1.2,14182500
2019-01-17,365.0,9.6,5.2,14182500
2019-01-18,476.0,7.5,6.5,14182500
2019-01-19,4090.0,26.9,9.5,14182500
2019-01-20,1930.0,18.9,6.1,14182500
2019-01-21,1230.0,2.5,4.1,14182500
2019-01-22,926.0,2.9,4.9,14182500
2019-01-23,1760.0,7.5,8.9,14182500
2019-01-24,1500.0,0.0,6.5,14182500
2019-01-25,1080.0,0.0,3.9,14182500
2019-01-26,842.0,0.0,3.7,14182500
2019-01-27,702.0,0.0,3.3,14182500
2019-01-28,611.0,0.0,4.1,14182500
2019-01-29,534.0,0.0,3.1,14182500
2019-01-30,471.0,0.0,1.6,14182500
2019-01-31,419.0,0.0,1.8,14182500
2019-02-01,387.0,7.9,6.0,14182500
2019-02-02,407.0,2.2,7.3,14182500
2019-02-03,475.0,9.5,6.1,14182500
2019-02-04,485.0,7.1,2.4,14182500
2019-02-05,429.0,1.8,0.8,14182500
2019-02-06,383.0,1.4,1.0,14182500
2019-02-07,349.0,0.0,-2.3,14182500
2019-02-08,329.0,0.0,-0.5,14182500
2019-02-09,331.0,13.2,2.4,14182500
2019-02-10,295.0,0.3,-0.8,14182500
2019-02-11,329.0,27.5,3.4,14182500
2019-02-12,424.0,32.5,5.8,14182500
2019-02-13,532.0,13.5,4.8,14182500
2019-02-14,637.0,9.3,4.1,14182500
2019-02-15,866.0,2.8,5.3,14182500
2019-02-16,798.0,4.2,4.4,14182500
2019-02-17,721.0,2.2,2.1,14182500
2019-02-18,610.0,0.0,1.3,14182500
2019-02-19,545.0,1.2,3.0,14182500
2019-02-20,574.0,11.8,3.9,14182500
2019-02-21,516.0,2.8,1.5,14182500
2019-02-22,463.0,0.0,1.2,14182500
2019-02-23,459.0,6.1,4.9,14182500
2019-02-24,554.0,31.8,3.7,14182500
2019-02-25,527.0,11.3,1.7,14182500
2019-02-26,455.0,0.0,-1.4,14182500
2019-02-27,410.0,8.4,-1.4,14182500
2019-02-28,368.0,1.2,-4.2,14182500
2019-03-01,342.0,0.2,1.5,14182500
2019-03-02,330.0,0.0,1.5,14182500
2019-03-03,318.0,0.0,1.3,14182500
2019-03-04,297.0,0.0,-1.2,14182500
2019-03-05,286.0,0.0,-1.0,14182500
2019-03-06,286.0,5.4,0.3,14182500
2019-03-07,281.0,4.5,2.2,14182500
2019-03-08,275.0,3.5,1.5,14182500
2019-03-09,282.0,4.9,2.3,14182500
2019-03-10,271.0,0.0,2.5,14182500
2019-03-11,265.0,0.0,2.8,14182500
2019-03-12,356.0,15.2,7.4,14182500
2019-03-13,414.0,1.5,4.8,14182500
2019-03-14,418.0,0.3,4.8,14182500
2019-03-15,428.0,0.0,5.6,14182500
2019-03-16,528.0,0.0,6.4,14182500
2019-03-17,744.0,0.0,8.1,14182500
2019-03-18,1030.0,0.0,10.6,14182500
2019-03-19,1300.0,0.0,11.3,14182500
2019-03-20,1620.0,0.0,11.6,14182500
2019-03-21,1510.0,0.0,10.4,14182500
2019-03-22,1250.0,3.8,6.6,14182500
2019-03-23,1310.0,1.8,8.3,14182500
2019-03-24,1220.0,0.1,7.2,14182500
2019-03-25,1060.0,3.8,7.5,14182500
2019-03-26,1090.0,1.0,6.8,14182500
2019-03-27,962.0,3.8,6.9,14182500
2019-03-28,1020.0,2.9,7.0,14182500
2019-03-29,937.0,1.4,7.1,14182500
2019-03-30,932.0,0.0,9.1,14182500
2019-03-31,938.0,0.0,9.6,14182500
2019-04-01,1030.0,3.2,10.8,14182500
2019-04-02,1300.0,14.8,11.1,14182500
2019-04-03,2030.0,4.8,12.1,14182500
2019-04-04,1930.0,4.0,9.7,14182500
2019-04-05,1840.0,14.7,10.0,14182500
2019-04-06,2150.0,13.2,8.5,14182500
2019-04-07,7050.0,42.5,10.5,14182500
2019-04-08,8070.0,19.5,10.8,14182500
2019-04-09,5430.0,7.0,9.5,14182500
2019-04-10,3350.0,2.7,9.1,14182500
2019-04-11,5360.0,12.1,8.8,14182500
2019-04-12,4120.0,4.3,10.3,14182500
2019-04-13,2730.0,3.1,8.2,14182500
2019-04-14,1990.0,1.1,7.0,14182500
2019-04-15,1450.0,0.9,6.4,14182500
2019-04-16,1150.0,9.1,8.8,14182500
2019-04-17,978.0,1.3,11.3,14182500
2019-04-18,921.0,0.0,12.8,14182500
2019-04-19,1060.0,0.2,14.1,14182500
2019-04-20,1080.0,7.8,11.4,14182500
2019-04-21,884.0,0.0,10.0,14182500
2019-04-22,737.0,0.0,9.6,14182500
2019-04-23,706.0,1.9,12.9,14182500
2019-04-24,729.0,0.0,11.2,14182500
2019-04-25,637.0,0.0,11.7,14182500
2019-04-26,574.0,0.0,12.0,14182500
2019-04-27,508.0,0.0,9.9,14182500
2019-04-28,441.0,0.0,7.9,14182500
2019-04-29,389.0,0.0,11.0,14182500
2019-04-30,351.0,0.0,11.8,14182500
2019-05-01,320.0,0.0,11.0,14182500
2019-05-02,298.0,0.0,9.2,14182500
2019-05-03,281.0,0.0,10.9,14182500
2019-05-04,273.0,0.0,13.4,14182500
2019-05-05,280.0,0.0,15.2,14182500
2019-05-06,294.0,0.0,15.9,14182500
2019-05-07,309.0,0.0,16.6,14182500
2019-05-08,305.0,0.0,14.6,14182500
2019-05-09,296.0,0.0,19.2,14182500
2019-05-10,285.0,0.0,18.3,14182500
2019-05-11,264.0,0.0,18.5,14182500
2019-05-12,255.0,0.0,14.6,14182500
2019-05-13,240.0,0.0,13.3,14182500
2019-05-14,228.0,5.8,13.1,14182500
2019-05-15,222.0,6.2,12.2,14182500
2019-05-16,229.0,7.3,12.3,14182500
2019-05-17,251.0,1.9,12.2,14182500
2019-05-18,253.0,0.9,13.2,14182500
2019-05-19,240.0,18.8,13.2,14182500
2019-05-20,224.0,1.0,12.6,14182500
2019-05-21,219.0,4.6,12.3,14182500
2019-05-22,215.0,0.3,13.7,14182500
2019-05-23,199.0,1.3,15.4,14182500
2019-05-24,192.0,5.9,14.0,14182500
2019-05-25,203.0,4.7,11.3,14182500
2019-05-26,244.0,9.5,11.3,14182500
2019-05-27,243.0,1.5,15.1,14182500
2019-05-28,220.0,0.0,14.4,14182500
2019-05-29,203.0,0.0,14.1,14182500
2019-05-30,186.0,0.0,15.9,14182500
2019-05-31,175.0,0.0,17.6,14182500
2019-06-01,163.0,0.0,18.5,14182500
2019-06-02,152.0,0.0,18.3,14182500
2019-06-03,141.0,0.0,16.0,14182500
2019-06-04,132.0,0.0,16.1,14182500
2019-06-05,125.0,0.7,15.9,14182500
2019-06-06,122.0,2.2,13.6,14182500
2019-06-07,138.0,0.9,12.5,14182500
2019-06-08,146.0,0.0,12.7,14182500
2019-06-09,125.0,0.0,16.1,14182500
2019-06-10,115.0,0.0,20.6,14182500
2019-06-11,108.0,0.0,24.0,14182500
2019-06-12,102.0,0.0,26.3,14182500
2019-06-13,96.5,0.0,23.2,14182500
2019-06-14,91.8,0.0,18.9,14182500
2019-06-15,88.3,0.0,18.5,14182500
2019-06-16,85.1,0.0,19.9,14182500
2019-06-17,81.8,0.0,19.6,14182500
2019-06-18,79.3,0.0,19.7,14182500
2019-06-19,76.4,0.0,16.2,14182500
2019-06-20,76.3,0.3,14.9,14182500
2019-06-21,79.5,0.0,15.0,14182500
2019-06-22,74.5,0.0,16.7,14182500
2019-06-23,71.3,0.0,17.4,14182500
2019-06-24,68.7,0.0,16.6,14182500
2019-06-25,66.8,0.2,17.3,14182500
2019-06-26,66.8,0.3,15.4,14182500
2019-06-27,70.9,6.3,13.6,14182500
2019-06-28,77.5,2.0,15.0,14182500
2019-06-29,68.2,0.0,16.5,14182500
2019-06-30,63.5,0.0,18.1,14182500
2019-07-01,61.2,0.5,19.5,14182500
2019-07-02,61.2,0.8,16.6,14182500
2019-07-03,62.4,0.0,17.2,14182500
2019-07-04,60.0,0.0,19.0,14182500
2019-07-05,56.8,0.0,19.3,14182500
2019-07-06,55.1,0.1,17.0,14182500
2019-07-07,54.2,0.0,17.8,14182500
2019-07-08,52.7,0.0,19.4,14182500
2019-07-09,51.6,1.1,18.9,14182500
2019-07-10,54.0,10.5,18.5,14182500
2019-07-11,52.5,0.3,20.1,14182500
2019-07-12,50.4,0.0,21.3,14182500
2019-07-13,48.5,0.0,20.6,14182500
2019-07-14,47.3,0.0,21.6,14182500
2019-07-15,47.1,2.0,20.4,14182500
2019-07-16,49.4,0.2,19.9,14182500
2019-07-17,47.4,0.0,18.9,14182500
2019-07-18,51.4,1.2,20.1,14182500
2019-07-19,54.6,0.0,17.8,14182500
2019-07-20,47.3,0.0,19.4,14182500
2019-07-21,44.5,0.0,21.0,14182500
2019-07-22,42.5,0.0,20.7,14182500
2019-07-23,41.5,0.0,20.8,14182500
2019-07-24,40.7,0.0,19.3,14182500
2019-07-25,39.9,0.0,22.3,14182500
2019-07-26,38.8,0.0,24.7,14182500
2019-07-27,37.8,0.1,21.4,14182500
2019-07-28,37.6,0.0,21.5,14182500
2019-07-29,36.8,0.0,21.3,14182500
2019-07-30,36.3,0.0,20.0,14182500
2019-07-31,36.0,0.0,20.2,14182500
2019-08-01,35.4,0.0,21.4,14182500
2019-08-02,34.8,0.0,22.1,14182500
2019-08-03,34.7,0.0,23.1,14182500
2019-08-04,34.2,0.0,24.9,14182500
2019-08-05,33.2,0.0,23.4,14182500
2019-08-06,32.8,0.0,21.5,14182500
2019-08-07,32.6,0.0,20.3,14182500
2019-08-08,33.6,0.0,18.8,14182500
2019-08-09,34.5,0.0,19.7,14182500
2019-08-10,35.2,2.2,18.9,14182500
2019-08-11,36.8,0.2,18.6,14182500
2019-08-12,37.8,0.0,20.0,14182500
2019-08-13,34.5,0.0,22.1,14182500
2019-08-14,32.4,0.0,22.2,14182500
2019-08-15,31.3,0.0,22.2,14182500
2019-08-16,30.6,0.0,20.6,14182500
2019-08-17,30.2,0.0,19.3,14182500
2019-08-18,29.9,0.0,20.0,14182500
2019-08-19,29.5,0.0,20.6,14182500
2019-08-20,29.2,0.0,20.9,14182500
2019-08-21,30.0,5.0,18.2,14182500
2019-08-22,36.2,2.3,17.7,14182500
2019-08-23,38.4,0.0,18.3,14182500
2019-08-24,33.0,0.0,20.1,14182500
2019-08-25,30.5,0.0,20.1,14182500
2019-08-26,29.1,0.0,20.1,14182500
2019-08-27,28.1,0.0,24.7,14182500
2019-08-28,27.0,0.0,25.5,14182500
2019-08-29,28.7,1.4,22.0,14182500
2019-08-30,30.8,0.0,20.7,14182500
2019-08-31,30.2,0.0,20.1,14182500
2019-09-01,28.7,0.0,21.0,14182500
2019-09-02,27.7,0.0,19.5,14182500
2019-09-03,27.2,0.0,20.5,14182500
2019-09-04,27.3,0.0,20.2,14182500
2019-09-05,27.6,0.0,22.0,14182500
2019-09-06,27.4,0.0,22.0,14182500
2019-09-07,27.6,0.0,19.1,14182500
2019-09-08,35.0,3.8,17.3,14182500
2019-09-09,145.0,7.5,16.3,14182500
2019-09-10,95.4,16.0,15.9,14182500
2019-09-11,68.5,8.9,15.9,14182500
2019-09-12,55.0,0.0,16.7,14182500
2019-09-13,47.8,3.7,18.2,14182500
2019-09-14,44.6,0.0,17.6,14182500
2019-09-15,55.8,18.7,15.7,14182500
2019-09-16,168.0,7.1,14.3,14182500
2019-09-17,149.0,5.7,15.0,14182500
2019-09-18,452.0,19.9,14.4,14182500
2019-09-19,298.0,2.3,14.0,14182500
2019-09-20,183.0,1.0,15.6,14182500
2019-09-21,139.0,0.0,15.8,14182500
2019-09-22,122.0,14.5,14.9,14182500
2019-09-23,160.0,5.5,14.3,14182500
2019-09-24,142.0,0.5,17.2,14182500
2019-09-25,127.0,0.0,15.8,14182500
2019-09-26,111.0,0.1,15.4,14182500
2019-09-27,105.0,0.2,14.3,14182500
2019-09-28,110.0,3.6,11.1,14182500
2019-09-29,125.0,6.3,8.4,14182500
2019-09-30,119.0,0.4,8.3,14182500
2019-10-01,106.0,0.0,8.6,14182500
2019-10-02,96.1,0.0,8.0,14182500
2019-10-03,92.5,1.7,11.3,14182500
2019-10-04,95.3,2.1,10.9,14182500
2019-10-05,110.0,0.0,10.7,14182500
2019-10-06,102.0,0.0,11.9,14182500
2019-10-07,94.0,0.0,11.1,14182500
2019-10-08,118.0,1.0,14.1,14182500
2019-10-09,194.0,0.0,7.3,14182500
2019-10-10,165.0,0.0,7.3,14182500
2019-10-11,136.0,0.0,8.6,14182500
2019-10-12,119.0,0.0,7.7,14182500
2019-10-13,108.0,1.3,10.8,14182500
2019-10-14,97.8,0.0,10.0,14182500
2019-10-15,90.3,0.0,9.4,14182500
2019-10-16,92.1,4.4,11.7,14182500
2019-10-17,237.0,10.0,11.6,14182500
2019-10-18,793.0,7.4,11.0,14182500
2019-10-19,2460.0,20.7,10.9,14182500
2019-10-20,1810.0,2.1,10.2,14182500
2019-10-21,1000.0,1.4,13.2,14182500
2019-10-22,1150.0,10.4,14.6,14182500
2019-10-23,934.0,0.0,10.6,14182500
2019-10-24,611.0,0.0,9.9,14182500
2019-10-25,452.0,0.3,11.7,14182500
2019-10-26,361.0,0.3,8.7,14182500
2019-10-27,300.0,0.0,7.4,14182500
2019-10-28,256.0,0.0,5.2,14182500
2019-10-29,223.0,0.0,5.0,14182500
2019-10-30,200.0,0.0,2.7,14182500
2019-10-31,183.0,0.0,2.4,14182500
2019-11-01,167.0,0.0,5.2,14182500
2019-11-02,154.0,0.0,6.8,14182500
2019-11-03,143.0,0.0,7.1,14182500
2019-11-04,134.0,0.0,6.8,14182500
2019-11-05,126.0,0.0,5.7,14182500
2019-11-06,119.0,0.0,4.9,14182500
2019-11-07,112.0,0.0,5.8,14182500
2019-11-08,107.0,0.0,4.8,14182500
2019-11-09,102.0,0.7,7.2,14182500
2019-11-10,98.0,0.0,9.7,14182500
2019-11-11,94.3,0.0,10.2,14182500
2019-11-12,91.5,1.7,7.3,14182500
2019-11-13,89.9,0.0,8.4,14182500
2019-11-14,86.6,0.0,6.9,14182500
2019-11-15,115.0,4.0,9.0,14182500
2019-11-16,136.0,0.0,9.0,14182500
2019-11-17,107.0,0.6,9.0,14182500
2019-11-18,101.0,1.1,10.6,14182500
2019-11-19,218.0,6.9,11.2,14182500
2019-11-20,289.0,0.0,7.4,14182500
2019-11-21,214.0,0.0,5.8,14182500
2019-11-22,178.0,0.0,3.3,14182500
2019-11-23,157.0,0.0,1.6,14182500
2019-11-24,146.0,1.4,5.2,14182500
2019-11-25,169.0,4.8,5.1,14182500
2019-11-26,182.0,5.3,4.2,14182500
2019-11-27,170.0,2.5,4.0,14182500
2019-11-28,154.0,0.0,2.3,14182500
2019-11-29,142.0,0.0,-0.0,14182500
2019-11-30,134.0,0.0,-1.7,14182500
2019-12-01,130.0,4.9,1.4,14182500
2019-12-02,126.0,0.1,1.2,14182500
2019-12-03,125.0,0.0,1.1,14182500
2019-12-04,132.0,0.0,1.5,14182500
2019-12-05,136.0,0.0,3.3,14182500
2019-12-06,134.0,0.7,3.7,14182500
2019-12-07,144.0,21.9,5.0,14182500
2019-12-08,159.0,4.2,6.8,14182500
2019-12-09,161.0,0.0,5.6,14182500
2019-12-10,154.0,5.8,3.8,14182500
2019-12-11,163.0,11.7,6.7,14182500
2019-12-12,735.0,18.8,8.7,14182500
2019-12-13,929.0,5.0,7.4,14182500
2019-12-14,577.0,2.0,4.7,14182500
2019-12-15,423.0,0.0,3.0,14182500
2019-12-16,338.0,0.2,3.4,14182500
2019-12-17,286.0,0.0,1.3,14182500
2019-12-18,251.0,0.0,-0.4,14182500
2019-12-19,518.0,22.7,7.0,14182500
2019-12-20,2130.0,12.9,12.0,14182500
2019-12-21,1250.0,25.8,10.7,14182500
2019-12-22,1100.0,8.2,6.5,14182500
2019-12-23,844.0,6.8,6.1,14182500
2019-12-24,672.0,0.0,1.8,14182500
2019-12-25,559.0,1.8,5.0,14182500
2019-12-26,469.0,0.1,1.4,14182500
2019-12-27,409.0,0.4,3.5,14182500
2019-12-28,360.0,0.0,2.8,14182500
2019-12-29,328.0,1.3,4.2,14182500
2019-12-30,301.0,0.0,4.3,14182500
2019-12-31,289.0,1.8,5.9,14182500
2020-01-01,2010.0,15.4,9.8,14182500
2020-01-02,1960.0,0.0,7.8,14182500
2020-01-03,1180.0,0.0,9.2,14182500
2020-01-04,965.0,11.8,8.0,14182500
2020-01-05,871.0,8.6,6.3,14182500
2020-01-06,1640.0,14.3,6.9,14182500
2020-01-07,1880.0,3.2,9.5,14182500
2020-01-08,2460.0,8.8,6.9,14182500
2020-01-09,1700.0,3.0,4.1,14182500
2020-01-10,1340.0,7.3,5.0,14182500
2020-01-11,2970.0,9.7,6.9,14182500
2020-01-12,2440.0,20.3,5.8,14182500
2020-01-13,1780.0,10.5,3.4,14182500
2020-01-14,1210.0,5.2,2.7,14182500
2020-01-15,919.0,1.4,1.6,14182500
2020-01-16,837.0,16.3,3.9,14182500
2020-01-17,708.0,3.1,1.9,14182500
2020-01-18,753.0,5.5,5.7,14182500
2020-01-19,1220.0,0.6,8.1,14182500
2020-01-20,1410.0,0.0,6.7,14182500
2020-01-21,1430.0,7.8,6.7,14182500
2020-01-22,1790.0,6.7,7.4,14182500
2020-01-23,3810.0,8.9,10.8,14182500
2020-01-24,4350.0,16.3,10.7,14182500
2020-01-25,2870.0,4.1,9.9,14182500
2020-01-26,2830.0,16.3,10.1,14182500
2020-01-27,2520.0,8.3,7.7,14182500
2020-01-28,4480.0,23.8,9.4,14182500
2020-01-29,3500.0,8.4,8.4,14182500
2020-01-30,2630.0,5.3,8.1,14182500
2020-01-31,2000.0,2.9,12.1,14182500
2020-02-01,2630.0,5.8,11.5,14182500
2020-02-02,2450.0,1.1,4.5,14182500
2020-02-03,1450.0,1.0,2.3,14182500
2020-02-04,1040.0,0.0,1.0,14182500
2020-02-05,1220.0,7.9,5.5,14182500
2020-02-06,2720.0,0.6,9.1,14182500
2020-02-07,3080.0,0.7,9.7,14182500
2020-02-08,2990.0,4.5,7.3,14182500
2020-02-09,1920.0,0.1,3.3,14182500
2020-02-10,1350.0,0.0,2.9,14182500
2020-02-11,1050.0,0.0,2.5,14182500
2020-02-12,870.0,0.0,5.6,14182500
2020-02-13,743.0,0.9,2.5,14182500
2020-02-14,675.0,1.2,5.2,14182500
2020-02-15,685.0,10.3,5.6,14182500
2020-02-16,1320.0,16.9,7.1,14182500
2020-02-17,1030.0,1.1,4.8,14182500
2020-02-18,830.0,0.0,3.3,14182500
2020-02-19,696.0,0.0,3.3,14182500
2020-02-20,603.0,0.0,3.7,14182500
2020-02-21,534.0,0.0,3.5,14182500
2020-02-22,496.0,0.0,4.0,14182500
2020-02-23,536.0,3.5,6.6,14182500
2020-02-24,599.0,0.1,4.5,14182500
2020-02-25,513.0,0.0,3.7,14182500
2020-02-26,464.0,0.4,7.2,14182500
2020-02-27,441.0,0.0,5.8,14182500
2020-02-28,447.0,0.0,6.3,14182500
2020-02-29,514.0,3.6,6.4,14182500
2020-03-01,472.0,2.3,3.2,14182500
2020-03-02,424.0,0.0,4.6,14182500
2020-03-03,458.0,1.8,8.7,14182500
2020-03-04,529.0,0.0,8.6,14182500
2020-03-05,522.0,0.0,6.6,14182500
2020-03-06,509.0,3.6,7.1,14182500
2020-03-07,528.0,7.0,5.0,14182500
2020-03-08,485.0,0.1,3.1,14182500
2020-03-09,443.0,0.0,4.1,14182500
2020-03-10,405.0,0.0,4.6,14182500
2020-03-11,376.0,0.0,5.4,14182500
2020-03-12,350.0,0.0,5.4,14182500
2020-03-13,337.0,2.8,3.7,14182500
2020-03-14,336.0,15.1,3.4,14182500
2020-03-15,307.0,0.9,3.6,14182500
2020-03-16,284.0,0.5,4.8,14182500
2020-03-17,273.0,0.0,5.9,14182500
2020-03-18,262.0,0.0,6.7,14182500
2020-03-19,251.0,0.0,6.4,14182500
2020-03-20,247.0,0.0,7.9,14182500
2020-03-21,257.0,0.0,8.7,14182500
2020-03-22,267.0,0.0,6.8,14182500
2020-03-23,283.0,3.2,7.9,14182500
2020-03-24,307.0,4.7,6.0,14182500
2020-03-25,323.0,4.4,5.0,14182500
2020-03-26,310.0,0.1,4.2,14182500
2020-03-27,298.0,3.6,6.2,14182500
2020-03-28,387.0,6.1,8.0,14182500
2020-03-29,1210.0,7.6,9.3,14182500
2020-03-30,2280.0,11.0,9.0,14182500
2020-03-31,2310.0,6.1,6.9,14182500
2020-04-01,1440.0,7.2,5.2,14182500
2020-04-02,1070.0,5.3,5.1,14182500
2020-04-03,874.0,0.8,3.9,14182500
2020-04-04,741.0,1.8,5.4,14182500
2020-04-05,702.0,4.2,7.6,14182500
2020-04-06,792.0,0.2,10.2,14182500
2020-04-07,778.0,0.0,8.7,14182500
2020-04-08,816.0,0.0,9.4,14182500
2020-04-09,898.0,0.0,13.0,14182500
2020-04-10,1010.0,0.0,12.3,14182500
2020-04-11,992.0,0.0,11.3,14182500
2020-04-12,834.0,0.0,9.5,14182500
2020-04-13,665.0,0.0,9.3,14182500
2020-04-14,559.0,0.0,10.0,14182500
2020-04-15,509.0,0.4,10.9,14182500
2020-04-16,494.0,0.0,12.5,14182500
2020-04-17,479.0,0.0,12.1,14182500
2020-04-18,483.0,3.5,11.5,14182500
2020-04-19,462.0,0.4,9.6,14182500
2020-04-20,449.0,0.0,10.4,14182500
2020-04-21,471.0,0.0,11.7,14182500
2020-04-22,582.0,17.0,11.1,14182500
2020-04-23,1560.0,4.4,12.6,14182500
2020-04-24,1000.0,3.7,12.2,14182500
2020-04-25,943.0,5.6,12.9,14182500
2020-04-26,1020.0,0.0,10.4,14182500
2020-04-27,1230.0,8.7,13.0,14182500
2020-04-28,1250.0,0.7,14.4,14182500
2020-04-29,1040.0,0.0,15.0,14182500
2020-04-30,1110.0,2.3,13.6,14182500
2020-05-01,856.0,1.6,9.9,14182500
2020-05-02,729.0,11.1,11.6,14182500
2020-05-03,917.0,5.3,9.3,14182500
2020-05-04,762.0,0.5,9.2,14182500
2020-05-05,632.0,0.7,12.8,14182500
2020-05-06,616.0,5.1,11.9,14182500
2020-05-07,547.0,0.0,11.8,14182500
2020-05-08,481.0,0.0,16.6,14182500
2020-05-09,489.0,0.0,18.3,14182500
2020-05-10,517.0,0.0,17.7,14182500
2020-05-11,514.0,0.2,15.5,14182500
2020-05-12,515.0,7.3,12.6,14182500
2020-05-13,653.0,7.9,11.2,14182500
2020-05-14,786.0,12.0,11.3,14182500
2020-05-15,1380.0,3.2,12.5,14182500
2020-05-16,960.0,1.8,14.0,14182500
2020-05-17,784.0,8.2,13.3,14182500
2020-05-18,790.0,22.5,12.6,14182500
2020-05-19,846.0,1.6,11.7,14182500
2020-05-20,882.0,0.9,12.3,14182500
2020-05-21,1280.0,0.3,11.7,14182500
2020-05-22,1630.0,1.2,9.8,14182500
2020-05-23,1210.0,0.1,10.9,14182500
2020-05-24,918.0,0.0,12.7,14182500
2020-05-25,741.0,0.7,14.6,14182500
2020-05-26,626.0,0.0,17.0,14182500
2020-05-27,543.0,0.0,16.9,14182500
2020-05-28,478.0,0.0,20.2,14182500
2020-05-29,432.0,0.0,20.2,14182500
2020-05-30,416.0,13.9,17.0,14182500
2020-05-31,397.0,4.1,12.3,14182500
2020-06-01,342.0,0.0,13.5,14182500
2020-06-02,303.0,0.0,15.3,14182500
2020-06-03,276.0,0.0,16.2,14182500
2020-06-04,255.0,0.0,15.6,14182500
2020-06-05,238.0,0.4,16.4,14182500
2020-06-06,249.0,7.7,12.7,14182500
2020-06-07,360.0,2.2,10.9,14182500
2020-06-08,492.0,2.3,12.4,14182500
2020-06-09,655.0,9.2,14.0,14182500
2020-06-10,1220.0,4.0,17.2,14182500
2020-06-11,771.0,2.7,16.6,14182500
2020-06-12,599.0,7.5,15.8,14182500
2020-06-13,577.0,4.8,12.1,14182500
2020-06-14,1370.0,5.2,13.0,14182500
2020-06-15,1980.0,10.8,14.3,14182500
2020-06-16,2230.0,6.2,12.5,14182500
2020-06-17,1430.0,0.2,14.3,14182500
2020-06-18,1000.0,0.0,16.2,14182500
2020-06-19,766.0,0.0,19.2,14182500
2020-06-20,623.0,3.2,18.2,14182500
2020-06-21,537.0,0.8,17.4,14182500
2020-06-22,456.0,0.0,18.2,14182500
2020-06-23,396.0,0.0,22.4,14182500
2020-06-24,350.0,0.0,21.3,14182500
2020-06-25,314.0,0.0,19.3,14182500
2020-06-26,283.0,0.0,22.1,14182500
2020-06-27,258.0,0.4,20.7,14182500
2020-06-28,247.0,0.8,15.7,14182500
2020-06-29,242.0,0.3,16.6,14182500
2020-06-30,223.0,2.1,16.4,14182500
2020-07-01,209.0,0.4,14.9,14182500
2020-07-02,197.0,0.0,15.8,14182500
2020-07-03,183.0,0.0,16.4,14182500
2020-07-04,172.0,0.0,16.9,14182500
2020-07-05,162.0,0.0,17.0,14182500
2020-07-06,155.0,0.0,17.0,14182500
2020-07-07,150.0,0.1,16.0,14182500
2020-07-08,145.0,0.2,17.3,14182500
2020-07-09,137.0,0.0,18.2,14182500
2020-07-10,131.0,0.0,19.4,14182500
2020-07-11,124.0,0.0,19.1,14182500
2020-07-12,118.0,0.0,17.8,14182500
2020-07-13,113.0,0.0,18.8,14182500
2020-07-14,108.0,0.0,20.7,14182500
2020-07-15,103.0,0.0,23.1,14182500
2020-07-16,98.9,0.0,23.8,14182500
2020-07-17,95.5,0.0,21.4,14182500
2020-07-18,92.7,0.0,19.4,14182500
2020-07-19,89.4,0.0,23.4,14182500
2020-07-20,85.7,0.0,24.8,14182500
2020-07-21,82.6,0.0,24.9,14182500
2020-07-22,79.6,0.0,23.3,14182500
2020-07-23,77.3,0.4,21.0,14182500
2020-07-24,75.2,0.0,19.3,14182500
2020-07-25,73.5,0.0,18.8,14182500
2020-07-26,71.1,0.0,23.6,14182500
2020-07-27,67.9,0.0,27.3,14182500
2020-07-28,66.8,0.0,23.8,14182500
2020-07-29,64.5,0.0,25.4,14182500
2020-07-30,62.3,0.0,25.8,14182500
2020-07-31,59.9,0.0,22.8,14182500
2020-08-01,58.7,0.0,20.3,14182500
2020-08-02,57.5,0.0,21.2,14182500
2020-08-03,56.1,0.0,21.1,14182500
2020-08-04,55.0,0.0,22.9,14182500
2020-08-05,53.7,0.0,22.2,14182500
2020-08-06,54.5,3.3,18.4,14182500
2020-08-07,57.8,0.0,17.8,14182500
2020-08-08,54.5,0.0,20.1,14182500
2020-08-09,52.4,0.0,19.3,14182500
2020-08-10,50.6,0.0,23.5,14182500
2020-08-11,49.0,0.0,21.5,14182500
2020-08-12,47.6,0.0,18.5,14182500
2020-08-13,46.9,0.0,18.3,14182500
2020-08-14,45.8,0.0,20.4,14182500
2020-08-15,44.6,0.0,24.7,14182500
2020-08-16,43.5,0.0,27.7,14182500
2020-08-17,42.9,0.0,24.8,14182500
2020-08-18,41.8,0.0,22.6,14182500
2020-08-19,41.2,0.0,20.7,14182500
2020-08-20,40.3,0.5,21.0,14182500
2020-08-21,40.6,0.2,22.7,14182500
2020-08-22,44.1,0.2,19.7,14182500
2020-08-23,43.7,0.0,20.2,14182500
2020-08-24,41.2,0.0,20.7,14182500
2020-08-25,39.4,0.0,20.3,14182500
2020-08-26,38.4,0.0,20.1,14182500
2020-08-27,37.4,0.0,20.3,14182500
2020-08-28,36.9,0.0,20.7,14182500
2020-08-29,36.2,0.0,20.6,14182500
2020-08-30,35.4,0.0,16.9,14182500
2020-08-31,35.3,0.0,19.0,14182500
2020-09-01,35.6,0.0,20.7,14182500
2020-09-02,35.1,0.0,24.4,14182500
2020-09-03,34.1,0.0,24.9,14182500
2020-09-04,33.2,0.0,22.4,14182500
2020-09-05,32.7,0.0,18.0,14182500
2020-09-06,32.4,0.0,20.3,14182500
2020-09-07,32.2,0.0,23.5,14182500
2020-09-08,26.6,0.0,23.6,14182500
2020-09-09,24.9,0.0,23.6,14182500
2020-09-10,30.5,0.0,23.3,14182500
2020-09-11,34.8,0.0,18.9,14182500
2020-09-12,36.6,0.0,17.9,14182500
2020-09-13,37.2,0.0,17.3,14182500
2020-09-14,38.0,0.0,18.6,14182500
2020-09-15,37.8,0.0,21.7,14182500
2020-09-16,37.3,0.0,20.4,14182500
2020-09-17,37.6,0.1,20.9,14182500
2020-09-18,51.4,30.7,19.1,14182500
2020-09-19,70.7,5.0,16.8,14182500
2020-09-20,51.8,0.2,16.3,14182500
2020-09-21,43.0,0.0,16.3,14182500
2020-09-22,40.1,0.1,17.4,14182500
2020-09-23,42.8,1.5,17.8,14182500
2020-09-24,103.0,10.2,16.7,14182500
2020-09-25,95.6,6.7,15.2,14182500
2020-09-26,578.0,1.9,15.3,14182500
2020-09-27,249.0,0.0,14.9,14182500
2020-09-28,149.0,0.0,17.3,14182500
2020-09-29,112.0,0.0,17.7,14182500
2020-09-30,93.4,0.0,18.1,14182500
2020-10-01,82.2,0.0,16.9,14182500
2020-10-02,74.3,0.0,16.6,14182500
2020-10-03,68.7,0.0,15.6,14182500
2020-10-04,64.3,0.0,16.4,14182500
2020-10-05,61.4,0.0,16.1,14182500
2020-10-06,59.0,0.0,15.7,14182500
2020-10-07,56.8,0.0,15.7,14182500
2020-10-08,54.9,0.2,16.1,14182500
2020-10-09,53.3,0.0,14.9,14182500
2020-10-10,517.0,25.2,15.6,14182500
2020-10-11,1400.0,3.5,12.5,14182500
2020-10-12,3080.0,10.2,15.0,14182500
2020-10-13,2870.0,10.7,14.2,14182500
2020-10-14,1490.0,0.5,11.9,14182500
2020-10-15,726.0,0.0,11.1,14182500
2020-10-16,487.0,0.0,11.7,14182500
2020-10-17,397.0,1.0,15.0,14182500
2020-10-18,333.0,0.3,12.9,14182500
2020-10-19,376.0,0.7,14.0,14182500
2020-10-20,314.0,0.0,12.4,14182500
2020-10-21,270.0,0.0,12.1,14182500
2020-10-22,239.0,0.0,7.0,14182500
2020-10-23,214.0,0.0,6.7,14182500
2020-10-24,286.0,0.2,11.7,14182500
2020-10-25,269.0,0.0,5.9,14182500
2020-10-26,230.0,0.0,3.5,14182500
2020-10-27,208.0,0.0,5.9,14182500
2020-10-28,191.0,0.0,8.8,14182500
2020-10-29,176.0,0.0,9.3,14182500
2020-10-30,169.0,1.6,8.6,14182500
2020-10-31,162.0,0.0,8.3,14182500
2020-11-01,149.0,0.0,7.5,14182500
2020-11-02,140.0,0.0,7.5,14182500
2020-11-03,137.0,3.7,9.2,14182500
2020-11-04,196.0,1.8,15.0,14182500
2020-11-05,555.0,9.5,15.1,14182500
2020-11-06,1750.0,9.4,9.8,14182500
2020-11-07,888.0,2.0,6.3,14182500
2020-11-08,642.0,0.4,3.7,14182500
2020-11-09,483.0,0.0,0.8,14182500
2020-11-10,536.0,5.4,6.7,14182500
2020-11-11,765.0,2.8,5.8,14182500
2020-11-12,559.0,0.4,3.9,14182500
2020-11-13,2330.0,33.3,8.4,14182500
2020-11-14,2010.0,7.6,6.5,14182500
2020-11-15,3710.0,26.7,10.1,14182500
2020-11-16,1990.0,11.4,10.4,14182500
2020-11-17,1600.0,9.2,10.5,14182500
2020-11-18,1680.0,17.5,8.6,14182500
2020-11-19,1770.0,2.7,7.8,14182500
2020-11-20,1210.0,1.0,4.0,14182500
2020-11-21,880.0,0.0,2.5,14182500
2020-11-22,700.0,0.0,2.0,14182500
2020-11-23,634.0,5.4,6.7,14182500
2020-11-24,589.0,0.0,7.4,14182500
2020-11-25,881.0,7.8,6.8,14182500
2020-11-26,1110.0,1.4,6.7,14182500
2020-11-27,902.0,0.0,3.6,14182500
2020-11-28,724.0,1.0,2.2,14182500
2020-11-29,621.0,0.0,4.0,14182500
2020-11-30,676.0,7.7,5.3,14182500
2020-12-01,665.0,0.0,3.5,14182500
2020-12-02,559.0,0.0,4.1,14182500
2020-12-03,487.0,0.0,3.0,14182500
2020-12-04,433.0,0.0,2.0,14182500
2020-12-05,398.0,0.0,2.1,14182500
2020-12-06,574.0,7.2,7.0,14182500
2020-12-07,567.0,0.0,5.2,14182500
2020-12-08,491.0,0.0,4.5,14182500
2020-12-09,595.0,5.3,8.1,14182500
2020-12-10,551.0,2.7,3.9,14182500
2020-12-11,566.0,9.0,4.2,14182500
2020-12-12,566.0,4.3,4.3,14182500
2020-12-13,901.0,12.6,5.4,14182500
2020-12-14,1260.0,3.0,6.1,14182500
2020-12-15,1270.0,4.7,6.5,14182500
2020-12-16,1540.0,9.4,7.5,14182500
2020-12-17,2490.0,14.1,7.6,14182500
2020-12-18,1650.0,0.0,6.5,14182500
2020-12-19,1930.0,8.0,9.8,14182500
2020-12-20,12100.0,81.5,10.9,14182500
2020-12-21,6790.0,7.9,12.1,14182500
2020-12-22,3610.0,8.3,6.3,14182500
2020-12-23,1940.0,0.0,2.9,14182500
2020-12-24,1340.0,0.0,-0.7,14182500
2020-12-25,1050.0,8.4,-1.3,14182500
2020-12-26,1210.0,13.5,7.4,14182500
2020-12-27,1110.0,0.0,5.1,14182500
2020-12-28,901.0,0.0,3.0,14182500
2020-12-29,749.0,0.0,-0.5,14182500
2020-12-30,709.0,9.5,4.0,14182500
2020-12-31,1410.0,6.9,7.9,14182500
2021-01-01,1310.0,3.7,9.3,14182500
2021-01-02,2040.0,14.0,8.2,14182500
2021-01-03,4550.0,27.3,8.9,14182500
2021-01-04,2900.0,23.9,9.3,14182500
2021-01-05,2390.0,2.7,6.2,14182500
2021-01-06,1600.0,17.4,8.1,14182500
2021-01-07,2010.0,7.5,8.1,14182500
2021-01-08,1560.0,12.4,6.5,14182500
2021-01-09,1290.0,0.4,2.8,14182500
2021-01-10,1050.0,9.0,5.0,14182500
2021-01-11,913.0,0.0,6.6,14182500
2021-01-12,5220.0,40.0,10.4,14182500
2021-01-13,6530.0,32.0,10.5,14182500
2021-01-14,2380.0,0.0,5.5,14182500
2021-01-15,1520.0,5.3,8.3,14182500
2021-01-16,1170.0,0.0,7.1,14182500
2021-01-17,955.0,1.0,6.2,14182500
2021-01-18,799.0,0.0,5.8,14182500
2021-01-19,682.0,0.0,3.9,14182500
2021-01-20,598.0,0.0,1.4,14182500
2021-01-21,535.0,0.0,3.8,14182500
2021-01-22,481.0,1.3,4.2,14182500
2021-01-23,435.0,0.0,1.6,14182500
2021-01-24,412.0,4.1,2.6,14182500
2021-01-25,396.0,2.3,2.0,14182500
2021-01-26,367.0,2.9,1.9,14182500
2021-01-27,354.0,12.4,1.9,14182500
2021-01-28,365.0,12.2,5.2,14182500
2021-01-29,353.0,0.2,4.2,14182500
2021-01-30,355.0,4.9,5.9,14182500
2021-01-31,457.0,12.4,7.3,14182500
2021-02-01,566.0,22.5,8.3,14182500
2021-02-02,783.0,5.3,7.3,14182500
2021-02-03,795.0,19.5,4.8,14182500
2021-02-04,667.0,0.0,4.6,14182500
2021-02-05,798.0,1.0,6.7,14182500
2021-02-06,962.0,0.3,6.2,14182500
2021-02-07,999.0,0.4,6.6,14182500
2021-02-08,841.0,0.0,4.8,14182500
2021-02-09,687.0,0.0,3.8,14182500
2021-02-10,590.0,0.0,1.0,14182500
2021-02-11,539.0,4.9,3.1,14182500
2021-02-12,664.0,18.0,-0.9,14182500
2021-02-13,1470.0,32.3,2.8,14182500
2021-02-14,1400.0,5.3,6.1,14182500
2021-02-15,3700.0,16.9,8.5,14182500
2021-02-16,4050.0,7.0,6.6,14182500
2021-02-17,2130.0,0.5,4.7,14182500
2021-02-18,1690.0,9.3,4.0,14182500
2021-02-19,3540.0,8.5,7.1,14182500
2021-02-20,2170.0,9.8,6.1,14182500
2021-02-21,1690.0,3.5,6.7,14182500
2021-02-22,2490.0,3.6,8.9,14182500
2021-02-23,3160.0,3.1,6.3,14182500
2021-02-24,1720.0,1.6,4.3,14182500
2021-02-25,1310.0,2.0,4.4,14182500
2021-02-26,1440.0,4.9,6.3,14182500
2021-02-27,1200.0,2.2,5.4,14182500
2021-02-28,965.0,0.2,6.6,14182500
2021-03-01,886.0,0.0,6.0,14182500
2021-03-02,879.0,0.0,7.2,14182500
2021-03-03,873.0,0.0,4.7,14182500
2021-03-04,852.0,0.0,6.4,14182500
2021-03-05,822.0,10.4,6.6,14182500
2021-03-06,825.0,5.3,6.0,14182500
2021-03-07,707.0,2.6,6.5,14182500
2021-03-08,608.0,0.1,4.4,14182500
2021-03-09,546.0,1.4,5.6,14182500
2021-03-10,510.0,2.8,5.3,14182500
2021-03-11,478.0,1.0,5.4,14182500
2021-03-12,480.0,0.0,5.6,14182500
2021-03-13,513.0,0.0,6.0,14182500
2021-03-14,584.0,3.8,7.5,14182500
2021-03-15,546.0,6.4,3.9,14182500
2021-03-16,469.0,0.0,2.9,14182500
2021-03-17,437.0,0.0,4.7,14182500
2021-03-18,493.0,7.2,6.6,14182500
2021-03-19,599.0,5.8,7.2,14182500
2021-03-20,625.0,4.6,7.2,14182500
2021-03-21,622.0,0.3,5.0,14182500
2021-03-22,678.0,13.1,6.7,14182500
2021-03-23,671.0,0.1,5.2,14182500
2021-03-24,644.0,3.6,5.4,14182500
2021-03-25,841.0,2.2,6.3,14182500
2021-03-26,752.0,0.1,5.4,14182500
2021-03-27,669.0,0.0,7.7,14182500
2021-03-28,741.0,0.3,8.2,14182500
2021-03-29,844.0,5.6,4.6,14182500
2021-03-30,656.0,0.0,5.0,14182500
2021-03-31,583.0,0.0,6.7,14182500
2021-04-01,650.0,0.0,9.6,14182500
2021-04-02,746.0,0.0,8.3,14182500
2021-04-03,744.0,0.0,9.3,14182500
2021-04-04,726.0,0.0,10.3,14182500
2021-04-05,660.0,0.0,5.9,14182500
2021-04-06,593.0,0.0,7.6,14182500
2021-04-07,599.0,0.7,7.4,14182500
2021-04-08,567.0,1.4,8.3,14182500
2021-04-09,485.0,0.0,6.7,14182500
2021-04-10,476.0,1.9,7.4,14182500
2021-04-11,420.0,0.0,6.2,14182500
2021-04-12,390.0,0.0,8.5,14182500
2021-04-13,385.0,0.0,11.0,14182500
2021-04-14,393.0,0.0,10.6,14182500
2021-04-15,425.0,0.0,11.4,14182500
2021-04-16,540.0,0.0,15.0,14182500
2021-04-17,672.0,0.0,15.5,14182500
2021-04-18,773.0,0.0,16.2,14182500
2021-04-19,804.0,0.0,14.2,14182500
2021-04-20,685.0,0.0,15.5,14182500
2021-04-21,581.0,0.0,14.2,14182500
2021-04-22,554.0,0.0,12.8,14182500
2021-04-23,523.0,0.0,10.2,14182500
2021-04-24,487.0,4.2,10.3,14182500
2021-04-25,557.0,2.9,9.0,14182500
2021-04-26,570.0,1.7,9.3,14182500
2021-04-27,500.0,0.1,9.9,14182500
2021-04-28,470.0,0.0,12.7,14182500
2021-04-29,514.0,0.0,14.5,14182500
2021-04-30,562.0,0.0,14.2,14182500
2021-05-01,666.0,6.8,14.0,14182500
2021-05-02,550.0,0.8,11.9,14182500
2021-05-03,453.0,0.0,12.4,14182500
2021-05-04,418.0,1.4,14.1,14182500
2021-05-05,428.0,0.0,14.6,14182500
2021-05-06,447.0,1.5,15.1,14182500
2021-05-07,476.0,1.8,10.6,14182500
2021-05-08,396.0,0.0,9.5,14182500
2021-05-09,334.0,0.3,11.8,14182500
2021-05-10,319.0,0.0,13.4,14182500
2021-05-11,321.0,0.0,14.5,14182500
2021-05-12,324.0,0.0,16.2,14182500
2021-05-13,338.0,0.0,17.5,14182500
2021-05-14,334.0,0.1,18.2,14182500
2021-05-15,317.0,0.0,16.8,14182500
2021-05-16,296.0,0.0,18.3,14182500
2021-05-17,281.0,0.0,15.4,14182500
2021-05-18,289.0,0.7,12.6,14182500
2021-05-19,246.0,2.3,10.3,14182500
2021-05-20,230.0,3.7,8.7,14182500
2021-05-21,269.0,1.5,10.4,14182500
2021-05-22,236.0,0.1,12.9,14182500
2021-05-23,226.0,0.6,12.9,14182500
2021-05-24,235.0,3.9,12.6,14182500
2021-05-25,401.0,18.5,13.4,14182500
2021-05-26,430.0,0.0,12.6,14182500
2021-05-27,440.0,3.4,13.9,14182500
2021-05-28,487.0,0.0,13.0,14182500
2021-05-29,393.0,0.0,15.0,14182500
2021-05-30,338.0,0.0,17.8,14182500
2021-05-31,297.0,0.0,20.7,14182500
2021-06-01,268.0,0.0,23.8,14182500
2021-06-02,247.0,0.0,23.1,14182500
2021-06-03,225.0,0.0,20.6,14182500
2021-06-04,205.0,0.0,19.1,14182500
2021-06-05,192.0,0.5,16.5,14182500
2021-06-06,182.0,0.5,12.3,14182500
2021-06-07,197.0,0.3,12.6,14182500
2021-06-08,185.0,1.4,12.1,14182500
2021-06-09,176.0,0.7,12.7,14182500
2021-06-10,164.0,1.1,12.7,14182500
2021-06-11,161.0,5.4,14.0,14182500
2021-06-12,161.0,3.5,16.6,14182500
2021-06-13,186.0,30.6,17.5,14182500
2021-06-14,230.0,8.0,16.2,14182500
2021-06-15,241.0,1.9,15.2,14182500
2021-06-16,218.0,0.0,15.4,14182500
2021-06-17,196.0,0.0,18.5,14182500
2021-06-18,180.0,0.0,19.3,14182500
2021-06-19,167.0,0.0,18.2,14182500
2021-06-20,156.0,0.0,22.3,14182500
2021-06-21,147.0,0.0,25.4,14182500
2021-06-22,139.0,0.0,22.0,14182500
2021-06-23,133.0,0.0,20.2,14182500
2021-06-24,126.0,0.0,20.0,14182500
2021-06-25,119.0,0.0,25.1,14182500
2021-06-26,114.0,0.0,27.7,14182500
2021-06-27,107.0,0.0,30.8,14182500
2021-06-28,100.0,0.0,34.3,14182500
2021-06-29,97.1,0.0,22.9,14182500
2021-06-30,95.6,0.0,20.9,14182500
2021-07-01,93.7,0.0,19.6,14182500
2021-07-02,91.2,0.0,21.8,14182500
2021-07-03,87.6,0.0,23.5,14182500
2021-07-04,84.1,0.0,23.1,14182500
2021-07-05,81.8,0.0,22.4,14182500
2021-07-06,78.7,0.0,23.9,14182500
2021-07-07,76.8,0.1,20.3,14182500
2021-07-08,75.6,0.0,19.2,14182500
2021-07-09,73.5,0.0,20.4,14182500
2021-07-10,71.4,0.0,23.4,14182500
2021-07-11,68.7,0.0,22.5,14182500
2021-07-12,67.1,0.0,23.1,14182500
2021-07-13,65.6,0.0,22.2,14182500
2021-07-14,64.3,0.0,22.2,14182500
2021-07-15,63.1,0.0,20.3,14182500
2021-07-16,62.1,0.0,19.7,14182500
2021-07-17,60.9,0.0,20.0,14182500
2021-07-18,59.6,0.0,21.0,14182500
2021-07-19,57.9,0.0,22.6,14182500
2021-07-20,56.5,0.0,21.5,14182500
2021-07-21,55.9,0.0,19.5,14182500
2021-07-22,55.0,0.0,19.0,14182500
2021-07-23,53.6,0.0,21.0,14182500
2021-07-24,52.4,0.0,24.4,14182500
2021-07-25,51.3,0.0,25.0,14182500
2021-07-26,50.2,0.0,24.2,14182500
2021-07-27,49.6,0.0,24.5,14182500
2021-07-28,49.3,0.0,25.1,14182500
2021-07-29,48.1,0.0,27.2,14182500
2021-07-30,47.4,0.0,28.2,14182500
2021-07-31,47.8,0.0,27.1,14182500
2021-08-01,47.4,0.0,24.6,14182500
2021-08-02,46.0,0.0,25.9,14182500
2021-08-03,44.6,0.0,23.8,14182500
2021-08-04,44.2,0.0,25.5,14182500
2021-08-05,43.4,0.0,25.4,14182500
2021-08-06,43.3,0.4,21.3,14182500
2021-08-07,43.5,0.0,22.6,14182500
2021-08-08,42.7,0.0,19.5,14182500
2021-08-09,42.6,0.0,20.2,14182500
2021-08-10,41.8,0.0,24.4,14182500
2021-08-11,41.1,0.0,28.1,14182500
2021-08-12,40.1,0.0,29.2,14182500
2021-08-13,39.5,0.0,27.4,14182500
2021-08-14,39.2,0.0,24.7,14182500
2021-08-15,38.9,0.0,25.4,14182500
2021-08-16,38.0,0.0,21.9,14182500
2021-08-17,37.7,0.0,19.3,14182500
2021-08-18,39.0,0.0,18.6,14182500
2021-08-19,38.6,0.0,20.0,14182500
2021-08-20,38.0,0.3,18.9,14182500
2021-08-21,38.3,0.5,18.4,14182500
2021-08-22,40.7,0.0,17.0,14182500
2021-08-23,39.0,0.0,16.1,14182500
2021-08-24,37.5,0.0,17.9,14182500
2021-08-25,36.8,0.0,18.7,14182500
2021-08-26,36.2,0.2,18.6,14182500
2021-08-27,36.3,0.2,18.8,14182500
2021-08-28,36.1,0.0,19.1,14182500
2021-08-29,35.4,0.0,22.6,14182500
2021-08-30,34.8,0.1,18.4,14182500
2021-08-31,34.4,0.0,17.1,14182500
2021-09-01,34.1,0.0,16.5,14182500
2021-09-02,34.1,0.0,19.0,14182500
2021-09-03,33.9,0.0,20.5,14182500
2021-09-04,33.2,0.0,19.9,14182500
2021-09-05,33.1,0.0,21.2,14182500
2021-09-06,32.9,0.0,20.9,14182500
2021-09-07,32.9,0.0,22.3,14182500
2021-09-08,32.6,0.4,22.1,14182500
2021-09-09,32.2,0.0,21.9,14182500
2021-09-10,32.3,0.7,18.6,14182500
2021-09-11,33.1,0.0,17.0,14182500
2021-09-12,33.0,0.0,19.4,14182500
2021-09-13,32.2,0.0,16.7,14182500
2021-09-14,32.0,0.0,17.9,14182500
2021-09-15,31.3,0.2,19.6,14182500
2021-09-16,31.2,0.0,15.2,14182500
2021-09-17,31.0,0.0,17.2,14182500
2021-09-18,157.0,19.1,17.4,14182500
2021-09-19,744.0,12.6,14.3,14182500
2021-09-20,581.0,0.8,14.8,14182500
2021-09-21,322.0,0.0,16.3,14182500
2021-09-22,225.0,1.0,16.7,14182500
2021-09-23,178.0,0.0,16.7,14182500
2021-09-24,151.0,0.0,18.2,14182500
2021-09-25,132.0,0.0,18.9,14182500
2021-09-26,119.0,0.0,16.7,14182500
2021-09-27,353.0,19.4,16.7,14182500
2021-09-28,1670.0,4.8,12.4,14182500
2021-09-29,1010.0,0.2,11.8,14182500
2021-09-30,563.0,3.0,14.2,14182500
2021-10-01,408.0,0.6,13.3,14182500
2021-10-02,320.0,0.0,12.3,14182500
2021-10-03,266.0,0.0,12.9,14182500
2021-10-04,232.0,0.0,14.0,14182500
2021-10-05,219.0,6.3,12.7,14182500
2021-10-06,241.0,3.6,10.8,14182500
2021-10-07,207.0,0.1,9.8,14182500
2021-10-08,188.0,0.3,7.9,14182500
2021-10-09,172.0,0.0,11.1,14182500
2021-10-10,184.0,3.5,12.2,14182500
2021-10-11,205.0,0.7,8.5,14182500
2021-10-12,198.0,0.0,6.7,14182500
2021-10-13,197.0,7.7,8.7,14182500
2021-10-14,217.0,3.8,10.6,14182500
2021-10-15,266.0,0.0,10.5,14182500
2021-10-16,238.0,0.0,10.9,14182500
2021-10-17,217.0,0.0,11.3,14182500
2021-10-18,218.0,2.4,10.7,14182500
2021-10-19,203.0,0.0,9.2,14182500
2021-10-20,192.0,5.0,12.2,14182500
2021-10-21,188.0,0.3,12.0,14182500
2021-10-22,530.0,27.6,12.2,14182500
2021-10-23,751.0,9.2,10.8,14182500
2021-10-24,762.0,7.3,11.8,14182500
2021-10-25,865.0,2.6,11.8,14182500
2021-10-26,1550.0,10.0,10.4,14182500
2021-10-27,2510.0,12.4,11.8,14182500
2021-10-28,1970.0,5.1,14.5,14182500
2021-10-29,2090.0,11.6,14.4,14182500
2021-10-30,1410.0,0.0,10.1,14182500
2021-10-31,917.0,0.0,9.6,14182500
2021-11-01,720.0,8.9,8.4,14182500
2021-11-02,611.0,0.0,9.6,14182500
2021-11-03,512.0,0.0,10.0,14182500
2021-11-04,705.0,21.9,11.6,14182500
2021-11-05,1170.0,4.3,9.8,14182500
2021-11-06,1350.0,10.9,8.6,14182500
2021-11-07,1190.0,7.2,6.7,14182500
2021-11-08,1040.0,3.1,6.4,14182500
2021-11-09,1390.0,14.7,9.1,14182500
2021-11-10,1280.0,0.3,8.4,14182500
2021-11-11,5820.0,30.4,12.7,14182500
2021-11-12,5850.0,5.4,15.6,14182500
2021-11-13,4220.0,3.4,13.2,14182500
2021-11-14,2080.0,0.0,14.6,14182500
2021-11-15,1500.0,6.5,12.7,14182500
2021-11-16,1380.0,0.3,6.0,14182500
2021-11-17,1070.0,0.0,5.1,14182500
2021-11-18,872.0,0.2,6.6,14182500
2021-11-19,1120.0,6.1,10.1,14182500
2021-11-20,1150.0,0.0,5.6,14182500
2021-11-21,884.0,0.0,3.2,14182500
2021-11-22,730.0,0.0,3.1,14182500
2021-11-23,856.0,16.5,7.8,14182500
2021-11-24,855.0,0.0,3.8,14182500
2021-11-25,709.0,0.0,4.5,14182500
2021-11-26,821.0,9.3,9.3,14182500
2021-11-27,1100.0,3.9,11.2,14182500
2021-11-28,2010.0,1.9,13.6,14182500
2021-11-29,1420.0,2.6,11.7,14182500
2021-11-30,1150.0,0.0,10.2,14182500
2021-12-01,926.0,0.0,10.5,14182500
2021-12-02,769.0,0.5,9.7,14182500
2021-12-03,655.0,0.0,6.4,14182500
2021-12-04,577.0,0.0,5.2,14182500
2021-12-05,643.0,1.1,6.8,14182500
2021-12-06,665.0,18.9,5.3,14182500
2021-12-07,844.0,2.0,9.6,14182500
2021-12-08,1050.0,4.3,9.0,14182500
2021-12-09,1070.0,3.9,3.5,14182500
2021-12-10,976.0,5.9,4.2,14182500
2021-12-11,1780.0,34.8,7.1,14182500
2021-12-12,3000.0,23.6,6.2,14182500
2021-12-13,1780.0,20.2,3.9,14182500
2021-12-14,1380.0,2.3,2.3,14182500
2021-12-15,1080.0,2.5,3.8,14182500
2021-12-16,966.0,4.8,5.6,14182500
2021-12-17,1050.0,2.3,6.4,14182500
2021-12-18,978.0,0.4,7.9,14182500
2021-12-19,3220.0,45.6,5.2,14182500
2021-12-20,5440.0,32.8,4.4,14182500
2021-12-21,3690.0,3.3,3.6,14182500
2021-12-22,2460.0,7.4,6.7,14182500
2021-12-23,3240.0,16.0,6.7,14182500
2021-12-24,2180.0,18.8,3.9,14182500
2021-12-25,1570.0,8.2,2.5,14182500
2021-12-26,1230.0,6.0,0.7,14182500
2021-12-27,1010.0,5.0,-1.1,14182500
2021-12-28,872.0,5.0,-0.2,14182500
2021-12-29,756.0,3.2,0.2,14182500
2021-12-30,693.0,6.5,0.6,14182500
2021-12-31,656.0,4.7,2.4,14182500
2022-01-01,571.0,0.0,-2.2,14182500
2022-01-02,530.0,0.1,2.0,14182500
2022-01-03,1180.0,48.5,7.0,14182500
2022-01-04,1110.0,19.0,3.6,14182500
2022-01-05,2140.0,18.5,6.3,14182500
2022-01-06,7700.0,22.0,10.4,14182500
2022-01-07,5910.0,13.9,8.7,14182500
2022-01-08,3090.0,0.0,5.7,14182500
2022-01-09,1830.0,0.0,2.1,14182500
2022-01-10,1390.0,0.9,2.6,14182500
2022-01-11,1390.0,1.9,7.0,14182500
2022-01-12,1720.0,0.0,9.5,14182500
2022-01-13,1910.0,4.3,8.5,14182500
2022-01-14,2050.0,0.3,7.4,14182500
2022-01-15,1520.0,0.0,4.6,14182500
2022-01-16,1260.0,0.0,2.2,14182500
2022-01-17,1260.0,0.0,3.1,14182500
2022-01-18,1170.0,0.6,5.0,14182500
2022-01-19,1150.0,6.7,8.4,14182500
2022-01-20,2900.0,6.8,10.5,14182500
2022-01-21,2500.0,0.0,6.3,14182500
2022-01-22,1520.0,0.0,3.7,14182500
2022-01-23,1180.0,0.0,2.3,14182500
2022-01-24,1030.0,0.0,0.8,14182500
2022-01-25,885.0,0.0,0.8,14182500
2022-01-26,759.0,0.0,-0.5,14182500
2022-01-27,667.0,0.0,0.4,14182500
2022-01-28,603.0,0.0,0.3,14182500
2022-01-29,560.0,0.0,-0.2,14182500
2022-01-30,538.0,0.0,2.3,14182500
2022-01-31,750.0,8.3,5.1,14182500
2022-02-01,655.0,1.2,2.2,14182500
2022-02-02,582.0,0.4,4.5,14182500
2022-02-03,595.0,0.0,5.9,14182500
2022-02-04,560.0,0.0,3.4,14182500
2022-02-05,542.0,0.1,7.4,14182500
2022-02-06,530.0,0.0,4.5,14182500
2022-02-07,537.0,0.0,3.7,14182500
2022-02-08,537.0,0.0,5.7,14182500
2022-02-09,511.0,0.0,6.1,14182500
2022-02-10,624.0,0.0,8.2,14182500
2022-02-11,667.0,0.0,7.0,14182500
2022-02-12,611.0,0.0,7.8,14182500
2022-02-13,561.0,0.0,5.3,14182500
2022-02-14,626.0,7.7,8.8,14182500
2022-02-15,604.0,0.2,4.4,14182500
2022-02-16,530.0,0.0,7.2,14182500
2022-02-17,482.0,0.0,5.3,14182500
2022-02-18,434.0,0.0,5.3,14182500
2022-02-19,407.0,0.5,5.1,14182500
2022-02-20,478.0,2.9,6.7,14182500
2022-02-21,514.0,18.9,3.1,14182500
2022-02-22,453.0,0.6,1.2,14182500
2022-02-23,394.0,0.0,-2.4,14182500
2022-02-24,370.0,0.1,-0.5,14182500
2022-02-25,340.0,0.0,-0.1,14182500
2022-02-26,333.0,1.1,0.7,14182500
2022-02-27,482.0,5.9,7.9,14182500
2022-02-28,3590.0,23.9,11.9,14182500
2022-03-01,4110.0,13.8,12.3,14182500
2022-03-02,3890.0,26.6,10.8,14182500
2022-03-03,2490.0,7.4,8.4,14182500
2022-03-04,1610.0,1.1,5.6,14182500
2022-03-05,1150.0,0.1,5.0,14182500
2022-03-06,896.0,0.0,4.9,14182500
2022-03-07,739.0,0.0,4.2,14182500
2022-03-08,645.0,0.8,5.7,14182500
2022-03-09,608.0,13.0,6.4,14182500
2022-03-10,529.0,0.1,2.5,14182500
2022-03-11,473.0,0.0,3.4,14182500
2022-03-12,443.0,1.4,6.0,14182500
2022-03-13,705.0,22.0,7.4,14182500
2022-03-14,948.0,2.2,8.2,14182500
2022-03-15,1950.0,22.2,9.9,14182500
2022-03-16,1460.0,0.4,7.5,14182500
2022-03-17,1040.0,0.1,6.3,14182500
2022-03-18,888.0,0.5,9.9,14182500
2022-03-19,951.0,9.1,9.4,14182500
2022-03-20,918.0,1.9,4.9,14182500
2022-03-21,907.0,9.9,6.7,14182500
2022-03-22,1400.0,0.4,11.7,14182500
2022-03-23,1320.0,1.3,12.4,14182500
2022-03-24,1160.0,0.1,9.2,14182500
2022-03-25,968.0,0.0,9.8,14182500
2022-03-26,836.0,0.2,11.0,14182500
2022-03-27,815.0,0.0,12.9,14182500
2022-03-28,801.0,7.7,12.8,14182500
2022-03-29,691.0,2.4,10.2,14182500
2022-03-30,631.0,2.0,9.8,14182500
2022-03-31,555.0,0.1,6.9,14182500
2022-04-01,479.0,0.0,7.3,14182500
2022-04-02,454.0,4.1,8.4,14182500
2022-04-03,420.0,0.0,8.0,14182500
2022-04-04,1410.0,18.4,9.8,14182500
2022-04-05,1300.0,2.2,6.9,14182500
2022-04-06,908.0,0.1,7.1,14182500
2022-04-07,771.0,0.0,10.4,14182500
2022-04-08,762.0,1.4,12.2,14182500
2022-04-09,677.0,1.6,6.1,14182500
2022-04-10,660.0,9.5,5.9,14182500
2022-04-11,763.0,23.6,5.1,14182500
2022-04-12,707.0,6.6,4.1,14182500
2022-04-13,673.0,9.4,4.1,14182500
2022-04-14,632.0,3.6,3.6,14182500
2022-04-15,611.0,1.2,3.4,14182500
2022-04-16,640.0,4.3,5.3,14182500
2022-04-17,609.0,0.3,5.4,14182500
2022-04-18,715.0,9.9,8.1,14182500
2022-04-19,1160.0,15.3,5.6,14182500
2022-04-20,1120.0,7.2,6.7,14182500
2022-04-21,1410.0,6.0,8.7,14182500
2022-04-22,1300.0,5.2,7.8,14182500
2022-04-23,1260.0,0.6,8.8,14182500
2022-04-24,1420.0,0.0,10.2,14182500
2022-04-25,1540.0,1.6,12.2,14182500
2022-04-26,1360.0,3.4,8.2,14182500
2022-04-27,1130.0,0.5,8.4,14182500
2022-04-28,954.0,3.4,8.2,14182500
2022-04-29,1130.0,2.6,9.1,14182500
2022-04-30,2690.0,24.4,10.4,14182500
2022-05-01,2330.0,2.8,8.3,14182500
2022-05-02,2050.0,13.4,9.6,14182500
2022-05-03,2100.0,1.5,9.3,14182500
2022-05-04,1650.0,0.0,10.9,14182500
2022-05-05,2190.0,15.0,11.1,14182500
2022-05-06,4950.0,19.4,11.7,14182500
2022-05-07,5510.0,7.3,9.7,14182500
2022-05-08,3000.0,15.9,6.4,14182500
2022-05-09,1980.0,7.2,5.5,14182500
2022-05-10,1530.0,1.1,7.9,14182500
2022-05-11,1240.0,1.0,8.2,14182500
2022-05-12,1180.0,14.3,8.8,14182500
2022-05-13,1380.0,2.2,6.8,14182500
2022-05-14,4750.0,25.7,12.2,14182500
2022-05-15,2700.0,6.9,14.8,14182500
2022-05-16,1860.0,0.4,14.3,14182500
2022-05-17,1430.0,0.0,11.7,14182500
2022-05-18,1450.0,10.6,11.2,14182500
2022-05-19,1420.0,3.0,9.4,14182500
2022-05-20,1100.0,0.4,8.5,14182500
2022-05-21,911.0,0.0,10.8,14182500
2022-05-22,814.0,0.0,13.3,14182500
2022-05-23,780.0,0.0,14.9,14182500
2022-05-24,760.0,0.4,13.1,14182500
2022-05-25,735.0,0.9,15.3,14182500
2022-05-26,722.0,0.1,16.2,14182500
2022-05-27,742.0,4.0,14.4,14182500
2022-05-28,685.0,10.1,12.4,14182500
2022-05-29,1230.0,14.9,11.0,14182500
2022-05-30,1310.0,4.7,10.4,14182500
2022-05-31,999.0,0.3,12.2,14182500
2022-06-01,842.0,0.0,15.8,14182500
2022-06-02,772.0,0.0,16.0,14182500
2022-06-03,723.0,5.0,15.1,14182500
2022-06-04,727.0,11.3,13.2,14182500
2022-06-05,1290.0,36.3,15.4,14182500
2022-06-06,1530.0,5.9,13.8,14182500
2022-06-07,1290.0,0.0,13.5,14182500
2022-06-08,973.0,0.0,16.1,14182500
2022-06-09,815.0,0.0,15.2,14182500
2022-06-10,1600.0,15.9,17.7,14182500
2022-06-11,4230.0,34.5,15.6,14182500
2022-06-12,2580.0,12.8,12.6,14182500
2022-06-13,2890.0,1.7,10.9,14182500
2022-06-14,2400.0,1.5,12.2,14182500
2022-06-15,1790.0,0.0,13.1,14182500
2022-06-16,1330.0,0.8,14.5,14182500
2022-06-17,1110.0,11.1,13.1,14182500
2022-06-18,971.0,2.4,12.2,14182500
2022-06-19,877.0,1.0,12.9,14182500
2022-06-20,792.0,0.7,13.6,14182500
2022-06-21,696.0,0.0,16.5,14182500
2022-06-22,619.0,0.0,19.3,14182500
2022-06-23,553.0,0.0,16.0,14182500
2022-06-24,492.0,0.0,16.7,14182500
2022-06-25,440.0,0.0,21.2,14182500
2022-06-26,401.0,0.0,23.7,14182500
2022-06-27,369.0,0.0,22.4,14182500
2022-06-28,339.0,0.0,18.3,14182500
2022-06-29,316.0,0.0,16.0,14182500
2022-06-30,295.0,0.0,17.6,14182500
2022-07-01,277.0,0.0,17.9,14182500
2022-07-02,263.0,0.0,18.2,14182500
2022-07-03,251.0,0.1,17.1,14182500
2022-07-04,237.0,0.0,17.0,14182500
2022-07-05,230.0,2.4,18.4,14182500
2022-07-06,247.0,4.3,18.1,14182500
2022-07-07,225.0,0.3,18.0,14182500
2022-07-08,209.0,0.0,18.0,14182500
2022-07-09,197.0,0.0,20.1,14182500
2022-07-10,187.0,0.0,18.7,14182500
2022-07-11,178.0,0.0,23.0,14182500
2022-07-12,169.0,0.0,27.0,14182500
2022-07-13,162.0,0.0,20.7,14182500
2022-07-14,156.0,0.0,20.6,14182500
2022-07-15,150.0,0.0,18.6,14182500
2022-07-16,145.0,0.2,19.1,14182500
2022-07-17,140.0,0.0,19.4,14182500
2022-07-18,135.0,0.0,18.2,14182500
2022-07-19,131.0,0.0,21.9,14182500
2022-07-20,126.0,0.0,22.6,14182500
2022-07-21,121.0,0.0,21.2,14182500
2022-07-22,117.0,0.3,18.0,14182500
2022-07-23,114.0,0.0,19.3,14182500
2022-07-24,111.0,0.0,21.0,14182500
2022-07-25,106.0,0.0,26.7,14182500
2022-07-26,102.0,0.0,26.4,14182500
2022-07-27,98.7,0.0,23.9,14182500
2022-07-28,95.8,0.0,24.4,14182500
2022-07-29,93.4,0.0,26.3,14182500
2022-07-30,89.9,0.0,27.9,14182500
2022-07-31,87.1,0.0,27.5,14182500
2022-08-01,85.2,0.1,23.2,14182500
2022-08-02,83.5,0.0,20.9,14182500
2022-08-03,80.4,0.0,21.9,14182500
2022-08-04,78.4,0.0,18.1,14182500
2022-08-05,77.2,0.0,20.4,14182500
2022-08-06,75.2,0.0,22.0,14182500
2022-08-07,72.9,0.0,24.8,14182500
2022-08-08,71.1,0.1,21.9,14182500
2022-08-09,71.4,0.0,19.5,14182500
2022-08-10,72.0,0.1,20.0,14182500
2022-08-11,69.8,0.0,19.6,14182500
2022-08-12,67.4,0.0,18.9,14182500
2022-08-13,65.8,0.0,18.5,14182500
2022-08-14,64.1,0.0,20.6,14182500
2022-08-15,62.4,0.0,21.5,14182500
2022-08-16,60.7,0.0,22.5,14182500
2022-08-17,59.2,0.0,25.5,14182500
2022-08-18,58.9,0.0,26.4,14182500
2022-08-19,58.8,0.0,22.4,14182500
2022-08-20,57.5,0.0,19.8,14182500
2022-08-21,56.2,0.0,20.9,14182500
2022-08-22,53.6,0.0,22.8,14182500
2022-08-23,52.6,0.0,21.6,14182500
2022-08-24,51.9,0.0,23.1,14182500
2022-08-25,51.2,0.0,22.9,14182500
2022-08-26,50.0,0.0,21.5,14182500
2022-08-27,49.1,1.0,19.8,14182500
2022-08-28,48.8,0.0,18.2,14182500
2022-08-29,48.0,0.0,21.7,14182500
2022-08-30,46.6,0.0,23.7,14182500
2022-08-31,45.1,0.0,22.5,14182500
2022-09-01,43.9,0.0,19.6,14182500
2022-09-02,43.3,0.0,21.5,14182500
2022-09-03,43.0,0.5,18.6,14182500
2022-09-04,43.3,0.0,19.4,14182500
2022-09-05,42.4,0.0,20.5,14182500
2022-09-06,41.3,0.0,21.0,14182500
2022-09-07,40.1,0.0,22.8,14182500
2022-09-08,39.1,0.0,19.3,14182500
2022-09-09,38.4,0.0,22.3,14182500
2022-09-10,37.7,0.0,25.7,14182500
2022-09-11,37.4,0.0,23.0,14182500
2022-09-12,38.6,1.8,19.2,14182500
2022-09-13,39.3,0.0,17.7,14182500
2022-09-14,38.4,0.0,16.9,14182500
2022-09-15,37.7,0.0,16.7,14182500
2022-09-16,37.2,0.0,17.1,14182500
2022-09-17,37.1,0.0,15.7,14182500
2022-09-18,39.9,1.8,17.4,14182500
2022-09-19,41.0,0.0,18.2,14182500
2022-09-20,37.3,0.0,18.2,14182500
2022-09-21,36.3,0.2,18.0,14182500
2022-09-22,37.0,0.1,17.7,14182500
2022-09-23,37.0,0.0,15.7,14182500
2022-09-24,36.1,0.0,17.9,14182500
2022-09-25,35.3,0.0,18.8,14182500
2022-09-26,34.8,0.0,19.4,14182500
2022-09-27,34.1,0.0,18.0,14182500
2022-09-28,34.1,1.9,16.7,14182500
2022-09-29,47.5,11.7,17.1,14182500
2022-09-30,75.7,1.1,15.3,14182500
2022-10-01,52.4,0.0,18.5,14182500
2022-10-02,44.6,0.0,18.7,14182500
2022-10-03,42.1,0.0,16.8,14182500
2022-10-04,41.2,0.0,15.2,14182500
2022-10-05,40.3,0.0,14.7,14182500
2022-10-06,40.2,0.0,16.1,14182500
2022-10-07,39.1,0.0,15.7,14182500
2022-10-08,38.1,0.0,16.5,14182500
2022-10-09,37.2,0.0,16.7,14182500
2022-10-10,36.3,0.0,16.6,14182500
2022-10-11,36.1,0.1,16.9,14182500
2022-10-12,36.0,0.0,15.1,14182500
2022-10-13,35.2,0.0,15.5,14182500
2022-10-14,34.9,0.0,15.6,14182500
2022-10-15,34.1,0.0,17.5,14182500
2022-10-16,33.1,0.0,16.9,14182500
2022-10-17,33.2,0.0,14.4,14182500
2022-10-18,33.6,0.0,13.5,14182500
2022-10-19,33.7,0.0,13.7,14182500
2022-10-20,33.3,0.0,13.6,14182500
2022-10-21,36.6,1.2,13.1,14182500
2022-10-22,346.0,5.5,11.4,14182500
2022-10-23,380.0,1.4,9.0,14182500
2022-10-24,517.0,6.6,10.1,14182500
2022-10-25,968.0,0.9,9.4,14182500
2022-10-26,1270.0,10.3,9.1,14182500
2022-10-27,613.0,0.2,8.2,14182500
2022-10-28,376.0,5.1,9.9,14182500
2022-10-29,276.0,1.3,12.3,14182500
2022-10-30,223.0,0.6,12.0,14182500
2022-10-31,266.0,11.1,11.8,14182500
2022-11-01,748.0,20.9,9.3,14182500
2022-11-02,645.0,13.1,5.8,14182500
2022-11-03,489.0,1.2,4.8,14182500
2022-11-04,5480.0,27.7,9.1,14182500
2022-11-05,8240.0,29.3,10.9,14182500
2022-11-06,2530.0,28.0,6.4,14182500
2022-11-07,1650.0,7.4,4.3,14182500
2022-11-08,1180.0,2.7,4.1,14182500
2022-11-09,919.0,0.0,4.2,14182500
2022-11-10,747.0,0.0,3.7,14182500
2022-11-11,651.0,2.8,3.9,14182500
2022-11-12,585.0,4.1,4.9,14182500
2022-11-13,517.0,0.0,2.8,14182500
2022-11-14,463.0,0.0,2.8,14182500
2022-11-15,422.0,0.0,4.3,14182500
2022-11-16,391.0,0.0,3.2,14182500
2022-11-17,374.0,0.0,0.7,14182500
2022-11-18,350.0,0.0,2.2,14182500
2022-11-19,324.0,0.0,1.3,14182500
2022-11-20,301.0,0.2,-0.3,14182500
2022-11-21,282.0,0.0,1.7,14182500
2022-11-22,286.0,9.2,5.5,14182500
2022-11-23,640.0,0.3,6.6,14182500
2022-11-24,481.0,0.0,4.0,14182500
2022-11-25,420.0,0.0,3.8,14182500
2022-11-26,394.0,8.1,3.2,14182500
2022-11-27,528.0,7.5,5.0,14182500
2022-11-28,841.0,13.0,4.9,14182500
2022-11-29,643.0,2.6,1.5,14182500
2022-11-30,1320.0,40.0,6.4,14182500
2022-12-01,1140.0,3.3,3.4,14182500
2022-12-02,790.0,0.0,1.9,14182500
2022-12-03,643.0,0.1,3.7,14182500
2022-12-04,560.0,3.2,1.8,14182500
2022-12-05,500.0,0.0,0.9,14182500
2022-12-06,457.0,0.0,1.2,14182500
2022-12-07,422.0,0.0,1.2,14182500
2022-12-08,471.0,17.8,5.5,14182500
2022-12-09,574.0,8.1,3.9,14182500
2022-12-10,936.0,13.7,7.5,14182500
2022-12-11,1000.0,2.2,6.0,14182500
2022-12-12,845.0,1.6,4.4,14182500
2022-12-13,702.0,0.0,1.7,14182500
2022-12-14,594.0,0.0,1.3,14182500
2022-12-15,520.0,0.0,1.3,14182500
2022-12-16,466.0,0.0,1.5,14182500
2022-12-17,426.0,0.0,-1.2,14182500
2022-12-18,400.0,0.4,1.9,14182500
2022-12-19,397.0,0.0,4.8,14182500
2022-12-20,518.0,2.0,4.7,14182500
2022-12-21,1720.0,12.1,5.2,14182500
2022-12-22,1010.0,0.3,-3.3,14182500
2022-12-23,1090.0,8.0,-2.2,14182500
2022-12-24,3060.0,12.0,2.9,14182500
2022-12-25,4240.0,0.4,9.3,14182500
2022-12-26,3110.0,8.7,11.8,14182500
2022-12-27,5380.0,58.1,10.4,14182500
2022-12-28,4010.0,7.9,6.2,14182500
2022-12-29,2450.0,12.6,5.8,14182500
2022-12-30,3420.0,19.3,8.9,14182500
2022-12-31,2400.0,18.8,6.6,14182500
2023-01-01,1660.0,2.5,4.2,14182500
2023-01-02,1240.0,0.3,0.9,14182500
2023-01-03,1000.0,1.8,4.8,14182500
2023-01-04,911.0,8.2,3.9,14182500
2023-01-05,917.0,1.1,8.1,14182500
2023-01-06,961.0,0.8,7.2,14182500
2023-01-07,872.0,9.9,8.2,14182500
2023-01-08,895.0,6.1,7.4,14182500
2023-01-09,865.0,12.2,7.0,14182500
2023-01-10,754.0,0.4,5.3,14182500
2023-01-11,674.0,11.7,7.7,14182500
2023-01-12,799.0,14.8,9.8,14182500
2023-01-13,938.0,12.9,9.9,14182500
2023-01-14,1060.0,3.4,9.0,14182500
2023-01-15,1050.0,22.9,7.9,14182500
2023-01-16,1040.0,0.9,4.9,14182500
2023-01-17,812.0,1.2,5.7,14182500
2023-01-18,728.0,11.5,6.7,14182500
2023-01-19,679.0,5.7,3.4,14182500
2023-01-20,597.0,0.0,1.1,14182500
2023-01-21,545.0,3.1,0.6,14182500
2023-01-22,498.0,0.0,2.5,14182500
2023-01-23,453.0,0.0,2.8,14182500
2023-01-24,417.0,0.0,1.4,14182500
2023-01-25,391.0,0.0,2.6,14182500
2023-01-26,372.0,0.0,2.6,14182500
2023-01-27,394.0,1.1,4.6,14182500
2023-01-28,508.0,1.1,6.0,14182500
2023-01-29,488.0,4.9,1.6,14182500
2023-01-30,425.0,0.0,-2.5,14182500
2023-01-31,394.0,0.0,-1.5,14182500
2023-02-01,365.0,0.0,0.4,14182500
2023-02-02,339.0,0.0,0.3,14182500
2023-02-03,324.0,2.2,2.1,14182500
2023-02-04,317.0,2.7,6.7,14182500
2023-02-05,515.0,12.7,6.4,14182500
2023-02-06,831.0,0.8,5.6,14182500
2023-02-07,799.0,9.1,6.1,14182500
2023-02-08,1150.0,1.5,4.6,14182500
2023-02-09,816.0,0.0,3.5,14182500
2023-02-10,712.0,2.9,7.7,14182500
2023-02-11,627.0,0.0,5.7,14182500
2023-02-12,556.0,0.0,3.0,14182500
2023-02-13,566.0,1.1,5.7,14182500
2023-02-14,558.0,9.4,2.0,14182500
2023-02-15,495.0,0.0,-0.9,14182500
2023-02-16,464.0,0.0,0.9,14182500
2023-02-17,434.0,0.1,2.0,14182500
2023-02-18,416.0,0.0,4.4,14182500
2023-02-19,409.0,0.0,4.7,14182500
2023-02-20,421.0,0.0,7.1,14182500
2023-02-21,749.0,4.5,6.5,14182500
2023-02-22,701.0,6.9,2.2,14182500
2023-02-23,572.0,2.6,1.8,14182500
2023-02-24,492.0,0.7,-2.7,14182500
2023-02-25,459.0,0.0,-2.0,14182500
2023-02-26,477.0,8.6,2.8,14182500
2023-02-27,440.0,6.4,3.1,14182500
2023-02-28,429.0,18.3,2.4,14182500
2023-03-01,392.0,2.9,1.4,14182500
2023-03-02,385.0,1.5,3.7,14182500
2023-03-03,380.0,3.1,3.3,14182500
2023-03-04,373.0,10.8,3.5,14182500
2023-03-05,361.0,1.7,2.0,14182500
2023-03-06,350.0,3.6,3.6,14182500
2023-03-07,342.0,6.0,3.1,14182500
2023-03-08,342.0,7.4,2.4,14182500
2023-03-09,333.0,5.3,4.9,14182500
2023-03-10,410.0,8.8,4.8,14182500
2023-03-11,417.0,2.3,5.6,14182500
2023-03-12,454.0,1.4,4.9,14182500
2023-03-13,1230.0,36.1,8.6,14182500
2023-03-14,1250.0,0.5,3.6,14182500
2023-03-15,880.0,1.8,4.7,14182500
2023-03-16,750.0,0.0,4.8,14182500
2023-03-17,765.0,0.0,6.0,14182500
2023-03-18,844.0,0.0,7.7,14182500
2023-03-19,1050.0,2.6,8.6,14182500
2023-03-20,1410.0,11.5,7.6,14182500
2023-03-21,1230.0,1.7,6.4,14182500
2023-03-22,1080.0,0.8,7.7,14182500
2023-03-23,1240.0,8.2,6.7,14182500
2023-03-24,1050.0,8.0,3.7,14182500
2023-03-25,864.0,8.0,3.7,14182500
2023-03-26,744.0,2.7,3.0,14182500
2023-03-27,667.0,1.5,2.4,14182500
2023-03-28,729.0,10.7,5.7,14182500
2023-03-29,763.0,0.7,4.9,14182500
2023-03-30,778.0,2.4,5.6,14182500
2023-03-31,769.0,2.2,6.8,14182500
2023-04-01,1230.0,24.8,6.1,14182500
2023-04-02,1120.0,9.7,4.8,14182500
2023-04-03,937.0,4.6,3.2,14182500
2023-04-04,832.0,10.6,3.5,14182500
2023-04-05,741.0,0.2,3.8,14182500
2023-04-06,1050.0,9.3,8.3,14182500
2023-04-07,2170.0,17.4,9.7,14182500
2023-04-08,1950.0,0.2,8.6,14182500
2023-04-09,1920.0,5.6,10.3,14182500
2023-04-10,3810.0,24.1,9.9,14182500
2023-04-11,3850.0,18.1,6.8,14182500
2023-04-12,2160.0,4.3,5.6,14182500
2023-04-13,1480.0,0.8,5.3,14182500
2023-04-14,1170.0,0.1,7.4,14182500
2023-04-15,1050.0,0.2,7.8,14182500
2023-04-16,1120.0,8.7,7.7,14182500
2023-04-17,1180.0,3.0,6.4,14182500
2023-04-18,1000.0,7.2,4.9,14182500
2023-04-19,918.0,6.3,5.2,14182500
2023-04-20,891.0,6.4,5.4,14182500
2023-04-21,1670.0,7.2,8.6,14182500
2023-04-22,1700.0,0.8,11.6,14182500
2023-04-23,2880.0,5.3,12.0,14182500
2023-04-24,2690.0,1.0,9.7,14182500
2023-04-25,2020.0,0.0,9.5,14182500
2023-04-26,1980.0,0.0,12.6,14182500
2023-04-27,2420.0,0.0,15.7,14182500
2023-04-28,2700.0,0.0,17.0,14182500
2023-04-29,2810.0,0.0,16.9,14182500
2023-04-30,2200.0,0.0,12.7,14182500
2023-05-01,1390.0,0.7,11.3,14182500
2023-05-02,1050.0,2.1,11.6,14182500
2023-05-03,1140.0,0.0,12.2,14182500
2023-05-04,1350.0,5.6,10.8,14182500
2023-05-05,1160.0,0.5,11.0,14182500
2023-05-06,1080.0,2.6,11.3,14182500
2023-05-07,1150.0,3.5,10.5,14182500
2023-05-08,956.0,3.9,10.5,14182500
2023-05-09,840.0,3.7,10.7,14182500
2023-05-10,855.0,0.1,12.7,14182500
2023-05-11,937.0,0.0,13.9,14182500
2023-05-12,985.0,0.0,15.3,14182500
2023-05-13,1110.0,0.0,19.8,14182500
2023-05-14,1230.0,0.0,22.9,14182500
2023-05-15,1120.0,0.0,21.8,14182500
2023-05-16,909.0,0.0,17.4,14182500
2023-05-17,833.0,0.0,19.8,14182500
2023-05-18,815.0,0.0,19.5,14182500
2023-05-19,736.0,0.0,16.8,14182500
2023-05-20,671.0,0.0,18.9,14182500
2023-05-21,574.0,0.0,17.3,14182500
2023-05-22,447.0,0.2,13.5,14182500
2023-05-23,362.0,0.4,12.7,14182500
2023-05-24,322.0,0.0,13.8,14182500
2023-05-25,303.0,0.0,17.3,14182500
2023-05-26,300.0,0.0,19.7,14182500
2023-05-27,291.0,0.0,17.5,14182500
2023-05-28,271.0,0.0,15.8,14182500
2023-05-29,251.0,0.0,16.9,14182500
2023-05-30,231.0,0.0,15.4,14182500
2023-05-31,214.0,0.0,13.6,14182500
2023-06-01,196.0,0.0,13.5,14182500
2023-06-02,183.0,0.0,14.8,14182500
2023-06-03,173.0,0.0,16.1,14182500
2023-06-04,165.0,0.0,16.6,14182500
2023-06-05,157.0,0.0,18.9,14182500
2023-06-06,150.0,0.0,20.8,14182500
2023-06-07,144.0,0.0,20.3,14182500
2023-06-08,138.0,0.0,16.8,14182500
2023-06-09,133.0,0.0,17.2,14182500
2023-06-10,127.0,0.0,16.5,14182500
2023-06-11,119.0,0.0,18.7,14182500
2023-06-12,113.0,0.0,21.1,14182500
2023-06-13,109.0,0.0,20.0,14182500
2023-06-14,104.0,0.0,15.9,14182500
2023-06-15,100.0,0.0,14.7,14182500
2023-06-16,96.1,0.0,19.1,14182500
2023-06-17,93.1,0.5,18.7,14182500
2023-06-18,102.0,3.7,13.7,14182500
2023-06-19,121.0,6.2,11.4,14182500
2023-06-20,118.0,1.0,12.4,14182500
2023-06-21,103.0,0.0,15.1,14182500
2023-06-22,94.1,0.0,20.1,14182500
2023-06-23,88.5,0.0,20.3,14182500
2023-06-24,84.4,0.0,16.9,14182500
2023-06-25,80.8,0.0,19.9,14182500
2023-06-26,77.9,0.0,19.2,14182500
2023-06-27,76.0,0.0,18.2,14182500
2023-06-28,73.7,0.0,19.8,14182500
2023-06-29,71.0,0.0,21.7,14182500
2023-06-30,68.2,0.0,22.7,14182500
2023-07-01,66.0,0.0,21.8,14182500
2023-07-02,63.8,0.0,22.1,14182500
2023-07-03,62.1,0.0,22.9,14182500
2023-07-04,60.0,0.0,24.7,14182500
2023-07-05,58.1,0.0,27.1,14182500
2023-07-06,56.7,0.0,23.7,14182500
2023-07-07,55.8,0.0,18.5,14182500
2023-07-08,55.7,0.0,17.6,14182500
2023-07-09,55.0,0.0,18.2,14182500
2023-07-10,53.8,0.4,17.6,14182500
2023-07-11,53.2,0.0,19.1,14182500
2023-07-12,51.8,0.0,20.3,14182500
2023-07-13,50.5,0.0,21.4,14182500
2023-07-14,49.3,0.0,24.5,14182500
2023-07-15,47.8,0.0,26.7,14182500
2023-07-16,46.5,0.0,25.2,14182500
2023-07-17,45.5,0.2,20.6,14182500
2023-07-18,45.4,0.0,21.3,14182500
2023-07-19,44.8,0.0,24.2,14182500
2023-07-20,43.9,0.0,20.9,14182500
2023-07-21,43.6,0.0,20.7,14182500
2023-07-22,42.7,0.0,22.6,14182500
2023-07-23,41.8,0.0,23.4,14182500
2023-07-24,41.4,4.0,19.4,14182500
2023-07-25,42.4,1.6,20.5,14182500
2023-07-26,42.8,0.0,20.6,14182500
2023-07-27,41.0,0.0,20.5,14182500
2023-07-28,40.1,0.0,20.2,14182500
2023-07-29,39.4,0.0,19.8,14182500
2023-07-30,39.0,0.0,19.8,14182500
2023-07-31,38.4,0.0,20.6,14182500
2023-08-01,37.8,0.0,22.0,14182500
2023-08-02,36.9,0.0,23.0,14182500
2023-08-03,36.3,0.0,22.3,14182500
2023-08-04,36.1,0.0,23.0,14182500
2023-08-05,36.1,0.0,24.2,14182500
2023-08-06,36.6,0.3,23.2,14182500
2023-08-07,36.3,0.0,23.3,14182500
2023-08-08,35.5,0.0,22.2,14182500
2023-08-09,34.8,0.6,21.9,14182500
2023-08-10,34.2,0.0,21.0,14182500
2023-08-11,33.8,0.0,22.1,14182500
2023-08-12,33.2,0.0,23.4,14182500
2023-08-13,32.6,0.0,26.5,14182500
2023-08-14,31.8,0.0,30.3,14182500
2023-08-15,31.4,0.0,30.5,14182500
2023-08-16,31.0,0.0,28.5,14182500
2023-08-17,30.8,0.0,28.2,14182500
2023-08-18,30.7,0.0,21.7,14182500
2023-08-19,30.2,0.0,20.2,14182500
2023-08-20,30.0,0.0,23.6,14182500
2023-08-21,29.9,0.0,21.9,14182500
2023-08-22,29.9,0.0,18.4,14182500
2023-08-23,30.0,0.0,18.2,14182500
2023-08-24,29.9,0.0,21.2,14182500
2023-08-25,29.9,0.1,24.7,14182500
2023-08-26,29.2,0.0,21.4,14182500
2023-08-27,29.1,0.0,20.9,14182500
2023-08-28,29.3,0.0,19.0,14182500
2023-08-29,30.3,0.7,19.5,14182500
2023-08-30,32.0,1.2,19.5,14182500
2023-08-31,39.3,12.0,18.2,14182500
2023-09-01,48.2,12.4,18.2,14182500
2023-09-02,40.7,0.0,20.9,14182500
2023-09-03,44.4,2.0,18.8,14182500
2023-09-04,39.7,0.6,17.8,14182500
2023-09-05,41.5,0.0,16.5,14182500
2023-09-06,37.0,0.0,16.5,14182500
2023-09-07,34.6,0.0,17.9,14182500
2023-09-08,33.6,0.0,17.6,14182500
2023-09-09,32.9,0.0,19.2,14182500
2023-09-10,32.1,0.0,19.8,14182500
2023-09-11,31.3,0.0,18.0,14182500
2023-09-12,31.1,0.0,18.0,14182500
2023-09-13,30.5,0.0,19.2,14182500
2023-09-14,30.4,0.0,20.2,14182500
2023-09-15,29.5,0.0,21.2,14182500
2023-09-16,28.9,0.0,20.2,14182500
2023-09-17,28.6,0.0,17.1,14182500
2023-09-18,28.7,0.3,18.3,14182500
2023-09-19,28.6,0.0,15.7,14182500
2023-09-20,29.3,0.4,15.6,14182500
2023-09-21,30.6,0.0,14.7,14182500
2023-09-22,30.3,0.0,16.0,14182500
2023-09-23,29.5,0.8,16.4,14182500
2023-09-24,31.9,9.9,13.5,14182500
2023-09-25,43.5,16.1,14.6,14182500
2023-09-26,51.8,14.8,14.3,14182500
2023-09-27,90.1,9.9,14.4,14182500
2023-09-28,184.0,1.6,13.5,14182500
2023-09-29,183.0,14.5,13.7,14182500
2023-09-30,191.0,0.2,13.6,14182500
2023-10-01,155.0,0.0,12.3,14182500
2023-10-02,135.0,1.3,11.8,14182500
2023-10-03,322.0,4.5,14.9,14182500
2023-10-04,294.0,0.0,14.6,14182500
2023-10-05,207.0,0.0,16.5,14182500
2023-10-06,165.0,0.0,19.3,14182500
2023-10-07,140.0,0.0,18.7,14182500
2023-10-08,124.0,0.0,16.6,14182500
2023-10-09,115.0,3.1,15.5,14182500
2023-10-10,132.0,14.1,13.5,14182500
2023-10-11,1730.0,26.0,12.0,14182500
2023-10-12,1820.0,2.1,13.6,14182500
2023-10-13,754.0,1.0,12.3,14182500
2023-10-14,486.0,3.4,12.8,14182500
2023-10-15,359.0,1.2,14.0,14182500
2023-10-16,375.0,14.1,14.8,14182500
2023-10-17,676.0,0.2,12.8,14182500
2023-10-18,465.0,0.0,12.6,14182500
2023-10-19,361.0,0.0,12.7,14182500
2023-10-20,299.0,0.0,15.4,14182500
2023-10-21,258.0,0.4,13.3,14182500
2023-10-22,229.0,0.7,12.6,14182500
2023-10-23,206.0,0.5,12.3,14182500
2023-10-24,197.0,3.7,9.4,14182500
2023-10-25,763.0,14.9,8.3,14182500
2023-10-26,750.0,2.9,6.8,14182500
2023-10-27,542.0,0.0,6.4,14182500
2023-10-28,427.0,0.0,5.3,14182500
2023-10-29,356.0,0.0,5.1,14182500
2023-10-30,313.0,0.0,5.3,14182500
2023-10-31,289.0,0.0,5.3,14182500
2023-11-01,309.0,9.3,7.5,14182500
2023-11-02,1040.0,7.9,12.9,14182500
2023-11-03,995.0,0.3,12.8,14182500
2023-11-04,1940.0,26.3,15.3,14182500
2023-11-05,2180.0,10.9,11.8,14182500
2023-11-06,2390.0,11.1,11.1,14182500
2023-11-07,2690.0,10.8,10.0,14182500
2023-11-08,1820.0,0.4,7.4,14182500
2023-11-09,1150.0,0.0,5.1,14182500
2023-11-10,900.0,5.0,8.2,14182500
2023-11-11,841.0,7.0,10.3,14182500
2023-11-12,982.0,0.1,10.3,14182500
2023-11-13,894.0,9.9,10.8,14182500
2023-11-14,786.0,0.0,7.8,14182500
2023-11-15,655.0,2.6,8.4,14182500
2023-11-16,554.0,0.0,8.0,14182500
2023-11-17,479.0,0.0,6.1,14182500
2023-11-18,432.0,0.7,6.2,14182500
2023-11-19,879.0,7.3,8.2,14182500
2023-11-20,806.0,0.1,4.9,14182500
2023-11-21,648.0,0.0,4.8,14182500
2023-11-22,615.0,15.2,9.2,14182500
2023-11-23,567.0,0.0,6.2,14182500
2023-11-24,498.0,0.0,4.4,14182500
2023-11-25,443.0,0.0,2.4,14182500
2023-11-26,398.0,0.0,1.3,14182500
2023-11-27,361.0,0.0,0.6,14182500
2023-11-28,330.0,0.0,-0.8,14182500
2023-11-29,304.0,0.0,-1.1,14182500
2023-11-30,304.0,5.6,2.4,14182500
2023-12-01,428.0,6.8,6.5,14182500
2023-12-02,1520.0,16.9,9.1,14182500
2023-12-03,8810.0,55.2,10.9,14182500
2023-12-04,8060.0,21.3,13.2,14182500
2023-12-05,3810.0,11.7,15.7,14182500
2023-12-06,3140.0,37.7,12.3,14182500
2023-12-07,3200.0,10.5,7.4,14182500
2023-12-08,2330.0,5.9,4.8,14182500
2023-12-09,1600.0,0.5,2.4,14182500
2023-12-10,5600.0,21.2,9.2,14182500
2023-12-11,4140.0,3.1,10.0,14182500
2023-12-12,2270.0,0.0,6.6,14182500
2023-12-13,1500.0,0.0,4.1,14182500
2023-12-14,1120.0,0.0,5.0,14182500
2023-12-15,875.0,0.0,5.0,14182500
2023-12-16,721.0,0.0,2.4,14182500
2023-12-17,618.0,0.0,2.0,14182500
2023-12-18,544.0,0.7,3.6,14182500
2023-12-19,520.0,14.0,8.4,14182500
2023-12-20,467.0,0.0,7.6,14182500
2023-12-21,417.0,0.0,5.2,14182500
2023-12-22,421.0,5.0,6.1,14182500
2023-12-23,413.0,0.7,1.9,14182500
2023-12-24,377.0,3.4,1.9,14182500
2023-12-25,448.0,9.8,6.9,14182500
2023-12-26,873.0,6.2,9.3,14182500
2023-12-27,773.0,3.1,6.2,14182500
2023-12-28,619.0,0.0,7.3,14182500
2023-12-29,534.0,0.3,7.1,14182500
2023-12-30,556.0,20.0,8.7,14182500
2023-12-31,672.0,3.2,4.7,14182500
2000-01-01,18100.0,3.5,4.1,14191000
2000-01-02,18800.0,4.6,3.8,14191000
2000-01-03,20900.0,7.5,4.9,14191000
2000-01-04,25400.0,21.0,7.5,14191000
2000-01-05,36400.0,0.3,4.6,14191000
2000-01-06,37400.0,0.4,2.3,14191000
2000-01-07,34200.0,2.8,5.8,14191000
2000-01-08,31000.0,5.4,7.8,14191000
2000-01-09,34700.0,16.9,6.5,14191000
2000-01-10,43300.0,16.9,4.7,14191000
2000-01-11,60800.0,8.1,4.2,14191000
2000-01-12,77100.0,8.6,2.2,14191000
2000-01-13,79500.0,21.7,3.2,14191000
2000-01-14,84400.0,13.9,5.6,14191000
2000-01-15,89300.0,0.0,1.8,14191000
2000-01-16,86800.0,11.8,5.0,14191000
2000-01-17,79000.0,0.9,4.1,14191000
2000-01-18,70900.0,0.0,2.6,14191000
2000-01-19,63700.0,0.0,2.1,14191000
2000-01-20,60700.0,9.4,4.1,14191000
2000-01-21,58600.0,2.2,7.2,14191000
2000-01-22,56100.0,3.6,6.5,14191000
2000-01-23,52000.0,0.0,3.0,14191000
2000-01-24,49400.0,12.3,3.2,14191000
2000-01-25,56100.0,7.0,5.6,14191000
2000-01-26,58300.0,0.0,4.3,14191000
2000-01-27,52700.0,0.0,3.0,14191000
2000-01-28,45900.0,0.0,1.9,14191000
2000-01-29,39700.0,0.0,1.8,14191000
2000-01-30,34000.0,1.7,0.5,14191000
2000-01-31,29500.0,1.5,4.6,14191000
2000-02-01,30600.0,15.6,10.1,14191000
2000-02-02,45400.0,9.2,7.8,14191000
2000-02-03,47000.0,0.0,7.4,14191000
2000-02-04,41600.0,1.9,7.6,14191000
2000-02-05,36600.0,1.4,7.9,14191000
2000-02-06,33100.0,4.6,8.8,14191000
2000-02-07,30500.0,0.0,8.2,14191000
2000-02-08,29100.0,19.0,9.0,14191000
2000-02-09,31800.0,0.1,7.2,14191000
2000-02-10,31000.0,0.0,4.0,14191000
2000-02-11,28900.0,3.7,5.2,14191000
2000-02-12,33600.0,17.6,6.3,14191000
2000-02-13,39600.0,3.3,3.7,14191000
2000-02-14,43600.0,19.0,6.8,14191000
2000-02-15,51600.0,2.3,6.2,14191000
2000-02-16,51800.0,0.0,5.6,14191000
2000-02-17,44400.0,0.0,5.8,14191000
2000-02-18,36900.0,0.0,4.5,14191000
2000-02-19,29500.0,0.0,4.7,14191000
2000-02-20,25000.0,0.0,4.2,14191000
2000-02-21,22600.0,2.4,6.9,14191000
2000-02-22,21600.0,10.6,7.7,14191000
2000-02-23,23300.0,1.8,5.7,14191000
2000-02-24,23900.0,0.0,4.7,14191000
2000-02-25,22000.0,3.8,4.8,14191000
2000-02-26,24800.0,26.9,6.8,14191000
2000-02-27,38900.0,11.3,8.4,14191000
2000-02-28,42500.0,0.5,7.8,14191000
2000-02-29,39300.0,13.9,7.9,14191000
2000-03-01,41000.0,0.0,5.5,14191000
2000-03-02,38600.0,6.2,8.2,14191000
2000-03-03,35700.0,0.0,6.4,14191000
2000-03-04,35500.0,17.1,7.4,14191000
2000-03-05,40900.0,0.0,5.3,14191000
2000-03-06,36600.0,0.0,5.1,14191000
2000-03-07,31200.0,0.0,4.9,14191000
2000-03-08,26400.0,1.0,6.8,14191000
2000-03-09,23400.0,0.0,5.8,14191000
2000-03-10,21400.0,1.1,7.0,14191000
2000-03-11,21000.0,4.0,7.0,14191000
2000-03-12,21400.0,0.2,6.7,14191000
2000-03-13,20400.0,0.6,8.4,14191000
2000-03-14,21800.0,15.6,9.4,14191000
2000-03-15,22500.0,0.2,6.5,14191000
2000-03-16,24000.0,9.3,9.5,14191000
2000-03-17,27900.0,0.5,6.2,14191000
2000-03-18,28000.0,7.2,8.1,14191000
2000-03-19,30300.0,2.4,6.3,14191000
2000-03-20,33400.0,1.7,6.2,14191000
2000-03-21,32200.0,0.0,7.9,14191000
2000-03-22,29500.0,6.8,9.1,14191000
2000-03-23,29600.0,1.4,6.0,14191000
2000-03-24,29800.0,0.0,6.4,14191000
2000-03-25,28600.0,0.0,8.2,14191000
2000-03-26,25700.0,0.0,7.8,14191000
2000-03-27,24300.0,3.3,8.2,14191000
2000-03-28,23900.0,2.9,6.2,14191000
2000-03-29,22100.0,0.0,5.7,14191000
2000-03-30,19800.0,0.0,7.3,14191000
2000-03-31,19900.0,0.0,9.9,14191000
2000-04-01,19200.0,0.0,13.3,14191000
2000-04-02,18300.0,0.0,12.0,14191000
2000-04-03,17700.0,0.0,14.4,14191000
2000-04-04,17900.0,0.0,12.7,14191000
2000-04-05,19000.0,0.0,7.0,14191000
2000-04-06,19600.0,2.2,7.5,14191000
2000-04-07,20600.0,0.0,8.7,14191000
2000-04-08,21400.0,0.0,12.3,14191000
2000-04-09,20600.0,0.0,10.7,14191000
2000-04-10,20200.0,0.0,10.7,14191000
2000-04-11,21300.0,0.0,14.1,14191000
2000-04-12,21800.0,0.1,15.5,14191000
2000-04-13,22500.0,21.9,13.3,14191000
2000-04-14,26200.0,1.7,11.0,14191000
2000-04-15,26600.0,7.2,10.4,14191000
2000-04-16,27100.0,0.0,10.8,14191000
2000-04-17,26800.0,0.0,12.6,14191000
2000-04-18,24800.0,0.0,13.4,14191000
2000-04-19,23100.0,0.0,10.5,14191000
2000-04-20,21300.0,0.0,11.7,14191000
2000-04-21,19700.0,0.0,12.8,14191000
2000-04-22,18500.0,3.0,10.8,14191000
2000-04-23,18500.0,7.7,8.7,14191000
2000-04-24,18300.0,0.0,6.7,14191000
2000-04-25,18800.0,5.3,10.1,14191000
2000-04-26,20300.0,0.0,9.1,14191000
2000-04-27,20800.0,3.3,11.6,14191000
2000-04-28,21500.0,4.0,7.9,14191000
2000-04-29,22000.0,3.5,8.3,14191000
2000-04-30,21700.0,0.0,11.4,14191000
2000-05-01,20100.0,0.0,13.2,14191000
2000-05-02,19400.0,1.9,13.9,14191000
2000-05-03,18600.0,4.8,12.2,14191000
2000-05-04,18200.0,2.8,10.6,14191000
2000-05-05,17900.0,2.8,9.6,14191000
2000-05-06,17400.0,0.0,9.4,14191000
2000-05-07,17800.0,0.0,10.8,14191000
2000-05-08,17400.0,6.4,12.1,14191000
2000-05-09,18200.0,11.3,11.7,14191000
2000-05-10,22700.0,10.0,7.5,14191000
2000-05-11,26200.0,11.2,7.7,14191000
2000-05-12,33600.0,0.2,8.6,14191000
2000-05-13,36700.0,0.0,12.5,14191000
2000-05-14,32800.0,0.0,14.1,14191000
2000-05-15,29300.0,4.0,14.3,14191000
2000-05-16,27300.0,0.0,13.2,14191000
2000-05-17,26100.0,0.0,11.6,14191000
2000-05-18,25000.0,0.0,13.9,14191000
2000-05-19,24000.0,0.9,15.4,14191000
2000-05-20,22600.0,0.0,15.0,14191000
2000-05-21,21400.0,0.0,18.0,14191000
2000-05-22,20200.0,0.0,16.2,14191000
2000-05-23,19100.0,0.0,15.0,14191000
2000-05-24,18500.0,0.0,15.1,14191000
2000-05-25,18000.0,0.1,12.6,14191000
2000-05-26,17300.0,0.9,14.6,14191000
2000-05-27,16900.0,3.5,14.9,14191000
2000-05-28,17000.0,0.1,13.5,14191000
2000-05-29,16900.0,0.0,12.3,14191000
2000-05-30,16600.0,0.7,11.3,14191000
2000-05-31,16300.0,0.1,11.5,14191000
2000-06-01,15300.0,0.0,13.7,14191000
2000-06-02,14600.0,0.0,16.5,14191000
2000-06-03,14000.0,0.0,17.9,14191000
2000-06-04,13600.0,0.0,19.6,14191000
2000-06-05,12900.0,0.2,15.9,14191000
2000-06-06,12600.0,0.7,14.9,14191000
2000-06-07,12500.0,8.5,14.0,14191000
2000-06-08,12200.0,4.0,13.5,14191000
2000-06-09,12600.0,3.1,11.9,14191000
2000-06-10,12500.0,4.4,10.9,14191000
2000-06-11,12700.0,4.8,10.9,14191000
2000-06-12,15300.0,11.6,14.0,14191000
2000-06-13,28400.0,0.0,15.7,14191000
2000-06-14,28400.0,0.0,18.6,14191000
2000-06-15,23100.0,0.0,16.9,14191000
2000-06-16,19900.0,0.0,16.4,14191000
2000-06-17,16900.0,0.0,19.5,14191000
2000-06-18,14700.0,0.0,18.8,14191000
2000-06-19,13400.0,0.0,14.8,14191000
2000-06-20,12500.0,0.0,16.3,14191000
2000-06-21,11700.0,0.0,19.6,14191000
2000-06-22,11200.0,0.0,17.4,14191000
2000-06-23,10600.0,0.0,15.9,14191000
2000-06-24,10400.0,0.0,17.4,14191000
2000-06-25,10300.0,0.0,19.6,14191000
2000-06-26,10100.0,0.0,23.1,14191000
2000-06-27,9680.0,0.0,24.7,14191000
2000-06-28,9480.0,0.0,25.9,14191000
2000-06-29,9140.0,0.0,22.9,14191000
2000-06-30,8670.0,0.0,19.8,14191000
2000-07-01,8500.0,0.0,17.3,14191000
2000-07-02,8300.0,0.0,15.4,14191000
2000-07-03,8220.0,0.4,15.1,14191000
2000-07-04,8190.0,0.0,14.4,14191000
2000-07-05,8140.0,0.0,16.4,14191000
2000-07-06,7980.0,0.0,17.4,14191000
2000-07-07,7770.0,0.0,18.9,14191000
2000-07-08,7600.0,0.0,18.5,14191000
2000-07-09,7650.0,0.0,16.8,14191000
2000-07-10,7750.0,0.0,17.7,14191000
2000-07-11,7640.0,0.0,18.1,14191000
2000-07-12,7430.0,0.0,18.4,14191000
2000-07-13,7260.0,0.0,18.5,14191000
2000-07-14,7200.0,0.0,17.6,14191000
2000-07-15,7070.0,0.0,18.3,14191000
2000-07-16,7160.0,0.0,22.1,14191000
2000-07-17,7520.0,0.0,23.1,14191000
2000-07-18,7660.0,0.0,19.5,14191000
2000-07-19,7650.0,0.0,19.0,14191000
2000-07-20,7620.0,0.0,21.2,14191000
2000-07-21,7580.0,0.0,22.8,14191000
2000-07-22,7520.0,0.3,19.1,14191000
2000-07-23,7510.0,0.0,18.6,14191000
2000-07-24,7530.0,0.0,21.3,14191000
2000-07-25,7410.0,0.0,20.3,14191000
2000-07-26,7290.0,0.0,18.6,14191000
2000-07-27,7250.0,0.0,19.2,14191000
2000-07-28,7220.0,0.0,21.2,14191000
2000-07-29,7160.0,0.0,22.5,14191000
2000-07-30,7120.0,0.0,24.8,14191000
2000-07-31,7120.0,0.0,24.3,14191000
2000-08-01,7020.0,0.0,22.5,14191000
2000-08-02,7130.0,0.0,21.3,14191000
2000-08-03,7140.0,0.0,21.5,14191000
2000-08-04,7130.0,0.0,22.5,14191000
2000-08-05,7100.0,0.0,22.7,14191000
2000-08-06,7100.0,0.0,23.0,14191000
2000-08-07,7120.0,0.0,21.3,14191000
2000-08-08,7070.0,0.0,22.2,14191000
2000-08-09,7020.0,0.0,22.5,14191000
2000-08-10,6970.0,0.0,19.8,14191000
2000-08-11,7030.0,0.0,17.1,14191000
2000-08-12,7060.0,0.0,17.7,14191000
2000-08-13,7000.0,0.0,17.5,14191000
2000-08-14,7080.0,0.0,16.7,14191000
2000-08-15,6970.0,0.0,16.9,14191000
2000-08-16,6990.0,0.0,17.8,14191000
2000-08-17,6970.0,0.0,17.9,14191000
2000-08-18,6930.0,3.8,16.4,14191000
2000-08-19,7000.0,0.2,16.1,14191000
2000-08-20,7020.0,0.0,16.7,14191000
2000-08-21,7040.0,0.0,18.2,14191000
2000-08-22,6950.0,0.0,21.3,14191000
2000-08-23,6830.0,0.0,23.0,14191000
2000-08-24,6820.0,0.0,20.6,14191000
2000-08-25,6800.0,0.0,19.7,14191000
2000-08-26,6850.0,0.2,18.6,14191000
2000-08-27,6890.0,0.0,16.5,14191000
2000-08-28,6900.0,0.0,17.0,14191000
2000-08-29,6890.0,0.0,19.6,14191000
2000-08-30,6900.0,0.0,19.4,14191000
2000-08-31,6920.0,0.1,17.6,14191000
2000-09-01,6950.0,0.0,14.7,14191000
2000-09-02,7040.0,5.3,14.1,14191000
2000-09-03,7310.0,5.1,13.2,14191000
2000-09-04,7430.0,0.0,14.0,14191000
2000-09-05,7330.0,0.0,14.4,14191000
2000-09-06,7320.0,0.6,16.3,14191000
2000-09-07,7320.0,0.0,15.9,14191000
2000-09-08,7240.0,2.7,15.7,14191000
2000-09-09,7430.0,0.2,14.0,14191000
2000-09-10,7680.0,1.5,16.4,14191000
2000-09-11,7850.0,0.0,18.5,14191000
2000-09-12,8390.0,0.0,19.4,14191000
2000-09-13,8670.0,0.0,20.9,14191000
2000-09-14,8800.0,0.0,23.5,14191000
2000-09-15,9080.0,0.1,19.9,14191000
2000-09-16,9230.0,0.0,18.0,14191000
2000-09-17,9420.0,0.0,18.0,14191000
2000-09-18,9720.0,0.0,19.9,14191000
2000-09-19,9870.0,0.0,20.7,14191000
2000-09-20,9940.0,0.0,19.7,14191000
2000-09-21,9980.0,0.0,17.9,14191000
2000-09-22,9970.0,0.0,15.3,14191000
2000-09-23,9940.0,0.0,13.8,14191000
2000-09-24,9920.0,0.0,14.6,14191000
2000-09-25,10000.0,0.0,16.6,14191000
2000-09-26,9990.0,0.0,17.6,14191000
2000-09-27,10000.0,0.0,17.5,14191000
2000-09-28,9990.0,0.0,16.4,14191000
2000-09-29,10000.0,0.0,16.5,14191000
2000-09-30,10100.0,0.5,18.3,14191000
2000-10-01,10300.0,4.7,17.7,14191000
2000-10-02,11100.0,0.0,12.6,14191000
2000-10-03,10900.0,0.0,11.8,14191000
2000-10-04,10600.0,0.0,13.0,14191000
2000-10-05,10600.0,0.0,14.4,14191000
2000-10-06,10600.0,0.0,15.3,14191000
2000-10-07,10600.0,0.0,16.1,14191000
2000-10-08,10700.0,0.0,14.9,14191000
2000-10-09,11000.0,13.2,14.9,14191000
2000-10-10,11200.0,0.8,11.9,14191000
2000-10-11,11200.0,0.0,12.5,14191000
2000-10-12,11300.0,0.0,11.5,14191000
2000-10-13,11300.0,2.4,12.7,14191000
2000-10-14,11300.0,0.8,10.7,14191000
2000-10-15,11300.0,0.0,9.8,14191000
2000-10-16,11500.0,0.0,13.4,14191000
2000-10-17,11800.0,0.0,13.9,14191000
2000-10-18,12000.0,6.1,14.9,14191000
2000-10-19,12300.0,0.0,12.8,14191000
2000-10-20,12600.0,19.1,13.9,14191000
2000-10-21,13800.0,0.7,9.7,14191000
2000-10-22,14900.0,0.0,8.3,14191000
2000-10-23,13900.0,0.0,9.7,14191000
2000-10-24,13300.0,0.0,11.2,14191000
2000-10-25,13300.0,0.0,13.2,14191000
2000-10-26,13100.0,4.4,11.8,14191000
2000-10-27,12900.0,0.0,10.8,14191000
2000-10-28,13100.0,18.9,11.2,14191000
2000-10-29,14000.0,0.9,11.3,14191000
2000-10-30,14200.0,0.0,9.2,14191000
2000-10-31,13900.0,0.0,8.9,14191000
2000-11-01,13500.0,1.0,9.4,14191000
2000-11-02,13100.0,2.7,9.8,14191000
2000-11-03,12200.0,0.0,11.8,14191000
2000-11-04,11700.0,2.0,10.6,14191000
2000-11-05,11800.0,0.0,9.3,14191000
2000-11-06,11900.0,1.7,9.3,14191000
2000-11-07,12000.0,0.0,7.3,14191000
2000-11-08,12600.0,8.4,8.3,14191000
2000-11-09,13800.0,1.4,6.2,14191000
2000-11-10,15100.0,0.5,3.9,14191000
2000-11-11,15600.0,0.0,1.8,14191000
2000-11-12,14800.0,0.0,2.3,14191000
2000-11-13,14400.0,0.0,1.8,14191000
2000-11-14,14000.0,0.0,2.2,14191000
2000-11-15,13800.0,0.0,2.8,14191000
2000-11-16,13600.0,0.0,2.6,14191000
2000-11-17,13100.0,0.0,1.1,14191000
2000-11-18,12400.0,0.0,2.0,14191000
2000-11-19,12200.0,0.0,1.3,14191000
2000-11-20,11900.0,0.0,2.4,14191000
2000-11-21,11700.0,0.0,2.3,14191000
2000-11-22,11700.0,0.0,2.0,14191000
2000-11-23,11800.0,9.5,2.0,14191000
2000-11-24,12400.0,2.6,6.5,14191000
2000-11-25,13000.0,3.3,3.8,14191000
2000-11-26,13600.0,2.2,8.2,14191000
2000-11-27,14000.0,13.3,8.5,14191000
2000-11-28,15100.0,0.0,3.8,14191000
2000-11-29,15000.0,15.3,6.0,14191000
2000-11-30,15200.0,0.1,8.9,14191000
2000-12-01,14800.0,0.0,6.2,14191000
2000-12-02,14100.0,3.1,8.1,14191000
2000-12-03,13000.0,0.0,7.2,14191000
2000-12-04,12500.0,0.0,5.0,14191000
2000-12-05,12600.0,0.0,4.3,14191000
2000-12-06,12100.0,0.0,4.3,14191000
2000-12-07,10800.0,0.0,4.0,14191000
2000-12-08,9730.0,0.0,2.3,14191000
2000-12-09,8870.0,0.4,4.2,14191000
2000-12-10,8600.0,0.3,2.5,14191000
2000-12-11,8870.0,2.7,2.0,14191000
2000-12-12,9800.0,3.8,1.4,14191000
2000-12-13,9190.0,11.4,3.6,14191000
2000-12-14,9780.0,13.9,5.6,14191000
2000-12-15,15900.0,6.3,6.2,14191000
2000-12-16,22700.0,2.3,7.9,14191000
2000-12-17,22100.0,10.0,6.5,14191000
2000-12-18,21500.0,0.0,2.9,14191000
2000-12-19,19100.0,2.3,4.6,14191000
2000-12-20,15800.0,3.7,5.9,14191000
2000-12-21,14500.0,5.0,5.1,14191000
2000-12-22,17000.0,31.3,8.0,14191000
2000-12-23,27700.0,7.6,7.9,14191000
2000-12-24,35000.0,0.5,5.7,14191000
2000-12-25,33000.0,0.0,5.1,14191000
2000-12-26,28400.0,0.0,5.2,14191000
2000-12-27,24700.0,0.0,6.0,14191000
2000-12-28,20600.0,0.0,6.0,14191000
2000-12-29,17500.0,0.0,4.2,14191000
2000-12-30,16000.0,0.0,8.5,14191000
2000-12-31,14800.0,1.4,7.2,14191000
2001-01-01,13400.0,0.0,5.8,14191000
2001-01-02,12900.0,0.0,6.5,14191000
2001-01-03,12300.0,0.0,5.9,14191000
2001-01-04,11600.0,0.8,9.7,14191000
2001-01-05,11300.0,3.5,10.2,14191000
2001-01-06,11400.0,0.0,6.3,14191000
2001-01-07,11300.0,0.0,4.7,14191000
2001-01-08,11100.0,2.3,6.3,14191000
2001-01-09,11000.0,1.8,3.5,14191000
2001-01-10,11200.0,3.6,5.9,14191000
2001-01-11,11200.0,0.1,6.6,14191000
2001-01-12,10500.0,0.3,5.3,14191000
2001-01-13,9710.0,6.2,4.8,14191000
2001-01-14,10100.0,3.4,5.5,14191000
2001-01-15,11700.0,0.8,3.6,14191000
2001-01-16,11400.0,0.0,1.1,14191000
2001-01-17,10800.0,0.0,1.7,14191000
2001-01-18,11100.0,0.0,3.4,14191000
2001-01-19,9940.0,9.4,6.9,14191000
2001-01-20,9840.0,0.0,4.4,14191000
2001-01-21,10200.0,5.7,6.6,14191000
2001-01-22,11100.0,0.0,7.0,14191000
2001-01-23,11800.0,0.0,5.8,14191000
2001-01-24,11700.0,8.5,6.0,14191000
2001-01-25,12300.0,2.4,4.0,14191000
2001-01-26,12400.0,0.0,2.9,14191000
2001-01-27,11800.0,0.0,2.9,14191000
2001-01-28,11000.0,0.0,3.1,14191000
2001-01-29,10500.0,5.4,6.0,14191000
2001-01-30,10500.0,2.0,3.5,14191000
2001-01-31,10200.0,0.4,3.6,14191000
2001-02-01,9880.0,0.0,4.3,14191000
2001-02-02,9630.0,7.4,8.4,14191000
2001-02-03,10100.0,1.1,5.2,14191000
2001-02-04,11200.0,6.8,9.2,14191000
2001-02-05,13100.0,1.9,7.0,14191000
2001-02-06,14400.0,0.1,3.6,14191000
2001-02-07,14200.0,0.6,1.1,14191000
2001-02-08,13500.0,0.9,0.8,14191000
2001-02-09,12100.0,1.6,2.0,14191000
2001-02-10,11300.0,0.0,2.5,14191000
2001-02-11,11000.0,3.6,2.5,14191000
2001-02-12,10800.0,0.0,2.9,14191000
2001-02-13,10300.0,0.0,2.9,14191000
2001-02-14,9870.0,0.0,3.2,14191000
2001-02-15,9510.0,0.1,4.4,14191000
2001-02-16,9330.0,4.9,7.4,14191000
2001-02-17,9160.0,0.0,6.4,14191000
2001-02-18,9000.0,5.3,6.4,14191000
2001-02-19,9010.0,0.0,6.7,14191000
2001-02-20,8850.0,0.7,7.0,14191000
2001-02-21,8880.0,8.5,7.1,14191000
2001-02-22,9540.0,1.6,5.3,14191000
2001-02-23,9670.0,0.0,5.5,14191000
2001-02-24,9760.0,0.0,5.0,14191000
2001-02-25,9640.0,0.0,4.9,14191000
2001-02-26,9290.0,0.0,4.6,14191000
2001-02-27,8880.0,0.0,5.3,14191000
2001-02-28,8610.0,0.0,5.7,14191000
2001-03-01,8470.0,4.6,5.8,14191000
2001-03-02,8880.0,12.4,5.2,14191000
2001-03-03,10100.0,1.6,2.3,14191000
2001-03-04,9700.0,0.5,3.9,14191000
2001-03-05,9430.0,0.7,7.3,14191000
2001-03-06,9160.0,0.0,9.5,14191000
2001-03-07,8760.0,0.0,10.7,14191000
2001-03-08,8480.0,1.5,10.2,14191000
2001-03-09,8590.0,3.4,7.3,14191000
2001-03-10,9140.0,0.0,6.9,14191000
2001-03-11,9180.0,0.0,6.4,14191000
2001-03-12,8940.0,0.0,7.4,14191000
2001-03-13,8640.0,0.2,7.6,14191000
2001-03-14,8440.0,0.1,8.0,14191000
2001-03-15,8340.0,8.1,6.5,14191000
2001-03-16,8550.0,1.4,4.3,14191000
2001-03-17,9180.0,3.4,6.3,14191000
2001-03-18,10600.0,5.9,10.9,14191000
2001-03-19,13300.0,2.2,9.6,14191000
2001-03-20,15900.0,0.0,6.5,14191000
2001-03-21,14900.0,0.0,7.8,14191000
2001-03-22,13100.0,0.0,8.3,14191000
2001-03-23,11900.0,0.0,10.9,14191000
2001-03-24,11200.0,0.8,11.8,14191000
2001-03-25,11100.0,16.8,11.0,14191000
2001-03-26,11700.0,2.5,7.8,14191000
2001-03-27,11900.0,10.1,6.6,14191000
2001-03-28,14600.0,9.4,9.5,14191000
2001-03-29,19400.0,3.5,8.0,14191000
2001-03-30,18500.0,0.0,9.6,14191000
2001-03-31,16400.0,4.4,10.5,14191000
2001-04-01,16500.0,1.1,7.6,14191000
2001-04-02,16800.0,3.4,5.5,14191000
2001-04-03,16500.0,2.1,4.3,14191000
2001-04-04,16700.0,0.0,6.2,14191000
2001-04-05,17000.0,0.1,7.5,14191000
2001-04-06,17000.0,10.0,6.0,14191000
2001-04-07,18000.0,1.4,3.7,14191000
2001-04-08,19900.0,1.1,4.6,14191000
2001-04-09,20600.0,1.2,5.0,14191000
2001-04-10,20400.0,6.5,6.3,14191000
2001-04-11,19100.0,7.0,7.2,14191000
2001-04-12,20400.0,3.5,6.9,14191000
2001-04-13,20700.0,0.4,5.0,14191000
2001-04-14,19900.0,0.1,5.7,14191000
2001-04-15,17400.0,0.0,8.2,14191000
2001-04-16,15900.0,0.0,11.6,14191000
2001-04-17,15900.0,6.3,11.2,14191000
2001-04-18,16200.0,0.4,10.5,14191000
2001-04-19,16200.0,0.6,9.0,14191000
2001-04-20,17100.0,3.1,8.4,14191000
2001-04-21,17100.0,0.0,9.5,14191000
2001-04-22,15100.0,1.9,8.8,14191000
2001-04-23,13800.0,5.0,9.8,14191000
2001-04-24,13600.0,0.0,13.6,14191000
2001-04-25,14800.0,0.0,15.9,14191000
2001-04-26,14600.0,0.0,15.9,14191000
2001-04-27,14100.0,0.6,12.2,14191000
2001-04-28,13900.0,2.9,10.2,14191000
2001-04-29,14000.0,5.2,8.9,14191000
2001-04-30,14200.0,14.9,11.3,14191000
2001-05-01,18900.0,0.5,9.0,14191000
2001-05-02,18700.0,0.1,8.0,14191000
2001-05-03,17400.0,0.0,10.4,14191000
2001-05-04,17100.0,0.0,13.4,14191000
2001-05-05,16400.0,0.9,10.2,14191000
2001-05-06,15400.0,0.0,10.1,14191000
2001-05-07,14600.0,0.0,14.3,14191000
2001-05-08,14100.0,0.0,14.2,14191000
2001-05-09,14400.0,0.0,11.4,14191000
2001-05-10,14500.0,0.0,11.4,14191000
2001-05-11,14700.0,0.0,14.7,14191000
2001-05-12,15000.0,0.0,16.4,14191000
2001-05-13,15200.0,0.0,13.1,14191000
2001-05-14,15200.0,18.5,11.9,14191000
2001-05-15,17300.0,11.9,11.6,14191000
2001-05-16,21600.0,7.1,10.8,14191000
2001-05-17,22100.0,0.0,10.9,14191000
2001-05-18,19400.0,0.0,11.1,14191000
2001-05-19,16900.0,0.0,12.8,14191000
2001-05-20,15900.0,0.0,12.6,14191000
2001-05-21,15400.0,0.0,16.1,14191000
2001-05-22,14800.0,0.0,20.2,14191000
2001-05-23,15100.0,0.0,20.9,14191000
2001-05-24,15400.0,0.0,18.1,14191000
2001-05-25,14500.0,0.0,18.3,14191000
2001-05-26,14200.0,0.0,18.5,14191000
2001-05-27,14700.0,0.0,16.3,14191000
2001-05-28,15100.0,1.4,13.0,14191000
2001-05-29,15100.0,0.0,11.1,14191000
2001-05-30,14900.0,0.0,15.1,14191000
2001-05-31,14800.0,0.0,20.0,14191000
2001-06-01,14300.0,2.7,17.0,14191000
2001-06-02,13700.0,5.4,11.7,14191000
2001-06-03,13600.0,2.0,11.1,14191000
2001-06-04,13400.0,0.0,11.9,14191000
2001-06-05,13000.0,5.9,11.6,14191000
2001-06-06,12900.0,0.2,13.1,14191000
2001-06-07,12600.0,0.0,16.2,14191000
2001-06-08,11700.0,0.6,18.1,14191000
2001-06-09,10500.0,2.3,15.9,14191000
2001-06-10,9930.0,0.0,13.6,14191000
2001-06-11,9130.0,7.3,13.4,14191000
2001-06-12,9230.0,3.9,10.9,14191000
2001-06-13,9510.0,0.0,12.1,14191000
2001-06-14,9020.0,0.1,14.2,14191000
2001-06-15,8280.0,0.0,13.6,14191000
2001-06-16,7890.0,0.0,14.0,14191000
2001-06-17,7560.0,0.0,13.7,14191000
2001-06-18,7390.0,0.0,14.1,14191000
2001-06-19,7130.0,0.0,17.2,14191000
2001-06-20,6870.0,0.0,21.0,14191000
2001-06-21,6710.0,0.0,21.0,14191000
2001-06-22,6590.0,0.0,18.7,14191000
2001-06-23,6520.0,0.0,16.1,14191000
2001-06-24,6540.0,8.5,13.5,14191000
2001-06-25,6650.0,0.8,12.4,14191000
2001-06-26,6790.0,0.2,17.2,14191000
2001-06-27,7050.0,17.8,17.0,14191000
2001-06-28,7320.0,0.2,16.4,14191000
2001-06-29,7200.0,0.0,16.3,14191000
2001-06-30,6860.0,0.0,16.0,14191000
2001-07-01,6830.0,0.0,16.1,14191000
2001-07-02,6550.0,0.0,18.7,14191000
2001-07-03,6290.0,0.0,21.1,14191000
2001-07-04,6130.0,0.0,21.9,14191000
2001-07-05,6070.0,0.0,18.2,14191000
2001-07-06,5950.0,0.0,17.0,14191000
2001-07-07,5830.0,0.0,18.2,14191000
2001-07-08,5770.0,0.0,20.5,14191000
2001-07-09,5730.0,0.0,22.7,14191000
2001-07-10,5650.0,0.0,23.3,14191000
2001-07-11,5600.0,0.0,22.2,14191000
2001-07-12,5570.0,0.0,21.6,14191000
2001-07-13,5520.0,0.0,20.3,14191000
2001-07-14,5510.0,0.0,18.4,14191000
2001-07-15,5520.0,0.0,16.6,14191000
2001-07-16,5540.0,0.0,15.9,14191000
2001-07-17,5440.0,0.1,15.4,14191000
2001-07-18,5360.0,0.0,17.2,14191000
2001-07-19,5260.0,0.0,18.4,14191000
2001-07-20,5340.0,0.0,17.8,14191000
2001-07-21,5330.0,0.0,17.4,14191000
2001-07-22,5300.0,0.0,19.3,14191000
2001-07-23,5310.0,0.0,21.1,14191000
2001-07-24,5230.0,0.0,21.7,14191000
2001-07-25,5150.0,0.0,20.1,14191000
2001-07-26,5130.0,0.0,20.1,14191000
2001-07-27,5120.0,0.0,19.3,14191000
2001-07-28,5110.0,2.4,18.8,14191000
2001-07-29,5180.0,0.1,16.3,14191000
2001-07-30,5350.0,3.9,16.3,14191000
2001-07-31,5560.0,0.0,15.9,14191000
2001-08-01,5610.0,0.0,18.4,14191000
2001-08-02,5540.0,0.0,18.6,14191000
2001-08-03,5450.0,0.1,18.3,14191000
2001-08-04,5470.0,0.0,18.2,14191000
2001-08-05,5560.0,0.0,18.8,14191000
2001-08-06,5560.0,0.0,21.1,14191000
2001-08-07,5490.0,0.0,21.9,14191000
2001-08-08,5430.0,0.0,21.4,14191000
2001-08-09,5400.0,0.0,24.9,14191000
2001-08-10,5450.0,0.0,25.3,14191000
2001-08-11,5440.0,0.0,22.9,14191000
2001-08-12,5530.0,0.0,24.4,14191000
2001-08-13,5540.0,0.0,23.1,14191000
2001-08-14,5520.0,0.0,21.9,14191000
2001-08-15,5490.0,0.0,21.5,14191000
2001-08-16,5510.0,0.0,19.4,14191000
2001-08-17,5500.0,0.0,19.1,14191000
2001-08-18,5500.0,0.0,19.2,14191000
2001-08-19,5540.0,0.0,18.1,14191000
2001-08-20,5550.0,0.0,18.1,14191000
2001-08-21,5530.0,0.0,17.4,14191000
2001-08-22,5680.0,14.4,17.7,14191000
2001-08-23,5830.0,15.9,16.4,14191000
2001-08-24,5980.0,0.0,16.7,14191000
2001-08-25,5990.0,0.0,17.7,14191000
2001-08-26,5870.0,0.0,19.3,14191000
2001-08-27,5800.0,0.0,19.2,14191000
2001-08-28,5710.0,0.0,20.2,14191000
2001-08-29,5600.0,0.0,20.2,14191000
2001-08-30,5600.0,0.0,20.6,14191000
2001-08-31,5640.0,0.4,19.7,14191000
2001-09-01,5650.0,0.0,18.9,14191000
2001-09-02,5690.0,0.0,17.6,14191000
2001-09-03,5720.0,0.0,17.2,14191000
2001-09-04,5680.0,0.0,18.1,14191000
2001-09-05,5700.0,0.0,15.5,14191000
2001-09-06,5680.0,0.0,14.4,14191000
2001-09-07,5720.0,0.0,15.8,14191000
2001-09-08,5810.0,0.0,19.0,14191000
2001-09-09,5820.0,0.0,21.1,14191000
2001-09-10,5870.0,0.0,21.0,14191000
2001-09-11,5860.0,0.0,20.8,14191000
2001-09-12,5820.0,0.0,22.1,14191000
2001-09-13,5840.0,0.0,21.8,14191000
2001-09-14,5840.0,0.0,21.8,14191000
2001-09-15,5910.0,0.0,22.3,14191000
2001-09-16,5960.0,0.0,20.1,14191000
2001-09-17,5970.0,0.0,17.3,14191000
2001-09-18,5940.0,0.0,16.9,14191000
2001-09-19,5890.0,0.0,16.0,14191000
2001-09-20,6360.0,0.0,16.6,14191000
2001-09-21,6520.0,0.0,16.5,14191000
2001-09-22,6520.0,0.0,18.9,14191000
2001-09-23,6490.0,0.0,20.4,14191000
2001-09-24,6500.0,0.0,20.3,14191000
2001-09-25,6510.0,8.4,16.9,14191000
2001-09-26,6690.0,7.6,13.7,14191000
2001-09-27,6830.0,0.0,11.9,14191000
2001-09-28,6830.0,0.0,13.2,14191000
2001-09-29,6800.0,0.0,15.2,14191000
2001-09-30,6750.0,0.0,17.8,14191000
2001-10-01,6780.0,0.0,19.3,14191000
2001-10-02,6730.0,0.0,18.1,14191000
2001-10-03,6670.0,0.0,16.1,14191000
2001-10-04,6540.0,0.0,17.4,14191000
2001-10-05,6530.0,0.0,16.6,14191000
2001-10-06,6520.0,0.0,14.8,14191000
2001-10-07,6540.0,0.0,12.3,14191000
2001-10-08,6580.0,1.0,13.7,14191000
2001-10-09,6620.0,0.0,10.7,14191000
2001-10-10,6670.0,6.1,10.1,14191000
2001-10-11,6860.0,2.6,11.7,14191000
2001-10-12,7620.0,0.0,11.0,14191000
2001-10-13,7310.0,1.0,13.4,14191000
2001-10-14,7000.0,0.0,14.1,14191000
2001-10-15,6810.0,0.0,13.0,14191000
2001-10-16,6750.0,1.6,13.4,14191000
2001-10-17,6640.0,0.1,8.7,14191000
2001-10-18,6590.0,0.0,9.4,14191000
2001-10-19,6600.0,0.0,11.1,14191000
2001-10-20,6630.0,0.0,12.0,14191000
2001-10-21,6810.0,0.3,9.1,14191000
2001-10-22,6950.0,12.9,11.8,14191000
2001-10-23,8640.0,3.4,9.9,14191000
2001-10-24,11200.0,0.0,7.4,14191000
2001-10-25,10200.0,0.0,12.4,14191000
2001-10-26,9220.0,0.0,11.2,14191000
2001-10-27,8750.0,7.4,10.7,14191000
2001-10-28,8150.0,1.7,5.4,14191000
2001-10-29,7890.0,2.1,7.3,14191000
2001-10-30,8240.0,21.5,10.1,14191000
2001-10-31,9990.0,7.3,11.7,14191000
2001-11-01,13200.0,8.4,10.5,14191000
2001-11-02,12700.0,4.2,12.5,14191000
2001-11-03,11100.0,0.0,10.9,14191000
2001-11-04,9640.0,0.0,10.8,14191000
2001-11-05,9000.0,4.0,10.6,14191000
2001-11-06,8660.0,0.0,7.7,14191000
2001-11-07,8400.0,0.0,6.2,14191000
2001-11-08,8010.0,0.0,6.9,14191000
2001-11-09,7740.0,0.0,7.8,14191000
2001-11-10,7350.0,0.0,9.2,14191000
2001-11-11,7320.0,0.0,8.7,14191000
2001-11-12,7270.0,10.1,10.0,14191000
2001-11-13,7620.0,3.7,10.6,14191000
2001-11-14,10700.0,17.1,14.0,14191000
2001-11-15,13400.0,7.6,14.6,14191000
2001-11-16,13200.0,6.0,10.6,14191000
2001-11-17,13800.0,6.3,7.7,14191000
2001-11-18,15200.0,0.0,6.2,14191000
2001-11-19,14900.0,5.2,9.3,14191000
2001-11-20,14400.0,9.6,11.3,14191000
2001-11-21,16500.0,16.9,9.5,14191000
2001-11-22,21500.0,30.9,9.4,14191000
2001-11-23,43600.0,2.5,7.4,14191000
2001-11-24,45300.0,8.5,6.7,14191000
2001-11-25,36800.0,11.3,5.6,14191000
2001-11-26,34700.0,0.4,5.4,14191000
2001-11-27,32700.0,0.0,3.3,14191000
2001-11-28,31400.0,31.8,5.4,14191000
2001-11-29,47700.0,18.8,7.1,14191000
2001-11-30,61600.0,16.3,5.2,14191000
2001-12-01,64300.0,25.3,7.3,14191000
2001-12-02,75000.0,9.1,5.9,14191000
2001-12-03,76500.0,5.8,5.7,14191000
2001-12-04,68100.0,17.8,4.3,14191000
2001-12-05,66700.0,18.5,4.0,14191000
2001-12-06,68400.0,11.4,7.9,14191000
2001-12-07,73900.0,0.9,8.0,14191000
2001-12-08,75000.0,1.8,6.4,14191000
2001-12-09,65600.0,6.0,5.1,14191000
2001-12-10,55400.0,7.7,3.8,14191000
2001-12-11,45300.0,4.4,4.8,14191000
2001-12-12,39400.0,3.1,4.7,14191000
2001-12-13,40300.0,20.5,8.6,14191000
2001-12-14,65600.0,15.5,6.4,14191000
2001-12-15,82100.0,5.9,4.4,14191000
2001-12-16,82900.0,5.0,9.5,14191000
2001-12-17,85500.0,13.0,6.7,14191000
2001-12-18,85800.0,15.0,5.5,14191000
2001-12-19,82300.0,3.1,4.8,14191000
2001-12-20,79100.0,14.4,5.2,14191000
2001-12-21,75900.0,0.0,3.1,14191000
2001-12-22,70200.0,3.3,2.4,14191000
2001-12-23,64200.0,0.0,2.1,14191000
2001-12-24,55300.0,0.0,1.8,14191000
2001-12-25,45200.0,0.0,1.4,14191000
2001-12-26,38000.0,0.0,1.4,14191000
2001-12-27,32600.0,0.3,3.7,14191000
2001-12-28,30000.0,10.2,7.1,14191000
2001-12-29,30200.0,0.3,3.8,14191000
2001-12-30,28000.0,0.1,4.4,14191000
2001-12-31,25700.0,7.1,6.8,14191000
2002-01-01,27000.0,13.8,5.7,14191000
2002-01-02,31300.0,3.8,8.0,14191000
2002-01-03,33000.0,0.0,6.7,14191000
2002-01-04,33800.0,0.0,4.7,14191000
2002-01-05,30900.0,0.8,6.4,14191000
2002-01-06,32900.0,14.2,10.0,14191000
2002-01-07,46700.0,15.5,13.2,14191000
2002-01-08,57900.0,22.5,11.3,14191000
2002-01-09,62600.0,0.2,7.9,14191000
2002-01-10,57100.0,0.1,5.9,14191000
2002-01-11,49900.0,0.0,7.5,14191000
2002-01-12,45100.0,5.3,7.9,14191000
2002-01-13,43400.0,0.0,4.6,14191000
2002-01-14,41300.0,0.9,3.6,14191000
2002-01-15,38600.0,0.0,1.2,14191000
2002-01-16,34700.0,0.4,1.4,14191000
2002-01-17,32400.0,3.5,2.7,14191000
2002-01-18,30800.0,2.1,3.3,14191000
2002-01-19,29800.0,8.2,5.1,14191000
2002-01-20,33700.0,26.8,4.9,14191000
2002-01-21,53300.0,18.5,4.8,14191000
2002-01-22,72500.0,5.2,2.9,14191000
2002-01-23,71200.0,1.2,2.5,14191000
2002-01-24,58700.0,10.7,5.3,14191000
2002-01-25,62000.0,48.5,6.5,14191000
2002-01-26,81500.0,7.9,3.1,14191000
2002-01-27,86100.0,1.5,2.2,14191000
2002-01-28,76200.0,0.1,1.1,14191000
2002-01-29,58600.0,0.0,0.1,14191000
2002-01-30,45700.0,0.0,2.3,14191000
2002-01-31,38100.0,8.5,5.0,14191000
2002-02-01,36200.0,4.0,4.6,14191000
2002-02-02,36200.0,0.0,4.2,14191000
2002-02-03,32200.0,4.3,7.4,14191000
2002-02-04,29500.0,0.0,3.3,14191000
2002-02-05,26400.0,3.8,2.3,14191000
2002-02-06,24400.0,3.6,4.6,14191000
2002-02-07,27300.0,25.3,6.5,14191000
2002-02-08,47400.0,24.4,4.9,14191000
2002-02-09,52300.0,0.0,3.4,14191000
2002-02-10,43400.0,0.0,5.3,14191000
2002-02-11,35400.0,2.7,4.8,14191000
2002-02-12,30400.0,0.0,3.7,14191000
2002-02-13,26700.0,0.0,4.4,14191000
2002-02-14,23900.0,0.0,4.1,14191000
2002-02-15,21500.0,0.0,5.5,14191000
2002-02-16,19800.0,1.4,5.9,14191000
2002-02-17,19100.0,0.0,6.0,14191000
2002-02-18,18100.0,2.3,8.1,14191000
2002-02-19,17700.0,10.9,9.0,14191000
2002-02-20,18500.0,0.0,7.5,14191000
2002-02-21,19800.0,5.6,12.5,14191000
2002-02-22,21200.0,0.0,13.1,14191000
2002-02-23,27300.0,15.1,10.4,14191000
2002-02-24,32900.0,0.3,6.2,14191000
2002-02-25,28400.0,0.0,4.5,14191000
2002-02-26,23500.0,0.0,4.9,14191000
2002-02-27,20300.0,0.0,5.1,14191000
2002-02-28,18300.0,0.0,5.6,14191000
2002-03-01,17000.0,0.0,3.6,14191000
2002-03-02,15900.0,0.0,3.9,14191000
2002-03-03,14600.0,0.0,5.2,14191000
2002-03-04,13700.0,0.0,6.7,14191000
2002-03-05,13200.0,2.0,8.6,14191000
2002-03-06,15700.0,25.6,7.1,14191000
2002-03-07,29700.0,3.7,2.7,14191000
2002-03-08,29300.0,2.7,2.0,14191000
2002-03-09,24900.0,0.8,3.4,14191000
2002-03-10,22500.0,10.1,6.9,14191000
2002-03-11,24500.0,17.6,9.6,14191000
2002-03-12,43300.0,13.5,7.8,14191000
2002-03-13,55200.0,7.2,5.1,14191000
2002-03-14,54300.0,2.3,4.9,14191000
2002-03-15,47100.0,5.5,4.3,14191000
2002-03-16,42000.0,3.8,2.7,14191000
2002-03-17,39600.0,1.5,2.0,14191000
2002-03-18,35600.0,1.0,2.4,14191000
2002-03-19,33700.0,16.8,6.4,14191000
2002-03-20,34200.0,0.0,8.4,14191000
2002-03-21,29800.0,0.0,8.7,14191000
2002-03-22,27800.0,0.0,7.1,14191000
2002-03-23,26100.0,0.2,8.9,14191000
2002-03-24,28400.0,6.7,8.7,14191000
2002-03-25,30400.0,0.0,7.8,14191000
2002-03-26,28400.0,0.0,7.7,14191000
2002-03-27,25800.0,0.0,7.5,14191000
2002-03-28,23300.0,0.0,7.8,14191000
2002-03-29,21300.0,0.0,7.4,14191000
2002-03-30,19900.0,0.0,7.9,14191000
2002-03-31,20200.0,0.0,8.4,14191000
2002-04-01,20800.0,0.0,9.6,14191000
2002-04-02,20600.0,0.0,9.6,14191000
2002-04-03,20500.0,0.0,10.7,14191000
2002-04-04,20500.0,0.0,12.2,14191000
2002-04-05,21000.0,7.9,11.9,14191000
2002-04-06,21500.0,0.6,10.3,14191000
2002-04-07,21200.0,0.0,10.0,14191000
2002-04-08,21100.0,0.0,9.2,14191000
2002-04-09,21200.0,7.2,12.0,14191000
2002-04-10,25300.0,18.2,11.1,14191000
2002-04-11,34900.0,6.6,11.6,14191000
2002-04-12,36500.0,0.7,12.7,14191000
2002-04-13,36900.0,7.7,13.8,14191000
2002-04-14,45400.0,16.3,10.9,14191000
2002-04-15,61800.0,4.5,6.7,14191000
2002-04-16,64100.0,8.6,6.1,14191000
2002-04-17,61600.0,2.4,6.1,14191000
2002-04-18,57000.0,1.8,6.3,14191000
2002-04-19,49400.0,0.0,8.4,14191000
2002-04-20,40800.0,0.0,7.9,14191000
2002-04-21,31900.0,0.0,8.7,14191000
2002-04-22,26900.0,0.0,9.3,14191000
2002-04-23,23200.0,0.0,8.4,14191000
2002-04-24,20700.0,0.0,10.1,14191000
2002-04-25,19000.0,0.0,12.2,14191000
2002-04-26,17700.0,1.2,8.8,14191000
2002-04-27,17400.0,5.6,7.9,14191000
2002-04-28,17200.0,0.0,9.4,14191000
2002-04-29,16200.0,0.0,12.2,14191000
2002-04-30,15500.0,0.0,11.7,14191000
2002-05-01,15500.0,0.0,11.4,14191000
2002-05-02,15300.0,0.1,10.7,14191000
2002-05-03,15700.0,0.0,9.2,14191000
2002-05-04,15800.0,0.0,8.7,14191000
2002-05-05,15800.0,1.9,9.6,14191000
2002-05-06,15500.0,1.4,7.9,14191000
2002-05-07,15500.0,0.3,6.8,14191000
2002-05-08,16600.0,0.0,7.8,14191000
2002-05-09,16100.0,0.0,9.5,14191000
2002-05-10,15000.0,0.0,8.6,14191000
2002-05-11,15400.0,0.0,10.3,14191000
2002-05-12,15300.0,0.0,14.9,14191000
2002-05-13,15200.0,2.0,13.4,14191000
2002-05-14,15500.0,0.2,10.9,14191000
2002-05-15,15800.0,0.0,10.5,14191000
2002-05-16,15800.0,0.0,12.4,14191000
2002-05-17,15300.0,2.9,13.2,14191000
2002-05-18,15100.0,0.0,13.3,14191000
2002-05-19,15400.0,9.1,12.2,14191000
2002-05-20,15700.0,3.4,12.0,14191000
2002-05-21,15800.0,3.3,10.5,14191000
2002-05-22,15900.0,0.3,10.7,14191000
2002-05-23,16000.0,0.0,11.9,14191000
2002-05-24,15600.0,0.0,13.5,14191000
2002-05-25,15200.0,0.7,16.2,14191000
2002-05-26,15000.0,0.0,16.3,14191000
2002-05-27,15100.0,0.1,16.6,14191000
2002-05-28,16000.0,8.0,15.5,14191000
2002-05-29,16600.0,9.7,16.0,14191000
2002-05-30,18400.0,0.0,15.5,14191000
2002-05-31,17600.0,0.0,14.0,14191000
2002-06-01,16100.0,0.0,15.4,14191000
2002-06-02,14800.0,0.0,13.9,14191000
2002-06-03,14400.0,0.0,14.8,14191000
2002-06-04,13700.0,0.1,16.8,14191000
2002-06-05,13400.0,1.6,17.1,14191000
2002-06-06,13200.0,0.0,13.5,14191000
2002-06-07,12800.0,0.0,12.3,14191000
2002-06-08,12800.0,0.5,10.8,14191000
2002-06-09,13100.0,3.3,12.5,14191000
2002-06-10,12500.0,0.1,14.6,14191000
2002-06-11,12600.0,0.0,17.4,14191000
2002-06-12,12900.0,0.0,21.9,14191000
2002-06-13,12600.0,0.0,22.8,14191000
2002-06-14,11100.0,0.0,18.9,14191000
2002-06-15,10200.0,0.0,17.0,14191000
2002-06-16,9990.0,0.0,16.6,14191000
2002-06-17,9720.0,4.0,14.6,14191000
2002-06-18,10100.0,4.9,13.9,14191000
2002-06-19,11200.0,0.0,14.3,14191000
2002-06-20,10800.0,0.0,17.1,14191000
2002-06-21,10000.0,0.0,19.9,14191000
2002-06-22,9210.0,0.0,19.1,14191000
2002-06-23,8910.0,0.0,17.3,14191000
2002-06-24,8690.0,0.0,18.0,14191000
2002-06-25,8390.0,0.0,21.5,14191000
2002-06-26,8280.0,0.0,23.7,14191000
2002-06-27,8140.0,0.0,20.2,14191000
2002-06-28,8260.0,2.6,17.1,14191000
2002-06-29,8600.0,12.7,16.3,14191000
2002-06-30,9230.0,0.0,16.4,14191000
2002-07-01,8700.0,0.0,17.0,14191000
2002-07-02,8100.0,0.0,17.4,14191000
2002-07-03,7550.0,0.0,16.9,14191000
2002-07-04,7300.0,0.0,14.7,14191000
2002-07-05,7080.0,0.0,17.3,14191000
2002-07-06,6880.0,0.0,20.2,14191000
2002-07-07,6800.0,4.2,20.3,14191000
2002-07-08,6780.0,0.0,19.0,14191000
2002-07-09,6680.0,0.0,21.5,14191000
2002-07-10,6630.0,0.0,26.0,14191000
2002-07-11,6580.0,0.0,25.0,14191000
2002-07-12,6440.0,0.0,24.4,14191000
2002-07-13,6610.0,0.0,25.0,14191000
2002-07-14,6660.0,0.0,20.1,14191000
2002-07-15,6660.0,0.0,19.6,14191000
2002-07-16,6620.0,0.0,21.5,14191000
2002-07-17,6750.0,0.0,20.7,14191000
2002-07-18,6660.0,0.0,20.3,14191000
2002-07-19,6740.0,0.0,19.9,14191000
2002-07-20,6800.0,0.0,20.8,14191000
2002-07-21,6780.0,0.0,23.3,14191000
2002-07-22,6790.0,0.0,26.5,14191000
2002-07-23,6710.0,0.0,24.4,14191000
2002-07-24,6660.0,0.0,23.4,14191000
2002-07-25,6610.0,0.0,21.8,14191000
2002-07-26,6600.0,0.1,20.9,14191000
2002-07-27,6610.0,0.0,18.4,14191000
2002-07-28,6630.0,0.0,20.2,14191000
2002-07-29,6650.0,0.0,21.6,14191000
2002-07-30,6590.0,0.0,22.3,14191000
2002-07-31,6600.0,0.0,18.0,14191000
2002-08-01,6580.0,0.0,20.0,14191000
2002-08-02,6580.0,0.0,17.8,14191000
2002-08-03,6550.0,0.0,17.8,14191000
2002-08-04,6610.0,0.3,16.7,14191000
2002-08-05,6690.0,0.0,16.7,14191000
2002-08-06,6700.0,0.3,15.6,14191000
2002-08-07,6630.0,0.0,17.0,14191000
2002-08-08,6600.0,0.0,18.8,14191000
2002-08-09,6540.0,0.0,21.5,14191000
2002-08-10,6540.0,0.0,22.6,14191000
2002-08-11,6640.0,0.0,20.7,14191000
2002-08-12,6680.0,0.0,23.8,14191000
2002-08-13,6650.0,0.0,27.8,14191000
2002-08-14,6530.0,0.0,27.5,14191000
2002-08-15,6470.0,0.0,22.1,14191000
2002-08-16,6440.0,0.0,20.9,14191000
2002-08-17,6450.0,0.0,22.8,14191000
2002-08-18,6460.0,0.0,19.0,14191000
2002-08-19,6460.0,0.0,19.3,14191000
2002-08-20,6470.0,0.4,18.0,14191000
2002-08-21,6630.0,0.0,16.2,14191000
2002-08-22,6780.0,0.0,18.4,14191000
2002-08-23,6800.0,0.0,21.5,14191000
2002-08-24,6710.0,0.0,20.9,14191000
2002-08-25,6680.0,0.0,20.1,14191000
2002-08-26,6710.0,0.0,19.3,14191000
2002-08-27,6690.0,0.0,20.3,14191000
2002-08-28,6640.0,0.0,24.9,14191000
2002-08-29,6600.0,0.0,23.9,14191000
2002-08-30,6540.0,0.0,18.2,14191000
2002-08-31,6530.0,0.0,19.2,14191000
2002-09-01,6580.0,0.0,20.6,14191000
2002-09-02,6610.0,0.0,21.2,14191000
2002-09-03,6590.0,0.0,19.5,14191000
2002-09-04,6560.0,0.0,16.2,14191000
2002-09-05,6830.0,0.0,15.9,14191000
2002-09-06,7020.0,0.0,16.1,14191000
2002-09-07,7080.0,0.8,14.8,14191000
2002-09-08,7050.0,0.2,15.7,14191000
2002-09-09,7110.0,0.0,18.0,14191000
2002-09-10,7110.0,0.0,19.9,14191000
2002-09-11,7070.0,0.0,20.8,14191000
2002-09-12,7050.0,0.0,21.8,14191000
2002-09-13,7150.0,0.0,22.0,14191000
2002-09-14,7150.0,0.0,21.5,14191000
2002-09-15,7180.0,0.0,18.6,14191000
2002-09-16,7290.0,1.7,16.8,14191000
2002-09-17,7480.0,23.9,15.4,14191000
2002-09-18,7770.0,0.0,14.7,14191000
2002-09-19,8040.0,0.0,16.6,14191000
2002-09-20,7820.0,0.0,17.1,14191000
2002-09-21,7460.0,0.0,17.2,14191000
2002-09-22,7260.0,0.0,18.1,14191000
2002-09-23,7310.0,0.0,19.4,14191000
2002-09-24,7340.0,0.0,18.7,14191000
2002-09-25,7340.0,0.0,19.1,14191000
2002-09-26,7440.0,0.0,18.7,14191000
2002-09-27,7570.0,0.0,17.2,14191000
2002-09-28,7620.0,0.0,17.3,14191000
2002-09-29,7710.0,4.5,15.3,14191000
2002-09-30,7920.0,0.3,11.9,14191000
2002-10-01,8170.0,0.0,10.8,14191000
2002-10-02,8630.0,0.0,11.3,14191000
2002-10-03,9140.0,6.1,11.7,14191000
2002-10-04,9590.0,1.0,13.6,14191000
2002-10-05,9550.0,0.4,13.8,14191000
2002-10-06,9220.0,0.0,15.1,14191000
2002-10-07,9000.0,0.0,14.7,14191000
2002-10-08,8880.0,0.0,14.3,14191000
2002-10-09,8760.0,0.0,14.0,14191000
2002-10-10,8510.0,0.1,11.5,14191000
2002-10-11,8420.0,0.0,9.4,14191000
2002-10-12,8260.0,0.0,10.7,14191000
2002-10-13,8110.0,0.0,12.7,14191000
2002-10-14,8010.0,0.0,12.9,14191000
2002-10-15,7890.0,0.0,13.6,14191000
2002-10-16,8240.0,0.0,14.7,14191000
2002-10-17,8620.0,0.0,15.3,14191000
2002-10-18,8900.0,0.0,13.3,14191000
2002-10-19,8720.0,0.0,14.2,14191000
2002-10-20,8690.0,0.0,13.8,14191000
2002-10-21,8750.0,0.0,13.3,14191000
2002-10-22,8840.0,0.0,12.6,14191000
2002-10-23,8650.0,0.0,13.2,14191000
2002-10-24,8830.0,0.0,10.9,14191000
2002-10-25,8790.0,0.0,9.2,14191000
2002-10-26,8510.0,0.0,8.5,14191000
2002-10-27,8360.0,0.8,7.6,14191000
2002-10-28,8260.0,0.0,10.1,14191000
2002-10-29,8240.0,0.0,9.1,14191000
2002-10-30,8080.0,0.0,5.7,14191000
2002-10-31,7760.0,0.0,4.3,14191000
2002-11-01,7610.0,0.0,4.7,14191000
2002-11-02,7490.0,0.0,5.4,14191000
2002-11-03,7430.0,0.0,6.6,14191000
2002-11-04,7400.0,0.0,8.6,14191000
2002-11-05,7370.0,0.0,10.9,14191000
2002-11-06,7420.0,2.8,9.3,14191000
2002-11-07,7480.0,3.9,10.7,14191000
2002-11-08,7900.0,21.9,10.6,14191000
2002-11-09,9050.0,9.1,9.7,14191000
2002-11-10,11500.0,2.0,9.7,14191000
2002-11-11,13500.0,3.6,10.2,14191000
2002-11-12,14400.0,10.2,10.8,14191000
2002-11-13,13600.0,2.8,11.1,14191000
2002-11-14,13500.0,8.2,11.4,14191000
2002-11-15,13000.0,0.0,8.1,14191000
2002-11-16,11700.0,4.5,7.8,14191000
2002-11-17,11300.0,1.6,8.8,14191000
2002-11-18,12200.0,0.5,8.4,14191000
2002-11-19,12400.0,4.9,11.5,14191000
2002-11-20,12600.0,0.0,11.0,14191000
2002-11-21,11700.0,0.0,11.8,14191000
2002-11-22,10500.0,0.0,10.1,14191000
2002-11-23,9890.0,0.1,8.9,14191000
2002-11-24,9690.0,1.8,8.1,14191000
2002-11-25,9620.0,0.0,4.9,14191000
2002-11-26,9370.0,0.0,4.8,14191000
2002-11-27,8780.0,0.0,5.1,14191000
2002-11-28,8220.0,0.0,5.9,14191000
2002-11-29,7730.0,0.0,6.0,14191000
2002-11-30,7230.0,0.0,5.5,14191000
2002-12-01,6970.0,0.0,3.4,14191000
2002-12-02,6760.0,0.0,5.1,14191000
2002-12-03,6660.0,0.0,4.5,14191000
2002-12-04,6640.0,1.0,5.1,14191000
2002-12-05,6460.0,0.0,6.6,14191000
2002-12-06,6440.0,0.0,5.3,14191000
2002-12-07,6180.0,0.0,4.7,14191000
2002-12-08,5920.0,0.0,3.8,14191000
2002-12-09,5840.0,0.0,3.5,14191000
2002-12-10,5870.0,15.0,7.3,14191000
2002-12-11,6340.0,10.3,7.1,14191000
2002-12-12,8020.0,5.7,12.2,14191000
2002-12-13,12000.0,24.7,8.4,14191000
2002-12-14,16000.0,36.1,11.2,14191000
2002-12-15,21600.0,5.3,9.0,14191000
2002-12-16,35700.0,49.0,7.6,14191000
2002-12-17,46400.0,6.2,5.3,14191000
2002-12-18,43000.0,0.0,5.6,14191000
2002-12-19,38000.0,4.1,4.5,14191000
2002-12-20,32100.0,3.5,5.2,14191000
2002-12-21,35000.0,16.8,6.0,14191000
2002-12-22,36500.0,2.7,4.6,14191000
2002-12-23,31700.0,0.9,4.0,14191000
2002-12-24,26000.0,3.4,3.2,14191000
2002-12-25,22900.0,0.2,6.9,14191000
2002-12-26,21100.0,8.4,6.8,14191000
2002-12-27,30900.0,18.7,8.8,14191000
2002-12-28,45100.0,12.5,6.0,14191000
2002-12-29,52800.0,5.1,5.6,14191000
2002-12-30,59200.0,21.7,6.6,14191000
2002-12-31,74800.0,26.0,7.3,14191000
2003-01-01,83600.0,3.2,7.8,14191000
2003-01-02,75500.0,4.4,9.9,14191000
2003-01-03,68800.0,12.3,9.9,14191000
2003-01-04,71300.0,15.8,10.1,14191000
2003-01-05,74800.0,0.0,5.8,14191000
2003-01-06,68600.0,0.0,5.1,14191000
2003-01-07,58200.0,0.0,5.3,14191000
2003-01-08,50800.0,0.0,4.0,14191000
2003-01-09,44900.0,0.0,2.3,14191000
2003-01-10,39700.0,0.0,4.5,14191000
2003-01-11,35700.0,2.5,4.9,14191000
2003-01-12,33500.0,18.0,8.7,14191000
2003-01-13,39700.0,11.4,9.1,14191000
2003-01-14,45600.0,6.8,8.5,14191000
2003-01-15,43000.0,0.0,5.2,14191000
2003-01-16,37400.0,0.0,4.6,14191000
2003-01-17,31900.0,0.0,5.9,14191000
2003-01-18,27800.0,0.0,5.6,14191000
2003-01-19,23700.0,0.0,5.1,14191000
2003-01-20,20600.0,0.0,4.8,14191000
2003-01-21,18800.0,0.9,6.1,14191000
2003-01-22,17600.0,5.6,8.2,14191000
2003-01-23,18800.0,4.5,11.0,14191000
2003-01-24,19600.0,4.4,10.0,14191000
2003-01-25,23900.0,2.9,11.5,14191000
2003-01-26,32800.0,15.0,13.3,14191000
2003-01-27,46400.0,0.1,10.2,14191000
2003-01-28,52200.0,0.0,7.8,14191000
2003-01-29,50800.0,7.8,8.0,14191000
2003-01-30,59100.0,31.1,10.9,14191000
2003-01-31,80100.0,29.2,12.5,14191000
2003-02-01,92300.0,13.1,8.2,14191000
2003-02-02,90400.0,0.9,8.2,14191000
2003-02-03,76300.0,0.1,6.3,14191000
2003-02-04,64800.0,0.0,5.7,14191000
2003-02-05,55700.0,0.0,3.5,14191000
2003-02-06,49600.0,0.0,4.3,14191000
2003-02-07,44100.0,0.0,3.8,14191000
2003-02-08,39000.0,0.0,3.2,14191000
2003-02-09,32800.0,0.0,4.1,14191000
2003-02-10,28700.0,0.0,4.5,14191000
2003-02-11,25300.0,0.0,3.7,14191000
2003-02-12,23000.0,0.0,4.1,14191000
2003-02-13,19000.0,0.2,5.9,14191000
2003-02-14,16500.0,0.6,8.9,14191000
2003-02-15,15100.0,7.3,7.4,14191000
2003-02-16,14800.0,9.7,7.8,14191000
2003-02-17,19000.0,17.4,6.8,14191000
2003-02-18,31700.0,15.2,7.2,14191000
2003-02-19,33900.0,5.7,8.0,14191000
2003-02-20,30300.0,1.9,6.9,14191000
2003-02-21,28000.0,4.3,9.4,14191000
2003-02-22,28100.0,0.3,7.8,14191000
2003-02-23,26800.0,0.0,5.2,14191000
2003-02-24,23900.0,0.0,3.7,14191000
2003-02-25,21200.0,0.0,1.8,14191000
2003-02-26,19000.0,0.0,3.7,14191000
2003-02-27,16900.0,0.1,5.5,14191000
2003-02-28,15500.0,3.3,4.8,14191000
2003-03-01,14900.0,7.0,6.8,14191000
2003-03-02,14300.0,0.4,5.9,14191000
2003-03-03,14200.0,6.5,6.6,14191000
2003-03-04,14300.0,0.0,4.4,14191000
2003-03-05,13800.0,1.3,7.4,14191000
2003-03-06,15500.0,9.5,7.1,14191000
2003-03-07,27100.0,33.8,7.8,14191000
2003-03-08,55900.0,12.0,8.6,14191000
2003-03-09,64100.0,10.8,9.8,14191000
2003-03-10,57900.0,1.6,11.0,14191000
2003-03-11,50900.0,1.2,10.9,14191000
2003-03-12,49100.0,4.6,12.3,14191000
2003-03-13,51100.0,5.6,12.3,14191000
2003-03-14,50900.0,3.1,11.8,14191000
2003-03-15,46200.0,2.8,11.0,14191000
2003-03-16,41600.0,0.5,8.7,14191000
2003-03-17,36500.0,1.7,6.7,14191000
2003-03-18,31900.0,2.2,6.9,14191000
2003-03-19,28000.0,5.1,7.7,14191000
2003-03-20,27900.0,7.2,9.0,14191000
2003-03-21,29800.0,18.2,8.3,14191000
2003-03-22,46900.0,27.7,10.4,14191000
2003-03-23,64700.0,2.8,6.9,14191000
2003-03-24,65600.0,0.0,5.3,14191000
2003-03-25,58400.0,8.9,8.6,14191000
2003-03-26,61100.0,9.4,8.6,14191000
2003-03-27,68600.0,2.2,6.9,14191000
2003-03-28,69900.0,0.1,8.2,14191000
2003-03-29,63700.0,0.0,11.0,14191000
2003-03-30,53500.0,0.0,13.5,14191000
2003-03-31,45600.0,1.2,12.9,14191000
2003-04-01,42300.0,4.4,8.2,14191000
2003-04-02,40400.0,3.9,5.3,14191000
2003-04-03,38700.0,6.3,5.5,14191000
2003-04-04,37800.0,11.9,5.1,14191000
2003-04-05,36200.0,3.4,5.1,14191000
2003-04-06,36800.0,10.1,6.5,14191000
2003-04-07,39500.0,4.0,9.3,14191000
2003-04-08,36000.0,0.0,11.1,14191000
2003-04-09,33900.0,3.8,10.9,14191000
2003-04-10,33600.0,7.4,11.4,14191000
2003-04-11,32900.0,1.0,11.1,14191000
2003-04-12,33900.0,7.7,11.0,14191000
2003-04-13,39700.0,11.2,9.7,14191000
2003-04-14,42300.0,3.8,8.3,14191000
2003-04-15,42100.0,4.0,8.8,14191000
2003-04-16,38800.0,0.5,9.6,14191000
2003-04-17,37400.0,8.8,9.7,14191000
2003-04-18,38300.0,2.0,7.9,14191000
2003-04-19,37400.0,0.0,9.5,14191000
2003-04-20,33800.0,0.0,10.8,14191000
2003-04-21,31600.0,8.0,10.2,14191000
2003-04-22,31700.0,0.0,9.7,14191000
2003-04-23,29300.0,12.2,8.5,14191000
2003-04-24,36000.0,13.1,7.5,14191000
2003-04-25,42600.0,2.2,6.6,14191000
2003-04-26,40200.0,4.1,8.1,14191000
2003-04-27,36800.0,0.0,8.5,14191000
2003-04-28,32200.0,0.5,11.9,14191000
2003-04-29,29000.0,7.1,10.3,14191000
2003-04-30,24900.0,1.7,11.5,14191000
2003-05-01,22600.0,0.0,12.0,14191000
2003-05-02,21100.0,0.0,13.0,14191000
2003-05-03,19800.0,0.7,10.7,14191000
2003-05-04,19300.0,17.1,8.6,14191000
2003-05-05,21700.0,1.2,8.8,14191000
2003-05-06,23700.0,0.3,9.2,14191000
2003-05-07,22100.0,0.2,9.4,14191000
2003-05-08,20200.0,0.2,8.7,14191000
2003-05-09,19200.0,0.0,10.0,14191000
2003-05-10,18600.0,0.0,11.0,14191000
2003-05-11,17800.0,0.0,12.1,14191000
2003-05-12,17600.0,0.1,12.2,14191000
2003-05-13,16800.0,0.0,13.2,14191000
2003-05-14,16300.0,0.0,14.0,14191000
2003-05-15,16200.0,0.2,10.6,14191000
2003-05-16,15700.0,1.6,8.6,14191000
2003-05-17,15900.0,0.5,7.6,14191000
2003-05-18,16500.0,0.0,8.2,14191000
2003-05-19,16200.0,0.0,11.6,14191000
2003-05-20,15700.0,0.0,14.0,14191000
2003-05-21,15200.0,0.0,14.7,14191000
2003-05-22,15200.0,0.0,16.6,14191000
2003-05-23,14800.0,0.0,18.1,14191000
2003-05-24,15000.0,0.0,18.3,14191000
2003-05-25,15100.0,1.0,15.0,14191000
2003-05-26,15000.0,0.0,14.7,14191000
2003-05-27,14500.0,0.0,16.9,14191000
2003-05-28,14500.0,0.0,19.2,14191000
2003-05-29,15000.0,0.0,18.2,14191000
2003-05-30,15100.0,5.4,17.4,14191000
2003-05-31,15300.0,0.0,14.9,14191000
2003-06-01,15200.0,0.0,15.8,14191000
2003-06-02,14700.0,0.0,15.1,14191000
2003-06-03,14900.0,0.0,17.3,14191000
2003-06-04,15500.0,0.0,20.6,14191000
2003-06-05,15400.0,0.0,23.4,14191000
2003-06-06,15000.0,0.0,25.1,14191000
2003-06-07,14700.0,0.0,24.0,14191000
2003-06-08,14600.0,0.0,20.5,14191000
2003-06-09,14700.0,0.0,16.5,14191000
2003-06-10,14100.0,0.0,15.5,14191000
2003-06-11,13100.0,0.0,16.0,14191000
2003-06-12,12000.0,0.0,16.7,14191000
2003-06-13,10800.0,2.0,15.1,14191000
2003-06-14,10100.0,0.0,15.5,14191000
2003-06-15,9390.0,0.0,16.7,14191000
2003-06-16,8720.0,0.0,19.2,14191000
2003-06-17,8300.0,0.0,21.8,14191000
2003-06-18,7930.0,0.5,17.6,14191000
2003-06-19,7600.0,0.0,14.5,14191000
2003-06-20,7480.0,0.9,14.2,14191000
2003-06-21,7400.0,0.6,13.6,14191000
2003-06-22,7440.0,0.1,13.5,14191000
2003-06-23,7410.0,0.2,14.3,14191000
2003-06-24,7380.0,0.0,15.2,14191000
2003-06-25,7310.0,0.0,17.9,14191000
2003-06-26,7140.0,0.0,21.7,14191000
2003-06-27,6990.0,0.0,23.8,14191000
2003-06-28,6880.0,0.0,24.4,14191000
2003-06-29,6920.0,0.0,25.4,14191000
2003-06-30,7000.0,0.6,18.4,14191000
2003-07-01,7090.0,0.0,17.4,14191000
2003-07-02,6940.0,0.0,16.8,14191000
2003-07-03,6790.0,0.0,18.0,14191000
2003-07-04,6710.0,0.0,19.1,14191000
2003-07-05,6780.0,0.0,19.6,14191000
2003-07-06,6860.0,0.0,20.2,14191000
2003-07-07,6820.0,0.0,19.8,14191000
2003-07-08,6670.0,0.1,18.5,14191000
2003-07-09,6710.0,0.0,20.2,14191000
2003-07-10,6800.0,0.0,23.1,14191000
2003-07-11,6720.0,0.0,20.9,14191000
2003-07-12,6640.0,0.0,21.1,14191000
2003-07-13,6650.0,0.3,19.7,14191000
2003-07-14,6680.0,0.0,19.8,14191000
2003-07-15,6600.0,0.0,20.7,14191000
2003-07-16,6450.0,0.0,19.5,14191000
2003-07-17,6260.0,0.0,20.2,14191000
2003-07-18,6310.0,0.0,23.3,14191000
2003-07-19,6300.0,0.0,24.0,14191000
2003-07-20,6270.0,0.0,23.8,14191000
2003-07-21,6250.0,0.0,26.1,14191000
2003-07-22,6150.0,0.0,25.6,14191000
2003-07-23,6060.0,0.0,23.4,14191000
2003-07-24,6070.0,0.0,21.2,14191000
2003-07-25,6150.0,0.0,20.3,14191000
2003-07-26,6170.0,0.0,20.0,14191000
2003-07-27,6220.0,0.0,22.4,14191000
2003-07-28,6260.0,0.0,26.2,14191000
2003-07-29,6200.0,0.0,27.2,14191000
2003-07-30,6120.0,0.0,27.6,14191000
2003-07-31,6060.0,0.0,24.8,14191000
2003-08-01,5980.0,0.0,22.5,14191000
2003-08-02,6020.0,0.0,22.1,14191000
2003-08-03,6330.0,0.0,20.7,14191000
2003-08-04,6430.0,0.0,20.6,14191000
2003-08-05,6220.0,0.3,21.5,14191000
2003-08-06,6250.0,0.0,18.5,14191000
2003-08-07,6200.0,0.2,19.9,14191000
2003-08-08,6150.0,0.0,20.1,14191000
2003-08-09,6150.0,0.0,20.6,14191000
2003-08-10,6050.0,0.7,20.1,14191000
2003-08-11,6030.0,0.0,19.5,14191000
2003-08-12,6050.0,0.2,18.6,14191000
2003-08-13,6010.0,0.0,20.2,14191000
2003-08-14,5940.0,0.0,22.5,14191000
2003-08-15,5960.0,0.0,23.3,14191000
2003-08-16,6070.0,0.0,19.6,14191000
2003-08-17,6150.0,0.0,22.3,14191000
2003-08-18,6190.0,0.0,23.6,14191000
2003-08-19,6120.0,0.0,22.2,14191000
2003-08-20,6030.0,0.0,19.4,14191000
2003-08-21,6030.0,0.0,23.3,14191000
2003-08-22,6120.0,3.0,20.4,14191000
2003-08-23,6160.0,0.0,18.4,14191000
2003-08-24,6230.0,0.0,19.8,14191000
2003-08-25,6240.0,0.0,21.8,14191000
2003-08-26,6200.0,0.0,20.0,14191000
2003-08-27,6150.0,0.0,18.6,14191000
2003-08-28,6060.0,0.0,19.9,14191000
2003-08-29,6050.0,0.0,21.4,14191000
2003-08-30,6120.0,0.0,23.3,14191000
2003-08-31,6200.0,0.0,22.3,14191000
2003-09-01,6240.0,0.0,20.4,14191000
2003-09-02,6220.0,0.0,23.4,14191000
2003-09-03,6430.0,0.0,26.2,14191000
2003-09-04,6450.0,0.0,26.2,14191000
2003-09-05,6450.0,0.0,24.8,14191000
2003-09-06,6500.0,0.0,22.0,14191000
2003-09-07,6640.0,2.1,18.0,14191000
2003-09-08,6810.0,1.9,15.4,14191000
2003-09-09,7140.0,11.4,15.1,14191000
2003-09-10,7350.0,0.1,17.3,14191000
2003-09-11,7330.0,1.2,18.5,14191000
2003-09-12,7380.0,0.2,16.3,14191000
2003-09-13,7380.0,0.0,16.9,14191000
2003-09-14,7260.0,0.0,18.2,14191000
2003-09-15,7160.0,0.0,15.4,14191000
2003-09-16,7150.0,2.6,13.8,14191000
2003-09-17,7160.0,0.0,12.6,14191000
2003-09-18,7180.0,0.0,15.6,14191000
2003-09-19,7210.0,1.1,17.6,14191000
2003-09-20,7120.0,0.0,15.9,14191000
2003-09-21,7110.0,0.0,16.7,14191000
2003-09-22,7080.0,0.0,19.2,14191000
2003-09-23,7080.0,0.0,18.9,14191000
2003-09-24,7070.0,0.0,19.3,14191000
2003-09-25,7050.0,0.0,20.4,14191000
2003-09-26,7090.0,0.0,21.6,14191000
2003-09-27,7060.0,0.0,23.5,14191000
2003-09-28,7040.0,0.0,21.8,14191000
2003-09-29,7100.0,0.0,18.3,14191000
2003-09-30,7080.0,0.0,16.6,14191000
2003-10-01,6990.0,0.0,18.2,14191000
2003-10-02,6930.0,0.0,17.0,14191000
2003-10-03,6950.0,0.0,16.5,14191000
2003-10-04,6940.0,0.2,17.5,14191000
2003-10-05,6980.0,0.0,16.7,14191000
2003-10-06,7030.0,0.0,16.8,14191000
2003-10-07,7230.0,8.0,16.4,14191000
2003-10-08,7160.0,2.4,14.2,14191000
2003-10-09,7220.0,2.1,12.4,14191000
2003-10-10,7320.0,0.1,11.5,14191000
2003-10-11,7440.0,6.3,11.2,14191000
2003-10-12,7660.0,5.2,11.9,14191000
2003-10-13,8270.0,0.2,11.1,14191000
2003-10-14,8060.0,0.5,11.6,14191000
2003-10-15,7750.0,5.9,10.4,14191000
2003-10-16,7850.0,0.6,15.1,14191000
2003-10-17,8030.0,0.0,18.9,14191000
2003-10-18,7780.0,0.0,15.7,14191000
2003-10-19,7790.0,8.9,15.4,14191000
2003-10-20,7700.0,1.9,18.2,14191000
2003-10-21,7700.0,0.0,20.0,14191000
2003-10-22,7610.0,0.0,18.7,14191000
2003-10-23,7600.0,5.2,12.4,14191000
2003-10-24,7730.0,0.0,11.5,14191000
2003-10-25,7710.0,0.0,13.0,14191000
2003-10-26,7540.0,0.0,14.2,14191000
2003-10-27,7550.0,0.0,14.7,14191000
2003-10-28,7500.0,0.4,16.0,14191000
2003-10-29,7570.0,0.6,11.4,14191000
2003-10-30,7730.0,0.0,7.1,14191000
2003-10-31,7640.0,0.0,5.3,14191000
2003-11-01,7310.0,0.0,2.8,14191000
2003-11-02,7290.0,4.7,4.2,14191000
2003-11-03,7300.0,0.2,2.5,14191000
2003-11-04,7420.0,0.0,3.8,14191000
2003-11-05,7160.0,0.0,5.2,14191000
2003-11-06,7190.0,0.0,6.3,14191000
2003-11-07,7270.0,0.0,7.7,14191000
2003-11-08,7310.0,1.9,7.1,14191000
2003-11-09,7330.0,0.7,8.5,14191000
2003-11-10,7260.0,0.2,8.6,14191000
2003-11-11,7210.0,3.4,11.1,14191000
2003-11-12,7570.0,0.0,7.4,14191000
2003-11-13,7830.0,0.0,7.7,14191000
2003-11-14,7850.0,0.0,9.9,14191000
2003-11-15,7820.0,9.2,8.6,14191000
2003-11-16,8230.0,11.7,8.2,14191000
2003-11-17,9830.0,2.9,8.5,14191000
2003-11-18,12300.0,1.2,12.3,14191000
2003-11-19,13400.0,24.5,10.0,14191000
2003-11-20,14500.0,4.9,3.6,14191000
2003-11-21,14300.0,3.5,2.6,14191000
2003-11-22,12600.0,0.3,-0.3,14191000
2003-11-23,11200.0,0.0,4.4,14191000
2003-11-24,10600.0,6.1,5.6,14191000
2003-11-25,10700.0,13.4,5.0,14191000
2003-11-26,11800.0,3.2,5.9,14191000
2003-11-27,12600.0,0.2,4.9,14191000
2003-11-28,12100.0,1.3,7.3,14191000
2003-11-29,14400.0,29.1,9.2,14191000
2003-11-30,29600.0,0.5,8.7,14191000
2003-12-01,29200.0,3.2,7.3,14191000
2003-12-02,25400.0,0.0,9.5,14191000
2003-12-03,25800.0,9.1,7.9,14191000
2003-12-04,27700.0,1.8,6.2,14191000
2003-12-05,28700.0,17.9,9.6,14191000
2003-12-06,37200.0,14.5,8.4,14191000
2003-12-07,42000.0,5.1,6.5,14191000
2003-12-08,43000.0,0.8,6.9,14191000
2003-12-09,40800.0,1.7,6.1,14191000
2003-12-10,37300.0,9.5,5.8,14191000
2003-12-11,37300.0,2.1,6.9,14191000
2003-12-12,35600.0,9.6,8.1,14191000
2003-12-13,43400.0,44.0,9.1,14191000
2003-12-14,78200.0,18.7,4.7,14191000
2003-12-15,89900.0,0.7,4.6,14191000
2003-12-16,86300.0,1.9,6.3,14191000
2003-12-17,75000.0,4.0,7.7,14191000
2003-12-18,66700.0,0.0,6.1,14191000
2003-12-19,61000.0,0.3,5.0,14191000
2003-12-20,56200.0,7.2,8.1,14191000
2003-12-21,53100.0,4.7,8.7,14191000
2003-12-22,48600.0,0.0,5.9,14191000
2003-12-23,40100.0,0.0,4.9,14191000
2003-12-24,35200.0,11.5,7.8,14191000
2003-12-25,35900.0,4.5,6.0,14191000
2003-12-26,36100.0,0.5,1.5,14191000
2003-12-27,33600.0,9.0,3.0,14191000
2003-12-28,38400.0,14.2,5.4,14191000
2003-12-29,55500.0,37.2,2.7,14191000
2003-12-30,68300.0,0.0,-4.7,14191000
2003-12-31,61100.0,3.7,1.3,14191000
2004-01-01,52300.0,14.7,1.3,14191000
2004-01-02,53300.0,0.4,1.8,14191000
2004-01-03,54300.0,1.5,1.3,14191000
2004-01-04,47900.0,1.9,-0.5,14191000
2004-01-05,40500.0,0.1,-2.4,14191000
2004-01-06,34600.0,16.5,-3.6,14191000
2004-01-07,34200.0,17.0,1.7,14191000
2004-01-08,44700.0,8.9,2.9,14191000
2004-01-09,54900.0,3.0,3.4,14191000
2004-01-10,58500.0,3.2,5.3,14191000
2004-01-11,57800.0,0.0,4.3,14191000
2004-01-12,52300.0,1.3,3.5,14191000
2004-01-13,47600.0,0.0,6.3,14191000
2004-01-14,45800.0,8.3,7.9,14191000
2004-01-15,47700.0,1.6,8.5,14191000
2004-01-16,50300.0,0.0,8.4,14191000
2004-01-17,48600.0,0.0,6.2,14191000
2004-01-18,43100.0,5.6,7.5,14191000
2004-01-19,42400.0,4.8,8.5,14191000
2004-01-20,43100.0,0.8,5.8,14191000
2004-01-21,42500.0,0.0,4.6,14191000
2004-01-22,39500.0,0.0,3.8,14191000
2004-01-23,37100.0,17.4,6.7,14191000
2004-01-24,52100.0,4.0,7.3,14191000
2004-01-25,63700.0,2.7,4.3,14191000
2004-01-26,61100.0,1.7,5.5,14191000
2004-01-27,56700.0,18.1,6.6,14191000
2004-01-28,58500.0,13.2,7.9,14191000
2004-01-29,71000.0,19.0,10.1,14191000
2004-01-30,86500.0,14.2,8.1,14191000
2004-01-31,84300.0,4.8,3.7,14191000
2004-02-01,81900.0,5.0,4.3,14191000
2004-02-02,76700.0,16.5,6.1,14191000
2004-02-03,69900.0,0.2,5.2,14191000
2004-02-04,61300.0,2.4,6.6,14191000
2004-02-05,55200.0,0.0,5.1,14191000
2004-02-06,50000.0,9.4,6.4,14191000
2004-02-07,47300.0,3.7,6.5,14191000
2004-02-08,45100.0,0.2,4.8,14191000
2004-02-09,40000.0,0.0,3.6,14191000
2004-02-10,34700.0,0.0,4.3,14191000
2004-02-11,28900.0,0.0,5.1,14191000
2004-02-12,25900.0,0.0,4.8,14191000
2004-02-13,22200.0,0.8,3.8,14191000
2004-02-14,20000.0,3.1,5.5,14191000
2004-02-15,18900.0,1.9,8.7,14191000
2004-02-16,20300.0,15.3,8.2,14191000
2004-02-17,29500.0,10.9,7.1,14191000
2004-02-18,40900.0,9.9,9.6,14191000
2004-02-19,43400.0,2.2,7.4,14191000
2004-02-20,39600.0,0.0,5.4,14191000
2004-02-21,33900.0,0.0,6.5,14191000
2004-02-22,29700.0,0.0,7.0,14191000
2004-02-23,26000.0,1.8,8.1,14191000
2004-02-24,23900.0,7.1,8.2,14191000
2004-02-25,24100.0,8.3,6.8,14191000
2004-02-26,24300.0,1.6,6.9,14191000
2004-02-27,24400.0,2.9,8.0,14191000
2004-02-28,26600.0,0.2,7.4,14191000
2004-02-29,26200.0,3.1,6.6,14191000
2004-03-01,25800.0,10.5,6.9,14191000
2004-03-02,25100.0,0.0,7.3,14191000
2004-03-03,22600.0,4.4,5.8,14191000
2004-03-04,21700.0,4.0,7.3,14191000
2004-03-05,24100.0,9.3,6.6,14191000
2004-03-06,26700.0,0.6,6.4,14191000
2004-03-07,26400.0,0.0,11.2,14191000
2004-03-08,24500.0,0.0,11.9,14191000
2004-03-09,22600.0,0.0,12.9,14191000
2004-03-10,21400.0,0.0,7.4,14191000
2004-03-11,20900.0,0.0,9.6,14191000
2004-03-12,20000.0,0.0,10.0,14191000
2004-03-13,19100.0,0.0,8.9,14191000
2004-03-14,18300.0,0.0,11.0,14191000
2004-03-15,17600.0,0.0,10.3,14191000
2004-03-16,17000.0,0.0,9.8,14191000
2004-03-17,15700.0,0.0,9.8,14191000
2004-03-18,14500.0,2.4,10.1,14191000
2004-03-19,14500.0,0.6,7.1,14191000
2004-03-20,14500.0,0.0,8.7,14191000
2004-03-21,13400.0,0.0,12.7,14191000
2004-03-22,12900.0,0.0,13.4,14191000
2004-03-23,12700.0,0.0,12.3,14191000
2004-03-24,12800.0,7.4,11.1,14191000
2004-03-25,13100.0,11.3,9.2,14191000
2004-03-26,13300.0,4.9,7.3,14191000
2004-03-27,14700.0,13.3,8.8,14191000
2004-03-28,16100.0,0.0,9.0,14191000
2004-03-29,15700.0,0.0,12.8,14191000
2004-03-30,15400.0,4.6,11.0,14191000
2004-03-31,16500.0,0.6,6.7,14191000
2004-04-01,17900.0,0.0,6.9,14191000
2004-04-02,18200.0,0.0,8.8,14191000
2004-04-03,17700.0,0.0,12.6,14191000
2004-04-04,17200.0,0.0,10.6,14191000
2004-04-05,17000.0,0.0,9.2,14191000
2004-04-06,17200.0,0.0,9.7,14191000
2004-04-07,17600.0,0.0,10.0,14191000
2004-04-08,16400.0,0.0,10.2,14191000
2004-04-09,15600.0,0.0,12.4,14191000
2004-04-10,15500.0,0.0,14.7,14191000
2004-04-11,15000.0,0.0,16.0,14191000
2004-04-12,14900.0,0.0,13.0,14191000
2004-04-13,14900.0,0.2,11.3,14191000
2004-04-14,15200.0,9.6,9.2,14191000
2004-04-15,16300.0,10.2,8.1,14191000
2004-04-16,17000.0,5.2,9.2,14191000
2004-04-17,16500.0,0.6,9.5,14191000
2004-04-18,15100.0,1.8,8.8,14191000
2004-04-19,14700.0,4.0,10.1,14191000
2004-04-20,16000.0,12.2,8.3,14191000
2004-04-21,19500.0,11.5,8.8,14191000
2004-04-22,24200.0,0.0,9.8,14191000
2004-04-23,23400.0,0.3,10.4,14191000
2004-04-24,19400.0,0.0,9.4,14191000
2004-04-25,17100.0,0.0,13.1,14191000
2004-04-26,15500.0,0.0,17.0,14191000
2004-04-27,15000.0,0.0,18.1,14191000
2004-04-28,15200.0,0.0,11.0,14191000
2004-04-29,14800.0,0.0,13.1,14191000
2004-04-30,14700.0,0.0,16.1,14191000
2004-05-01,14600.0,0.0,17.4,14191000
2004-05-02,14900.0,0.0,16.2,14191000
2004-05-03,15100.0,0.0,15.8,14191000
2004-05-04,15000.0,0.2,14.7,14191000
2004-05-05,15300.0,0.0,12.7,14191000
2004-05-06,15500.0,0.0,13.2,14191000
2004-05-07,15400.0,4.7,14.6,14191000
2004-05-08,15500.0,1.1,13.2,14191000
2004-05-09,15000.0,0.2,12.9,14191000
2004-05-10,14700.0,0.5,12.1,14191000
2004-05-11,14700.0,0.3,11.4,14191000
2004-05-12,15400.0,0.0,12.6,14191000
2004-05-13,15800.0,0.0,13.1,14191000
2004-05-14,15400.0,0.0,13.7,14191000
2004-05-15,14700.0,0.0,14.0,14191000
2004-05-16,14200.0,0.1,13.4,14191000
2004-05-17,14000.0,0.0,14.5,14191000
2004-05-18,13800.0,0.2,14.9,14191000
2004-05-19,14200.0,0.0,14.2,14191000
2004-05-20,15200.0,0.0,15.3,14191000
2004-05-21,14900.0,0.0,14.8,14191000
2004-05-22,14600.0,0.6,13.2,14191000
2004-05-23,14600.0,0.3,13.4,14191000
2004-05-24,14900.0,0.3,14.5,14191000
2004-05-25,14400.0,0.0,17.4,14191000
2004-05-26,13800.0,2.2,16.7,14191000
2004-05-27,13800.0,7.4,14.2,14191000
2004-05-28,15000.0,7.9,11.6,14191000
2004-05-29,22900.0,0.1,11.6,14191000
2004-05-30,27200.0,0.8,13.7,14191000
2004-05-31,23100.0,0.0,13.0,14191000
2004-06-01,18900.0,0.0,14.0,14191000
2004-06-02,16300.0,0.0,15.8,14191000
2004-06-03,14400.0,0.0,18.4,14191000
2004-06-04,13000.0,0.0,18.4,14191000
2004-06-05,12200.0,3.6,16.8,14191000
2004-06-06,12100.0,8.9,13.7,14191000
2004-06-07,12900.0,2.7,12.5,14191000
2004-06-08,14600.0,7.3,13.0,14191000
2004-06-09,16900.0,1.1,14.3,14191000
2004-06-10,19300.0,0.8,14.1,14191000
2004-06-11,21600.0,0.1,12.5,14191000
2004-06-12,20900.0,0.0,13.9,14191000
2004-06-13,18900.0,2.3,14.8,14191000
2004-06-14,16600.0,0.0,13.5,14191000
2004-06-15,14600.0,0.0,15.0,14191000
2004-06-16,13100.0,0.0,19.1,14191000
2004-06-17,12100.0,0.0,22.2,14191000
2004-06-18,11400.0,0.0,23.0,14191000
2004-06-19,10800.0,0.0,22.2,14191000
2004-06-20,10400.0,0.0,22.2,14191000
2004-06-21,9920.0,0.0,22.9,14191000
2004-06-22,9450.0,0.0,21.0,14191000
2004-06-23,9170.0,0.0,19.5,14191000
2004-06-24,9210.0,0.0,20.1,14191000
2004-06-25,9360.0,0.0,19.5,14191000
2004-06-26,9210.0,0.0,19.1,14191000
2004-06-27,9030.0,0.0,19.4,14191000
2004-06-28,8860.0,0.0,20.4,14191000
2004-06-29,8630.0,0.0,20.7,14191000
2004-06-30,8210.0,0.0,20.4,14191000
2004-07-01,7680.0,0.0,20.8,14191000
2004-07-02,7520.0,0.0,19.5,14191000
2004-07-03,7550.0,2.3,19.1,14191000
2004-07-04,7490.0,0.0,18.2,14191000
2004-07-05,7480.0,0.0,19.4,14191000
2004-07-06,7340.0,0.0,21.7,14191000
2004-07-07,7220.0,0.0,17.6,14191000
2004-07-08,7190.0,0.0,17.1,14191000
2004-07-09,7110.0,0.0,18.0,14191000
2004-07-10,7110.0,0.0,17.9,14191000
2004-07-11,7230.0,0.0,18.4,14191000
2004-07-12,7270.0,0.0,22.5,14191000
2004-07-13,7170.0,0.0,22.7,14191000
2004-07-14,7090.0,0.0,22.7,14191000
2004-07-15,7000.0,0.0,21.4,14191000
2004-07-16,6880.0,0.0,21.7,14191000
2004-07-17,6890.0,0.0,23.8,14191000
2004-07-18,7040.0,0.0,23.9,14191000
2004-07-19,7060.0,0.0,22.6,14191000
2004-07-20,7050.0,0.0,21.3,14191000
2004-07-21,6970.0,0.0,21.9,14191000
2004-07-22,6810.0,0.0,24.6,14191000
2004-07-23,6690.0,0.0,28.6,14191000
2004-07-24,6610.0,0.0,29.1,14191000
2004-07-25,6770.0,0.0,24.8,14191000
2004-07-26,6950.0,0.0,21.2,14191000
2004-07-27,6900.0,0.0,22.8,14191000
2004-07-28,6890.0,0.0,24.6,14191000
2004-07-29,6880.0,0.0,23.9,14191000
2004-07-30,6890.0,0.0,22.4,14191000
2004-07-31,6870.0,0.0,21.3,14191000
2004-08-01,7050.0,0.0,22.4,14191000
2004-08-02,7150.0,0.0,21.3,14191000
2004-08-03,7050.0,0.0,20.2,14191000
2004-08-04,7040.0,0.2,20.5,14191000
2004-08-05,7030.0,1.3,18.7,14191000
2004-08-06,7050.0,5.6,18.1,14191000
2004-08-07,7200.0,0.2,18.6,14191000
2004-08-08,7260.0,0.0,22.1,14191000
2004-08-09,7230.0,0.0,25.4,14191000
2004-08-10,7020.0,0.0,24.8,14191000
2004-08-11,6830.0,0.0,25.6,14191000
2004-08-12,7030.0,0.0,25.5,14191000
2004-08-13,7030.0,0.0,24.2,14191000
2004-08-14,6990.0,0.0,25.3,14191000
2004-08-15,6980.0,0.0,22.6,14191000
2004-08-16,7010.0,0.0,22.2,14191000
2004-08-17,7070.0,0.0,22.6,14191000
2004-08-18,7050.0,0.0,23.7,14191000
2004-08-19,6950.0,0.0,24.2,14191000
2004-08-20,6870.0,0.0,23.8,14191000
2004-08-21,6880.0,0.3,23.1,14191000
2004-08-22,7170.0,28.7,18.0,14191000
2004-08-23,7830.0,4.3,16.7,14191000
2004-08-24,8030.0,4.1,17.6,14191000
2004-08-25,7650.0,16.9,16.9,14191000
2004-08-26,9020.0,6.7,16.4,14191000
2004-08-27,10100.0,0.6,17.4,14191000
2004-08-28,9350.0,0.0,18.3,14191000
2004-08-29,8500.0,0.0,19.9,14191000
2004-08-30,8210.0,0.0,20.7,14191000
2004-08-31,7950.0,0.0,21.8,14191000
2004-09-01,7600.0,0.0,20.1,14191000
2004-09-02,7770.0,0.0,15.9,14191000
2004-09-03,8020.0,0.0,16.0,14191000
2004-09-04,8100.0,0.0,16.7,14191000
2004-09-05,8200.0,0.0,16.9,14191000
2004-09-06,8190.0,0.0,17.8,14191000
2004-09-07,8160.0,0.0,18.5,14191000
2004-09-08,8020.0,0.0,18.8,14191000
2004-09-09,7940.0,0.0,18.4,14191000
2004-09-10,8040.0,0.0,18.4,14191000
2004-09-11,8310.0,9.3,19.8,14191000
2004-09-12,8560.0,0.0,17.0,14191000
2004-09-13,8780.0,3.9,16.2,14191000
2004-09-14,9240.0,0.1,15.8,14191000
2004-09-15,9640.0,7.3,16.4,14191000
2004-09-16,9840.0,0.2,15.0,14191000
2004-09-17,10000.0,7.2,15.4,14191000
2004-09-18,11200.0,1.6,12.1,14191000
2004-09-19,12800.0,0.3,12.5,14191000
2004-09-20,12700.0,0.9,11.8,14191000
2004-09-21,12000.0,0.0,13.3,14191000
2004-09-22,11400.0,0.0,14.4,14191000
2004-09-23,10900.0,0.0,16.2,14191000
2004-09-24,10500.0,0.0,16.3,14191000
2004-09-25,10200.0,0.0,17.1,14191000
2004-09-26,9980.0,0.0,16.7,14191000
2004-09-27,9870.0,0.0,17.6,14191000
2004-09-28,9770.0,0.0,19.3,14191000
2004-09-29,9820.0,0.0,16.9,14191000
2004-09-30,9880.0,0.0,14.0,14191000
2004-10-01,9870.0,0.0,16.2,14191000
2004-10-02,10200.0,0.0,16.6,14191000
2004-10-03,10300.0,0.0,16.9,14191000
2004-10-04,10300.0,0.0,17.2,14191000
2004-10-05,10300.0,0.0,16.8,14191000
2004-10-06,10500.0,10.3,17.7,14191000
2004-10-07,11300.0,0.3,16.6,14191000
2004-10-08,11700.0,9.3,16.1,14191000
2004-10-09,12900.0,13.0,12.3,14191000
2004-10-10,14200.0,0.4,12.4,14191000
2004-10-11,14000.0,0.0,13.1,14191000
2004-10-12,13700.0,0.0,15.2,14191000
2004-10-13,13000.0,0.0,17.2,14191000
2004-10-14,12100.0,0.0,17.7,14191000
2004-10-15,12100.0,0.0,15.8,14191000
2004-10-16,12200.0,0.1,13.7,14191000
2004-10-17,12000.0,16.7,12.7,14191000
2004-10-18,12600.0,10.9,9.9,14191000
2004-10-19,14700.0,8.8,11.3,14191000
2004-10-20,15700.0,1.4,11.1,14191000
2004-10-21,15300.0,1.1,11.6,14191000
2004-10-22,15600.0,3.3,10.3,14191000
2004-10-23,16800.0,1.2,9.7,14191000
2004-10-24,18000.0,1.6,8.6,14191000
2004-10-25,17900.0,4.2,7.7,14191000
2004-10-26,17700.0,13.2,9.1,14191000
2004-10-27,18000.0,0.7,8.6,14191000
2004-10-28,17800.0,1.3,8.2,14191000
2004-10-29,18000.0,1.7,10.5,14191000
2004-10-30,18500.0,7.0,11.2,14191000
2004-10-31,19700.0,0.5,8.0,14191000
2004-11-01,20000.0,0.0,8.2,14191000
2004-11-02,20100.0,18.6,12.2,14191000
2004-11-03,22500.0,3.9,7.1,14191000
2004-11-04,23900.0,0.0,6.4,14191000
2004-11-05,21700.0,0.0,7.3,14191000
2004-11-06,20100.0,0.0,6.4,14191000
2004-11-07,19600.0,0.0,8.0,14191000
2004-11-08,18900.0,0.0,7.4,14191000
2004-11-09,18300.0,0.0,8.3,14191000
2004-11-10,17800.0,0.0,8.4,14191000
2004-11-11,17400.0,0.0,8.9,14191000
2004-11-12,16700.0,0.0,8.8,14191000
2004-11-13,16100.0,2.0,10.2,14191000
2004-11-14,15100.0,0.0,9.4,14191000
2004-11-15,14400.0,10.0,10.2,14191000
2004-11-16,14400.0,0.6,7.9,14191000
2004-11-17,13600.0,0.4,9.8,14191000
2004-11-18,13400.0,10.0,9.3,14191000
2004-11-19,13000.0,1.3,6.0,14191000
2004-11-20,12500.0,0.0,3.9,14191000
2004-11-21,12200.0,0.0,4.0,14191000
2004-11-22,11800.0,0.1,4.5,14191000
2004-11-23,11700.0,0.6,7.4,14191000
2004-11-24,11800.0,1.1,10.7,14191000
2004-11-25,13200.0,14.7,11.1,14191000
2004-11-26,16600.0,0.4,6.2,14191000
2004-11-27,16600.0,1.7,5.8,14191000
2004-11-28,15500.0,0.0,2.1,14191000
2004-11-29,14600.0,0.0,2.2,14191000
2004-11-30,14000.0,3.6,3.7,14191000
2004-12-01,13200.0,1.3,5.9,14191000
2004-12-02,13100.0,0.0,2.6,14191000
2004-12-03,12500.0,0.0,3.8,14191000
2004-12-04,11400.0,0.0,4.8,14191000
2004-12-05,11200.0,6.3,5.5,14191000
2004-12-06,11400.0,5.5,4.7,14191000
2004-12-07,12700.0,13.6,5.9,14191000
2004-12-08,21300.0,27.6,8.9,14191000
2004-12-09,38800.0,13.5,9.6,14191000
2004-12-10,55600.0,7.1,13.4,14191000
2004-12-11,62800.0,19.6,10.8,14191000
2004-12-12,63200.0,1.1,8.3,14191000
2004-12-13,56300.0,0.2,6.8,14191000
2004-12-14,50600.0,6.5,10.9,14191000
2004-12-15,47700.0,0.0,6.5,14191000
2004-12-16,44200.0,0.0,5.7,14191000
2004-12-17,38000.0,0.0,6.5,14191000
2004-12-18,32600.0,0.0,7.7,14191000
2004-12-19,28100.0,0.1,6.9,14191000
2004-12-20,25500.0,0.0,5.4,14191000
2004-12-21,23800.0,1.4,2.4,14191000
2004-12-22,22800.0,0.2,5.9,14191000
2004-12-23,22400.0,0.0,4.4,14191000
2004-12-24,20900.0,0.0,4.3,14191000
2004-12-25,19700.0,0.9,4.2,14191000
2004-12-26,19300.0,13.4,6.1,14191000
2004-12-27,19000.0,0.0,4.7,14191000
2004-12-28,18000.0,0.0,5.3,14191000
2004-12-29,17400.0,4.9,5.3,14191000
2004-12-30,17300.0,0.2,4.5,14191000
2004-12-31,16800.0,4.0,3.1,14191000
2005-01-01,15700.0,6.3,5.2,14191000
2005-01-02,16000.0,0.0,1.4,14191000
2005-01-03,15700.0,0.0,1.5,14191000
2005-01-04,14800.0,0.0,1.1,14191000
2005-01-05,12900.0,0.0,-0.0,14191000
2005-01-06,12100.0,0.5,1.5,14191000
2005-01-07,11600.0,5.5,3.6,14191000
2005-01-08,11400.0,4.6,3.4,14191000
2005-01-09,11700.0,1.0,3.6,14191000
2005-01-10,12200.0,2.8,1.7,14191000
2005-01-11,12300.0,0.0,1.5,14191000
2005-01-12,11800.0,1.8,3.6,14191000
2005-01-13,11600.0,0.6,3.9,14191000
2005-01-14,11200.0,0.0,2.8,14191000
2005-01-15,10800.0,5.0,1.4,14191000
2005-01-16,10700.0,0.1,3.5,14191000
2005-01-17,11100.0,5.8,6.2,14191000
2005-01-18,15900.0,13.8,13.2,14191000
2005-01-19,23000.0,0.0,11.8,14191000
2005-01-20,22300.0,0.0,10.4,14191000
2005-01-21,18900.0,0.0,9.0,14191000
2005-01-22,16100.0,0.0,9.0,14191000
2005-01-23,14700.0,0.0,10.0,14191000
2005-01-24,13800.0,0.0,7.7,14191000
2005-01-25,13100.0,0.0,7.8,14191000
2005-01-26,11900.0,2.7,7.7,14191000
2005-01-27,11100.0,0.3,8.6,14191000
2005-01-28,10600.0,2.1,7.8,14191000
2005-01-29,10500.0,10.0,7.5,14191000
2005-01-30,11700.0,0.0,5.7,14191000
2005-01-31,11100.0,0.0,7.1,14191000
2005-02-01,10700.0,0.0,6.9,14191000
2005-02-02,10300.0,0.0,6.5,14191000
2005-02-03,9900.0,0.0,6.7,14191000
2005-02-04,9620.0,2.7,4.8,14191000
2005-02-05,9410.0,1.2,3.8,14191000
2005-02-06,9340.0,8.3,4.3,14191000
2005-02-07,9410.0,1.6,3.8,14191000
2005-02-08,9500.0,0.0,3.1,14191000
2005-02-09,9200.0,0.0,4.1,14191000
2005-02-10,8960.0,0.0,3.2,14191000
2005-02-11,8770.0,0.0,3.3,14191000
2005-02-12,8620.0,3.2,3.8,14191000
2005-02-13,8820.0,0.1,4.2,14191000
2005-02-14,10500.0,0.1,2.0,14191000
2005-02-15,10500.0,0.0,2.0,14191000
2005-02-16,9810.0,0.0,3.1,14191000
2005-02-17,9350.0,0.0,3.9,14191000
2005-02-18,9010.0,0.0,4.0,14191000
2005-02-19,8780.0,0.1,6.6,14191000
2005-02-20,8870.0,2.8,6.4,14191000
2005-02-21,10100.0,0.0,5.8,14191000
2005-02-22,10400.0,0.0,6.3,14191000
2005-02-23,9920.0,0.0,6.6,14191000
2005-02-24,9350.0,0.0,7.7,14191000
2005-02-25,9040.0,0.0,7.6,14191000
2005-02-26,8700.0,0.0,7.1,14191000
2005-02-27,8430.0,0.0,9.1,14191000
2005-02-28,8280.0,3.9,10.0,14191000
2005-03-01,8250.0,2.0,9.3,14191000
2005-03-02,8180.0,3.0,9.6,14191000
2005-03-03,8040.0,0.0,8.1,14191000
2005-03-04,7900.0,0.0,9.9,14191000
2005-03-05,7720.0,0.0,8.8,14191000
2005-03-06,7470.0,0.0,10.5,14191000
2005-03-07,7220.0,0.0,11.4,14191000
2005-03-08,7120.0,0.0,12.0,14191000
2005-03-09,6990.0,0.0,12.7,14191000
2005-03-10,6880.0,0.0,13.2,14191000
2005-03-11,6820.0,0.0,13.4,14191000
2005-03-12,6740.0,0.0,13.1,14191000
2005-03-13,6610.0,0.0,11.0,14191000
2005-03-14,6510.0,0.0,10.6,14191000
2005-03-15,6420.0,0.0,9.2,14191000
2005-03-16,6350.0,1.1,10.1,14191000
2005-03-17,6440.0,1.7,7.1,14191000
2005-03-18,6740.0,0.0,8.1,14191000
2005-03-19,6730.0,9.4,10.2,14191000
2005-03-20,7150.0,9.8,10.6,14191000
2005-03-21,7850.0,4.6,6.5,14191000
2005-03-22,8000.0,0.9,7.3,14191000
2005-03-23,8020.0,3.1,7.2,14191000
2005-03-24,8480.0,8.1,6.4,14191000
2005-03-25,9750.0,4.2,6.1,14191000
2005-03-26,10700.0,13.0,9.2,14191000
2005-03-27,18800.0,42.6,10.4,14191000
2005-03-28,41100.0,9.0,7.5,14191000
2005-03-29,47200.0,21.0,7.4,14191000
2005-03-30,45900.0,1.7,6.9,14191000
2005-03-31,37100.0,0.0,8.3,14191000
2005-04-01,28300.0,9.7,10.4,14191000
2005-04-02,25200.0,0.1,8.4,14191000
2005-04-03,22800.0,7.1,8.1,14191000
2005-04-04,21400.0,0.4,6.8,14191000
2005-04-05,20400.0,0.7,9.5,14191000
2005-04-06,19000.0,0.2,10.6,14191000
2005-04-07,18200.0,11.7,10.3,14191000
2005-04-08,21000.0,7.1,6.9,14191000
2005-04-09,24800.0,0.5,9.0,14191000
2005-04-10,24400.0,0.0,7.6,14191000
2005-04-11,22600.0,12.6,9.2,14191000
2005-04-12,23000.0,6.3,6.8,14191000
2005-04-13,22600.0,4.4,6.4,14191000
2005-04-14,21000.0,1.9,6.3,14191000
2005-04-15,19200.0,2.0,7.5,14191000
2005-04-16,18500.0,16.1,11.0,14191000
2005-04-17,21200.0,4.0,8.2,14191000
2005-04-18,23100.0,2.8,7.6,14191000
2005-04-19,22600.0,0.1,9.5,14191000
2005-04-20,20100.0,0.0,11.0,14191000
2005-04-21,18300.0,0.0,11.8,14191000
2005-04-22,16600.0,0.0,14.1,14191000
2005-04-23,15900.0,5.0,13.4,14191000
2005-04-24,17600.0,2.5,10.9,14191000
2005-04-25,17900.0,0.0,12.6,14191000
2005-04-26,17000.0,0.0,13.3,14191000
2005-04-27,16100.0,0.0,14.6,14191000
2005-04-28,15900.0,0.7,14.7,14191000
2005-04-29,15500.0,1.3,12.7,14191000
2005-04-30,15100.0,0.0,12.5,14191000
2005-05-01,15200.0,0.0,13.4,14191000
2005-05-02,15400.0,2.3,13.5,14191000
2005-05-03,15200.0,0.0,14.3,14191000
2005-05-04,14800.0,5.5,15.3,14191000
2005-05-05,14900.0,0.2,14.7,14191000
2005-05-06,15700.0,0.9,14.1,14191000
2005-05-07,16700.0,0.0,12.8,14191000
2005-05-08,16500.0,7.7,13.6,14191000
2005-05-09,16600.0,6.6,11.1,14191000
2005-05-10,20400.0,24.9,10.3,14191000
2005-05-11,31900.0,0.1,11.7,14191000
2005-05-12,34900.0,0.0,13.2,14191000
2005-05-13,29400.0,0.0,15.9,14191000
2005-05-14,23600.0,1.3,16.9,14191000
2005-05-15,20100.0,7.8,16.3,14191000
2005-05-16,18300.0,6.2,12.7,14191000
2005-05-17,20100.0,5.2,10.7,14191000
2005-05-18,23600.0,15.0,12.6,14191000
2005-05-19,27900.0,1.8,12.8,14191000
2005-05-20,30200.0,1.8,12.5,14191000
2005-05-21,29900.0,0.2,11.6,14191000
2005-05-22,28700.0,5.9,12.0,14191000
2005-05-23,27100.0,0.0,11.2,14191000
2005-05-24,23600.0,0.0,12.1,14191000
2005-05-25,20600.0,0.0,16.6,14191000
2005-05-26,17800.0,0.0,19.8,14191000
2005-05-27,15900.0,0.0,21.0,14191000
2005-05-28,14700.0,0.0,18.4,14191000
2005-05-29,13900.0,0.1,15.3,14191000
2005-05-30,14100.0,0.0,16.0,14191000
2005-05-31,14200.0,0.6,14.7,14191000
2005-06-01,13600.0,3.4,13.2,14191000
2005-06-02,13700.0,0.6,13.3,14191000
2005-06-03,14100.0,0.0,13.3,14191000
2005-06-04,13200.0,0.0,12.7,14191000
2005-06-05,12700.0,6.4,11.6,14191000
2005-06-06,13900.0,5.1,11.0,14191000
2005-06-07,17100.0,3.2,11.3,14191000
2005-06-08,20700.0,1.4,12.8,14191000
2005-06-09,20000.0,0.0,15.5,14191000
2005-06-10,17500.0,0.0,14.5,14191000
2005-06-11,15300.0,1.4,13.9,14191000
2005-06-12,14700.0,0.2,12.6,14191000
2005-06-13,14200.0,0.3,15.4,14191000
2005-06-14,12900.0,0.0,14.6,14191000
2005-06-15,11900.0,0.0,13.4,14191000
2005-06-16,11100.0,3.0,15.1,14191000
2005-06-17,10900.0,12.6,12.4,14191000
2005-06-18,12600.0,0.0,15.1,14191000
2005-06-19,13300.0,0.0,16.1,14191000
2005-06-20,12900.0,0.0,18.1,14191000
2005-06-21,12100.0,0.0,17.6,14191000
2005-06-22,11600.0,0.7,15.5,14191000
2005-06-23,11300.0,0.0,16.0,14191000
2005-06-24,10700.0,0.0,17.9,14191000
2005-06-25,9800.0,0.0,17.8,14191000
2005-06-26,9380.0,1.0,16.1,14191000
2005-06-27,9240.0,2.6,14.7,14191000
2005-06-28,9390.0,0.9,15.4,14191000
2005-06-29,9500.0,0.0,17.2,14191000
2005-06-30,9170.0,0.0,19.9,14191000
2005-07-01,8820.0,0.0,18.3,14191000
2005-07-02,8500.0,0.0,16.9,14191000
2005-07-03,8240.0,0.0,16.8,14191000
2005-07-04,8140.0,0.0,19.2,14191000
2005-07-05,8050.0,0.0,19.8,14191000
2005-07-06,8020.0,2.4,19.5,14191000
2005-07-07,7980.0,0.0,18.0,14191000
2005-07-08,7920.0,3.4,16.5,14191000
2005-07-09,7920.0,1.8,16.0,14191000
2005-07-10,8010.0,0.0,16.6,14191000
2005-07-11,7970.0,0.2,18.3,14191000
2005-07-12,7820.0,0.0,17.9,14191000
2005-07-13,7750.0,0.0,18.2,14191000
2005-07-14,7560.0,0.0,19.4,14191000
2005-07-15,7480.0,0.0,21.6,14191000
2005-07-16,7500.0,0.0,19.0,14191000
2005-07-17,7610.0,0.0,21.5,14191000
2005-07-18,7580.0,0.0,25.3,14191000
2005-07-19,7410.0,0.0,22.5,14191000
2005-07-20,7290.0,0.0,21.0,14191000
2005-07-21,7210.0,0.0,23.3,14191000
2005-07-22,7210.0,5.9,23.4,14191000
2005-07-23,7350.0,0.0,19.7,14191000
2005-07-24,7280.0,0.0,19.6,14191000
2005-07-25,7190.0,0.0,19.2,14191000
2005-07-26,7100.0,0.0,23.7,14191000
2005-07-27,7050.0,0.0,26.6,14191000
2005-07-28,7100.0,0.0,25.0,14191000
2005-07-29,7300.0,0.0,23.3,14191000
2005-07-30,7250.0,0.0,23.6,14191000
2005-07-31,7300.0,0.0,23.2,14191000
2005-08-01,7270.0,0.0,21.5,14191000
2005-08-02,7230.0,0.0,20.0,14191000
2005-08-03,7190.0,0.0,22.3,14191000
2005-08-04,7160.0,0.0,26.4,14191000
2005-08-05,7110.0,0.0,25.0,14191000
2005-08-06,7050.0,0.0,23.9,14191000
2005-08-07,7050.0,0.0,22.5,14191000
2005-08-08,7060.0,0.0,22.9,14191000
2005-08-09,7020.0,0.0,22.2,14191000
2005-08-10,6970.0,0.0,20.4,14191000
2005-08-11,7050.0,0.0,19.9,14191000
2005-08-12,7100.0,0.0,20.3,14191000
2005-08-13,7110.0,0.0,23.7,14191000
2005-08-14,7110.0,0.0,26.0,14191000
2005-08-15,7080.0,0.0,24.9,14191000
2005-08-16,7050.0,0.0,21.5,14191000
2005-08-17,7060.0,0.0,18.5,14191000
2005-08-18,7140.0,0.0,19.7,14191000
2005-08-19,7160.0,0.0,22.3,14191000
2005-08-20,7130.0,0.0,21.4,14191000
2005-08-21,7130.0,0.0,21.1,14191000
2005-08-22,7200.0,0.0,20.7,14191000
2005-08-23,7170.0,0.0,17.9,14191000
2005-08-24,7170.0,0.0,18.7,14191000
2005-08-25,7180.0,0.0,22.1,14191000
2005-08-26,7140.0,0.0,22.7,14191000
2005-08-27,7130.0,0.0,20.7,14191000
2005-08-28,7160.0,0.0,20.5,14191000
2005-08-29,7230.0,0.1,17.5,14191000
2005-08-30,7300.0,0.0,17.3,14191000
2005-08-31,7310.0,0.0,19.6,14191000
2005-09-01,7210.0,0.0,21.3,14191000
2005-09-02,7140.0,0.0,20.1,14191000
2005-09-03,7320.0,0.0,18.6,14191000
2005-09-04,7460.0,0.0,17.7,14191000
2005-09-05,7510.0,0.0,17.3,14191000
2005-09-06,7500.0,0.0,18.6,14191000
2005-09-07,7790.0,0.0,20.5,14191000
2005-09-08,8220.0,0.0,21.4,14191000
2005-09-09,8300.0,0.0,17.7,14191000
2005-09-10,8480.0,2.7,15.0,14191000
2005-09-11,8780.0,4.2,14.2,14191000
2005-09-12,8890.0,0.0,15.9,14191000
2005-09-13,8810.0,0.0,16.8,14191000
2005-09-14,8730.0,0.0,17.9,14191000
2005-09-15,8750.0,0.0,16.7,14191000
2005-09-16,8910.0,1.2,15.1,14191000
2005-09-17,8970.0,1.9,13.4,14191000
2005-09-18,9030.0,0.0,14.4,14191000
2005-09-19,9040.0,0.0,15.8,14191000
2005-09-20,8990.0,0.0,16.4,14191000
2005-09-21,8930.0,0.0,15.9,14191000
2005-09-22,8950.0,0.0,14.8,14191000
2005-09-23,8940.0,0.0,15.0,14191000
2005-09-24,8940.0,0.0,14.0,14191000
2005-09-25,9100.0,0.0,14.7,14191000
2005-09-26,9060.0,0.0,16.7,14191000
2005-09-27,9090.0,0.0,17.1,14191000
2005-09-28,9100.0,0.0,16.5,14191000
2005-09-29,9090.0,0.0,16.7,14191000
2005-09-30,9250.0,16.9,18.2,14191000
2005-10-01,9960.0,10.5,13.8,14191000
2005-10-02,10600.0,4.0,10.8,14191000
2005-10-03,10500.0,1.9,10.6,14191000
2005-10-04,10400.0,0.0,10.2,14191000
2005-10-05,10200.0,0.2,12.3,14191000
2005-10-06,9850.0,0.0,14.5,14191000
2005-10-07,9620.0,0.4,14.5,14191000
2005-10-08,9640.0,0.6,12.2,14191000
2005-10-09,9860.0,0.6,13.4,14191000
2005-10-10,9850.0,0.3,13.1,14191000
2005-10-11,9830.0,0.3,13.9,14191000
2005-10-12,9740.0,0.0,12.6,14191000
2005-10-13,9660.0,1.8,12.9,14191000
2005-10-14,9640.0,0.0,13.6,14191000
2005-10-15,9540.0,6.3,13.0,14191000
2005-10-16,9420.0,0.0,13.6,14191000
2005-10-17,9600.0,0.0,14.6,14191000
2005-10-18,9430.0,0.3,14.7,14191000
2005-10-19,9270.0,10.9,14.4,14191000
2005-10-20,9370.0,2.5,14.2,14191000
2005-10-21,9830.0,0.0,13.1,14191000
2005-10-22,9600.0,0.0,13.3,14191000
2005-10-23,9440.0,0.0,14.0,14191000
2005-10-24,9520.0,0.0,14.0,14191000
2005-10-25,9400.0,0.2,13.3,14191000
2005-10-26,9150.0,9.2,10.6,14191000
2005-10-27,9300.0,1.1,8.2,14191000
2005-10-28,9780.0,12.2,10.4,14191000
2005-10-29,10700.0,2.6,9.9,14191000
2005-10-30,10900.0,0.1,9.4,14191000
2005-10-31,10700.0,10.7,12.8,14191000
2005-11-01,15000.0,27.6,12.4,14191000
2005-11-02,19000.0,0.2,8.6,14191000
2005-11-03,18100.0,23.6,8.6,14191000
2005-11-04,19300.0,12.1,7.7,14191000
2005-11-05,22400.0,15.1,7.1,14191000
2005-11-06,26800.0,6.5,8.9,14191000
2005-11-07,31500.0,4.2,6.7,14191000
2005-11-08,28800.0,0.0,4.2,14191000
2005-11-09,25700.0,0.0,5.8,14191000
2005-11-10,23900.0,0.9,6.9,14191000
2005-11-11,23200.0,3.3,7.7,14191000
2005-11-12,25100.0,7.3,7.6,14191000
2005-11-13,27800.0,13.2,10.0,14191000
2005-11-14,33600.0,0.2,9.8,14191000
2005-11-15,33900.0,0.0,5.0,14191000
2005-11-16,29700.0,0.0,5.8,14191000
2005-11-17,27500.0,0.0,6.8,14191000
2005-11-18,25000.0,0.0,6.8,14191000
2005-11-19,22500.0,0.0,8.0,14191000
2005-11-20,19900.0,0.0,6.4,14191000
2005-11-21,17700.0,0.0,5.2,14191000
2005-11-22,15800.0,0.0,5.2,14191000
2005-11-23,15000.0,0.0,5.6,14191000
2005-11-24,14700.0,0.2,4.1,14191000
2005-11-25,15900.0,28.8,5.8,14191000
2005-11-26,21800.0,2.9,4.2,14191000
2005-11-27,24900.0,3.2,3.8,14191000
2005-11-28,22900.0,2.1,1.4,14191000
2005-11-29,22600.0,9.3,5.0,14191000
2005-11-30,25900.0,2.4,4.3,14191000
2005-12-01,27200.0,6.0,4.1,14191000
2005-12-02,33100.0,10.4,4.7,14191000
2005-12-03,43800.0,6.5,4.2,14191000
2005-12-04,44300.0,0.0,2.6,14191000
2005-12-05,37300.0,0.0,2.1,14191000
2005-12-06,31500.0,0.0,1.9,14191000
2005-12-07,26800.0,0.7,2.8,14191000
2005-12-08,23300.0,1.6,1.6,14191000
2005-12-09,21100.0,0.0,1.2,14191000
2005-12-10,19000.0,0.0,1.5,14191000
2005-12-11,17800.0,0.0,2.5,14191000
2005-12-12,17600.0,0.0,1.0,14191000
2005-12-13,17500.0,0.0,1.1,14191000
2005-12-14,16300.0,0.0,0.1,14191000
2005-12-15,15000.0,0.0,-0.6,14191000
2005-12-16,14200.0,0.0,-1.3,14191000
2005-12-17,14000.0,0.0,-1.3,14191000
2005-12-18,13500.0,1.5,0.6,14191000
2005-12-19,13900.0,11.9,2.4,14191000
2005-12-20,19400.0,6.3,4.6,14191000
2005-12-21,28900.0,17.1,6.6,14191000
2005-12-22,46900.0,27.7,11.1,14191000
2005-12-23,67400.0,3.6,10.7,14191000
2005-12-24,68200.0,0.0,11.1,14191000
2005-12-25,59100.0,5.5,10.8,14191000
2005-12-26,50400.0,9.6,9.2,14191000
2005-12-27,50300.0,15.7,8.9,14191000
2005-12-28,64500.0,47.3,9.6,14191000
2005-12-29,81700.0,0.7,7.3,14191000
2005-12-30,90300.0,45.0,8.8,14191000
2005-12-31,118000.0,13.4,9.8,14191000
2006-01-01,139000.0,2.2,8.3,14191000
2006-01-02,131000.0,12.0,7.0,14191000
2006-01-03,113000.0,6.8,4.5,14191000
2006-01-04,93800.0,3.8,5.8,14191000
2006-01-05,85500.0,0.7,6.0,14191000
2006-01-06,82600.0,25.2,8.3,14191000
2006-01-07,87700.0,17.0,8.6,14191000
2006-01-08,94200.0,7.5,6.7,14191000
2006-01-09,96000.0,8.6,8.1,14191000
2006-01-10,103000.0,36.9,10.9,14191000
2006-01-11,119000.0,15.5,8.7,14191000
2006-01-12,130000.0,5.0,6.5,14191000
2006-01-13,126000.0,15.0,8.6,14191000
2006-01-14,113000.0,12.0,7.1,14191000
2006-01-15,103000.0,2.8,3.7,14191000
2006-01-16,100000.0,7.9,5.7,14191000
2006-01-17,108000.0,36.6,9.7,14191000
2006-01-18,130000.0,5.3,7.1,14191000
2006-01-19,138000.0,1.0,5.9,14191000
2006-01-20,136000.0,16.6,6.8,14191000
2006-01-21,126000.0,3.4,5.8,14191000
2006-01-22,122000.0,0.5,3.1,14191000
2006-01-23,117000.0,0.0,4.7,14191000
2006-01-24,108000.0,0.0,5.6,14191000
2006-01-25,99200.0,4.8,4.4,14191000
2006-01-26,92500.0,6.5,4.3,14191000
2006-01-27,86300.0,9.7,5.3,14191000
2006-01-28,85900.0,24.4,6.5,14191000
2006-01-29,88900.0,14.9,6.2,14191000
2006-01-30,94000.0,25.8,9.7,14191000
2006-01-31,94700.0,8.6,5.5,14191000
2006-02-01,94700.0,18.7,8.7,14191000
2006-02-02,92800.0,4.6,8.9,14191000
2006-02-03,89200.0,1.8,9.1,14191000
2006-02-04,88700.0,12.1,8.7,14191000
2006-02-05,91500.0,0.0,4.2,14191000
2006-02-06,87200.0,0.0,6.0,14191000
2006-02-07,71200.0,0.0,6.3,14191000
2006-02-08,53200.0,0.1,5.2,14191000
2006-02-09,45900.0,0.0,6.7,14191000
2006-02-10,42000.0,0.0,7.1,14191000
2006-02-11,38400.0,0.0,5.4,14191000
2006-02-12,32500.0,0.0,6.8,14191000
2006-02-13,27800.0,0.1,6.6,14191000
2006-02-14,25400.0,0.8,3.7,14191000
2006-02-15,23600.0,0.0,1.4,14191000
2006-02-16,20800.0,0.0,0.8,14191000
2006-02-17,18700.0,0.0,0.1,14191000
2006-02-18,17500.0,0.0,-1.0,14191000
2006-02-19,16800.0,0.0,-0.7,14191000
2006-02-20,16200.0,0.0,0.4,14191000
2006-02-21,15600.0,1.3,3.4,14191000
2006-02-22,15300.0,0.2,5.7,14191000
2006-02-23,14600.0,0.0,6.0,14191000
2006-02-24,14000.0,1.3,4.3,14191000
2006-02-25,13500.0,0.0,3.0,14191000
2006-02-26,13200.0,0.0,5.5,14191000
2006-02-27,13100.0,9.8,9.4,14191000
2006-02-28,16000.0,23.4,7.6,14191000
2006-03-01,24000.0,0.7,7.7,14191000
2006-03-02,23100.0,2.6,7.7,14191000
2006-03-03,20600.0,0.0,5.1,14191000
2006-03-04,18900.0,1.3,6.7,14191000
2006-03-05,17700.0,2.8,8.5,14191000
2006-03-06,16800.0,3.0,8.9,14191000
2006-03-07,16400.0,10.2,7.0,14191000
2006-03-08,17200.0,14.1,5.2,14191000
2006-03-09,21900.0,13.3,3.3,14191000
2006-03-10,29200.0,1.7,2.7,14191000
2006-03-11,28000.0,0.8,2.0,14191000
2006-03-12,23900.0,0.5,3.3,14191000
2006-03-13,21100.0,0.0,3.5,14191000
2006-03-14,19400.0,1.2,5.0,14191000
2006-03-15,18300.0,4.4,5.1,14191000
2006-03-16,18000.0,13.0,5.7,14191000
2006-03-17,19300.0,5.7,6.4,14191000
2006-03-18,20900.0,1.8,5.4,14191000
2006-03-19,20600.0,0.0,5.6,14191000
2006-03-20,19400.0,0.0,5.8,14191000
2006-03-21,18300.0,4.9,7.0,14191000
2006-03-22,18100.0,1.1,9.4,14191000
2006-03-23,17800.0,0.0,10.3,14191000
2006-03-24,18400.0,13.3,10.0,14191000
2006-03-25,20100.0,3.5,6.2,14191000
2006-03-26,20600.0,1.3,5.8,14191000
2006-03-27,20800.0,0.0,8.0,14191000
2006-03-28,19400.0,0.0,11.1,14191000
2006-03-29,18900.0,2.8,9.3,14191000
2006-03-30,19800.0,0.0,8.7,14191000
2006-03-31,20900.0,5.9,8.4,14191000
2006-04-01,22200.0,4.4,8.0,14191000
2006-04-02,23300.0,4.7,8.4,14191000
2006-04-03,22300.0,3.2,9.2,14191000
2006-04-04,21400.0,0.0,8.7,14191000
2006-04-05,21900.0,2.1,9.7,14191000
2006-04-06,22600.0,0.1,9.7,14191000
2006-04-07,22700.0,0.0,11.5,14191000
2006-04-08,22200.0,17.1,11.8,14191000
2006-04-09,22900.0,1.5,9.6,14191000
2006-04-10,23400.0,2.9,9.6,14191000
2006-04-11,23900.0,4.1,9.6,14191000
2006-04-12,23500.0,0.8,11.7,14191000
2006-04-13,22600.0,0.0,11.4,14191000
2006-04-14,21300.0,13.5,9.6,14191000
2006-04-15,23500.0,15.7,6.1,14191000
2006-04-16,27900.0,4.6,6.3,14191000
2006-04-17,30500.0,1.1,7.1,14191000
2006-04-18,27700.0,1.5,7.3,14191000
2006-04-19,25400.0,0.0,10.4,14191000
2006-04-20,23700.0,0.0,11.7,14191000
2006-04-21,22800.0,2.5,10.7,14191000
2006-04-22,21700.0,0.0,8.4,14191000
2006-04-23,21000.0,0.0,11.9,14191000
2006-04-24,20100.0,0.0,12.9,14191000
2006-04-25,19300.0,0.0,12.4,14191000
2006-04-26,18600.0,0.0,11.3,14191000
2006-04-27,18500.0,0.0,12.1,14191000
2006-04-28,18000.0,0.0,16.0,14191000
2006-04-29,17700.0,0.0,14.6,14191000
2006-04-30,17800.0,1.2,7.9,14191000
2006-05-01,17100.0,0.0,9.6,14191000
2006-05-02,16400.0,0.0,9.2,14191000
2006-05-03,16500.0,0.0,12.9,14191000
2006-05-04,16100.0,0.0,15.2,14191000
2006-05-05,15500.0,0.0,15.5,14191000
2006-05-06,15800.0,0.0,11.6,14191000
2006-05-07,15800.0,4.2,10.3,14191000
2006-05-08,16100.0,1.5,8.9,14191000
2006-05-09,16400.0,0.0,9.8,14191000
2006-05-10,16300.0,0.0,13.1,14191000
2006-05-11,16400.0,0.6,14.7,14191000
2006-05-12,16200.0,0.0,10.4,14191000
2006-05-13,16100.0,0.0,11.9,14191000
2006-05-14,16000.0,0.0,15.4,14191000
2006-05-15,15800.0,0.0,20.3,14191000
2006-05-16,15800.0,0.0,20.7,14191000
2006-05-17,15600.0,0.0,19.8,14191000
2006-05-18,16000.0,0.0,20.0,14191000
2006-05-19,16400.0,1.3,17.9,14191000
2006-05-20,16500.0,0.5,16.2,14191000
2006-05-21,17100.0,0.8,17.2,14191000
2006-05-22,17200.0,2.3,15.4,14191000
2006-05-23,16700.0,11.0,14.7,14191000
2006-05-24,16200.0,15.3,13.3,14191000
2006-05-25,16700.0,2.7,12.8,14191000
2006-05-26,17200.0,7.3,10.7,14191000
2006-05-27,17800.0,9.7,9.8,14191000
2006-05-28,18900.0,6.6,10.6,14191000
2006-05-29,22600.0,0.2,12.3,14191000
2006-05-30,21700.0,0.0,14.6,14191000
2006-05-31,18600.0,0.2,17.0,14191000
2006-06-01,16100.0,7.7,15.9,14191000
2006-06-02,16300.0,8.7,16.1,14191000
2006-06-03,19700.0,0.1,15.5,14191000
2006-06-04,20900.0,5.9,17.0,14191000
2006-06-05,22900.0,0.0,16.6,14191000
2006-06-06,23100.0,0.0,16.7,14191000
2006-06-07,21200.0,0.0,15.6,14191000
2006-06-08,19500.0,0.0,13.8,14191000
2006-06-09,17800.0,0.0,13.0,14191000
2006-06-10,16500.0,0.0,14.3,14191000
2006-06-11,15300.0,0.0,16.8,14191000
2006-06-12,13900.0,0.9,18.5,14191000
2006-06-13,13100.0,0.1,16.7,14191000
2006-06-14,13400.0,1.3,15.1,14191000
2006-06-15,13700.0,1.0,14.9,14191000
2006-06-16,13900.0,1.2,16.5,14191000
2006-06-17,13800.0,0.0,15.2,14191000
2006-06-18,13400.0,0.0,15.3,14191000
2006-06-19,12700.0,0.0,14.5,14191000
2006-06-20,11900.0,0.0,14.4,14191000
2006-06-21,11200.0,0.0,14.9,14191000
2006-06-22,10900.0,0.0,16.0,14191000
2006-06-23,10600.0,0.0,17.4,14191000
2006-06-24,10300.0,0.0,21.2,14191000
2006-06-25,10200.0,0.0,25.4,14191000
2006-06-26,10000.0,0.0,28.1,14191000
2006-06-27,9580.0,0.0,26.4,14191000
2006-06-28,9310.0,0.0,20.4,14191000
2006-06-29,9010.0,0.2,20.8,14191000
2006-06-30,8680.0,0.0,22.9,14191000
2006-07-01,8420.0,0.0,22.5,14191000
2006-07-02,8240.0,0.0,23.3,14191000
2006-07-03,8000.0,0.0,21.6,14191000
2006-07-04,7810.0,0.0,20.9,14191000
2006-07-05,7680.0,0.0,18.1,14191000
2006-07-06,7600.0,0.0,16.5,14191000
2006-07-07,7600.0,0.0,17.6,14191000
2006-07-08,7480.0,0.0,22.0,14191000
2006-07-09,7300.0,0.0,23.8,14191000
2006-07-10,7190.0,0.0,20.6,14191000
2006-07-11,7140.0,0.0,19.7,14191000
2006-07-12,7180.0,1.6,17.5,14191000
2006-07-13,7260.0,0.0,19.2,14191000
2006-07-14,7130.0,0.0,19.6,14191000
2006-07-15,7080.0,0.0,20.3,14191000
2006-07-16,7010.0,0.0,21.1,14191000
2006-07-17,7000.0,0.0,19.8,14191000
2006-07-18,7000.0,0.0,18.6,14191000
2006-07-19,6980.0,0.0,20.4,14191000
2006-07-20,6910.0,0.0,23.7,14191000
2006-07-21,6820.0,0.0,28.6,14191000
2006-07-22,6780.0,0.0,31.3,14191000
2006-07-23,6790.0,0.0,30.9,14191000
2006-07-24,6770.0,0.0,29.9,14191000
2006-07-25,6660.0,0.0,25.0,14191000
2006-07-26,6680.0,0.0,24.2,14191000
2006-07-27,6540.0,0.0,24.9,14191000
2006-07-28,6400.0,0.0,20.2,14191000
2006-07-29,6390.0,0.0,17.7,14191000
2006-07-30,6400.0,0.6,17.1,14191000
2006-07-31,6520.0,0.0,17.7,14191000
2006-08-01,6570.0,0.0,18.8,14191000
2006-08-02,6660.0,0.0,19.2,14191000
2006-08-03,6680.0,0.0,19.5,14191000
2006-08-04,6720.0,0.0,19.4,14191000
2006-08-05,6730.0,0.0,21.3,14191000
2006-08-06,6820.0,0.0,24.0,14191000
2006-08-07,6850.0,0.0,24.5,14191000
2006-08-08,6800.0,0.2,20.1,14191000
2006-08-09,6750.0,0.0,20.6,14191000
2006-08-10,6720.0,0.0,20.9,14191000
2006-08-11,6690.0,0.0,17.4,14191000
2006-08-12,6680.0,0.0,18.0,14191000
2006-08-13,6710.0,0.0,22.0,14191000
2006-08-14,6740.0,0.0,23.8,14191000
2006-08-15,6710.0,0.0,19.4,14191000
2006-08-16,6710.0,0.0,16.9,14191000
2006-08-17,6750.0,0.0,17.8,14191000
2006-08-18,6750.0,0.0,22.3,14191000
2006-08-19,6760.0,0.0,24.6,14191000
2006-08-20,6740.0,0.0,23.2,14191000
2006-08-21,6710.0,0.0,21.1,14191000
2006-08-22,6660.0,0.0,18.6,14191000
2006-08-23,6650.0,0.0,18.1,14191000
2006-08-24,6680.0,0.2,17.9,14191000
2006-08-25,6630.0,0.0,18.9,14191000
2006-08-26,6600.0,0.0,23.3,14191000
2006-08-27,6620.0,0.0,24.7,14191000
2006-08-28,6640.0,0.0,25.2,14191000
2006-08-29,6600.0,0.0,18.7,14191000
2006-08-30,6620.0,0.3,15.3,14191000
2006-08-31,6670.0,0.0,17.0,14191000
2006-09-01,6680.0,0.0,22.7,14191000
2006-09-02,6670.0,0.0,24.5,14191000
2006-09-03,6820.0,0.0,22.9,14191000
2006-09-04,6880.0,0.0,21.6,14191000
2006-09-05,6900.0,0.0,21.9,14191000
2006-09-06,7000.0,0.0,22.2,14191000
2006-09-07,7100.0,0.0,19.2,14191000
2006-09-08,7280.0,0.0,18.9,14191000
2006-09-09,7290.0,0.7,18.3,14191000
2006-09-10,7370.0,0.0,17.5,14191000
2006-09-11,7570.0,0.0,19.8,14191000
2006-09-12,7530.0,0.0,21.0,14191000
2006-09-13,7480.0,0.0,18.5,14191000
2006-09-14,7410.0,2.1,14.3,14191000
2006-09-15,7520.0,0.7,12.8,14191000
2006-09-16,7800.0,0.5,13.7,14191000
2006-09-17,8160.0,0.0,16.0,14191000
2006-09-18,8020.0,1.6,17.7,14191000
2006-09-19,8370.0,3.7,15.1,14191000
2006-09-20,8480.0,0.3,13.4,14191000
2006-09-21,8620.0,3.6,13.4,14191000
2006-09-22,8790.0,0.0,13.7,14191000
2006-09-23,8690.0,0.0,16.1,14191000
2006-09-24,8560.0,0.0,18.4,14191000
2006-09-25,8560.0,0.0,19.2,14191000
2006-09-26,8460.0,0.0,20.1,14191000
2006-09-27,8440.0,0.0,20.3,14191000
2006-09-28,8540.0,0.0,20.7,14191000
2006-09-29,8520.0,0.0,20.6,14191000
2006-09-30,8500.0,0.0,18.5,14191000
2006-10-01,8520.0,0.0,15.2,14191000
2006-10-02,8590.0,0.0,14.5,14191000
2006-10-03,8680.0,0.0,14.6,14191000
2006-10-04,8820.0,0.0,14.8,14191000
2006-10-05,8970.0,1.2,16.3,14191000
2006-10-06,8990.0,0.0,14.3,14191000
2006-10-07,9150.0,0.0,13.6,14191000
2006-10-08,9230.0,0.0,12.1,14191000
2006-10-09,9400.0,0.0,15.1,14191000
2006-10-10,9720.0,0.0,14.0,14191000
2006-10-11,9900.0,0.0,14.9,14191000
2006-10-12,10100.0,0.0,16.2,14191000
2006-10-13,10000.0,0.0,15.7,14191000
2006-10-14,9950.0,0.0,14.2,14191000
2006-10-15,10100.0,4.6,12.3,14191000
2006-10-16,10300.0,5.0,11.6,14191000
2006-10-17,10900.0,0.1,11.2,14191000
2006-10-18,11000.0,0.0,10.1,14191000
2006-10-19,10700.0,5.6,12.5,14191000
2006-10-20,10800.0,0.0,12.0,14191000
2006-10-21,10800.0,0.0,11.4,14191000
2006-10-22,10600.0,0.0,12.7,14191000
2006-10-23,10500.0,0.0,11.7,14191000
2006-10-24,10400.0,1.6,9.7,14191000
2006-10-25,10600.0,0.0,8.9,14191000
2006-10-26,10600.0,0.0,9.5,14191000
2006-10-27,10200.0,0.0,10.1,14191000
2006-10-28,10000.0,0.0,10.1,14191000
2006-10-29,10000.0,1.0,9.3,14191000
2006-10-30,10100.0,0.0,5.7,14191000
2006-10-31,10100.0,0.0,4.5,14191000
2006-11-01,10100.0,0.0,5.0,14191000
2006-11-02,10600.0,17.7,8.6,14191000
2006-11-03,11400.0,14.5,12.8,14191000
2006-11-04,13000.0,9.2,13.3,14191000
2006-11-05,17300.0,28.0,13.7,14191000
2006-11-06,25600.0,24.7,16.0,14191000
2006-11-07,37400.0,64.7,15.5,14191000
2006-11-08,63700.0,4.8,9.9,14191000
2006-11-09,57400.0,1.9,8.4,14191000
2006-11-10,54200.0,10.9,8.8,14191000
2006-11-11,55400.0,24.5,7.7,14191000
2006-11-12,58400.0,10.4,7.8,14191000
2006-11-13,57500.0,16.9,9.0,14191000
2006-11-14,60200.0,4.2,7.1,14191000
2006-11-15,57700.0,4.9,9.6,14191000
2006-11-16,55100.0,12.3,8.8,14191000
2006-11-17,55500.0,0.0,6.7,14191000
2006-11-18,49600.0,0.0,6.7,14191000
2006-11-19,45300.0,14.2,9.3,14191000
2006-11-20,47900.0,4.2,10.3,14191000
2006-11-21,50100.0,10.5,9.5,14191000
2006-11-22,57100.0,15.7,7.5,14191000
2006-11-23,69800.0,14.0,6.1,14191000
2006-11-24,78100.0,6.7,7.0,14191000
2006-11-25,81000.0,1.8,4.9,14191000
2006-11-26,78300.0,17.4,5.7,14191000
2006-11-27,74000.0,3.3,2.6,14191000
2006-11-28,69000.0,0.2,0.8,14191000
2006-11-29,58000.0,0.0,-0.6,14191000
2006-11-30,46700.0,5.3,4.7,14191000
2006-12-01,42300.0,0.0,3.9,14191000
2006-12-02,37800.0,0.0,3.1,14191000
2006-12-03,34200.0,0.0,1.9,14191000
2006-12-04,30300.0,0.0,2.5,14191000
2006-12-05,26700.0,0.0,3.7,14191000
2006-12-06,24700.0,0.0,4.8,14191000
2006-12-07,24300.0,0.0,3.1,14191000
2006-12-08,25000.0,0.0,3.4,14191000
2006-12-09,25400.0,2.8,5.4,14191000
2006-12-10,26600.0,5.4,7.2,14191000
2006-12-11,28300.0,11.2,9.4,14191000
2006-12-12,36200.0,3.5,9.0,14191000
2006-12-13,49900.0,24.1,10.8,14191000
2006-12-14,71800.0,25.5,9.7,14191000
2006-12-15,94800.0,10.3,6.8,14191000
2006-12-16,93500.0,1.1,0.8,14191000
2006-12-17,79400.0,0.0,0.5,14191000
2006-12-18,70500.0,0.0,-0.4,14191000
2006-12-19,68400.0,0.0,0.9,14191000
2006-12-20,65900.0,1.8,0.6,14191000
2006-12-21,63700.0,10.1,5.6,14191000
2006-12-22,64800.0,5.8,4.1,14191000
2006-12-23,62700.0,13.1,6.5,14191000
2006-12-24,63400.0,3.6,4.6,14191000
2006-12-25,69800.0,27.2,7.7,14191000
2006-12-26,84900.0,21.5,6.9,14191000
2006-12-27,99800.0,2.7,7.4,14191000
2006-12-28,96900.0,0.0,1.9,14191000
2006-12-29,84000.0,0.0,1.2,14191000
2006-12-30,77700.0,0.0,1.8,14191000
2006-12-31,71800.0,0.0,2.4,14191000
2007-01-01,62500.0,0.3,2.5,14191000
2007-01-02,55100.0,1.2,9.4,14191000
2007-01-03,64300.0,45.7,9.7,14191000
2007-01-04,87000.0,4.5,5.2,14191000
2007-01-05,89500.0,2.2,1.9,14191000
2007-01-06,78800.0,17.6,6.0,14191000
2007-01-07,66800.0,4.3,7.5,14191000
2007-01-08,66200.0,4.8,8.7,14191000
2007-01-09,66400.0,0.0,7.2,14191000
2007-01-10,66600.0,6.5,3.4,14191000
2007-01-11,65400.0,0.9,0.2,14191000
2007-01-12,63100.0,0.0,-1.6,14191000
2007-01-13,58200.0,0.0,-2.8,14191000
2007-01-14,53900.0,0.0,-1.7,14191000
2007-01-15,49400.0,0.0,-2.0,14191000
2007-01-16,45100.0,5.9,0.0,14191000
2007-01-17,41500.0,0.0,0.4,14191000
2007-01-18,36500.0,0.2,1.6,14191000
2007-01-19,34900.0,0.0,2.7,14191000
2007-01-20,32700.0,0.7,4.0,14191000
2007-01-21,32100.0,0.0,2.4,14191000
2007-01-22,30300.0,0.0,3.7,14191000
2007-01-23,27700.0,0.0,4.0,14191000
2007-01-24,23900.0,0.0,4.8,14191000
2007-01-25,21600.0,0.0,2.6,14191000
2007-01-26,20300.0,0.0,3.2,14191000
2007-01-27,19400.0,0.0,2.6,14191000
2007-01-28,17400.0,0.0,1.6,14191000
2007-01-29,16000.0,0.0,2.1,14191000
2007-01-30,15100.0,0.0,2.0,14191000
2007-01-31,14200.0,0.0,1.5,14191000
2007-02-01,13600.0,0.0,2.1,14191000
2007-02-02,13000.0,0.0,1.4,14191000
2007-02-03,12300.0,0.0,1.7,14191000
2007-02-04,11900.0,0.0,5.7,14191000
2007-02-05,11600.0,0.0,7.1,14191000
2007-02-06,11500.0,0.0,7.2,14191000
2007-02-07,11500.0,2.9,7.9,14191000
2007-02-08,11700.0,3.0,6.8,14191000
2007-02-09,12000.0,4.9,9.4,14191000
2007-02-10,12000.0,3.4,7.7,14191000
2007-02-11,12500.0,4.6,7.8,14191000
2007-02-12,13800.0,4.0,7.6,14191000
2007-02-13,14500.0,1.9,6.6,14191000
2007-02-14,14300.0,4.8,6.2,14191000
2007-02-15,16200.0,21.0,9.6,14191000
2007-02-16,44500.0,10.3,10.5,14191000
2007-02-17,59400.0,0.0,9.7,14191000
2007-02-18,49500.0,3.4,8.0,14191000
2007-02-19,39200.0,5.3,5.9,14191000
2007-02-20,35900.0,23.1,7.0,14191000
2007-02-21,40900.0,0.2,4.9,14191000
2007-02-22,40000.0,3.9,5.3,14191000
2007-02-23,36200.0,4.3,3.7,14191000
2007-02-24,36000.0,21.7,5.5,14191000
2007-02-25,43200.0,12.0,5.7,14191000
2007-02-26,48400.0,1.7,4.0,14191000
2007-02-27,46600.0,4.4,3.7,14191000
2007-02-28,44200.0,4.6,2.6,14191000
2007-03-01,41100.0,5.5,3.0,14191000
2007-03-02,38600.0,10.0,5.8,14191000
2007-03-03,41000.0,2.7,8.5,14191000
2007-03-04,43800.0,0.0,8.7,14191000
2007-03-05,41400.0,0.1,11.1,14191000
2007-03-06,38800.0,0.0,10.7,14191000
2007-03-07,37200.0,8.8,11.1,14191000
2007-03-08,36400.0,0.3,8.1,14191000
2007-03-09,35000.0,3.1,7.9,14191000
2007-03-10,35400.0,0.0,11.2,14191000
2007-03-11,35600.0,0.9,14.4,14191000
2007-03-12,36100.0,4.0,13.0,14191000
2007-03-13,37400.0,0.0,7.5,14191000
2007-03-14,33300.0,0.0,7.1,14191000
2007-03-15,29400.0,0.0,6.4,14191000
2007-03-16,26500.0,0.0,11.6,14191000
2007-03-17,24000.0,0.0,11.7,14191000
2007-03-18,22200.0,0.8,12.5,14191000
2007-03-19,21200.0,4.1,11.8,14191000
2007-03-20,22100.0,11.5,7.9,14191000
2007-03-21,25300.0,0.0,5.4,14191000
2007-03-22,26300.0,0.0,8.4,14191000
2007-03-23,25400.0,0.3,8.8,14191000
2007-03-24,24700.0,10.5,11.1,14191000
2007-03-25,24500.0,19.8,10.6,14191000
2007-03-26,29500.0,1.1,7.9,14191000
2007-03-27,28700.0,4.4,6.2,14191000
2007-03-28,26700.0,0.0,5.7,14191000
2007-03-29,24000.0,0.0,7.8,14191000
2007-03-30,21000.0,0.0,10.5,14191000
2007-03-31,19800.0,2.1,10.5,14191000
2007-04-01,19600.0,0.1,5.8,14191000
2007-04-02,19300.0,0.7,5.1,14191000
2007-04-03,18700.0,0.0,6.3,14191000
2007-04-04,18500.0,0.5,9.5,14191000
2007-04-05,18600.0,0.0,12.6,14191000
2007-04-06,18000.0,0.0,14.0,14191000
2007-04-07,17900.0,12.7,14.0,14191000
2007-04-08,18800.0,0.7,11.3,14191000
2007-04-09,19600.0,11.5,9.6,14191000
2007-04-10,20400.0,3.1,8.1,14191000
2007-04-11,19200.0,2.3,8.8,14191000
2007-04-12,18100.0,7.3,7.0,14191000
2007-04-13,18100.0,0.0,8.3,14191000
2007-04-14,17900.0,4.7,10.4,14191000
2007-04-15,18100.0,0.2,7.8,14191000
2007-04-16,17900.0,0.8,7.9,14191000
2007-04-17,17900.0,5.9,7.8,14191000
2007-04-18,19300.0,3.6,6.2,14191000
2007-04-19,19900.0,1.2,6.4,14191000
2007-04-20,19300.0,0.0,7.9,14191000
2007-04-21,18700.0,7.2,8.9,14191000
2007-04-22,19600.0,2.7,9.3,14191000
2007-04-23,20400.0,0.1,10.3,14191000
2007-04-24,19500.0,0.8,11.5,14191000
2007-04-25,18800.0,0.2,10.4,14191000
2007-04-26,19200.0,0.0,10.3,14191000
2007-04-27,18500.0,0.0,13.2,14191000
2007-04-28,17700.0,0.0,13.7,14191000
2007-04-29,16700.0,0.0,12.2,14191000
2007-04-30,15900.0,0.0,10.8,14191000
2007-05-01,15400.0,0.5,10.7,14191000
2007-05-02,15300.0,2.9,11.0,14191000
2007-05-03,16100.0,2.5,8.0,14191000
2007-05-04,16200.0,4.7,8.5,14191000
2007-05-05,16200.0,1.2,8.5,14191000
2007-05-06,15600.0,0.0,11.6,14191000
2007-05-07,15500.0,0.0,15.0,14191000
2007-05-08,15100.0,0.0,17.7,14191000
2007-05-09,14900.0,0.0,12.3,14191000
2007-05-10,14900.0,0.0,12.3,14191000
2007-05-11,15000.0,0.0,12.3,14191000
2007-05-12,15100.0,0.7,12.2,14191000
2007-05-13,15300.0,0.0,9.9,14191000
2007-05-14,15100.0,0.0,12.7,14191000
2007-05-15,14900.0,0.0,17.3,14191000
2007-05-16,14900.0,0.0,13.7,14191000
2007-05-17,15100.0,0.0,13.9,14191000
2007-05-18,15200.0,0.0,14.8,14191000
2007-05-19,15500.0,1.1,13.8,14191000
2007-05-20,14900.0,3.9,11.2,14191000
2007-05-21,14900.0,2.7,10.4,14191000
2007-05-22,15600.0,0.0,11.1,14191000
2007-05-23,15400.0,0.0,13.5,14191000
2007-05-24,15000.0,1.6,15.7,14191000
2007-05-25,15400.0,0.0,17.9,14191000
2007-05-26,15300.0,0.0,17.2,14191000
2007-05-27,14600.0,0.0,14.9,14191000
2007-05-28,14000.0,0.0,11.8,14191000
2007-05-29,13800.0,0.0,17.2,14191000
2007-05-30,13600.0,0.0,20.5,14191000
2007-05-31,13300.0,0.0,20.2,14191000
2007-06-01,13100.0,0.0,20.5,14191000
2007-06-02,12500.0,0.0,21.2,14191000
2007-06-03,12200.0,0.0,21.5,14191000
2007-06-04,12100.0,1.5,18.8,14191000
2007-06-05,12000.0,2.1,14.8,14191000
2007-06-06,12300.0,0.4,12.2,14191000
2007-06-07,12800.0,0.0,13.2,14191000
2007-06-08,12500.0,0.0,14.8,14191000
2007-06-09,12100.0,3.1,14.4,14191000
2007-06-10,11600.0,2.0,14.0,14191000
2007-06-11,11400.0,0.0,13.2,14191000
2007-06-12,10900.0,0.0,14.5,14191000
2007-06-13,10100.0,0.0,16.7,14191000
2007-06-14,9290.0,0.0,14.8,14191000
2007-06-15,8640.0,0.0,17.5,14191000
2007-06-16,8630.0,0.0,16.4,14191000
2007-06-17,8560.0,0.0,14.2,14191000
2007-06-18,8450.0,0.0,15.4,14191000
2007-06-19,8440.0,0.0,18.1,14191000
2007-06-20,8370.0,0.0,20.1,14191000
2007-06-21,8300.0,0.0,17.8,14191000
2007-06-22,8340.0,0.0,16.7,14191000
2007-06-23,8260.0,0.0,15.6,14191000
2007-06-24,8280.0,2.1,14.1,14191000
2007-06-25,8370.0,0.3,14.1,14191000
2007-06-26,8240.0,0.0,18.7,14191000
2007-06-27,7920.0,0.0,18.1,14191000
2007-06-28,7730.0,3.5,18.0,14191000
2007-06-29,7620.0,1.6,16.1,14191000
2007-06-30,7400.0,0.0,16.5,14191000
2007-07-01,7190.0,0.0,17.9,14191000
2007-07-02,6840.0,0.0,18.1,14191000
2007-07-03,6550.0,0.0,20.8,14191000
2007-07-04,6440.0,0.0,23.2,14191000
2007-07-05,6410.0,0.0,24.0,14191000
2007-07-06,6300.0,0.0,21.9,14191000
2007-07-07,6210.0,0.0,20.7,14191000
2007-07-08,6260.0,0.0,20.2,14191000
2007-07-09,6300.0,0.0,22.3,14191000
2007-07-10,6220.0,0.0,27.3,14191000
2007-07-11,6130.0,0.0,28.3,14191000
2007-07-12,6050.0,0.0,23.4,14191000
2007-07-13,6040.0,1.6,22.2,14191000
2007-07-14,6140.0,0.0,23.2,14191000
2007-07-15,6180.0,0.0,21.3,14191000
2007-07-16,6190.0,0.0,20.2,14191000
2007-07-17,6110.0,1.5,20.2,14191000
2007-07-18,6170.0,9.0,18.1,14191000
2007-07-19,6350.0,0.4,18.5,14191000
2007-07-20,6380.0,2.7,17.4,14191000
2007-07-21,6270.0,2.4,17.7,14191000
2007-07-22,6250.0,1.2,20.9,14191000
2007-07-23,6210.0,0.0,20.8,14191000
2007-07-24,6070.0,0.2,19.0,14191000
2007-07-25,5990.0,0.0,19.9,14191000
2007-07-26,5910.0,0.0,20.6,14191000
2007-07-27,5930.0,0.0,20.3,14191000
2007-07-28,5870.0,0.0,20.6,14191000
2007-07-29,5860.0,0.0,19.8,14191000
2007-07-30,5880.0,0.0,18.3,14191000
2007-07-31,5910.0,0.0,20.8,14191000
2007-08-01,5850.0,0.0,23.9,14191000
2007-08-02,5770.0,0.0,24.6,14191000
2007-08-03,5840.0,0.0,20.8,14191000
2007-08-04,5910.0,0.0,19.5,14191000
2007-08-05,5980.0,0.0,19.5,14191000
2007-08-06,6120.0,0.0,18.8,14191000
2007-08-07,6020.0,0.0,18.2,14191000
2007-08-08,5970.0,0.0,18.3,14191000
2007-08-09,6000.0,0.0,18.4,14191000
2007-08-10,5960.0,0.0,17.9,14191000
2007-08-11,5920.0,0.0,18.9,14191000
2007-08-12,5990.0,0.7,17.1,14191000
2007-08-13,6060.0,0.0,18.1,14191000
2007-08-14,6070.0,0.0,22.4,14191000
2007-08-15,6110.0,0.0,22.4,14191000
2007-08-16,6160.0,0.3,19.4,14191000
2007-08-17,6220.0,0.0,18.9,14191000
2007-08-18,6290.0,0.0,17.7,14191000
2007-08-19,6510.0,11.8,17.0,14191000
2007-08-20,6640.0,5.8,18.1,14191000
2007-08-21,6850.0,0.5,18.8,14191000
2007-08-22,6830.0,0.0,18.4,14191000
2007-08-23,6610.0,0.0,19.1,14191000
2007-08-24,6620.0,0.0,20.7,14191000
2007-08-25,6380.0,0.0,19.9,14191000
2007-08-26,6490.0,0.0,18.7,14191000
2007-08-27,6480.0,0.0,17.4,14191000
2007-08-28,6410.0,0.0,19.6,14191000
2007-08-29,6420.0,0.0,22.9,14191000
2007-08-30,6440.0,0.0,24.0,14191000
2007-08-31,6420.0,0.0,21.9,14191000
2007-09-01,6420.0,0.0,19.8,14191000
2007-09-02,6450.0,0.0,20.1,14191000
2007-09-03,6510.0,0.0,20.9,14191000
2007-09-04,6670.0,4.8,20.2,14191000
2007-09-05,6770.0,0.0,19.5,14191000
2007-09-06,6720.0,0.0,19.3,14191000
2007-09-07,6580.0,0.0,17.3,14191000
2007-09-08,6560.0,0.0,19.4,14191000
2007-09-09,6520.0,0.0,21.9,14191000
2007-09-10,6470.0,0.0,22.6,14191000
2007-09-11,6420.0,0.0,22.4,14191000
2007-09-12,6360.0,0.0,19.9,14191000
2007-09-13,6370.0,0.0,18.4,14191000
2007-09-14,6430.0,0.0,16.8,14191000
2007-09-15,6480.0,0.0,17.3,14191000
2007-09-16,6600.0,0.0,15.8,14191000
2007-09-17,6770.0,2.0,15.6,14191000
2007-09-18,6860.0,0.0,14.1,14191000
2007-09-19,6770.0,0.4,14.3,14191000
2007-09-20,6670.0,0.0,15.4,14191000
2007-09-21,6960.0,0.0,16.7,14191000
2007-09-22,7010.0,0.1,16.5,14191000
2007-09-23,6990.0,0.0,13.4,14191000
2007-09-24,6960.0,0.0,13.4,14191000
2007-09-25,6980.0,0.0,14.3,14191000
2007-09-26,7040.0,0.0,14.9,14191000
2007-09-27,7070.0,0.0,17.3,14191000
2007-09-28,7460.0,14.9,13.8,14191000
2007-09-29,8440.0,0.1,11.0,14191000
2007-09-30,8860.0,17.6,12.1,14191000
2007-10-01,8880.0,8.3,12.2,14191000
2007-10-02,9000.0,0.6,13.2,14191000
2007-10-03,8600.0,5.2,11.8,14191000
2007-10-04,9200.0,6.7,9.7,14191000
2007-10-05,9700.0,2.5,9.1,14191000
2007-10-06,9380.0,0.0,9.3,14191000
2007-10-07,8990.0,0.0,13.7,14191000
2007-10-08,8820.0,5.4,12.0,14191000
2007-10-09,8710.0,0.2,13.0,14191000
2007-10-10,8680.0,11.1,12.7,14191000
2007-10-11,8720.0,0.1,10.5,14191000
2007-10-12,8840.0,0.0,12.8,14191000
2007-10-13,8780.0,0.0,12.2,14191000
2007-10-14,8490.0,0.0,12.7,14191000
2007-10-15,8320.0,0.9,12.6,14191000
2007-10-16,8280.0,6.7,10.2,14191000
2007-10-17,8630.0,5.5,9.9,14191000
2007-10-18,9270.0,6.8,10.7,14191000
2007-10-19,12700.0,15.2,12.9,14191000
2007-10-20,23400.0,11.2,8.7,14191000
2007-10-21,27200.0,2.2,9.8,14191000
2007-10-22,24700.0,0.0,12.7,14191000
2007-10-23,20000.0,0.0,14.3,14191000
2007-10-24,16900.0,1.5,13.0,14191000
2007-10-25,15800.0,0.0,8.3,14191000
2007-10-26,15200.0,0.0,8.5,14191000
2007-10-27,13800.0,0.0,9.1,14191000
2007-10-28,13400.0,0.0,10.6,14191000
2007-10-29,13500.0,0.0,9.9,14191000
2007-10-30,12900.0,0.0,9.3,14191000
2007-10-31,11900.0,0.0,8.5,14191000
2007-11-01,10900.0,0.0,8.7,14191000
2007-11-02,10400.0,0.0,6.4,14191000
2007-11-03,10300.0,0.0,7.3,14191000
2007-11-04,10400.0,0.0,10.2,14191000
2007-11-05,10400.0,0.0,10.3,14191000
2007-11-06,10400.0,0.0,10.5,14191000
2007-11-07,10300.0,0.0,9.4,14191000
2007-11-08,10000.0,0.0,10.1,14191000
2007-11-09,9860.0,0.9,10.5,14191000
2007-11-10,9990.0,11.4,11.3,14191000
2007-11-11,10800.0,0.6,8.3,14191000
2007-11-12,11500.0,6.8,10.1,14191000
2007-11-13,13300.0,1.4,7.1,14191000
2007-11-14,15700.0,0.0,5.7,14191000
2007-11-15,16200.0,3.1,11.8,14191000
2007-11-16,16600.0,15.5,11.8,14191000
2007-11-17,23200.0,18.9,12.1,14191000
2007-11-18,38000.0,10.4,8.0,14191000
2007-11-19,51400.0,10.3,6.3,14191000
2007-11-20,55800.0,1.3,5.2,14191000
2007-11-21,50100.0,0.0,4.0,14191000
2007-11-22,43800.0,0.0,3.3,14191000
2007-11-23,39300.0,0.0,1.9,14191000
2007-11-24,35300.0,0.0,3.0,14191000
2007-11-25,31200.0,0.0,3.4,14191000
2007-11-26,29100.0,0.0,2.2,14191000
2007-11-27,27900.0,11.9,4.1,14191000
2007-11-28,26900.0,1.8,2.1,14191000
2007-11-29,25800.0,6.4,5.3,14191000
2007-11-30,25700.0,2.0,2.9,14191000
2007-12-01,24700.0,0.9,1.9,14191000
2007-12-02,25000.0,32.8,5.2,14191000
2007-12-03,37600.0,48.0,10.6,14191000
2007-12-04,63000.0,6.0,12.9,14191000
2007-12-05,70000.0,0.9,9.3,14191000
2007-12-06,63000.0,8.8,8.3,14191000
2007-12-07,54600.0,2.0,6.1,14191000
2007-12-08,49000.0,2.2,3.0,14191000
2007-12-09,44400.0,0.1,1.3,14191000
2007-12-10,40300.0,0.0,3.0,14191000
2007-12-11,36700.0,0.0,1.0,14191000
2007-12-12,31600.0,0.0,2.8,14191000
2007-12-13,27500.0,0.0,2.2,14191000
2007-12-14,25100.0,0.0,2.5,14191000
2007-12-15,22800.0,5.3,5.4,14191000
2007-12-16,21600.0,1.4,5.2,14191000
2007-12-17,21100.0,11.4,5.6,14191000
2007-12-18,23400.0,14.8,5.7,14191000
2007-12-19,28900.0,13.1,6.7,14191000
2007-12-20,41900.0,17.6,5.7,14191000
2007-12-21,51700.0,0.0,2.1,14191000
2007-12-22,48000.0,5.0,3.1,14191000
2007-12-23,44000.0,7.3,7.7,14191000
2007-12-24,61900.0,18.6,5.9,14191000
2007-12-25,76300.0,2.6,1.5,14191000
2007-12-26,75300.0,7.6,2.2,14191000
2007-12-27,67200.0,7.5,1.2,14191000
2007-12-28,59600.0,6.9,4.4,14191000
2007-12-29,56000.0,5.6,5.2,14191000
2007-12-30,53800.0,4.6,4.4,14191000
2007-12-31,53200.0,0.2,1.1,14191000
2008-01-01,48200.0,0.0,1.6,14191000
2008-01-02,42000.0,11.3,2.8,14191000
2008-01-03,40800.0,15.1,5.0,14191000
2008-01-04,41000.0,8.9,6.8,14191000
2008-01-05,48800.0,7.6,5.7,14191000
2008-01-06,59400.0,2.6,3.0,14191000
2008-01-07,64000.0,3.2,1.9,14191000
2008-01-08,61800.0,24.7,3.8,14191000
2008-01-09,65900.0,4.0,4.0,14191000
2008-01-10,69600.0,14.5,7.2,14191000
2008-01-11,73200.0,8.9,8.4,14191000
2008-01-12,77300.0,5.7,7.7,14191000
2008-01-13,80500.0,0.0,5.5,14191000
2008-01-14,76700.0,3.0,4.5,14191000
2008-01-15,69500.0,4.0,1.7,14191000
2008-01-16,60800.0,0.0,1.5,14191000
2008-01-17,53000.0,0.0,0.4,14191000
2008-01-18,47400.0,0.0,1.4,14191000
2008-01-19,43100.0,0.5,1.6,14191000
2008-01-20,38500.0,2.9,2.9,14191000
2008-01-21,33500.0,0.0,0.5,14191000
2008-01-22,29700.0,0.0,-0.6,14191000
2008-01-23,26900.0,0.0,-1.0,14191000
2008-01-24,23700.0,0.0,-0.7,14191000
2008-01-25,21700.0,0.0,-0.2,14191000
2008-01-26,20800.0,6.7,0.9,14191000
2008-01-27,27400.0,22.8,2.4,14191000
2008-01-28,38300.0,1.0,0.7,14191000
2008-01-29,37500.0,18.9,2.6,14191000
2008-01-30,41200.0,6.6,2.1,14191000
2008-01-31,46100.0,21.1,4.9,14191000
2008-02-01,53600.0,9.0,4.2,14191000
2008-02-02,59600.0,18.4,2.5,14191000
2008-02-03,57900.0,4.4,3.5,14191000
2008-02-04,53500.0,0.8,2.1,14191000
2008-02-05,44000.0,4.3,4.7,14191000
2008-02-06,38900.0,1.7,4.2,14191000
2008-02-07,42000.0,15.3,6.2,14191000
2008-02-08,47500.0,8.9,5.5,14191000
2008-02-09,46400.0,0.9,8.3,14191000
2008-02-10,42300.0,0.8,9.1,14191000
2008-02-11,39000.0,0.0,7.4,14191000
2008-02-12,34400.0,0.0,7.5,14191000
2008-02-13,31000.0,1.3,5.8,14191000
2008-02-14,28800.0,0.0,3.4,14191000
2008-02-15,26200.0,0.0,4.5,14191000
2008-02-16,23800.0,0.0,5.7,14191000
2008-02-17,21900.0,0.0,4.9,14191000
2008-02-18,20600.0,0.0,5.6,14191000
2008-02-19,19800.0,0.0,4.6,14191000
2008-02-20,19700.0,0.7,7.2,14191000
2008-02-21,19300.0,0.0,5.9,14191000
2008-02-22,18700.0,0.7,7.7,14191000
2008-02-23,18000.0,0.0,6.2,14191000
2008-02-24,17200.0,1.3,8.0,14191000
2008-02-25,16200.0,0.6,8.6,14191000
2008-02-26,16600.0,0.0,7.4,14191000
2008-02-27,17500.0,0.1,8.2,14191000
2008-02-28,16900.0,0.0,8.5,14191000
2008-02-29,16200.0,0.8,9.9,14191000
2008-03-01,17700.0,14.1,6.7,14191000
2008-03-02,21700.0,0.0,4.7,14191000
2008-03-03,21000.0,1.7,4.7,14191000
2008-03-04,20300.0,0.1,5.8,14191000
2008-03-05,18800.0,0.0,4.6,14191000
2008-03-06,17000.0,0.0,6.2,14191000
2008-03-07,15700.0,0.0,6.2,14191000
2008-03-08,15700.0,4.7,8.5,14191000
2008-03-09,16800.0,0.0,7.8,14191000
2008-03-10,16800.0,0.2,10.9,14191000
2008-03-11,17400.0,3.5,8.7,14191000
2008-03-12,19600.0,0.0,6.6,14191000
2008-03-13,19700.0,10.1,7.7,14191000
2008-03-14,23500.0,15.3,6.4,14191000
2008-03-15,32700.0,4.5,5.8,14191000
2008-03-16,38800.0,1.3,5.3,14191000
2008-03-17,37400.0,1.6,6.0,14191000
2008-03-18,36500.0,5.7,9.2,14191000
2008-03-19,44800.0,0.0,6.6,14191000
2008-03-20,47500.0,1.6,6.4,14191000
2008-03-21,45500.0,9.4,4.8,14191000
2008-03-22,41700.0,0.0,5.8,14191000
2008-03-23,36000.0,8.9,8.4,14191000
2008-03-24,33300.0,1.0,4.9,14191000
2008-03-25,32100.0,0.5,5.3,14191000
2008-03-26,30600.0,12.5,5.4,14191000
2008-03-27,32500.0,2.3,3.4,14191000
2008-03-28,30500.0,8.8,3.9,14191000
2008-03-29,28700.0,2.1,3.1,14191000
2008-03-30,25900.0,0.5,2.8,14191000
2008-03-31,23500.0,1.0,3.2,14191000
2008-04-01,22700.0,0.0,4.1,14191000
2008-04-02,21300.0,0.0,5.4,14191000
2008-04-03,20900.0,0.0,7.0,14191000
2008-04-04,20500.0,5.5,7.5,14191000
2008-04-05,20800.0,6.5,5.6,14191000
2008-04-06,20700.0,7.7,6.9,14191000
2008-04-07,21000.0,7.9,5.6,14191000
2008-04-08,23200.0,3.0,5.8,14191000
2008-04-09,24300.0,3.2,6.9,14191000
2008-04-10,24400.0,1.4,7.7,14191000
2008-04-11,24500.0,0.0,8.0,14191000
2008-04-12,23800.0,0.0,12.7,14191000
2008-04-13,23000.0,0.0,13.3,14191000
2008-04-14,24400.0,2.0,8.5,14191000
2008-04-15,24400.0,0.5,5.0,14191000
2008-04-16,20900.0,0.0,7.3,14191000
2008-04-17,18800.0,0.0,7.8,14191000
2008-04-18,17600.0,1.0,7.3,14191000
2008-04-19,16900.0,1.3,4.3,14191000
2008-04-20,16100.0,0.9,4.0,14191000
2008-04-21,16400.0,1.7,4.8,14191000
2008-04-22,16200.0,16.2,6.3,14191000
2008-04-23,17800.0,11.8,7.5,14191000
2008-04-24,21500.0,4.7,7.3,14191000
2008-04-25,22300.0,0.0,7.1,14191000
2008-04-26,21200.0,0.0,10.3,14191000
2008-04-27,20500.0,0.0,13.5,14191000
2008-04-28,21300.0,0.5,12.9,14191000
2008-04-29,23500.0,6.3,9.1,14191000
2008-04-30,25800.0,2.2,6.4,14191000
2008-05-01,25400.0,0.8,7.2,14191000
2008-05-02,23800.0,0.0,11.1,14191000
2008-05-03,22600.0,0.0,10.7,14191000
2008-05-04,22300.0,0.0,10.3,14191000
2008-05-05,24100.0,0.0,13.7,14191000
2008-05-06,25300.0,0.1,11.4,14191000
2008-05-07,27300.0,0.0,9.3,14191000
2008-05-08,28400.0,0.0,7.8,14191000
2008-05-09,28200.0,0.0,8.3,14191000
2008-05-10,26600.0,0.0,10.8,14191000
2008-05-11,27400.0,0.5,9.8,14191000
2008-05-12,28100.0,0.0,8.7,14191000
2008-05-13,27500.0,1.2,10.9,14191000
2008-05-14,26900.0,0.6,13.4,14191000
2008-05-15,28200.0,0.0,17.3,14191000
2008-05-16,31600.0,0.0,21.0,14191000
2008-05-17,37200.0,0.0,23.4,14191000
2008-05-18,41500.0,0.0,20.2,14191000
2008-05-19,42900.0,0.0,20.5,14191000
2008-05-20,43600.0,4.9,16.5,14191000
2008-05-21,46400.0,0.5,10.9,14191000
2008-05-22,47500.0,0.0,9.9,14191000
2008-05-23,43200.0,2.9,10.3,14191000
2008-05-24,37400.0,0.0,13.2,14191000
2008-05-25,32700.0,0.3,14.5,14191000
2008-05-26,30600.0,5.1,14.5,14191000
2008-05-27,29500.0,0.3,13.9,14191000
2008-05-28,28200.0,0.4,14.5,14191000
2008-05-29,27700.0,0.4,12.5,14191000
2008-05-30,28900.0,0.0,12.4,14191000
2008-05-31,27900.0,0.0,14.8,14191000
2008-06-01,26500.0,0.0,12.7,14191000
2008-06-02,25200.0,0.0,12.7,14191000
2008-06-03,25200.0,17.0,12.5,14191000
2008-06-04,31300.0,0.5,11.4,14191000
2008-06-05,35900.0,1.8,11.3,14191000
2008-06-06,35200.0,5.9,9.9,14191000
2008-06-07,34400.0,1.2,10.5,14191000
2008-06-08,33700.0,0.0,11.8,14191000
2008-06-09,31700.0,0.6,13.6,14191000
2008-06-10,28800.0,3.4,9.9,14191000
2008-06-11,27900.0,0.0,10.7,14191000
2008-06-12,27700.0,0.0,12.3,14191000
2008-06-13,25700.0,0.0,15.8,14191000
2008-06-14,23700.0,0.0,14.0,14191000
2008-06-15,22700.0,0.0,14.1,14191000
2008-06-16,23300.0,0.0,15.5,14191000
2008-06-17,22000.0,0.0,13.7,14191000
2008-06-18,21700.0,0.0,13.2,14191000
2008-06-19,20800.0,0.0,16.0,14191000
2008-06-20,20300.0,0.0,18.9,14191000
2008-06-21,20700.0,0.0,21.4,14191000
2008-06-22,20800.0,0.0,16.9,14191000
2008-06-23,20700.0,0.0,15.8,14191000
2008-06-24,19600.0,0.0,16.0,14191000
2008-06-25,17200.0,0.0,18.4,14191000
2008-06-26,14800.0,0.0,16.3,14191000
2008-06-27,13900.0,0.0,19.9,14191000
2008-06-28,15000.0,0.0,25.9,14191000
2008-06-29,15900.0,0.0,26.1,14191000
2008-06-30,16100.0,0.0,22.4,14191000
2008-07-01,15900.0,0.0,20.8,14191000
2008-07-02,15700.0,0.0,22.4,14191000
2008-07-03,14600.0,0.0,21.2,14191000
2008-07-04,13500.0,0.1,19.6,14191000
2008-07-05,12800.0,0.0,18.9,14191000
2008-07-06,12300.0,0.0,18.6,14191000
2008-07-07,11800.0,0.0,19.8,14191000
2008-07-08,10800.0,0.0,22.8,14191000
2008-07-09,10100.0,0.0,25.7,14191000
2008-07-10,9850.0,0.0,22.1,14191000
2008-07-11,9410.0,0.0,20.0,14191000
2008-07-12,8990.0,0.0,24.7,14191000
2008-07-13,8420.0,0.0,26.2,14191000
2008-07-14,8030.0,0.0,25.8,14191000
2008-07-15,7760.0,0.0,25.9,14191000
2008-07-16,7490.0,0.0,22.1,14191000
2008-07-17,7580.0,0.0,20.4,14191000
2008-07-18,7440.0,0.0,18.9,14191000
2008-07-19,7270.0,0.0,18.2,14191000
2008-07-20,7350.0,0.0,19.9,14191000
2008-07-21,7390.0,0.0,21.6,14191000
2008-07-22,7220.0,0.0,18.3,14191000
2008-07-23,7190.0,0.0,16.0,14191000
2008-07-24,7240.0,0.0,18.4,14191000
2008-07-25,7120.0,0.0,20.2,14191000
2008-07-26,7130.0,0.0,19.8,14191000
2008-07-27,7250.0,0.0,18.8,14191000
2008-07-28,6990.0,0.0,19.1,14191000
2008-07-29,6680.0,0.0,17.4,14191000
2008-07-30,6780.0,1.2,16.3,14191000
2008-07-31,6940.0,0.0,18.9,14191000
2008-08-01,7090.0,1.2,18.3,14191000
2008-08-02,7070.0,0.0,17.1,14191000
2008-08-03,6860.0,0.0,17.6,14191000
2008-08-04,6820.0,0.0,20.5,14191000
2008-08-05,6680.0,0.0,24.2,14191000
2008-08-06,6590.0,0.0,23.6,14191000
2008-08-07,6580.0,0.0,22.0,14191000
2008-08-08,6630.0,0.0,19.6,14191000
2008-08-09,6750.0,0.5,18.7,14191000
2008-08-10,6750.0,0.0,17.9,14191000
2008-08-11,6770.0,0.0,20.4,14191000
2008-08-12,6720.0,0.0,22.0,14191000
2008-08-13,6540.0,0.0,22.2,14191000
2008-08-14,6520.0,0.0,26.3,14191000
2008-08-15,6490.0,0.0,28.8,14191000
2008-08-16,6450.0,0.0,28.5,14191000
2008-08-17,6540.0,0.0,27.2,14191000
2008-08-18,6730.0,0.9,21.1,14191000
2008-08-19,6830.0,0.1,18.9,14191000
2008-08-20,7190.0,14.2,17.1,14191000
2008-08-21,7790.0,4.1,16.2,14191000
2008-08-22,8410.0,0.0,17.3,14191000
2008-08-23,7870.0,0.0,20.2,14191000
2008-08-24,7450.0,0.2,21.1,14191000
2008-08-25,7550.0,11.6,17.4,14191000
2008-08-26,7540.0,0.0,15.9,14191000
2008-08-27,7520.0,0.1,17.0,14191000
2008-08-28,7470.0,0.0,17.7,14191000
2008-08-29,7510.0,0.0,20.9,14191000
2008-08-30,7330.0,0.0,17.2,14191000
2008-08-31,7200.0,0.5,14.2,14191000
2008-09-01,7310.0,0.2,13.7,14191000
2008-09-02,7930.0,0.0,15.2,14191000
2008-09-03,8000.0,0.0,16.4,14191000
2008-09-04,8060.0,0.0,17.5,14191000
2008-09-05,8150.0,0.0,19.0,14191000
2008-09-06,8270.0,0.0,19.9,14191000
2008-09-07,8360.0,0.0,21.6,14191000
2008-09-08,8490.0,0.0,22.7,14191000
2008-09-09,8860.0,0.0,20.7,14191000
2008-09-10,9060.0,0.0,17.6,14191000
2008-09-11,9340.0,0.0,21.0,14191000
2008-09-12,9430.0,0.0,21.6,14191000
2008-09-13,9470.0,0.0,18.9,14191000
2008-09-14,9340.0,0.0,21.3,14191000
2008-09-15,9110.0,0.0,22.7,14191000
2008-09-16,8930.0,0.0,23.4,14191000
2008-09-17,8810.0,0.0,21.2,14191000
2008-09-18,9030.0,0.0,17.4,14191000
2008-09-19,9140.0,0.0,17.3,14191000
2008-09-20,9060.0,0.0,16.4,14191000
2008-09-21,9030.0,0.7,15.6,14191000
2008-09-22,9240.0,0.5,14.5,14191000
2008-09-23,9430.0,0.0,13.4,14191000
2008-09-24,9400.0,0.1,16.4,14191000
2008-09-25,9630.0,1.7,15.9,14191000
2008-09-26,9680.0,0.0,14.5,14191000
2008-09-27,9690.0,0.0,14.7,14191000
2008-09-28,9770.0,0.0,16.9,14191000
2008-09-29,9760.0,0.0,19.0,14191000
2008-09-30,9700.0,0.0,19.4,14191000
2008-10-01,9690.0,0.0,19.1,14191000
2008-10-02,9750.0,6.8,17.5,14191000
2008-10-03,10500.0,8.1,14.7,14191000
2008-10-04,11900.0,19.6,14.7,14191000
2008-10-05,14100.0,1.3,12.6,14191000
2008-10-06,14700.0,1.6,15.3,14191000
2008-10-07,14100.0,7.3,14.4,14191000
2008-10-08,14900.0,0.0,10.4,14191000
2008-10-09,14600.0,4.3,8.6,14191000
2008-10-10,14400.0,0.2,7.6,14191000
2008-10-11,13900.0,0.0,7.6,14191000
2008-10-12,12500.0,0.0,9.2,14191000
2008-10-13,11400.0,0.0,11.3,14191000
2008-10-14,11100.0,0.0,12.5,14191000
2008-10-15,11600.0,0.0,8.7,14191000
2008-10-16,12600.0,0.0,13.2,14191000
2008-10-17,13100.0,0.0,12.5,14191000
2008-10-18,13500.0,0.0,13.4,14191000
2008-10-19,13300.0,0.0,9.5,14191000
2008-10-20,12900.0,5.7,10.5,14191000
2008-10-21,13200.0,0.0,8.4,14191000
2008-10-22,13500.0,0.0,9.4,14191000
2008-10-23,13200.0,0.0,10.3,14191000
2008-10-24,12700.0,0.0,8.6,14191000
2008-10-25,11900.0,0.0,10.2,14191000
2008-10-26,11700.0,0.0,12.4,14191000
2008-10-27,11900.0,0.0,13.2,14191000
2008-10-28,11700.0,0.0,11.7,14191000
2008-10-29,11200.0,0.0,11.6,14191000
2008-10-30,11100.0,0.5,11.4,14191000
2008-10-31,11600.0,5.9,12.9,14191000
2008-11-01,12200.0,2.5,13.4,14191000
2008-11-02,12400.0,8.8,12.3,14191000
2008-11-03,12900.0,17.4,9.9,14191000
2008-11-04,14300.0,25.7,8.2,14191000
2008-11-05,18200.0,8.3,6.7,14191000
2008-11-06,21000.0,12.0,11.3,14191000
2008-11-07,25900.0,0.0,14.4,14191000
2008-11-08,26100.0,11.4,12.8,14191000
2008-11-09,25200.0,2.1,10.3,14191000
2008-11-10,25500.0,1.4,9.8,14191000
2008-11-11,25800.0,12.6,9.8,14191000
2008-11-12,33200.0,8.1,13.5,14191000
2008-11-13,48400.0,13.1,12.3,14191000
2008-11-14,51800.0,0.0,7.0,14191000
2008-11-15,41400.0,0.0,8.3,14191000
2008-11-16,35200.0,0.0,10.4,14191000
2008-11-17,30700.0,0.0,10.5,14191000
2008-11-18,27900.0,0.0,9.0,14191000
2008-11-19,25200.0,0.0,9.0,14191000
2008-11-20,23000.0,7.3,7.8,14191000
2008-11-21,22300.0,0.0,6.6,14191000
2008-11-22,22300.0,2.7,7.4,14191000
2008-11-23,21700.0,0.0,5.1,14191000
2008-11-24,20400.0,0.0,5.6,14191000
2008-11-25,19300.0,2.4,4.9,14191000
2008-11-26,17800.0,0.2,5.6,14191000
2008-11-27,15600.0,0.0,5.2,14191000
2008-11-28,13800.0,0.4,8.3,14191000
2008-11-29,12400.0,0.0,10.6,14191000
2008-11-30,11200.0,0.0,10.1,14191000
2008-12-01,10700.0,0.0,9.1,14191000
2008-12-02,10600.0,7.6,10.9,14191000
2008-12-03,12000.0,0.0,8.7,14191000
2008-12-04,13000.0,0.0,6.3,14191000
2008-12-05,13100.0,0.0,4.4,14191000
2008-12-06,11700.0,0.0,4.0,14191000
2008-12-07,9690.0,0.4,5.3,14191000
2008-12-08,9080.0,0.6,6.1,14191000
2008-12-09,8920.0,0.0,4.1,14191000
2008-12-10,8680.0,0.0,4.8,14191000
2008-12-11,8470.0,0.0,7.3,14191000
2008-12-12,8360.0,8.9,3.8,14191000
2008-12-13,8880.0,4.0,3.4,14191000
2008-12-14,9880.0,3.6,1.7,14191000
2008-12-15,10300.0,2.6,-2.5,14191000
2008-12-16,11000.0,0.0,-3.6,14191000
2008-12-17,11100.0,3.1,-1.9,14191000
2008-12-18,11400.0,10.2,2.0,14191000
2008-12-19,12300.0,0.2,-0.5,14191000
2008-12-20,12300.0,9.5,0.8,14191000
2008-12-21,13800.0,26.3,3.8,14191000
2008-12-22,21400.0,14.9,2.7,14191000
2008-12-23,26100.0,0.1,1.0,14191000
2008-12-24,23700.0,6.6,2.0,14191000
2008-12-25,24100.0,11.6,2.4,14191000
2008-12-26,24700.0,2.7,0.0,14191000
2008-12-27,23400.0,13.9,6.0,14191000
2008-12-28,38900.0,10.9,9.6,14191000
2008-12-29,67000.0,12.5,7.1,14191000
2008-12-30,82800.0,0.1,4.6,14191000
2008-12-31,83900.0,7.6,6.1,14191000
2009-01-01,81100.0,34.9,6.9,14191000
2009-01-02,95500.0,53.6,6.2,14191000
2009-01-03,109000.0,1.4,1.3,14191000
2009-01-04,101000.0,0.0,1.0,14191000
2009-01-05,90900.0,14.9,6.1,14191000
2009-01-06,89000.0,4.8,8.5,14191000
2009-01-07,89500.0,4.6,10.2,14191000
2009-01-08,92100.0,16.1,9.6,14191000
2009-01-09,90900.0,0.0,4.3,14191000
2009-01-10,86800.0,0.0,3.1,14191000
2009-01-11,82700.0,0.4,6.2,14191000
2009-01-12,79200.0,0.1,8.7,14191000
2009-01-13,71900.0,0.0,8.0,14191000
2009-01-14,63400.0,0.0,6.3,14191000
2009-01-15,56400.0,0.0,5.8,14191000
2009-01-16,51900.0,0.0,4.2,14191000
2009-01-17,47500.0,0.0,2.5,14191000
2009-01-18,42400.0,0.0,2.4,14191000
2009-01-19,38000.0,0.0,2.5,14191000
2009-01-20,35000.0,0.0,2.4,14191000
2009-01-21,32400.0,0.0,1.7,14191000
2009-01-22,30200.0,0.0,2.9,14191000
2009-01-23,27400.0,0.0,3.1,14191000
2009-01-24,23900.0,0.0,2.7,14191000
2009-01-25,22800.0,6.6,3.2,14191000
2009-01-26,22100.0,0.0,0.1,14191000
2009-01-27,21300.0,2.9,0.4,14191000
2009-01-28,20800.0,1.0,4.3,14191000
2009-01-29,20500.0,0.0,3.1,14191000
2009-01-30,19800.0,0.0,3.2,14191000
2009-01-31,18700.0,0.4,3.7,14191000
2009-02-01,18000.0,0.0,1.4,14191000
2009-02-02,17400.0,0.0,3.3,14191000
2009-02-03,16900.0,0.0,4.2,14191000
2009-02-04,16000.0,0.0,5.5,14191000
2009-02-05,14400.0,0.0,3.9,14191000
2009-02-06,13300.0,5.3,4.5,14191000
2009-02-07,13200.0,0.1,4.9,14191000
2009-02-08,12300.0,0.0,3.6,14191000
2009-02-09,11700.0,4.0,1.9,14191000
2009-02-10,11400.0,5.0,1.4,14191000
2009-02-11,11300.0,4.5,3.0,14191000
2009-02-12,11400.0,0.0,2.2,14191000
2009-02-13,11800.0,5.1,2.9,14191000
2009-02-14,11600.0,0.6,2.3,14191000
2009-02-15,11200.0,2.4,3.9,14191000
2009-02-16,11000.0,0.0,4.3,14191000
2009-02-17,10800.0,1.9,6.8,14191000
2009-02-18,10900.0,0.0,5.2,14191000
2009-02-19,10700.0,0.0,5.3,14191000
2009-02-20,10500.0,0.0,6.5,14191000
2009-02-21,10200.0,0.1,5.3,14191000
2009-02-22,10100.0,2.0,7.7,14191000
2009-02-23,10800.0,8.5,8.3,14191000
2009-02-24,16700.0,13.9,8.2,14191000
2009-02-25,31000.0,11.9,7.9,14191000
2009-02-26,42900.0,7.6,4.0,14191000
2009-02-27,43900.0,0.3,2.2,14191000
2009-02-28,33000.0,0.3,3.5,14191000
2009-03-01,26300.0,0.3,8.0,14191000
2009-03-02,25300.0,7.6,9.6,14191000
2009-03-03,27400.0,3.1,8.0,14191000
2009-03-04,26100.0,1.2,5.3,14191000
2009-03-05,23700.0,6.2,5.2,14191000
2009-03-06,23300.0,0.8,3.6,14191000
2009-03-07,22900.0,1.5,4.1,14191000
2009-03-08,21400.0,0.3,3.6,14191000
2009-03-09,20200.0,1.5,2.2,14191000
2009-03-10,18600.0,1.0,2.5,14191000
2009-03-11,16900.0,0.0,2.4,14191000
2009-03-12,15500.0,0.0,3.7,14191000
2009-03-13,14800.0,0.0,5.7,14191000
2009-03-14,14300.0,9.3,6.2,14191000
2009-03-15,16900.0,32.7,7.1,14191000
2009-03-16,28900.0,3.9,6.0,14191000
2009-03-17,37200.0,6.0,6.4,14191000
2009-03-18,34000.0,0.0,6.8,14191000
2009-03-19,30200.0,0.0,8.1,14191000
2009-03-20,27200.0,2.5,10.2,14191000
2009-03-21,25600.0,0.2,7.2,14191000
2009-03-22,24500.0,3.2,5.9,14191000
2009-03-23,25200.0,1.2,4.0,14191000
2009-03-24,24200.0,2.9,7.1,14191000
2009-03-25,23500.0,6.0,7.4,14191000
2009-03-26,25500.0,0.0,6.3,14191000
2009-03-27,27000.0,0.0,6.7,14191000
2009-03-28,25500.0,8.6,7.9,14191000
2009-03-29,28500.0,5.5,5.5,14191000
2009-03-30,29800.0,0.0,4.7,14191000
2009-03-31,28300.0,2.4,7.1,14191000
2009-04-01,26500.0,3.0,5.1,14191000
2009-04-02,25000.0,10.0,8.1,14191000
2009-04-03,28700.0,2.6,5.3,14191000
2009-04-04,29500.0,0.0,5.1,14191000
2009-04-05,26800.0,0.0,9.3,14191000
2009-04-06,25200.0,0.0,11.7,14191000
2009-04-07,24100.0,0.0,13.3,14191000
2009-04-08,23600.0,0.4,11.8,14191000
2009-04-09,23500.0,3.6,9.1,14191000
2009-04-10,24100.0,1.4,8.0,14191000
2009-04-11,24100.0,0.0,8.5,14191000
2009-04-12,22500.0,8.1,10.0,14191000
2009-04-13,23600.0,11.3,7.3,14191000
2009-04-14,26200.0,1.5,4.5,14191000
2009-04-15,24500.0,0.0,6.4,14191000
2009-04-16,22200.0,0.0,8.1,14191000
2009-04-17,20700.0,4.8,11.1,14191000
2009-04-18,20400.0,0.0,9.4,14191000
2009-04-19,20400.0,0.0,12.6,14191000
2009-04-20,20200.0,0.0,15.2,14191000
2009-04-21,20400.0,0.0,16.0,14191000
2009-04-22,20700.0,0.0,13.8,14191000
2009-04-23,20500.0,0.5,8.0,14191000
2009-04-24,19400.0,0.3,7.5,14191000
2009-04-25,19300.0,0.0,7.7,14191000
2009-04-26,19200.0,0.1,7.3,14191000
2009-04-27,18500.0,0.0,8.0,14191000
2009-04-28,17900.0,4.1,8.5,14191000
2009-04-29,18100.0,1.9,8.0,14191000
2009-04-30,17400.0,0.0,9.3,14191000
2009-05-01,15700.0,0.0,12.1,14191000
2009-05-02,16000.0,11.6,14.4,14191000
2009-05-03,17600.0,0.7,11.1,14191000
2009-05-04,18600.0,8.9,10.1,14191000
2009-05-05,24600.0,13.9,11.5,14191000
2009-05-06,41300.0,9.7,11.4,14191000
2009-05-07,50600.0,2.4,10.2,14191000
2009-05-08,50000.0,0.7,9.3,14191000
2009-05-09,43100.0,0.0,10.9,14191000
2009-05-10,35600.0,0.4,12.7,14191000
2009-05-11,30100.0,0.8,13.1,14191000
2009-05-12,26200.0,2.4,9.6,14191000
2009-05-13,26400.0,3.0,8.8,14191000
2009-05-14,29000.0,10.6,11.5,14191000
2009-05-15,32200.0,0.0,11.2,14191000
2009-05-16,30200.0,0.0,14.9,14191000
2009-05-17,27500.0,0.0,17.3,14191000
2009-05-18,26200.0,0.0,17.4,14191000
2009-05-19,26300.0,3.4,12.1,14191000
2009-05-20,26800.0,0.0,10.8,14191000
2009-05-21,25500.0,0.0,12.9,14191000
2009-05-22,22500.0,0.0,14.2,14191000
2009-05-23,21600.0,0.0,14.6,14191000
2009-05-24,19800.0,0.0,14.1,14191000
2009-05-25,18600.0,0.0,13.9,14191000
2009-05-26,18800.0,0.0,15.6,14191000
2009-05-27,18100.0,0.0,15.9,14191000
2009-05-28,17700.0,0.0,18.0,14191000
2009-05-29,16200.0,0.0,21.5,14191000
2009-05-30,15400.0,0.0,21.5,14191000
2009-05-31,16100.0,0.0,20.9,14191000
2009-06-01,16200.0,0.0,19.9,14191000
2009-06-02,15800.0,0.0,20.5,14191000
2009-06-03,15900.0,0.2,20.6,14191000
2009-06-04,16300.0,0.5,21.6,14191000
2009-06-05,17800.0,15.7,16.1,14191000
2009-06-06,17500.0,1.9,14.6,14191000
2009-06-07,15700.0,0.0,15.0,14191000
2009-06-08,14000.0,0.0,14.7,14191000
2009-06-09,12800.0,0.0,16.8,14191000
2009-06-10,13800.0,0.0,16.0,14191000
2009-06-11,13800.0,0.0,17.2,14191000
2009-06-12,13800.0,0.0,17.0,14191000
2009-06-13,13900.0,2.0,17.7,14191000
2009-06-14,13400.0,0.4,16.9,14191000
2009-06-15,12100.0,0.0,17.4,14191000
2009-06-16,10500.0,0.0,18.6,14191000
2009-06-17,10000.0,0.1,17.6,14191000
2009-06-18,9730.0,0.0,17.8,14191000
2009-06-19,9590.0,1.8,17.4,14191000
2009-06-20,9530.0,0.3,14.5,14191000
2009-06-21,9560.0,0.6,13.9,14191000
2009-06-22,9610.0,0.0,13.9,14191000
2009-06-23,9470.0,0.0,16.8,14191000
2009-06-24,9080.0,0.0,19.1,14191000
2009-06-25,9080.0,0.0,16.6,14191000
2009-06-26,9050.0,0.0,16.3,14191000
2009-06-27,8750.0,0.0,18.3,14191000
2009-06-28,8460.0,0.0,19.4,14191000
2009-06-29,8330.0,0.0,17.8,14191000
2009-06-30,8140.0,0.0,18.0,14191000
2009-07-01,7960.0,0.0,20.4,14191000
2009-07-02,7530.0,0.0,23.6,14191000
2009-07-03,7420.0,0.0,24.8,14191000
2009-07-04,7500.0,0.0,23.3,14191000
2009-07-05,7430.0,0.0,23.0,14191000
2009-07-06,7420.0,0.0,17.2,14191000
2009-07-07,7370.0,0.0,16.6,14191000
2009-07-08,7360.0,0.0,15.8,14191000
2009-07-09,7020.0,0.0,16.9,14191000
2009-07-10,7100.0,0.0,20.8,14191000
2009-07-11,7190.0,0.0,21.2,14191000
2009-07-12,7080.0,0.8,17.9,14191000
2009-07-13,7570.0,2.9,16.2,14191000
2009-07-14,7520.0,0.0,18.0,14191000
2009-07-15,7390.0,0.0,21.4,14191000
2009-07-16,7190.0,0.0,23.8,14191000
2009-07-17,6870.0,0.0,25.7,14191000
2009-07-18,6680.0,0.0,24.2,14191000
2009-07-19,6650.0,0.0,21.2,14191000
2009-07-20,6660.0,0.0,23.4,14191000
2009-07-21,6590.0,0.0,24.1,14191000
2009-07-22,6430.0,0.0,21.5,14191000
2009-07-23,6410.0,0.0,20.0,14191000
2009-07-24,6510.0,0.0,20.6,14191000
2009-07-25,6450.0,0.0,24.2,14191000
2009-07-26,6470.0,0.0,24.7,14191000
2009-07-27,6490.0,0.0,28.4,14191000
2009-07-28,6270.0,0.0,31.7,14191000
2009-07-29,6200.0,0.0,31.8,14191000
2009-07-30,6230.0,0.0,27.6,14191000
2009-07-31,6210.0,0.0,24.0,14191000
2009-08-01,6300.0,0.0,25.5,14191000
2009-08-02,6520.0,0.0,26.6,14191000
2009-08-03,6580.0,0.0,23.4,14191000
2009-08-04,6540.0,0.0,21.8,14191000
2009-08-05,6730.0,0.0,20.2,14191000
2009-08-06,6800.0,0.0,18.6,14191000
2009-08-07,6910.0,0.3,17.8,14191000
2009-08-08,7170.0,0.0,18.1,14191000
2009-08-09,7340.0,0.0,20.2,14191000
2009-08-10,7310.0,0.0,20.0,14191000
2009-08-11,7210.0,0.0,22.1,14191000
2009-08-12,7150.0,2.6,21.4,14191000
2009-08-13,7070.0,0.3,18.8,14191000
2009-08-14,7030.0,0.0,17.0,14191000
2009-08-15,6850.0,0.0,16.6,14191000
2009-08-16,6840.0,0.0,17.5,14191000
2009-08-17,6930.0,0.0,22.0,14191000
2009-08-18,6880.0,0.0,25.5,14191000
2009-08-19,6740.0,0.0,26.9,14191000
2009-08-20,6600.0,0.0,23.9,14191000
2009-08-21,6660.0,0.0,19.5,14191000
2009-08-22,6700.0,0.0,20.5,14191000
2009-08-23,6690.0,0.0,18.4,14191000
2009-08-24,6730.0,0.0,18.3,14191000
2009-08-25,6720.0,0.0,17.6,14191000
2009-08-26,7260.0,0.0,18.7,14191000
2009-08-27,7660.0,0.0,22.4,14191000
2009-08-28,7430.0,0.2,21.3,14191000
2009-08-29,7460.0,4.8,17.8,14191000
2009-08-30,7520.0,0.0,20.0,14191000
2009-08-31,7530.0,0.0,21.1,14191000
2009-09-01,7580.0,0.0,19.8,14191000
2009-09-02,7640.0,0.0,19.1,14191000
2009-09-03,8040.0,1.6,19.2,14191000
2009-09-04,7990.0,0.0,18.9,14191000
2009-09-05,8310.0,8.2,17.3,14191000
2009-09-06,8720.0,9.8,15.3,14191000
2009-09-07,9220.0,0.3,15.7,14191000
2009-09-08,9390.0,0.0,15.2,14191000
2009-09-09,9250.0,0.0,17.9,14191000
2009-09-10,8990.0,0.0,19.4,14191000
2009-09-11,8750.0,0.0,21.9,14191000
2009-09-12,8790.0,0.0,22.2,14191000
2009-09-13,8760.0,0.0,20.7,14191000
2009-09-14,9070.0,0.0,18.7,14191000
2009-09-15,8860.0,0.0,20.0,14191000
2009-09-16,9000.0,0.0,19.7,14191000
2009-09-17,8930.0,0.0,17.0,14191000
2009-09-18,8520.0,0.0,18.3,14191000
2009-09-19,8180.0,3.9,18.0,14191000
2009-09-20,7980.0,0.0,15.4,14191000
2009-09-21,7700.0,0.0,18.0,14191000
2009-09-22,7690.0,0.0,21.3,14191000
2009-09-23,7910.0,0.0,21.6,14191000
2009-09-24,7800.0,0.0,18.6,14191000
2009-09-25,8050.0,0.0,17.8,14191000
2009-09-26,8280.0,0.0,17.7,14191000
2009-09-27,8430.0,0.0,16.9,14191000
2009-09-28,8430.0,0.1,16.1,14191000
2009-09-29,8540.0,1.4,12.0,14191000
2009-09-30,9020.0,0.0,11.3,14191000
2009-10-01,9790.0,0.0,13.5,14191000
2009-10-02,10200.0,0.8,14.0,14191000
2009-10-03,10300.0,1.1,10.5,14191000
2009-10-04,10400.0,2.0,11.1,14191000
2009-10-05,9960.0,0.0,11.4,14191000
2009-10-06,9520.0,0.0,12.1,14191000
2009-10-07,10200.0,0.0,13.0,14191000
2009-10-08,10800.0,0.0,12.0,14191000
2009-10-09,11000.0,0.0,13.5,14191000
2009-10-10,10700.0,0.0,11.8,14191000
2009-10-11,10200.0,0.0,10.0,14191000
2009-10-12,9470.0,0.0,9.4,14191000
2009-10-13,9140.0,2.8,11.1,14191000
2009-10-14,9860.0,16.0,14.0,14191000
2009-10-15,11100.0,1.5,13.8,14191000
2009-10-16,11800.0,0.0,15.2,14191000
2009-10-17,11600.0,5.9,16.5,14191000
2009-10-18,11200.0,0.5,14.9,14191000
2009-10-19,10600.0,0.3,12.9,14191000
2009-10-20,10500.0,0.0,11.8,14191000
2009-10-21,10900.0,9.7,13.2,14191000
2009-10-22,11800.0,0.1,12.3,14191000
2009-10-23,12400.0,9.7,13.1,14191000
2009-10-24,12500.0,0.2,11.1,14191000
2009-10-25,12300.0,0.0,9.5,14191000
2009-10-26,11500.0,20.0,12.5,14191000
2009-10-27,12000.0,1.4,8.0,14191000
2009-10-28,12900.0,0.3,6.6,14191000
2009-10-29,13100.0,4.0,8.4,14191000
2009-10-30,14500.0,2.8,12.8,14191000
2009-10-31,15900.0,8.8,13.4,14191000
2009-11-01,16600.0,0.0,9.4,14191000
2009-11-02,16100.0,0.0,8.2,14191000
2009-11-03,15200.0,0.0,8.5,14191000
2009-11-04,14700.0,0.0,8.9,14191000
2009-11-05,14400.0,1.2,10.5,14191000
2009-11-06,14700.0,15.5,10.5,14191000
2009-11-07,17500.0,8.6,8.8,14191000
2009-11-08,22200.0,7.3,9.0,14191000
2009-11-09,24600.0,2.0,8.5,14191000
2009-11-10,23100.0,1.3,8.8,14191000
2009-11-11,22300.0,6.3,8.6,14191000
2009-11-12,23000.0,6.3,6.2,14191000
2009-11-13,23200.0,5.1,6.0,14191000
2009-11-14,22300.0,0.3,4.2,14191000
2009-11-15,20800.0,0.3,7.9,14191000
2009-11-16,19500.0,0.0,11.3,14191000
2009-11-17,20200.0,24.6,10.6,14191000
2009-11-18,27300.0,3.5,6.4,14191000
2009-11-19,30000.0,8.1,9.7,14191000
2009-11-20,28900.0,22.1,9.8,14191000
2009-11-21,29200.0,4.2,5.2,14191000
2009-11-22,31100.0,20.1,7.0,14191000
2009-11-23,35200.0,0.2,6.4,14191000
2009-11-24,33200.0,0.0,8.8,14191000
2009-11-25,28300.0,0.0,7.9,14191000
2009-11-26,25500.0,14.1,7.8,14191000
2009-11-27,28500.0,16.7,9.0,14191000
2009-11-28,36600.0,0.0,5.2,14191000
2009-11-29,35800.0,0.0,6.0,14191000
2009-11-30,31800.0,0.0,5.2,14191000
2009-12-01,27600.0,0.0,6.8,14191000
2009-12-02,23500.0,0.0,3.8,14191000
2009-12-03,18900.0,0.0,1.9,14191000
2009-12-04,15900.0,0.0,1.8,14191000
2009-12-05,14100.0,0.0,0.9,14191000
2009-12-06,12900.0,0.0,0.2,14191000
2009-12-07,12200.0,0.0,-1.9,14191000
2009-12-08,11600.0,0.0,-4.3,14191000
2009-12-09,11400.0,0.0,-4.8,14191000
2009-12-10,12900.0,0.0,-3.8,14191000
2009-12-11,12300.0,0.0,-2.4,14191000
2009-12-12,11700.0,5.3,0.9,14191000
2009-12-13,11200.0,3.6,1.2,14191000
2009-12-14,10200.0,2.9,3.3,14191000
2009-12-15,12400.0,29.1,6.7,14191000
2009-12-16,27700.0,7.7,9.1,14191000
2009-12-17,38500.0,5.3,8.8,14191000
2009-12-18,38400.0,0.0,6.9,14191000
2009-12-19,34300.0,2.6,9.3,14191000
2009-12-20,32100.0,4.3,8.7,14191000
2009-12-21,36200.0,16.2,9.1,14191000
2009-12-22,45100.0,1.4,3.0,14191000
2009-12-23,42900.0,0.0,1.3,14191000
2009-12-24,37600.0,0.0,1.1,14191000
2009-12-25,32400.0,0.0,1.2,14191000
2009-12-26,26900.0,0.0,0.4,14191000
2009-12-27,22300.0,0.0,1.0,14191000
2009-12-28,20000.0,0.0,1.5,14191000
2009-12-29,18500.0,1.9,0.7,14191000
2009-12-30,19000.0,3.7,3.9,14191000
2009-12-31,23900.0,21.5,3.8,14191000
2010-01-01,44400.0,11.8,9.9,14191000
2010-01-02,61300.0,4.3,8.2,14191000
2010-01-03,60600.0,0.0,5.6,14191000
2010-01-04,50200.0,6.7,6.2,14191000
2010-01-05,46800.0,4.4,10.3,14191000
2010-01-06,60000.0,16.7,10.1,14191000
2010-01-07,70700.0,0.0,5.3,14191000
2010-01-08,69100.0,1.7,6.0,14191000
2010-01-09,64200.0,6.3,8.3,14191000
2010-01-10,59800.0,0.0,7.4,14191000
2010-01-11,54000.0,0.0,8.6,14191000
2010-01-12,50100.0,15.9,9.4,14191000
2010-01-13,49900.0,9.0,8.6,14191000
2010-01-14,48100.0,0.0,8.2,14191000
2010-01-15,43100.0,10.7,9.1,14191000
2010-01-16,43100.0,14.0,8.8,14191000
2010-01-17,45600.0,4.8,9.2,14191000
2010-01-18,46600.0,5.0,9.8,14191000
2010-01-19,43600.0,2.7,9.1,14191000
2010-01-20,37800.0,1.8,6.1,14191000
2010-01-21,33500.0,2.4,6.7,14191000
2010-01-22,30400.0,9.9,5.8,14191000
2010-01-23,27100.0,1.5,5.3,14191000
2010-01-24,24900.0,8.9,6.3,14191000
2010-01-25,26600.0,6.7,8.3,14191000
2010-01-26,28400.0,0.7,7.5,14191000
2010-01-27,26200.0,0.0,4.8,14191000
2010-01-28,24100.0,0.0,5.4,14191000
2010-01-29,22300.0,0.0,7.2,14191000
2010-01-30,20700.0,1.5,6.9,14191000
2010-01-31,19700.0,1.5,7.5,14191000
2010-02-01,19200.0,6.0,5.3,14191000
2010-02-02,20300.0,2.5,7.7,14191000
2010-02-03,21400.0,1.6,7.4,14191000
2010-02-04,21800.0,2.1,7.6,14191000
2010-02-05,22000.0,3.8,9.3,14191000
2010-02-06,20900.0,1.1,7.8,14191000
2010-02-07,19300.0,3.7,7.5,14191000
2010-02-08,18400.0,0.0,5.8,14191000
2010-02-09,17000.0,0.0,5.4,14191000
2010-02-10,15800.0,4.0,4.3,14191000
2010-02-11,15400.0,2.1,9.1,14191000
2010-02-12,17500.0,17.4,9.6,14191000
2010-02-13,21400.0,1.8,9.5,14191000
2010-02-14,21200.0,8.8,9.9,14191000
2010-02-15,21100.0,0.3,7.2,14191000
2010-02-16,20900.0,4.4,11.1,14191000
2010-02-17,20900.0,0.0,7.8,14191000
2010-02-18,19300.0,0.0,7.6,14191000
2010-02-19,17700.0,0.0,6.7,14191000
2010-02-20,16400.0,0.0,6.1,14191000
2010-02-21,15300.0,0.0,5.0,14191000
2010-02-22,14400.0,0.0,4.7,14191000
2010-02-23,13800.0,2.4,5.8,14191000
2010-02-24,15100.0,13.3,7.7,14191000
2010-02-25,18000.0,1.3,8.5,14191000
2010-02-26,20100.0,20.6,9.5,14191000
2010-02-27,25100.0,4.5,9.6,14191000
2010-02-28,22900.0,0.3,8.9,14191000
2010-03-01,19400.0,0.0,9.4,14191000
2010-03-02,17300.0,0.6,9.6,14191000
2010-03-03,16300.0,0.6,6.5,14191000
2010-03-04,15400.0,0.0,6.7,14191000
2010-03-05,14900.0,0.0,7.8,14191000
2010-03-06,14000.0,0.0,8.2,14191000
2010-03-07,13200.0,0.0,7.8,14191000
2010-03-08,12800.0,3.7,6.9,14191000
2010-03-09,12600.0,0.0,3.5,14191000
2010-03-10,12200.0,3.3,4.8,14191000
2010-03-11,12100.0,8.4,7.2,14191000
2010-03-12,15200.0,41.7,7.7,14191000
2010-03-13,23600.0,6.0,4.9,14191000
2010-03-14,24000.0,0.1,5.9,14191000
2010-03-15,20500.0,0.0,9.7,14191000
2010-03-16,18300.0,0.5,9.6,14191000
2010-03-17,17000.0,0.5,7.5,14191000
2010-03-18,15900.0,0.0,7.0,14191000
2010-03-19,14800.0,0.0,8.2,14191000
2010-03-20,13900.0,0.0,10.2,14191000
2010-03-21,13200.0,3.8,11.5,14191000
2010-03-22,13500.0,3.9,8.0,14191000
2010-03-23,13800.0,0.2,7.4,14191000
2010-03-24,13200.0,0.0,10.0,14191000
2010-03-25,13300.0,10.9,9.1,14191000
2010-03-26,17600.0,15.1,7.6,14191000
2010-03-27,25400.0,0.0,8.6,14191000
2010-03-28,25200.0,9.1,11.0,14191000
2010-03-29,33200.0,31.5,9.1,14191000
2010-03-30,58500.0,9.3,5.8,14191000
2010-03-31,67600.0,2.4,5.6,14191000
2010-04-01,59800.0,0.6,5.1,14191000
2010-04-02,50900.0,20.2,6.4,14191000
2010-04-03,51700.0,6.4,5.1,14191000
2010-04-04,51600.0,6.1,6.2,14191000
2010-04-05,45800.0,3.9,6.0,14191000
2010-04-06,41800.0,7.8,6.5,14191000
2010-04-07,39100.0,0.0,7.6,14191000
2010-04-08,36300.0,8.5,7.7,14191000
2010-04-09,35700.0,0.0,5.4,14191000
2010-04-10,32600.0,0.0,8.2,14191000
2010-04-11,28300.0,3.4,10.6,14191000
2010-04-12,27200.0,4.8,11.4,14191000
2010-04-13,26300.0,0.0,10.4,14191000
2010-04-14,26500.0,0.0,8.2,14191000
2010-04-15,27500.0,8.5,9.4,14191000
2010-04-16,27300.0,0.0,11.1,14191000
2010-04-17,24500.0,0.1,12.2,14191000
2010-04-18,22100.0,0.0,12.9,14191000
2010-04-19,20700.0,0.8,13.8,14191000
2010-04-20,20100.0,5.2,10.7,14191000
2010-04-21,22400.0,3.4,8.5,14191000
2010-04-22,23300.0,0.0,8.8,14191000
2010-04-23,22100.0,0.0,9.8,14191000
2010-04-24,19600.0,1.0,10.1,14191000
2010-04-25,18400.0,0.0,9.3,14191000
2010-04-26,17100.0,2.1,11.5,14191000
2010-04-27,18600.0,26.5,9.8,14191000
2010-04-28,29700.0,6.6,7.6,14191000
2010-04-29,36500.0,4.2,7.4,14191000
2010-04-30,36300.0,1.1,8.1,14191000
2010-05-01,34200.0,0.1,10.0,14191000
2010-05-02,30100.0,0.1,9.3,14191000
2010-05-03,27800.0,6.2,10.5,14191000
2010-05-04,29800.0,1.1,7.0,14191000
2010-05-05,30100.0,5.9,6.5,14191000
2010-05-06,27900.0,0.1,7.0,14191000
2010-05-07,24600.0,0.0,10.7,14191000
2010-05-08,22000.0,0.0,12.0,14191000
2010-05-09,20200.0,0.3,12.4,14191000
2010-05-10,19300.0,6.2,10.4,14191000
2010-05-11,18300.0,0.3,9.9,14191000
2010-05-12,18400.0,0.0,10.9,14191000
2010-05-13,18800.0,0.0,12.1,14191000
2010-05-14,19000.0,0.0,14.8,14191000
2010-05-15,18300.0,0.0,15.0,14191000
2010-05-16,17700.0,0.3,15.5,14191000
2010-05-17,17000.0,5.0,15.4,14191000
2010-05-18,17600.0,3.6,13.4,14191000
2010-05-19,18000.0,6.5,12.6,14191000
2010-05-20,18600.0,5.1,9.4,14191000
2010-05-21,20400.0,11.3,8.6,14191000
2010-05-22,22100.0,8.6,7.5,14191000
2010-05-23,23200.0,2.5,8.9,14191000
2010-05-24,23600.0,0.0,9.9,14191000
2010-05-25,22700.0,10.0,12.1,14191000
2010-05-26,22300.0,6.8,11.6,14191000
2010-05-27,25200.0,0.2,11.8,14191000
2010-05-28,27200.0,1.4,11.3,14191000
2010-05-29,25700.0,0.8,11.2,14191000
2010-05-30,23300.0,0.6,13.9,14191000
2010-05-31,21200.0,8.7,14.4,14191000
2010-06-01,21400.0,0.9,13.5,14191000
2010-06-02,27400.0,19.2,13.7,14191000
2010-06-03,57100.0,1.2,11.1,14191000
2010-06-04,75200.0,22.7,12.5,14191000
2010-06-05,85300.0,0.0,13.5,14191000
2010-06-06,85600.0,9.5,16.1,14191000
2010-06-07,77100.0,0.7,14.7,14191000
2010-06-08,64500.0,0.0,14.7,14191000
2010-06-09,53300.0,11.6,13.4,14191000
2010-06-10,48900.0,12.0,11.5,14191000
2010-06-11,48200.0,0.6,11.4,14191000
2010-06-12,45100.0,0.0,14.6,14191000
2010-06-13,39700.0,0.0,17.5,14191000
2010-06-14,34000.0,0.0,13.2,14191000
2010-06-15,30200.0,0.3,11.8,14191000
2010-06-16,27700.0,0.2,11.2,14191000
2010-06-17,25200.0,0.5,12.4,14191000
2010-06-18,23100.0,0.0,13.1,14191000
2010-06-19,21600.0,0.0,13.5,14191000
2010-06-20,20100.0,0.2,13.0,14191000
2010-06-21,19000.0,0.0,13.8,14191000
2010-06-22,18000.0,0.0,15.3,14191000
2010-06-23,16400.0,0.0,18.4,14191000
2010-06-24,15100.0,0.0,18.5,14191000
2010-06-25,14300.0,0.0,17.6,14191000
2010-06-26,13700.0,0.0,16.2,14191000
2010-06-27,13300.0,0.0,18.1,14191000
2010-06-28,13000.0,0.0,18.2,14191000
2010-06-29,12700.0,0.0,15.3,14191000
2010-06-30,12500.0,0.0,14.2,14191000
2010-07-01,12100.0,0.0,15.0,14191000
2010-07-02,12000.0,3.2,13.9,14191000
2010-07-03,11900.0,0.1,14.5,14191000
2010-07-04,11700.0,0.0,15.3,14191000
2010-07-05,11400.0,0.0,15.4,14191000
2010-07-06,11000.0,0.0,17.5,14191000
2010-07-07,10900.0,0.0,23.0,14191000
2010-07-08,10700.0,0.0,24.1,14191000
2010-07-09,10600.0,0.0,25.5,14191000
2010-07-10,10300.0,0.0,23.3,14191000
2010-07-11,10300.0,0.0,22.7,14191000
2010-07-12,10500.0,0.0,19.1,14191000
2010-07-13,10900.0,0.0,15.8,14191000
2010-07-14,11000.0,0.0,18.6,14191000
2010-07-15,10800.0,0.0,22.1,14191000
2010-07-16,10600.0,0.0,20.1,14191000
2010-07-17,10400.0,0.0,18.8,14191000
2010-07-18,10400.0,0.0,18.5,14191000
2010-07-19,10400.0,0.0,17.6,14191000
2010-07-20,10400.0,0.0,18.4,14191000
2010-07-21,10300.0,0.0,18.5,14191000
2010-07-22,10300.0,0.0,20.1,14191000
2010-07-23,10200.0,0.0,18.6,14191000
2010-07-24,10000.0,0.0,23.8,14191000
2010-07-25,9800.0,0.0,23.8,14191000
2010-07-26,9840.0,0.0,22.6,14191000
2010-07-27,9760.0,0.0,21.1,14191000
2010-07-28,9680.0,0.0,21.2,14191000
2010-07-29,9510.0,0.0,20.2,14191000
2010-07-30,9210.0,0.0,19.9,14191000
2010-07-31,9120.0,0.0,18.1,14191000
2010-08-01,9000.0,0.0,17.7,14191000
2010-08-02,8980.0,0.0,20.4,14191000
2010-08-03,8790.0,0.0,19.9,14191000
2010-08-04,8970.0,0.0,19.5,14191000
2010-08-05,8630.0,0.0,21.7,14191000
2010-08-06,8440.0,0.0,21.2,14191000
2010-08-07,8410.0,0.0,20.1,14191000
2010-08-08,8360.0,0.0,20.0,14191000
2010-08-09,8350.0,0.0,18.5,14191000
2010-08-10,8200.0,0.0,17.0,14191000
2010-08-11,8340.0,0.0,18.1,14191000
2010-08-12,7900.0,0.0,20.0,14191000
2010-08-13,7690.0,0.0,22.8,14191000
2010-08-14,7510.0,0.0,26.4,14191000
2010-08-15,7420.0,0.0,24.7,14191000
2010-08-16,7230.0,0.0,24.4,14191000
2010-08-17,7310.0,0.0,26.6,14191000
2010-08-18,7400.0,0.0,20.3,14191000
2010-08-19,6910.0,0.0,18.2,14191000
2010-08-20,6680.0,0.0,17.5,14191000
2010-08-21,6610.0,0.0,17.1,14191000
2010-08-22,6610.0,0.0,16.6,14191000
2010-08-23,6590.0,0.0,17.1,14191000
2010-08-24,6470.0,0.0,22.0,14191000
2010-08-25,6420.0,0.0,25.1,14191000
2010-08-26,6750.0,0.0,21.5,14191000
2010-08-27,6620.0,0.0,16.2,14191000
2010-08-28,6650.0,0.0,17.8,14191000
2010-08-29,6750.0,0.0,15.1,14191000
2010-08-30,6890.0,2.0,15.0,14191000
2010-08-31,7060.0,1.1,14.8,14191000
2010-09-01,7190.0,1.6,16.9,14191000
2010-09-02,7170.0,0.0,19.5,14191000
2010-09-03,7220.0,0.0,23.0,14191000
2010-09-04,7000.0,0.0,19.1,14191000
2010-09-05,6950.0,0.1,14.8,14191000
2010-09-06,6900.0,0.0,14.3,14191000
2010-09-07,6880.0,3.2,16.9,14191000
2010-09-08,7180.0,4.4,14.8,14191000
2010-09-09,7690.0,0.1,15.8,14191000
2010-09-10,7840.0,0.0,15.1,14191000
2010-09-11,7780.0,0.0,15.0,14191000
2010-09-12,7740.0,0.0,16.7,14191000
2010-09-13,7590.0,0.0,18.5,14191000
2010-09-14,7600.0,0.0,19.1,14191000
2010-09-15,7700.0,0.1,19.0,14191000
2010-09-16,7980.0,4.1,17.8,14191000
2010-09-17,7960.0,16.4,17.4,14191000
2010-09-18,8190.0,16.3,17.3,14191000
2010-09-19,9040.0,15.1,17.0,14191000
2010-09-20,9890.0,5.6,15.2,14191000
2010-09-21,10600.0,0.0,14.1,14191000
2010-09-22,10000.0,0.0,13.8,14191000
2010-09-23,9420.0,0.8,12.7,14191000
2010-09-24,9150.0,0.0,14.8,14191000
2010-09-25,8930.0,0.0,16.6,14191000
2010-09-26,8760.0,2.8,17.6,14191000
2010-09-27,8620.0,0.0,19.9,14191000
2010-09-28,8580.0,0.0,20.3,14191000
2010-09-29,8550.0,0.0,18.4,14191000
2010-09-30,8590.0,0.0,18.2,14191000
2010-10-01,8850.0,0.0,18.1,14191000
2010-10-02,9510.0,0.0,15.2,14191000
2010-10-03,10100.0,0.0,14.6,14191000
2010-10-04,10100.0,0.0,13.7,14191000
2010-10-05,10100.0,0.0,12.2,14191000
2010-10-06,9760.0,0.0,14.7,14191000
2010-10-07,9400.0,0.0,16.7,14191000
2010-10-08,9520.0,0.0,16.3,14191000
2010-10-09,9870.0,15.8,16.2,14191000
2010-10-10,10600.0,15.5,16.6,14191000
2010-10-11,11500.0,0.0,11.9,14191000
2010-10-12,11100.0,0.0,11.7,14191000
2010-10-13,10700.0,0.0,13.0,14191000
2010-10-14,11100.0,0.0,13.7,14191000
2010-10-15,11200.0,0.2,12.2,14191000
2010-10-16,11000.0,0.0,10.4,14191000
2010-10-17,10700.0,0.0,10.0,14191000
2010-10-18,10500.0,0.0,10.3,14191000
2010-10-19,10500.0,0.0,11.8,14191000
2010-10-20,10400.0,0.0,14.0,14191000
2010-10-21,10400.0,0.0,12.2,14191000
2010-10-22,10300.0,1.2,13.2,14191000
2010-10-23,11000.0,2.2,13.0,14191000
2010-10-24,13100.0,29.8,12.0,14191000
2010-10-25,17800.0,7.9,9.7,14191000
2010-10-26,22300.0,4.5,8.5,14191000
2010-10-27,23000.0,1.4,8.2,14191000
2010-10-28,21000.0,8.6,10.3,14191000
2010-10-29,19400.0,1.3,10.7,14191000
2010-10-30,18800.0,4.1,9.4,14191000
2010-10-31,18500.0,11.1,10.8,14191000
2010-11-01,18500.0,5.0,15.0,14191000
2010-11-02,19000.0,11.9,14.6,14191000
2010-11-03,20400.0,0.0,14.1,14191000
2010-11-04,18100.0,0.0,12.9,14191000
2010-11-05,16700.0,0.0,12.0,14191000
2010-11-06,16600.0,1.1,12.6,14191000
2010-11-07,18300.0,24.2,11.2,14191000
2010-11-08,22300.0,4.0,7.2,14191000
2010-11-09,25300.0,6.6,6.4,14191000
2010-11-10,28500.0,5.0,8.7,14191000
2010-11-11,30400.0,0.0,6.7,14191000
2010-11-12,27300.0,0.2,7.7,14191000
2010-11-13,25000.0,0.7,7.4,14191000
2010-11-14,23400.0,5.7,10.1,14191000
2010-11-15,23500.0,3.2,11.7,14191000
2010-11-16,24200.0,1.5,10.7,14191000
2010-11-17,27100.0,2.7,8.4,14191000
2010-11-18,34800.0,30.6,7.3,14191000
2010-11-19,47700.0,1.1,5.9,14191000
2010-11-20,46500.0,4.8,5.1,14191000
2010-11-21,41400.0,1.3,2.8,14191000
2010-11-22,37800.0,7.3,2.4,14191000
2010-11-23,39200.0,4.7,-0.7,14191000
2010-11-24,40700.0,0.0,-3.0,14191000
2010-11-25,37300.0,0.0,0.9,14191000
2010-11-26,33400.0,3.2,5.0,14191000
2010-11-27,33600.0,7.9,5.6,14191000
2010-11-28,36500.0,1.9,3.5,14191000
2010-11-29,36100.0,0.1,3.3,14191000
2010-11-30,34300.0,21.2,6.1,14191000
2010-12-01,46200.0,15.1,8.3,14191000
2010-12-02,58900.0,0.4,6.2,14191000
2010-12-03,61000.0,1.1,3.5,14191000
2010-12-04,56900.0,0.0,4.3,14191000
2010-12-05,50400.0,0.3,4.8,14191000
2010-12-06,44400.0,3.3,6.1,14191000
2010-12-07,39600.0,2.6,8.2,14191000
2010-12-08,37900.0,13.6,8.1,14191000
2010-12-09,44400.0,20.9,9.6,14191000
2010-12-10,59300.0,18.4,8.0,14191000
2010-12-11,62800.0,16.9,6.7,14191000
2010-12-12,68300.0,8.7,12.9,14191000
2010-12-13,75300.0,13.5,11.6,14191000
2010-12-14,83100.0,17.4,8.4,14191000
2010-12-15,86800.0,3.8,5.0,14191000
2010-12-16,81400.0,0.8,4.3,14191000
2010-12-17,74500.0,0.0,2.7,14191000
2010-12-18,71900.0,9.0,4.9,14191000
2010-12-19,74200.0,3.1,4.5,14191000
2010-12-20,74500.0,2.8,5.4,14191000
2010-12-21,74400.0,0.3,5.0,14191000
2010-12-22,70800.0,1.6,6.5,14191000
2010-12-23,64600.0,0.0,7.3,14191000
2010-12-24,58500.0,1.0,6.4,14191000
2010-12-25,52200.0,6.6,7.2,14191000
2010-12-26,43800.0,10.6,5.8,14191000
2010-12-27,42200.0,8.3,5.4,14191000
2010-12-28,49600.0,42.8,8.2,14191000
2010-12-29,72200.0,22.6,3.8,14191000
2010-12-30,81700.0,0.3,1.1,14191000
2010-12-31,74900.0,0.0,-1.4,14191000
2011-01-01,64500.0,0.0,-0.9,14191000
2011-01-02,57300.0,0.0,-0.8,14191000
2011-01-03,51500.0,0.0,-1.2,14191000
2011-01-04,43400.0,0.0,0.3,14191000
2011-01-05,35100.0,1.7,2.4,14191000
2011-01-06,29200.0,0.0,4.4,14191000
2011-01-07,25300.0,0.4,4.0,14191000
2011-01-08,22900.0,3.1,3.5,14191000
2011-01-09,22600.0,0.0,2.6,14191000
2011-01-10,21800.0,0.3,1.0,14191000
2011-01-11,22500.0,0.0,-0.2,14191000
2011-01-12,24700.0,10.8,5.5,14191000
2011-01-13,32300.0,14.1,10.1,14191000
2011-01-14,41600.0,1.8,11.2,14191000
2011-01-15,46300.0,15.0,11.5,14191000
2011-01-16,59600.0,45.8,12.0,14191000
2011-01-17,90800.0,1.0,11.0,14191000
2011-01-18,101000.0,5.3,6.7,14191000
2011-01-19,95900.0,6.3,4.6,14191000
2011-01-20,81500.0,0.0,3.2,14191000
2011-01-21,75700.0,4.8,5.0,14191000
2011-01-22,74200.0,0.1,6.6,14191000
2011-01-23,70900.0,0.0,5.4,14191000
2011-01-24,66900.0,0.0,7.4,14191000
2011-01-25,62800.0,0.0,8.9,14191000
2011-01-26,59000.0,0.0,6.8,14191000
2011-01-27,55300.0,0.0,7.1,14191000
2011-01-28,51000.0,0.1,7.6,14191000
2011-01-29,45500.0,0.0,9.5,14191000
2011-01-30,38200.0,0.0,6.3,14191000
2011-01-31,30700.0,0.0,6.7,14191000
2011-02-01,25000.0,0.0,4.3,14191000
2011-02-02,21600.0,0.0,1.8,14191000
2011-02-03,19700.0,0.0,4.2,14191000
2011-02-04,18500.0,0.0,5.2,14191000
2011-02-05,16900.0,0.8,8.7,14191000
2011-02-06,14900.0,0.1,9.0,14191000
2011-02-07,14500.0,1.3,8.1,14191000
2011-02-08,14300.0,0.5,5.0,14191000
2011-02-09,14100.0,0.0,2.6,14191000
2011-02-10,13600.0,0.0,2.9,14191000
2011-02-11,13000.0,0.0,4.6,14191000
2011-02-12,12700.0,0.0,8.5,14191000
2011-02-13,12900.0,11.2,7.8,14191000
2011-02-14,13700.0,2.9,6.6,14191000
2011-02-15,17500.0,26.6,5.7,14191000
2011-02-16,33400.0,4.3,3.4,14191000
2011-02-17,35400.0,0.3,3.6,14191000
2011-02-18,28500.0,4.2,2.2,14191000
2011-02-19,25000.0,1.7,2.8,14191000
2011-02-20,22400.0,0.0,3.2,14191000
2011-02-21,19700.0,0.0,4.1,14191000
2011-02-22,18100.0,1.6,4.8,14191000
2011-02-23,17300.0,2.5,2.7,14191000
2011-02-24,17600.0,3.4,1.1,14191000
2011-02-25,17800.0,2.2,-1.5,14191000
2011-02-26,16700.0,0.0,-2.4,14191000
2011-02-27,15700.0,1.3,2.5,14191000
2011-02-28,17500.0,29.5,5.3,14191000
2011-03-01,36800.0,26.3,5.6,14191000
2011-03-02,46400.0,4.5,6.9,14191000
2011-03-03,40700.0,6.8,5.1,14191000
2011-03-04,35700.0,1.2,6.0,14191000
2011-03-05,35600.0,9.1,8.5,14191000
2011-03-06,39700.0,0.0,6.4,14191000
2011-03-07,36000.0,0.7,4.5,14191000
2011-03-08,30400.0,6.8,7.2,14191000
2011-03-09,29600.0,6.0,10.5,14191000
2011-03-10,37200.0,36.6,9.4,14191000
2011-03-11,47600.0,0.9,6.7,14191000
2011-03-12,46000.0,5.9,7.1,14191000
2011-03-13,41500.0,8.3,9.3,14191000
2011-03-14,43300.0,3.8,8.8,14191000
2011-03-15,45500.0,10.5,9.6,14191000
2011-03-16,49500.0,10.9,6.2,14191000
2011-03-17,61100.0,3.1,5.4,14191000
2011-03-18,57600.0,2.4,6.8,14191000
2011-03-19,48900.0,0.8,5.8,14191000
2011-03-20,41700.0,3.2,5.5,14191000
2011-03-21,36000.0,4.1,7.0,14191000
2011-03-22,32600.0,3.2,5.5,14191000
2011-03-23,30000.0,0.7,6.6,14191000
2011-03-24,27200.0,4.6,6.4,14191000
2011-03-25,26200.0,4.4,4.5,14191000
2011-03-26,27900.0,9.1,7.0,14191000
2011-03-27,28500.0,9.4,6.0,14191000
2011-03-28,30700.0,3.0,6.5,14191000
2011-03-29,33400.0,7.9,7.9,14191000
2011-03-30,41900.0,8.5,10.5,14191000
2011-03-31,47900.0,0.4,11.5,14191000
2011-04-01,46700.0,0.0,11.0,14191000
2011-04-02,45300.0,6.4,8.4,14191000
2011-04-03,45400.0,0.3,5.4,14191000
2011-04-04,42100.0,4.6,8.7,14191000
2011-04-05,41800.0,11.4,7.9,14191000
2011-04-06,47300.0,10.3,6.6,14191000
2011-04-07,48200.0,1.7,4.3,14191000
2011-04-08,46500.0,0.2,5.7,14191000
2011-04-09,42500.0,0.0,7.9,14191000
2011-04-10,38400.0,2.3,8.1,14191000
2011-04-11,35300.0,10.2,8.1,14191000
2011-04-12,34800.0,0.9,6.2,14191000
2011-04-13,33000.0,4.3,6.8,14191000
2011-04-14,31600.0,14.5,6.4,14191000
2011-04-15,32900.0,19.0,8.3,14191000
2011-04-16,44100.0,2.2,10.8,14191000
2011-04-17,58900.0,1.2,6.6,14191000
2011-04-18,63900.0,0.6,6.2,14191000
2011-04-19,58000.0,0.4,6.4,14191000
2011-04-20,48200.0,0.0,7.7,14191000
2011-04-21,39600.0,0.0,6.7,14191000
2011-04-22,33900.0,0.0,6.3,14191000
2011-04-23,28800.0,0.0,9.9,14191000
2011-04-24,25600.0,5.6,9.6,14191000
2011-04-25,26000.0,21.6,8.8,14191000
2011-04-26,31600.0,6.1,8.0,14191000
2011-04-27,36900.0,1.5,8.3,14191000
2011-04-28,36400.0,8.5,7.0,14191000
2011-04-29,35200.0,1.9,6.0,14191000
2011-04-30,33800.0,0.1,8.1,14191000
2011-05-01,32700.0,0.0,8.4,14191000
2011-05-02,30400.0,1.9,10.9,14191000
2011-05-03,28700.0,0.5,8.7,14191000
2011-05-04,26900.0,0.0,9.9,14191000
2011-05-05,24600.0,0.0,11.1,14191000
2011-05-06,23300.0,1.0,10.6,14191000
2011-05-07,24300.0,5.2,9.5,14191000
2011-05-08,25000.0,5.1,8.8,14191000
2011-05-09,25800.0,1.5,9.0,14191000
2011-05-10,25600.0,0.0,10.6,14191000
2011-05-11,25100.0,4.6,10.9,14191000
2011-05-12,25800.0,2.5,7.8,14191000
2011-05-13,27100.0,0.0,10.4,14191000
2011-05-14,29400.0,0.0,11.8,14191000
2011-05-15,30900.0,9.7,10.2,14191000
2011-05-16,31300.0,0.8,9.4,14191000
2011-05-17,31000.0,0.9,10.0,14191000
2011-05-18,27600.0,0.0,10.6,14191000
2011-05-19,24100.0,0.0,12.8,14191000
2011-05-20,22100.0,0.0,13.8,14191000
2011-05-21,21700.0,0.0,13.0,14191000
2011-05-22,21900.0,0.2,11.8,14191000
2011-05-23,21800.0,0.5,11.2,14191000
2011-05-24,21600.0,2.0,11.4,14191000
2011-05-25,22600.0,10.6,12.1,14191000
2011-05-26,25200.0,2.5,9.3,14191000
2011-05-27,28600.0,11.5,10.0,14191000
2011-05-28,31200.0,3.4,9.0,14191000
2011-05-29,33700.0,3.0,9.8,14191000
2011-05-30,34200.0,0.1,11.2,14191000
2011-05-31,34400.0,7.5,11.3,14191000
2011-06-01,35900.0,3.6,11.2,14191000
2011-06-02,38400.0,3.2,11.2,14191000
2011-06-03,37800.0,2.8,12.7,14191000
2011-06-04,35000.0,0.0,17.9,14191000
2011-06-05,32100.0,0.0,19.2,14191000
2011-06-06,30700.0,0.0,16.5,14191000
2011-06-07,29800.0,0.3,13.7,14191000
2011-06-08,28000.0,0.0,12.7,14191000
2011-06-09,25700.0,0.0,14.1,14191000
2011-06-10,24300.0,0.0,14.7,14191000
2011-06-11,23200.0,0.0,14.5,14191000
2011-06-12,22400.0,0.3,14.7,14191000
2011-06-13,22100.0,1.8,14.5,14191000
2011-06-14,22000.0,0.0,14.1,14191000
2011-06-15,21200.0,0.7,13.1,14191000
2011-06-16,20800.0,0.1,12.3,14191000
2011-06-17,20400.0,0.0,13.8,14191000
2011-06-18,19400.0,1.6,14.4,14191000
2011-06-19,18900.0,0.4,14.1,14191000
2011-06-20,18800.0,0.0,15.6,14191000
2011-06-21,18300.0,0.0,17.8,14191000
2011-06-22,18100.0,0.0,18.4,14191000
2011-06-23,17600.0,0.4,14.2,14191000
2011-06-24,17200.0,0.2,14.2,14191000
2011-06-25,17100.0,0.0,14.8,14191000
2011-06-26,16700.0,0.0,16.3,14191000
2011-06-27,16200.0,0.0,18.0,14191000
2011-06-28,15900.0,1.0,18.0,14191000
2011-06-29,15800.0,0.1,17.0,14191000
2011-06-30,15700.0,1.1,15.0,14191000
2011-07-01,15200.0,0.0,15.8,14191000
2011-07-02,14100.0,0.0,19.3,14191000
2011-07-03,13200.0,0.0,17.6,14191000
2011-07-04,12900.0,0.0,17.7,14191000
2011-07-05,12600.0,0.0,20.4,14191000
2011-07-06,12500.0,0.0,22.3,14191000
2011-07-07,12200.0,0.0,20.2,14191000
2011-07-08,11500.0,0.0,16.2,14191000
2011-07-09,11100.0,0.0,17.6,14191000
2011-07-10,10800.0,0.0,19.2,14191000
2011-07-11,10200.0,0.0,17.4,14191000
2011-07-12,10000.0,1.9,15.9,14191000
2011-07-13,10200.0,1.0,15.6,14191000
2011-07-14,10200.0,0.1,16.6,14191000
2011-07-15,10100.0,0.0,17.2,14191000
2011-07-16,10100.0,5.0,16.9,14191000
2011-07-17,10400.0,7.3,16.0,14191000
2011-07-18,10800.0,1.0,15.6,14191000
2011-07-19,10600.0,1.2,17.4,14191000
2011-07-20,11400.0,0.0,16.3,14191000
2011-07-21,12600.0,0.2,16.8,14191000
2011-07-22,11800.0,0.0,16.5,14191000
2011-07-23,10900.0,0.0,19.0,14191000
2011-07-24,10400.0,0.0,22.8,14191000
2011-07-25,10000.0,0.0,19.9,14191000
2011-07-26,9660.0,0.0,18.7,14191000
2011-07-27,9460.0,0.0,18.0,14191000
2011-07-28,9140.0,0.0,19.1,14191000
2011-07-29,9030.0,0.0,21.3,14191000
2011-07-30,8750.0,0.0,21.7,14191000
2011-07-31,8570.0,0.0,20.8,14191000
2011-08-01,8480.0,0.0,20.6,14191000
2011-08-02,8310.0,0.0,20.4,14191000
2011-08-03,8320.0,0.0,20.5,14191000
2011-08-04,8270.0,0.0,21.6,14191000
2011-08-05,8100.0,0.0,20.6,14191000
2011-08-06,7940.0,0.0,20.4,14191000
2011-08-07,7990.0,0.0,19.6,14191000
2011-08-08,8180.0,0.0,19.6,14191000
2011-08-09,8110.0,0.0,18.2,14191000
2011-08-10,7930.0,0.0,18.1,14191000
2011-08-11,7900.0,0.0,19.7,14191000
2011-08-12,7950.0,0.0,20.5,14191000
2011-08-13,7850.0,0.0,19.2,14191000
2011-08-14,8000.0,0.0,18.3,14191000
2011-08-15,8030.0,0.0,18.8,14191000
2011-08-16,7910.0,0.0,20.3,14191000
2011-08-17,7860.0,0.0,21.0,14191000
2011-08-18,7760.0,0.0,19.5,14191000
2011-08-19,7680.0,0.0,20.1,14191000
2011-08-20,7620.0,0.0,23.2,14191000
2011-08-21,7630.0,0.0,24.5,14191000
2011-08-22,7610.0,0.0,21.2,14191000
2011-08-23,7660.0,0.2,21.6,14191000
2011-08-24,7510.0,0.0,24.6,14191000
2011-08-25,7790.0,0.0,25.1,14191000
2011-08-26,7920.0,0.0,24.0,14191000
2011-08-27,8080.0,0.0,24.1,14191000
2011-08-28,8140.0,0.0,22.6,14191000
2011-08-29,8140.0,0.0,19.7,14191000
2011-08-30,8140.0,0.0,18.7,14191000
2011-08-31,8410.0,0.0,16.1,14191000
2011-09-01,8290.0,0.0,16.2,14191000
2011-09-02,8860.0,0.0,18.6,14191000
2011-09-03,8770.0,0.0,21.6,14191000
2011-09-04,8910.0,0.0,23.7,14191000
2011-09-05,9100.0,0.0,22.0,14191000
2011-09-06,9320.0,0.0,22.3,14191000
2011-09-07,9680.0,0.0,24.4,14191000
2011-09-08,10000.0,0.0,24.7,14191000
2011-09-09,10100.0,0.0,24.0,14191000
2011-09-10,9900.0,0.0,25.8,14191000
2011-09-11,9940.0,0.0,26.6,14191000
2011-09-12,10200.0,0.0,21.2,14191000
2011-09-13,10200.0,0.0,19.8,14191000
2011-09-14,10300.0,0.0,18.6,14191000
2011-09-15,10200.0,0.0,17.0,14191000
2011-09-16,10200.0,0.0,16.0,14191000
2011-09-17,10300.0,0.2,14.9,14191000
2011-09-18,10500.0,1.2,17.6,14191000
2011-09-19,10600.0,0.7,18.2,14191000
2011-09-20,10500.0,0.0,17.8,14191000
2011-09-21,10500.0,0.0,20.1,14191000
2011-09-22,10400.0,0.0,20.4,14191000
2011-09-23,10400.0,0.0,21.7,14191000
2011-09-24,10500.0,0.0,21.5,14191000
2011-09-25,10600.0,2.0,19.2,14191000
2011-09-26,10700.0,0.0,17.3,14191000
2011-09-27,11100.0,11.6,17.1,14191000
2011-09-28,11800.0,0.0,14.8,14191000
2011-09-29,12000.0,0.0,17.3,14191000
2011-09-30,12200.0,0.0,18.2,14191000
2011-10-01,12300.0,0.0,16.0,14191000
2011-10-02,12600.0,9.6,15.5,14191000
2011-10-03,12900.0,12.1,14.5,14191000
2011-10-04,13100.0,3.2,12.9,14191000
2011-10-05,13000.0,8.3,10.8,14191000
2011-10-06,13500.0,2.1,10.6,14191000
2011-10-07,13600.0,1.0,12.3,14191000
2011-10-08,13700.0,0.0,14.3,14191000
2011-10-09,14200.0,2.0,13.5,14191000
2011-10-10,14500.0,4.4,14.8,14191000
2011-10-11,14800.0,9.2,14.0,14191000
2011-10-12,16100.0,0.3,13.2,14191000
2011-10-13,15600.0,0.8,11.9,14191000
2011-10-14,15000.0,0.0,11.4,14191000
2011-10-15,14600.0,0.1,13.3,14191000
2011-10-16,14200.0,0.1,12.7,14191000
2011-10-17,14300.0,0.0,11.0,14191000
2011-10-18,14100.0,0.0,13.4,14191000
2011-10-19,13900.0,0.0,13.7,14191000
2011-10-20,13900.0,0.0,12.7,14191000
2011-10-21,13800.0,0.0,13.0,14191000
2011-10-22,13900.0,0.0,14.8,14191000
2011-10-23,13900.0,0.1,14.7,14191000
2011-10-24,13900.0,0.2,11.6,14191000
2011-10-25,13800.0,0.0,8.0,14191000
2011-10-26,13700.0,0.0,7.7,14191000
2011-10-27,13500.0,0.0,9.7,14191000
2011-10-28,13400.0,0.9,9.3,14191000
2011-10-29,13300.0,8.0,11.9,14191000
2011-10-30,13300.0,4.0,13.9,14191000
2011-10-31,13400.0,0.8,10.6,14191000
2011-11-01,13400.0,0.0,6.6,14191000
2011-11-02,13100.0,0.0,6.8,14191000
2011-11-03,13400.0,11.8,8.4,14191000
2011-11-04,13400.0,0.8,5.2,14191000
2011-11-05,13100.0,3.6,5.3,14191000
2011-11-06,13100.0,2.2,6.5,14191000
2011-11-07,13000.0,0.3,7.1,14191000
2011-11-08,12900.0,0.0,7.0,14191000
2011-11-09,12700.0,0.0,9.8,14191000
2011-11-10,12500.0,0.0,8.4,14191000
2011-11-11,12200.0,0.0,7.0,14191000
2011-11-12,11900.0,2.9,7.3,14191000
2011-11-13,11500.0,4.9,8.8,14191000
2011-11-14,11800.0,2.0,9.0,14191000
2011-11-15,12200.0,0.3,6.3,14191000
2011-11-16,12400.0,7.8,5.8,14191000
2011-11-17,14500.0,8.8,8.6,14191000
2011-11-18,19700.0,4.9,4.6,14191000
2011-11-19,21200.0,1.8,4.3,14191000
2011-11-20,19500.0,0.0,2.2,14191000
2011-11-21,17000.0,4.3,5.5,14191000
2011-11-22,19300.0,36.5,9.7,14191000
2011-11-23,32700.0,31.3,10.4,14191000
2011-11-24,36500.0,9.2,5.9,14191000
2011-11-25,33900.0,6.7,6.0,14191000
2011-11-26,31100.0,0.0,7.0,14191000
2011-11-27,27700.0,6.0,8.8,14191000
2011-11-28,26500.0,5.1,6.0,14191000
2011-11-29,25000.0,0.0,4.5,14191000
2011-11-30,22900.0,3.3,7.3,14191000
2011-12-01,20600.0,0.0,4.1,14191000
2011-12-02,18900.0,0.0,3.6,14191000
2011-12-03,17300.0,0.0,2.1,14191000
2011-12-04,15600.0,0.0,1.7,14191000
2011-12-05,14100.0,0.0,1.7,14191000
2011-12-06,12700.0,0.0,1.5,14191000
2011-12-07,11700.0,0.0,0.9,14191000
2011-12-08,10900.0,0.0,0.9,14191000
2011-12-09,11000.0,0.0,1.9,14191000
2011-12-10,11600.0,0.0,1.2,14191000
2011-12-11,11700.0,0.0,1.9,14191000
2011-12-12,11300.0,0.0,1.0,14191000
2011-12-13,11100.0,0.0,0.4,14191000
2011-12-14,10900.0,0.0,0.6,14191000
2011-12-15,10600.0,2.5,3.5,14191000
2011-12-16,10400.0,0.0,3.6,14191000
2011-12-17,9620.0,0.0,4.3,14191000
2011-12-18,8990.0,0.1,2.8,14191000
2011-12-19,8900.0,0.0,4.2,14191000
2011-12-20,8730.0,0.0,3.2,14191000
2011-12-21,8730.0,0.0,3.3,14191000
2011-12-22,8650.0,0.0,1.0,14191000
2011-12-23,8530.0,0.0,2.3,14191000
2011-12-24,8380.0,0.0,3.0,14191000
2011-12-25,8300.0,2.1,3.7,14191000
2011-12-26,8350.0,0.0,2.3,14191000
2011-12-27,8550.0,2.4,7.2,14191000
2011-12-28,11600.0,20.5,10.4,14191000
2011-12-29,40500.0,11.7,9.8,14191000
2011-12-30,63400.0,26.8,9.5,14191000
2011-12-31,82500.0,0.0,2.4,14191000
2012-01-01,80000.0,0.7,4.6,14191000
2012-01-02,62900.0,1.0,4.9,14191000
2012-01-03,53000.0,1.8,9.6,14191000
2012-01-04,48700.0,2.9,8.0,14191000
2012-01-05,47100.0,3.3,8.6,14191000
2012-01-06,45500.0,1.3,3.5,14191000
2012-01-07,40900.0,0.8,5.2,14191000
2012-01-08,35700.0,0.0,4.3,14191000
2012-01-09,30700.0,0.0,2.9,14191000
2012-01-10,27300.0,4.9,3.6,14191000
2012-01-11,23500.0,0.0,1.8,14191000
2012-01-12,21700.0,0.0,0.6,14191000
2012-01-13,20700.0,0.0,3.1,14191000
2012-01-14,18700.0,2.0,3.3,14191000
2012-01-15,17700.0,1.8,1.3,14191000
2012-01-16,17500.0,1.8,-0.4,14191000
2012-01-17,18500.0,12.3,2.2,14191000
2012-01-18,38000.0,48.2,5.2,14191000
2012-01-19,90200.0,51.5,9.9,14191000
2012-01-20,150000.0,10.5,8.9,14191000
2012-01-21,156000.0,15.9,7.9,14191000
2012-01-22,134000.0,5.7,4.6,14191000
2012-01-23,107000.0,1.4,4.3,14191000
2012-01-24,99100.0,14.1,5.4,14191000
2012-01-25,103000.0,4.3,10.4,14191000
2012-01-26,111000.0,4.2,8.6,14191000
2012-01-27,116000.0,0.0,2.2,14191000
2012-01-28,111000.0,0.0,1.9,14191000
2012-01-29,101000.0,5.0,5.6,14191000
2012-01-30,90600.0,12.9,8.1,14191000
2012-01-31,83500.0,0.0,6.0,14191000
2012-02-01,75200.0,4.8,7.7,14191000
2012-02-02,65500.0,0.0,4.7,14191000
2012-02-03,57500.0,0.0,5.2,14191000
2012-02-04,51500.0,0.0,4.9,14191000
2012-02-05,48200.0,0.0,5.1,14191000
2012-02-06,46000.0,0.0,4.6,14191000
2012-02-07,43900.0,0.0,5.1,14191000
2012-02-08,38400.0,2.5,7.1,14191000
2012-02-09,33500.0,2.2,8.8,14191000
2012-02-10,29800.0,8.7,8.9,14191000
2012-02-11,27200.0,0.3,7.6,14191000
2012-02-12,25700.0,0.0,4.7,14191000
2012-02-13,23700.0,5.0,5.0,14191000
2012-02-14,22200.0,3.6,4.8,14191000
2012-02-15,20700.0,1.3,2.6,14191000
2012-02-16,19400.0,0.3,3.7,14191000
2012-02-17,18500.0,2.9,7.6,14191000
2012-02-18,18800.0,6.5,5.9,14191000
2012-02-19,20000.0,2.0,3.6,14191000
2012-02-20,20200.0,4.2,6.1,14191000
2012-02-21,22900.0,3.1,9.1,14191000
2012-02-22,30200.0,8.5,9.9,14191000
2012-02-23,39000.0,0.0,5.8,14191000
2012-02-24,37300.0,0.0,5.1,14191000
2012-02-25,33800.0,11.2,5.0,14191000
2012-02-26,33400.0,1.9,3.2,14191000
2012-02-27,30600.0,0.3,1.4,14191000
2012-02-28,26900.0,1.7,2.2,14191000
2012-02-29,27400.0,19.0,3.2,14191000
2012-03-01,34900.0,7.6,2.9,14191000
2012-03-02,36400.0,0.0,3.8,14191000
2012-03-03,32700.0,0.1,8.1,14191000
2012-03-04,29800.0,0.0,7.3,14191000
2012-03-05,28900.0,8.0,6.7,14191000
2012-03-06,30100.0,0.1,2.6,14191000
2012-03-07,30200.0,0.0,3.0,14191000
2012-03-08,27300.0,0.0,5.7,14191000
2012-03-09,24700.0,0.0,7.6,14191000
2012-03-10,23900.0,2.3,8.0,14191000
2012-03-11,25200.0,15.5,6.5,14191000
2012-03-12,28500.0,10.5,5.7,14191000
2012-03-13,39200.0,40.1,3.6,14191000
2012-03-14,47000.0,5.9,4.3,14191000
2012-03-15,50400.0,22.0,9.5,14191000
2012-03-16,72100.0,12.1,8.0,14191000
2012-03-17,84100.0,8.2,6.0,14191000
2012-03-18,82100.0,3.9,3.5,14191000
2012-03-19,70300.0,0.8,2.6,14191000
2012-03-20,57900.0,11.2,6.7,14191000
2012-03-21,65800.0,25.5,3.4,14191000
2012-03-22,81000.0,17.2,2.2,14191000
2012-03-23,89300.0,0.0,3.0,14191000
2012-03-24,88800.0,0.1,8.5,14191000
2012-03-25,75700.0,0.7,7.3,14191000
2012-03-26,63900.0,1.4,6.6,14191000
2012-03-27,58000.0,3.3,8.7,14191000
2012-03-28,55900.0,5.7,8.9,14191000
2012-03-29,57700.0,24.9,8.4,14191000
2012-03-30,75200.0,33.1,9.6,14191000
2012-03-31,103000.0,19.3,6.1,14191000
2012-04-01,118000.0,11.5,6.3,14191000
2012-04-02,119000.0,1.0,8.5,14191000
2012-04-03,106000.0,4.2,8.8,14191000
2012-04-04,90000.0,5.7,5.1,14191000
2012-04-05,81300.0,4.6,4.7,14191000
2012-04-06,74700.0,0.9,4.0,14191000
2012-04-07,64500.0,0.0,6.8,14191000
2012-04-08,52300.0,0.0,11.2,14191000
2012-04-09,42800.0,0.0,11.9,14191000
2012-04-10,37400.0,0.0,11.7,14191000
2012-04-11,34400.0,9.1,10.4,14191000
2012-04-12,35300.0,5.6,7.9,14191000
2012-04-13,35800.0,1.8,7.3,14191000
2012-04-14,33200.0,0.0,8.9,14191000
2012-04-15,30500.0,0.0,10.1,14191000
2012-04-16,29500.0,11.2,11.5,14191000
2012-04-17,35500.0,2.0,8.0,14191000
2012-04-18,41700.0,4.5,9.8,14191000
2012-04-19,44000.0,5.4,9.9,14191000
2012-04-20,47700.0,2.0,12.5,14191000
2012-04-21,49300.0,0.0,12.1,14191000
2012-04-22,45400.0,0.0,16.0,14191000
2012-04-23,42300.0,0.0,17.6,14191000
2012-04-24,40500.0,0.2,15.0,14191000
2012-04-25,42500.0,1.6,13.8,14191000
2012-04-26,46800.0,20.5,10.8,14191000
2012-04-27,50000.0,3.8,8.5,14191000
2012-04-28,48300.0,0.0,10.8,14191000
2012-04-29,41800.0,0.0,11.9,14191000
2012-04-30,36100.0,7.3,11.5,14191000
2012-05-01,36900.0,0.8,8.7,14191000
2012-05-02,40600.0,1.8,7.9,14191000
2012-05-03,40600.0,20.9,9.7,14191000
2012-05-04,44100.0,2.6,8.9,14191000
2012-05-05,45000.0,2.4,7.6,14191000
2012-05-06,42900.0,0.0,9.8,14191000
2012-05-07,38300.0,0.0,13.8,14191000
2012-05-08,34800.0,0.0,14.6,14191000
2012-05-09,32100.0,0.0,11.2,14191000
2012-05-10,28400.0,0.0,8.1,14191000
2012-05-11,25000.0,0.0,10.8,14191000
2012-05-12,23100.0,0.0,14.6,14191000
2012-05-13,21700.0,0.0,18.0,14191000
2012-05-14,21200.0,0.0,19.3,14191000
2012-05-15,21100.0,0.0,16.4,14191000
2012-05-16,21200.0,0.0,15.8,14191000
2012-05-17,21200.0,0.0,12.6,14191000
2012-05-18,20700.0,0.0,10.9,14191000
2012-05-19,19100.0,0.0,12.8,14191000
2012-05-20,17300.0,1.1,14.3,14191000
2012-05-21,16800.0,9.5,14.0,14191000
2012-05-22,18300.0,6.4,11.3,14191000
2012-05-23,21400.0,1.8,10.6,14191000
2012-05-24,22300.0,7.2,10.8,14191000
2012-05-25,25800.0,4.5,11.5,14191000
2012-05-26,28100.0,0.6,13.3,14191000
2012-05-27,28800.0,0.0,13.2,14191000
2012-05-28,27300.0,0.0,12.9,14191000
2012-05-29,24200.0,0.0,11.6,14191000
2012-05-30,21200.0,0.0,14.2,14191000
2012-05-31,18600.0,0.0,16.6,14191000
2012-06-01,16700.0,0.7,18.1,14191000
2012-06-02,16600.0,1.6,15.8,14191000
2012-06-03,16500.0,0.0,13.2,14191000
2012-06-04,16100.0,3.8,13.7,14191000
2012-06-05,19400.0,9.4,10.8,14191000
2012-06-06,29500.0,0.2,10.9,14191000
2012-06-07,31900.0,11.2,13.5,14191000
2012-06-08,30800.0,2.5,11.4,14191000
2012-06-09,30600.0,6.2,10.4,14191000
2012-06-10,32200.0,0.0,12.5,14191000
2012-06-11,30300.0,0.0,15.7,14191000
2012-06-12,26100.0,0.8,16.0,14191000
2012-06-13,23200.0,0.0,14.8,14191000
2012-06-14,21300.0,0.0,13.7,14191000
2012-06-15,19400.0,0.0,15.9,14191000
2012-06-16,18600.0,0.0,20.0,14191000
2012-06-17,18700.0,0.2,19.0,14191000
2012-06-18,17500.0,0.1,14.2,14191000
2012-06-19,16300.0,1.6,12.5,14191000
2012-06-20,15600.0,0.0,14.8,14191000
2012-06-21,15100.0,0.0,18.1,14191000
2012-06-22,13900.0,0.0,16.4,14191000
2012-06-23,14200.0,9.3,12.9,14191000
2012-06-24,15600.0,2.5,13.9,14191000
2012-06-25,16300.0,0.5,13.9,14191000
2012-06-26,15900.0,3.6,13.7,14191000
2012-06-27,15800.0,0.0,14.7,14191000
2012-06-28,15000.0,0.0,16.9,14191000
2012-06-29,14100.0,0.6,17.2,14191000
2012-06-30,13600.0,2.1,18.5,14191000
2012-07-01,13300.0,2.0,17.1,14191000
2012-07-02,13100.0,0.0,16.2,14191000
2012-07-03,12600.0,0.6,15.7,14191000
2012-07-04,12500.0,0.0,15.0,14191000
2012-07-05,12300.0,0.0,17.6,14191000
2012-07-06,12000.0,0.0,19.0,14191000
2012-07-07,11700.0,0.0,20.6,14191000
2012-07-08,11300.0,0.0,23.3,14191000
2012-07-09,10900.0,0.0,22.8,14191000
2012-07-10,10600.0,0.0,20.9,14191000
2012-07-11,10400.0,0.0,22.7,14191000
2012-07-12,10200.0,0.0,22.3,14191000
2012-07-13,10000.0,0.0,20.3,14191000
2012-07-14,9700.0,0.0,21.4,14191000
2012-07-15,9540.0,0.0,19.6,14191000
2012-07-16,9530.0,0.0,17.8,14191000
2012-07-17,9390.0,0.8,20.7,14191000
2012-07-18,9240.0,0.0,18.5,14191000
2012-07-19,9260.0,0.0,20.4,14191000
2012-07-20,9160.0,5.6,19.4,14191000
2012-07-21,9070.0,0.0,18.4,14191000
2012-07-22,8930.0,0.0,18.1,14191000
2012-07-23,8960.0,0.0,16.1,14191000
2012-07-24,8840.0,0.0,18.6,14191000
2012-07-25,8690.0,0.0,21.5,14191000
2012-07-26,8560.0,0.0,21.4,14191000
2012-07-27,8410.0,0.0,18.9,14191000
2012-07-28,8350.0,0.0,19.1,14191000
2012-07-29,8370.0,0.0,19.6,14191000
2012-07-30,8340.0,0.0,18.9,14191000
2012-07-31,8220.0,0.0,19.5,14191000
2012-08-01,8150.0,0.0,19.9,14191000
2012-08-02,8120.0,0.0,19.7,14191000
2012-08-03,8100.0,0.0,21.6,14191000
2012-08-04,8360.0,0.0,26.5,14191000
2012-08-05,8360.0,0.0,26.3,14191000
2012-08-06,8320.0,0.0,23.3,14191000
2012-08-07,8180.0,0.0,21.2,14191000
2012-08-08,8100.0,0.0,19.5,14191000
2012-08-09,8100.0,0.0,20.2,14191000
2012-08-10,8050.0,0.0,21.1,14191000
2012-08-11,8020.0,0.0,21.8,14191000
2012-08-12,7980.0,0.0,25.5,14191000
2012-08-13,8040.0,0.0,25.5,14191000
2012-08-14,8020.0,0.0,24.2,14191000
2012-08-15,7880.0,0.0,24.3,14191000
2012-08-16,7750.0,0.0,27.1,14191000
2012-08-17,7680.0,0.0,25.7,14191000
2012-08-18,7790.0,0.0,22.1,14191000
2012-08-19,8070.0,0.0,20.3,14191000
2012-08-20,8310.0,0.0,19.8,14191000
2012-08-21,8310.0,0.0,20.5,14191000
2012-08-22,8260.0,0.0,19.1,14191000
2012-08-23,8280.0,0.0,18.3,14191000
2012-08-24,8270.0,0.0,16.6,14191000
2012-08-25,8210.0,0.0,19.6,14191000
2012-08-26,8180.0,0.0,18.2,14191000
2012-08-27,8220.0,0.6,18.0,14191000
2012-08-28,8130.0,0.0,18.2,14191000
2012-08-29,8170.0,0.0,17.3,14191000
2012-08-30,8240.0,0.0,17.9,14191000
2012-08-31,8240.0,0.0,18.0,14191000
2012-09-01,8290.0,0.0,16.8,14191000
2012-09-02,8250.0,0.0,17.2,14191000
2012-09-03,8270.0,0.0,18.8,14191000
2012-09-04,8500.0,0.0,20.2,14191000
2012-09-05,8750.0,0.0,21.5,14191000
2012-09-06,8890.0,0.0,21.3,14191000
2012-09-07,8990.0,0.0,23.2,14191000
2012-09-08,9150.0,0.0,21.6,14191000
2012-09-09,9590.0,0.0,16.7,14191000
2012-09-10,10000.0,1.7,16.6,14191000
2012-09-11,10200.0,0.0,15.3,14191000
2012-09-12,10300.0,0.0,18.7,14191000
2012-09-13,10300.0,0.0,21.0,14191000
2012-09-14,10300.0,0.0,22.1,14191000
2012-09-15,10400.0,0.0,20.1,14191000
2012-09-16,10500.0,0.0,19.7,14191000
2012-09-17,10700.0,0.0,21.4,14191000
2012-09-18,10700.0,0.0,22.5,14191000
2012-09-19,11000.0,0.0,19.3,14191000
2012-09-20,11000.0,0.0,18.2,14191000
2012-09-21,11100.0,0.0,16.3,14191000
2012-09-22,11400.0,0.0,15.6,14191000
2012-09-23,11600.0,0.2,17.1,14191000
2012-09-24,11300.0,0.0,17.6,14191000
2012-09-25,11000.0,0.0,17.4,14191000
2012-09-26,10900.0,0.0,15.2,14191000
2012-09-27,10800.0,0.0,17.5,14191000
2012-09-28,10700.0,0.0,20.1,14191000
2012-09-29,10700.0,0.0,19.1,14191000
2012-09-30,10800.0,0.0,16.5,14191000
2012-10-01,10800.0,0.0,19.1,14191000
2012-10-02,10800.0,0.0,18.6,14191000
2012-10-03,11000.0,0.0,16.2,14191000
2012-10-04,11200.0,0.0,16.2,14191000
2012-10-05,11600.0,0.0,15.9,14191000
2012-10-06,11800.0,0.0,15.5,14191000
2012-10-07,12000.0,0.0,15.8,14191000
2012-10-08,12000.0,0.0,14.3,14191000
2012-10-09,12000.0,0.0,13.3,14191000
2012-10-10,12100.0,0.0,14.5,14191000
2012-10-11,12200.0,0.0,14.3,14191000
2012-10-12,12300.0,7.8,12.1,14191000
2012-10-13,12700.0,12.2,13.7,14191000
2012-10-14,12700.0,0.0,15.6,14191000
2012-10-15,13000.0,21.7,15.5,14191000
2012-10-16,15000.0,12.8,14.9,14191000
2012-10-17,17100.0,0.0,10.9,14191000
2012-10-18,14500.0,0.0,11.3,14191000
2012-10-19,13200.0,6.6,13.4,14191000
2012-10-20,13400.0,3.9,10.9,14191000
2012-10-21,14800.0,3.3,8.4,14191000
2012-10-22,15000.0,5.5,7.7,14191000
2012-10-23,14900.0,0.7,7.7,14191000
2012-10-24,15100.0,5.6,7.9,14191000
2012-10-25,15600.0,0.5,8.8,14191000
2012-10-26,16100.0,0.1,9.8,14191000
2012-10-27,17000.0,9.5,11.7,14191000
2012-10-28,21900.0,23.5,14.2,14191000
2012-10-29,31400.0,18.2,15.4,14191000
2012-10-30,34000.0,8.9,15.3,14191000
2012-10-31,31400.0,14.2,13.7,14191000
2012-11-01,28800.0,8.2,12.6,14191000
2012-11-02,28600.0,1.7,11.6,14191000
2012-11-03,27800.0,2.0,13.5,14191000
2012-11-04,26800.0,0.4,15.6,14191000
2012-11-05,25000.0,0.0,14.9,14191000
2012-11-06,23700.0,0.0,13.2,14191000
2012-11-07,22700.0,0.3,11.4,14191000
2012-11-08,22300.0,0.6,7.3,14191000
2012-11-09,21700.0,3.7,5.2,14191000
2012-11-10,21200.0,2.0,4.3,14191000
2012-11-11,21100.0,1.6,6.3,14191000
2012-11-12,22000.0,21.6,8.2,14191000
2012-11-13,26300.0,0.0,10.4,14191000
2012-11-14,25600.0,0.5,9.6,14191000
2012-11-15,23300.0,0.0,7.6,14191000
2012-11-16,22700.0,0.0,8.1,14191000
2012-11-17,25000.0,12.6,9.5,14191000
2012-11-18,28700.0,6.5,7.3,14191000
2012-11-19,35600.0,53.6,10.3,14191000
2012-11-20,59200.0,43.3,10.2,14191000
2012-11-21,83600.0,13.1,8.0,14191000
2012-11-22,87100.0,0.1,5.0,14191000
2012-11-23,79100.0,1.6,7.1,14191000
2012-11-24,75000.0,19.0,10.0,14191000
2012-11-25,78000.0,0.2,5.9,14191000
2012-11-26,75600.0,0.0,4.5,14191000
2012-11-27,70000.0,0.0,5.6,14191000
2012-11-28,64300.0,1.7,5.3,14191000
2012-11-29,59700.0,7.6,9.5,14191000
2012-11-30,58600.0,5.1,10.5,14191000
2012-12-01,63100.0,23.5,10.0,14191000
2012-12-02,74300.0,27.3,9.0,14191000
2012-12-03,85900.0,7.1,9.2,14191000
2012-12-04,93700.0,21.5,10.8,14191000
2012-12-05,98000.0,9.2,8.4,14191000
2012-12-06,94100.0,0.3,5.7,14191000
2012-12-07,90200.0,3.3,7.2,14191000
2012-12-08,85300.0,0.4,5.6,14191000
2012-12-09,76900.0,2.8,6.1,14191000
2012-12-10,70000.0,0.9,8.7,14191000
2012-12-11,64400.0,3.5,5.7,14191000
2012-12-12,59300.0,6.7,5.0,14191000
2012-12-13,55000.0,0.4,2.7,14191000
2012-12-14,50600.0,3.8,4.5,14191000
2012-12-15,46200.0,7.7,2.6,14191000
2012-12-16,43800.0,15.5,4.1,14191000
2012-12-17,49900.0,18.9,6.6,14191000
2012-12-18,63000.0,8.3,1.8,14191000
2012-12-19,66000.0,4.9,3.1,14191000
2012-12-20,63200.0,51.5,4.3,14191000
2012-12-21,66600.0,2.0,3.6,14191000
2012-12-22,66200.0,4.8,4.3,14191000
2012-12-23,60700.0,9.0,4.5,14191000
2012-12-24,59000.0,3.0,4.2,14191000
2012-12-25,56500.0,12.8,4.9,14191000
2012-12-26,56500.0,3.8,6.6,14191000
2012-12-27,54900.0,0.8,4.9,14191000
2012-12-28,51100.0,0.0,5.2,14191000
2012-12-29,45900.0,0.0,3.2,14191000
2012-12-30,40600.0,0.6,2.5,14191000
2012-12-31,35400.0,0.4,2.0,14191000
2013-01-01,31400.0,0.0,0.5,14191000
2013-01-02,26600.0,0.0,-0.1,14191000
2013-01-03,24200.0,0.0,-0.1,14191000
2013-01-04,22600.0,0.0,5.6,14191000
2013-01-05,21300.0,0.2,3.0,14191000
2013-01-06,20400.0,0.7,5.1,14191000
2013-01-07,20100.0,7.3,7.6,14191000
2013-01-08,22900.0,1.0,9.2,14191000
2013-01-09,26800.0,12.8,8.2,14191000
2013-01-10,29400.0,1.3,2.9,14191000
2013-01-11,29700.0,0.0,0.9,14191000
2013-01-12,26900.0,0.0,0.1,14191000
2013-01-13,24500.0,0.0,-1.4,14191000
2013-01-14,22700.0,0.0,-0.9,14191000
2013-01-15,20900.0,0.1,2.0,14191000
2013-01-16,20000.0,0.0,2.2,14191000
2013-01-17,19200.0,0.0,3.0,14191000
2013-01-18,18800.0,0.0,3.4,14191000
2013-01-19,19500.0,0.0,4.0,14191000
2013-01-20,20800.0,0.0,3.2,14191000
2013-01-21,21000.0,0.0,2.4,14191000
2013-01-22,20500.0,0.0,2.1,14191000
2013-01-23,20000.0,4.6,2.0,14191000
2013-01-24,20200.0,2.4,2.8,14191000
2013-01-25,21400.0,8.3,7.0,14191000
2013-01-26,25800.0,3.1,5.7,14191000
2013-01-27,31800.0,2.4,3.8,14191000
2013-01-28,34700.0,9.4,4.6,14191000
2013-01-29,39700.0,13.2,6.1,14191000
2013-01-30,47700.0,0.8,6.7,14191000
2013-01-31,46300.0,0.3,7.7,14191000
2013-02-01,40700.0,0.0,7.7,14191000
2013-02-02,36000.0,0.0,5.7,14191000
2013-02-03,32800.0,0.0,4.8,14191000
2013-02-04,30300.0,0.0,6.5,14191000
2013-02-05,27500.0,2.8,7.9,14191000
2013-02-06,25300.0,3.9,7.2,14191000
2013-02-07,24700.0,4.5,6.5,14191000
2013-02-08,24200.0,2.1,3.0,14191000
2013-02-09,23100.0,0.0,3.7,14191000
2013-02-10,21000.0,0.0,6.2,14191000
2013-02-11,18900.0,0.0,4.8,14191000
2013-02-12,17900.0,0.1,7.3,14191000
2013-02-13,17500.0,0.4,8.8,14191000
2013-02-14,17300.0,0.0,7.2,14191000
2013-02-15,16400.0,0.0,7.1,14191000
2013-02-16,15800.0,0.3,7.3,14191000
2013-02-17,15900.0,0.3,5.0,14191000
2013-02-18,15500.0,0.0,3.9,14191000
2013-02-19,15000.0,2.1,4.8,14191000
2013-02-20,14700.0,0.2,3.9,14191000
2013-02-21,14500.0,5.7,4.4,14191000
2013-02-22,14800.0,14.0,5.9,14191000
2013-02-23,17500.0,5.3,4.8,14191000
2013-02-24,19900.0,0.5,4.4,14191000
2013-02-25,19300.0,6.7,6.3,14191000
2013-02-26,19400.0,0.7,3.9,14191000
2013-02-27,19000.0,0.0,7.1,14191000
2013-02-28,18000.0,8.5,9.3,14191000
2013-03-01,20500.0,0.1,11.5,14191000
2013-03-02,22000.0,0.0,9.4,14191000
2013-03-03,20800.0,1.7,6.7,14191000
2013-03-04,19500.0,0.0,4.7,14191000
2013-03-05,18300.0,6.3,5.3,14191000
2013-03-06,18400.0,15.0,5.5,14191000
2013-03-07,20700.0,0.3,5.8,14191000
2013-03-08,20300.0,0.0,5.7,14191000
2013-03-09,18600.0,0.0,6.5,14191000
2013-03-10,17300.0,0.0,7.0,14191000
2013-03-11,16300.0,0.0,8.2,14191000
2013-03-12,15800.0,0.0,8.6,14191000
2013-03-13,15600.0,0.0,10.3,14191000
2013-03-14,15300.0,0.7,10.6,14191000
2013-03-15,15400.0,2.2,11.3,14191000
2013-03-16,15300.0,4.9,9.5,14191000
2013-03-17,15600.0,3.2,5.2,14191000
2013-03-18,15700.0,0.0,5.8,14191000
2013-03-19,14900.0,0.3,7.1,14191000
2013-03-20,16300.0,24.1,9.3,14191000
2013-03-21,23200.0,3.7,4.9,14191000
2013-03-22,23300.0,0.9,4.5,14191000
2013-03-23,20700.0,0.0,4.3,14191000
2013-03-24,18900.0,0.0,5.5,14191000
2013-03-25,17500.0,0.8,7.8,14191000
2013-03-26,16400.0,0.0,8.0,14191000
2013-03-27,15700.0,1.1,9.4,14191000
2013-03-28,15400.0,2.3,10.9,14191000
2013-03-29,15100.0,0.0,11.9,14191000
2013-03-30,15000.0,0.0,12.6,14191000
2013-03-31,14800.0,0.0,14.2,14191000
2013-04-01,14800.0,0.1,13.0,14191000
2013-04-02,15500.0,0.0,11.9,14191000
2013-04-03,16200.0,0.0,11.1,14191000
2013-04-04,16200.0,3.3,13.4,14191000
2013-04-05,17500.0,4.2,11.6,14191000
2013-04-06,22700.0,14.0,10.3,14191000
2013-04-07,28800.0,22.9,8.5,14191000
2013-04-08,35100.0,3.4,6.9,14191000
2013-04-09,34300.0,0.0,8.7,14191000
2013-04-10,30700.0,1.1,10.6,14191000
2013-04-11,28200.0,0.2,8.7,14191000
2013-04-12,25300.0,0.5,8.0,14191000
2013-04-13,21900.0,4.3,7.4,14191000
2013-04-14,20200.0,2.6,6.5,14191000
2013-04-15,19200.0,3.3,6.2,14191000
2013-04-16,18300.0,2.9,6.9,14191000
2013-04-17,18200.0,1.7,7.4,14191000
2013-04-18,19100.0,0.0,9.4,14191000
2013-04-19,18600.0,6.4,10.7,14191000
2013-04-20,20400.0,0.0,10.3,14191000
2013-04-21,21900.0,0.0,8.7,14191000
2013-04-22,21000.0,0.0,10.3,14191000
2013-04-23,19900.0,0.0,10.9,14191000
2013-04-24,18400.0,0.0,12.1,14191000
2013-04-25,16800.0,0.0,14.0,14191000
2013-04-26,16400.0,0.0,15.1,14191000
2013-04-27,16200.0,0.0,14.8,14191000
2013-04-28,16100.0,0.1,12.9,14191000
2013-04-29,15900.0,0.5,11.9,14191000
2013-04-30,15900.0,0.2,8.2,14191000
2013-05-01,15200.0,0.0,9.2,14191000
2013-05-02,14600.0,0.0,13.9,14191000
2013-05-03,15700.0,0.0,15.6,14191000
2013-05-04,15800.0,0.0,17.7,14191000
2013-05-05,15600.0,0.0,19.5,14191000
2013-05-06,16000.0,0.0,18.2,14191000
2013-05-07,16000.0,0.0,16.7,14191000
2013-05-08,16000.0,0.0,15.4,14191000
2013-05-09,15500.0,0.0,16.9,14191000
2013-05-10,15100.0,0.0,19.2,14191000
2013-05-11,15000.0,0.0,19.5,14191000
2013-05-12,14900.0,0.0,19.4,14191000
2013-05-13,15200.0,2.4,16.5,14191000
2013-05-14,15100.0,0.0,12.9,14191000
2013-05-15,14500.0,0.8,13.4,14191000
2013-05-16,14100.0,2.4,14.1,14191000
2013-05-17,14100.0,0.3,12.8,14191000
2013-05-18,14600.0,2.8,12.3,14191000
2013-05-19,14600.0,4.5,13.0,14191000
2013-05-20,14700.0,0.0,13.6,14191000
2013-05-21,14600.0,8.4,11.7,14191000
2013-05-22,14700.0,6.5,7.4,14191000
2013-05-23,15900.0,11.6,8.9,14191000
2013-05-24,17000.0,11.1,10.3,14191000
2013-05-25,17000.0,0.0,11.8,14191000
2013-05-26,15700.0,3.8,13.9,14191000
2013-05-27,15800.0,13.8,12.6,14191000
2013-05-28,18800.0,1.1,12.9,14191000
2013-05-29,20800.0,11.8,12.9,14191000
2013-05-30,22200.0,0.2,11.9,14191000
2013-05-31,23000.0,0.0,12.8,14191000
2013-06-01,19900.0,0.0,14.9,14191000
2013-06-02,16900.0,0.0,15.7,14191000
2013-06-03,15100.0,0.0,14.9,14191000
2013-06-04,14000.0,0.0,16.8,14191000
2013-06-05,13000.0,0.0,19.7,14191000
2013-06-06,12500.0,0.0,20.1,14191000
2013-06-07,11800.0,0.0,19.2,14191000
2013-06-08,11400.0,0.0,17.9,14191000
2013-06-09,11100.0,0.0,17.5,14191000
2013-06-10,10700.0,0.0,14.9,14191000
2013-06-11,10400.0,0.2,14.0,14191000
2013-06-12,10700.0,0.8,13.6,14191000
2013-06-13,11300.0,4.9,13.4,14191000
2013-06-14,11600.0,0.7,14.0,14191000
2013-06-15,11400.0,0.0,16.8,14191000
2013-06-16,11000.0,0.0,17.0,14191000
2013-06-17,10500.0,0.1,17.4,14191000
2013-06-18,10100.0,0.1,16.1,14191000
2013-06-19,10100.0,1.2,14.1,14191000
2013-06-20,10400.0,1.6,14.1,14191000
2013-06-21,10500.0,0.0,15.2,14191000
2013-06-22,10300.0,0.0,17.3,14191000
2013-06-23,10200.0,6.6,18.3,14191000
2013-06-24,10200.0,3.8,15.4,14191000
2013-06-25,10500.0,5.9,16.0,14191000
2013-06-26,11100.0,0.0,17.1,14191000
2013-06-27,11500.0,0.0,19.8,14191000
2013-06-28,10800.0,0.0,21.9,14191000
2013-06-29,10200.0,0.0,23.2,14191000
2013-06-30,9880.0,0.0,25.1,14191000
2013-07-01,9550.0,0.0,24.7,14191000
2013-07-02,9190.0,0.0,25.5,14191000
2013-07-03,8830.0,0.0,23.9,14191000
2013-07-04,8470.0,0.0,20.6,14191000
2013-07-05,8460.0,0.0,18.3,14191000
2013-07-06,8300.0,0.0,18.8,14191000
2013-07-07,8220.0,0.0,20.2,14191000
2013-07-08,8140.0,0.0,20.4,14191000
2013-07-09,8020.0,0.0,23.5,14191000
2013-07-10,7930.0,0.0,23.1,14191000
2013-07-11,7840.0,0.0,19.5,14191000
2013-07-12,7670.0,0.0,18.6,14191000
2013-07-13,7590.0,0.0,18.8,14191000
2013-07-14,7530.0,0.0,22.2,14191000
2013-07-15,7520.0,0.0,22.5,14191000
2013-07-16,7410.0,0.0,25.1,14191000
2013-07-17,7280.0,0.0,21.2,14191000
2013-07-18,7190.0,0.0,21.2,14191000
2013-07-19,7120.0,0.0,22.2,14191000
2013-07-20,7130.0,0.0,21.7,14191000
2013-07-21,7290.0,0.0,21.5,14191000
2013-07-22,7310.0,0.0,22.2,14191000
2013-07-23,7170.0,0.0,23.6,14191000
2013-07-24,7140.0,0.0,24.6,14191000
2013-07-25,7090.0,0.0,24.3,14191000
2013-07-26,6990.0,0.0,24.2,14191000
2013-07-27,6910.0,0.0,21.3,14191000
2013-07-28,6980.0,0.0,18.9,14191000
2013-07-29,7050.0,0.0,18.9,14191000
2013-07-30,7170.0,0.0,20.3,14191000
2013-07-31,7340.0,0.0,21.3,14191000
2013-08-01,7330.0,0.0,18.6,14191000
2013-08-02,7480.0,0.0,18.3,14191000
2013-08-03,7510.0,0.2,20.0,14191000
2013-08-04,7530.0,0.0,22.9,14191000
2013-08-05,7490.0,0.0,23.8,14191000
2013-08-06,7360.0,0.0,24.6,14191000
2013-08-07,7250.0,0.0,23.5,14191000
2013-08-08,7230.0,0.0,21.4,14191000
2013-08-09,7290.0,0.1,22.0,14191000
2013-08-10,7330.0,0.7,21.9,14191000
2013-08-11,7400.0,0.0,20.5,14191000
2013-08-12,7450.0,0.0,19.9,14191000
2013-08-13,7410.0,0.0,20.1,14191000
2013-08-14,7380.0,0.0,21.9,14191000
2013-08-15,7330.0,0.0,22.1,14191000
2013-08-16,7370.0,0.0,21.9,14191000
2013-08-17,7370.0,0.0,21.3,14191000
2013-08-18,7350.0,0.0,20.9,14191000
2013-08-19,7330.0,0.0,22.7,14191000
2013-08-20,7230.0,0.0,21.2,14191000
2013-08-21,7100.0,0.0,22.9,14191000
2013-08-22,7140.0,0.0,25.2,14191000
2013-08-23,7200.0,0.0,20.6,14191000
2013-08-24,7240.0,0.0,19.5,14191000
2013-08-25,7470.0,5.6,18.0,14191000
2013-08-26,7750.0,0.0,17.9,14191000
2013-08-27,7930.0,2.0,20.4,14191000
2013-08-28,8200.0,0.6,21.3,14191000
2013-08-29,8160.0,5.3,21.4,14191000
2013-08-30,8170.0,0.2,20.8,14191000
2013-08-31,8110.0,0.0,21.1,14191000
2013-09-01,8190.0,0.0,21.4,14191000
2013-09-02,8400.0,0.3,20.9,14191000
2013-09-03,8530.0,1.1,19.9,14191000
2013-09-04,8740.0,0.0,19.6,14191000
2013-09-05,9280.0,2.4,18.7,14191000
2013-09-06,11600.0,10.8,17.2,14191000
2013-09-07,11600.0,0.0,18.8,14191000
2013-09-08,10700.0,0.0,21.0,14191000
2013-09-09,10300.0,0.0,21.8,14191000
2013-09-10,10400.0,0.0,23.4,14191000
2013-09-11,10300.0,0.0,25.1,14191000
2013-09-12,10100.0,0.0,21.9,14191000
2013-09-13,10100.0,0.0,21.1,14191000
2013-09-14,10200.0,0.0,21.0,14191000
2013-09-15,10100.0,0.0,19.9,14191000
2013-09-16,10100.0,0.0,17.9,14191000
2013-09-17,10100.0,0.0,17.5,14191000
2013-09-18,10400.0,0.0,16.5,14191000
2013-09-19,9630.0,0.0,17.2,14191000
2013-09-20,9220.0,0.0,17.3,14191000
2013-09-21,9170.0,7.2,15.7,14191000
2013-09-22,9610.0,6.1,14.3,14191000
2013-09-23,9910.0,1.9,14.0,14191000
2013-09-24,10600.0,7.4,13.5,14191000
2013-09-25,12000.0,3.3,11.1,14191000
2013-09-26,13300.0,0.8,12.0,14191000
2013-09-27,12500.0,6.1,11.4,14191000
2013-09-28,14600.0,24.0,13.7,14191000
2013-09-29,21600.0,42.8,12.6,14191000
2013-09-30,34600.0,19.0,12.6,14191000
2013-10-01,39700.0,3.8,11.4,14191000
2013-10-02,32900.0,4.8,9.1,14191000
2013-10-03,28200.0,1.2,8.9,14191000
2013-10-04,25000.0,0.0,9.8,14191000
2013-10-05,23300.0,0.0,12.1,14191000
2013-10-06,21700.0,0.0,13.6,14191000
2013-10-07,20700.0,3.8,13.6,14191000
2013-10-08,19200.0,4.6,10.5,14191000
2013-10-09,18600.0,0.3,8.1,14191000
2013-10-10,18000.0,0.0,10.2,14191000
2013-10-11,17300.0,0.1,11.2,14191000
2013-10-12,16500.0,0.0,10.4,14191000
2013-10-13,16100.0,0.0,9.3,14191000
2013-10-14,16000.0,0.0,10.3,14191000
2013-10-15,16000.0,0.0,10.8,14191000
2013-10-16,15800.0,0.0,11.2,14191000
2013-10-17,15400.0,0.0,11.5,14191000
2013-10-18,15200.0,0.0,11.6,14191000
2013-10-19,15100.0,0.0,12.9,14191000
2013-10-20,15100.0,0.0,11.9,14191000
2013-10-21,15100.0,0.0,12.9,14191000
2013-10-22,15000.0,0.0,13.5,14191000
2013-10-23,15000.0,0.0,12.9,14191000
2013-10-24,14700.0,0.0,13.2,14191000
2013-10-25,14700.0,0.0,12.5,14191000
2013-10-26,15500.0,0.0,10.6,14191000
2013-10-27,14800.0,2.7,8.7,14191000
2013-10-28,14800.0,0.0,9.1,14191000
2013-10-29,15500.0,0.0,7.2,14191000
2013-10-30,15800.0,0.0,6.5,14191000
2013-10-31,14800.0,0.0,11.1,14191000
2013-11-01,15200.0,0.3,10.2,14191000
2013-11-02,15800.0,8.3,11.1,14191000
2013-11-03,16700.0,0.8,7.9,14191000
2013-11-04,17500.0,5.8,7.6,14191000
2013-11-05,18400.0,6.0,9.6,14191000
2013-11-06,21300.0,2.0,11.9,14191000
2013-11-07,23000.0,14.6,11.9,14191000
2013-11-08,25200.0,1.6,9.7,14191000
2013-11-09,28100.0,0.0,7.3,14191000
2013-11-10,28600.0,0.0,8.9,14191000
2013-11-11,28000.0,0.0,9.4,14191000
2013-11-12,26700.0,3.8,9.9,14191000
2013-11-13,25700.0,0.0,10.7,14191000
2013-11-14,23600.0,0.4,8.0,14191000
2013-11-15,21300.0,0.3,6.2,14191000
2013-11-16,20700.0,6.4,8.1,14191000
2013-11-17,23400.0,1.0,8.5,14191000
2013-11-18,25400.0,2.3,11.2,14191000
2013-11-19,27000.0,23.4,9.9,14191000
2013-11-20,33900.0,0.0,4.8,14191000
2013-11-21,36600.0,0.0,2.9,14191000
2013-11-22,30600.0,0.0,1.5,14191000
2013-11-23,26300.0,0.0,1.8,14191000
2013-11-24,21700.0,0.0,3.6,14191000
2013-11-25,19700.0,0.0,2.7,14191000
2013-11-26,18100.0,0.0,3.1,14191000
2013-11-27,16900.0,0.0,3.8,14191000
2013-11-28,15900.0,0.0,3.7,14191000
2013-11-29,15100.0,0.0,2.0,14191000
2013-11-30,14200.0,0.0,3.7,14191000
2013-12-01,13700.0,4.6,10.0,14191000
2013-12-02,21300.0,17.7,8.5,14191000
2013-12-03,33500.0,0.0,3.1,14191000
2013-12-04,31500.0,0.0,-0.6,14191000
2013-12-05,27600.0,0.0,-2.8,14191000
2013-12-06,25600.0,2.3,-2.2,14191000
2013-12-07,23800.0,0.0,-3.1,14191000
2013-12-08,22500.0,0.0,-5.5,14191000
2013-12-09,20900.0,0.0,-3.7,14191000
2013-12-10,19900.0,0.0,0.0,14191000
2013-12-11,18000.0,0.0,-0.4,14191000
2013-12-12,16300.0,0.9,0.1,14191000
2013-12-13,15900.0,3.3,4.3,14191000
2013-12-14,16100.0,0.0,2.7,14191000
2013-12-15,15700.0,0.0,3.0,14191000
2013-12-16,15300.0,0.0,4.0,14191000
2013-12-17,15100.0,0.0,4.1,14191000
2013-12-18,14700.0,0.0,3.4,14191000
2013-12-19,14400.0,1.8,0.1,14191000
2013-12-20,14000.0,1.6,1.0,14191000
2013-12-21,13900.0,1.5,7.1,14191000
2013-12-22,15400.0,1.8,7.2,14191000
2013-12-23,16200.0,1.6,8.0,14191000
2013-12-24,16800.0,0.5,4.4,14191000
2013-12-25,16700.0,0.0,2.4,14191000
2013-12-26,15600.0,0.0,3.5,14191000
2013-12-27,14800.0,0.0,2.8,14191000
2013-12-28,14000.0,0.0,3.8,14191000
2013-12-29,13300.0,0.0,2.5,14191000
2013-12-30,12700.0,0.0,3.3,14191000
2013-12-31,12300.0,0.0,3.6,14191000
2014-01-01,11900.0,0.0,4.4,14191000
2014-01-02,11800.0,0.0,4.3,14191000
2014-01-03,11600.0,1.5,5.8,14191000
2014-01-04,11600.0,0.0,1.2,14191000
2014-01-05,11300.0,0.0,1.3,14191000
2014-01-06,10900.0,0.0,2.0,14191000
2014-01-07,10700.0,3.7,4.5,14191000
2014-01-08,11000.0,6.7,7.9,14191000
2014-01-09,13200.0,7.8,6.6,14191000
2014-01-10,18000.0,1.1,8.7,14191000
2014-01-11,20700.0,14.2,10.1,14191000
2014-01-12,28600.0,11.0,7.1,14191000
2014-01-13,35900.0,0.0,9.1,14191000
2014-01-14,35600.0,0.0,6.1,14191000
2014-01-15,29400.0,0.0,5.8,14191000
2014-01-16,24500.0,0.0,4.2,14191000
2014-01-17,21800.0,0.0,3.4,14191000
2014-01-18,19500.0,0.0,3.5,14191000
2014-01-19,17700.0,0.0,3.2,14191000
2014-01-20,16400.0,0.0,3.2,14191000
2014-01-21,15500.0,0.0,3.4,14191000
2014-01-22,14700.0,0.0,3.1,14191000
2014-01-23,14100.0,0.0,4.4,14191000
2014-01-24,13700.0,0.0,4.6,14191000
2014-01-25,13600.0,0.0,5.0,14191000
2014-01-26,13100.0,0.0,4.5,14191000
2014-01-27,12700.0,0.0,2.8,14191000
2014-01-28,12500.0,4.9,3.8,14191000
2014-01-29,13500.0,14.3,8.8,14191000
2014-01-30,21000.0,0.5,6.5,14191000
2014-01-31,23600.0,0.7,4.9,14191000
2014-02-01,23200.0,0.0,4.9,14191000
2014-02-02,21600.0,0.0,3.7,14191000
2014-02-03,20200.0,0.8,2.5,14191000
2014-02-04,19400.0,1.3,0.3,14191000
2014-02-05,18700.0,0.0,-0.1,14191000
2014-02-06,18000.0,6.3,-2.2,14191000
2014-02-07,17700.0,10.9,-3.8,14191000
2014-02-08,17900.0,17.8,0.1,14191000
2014-02-09,25200.0,6.0,2.9,14191000
2014-02-10,37900.0,1.4,2.0,14191000
2014-02-11,46400.0,5.6,6.2,14191000
2014-02-12,67600.0,12.0,9.4,14191000
2014-02-13,87700.0,0.7,9.7,14191000
2014-02-14,96600.0,22.0,9.8,14191000
2014-02-15,103000.0,14.3,7.8,14191000
2014-02-16,106000.0,9.5,6.8,14191000
2014-02-17,107000.0,16.4,8.9,14191000
2014-02-18,105000.0,18.9,8.3,14191000
2014-02-19,105000.0,6.2,5.3,14191000
2014-02-20,106000.0,10.6,6.5,14191000
2014-02-21,105000.0,0.2,7.0,14191000
2014-02-22,101000.0,0.0,4.3,14191000
2014-02-23,90600.0,0.0,5.7,14191000
2014-02-24,80900.0,5.2,8.8,14191000
2014-02-25,72800.0,0.2,8.8,14191000
2014-02-26,64300.0,0.0,7.1,14191000
2014-02-27,57100.0,5.2,7.4,14191000
2014-02-28,52500.0,0.0,9.2,14191000
2014-03-01,49100.0,4.5,8.3,14191000
2014-03-02,47200.0,12.1,9.1,14191000
2014-03-03,53500.0,9.9,11.0,14191000
2014-03-04,61700.0,0.0,11.1,14191000
2014-03-05,63100.0,19.8,12.0,14191000
2014-03-06,77600.0,21.3,10.9,14191000
2014-03-07,83500.0,0.5,10.6,14191000
2014-03-08,82500.0,0.8,9.2,14191000
2014-03-09,82800.0,19.4,12.1,14191000
2014-03-10,89100.0,4.1,9.7,14191000
2014-03-11,91700.0,0.0,6.9,14191000
2014-03-12,90600.0,0.0,8.0,14191000
2014-03-13,80900.0,0.0,9.7,14191000
2014-03-14,69100.0,5.4,10.8,14191000
2014-03-15,62800.0,0.0,9.8,14191000
2014-03-16,57300.0,0.0,12.1,14191000
2014-03-17,53500.0,14.2,7.1,14191000
2014-03-18,49600.0,0.0,6.9,14191000
2014-03-19,43000.0,0.2,7.2,14191000
2014-03-20,34700.0,2.0,5.7,14191000
2014-03-21,26000.0,0.0,5.7,14191000
2014-03-22,22200.0,0.0,6.2,14191000
2014-03-23,20200.0,0.0,7.7,14191000
2014-03-24,19000.0,0.0,10.1,14191000
2014-03-25,18200.0,8.3,11.0,14191000
2014-03-26,18400.0,4.4,8.6,14191000
2014-03-27,21100.0,9.5,8.4,14191000
2014-03-28,29500.0,25.2,9.2,14191000
2014-03-29,50500.0,10.8,9.2,14191000
2014-03-30,63000.0,3.2,7.8,14191000
2014-03-31,56800.0,1.6,7.0,14191000
2014-04-01,48200.0,10.4,7.9,14191000
2014-04-02,43800.0,0.5,8.1,14191000
2014-04-03,39200.0,0.6,8.9,14191000
2014-04-04,35500.0,8.7,8.8,14191000
2014-04-05,33400.0,6.6,9.6,14191000
2014-04-06,33800.0,5.6,11.3,14191000
2014-04-07,35900.0,0.0,12.6,14191000
2014-04-08,32900.0,0.0,13.5,14191000
2014-04-09,30500.0,2.1,12.4,14191000
2014-04-10,28300.0,0.0,10.0,14191000
2014-04-11,26200.0,0.0,10.8,14191000
2014-04-12,24500.0,0.0,11.1,14191000
2014-04-13,22700.0,0.0,11.5,14191000
2014-04-14,21500.0,0.0,12.6,14191000
2014-04-15,20400.0,0.0,10.2,14191000
2014-04-16,19200.0,0.0,10.7,14191000
2014-04-17,18600.0,11.4,11.1,14191000
2014-04-18,18400.0,1.4,8.7,14191000
2014-04-19,17900.0,3.9,9.1,14191000
2014-04-20,17300.0,0.0,10.7,14191000
2014-04-21,16800.0,0.1,11.9,14191000
2014-04-22,16600.0,10.6,9.3,14191000
2014-04-23,17300.0,21.3,8.4,14191000
2014-04-24,24200.0,23.2,10.9,14191000
2014-04-25,36400.0,1.5,8.8,14191000
2014-04-26,36000.0,1.9,7.6,14191000
2014-04-27,33300.0,10.8,8.4,14191000
2014-04-28,33000.0,1.9,8.7,14191000
2014-04-29,31500.0,0.0,13.2,14191000
2014-04-30,28600.0,0.0,16.8,14191000
2014-05-01,26300.0,0.0,18.6,14191000
2014-05-02,24500.0,0.0,17.0,14191000
2014-05-03,23000.0,0.1,13.3,14191000
2014-05-04,21800.0,21.2,11.7,14191000
2014-05-05,22700.0,6.0,10.7,14191000
2014-05-06,23300.0,0.4,11.1,14191000
2014-05-07,22200.0,0.0,10.4,14191000
2014-05-08,20800.0,8.6,11.3,14191000
2014-05-09,22400.0,12.1,10.4,14191000
2014-05-10,35000.0,5.4,9.4,14191000
2014-05-11,45300.0,0.0,11.1,14191000
2014-05-12,44100.0,0.0,13.6,14191000
2014-05-13,37300.0,0.0,16.0,14191000
2014-05-14,31000.0,0.0,19.2,14191000
2014-05-15,26900.0,0.0,20.1,14191000
2014-05-16,24300.0,0.0,16.0,14191000
2014-05-17,21800.0,0.0,14.4,14191000
2014-05-18,19900.0,8.6,13.4,14191000
2014-05-19,20400.0,6.4,13.0,14191000
2014-05-20,21500.0,0.0,14.4,14191000
2014-05-21,20100.0,0.0,14.6,14191000
2014-05-22,19300.0,0.0,16.9,14191000
2014-05-23,18100.0,1.2,17.9,14191000
2014-05-24,17300.0,0.0,15.5,14191000
2014-05-25,16900.0,0.0,15.3,14191000
2014-05-26,16500.0,2.3,15.1,14191000
2014-05-27,16100.0,0.0,13.1,14191000
2014-05-28,15800.0,1.5,12.6,14191000
2014-05-29,15100.0,1.8,12.8,14191000
2014-05-30,14000.0,0.0,14.8,14191000
2014-05-31,12900.0,0.0,16.2,14191000
2014-06-01,12400.0,0.0,15.2,14191000
2014-06-02,12100.0,0.0,16.7,14191000
2014-06-03,11900.0,0.0,15.4,14191000
2014-06-04,12200.0,0.0,14.9,14191000
2014-06-05,12600.0,0.0,16.1,14191000
2014-06-06,12500.0,0.0,16.6,14191000
2014-06-07,12800.0,0.0,17.7,14191000
2014-06-08,13300.0,0.0,18.3,14191000
2014-06-09,13300.0,0.0,18.6,14191000
2014-06-10,13200.0,0.0,16.3,14191000
2014-06-11,13100.0,0.0,17.5,14191000
2014-06-12,13000.0,0.0,16.4,14191000
2014-06-13,13000.0,9.1,14.0,14191000
2014-06-14,13400.0,0.1,13.6,14191000
2014-06-15,13000.0,0.1,13.9,14191000
2014-06-16,12100.0,1.8,12.1,14191000
2014-06-17,12000.0,0.3,12.2,14191000
2014-06-18,12000.0,0.0,14.5,14191000
2014-06-19,11700.0,0.0,17.0,14191000
2014-06-20,11300.0,1.8,16.7,14191000
2014-06-21,11000.0,0.0,15.8,14191000
2014-06-22,10800.0,0.0,17.9,14191000
2014-06-23,11000.0,0.0,20.0,14191000
2014-06-24,11000.0,0.0,18.2,14191000
2014-06-25,11000.0,0.0,19.5,14191000
2014-06-26,11600.0,6.6,16.5,14191000
2014-06-27,12300.0,12.2,16.4,14191000
2014-06-28,12600.0,0.4,16.8,14191000
2014-06-29,12300.0,0.0,16.4,14191000
2014-06-30,11600.0,0.0,18.5,14191000
2014-07-01,11000.0,0.0,23.1,14191000
2014-07-02,10700.0,0.0,22.3,14191000
2014-07-03,9870.0,0.0,18.8,14191000
2014-07-04,9300.0,0.0,19.1,14191000
2014-07-05,8880.0,0.0,20.7,14191000
2014-07-06,8640.0,0.0,22.6,14191000
2014-07-07,8530.0,0.0,24.1,14191000
2014-07-08,8330.0,0.0,24.6,14191000
2014-07-09,8490.0,0.0,23.1,14191000
2014-07-10,8530.0,0.0,21.3,14191000
2014-07-11,8340.0,0.0,23.5,14191000
2014-07-12,7970.0,0.0,24.4,14191000
2014-07-13,7950.0,0.1,24.3,14191000
2014-07-14,8020.0,0.0,22.0,14191000
2014-07-15,7990.0,0.0,24.5,14191000
2014-07-16,7850.0,0.0,25.6,14191000
2014-07-17,7700.0,0.0,22.5,14191000
2014-07-18,7580.0,0.0,20.2,14191000
2014-07-19,7410.0,0.0,22.7,14191000
2014-07-20,7370.0,0.2,21.6,14191000
2014-07-21,7350.0,0.0,19.3,14191000
2014-07-22,7320.0,2.6,20.6,14191000
2014-07-23,7510.0,9.3,18.0,14191000
2014-07-24,7820.0,2.2,16.4,14191000
2014-07-25,7960.0,0.0,18.0,14191000
2014-07-26,7730.0,0.0,20.1,14191000
2014-07-27,7550.0,0.0,22.1,14191000
2014-07-28,7450.0,0.0,24.2,14191000
2014-07-29,7260.0,0.0,24.7,14191000
2014-07-30,7220.0,0.0,23.8,14191000
2014-07-31,7330.0,0.0,24.9,14191000
2014-08-01,7440.0,0.0,25.7,14191000
2014-08-02,7810.0,0.0,25.2,14191000
2014-08-03,7820.0,0.0,24.2,14191000
2014-08-04,7860.0,0.0,26.1,14191000
2014-08-05,7780.0,0.0,23.1,14191000
2014-08-06,7870.0,0.0,21.9,14191000
2014-08-07,7900.0,0.0,21.5,14191000
2014-08-08,7830.0,0.0,20.4,14191000
2014-08-09,7810.0,0.0,21.0,14191000
2014-08-10,7810.0,0.0,24.4,14191000
2014-08-11,7850.0,0.0,29.2,14191000
2014-08-12,7800.0,1.4,24.9,14191000
2014-08-13,7840.0,0.0,20.3,14191000
2014-08-14,7980.0,0.0,20.6,14191000
2014-08-15,8000.0,0.0,21.1,14191000
2014-08-16,8060.0,0.0,22.1,14191000
2014-08-17,8060.0,0.0,24.3,14191000
2014-08-18,7960.0,0.0,24.1,14191000
2014-08-19,7870.0,0.0,24.5,14191000
2014-08-20,7820.0,0.0,20.3,14191000
2014-08-21,7760.0,0.0,18.9,14191000
2014-08-22,7740.0,0.1,20.6,14191000
2014-08-23,7750.0,0.0,21.5,14191000
2014-08-24,7690.0,0.0,22.4,14191000
2014-08-25,7730.0,0.0,22.5,14191000
2014-08-26,7710.0,0.0,25.1,14191000
2014-08-27,7660.0,0.0,24.7,14191000
2014-08-28,7640.0,0.0,23.1,14191000
2014-08-29,7830.0,0.0,21.3,14191000
2014-08-30,7650.0,1.1,19.3,14191000
2014-08-31,7740.0,0.0,17.8,14191000
2014-09-01,7860.0,0.0,19.2,14191000
2014-09-02,8010.0,0.0,20.3,14191000
2014-09-03,8150.0,0.0,17.6,14191000
2014-09-04,8230.0,0.0,19.3,14191000
2014-09-05,8160.0,0.0,23.3,14191000
2014-09-06,8120.0,0.0,24.5,14191000
2014-09-07,8290.0,0.0,22.4,14191000
2014-09-08,8480.0,0.0,20.6,14191000
2014-09-09,8500.0,0.0,19.1,14191000
2014-09-10,8210.0,0.0,18.5,14191000
2014-09-11,8290.0,0.0,21.1,14191000
2014-09-12,8200.0,0.0,20.5,14191000
2014-09-13,8130.0,0.0,21.8,14191000
2014-09-14,8370.0,0.0,22.3,14191000
2014-09-15,8350.0,0.0,23.2,14191000
2014-09-16,8290.0,0.0,20.5,14191000
2014-09-17,8310.0,0.0,20.5,14191000
2014-09-18,8340.0,1.7,18.4,14191000
2014-09-19,8380.0,0.0,19.9,14191000
2014-09-20,8400.0,0.0,22.3,14191000
2014-09-21,8410.0,0.0,23.3,14191000
2014-09-22,8440.0,0.0,19.1,14191000
2014-09-23,8530.0,0.4,19.2,14191000
2014-09-24,9010.0,26.5,17.6,14191000
2014-09-25,9420.0,1.0,16.7,14191000
2014-09-26,9450.0,0.5,16.8,14191000
2014-09-27,9170.0,0.0,16.1,14191000
2014-09-28,9010.0,0.0,16.6,14191000
2014-09-29,9000.0,0.1,16.2,14191000
2014-09-30,9260.0,1.4,14.1,14191000
2014-10-01,9600.0,0.0,14.2,14191000
2014-10-02,9890.0,0.0,14.0,14191000
2014-10-03,10300.0,0.0,16.3,14191000
2014-10-04,10700.0,0.0,19.6,14191000
2014-10-05,11000.0,0.0,19.4,14191000
2014-10-06,11300.0,0.0,20.8,14191000
2014-10-07,11500.0,0.0,21.0,14191000
2014-10-08,11500.0,0.0,19.5,14191000
2014-10-09,11400.0,0.0,18.0,14191000
2014-10-10,11300.0,0.0,16.6,14191000
2014-10-11,11400.0,1.3,17.7,14191000
2014-10-12,11400.0,0.0,14.4,14191000
2014-10-13,11400.0,0.0,15.3,14191000
2014-10-14,11600.0,15.1,15.6,14191000
2014-10-15,12200.0,5.5,13.0,14191000
2014-10-16,12300.0,0.8,14.0,14191000
2014-10-17,12200.0,2.5,14.6,14191000
2014-10-18,12200.0,7.9,16.0,14191000
2014-10-19,12100.0,0.0,16.5,14191000
2014-10-20,12100.0,11.1,16.1,14191000
2014-10-21,12200.0,3.9,13.0,14191000
2014-10-22,13300.0,30.0,13.8,14191000
2014-10-23,16100.0,26.3,13.6,14191000
2014-10-24,18600.0,1.9,11.8,14191000
2014-10-25,16200.0,2.7,11.5,14191000
2014-10-26,15300.0,10.5,11.0,14191000
2014-10-27,18000.0,2.1,10.4,14191000
2014-10-28,17700.0,6.7,12.7,14191000
2014-10-29,18200.0,1.8,14.1,14191000
2014-10-30,21400.0,3.5,13.8,14191000
2014-10-31,23300.0,23.8,13.0,14191000
2014-11-01,26800.0,0.1,9.3,14191000
2014-11-02,24600.0,1.1,9.1,14191000
2014-11-03,21300.0,10.2,11.1,14191000
2014-11-04,20800.0,12.7,12.8,14191000
2014-11-05,22100.0,0.0,14.2,14191000
2014-11-06,20500.0,2.2,13.9,14191000
2014-11-07,18600.0,0.2,10.8,14191000
2014-11-08,17800.0,0.0,8.8,14191000
2014-11-09,16900.0,1.4,9.5,14191000
2014-11-10,16400.0,0.0,8.8,14191000
2014-11-11,15800.0,0.0,7.9,14191000
2014-11-12,15200.0,0.0,3.8,14191000
2014-11-13,15400.0,18.2,2.8,14191000
2014-11-14,22400.0,4.6,1.9,14191000
2014-11-15,36000.0,0.0,0.7,14191000
2014-11-16,33400.0,0.0,0.2,14191000
2014-11-17,26400.0,0.0,0.8,14191000
2014-11-18,23700.0,0.0,1.3,14191000
2014-11-19,25200.0,0.0,2.6,14191000
2014-11-20,27100.0,5.6,8.3,14191000
2014-11-21,28900.0,8.4,8.7,14191000
2014-11-22,34500.0,17.7,9.8,14191000
2014-11-23,44900.0,0.9,8.3,14191000
2014-11-24,44500.0,3.4,10.0,14191000
2014-11-25,40800.0,1.1,13.0,14191000
2014-11-26,39700.0,0.0,12.3,14191000
2014-11-27,38300.0,4.0,12.7,14191000
2014-11-28,41400.0,9.7,11.8,14191000
2014-11-29,53900.0,10.2,6.6,14191000
2014-11-30,62500.0,0.0,1.7,14191000
2014-12-01,57900.0,0.8,2.1,14191000
2014-12-02,51200.0,0.0,4.5,14191000
2014-12-03,50900.0,0.0,4.6,14191000
2014-12-04,49500.0,12.6,6.9,14191000
2014-12-05,52500.0,9.2,9.4,14191000
2014-12-06,53800.0,12.6,9.8,14191000
2014-12-07,52600.0,0.0,7.7,14191000
2014-12-08,46900.0,0.0,8.6,14191000
2014-12-09,41300.0,6.4,13.3,14191000
2014-12-10,37400.0,19.3,12.5,14191000
2014-12-11,41200.0,13.0,10.1,14191000
2014-12-12,42900.0,1.1,9.6,14191000
2014-12-13,37100.0,0.3,5.7,14191000
2014-12-14,32300.0,0.0,5.0,14191000
2014-12-15,29200.0,1.7,5.9,14191000
2014-12-16,26700.0,1.0,7.0,14191000
2014-12-17,23200.0,3.1,6.7,14191000
2014-12-18,20700.0,0.8,8.6,14191000
2014-12-19,20700.0,14.7,9.3,14191000
2014-12-20,30200.0,37.1,9.2,14191000
2014-12-21,64200.0,14.9,12.3,14191000
2014-12-22,89600.0,4.8,10.9,14191000
2014-12-23,95900.0,0.0,9.7,14191000
2014-12-24,98500.0,24.6,8.3,14191000
2014-12-25,99900.0,0.4,5.2,14191000
2014-12-26,98200.0,0.3,5.6,14191000
2014-12-27,93200.0,3.7,6.8,14191000
2014-12-28,87800.0,5.0,6.2,14191000
2014-12-29,84700.0,1.6,4.0,14191000
2014-12-30,81600.0,0.0,-0.5,14191000
2014-12-31,76500.0,0.0,-2.1,14191000
2015-01-01,67600.0,0.0,-1.0,14191000
2015-01-02,61000.0,0.0,0.9,14191000
2015-01-03,53200.0,0.0,2.8,14191000
2015-01-04,44100.0,4.2,5.4,14191000
2015-01-05,38000.0,3.4,10.0,14191000
2015-01-06,33700.0,0.0,9.1,14191000
2015-01-07,29700.0,0.0,8.1,14191000
2015-01-08,26700.0,0.0,6.5,14191000
2015-01-09,24300.0,0.0,5.4,14191000
2015-01-10,23300.0,0.5,4.6,14191000
2015-01-11,22200.0,1.4,6.9,14191000
2015-01-12,21900.0,2.5,7.2,14191000
2015-01-13,22200.0,0.0,7.1,14191000
2015-01-14,21300.0,0.0,4.5,14191000
2015-01-15,20300.0,0.2,3.6,14191000
2015-01-16,21600.0,14.2,8.6,14191000
2015-01-17,28200.0,23.3,7.9,14191000
2015-01-18,50200.0,15.9,11.7,14191000
2015-01-19,61200.0,2.7,7.7,14191000
2015-01-20,53700.0,0.0,5.6,14191000
2015-01-21,44700.0,0.0,4.5,14191000
2015-01-22,40600.0,0.0,6.7,14191000
2015-01-23,36400.0,1.9,7.8,14191000
2015-01-24,34400.0,0.0,9.7,14191000
2015-01-25,32600.0,0.0,10.6,14191000
2015-01-26,31300.0,0.0,9.3,14191000
2015-01-27,30100.0,0.0,8.8,14191000
2015-01-28,27100.0,0.9,9.6,14191000
2015-01-29,23200.0,0.0,8.7,14191000
2015-01-30,21000.0,0.0,7.2,14191000
2015-01-31,19000.0,0.0,6.9,14191000
2015-02-01,17100.0,2.2,6.6,14191000
2015-02-02,15900.0,6.6,10.2,14191000
2015-02-03,16600.0,2.3,8.7,14191000
2015-02-04,19100.0,4.8,9.2,14191000
2015-02-05,21400.0,4.1,11.2,14191000
2015-02-06,27800.0,30.7,12.3,14191000
2015-02-07,45700.0,22.7,11.7,14191000
2015-02-08,59000.0,9.1,10.8,14191000
2015-02-09,62800.0,23.7,9.8,14191000
2015-02-10,64800.0,16.7,10.2,14191000
2015-02-11,64000.0,0.0,9.1,14191000
2015-02-12,52300.0,0.0,10.0,14191000
2015-02-13,42000.0,0.0,10.3,14191000
2015-02-14,35300.0,0.0,9.3,14191000
2015-02-15,30200.0,0.0,8.6,14191000
2015-02-16,25400.0,0.0,9.5,14191000
2015-02-17,21900.0,0.0,8.9,14191000
2015-02-18,19300.0,0.0,9.0,14191000
2015-02-19,17400.0,0.0,8.8,14191000
2015-02-20,16200.0,0.0,9.4,14191000
2015-02-21,15100.0,0.0,7.8,14191000
2015-02-22,14300.0,0.0,7.8,14191000
2015-02-23,13600.0,0.0,5.8,14191000
2015-02-24,13100.0,0.0,7.1,14191000
2015-02-25,12700.0,0.2,7.8,14191000
2015-02-26,12300.0,2.0,8.9,14191000
2015-02-27,12200.0,10.5,9.1,14191000
2015-02-28,13000.0,1.0,7.5,14191000
2015-03-01,13100.0,0.0,5.6,14191000
2015-03-02,12300.0,0.4,7.6,14191000
2015-03-03,11900.0,0.0,5.9,14191000
2015-03-04,11500.0,0.0,5.2,14191000
2015-03-05,11200.0,0.0,7.5,14191000
2015-03-06,10900.0,0.0,9.2,14191000
2015-03-07,10600.0,0.0,10.6,14191000
2015-03-08,10400.0,0.0,10.7,14191000
2015-03-09,10200.0,0.0,10.5,14191000
2015-03-10,10100.0,0.0,11.0,14191000
2015-03-11,9960.0,4.2,12.6,14191000
2015-03-12,9970.0,5.4,13.0,14191000
2015-03-13,10000.0,0.0,12.8,14191000
2015-03-14,10100.0,19.6,13.2,14191000
2015-03-15,16000.0,32.2,12.7,14191000
2015-03-16,22800.0,0.0,9.5,14191000
2015-03-17,19600.0,0.0,9.6,14191000
2015-03-18,16800.0,0.0,10.3,14191000
2015-03-19,15000.0,0.0,10.6,14191000
2015-03-20,13800.0,0.0,11.6,14191000
2015-03-21,13900.0,13.1,11.4,14191000
2015-03-22,14300.0,0.4,9.5,14191000
2015-03-23,14800.0,9.3,8.3,14191000
2015-03-24,18900.0,17.3,9.0,14191000
2015-03-25,21900.0,2.8,11.7,14191000
2015-03-26,20200.0,0.0,12.5,14191000
2015-03-27,18100.0,0.0,13.3,14191000
2015-03-28,16600.0,2.7,11.6,14191000
2015-03-29,16000.0,0.0,11.9,14191000
2015-03-30,15000.0,0.0,12.4,14191000
2015-03-31,14300.0,5.0,10.9,14191000
2015-04-01,15000.0,3.5,7.3,14191000
2015-04-02,15400.0,1.2,7.2,14191000
2015-04-03,14900.0,5.7,7.2,14191000
2015-04-04,14700.0,0.6,6.3,14191000
2015-04-05,14200.0,0.0,7.6,14191000
2015-04-06,13800.0,1.8,7.6,14191000
2015-04-07,13800.0,0.5,8.9,14191000
2015-04-08,13600.0,3.2,9.5,14191000
2015-04-09,13800.0,2.8,9.2,14191000
2015-04-10,13600.0,0.0,10.1,14191000
2015-04-11,13300.0,11.0,9.8,14191000
2015-04-12,13800.0,0.1,8.0,14191000
2015-04-13,13600.0,2.8,8.9,14191000
2015-04-14,14100.0,5.8,6.4,14191000
2015-04-15,15600.0,1.5,6.7,14191000
2015-04-16,15700.0,0.0,9.8,14191000
2015-04-17,15100.0,0.0,13.2,14191000
2015-04-18,14200.0,0.0,13.1,14191000
2015-04-19,13400.0,0.0,14.8,14191000
2015-04-20,12700.0,0.0,15.5,14191000
2015-04-21,12200.0,0.0,13.9,14191000
2015-04-22,11800.0,0.0,9.8,14191000
2015-04-23,11300.0,0.7,8.7,14191000
2015-04-24,11100.0,3.0,8.4,14191000
2015-04-25,11100.0,3.7,9.2,14191000
2015-04-26,11300.0,1.3,9.1,14191000
2015-04-27,11300.0,0.6,14.3,14191000
2015-04-28,11000.0,0.5,15.6,14191000
2015-04-29,10700.0,0.4,11.0,14191000
2015-04-30,10400.0,0.0,11.4,14191000
2015-05-01,10100.0,0.0,14.0,14191000
2015-05-02,9790.0,0.0,13.3,14191000
2015-05-03,9730.0,0.0,13.5,14191000
2015-05-04,9600.0,0.0,13.1,14191000
2015-05-05,9510.0,1.0,11.7,14191000
2015-05-06,9360.0,0.2,10.9,14191000
2015-05-07,9250.0,0.0,12.0,14191000
2015-05-08,9160.0,0.0,14.8,14191000
2015-05-09,8980.0,0.0,17.4,14191000
2015-05-10,8810.0,0.0,16.7,14191000
2015-05-11,8780.0,0.0,13.3,14191000
2015-05-12,9040.0,3.7,10.9,14191000
2015-05-13,9560.0,2.4,10.5,14191000
2015-05-14,9570.0,0.0,12.3,14191000
2015-05-15,9180.0,0.0,13.0,14191000
2015-05-16,9040.0,0.0,13.1,14191000
2015-05-17,8970.0,0.0,13.2,14191000
2015-05-18,8870.0,0.0,14.9,14191000
2015-05-19,8780.0,0.0,15.1,14191000
2015-05-20,8760.0,0.3,16.5,14191000
2015-05-21,8710.0,1.4,17.0,14191000
2015-05-22,8720.0,2.2,15.0,14191000
2015-05-23,9150.0,0.8,14.0,14191000
2015-05-24,9330.0,0.0,14.8,14191000
2015-05-25,9140.0,0.0,14.8,14191000
2015-05-26,8890.0,0.0,14.4,14191000
2015-05-27,8650.0,0.0,16.1,14191000
2015-05-28,8520.0,0.0,19.1,14191000
2015-05-29,8290.0,0.0,19.8,14191000
2015-05-30,8200.0,0.0,18.9,14191000
2015-05-31,8180.0,0.0,19.9,14191000
2015-06-01,8350.0,4.4,17.3,14191000
2015-06-02,8420.0,4.9,13.2,14191000
2015-06-03,8510.0,0.4,13.8,14191000
2015-06-04,8510.0,0.0,15.2,14191000
2015-06-05,8220.0,0.0,18.5,14191000
2015-06-06,7910.0,0.0,22.0,14191000
2015-06-07,7710.0,0.0,23.2,14191000
2015-06-08,7560.0,0.0,25.0,14191000
2015-06-09,7310.0,0.0,25.0,14191000
2015-06-10,7110.0,0.0,20.3,14191000
2015-06-11,6990.0,0.0,18.8,14191000
2015-06-12,6980.0,0.0,18.1,14191000
2015-06-13,7020.0,0.0,16.8,14191000
2015-06-14,7030.0,0.0,18.6,14191000
2015-06-15,7150.0,0.0,21.7,14191000
2015-06-16,6930.0,0.0,18.9,14191000
2015-06-17,7030.0,0.0,19.0,14191000
2015-06-18,6900.0,0.0,21.4,14191000
2015-06-19,6770.0,0.0,17.8,14191000
2015-06-20,6680.0,0.0,19.4,14191000
2015-06-21,6600.0,0.0,21.8,14191000
2015-06-22,6590.0,0.0,18.8,14191000
2015-06-23,6530.0,0.0,19.6,14191000
2015-06-24,6470.0,0.0,22.1,14191000
2015-06-25,6400.0,0.0,23.6,14191000
2015-06-26,6310.0,0.0,26.6,14191000
2015-06-27,6240.0,0.0,29.0,14191000
2015-06-28,6260.0,0.0,27.1,14191000
2015-06-29,6270.0,0.0,24.4,14191000
2015-06-30,6240.0,0.0,24.1,14191000
2015-07-01,6150.0,0.0,26.2,14191000
2015-07-02,5980.0,0.0,27.9,14191000
2015-07-03,5890.0,0.0,27.3,14191000
2015-07-04,5820.0,0.0,25.3,14191000
2015-07-05,5800.0,0.0,25.8,14191000
2015-07-06,5810.0,0.0,24.2,14191000
2015-07-07,5750.0,0.0,22.3,14191000
2015-07-08,5730.0,0.0,22.7,14191000
2015-07-09,5700.0,0.0,22.8,14191000
2015-07-10,5690.0,1.1,20.3,14191000
2015-07-11,5790.0,0.0,19.3,14191000
2015-07-12,5830.0,0.0,20.0,14191000
2015-07-13,5840.0,0.0,20.9,14191000
2015-07-14,5730.0,0.0,21.7,14191000
2015-07-15,5680.0,0.0,21.0,14191000
2015-07-16,5660.0,0.0,20.4,14191000
2015-07-17,5650.0,0.0,20.3,14191000
2015-07-18,5610.0,0.0,25.8,14191000
2015-07-19,5620.0,0.0,27.0,14191000
2015-07-20,5670.0,0.0,23.5,14191000
2015-07-21,5570.0,0.0,22.0,14191000
2015-07-22,5480.0,0.0,18.5,14191000
2015-07-23,5450.0,0.0,19.4,14191000
2015-07-24,5450.0,0.0,20.1,14191000
2015-07-25,5470.0,1.4,19.3,14191000
2015-07-26,5530.0,0.0,18.1,14191000
2015-07-27,5600.0,0.0,18.4,14191000
2015-07-28,5550.0,0.0,20.4,14191000
2015-07-29,5480.0,0.0,25.6,14191000
2015-07-30,5440.0,0.0,28.9,14191000
2015-07-31,5420.0,0.0,29.3,14191000
2015-08-01,5410.0,0.0,28.3,14191000
2015-08-02,5440.0,0.0,27.2,14191000
2015-08-03,5520.0,0.1,25.4,14191000
2015-08-04,5540.0,0.0,22.8,14191000
2015-08-05,5550.0,0.0,20.0,14191000
2015-08-06,5500.0,0.0,19.7,14191000
2015-08-07,5500.0,0.0,21.7,14191000
2015-08-08,5460.0,0.0,21.4,14191000
2015-08-09,5620.0,0.0,21.2,14191000
2015-08-10,5680.0,0.0,21.9,14191000
2015-08-11,5600.0,0.0,22.1,14191000
2015-08-12,5550.0,0.0,23.8,14191000
2015-08-13,5540.0,0.0,23.0,14191000
2015-08-14,5520.0,0.2,20.1,14191000
2015-08-15,5560.0,0.3,19.0,14191000
2015-08-16,5620.0,0.0,20.4,14191000
2015-08-17,5630.0,0.0,22.6,14191000
2015-08-18,5520.0,0.0,25.5,14191000
2015-08-19,5440.0,0.0,27.8,14191000
2015-08-20,5400.0,0.0,22.9,14191000
2015-08-21,5350.0,0.0,19.2,14191000
2015-08-22,5280.0,0.0,21.1,14191000
2015-08-23,5310.0,0.0,24.5,14191000
2015-08-24,5340.0,0.0,21.6,14191000
2015-08-25,5300.0,0.0,20.5,14191000
2015-08-26,5280.0,0.0,22.4,14191000
2015-08-27,5280.0,0.0,21.6,14191000
2015-08-28,5240.0,1.3,22.2,14191000
2015-08-29,5260.0,5.6,21.9,14191000
2015-08-30,5400.0,8.3,17.6,14191000
2015-08-31,5530.0,0.0,17.7,14191000
2015-09-01,5580.0,0.0,18.1,14191000
2015-09-02,5510.0,1.1,17.4,14191000
2015-09-03,5500.0,0.0,15.4,14191000
2015-09-04,5510.0,0.4,14.6,14191000
2015-09-05,5560.0,3.9,13.3,14191000
2015-09-06,5560.0,0.0,14.1,14191000
2015-09-07,5600.0,0.0,15.4,14191000
2015-09-08,5580.0,0.0,18.2,14191000
2015-09-09,5500.0,0.0,20.5,14191000
2015-09-10,5450.0,0.0,21.0,14191000
2015-09-11,5430.0,0.0,23.0,14191000
2015-09-12,5460.0,0.0,24.0,14191000
2015-09-13,5640.0,0.0,21.2,14191000
2015-09-14,5860.0,1.0,15.8,14191000
2015-09-15,5990.0,0.0,13.4,14191000
2015-09-16,6150.0,0.3,15.4,14191000
2015-09-17,6430.0,10.3,16.0,14191000
2015-09-18,6710.0,0.5,16.7,14191000
2015-09-19,7050.0,0.0,17.4,14191000
2015-09-20,6770.0,0.0,19.3,14191000
2015-09-21,6660.0,1.0,17.8,14191000
2015-09-22,6530.0,0.0,15.2,14191000
2015-09-23,6440.0,0.0,15.4,14191000
2015-09-24,6430.0,0.0,17.2,14191000
2015-09-25,6460.0,0.2,17.3,14191000
2015-09-26,6450.0,0.0,17.1,14191000
2015-09-27,6450.0,0.0,14.3,14191000
2015-09-28,6480.0,0.0,15.7,14191000
2015-09-29,6460.0,0.0,18.2,14191000
2015-09-30,6470.0,0.0,16.3,14191000
2015-10-01,6670.0,0.0,16.3,14191000
2015-10-02,6600.0,0.0,15.8,14191000
2015-10-03,6560.0,0.3,14.9,14191000
2015-10-04,6560.0,0.0,17.0,14191000
2015-10-05,6570.0,0.0,18.2,14191000
2015-10-06,6540.0,0.0,18.3,14191000
2015-10-07,6470.0,0.0,17.5,14191000
2015-10-08,6340.0,0.0,18.1,14191000
2015-10-09,6280.0,0.1,17.5,14191000
2015-10-10,6380.0,4.1,18.8,14191000
2015-10-11,6670.0,2.1,15.4,14191000
2015-10-12,6710.0,0.0,14.8,14191000
2015-10-13,6660.0,0.0,16.1,14191000
2015-10-14,6550.0,0.0,15.5,14191000
2015-10-15,6530.0,0.0,16.2,14191000
2015-10-16,6670.0,0.0,16.9,14191000
2015-10-17,7330.0,3.2,16.8,14191000
2015-10-18,7620.0,1.5,15.8,14191000
2015-10-19,7690.0,2.3,14.3,14191000
2015-10-20,7730.0,0.1,14.2,14191000
2015-10-21,7570.0,0.0,13.8,14191000
2015-10-22,7420.0,0.0,14.0,14191000
2015-10-23,7260.0,0.0,11.6,14191000
2015-10-24,7030.0,0.0,14.0,14191000
2015-10-25,7070.0,10.7,11.6,14191000
2015-10-26,7160.0,2.1,12.7,14191000
2015-10-27,7390.0,0.0,11.2,14191000
2015-10-28,7520.0,8.1,13.4,14191000
2015-10-29,7430.0,1.9,13.7,14191000
2015-10-30,7680.0,5.8,14.0,14191000
2015-10-31,8930.0,15.9,15.6,14191000
2015-11-01,15500.0,24.1,13.3,14191000
2015-11-02,14300.0,4.7,10.7,14191000
2015-11-03,12400.0,2.1,9.0,14191000
2015-11-04,11100.0,0.0,6.9,14191000
2015-11-05,10100.0,2.4,8.8,14191000
2015-11-06,9260.0,0.0,10.1,14191000
2015-11-07,8250.0,6.8,9.5,14191000
2015-11-08,8060.0,11.0,10.1,14191000
2015-11-09,9680.0,1.2,8.0,14191000
2015-11-10,10300.0,0.0,6.3,14191000
2015-11-11,9780.0,5.9,9.0,14191000
2015-11-12,9450.0,1.1,6.8,14191000
2015-11-13,9230.0,4.3,11.1,14191000
2015-11-14,10700.0,4.0,13.1,14191000
2015-11-15,10900.0,12.1,9.8,14191000
2015-11-16,10700.0,3.2,5.0,14191000
2015-11-17,11800.0,20.5,10.2,14191000
2015-11-18,21700.0,12.5,8.7,14191000
2015-11-19,23100.0,23.1,9.3,14191000
2015-11-20,30100.0,0.0,6.5,14191000
2015-11-21,28600.0,0.0,4.6,14191000
2015-11-22,21300.0,0.0,3.8,14191000
2015-11-23,17500.0,0.0,3.7,14191000
2015-11-24,16000.0,14.0,4.7,14191000
2015-11-25,15400.0,0.6,2.7,14191000
2015-11-26,14300.0,0.0,2.0,14191000
2015-11-27,14300.0,0.0,1.5,14191000
2015-11-28,14100.0,0.0,1.0,14191000
2015-11-29,13600.0,0.0,1.0,14191000
2015-11-30,12900.0,0.0,-0.3,14191000
2015-12-01,12500.0,0.0,2.4,14191000
2015-12-02,13300.0,14.1,4.5,14191000
2015-12-03,15300.0,9.9,7.6,14191000
2015-12-04,17900.0,9.3,8.1,14191000
2015-12-05,27100.0,1.3,7.8,14191000
2015-12-06,29200.0,14.3,10.0,14191000
2015-12-07,39200.0,59.9,11.5,14191000
2015-12-08,64900.0,10.8,14.0,14191000
2015-12-09,73800.0,32.9,12.2,14191000
2015-12-10,74200.0,19.4,8.8,14191000
2015-12-11,74000.0,11.1,6.6,14191000
2015-12-12,76000.0,16.3,7.0,14191000
2015-12-13,85000.0,19.1,7.0,14191000
2015-12-14,93700.0,3.7,4.3,14191000
2015-12-15,93900.0,0.0,3.2,14191000
2015-12-16,85200.0,2.2,5.4,14191000
2015-12-17,75700.0,36.3,8.0,14191000
2015-12-18,101000.0,32.2,9.5,14191000
2015-12-19,121000.0,2.0,5.8,14191000
2015-12-20,120000.0,9.0,6.2,14191000
2015-12-21,112000.0,22.2,6.7,14191000
2015-12-22,95800.0,2.8,5.8,14191000
2015-12-23,86700.0,11.8,4.8,14191000
2015-12-24,92300.0,6.4,3.5,14191000
2015-12-25,95500.0,1.2,2.6,14191000
2015-12-26,92000.0,0.0,0.8,14191000
2015-12-27,84100.0,6.5,2.3,14191000
2015-12-28,79200.0,4.0,4.0,14191000
2015-12-29,74400.0,2.3,3.4,14191000
2015-12-30,64000.0,0.0,2.3,14191000
2015-12-31,50500.0,0.0,-0.1,14191000
2016-01-01,40300.0,0.0,0.5,14191000
2016-01-02,37500.0,0.0,-1.1,14191000
2016-01-03,35500.0,2.5,-2.1,14191000
2016-01-04,33600.0,3.6,1.3,14191000
2016-01-05,32400.0,5.7,2.0,14191000
2016-01-06,31100.0,0.0,1.0,14191000
2016-01-07,29300.0,1.1,2.8,14191000
2016-01-08,26100.0,0.0,3.3,14191000
2016-01-09,24000.0,2.5,3.7,14191000
2016-01-10,22700.0,0.0,3.0,14191000
2016-01-11,21400.0,0.7,3.0,14191000
2016-01-12,22000.0,10.6,6.5,14191000
2016-01-13,29800.0,37.4,8.3,14191000
2016-01-14,36700.0,4.8,4.8,14191000
2016-01-15,42000.0,2.3,6.9,14191000
2016-01-16,43800.0,12.2,8.2,14191000
2016-01-17,50200.0,16.8,7.5,14191000
2016-01-18,64400.0,1.0,8.1,14191000
2016-01-19,73200.0,23.0,7.6,14191000
2016-01-20,78900.0,5.2,7.5,14191000
2016-01-21,79600.0,0.7,9.7,14191000
2016-01-22,77100.0,14.2,10.7,14191000
2016-01-23,71700.0,10.2,7.7,14191000
2016-01-24,67200.0,2.9,6.7,14191000
2016-01-25,62300.0,0.3,8.4,14191000
2016-01-26,56800.0,0.4,10.7,14191000
2016-01-27,52200.0,1.4,10.2,14191000
2016-01-28,50100.0,22.7,12.2,14191000
2016-01-29,56200.0,10.4,8.5,14191000
2016-01-30,62000.0,3.6,5.6,14191000
2016-01-31,65600.0,0.6,3.1,14191000
2016-02-01,61300.0,0.1,4.3,14191000
2016-02-02,53900.0,0.1,3.9,14191000
2016-02-03,46100.0,5.3,6.0,14191000
2016-02-04,38900.0,19.0,7.9,14191000
2016-02-05,38400.0,0.0,6.9,14191000
2016-02-06,36600.0,5.1,7.8,14191000
2016-02-07,34100.0,0.0,9.2,14191000
2016-02-08,31600.0,0.0,9.6,14191000
2016-02-09,29900.0,0.0,10.1,14191000
2016-02-10,27200.0,0.0,9.4,14191000
2016-02-11,24800.0,2.7,11.4,14191000
2016-02-12,23600.0,3.4,10.4,14191000
2016-02-13,23800.0,1.6,8.3,14191000
2016-02-14,25800.0,18.5,10.0,14191000
2016-02-15,37400.0,0.3,12.2,14191000
2016-02-16,37700.0,0.3,10.8,14191000
2016-02-17,32200.0,0.5,10.6,14191000
2016-02-18,33700.0,10.0,7.5,14191000
2016-02-19,39800.0,9.6,7.8,14191000
2016-02-20,43800.0,2.5,6.0,14191000
2016-02-21,41100.0,2.3,5.3,14191000
2016-02-22,36500.0,1.8,5.1,14191000
2016-02-23,32100.0,0.0,5.8,14191000
2016-02-24,27000.0,0.0,8.8,14191000
2016-02-25,24200.0,0.0,9.6,14191000
2016-02-26,22200.0,0.2,10.5,14191000
2016-02-27,22300.0,5.9,10.9,14191000
2016-02-28,24100.0,4.6,9.5,14191000
2016-02-29,23500.0,0.7,8.5,14191000
2016-03-01,23100.0,9.2,9.2,14191000
2016-03-02,24000.0,0.0,10.0,14191000
2016-03-03,25300.0,12.2,11.5,14191000
2016-03-04,26800.0,0.3,9.4,14191000
2016-03-05,29000.0,8.9,12.3,14191000
2016-03-06,32000.0,10.8,10.0,14191000
2016-03-07,36500.0,9.8,7.7,14191000
2016-03-08,36200.0,3.2,5.5,14191000
2016-03-09,34700.0,12.4,7.9,14191000
2016-03-10,38700.0,17.6,10.8,14191000
2016-03-11,40400.0,1.7,7.4,14191000
2016-03-12,36200.0,15.3,8.2,14191000
2016-03-13,39600.0,23.9,6.9,14191000
2016-03-14,52100.0,13.0,6.3,14191000
2016-03-15,62100.0,11.0,5.9,14191000
2016-03-16,64800.0,4.4,7.9,14191000
2016-03-17,59600.0,0.0,7.3,14191000
2016-03-18,53000.0,0.0,8.9,14191000
2016-03-19,51300.0,0.0,11.6,14191000
2016-03-20,49700.0,13.4,11.7,14191000
2016-03-21,50500.0,6.1,9.0,14191000
2016-03-22,52500.0,2.2,8.2,14191000
2016-03-23,51900.0,0.0,8.7,14191000
2016-03-24,49500.0,4.0,9.4,14191000
2016-03-25,45900.0,0.4,8.1,14191000
2016-03-26,41200.0,0.2,7.8,14191000
2016-03-27,38100.0,3.3,9.0,14191000
2016-03-28,35500.0,1.2,5.9,14191000
2016-03-29,32900.0,0.0,7.4,14191000
2016-03-30,30000.0,0.0,10.5,14191000
2016-03-31,27600.0,0.0,12.8,14191000
2016-04-01,24900.0,0.0,13.7,14191000
2016-04-02,22100.0,0.0,13.3,14191000
2016-04-03,20700.0,0.0,12.9,14191000
2016-04-04,19800.0,8.4,11.1,14191000
2016-04-05,19800.0,0.1,9.1,14191000
2016-04-06,19100.0,0.0,11.4,14191000
2016-04-07,18800.0,0.0,15.6,14191000
2016-04-08,18500.0,0.0,18.1,14191000
2016-04-09,17500.0,0.0,15.5,14191000
2016-04-10,17900.0,0.4,12.1,14191000
2016-04-11,18000.0,0.0,10.9,14191000
2016-04-12,17900.0,0.0,11.8,14191000
2016-04-13,17600.0,4.6,10.2,14191000
2016-04-14,17800.0,11.4,8.9,14191000
2016-04-15,20400.0,1.2,8.9,14191000
2016-04-16,21900.0,0.0,12.0,14191000
2016-04-17,19600.0,0.0,14.6,14191000
2016-04-18,18000.0,0.0,18.7,14191000
2016-04-19,17200.0,0.0,18.6,14191000
2016-04-20,16800.0,0.0,17.8,14191000
2016-04-21,16400.0,0.0,15.3,14191000
2016-04-22,16800.0,16.7,13.7,14191000
2016-04-23,16900.0,0.6,12.4,14191000
2016-04-24,17300.0,9.3,10.2,14191000
2016-04-25,18600.0,1.3,8.8,14191000
2016-04-26,19300.0,0.0,9.5,14191000
2016-04-27,18500.0,0.2,10.2,14191000
2016-04-28,17300.0,0.2,10.9,14191000
2016-04-29,16500.0,1.2,11.2,14191000
2016-04-30,15800.0,0.1,10.8,14191000
2016-05-01,15700.0,0.0,15.0,14191000
2016-05-02,15900.0,0.0,18.2,14191000
2016-05-03,16000.0,0.0,16.7,14191000
2016-05-04,15300.0,0.1,15.0,14191000
2016-05-05,15100.0,0.0,14.8,14191000
2016-05-06,14900.0,0.0,16.3,14191000
2016-05-07,15300.0,0.0,19.9,14191000
2016-05-08,15600.0,0.0,15.7,14191000
2016-05-09,15600.0,0.0,12.2,14191000
2016-05-10,15400.0,0.0,14.9,14191000
2016-05-11,15100.0,0.0,18.3,14191000
2016-05-12,14900.0,0.0,18.3,14191000
2016-05-13,14900.0,0.0,18.9,14191000
2016-05-14,14600.0,3.8,14.8,14191000
2016-05-15,14900.0,5.4,12.3,14191000
2016-05-16,15100.0,0.0,13.1,14191000
2016-05-17,14900.0,0.0,14.6,14191000
2016-05-18,14300.0,0.0,17.3,14191000
2016-05-19,13800.0,0.6,12.5,14191000
2016-05-20,14000.0,1.1,11.0,14191000
2016-05-21,14200.0,1.8,12.4,14191000
2016-05-22,14200.0,1.1,12.6,14191000
2016-05-23,14200.0,0.2,13.4,14191000
2016-05-24,14300.0,0.0,15.0,14191000
2016-05-25,13900.0,0.0,14.5,14191000
2016-05-26,13300.0,0.0,13.3,14191000
2016-05-27,12900.0,0.4,12.8,14191000
2016-05-28,12400.0,0.0,13.8,14191000
2016-05-29,12100.0,0.0,15.7,14191000
2016-05-30,11900.0,0.0,16.0,14191000
2016-05-31,11800.0,0.0,19.8,14191000
2016-06-01,11800.0,0.0,20.6,14191000
2016-06-02,11600.0,1.1,18.1,14191000
2016-06-03,11400.0,0.0,19.8,14191000
2016-06-04,11300.0,0.0,26.2,14191000
2016-06-05,11600.0,0.0,27.6,14191000
2016-06-06,11700.0,0.0,25.1,14191000
2016-06-07,11600.0,0.0,24.7,14191000
2016-06-08,11300.0,0.0,21.1,14191000
2016-06-09,11200.0,1.9,15.6,14191000
2016-06-10,11000.0,3.7,14.1,14191000
2016-06-11,10700.0,0.1,13.7,14191000
2016-06-12,10600.0,0.0,16.0,14191000
2016-06-13,10300.0,0.2,15.9,14191000
2016-06-14,9920.0,1.8,12.4,14191000
2016-06-15,9940.0,0.2,12.4,14191000
2016-06-16,9980.0,0.0,13.4,14191000
2016-06-17,9960.0,2.0,14.0,14191000
2016-06-18,9490.0,3.0,15.0,14191000
2016-06-19,9440.0,0.0,15.0,14191000
2016-06-20,9360.0,0.0,19.4,14191000
2016-06-21,9040.0,0.0,17.0,14191000
2016-06-22,8710.0,0.0,18.2,14191000
2016-06-23,8600.0,3.8,16.5,14191000
2016-06-24,8560.0,0.1,14.9,14191000
2016-06-25,8780.0,0.0,17.3,14191000
2016-06-26,8430.0,0.0,21.3,14191000
2016-06-27,8110.0,0.0,23.4,14191000
2016-06-28,7860.0,0.0,21.2,14191000
2016-06-29,7950.0,0.0,20.3,14191000
2016-06-30,8170.0,0.0,19.3,14191000
2016-07-01,8100.0,0.0,19.6,14191000
2016-07-02,7720.0,0.0,22.0,14191000
2016-07-03,7500.0,0.0,19.7,14191000
2016-07-04,7410.0,0.0,18.2,14191000
2016-07-05,7360.0,0.0,17.8,14191000
2016-07-06,7270.0,0.0,19.1,14191000
2016-07-07,7220.0,0.0,18.9,14191000
2016-07-08,7260.0,7.6,16.6,14191000
2016-07-09,7580.0,3.5,16.4,14191000
2016-07-10,7950.0,4.8,15.0,14191000
2016-07-11,8150.0,0.2,16.9,14191000
2016-07-12,8130.0,0.1,17.5,14191000
2016-07-13,7750.0,0.0,18.6,14191000
2016-07-14,7150.0,0.0,20.2,14191000
2016-07-15,6640.0,0.0,18.5,14191000
2016-07-16,6340.0,0.0,17.7,14191000
2016-07-17,6480.0,0.0,18.5,14191000
2016-07-18,6570.0,0.0,18.8,14191000
2016-07-19,6530.0,0.0,18.2,14191000
2016-07-20,6460.0,0.0,19.4,14191000
2016-07-21,6390.0,0.0,21.8,14191000
2016-07-22,6360.0,0.2,19.5,14191000
2016-07-23,6320.0,0.0,19.6,14191000
2016-07-24,6320.0,0.0,21.1,14191000
2016-07-25,6320.0,0.0,23.1,14191000
2016-07-26,6240.0,0.0,22.5,14191000
2016-07-27,6310.0,0.0,22.9,14191000
2016-07-28,6290.0,0.0,24.8,14191000
2016-07-29,6270.0,0.0,26.2,14191000
2016-07-30,6230.0,0.0,22.9,14191000
2016-07-31,6240.0,0.0,19.4,14191000
2016-08-01,6230.0,0.0,20.3,14191000
2016-08-02,6150.0,0.0,18.9,14191000
2016-08-03,6150.0,0.0,18.8,14191000
2016-08-04,6200.0,0.0,23.5,14191000
2016-08-05,6200.0,0.0,23.1,14191000
2016-08-06,6150.0,0.0,18.7,14191000
2016-08-07,6160.0,0.0,18.4,14191000
2016-08-08,6260.0,3.7,17.0,14191000
2016-08-09,6290.0,0.0,16.8,14191000
2016-08-10,6310.0,0.0,18.6,14191000
2016-08-11,6260.0,0.0,21.5,14191000
2016-08-12,6170.0,0.0,25.0,14191000
2016-08-13,6090.0,0.0,25.8,14191000
2016-08-14,6070.0,0.0,24.8,14191000
2016-08-15,6010.0,0.0,23.1,14191000
2016-08-16,5880.0,0.0,22.3,14191000
2016-08-17,5880.0,0.0,22.2,14191000
2016-08-18,5870.0,0.0,24.4,14191000
2016-08-19,5860.0,0.0,29.3,14191000
2016-08-20,5700.0,0.0,29.2,14191000
2016-08-21,5670.0,0.0,23.3,14191000
2016-08-22,5730.0,0.0,19.3,14191000
2016-08-23,5680.0,0.0,19.6,14191000
2016-08-24,5650.0,0.0,23.0,14191000
2016-08-25,5760.0,0.0,26.2,14191000
2016-08-26,5720.0,0.0,27.1,14191000
2016-08-27,5710.0,0.0,23.9,14191000
2016-08-28,5760.0,0.0,21.0,14191000
2016-08-29,5830.0,0.0,20.8,14191000
2016-08-30,5770.0,0.0,18.5,14191000
2016-08-31,5790.0,0.5,18.1,14191000
2016-09-01,5850.0,0.1,17.7,14191000
2016-09-02,5850.0,1.7,16.9,14191000
2016-09-03,5860.0,0.1,16.0,14191000
2016-09-04,5880.0,0.1,15.3,14191000
2016-09-05,5850.0,0.0,15.7,14191000
2016-09-06,5820.0,4.1,16.4,14191000
2016-09-07,6270.0,0.1,17.6,14191000
2016-09-08,6630.0,0.0,18.0,14191000
2016-09-09,6600.0,0.0,18.5,14191000
2016-09-10,6530.0,0.0,21.4,14191000
2016-09-11,6500.0,0.0,19.1,14191000
2016-09-12,6480.0,0.0,17.4,14191000
2016-09-13,6380.0,0.0,19.4,14191000
2016-09-14,6320.0,0.0,18.7,14191000
2016-09-15,6350.0,0.0,18.3,14191000
2016-09-16,6380.0,0.0,19.7,14191000
2016-09-17,6430.0,6.4,17.5,14191000
2016-09-18,6640.0,2.8,17.1,14191000
2016-09-19,6810.0,0.0,15.7,14191000
2016-09-20,6790.0,0.0,15.7,14191000
2016-09-21,6720.0,0.0,14.7,14191000
2016-09-22,6650.0,0.2,14.3,14191000
2016-09-23,6620.0,1.0,14.2,14191000
2016-09-24,6690.0,0.0,14.2,14191000
2016-09-25,6720.0,0.0,17.3,14191000
2016-09-26,6670.0,0.0,21.3,14191000
2016-09-27,6580.0,0.0,20.2,14191000
2016-09-28,6500.0,0.0,17.5,14191000
2016-09-29,6520.0,0.0,16.4,14191000
2016-09-30,6520.0,0.0,14.7,14191000
2016-10-01,6540.0,0.7,14.0,14191000
2016-10-02,6800.0,12.0,12.3,14191000
2016-10-03,6990.0,0.0,11.8,14191000
2016-10-04,7190.0,2.6,13.4,14191000
2016-10-05,8100.0,11.6,12.7,14191000
2016-10-06,10500.0,1.3,13.0,14191000
2016-10-07,11000.0,24.3,13.4,14191000
2016-10-08,12500.0,0.8,16.1,14191000
2016-10-09,10800.0,8.8,16.3,14191000
2016-10-10,10000.0,10.8,13.0,14191000
2016-10-11,10500.0,0.0,10.5,14191000
2016-10-12,9870.0,0.0,11.6,14191000
2016-10-13,10100.0,32.2,13.8,14191000
2016-10-14,16300.0,34.6,13.6,14191000
2016-10-15,22500.0,27.6,12.7,14191000
2016-10-16,23900.0,15.1,11.6,14191000
2016-10-17,28600.0,11.7,11.6,14191000
2016-10-18,36900.0,8.3,11.1,14191000
2016-10-19,43000.0,0.6,10.3,14191000
2016-10-20,36500.0,6.2,14.1,14191000
2016-10-21,36900.0,0.4,13.8,14191000
2016-10-22,40900.0,1.0,11.8,14191000
2016-10-23,38000.0,3.3,12.6,14191000
2016-10-24,33300.0,5.7,11.7,14191000
2016-10-25,30200.0,0.6,12.8,14191000
2016-10-26,28900.0,18.5,13.0,14191000
2016-10-27,33000.0,18.4,12.2,14191000
2016-10-28,39500.0,1.7,11.8,14191000
2016-10-29,41100.0,3.1,12.2,14191000
2016-10-30,38900.0,4.4,10.6,14191000
2016-10-31,37800.0,8.4,11.8,14191000
2016-11-01,39700.0,0.0,11.6,14191000
2016-11-02,37400.0,1.2,12.5,14191000
2016-11-03,34600.0,1.7,14.0,14191000
2016-11-04,28700.0,0.0,12.1,14191000
2016-11-05,22400.0,24.3,12.1,14191000
2016-11-06,23600.0,14.5,11.8,14191000
2016-11-07,24400.0,0.0,13.1,14191000
2016-11-08,21400.0,0.0,13.3,14191000
2016-11-09,19300.0,0.6,12.7,14191000
2016-11-10,18400.0,0.0,12.2,14191000
2016-11-11,17700.0,0.0,12.6,14191000
2016-11-12,17200.0,4.6,13.7,14191000
2016-11-13,16900.0,2.0,10.7,14191000
2016-11-14,17400.0,21.3,12.4,14191000
2016-11-15,24600.0,10.2,12.3,14191000
2016-11-16,34800.0,1.0,7.7,14191000
2016-11-17,34900.0,0.1,7.4,14191000
2016-11-18,32700.0,0.0,6.4,14191000
2016-11-19,30300.0,0.7,9.7,14191000
2016-11-20,29000.0,1.9,10.9,14191000
2016-11-21,28200.0,0.2,9.7,14191000
2016-11-22,28700.0,2.8,9.0,14191000
2016-11-23,31300.0,14.9,7.9,14191000
2016-11-24,38300.0,34.6,7.8,14191000
2016-11-25,59200.0,46.0,8.9,14191000
2016-11-26,69300.0,2.1,8.0,14191000
2016-11-27,64200.0,7.4,6.7,14191000
2016-11-28,55300.0,9.8,7.7,14191000
2016-11-29,53000.0,0.0,7.3,14191000
2016-11-30,51800.0,6.2,7.3,14191000
2016-12-01,48900.0,0.4,4.8,14191000
2016-12-02,44900.0,0.8,6.0,14191000
2016-12-03,40800.0,0.6,8.1,14191000
2016-12-04,38500.0,16.9,7.6,14191000
2016-12-05,41800.0,5.1,2.5,14191000
2016-12-06,43900.0,1.9,3.0,14191000
2016-12-07,41200.0,0.0,0.0,14191000
2016-12-08,37500.0,14.3,-0.1,14191000
2016-12-09,38700.0,7.9,4.3,14191000
2016-12-10,47400.0,14.9,6.1,14191000
2016-12-11,60100.0,5.8,5.9,14191000
2016-12-12,65600.0,4.1,5.1,14191000
2016-12-13,62400.0,0.0,2.6,14191000
2016-12-14,53900.0,4.6,1.0,14191000
2016-12-15,51400.0,8.4,-0.6,14191000
2016-12-16,58300.0,0.0,-2.0,14191000
2016-12-17,58000.0,0.0,-2.4,14191000
2016-12-18,51600.0,0.0,0.6,14191000
2016-12-19,46600.0,8.1,1.4,14191000
2016-12-20,53000.0,16.6,7.8,14191000
2016-12-21,67400.0,0.0,2.4,14191000
2016-12-22,64200.0,0.0,2.2,14191000
2016-12-23,56500.0,9.5,4.1,14191000
2016-12-24,51300.0,0.1,1.2,14191000
2016-12-25,46000.0,0.3,1.1,14191000
2016-12-26,40000.0,0.0,1.5,14191000
2016-12-27,36000.0,12.0,4.7,14191000
2016-12-28,37100.0,0.9,3.4,14191000
2016-12-29,35900.0,0.0,3.6,14191000
2016-12-30,32900.0,1.4,4.6,14191000
2016-12-31,30800.0,0.0,0.9,14191000
2017-01-01,29500.0,3.7,2.1,14191000
2017-01-02,29600.0,2.8,-1.0,14191000
2017-01-03,28100.0,0.7,-2.3,14191000
2017-01-04,25600.0,1.5,-2.2,14191000
2017-01-05,23800.0,0.0,-3.0,14191000
2017-01-06,20700.0,0.0,-5.0,14191000
2017-01-07,19900.0,4.8,-4.1,14191000
2017-01-08,20000.0,11.8,-2.2,14191000
2017-01-09,28100.0,14.2,3.0,14191000
2017-01-10,48200.0,13.0,3.3,14191000
2017-01-11,58000.0,15.1,-0.3,14191000
2017-01-12,56100.0,0.0,-5.1,14191000
2017-01-13,48500.0,0.0,-6.1,14191000
2017-01-14,43200.0,0.0,-5.7,14191000
2017-01-15,41000.0,0.0,-4.0,14191000
2017-01-16,37200.0,0.0,-3.0,14191000
2017-01-17,33600.0,3.9,-0.2,14191000
2017-01-18,41400.0,34.9,9.4,14191000
2017-01-19,52100.0,6.7,7.3,14191000
2017-01-20,48800.0,3.4,5.6,14191000
2017-01-21,42600.0,5.4,4.2,14191000
2017-01-22,39800.0,4.2,5.9,14191000
2017-01-23,38400.0,0.8,3.3,14191000
2017-01-24,34200.0,0.0,2.1,14191000
2017-01-25,31200.0,1.2,2.3,14191000
2017-01-26,28600.0,1.5,5.3,14191000
2017-01-27,26800.0,0.0,3.1,14191000
2017-01-28,24900.0,0.0,1.7,14191000
2017-01-29,22900.0,0.0,2.2,14191000
2017-01-30,21700.0,0.0,5.3,14191000
2017-01-31,20900.0,0.6,4.6,14191000
2017-02-01,20400.0,0.0,2.0,14191000
2017-02-02,19500.0,1.7,1.6,14191000
2017-02-03,19100.0,10.2,-0.3,14191000
2017-02-04,24600.0,21.6,7.8,14191000
2017-02-05,43000.0,43.2,6.1,14191000
2017-02-06,76900.0,23.4,2.9,14191000
2017-02-07,77000.0,6.6,2.1,14191000
2017-02-08,67300.0,13.9,3.0,14191000
2017-02-09,74500.0,37.2,10.3,14191000
2017-02-10,86700.0,4.0,8.2,14191000
2017-02-11,82600.0,0.0,4.2,14191000
2017-02-12,69300.0,0.0,2.9,14191000
2017-02-13,57500.0,0.0,3.8,14191000
2017-02-14,48600.0,0.0,3.8,14191000
2017-02-15,45200.0,18.1,8.2,14191000
2017-02-16,58100.0,46.9,10.2,14191000
2017-02-17,76800.0,0.7,7.1,14191000
2017-02-18,72600.0,3.0,7.9,14191000
2017-02-19,61900.0,8.8,6.2,14191000
2017-02-20,61100.0,25.3,5.9,14191000
2017-02-21,67300.0,20.7,6.1,14191000
2017-02-22,78000.0,2.5,3.3,14191000
2017-02-23,79100.0,2.9,1.4,14191000
2017-02-24,67500.0,3.4,1.0,14191000
2017-02-25,53400.0,1.2,1.3,14191000
2017-02-26,43900.0,8.5,2.9,14191000
2017-02-27,40100.0,5.6,1.5,14191000
2017-02-28,37000.0,2.5,3.4,14191000
2017-03-01,33700.0,0.3,6.3,14191000
2017-03-02,31500.0,0.0,5.9,14191000
2017-03-03,29000.0,0.9,7.6,14191000
2017-03-04,29400.0,13.4,4.9,14191000
2017-03-05,32300.0,8.5,2.6,14191000
2017-03-06,34600.0,8.4,2.6,14191000
2017-03-07,39300.0,15.1,4.3,14191000
2017-03-08,50100.0,7.4,7.5,14191000
2017-03-09,70100.0,10.8,9.7,14191000
2017-03-10,90500.0,5.3,11.3,14191000
2017-03-11,94400.0,4.8,7.9,14191000
2017-03-12,80300.0,0.3,10.2,14191000
2017-03-13,62200.0,5.1,10.8,14191000
2017-03-14,57900.0,17.4,12.4,14191000
2017-03-15,70000.0,21.7,11.4,14191000
2017-03-16,76400.0,2.2,7.1,14191000
2017-03-17,76100.0,2.6,4.5,14191000
2017-03-18,71600.0,18.5,10.0,14191000
2017-03-19,72900.0,0.0,5.0,14191000
2017-03-20,70900.0,2.0,6.5,14191000
2017-03-21,65800.0,10.2,8.5,14191000
2017-03-22,60700.0,4.6,8.6,14191000
2017-03-23,57400.0,0.5,7.4,14191000
2017-03-24,58200.0,25.9,8.6,14191000
2017-03-25,66800.0,3.8,8.0,14191000
2017-03-26,66000.0,9.8,7.2,14191000
2017-03-27,65500.0,3.6,8.0,14191000
2017-03-28,68300.0,0.6,8.8,14191000
2017-03-29,68200.0,6.5,9.6,14191000
2017-03-30,68600.0,2.0,8.1,14191000
2017-03-31,68400.0,0.3,6.9,14191000
2017-04-01,60900.0,0.3,9.1,14191000
2017-04-02,52400.0,0.0,8.4,14191000
2017-04-03,45500.0,0.0,5.9,14191000
2017-04-04,40500.0,0.1,8.1,14191000
2017-04-05,35700.0,0.7,10.5,14191000
2017-04-06,32200.0,8.3,10.3,14191000
2017-04-07,30100.0,8.5,10.4,14191000
2017-04-08,29800.0,6.4,6.5,14191000
2017-04-09,28900.0,0.2,6.8,14191000
2017-04-10,27400.0,8.5,7.3,14191000
2017-04-11,26700.0,0.6,6.7,14191000
2017-04-12,27000.0,14.0,9.4,14191000
2017-04-13,28900.0,7.9,7.2,14191000
2017-04-14,28500.0,6.3,6.9,14191000
2017-04-15,27600.0,0.1,6.5,14191000
2017-04-16,25900.0,0.1,9.1,14191000
2017-04-17,24900.0,4.3,10.3,14191000
2017-04-18,27200.0,6.0,10.8,14191000
2017-04-19,30000.0,3.6,9.9,14191000
2017-04-20,29700.0,8.5,9.1,14191000
2017-04-21,30100.0,0.0,9.1,14191000
2017-04-22,28700.0,1.6,12.1,14191000
2017-04-23,27300.0,2.2,9.6,14191000
2017-04-24,27800.0,13.2,8.4,14191000
2017-04-25,36700.0,3.4,8.2,14191000
2017-04-26,46300.0,12.4,9.9,14191000
2017-04-27,60300.0,4.7,8.2,14191000
2017-04-28,66900.0,0.0,7.6,14191000
2017-04-29,61800.0,0.0,9.4,14191000
2017-04-30,50400.0,3.9,10.7,14191000
2017-05-01,44700.0,0.2,7.4,14191000
2017-05-02,40200.0,0.7,12.0,14191000
2017-05-03,35900.0,1.2,14.9,14191000
2017-05-04,33700.0,1.9,18.8,14191000
2017-05-05,34700.0,8.9,13.3,14191000
2017-05-06,36100.0,1.0,8.3,14191000
2017-05-07,31900.0,0.2,9.1,14191000
2017-05-08,28500.0,0.0,11.3,14191000
2017-05-09,26600.0,0.0,13.1,14191000
2017-05-10,24400.0,0.0,13.0,14191000
2017-05-11,23800.0,10.5,13.0,14191000
2017-05-12,24500.0,5.9,8.6,14191000
2017-05-13,25400.0,12.4,8.5,14191000
2017-05-14,28000.0,15.1,9.1,14191000
2017-05-15,30100.0,0.2,9.4,14191000
2017-05-16,30600.0,15.5,9.8,14191000
2017-05-17,39400.0,2.3,10.1,14191000
2017-05-18,42600.0,0.1,11.2,14191000
2017-05-19,40300.0,0.0,14.4,14191000
2017-05-20,35800.0,0.6,14.0,14191000
2017-05-21,32400.0,0.0,16.0,14191000
2017-05-22,29300.0,0.0,19.8,14191000
2017-05-23,27200.0,0.0,20.8,14191000
2017-05-24,26100.0,0.0,12.6,14191000
2017-05-25,26000.0,0.0,12.1,14191000
2017-05-26,25600.0,0.0,16.2,14191000
2017-05-27,23700.0,0.0,18.9,14191000
2017-05-28,21900.0,0.0,17.9,14191000
2017-05-29,21300.0,0.0,15.6,14191000
2017-05-30,21700.0,0.5,13.8,14191000
2017-05-31,21100.0,0.1,14.2,14191000
2017-06-01,19200.0,1.6,16.3,14191000
2017-06-02,17200.0,0.0,15.3,14191000
2017-06-03,16800.0,1.2,14.4,14191000
2017-06-04,17500.0,0.1,13.9,14191000
2017-06-05,16900.0,0.0,13.6,14191000
2017-06-06,16100.0,0.0,17.6,14191000
2017-06-07,15800.0,0.0,16.8,14191000
2017-06-08,15700.0,9.4,15.6,14191000
2017-06-09,16500.0,7.3,12.0,14191000
2017-06-10,17300.0,6.5,11.1,14191000
2017-06-11,17200.0,5.9,11.7,14191000
2017-06-12,17000.0,0.0,13.3,14191000
2017-06-13,16600.0,0.6,12.4,14191000
2017-06-14,16100.0,0.1,12.7,14191000
2017-06-15,15800.0,3.1,14.0,14191000
2017-06-16,15900.0,3.2,15.2,14191000
2017-06-17,16400.0,0.1,14.5,14191000
2017-06-18,16000.0,0.0,18.2,14191000
2017-06-19,15200.0,0.0,20.7,14191000
2017-06-20,14200.0,0.0,18.4,14191000
2017-06-21,14200.0,0.0,15.8,14191000
2017-06-22,13200.0,0.0,17.2,14191000
2017-06-23,12600.0,0.0,20.8,14191000
2017-06-24,12100.0,0.0,24.3,14191000
2017-06-25,11400.0,0.0,25.4,14191000
2017-06-26,10900.0,0.4,19.9,14191000
2017-06-27,10500.0,0.0,17.5,14191000
2017-06-28,10400.0,0.0,16.2,14191000
2017-06-29,10500.0,0.0,16.9,14191000
2017-06-30,10300.0,0.0,20.1,14191000
2017-07-01,10200.0,0.0,17.5,14191000
2017-07-02,10100.0,0.0,18.4,14191000
2017-07-03,9880.0,0.0,18.9,14191000
2017-07-04,9600.0,0.0,19.5,14191000
2017-07-05,9550.0,0.0,22.1,14191000
2017-07-06,9380.0,0.0,19.8,14191000
2017-07-07,9270.0,0.0,19.2,14191000
2017-07-08,9200.0,0.0,19.1,14191000
2017-07-09,9090.0,0.0,20.6,14191000
2017-07-10,9060.0,0.0,19.6,14191000
2017-07-11,8910.0,0.0,17.8,14191000
2017-07-12,8810.0,0.0,18.8,14191000
2017-07-13,8540.0,0.0,18.2,14191000
2017-07-14,8620.0,0.0,19.3,14191000
2017-07-15,8330.0,0.0,19.4,14191000
2017-07-16,7780.0,0.0,17.3,14191000
2017-07-17,7590.0,0.0,18.8,14191000
2017-07-18,7330.0,0.0,19.5,14191000
2017-07-19,7100.0,0.0,18.1,14191000
2017-07-20,6890.0,0.0,18.4,14191000
2017-07-21,6840.0,0.0,18.3,14191000
2017-07-22,6770.0,0.0,21.8,14191000
2017-07-23,6730.0,0.0,23.8,14191000
2017-07-24,6670.0,0.0,21.7,14191000
2017-07-25,6540.0,0.0,22.2,14191000
2017-07-26,6460.0,0.0,21.4,14191000
2017-07-27,6420.0,0.0,19.6,14191000
2017-07-28,6400.0,0.0,19.6,14191000
2017-07-29,6390.0,0.0,19.6,14191000
2017-07-30,6370.0,0.0,22.3,14191000
2017-07-31,6330.0,0.0,23.6,14191000
2017-08-01,6210.0,0.0,25.9,14191000
2017-08-02,7120.0,0.0,28.5,14191000
2017-08-03,8390.0,0.0,29.1,14191000
2017-08-04,9060.0,0.0,26.0,14191000
2017-08-05,9110.0,0.0,21.2,14191000
2017-08-06,9290.0,0.0,21.9,14191000
2017-08-07,9480.0,0.0,23.6,14191000
2017-08-08,9440.0,0.0,23.4,14191000
2017-08-09,9390.0,0.0,23.9,14191000
2017-08-10,9320.0,0.0,23.1,14191000
2017-08-11,9310.0,0.0,22.0,14191000
2017-08-12,9300.0,0.0,19.6,14191000
2017-08-13,9350.0,4.3,18.0,14191000
2017-08-14,9420.0,0.0,16.8,14191000
2017-08-15,9440.0,0.0,18.4,14191000
2017-08-16,9440.0,0.0,19.6,14191000
2017-08-17,9090.0,0.0,20.0,14191000
2017-08-18,8730.0,0.0,20.1,14191000
2017-08-19,8610.0,0.0,19.6,14191000
2017-08-20,8510.0,0.0,19.4,14191000
2017-08-21,8580.0,0.0,21.6,14191000
2017-08-22,8720.0,0.0,22.2,14191000
2017-08-23,8760.0,0.0,20.7,14191000
2017-08-24,8830.0,0.6,18.8,14191000
2017-08-25,8870.0,0.0,18.1,14191000
2017-08-26,8760.0,0.0,20.5,14191000
2017-08-27,8610.0,0.0,23.8,14191000
2017-08-28,8630.0,0.0,25.4,14191000
2017-08-29,8690.0,0.0,23.2,14191000
2017-08-30,9090.0,0.0,18.6,14191000
2017-08-31,8950.0,0.0,19.5,14191000
2017-09-01,8850.0,0.0,21.5,14191000
2017-09-02,8880.0,0.0,24.9,14191000
2017-09-03,9120.0,0.0,25.9,14191000
2017-09-04,9420.0,0.0,25.8,14191000
2017-09-05,9500.0,0.0,25.9,14191000
2017-09-06,9390.0,0.0,22.7,14191000
2017-09-07,9080.0,0.0,22.7,14191000
2017-09-08,8910.0,0.7,19.2,14191000
2017-09-09,8720.0,0.1,19.2,14191000
2017-09-10,8370.0,1.6,18.6,14191000
2017-09-11,8070.0,0.0,19.7,14191000
2017-09-12,7890.0,0.0,22.1,14191000
2017-09-13,7890.0,0.0,17.1,14191000
2017-09-14,8070.0,0.0,16.8,14191000
2017-09-15,8180.0,0.0,16.5,14191000
2017-09-16,8360.0,0.0,17.4,14191000
2017-09-17,8540.0,3.4,15.5,14191000
2017-09-18,8680.0,12.6,13.7,14191000
2017-09-19,9270.0,12.7,12.5,14191000
2017-09-20,10700.0,12.0,12.4,14191000
2017-09-21,12600.0,3.3,10.3,14191000
2017-09-22,11900.0,1.6,11.5,14191000
2017-09-23,10900.0,0.0,13.4,14191000
2017-09-24,10400.0,0.0,14.0,14191000
2017-09-25,10100.0,0.2,14.8,14191000
2017-09-26,9630.0,0.0,16.6,14191000
2017-09-27,9240.0,0.0,18.7,14191000
2017-09-28,8930.0,0.0,18.6,14191000
2017-09-29,8740.0,1.9,16.8,14191000
2017-09-30,9210.0,2.5,12.6,14191000
2017-10-01,9750.0,0.7,12.3,14191000
2017-10-02,10300.0,1.0,10.8,14191000
2017-10-03,10700.0,0.0,11.9,14191000
2017-10-04,11100.0,0.0,12.9,14191000
2017-10-05,11000.0,0.0,12.3,14191000
2017-10-06,11000.0,0.0,13.2,14191000
2017-10-07,11000.0,0.7,13.9,14191000
2017-10-08,11000.0,0.0,11.9,14191000
2017-10-09,11000.0,0.0,10.6,14191000
2017-10-10,11000.0,3.0,11.1,14191000
2017-10-11,11300.0,5.2,8.2,14191000
2017-10-12,12900.0,11.0,8.2,14191000
2017-10-13,15500.0,7.6,9.1,14191000
2017-10-14,17100.0,0.2,6.8,14191000
2017-10-15,16300.0,0.0,9.0,14191000
2017-10-16,15100.0,0.0,10.0,14191000
2017-10-17,14200.0,0.0,10.1,14191000
2017-10-18,14100.0,0.2,12.7,14191000
2017-10-19,14100.0,19.5,12.3,14191000
2017-10-20,17200.0,8.2,9.3,14191000
2017-10-21,23200.0,26.2,8.9,14191000
2017-10-22,39900.0,38.9,14.1,14191000
2017-10-23,54800.0,0.0,12.3,14191000
2017-10-24,39700.0,0.0,12.4,14191000
2017-10-25,30300.0,0.0,11.3,14191000
2017-10-26,27200.0,0.2,14.0,14191000
2017-10-27,24800.0,0.0,12.9,14191000
2017-10-28,24400.0,0.0,12.0,14191000
2017-10-29,23300.0,0.3,11.2,14191000
2017-10-30,22500.0,0.0,11.2,14191000
2017-10-31,21600.0,0.0,8.5,14191000
2017-11-01,20800.0,1.0,8.9,14191000
2017-11-02,20400.0,2.6,9.6,14191000
2017-11-03,21100.0,3.4,7.1,14191000
2017-11-04,22800.0,0.5,5.5,14191000
2017-11-05,23500.0,18.5,7.2,14191000
2017-11-06,24600.0,0.4,5.2,14191000
2017-11-07,25600.0,0.0,3.7,14191000
2017-11-08,25000.0,7.3,5.0,14191000
2017-11-09,25600.0,12.8,7.3,14191000
2017-11-10,27900.0,10.6,8.5,14191000
2017-11-11,31600.0,1.1,10.1,14191000
2017-11-12,32300.0,6.5,10.6,14191000
2017-11-13,31700.0,15.9,10.0,14191000
2017-11-14,33800.0,1.7,8.6,14191000
2017-11-15,33300.0,31.4,9.3,14191000
2017-11-16,41800.0,11.6,6.6,14191000
2017-11-17,50300.0,2.9,5.8,14191000
2017-11-18,47600.0,0.0,4.9,14191000
2017-11-19,42700.0,0.0,4.0,14191000
2017-11-20,40100.0,15.4,10.2,14191000
2017-11-21,46700.0,9.7,9.9,14191000
2017-11-22,49500.0,12.1,13.8,14191000
2017-11-23,52300.0,12.8,14.1,14191000
2017-11-24,66200.0,0.4,8.5,14191000
2017-11-25,68200.0,0.8,5.2,14191000
2017-11-26,61400.0,8.4,7.4,14191000
2017-11-27,58600.0,1.7,5.7,14191000
2017-11-28,56000.0,11.1,5.6,14191000
2017-11-29,53100.0,0.3,5.5,14191000
2017-11-30,49700.0,4.0,4.2,14191000
2017-12-01,46300.0,0.7,6.7,14191000
2017-12-02,43700.0,14.2,6.2,14191000
2017-12-03,43500.0,3.3,4.8,14191000
2017-12-04,42400.0,0.0,3.7,14191000
2017-12-05,38500.0,0.0,2.5,14191000
2017-12-06,34200.0,0.0,5.0,14191000
2017-12-07,30900.0,0.0,3.3,14191000
2017-12-08,28000.0,0.0,0.7,14191000
2017-12-09,25800.0,0.0,-0.6,14191000
2017-12-10,23800.0,0.0,-0.1,14191000
2017-12-11,22100.0,0.0,-0.3,14191000
2017-12-12,21000.0,0.0,-1.3,14191000
2017-12-13,20100.0,0.0,-0.1,14191000
2017-12-14,19300.0,0.0,1.4,14191000
2017-12-15,18700.0,0.4,-0.3,14191000
2017-12-16,18000.0,0.9,2.4,14191000
2017-12-17,16900.0,0.2,3.5,14191000
2017-12-18,15900.0,0.1,6.0,14191000
2017-12-19,15300.0,22.7,8.5,14191000
2017-12-20,18200.0,7.8,4.1,14191000
2017-12-21,20100.0,0.0,-0.1,14191000
2017-12-22,18800.0,0.2,0.3,14191000
2017-12-23,18200.0,9.6,3.2,14191000
2017-12-24,19000.0,3.3,-1.1,14191000
2017-12-25,19700.0,4.7,3.7,14191000
2017-12-26,20600.0,0.3,-0.9,14191000
2017-12-27,19700.0,1.3,2.8,14191000
2017-12-28,19100.0,0.4,6.5,14191000
2017-12-29,23200.0,22.6,9.8,14191000
2017-12-30,34700.0,7.1,7.8,14191000
2017-12-31,36400.0,0.0,3.4,14191000
2018-01-01,30600.0,0.0,1.4,14191000
2018-01-02,25900.0,0.0,1.4,14191000
2018-01-03,23700.0,0.0,1.6,14191000
2018-01-04,22400.0,1.3,1.9,14191000
2018-01-05,21500.0,11.1,4.7,14191000
2018-01-06,21500.0,2.6,7.1,14191000
2018-01-07,20700.0,0.1,4.0,14191000
2018-01-08,19400.0,0.3,4.5,14191000
2018-01-09,20100.0,12.4,5.5,14191000
2018-01-10,23400.0,1.8,4.8,14191000
2018-01-11,25500.0,22.5,9.3,14191000
2018-01-12,38300.0,3.2,9.7,14191000
2018-01-13,43300.0,0.0,8.6,14191000
2018-01-14,38700.0,0.0,7.5,14191000
2018-01-15,34200.0,0.4,6.8,14191000
2018-01-16,31300.0,6.3,8.8,14191000
2018-01-17,29700.0,0.5,7.8,14191000
2018-01-18,32000.0,13.0,9.3,14191000
2018-01-19,41300.0,3.1,5.2,14191000
2018-01-20,42500.0,3.5,5.7,14191000
2018-01-21,39800.0,6.6,7.4,14191000
2018-01-22,38700.0,1.9,5.8,14191000
2018-01-23,39600.0,15.6,5.5,14191000
2018-01-24,47400.0,27.6,7.9,14191000
2018-01-25,56100.0,7.7,4.4,14191000
2018-01-26,61400.0,5.2,4.4,14191000
2018-01-27,58400.0,11.6,7.1,14191000
2018-01-28,55200.0,1.9,11.1,14191000
2018-01-29,54800.0,2.1,9.9,14191000
2018-01-30,53300.0,15.3,7.9,14191000
2018-01-31,52900.0,0.0,5.1,14191000
2018-02-01,47500.0,0.1,5.9,14191000
2018-02-02,43000.0,2.2,10.1,14191000
2018-02-03,40700.0,0.7,10.5,14191000
2018-02-04,37400.0,0.6,10.5,14191000
2018-02-05,34200.0,0.0,9.6,14191000
2018-02-06,31000.0,0.2,6.9,14191000
2018-02-07,27900.0,0.0,7.2,14191000
2018-02-08,24700.0,0.0,8.0,14191000
2018-02-09,21400.0,0.0,7.9,14191000
2018-02-10,19500.0,0.0,5.6,14191000
2018-02-11,17900.0,0.6,3.1,14191000
2018-02-12,16700.0,0.0,2.7,14191000
2018-02-13,15700.0,0.0,0.7,14191000
2018-02-14,15000.0,8.0,4.4,14191000
2018-02-15,14700.0,0.2,4.5,14191000
2018-02-16,14000.0,1.4,5.2,14191000
2018-02-17,13300.0,2.1,8.1,14191000
2018-02-18,15900.0,3.8,4.4,14191000
2018-02-19,18500.0,0.3,0.8,14191000
2018-02-20,17300.0,0.6,0.8,14191000
2018-02-21,16100.0,3.8,0.1,14191000
2018-02-22,15400.0,3.3,1.5,14191000
2018-02-23,14800.0,0.0,-1.5,14191000
2018-02-24,14100.0,7.6,3.8,14191000
2018-02-25,15200.0,20.4,4.9,14191000
2018-02-26,21000.0,1.7,0.8,14191000
2018-02-27,25000.0,0.5,1.3,14191000
2018-02-28,21300.0,6.0,4.9,14191000
2018-03-01,22200.0,12.0,4.9,14191000
2018-03-02,25300.0,2.0,3.7,14191000
2018-03-03,23300.0,4.4,4.1,14191000
2018-03-04,20600.0,0.5,3.0,14191000
2018-03-05,18400.0,0.1,4.8,14191000
2018-03-06,16900.0,0.0,4.0,14191000
2018-03-07,15900.0,0.0,4.4,14191000
2018-03-08,15400.0,8.8,7.3,14191000
2018-03-09,18900.0,2.0,7.7,14191000
2018-03-10,23900.0,0.0,4.8,14191000
2018-03-11,21900.0,0.6,8.8,14191000
2018-03-12,20000.0,0.0,9.3,14191000
2018-03-13,20800.0,11.6,10.3,14191000
2018-03-14,24600.0,4.1,6.9,14191000
2018-03-15,25300.0,0.5,6.1,14191000
2018-03-16,22800.0,4.1,5.2,14191000
2018-03-17,21100.0,8.7,5.7,14191000
2018-03-18,19800.0,3.1,5.7,14191000
2018-03-19,18700.0,0.5,5.1,14191000
2018-03-20,17400.0,0.0,5.8,14191000
2018-03-21,16600.0,1.1,6.7,14191000
2018-03-22,18000.0,17.4,7.3,14191000
2018-03-23,25900.0,10.3,4.1,14191000
2018-03-24,34300.0,11.4,2.7,14191000
2018-03-25,35600.0,5.6,4.1,14191000
2018-03-26,29900.0,1.3,4.5,14191000
2018-03-27,25500.0,0.0,7.9,14191000
2018-03-28,23000.0,0.0,9.5,14191000
2018-03-29,22000.0,0.0,7.6,14191000
2018-03-30,21000.0,0.0,8.8,14191000
2018-03-31,20000.0,0.0,9.8,14191000
2018-04-01,19000.0,1.3,6.5,14191000
2018-04-02,18700.0,4.3,4.8,14191000
2018-04-03,18700.0,0.1,4.4,14191000
2018-04-04,18000.0,1.6,8.7,14191000
2018-04-05,18100.0,3.8,10.9,14191000
2018-04-06,20000.0,2.7,12.0,14191000
2018-04-07,24000.0,10.5,13.3,14191000
2018-04-08,40900.0,38.3,8.4,14191000
2018-04-09,56400.0,0.0,8.5,14191000
2018-04-10,49700.0,2.7,11.2,14191000
2018-04-11,40800.0,4.0,9.5,14191000
2018-04-12,38400.0,12.0,5.8,14191000
2018-04-13,39500.0,4.2,7.7,14191000
2018-04-14,40600.0,0.3,10.3,14191000
2018-04-15,39700.0,20.0,8.9,14191000
2018-04-16,42000.0,6.1,6.2,14191000
2018-04-17,42000.0,3.5,7.0,14191000
2018-04-18,39100.0,0.5,7.8,14191000
2018-04-19,34600.0,1.1,8.5,14191000
2018-04-20,30500.0,0.0,9.7,14191000
2018-04-21,26400.0,0.9,10.9,14191000
2018-04-22,24200.0,0.0,8.9,14191000
2018-04-23,22500.0,0.0,11.2,14191000
2018-04-24,20800.0,0.0,13.7,14191000
2018-04-25,19800.0,0.0,15.9,14191000
2018-04-26,19700.0,0.0,16.2,14191000
2018-04-27,19900.0,4.3,11.9,14191000
2018-04-28,21500.0,2.6,9.5,14191000
2018-04-29,21600.0,12.7,10.1,14191000
2018-04-30,20700.0,0.5,9.2,14191000
2018-05-01,19200.0,0.7,10.0,14191000
2018-05-02,17500.0,0.0,11.1,14191000
2018-05-03,15900.0,0.0,14.2,14191000
2018-05-04,15000.0,0.3,11.8,14191000
2018-05-05,14600.0,0.7,13.6,14191000
2018-05-06,14300.0,1.9,15.2,14191000
2018-05-07,14000.0,0.0,13.3,14191000
2018-05-08,13800.0,0.6,14.5,14191000
2018-05-09,13600.0,2.4,14.6,14191000
2018-05-10,13700.0,2.0,12.1,14191000
2018-05-11,14700.0,0.0,11.2,14191000
2018-05-12,15200.0,0.0,13.5,14191000
2018-05-13,15700.0,0.0,17.7,14191000
2018-05-14,15300.0,0.0,17.4,14191000
2018-05-15,15100.0,0.0,16.0,14191000
2018-05-16,15400.0,0.0,14.4,14191000
2018-05-17,15200.0,0.0,14.2,14191000
2018-05-18,15100.0,0.2,13.1,14191000
2018-05-19,15200.0,0.0,13.5,14191000
2018-05-20,15100.0,0.0,13.8,14191000
2018-05-21,15100.0,0.0,13.6,14191000
2018-05-22,14800.0,0.0,16.7,14191000
2018-05-23,14500.0,0.0,17.5,14191000
2018-05-24,14700.0,0.0,16.1,14191000
2018-05-25,14800.0,0.0,15.8,14191000
2018-05-26,15100.0,0.0,12.4,14191000
2018-05-27,15200.0,0.0,14.4,14191000
2018-05-28,15100.0,0.0,15.6,14191000
2018-05-29,15200.0,0.0,14.7,14191000
2018-05-30,15100.0,0.0,12.3,14191000
2018-05-31,14500.0,0.3,12.8,14191000
2018-06-01,13900.0,0.0,12.8,14191000
2018-06-02,13600.0,0.0,16.4,14191000
2018-06-03,13200.0,0.0,16.4,14191000
2018-06-04,13000.0,0.0,14.2,14191000
2018-06-05,12800.0,0.0,14.5,14191000
2018-06-06,12600.0,0.0,15.6,14191000
2018-06-07,12500.0,0.0,15.7,14191000
2018-06-08,12400.0,0.5,15.5,14191000
2018-06-09,12500.0,14.5,12.4,14191000
2018-06-10,12800.0,6.3,10.4,14191000
2018-06-11,13000.0,4.7,12.7,14191000
2018-06-12,12400.0,0.0,15.3,14191000
2018-06-13,11300.0,2.8,14.9,14191000
2018-06-14,10400.0,0.0,14.1,14191000
2018-06-15,9570.0,0.0,15.1,14191000
2018-06-16,9200.0,0.3,15.7,14191000
2018-06-17,8810.0,0.0,19.5,14191000
2018-06-18,8710.0,0.0,20.4,14191000
2018-06-19,8520.0,0.0,20.5,14191000
2018-06-20,8320.0,0.0,22.9,14191000
2018-06-21,8190.0,0.0,19.2,14191000
2018-06-22,8310.0,0.1,18.4,14191000
2018-06-23,8510.0,0.0,17.6,14191000
2018-06-24,8480.0,0.0,20.1,14191000
2018-06-25,8470.0,0.5,17.9,14191000
2018-06-26,8350.0,0.0,15.7,14191000
2018-06-27,8300.0,0.0,17.6,14191000
2018-06-28,8310.0,0.3,15.6,14191000
2018-06-29,8270.0,0.0,16.7,14191000
2018-06-30,8030.0,0.0,18.4,14191000
2018-07-01,7950.0,0.0,19.5,14191000
2018-07-02,7730.0,0.4,16.2,14191000
2018-07-03,7390.0,0.0,15.3,14191000
2018-07-04,7350.0,0.0,19.4,14191000
2018-07-05,7300.0,0.5,18.5,14191000
2018-07-06,7200.0,0.1,19.8,14191000
2018-07-07,7080.0,0.0,18.1,14191000
2018-07-08,7290.0,0.0,19.9,14191000
2018-07-09,7340.0,0.0,18.0,14191000
2018-07-10,7260.0,0.1,17.0,14191000
2018-07-11,7290.0,0.0,20.7,14191000
2018-07-12,7240.0,0.0,25.3,14191000
2018-07-13,7180.0,0.0,25.7,14191000
2018-07-14,7090.0,0.0,22.5,14191000
2018-07-15,7090.0,0.0,25.3,14191000
2018-07-16,7110.0,0.0,25.5,14191000
2018-07-17,6950.0,0.0,22.9,14191000
2018-07-18,6770.0,0.0,20.4,14191000
2018-07-19,6570.0,0.0,19.5,14191000
2018-07-20,6400.0,0.0,17.5,14191000
2018-07-21,6390.0,0.0,18.5,14191000
2018-07-22,6400.0,0.0,20.9,14191000
2018-07-23,6450.0,0.0,23.2,14191000
2018-07-24,6430.0,0.0,23.9,14191000
2018-07-25,6360.0,0.0,24.3,14191000
2018-07-26,6290.0,0.0,25.8,14191000
2018-07-27,6320.0,0.0,22.1,14191000
2018-07-28,6200.0,0.0,21.3,14191000
2018-07-29,6140.0,0.0,24.3,14191000
2018-07-30,6150.0,0.0,24.0,14191000
2018-07-31,6170.0,0.0,22.0,14191000
2018-08-01,6510.0,0.0,20.4,14191000
2018-08-02,6560.0,0.0,19.2,14191000
2018-08-03,6720.0,0.3,18.0,14191000
2018-08-04,6760.0,0.0,19.9,14191000
2018-08-05,6810.0,0.0,20.8,14191000
2018-08-06,6810.0,0.0,22.0,14191000
2018-08-07,6640.0,0.0,23.0,14191000
2018-08-08,6640.0,0.0,24.5,14191000
2018-08-09,6590.0,0.0,23.8,14191000
2018-08-10,6560.0,0.0,23.5,14191000
2018-08-11,6510.0,2.9,20.6,14191000
2018-08-12,6530.0,0.0,19.6,14191000
2018-08-13,6530.0,0.0,21.7,14191000
2018-08-14,6480.0,0.0,24.7,14191000
2018-08-15,6460.0,0.0,23.3,14191000
2018-08-16,6530.0,0.2,21.5,14191000
2018-08-17,6530.0,0.0,18.3,14191000
2018-08-18,6540.0,0.0,18.7,14191000
2018-08-19,6510.0,0.0,20.8,14191000
2018-08-20,6540.0,0.0,21.0,14191000
2018-08-21,6490.0,0.0,24.7,14191000
2018-08-22,6480.0,0.0,24.6,14191000
2018-08-23,6460.0,0.0,19.2,14191000
2018-08-24,6500.0,0.0,16.6,14191000
2018-08-25,6540.0,0.0,15.8,14191000
2018-08-26,6610.0,0.0,17.1,14191000
2018-08-27,6670.0,2.4,17.6,14191000
2018-08-28,6690.0,0.0,20.1,14191000
2018-08-29,6640.0,0.0,20.7,14191000
2018-08-30,6670.0,0.0,17.3,14191000
2018-08-31,6770.0,0.2,17.4,14191000
2018-09-01,6810.0,0.0,16.6,14191000
2018-09-02,6830.0,0.0,17.2,14191000
2018-09-03,6930.0,0.0,18.6,14191000
2018-09-04,6940.0,0.0,17.2,14191000
2018-09-05,7310.0,0.0,20.5,14191000
2018-09-06,7400.0,0.0,19.9,14191000
2018-09-07,7400.0,0.0,17.9,14191000
2018-09-08,7450.0,1.8,17.3,14191000
2018-09-09,7460.0,0.0,16.9,14191000
2018-09-10,7490.0,3.7,18.0,14191000
2018-09-11,7570.0,0.5,15.7,14191000
2018-09-12,7740.0,5.9,14.4,14191000
2018-09-13,7890.0,0.7,13.9,14191000
2018-09-14,7850.0,0.0,13.9,14191000
2018-09-15,7840.0,0.0,13.8,14191000
2018-09-16,7810.0,6.6,14.6,14191000
2018-09-17,7780.0,0.0,13.1,14191000
2018-09-18,7790.0,0.0,13.2,14191000
2018-09-19,7810.0,0.0,13.4,14191000
2018-09-20,7710.0,0.2,14.9,14191000
2018-09-21,7640.0,0.0,15.6,14191000
2018-09-22,7590.0,0.6,17.1,14191000
2018-09-23,7600.0,0.1,13.3,14191000
2018-09-24,7630.0,0.0,12.9,14191000
2018-09-25,7590.0,0.0,15.9,14191000
2018-09-26,7670.0,0.0,18.0,14191000
2018-09-27,7720.0,0.0,18.5,14191000
2018-09-28,7700.0,0.0,19.6,14191000
2018-09-29,7670.0,1.2,16.1,14191000
2018-09-30,7590.0,1.5,14.8,14191000
2018-10-01,7510.0,0.0,16.7,14191000
2018-10-02,7510.0,0.2,15.9,14191000
2018-10-03,7600.0,0.0,11.9,14191000
2018-10-04,7570.0,0.0,12.9,14191000
2018-10-05,7630.0,4.6,10.1,14191000
2018-10-06,7750.0,3.8,12.9,14191000
2018-10-07,7980.0,0.5,10.4,14191000
2018-10-08,8080.0,5.7,11.6,14191000
2018-10-09,7970.0,1.1,14.4,14191000
2018-10-10,8020.0,0.0,12.4,14191000
2018-10-11,7920.0,0.0,11.9,14191000
2018-10-12,7800.0,0.0,12.3,14191000
2018-10-13,7760.0,0.0,13.2,14191000
2018-10-14,7640.0,0.0,13.5,14191000
2018-10-15,7550.0,0.0,12.5,14191000
2018-10-16,7520.0,0.0,13.7,14191000
2018-10-17,7440.0,0.0,14.2,14191000
2018-10-18,7420.0,0.0,12.9,14191000
2018-10-19,7390.0,0.0,11.9,14191000
2018-10-20,7340.0,0.0,12.3,14191000
2018-10-21,7330.0,0.0,11.5,14191000
2018-10-22,7330.0,0.0,11.2,14191000
2018-10-23,7330.0,0.3,10.6,14191000
2018-10-24,7440.0,0.7,11.2,14191000
2018-10-25,7440.0,0.1,12.4,14191000
2018-10-26,7430.0,11.1,13.3,14191000
2018-10-27,7830.0,10.1,12.7,14191000
2018-10-28,8040.0,25.8,13.9,14191000
2018-10-29,8250.0,9.0,11.0,14191000
2018-10-30,8880.0,0.4,9.3,14191000
2018-10-31,8650.0,7.9,10.6,14191000
2018-11-01,8540.0,1.0,14.2,14191000
2018-11-02,9280.0,7.1,13.9,14191000
2018-11-03,9640.0,0.0,11.3,14191000
2018-11-04,9240.0,6.1,12.5,14191000
2018-11-05,9300.0,0.7,10.2,14191000
2018-11-06,9350.0,0.1,8.6,14191000
2018-11-07,8450.0,0.0,7.4,14191000
2018-11-08,7800.0,0.0,5.5,14191000
2018-11-09,7220.0,0.0,4.6,14191000
2018-11-10,6890.0,0.0,6.3,14191000
2018-11-11,6710.0,0.0,5.0,14191000
2018-11-12,6580.0,0.0,5.6,14191000
2018-11-13,6470.0,0.0,4.3,14191000
2018-11-14,6370.0,0.4,5.9,14191000
2018-11-15,6310.0,0.0,7.8,14191000
2018-11-16,6300.0,0.0,7.6,14191000
2018-11-17,6260.0,0.0,8.1,14191000
2018-11-18,6200.0,0.0,5.6,14191000
2018-11-19,6160.0,0.0,3.9,14191000
2018-11-20,6140.0,0.0,3.2,14191000
2018-11-21,6090.0,8.9,4.4,14191000
2018-11-22,6190.0,18.0,7.2,14191000
2018-11-23,6730.0,11.7,7.8,14191000
2018-11-24,8130.0,1.3,5.7,14191000
2018-11-25,10100.0,0.0,4.4,14191000
2018-11-26,9490.0,0.3,6.3,14191000
2018-11-27,9620.0,15.3,11.5,14191000
2018-11-28,12900.0,14.3,8.9,14191000
2018-11-29,16700.0,1.6,7.2,14191000
2018-11-30,15700.0,4.0,6.9,14191000
2018-12-01,15600.0,4.5,5.5,14191000
2018-12-02,15600.0,1.6,4.3,14191000
2018-12-03,14800.0,0.2,3.6,14191000
2018-12-04,13800.0,0.0,2.3,14191000
2018-12-05,12800.0,0.0,1.5,14191000
2018-12-06,11800.0,0.0,0.4,14191000
2018-12-07,11100.0,0.0,-0.7,14191000
2018-12-08,10500.0,3.2,1.6,14191000
2018-12-09,10400.0,6.2,2.1,14191000
2018-12-10,10700.0,6.2,4.7,14191000
2018-12-11,11200.0,3.0,6.4,14191000
2018-12-12,13700.0,12.1,6.6,14191000
2018-12-13,15700.0,0.0,7.7,14191000
2018-12-14,14600.0,3.2,5.1,14191000
2018-12-15,13500.0,4.7,5.1,14191000
2018-12-16,13100.0,14.2,6.1,14191000
2018-12-17,12900.0,1.4,7.9,14191000
2018-12-18,20300.0,50.5,9.6,14191000
2018-12-19,39300.0,0.2,8.7,14191000
2018-12-20,39200.0,5.9,9.6,14191000
2018-12-21,34000.0,0.1,4.4,14191000
2018-12-22,34100.0,0.7,2.7,14191000
2018-12-23,33800.0,22.6,6.3,14191000
2018-12-24,42700.0,10.8,7.3,14191000
2018-12-25,46200.0,0.4,3.8,14191000
2018-12-26,40700.0,2.0,4.6,14191000
2018-12-27,35900.0,2.3,4.0,14191000
2018-12-28,31700.0,2.0,4.9,14191000
2018-12-29,27800.0,2.0,7.0,14191000
2018-12-30,28400.0,12.0,7.2,14191000
2018-12-31,31200.0,0.2,3.2,14191000
2019-01-01,29500.0,0.0,0.3,14191000
2019-01-02,26800.0,0.0,-0.4,14191000
2019-01-03,24900.0,2.1,5.4,14191000
2019-01-04,24000.0,4.4,7.6,14191000
2019-01-05,22500.0,0.8,4.7,14191000
2019-01-06,21400.0,10.7,5.0,14191000
2019-01-07,21700.0,2.8,3.5,14191000
2019-01-08,21800.0,12.5,4.2,14191000
2019-01-09,22400.0,6.8,5.0,14191000
2019-01-10,24500.0,2.5,9.3,14191000
2019-01-11,25800.0,0.0,6.2,14191000
2019-01-12,24100.0,0.0,4.1,14191000
2019-01-13,21700.0,0.0,3.7,14191000
2019-01-14,20000.0,0.0,3.0,14191000
2019-01-15,18900.0,0.0,1.1,14191000
2019-01-16,17100.0,2.3,1.3,14191000
2019-01-17,15900.0,9.9,4.9,14191000
2019-01-18,16900.0,8.9,6.4,14191000
2019-01-19,25700.0,19.0,8.9,14191000
2019-01-20,40900.0,18.4,5.8,14191000
2019-01-21,47600.0,1.6,3.7,14191000
2019-01-22,46400.0,3.9,4.7,14191000
2019-01-23,40300.0,5.0,8.7,14191000
2019-01-24,39000.0,0.0,6.2,14191000
2019-01-25,35500.0,0.0,3.7,14191000
2019-01-26,31400.0,0.0,3.6,14191000
2019-01-27,28100.0,0.0,3.2,14191000
2019-01-28,25900.0,0.0,3.9,14191000
2019-01-29,24100.0,0.0,3.3,14191000
2019-01-30,21500.0,0.0,2.4,14191000
2019-01-31,18800.0,0.0,2.2,14191000
2019-02-01,16700.0,7.0,6.3,14191000
2019-02-02,15000.0,2.4,7.2,14191000
2019-02-03,14400.0,6.5,5.7,14191000
2019-02-04,16400.0,4.8,2.1,14191000
2019-02-05,17200.0,0.7,0.1,14191000
2019-02-06,15900.0,0.1,0.4,14191000
2019-02-07,14600.0,0.0,-2.4,14191000
2019-02-08,13300.0,0.4,-0.8,14191000
2019-02-09,13800.0,7.8,2.1,14191000
2019-02-10,16000.0,0.9,-0.6,14191000
2019-02-11,16600.0,28.1,3.6,14191000
2019-02-12,24200.0,44.2,5.1,14191000
2019-02-13,31100.0,9.3,4.1,14191000
2019-02-14,31000.0,10.1,3.6,14191000
2019-02-15,30900.0,3.6,4.8,14191000
2019-02-16,32600.0,3.8,4.4,14191000
2019-02-17,31600.0,1.1,1.9,14191000
2019-02-18,28500.0,0.0,1.6,14191000
2019-02-19,24500.0,0.7,2.5,14191000
2019-02-20,22800.0,8.4,3.9,14191000
2019-02-21,24400.0,1.6,1.4,14191000
2019-02-22,23300.0,0.0,1.2,14191000
2019-02-23,21700.0,6.1,4.1,14191000
2019-02-24,29300.0,15.3,3.7,14191000
2019-02-25,48200.0,6.6,1.8,14191000
2019-02-26,51000.0,0.0,-2.2,14191000
2019-02-27,40500.0,6.3,-1.4,14191000
2019-02-28,32700.0,0.7,-1.8,14191000
2019-03-01,28300.0,0.7,1.8,14191000
2019-03-02,26500.0,0.0,2.3,14191000
2019-03-03,25400.0,0.0,0.7,14191000
2019-03-04,23800.0,0.0,-1.8,14191000
2019-03-05,22300.0,0.0,-1.5,14191000
2019-03-06,21100.0,4.4,-0.2,14191000
2019-03-07,20800.0,3.1,1.8,14191000
2019-03-08,21200.0,3.5,1.2,14191000
2019-03-09,22000.0,1.4,2.0,14191000
2019-03-10,21700.0,0.0,2.3,14191000
2019-03-11,20300.0,0.0,2.4,14191000
2019-03-12,19800.0,11.1,6.8,14191000
2019-03-13,21900.0,1.3,4.6,14191000
2019-03-14,22700.0,0.0,5.0,14191000
2019-03-15,20900.0,0.0,5.7,14191000
2019-03-16,19700.0,0.0,6.8,14191000
2019-03-17,19400.0,0.0,8.3,14191000
2019-03-18,20000.0,0.0,10.1,14191000
2019-03-19,20800.0,0.0,10.8,14191000
2019-03-20,22300.0,0.0,11.6,14191000
2019-03-21,23700.0,0.1,10.5,14191000
2019-03-22,23100.0,3.9,6.6,14191000
2019-03-23,22700.0,3.5,8.2,14191000
2019-03-24,22900.0,0.1,7.5,14191000
2019-03-25,22000.0,3.7,7.7,14191000
2019-03-26,20900.0,1.3,6.8,14191000
2019-03-27,20000.0,2.8,7.2,14191000
2019-03-28,19200.0,1.8,6.8,14191000
2019-03-29,19200.0,0.8,8.0,14191000
2019-03-30,18800.0,0.1,8.8,14191000
2019-03-31,18000.0,0.0,9.7,14191000
2019-04-01,17400.0,2.2,11.2,14191000
2019-04-02,18400.0,13.3,11.2,14191000
2019-04-03,23400.0,5.3,12.0,14191000
2019-04-04,27900.0,2.4,9.3,14191000
2019-04-05,30500.0,17.2,9.9,14191000
2019-04-06,39600.0,11.0,8.4,14191000
2019-04-07,56700.0,36.4,10.2,14191000
2019-04-08,87200.0,14.6,10.5,14191000
2019-04-09,111000.0,5.0,9.4,14191000
2019-04-10,129000.0,2.2,8.7,14191000
2019-04-11,141000.0,13.3,8.7,14191000
2019-04-12,145000.0,0.7,10.0,14191000
2019-04-13,134000.0,2.1,8.1,14191000
2019-04-14,118000.0,2.3,6.8,14191000
2019-04-15,105000.0,1.5,6.1,14191000
2019-04-16,90300.0,9.2,8.6,14191000
2019-04-17,76700.0,1.3,10.9,14191000
2019-04-18,64800.0,0.0,13.2,14191000
2019-04-19,53700.0,0.1,13.7,14191000
2019-04-20,46600.0,7.2,11.3,14191000
2019-04-21,41300.0,0.0,9.6,14191000
2019-04-22,36900.0,0.1,9.3,14191000
2019-04-23,32900.0,2.2,12.7,14191000
2019-04-24,29500.0,0.0,10.3,14191000
2019-04-25,27400.0,0.0,11.4,14191000
2019-04-26,25400.0,0.0,12.7,14191000
2019-04-27,24200.0,0.2,9.5,14191000
2019-04-28,23800.0,0.0,7.7,14191000
2019-04-29,22800.0,0.0,10.7,14191000
2019-04-30,21300.0,0.0,11.4,14191000
2019-05-01,19600.0,0.0,10.8,14191000
2019-05-02,18300.0,0.0,9.1,14191000
2019-05-03,17300.0,0.0,10.4,14191000
2019-05-04,15700.0,0.0,12.6,14191000
2019-05-05,14500.0,0.0,14.3,14191000
2019-05-06,13800.0,0.0,14.8,14191000
2019-05-07,13400.0,0.0,16.0,14191000
2019-05-08,13400.0,0.0,13.9,14191000
2019-05-09,13600.0,0.0,18.4,14191000
2019-05-10,14300.0,0.0,18.0,14191000
2019-05-11,14700.0,0.0,18.8,14191000
2019-05-12,14900.0,0.0,14.2,14191000
2019-05-13,15200.0,0.0,12.9,14191000
2019-05-14,15100.0,6.3,12.9,14191000
2019-05-15,15200.0,5.0,11.7,14191000
2019-05-16,15200.0,4.3,12.4,14191000
2019-05-17,15200.0,1.7,12.2,14191000
2019-05-18,14900.0,0.6,13.1,14191000
2019-05-19,14900.0,12.7,12.9,14191000
2019-05-20,14700.0,0.3,12.1,14191000
2019-05-21,14700.0,2.0,12.3,14191000
2019-05-22,14700.0,0.4,14.1,14191000
2019-05-23,15300.0,0.4,14.9,14191000
2019-05-24,15600.0,5.0,13.3,14191000
2019-05-25,15600.0,6.6,11.0,14191000
2019-05-26,16000.0,8.1,11.2,14191000
2019-05-27,16100.0,0.2,15.2,14191000
2019-05-28,15700.0,0.0,14.7,14191000
2019-05-29,15300.0,0.0,14.2,14191000
2019-05-30,14900.0,0.0,15.4,14191000
2019-05-31,14400.0,0.0,17.0,14191000
2019-06-01,14200.0,0.0,17.4,14191000
2019-06-02,13800.0,0.0,17.4,14191000
2019-06-03,13400.0,0.0,14.8,14191000
2019-06-04,13100.0,0.0,15.2,14191000
2019-06-05,13200.0,0.4,15.6,14191000
2019-06-06,13100.0,0.9,13.0,14191000
2019-06-07,13100.0,0.9,12.2,14191000
2019-06-08,13100.0,0.3,12.4,14191000
2019-06-09,13000.0,0.0,15.5,14191000
2019-06-10,12700.0,0.0,20.1,14191000
2019-06-11,12400.0,0.0,23.6,14191000
2019-06-12,12000.0,0.0,26.6,14191000
2019-06-13,12100.0,0.0,23.1,14191000
2019-06-14,11700.0,0.0,17.0,14191000
2019-06-15,11300.0,0.0,17.5,14191000
2019-06-16,11200.0,0.0,18.7,14191000
2019-06-17,11000.0,0.0,19.1,14191000
2019-06-18,10900.0,0.0,19.0,14191000
2019-06-19,10500.0,0.0,15.6,14191000
2019-06-20,9920.0,0.1,14.3,14191000
2019-06-21,9810.0,0.0,14.8,14191000
2019-06-22,9760.0,0.0,15.8,14191000
2019-06-23,9780.0,0.0,16.8,14191000
2019-06-24,9730.0,0.0,15.9,14191000
2019-06-25,9550.0,0.2,16.6,14191000
2019-06-26,9370.0,0.7,15.2,14191000
2019-06-27,8950.0,14.5,13.2,14191000
2019-06-28,9000.0,1.6,14.5,14191000
2019-06-29,8550.0,0.0,16.7,14191000
2019-06-30,7900.0,0.0,18.0,14191000
2019-07-01,7580.0,0.5,19.0,14191000
2019-07-02,7320.0,0.4,16.3,14191000
2019-07-03,7200.0,0.1,17.0,14191000
2019-07-04,7140.0,0.0,18.7,14191000
2019-07-05,7230.0,0.0,18.5,14191000
2019-07-06,7150.0,0.3,16.6,14191000
2019-07-07,7140.0,0.0,17.2,14191000
2019-07-08,7100.0,0.0,18.4,14191000
2019-07-09,7020.0,1.8,18.4,14191000
2019-07-10,7220.0,13.1,18.0,14191000
2019-07-11,7210.0,0.5,19.2,14191000
2019-07-12,7080.0,0.0,20.6,14191000
2019-07-13,7050.0,0.0,20.2,14191000
2019-07-14,7210.0,0.0,20.6,14191000
2019-07-15,7190.0,2.8,19.6,14191000
2019-07-16,7110.0,0.3,19.2,14191000
2019-07-17,7040.0,0.5,18.4,14191000
2019-07-18,6990.0,0.5,19.5,14191000
2019-07-19,6910.0,0.0,17.2,14191000
2019-07-20,6810.0,0.0,19.0,14191000
2019-07-21,6680.0,0.0,20.9,14191000
2019-07-22,6670.0,0.0,20.3,14191000
2019-07-23,6660.0,0.0,19.6,14191000
2019-07-24,6770.0,0.0,18.4,14191000
2019-07-25,6930.0,0.0,21.9,14191000
2019-07-26,6960.0,0.0,24.0,14191000
2019-07-27,6970.0,0.0,20.7,14191000
2019-07-28,7030.0,0.0,20.8,14191000
2019-07-29,7060.0,0.0,20.4,14191000
2019-07-30,7150.0,0.0,18.6,14191000
2019-07-31,7200.0,0.0,20.0,14191000
2019-08-01,7350.0,0.0,21.4,14191000
2019-08-02,7440.0,0.1,21.8,14191000
2019-08-03,7350.0,0.1,22.5,14191000
2019-08-04,7290.0,0.0,24.1,14191000
2019-08-05,7270.0,0.0,22.7,14191000
2019-08-06,7220.0,0.0,21.3,14191000
2019-08-07,7220.0,0.0,20.2,14191000
2019-08-08,7220.0,0.0,18.6,14191000
2019-08-09,7360.0,0.4,18.9,14191000
2019-08-10,7420.0,1.0,18.9,14191000
2019-08-11,7500.0,0.1,18.2,14191000
2019-08-12,7500.0,0.0,19.9,14191000
2019-08-13,7380.0,0.0,22.3,14191000
2019-08-14,7280.0,0.0,21.9,14191000
2019-08-15,7200.0,0.0,20.8,14191000
2019-08-16,7150.0,0.0,19.6,14191000
2019-08-17,7140.0,0.0,18.7,14191000
2019-08-18,7170.0,0.0,19.7,14191000
2019-08-19,7190.0,0.0,19.8,14191000
2019-08-20,7120.0,0.0,20.8,14191000
2019-08-21,7380.0,1.8,18.0,14191000
2019-08-22,7360.0,4.2,17.1,14191000
2019-08-23,7220.0,0.0,18.1,14191000
2019-08-24,7200.0,0.0,19.3,14191000
2019-08-25,7400.0,0.0,19.2,14191000
2019-08-26,7360.0,0.0,19.6,14191000
2019-08-27,7300.0,0.0,24.5,14191000
2019-08-28,7270.0,0.0,25.8,14191000
2019-08-29,7300.0,1.7,22.5,14191000
2019-08-30,7420.0,0.0,21.0,14191000
2019-08-31,7450.0,0.0,20.0,14191000
2019-09-01,7340.0,0.1,21.1,14191000
2019-09-02,7860.0,0.0,19.9,14191000
2019-09-03,8240.0,0.0,20.2,14191000
2019-09-04,8260.0,0.0,19.4,14191000
2019-09-05,8280.0,0.0,21.6,14191000
2019-09-06,8280.0,0.0,22.0,14191000
2019-09-07,8380.0,0.1,18.9,14191000
2019-09-08,8480.0,2.6,17.3,14191000
2019-09-09,8870.0,9.5,16.1,14191000
2019-09-10,9570.0,15.4,15.7,14191000
2019-09-11,9640.0,3.6,15.3,14191000
2019-09-12,9360.0,0.0,17.0,14191000
2019-09-13,9030.0,3.9,18.9,14191000
2019-09-14,8850.0,0.0,17.8,14191000
2019-09-15,8950.0,15.3,15.7,14191000
2019-09-16,9430.0,7.4,14.2,14191000
2019-09-17,9940.0,6.9,14.6,14191000
2019-09-18,10200.0,23.8,14.0,14191000
2019-09-19,11700.0,1.0,13.9,14191000
2019-09-20,11200.0,1.2,15.8,14191000
2019-09-21,10200.0,0.1,16.1,14191000
2019-09-22,9780.0,23.8,14.9,14191000
2019-09-23,9730.0,0.4,14.4,14191000
2019-09-24,9650.0,0.9,17.3,14191000
2019-09-25,9330.0,0.0,15.5,14191000
2019-09-26,9010.0,0.4,15.2,14191000
2019-09-27,8890.0,0.1,13.2,14191000
2019-09-28,8820.0,3.2,11.0,14191000
2019-09-29,8890.0,5.7,8.3,14191000
2019-09-30,9060.0,0.7,8.0,14191000
2019-10-01,8960.0,0.0,8.6,14191000
2019-10-02,8780.0,0.0,8.4,14191000
2019-10-03,8580.0,2.4,11.2,14191000
2019-10-04,8630.0,1.0,10.5,14191000
2019-10-05,8970.0,0.0,10.5,14191000
2019-10-06,8980.0,0.0,11.3,14191000
2019-10-07,8860.0,0.0,11.9,14191000
2019-10-08,8790.0,1.4,13.6,14191000
2019-10-09,8810.0,0.0,6.4,14191000
2019-10-10,8950.0,0.0,7.4,14191000
2019-10-11,9190.0,0.0,8.8,14191000
2019-10-12,9610.0,0.0,8.4,14191000
2019-10-13,9660.0,2.0,10.6,14191000
2019-10-14,9690.0,0.0,9.5,14191000
2019-10-15,9620.0,0.0,9.3,14191000
2019-10-16,9470.0,8.3,11.5,14191000
2019-10-17,9750.0,8.0,11.3,14191000
2019-10-18,10600.0,7.9,10.4,14191000
2019-10-19,12400.0,19.9,10.7,14191000
2019-10-20,15000.0,2.1,9.6,14191000
2019-10-21,14100.0,0.7,12.5,14191000
2019-10-22,12800.0,6.3,14.7,14191000
2019-10-23,12800.0,0.0,10.2,14191000
2019-10-24,12000.0,0.0,9.7,14191000
2019-10-25,11400.0,0.0,12.1,14191000
2019-10-26,10700.0,0.0,8.7,14191000
2019-10-27,10400.0,0.0,6.9,14191000
2019-10-28,10500.0,0.0,5.7,14191000
2019-10-29,10300.0,0.0,4.9,14191000
2019-10-30,9990.0,0.0,2.6,14191000
2019-10-31,9800.0,0.0,3.0,14191000
2019-11-01,9750.0,0.0,5.2,14191000
2019-11-02,9770.0,0.0,7.2,14191000
2019-11-03,9880.0,0.0,7.0,14191000
2019-11-04,9950.0,0.0,6.7,14191000
2019-11-05,11000.0,0.0,5.9,14191000
2019-11-06,11900.0,0.0,5.6,14191000
2019-11-07,12600.0,0.0,6.9,14191000
2019-11-08,13200.0,0.0,5.7,14191000
2019-11-09,13100.0,0.1,8.4,14191000
2019-11-10,12300.0,0.1,9.9,14191000
2019-11-11,11600.0,0.0,9.9,14191000
2019-11-12,11300.0,4.1,7.2,14191000
2019-11-13,10900.0,0.0,8.2,14191000
2019-11-14,10200.0,0.0,7.3,14191000
2019-11-15,10200.0,3.5,9.4,14191000
2019-11-16,9890.0,0.0,9.4,14191000
2019-11-17,9070.0,0.4,9.1,14191000
2019-11-18,8380.0,3.9,10.6,14191000
2019-11-19,8000.0,8.1,11.0,14191000
2019-11-20,7960.0,0.0,7.3,14191000
2019-11-21,8110.0,0.0,6.1,14191000
2019-11-22,7830.0,0.0,3.1,14191000
2019-11-23,7630.0,0.0,2.2,14191000
2019-11-24,7490.0,1.4,6.3,14191000
2019-11-25,7530.0,3.3,5.6,14191000
2019-11-26,7700.0,5.8,3.8,14191000
2019-11-27,8130.0,1.7,4.2,14191000
2019-11-28,8040.0,0.0,2.6,14191000
2019-11-29,7870.0,0.0,-0.2,14191000
2019-11-30,7830.0,0.0,-1.0,14191000
2019-12-01,7760.0,3.5,1.2,14191000
2019-12-02,7700.0,0.5,1.2,14191000
2019-12-03,7620.0,0.0,2.0,14191000
2019-12-04,7560.0,0.0,2.0,14191000
2019-12-05,7460.0,0.0,3.4,14191000
2019-12-06,7280.0,0.8,3.6,14191000
2019-12-07,7520.0,25.0,5.1,14191000
2019-12-08,7750.0,2.2,6.7,14191000
2019-12-09,7890.0,0.0,6.6,14191000
2019-12-10,7810.0,5.6,3.8,14191000
2019-12-11,8020.0,13.5,6.5,14191000
2019-12-12,8970.0,16.7,8.4,14191000
2019-12-13,12100.0,4.0,7.0,14191000
2019-12-14,13600.0,0.2,4.3,14191000
2019-12-15,13100.0,0.0,3.2,14191000
2019-12-16,12200.0,0.2,3.9,14191000
2019-12-17,11500.0,0.0,1.0,14191000
2019-12-18,10800.0,0.0,0.1,14191000
2019-12-19,10800.0,23.0,6.5,14191000
2019-12-20,13900.0,14.5,11.7,14191000
2019-12-21,20600.0,37.0,9.3,14191000
2019-12-22,23900.0,3.7,6.2,14191000
2019-12-23,23700.0,6.1,5.6,14191000
2019-12-24,21800.0,0.1,1.7,14191000
2019-12-25,19200.0,1.8,4.4,14191000
2019-12-26,16900.0,0.1,0.9,14191000
2019-12-27,15000.0,0.2,3.4,14191000
2019-12-28,13400.0,0.0,2.8,14191000
2019-12-29,12400.0,4.4,4.0,14191000
2019-12-30,11800.0,0.0,3.7,14191000
2019-12-31,11300.0,0.6,5.5,14191000
2020-01-01,12100.0,13.6,9.8,14191000
2020-01-02,18700.0,0.4,7.1,14191000
2020-01-03,20700.0,0.8,9.3,14191000
2020-01-04,20800.0,11.8,7.9,14191000
2020-01-05,21200.0,6.1,5.9,14191000
2020-01-06,23000.0,18.4,6.6,14191000
2020-01-07,27600.0,2.5,9.1,14191000
2020-01-08,29500.0,9.3,6.5,14191000
2020-01-09,34300.0,2.9,3.4,14191000
2020-01-10,35400.0,10.5,4.3,14191000
2020-01-11,40700.0,10.7,6.6,14191000
2020-01-12,53300.0,24.6,5.4,14191000
2020-01-13,59300.0,9.3,3.1,14191000
2020-01-14,59600.0,2.6,1.8,14191000
2020-01-15,52400.0,1.7,1.0,14191000
2020-01-16,46700.0,11.8,3.7,14191000
2020-01-17,45600.0,1.4,1.9,14191000
2020-01-18,42500.0,6.3,5.2,14191000
2020-01-19,40100.0,1.2,7.9,14191000
2020-01-20,39100.0,0.0,6.0,14191000
2020-01-21,37100.0,9.2,5.9,14191000
2020-01-22,38200.0,8.3,6.8,14191000
2020-01-23,41900.0,11.3,10.2,14191000
2020-01-24,51100.0,17.5,10.4,14191000
2020-01-25,58100.0,5.2,9.5,14191000
2020-01-26,58300.0,18.2,9.8,14191000
2020-01-27,60200.0,8.7,7.5,14191000
2020-01-28,66100.0,35.2,9.1,14191000
2020-01-29,80800.0,6.0,8.1,14191000
2020-01-30,87300.0,3.0,7.3,14191000
2020-01-31,86500.0,3.4,11.6,14191000
2020-02-01,78500.0,5.7,11.3,14191000
2020-02-02,71300.0,1.6,4.0,14191000
2020-02-03,61700.0,1.4,1.8,14191000
2020-02-04,50300.0,0.0,0.8,14191000
2020-02-05,39100.0,10.2,5.0,14191000
2020-02-06,33200.0,0.5,9.1,14191000
2020-02-07,35500.0,0.4,9.6,14191000
2020-02-08,42200.0,3.8,6.9,14191000
2020-02-09,45000.0,0.0,3.6,14191000
2020-02-10,43100.0,0.0,2.9,14191000
2020-02-11,38600.0,0.0,2.9,14191000
2020-02-12,33500.0,0.0,5.7,14191000
2020-02-13,29000.0,0.5,2.6,14191000
2020-02-14,24100.0,1.4,5.0,14191000
2020-02-15,21500.0,9.7,5.7,14191000
2020-02-16,24200.0,11.3,6.4,14191000
2020-02-17,29500.0,1.4,4.9,14191000
2020-02-18,27100.0,0.0,3.0,14191000
2020-02-19,23600.0,0.0,3.4,14191000
2020-02-20,21100.0,0.0,3.7,14191000
2020-02-21,18800.0,0.0,3.6,14191000
2020-02-22,17100.0,0.0,4.8,14191000
2020-02-23,15900.0,5.1,6.6,14191000
2020-02-24,15400.0,0.3,4.5,14191000
2020-02-25,14900.0,0.2,4.3,14191000
2020-02-26,14100.0,0.7,7.8,14191000
2020-02-27,13500.0,0.0,5.6,14191000
2020-02-28,13000.0,0.0,6.4,14191000
2020-02-29,12800.0,4.0,6.3,14191000
2020-03-01,13000.0,2.9,3.0,14191000
2020-03-02,12800.0,0.0,4.9,14191000
2020-03-03,12300.0,1.2,8.8,14191000
2020-03-04,12000.0,0.0,8.1,14191000
2020-03-05,11800.0,0.0,6.5,14191000
2020-03-06,11700.0,4.4,6.9,14191000
2020-03-07,12000.0,6.1,4.8,14191000
2020-03-08,12300.0,0.2,3.0,14191000
2020-03-09,11900.0,0.0,3.9,14191000
2020-03-10,11400.0,0.0,4.8,14191000
2020-03-11,11000.0,0.0,6.1,14191000
2020-03-12,10700.0,0.0,4.9,14191000
2020-03-13,10400.0,2.0,3.5,14191000
2020-03-14,11000.0,10.9,3.1,14191000
2020-03-15,11700.0,0.8,2.7,14191000
2020-03-16,11500.0,0.4,4.4,14191000
2020-03-17,11300.0,0.0,6.4,14191000
2020-03-18,11000.0,0.0,6.8,14191000
2020-03-19,10700.0,0.0,7.0,14191000
2020-03-20,10500.0,0.0,8.0,14191000
2020-03-21,10200.0,0.0,8.2,14191000
2020-03-22,10100.0,0.0,7.3,14191000
2020-03-23,9960.0,2.7,7.9,14191000
2020-03-24,10100.0,5.8,5.8,14191000
2020-03-25,10600.0,6.8,4.5,14191000
2020-03-26,10800.0,0.3,4.4,14191000
2020-03-27,10600.0,3.1,6.1,14191000
2020-03-28,10500.0,4.9,7.8,14191000
2020-03-29,11300.0,7.2,9.2,14191000
2020-03-30,14800.0,11.6,8.8,14191000
2020-03-31,23000.0,7.0,6.6,14191000
2020-04-01,32300.0,5.7,5.1,14191000
2020-04-02,29800.0,5.6,5.0,14191000
2020-04-03,25100.0,1.8,4.1,14191000
2020-04-04,21800.0,1.1,5.2,14191000
2020-04-05,20400.0,5.0,7.1,14191000
2020-04-06,19400.0,0.4,9.5,14191000
2020-04-07,18400.0,0.0,8.4,14191000
2020-04-08,17100.0,0.0,8.9,14191000
2020-04-09,16400.0,0.0,12.6,14191000
2020-04-10,15900.0,0.0,12.0,14191000
2020-04-11,15200.0,0.1,10.6,14191000
2020-04-12,14600.0,0.0,9.3,14191000
2020-04-13,13900.0,0.0,9.1,14191000
2020-04-14,13100.0,0.0,9.5,14191000
2020-04-15,12500.0,1.0,10.5,14191000
2020-04-16,12000.0,0.0,11.8,14191000
2020-04-17,11600.0,0.0,11.5,14191000
2020-04-18,11300.0,3.3,11.2,14191000
2020-04-19,11300.0,0.5,9.7,14191000
2020-04-20,11100.0,0.0,10.4,14191000
2020-04-21,10900.0,0.0,11.1,14191000
2020-04-22,11000.0,10.7,11.0,14191000
2020-04-23,12300.0,3.2,12.0,14191000
2020-04-24,14000.0,3.2,11.8,14191000
2020-04-25,13700.0,6.0,13.1,14191000
2020-04-26,14100.0,0.0,10.7,14191000
2020-04-27,14100.0,6.6,12.6,14191000
2020-04-28,14500.0,0.4,13.0,14191000
2020-04-29,14400.0,0.0,14.9,14191000
2020-04-30,14500.0,1.2,13.2,14191000
2020-05-01,15200.0,1.1,9.9,14191000
2020-05-02,15700.0,13.3,11.6,14191000
2020-05-03,15900.0,1.7,9.3,14191000
2020-05-04,16200.0,0.7,9.4,14191000
2020-05-05,15300.0,0.4,12.5,14191000
2020-05-06,14300.0,4.0,11.7,14191000
2020-05-07,13900.0,0.0,11.1,14191000
2020-05-08,13400.0,0.0,16.2,14191000
2020-05-09,13200.0,0.0,18.3,14191000
2020-05-10,13200.0,0.0,18.1,14191000
2020-05-11,13500.0,0.2,16.1,14191000
2020-05-12,13800.0,6.8,12.6,14191000
2020-05-13,14300.0,8.0,11.0,14191000
2020-05-14,14900.0,11.7,11.0,14191000
2020-05-15,16700.0,5.0,11.9,14191000
2020-05-16,16900.0,1.5,13.6,14191000
2020-05-17,15100.0,7.8,13.0,14191000
2020-05-18,15100.0,27.2,12.3,14191000
2020-05-19,16700.0,1.2,11.6,14191000
2020-05-20,17600.0,0.3,12.0,14191000
2020-05-21,17800.0,1.6,11.5,14191000
2020-05-22,18900.0,0.7,9.4,14191000
2020-05-23,19400.0,0.0,10.6,14191000
2020-05-24,18900.0,0.0,12.7,14191000
2020-05-25,17400.0,0.6,14.4,14191000
2020-05-26,16000.0,0.3,16.5,14191000
2020-05-27,14800.0,0.0,16.3,14191000
2020-05-28,14000.0,0.0,20.1,14191000
2020-05-29,13400.0,0.0,20.1,14191000
2020-05-30,13300.0,11.4,15.2,14191000
2020-05-31,13500.0,4.6,12.4,14191000
2020-06-01,13100.0,0.0,13.1,14191000
2020-06-02,12100.0,0.0,15.0,14191000
2020-06-03,11600.0,0.0,15.5,14191000
2020-06-04,12200.0,0.0,14.8,14191000
2020-06-05,12300.0,0.2,15.9,14191000
2020-06-06,12400.0,8.2,12.3,14191000
2020-06-07,12900.0,0.9,11.1,14191000
2020-06-08,13600.0,0.6,12.3,14191000
2020-06-09,14000.0,14.0,13.4,14191000
2020-06-10,14900.0,2.9,16.8,14191000
2020-06-11,15100.0,4.5,15.9,14191000
2020-06-12,14200.0,4.2,15.1,14191000
2020-06-13,12900.0,6.7,11.6,14191000
2020-06-14,13100.0,4.7,12.5,14191000
2020-06-15,15000.0,9.1,14.5,14191000
2020-06-16,18800.0,10.3,12.5,14191000
2020-06-17,19500.0,0.1,14.4,14191000
2020-06-18,18400.0,0.0,16.1,14191000
2020-06-19,16700.0,0.0,19.4,14191000
2020-06-20,15400.0,4.6,18.1,14191000
2020-06-21,14500.0,0.1,17.3,14191000
2020-06-22,13700.0,0.0,17.7,14191000
2020-06-23,12800.0,0.0,22.4,14191000
2020-06-24,11800.0,0.2,21.4,14191000
2020-06-25,11300.0,0.0,19.0,14191000
2020-06-26,10700.0,0.0,21.8,14191000
2020-06-27,10200.0,1.1,19.7,14191000
2020-06-28,9600.0,1.7,15.4,14191000
2020-06-29,9260.0,0.2,16.4,14191000
2020-06-30,9110.0,1.5,16.3,14191000
2020-07-01,8910.0,0.5,14.5,14191000
2020-07-02,8980.0,0.0,15.8,14191000
2020-07-03,8910.0,0.0,16.7,14191000
2020-07-04,8750.0,0.0,17.2,14191000
2020-07-05,8620.0,0.0,17.5,14191000
2020-07-06,8550.0,0.0,16.8,14191000
2020-07-07,8440.0,0.8,15.9,14191000
2020-07-08,8310.0,0.2,17.3,14191000
2020-07-09,8140.0,0.2,18.0,14191000
2020-07-10,7980.0,0.0,19.5,14191000
2020-07-11,7850.0,0.0,19.1,14191000
2020-07-12,7790.0,0.0,17.6,14191000
2020-07-13,7690.0,0.0,18.2,14191000
2020-07-14,7540.0,0.0,20.3,14191000
2020-07-15,7480.0,0.0,22.9,14191000
2020-07-16,7630.0,0.0,23.2,14191000
2020-07-17,7630.0,0.0,20.5,14191000
2020-07-18,7600.0,0.0,19.1,14191000
2020-07-19,7620.0,0.0,23.4,14191000
2020-07-20,7640.0,0.0,23.9,14191000
2020-07-21,7540.0,0.0,23.8,14191000
2020-07-22,7500.0,0.0,21.7,14191000
2020-07-23,7560.0,0.1,19.4,14191000
2020-07-24,7540.0,0.0,18.2,14191000
2020-07-25,7410.0,0.0,18.3,14191000
2020-07-26,7670.0,0.0,23.5,14191000
2020-07-27,7840.0,0.0,27.8,14191000
2020-07-28,7760.0,0.0,24.4,14191000
2020-07-29,7730.0,0.0,24.6,14191000
2020-07-30,7660.0,0.0,25.7,14191000
2020-07-31,7640.0,0.0,22.8,14191000
2020-08-01,7720.0,0.0,20.3,14191000
2020-08-02,7730.0,0.0,21.3,14191000
2020-08-03,7790.0,0.0,21.0,14191000
2020-08-04,7770.0,0.0,22.1,14191000
2020-08-05,7690.0,0.0,21.3,14191000
2020-08-06,7630.0,3.7,17.8,14191000
2020-08-07,7730.0,0.0,17.4,14191000
2020-08-08,7720.0,0.0,19.6,14191000
2020-08-09,7700.0,0.0,19.0,14191000
2020-08-10,7640.0,0.0,23.1,14191000
2020-08-11,7570.0,0.0,20.1,14191000
2020-08-12,7440.0,0.0,16.9,14191000
2020-08-13,7300.0,0.0,17.7,14191000
2020-08-14,7350.0,0.0,20.0,14191000
2020-08-15,7490.0,0.0,24.5,14191000
2020-08-16,7580.0,0.0,28.2,14191000
2020-08-17,7570.0,0.0,24.9,14191000
2020-08-18,7630.0,0.0,23.3,14191000
2020-08-19,7670.0,0.0,21.3,14191000
2020-08-20,7680.0,0.0,21.4,14191000
2020-08-21,7650.0,0.1,22.1,14191000
2020-08-22,7690.0,4.7,18.6,14191000
2020-08-23,7730.0,0.0,19.9,14191000
2020-08-24,7730.0,0.0,19.9,14191000
2020-08-25,7670.0,0.0,19.7,14191000
2020-08-26,7620.0,0.0,19.2,14191000
2020-08-27,7560.0,0.0,19.6,14191000
2020-08-28,7550.0,0.0,20.2,14191000
2020-08-29,7530.0,0.0,19.9,14191000
2020-08-30,7390.0,0.0,16.3,14191000
2020-08-31,7370.0,0.0,18.5,14191000
2020-09-01,7740.0,0.0,20.3,14191000
2020-09-02,8600.0,0.0,23.8,14191000
2020-09-03,8690.0,0.0,24.3,14191000
2020-09-04,8700.0,0.0,23.1,14191000
2020-09-05,8610.0,0.0,18.6,14191000
2020-09-06,8650.0,0.0,20.2,14191000
2020-09-07,8750.0,0.0,23.2,14191000
2020-09-08,8750.0,0.0,23.0,14191000
2020-09-09,8940.0,0.0,23.2,14191000
2020-09-10,9200.0,0.0,23.6,14191000
2020-09-11,9350.0,0.0,19.4,14191000
2020-09-12,9500.0,0.0,18.8,14191000
2020-09-13,9310.0,0.0,17.7,14191000
2020-09-14,9040.0,0.0,18.6,14191000
2020-09-15,8960.0,0.1,21.7,14191000
2020-09-16,8920.0,0.0,20.2,14191000
2020-09-17,8820.0,0.0,21.2,14191000
2020-09-18,9290.0,27.7,18.8,14191000
2020-09-19,9650.0,1.4,16.5,14191000
2020-09-20,9650.0,0.1,16.4,14191000
2020-09-21,9400.0,0.0,16.3,14191000
2020-09-22,9220.0,0.0,17.4,14191000
2020-09-23,9270.0,3.5,17.0,14191000
2020-09-24,9790.0,9.7,16.1,14191000
2020-09-25,10500.0,6.7,15.0,14191000
2020-09-26,10900.0,2.7,15.0,14191000
2020-09-27,11600.0,0.0,14.7,14191000
2020-09-28,11400.0,0.0,17.2,14191000
2020-09-29,11300.0,0.0,18.2,14191000
2020-09-30,11200.0,0.0,18.4,14191000
2020-10-01,10400.0,0.0,17.2,14191000
2020-10-02,11000.0,0.0,17.1,14191000
2020-10-03,11200.0,0.0,16.4,14191000
2020-10-04,10700.0,0.0,16.3,14191000
2020-10-05,10500.0,0.0,15.6,14191000
2020-10-06,9900.0,0.0,15.9,14191000
2020-10-07,10100.0,0.0,16.0,14191000
2020-10-08,10300.0,0.3,16.0,14191000
2020-10-09,10200.0,0.1,14.7,14191000
2020-10-10,10600.0,28.5,15.4,14191000
2020-10-11,12100.0,2.6,12.2,14191000
2020-10-12,14200.0,11.3,14.4,14191000
2020-10-13,14300.0,8.0,13.8,14191000
2020-10-14,15800.0,0.9,12.1,14191000
2020-10-15,14600.0,0.0,10.5,14191000
2020-10-16,13700.0,0.0,11.5,14191000
2020-10-17,13100.0,0.1,14.8,14191000
2020-10-18,13100.0,0.2,13.0,14191000
2020-10-19,13100.0,0.9,14.0,14191000
2020-10-20,13000.0,0.0,11.8,14191000
2020-10-21,12600.0,0.2,12.0,14191000
2020-10-22,11700.0,0.0,7.1,14191000
2020-10-23,11400.0,0.0,6.3,14191000
2020-10-24,11000.0,0.5,11.2,14191000
2020-10-25,11000.0,0.0,5.3,14191000
2020-10-26,10900.0,0.0,3.3,14191000
2020-10-27,10700.0,0.0,5.6,14191000
2020-10-28,10300.0,0.0,7.7,14191000
2020-10-29,9900.0,0.0,9.5,14191000
2020-10-30,9700.0,1.4,9.3,14191000
2020-10-31,9410.0,0.0,8.1,14191000
2020-11-01,9240.0,0.0,8.3,14191000
2020-11-02,9090.0,0.0,8.4,14191000
2020-11-03,9010.0,1.9,9.5,14191000
2020-11-04,8970.0,2.7,14.8,14191000
2020-11-05,8970.0,9.5,14.8,14191000
2020-11-06,10100.0,10.1,9.3,14191000
2020-11-07,11000.0,0.6,5.6,14191000
2020-11-08,10800.0,0.1,3.9,14191000
2020-11-09,10600.0,0.0,1.0,14191000
2020-11-10,10300.0,7.3,6.2,14191000
2020-11-11,10500.0,1.1,5.2,14191000
2020-11-12,11600.0,0.7,4.1,14191000
2020-11-13,12700.0,46.3,8.1,14191000
2020-11-14,19700.0,7.0,6.3,14191000
2020-11-15,27000.0,26.9,9.7,14191000
2020-11-16,35400.0,7.7,10.0,14191000
2020-11-17,34200.0,9.0,9.7,14191000
2020-11-18,33500.0,18.0,8.6,14191000
2020-11-19,38300.0,6.0,7.3,14191000
2020-11-20,41400.0,1.0,4.7,14191000
2020-11-21,38300.0,0.0,3.0,14191000
2020-11-22,34300.0,1.0,2.1,14191000
2020-11-23,31200.0,3.7,6.4,14191000
2020-11-24,29200.0,0.1,7.5,14191000
2020-11-25,27000.0,9.5,6.5,14191000
2020-11-26,27300.0,0.3,6.4,14191000
2020-11-27,27700.0,0.0,4.2,14191000
2020-11-28,26200.0,1.6,2.7,14191000
2020-11-29,24100.0,0.0,4.0,14191000
2020-11-30,22700.0,9.4,5.4,14191000
2020-12-01,22000.0,0.0,3.2,14191000
2020-12-02,20800.0,0.0,4.8,14191000
2020-12-03,19100.0,0.2,3.2,14191000
2020-12-04,17100.0,0.0,2.4,14191000
2020-12-05,14000.0,0.0,2.9,14191000
2020-12-06,12500.0,4.6,6.7,14191000
2020-12-07,12400.0,0.0,6.1,14191000
2020-12-08,12200.0,0.0,5.1,14191000
2020-12-09,12100.0,5.2,7.9,14191000
2020-12-10,12400.0,1.2,4.3,14191000
2020-12-11,12800.0,8.6,3.5,14191000
2020-12-12,14500.0,3.6,3.4,14191000
2020-12-13,15300.0,12.7,4.6,14191000
2020-12-14,18400.0,1.4,5.3,14191000
2020-12-15,23200.0,5.2,6.2,14191000
2020-12-16,24100.0,13.0,7.3,14191000
2020-12-17,28000.0,8.4,7.5,14191000
2020-12-18,35700.0,0.0,6.1,14191000
2020-12-19,40100.0,6.3,9.2,14191000
2020-12-20,51500.0,70.5,10.6,14191000
2020-12-21,85600.0,10.6,11.4,14191000
2020-12-22,95400.0,7.8,6.3,14191000
2020-12-23,90200.0,0.0,3.7,14191000
2020-12-24,74900.0,0.0,-0.3,14191000
2020-12-25,60200.0,8.5,-0.6,14191000
2020-12-26,55600.0,10.4,6.9,14191000
2020-12-27,56500.0,3.1,5.7,14191000
2020-12-28,53600.0,0.0,3.3,14191000
2020-12-29,48800.0,0.0,-0.1,14191000
2020-12-30,45900.0,5.0,3.7,14191000
2020-12-31,46600.0,3.9,7.7,14191000
2021-01-01,49100.0,7.5,8.8,14191000
2021-01-02,51200.0,16.0,7.9,14191000
2021-01-03,62500.0,31.7,8.4,14191000
2021-01-04,74700.0,23.3,9.0,14191000
2021-01-05,83100.0,2.2,5.9,14191000
2021-01-06,81200.0,23.2,7.7,14191000
2021-01-07,75800.0,7.6,7.8,14191000
2021-01-08,70800.0,13.7,6.5,14191000
2021-01-09,65100.0,0.0,3.2,14191000
2021-01-10,59200.0,6.3,4.6,14191000
2021-01-11,54100.0,0.3,6.6,14191000
2021-01-12,52800.0,56.6,10.2,14191000
2021-01-13,76900.0,31.3,10.4,14191000
2021-01-14,87100.0,0.0,6.0,14191000
2021-01-15,75000.0,2.8,8.3,14191000
2021-01-16,60300.0,0.1,6.6,14191000
2021-01-17,55200.0,0.6,6.2,14191000
2021-01-18,53500.0,0.0,5.5,14191000
2021-01-19,49100.0,0.0,3.6,14191000
2021-01-20,44300.0,0.0,2.3,14191000
2021-01-21,38800.0,0.6,3.9,14191000
2021-01-22,34800.0,1.4,4.2,14191000
2021-01-23,31700.0,0.0,1.8,14191000
2021-01-24,29300.0,5.0,2.7,14191000
2021-01-25,28100.0,2.5,1.8,14191000
2021-01-26,26600.0,4.3,1.9,14191000
2021-01-27,24600.0,14.0,1.8,14191000
2021-01-28,24200.0,5.4,5.1,14191000
2021-01-29,23500.0,0.3,4.5,14191000
2021-01-30,21900.0,6.4,5.7,14191000
2021-01-31,21700.0,11.9,7.3,14191000
2021-02-01,25300.0,22.1,8.3,14191000
2021-02-02,29400.0,5.6,6.9,14191000
2021-02-03,33500.0,16.8,4.6,14191000
2021-02-04,36300.0,0.0,4.3,14191000
2021-02-05,31300.0,1.4,7.1,14191000
2021-02-06,27500.0,0.6,5.5,14191000
2021-02-07,25100.0,0.1,6.2,14191000
2021-02-08,23500.0,0.0,4.5,14191000
2021-02-09,21700.0,0.0,3.2,14191000
2021-02-10,20100.0,0.0,0.7,14191000
2021-02-11,18900.0,5.8,2.6,14191000
2021-02-12,21000.0,19.2,-2.0,14191000
2021-02-13,31700.0,29.4,-0.5,14191000
2021-02-14,50000.0,4.6,3.4,14191000
2021-02-15,53100.0,11.8,8.0,14191000
2021-02-16,55900.0,3.8,6.3,14191000
2021-02-17,54800.0,0.3,4.7,14191000
2021-02-18,47600.0,8.6,3.9,14191000
2021-02-19,47400.0,9.9,6.6,14191000
2021-02-20,57000.0,5.6,6.1,14191000
2021-02-21,54600.0,4.4,6.6,14191000
2021-02-22,49500.0,3.7,8.8,14191000
2021-02-23,47900.0,4.6,5.8,14191000
2021-02-24,43400.0,0.4,3.9,14191000
2021-02-25,34600.0,2.6,4.4,14191000
2021-02-26,31500.0,4.3,6.0,14191000
2021-02-27,32700.0,0.9,5.5,14191000
2021-02-28,31400.0,0.1,6.3,14191000
2021-03-01,28000.0,0.0,5.4,14191000
2021-03-02,24900.0,0.0,6.8,14191000
2021-03-03,23300.0,0.0,4.9,14191000
2021-03-04,21900.0,0.0,6.6,14191000
2021-03-05,20800.0,8.2,6.8,14191000
2021-03-06,21300.0,3.6,5.8,14191000
2021-03-07,21800.0,5.5,6.0,14191000
2021-03-08,20500.0,0.1,4.4,14191000
2021-03-09,18800.0,0.8,5.5,14191000
2021-03-10,17800.0,3.3,5.4,14191000
2021-03-11,16900.0,1.7,4.9,14191000
2021-03-12,15900.0,0.0,5.8,14191000
2021-03-13,15100.0,0.0,6.2,14191000
2021-03-14,14600.0,4.9,7.1,14191000
2021-03-15,14800.0,4.1,3.8,14191000
2021-03-16,15600.0,0.0,3.1,14191000
2021-03-17,15300.0,0.0,4.6,14191000
2021-03-18,15000.0,8.9,6.7,14191000
2021-03-19,15000.0,7.5,7.3,14191000
2021-03-20,15100.0,6.3,6.9,14191000
2021-03-21,15500.0,0.4,5.2,14191000
2021-03-22,15800.0,11.5,6.4,14191000
2021-03-23,17100.0,0.1,5.5,14191000
2021-03-24,17600.0,3.6,6.3,14191000
2021-03-25,17400.0,1.3,6.4,14191000
2021-03-26,17700.0,0.0,5.3,14191000
2021-03-27,17200.0,0.0,7.7,14191000
2021-03-28,16200.0,1.3,8.2,14191000
2021-03-29,15900.0,5.2,4.6,14191000
2021-03-30,15500.0,0.0,4.3,14191000
2021-03-31,14900.0,0.0,6.4,14191000
2021-04-01,14700.0,0.0,10.0,14191000
2021-04-02,14500.0,0.0,8.2,14191000
2021-04-03,14600.0,0.0,9.6,14191000
2021-04-04,14800.0,0.0,10.4,14191000
2021-04-05,14500.0,0.0,5.6,14191000
2021-04-06,14300.0,0.0,7.2,14191000
2021-04-07,14200.0,0.1,7.6,14191000
2021-04-08,14900.0,0.7,8.0,14191000
2021-04-09,15000.0,0.0,6.7,14191000
2021-04-10,14700.0,2.5,7.1,14191000
2021-04-11,13400.0,0.0,5.5,14191000
2021-04-12,12200.0,0.0,8.1,14191000
2021-04-13,11700.0,0.0,10.1,14191000
2021-04-14,11500.0,0.0,10.1,14191000
2021-04-15,11100.0,0.0,11.8,14191000
2021-04-16,10900.0,0.0,14.3,14191000
2021-04-17,10800.0,0.0,14.9,14191000
2021-04-18,10800.0,0.0,15.9,14191000
2021-04-19,11000.0,0.0,14.0,14191000
2021-04-20,11000.0,0.0,15.0,14191000
2021-04-21,10900.0,0.0,14.1,14191000
2021-04-22,10600.0,0.0,12.3,14191000
2021-04-23,10500.0,0.0,10.0,14191000
2021-04-24,10400.0,5.6,10.0,14191000
2021-04-25,10600.0,5.5,8.9,14191000
2021-04-26,10800.0,1.8,9.0,14191000
2021-04-27,10700.0,0.1,9.7,14191000
2021-04-28,10300.0,0.0,12.7,14191000
2021-04-29,10100.0,0.0,15.3,14191000
2021-04-30,10100.0,0.0,14.6,14191000
2021-05-01,10500.0,6.3,12.7,14191000
2021-05-02,11100.0,1.3,11.6,14191000
2021-05-03,11100.0,0.0,12.1,14191000
2021-05-04,10800.0,2.7,12.8,14191000
2021-05-05,10500.0,0.0,13.7,14191000
2021-05-06,10300.0,1.0,14.8,14191000
2021-05-07,10400.0,1.6,10.1,14191000
2021-05-08,10300.0,0.0,8.8,14191000
2021-05-09,10100.0,0.2,11.6,14191000
2021-05-10,9830.0,0.0,12.7,14191000
2021-05-11,9530.0,0.0,13.8,14191000
2021-05-12,9330.0,0.0,16.3,14191000
2021-05-13,9300.0,0.0,16.7,14191000
2021-05-14,9310.0,0.0,18.4,14191000
2021-05-15,9190.0,0.0,16.6,14191000
2021-05-16,9170.0,0.0,17.7,14191000
2021-05-17,8980.0,0.0,14.8,14191000
2021-05-18,8900.0,0.0,12.1,14191000
2021-05-19,8880.0,0.3,10.2,14191000
2021-05-20,8850.0,1.3,9.4,14191000
2021-05-21,8990.0,0.1,10.9,14191000
2021-05-22,8950.0,1.0,12.6,14191000
2021-05-23,8910.0,0.8,12.5,14191000
2021-05-24,8890.0,5.0,12.6,14191000
2021-05-25,9180.0,22.5,13.0,14191000
2021-05-26,9910.0,0.0,12.9,14191000
2021-05-27,10100.0,5.0,13.6,14191000
2021-05-28,9980.0,0.3,12.9,14191000
2021-05-29,9780.0,0.0,14.7,14191000
2021-05-30,9550.0,0.0,18.4,14191000
2021-05-31,9500.0,0.0,21.1,14191000
2021-06-01,9510.0,0.0,24.4,14191000
2021-06-02,9440.0,0.0,24.3,14191000
2021-06-03,10000.0,0.0,20.7,14191000
2021-06-04,10100.0,0.0,17.8,14191000
2021-06-05,9340.0,1.3,16.1,14191000
2021-06-06,8830.0,0.0,12.0,14191000
2021-06-07,8590.0,3.1,12.1,14191000
2021-06-08,8300.0,1.7,11.8,14191000
2021-06-09,8140.0,3.4,12.1,14191000
2021-06-10,8160.0,0.7,12.7,14191000
2021-06-11,8200.0,5.6,13.7,14191000
2021-06-12,8290.0,4.2,15.7,14191000
2021-06-13,8990.0,34.8,17.3,14191000
2021-06-14,9280.0,7.2,16.1,14191000
2021-06-15,9300.0,1.6,14.9,14191000
2021-06-16,9050.0,0.3,15.4,14191000
2021-06-17,8620.0,0.0,18.3,14191000
2021-06-18,8320.0,0.0,18.6,14191000
2021-06-19,8670.0,0.0,17.7,14191000
2021-06-20,10000.0,0.0,21.9,14191000
2021-06-21,10200.0,0.0,25.5,14191000
2021-06-22,10000.0,0.0,22.1,14191000
2021-06-23,9920.0,0.0,20.5,14191000
2021-06-24,9940.0,0.0,20.1,14191000
2021-06-25,9820.0,0.0,24.6,14191000
2021-06-26,9700.0,0.0,28.2,14191000
2021-06-27,9820.0,0.0,31.5,14191000
2021-06-28,9850.0,0.0,37.3,14191000
2021-06-29,9650.0,0.0,23.8,14191000
2021-06-30,8950.0,0.0,21.3,14191000
2021-07-01,7910.0,0.0,19.9,14191000
2021-07-02,7410.0,0.0,21.3,14191000
2021-07-03,7020.0,0.0,22.4,14191000
2021-07-04,6760.0,0.0,21.9,14191000
2021-07-05,6640.0,0.0,21.2,14191000
2021-07-06,6550.0,0.0,23.1,14191000
2021-07-07,6540.0,0.1,20.4,14191000
2021-07-08,6730.0,0.0,18.6,14191000
2021-07-09,6880.0,0.0,19.6,14191000
2021-07-10,6670.0,0.0,22.6,14191000
2021-07-11,6410.0,0.0,21.4,14191000
2021-07-12,6480.0,0.0,22.2,14191000
2021-07-13,6400.0,0.0,20.7,14191000
2021-07-14,6190.0,0.0,21.0,14191000
2021-07-15,6100.0,0.0,18.6,14191000
2021-07-16,6060.0,0.0,18.4,14191000
2021-07-17,5970.0,0.0,19.3,14191000
2021-07-18,5970.0,0.0,19.7,14191000
2021-07-19,5950.0,0.0,21.6,14191000
2021-07-20,5870.0,0.0,20.2,14191000
2021-07-21,5800.0,0.0,18.2,14191000
2021-07-22,5770.0,0.0,18.4,14191000
2021-07-23,5760.0,0.0,19.8,14191000
2021-07-24,5770.0,0.0,24.0,14191000
2021-07-25,5760.0,0.0,24.0,14191000
2021-07-26,5760.0,0.0,23.5,14191000
2021-07-27,5700.0,0.0,23.7,14191000
2021-07-28,5670.0,0.0,24.3,14191000
2021-07-29,5650.0,0.0,26.5,14191000
2021-07-30,5630.0,0.0,27.6,14191000
2021-07-31,5660.0,0.0,27.7,14191000
2021-08-01,5760.0,0.0,23.9,14191000
2021-08-02,5740.0,0.0,25.3,14191000
2021-08-03,5650.0,0.0,24.8,14191000
2021-08-04,5620.0,0.0,24.6,14191000
2021-08-05,5600.0,0.0,24.4,14191000
2021-08-06,5610.0,1.0,20.6,14191000
2021-08-07,5650.0,0.0,21.8,14191000
2021-08-08,5630.0,0.0,18.7,14191000
2021-08-09,5650.0,0.0,19.8,14191000
2021-08-10,5620.0,0.0,24.1,14191000
2021-08-11,5570.0,0.0,28.0,14191000
2021-08-12,5650.0,0.0,30.0,14191000
2021-08-13,5650.0,0.0,28.7,14191000
2021-08-14,5600.0,0.0,26.1,14191000
2021-08-15,5620.0,0.0,26.0,14191000
2021-08-16,5640.0,0.0,22.6,14191000
2021-08-17,5680.0,0.0,18.2,14191000
2021-08-18,5650.0,0.0,18.3,14191000
2021-08-19,5690.0,0.0,18.9,14191000
2021-08-20,5700.0,0.1,17.8,14191000
2021-08-21,5600.0,0.8,17.9,14191000
2021-08-22,5740.0,0.0,16.9,14191000
2021-08-23,5830.0,0.0,15.3,14191000
2021-08-24,5810.0,0.0,17.9,14191000
2021-08-25,5780.0,0.0,18.5,14191000
2021-08-26,5810.0,2.5,18.2,14191000
2021-08-27,5830.0,0.0,18.0,14191000
2021-08-28,5800.0,0.0,18.7,14191000
2021-08-29,5790.0,0.0,22.0,14191000
2021-08-30,5810.0,0.0,16.5,14191000
2021-08-31,5750.0,0.0,16.2,14191000
2021-09-01,5840.0,0.0,16.0,14191000
2021-09-02,6260.0,0.0,18.7,14191000
2021-09-03,6460.0,0.0,20.1,14191000
2021-09-04,6510.0,0.0,20.4,14191000
2021-09-05,6570.0,0.0,21.5,14191000
2021-09-06,6610.0,0.0,19.8,14191000
2021-09-07,6570.0,0.0,21.6,14191000
2021-09-08,6560.0,0.8,22.1,14191000
2021-09-09,6640.0,0.0,21.7,14191000
2021-09-10,6720.0,0.0,18.3,14191000
2021-09-11,6740.0,0.0,16.7,14191000
2021-09-12,6810.0,0.0,18.8,14191000
2021-09-13,6810.0,0.0,16.0,14191000
2021-09-14,6740.0,0.0,17.3,14191000
2021-09-15,6770.0,0.6,18.8,14191000
2021-09-16,6780.0,0.0,14.7,14191000
2021-09-17,6760.0,0.0,17.4,14191000
2021-09-18,7300.0,19.3,16.8,14191000
2021-09-19,7980.0,10.4,14.2,14191000
2021-09-20,9620.0,0.6,14.4,14191000
2021-09-21,9150.0,0.0,16.1,14191000
2021-09-22,8130.0,1.4,17.0,14191000
2021-09-23,7690.0,0.0,16.5,14191000
2021-09-24,7630.0,0.0,18.4,14191000
2021-09-25,7580.0,0.0,19.7,14191000
2021-09-26,7500.0,0.0,17.0,14191000
2021-09-27,7760.0,19.3,16.0,14191000
2021-09-28,9230.0,6.7,12.2,14191000
2021-09-29,11300.0,0.2,12.1,14191000
2021-09-30,10700.0,3.5,14.5,14191000
2021-10-01,9750.0,0.3,13.0,14191000
2021-10-02,9680.0,0.0,12.1,14191000
2021-10-03,9520.0,0.0,13.1,14191000
2021-10-04,9370.0,0.0,13.9,14191000
2021-10-05,9380.0,8.1,12.5,14191000
2021-10-06,9490.0,2.3,10.5,14191000
2021-10-07,9540.0,0.0,9.7,14191000
2021-10-08,9410.0,0.1,8.3,14191000
2021-10-09,9350.0,0.0,10.6,14191000
2021-10-10,9330.0,3.2,12.0,14191000
2021-10-11,9430.0,0.4,8.9,14191000
2021-10-12,9480.0,0.1,6.6,14191000
2021-10-13,9530.0,5.9,8.4,14191000
2021-10-14,9550.0,1.0,10.3,14191000
2021-10-15,9500.0,0.0,10.5,14191000
2021-10-16,8970.0,0.0,11.7,14191000
2021-10-17,8230.0,0.0,11.6,14191000
2021-10-18,7800.0,3.7,10.4,14191000
2021-10-19,7540.0,0.0,8.8,14191000
2021-10-20,7380.0,4.6,12.1,14191000
2021-10-21,7520.0,0.6,11.2,14191000
2021-10-22,8320.0,21.4,12.1,14191000
2021-10-23,10300.0,12.9,10.4,14191000
2021-10-24,12100.0,9.3,11.4,14191000
2021-10-25,13000.0,3.1,11.6,14191000
2021-10-26,13800.0,6.2,10.2,14191000
2021-10-27,15400.0,1.9,11.7,14191000
2021-10-28,15800.0,6.8,13.9,14191000
2021-10-29,15500.0,28.3,13.6,14191000
2021-10-30,16600.0,0.0,9.6,14191000
2021-10-31,16300.0,0.0,8.7,14191000
2021-11-01,14900.0,8.5,7.7,14191000
2021-11-02,14200.0,0.1,9.7,14191000
2021-11-03,13700.0,1.5,9.4,14191000
2021-11-04,13700.0,34.8,11.4,14191000
2021-11-05,15800.0,5.1,9.8,14191000
2021-11-06,17900.0,21.0,8.1,14191000
2021-11-07,19200.0,2.9,6.4,14191000
2021-11-08,18600.0,0.6,6.5,14191000
2021-11-09,17500.0,12.6,8.8,14191000
2021-11-10,17600.0,1.7,8.1,14191000
2021-11-11,21600.0,29.5,12.2,14191000
2021-11-12,43700.0,12.8,14.9,14191000
2021-11-13,45600.0,2.9,11.9,14191000
2021-11-14,37800.0,0.0,14.5,14191000
2021-11-15,30800.0,5.0,12.6,14191000
2021-11-16,27600.0,0.2,6.0,14191000
2021-11-17,28200.0,0.0,5.1,14191000
2021-11-18,27700.0,1.5,6.3,14191000
2021-11-19,25800.0,4.6,9.7,14191000
2021-11-20,25400.0,0.0,6.2,14191000
2021-11-21,24400.0,0.0,3.5,14191000
2021-11-22,23300.0,0.4,3.4,14191000
2021-11-23,22100.0,14.6,7.4,14191000
2021-11-24,21300.0,0.0,4.5,14191000
2021-11-25,21300.0,0.0,4.7,14191000
2021-11-26,21600.0,13.9,8.9,14191000
2021-11-27,22900.0,1.6,11.1,14191000
2021-11-28,24800.0,1.3,13.3,14191000
2021-11-29,25900.0,6.6,11.7,14191000
2021-11-30,25500.0,0.0,10.8,14191000
2021-12-01,22500.0,0.0,11.0,14191000
2021-12-02,20800.0,0.3,10.5,14191000
2021-12-03,18300.0,0.1,6.0,14191000
2021-12-04,16600.0,0.2,4.8,14191000
2021-12-05,15700.0,1.7,5.6,14191000
2021-12-06,15200.0,14.2,4.8,14191000
2021-12-07,16800.0,1.3,9.4,14191000
2021-12-08,18900.0,1.2,9.0,14191000
2021-12-09,18500.0,3.5,3.4,14191000
2021-12-10,18100.0,0.3,3.7,14191000
2021-12-11,19600.0,32.1,6.8,14191000
2021-12-12,33100.0,9.3,5.9,14191000
2021-12-13,46800.0,17.2,3.7,14191000
2021-12-14,51400.0,2.0,2.3,14191000
2021-12-15,48100.0,2.3,3.6,14191000
2021-12-16,41500.0,3.8,5.3,14191000
2021-12-17,37100.0,0.0,5.4,14191000
2021-12-18,33300.0,1.3,7.2,14191000
2021-12-19,38100.0,45.5,4.0,14191000
2021-12-20,66900.0,30.5,3.8,14191000
2021-12-21,89300.0,4.2,2.4,14191000
2021-12-22,86700.0,13.2,6.3,14191000
2021-12-23,77900.0,7.4,6.6,14191000
2021-12-24,76200.0,12.9,3.6,14191000
2021-12-25,75800.0,6.9,2.1,14191000
2021-12-26,70300.0,5.0,0.5,14191000
2021-12-27,61800.0,3.0,-2.0,14191000
2021-12-28,53100.0,2.9,-0.4,14191000
2021-12-29,47600.0,1.2,0.1,14191000
2021-12-30,44400.0,4.2,0.4,14191000
2021-12-31,42300.0,3.2,2.5,14191000
2022-01-01,39800.0,0.0,-2.4,14191000
2022-01-02,36000.0,0.5,2.0,14191000
2022-01-03,42200.0,48.9,6.1,14191000
2022-01-04,65100.0,11.7,3.0,14191000
2022-01-05,77700.0,16.8,5.6,14191000
2022-01-06,87700.0,14.3,9.6,14191000
2022-01-07,98000.0,16.3,8.2,14191000
2022-01-08,97000.0,0.0,5.5,14191000
2022-01-09,84000.0,0.0,2.1,14191000
2022-01-10,66800.0,1.6,2.3,14191000
2022-01-11,57500.0,1.9,6.3,14191000
2022-01-12,55800.0,0.0,9.9,14191000
2022-01-13,56700.0,5.6,8.3,14191000
2022-01-14,58100.0,0.0,8.0,14191000
2022-01-15,57900.0,0.0,4.2,14191000
2022-01-16,55100.0,0.0,2.4,14191000
2022-01-17,50700.0,0.0,3.6,14191000
2022-01-18,46400.0,0.5,5.0,14191000
2022-01-19,43400.0,4.4,7.8,14191000
2022-01-20,43700.0,5.5,10.8,14191000
2022-01-21,47300.0,0.0,6.3,14191000
2022-01-22,44900.0,0.0,3.7,14191000
2022-01-23,40700.0,0.0,2.9,14191000
2022-01-24,37300.0,0.0,1.8,14191000
2022-01-25,33200.0,0.0,1.4,14191000
2022-01-26,30800.0,0.0,0.3,14191000
2022-01-27,28400.0,0.0,0.7,14191000
2022-01-28,26900.0,0.0,0.6,14191000
2022-01-29,24700.0,0.0,-0.2,14191000
2022-01-30,21900.0,0.1,2.7,14191000
2022-01-31,19800.0,10.5,4.9,14191000
2022-02-01,18300.0,1.4,2.3,14191000
2022-02-02,16300.0,0.8,4.6,14191000
2022-02-03,15400.0,0.1,5.9,14191000
2022-02-04,15000.0,0.0,3.2,14191000
2022-02-05,14500.0,0.0,7.0,14191000
2022-02-06,14000.0,0.0,4.4,14191000
2022-02-07,13500.0,0.0,4.6,14191000
2022-02-08,13200.0,0.0,6.1,14191000
2022-02-09,12900.0,0.0,6.1,14191000
2022-02-10,12700.0,0.0,6.9,14191000
2022-02-11,12600.0,0.0,7.0,14191000
2022-02-12,12500.0,0.0,7.8,14191000
2022-02-13,12400.0,0.0,5.9,14191000
2022-02-14,12400.0,3.8,8.6,14191000
2022-02-15,12700.0,0.2,4.2,14191000
2022-02-16,12700.0,0.5,7.0,14191000
2022-02-17,12200.0,0.0,5.6,14191000
2022-02-18,11700.0,0.0,5.2,14191000
2022-02-19,11400.0,0.0,5.0,14191000
2022-02-20,11200.0,1.4,6.4,14191000
2022-02-21,11400.0,8.0,3.2,14191000
2022-02-22,11800.0,0.5,0.6,14191000
2022-02-23,11700.0,0.0,-2.8,14191000
2022-02-24,11500.0,0.3,-0.4,14191000
2022-02-25,11300.0,0.0,-0.2,14191000
2022-02-26,10900.0,2.3,0.4,14191000
2022-02-27,10900.0,18.7,7.4,14191000
2022-02-28,14500.0,32.3,11.8,14191000
2022-03-01,29300.0,11.7,12.0,14191000
2022-03-02,36800.0,16.9,10.5,14191000
2022-03-03,43800.0,5.3,8.0,14191000
2022-03-04,44300.0,1.9,5.7,14191000
2022-03-05,35900.0,0.1,5.6,14191000
2022-03-06,28600.0,0.0,5.1,14191000
2022-03-07,23700.0,0.0,4.9,14191000
2022-03-08,20700.0,0.1,5.5,14191000
2022-03-09,18700.0,4.6,6.5,14191000
2022-03-10,17800.0,0.1,2.2,14191000
2022-03-11,16600.0,0.0,4.1,14191000
2022-03-12,15600.0,1.2,6.3,14191000
2022-03-13,17500.0,23.9,7.3,14191000
2022-03-14,21900.0,2.2,8.0,14191000
2022-03-15,22800.0,12.4,9.4,14191000
2022-03-16,25900.0,0.0,7.4,14191000
2022-03-17,24900.0,0.0,6.1,14191000
2022-03-18,22500.0,0.4,9.7,14191000
2022-03-19,21200.0,4.1,9.1,14191000
2022-03-20,20300.0,0.9,4.9,14191000
2022-03-21,19400.0,10.2,6.3,14191000
2022-03-22,19500.0,0.4,11.2,14191000
2022-03-23,19600.0,0.7,11.7,14191000
2022-03-24,19000.0,0.2,8.0,14191000
2022-03-25,18300.0,0.0,9.2,14191000
2022-03-26,17700.0,0.0,10.9,14191000
2022-03-27,17000.0,0.0,12.4,14191000
2022-03-28,16300.0,2.8,12.6,14191000
2022-03-29,15800.0,1.0,9.4,14191000
2022-03-30,15300.0,0.1,9.6,14191000
2022-03-31,14700.0,0.1,6.8,14191000
2022-04-01,14400.0,0.3,7.0,14191000
2022-04-02,14000.0,0.9,8.1,14191000
2022-04-03,13600.0,0.0,7.8,14191000
2022-04-04,14600.0,22.1,9.4,14191000
2022-04-05,20200.0,1.8,6.6,14191000
2022-04-06,21000.0,0.0,6.9,14191000
2022-04-07,19100.0,0.0,10.4,14191000
2022-04-08,17400.0,1.3,12.3,14191000
2022-04-09,16200.0,1.6,6.3,14191000
2022-04-10,15700.0,7.6,5.5,14191000
2022-04-11,17600.0,23.9,4.5,14191000
2022-04-12,21600.0,4.9,4.1,14191000
2022-04-13,24600.0,7.2,4.0,14191000
2022-04-14,26900.0,3.0,3.1,14191000
2022-04-15,26800.0,1.0,3.4,14191000
2022-04-16,24500.0,4.7,4.9,14191000
2022-04-17,22800.0,0.1,5.5,14191000
2022-04-18,21600.0,8.4,8.0,14191000
2022-04-19,22900.0,11.0,5.0,14191000
2022-04-20,27000.0,4.2,6.4,14191000
2022-04-21,30800.0,8.3,8.3,14191000
2022-04-22,33200.0,5.7,7.5,14191000
2022-04-23,30200.0,0.0,8.4,14191000
2022-04-24,27300.0,0.0,10.4,14191000
2022-04-25,25900.0,2.0,12.2,14191000
2022-04-26,25600.0,1.6,8.2,14191000
2022-04-27,25300.0,1.3,8.5,14191000
2022-04-28,24000.0,4.6,8.3,14191000
2022-04-29,22600.0,9.8,8.6,14191000
2022-04-30,24500.0,17.6,10.2,14191000
2022-05-01,31600.0,4.1,8.6,14191000
2022-05-02,33300.0,10.3,10.0,14191000
2022-05-03,36400.0,1.1,9.6,14191000
2022-05-04,39600.0,0.0,10.8,14191000
2022-05-05,37900.0,16.0,11.0,14191000
2022-05-06,45700.0,18.5,11.0,14191000
2022-05-07,66200.0,9.5,9.2,14191000
2022-05-08,81700.0,14.4,6.2,14191000
2022-05-09,83400.0,5.5,5.2,14191000
2022-05-10,76200.0,1.3,7.3,14191000
2022-05-11,61600.0,0.5,8.0,14191000
2022-05-12,50000.0,13.7,8.3,14191000
2022-05-13,46000.0,1.1,6.7,14191000
2022-05-14,51400.0,18.1,11.6,14191000
2022-05-15,66000.0,7.5,14.3,14191000
2022-05-16,67400.0,1.4,13.6,14191000
2022-05-17,57500.0,0.0,10.6,14191000
2022-05-18,47800.0,5.8,10.7,14191000
2022-05-19,41700.0,1.6,9.3,14191000
2022-05-20,37600.0,0.5,8.6,14191000
2022-05-21,33200.0,0.0,10.7,14191000
2022-05-22,29700.0,0.0,13.0,14191000
2022-05-23,26600.0,0.0,15.0,14191000
2022-05-24,23900.0,0.0,12.7,14191000
2022-05-25,22000.0,1.5,14.9,14191000
2022-05-26,20400.0,0.0,15.8,14191000
2022-05-27,19900.0,1.5,13.9,14191000
2022-05-28,20600.0,9.7,11.8,14191000
2022-05-29,22300.0,9.5,10.8,14191000
2022-05-30,27800.0,5.5,10.3,14191000
2022-05-31,29000.0,0.4,12.3,14191000
2022-06-01,26100.0,0.0,16.0,14191000
2022-06-02,23300.0,0.0,16.3,14191000
2022-06-03,21800.0,8.0,15.4,14191000
2022-06-04,21900.0,11.2,12.8,14191000
2022-06-05,23600.0,22.4,15.3,14191000
2022-06-06,26900.0,2.5,13.2,14191000
2022-06-07,30100.0,0.0,13.6,14191000
2022-06-08,29200.0,0.1,16.2,14191000
2022-06-09,26600.0,0.0,15.4,14191000
2022-06-10,25900.0,15.7,16.9,14191000
2022-06-11,36100.0,26.3,14.9,14191000
2022-06-12,52000.0,10.1,11.8,14191000
2022-06-13,64300.0,0.3,10.9,14191000
2022-06-14,67900.0,2.0,12.0,14191000
2022-06-15,62600.0,0.3,12.8,14191000
2022-06-16,53100.0,2.3,14.5,14191000
2022-06-17,41600.0,9.6,12.9,14191000
2022-06-18,34900.0,1.4,12.1,14191000
2022-06-19,30500.0,2.2,12.7,14191000
2022-06-20,28400.0,1.9,13.6,14191000
2022-06-21,26000.0,0.0,16.4,14191000
2022-06-22,23200.0,0.5,18.7,14191000
2022-06-23,21400.0,0.2,15.4,14191000
2022-06-24,20300.0,0.0,16.5,14191000
2022-06-25,19100.0,0.0,21.4,14191000
2022-06-26,17300.0,0.0,24.2,14191000
2022-06-27,15900.0,0.0,24.0,14191000
2022-06-28,15100.0,0.0,17.9,14191000
2022-06-29,14900.0,0.0,16.4,14191000
2022-06-30,15200.0,0.0,16.8,14191000
2022-07-01,14900.0,0.0,18.0,14191000
2022-07-02,14300.0,0.0,17.6,14191000
2022-07-03,14000.0,0.2,16.2,14191000
2022-07-04,14900.0,0.0,16.5,14191000
2022-07-05,14700.0,3.9,18.4,14191000
2022-07-06,14300.0,6.7,18.2,14191000
2022-07-07,13400.0,0.0,18.3,14191000
2022-07-08,12100.0,0.1,18.8,14191000
2022-07-09,11300.0,0.0,19.4,14191000
2022-07-10,11000.0,0.0,18.1,14191000
2022-07-11,10800.0,0.0,22.8,14191000
2022-07-12,10600.0,0.0,26.5,14191000
2022-07-13,10400.0,0.0,18.9,14191000
2022-07-14,10100.0,0.0,19.5,14191000
2022-07-15,10000.0,0.0,18.7,14191000
2022-07-16,9700.0,0.3,19.7,14191000
2022-07-17,9060.0,0.0,18.8,14191000
2022-07-18,8560.0,0.0,17.9,14191000
2022-07-19,8330.0,0.0,21.9,14191000
2022-07-20,8210.0,0.0,23.3,14191000
2022-07-21,8120.0,0.0,21.7,14191000
2022-07-22,7960.0,0.0,18.5,14191000
2022-07-23,7900.0,0.0,18.6,14191000
2022-07-24,7950.0,0.0,20.8,14191000
2022-07-25,7930.0,0.0,26.9,14191000
2022-07-26,7750.0,0.0,27.2,14191000
2022-07-27,7600.0,0.0,24.9,14191000
2022-07-28,7460.0,0.0,25.7,14191000
2022-07-29,7400.0,0.0,27.2,14191000
2022-07-30,7420.0,0.0,28.6,14191000
2022-07-31,7490.0,0.0,29.3,14191000
2022-08-01,7480.0,0.9,24.1,14191000
2022-08-02,7370.0,0.0,22.0,14191000
2022-08-03,7190.0,0.0,22.6,14191000
2022-08-04,6900.0,0.0,18.4,14191000
2022-08-05,6740.0,0.0,20.1,14191000
2022-08-06,6720.0,0.0,21.9,14191000
2022-08-07,6860.0,0.0,25.5,14191000
2022-08-08,6800.0,0.2,22.9,14191000
2022-08-09,6780.0,1.3,20.1,14191000
2022-08-10,7000.0,0.2,20.9,14191000
2022-08-11,7060.0,0.0,20.3,14191000
2022-08-12,7000.0,0.0,19.3,14191000
2022-08-13,6980.0,0.0,18.9,14191000
2022-08-14,6960.0,0.0,20.1,14191000
2022-08-15,6940.0,0.0,21.2,14191000
2022-08-16,6820.0,0.0,21.7,14191000
2022-08-17,6770.0,0.0,25.7,14191000
2022-08-18,6800.0,0.0,28.0,14191000
2022-08-19,6850.0,0.0,22.9,14191000
2022-08-20,6940.0,0.0,20.2,14191000
2022-08-21,6940.0,0.0,20.9,14191000
2022-08-22,6930.0,0.0,22.9,14191000
2022-08-23,6780.0,0.0,21.8,14191000
2022-08-24,6640.0,0.0,22.6,14191000
2022-08-25,6600.0,0.0,23.5,14191000
2022-08-26,6560.0,0.0,20.8,14191000
2022-08-27,6690.0,0.0,19.4,14191000
2022-08-28,7100.0,0.0,18.1,14191000
2022-08-29,7180.0,0.0,21.8,14191000
2022-08-30,7010.0,0.0,25.5,14191000
2022-08-31,7030.0,0.0,23.4,14191000
2022-09-01,7210.0,0.0,21.0,14191000
2022-09-02,8060.0,0.0,22.3,14191000
2022-09-03,8890.0,0.0,18.8,14191000
2022-09-04,9470.0,0.0,19.8,14191000
2022-09-05,9560.0,0.0,19.6,14191000
2022-09-06,9490.0,0.0,21.0,14191000
2022-09-07,9470.0,0.0,22.4,14191000
2022-09-08,9420.0,0.0,18.3,14191000
2022-09-09,9400.0,0.0,21.6,14191000
2022-09-10,9290.0,0.0,25.7,14191000
2022-09-11,9020.0,0.0,24.0,14191000
2022-09-12,8950.0,0.7,20.1,14191000
2022-09-13,8770.0,0.0,18.0,14191000
2022-09-14,8640.0,0.0,17.3,14191000
2022-09-15,8610.0,0.4,16.8,14191000
2022-09-16,8320.0,0.0,16.9,14191000
2022-09-17,8250.0,0.0,15.5,14191000
2022-09-18,8260.0,1.8,17.3,14191000
2022-09-19,8230.0,0.0,18.5,14191000
2022-09-20,8180.0,0.0,19.2,14191000
2022-09-21,8190.0,0.0,18.7,14191000
2022-09-22,8140.0,1.1,17.4,14191000
2022-09-23,8160.0,0.0,15.7,14191000
2022-09-24,8160.0,0.0,17.4,14191000
2022-09-25,8150.0,0.0,18.7,14191000
2022-09-26,8140.0,0.0,20.1,14191000
2022-09-27,8060.0,0.0,18.5,14191000
2022-09-28,8080.0,2.3,16.5,14191000
2022-09-29,8220.0,8.5,16.9,14191000
2022-09-30,8560.0,0.7,15.2,14191000
2022-10-01,8860.0,0.0,18.6,14191000
2022-10-02,9290.0,0.0,19.6,14191000
2022-10-03,9480.0,0.0,17.5,14191000
2022-10-04,9570.0,0.0,15.8,14191000
2022-10-05,9790.0,0.0,15.6,14191000
2022-10-06,9990.0,0.0,16.3,14191000
2022-10-07,10000.0,0.0,16.6,14191000
2022-10-08,10300.0,0.0,17.3,14191000
2022-10-09,10500.0,0.0,18.0,14191000
2022-10-10,10500.0,0.0,17.2,14191000
2022-10-11,10500.0,0.0,16.1,14191000
2022-10-12,10100.0,0.0,15.3,14191000
2022-10-13,10000.0,0.0,16.6,14191000
2022-10-14,10600.0,0.0,16.7,14191000
2022-10-15,11000.0,0.0,18.2,14191000
2022-10-16,11000.0,0.0,17.6,14191000
2022-10-17,10900.0,0.0,14.3,14191000
2022-10-18,10900.0,0.0,14.1,14191000
2022-10-19,11000.0,0.0,14.4,14191000
2022-10-20,11100.0,0.0,14.2,14191000
2022-10-21,11400.0,4.3,12.3,14191000
2022-10-22,12700.0,7.6,10.8,14191000
2022-10-23,14900.0,0.6,8.6,14191000
2022-10-24,16700.0,4.8,10.1,14191000
2022-10-25,17400.0,1.1,8.9,14191000
2022-10-26,18000.0,9.1,8.7,14191000
2022-10-27,18300.0,0.0,8.8,14191000
2022-10-28,18100.0,7.9,9.7,14191000
2022-10-29,16900.0,18.5,11.9,14191000
2022-10-30,16200.0,0.2,11.1,14191000
2022-10-31,15700.0,7.0,11.7,14191000
2022-11-01,16100.0,16.6,8.9,14191000
2022-11-02,17200.0,4.8,5.5,14191000
2022-11-03,17300.0,1.3,4.8,14191000
2022-11-04,16700.0,28.0,8.9,14191000
2022-11-05,28300.0,29.8,10.4,14191000
2022-11-06,33800.0,25.1,6.0,14191000
2022-11-07,30500.0,8.1,3.8,14191000
2022-11-08,30500.0,3.2,4.2,14191000
2022-11-09,24900.0,0.0,3.9,14191000
2022-11-10,21200.0,0.0,3.9,14191000
2022-11-11,19200.0,2.0,4.0,14191000
2022-11-12,18100.0,5.2,5.0,14191000
2022-11-13,17500.0,0.0,3.2,14191000
2022-11-14,16400.0,0.0,3.6,14191000
2022-11-15,15200.0,0.0,4.4,14191000
2022-11-16,14900.0,0.0,2.9,14191000
2022-11-17,14100.0,0.0,1.4,14191000
2022-11-18,13200.0,0.0,1.7,14191000
2022-11-19,13000.0,0.0,1.2,14191000
2022-11-20,13000.0,0.0,0.1,14191000
2022-11-21,12700.0,0.0,2.4,14191000
2022-11-22,12200.0,10.2,5.4,14191000
2022-11-23,12400.0,0.3,6.0,14191000
2022-11-24,12800.0,0.0,3.8,14191000
2022-11-25,12500.0,0.2,4.0,14191000
2022-11-26,12400.0,9.3,3.0,14191000
2022-11-27,12700.0,5.9,5.1,14191000
2022-11-28,14100.0,4.6,4.8,14191000
2022-11-29,16000.0,3.1,1.3,14191000
2022-11-30,19700.0,36.4,5.8,14191000
2022-12-01,28400.0,4.6,3.2,14191000
2022-12-02,29000.0,1.2,1.5,14191000
2022-12-03,23100.0,0.0,3.3,14191000
2022-12-04,19000.0,4.0,1.5,14191000
2022-12-05,16000.0,0.0,0.8,14191000
2022-12-06,14100.0,0.0,0.6,14191000
2022-12-07,12700.0,0.0,1.1,14191000
2022-12-08,12000.0,16.4,5.2,14191000
2022-12-09,12900.0,3.3,3.7,14191000
2022-12-10,15400.0,21.7,7.0,14191000
2022-12-11,19300.0,1.1,5.5,14191000
2022-12-12,20200.0,0.6,4.7,14191000
2022-12-13,19100.0,0.0,3.3,14191000
2022-12-14,17300.0,0.0,1.3,14191000
2022-12-15,15600.0,0.0,1.0,14191000
2022-12-16,14000.0,0.0,1.7,14191000
2022-12-17,12900.0,0.0,-0.8,14191000
2022-12-18,11900.0,0.5,2.6,14191000
2022-12-19,11300.0,0.4,4.0,14191000
2022-12-20,10900.0,2.1,4.2,14191000
2022-12-21,12000.0,1.9,4.3,14191000
2022-12-22,14200.0,0.2,-4.4,14191000
2022-12-23,14700.0,9.2,-3.7,14191000
2022-12-24,16200.0,11.5,1.9,14191000
2022-12-25,25400.0,0.4,9.7,14191000
2022-12-26,34900.0,10.2,11.6,14191000
2022-12-27,46500.0,60.3,10.2,14191000
2022-12-28,68200.0,10.1,6.1,14191000
2022-12-29,73900.0,8.0,5.7,14191000
2022-12-30,68500.0,22.1,8.6,14191000
2022-12-31,70000.0,7.0,6.9,14191000
2023-01-01,69900.0,0.8,4.4,14191000
2023-01-02,62700.0,0.3,1.5,14191000
2023-01-03,56300.0,1.9,5.1,14191000
2023-01-04,51900.0,6.6,4.2,14191000
2023-01-05,49100.0,1.2,6.9,14191000
2023-01-06,47300.0,3.1,7.1,14191000
2023-01-07,47900.0,11.4,7.6,14191000
2023-01-08,45700.0,8.1,6.9,14191000
2023-01-09,45300.0,10.8,6.5,14191000
2023-01-10,43400.0,1.1,6.2,14191000
2023-01-11,38400.0,12.4,7.2,14191000
2023-01-12,35600.0,16.0,8.4,14191000
2023-01-13,33700.0,11.9,9.4,14191000
2023-01-14,31800.0,5.8,8.5,14191000
2023-01-15,32200.0,18.0,7.5,14191000
2023-01-16,36000.0,0.7,5.3,14191000
2023-01-17,36100.0,0.8,5.6,14191000
2023-01-18,32300.0,9.4,6.4,14191000
2023-01-19,30200.0,0.4,3.3,14191000
2023-01-20,26600.0,0.0,1.6,14191000
2023-01-21,22700.0,3.2,0.6,14191000
2023-01-22,20500.0,0.3,2.4,14191000
2023-01-23,18700.0,0.0,2.7,14191000
2023-01-24,17000.0,0.0,1.9,14191000
2023-01-25,15700.0,0.0,3.0,14191000
2023-01-26,14900.0,0.0,3.2,14191000
2023-01-27,14600.0,0.9,4.7,14191000
2023-01-28,14300.0,0.7,5.5,14191000
2023-01-29,14600.0,3.4,1.5,14191000
2023-01-30,14100.0,0.0,-2.5,14191000
2023-01-31,13400.0,0.0,-0.6,14191000
2023-02-01,13100.0,0.0,0.5,14191000
2023-02-02,12600.0,0.0,-0.1,14191000
2023-02-03,12000.0,2.5,2.3,14191000
2023-02-04,11800.0,1.9,7.0,14191000
2023-02-05,12000.0,9.8,6.3,14191000
2023-02-06,13700.0,0.8,5.5,14191000
2023-02-07,14200.0,8.9,6.3,14191000
2023-02-08,14900.0,1.6,4.3,14191000
2023-02-09,15300.0,0.0,4.0,14191000
2023-02-10,14600.0,1.5,7.6,14191000
2023-02-11,13900.0,0.3,5.1,14191000
2023-02-12,13300.0,0.0,3.1,14191000
2023-02-13,12900.0,4.8,5.6,14191000
2023-02-14,13100.0,4.8,2.3,14191000
2023-02-15,13600.0,0.0,-0.9,14191000
2023-02-16,13300.0,0.0,0.8,14191000
2023-02-17,13100.0,0.0,2.8,14191000
2023-02-18,12700.0,0.0,5.7,14191000
2023-02-19,12100.0,0.0,4.7,14191000
2023-02-20,11800.0,0.0,7.3,14191000
2023-02-21,11700.0,2.8,6.4,14191000
2023-02-22,12700.0,7.8,1.9,14191000
2023-02-23,14000.0,5.0,1.2,14191000
2023-02-24,13900.0,0.1,-4.4,14191000
2023-02-25,13000.0,0.0,-2.6,14191000
2023-02-26,12800.0,13.2,2.1,14191000
2023-02-27,14200.0,6.7,2.7,14191000
2023-02-28,15200.0,12.3,2.2,14191000
2023-03-01,17200.0,3.8,0.5,14191000
2023-03-02,16700.0,2.1,3.9,14191000
2023-03-03,16100.0,8.6,2.7,14191000
2023-03-04,15800.0,13.7,3.3,14191000
2023-03-05,16200.0,1.7,1.8,14191000
2023-03-06,16500.0,5.5,3.3,14191000
2023-03-07,16100.0,1.9,3.4,14191000
2023-03-08,15600.0,6.6,2.4,14191000
2023-03-09,15600.0,7.9,4.0,14191000
2023-03-10,16900.0,9.7,4.5,14191000
2023-03-11,19200.0,0.4,5.2,14191000
2023-03-12,19600.0,3.6,4.2,14191000
2023-03-13,22400.0,27.8,8.1,14191000
2023-03-14,35300.0,0.4,3.9,14191000
2023-03-15,35400.0,1.0,4.9,14191000
2023-03-16,28500.0,0.1,4.8,14191000
2023-03-17,24600.0,0.0,5.9,14191000
2023-03-18,22400.0,0.0,8.2,14191000
2023-03-19,21000.0,1.7,8.9,14191000
2023-03-20,21000.0,5.8,7.7,14191000
2023-03-21,22700.0,1.0,6.6,14191000
2023-03-22,21800.0,3.3,8.1,14191000
2023-03-23,20500.0,7.3,6.6,14191000
2023-03-24,21100.0,6.7,3.6,14191000
2023-03-25,22900.0,7.2,3.0,14191000
2023-03-26,24000.0,5.3,2.6,14191000
2023-03-27,23400.0,1.9,3.0,14191000
2023-03-28,22600.0,10.2,5.7,14191000
2023-03-29,24100.0,1.0,4.6,14191000
2023-03-30,23500.0,1.8,5.8,14191000
2023-03-31,22200.0,2.2,6.4,14191000
2023-04-01,24900.0,19.3,6.1,14191000
2023-04-02,32600.0,7.3,4.6,14191000
2023-04-03,35700.0,2.7,3.0,14191000
2023-04-04,34200.0,4.5,3.6,14191000
2023-04-05,32000.0,0.4,4.0,14191000
2023-04-06,30400.0,11.6,7.9,14191000
2023-04-07,34100.0,17.9,9.6,14191000
2023-04-08,39300.0,0.1,8.1,14191000
2023-04-09,37600.0,8.0,9.8,14191000
2023-04-10,40800.0,26.4,9.5,14191000
2023-04-11,56600.0,14.8,6.3,14191000
2023-04-12,62400.0,5.2,5.4,14191000
2023-04-13,55500.0,1.6,5.1,14191000
2023-04-14,45800.0,0.0,6.9,14191000
2023-04-15,39000.0,0.2,7.4,14191000
2023-04-16,33800.0,9.4,7.4,14191000
2023-04-17,30900.0,2.5,6.3,14191000
2023-04-18,30100.0,8.3,4.7,14191000
2023-04-19,29700.0,5.6,5.1,14191000
2023-04-20,31100.0,5.8,5.1,14191000
2023-04-21,33600.0,6.1,8.1,14191000
2023-04-22,39100.0,0.8,10.9,14191000
2023-04-23,42100.0,4.6,12.0,14191000
2023-04-24,45400.0,1.8,9.3,14191000
2023-04-25,46300.0,0.0,9.4,14191000
2023-04-26,42800.0,0.0,12.5,14191000
2023-04-27,39400.0,0.0,15.2,14191000
2023-04-28,38000.0,0.0,16.9,14191000
2023-04-29,38500.0,0.0,17.2,14191000
2023-04-30,38600.0,0.6,13.0,14191000
2023-05-01,37400.0,0.6,11.2,14191000
2023-05-02,34000.0,1.5,11.6,14191000
2023-05-03,29900.0,0.0,13.1,14191000
2023-05-04,27100.0,12.8,10.6,14191000
2023-05-05,26700.0,0.3,10.8,14191000
2023-05-06,26100.0,1.4,11.3,14191000
2023-05-07,25500.0,0.6,10.5,14191000
2023-05-08,25400.0,1.5,11.0,14191000
2023-05-09,25200.0,3.5,10.3,14191000
2023-05-10,24400.0,0.0,12.7,14191000
2023-05-11,23800.0,0.0,13.8,14191000
2023-05-12,23300.0,0.0,15.8,14191000
2023-05-13,23300.0,0.0,20.0,14191000
2023-05-14,24000.0,0.0,22.7,14191000
2023-05-15,25000.0,0.0,22.9,14191000
2023-05-16,25000.0,0.0,18.4,14191000
2023-05-17,23600.0,0.0,20.5,14191000
2023-05-18,22800.0,0.0,19.7,14191000
2023-05-19,21800.0,0.1,17.7,14191000
2023-05-20,20500.0,0.0,18.4,14191000
2023-05-21,19600.0,0.0,15.9,14191000
2023-05-22,18600.0,0.0,13.1,14191000
2023-05-23,17900.0,1.0,12.4,14191000
2023-05-24,16500.0,0.0,13.8,14191000
2023-05-25,15300.0,0.0,17.1,14191000
2023-05-26,14700.0,0.0,19.5,14191000
2023-05-27,14400.0,0.0,17.1,14191000
2023-05-28,14300.0,0.0,14.5,14191000
2023-05-29,13500.0,0.0,16.1,14191000
2023-05-30,13000.0,0.0,14.1,14191000
2023-05-31,12600.0,0.0,12.9,14191000
2023-06-01,12400.0,0.0,13.1,14191000
2023-06-02,12200.0,0.0,14.3,14191000
2023-06-03,12000.0,0.0,15.4,14191000
2023-06-04,11900.0,0.0,16.0,14191000
2023-06-05,11900.0,0.0,18.6,14191000
2023-06-06,11600.0,0.0,20.5,14191000
2023-06-07,11400.0,0.0,20.8,14191000
2023-06-08,11300.0,0.0,17.4,14191000
2023-06-09,11100.0,1.1,16.4,14191000
2023-06-10,11100.0,0.0,15.9,14191000
2023-06-11,11000.0,0.0,18.3,14191000
2023-06-12,10900.0,0.0,20.8,14191000
2023-06-13,10600.0,0.0,19.0,14191000
2023-06-14,10100.0,0.0,14.8,14191000
2023-06-15,10000.0,0.0,14.5,14191000
2023-06-16,9890.0,0.0,18.5,14191000
2023-06-17,9480.0,0.0,17.5,14191000
2023-06-18,9150.0,1.9,12.8,14191000
2023-06-19,9190.0,8.0,11.1,14191000
2023-06-20,9280.0,0.6,12.5,14191000
2023-06-21,9210.0,0.0,15.2,14191000
2023-06-22,8950.0,0.0,19.7,14191000
2023-06-23,8710.0,0.0,20.4,14191000
2023-06-24,8550.0,0.0,16.8,14191000
2023-06-25,8320.0,0.0,19.1,14191000
2023-06-26,8330.0,0.0,17.9,14191000
2023-06-27,8250.0,0.0,17.4,14191000
2023-06-28,8150.0,0.0,18.9,14191000
2023-06-29,8020.0,0.0,20.4,14191000
2023-06-30,7930.0,0.0,20.8,14191000
2023-07-01,7850.0,0.0,20.1,14191000
2023-07-02,7660.0,0.0,21.3,14191000
2023-07-03,7610.0,0.0,21.7,14191000
2023-07-04,7490.0,0.0,23.4,14191000
2023-07-05,7430.0,0.0,26.2,14191000
2023-07-06,7320.0,0.0,23.2,14191000
2023-07-07,7260.0,0.0,18.5,14191000
2023-07-08,7260.0,0.0,17.6,14191000
2023-07-09,7320.0,0.0,18.8,14191000
2023-07-10,7330.0,0.0,17.5,14191000
2023-07-11,7220.0,0.0,18.2,14191000
2023-07-12,7170.0,0.0,19.9,14191000
2023-07-13,7130.0,0.0,20.5,14191000
2023-07-14,7080.0,0.0,23.2,14191000
2023-07-15,6950.0,0.0,25.6,14191000
2023-07-16,6650.0,0.0,22.7,14191000
2023-07-17,6470.0,0.0,19.6,14191000
2023-07-18,6380.0,0.0,20.8,14191000
2023-07-19,6340.0,0.0,23.4,14191000
2023-07-20,6320.0,0.0,21.1,14191000
2023-07-21,6400.0,0.0,20.9,14191000
2023-07-22,6290.0,0.0,22.3,14191000
2023-07-23,6160.0,0.0,21.7,14191000
2023-07-24,6120.0,0.5,18.7,14191000
2023-07-25,6110.0,0.6,20.3,14191000
2023-07-26,6150.0,0.0,20.2,14191000
2023-07-27,6210.0,0.0,19.8,14191000
2023-07-28,6200.0,0.0,19.3,14191000
2023-07-29,6150.0,0.0,18.7,14191000
2023-07-30,6180.0,0.0,18.7,14191000
2023-07-31,6240.0,0.0,19.7,14191000
2023-08-01,6180.0,0.0,20.8,14191000
2023-08-02,6120.0,0.0,22.3,14191000
2023-08-03,6080.0,0.0,21.1,14191000
2023-08-04,6060.0,0.0,21.8,14191000
2023-08-05,6260.0,0.1,23.6,14191000
2023-08-06,6620.0,0.0,23.2,14191000
2023-08-07,6690.0,0.0,22.1,14191000
2023-08-08,6610.0,0.0,21.1,14191000
2023-08-09,6600.0,0.3,21.0,14191000
2023-08-10,6570.0,0.0,20.2,14191000
2023-08-11,6520.0,0.0,21.4,14191000
2023-08-12,6510.0,0.0,22.6,14191000
2023-08-13,6570.0,0.0,26.1,14191000
2023-08-14,6620.0,0.0,29.7,14191000
2023-08-15,6640.0,0.0,30.2,14191000
2023-08-16,6620.0,0.0,29.1,14191000
2023-08-17,6660.0,0.0,27.9,14191000
2023-08-18,6650.0,0.0,21.4,14191000
2023-08-19,6590.0,0.0,19.6,14191000
2023-08-20,6450.0,0.0,23.0,14191000
2023-08-21,6480.0,0.0,20.4,14191000
2023-08-22,6430.0,0.0,17.6,14191000
2023-08-23,6460.0,0.0,18.2,14191000
2023-08-24,6470.0,0.0,20.7,14191000
2023-08-25,6470.0,0.0,25.0,14191000
2023-08-26,6690.0,0.0,21.9,14191000
2023-08-27,7030.0,0.0,21.4,14191000
2023-08-28,7310.0,0.0,19.5,14191000
2023-08-29,7490.0,0.5,19.0,14191000
2023-08-30,7460.0,1.3,18.6,14191000
2023-08-31,7700.0,10.1,17.9,14191000
2023-09-01,8080.0,7.5,17.8,14191000
2023-09-02,7820.0,0.0,20.8,14191000
2023-09-03,7160.0,2.9,18.8,14191000
2023-09-04,7010.0,0.4,17.4,14191000
2023-09-05,6990.0,0.0,16.1,14191000
2023-09-06,6930.0,0.0,16.2,14191000
2023-09-07,6810.0,0.0,17.3,14191000
2023-09-08,6790.0,0.0,16.7,14191000
2023-09-09,6730.0,0.0,18.6,14191000
2023-09-10,6630.0,0.0,19.1,14191000
2023-09-11,6610.0,0.0,18.0,14191000
2023-09-12,6540.0,0.0,17.4,14191000
2023-09-13,6500.0,0.0,18.7,14191000
2023-09-14,6460.0,0.0,19.6,14191000
2023-09-15,6430.0,0.0,21.5,14191000
2023-09-16,6400.0,0.0,20.4,14191000
2023-09-17,6370.0,0.0,16.1,14191000
2023-09-18,6340.0,0.1,18.0,14191000
2023-09-19,6300.0,0.0,15.2,14191000
2023-09-20,6260.0,0.7,15.6,14191000
2023-09-21,6270.0,0.0,14.4,14191000
2023-09-22,6280.0,0.0,15.9,14191000
2023-09-23,6610.0,1.7,16.1,14191000
2023-09-24,6840.0,12.1,13.6,14191000
2023-09-25,7220.0,20.7,14.3,14191000
2023-09-26,7610.0,12.1,14.1,14191000
2023-09-27,7640.0,5.1,14.2,14191000
2023-09-28,7670.0,1.9,13.2,14191000
2023-09-29,7810.0,2.3,13.3,14191000
2023-09-30,7980.0,0.0,13.5,14191000
2023-10-01,8650.0,0.0,11.8,14191000
2023-10-02,8680.0,2.3,11.7,14191000
2023-10-03,8750.0,4.8,14.7,14191000
2023-10-04,9090.0,0.0,14.0,14191000
2023-10-05,9460.0,0.0,15.8,14191000
2023-10-06,9580.0,0.0,18.8,14191000
2023-10-07,9810.0,0.0,18.3,14191000
2023-10-08,9790.0,0.0,16.4,14191000
2023-10-09,9750.0,2.6,15.8,14191000
2023-10-10,9830.0,9.8,13.2,14191000
2023-10-11,10300.0,25.4,12.0,14191000
2023-10-12,13900.0,1.1,13.4,14191000
2023-10-13,14500.0,1.3,12.9,14191000
2023-10-14,13000.0,4.0,12.7,14191000
2023-10-15,12400.0,0.6,13.8,14191000
2023-10-16,12000.0,9.6,14.8,14191000
2023-10-17,12300.0,0.1,13.0,14191000
2023-10-18,13700.0,0.0,12.1,14191000
2023-10-19,14300.0,0.0,12.6,14191000
2023-10-20,14400.0,0.0,14.7,14191000
2023-10-21,13900.0,0.2,13.1,14191000
2023-10-22,12700.0,1.4,12.7,14191000
2023-10-23,12100.0,0.0,12.4,14191000
2023-10-24,11500.0,4.1,8.8,14191000
2023-10-25,11500.0,15.8,8.0,14191000
2023-10-26,12600.0,5.4,6.6,14191000
2023-10-27,12600.0,0.0,6.4,14191000
2023-10-28,11900.0,0.0,5.2,14191000
2023-10-29,12000.0,0.0,5.1,14191000
2023-10-30,12300.0,0.0,5.5,14191000
2023-10-31,11600.0,0.0,5.9,14191000
2023-11-01,11100.0,8.3,7.9,14191000
2023-11-02,11100.0,21.9,12.7,14191000
2023-11-03,11600.0,0.3,11.3,14191000
2023-11-04,12400.0,28.2,15.0,14191000
2023-11-05,17200.0,5.7,11.6,14191000
2023-11-06,25000.0,25.0,10.9,14191000
2023-11-07,28500.0,10.8,10.1,14191000
2023-11-08,30800.0,0.0,7.1,14191000
2023-11-09,27000.0,0.2,5.2,14191000
2023-11-10,23800.0,5.3,8.1,14191000
2023-11-11,21100.0,4.7,10.1,14191000
2023-11-12,19200.0,0.0,10.1,14191000
2023-11-13,18200.0,10.8,10.2,14191000
2023-11-14,16600.0,0.0,7.4,14191000
2023-11-15,15300.0,1.0,8.4,14191000
2023-11-16,14700.0,0.0,7.4,14191000
2023-11-17,14300.0,0.0,6.0,14191000
2023-11-18,13000.0,0.5,6.1,14191000
2023-11-19,12700.0,9.1,7.9,14191000
2023-11-20,13800.0,0.0,4.9,14191000
2023-11-21,14300.0,0.0,5.4,14191000
2023-11-22,14500.0,19.8,9.4,14191000
2023-11-23,15000.0,0.0,5.7,14191000
2023-11-24,14800.0,0.0,3.5,14191000
2023-11-25,14300.0,0.0,2.1,14191000
2023-11-26,14000.0,0.0,1.9,14191000
2023-11-27,13500.0,0.0,1.2,14191000
2023-11-28,12900.0,0.0,0.1,14191000
2023-11-29,12400.0,0.0,-0.0,14191000
2023-11-30,11600.0,5.9,2.1,14191000
2023-12-01,11900.0,9.5,6.1,14191000
2023-12-02,14200.0,20.9,8.9,14191000
2023-12-03,24700.0,40.5,10.6,14191000
2023-12-04,60400.0,7.2,12.9,14191000
2023-12-05,73900.0,36.5,14.3,14191000
2023-12-06,67500.0,51.1,12.0,14191000
2023-12-07,65100.0,6.5,7.3,14191000
2023-12-08,67000.0,0.2,4.5,14191000
2023-12-09,65500.0,0.9,2.6,14191000
2023-12-10,61000.0,26.5,8.3,14191000
2023-12-11,69600.0,0.4,9.5,14191000
2023-12-12,75900.0,0.0,6.2,14191000
2023-12-13,72800.0,0.0,4.2,14191000
2023-12-14,64000.0,1.2,5.0,14191000
2023-12-15,56300.0,0.7,4.5,14191000
2023-12-16,49000.0,0.0,2.3,14191000
2023-12-17,41200.0,0.0,2.0,14191000
2023-12-18,36200.0,1.4,3.8,14191000
2023-12-19,32400.0,12.2,7.7,14191000
2023-12-20,29800.0,0.0,7.1,14191000
2023-12-21,26700.0,0.0,4.8,14191000
2023-12-22,24700.0,5.6,5.7,14191000
2023-12-23,22900.0,0.2,1.7,14191000
2023-12-24,19800.0,3.5,1.3,14191000
2023-12-25,17500.0,14.7,5.1,14191000
2023-12-26,17800.0,5.4,8.5,14191000
2023-12-27,18500.0,3.4,5.9,14191000
2023-12-28,17900.0,6.5,7.2,14191000
2023-12-29,17500.0,0.1,6.9,14191000
2023-12-30,17000.0,9.2,8.5,14191000
2023-12-31,17400.0,0.6,5.3,14191000
