date,Q_target,precip_target,temp_target,Q_14174000,precip_14174000,Q_14182500,precip_14182500
2000-01-01,18100.0,3.5,4.1,10800.0,5.3,479.0,4.8
2000-01-02,18800.0,4.6,3.8,11900.0,12.0,523.0,7.2
2000-01-03,20900.0,7.5,4.9,13500.0,5.5,601.0,7.8
2000-01-04,25400.0,21.0,7.5,15300.0,18.8,2220.0,19.2
2000-01-05,36400.0,0.3,4.6,20900.0,0.9,1840.0,0.4
2000-01-06,37400.0,0.4,2.3,21700.0,1.6,1240.0,0.5
2000-01-07,34200.0,2.8,5.8,20100.0,2.7,1080.0,3.4
2000-01-08,31000.0,5.4,7.8,18300.0,5.8,1850.0,5.3
2000-01-09,34700.0,16.9,6.5,19500.0,14.1,2180.0,14.5
2000-01-10,43300.0,16.9,4.7,25200.0,28.0,2020.0,18.6
2000-01-11,60800.0,8.1,4.2,40300.0,16.9,1640.0,10.9
2000-01-12,77100.0,8.6,2.2,52900.0,15.2,1290.0,11.0
2000-01-13,79500.0,21.7,3.2,48900.0,37.3,1200.0,27.5
2000-01-14,84400.0,13.9,5.6,54800.0,20.6,1610.0,17.9
2000-01-15,89300.0,0.0,1.8,59800.0,0.2,1560.0,0.1
2000-01-16,86800.0,11.8,5.0,56100.0,15.3,1350.0,12.2
2000-01-17,79000.0,0.9,4.1,51700.0,0.6,1220.0,0.4
2000-01-18,70900.0,0.0,2.6,49600.0,0.0,999.0,0.0
2000-01-19,63700.0,0.0,2.1,46400.0,2.5,879.0,0.2
2000-01-20,60700.0,9.4,4.1,44800.0,8.2,1030.0,8.1
2000-01-21,58600.0,2.2,7.2,42800.0,2.5,1010.0,1.2
2000-01-22,56100.0,3.6,6.5,40400.0,4.8,915.0,4.2
2000-01-23,52000.0,0.0,3.0,37400.0,2.0,836.0,0.0
2000-01-24,49400.0,12.3,3.2,35800.0,17.7,905.0,12.8
2000-01-25,56100.0,7.0,5.6,41000.0,8.5,1170.0,7.3
2000-01-26,58300.0,0.0,4.3,40300.0,0.2,1200.0,0.1
2000-01-27,52700.0,0.0,3.0,35400.0,0.0,961.0,0.0
2000-01-28,45900.0,0.0,1.9,30600.0,0.0,801.0,0.0
2000-01-29,39700.0,0.0,1.8,26500.0,0.0,685.0,0.0
2000-01-30,34000.0,1.7,0.5,23500.0,1.3,607.0,1.5
2000-01-31,29500.0,1.5,4.6,20300.0,2.7,564.0,1.9
2000-02-01,30600.0,15.6,10.1,19200.0,17.3,4480.0,12.4
2000-02-02,45400.0,9.2,7.8,21800.0,6.9,3990.0,7.7
2000-02-03,47000.0,0.0,7.4,23500.0,0.0,2080.0,0.0
2000-02-04,41600.0,1.9,7.6,21500.0,3.9,1510.0,2.1
2000-02-05,36600.0,1.4,7.9,19500.0,1.8,1220.0,1.4
2000-02-06,33100.0,4.6,8.8,17800.0,3.8,1240.0,4.2
2000-02-07,30500.0,0.0,8.2,15900.0,0.0,1160.0,0.0
2000-02-08,29100.0,19.0,9.0,14800.0,12.8,1330.0,12.9
2000-02-09,31800.0,0.1,7.2,15200.0,0.2,1730.0,0.2
2000-02-10,31000.0,0.0,4.0,14900.0,1.9,1240.0,0.1
2000-02-11,28900.0,3.7,5.2,14800.0,12.6,1130.0,6.8
2000-02-12,33600.0,17.6,6.3,19000.0,23.0,1260.0,20.7
2000-02-13,39600.0,3.3,3.7,22000.0,11.3,1210.0,5.5
2000-02-14,43600.0,19.0,6.8,25100.0,22.9,1760.0,21.3
2000-02-15,51600.0,2.3,6.2,30100.0,6.7,2010.0,5.8
2000-02-16,51800.0,0.0,5.6,31200.0,0.0,1450.0,0.0
2000-02-17,44400.0,0.0,5.8,26800.0,0.0,1110.0,0.0
2000-02-18,36900.0,0.0,4.5,21800.0,0.0,889.0,0.0
2000-02-19,29500.0,0.0,4.7,17300.0,0.0,746.0,0.0
2000-02-20,25000.0,0.0,4.2,14900.0,0.0,651.0,0.0
2000-02-21,22600.0,2.4,6.9,13300.0,4.9,615.0,2.4
2000-02-22,21600.0,10.6,7.7,12500.0,13.7,838.0,10.7
2000-02-23,23300.0,1.8,5.7,13700.0,1.9,1050.0,2.0
2000-02-24,23900.0,0.0,4.7,14600.0,2.1,829.0,0.5
2000-02-25,22000.0,3.8,4.8,13300.0,6.6,747.0,3.4
2000-02-26,24800.0,26.9,6.8,14800.0,30.1,1290.0,25.8
2000-02-27,38900.0,11.3,8.4,23000.0,21.6,2180.0,12.1
2000-02-28,42500.0,0.5,7.8,25200.0,1.0,1530.0,1.1
2000-02-29,39300.0,13.9,7.9,23900.0,14.1,1390.0,13.3
2000-03-01,41000.0,0.0,5.5,25700.0,0.2,1210.0,0.0
2000-03-02,38600.0,6.2,8.2,22400.0,8.2,1020.0,6.6
2000-03-03,35700.0,0.0,6.4,20000.0,0.3,888.0,0.0
2000-03-04,35500.0,17.1,7.4,20800.0,14.6,941.0,16.3
2000-03-05,40900.0,0.0,5.3,24100.0,0.3,953.0,0.0
2000-03-06,36600.0,0.0,5.1,21100.0,0.1,804.0,0.0
2000-03-07,31200.0,0.0,4.9,17900.0,0.0,684.0,0.0
2000-03-08,26400.0,1.0,6.8,14900.0,3.3,602.0,1.4
2000-03-09,23400.0,0.0,5.8,13100.0,2.7,536.0,0.5
2000-03-10,21400.0,1.1,7.0,12100.0,3.9,491.0,1.3
2000-03-11,21000.0,4.0,7.0,11900.0,8.1,576.0,4.3
2000-03-12,21400.0,0.2,6.7,12000.0,0.7,521.0,0.1
2000-03-13,20400.0,0.6,8.4,11300.0,1.1,493.0,0.4
2000-03-14,21800.0,15.6,9.4,11800.0,9.7,1070.0,12.9
2000-03-15,22500.0,0.2,6.5,12700.0,0.0,859.0,0.0
2000-03-16,24000.0,9.3,9.5,13700.0,10.6,1120.0,10.7
2000-03-17,27900.0,0.5,6.2,16000.0,0.5,1170.0,1.0
2000-03-18,28000.0,7.2,8.1,16500.0,7.0,1030.0,6.0
2000-03-19,30300.0,2.4,6.3,17400.0,8.5,1530.0,3.3
2000-03-20,33400.0,1.7,6.2,19400.0,2.8,1230.0,1.7
2000-03-21,32200.0,0.0,7.9,18800.0,0.0,1030.0,0.0
2000-03-22,29500.0,6.8,9.1,16900.0,5.5,1030.0,8.3
2000-03-23,29600.0,1.4,6.0,17000.0,1.4,1380.0,1.9
2000-03-24,29800.0,0.0,6.4,17400.0,0.0,1050.0,0.0
2000-03-25,28600.0,0.0,8.2,16600.0,0.0,848.0,0.0
2000-03-26,25700.0,0.0,7.8,15200.0,0.0,712.0,0.0
2000-03-27,24300.0,3.3,8.2,14400.0,5.1,686.0,3.2
2000-03-28,23900.0,2.9,6.2,14500.0,2.4,725.0,2.4
2000-03-29,22100.0,0.0,5.7,13100.0,0.0,653.0,0.0
2000-03-30,19800.0,0.0,7.3,11700.0,0.0,585.0,0.0
2000-03-31,19900.0,0.0,9.9,11500.0,0.0,535.0,0.0
2000-04-01,19200.0,0.0,13.3,10700.0,0.0,548.0,0.0
2000-04-02,18300.0,0.0,12.0,9830.0,0.0,682.0,0.0
2000-04-03,17700.0,0.0,14.4,9430.0,0.0,831.0,0.0
2000-04-04,17900.0,0.0,12.7,9510.0,0.3,1000.0,0.1
2000-04-05,19000.0,0.0,7.0,10200.0,0.0,895.0,0.0
2000-04-06,19600.0,2.2,7.5,11000.0,0.4,681.0,1.5
2000-04-07,20600.0,0.0,8.7,11300.0,0.0,553.0,0.0
2000-04-08,21400.0,0.0,12.3,12000.0,0.9,502.0,0.0
2000-04-09,20600.0,0.0,10.7,11600.0,2.0,543.0,0.0
2000-04-10,20200.0,0.0,10.7,11600.0,0.0,518.0,0.0
2000-04-11,21300.0,0.0,14.1,12400.0,0.0,533.0,0.0
2000-04-12,21800.0,0.1,15.5,12600.0,0.7,702.0,0.2
2000-04-13,22500.0,21.9,13.3,13500.0,25.8,1020.0,23.8
2000-04-14,26200.0,1.7,11.0,15900.0,3.2,1030.0,1.2
2000-04-15,26600.0,7.2,10.4,15800.0,8.6,1330.0,8.1
2000-04-16,27100.0,0.0,10.8,15500.0,1.4,1070.0,0.0
2000-04-17,26800.0,0.0,12.6,15800.0,3.0,801.0,0.0
2000-04-18,24800.0,0.0,13.4,14500.0,1.6,795.0,0.0
2000-04-19,23100.0,0.0,10.5,13600.0,0.0,679.0,0.0
2000-04-20,21300.0,0.0,11.7,13000.0,0.0,579.0,0.0
2000-04-21,19700.0,0.0,12.8,11600.0,0.0,532.0,0.0
2000-04-22,18500.0,3.0,10.8,11100.0,4.0,663.0,2.4
2000-04-23,18500.0,7.7,8.7,10900.0,10.3,646.0,4.9
2000-04-24,18300.0,0.0,6.7,10500.0,0.6,581.0,0.6
2000-04-25,18800.0,5.3,10.1,10500.0,5.7,570.0,5.3
2000-04-26,20300.0,0.0,9.1,11900.0,1.6,634.0,0.1
2000-04-27,20800.0,3.3,11.6,11800.0,4.6,583.0,3.2
2000-04-28,21500.0,4.0,7.9,11900.0,9.8,598.0,4.9
2000-04-29,22000.0,3.5,8.3,12000.0,2.2,571.0,2.6
2000-04-30,21700.0,0.0,11.4,11700.0,0.0,506.0,0.0
2000-05-01,20100.0,0.0,13.2,10500.0,0.6,499.0,0.1
2000-05-02,19400.0,1.9,13.9,9960.0,2.2,597.0,1.7
2000-05-03,18600.0,4.8,12.2,10200.0,7.3,719.0,6.6
2000-05-04,18200.0,2.8,10.6,9920.0,0.7,844.0,1.6
2000-05-05,17900.0,2.8,9.6,9460.0,7.3,813.0,4.5
2000-05-06,17400.0,0.0,9.4,8670.0,0.7,764.0,0.1
2000-05-07,17800.0,0.0,10.8,8600.0,1.0,642.0,0.1
2000-05-08,17400.0,6.4,12.1,8560.0,11.7,647.0,4.6
2000-05-09,18200.0,11.3,11.7,8800.0,19.3,1750.0,12.7
2000-05-10,22700.0,10.0,7.5,10100.0,15.2,1860.0,10.6
2000-05-11,26200.0,11.2,7.7,13100.0,22.2,1660.0,17.0
2000-05-12,33600.0,0.2,8.6,19000.0,0.7,1580.0,0.4
2000-05-13,36700.0,0.0,12.5,22000.0,0.0,1310.0,0.0
2000-05-14,32800.0,0.0,14.1,18700.0,0.0,1180.0,0.0
2000-05-15,29300.0,4.0,14.3,16700.0,2.3,1310.0,3.2
2000-05-16,27300.0,0.0,13.2,16200.0,0.0,1100.0,0.0
2000-05-17,26100.0,0.0,11.6,16100.0,0.0,881.0,0.0
2000-05-18,25000.0,0.0,13.9,15900.0,0.0,728.0,0.0
2000-05-19,24000.0,0.9,15.4,15300.0,1.1,672.0,1.7
2000-05-20,22600.0,0.0,15.0,14400.0,0.0,645.0,0.0
2000-05-21,21400.0,0.0,18.0,13800.0,0.0,604.0,0.0
2000-05-22,20200.0,0.0,16.2,12800.0,0.0,597.0,0.0
2000-05-23,19100.0,0.0,15.0,12100.0,0.0,538.0,0.0
2000-05-24,18500.0,0.0,15.1,11600.0,0.0,480.0,0.0
2000-05-25,18000.0,0.1,12.6,11200.0,0.1,435.0,0.2
2000-05-26,17300.0,0.9,14.6,10900.0,0.5,416.0,0.9
2000-05-27,16900.0,3.5,14.9,10700.0,5.3,536.0,2.8
2000-05-28,17000.0,0.1,13.5,10600.0,1.3,703.0,0.4
2000-05-29,16900.0,0.0,12.3,10600.0,0.1,585.0,0.0
2000-05-30,16600.0,0.7,11.3,10300.0,0.7,516.0,0.9
2000-05-31,16300.0,0.1,11.5,10100.0,0.0,525.0,0.1
2000-06-01,15300.0,0.0,13.7,9490.0,0.0,478.0,0.0
2000-06-02,14600.0,0.0,16.5,9110.0,0.0,438.0,0.0
2000-06-03,14000.0,0.0,17.9,8670.0,0.0,406.0,0.0
2000-06-04,13600.0,0.0,19.6,8110.0,0.0,378.0,0.0
2000-06-05,12900.0,0.2,15.9,7610.0,0.5,365.0,0.3
2000-06-06,12600.0,0.7,14.9,7480.0,0.1,322.0,0.2
2000-06-07,12500.0,8.5,14.0,7360.0,5.8,289.0,6.2
2000-06-08,12200.0,4.0,13.5,7620.0,5.5,285.0,4.2
2000-06-09,12600.0,3.1,11.9,7890.0,4.3,289.0,3.1
2000-06-10,12500.0,4.4,10.9,7710.0,7.1,369.0,5.5
2000-06-11,12700.0,4.8,10.9,7970.0,5.0,544.0,3.9
2000-06-12,15300.0,11.6,14.0,8500.0,14.7,4670.0,13.1
2000-06-13,28400.0,0.0,15.7,12300.0,0.0,2280.0,0.0
2000-06-14,28400.0,0.0,18.6,14400.0,0.0,1290.0,0.0
2000-06-15,23100.0,0.0,16.9,12600.0,0.0,910.0,0.0
2000-06-16,19900.0,0.0,16.4,11200.0,0.0,697.0,0.0
2000-06-17,16900.0,0.0,19.5,9640.0,0.0,567.0,0.0
2000-06-18,14700.0,0.0,18.8,8780.0,0.0,481.0,0.0
2000-06-19,13400.0,0.0,14.8,8020.0,0.0,410.0,0.0
2000-06-20,12500.0,0.0,16.3,7500.0,0.0,358.0,0.0
2000-06-21,11700.0,0.0,19.6,6930.0,0.0,319.0,0.0
2000-06-22,11200.0,0.0,17.4,6670.0,0.0,285.0,0.0
2000-06-23,10600.0,0.0,15.9,6650.0,0.0,255.0,0.0
2000-06-24,10400.0,0.0,17.4,6560.0,0.0,232.0,0.0
2000-06-25,10300.0,0.0,19.6,6320.0,0.0,211.0,0.0
2000-06-26,10100.0,0.0,23.1,6110.0,0.0,192.0,0.0
2000-06-27,9680.0,0.0,24.7,5910.0,0.0,177.0,0.0
2000-06-28,9480.0,0.0,25.9,5780.0,0.0,173.0,0.0
2000-06-29,9140.0,0.0,22.9,5540.0,0.0,174.0,0.0
2000-06-30,8670.0,0.0,19.8,5280.0,0.0,159.0,0.0
2000-07-01,8500.0,0.0,17.3,5240.0,0.0,151.0,0.0
2000-07-02,8300.0,0.0,15.4,5250.0,0.0,144.0,0.0
2000-07-03,8220.0,0.4,15.1,5200.0,0.3,143.0,0.3
2000-07-04,8190.0,0.0,14.4,5220.0,2.6,145.0,0.3
2000-07-05,8140.0,0.0,16.4,5200.0,0.1,141.0,0.0
2000-07-06,7980.0,0.0,17.4,5110.0,0.0,135.0,0.0
2000-07-07,7770.0,0.0,18.9,4980.0,0.0,124.0,0.0
2000-07-08,7600.0,0.0,18.5,4970.0,0.0,117.0,0.0
2000-07-09,7650.0,0.0,16.8,5160.0,0.0,112.0,0.0
2000-07-10,7750.0,0.0,17.7,5280.0,0.0,105.0,0.0
2000-07-11,7640.0,0.0,18.1,5090.0,0.0,98.0,0.0
2000-07-12,7430.0,0.0,18.4,4920.0,0.0,95.0,0.0
2000-07-13,7260.0,0.0,18.5,4840.0,0.0,91.0,0.0
2000-07-14,7200.0,0.0,17.6,4780.0,0.0,87.0,0.0
2000-07-15,7070.0,0.0,18.3,4710.0,0.0,84.0,0.0
2000-07-16,7160.0,0.0,22.1,4980.0,0.0,82.0,0.0
2000-07-17,7520.0,0.0,23.1,5500.0,0.0,78.0,0.0
2000-07-18,7660.0,0.0,19.5,5580.0,0.0,76.0,0.0
2000-07-19,7650.0,0.0,19.0,5570.0,0.0,74.0,0.0
2000-07-20,7620.0,0.0,21.2,5550.0,0.0,72.0,0.0
2000-07-21,7580.0,0.0,22.8,5510.0,0.0,70.0,0.0
2000-07-22,7520.0,0.3,19.1,5480.0,0.0,68.0,0.6
2000-07-23,7510.0,0.0,18.6,5450.0,0.0,67.0,0.0
2000-07-24,7530.0,0.0,21.3,5480.0,0.0,65.0,0.0
2000-07-25,7410.0,0.0,20.3,5440.0,0.0,63.0,0.0
2000-07-26,7290.0,0.0,18.6,5370.0,0.0,62.0,0.0
2000-07-27,7250.0,0.0,19.2,5330.0,0.0,61.0,0.0
2000-07-28,7220.0,0.0,21.2,5330.0,0.0,60.0,0.0
2000-07-29,7160.0,0.0,22.5,5310.0,0.0,59.0,0.0
2000-07-30,7120.0,0.0,24.8,5240.0,0.0,58.0,0.0
2000-07-31,7120.0,0.0,24.3,5260.0,0.0,57.0,0.0
2000-08-01,7020.0,0.0,22.5,5200.0,0.0,56.0,0.0
2000-08-02,7130.0,0.0,21.3,5440.0,0.0,55.0,0.0
2000-08-03,7140.0,0.0,21.5,5510.0,0.0,54.0,0.0
2000-08-04,7130.0,0.0,22.5,5520.0,0.0,53.0,0.0
2000-08-05,7100.0,0.0,22.7,5510.0,0.0,53.0,0.0
2000-08-06,7100.0,0.0,23.0,5480.0,0.0,52.0,0.0
2000-08-07,7120.0,0.0,21.3,5490.0,0.0,51.0,0.0
2000-08-08,7070.0,0.0,22.2,5510.0,0.0,50.0,0.0
2000-08-09,7020.0,0.0,22.5,5480.0,0.0,49.0,0.0
2000-08-10,6970.0,0.0,19.8,5470.0,0.3,48.0,0.0
2000-08-11,7030.0,0.0,17.1,5530.0,0.0,48.0,0.0
2000-08-12,7060.0,0.0,17.7,5530.0,0.0,47.0,0.0
2000-08-13,7000.0,0.0,17.5,5500.0,0.0,47.0,0.0
2000-08-14,7080.0,0.0,16.7,5550.0,0.0,46.0,0.0
2000-08-15,6970.0,0.0,16.9,5520.0,0.0,46.0,0.0
2000-08-16,6990.0,0.0,17.8,5540.0,0.0,45.0,0.0
2000-08-17,6970.0,0.0,17.9,5500.0,0.0,44.0,0.0
2000-08-18,6930.0,3.8,16.4,5500.0,0.0,44.0,2.4
2000-08-19,7000.0,0.2,16.1,5470.0,0.7,48.0,0.5
2000-08-20,7020.0,0.0,16.7,5510.0,0.0,39.0,0.0
2000-08-21,7040.0,0.0,18.2,5520.0,0.0,35.0,0.0
2000-08-22,6950.0,0.0,21.3,5460.0,0.0,33.0,0.0
2000-08-23,6830.0,0.0,23.0,5420.0,0.0,32.0,0.0
2000-08-24,6820.0,0.0,20.6,5410.0,0.0,32.0,0.0
2000-08-25,6800.0,0.0,19.7,5370.0,0.0,31.0,0.0
2000-08-26,6850.0,0.2,18.6,5390.0,0.0,31.0,0.0
2000-08-27,6890.0,0.0,16.5,5380.0,0.0,30.0,0.0
2000-08-28,6900.0,0.0,17.0,5360.0,0.0,30.0,0.0
2000-08-29,6890.0,0.0,19.6,5390.0,0.0,29.0,0.0
2000-08-30,6900.0,0.0,19.4,5370.0,0.0,29.0,0.0
2000-08-31,6920.0,0.1,17.6,5390.0,0.1,29.0,0.5
2000-09-01,6950.0,0.0,14.7,5370.0,0.3,31.0,0.0
2000-09-02,7040.0,5.3,14.1,5380.0,11.8,34.0,5.6
2000-09-03,7310.0,5.1,13.2,5570.0,6.9,39.0,3.3
2000-09-04,7430.0,0.0,14.0,5610.0,1.5,38.0,0.0
2000-09-05,7330.0,0.0,14.4,5540.0,0.0,34.0,0.0
2000-09-06,7320.0,0.6,16.3,5510.0,0.0,33.0,0.0
2000-09-07,7320.0,0.0,15.9,5450.0,0.0,32.0,0.0
2000-09-08,7240.0,2.7,15.7,5340.0,2.2,36.0,3.2
2000-09-09,7430.0,0.2,14.0,5500.0,0.0,60.0,0.3
2000-09-10,7680.0,1.5,16.4,5690.0,0.1,52.0,1.5
2000-09-11,7850.0,0.0,18.5,5830.0,0.0,59.0,0.0
2000-09-12,8390.0,0.0,19.4,6080.0,0.0,48.0,0.0
2000-09-13,8670.0,0.0,20.9,6190.0,0.0,39.0,0.0
2000-09-14,8800.0,0.0,23.5,6360.0,0.0,35.0,0.0
2000-09-15,9080.0,0.1,19.9,6510.0,1.8,33.0,0.2
2000-09-16,9230.0,0.0,18.0,6600.0,0.0,33.0,0.0
2000-09-17,9420.0,0.0,18.0,6650.0,0.0,32.0,0.0
2000-09-18,9720.0,0.0,19.9,6840.0,0.0,31.0,0.0
2000-09-19,9870.0,0.0,20.7,6980.0,0.0,31.0,0.0
2000-09-20,9940.0,0.0,19.7,7020.0,0.0,30.0,0.0
2000-09-21,9980.0,0.0,17.9,7000.0,0.0,30.0,0.3
2000-09-22,9970.0,0.0,15.3,6970.0,0.0,29.0,0.0
2000-09-23,9940.0,0.0,13.8,6970.0,0.0,28.0,0.0
2000-09-24,9920.0,0.0,14.6,6950.0,0.0,27.0,0.0
2000-09-25,10000.0,0.0,16.6,7010.0,0.0,27.0,0.0
2000-09-26,9990.0,0.0,17.6,6990.0,0.0,27.0,0.0
2000-09-27,10000.0,0.0,17.5,6990.0,0.0,27.0,0.0
2000-09-28,9990.0,0.0,16.4,6970.0,0.0,26.0,0.0
2000-09-29,10000.0,0.0,16.5,6990.0,0.0,26.0,0.0
2000-09-30,10100.0,0.5,18.3,7060.0,0.0,28.0,0.0
2000-10-01,10300.0,4.7,17.7,6960.0,4.5,960.0,5.8
2000-10-02,11100.0,0.0,12.6,7040.0,0.0,492.0,0.0
2000-10-03,10900.0,0.0,11.8,7120.0,0.0,222.0,0.0
2000-10-04,10600.0,0.0,13.0,7120.0,0.0,147.0,0.0
2000-10-05,10600.0,0.0,14.4,7260.0,0.0,114.0,0.0
2000-10-06,10600.0,0.0,15.3,7590.0,0.0,91.0,0.0
2000-10-07,10600.0,0.0,16.1,7390.0,0.0,77.0,0.0
2000-10-08,10700.0,0.0,14.9,7390.0,0.0,68.0,0.0
2000-10-09,11000.0,13.2,14.9,7610.0,14.0,66.0,12.0
2000-10-10,11200.0,0.8,11.9,8230.0,1.6,75.0,1.0
2000-10-11,11200.0,0.0,12.5,8050.0,0.0,101.0,0.0
2000-10-12,11300.0,0.0,11.5,8020.0,0.3,97.0,0.0
2000-10-13,11300.0,2.4,12.7,7880.0,0.9,93.0,2.1
2000-10-14,11300.0,0.8,10.7,7870.0,0.2,137.0,1.4
2000-10-15,11300.0,0.0,9.8,7850.0,0.0,131.0,0.0
2000-10-16,11500.0,0.0,13.4,7770.0,0.0,112.0,0.0
2000-10-17,11800.0,0.0,13.9,7680.0,0.0,96.0,0.0
2000-10-18,12000.0,6.1,14.9,7640.0,5.5,132.0,7.0
2000-10-19,12300.0,0.0,12.8,7750.0,0.0,168.0,0.0
2000-10-20,12600.0,19.1,13.9,8060.0,19.6,461.0,18.7
2000-10-21,13800.0,0.7,9.7,8620.0,5.2,1440.0,2.9
2000-10-22,14900.0,0.0,8.3,9150.0,0.0,701.0,0.0
2000-10-23,13900.0,0.0,9.7,8580.0,0.0,424.0,0.0
2000-10-24,13300.0,0.0,11.2,8360.0,0.0,299.0,0.0
2000-10-25,13300.0,0.0,13.2,8190.0,0.0,230.0,0.0
2000-10-26,13100.0,4.4,11.8,8050.0,0.2,190.0,2.9
2000-10-27,12900.0,0.0,10.8,7940.0,1.2,167.0,0.0
2000-10-28,13100.0,18.9,11.2,8030.0,20.4,235.0,19.0
2000-10-29,14000.0,0.9,11.3,8380.0,2.7,248.0,1.4
2000-10-30,14200.0,0.0,9.2,8260.0,0.0,219.0,0.0
2000-10-31,13900.0,0.0,8.9,7970.0,0.0,188.0,0.0
2000-11-01,13500.0,1.0,9.4,7800.0,1.3,169.0,0.9
2000-11-02,13100.0,2.7,9.8,7790.0,4.0,166.0,3.6
2000-11-03,12200.0,0.0,11.8,7620.0,0.0,156.0,0.0
2000-11-04,11700.0,2.0,10.6,7350.0,1.5,177.0,3.0
2000-11-05,11800.0,0.0,9.3,7350.0,0.1,228.0,0.0
2000-11-06,11900.0,1.7,9.3,7400.0,1.1,275.0,1.4
2000-11-07,12000.0,0.0,7.3,7420.0,0.0,301.0,0.0
2000-11-08,12600.0,8.4,8.3,7590.0,12.8,554.0,10.2
2000-11-09,13800.0,1.4,6.2,8350.0,5.9,816.0,2.2
2000-11-10,15100.0,0.5,3.9,9600.0,0.2,576.0,0.1
2000-11-11,15600.0,0.0,1.8,9530.0,0.0,426.0,0.0
2000-11-12,14800.0,0.0,2.3,9080.0,0.0,344.0,0.0
2000-11-13,14400.0,0.0,1.8,8850.0,0.0,290.0,0.0
2000-11-14,14000.0,0.0,2.2,8620.0,0.0,252.0,0.0
2000-11-15,13800.0,0.0,2.8,8540.0,0.0,223.0,0.0
2000-11-16,13600.0,0.0,2.6,8540.0,0.0,199.0,0.0
2000-11-17,13100.0,0.0,1.1,8080.0,0.0,181.0,0.0
2000-11-18,12400.0,0.0,2.0,7610.0,0.0,167.0,0.0
2000-11-19,12200.0,0.0,1.3,7480.0,0.0,157.0,0.0
2000-11-20,11900.0,0.0,2.4,7280.0,0.0,150.0,0.0
2000-11-21,11700.0,0.0,2.3,7170.0,0.0,146.0,0.0
2000-11-22,11700.0,0.0,2.0,7170.0,0.0,140.0,0.0
2000-11-23,11800.0,9.5,2.0,7230.0,7.4,156.0,8.3
2000-11-24,12400.0,2.6,6.5,8030.0,3.7,447.0,1.1
2000-11-25,13000.0,3.3,3.8,7990.0,2.0,394.0,3.1
2000-11-26,13600.0,2.2,8.2,8230.0,3.0,479.0,2.7
2000-11-27,14000.0,13.3,8.5,8360.0,10.0,934.0,11.5
2000-11-28,15100.0,0.0,3.8,8620.0,0.0,738.0,0.0
2000-11-29,15000.0,15.3,6.0,8790.0,19.2,636.0,15.3
2000-11-30,15200.0,0.1,8.9,8620.0,1.9,777.0,0.2
2000-12-01,14800.0,0.0,6.2,8540.0,0.0,654.0,0.2
2000-12-02,14100.0,3.1,8.1,8420.0,1.2,591.0,0.9
2000-12-03,13000.0,0.0,7.2,7930.0,0.0,547.0,0.0
2000-12-04,12500.0,0.0,5.0,7640.0,0.0,468.0,0.0
2000-12-05,12600.0,0.0,4.3,7660.0,0.0,403.0,0.0
2000-12-06,12100.0,0.0,4.3,7130.0,0.0,360.0,0.0
2000-12-07,10800.0,0.0,4.0,6270.0,0.0,320.0,0.0
2000-12-08,9730.0,0.0,2.3,5520.0,0.0,284.0,0.0
2000-12-09,8870.0,0.4,4.2,4930.0,0.2,270.0,0.3
2000-12-10,8600.0,0.3,2.5,4790.0,0.3,256.0,0.2
2000-12-11,8870.0,2.7,2.0,4800.0,5.2,240.0,3.5
2000-12-12,9800.0,3.8,1.4,5120.0,1.6,222.0,3.9
2000-12-13,9190.0,11.4,3.6,5060.0,16.7,267.0,12.8
2000-12-14,9780.0,13.9,5.6,5790.0,21.1,878.0,18.6
2000-12-15,15900.0,6.3,6.2,9320.0,11.8,2030.0,9.1
2000-12-16,22700.0,2.3,7.9,13800.0,0.5,1190.0,1.5
2000-12-17,22100.0,10.0,6.5,13000.0,13.1,1400.0,11.0
2000-12-18,21500.0,0.0,2.9,13100.0,0.0,967.0,0.0
2000-12-19,19100.0,2.3,4.6,10400.0,0.0,800.0,0.9
2000-12-20,15800.0,3.7,5.9,8450.0,1.2,770.0,2.4
2000-12-21,14500.0,5.0,5.1,7790.0,6.7,905.0,4.5
2000-12-22,17000.0,31.3,8.0,8830.0,46.6,1670.0,33.9
2000-12-23,27700.0,7.6,7.9,15300.0,10.6,2130.0,7.8
2000-12-24,35000.0,0.5,5.7,19600.0,1.7,1690.0,0.6
2000-12-25,33000.0,0.0,5.1,19100.0,0.0,1200.0,0.0
2000-12-26,28400.0,0.0,5.2,16200.0,0.1,943.0,0.0
2000-12-27,24700.0,0.0,6.0,13400.0,0.0,882.0,0.0
2000-12-28,20600.0,0.0,6.0,10900.0,0.0,823.0,0.0
2000-12-29,17500.0,0.0,4.2,9450.0,0.0,751.0,0.0
2000-12-30,16000.0,0.0,8.5,8410.0,0.0,697.0,0.0
2000-12-31,14800.0,1.4,7.2,7870.0,0.5,670.0,1.1
2001-01-01,13400.0,0.0,5.8,7430.0,0.0,605.0,0.0
2001-01-02,12900.0,0.0,6.5,7080.0,0.0,525.0,0.0
2001-01-03,12300.0,0.0,5.9,6770.0,0.0,499.0,0.0
2001-01-04,11600.0,0.8,9.7,6450.0,0.0,483.0,0.1
2001-01-05,11300.0,3.5,10.2,6260.0,0.8,528.0,2.8
2001-01-06,11400.0,0.0,6.3,6180.0,0.0,521.0,0.0
2001-01-07,11300.0,0.0,4.7,6130.0,0.0,433.0,0.0
2001-01-08,11100.0,2.3,6.3,6090.0,3.8,383.0,2.2
2001-01-09,11000.0,1.8,3.5,6010.0,3.5,369.0,2.1
2001-01-10,11200.0,3.6,5.9,6070.0,3.2,354.0,2.9
2001-01-11,11200.0,0.1,6.6,6050.0,0.6,323.0,0.0
2001-01-12,10500.0,0.3,5.3,5790.0,1.3,299.0,0.6
2001-01-13,9710.0,6.2,4.8,5390.0,7.3,350.0,6.7
2001-01-14,10100.0,3.4,5.5,5650.0,5.7,467.0,4.6
2001-01-15,11700.0,0.8,3.6,6590.0,0.4,425.0,0.4
2001-01-16,11400.0,0.0,1.1,6450.0,0.0,370.0,0.0
2001-01-17,10800.0,0.0,1.7,6060.0,0.0,334.0,0.0
2001-01-18,11100.0,0.0,3.4,5910.0,0.0,317.0,0.0
2001-01-19,9940.0,9.4,6.9,5600.0,6.5,422.0,7.9
2001-01-20,9840.0,0.0,4.4,5600.0,0.0,479.0,0.0
2001-01-21,10200.0,5.7,6.6,5700.0,9.0,706.0,5.7
2001-01-22,11100.0,0.0,7.0,5970.0,0.0,1030.0,0.0
2001-01-23,11800.0,0.0,5.8,6350.0,0.1,750.0,0.0
2001-01-24,11700.0,8.5,6.0,6290.0,6.9,627.0,8.3
2001-01-25,12300.0,2.4,4.0,6920.0,3.5,535.0,2.3
2001-01-26,12400.0,0.0,2.9,7110.0,0.0,461.0,0.0
2001-01-27,11800.0,0.0,2.9,6660.0,0.0,401.0,0.0
2001-01-28,11000.0,0.0,3.1,6210.0,0.0,362.0,0.0
2001-01-29,10500.0,5.4,6.0,5940.0,9.5,360.0,7.1
2001-01-30,10500.0,2.0,3.5,5990.0,0.7,338.0,1.4
2001-01-31,10200.0,0.4,3.6,5890.0,0.0,311.0,0.3
2001-02-01,9880.0,0.0,4.3,5720.0,0.0,303.0,0.1
2001-02-02,9630.0,7.4,8.4,5630.0,7.9,401.0,6.8
2001-02-03,10100.0,1.1,5.2,5720.0,2.0,606.0,1.9
2001-02-04,11200.0,6.8,9.2,6500.0,4.2,738.0,5.7
2001-02-05,13100.0,1.9,7.0,7660.0,1.0,1410.0,2.0
2001-02-06,14400.0,0.1,3.6,7930.0,0.1,946.0,0.2
2001-02-07,14200.0,0.6,1.1,8040.0,0.0,698.0,1.1
2001-02-08,13500.0,0.9,0.8,7490.0,0.7,567.0,0.5
2001-02-09,12100.0,1.6,2.0,6860.0,2.3,485.0,1.4
2001-02-10,11300.0,0.0,2.5,6520.0,1.1,426.0,0.3
2001-02-11,11000.0,3.6,2.5,6330.0,8.2,379.0,3.3
2001-02-12,10800.0,0.0,2.9,6370.0,0.1,339.0,0.0
2001-02-13,10300.0,0.0,2.9,6180.0,0.0,306.0,0.0
2001-02-14,9870.0,0.0,3.2,5860.0,0.0,281.0,0.0
2001-02-15,9510.0,0.1,4.4,5680.0,0.0,265.0,0.0
2001-02-16,9330.0,4.9,7.4,5530.0,1.4,252.0,1.9
2001-02-17,9160.0,0.0,6.4,5420.0,1.9,236.0,0.0
2001-02-18,9000.0,5.3,6.4,5320.0,7.3,237.0,7.9
2001-02-19,9010.0,0.0,6.7,5320.0,0.2,225.0,0.0
2001-02-20,8850.0,0.7,7.0,5240.0,4.4,214.0,2.0
2001-02-21,8880.0,8.5,7.1,5270.0,13.0,230.0,9.8
2001-02-22,9540.0,1.6,5.3,5680.0,4.0,249.0,2.5
2001-02-23,9670.0,0.0,5.5,5770.0,0.8,241.0,0.2
2001-02-24,9760.0,0.0,5.0,6000.0,0.0,227.0,0.0
2001-02-25,9640.0,0.0,4.9,5910.0,0.0,213.0,0.0
2001-02-26,9290.0,0.0,4.6,5660.0,0.0,198.0,0.0
2001-02-27,8880.0,0.0,5.3,5390.0,0.0,187.0,0.0
2001-02-28,8610.0,0.0,5.7,5230.0,0.0,177.0,0.0
2001-03-01,8470.0,4.6,5.8,5120.0,4.6,179.0,4.0
2001-03-02,8880.0,12.4,5.2,5380.0,15.7,245.0,13.2
2001-03-03,10100.0,1.6,2.3,6290.0,2.3,225.0,1.4
2001-03-04,9700.0,0.5,3.9,5870.0,1.8,214.0,0.9
2001-03-05,9430.0,0.7,7.3,5750.0,2.1,225.0,1.0
2001-03-06,9160.0,0.0,9.5,5570.0,0.0,244.0,0.0
2001-03-07,8760.0,0.0,10.7,5330.0,0.0,257.0,0.0
2001-03-08,8480.0,1.5,10.2,5120.0,2.7,282.0,1.5
2001-03-09,8590.0,3.4,7.3,5100.0,6.3,433.0,6.1
2001-03-10,9140.0,0.0,6.9,5300.0,0.0,432.0,0.0
2001-03-11,9180.0,0.0,6.4,5380.0,0.0,377.0,0.0
2001-03-12,8940.0,0.0,7.4,5310.0,0.0,337.0,0.0
2001-03-13,8640.0,0.2,7.6,5160.0,0.0,330.0,0.1
2001-03-14,8440.0,0.1,8.0,5030.0,0.3,330.0,0.3
2001-03-15,8340.0,8.1,6.5,4970.0,5.8,339.0,7.0
2001-03-16,8550.0,1.4,4.3,5050.0,1.0,383.0,1.2
2001-03-17,9180.0,3.4,6.3,5520.0,6.1,410.0,4.5
2001-03-18,10600.0,5.9,10.9,6200.0,6.9,944.0,7.3
2001-03-19,13300.0,2.2,9.6,6940.0,2.0,2380.0,2.6
2001-03-20,15900.0,0.0,6.5,8270.0,0.0,1380.0,0.0
2001-03-21,14900.0,0.0,7.8,8280.0,0.0,903.0,0.0
2001-03-22,13100.0,0.0,8.3,7440.0,0.0,690.0,0.0
2001-03-23,11900.0,0.0,10.9,6830.0,0.0,574.0,0.0
2001-03-24,11200.0,0.8,11.8,6430.0,2.7,541.0,0.7
2001-03-25,11100.0,16.8,11.0,6370.0,22.9,656.0,20.7
2001-03-26,11700.0,2.5,7.8,6780.0,6.4,704.0,2.2
2001-03-27,11900.0,10.1,6.6,6990.0,8.2,761.0,9.8
2001-03-28,14600.0,9.4,9.5,8790.0,9.2,1770.0,10.0
2001-03-29,19400.0,3.5,8.0,12400.0,1.5,1410.0,3.1
2001-03-30,18500.0,0.0,9.6,11200.0,0.0,1010.0,0.0
2001-03-31,16400.0,4.4,10.5,9540.0,2.9,991.0,4.2
2001-04-01,16500.0,1.1,7.6,9500.0,0.9,1200.0,1.5
2001-04-02,16800.0,3.4,5.5,9570.0,3.0,953.0,2.2
2001-04-03,16500.0,2.1,4.3,9280.0,2.9,795.0,3.5
2001-04-04,16700.0,0.0,6.2,9880.0,0.0,690.0,0.0
2001-04-05,17000.0,0.1,7.5,10300.0,0.0,622.0,0.0
2001-04-06,17000.0,10.0,6.0,10300.0,12.8,667.0,9.4
2001-04-07,18000.0,1.4,3.7,11000.0,2.1,633.0,1.3
2001-04-08,19900.0,1.1,4.6,12100.0,7.0,587.0,2.0
2001-04-09,20600.0,1.2,5.0,12900.0,0.3,544.0,0.1
2001-04-10,20400.0,6.5,6.3,12500.0,4.4,549.0,5.7
2001-04-11,19100.0,7.0,7.2,11100.0,8.9,1140.0,9.0
2001-04-12,20400.0,3.5,6.9,12200.0,3.6,929.0,3.4
2001-04-13,20700.0,0.4,5.0,12700.0,1.4,764.0,0.9
2001-04-14,19900.0,0.1,5.7,12400.0,0.6,648.0,0.4
2001-04-15,17400.0,0.0,8.2,10900.0,0.0,574.0,0.0
2001-04-16,15900.0,0.0,11.6,9920.0,0.0,611.0,0.0
2001-04-17,15900.0,6.3,11.2,9680.0,6.1,864.0,7.0
2001-04-18,16200.0,0.4,10.5,9510.0,1.1,883.0,0.3
2001-04-19,16200.0,0.6,9.0,9490.0,4.2,850.0,0.7
2001-04-20,17100.0,3.1,8.4,9630.0,0.3,805.0,4.0
2001-04-21,17100.0,0.0,9.5,9460.0,0.1,727.0,0.0
2001-04-22,15100.0,1.9,8.8,8360.0,0.7,659.0,1.3
2001-04-23,13800.0,5.0,9.8,7720.0,2.0,607.0,4.0
2001-04-24,13600.0,0.0,13.6,7340.0,0.0,581.0,0.0
2001-04-25,14800.0,0.0,15.9,7210.0,0.0,668.0,0.0
2001-04-26,14600.0,0.0,15.9,6980.0,0.0,741.0,0.0
2001-04-27,14100.0,0.6,12.2,6870.0,1.0,658.0,0.3
2001-04-28,13900.0,2.9,10.2,6780.0,10.2,640.0,3.1
2001-04-29,14000.0,5.2,8.9,6850.0,2.5,606.0,3.6
2001-04-30,14200.0,14.9,11.3,6890.0,14.5,2210.0,15.8
2001-05-01,18900.0,0.5,9.0,7650.0,1.9,2030.0,0.7
2001-05-02,18700.0,0.1,8.0,9510.0,0.2,1270.0,0.5
2001-05-03,17400.0,0.0,10.4,8810.0,0.0,972.0,0.0
2001-05-04,17100.0,0.0,13.4,8570.0,0.0,791.0,0.0
2001-05-05,16400.0,0.9,10.2,8550.0,0.3,688.0,1.0
2001-05-06,15400.0,0.0,10.1,8180.0,0.0,591.0,0.0
2001-05-07,14600.0,0.0,14.3,7800.0,0.0,512.0,0.0
2001-05-08,14100.0,0.0,14.2,7540.0,0.0,478.0,0.0
2001-05-09,14400.0,0.0,11.4,7620.0,0.0,448.0,0.0
2001-05-10,14500.0,0.0,11.4,7710.0,0.0,407.0,0.0
2001-05-11,14700.0,0.0,14.7,8110.0,0.0,368.0,0.0
2001-05-12,15000.0,0.0,16.4,8590.0,0.0,358.0,0.0
2001-05-13,15200.0,0.0,13.1,8850.0,0.0,346.0,0.0
2001-05-14,15200.0,18.5,11.9,9630.0,16.1,505.0,17.0
2001-05-15,17300.0,11.9,11.6,10500.0,16.1,2550.0,14.5
2001-05-16,21600.0,7.1,10.8,12800.0,6.0,2350.0,7.6
2001-05-17,22100.0,0.0,10.9,13500.0,0.0,1400.0,0.0
2001-05-18,19400.0,0.0,11.1,12200.0,0.0,950.0,0.0
2001-05-19,16900.0,0.0,12.8,11000.0,0.0,731.0,0.0
2001-05-20,15900.0,0.0,12.6,10200.0,0.0,603.0,0.0
2001-05-21,15400.0,0.0,16.1,9670.0,0.0,511.0,0.0
2001-05-22,14800.0,0.0,20.2,9310.0,0.0,450.0,0.0
2001-05-23,15100.0,0.0,20.9,9890.0,0.0,404.0,0.0
2001-05-24,15400.0,0.0,18.1,9770.0,0.0,361.0,0.0
2001-05-25,14500.0,0.0,18.3,9060.0,0.0,324.0,0.0
2001-05-26,14200.0,0.0,18.5,8790.0,0.0,288.0,0.0
2001-05-27,14700.0,0.0,16.3,9110.0,0.0,260.0,0.0
2001-05-28,15100.0,1.4,13.0,9020.0,0.2,247.0,1.1
2001-05-29,15100.0,0.0,11.1,8850.0,0.0,248.0,0.0
2001-05-30,14900.0,0.0,15.1,8760.0,0.0,212.0,0.0
2001-05-31,14800.0,0.0,20.0,8650.0,0.0,193.0,0.0
2001-06-01,14300.0,2.7,17.0,8280.0,1.7,189.0,2.9
2001-06-02,13700.0,5.4,11.7,8180.0,5.5,197.0,4.5
2001-06-03,13600.0,2.0,11.1,8290.0,2.1,290.0,3.1
2001-06-04,13400.0,0.0,11.9,8400.0,0.0,300.0,0.0
2001-06-05,13000.0,5.9,11.6,8430.0,5.3,266.0,5.9
2001-06-06,12900.0,0.2,13.1,8120.0,0.8,301.0,0.2
2001-06-07,12600.0,0.0,16.2,7790.0,0.0,258.0,0.0
2001-06-08,11700.0,0.6,18.1,6900.0,0.1,223.0,1.2
2001-06-09,10500.0,2.3,15.9,5890.0,1.6,212.0,2.3
2001-06-10,9930.0,0.0,13.6,5380.0,0.0,210.0,0.0
2001-06-11,9130.0,7.3,13.4,4810.0,1.4,219.0,6.2
2001-06-12,9230.0,3.9,10.9,4610.0,8.4,656.0,6.9
2001-06-13,9510.0,0.0,12.1,4980.0,0.0,485.0,0.0
2001-06-14,9020.0,0.1,14.2,4780.0,0.0,369.0,0.0
2001-06-15,8280.0,0.0,13.6,4470.0,0.0,303.0,0.0
2001-06-16,7890.0,0.0,14.0,4310.0,0.0,257.0,0.0
2001-06-17,7560.0,0.0,13.7,4170.0,0.0,224.0,0.0
2001-06-18,7390.0,0.0,14.1,4080.0,0.0,199.0,0.0
2001-06-19,7130.0,0.0,17.2,4050.0,0.0,181.0,0.0
2001-06-20,6870.0,0.0,21.0,4040.0,0.0,167.0,0.0
2001-06-21,6710.0,0.0,21.0,4030.0,0.0,157.0,0.0
2001-06-22,6590.0,0.0,18.7,3990.0,0.0,145.0,0.0
2001-06-23,6520.0,0.0,16.1,3930.0,0.0,137.0,0.0
2001-06-24,6540.0,8.5,13.5,3880.0,7.6,142.0,6.3
2001-06-25,6650.0,0.8,12.4,3860.0,0.8,170.0,0.4
2001-06-26,6790.0,0.2,17.2,3880.0,2.8,141.0,0.5
2001-06-27,7050.0,17.8,17.0,3970.0,26.4,175.0,18.7
2001-06-28,7320.0,0.2,16.4,4130.0,1.0,213.0,0.5
2001-06-29,7200.0,0.0,16.3,4050.0,0.0,181.0,0.0
2001-06-30,6860.0,0.0,16.0,4030.0,0.0,162.0,0.0
2001-07-01,6830.0,0.0,16.1,4040.0,0.0,147.0,0.0
2001-07-02,6550.0,0.0,18.7,4040.0,0.0,134.0,0.0
2001-07-03,6290.0,0.0,21.1,4050.0,0.0,123.0,0.0
2001-07-04,6130.0,0.0,21.9,4030.0,0.0,116.0,0.0
2001-07-05,6070.0,0.0,18.2,3990.0,0.0,107.0,0.0
2001-07-06,5950.0,0.0,17.0,3950.0,0.0,101.0,0.0
2001-07-07,5830.0,0.0,18.2,3930.0,0.0,95.0,0.0
2001-07-08,5770.0,0.0,20.5,3890.0,0.0,89.0,0.0
2001-07-09,5730.0,0.0,22.7,3870.0,0.0,84.0,0.0
2001-07-10,5650.0,0.0,23.3,3860.0,0.0,80.0,0.0
2001-07-11,5600.0,0.0,22.2,3850.0,0.0,77.0,0.0
2001-07-12,5570.0,0.0,21.6,3850.0,0.0,73.0,0.0
2001-07-13,5520.0,0.0,20.3,3860.0,0.0,69.0,0.0
2001-07-14,5510.0,0.0,18.4,3890.0,0.0,67.0,0.0
2001-07-15,5520.0,0.0,16.6,3950.0,0.0,64.0,0.0
2001-07-16,5540.0,0.0,15.9,4000.0,0.0,65.0,0.0
2001-07-17,5440.0,0.1,15.4,4030.0,0.2,66.0,0.1
2001-07-18,5360.0,0.0,17.2,4030.0,0.0,64.0,0.0
2001-07-19,5260.0,0.0,18.4,4030.0,0.0,64.0,0.0
2001-07-20,5340.0,0.0,17.8,4040.0,0.0,61.0,0.0
2001-07-21,5330.0,0.0,17.4,4050.0,0.0,60.0,0.0
2001-07-22,5300.0,0.0,19.3,4050.0,0.0,58.0,0.0
2001-07-23,5310.0,0.0,21.1,4050.0,0.0,55.0,0.0
2001-07-24,5230.0,0.0,21.7,4040.0,0.0,53.0,0.0
2001-07-25,5150.0,0.0,20.1,3990.0,0.0,51.0,0.0
2001-07-26,5130.0,0.0,20.1,3930.0,0.0,50.0,0.0
2001-07-27,5120.0,0.0,19.3,3890.0,0.0,49.0,0.0
2001-07-28,5110.0,2.4,18.8,3830.0,0.8,49.0,2.1
2001-07-29,5180.0,0.1,16.3,3790.0,1.8,52.0,0.0
2001-07-30,5350.0,3.9,16.3,3770.0,5.6,60.0,2.7
2001-07-31,5560.0,0.0,15.9,3810.0,0.0,60.0,0.0
2001-08-01,5610.0,0.0,18.4,3870.0,0.0,51.0,0.0
2001-08-02,5540.0,0.0,18.6,3880.0,0.0,48.0,0.0
2001-08-03,5450.0,0.1,18.3,3880.0,0.4,46.0,0.0
2001-08-04,5470.0,0.0,18.2,3880.0,0.0,46.0,0.0
2001-08-05,5560.0,0.0,18.8,3880.0,0.0,45.0,0.0
2001-08-06,5560.0,0.0,21.1,3890.0,0.0,44.0,0.0
2001-08-07,5490.0,0.0,21.9,3890.0,0.0,42.0,0.0
2001-08-08,5430.0,0.0,21.4,3880.0,0.0,41.0,0.0
2001-08-09,5400.0,0.0,24.9,3870.0,0.0,40.0,0.0
2001-08-10,5450.0,0.0,25.3,3870.0,0.0,39.0,0.0
2001-08-11,5440.0,0.0,22.9,3880.0,0.0,38.0,0.0
2001-08-12,5530.0,0.0,24.4,3890.0,0.0,38.0,0.0
2001-08-13,5540.0,0.0,23.1,3900.0,0.0,37.0,0.0
2001-08-14,5520.0,0.0,21.9,4150.0,0.0,36.0,0.0
2001-08-15,5490.0,0.0,21.5,4200.0,0.0,36.0,0.0
2001-08-16,5510.0,0.0,19.4,4150.0,0.0,36.0,0.0
2001-08-17,5500.0,0.0,19.1,4150.0,0.0,36.0,0.0
2001-08-18,5500.0,0.0,19.2,4150.0,0.0,35.0,0.0
2001-08-19,5540.0,0.0,18.1,4150.0,0.0,35.0,0.0
2001-08-20,5550.0,0.0,18.1,4100.0,0.0,34.0,0.0
2001-08-21,5530.0,0.0,17.4,4100.0,0.0,34.0,0.0
2001-08-22,5680.0,14.4,17.7,3860.0,10.9,37.0,11.7
2001-08-23,5830.0,15.9,16.4,3940.0,9.5,63.0,16.0
2001-08-24,5980.0,0.0,16.7,4120.0,0.0,57.0,0.0
2001-08-25,5990.0,0.0,17.7,4080.0,0.0,42.0,0.0
2001-08-26,5870.0,0.0,19.3,4000.0,0.0,39.0,0.0
2001-08-27,5800.0,0.0,19.2,3970.0,0.0,37.0,0.0
2001-08-28,5710.0,0.0,20.2,3870.0,0.0,36.0,0.0
2001-08-29,5600.0,0.0,20.2,3780.0,0.0,35.0,0.0
2001-08-30,5600.0,0.0,20.6,3860.0,0.0,34.0,0.0
2001-08-31,5640.0,0.4,19.7,3870.0,0.0,34.0,0.0
2001-09-01,5650.0,0.0,18.9,3890.0,0.0,33.0,0.0
2001-09-02,5690.0,0.0,17.6,3900.0,0.0,33.0,0.0
2001-09-03,5720.0,0.0,17.2,3900.0,0.0,32.0,0.0
2001-09-04,5680.0,0.0,18.1,3870.0,0.0,32.0,0.0
2001-09-05,5700.0,0.0,15.5,3860.0,0.1,32.0,0.0
2001-09-06,5680.0,0.0,14.4,3860.0,0.0,32.0,0.0
2001-09-07,5720.0,0.0,15.8,3930.0,0.0,32.0,0.0
2001-09-08,5810.0,0.0,19.0,4020.0,0.0,31.0,0.0
2001-09-09,5820.0,0.0,21.1,4020.0,0.0,30.0,0.0
2001-09-10,5870.0,0.0,21.0,4080.0,0.0,30.0,0.0
2001-09-11,5860.0,0.0,20.8,4040.0,0.0,29.0,0.0
2001-09-12,5820.0,0.0,22.1,4000.0,0.0,29.0,0.0
2001-09-13,5840.0,0.0,21.8,4030.0,0.0,29.0,0.0
2001-09-14,5840.0,0.0,21.8,4050.0,0.0,28.0,0.0
2001-09-15,5910.0,0.0,22.3,4140.0,0.2,29.0,0.0
2001-09-16,5960.0,0.0,20.1,4160.0,0.0,29.0,0.0
2001-09-17,5970.0,0.0,17.3,4150.0,0.0,29.0,0.0
2001-09-18,5940.0,0.0,16.9,4100.0,0.0,28.0,0.0
2001-09-19,5890.0,0.0,16.0,4350.0,0.0,28.0,0.0
2001-09-20,6360.0,0.0,16.6,5090.0,0.0,28.0,0.0
2001-09-21,6520.0,0.0,16.5,5160.0,0.0,28.0,0.0
2001-09-22,6520.0,0.0,18.9,5120.0,0.0,27.0,0.0
2001-09-23,6490.0,0.0,20.4,5080.0,0.0,27.0,0.0
2001-09-24,6500.0,0.0,20.3,5100.0,0.0,27.0,0.0
2001-09-25,6510.0,8.4,16.9,5100.0,10.2,30.0,7.7
2001-09-26,6690.0,7.6,13.7,5290.0,7.3,48.0,6.7
2001-09-27,6830.0,0.0,11.9,5350.0,0.0,54.0,0.0
2001-09-28,6830.0,0.0,13.2,5340.0,0.0,41.0,0.0
2001-09-29,6800.0,0.0,15.2,5300.0,0.0,35.0,0.0
2001-09-30,6750.0,0.0,17.8,5320.0,0.0,33.0,0.0
2001-10-01,6780.0,0.0,19.3,5330.0,0.0,31.1,0.0
2001-10-02,6730.0,0.0,18.1,5270.0,0.0,30.9,0.0
2001-10-03,6670.0,0.0,16.1,5140.0,0.0,29.8,0.0
2001-10-04,6540.0,0.0,17.4,5070.0,0.0,29.7,0.0
2001-10-05,6530.0,0.0,16.6,5050.0,0.0,29.2,0.0
2001-10-06,6520.0,0.0,14.8,5050.0,0.0,29.2,0.0
2001-10-07,6540.0,0.0,12.3,5070.0,0.0,29.3,0.0
2001-10-08,6580.0,1.0,13.7,5120.0,1.9,31.7,1.9
2001-10-09,6620.0,0.0,10.7,5130.0,0.0,31.9,0.0
2001-10-10,6670.0,6.1,10.1,5160.0,4.2,39.7,5.8
2001-10-11,6860.0,2.6,11.7,5320.0,6.4,155.0,3.2
2001-10-12,7620.0,0.0,11.0,5630.0,0.0,91.1,0.0
2001-10-13,7310.0,1.0,13.4,5400.0,0.0,70.4,1.1
2001-10-14,7000.0,0.0,14.1,5270.0,0.0,66.0,0.0
2001-10-15,6810.0,0.0,13.0,5170.0,0.0,65.0,0.0
2001-10-16,6750.0,1.6,13.4,5100.0,0.8,58.4,1.7
2001-10-17,6640.0,0.1,8.7,4980.0,0.0,55.0,0.1
2001-10-18,6590.0,0.0,9.4,4990.0,0.0,51.3,0.0
2001-10-19,6600.0,0.0,11.1,5020.0,0.0,47.5,0.0
2001-10-20,6630.0,0.0,12.0,5110.0,0.0,45.1,0.0
2001-10-21,6810.0,0.3,9.1,5340.0,0.0,44.6,0.2
2001-10-22,6950.0,12.9,11.8,5290.0,24.4,407.0,16.2
2001-10-23,8640.0,3.4,9.9,5690.0,10.6,1460.0,6.1
2001-10-24,11200.0,0.0,7.4,7080.0,0.0,705.0,0.1
2001-10-25,10200.0,0.0,12.4,6410.0,0.0,363.0,0.0
2001-10-26,9220.0,0.0,11.2,6000.0,0.0,263.0,0.0
2001-10-27,8750.0,7.4,10.7,5800.0,2.7,209.0,6.1
2001-10-28,8150.0,1.7,5.4,5660.0,2.8,202.0,2.3
2001-10-29,7890.0,2.1,7.3,5570.0,3.7,173.0,2.6
2001-10-30,8240.0,21.5,10.1,5760.0,23.2,734.0,20.5
2001-10-31,9990.0,7.3,11.7,5950.0,8.6,2050.0,7.3
2001-11-01,13200.0,8.4,10.5,6920.0,7.8,1500.0,8.9
2001-11-02,12700.0,4.2,12.5,6840.0,1.4,1120.0,2.8
2001-11-03,11100.0,0.0,10.9,6200.0,0.0,713.0,0.0
2001-11-04,9640.0,0.0,10.8,5850.0,0.0,489.0,0.0
2001-11-05,9000.0,4.0,10.6,5650.0,2.4,426.0,3.4
2001-11-06,8660.0,0.0,7.7,5550.0,0.0,358.0,0.0
2001-11-07,8400.0,0.0,6.2,5450.0,0.0,293.0,0.0
2001-11-08,8010.0,0.0,6.9,5350.0,0.0,246.0,0.0
2001-11-09,7740.0,0.0,7.8,5180.0,0.0,211.0,0.0
2001-11-10,7350.0,0.0,9.2,4980.0,0.0,183.0,0.0
2001-11-11,7320.0,0.0,8.7,4790.0,2.0,164.0,0.0
2001-11-12,7270.0,10.1,10.0,4860.0,13.5,168.0,9.9
2001-11-13,7620.0,3.7,10.6,4930.0,4.1,642.0,2.6
2001-11-14,10700.0,17.1,14.0,5130.0,7.6,2660.0,10.5
2001-11-15,13400.0,7.6,14.6,6110.0,8.6,1040.0,6.8
2001-11-16,13200.0,6.0,10.6,6000.0,10.7,1040.0,8.7
2001-11-17,13800.0,6.3,7.7,6550.0,5.4,989.0,5.8
2001-11-18,15200.0,0.0,6.2,7900.0,0.0,764.0,0.0
2001-11-19,14900.0,5.2,9.3,7510.0,4.9,637.0,2.9
2001-11-20,14400.0,9.6,11.3,6770.0,9.4,702.0,9.0
2001-11-21,16500.0,16.9,9.5,7000.0,21.2,877.0,20.0
2001-11-22,21500.0,30.9,9.4,9470.0,36.4,3110.0,32.0
2001-11-23,43600.0,2.5,7.4,20200.0,3.6,3190.0,2.5
2001-11-24,45300.0,8.5,6.7,22000.0,11.9,1620.0,7.9
2001-11-25,36800.0,11.3,5.6,19300.0,12.0,1180.0,12.1
2001-11-26,34700.0,0.4,5.4,19400.0,1.9,1010.0,0.6
2001-11-27,32700.0,0.0,3.3,18100.0,0.1,832.0,0.0
2001-11-28,31400.0,31.8,5.4,16500.0,32.3,1940.0,30.7
2001-11-29,47700.0,18.8,7.1,24800.0,19.9,3570.0,18.6
2001-11-30,61600.0,16.3,5.2,33300.0,13.3,2070.0,14.6
2001-12-01,64300.0,25.3,7.3,34300.0,30.2,2320.0,25.4
2001-12-02,75000.0,9.1,5.9,38700.0,6.9,2320.0,6.7
2001-12-03,76500.0,5.8,5.7,39100.0,8.2,1700.0,8.0
2001-12-04,68100.0,17.8,4.3,31700.0,16.6,1330.0,18.2
2001-12-05,66700.0,18.5,4.0,32800.0,25.2,1140.0,19.8
2001-12-06,68400.0,11.4,7.9,35100.0,15.1,3060.0,11.6
2001-12-07,73900.0,0.9,8.0,38100.0,1.8,3210.0,0.8
2001-12-08,75000.0,1.8,6.4,40100.0,1.0,1910.0,1.1
2001-12-09,65600.0,6.0,5.1,34500.0,5.6,1560.0,7.1
2001-12-10,55400.0,7.7,3.8,28900.0,7.9,1240.0,8.7
2001-12-11,45300.0,4.4,4.8,24400.0,5.1,1140.0,4.2
2001-12-12,39400.0,3.1,4.7,21700.0,2.6,1120.0,2.7
2001-12-13,40300.0,20.5,8.6,22500.0,16.1,4510.0,16.4
2001-12-14,65600.0,15.5,6.4,34800.0,25.4,5210.0,18.4
2001-12-15,82100.0,5.9,4.4,49100.0,9.0,2340.0,7.8
2001-12-16,82900.0,5.0,9.5,45900.0,3.9,4360.0,3.9
2001-12-17,85500.0,13.0,6.7,44900.0,16.9,3850.0,13.9
2001-12-18,85800.0,15.0,5.5,48000.0,17.7,2160.0,14.2
2001-12-19,82300.0,3.1,4.8,49700.0,7.3,1590.0,4.1
2001-12-20,79100.0,14.4,5.2,49100.0,14.6,1340.0,15.3
2001-12-21,75900.0,0.0,3.1,45900.0,0.0,1080.0,0.0
2001-12-22,70200.0,3.3,2.4,41700.0,4.4,884.0,3.2
2001-12-23,64200.0,0.0,2.1,36700.0,0.1,738.0,0.0
2001-12-24,55300.0,0.0,1.8,30200.0,0.0,637.0,0.0
2001-12-25,45200.0,0.0,1.4,23600.0,0.0,558.0,0.0
2001-12-26,38000.0,0.0,1.4,19800.0,0.0,496.0,0.0
2001-12-27,32600.0,0.3,3.7,17100.0,1.7,455.0,0.7
2001-12-28,30000.0,10.2,7.1,15400.0,7.2,620.0,9.2
2001-12-29,30200.0,0.3,3.8,14700.0,1.8,635.0,0.8
2001-12-30,28000.0,0.1,4.4,14000.0,0.0,572.0,0.4
2001-12-31,25700.0,7.1,6.8,14300.0,10.0,703.0,7.0
2002-01-01,27000.0,13.8,5.7,17200.0,12.8,842.0,12.7
2002-01-02,31300.0,3.8,8.0,19500.0,2.8,1300.0,4.1
2002-01-03,33000.0,0.0,6.7,20400.0,2.9,1310.0,0.0
2002-01-04,33800.0,0.0,4.7,20200.0,0.0,987.0,0.0
2002-01-05,30900.0,0.8,6.4,18200.0,0.4,787.0,0.8
2002-01-06,32900.0,14.2,10.0,19400.0,20.5,1430.0,12.0
2002-01-07,46700.0,15.5,13.2,26600.0,6.3,2290.0,7.9
2002-01-08,57900.0,22.5,11.3,31200.0,15.4,3160.0,19.7
2002-01-09,62600.0,0.2,7.9,35900.0,0.2,1890.0,0.2
2002-01-10,57100.0,0.1,5.9,32400.0,0.2,1240.0,0.1
2002-01-11,49900.0,0.0,7.5,27000.0,0.0,940.0,0.0
2002-01-12,45100.0,5.3,7.9,24300.0,4.5,1150.0,4.3
2002-01-13,43400.0,0.0,4.6,22800.0,0.0,1250.0,0.0
2002-01-14,41300.0,0.9,3.6,21800.0,3.9,919.0,1.5
2002-01-15,38600.0,0.0,1.2,20000.0,0.0,724.0,0.0
2002-01-16,34700.0,0.4,1.4,18500.0,0.2,614.0,0.4
2002-01-17,32400.0,3.5,2.7,17400.0,4.2,539.0,3.9
2002-01-18,30800.0,2.1,3.3,16400.0,1.1,492.0,1.9
2002-01-19,29800.0,8.2,5.1,15900.0,10.2,601.0,9.3
2002-01-20,33700.0,26.8,4.9,18300.0,24.8,1010.0,28.7
2002-01-21,53300.0,18.5,4.8,29700.0,30.1,1780.0,23.9
2002-01-22,72500.0,5.2,2.9,45500.0,11.1,1090.0,7.7
2002-01-23,71200.0,1.2,2.5,43200.0,4.3,832.0,2.3
2002-01-24,58700.0,10.7,5.3,34200.0,3.3,784.0,10.5
2002-01-25,62000.0,48.5,6.5,33500.0,44.9,2170.0,49.0
2002-01-26,81500.0,7.9,3.1,45900.0,11.0,1760.0,9.1
2002-01-27,86100.0,1.5,2.2,52900.0,7.3,1170.0,1.5
2002-01-28,76200.0,0.1,1.1,43800.0,1.9,876.0,0.2
2002-01-29,58600.0,0.0,0.1,33500.0,0.0,704.0,0.0
2002-01-30,45700.0,0.0,2.3,26500.0,0.0,597.0,0.0
2002-01-31,38100.0,8.5,5.0,22200.0,7.7,564.0,7.3
2002-02-01,36200.0,4.0,4.6,21500.0,13.1,570.0,7.2
2002-02-02,36200.0,0.0,4.2,22100.0,0.0,525.0,0.0
2002-02-03,32200.0,4.3,7.4,19500.0,5.2,564.0,3.0
2002-02-04,29500.0,0.0,3.3,17600.0,0.0,602.0,0.0
2002-02-05,26400.0,3.8,2.3,15600.0,3.7,585.0,3.6
2002-02-06,24400.0,3.6,4.6,14500.0,2.3,613.0,2.1
2002-02-07,27300.0,25.3,6.5,15900.0,30.2,1230.0,26.3
2002-02-08,47400.0,24.4,4.9,27900.0,23.9,1540.0,24.6
2002-02-09,52300.0,0.0,3.4,31300.0,0.0,1190.0,0.0
2002-02-10,43400.0,0.0,5.3,24400.0,0.0,942.0,0.0
2002-02-11,35400.0,2.7,4.8,20000.0,1.9,904.0,3.0
2002-02-12,30400.0,0.0,3.7,17600.0,0.0,779.0,0.0
2002-02-13,26700.0,0.0,4.4,15900.0,0.0,672.0,0.0
2002-02-14,23900.0,0.0,4.1,14500.0,0.0,602.0,0.0
2002-02-15,21500.0,0.0,5.5,13100.0,0.0,572.0,0.0
2002-02-16,19800.0,1.4,5.9,12200.0,2.9,593.0,1.8
2002-02-17,19100.0,0.0,6.0,11900.0,1.3,630.0,0.2
2002-02-18,18100.0,2.3,8.1,11300.0,1.1,634.0,2.1
2002-02-19,17700.0,10.9,9.0,10900.0,10.3,809.0,8.8
2002-02-20,18500.0,0.0,7.5,11500.0,0.2,951.0,0.0
2002-02-21,19800.0,5.6,12.5,12300.0,6.5,1440.0,6.4
2002-02-22,21200.0,0.0,13.1,12100.0,0.0,1900.0,0.0
2002-02-23,27300.0,15.1,10.4,14200.0,12.1,2590.0,14.7
2002-02-24,32900.0,0.3,6.2,17200.0,0.2,2330.0,0.3
2002-02-25,28400.0,0.0,4.5,15100.0,0.0,1430.0,0.0
2002-02-26,23500.0,0.0,4.9,13100.0,0.0,1020.0,0.0
2002-02-27,20300.0,0.0,5.1,11600.0,0.0,809.0,0.0
2002-02-28,18300.0,0.0,5.6,10500.0,0.0,683.0,0.1
2002-03-01,17000.0,0.0,3.6,9860.0,0.0,592.0,0.0
2002-03-02,15900.0,0.0,3.9,9330.0,0.0,520.0,0.0
2002-03-03,14600.0,0.0,5.2,8760.0,0.0,470.0,0.0
2002-03-04,13700.0,0.0,6.7,8390.0,0.0,438.0,0.0
2002-03-05,13200.0,2.0,8.6,8190.0,2.2,455.0,2.0
2002-03-06,15700.0,25.6,7.1,9630.0,34.0,1700.0,27.7
2002-03-07,29700.0,3.7,2.7,15400.0,5.9,1650.0,4.3
2002-03-08,29300.0,2.7,2.0,16000.0,3.4,1030.0,2.9
2002-03-09,24900.0,0.8,3.4,13100.0,2.2,797.0,1.1
2002-03-10,22500.0,10.1,6.9,12000.0,9.0,713.0,7.9
2002-03-11,24500.0,17.6,9.6,12600.0,14.5,2160.0,16.7
2002-03-12,43300.0,13.5,7.8,20100.0,22.9,3700.0,17.9
2002-03-13,55200.0,7.2,5.1,28600.0,15.1,1870.0,8.4
2002-03-14,54300.0,2.3,4.9,27900.0,3.6,1380.0,2.3
2002-03-15,47100.0,5.5,4.3,24500.0,7.6,1110.0,4.2
2002-03-16,42000.0,3.8,2.7,22200.0,9.2,931.0,4.6
2002-03-17,39600.0,1.5,2.0,21500.0,6.5,779.0,3.2
2002-03-18,35600.0,1.0,2.4,18900.0,0.7,675.0,0.7
2002-03-19,33700.0,16.8,6.4,17400.0,3.8,918.0,11.0
2002-03-20,34200.0,0.0,8.4,16500.0,0.0,968.0,0.1
2002-03-21,29800.0,0.0,8.7,15500.0,0.0,966.0,0.0
2002-03-22,27800.0,0.0,7.1,15100.0,0.3,870.0,0.0
2002-03-23,26100.0,0.2,8.9,15000.0,6.9,834.0,0.1
2002-03-24,28400.0,6.7,8.7,16900.0,5.4,1080.0,7.9
2002-03-25,30400.0,0.0,7.8,18200.0,0.0,1000.0,0.0
2002-03-26,28400.0,0.0,7.7,17200.0,0.0,886.0,0.0
2002-03-27,25800.0,0.0,7.5,15400.0,0.0,892.0,0.0
2002-03-28,23300.0,0.0,7.8,13900.0,0.0,795.0,0.0
2002-03-29,21300.0,0.0,7.4,12900.0,0.0,710.0,0.0
2002-03-30,19900.0,0.0,7.9,12000.0,0.0,688.0,0.0
2002-03-31,20200.0,0.0,8.4,12300.0,0.0,727.0,0.0
2002-04-01,20800.0,0.0,9.6,12700.0,0.0,801.0,0.0
2002-04-02,20600.0,0.0,9.6,12500.0,0.0,829.0,0.0
2002-04-03,20500.0,0.0,10.7,12000.0,0.0,892.0,0.0
2002-04-04,20500.0,0.0,12.2,12000.0,0.0,1030.0,0.0
2002-04-05,21000.0,7.9,11.9,12100.0,7.5,1250.0,7.3
2002-04-06,21500.0,0.6,10.3,12300.0,0.4,1130.0,0.4
2002-04-07,21200.0,0.0,10.0,11600.0,0.7,1100.0,0.5
2002-04-08,21100.0,0.0,9.2,11400.0,0.0,1000.0,0.0
2002-04-09,21200.0,7.2,12.0,11300.0,10.7,1290.0,8.2
2002-04-10,25300.0,18.2,11.1,12000.0,10.5,2790.0,16.5
2002-04-11,34900.0,6.6,11.6,15300.0,7.1,2240.0,6.8
2002-04-12,36500.0,0.7,12.7,15400.0,0.0,2290.0,0.0
2002-04-13,36900.0,7.7,13.8,15100.0,16.7,2480.0,9.1
2002-04-14,45400.0,16.3,10.9,18100.0,17.1,6320.0,16.3
2002-04-15,61800.0,4.5,6.7,29900.0,5.0,2180.0,5.3
2002-04-16,64100.0,8.6,6.1,33700.0,11.6,1500.0,9.1
2002-04-17,61600.0,2.4,6.1,30700.0,5.6,1250.0,3.8
2002-04-18,57000.0,1.8,6.3,27700.0,2.1,1060.0,2.2
2002-04-19,49400.0,0.0,8.4,25500.0,0.0,926.0,0.0
2002-04-20,40800.0,0.0,7.9,22000.0,0.0,823.0,0.0
2002-04-21,31900.0,0.0,8.7,18600.0,0.0,757.0,0.0
2002-04-22,26900.0,0.0,9.3,16400.0,0.0,706.0,0.0
2002-04-23,23200.0,0.0,8.4,14600.0,0.0,689.0,0.0
2002-04-24,20700.0,0.0,10.1,13100.0,0.0,644.0,0.0
2002-04-25,19000.0,0.0,12.2,11900.0,0.0,623.0,0.0
2002-04-26,17700.0,1.2,8.8,11200.0,0.2,656.0,0.8
2002-04-27,17400.0,5.6,7.9,10800.0,5.5,703.0,6.4
2002-04-28,17200.0,0.0,9.4,10500.0,0.0,631.0,0.0
2002-04-29,16200.0,0.0,12.2,9880.0,0.0,602.0,0.0
2002-04-30,15500.0,0.0,11.7,9590.0,0.0,667.0,0.0
2002-05-01,15500.0,0.0,11.4,9440.0,0.0,662.0,0.0
2002-05-02,15300.0,0.1,10.7,9260.0,0.0,685.0,0.0
2002-05-03,15700.0,0.0,9.2,9180.0,0.0,733.0,0.0
2002-05-04,15800.0,0.0,8.7,9150.0,0.0,658.0,0.0
2002-05-05,15800.0,1.9,9.6,8970.0,0.5,603.0,1.6
2002-05-06,15500.0,1.4,7.9,8790.0,0.7,666.0,1.6
2002-05-07,15500.0,0.3,6.8,8850.0,0.0,598.0,0.1
2002-05-08,16600.0,0.0,7.8,9620.0,0.0,517.0,0.0
2002-05-09,16100.0,0.0,9.5,9560.0,0.1,476.0,0.0
2002-05-10,15000.0,0.0,8.6,8820.0,0.0,441.0,0.0
2002-05-11,15400.0,0.0,10.3,9590.0,0.0,416.0,0.0
2002-05-12,15300.0,0.0,14.9,9220.0,0.0,454.0,0.0
2002-05-13,15200.0,2.0,13.4,9120.0,0.8,645.0,1.2
2002-05-14,15500.0,0.2,10.9,9230.0,0.0,650.0,0.1
2002-05-15,15800.0,0.0,10.5,9310.0,0.0,604.0,0.0
2002-05-16,15800.0,0.0,12.4,9220.0,0.0,555.0,0.0
2002-05-17,15300.0,2.9,13.2,9310.0,3.5,573.0,3.3
2002-05-18,15100.0,0.0,13.3,9320.0,0.0,626.0,0.0
2002-05-19,15400.0,9.1,12.2,9480.0,1.8,631.0,8.4
2002-05-20,15700.0,3.4,12.0,9720.0,10.1,617.0,4.7
2002-05-21,15800.0,3.3,10.5,9610.0,8.2,592.0,3.4
2002-05-22,15900.0,0.3,10.7,9640.0,3.8,691.0,0.3
2002-05-23,16000.0,0.0,11.9,9730.0,0.0,651.0,0.0
2002-05-24,15600.0,0.0,13.5,9370.0,0.0,598.0,0.0
2002-05-25,15200.0,0.7,16.2,9150.0,0.1,618.0,0.4
2002-05-26,15000.0,0.0,16.3,9040.0,0.1,718.0,0.2
2002-05-27,15100.0,0.1,16.6,9150.0,0.8,759.0,0.2
2002-05-28,16000.0,8.0,15.5,9300.0,8.3,814.0,8.2
2002-05-29,16600.0,9.7,16.0,9780.0,9.4,1370.0,9.4
2002-05-30,18400.0,0.0,15.5,10300.0,0.0,1060.0,0.0
2002-05-31,17600.0,0.0,14.0,9930.0,0.0,841.0,0.0
2002-06-01,16100.0,0.0,15.4,8690.0,0.0,724.0,0.0
2002-06-02,14800.0,0.0,13.9,8120.0,0.0,639.0,0.0
2002-06-03,14400.0,0.0,14.8,7800.0,0.0,580.0,0.0
2002-06-04,13700.0,0.1,16.8,7740.0,0.0,560.0,0.0
2002-06-05,13400.0,1.6,17.1,7740.0,1.5,586.0,2.4
2002-06-06,13200.0,0.0,13.5,7640.0,0.0,577.0,0.0
2002-06-07,12800.0,0.0,12.3,7590.0,0.0,477.0,0.0
2002-06-08,12800.0,0.5,10.8,7700.0,1.1,407.0,0.4
2002-06-09,13100.0,3.3,12.5,7700.0,0.7,376.0,3.8
2002-06-10,12500.0,0.1,14.6,7530.0,0.0,341.0,0.0
2002-06-11,12600.0,0.0,17.4,7320.0,0.0,373.0,0.0
2002-06-12,12900.0,0.0,21.9,7140.0,0.0,431.0,0.0
2002-06-13,12600.0,0.0,22.8,7010.0,0.0,484.0,0.0
2002-06-14,11100.0,0.0,18.9,6730.0,0.0,507.0,0.0
2002-06-15,10200.0,0.0,17.0,6320.0,0.0,447.0,0.0
2002-06-16,9990.0,0.0,16.6,5930.0,0.0,401.0,0.0
2002-06-17,9720.0,4.0,14.6,5650.0,5.8,378.0,3.7
2002-06-18,10100.0,4.9,13.9,5540.0,8.3,907.0,6.3
2002-06-19,11200.0,0.0,14.3,5730.0,0.0,656.0,0.0
2002-06-20,10800.0,0.0,17.1,5980.0,0.0,496.0,0.0
2002-06-21,10000.0,0.0,19.9,5800.0,0.0,438.0,0.0
2002-06-22,9210.0,0.0,19.1,5570.0,0.0,408.0,0.0
2002-06-23,8910.0,0.0,17.3,5410.0,0.0,363.0,0.0
2002-06-24,8690.0,0.0,18.0,5260.0,0.0,320.0,0.0
2002-06-25,8390.0,0.0,21.5,5120.0,0.0,290.0,0.0
2002-06-26,8280.0,0.0,23.7,5090.0,0.0,280.0,0.0
2002-06-27,8140.0,0.0,20.2,5110.0,0.0,266.0,0.0
2002-06-28,8260.0,2.6,17.1,5170.0,3.7,245.0,1.9
2002-06-29,8600.0,12.7,16.3,5240.0,12.2,643.0,13.1
2002-06-30,9230.0,0.0,16.4,5240.0,0.0,550.0,0.0
2002-07-01,8700.0,0.0,17.0,5190.0,0.0,396.0,0.0
2002-07-02,8100.0,0.0,17.4,5040.0,0.0,323.0,0.0
2002-07-03,7550.0,0.0,16.9,4820.0,0.0,276.0,0.0
2002-07-04,7300.0,0.0,14.7,4560.0,0.0,242.0,0.0
2002-07-05,7080.0,0.0,17.3,4410.0,0.0,217.0,0.0
2002-07-06,6880.0,0.0,20.2,4280.0,0.0,196.0,0.0
2002-07-07,6800.0,4.2,20.3,4240.0,0.6,184.0,2.4
2002-07-08,6780.0,0.0,19.0,4210.0,0.4,173.0,0.0
2002-07-09,6680.0,0.0,21.5,4190.0,0.0,160.0,0.0
2002-07-10,6630.0,0.0,26.0,4180.0,0.0,154.0,0.0
2002-07-11,6580.0,0.0,25.0,4200.0,0.0,146.0,0.0
2002-07-12,6440.0,0.0,24.4,4200.0,0.0,140.0,0.0
2002-07-13,6610.0,0.0,25.0,4240.0,0.0,137.0,0.0
2002-07-14,6660.0,0.0,20.1,4310.0,0.0,128.0,0.0
2002-07-15,6660.0,0.0,19.6,4370.0,0.0,117.0,0.0
2002-07-16,6620.0,0.0,21.5,4410.0,0.0,109.0,0.0
2002-07-17,6750.0,0.0,20.7,4530.0,0.0,114.0,0.0
2002-07-18,6660.0,0.0,20.3,4630.0,0.0,110.0,0.0
2002-07-19,6740.0,0.0,19.9,4750.0,0.0,106.0,0.0
2002-07-20,6800.0,0.0,20.8,4850.0,0.0,102.0,0.0
2002-07-21,6780.0,0.0,23.3,4890.0,0.0,97.9,0.0
2002-07-22,6790.0,0.0,26.5,4930.0,0.0,93.7,0.0
2002-07-23,6710.0,0.0,24.4,4930.0,0.4,89.7,0.0
2002-07-24,6660.0,0.0,23.4,4900.0,0.0,87.0,0.0
2002-07-25,6610.0,0.0,21.8,4860.0,0.0,84.6,0.0
2002-07-26,6600.0,0.1,20.9,4830.0,0.0,82.0,0.1
2002-07-27,6610.0,0.0,18.4,4820.0,0.0,80.7,0.0
2002-07-28,6630.0,0.0,20.2,4820.0,0.0,76.2,0.0
2002-07-29,6650.0,0.0,21.6,4820.0,0.0,71.6,0.0
2002-07-30,6590.0,0.0,22.3,4800.0,0.0,70.9,0.0
2002-07-31,6600.0,0.0,18.0,4810.0,0.0,69.5,0.0
2002-08-01,6580.0,0.0,20.0,4880.0,0.0,66.9,0.0
2002-08-02,6580.0,0.0,17.8,4910.0,0.0,65.7,0.0
2002-08-03,6550.0,0.0,17.8,4920.0,0.0,64.7,0.0
2002-08-04,6610.0,0.3,16.7,4960.0,0.9,64.4,0.6
2002-08-05,6690.0,0.0,16.7,5020.0,0.1,66.3,0.0
2002-08-06,6700.0,0.3,15.6,5060.0,0.3,66.5,0.5
2002-08-07,6630.0,0.0,17.0,5050.0,0.0,66.2,0.0
2002-08-08,6600.0,0.0,18.8,5020.0,0.0,62.7,0.0
2002-08-09,6540.0,0.0,21.5,4980.0,0.0,60.1,0.0
2002-08-10,6540.0,0.0,22.6,4970.0,0.0,58.8,0.0
2002-08-11,6640.0,0.0,20.7,5050.0,0.0,57.4,0.0
2002-08-12,6680.0,0.0,23.8,5110.0,0.0,55.8,0.0
2002-08-13,6650.0,0.0,27.8,5160.0,0.0,52.3,0.0
2002-08-14,6530.0,0.0,27.5,5150.0,0.0,50.9,0.0
2002-08-15,6470.0,0.0,22.1,5130.0,0.0,50.0,0.0
2002-08-16,6440.0,0.0,20.9,5100.0,0.0,49.1,0.0
2002-08-17,6450.0,0.0,22.8,5110.0,0.0,48.5,0.0
2002-08-18,6460.0,0.0,19.0,5100.0,0.0,47.9,0.0
2002-08-19,6460.0,0.0,19.3,5100.0,0.0,47.9,0.0
2002-08-20,6470.0,0.4,18.0,5120.0,0.1,48.6,0.2
2002-08-21,6630.0,0.0,16.2,5240.0,0.0,54.1,0.0
2002-08-22,6780.0,0.0,18.4,5400.0,0.0,50.8,0.0
2002-08-23,6800.0,0.0,21.5,5440.0,0.0,48.9,0.0
2002-08-24,6710.0,0.0,20.9,5420.0,0.0,47.6,0.0
2002-08-25,6680.0,0.0,20.1,5390.0,0.0,46.7,0.0
2002-08-26,6710.0,0.0,19.3,5390.0,0.0,47.0,0.0
2002-08-27,6690.0,0.0,20.3,5380.0,0.0,46.1,0.0
2002-08-28,6640.0,0.0,24.9,5350.0,0.0,45.2,0.0
2002-08-29,6600.0,0.0,23.9,5320.0,0.0,44.1,0.0
2002-08-30,6540.0,0.0,18.2,5250.0,0.0,43.1,0.0
2002-08-31,6530.0,0.0,19.2,5220.0,0.0,42.9,0.0
2002-09-01,6580.0,0.0,20.6,5230.0,0.0,42.8,0.0
2002-09-02,6610.0,0.0,21.2,5230.0,0.0,42.6,0.0
2002-09-03,6590.0,0.0,19.5,5230.0,0.0,42.2,0.0
2002-09-04,6560.0,0.0,16.2,5200.0,0.0,42.0,0.0
2002-09-05,6830.0,0.0,15.9,5190.0,0.0,41.6,0.0
2002-09-06,7020.0,0.0,16.1,5230.0,0.3,41.6,0.0
2002-09-07,7080.0,0.8,14.8,5260.0,0.1,41.1,0.1
2002-09-08,7050.0,0.2,15.7,5230.0,0.0,41.1,0.0
2002-09-09,7110.0,0.0,18.0,5240.0,0.0,41.1,0.0
2002-09-10,7110.0,0.0,19.9,5250.0,0.0,40.4,0.0
2002-09-11,7070.0,0.0,20.8,5240.0,0.0,40.0,0.0
2002-09-12,7050.0,0.0,21.8,5230.0,0.0,40.0,0.0
2002-09-13,7150.0,0.0,22.0,5250.0,0.0,40.0,0.0
2002-09-14,7150.0,0.0,21.5,5250.0,0.0,39.4,0.0
2002-09-15,7180.0,0.0,18.6,5260.0,0.0,41.5,0.0
2002-09-16,7290.0,1.7,16.8,5330.0,0.3,47.9,0.6
2002-09-17,7480.0,23.9,15.4,5420.0,24.0,65.9,20.1
2002-09-18,7770.0,0.0,14.7,5700.0,1.1,86.3,0.0
2002-09-19,8040.0,0.0,16.6,6000.0,0.0,69.8,0.0
2002-09-20,7820.0,0.0,17.1,5970.0,0.0,63.8,0.0
2002-09-21,7460.0,0.0,17.2,5680.0,0.0,60.1,0.0
2002-09-22,7260.0,0.0,18.1,5410.0,0.0,58.1,0.0
2002-09-23,7310.0,0.0,19.4,5360.0,0.0,56.9,0.0
2002-09-24,7340.0,0.0,18.7,5390.0,0.0,56.0,0.0
2002-09-25,7340.0,0.0,19.1,5430.0,0.0,55.3,0.0
2002-09-26,7440.0,0.0,18.7,5550.0,0.0,55.0,0.0
2002-09-27,7570.0,0.0,17.2,5660.0,0.0,54.8,0.0
2002-09-28,7620.0,0.0,17.3,5730.0,0.0,54.4,0.0
2002-09-29,7710.0,4.5,15.3,5800.0,2.8,56.9,3.2
2002-09-30,7920.0,0.3,11.9,5910.0,4.3,105.0,1.8
2002-10-01,8170.0,0.0,10.8,6060.0,0.0,130.0,0.0
2002-10-02,8630.0,0.0,11.3,6230.0,0.0,88.2,0.0
2002-10-03,9140.0,6.1,11.7,6490.0,3.9,83.1,5.9
2002-10-04,9590.0,1.0,13.6,6870.0,0.4,110.0,0.9
2002-10-05,9550.0,0.4,13.8,7050.0,0.0,97.7,0.2
2002-10-06,9220.0,0.0,15.1,6870.0,0.0,86.0,0.0
2002-10-07,9000.0,0.0,14.7,6670.0,0.0,78.7,0.0
2002-10-08,8880.0,0.0,14.3,6520.0,0.0,73.9,0.0
2002-10-09,8760.0,0.0,14.0,6380.0,0.0,70.4,0.0
2002-10-10,8510.0,0.1,11.5,6180.0,0.2,68.0,0.2
2002-10-11,8420.0,0.0,9.4,6000.0,0.0,66.8,0.0
2002-10-12,8260.0,0.0,10.7,5880.0,0.0,64.9,0.0
2002-10-13,8110.0,0.0,12.7,5730.0,0.0,63.3,0.0
2002-10-14,8010.0,0.0,12.9,5620.0,0.0,63.0,0.0
2002-10-15,7890.0,0.0,13.6,5500.0,0.0,61.1,0.0
2002-10-16,8240.0,0.0,14.7,5400.0,0.0,60.0,0.0
2002-10-17,8620.0,0.0,15.3,5520.0,0.0,59.2,0.0
2002-10-18,8900.0,0.0,13.3,5730.0,0.0,59.0,0.0
2002-10-19,8720.0,0.0,14.2,5870.0,0.0,59.0,0.0
2002-10-20,8690.0,0.0,13.8,5920.0,0.0,59.2,0.0
2002-10-21,8750.0,0.0,13.3,5960.0,0.0,59.9,0.0
2002-10-22,8840.0,0.0,12.6,6020.0,0.0,59.9,0.0
2002-10-23,8650.0,0.0,13.2,6060.0,0.0,59.0,0.0
2002-10-24,8830.0,0.0,10.9,6100.0,0.0,58.3,0.0
2002-10-25,8790.0,0.0,9.2,6100.0,0.0,57.9,0.0
2002-10-26,8510.0,0.0,8.5,6100.0,0.0,58.0,0.0
2002-10-27,8360.0,0.8,7.6,6060.0,0.0,58.7,0.5
2002-10-28,8260.0,0.0,10.1,5960.0,0.0,59.7,0.0
2002-10-29,8240.0,0.0,9.1,5900.0,0.0,60.2,0.0
2002-10-30,8080.0,0.0,5.7,5780.0,0.0,59.1,0.0
2002-10-31,7760.0,0.0,4.3,5530.0,0.0,58.0,0.0
2002-11-01,7610.0,0.0,4.7,5350.0,0.0,57.8,0.0
2002-11-02,7490.0,0.0,5.4,5200.0,0.0,57.8,0.0
2002-11-03,7430.0,0.0,6.6,5070.0,0.0,58.1,0.0
2002-11-04,7400.0,0.0,8.6,5000.0,0.0,58.5,0.0
2002-11-05,7370.0,0.0,10.9,4940.0,0.0,59.5,0.0
2002-11-06,7420.0,2.8,9.3,4910.0,1.6,59.0,2.2
2002-11-07,7480.0,3.9,10.7,4910.0,6.8,60.4,3.1
2002-11-08,7900.0,21.9,10.6,5020.0,27.5,96.8,21.3
2002-11-09,9050.0,9.1,9.7,5390.0,22.7,515.0,10.5
2002-11-10,11500.0,2.0,9.7,7540.0,15.4,684.0,1.6
2002-11-11,13500.0,3.6,10.2,9380.0,14.6,731.0,2.1
2002-11-12,14400.0,10.2,10.8,9530.0,11.5,508.0,9.6
2002-11-13,13600.0,2.8,11.1,8600.0,4.3,744.0,2.0
2002-11-14,13500.0,8.2,11.4,7950.0,5.9,765.0,6.4
2002-11-15,13000.0,0.0,8.1,7670.0,0.0,525.0,0.0
2002-11-16,11700.0,4.5,7.8,6930.0,5.9,372.0,4.8
2002-11-17,11300.0,1.6,8.8,6540.0,6.8,690.0,2.0
2002-11-18,12200.0,0.5,8.4,7200.0,0.1,554.0,0.2
2002-11-19,12400.0,4.9,11.5,7030.0,5.3,609.0,4.6
2002-11-20,12600.0,0.0,11.0,6500.0,0.0,538.0,0.0
2002-11-21,11700.0,0.0,11.8,5860.0,0.0,407.0,0.0
2002-11-22,10500.0,0.0,10.1,5290.0,0.0,324.0,0.0
2002-11-23,9890.0,0.1,8.9,5080.0,0.0,267.0,0.1
2002-11-24,9690.0,1.8,8.1,5030.0,3.0,234.0,1.5
2002-11-25,9620.0,0.0,4.9,5050.0,0.0,203.0,0.0
2002-11-26,9370.0,0.0,4.8,4970.0,0.0,179.0,0.0
2002-11-27,8780.0,0.0,5.1,4850.0,0.0,161.0,0.0
2002-11-28,8220.0,0.0,5.9,4770.0,0.0,146.0,0.0
2002-11-29,7730.0,0.0,6.0,4670.0,0.0,135.0,0.0
2002-11-30,7230.0,0.0,5.5,4580.0,0.0,125.0,0.0
2002-12-01,6970.0,0.0,3.4,4430.0,0.0,116.0,0.0
2002-12-02,6760.0,0.0,5.1,4310.0,0.0,108.0,0.0
2002-12-03,6660.0,0.0,4.5,4270.0,0.0,102.0,0.0
2002-12-04,6640.0,1.0,5.1,4300.0,1.0,99.5,0.3
2002-12-05,6460.0,0.0,6.6,4310.0,0.0,104.0,0.0
2002-12-06,6440.0,0.0,5.3,4220.0,0.0,95.9,0.0
2002-12-07,6180.0,0.0,4.7,3930.0,0.0,91.0,0.0
2002-12-08,5920.0,0.0,3.8,3750.0,0.0,87.7,0.0
2002-12-09,5840.0,0.0,3.5,3740.0,0.1,85.1,0.0
2002-12-10,5870.0,15.0,7.3,3760.0,17.4,97.2,14.4
2002-12-11,6340.0,10.3,7.1,3950.0,6.0,366.0,7.7
2002-12-12,8020.0,5.7,12.2,4530.0,4.9,973.0,4.5
2002-12-13,12000.0,24.7,8.4,5930.0,31.2,1070.0,27.3
2002-12-14,16000.0,36.1,11.2,8360.0,34.4,926.0,30.5
2002-12-15,21600.0,5.3,9.0,10700.0,7.8,1270.0,5.6
2002-12-16,35700.0,49.0,7.6,18500.0,55.0,1840.0,52.6
2002-12-17,46400.0,6.2,5.3,24700.0,10.4,1190.0,5.6
2002-12-18,43000.0,0.0,5.6,22300.0,1.7,882.0,0.0
2002-12-19,38000.0,4.1,4.5,19100.0,5.3,767.0,4.2
2002-12-20,32100.0,3.5,5.2,16000.0,3.8,648.0,3.9
2002-12-21,35000.0,16.8,6.0,16200.0,16.9,1070.0,19.2
2002-12-22,36500.0,2.7,4.6,18100.0,3.7,874.0,2.1
2002-12-23,31700.0,0.9,4.0,16700.0,1.1,710.0,0.6
2002-12-24,26000.0,3.4,3.2,13700.0,3.2,604.0,3.0
2002-12-25,22900.0,0.2,6.9,11600.0,0.1,530.0,0.2
2002-12-26,21100.0,8.4,6.8,10500.0,12.3,666.0,9.3
2002-12-27,30900.0,18.7,8.8,16300.0,19.4,1580.0,20.0
2002-12-28,45100.0,12.5,6.0,25900.0,19.8,1380.0,15.1
2002-12-29,52800.0,5.1,5.6,32700.0,9.0,1180.0,6.8
2002-12-30,59200.0,21.7,6.6,35900.0,27.3,1600.0,23.6
2002-12-31,74800.0,26.0,7.3,44500.0,26.4,2400.0,26.2
2003-01-01,83600.0,3.2,7.8,52000.0,2.7,1540.0,2.9
2003-01-02,75500.0,4.4,9.9,44400.0,5.9,1660.0,3.9
2003-01-03,68800.0,12.3,9.9,38900.0,12.8,2330.0,9.9
2003-01-04,71300.0,15.8,10.1,41900.0,17.7,2230.0,15.5
2003-01-05,74800.0,0.0,5.8,42800.0,0.9,2050.0,0.0
2003-01-06,68600.0,0.0,5.1,39100.0,0.0,1260.0,0.0
2003-01-07,58200.0,0.0,5.3,33000.0,0.0,996.0,0.0
2003-01-08,50800.0,0.0,4.0,28700.0,0.0,846.0,0.0
2003-01-09,44900.0,0.0,2.3,24200.0,0.0,732.0,0.0
2003-01-10,39700.0,0.0,4.5,21000.0,0.7,629.0,0.0
2003-01-11,35700.0,2.5,4.9,19000.0,2.9,554.0,1.9
2003-01-12,33500.0,18.0,8.7,18200.0,20.8,896.0,19.3
2003-01-13,39700.0,11.4,9.1,22600.0,13.4,1330.0,12.4
2003-01-14,45600.0,6.8,8.5,25900.0,7.1,1250.0,7.6
2003-01-15,43000.0,0.0,5.2,24500.0,0.0,955.0,0.0
2003-01-16,37400.0,0.0,4.6,20700.0,0.0,756.0,0.0
2003-01-17,31900.0,0.0,5.9,17600.0,0.0,638.0,0.0
2003-01-18,27800.0,0.0,5.6,15600.0,0.0,584.0,0.0
2003-01-19,23700.0,0.0,5.1,13500.0,0.0,552.0,0.0
2003-01-20,20600.0,0.0,4.8,12100.0,0.0,499.0,0.0
2003-01-21,18800.0,0.9,6.1,11000.0,1.4,458.0,1.1
2003-01-22,17600.0,5.6,8.2,10600.0,3.5,475.0,3.1
2003-01-23,18800.0,4.5,11.0,11100.0,5.5,652.0,3.4
2003-01-24,19600.0,4.4,10.0,11600.0,3.1,684.0,4.0
2003-01-25,23900.0,2.9,11.5,13200.0,0.9,1370.0,1.7
2003-01-26,32800.0,15.0,13.3,16600.0,15.9,3100.0,14.5
2003-01-27,46400.0,0.1,10.2,22900.0,1.2,2330.0,0.5
2003-01-28,52200.0,0.0,7.8,30200.0,0.0,1310.0,0.0
2003-01-29,50800.0,7.8,8.0,29200.0,6.9,1240.0,7.4
2003-01-30,59100.0,31.1,10.9,29800.0,38.3,6730.0,30.5
2003-01-31,80100.0,29.2,12.5,40200.0,12.6,6820.0,22.2
2003-02-01,92300.0,13.1,8.2,45600.0,22.2,4370.0,15.2
2003-02-02,90400.0,0.9,8.2,47800.0,1.1,2250.0,1.3
2003-02-03,76300.0,0.1,6.3,42000.0,0.0,1640.0,0.1
2003-02-04,64800.0,0.0,5.7,35500.0,0.0,1250.0,0.0
2003-02-05,55700.0,0.0,3.5,31500.0,0.0,1010.0,0.0
2003-02-06,49600.0,0.0,4.3,28000.0,0.0,846.0,0.0
2003-02-07,44100.0,0.0,3.8,23900.0,0.0,725.0,0.0
2003-02-08,39000.0,0.0,3.2,20000.0,0.0,640.0,0.0
2003-02-09,32800.0,0.0,4.1,17000.0,0.0,568.0,0.0
2003-02-10,28700.0,0.0,4.5,14600.0,0.0,509.0,0.0
2003-02-11,25300.0,0.0,3.7,13200.0,0.0,464.0,0.0
2003-02-12,23000.0,0.0,4.1,11400.0,0.0,425.0,0.0
2003-02-13,19000.0,0.2,5.9,10100.0,0.9,395.0,0.1
2003-02-14,16500.0,0.6,8.9,9200.0,1.6,381.0,1.0
2003-02-15,15100.0,7.3,7.4,8880.0,9.0,365.0,7.5
2003-02-16,14800.0,9.7,7.8,9070.0,18.3,422.0,11.2
2003-02-17,19000.0,17.4,6.8,12400.0,19.7,657.0,15.9
2003-02-18,31700.0,15.2,7.2,18400.0,13.7,901.0,17.8
2003-02-19,33900.0,5.7,8.0,19600.0,6.1,804.0,4.3
2003-02-20,30300.0,1.9,6.9,17500.0,3.0,1030.0,2.0
2003-02-21,28000.0,4.3,9.4,15500.0,2.3,1720.0,4.5
2003-02-22,28100.0,0.3,7.8,14700.0,2.2,1950.0,0.9
2003-02-23,26800.0,0.0,5.2,14300.0,0.0,1350.0,0.0
2003-02-24,23900.0,0.0,3.7,13200.0,0.0,1010.0,0.0
2003-02-25,21200.0,0.0,1.8,12200.0,0.0,823.0,0.0
2003-02-26,19000.0,0.0,3.7,11200.0,0.0,702.0,0.0
2003-02-27,16900.0,0.1,5.5,10200.0,0.0,614.0,0.0
2003-02-28,15500.0,3.3,4.8,9500.0,1.5,558.0,2.9
2003-03-01,14900.0,7.0,6.8,9050.0,5.3,507.0,7.1
2003-03-02,14300.0,0.4,5.9,8770.0,0.1,468.0,0.5
2003-03-03,14200.0,6.5,6.6,8540.0,5.7,527.0,5.7
2003-03-04,14300.0,0.0,4.4,8550.0,0.0,506.0,0.0
2003-03-05,13800.0,1.3,7.4,8310.0,0.4,676.0,0.7
2003-03-06,15500.0,9.5,7.1,8580.0,13.8,2050.0,11.2
2003-03-07,27100.0,33.8,7.8,14000.0,34.2,4690.0,35.2
2003-03-08,55900.0,12.0,8.6,27500.0,19.9,5090.0,14.2
2003-03-09,64100.0,10.8,9.8,31400.0,8.2,3330.0,8.7
2003-03-10,57900.0,1.6,11.0,27500.0,2.5,2940.0,2.5
2003-03-11,50900.0,1.2,10.9,25500.0,1.1,1980.0,1.5
2003-03-12,49100.0,4.6,12.3,24100.0,1.4,2340.0,1.8
2003-03-13,51100.0,5.6,12.3,24100.0,5.1,1800.0,4.5
2003-03-14,50900.0,3.1,11.8,22600.0,5.5,1440.0,3.0
2003-03-15,46200.0,2.8,11.0,19800.0,8.2,1270.0,4.2
2003-03-16,41600.0,0.5,8.7,17300.0,5.9,1160.0,1.5
2003-03-17,36500.0,1.7,6.7,15500.0,4.9,1000.0,0.9
2003-03-18,31900.0,2.2,6.9,14300.0,1.5,865.0,1.7
2003-03-19,28000.0,5.1,7.7,13100.0,6.5,764.0,4.0
2003-03-20,27900.0,7.2,9.0,13600.0,10.0,798.0,7.5
2003-03-21,29800.0,18.2,8.3,14400.0,16.8,1700.0,17.2
2003-03-22,46900.0,27.7,10.4,19900.0,26.0,4990.0,26.3
2003-03-23,64700.0,2.8,6.9,31300.0,5.1,2610.0,4.3
2003-03-24,65600.0,0.0,5.3,32300.0,0.3,1620.0,0.1
2003-03-25,58400.0,8.9,8.6,27900.0,11.4,1470.0,10.1
2003-03-26,61100.0,9.4,8.6,31100.0,23.2,2290.0,13.8
2003-03-27,68600.0,2.2,6.9,38800.0,3.3,1770.0,3.0
2003-03-28,69900.0,0.1,8.2,39300.0,0.3,1380.0,0.0
2003-03-29,63700.0,0.0,11.0,35200.0,0.0,1150.0,0.0
2003-03-30,53500.0,0.0,13.5,30100.0,0.0,1130.0,0.0
2003-03-31,45600.0,1.2,12.9,25800.0,1.0,1270.0,1.8
2003-04-01,42300.0,4.4,8.2,23600.0,6.2,1260.0,3.9
2003-04-02,40400.0,3.9,5.3,22400.0,7.5,1060.0,4.4
2003-04-03,38700.0,6.3,5.5,21100.0,13.3,970.0,6.5
2003-04-04,37800.0,11.9,5.1,20600.0,20.9,916.0,15.9
2003-04-05,36200.0,3.4,5.1,19800.0,6.6,894.0,3.5
2003-04-06,36800.0,10.1,6.5,20000.0,15.1,972.0,11.8
2003-04-07,39500.0,4.0,9.3,21400.0,2.6,967.0,3.1
2003-04-08,36000.0,0.0,11.1,19700.0,0.0,1030.0,0.0
2003-04-09,33900.0,3.8,10.9,18500.0,4.1,1380.0,4.3
2003-04-10,33600.0,7.4,11.4,18300.0,6.4,1390.0,6.5
2003-04-11,32900.0,1.0,11.1,18300.0,2.1,1560.0,0.7
2003-04-12,33900.0,7.7,11.0,19100.0,10.3,1360.0,9.5
2003-04-13,39700.0,11.2,9.7,23100.0,22.8,1310.0,14.2
2003-04-14,42300.0,3.8,8.3,24300.0,4.5,1200.0,4.5
2003-04-15,42100.0,4.0,8.8,22400.0,5.2,1050.0,4.1
2003-04-16,38800.0,0.5,9.6,20700.0,5.3,991.0,1.0
2003-04-17,37400.0,8.8,9.7,19700.0,7.5,1110.0,9.4
2003-04-18,38300.0,2.0,7.9,20000.0,1.6,1220.0,1.2
2003-04-19,37400.0,0.0,9.5,19500.0,0.0,1060.0,0.0
2003-04-20,33800.0,0.0,10.8,17900.0,0.0,924.0,0.0
2003-04-21,31600.0,8.0,10.2,17700.0,9.5,864.0,10.8
2003-04-22,31700.0,0.0,9.7,18400.0,0.0,819.0,0.0
2003-04-23,29300.0,12.2,8.5,17600.0,15.9,803.0,12.8
2003-04-24,36000.0,13.1,7.5,21700.0,18.5,1100.0,15.4
2003-04-25,42600.0,2.2,6.6,26400.0,7.4,973.0,2.1
2003-04-26,40200.0,4.1,8.1,24000.0,8.8,892.0,6.7
2003-04-27,36800.0,0.0,8.5,21600.0,2.5,874.0,0.6
2003-04-28,32200.0,0.5,11.9,18900.0,0.3,823.0,0.9
2003-04-29,29000.0,7.1,10.3,16200.0,2.5,949.0,1.7
2003-04-30,24900.0,1.7,11.5,13600.0,6.1,984.0,1.9
2003-05-01,22600.0,0.0,12.0,12300.0,0.4,902.0,0.0
2003-05-02,21100.0,0.0,13.0,11500.0,0.0,810.0,0.0
2003-05-03,19800.0,0.7,10.7,10800.0,0.2,769.0,0.2
2003-05-04,19300.0,17.1,8.6,11000.0,18.5,907.0,19.6
2003-05-05,21700.0,1.2,8.8,12100.0,4.1,1280.0,2.4
2003-05-06,23700.0,0.3,9.2,12500.0,0.0,1050.0,0.2
2003-05-07,22100.0,0.2,9.4,11900.0,0.3,875.0,0.3
2003-05-08,20200.0,0.2,8.7,11300.0,2.2,759.0,0.5
2003-05-09,19200.0,0.0,10.0,11200.0,0.8,662.0,0.1
2003-05-10,18600.0,0.0,11.0,11000.0,0.0,595.0,0.2
2003-05-11,17800.0,0.0,12.1,10600.0,0.4,565.0,0.0
2003-05-12,17600.0,0.1,12.2,10600.0,6.2,551.0,1.3
2003-05-13,16800.0,0.0,13.2,10400.0,0.0,546.0,0.0
2003-05-14,16300.0,0.0,14.0,10200.0,0.0,593.0,0.0
2003-05-15,16200.0,0.2,10.6,10100.0,1.3,586.0,0.5
2003-05-16,15700.0,1.6,8.6,10100.0,3.1,546.0,1.6
2003-05-17,15900.0,0.5,7.6,10500.0,0.6,523.0,0.9
2003-05-18,16500.0,0.0,8.2,10700.0,0.0,489.0,0.0
2003-05-19,16200.0,0.0,11.6,10600.0,0.0,466.0,0.0
2003-05-20,15700.0,0.0,14.0,10300.0,0.0,448.0,0.0
2003-05-21,15200.0,0.0,14.7,9750.0,0.0,449.0,0.0
2003-05-22,15200.0,0.0,16.6,9520.0,0.0,505.0,0.0
2003-05-23,14800.0,0.0,18.1,9050.0,0.0,558.0,0.0
2003-05-24,15000.0,0.0,18.3,9060.0,0.0,626.0,0.0
2003-05-25,15100.0,1.0,15.0,8770.0,2.0,584.0,2.2
2003-05-26,15000.0,0.0,14.7,8860.0,0.0,489.0,0.0
2003-05-27,14500.0,0.0,16.9,8660.0,0.0,420.0,0.0
2003-05-28,14500.0,0.0,19.2,8470.0,0.0,438.0,0.0
2003-05-29,15000.0,0.0,18.2,8810.0,0.0,420.0,0.0
2003-05-30,15100.0,5.4,17.4,8740.0,3.3,420.0,2.9
2003-05-31,15300.0,0.0,14.9,8740.0,0.0,372.0,0.0
2003-06-01,15200.0,0.0,15.8,8510.0,0.0,315.0,0.0
2003-06-02,14700.0,0.0,15.1,8280.0,0.0,289.0,0.0
2003-06-03,14900.0,0.0,17.3,8350.0,0.0,266.0,0.0
2003-06-04,15500.0,0.0,20.6,8890.0,0.0,246.0,0.0
2003-06-05,15400.0,0.0,23.4,8940.0,0.0,235.0,0.0
2003-06-06,15000.0,0.0,25.1,8850.0,0.0,224.0,0.0
2003-06-07,14700.0,0.0,24.0,8730.0,0.0,210.0,0.0
2003-06-08,14600.0,0.0,20.5,8770.0,0.0,197.0,0.0
2003-06-09,14700.0,0.0,16.5,8920.0,0.0,181.0,0.0
2003-06-10,14100.0,0.0,15.5,8910.0,0.0,168.0,0.0
2003-06-11,13100.0,0.0,16.0,8660.0,0.0,157.0,0.0
2003-06-12,12000.0,0.0,16.7,7960.0,0.0,148.0,0.0
2003-06-13,10800.0,2.0,15.1,7350.0,1.3,148.0,1.7
2003-06-14,10100.0,0.0,15.5,6590.0,0.0,149.0,0.0
2003-06-15,9390.0,0.0,16.7,5890.0,0.0,133.0,0.0
2003-06-16,8720.0,0.0,19.2,5420.0,0.0,124.0,0.0
2003-06-17,8300.0,0.0,21.8,5210.0,0.0,118.0,0.0
2003-06-18,7930.0,0.5,17.6,4740.0,0.0,113.0,0.6
2003-06-19,7600.0,0.0,14.5,4560.0,0.0,110.0,0.0
2003-06-20,7480.0,0.9,14.2,4460.0,1.1,108.0,1.2
2003-06-21,7400.0,0.6,13.6,4450.0,0.7,112.0,1.8
2003-06-22,7440.0,0.1,13.5,4450.0,0.1,131.0,0.2
2003-06-23,7410.0,0.2,14.3,4420.0,0.0,114.0,0.2
2003-06-24,7380.0,0.0,15.2,4480.0,0.0,107.0,0.0
2003-06-25,7310.0,0.0,17.9,4420.0,0.0,98.2,0.0
2003-06-26,7140.0,0.0,21.7,4310.0,0.0,92.1,0.0
2003-06-27,6990.0,0.0,23.8,4250.0,0.0,87.6,0.0
2003-06-28,6880.0,0.0,24.4,4200.0,0.0,83.2,0.0
2003-06-29,6920.0,0.0,25.4,4360.0,0.0,78.8,0.0
2003-06-30,7000.0,0.6,18.4,4430.0,0.2,76.2,0.2
2003-07-01,7090.0,0.0,17.4,4460.0,0.0,74.7,0.0
2003-07-02,6940.0,0.0,16.8,4410.0,0.0,72.8,0.0
2003-07-03,6790.0,0.0,18.0,4340.0,0.0,70.4,0.0
2003-07-04,6710.0,0.0,19.1,4340.0,0.0,68.2,0.0
2003-07-05,6780.0,0.0,19.6,4500.0,0.0,66.4,0.0
2003-07-06,6860.0,0.0,20.2,4530.0,0.0,64.0,0.0
2003-07-07,6820.0,0.0,19.8,4490.0,0.0,62.2,0.0
2003-07-08,6670.0,0.1,18.5,4450.0,0.0,60.7,0.0
2003-07-09,6710.0,0.0,20.2,4660.0,0.0,60.0,0.0
2003-07-10,6800.0,0.0,23.1,4660.0,0.0,58.4,0.0
2003-07-11,6720.0,0.0,20.9,4610.0,0.0,56.6,0.0
2003-07-12,6640.0,0.0,21.1,4580.0,0.0,55.4,0.0
2003-07-13,6650.0,0.3,19.7,4600.0,0.6,54.5,0.0
2003-07-14,6680.0,0.0,19.8,4620.0,0.0,55.0,0.0
2003-07-15,6600.0,0.0,20.7,4560.0,0.0,53.0,0.0
2003-07-16,6450.0,0.0,19.5,4530.0,0.0,51.7,0.0
2003-07-17,6260.0,0.0,20.2,4570.0,0.0,51.0,0.0
2003-07-18,6310.0,0.0,23.3,4610.0,0.0,49.7,0.0
2003-07-19,6300.0,0.0,24.0,4640.0,0.0,48.2,0.0
2003-07-20,6270.0,0.0,23.8,4590.0,0.0,47.1,0.0
2003-07-21,6250.0,0.0,26.1,4580.0,0.0,46.4,0.0
2003-07-22,6150.0,0.0,25.6,4470.0,0.0,45.4,0.0
2003-07-23,6060.0,0.0,23.4,4440.0,0.0,44.4,0.0
2003-07-24,6070.0,0.0,21.2,4530.0,0.0,43.7,0.0
2003-07-25,6150.0,0.0,20.3,4570.0,0.0,43.1,0.0
2003-07-26,6170.0,0.0,20.0,4620.0,0.0,42.7,0.0
2003-07-27,6220.0,0.0,22.4,4680.0,0.0,42.6,0.0
2003-07-28,6260.0,0.0,26.2,4690.0,0.0,43.0,0.0
2003-07-29,6200.0,0.0,27.2,4630.0,0.0,41.5,0.0
2003-07-30,6120.0,0.0,27.6,4590.0,0.0,40.6,0.0
2003-07-31,6060.0,0.0,24.8,4460.0,0.0,40.1,0.0
2003-08-01,5980.0,0.0,22.5,4450.0,0.0,39.6,0.0
2003-08-02,6020.0,0.0,22.1,4650.0,0.0,39.5,0.0
2003-08-03,6330.0,0.0,20.7,4970.0,0.0,39.8,0.0
2003-08-04,6430.0,0.0,20.6,4820.0,0.0,39.5,0.0
2003-08-05,6220.0,0.3,21.5,4710.0,1.0,38.8,0.3
2003-08-06,6250.0,0.0,18.5,4720.0,0.0,40.0,0.0
2003-08-07,6200.0,0.2,19.9,4610.0,1.9,42.0,0.5
2003-08-08,6150.0,0.0,20.1,4650.0,0.4,41.6,0.0
2003-08-09,6150.0,0.0,20.6,4600.0,0.0,39.1,0.0
2003-08-10,6050.0,0.7,20.1,4520.0,0.0,38.3,0.9
2003-08-11,6030.0,0.0,19.5,4530.0,0.0,37.7,0.0
2003-08-12,6050.0,0.2,18.6,4600.0,0.0,37.1,0.0
2003-08-13,6010.0,0.0,20.2,4490.0,0.0,36.6,0.0
2003-08-14,5940.0,0.0,22.5,4500.0,0.0,36.1,0.0
2003-08-15,5960.0,0.0,23.3,4580.0,0.0,35.5,0.0
2003-08-16,6070.0,0.0,19.6,4700.0,0.0,35.2,0.0
2003-08-17,6150.0,0.0,22.3,4760.0,0.0,34.8,0.0
2003-08-18,6190.0,0.0,23.6,4760.0,0.0,34.2,0.0
2003-08-19,6120.0,0.0,22.2,4700.0,0.0,34.3,0.0
2003-08-20,6030.0,0.0,19.4,4590.0,0.0,33.9,0.0
2003-08-21,6030.0,0.0,23.3,4620.0,0.0,33.8,0.0
2003-08-22,6120.0,3.0,20.4,4650.0,2.6,33.9,3.6
2003-08-23,6160.0,0.0,18.4,4700.0,0.0,35.2,0.0
2003-08-24,6230.0,0.0,19.8,4730.0,0.0,34.8,0.0
2003-08-25,6240.0,0.0,21.8,4730.0,0.0,33.9,0.0
2003-08-26,6200.0,0.0,20.0,4700.0,0.0,32.8,0.0
2003-08-27,6150.0,0.0,18.6,4600.0,0.0,32.4,0.0
2003-08-28,6060.0,0.0,19.9,4550.0,0.0,32.2,0.0
2003-08-29,6050.0,0.0,21.4,4560.0,0.0,32.1,0.0
2003-08-30,6120.0,0.0,23.3,4620.0,0.0,31.0,0.0
2003-08-31,6200.0,0.0,22.3,4630.0,0.0,29.0,0.0
2003-09-01,6240.0,0.0,20.4,4670.0,0.0,28.4,0.0
2003-09-02,6220.0,0.0,23.4,4630.0,0.0,28.4,0.0
2003-09-03,6430.0,0.0,26.2,4570.0,0.0,28.1,0.0
2003-09-04,6450.0,0.0,26.2,4480.0,0.0,27.6,0.0
2003-09-05,6450.0,0.0,24.8,4490.0,0.0,27.2,0.0
2003-09-06,6500.0,0.0,22.0,4520.0,0.0,27.2,0.0
2003-09-07,6640.0,2.1,18.0,4630.0,3.6,28.2,2.5
2003-09-08,6810.0,1.9,15.4,4790.0,3.0,73.4,3.1
2003-09-09,7140.0,11.4,15.1,5050.0,13.0,103.0,10.8
2003-09-10,7350.0,0.1,17.3,5140.0,0.3,117.0,0.0
2003-09-11,7330.0,1.2,18.5,4970.0,0.0,99.4,0.8
2003-09-12,7380.0,0.2,16.3,4940.0,0.1,130.0,0.5
2003-09-13,7380.0,0.0,16.9,4890.0,0.0,92.3,0.0
2003-09-14,7260.0,0.0,18.2,4800.0,0.0,70.7,0.0
2003-09-15,7160.0,0.0,15.4,4760.0,0.0,60.6,0.0
2003-09-16,7150.0,2.6,13.8,4750.0,4.8,58.1,3.5
2003-09-17,7160.0,0.0,12.6,4710.0,0.1,91.4,0.0
2003-09-18,7180.0,0.0,15.6,4750.0,0.0,72.5,0.0
2003-09-19,7210.0,1.1,17.6,4660.0,0.6,61.9,1.8
2003-09-20,7120.0,0.0,15.9,4620.0,0.0,57.2,0.0
2003-09-21,7110.0,0.0,16.7,4560.0,0.0,53.5,0.0
2003-09-22,7080.0,0.0,19.2,4540.0,0.0,50.3,0.0
2003-09-23,7080.0,0.0,18.9,4600.0,0.0,47.6,0.0
2003-09-24,7070.0,0.0,19.3,4580.0,0.0,45.5,0.0
2003-09-25,7050.0,0.0,20.4,4600.0,0.0,43.8,0.0
2003-09-26,7090.0,0.0,21.6,4650.0,0.0,42.5,0.0
2003-09-27,7060.0,0.0,23.5,4590.0,0.0,41.1,0.0
2003-09-28,7040.0,0.0,21.8,4660.0,0.0,39.3,0.0
2003-09-29,7100.0,0.0,18.3,4660.0,0.0,38.7,0.0
2003-09-30,7080.0,0.0,16.6,4600.0,0.0,38.7,0.2
2003-10-01,6990.0,0.0,18.2,4460.0,0.0,38.6,0.0
2003-10-02,6930.0,0.0,17.0,4470.0,0.0,37.9,0.0
2003-10-03,6950.0,0.0,16.5,4450.0,0.0,37.8,0.0
2003-10-04,6940.0,0.2,17.5,4410.0,0.0,37.4,0.1
2003-10-05,6980.0,0.0,16.7,4410.0,0.0,37.3,0.0
2003-10-06,7030.0,0.0,16.8,4480.0,0.0,37.6,0.0
2003-10-07,7230.0,8.0,16.4,4610.0,7.9,47.5,8.3
2003-10-08,7160.0,2.4,14.2,4570.0,2.8,58.6,2.1
2003-10-09,7220.0,2.1,12.4,4530.0,5.7,125.0,3.3
2003-10-10,7320.0,0.1,11.5,4560.0,1.7,212.0,0.3
2003-10-11,7440.0,6.3,11.2,4660.0,4.2,220.0,5.4
2003-10-12,7660.0,5.2,11.9,4890.0,5.3,531.0,5.4
2003-10-13,8270.0,0.2,11.1,5030.0,0.0,445.0,0.3
2003-10-14,8060.0,0.5,11.6,4860.0,1.2,264.0,0.7
2003-10-15,7750.0,5.9,10.4,4740.0,8.5,237.0,6.4
2003-10-16,7850.0,0.6,15.1,4870.0,0.2,396.0,0.0
2003-10-17,8030.0,0.0,18.9,4930.0,0.0,260.0,0.0
2003-10-18,7780.0,0.0,15.7,4820.0,0.0,190.0,0.0
2003-10-19,7790.0,8.9,15.4,4860.0,7.5,157.0,4.0
2003-10-20,7700.0,1.9,18.2,4850.0,0.4,139.0,0.8
2003-10-21,7700.0,0.0,20.0,4770.0,0.0,120.0,0.0
2003-10-22,7610.0,0.0,18.7,4780.0,0.0,109.0,0.0
2003-10-23,7600.0,5.2,12.4,4810.0,4.3,148.0,5.9
2003-10-24,7730.0,0.0,11.5,4870.0,0.0,136.0,0.0
2003-10-25,7710.0,0.0,13.0,4820.0,0.0,117.0,0.0
2003-10-26,7540.0,0.0,14.2,4850.0,0.0,104.0,0.0
2003-10-27,7550.0,0.0,14.7,4830.0,0.0,94.2,0.0
2003-10-28,7500.0,0.4,16.0,4820.0,0.0,89.2,0.1
2003-10-29,7570.0,0.6,11.4,4870.0,3.5,136.0,2.3
2003-10-30,7730.0,0.0,7.1,4810.0,0.3,199.0,0.0
2003-10-31,7640.0,0.0,5.3,4580.0,0.0,157.0,0.0
2003-11-01,7310.0,0.0,2.8,4380.0,0.0,133.0,0.0
2003-11-02,7290.0,4.7,4.2,4390.0,5.6,123.0,3.9
2003-11-03,7300.0,0.2,2.5,4580.0,1.0,112.0,0.2
2003-11-04,7420.0,0.0,3.8,4450.0,1.9,102.0,0.0
2003-11-05,7160.0,0.0,5.2,4310.0,3.6,94.6,0.0
2003-11-06,7190.0,0.0,6.3,4400.0,0.0,89.0,0.0
2003-11-07,7270.0,0.0,7.7,4460.0,0.5,84.7,0.0
2003-11-08,7310.0,1.9,7.1,4470.0,4.8,81.6,3.2
2003-11-09,7330.0,0.7,8.5,4480.0,2.5,78.6,1.4
2003-11-10,7260.0,0.2,8.6,4410.0,1.9,77.2,0.1
2003-11-11,7210.0,3.4,11.1,4400.0,3.9,271.0,4.3
2003-11-12,7570.0,0.0,7.4,4510.0,0.0,321.0,0.0
2003-11-13,7830.0,0.0,7.7,4770.0,0.0,228.0,0.0
2003-11-14,7850.0,0.0,9.9,4780.0,0.0,182.0,0.0
2003-11-15,7820.0,9.2,8.6,4930.0,8.6,172.0,8.7
2003-11-16,8230.0,11.7,8.2,5260.0,13.8,475.0,11.5
2003-11-17,9830.0,2.9,8.5,5580.0,6.5,1690.0,3.2
2003-11-18,12300.0,1.2,12.3,6820.0,0.0,1420.0,0.4
2003-11-19,13400.0,24.5,10.0,7020.0,22.0,1100.0,25.2
2003-11-20,14500.0,4.9,3.6,7440.0,8.2,846.0,4.2
2003-11-21,14300.0,3.5,2.6,7630.0,6.2,595.0,2.8
2003-11-22,12600.0,0.3,-0.3,6590.0,0.9,446.0,0.7
2003-11-23,11200.0,0.0,4.4,5800.0,0.0,359.0,0.0
2003-11-24,10600.0,6.1,5.6,5400.0,8.7,434.0,6.7
2003-11-25,10700.0,13.4,5.0,5530.0,16.0,477.0,11.4
2003-11-26,11800.0,3.2,5.9,5760.0,10.0,609.0,5.1
2003-11-27,12600.0,0.2,4.9,6230.0,0.1,518.0,0.4
2003-11-28,12100.0,1.3,7.3,5900.0,0.5,473.0,0.5
2003-11-29,14400.0,29.1,9.2,6930.0,49.5,2850.0,36.1
2003-11-30,29600.0,0.5,8.7,16500.0,4.4,1840.0,1.6
2003-12-01,29200.0,3.2,7.3,15800.0,0.2,1320.0,2.0
2003-12-02,25400.0,0.0,9.5,14300.0,0.0,1100.0,0.0
2003-12-03,25800.0,9.1,7.9,14000.0,9.1,1530.0,9.5
2003-12-04,27700.0,1.8,6.2,14700.0,1.6,1070.0,1.6
2003-12-05,28700.0,17.9,9.6,14900.0,18.5,1450.0,19.9
2003-12-06,37200.0,14.5,8.4,17700.0,19.5,2000.0,16.2
2003-12-07,42000.0,5.1,6.5,21800.0,8.4,1320.0,3.4
2003-12-08,43000.0,0.8,6.9,22800.0,3.2,1190.0,1.0
2003-12-09,40800.0,1.7,6.1,21600.0,2.8,991.0,1.8
2003-12-10,37300.0,9.5,5.8,21000.0,9.7,816.0,9.8
2003-12-11,37300.0,2.1,6.9,21700.0,2.7,691.0,0.7
2003-12-12,35600.0,9.6,8.1,19400.0,14.1,1460.0,10.0
2003-12-13,43400.0,44.0,9.1,23200.0,59.3,5920.0,48.5
2003-12-14,78200.0,18.7,4.7,44800.0,29.5,3070.0,22.3
2003-12-15,89900.0,0.7,4.6,58900.0,2.2,1630.0,0.6
2003-12-16,86300.0,1.9,6.3,53400.0,1.0,1200.0,1.2
2003-12-17,75000.0,4.0,7.7,45500.0,3.8,1190.0,3.8
2003-12-18,66700.0,0.0,6.1,41100.0,0.0,1090.0,0.0
2003-12-19,61000.0,0.3,5.0,37400.0,1.2,995.0,0.3
2003-12-20,56200.0,7.2,8.1,34200.0,6.0,1030.0,6.0
2003-12-21,53100.0,4.7,8.7,31700.0,2.3,1020.0,3.0
2003-12-22,48600.0,0.0,5.9,28000.0,0.0,905.0,0.0
2003-12-23,40100.0,0.0,4.9,22500.0,0.0,784.0,0.0
2003-12-24,35200.0,11.5,7.8,19300.0,15.9,784.0,12.4
2003-12-25,35900.0,4.5,6.0,20500.0,8.6,848.0,5.9
2003-12-26,36100.0,0.5,1.5,21100.0,1.5,743.0,0.5
2003-12-27,33600.0,9.0,3.0,20600.0,8.9,688.0,8.3
2003-12-28,38400.0,14.2,5.4,23800.0,22.2,981.0,18.6
2003-12-29,55500.0,37.2,2.7,36200.0,39.6,1170.0,39.1
2003-12-30,68300.0,0.0,-4.7,45200.0,0.0,888.0,0.0
2003-12-31,61100.0,3.7,1.3,39000.0,6.4,741.0,4.0
2004-01-01,52300.0,14.7,1.3,35300.0,31.1,664.0,20.6
2004-01-02,53300.0,0.4,1.8,38100.0,3.2,584.0,0.4
2004-01-03,54300.0,1.5,1.3,36700.0,4.2,527.0,2.3
2004-01-04,47900.0,1.9,-0.5,30900.0,1.3,494.0,3.3
2004-01-05,40500.0,0.1,-2.4,26100.0,0.8,434.0,0.2
2004-01-06,34600.0,16.5,-3.6,23000.0,17.3,445.0,16.8
2004-01-07,34200.0,17.0,1.7,22900.0,12.3,1030.0,15.4
2004-01-08,44700.0,8.9,2.9,30400.0,9.0,1250.0,7.5
2004-01-09,54900.0,3.0,3.4,36300.0,5.6,1630.0,3.5
2004-01-10,58500.0,3.2,5.3,36600.0,3.9,1670.0,2.7
2004-01-11,57800.0,0.0,4.3,34800.0,0.0,1460.0,0.0
2004-01-12,52300.0,1.3,3.5,31700.0,2.5,1340.0,1.6
2004-01-13,47600.0,0.0,6.3,29500.0,0.0,1360.0,0.0
2004-01-14,45800.0,8.3,7.9,28400.0,8.7,1630.0,7.7
2004-01-15,47700.0,1.6,8.5,28500.0,1.6,2150.0,1.5
2004-01-16,50300.0,0.0,8.4,29700.0,0.0,1940.0,0.0
2004-01-17,48600.0,0.0,6.2,27700.0,0.0,1390.0,0.0
2004-01-18,43100.0,5.6,7.5,24000.0,7.8,1300.0,5.5
2004-01-19,42400.0,4.8,8.5,23300.0,7.7,1570.0,5.2
2004-01-20,43100.0,0.8,5.8,25100.0,0.5,1400.0,0.5
2004-01-21,42500.0,0.0,4.6,25600.0,0.0,1070.0,0.0
2004-01-22,39500.0,0.0,3.8,23400.0,0.0,877.0,0.0
2004-01-23,37100.0,17.4,6.7,21400.0,20.0,1630.0,17.4
2004-01-24,52100.0,4.0,7.3,26500.0,10.6,3750.0,7.5
2004-01-25,63700.0,2.7,4.3,35200.0,4.4,1990.0,4.0
2004-01-26,61100.0,1.7,5.5,34300.0,1.0,1430.0,1.8
2004-01-27,56700.0,18.1,6.6,32600.0,21.0,1520.0,20.5
2004-01-28,58500.0,13.2,7.9,33900.0,13.2,3510.0,15.2
2004-01-29,71000.0,19.0,10.1,36600.0,16.4,9650.0,17.7
2004-01-30,86500.0,14.2,8.1,40900.0,20.2,4500.0,16.0
2004-01-31,84300.0,4.8,3.7,42700.0,5.8,2410.0,5.0
2004-02-01,81900.0,5.0,4.3,45000.0,7.1,1660.0,3.7
2004-02-02,76700.0,16.5,6.1,43500.0,17.7,1420.0,15.5
2004-02-03,69900.0,0.2,5.2,40300.0,3.5,1290.0,0.4
2004-02-04,61300.0,2.4,6.6,36100.0,5.2,1150.0,3.8
2004-02-05,55200.0,0.0,5.1,32100.0,0.0,1020.0,0.0
2004-02-06,50000.0,9.4,6.4,28000.0,12.7,960.0,9.1
2004-02-07,47300.0,3.7,6.5,25900.0,7.1,1160.0,4.1
2004-02-08,45100.0,0.2,4.8,25200.0,0.0,1020.0,0.0
2004-02-09,40000.0,0.0,3.6,22300.0,0.0,881.0,0.0
2004-02-10,34700.0,0.0,4.3,19400.0,0.0,787.0,0.0
2004-02-11,28900.0,0.0,5.1,16800.0,0.0,745.0,0.0
2004-02-12,25900.0,0.0,4.8,14800.0,0.0,712.0,0.0
2004-02-13,22200.0,0.8,3.8,13100.0,2.3,665.0,1.1
2004-02-14,20000.0,3.1,5.5,11900.0,3.9,644.0,2.7
2004-02-15,18900.0,1.9,8.7,11700.0,9.0,821.0,2.1
2004-02-16,20300.0,15.3,8.2,12900.0,20.9,1150.0,15.9
2004-02-17,29500.0,10.9,7.1,19200.0,20.6,1700.0,13.3
2004-02-18,40900.0,9.9,9.6,25900.0,12.6,1870.0,10.6
2004-02-19,43400.0,2.2,7.4,26300.0,2.7,1820.0,2.6
2004-02-20,39600.0,0.0,5.4,23900.0,0.0,1350.0,0.0
2004-02-21,33900.0,0.0,6.5,20600.0,0.0,1060.0,0.0
2004-02-22,29700.0,0.0,7.0,17900.0,0.1,893.0,0.0
2004-02-23,26000.0,1.8,8.1,15600.0,4.6,796.0,2.5
2004-02-24,23900.0,7.1,8.2,14900.0,6.8,759.0,5.9
2004-02-25,24100.0,8.3,6.8,15200.0,11.0,741.0,8.4
2004-02-26,24300.0,1.6,6.9,15000.0,3.3,739.0,2.4
2004-02-27,24400.0,2.9,8.0,14900.0,5.6,962.0,3.3
2004-02-28,26600.0,0.2,7.4,15000.0,1.4,1200.0,0.3
2004-02-29,26200.0,3.1,6.6,14500.0,4.2,977.0,3.3
2004-03-01,25800.0,10.5,6.9,14500.0,13.7,918.0,11.3
2004-03-02,25100.0,0.0,7.3,14800.0,0.0,827.0,0.0
2004-03-03,22600.0,4.4,5.8,13600.0,3.5,762.0,4.1
2004-03-04,21700.0,4.0,7.3,13200.0,4.6,1100.0,4.9
2004-03-05,24100.0,9.3,6.6,14100.0,6.6,1330.0,8.1
2004-03-06,26700.0,0.6,6.4,15000.0,2.2,1600.0,1.4
2004-03-07,26400.0,0.0,11.2,15600.0,0.0,1150.0,0.0
2004-03-08,24500.0,0.0,11.9,14500.0,0.0,1080.0,0.0
2004-03-09,22600.0,0.0,12.9,13500.0,0.0,1210.0,0.0
2004-03-10,21400.0,0.0,7.4,13000.0,0.0,1070.0,0.0
2004-03-11,20900.0,0.0,9.6,12400.0,0.0,893.0,0.0
2004-03-12,20000.0,0.0,10.0,11600.0,0.0,841.0,0.0
2004-03-13,19100.0,0.0,8.9,11100.0,0.0,779.0,0.0
2004-03-14,18300.0,0.0,11.0,10700.0,0.0,722.0,0.0
2004-03-15,17600.0,0.0,10.3,10300.0,0.0,694.0,0.0
2004-03-16,17000.0,0.0,9.8,9760.0,0.0,637.0,0.0
2004-03-17,15700.0,0.0,9.8,9120.0,0.0,597.0,0.0
2004-03-18,14500.0,2.4,10.1,8600.0,1.5,597.0,2.1
2004-03-19,14500.0,0.6,7.1,8500.0,1.3,603.0,0.4
2004-03-20,14500.0,0.0,8.7,8360.0,0.0,533.0,0.0
2004-03-21,13400.0,0.0,12.7,8070.0,0.0,489.0,0.0
2004-03-22,12900.0,0.0,13.4,7890.0,0.0,530.0,0.0
2004-03-23,12700.0,0.0,12.3,7790.0,0.0,581.0,0.2
2004-03-24,12800.0,7.4,11.1,7760.0,7.8,621.0,8.9
2004-03-25,13100.0,11.3,9.2,7910.0,13.6,615.0,11.0
2004-03-26,13300.0,4.9,7.3,8140.0,11.5,655.0,5.3
2004-03-27,14700.0,13.3,8.8,8960.0,10.3,926.0,11.4
2004-03-28,16100.0,0.0,9.0,9630.0,0.0,796.0,0.0
2004-03-29,15700.0,0.0,12.8,9020.0,0.0,669.0,0.0
2004-03-30,15400.0,4.6,11.0,8870.0,7.3,694.0,6.7
2004-03-31,16500.0,0.6,6.7,9750.0,1.5,661.0,1.0
2004-04-01,17900.0,0.0,6.9,10500.0,0.0,548.0,0.2
2004-04-02,18200.0,0.0,8.8,10300.0,0.0,471.0,0.0
2004-04-03,17700.0,0.0,12.6,10000.0,0.0,430.0,0.0
2004-04-04,17200.0,0.0,10.6,9610.0,0.0,439.0,0.0
2004-04-05,17000.0,0.0,9.2,9490.0,0.0,437.0,0.0
2004-04-06,17200.0,0.0,9.7,9840.0,0.0,414.0,0.0
2004-04-07,17600.0,0.0,10.0,10600.0,0.0,399.0,0.0
2004-04-08,16400.0,0.0,10.2,10200.0,0.0,382.0,0.0
2004-04-09,15600.0,0.0,12.4,9540.0,0.0,368.0,0.0
2004-04-10,15500.0,0.0,14.7,9520.0,0.0,367.0,0.0
2004-04-11,15000.0,0.0,16.0,9380.0,0.0,387.0,0.0
2004-04-12,14900.0,0.0,13.0,9200.0,0.0,420.0,0.0
2004-04-13,14900.0,0.2,11.3,9020.0,3.4,404.0,0.3
2004-04-14,15200.0,9.6,9.2,9330.0,15.0,477.0,12.1
2004-04-15,16300.0,10.2,8.1,9980.0,15.9,559.0,11.0
2004-04-16,17000.0,5.2,9.2,10300.0,5.6,550.0,4.9
2004-04-17,16500.0,0.6,9.5,10200.0,2.3,511.0,0.2
2004-04-18,15100.0,1.8,8.8,9550.0,5.6,497.0,2.4
2004-04-19,14700.0,4.0,10.1,8980.0,6.1,518.0,3.5
2004-04-20,16000.0,12.2,8.3,9210.0,18.9,743.0,15.8
2004-04-21,19500.0,11.5,8.8,11900.0,20.2,1120.0,13.1
2004-04-22,24200.0,0.0,9.8,15900.0,0.5,937.0,0.0
2004-04-23,23400.0,0.3,10.4,14200.0,0.3,773.0,0.1
2004-04-24,19400.0,0.0,9.4,11800.0,0.0,668.0,0.0
2004-04-25,17100.0,0.0,13.1,10200.0,0.0,576.0,0.0
2004-04-26,15500.0,0.0,17.0,9230.0,0.0,556.0,0.0
2004-04-27,15000.0,0.0,18.1,9030.0,0.0,587.0,0.0
2004-04-28,15200.0,0.0,11.0,8990.0,0.0,548.0,0.0
2004-04-29,14800.0,0.0,13.1,8920.0,0.0,454.0,0.0
2004-04-30,14700.0,0.0,16.1,8890.0,0.0,401.0,0.0
2004-05-01,14600.0,0.0,17.4,8720.0,0.0,398.0,0.0
2004-05-02,14900.0,0.0,16.2,8760.0,0.0,403.0,0.0
2004-05-03,15100.0,0.0,15.8,8840.0,0.0,388.0,0.0
2004-05-04,15000.0,0.2,14.7,8830.0,0.3,371.0,0.6
2004-05-05,15300.0,0.0,12.7,9330.0,0.1,336.0,0.3
2004-05-06,15500.0,0.0,13.2,9470.0,0.0,300.0,0.0
2004-05-07,15400.0,4.7,14.6,9740.0,2.9,284.0,4.1
2004-05-08,15500.0,1.1,13.2,9940.0,3.5,314.0,1.0
2004-05-09,15000.0,0.2,12.9,9660.0,0.0,291.0,0.1
2004-05-10,14700.0,0.5,12.1,9360.0,0.6,268.0,0.5
2004-05-11,14700.0,0.3,11.4,9420.0,3.0,408.0,1.5
2004-05-12,15400.0,0.0,12.6,10300.0,0.1,398.0,0.0
2004-05-13,15800.0,0.0,13.1,10600.0,0.0,342.0,0.0
2004-05-14,15400.0,0.0,13.7,10300.0,0.0,300.0,0.0
2004-05-15,14700.0,0.0,14.0,9680.0,0.0,280.0,0.1
2004-05-16,14200.0,0.1,13.4,9430.0,0.5,291.0,0.9
2004-05-17,14000.0,0.0,14.5,9360.0,0.5,286.0,0.0
2004-05-18,13800.0,0.2,14.9,9300.0,3.9,308.0,1.0
2004-05-19,14200.0,0.0,14.2,9880.0,1.0,480.0,0.1
2004-05-20,15200.0,0.0,15.3,10700.0,0.0,397.0,0.0
2004-05-21,14900.0,0.0,14.8,10500.0,0.0,342.0,0.0
2004-05-22,14600.0,0.6,13.2,10600.0,1.0,338.0,1.0
2004-05-23,14600.0,0.3,13.4,10400.0,1.6,804.0,0.6
2004-05-24,14900.0,0.3,14.5,10300.0,0.0,598.0,0.4
2004-05-25,14400.0,0.0,17.4,10000.0,0.0,459.0,0.0
2004-05-26,13800.0,2.2,16.7,9610.0,1.4,450.0,2.3
2004-05-27,13800.0,7.4,14.2,9340.0,5.9,1010.0,5.8
2004-05-28,15000.0,7.9,11.6,10200.0,17.2,1630.0,10.7
2004-05-29,22900.0,0.1,11.6,15700.0,1.2,1790.0,0.8
2004-05-30,27200.0,0.8,13.7,17500.0,0.9,1120.0,0.6
2004-05-31,23100.0,0.0,13.0,14600.0,0.0,831.0,0.0
2004-06-01,18900.0,0.0,14.0,12600.0,0.0,669.0,0.0
2004-06-02,16300.0,0.0,15.8,10500.0,0.0,560.0,0.0
2004-06-03,14400.0,0.0,18.4,9060.0,0.0,481.0,0.0
2004-06-04,13000.0,0.0,18.4,8230.0,0.0,422.0,0.0
2004-06-05,12200.0,3.6,16.8,7740.0,4.0,407.0,4.4
2004-06-06,12100.0,8.9,13.7,7540.0,9.5,543.0,7.2
2004-06-07,12900.0,2.7,12.5,7580.0,5.3,900.0,4.8
2004-06-08,14600.0,7.3,13.0,8190.0,8.3,1050.0,8.4
2004-06-09,16900.0,1.1,14.3,10000.0,0.9,1020.0,1.4
2004-06-10,19300.0,0.8,14.1,12000.0,0.6,991.0,0.7
2004-06-11,21600.0,0.1,12.5,13600.0,0.0,898.0,0.1
2004-06-12,20900.0,0.0,13.9,13300.0,0.0,727.0,0.0
2004-06-13,18900.0,2.3,14.8,11900.0,1.6,645.0,1.9
2004-06-14,16600.0,0.0,13.5,9990.0,0.0,623.0,0.0
2004-06-15,14600.0,0.0,15.0,8520.0,0.0,541.0,0.0
2004-06-16,13100.0,0.0,19.1,7680.0,0.0,464.0,0.0
2004-06-17,12100.0,0.0,22.2,7270.0,0.0,405.0,0.0
2004-06-18,11400.0,0.0,23.0,6820.0,0.0,358.0,0.0
2004-06-19,10800.0,0.0,22.2,6480.0,0.0,320.0,0.0
2004-06-20,10400.0,0.0,22.2,6230.0,0.0,289.0,0.0
2004-06-21,9920.0,0.0,22.9,6010.0,0.0,262.0,0.0
2004-06-22,9450.0,0.0,21.0,5690.0,0.0,244.0,0.0
2004-06-23,9170.0,0.0,19.5,5590.0,0.0,231.0,0.0
2004-06-24,9210.0,0.0,20.1,5780.0,0.0,217.0,0.0
2004-06-25,9360.0,0.0,19.5,6010.0,0.0,201.0,0.0
2004-06-26,9210.0,0.0,19.1,5930.0,0.1,186.0,0.0
2004-06-27,9030.0,0.0,19.4,5770.0,0.0,174.0,0.0
2004-06-28,8860.0,0.0,20.4,5650.0,0.0,164.0,0.0
2004-06-29,8630.0,0.0,20.7,5510.0,0.0,155.0,0.0
2004-06-30,8210.0,0.0,20.4,5100.0,0.0,148.0,0.0
2004-07-01,7680.0,0.0,20.8,4740.0,0.0,140.0,0.0
2004-07-02,7520.0,0.0,19.5,4710.0,0.0,134.0,0.0
2004-07-03,7550.0,2.3,19.1,4800.0,0.4,129.0,0.8
2004-07-04,7490.0,0.0,18.2,4790.0,0.0,125.0,0.0
2004-07-05,7480.0,0.0,19.4,4780.0,0.0,121.0,0.0
2004-07-06,7340.0,0.0,21.7,4710.0,0.0,119.0,0.0
2004-07-07,7220.0,0.0,17.6,4660.0,0.0,115.0,0.0
2004-07-08,7190.0,0.0,17.1,4630.0,0.0,112.0,0.0
2004-07-09,7110.0,0.0,18.0,4570.0,0.0,109.0,0.0
2004-07-10,7110.0,0.0,17.9,4570.0,0.0,106.0,0.0
2004-07-11,7230.0,0.0,18.4,4680.0,0.0,103.0,0.0
2004-07-12,7270.0,0.0,22.5,4750.0,0.0,102.0,0.0
2004-07-13,7170.0,0.0,22.7,4710.0,0.0,97.9,0.0
2004-07-14,7090.0,0.0,22.7,4660.0,0.0,95.5,0.0
2004-07-15,7000.0,0.0,21.4,4600.0,0.0,92.8,0.0
2004-07-16,6880.0,0.0,21.7,4550.0,0.0,89.9,0.0
2004-07-17,6890.0,0.0,23.8,4690.0,0.1,87.7,0.0
2004-07-18,7040.0,0.0,23.9,4830.0,0.0,85.5,0.0
2004-07-19,7060.0,0.0,22.6,4850.0,1.3,85.7,0.4
2004-07-20,7050.0,0.0,21.3,4850.0,0.0,83.3,0.0
2004-07-21,6970.0,0.0,21.9,4750.0,0.0,80.3,0.0
2004-07-22,6810.0,0.0,24.6,4600.0,0.0,77.4,0.0
2004-07-23,6690.0,0.0,28.6,4520.0,0.0,74.3,0.0
2004-07-24,6610.0,0.0,29.1,4480.0,0.0,72.0,0.0
2004-07-25,6770.0,0.0,24.8,4680.0,0.0,69.0,0.0
2004-07-26,6950.0,0.0,21.2,4840.0,0.0,67.0,0.0
2004-07-27,6900.0,0.0,22.8,4820.0,0.0,66.0,0.0
2004-07-28,6890.0,0.0,24.6,4820.0,0.0,64.9,0.0
2004-07-29,6880.0,0.0,23.9,4840.0,0.0,63.5,0.0
2004-07-30,6890.0,0.0,22.4,4830.0,0.0,62.4,0.0
2004-07-31,6870.0,0.0,21.3,4810.0,0.0,61.6,0.0
2004-08-01,7050.0,0.0,22.4,5030.0,0.0,60.9,0.0
2004-08-02,7150.0,0.0,21.3,5140.0,0.0,59.6,0.0
2004-08-03,7050.0,0.0,20.2,5130.0,0.0,58.8,0.0
2004-08-04,7040.0,0.2,20.5,5140.0,0.0,59.3,0.3
2004-08-05,7030.0,1.3,18.7,5110.0,0.0,61.7,0.2
2004-08-06,7050.0,5.6,18.1,5110.0,4.4,65.1,5.7
2004-08-07,7200.0,0.2,18.6,5240.0,0.0,70.8,0.2
2004-08-08,7260.0,0.0,22.1,5290.0,0.0,64.3,0.0
2004-08-09,7230.0,0.0,25.4,5280.0,0.0,57.8,0.0
2004-08-10,7020.0,0.0,24.8,5150.0,0.0,55.0,0.0
2004-08-11,6830.0,0.0,25.6,5090.0,0.0,53.3,0.0
2004-08-12,7030.0,0.0,25.5,5280.0,0.0,52.3,0.0
2004-08-13,7030.0,0.0,24.2,5280.0,0.0,51.1,0.0
2004-08-14,6990.0,0.0,25.3,5250.0,0.0,50.6,0.0
2004-08-15,6980.0,0.0,22.6,5240.0,0.0,49.8,0.0
2004-08-16,7010.0,0.0,22.2,5270.0,0.0,49.0,0.0
2004-08-17,7070.0,0.0,22.6,5350.0,0.0,49.0,0.0
2004-08-18,7050.0,0.0,23.7,5330.0,0.0,47.9,0.0
2004-08-19,6950.0,0.0,24.2,5230.0,0.0,46.9,0.0
2004-08-20,6870.0,0.0,23.8,5160.0,0.0,46.5,0.0
2004-08-21,6880.0,0.3,23.1,5160.0,0.5,45.8,0.7
2004-08-22,7170.0,28.7,18.0,5300.0,18.7,172.0,27.6
2004-08-23,7830.0,4.3,16.7,5650.0,4.2,235.0,3.1
2004-08-24,8030.0,4.1,17.6,5680.0,3.8,289.0,4.0
2004-08-25,7650.0,16.9,16.9,5150.0,16.1,1240.0,18.4
2004-08-26,9020.0,6.7,16.4,5160.0,10.5,1630.0,5.0
2004-08-27,10100.0,0.6,17.4,5910.0,0.7,957.0,0.5
2004-08-28,9350.0,0.0,18.3,5940.0,0.0,539.0,0.0
2004-08-29,8500.0,0.0,19.9,5700.0,0.0,372.0,0.0
2004-08-30,8210.0,0.0,20.7,5660.0,0.0,286.0,0.0
2004-08-31,7950.0,0.0,21.8,5500.0,0.0,233.0,0.0
2004-09-01,7600.0,0.0,20.1,5260.0,0.0,204.0,0.3
2004-09-02,7770.0,0.0,15.9,5210.0,0.5,190.0,0.0
2004-09-03,8020.0,0.0,16.0,5250.0,0.2,174.0,0.0
2004-09-04,8100.0,0.0,16.7,5270.0,0.0,158.0,0.1
2004-09-05,8200.0,0.0,16.9,5290.0,0.0,146.0,0.0
2004-09-06,8190.0,0.0,17.8,5250.0,0.0,136.0,0.0
2004-09-07,8160.0,0.0,18.5,5230.0,0.0,127.0,0.0
2004-09-08,8020.0,0.0,18.8,5070.0,0.0,121.0,0.0
2004-09-09,7940.0,0.0,18.4,5030.0,0.0,116.0,0.0
2004-09-10,8040.0,0.0,18.4,5060.0,0.0,112.0,0.1
2004-09-11,8310.0,9.3,19.8,5130.0,6.0,163.0,9.1
2004-09-12,8560.0,0.0,17.0,5250.0,0.0,188.0,0.0
2004-09-13,8780.0,3.9,16.2,5380.0,6.1,450.0,3.9
2004-09-14,9240.0,0.1,15.8,5420.0,0.3,818.0,0.3
2004-09-15,9640.0,7.3,16.4,5560.0,5.5,730.0,7.9
2004-09-16,9840.0,0.2,15.0,5630.0,0.4,728.0,0.7
2004-09-17,10000.0,7.2,15.4,5710.0,13.4,877.0,9.6
2004-09-18,11200.0,1.6,12.1,5830.0,8.8,1550.0,1.6
2004-09-19,12800.0,0.3,12.5,6350.0,5.3,1350.0,1.3
2004-09-20,12700.0,0.9,11.8,6720.0,1.9,1050.0,1.8
2004-09-21,12000.0,0.0,13.3,6610.0,0.0,759.0,0.0
2004-09-22,11400.0,0.0,14.4,6430.0,0.0,585.0,0.0
2004-09-23,10900.0,0.0,16.2,6210.0,0.0,468.0,0.0
2004-09-24,10500.0,0.0,16.3,6010.0,0.0,391.0,0.0
2004-09-25,10200.0,0.0,17.1,5830.0,0.0,336.0,0.0
2004-09-26,9980.0,0.0,16.7,5700.0,0.0,298.0,0.0
2004-09-27,9870.0,0.0,17.6,5640.0,0.0,269.0,0.0
2004-09-28,9770.0,0.0,19.3,5600.0,0.0,241.0,0.0
2004-09-29,9820.0,0.0,16.9,5680.0,0.0,222.0,0.0
2004-09-30,9880.0,0.0,14.0,5780.0,0.0,205.0,0.0
2004-10-01,9870.0,0.0,16.2,5840.0,0.0,195.0,0.0
2004-10-02,10200.0,0.0,16.6,6000.0,0.0,181.0,0.0
2004-10-03,10300.0,0.0,16.9,6200.0,0.0,171.0,0.0
2004-10-04,10300.0,0.0,17.2,6300.0,0.0,162.0,0.0
2004-10-05,10300.0,0.0,16.8,6330.0,0.0,154.0,0.0
2004-10-06,10500.0,10.3,17.7,6390.0,11.8,298.0,11.0
2004-10-07,11300.0,0.3,16.6,6490.0,0.2,314.0,0.4
2004-10-08,11700.0,9.3,16.1,6590.0,11.6,292.0,9.2
2004-10-09,12900.0,13.0,12.3,6800.0,20.9,956.0,14.1
2004-10-10,14200.0,0.4,12.4,7070.0,0.4,646.0,0.0
2004-10-11,14000.0,0.0,13.1,7200.0,0.0,474.0,0.0
2004-10-12,13700.0,0.0,15.2,7150.0,0.0,384.0,0.0
2004-10-13,13000.0,0.0,17.2,7080.0,0.0,326.0,0.0
2004-10-14,12100.0,0.0,17.7,6930.0,0.0,285.0,0.0
2004-10-15,12100.0,0.0,15.8,6910.0,0.0,258.0,0.0
2004-10-16,12200.0,0.1,13.7,6960.0,0.0,238.0,0.0
2004-10-17,12000.0,16.7,12.7,7030.0,19.8,260.0,16.6
2004-10-18,12600.0,10.9,9.9,7210.0,15.9,814.0,12.4
2004-10-19,14700.0,8.8,11.3,7970.0,11.8,1020.0,6.5
2004-10-20,15700.0,1.4,11.1,8720.0,1.8,662.0,1.9
2004-10-21,15300.0,1.1,11.6,8570.0,2.2,616.0,1.5
2004-10-22,15600.0,3.3,10.3,8500.0,4.9,701.0,4.8
2004-10-23,16800.0,1.2,9.7,8990.0,6.4,800.0,2.2
2004-10-24,18000.0,1.6,8.6,9600.0,2.6,784.0,2.2
2004-10-25,17900.0,4.2,7.7,9450.0,4.8,684.0,2.4
2004-10-26,17700.0,13.2,9.1,9310.0,12.1,602.0,12.5
2004-10-27,18000.0,0.7,8.6,9290.0,0.0,522.0,0.5
2004-10-28,17800.0,1.3,8.2,9530.0,0.3,457.0,1.3
2004-10-29,18000.0,1.7,10.5,9950.0,1.7,421.0,1.9
2004-10-30,18500.0,7.0,11.2,10300.0,9.0,558.0,8.1
2004-10-31,19700.0,0.5,8.0,10400.0,1.0,760.0,1.2
2004-11-01,20000.0,0.0,8.2,10500.0,0.0,680.0,0.0
2004-11-02,20100.0,18.6,12.2,10400.0,14.9,1200.0,17.7
2004-11-03,22500.0,3.9,7.1,11100.0,7.6,1470.0,4.8
2004-11-04,23900.0,0.0,6.4,12500.0,0.0,948.0,0.0
2004-11-05,21700.0,0.0,7.3,11500.0,0.0,729.0,0.0
2004-11-06,20100.0,0.0,6.4,11100.0,0.0,604.0,0.0
2004-11-07,19600.0,0.0,8.0,11000.0,0.0,512.0,0.0
2004-11-08,18900.0,0.0,7.4,10600.0,0.0,443.0,0.0
2004-11-09,18300.0,0.0,8.3,10300.0,0.0,391.0,0.0
2004-11-10,17800.0,0.0,8.4,10100.0,0.0,352.0,0.0
2004-11-11,17400.0,0.0,8.9,9710.0,0.0,320.0,0.0
2004-11-12,16700.0,0.0,8.8,9160.0,0.0,294.0,0.0
2004-11-13,16100.0,2.0,10.2,8960.0,3.4,275.0,2.1
2004-11-14,15100.0,0.0,9.4,8260.0,0.0,255.0,0.0
2004-11-15,14400.0,10.0,10.2,8090.0,9.4,252.0,9.6
2004-11-16,14400.0,0.6,7.9,7790.0,1.1,256.0,0.8
2004-11-17,13600.0,0.4,9.8,7590.0,0.0,231.0,0.0
2004-11-18,13400.0,10.0,9.3,7440.0,8.9,262.0,9.8
2004-11-19,13000.0,1.3,6.0,7100.0,0.0,274.0,0.4
2004-11-20,12500.0,0.0,3.9,6740.0,0.0,255.0,0.0
2004-11-21,12200.0,0.0,4.0,6450.0,0.0,240.0,0.0
2004-11-22,11800.0,0.1,4.5,6230.0,0.0,230.0,0.2
2004-11-23,11700.0,0.6,7.4,6130.0,0.4,225.0,0.6
2004-11-24,11800.0,1.1,10.7,6030.0,3.1,459.0,2.5
2004-11-25,13200.0,14.7,11.1,6020.0,15.8,1410.0,14.2
2004-11-26,16600.0,0.4,6.2,6290.0,0.0,1030.0,0.4
2004-11-27,16600.0,1.7,5.8,6840.0,0.3,736.0,0.9
2004-11-28,15500.0,0.0,2.1,7030.0,0.3,597.0,0.0
2004-11-29,14600.0,0.0,2.2,6860.0,0.0,508.0,0.0
2004-11-30,14000.0,3.6,3.7,6660.0,7.0,475.0,3.9
2004-12-01,13200.0,1.3,5.9,6110.0,1.8,575.0,1.5
2004-12-02,13100.0,0.0,2.6,5660.0,0.0,532.0,0.0
2004-12-03,12500.0,0.0,3.8,5680.0,0.0,478.0,0.0
2004-12-04,11400.0,0.0,4.8,5590.0,0.0,443.0,0.0
2004-12-05,11200.0,6.3,5.5,5500.0,6.6,423.0,5.5
2004-12-06,11400.0,5.5,4.7,5470.0,11.9,428.0,5.8
2004-12-07,12700.0,13.6,5.9,6110.0,24.7,561.0,16.5
2004-12-08,21300.0,27.6,8.9,12500.0,38.7,2520.0,32.8
2004-12-09,38800.0,13.5,9.6,24300.0,29.0,2750.0,16.0
2004-12-10,55600.0,7.1,13.4,35100.0,2.9,4610.0,4.0
2004-12-11,62800.0,19.6,10.8,35300.0,20.7,4000.0,21.1
2004-12-12,63200.0,1.1,8.3,34400.0,1.8,2090.0,1.6
2004-12-13,56300.0,0.2,6.8,33300.0,2.6,1290.0,0.5
2004-12-14,50600.0,6.5,10.9,30900.0,9.3,1300.0,5.9
2004-12-15,47700.0,0.0,6.5,29200.0,0.0,1130.0,0.0
2004-12-16,44200.0,0.0,5.7,27500.0,0.0,880.0,0.0
2004-12-17,38000.0,0.0,6.5,22700.0,0.0,721.0,0.0
2004-12-18,32600.0,0.0,7.7,19000.0,0.0,625.0,0.0
2004-12-19,28100.0,0.1,6.9,16100.0,0.0,559.0,0.5
2004-12-20,25500.0,0.0,5.4,14300.0,0.0,503.0,0.0
2004-12-21,23800.0,1.4,2.4,13200.0,0.1,461.0,1.3
2004-12-22,22800.0,0.2,5.9,12500.0,0.0,440.0,0.4
2004-12-23,22400.0,0.0,4.4,12100.0,0.0,406.0,0.0
2004-12-24,20900.0,0.0,4.3,11200.0,0.0,374.0,0.0
2004-12-25,19700.0,0.9,4.2,10900.0,0.4,354.0,0.6
2004-12-26,19300.0,13.4,6.1,10600.0,14.6,401.0,13.0
2004-12-27,19000.0,0.0,4.7,10800.0,0.3,369.0,0.0
2004-12-28,18000.0,0.0,5.3,10400.0,0.0,345.0,0.0
2004-12-29,17400.0,4.9,5.3,10400.0,7.5,340.0,5.7
2004-12-30,17300.0,0.2,4.5,10300.0,1.4,335.0,0.5
2004-12-31,16800.0,4.0,3.1,9650.0,3.1,320.0,3.4
2005-01-01,15700.0,6.3,5.2,9540.0,8.9,315.0,6.4
2005-01-02,16000.0,0.0,1.4,9820.0,0.0,300.0,0.0
2005-01-03,15700.0,0.0,1.5,9980.0,0.0,283.0,0.0
2005-01-04,14800.0,0.0,1.1,9150.0,0.0,269.0,0.0
2005-01-05,12900.0,0.0,-0.0,8230.0,0.0,254.0,0.0
2005-01-06,12100.0,0.5,1.5,7570.0,0.7,247.0,0.4
2005-01-07,11600.0,5.5,3.6,7060.0,13.0,249.0,7.0
2005-01-08,11400.0,4.6,3.4,6850.0,5.4,244.0,4.1
2005-01-09,11700.0,1.0,3.6,7290.0,5.9,230.0,2.0
2005-01-10,12200.0,2.8,1.7,7950.0,3.6,220.0,3.2
2005-01-11,12300.0,0.0,1.5,7900.0,0.2,212.0,0.0
2005-01-12,11800.0,1.8,3.6,7420.0,2.2,225.0,1.7
2005-01-13,11600.0,0.6,3.9,7240.0,0.3,287.0,1.2
2005-01-14,11200.0,0.0,2.8,6890.0,0.0,279.0,0.0
2005-01-15,10800.0,5.0,1.4,6660.0,7.9,268.0,5.5
2005-01-16,10700.0,0.1,3.5,6700.0,1.1,348.0,0.0
2005-01-17,11100.0,5.8,6.2,7020.0,2.6,884.0,4.4
2005-01-18,15900.0,13.8,13.2,7540.0,5.4,4740.0,10.5
2005-01-19,23000.0,0.0,11.8,10100.0,0.0,1820.0,0.0
2005-01-20,22300.0,0.0,10.4,11100.0,0.0,1090.0,0.0
2005-01-21,18900.0,0.0,9.0,9430.0,0.0,822.0,0.0
2005-01-22,16100.0,0.0,9.0,8090.0,0.0,670.0,0.0
2005-01-23,14700.0,0.0,10.0,7440.0,0.0,572.0,0.0
2005-01-24,13800.0,0.0,7.7,7120.0,0.0,499.0,0.0
2005-01-25,13100.0,0.0,7.8,6830.0,0.4,444.0,0.0
2005-01-26,11900.0,2.7,7.7,6470.0,3.0,406.0,3.3
2005-01-27,11100.0,0.3,8.6,6230.0,0.5,383.0,0.2
2005-01-28,10600.0,2.1,7.8,6130.0,3.1,353.0,1.6
2005-01-29,10500.0,10.0,7.5,6430.0,16.3,457.0,13.1
2005-01-30,11700.0,0.0,5.7,6710.0,0.0,437.0,0.0
2005-01-31,11100.0,0.0,7.1,6450.0,0.0,410.0,0.0
2005-02-01,10700.0,0.0,6.9,6330.0,0.0,386.0,0.0
2005-02-02,10300.0,0.0,6.5,6040.0,0.0,357.0,0.0
2005-02-03,9900.0,0.0,6.7,5890.0,0.0,334.0,0.0
2005-02-04,9620.0,2.7,4.8,5710.0,2.8,344.0,3.2
2005-02-05,9410.0,1.2,3.8,5560.0,0.6,411.0,1.4
2005-02-06,9340.0,8.3,4.3,5550.0,7.2,393.0,5.1
2005-02-07,9410.0,1.6,3.8,5570.0,4.0,399.0,2.6
2005-02-08,9500.0,0.0,3.1,5640.0,0.0,373.0,0.0
2005-02-09,9200.0,0.0,4.1,5420.0,0.0,352.0,0.0
2005-02-10,8960.0,0.0,3.2,5290.0,0.0,335.0,0.0
2005-02-11,8770.0,0.0,3.3,5180.0,0.0,320.0,0.0
2005-02-12,8620.0,3.2,3.8,5110.0,4.6,323.0,3.7
2005-02-13,8820.0,0.1,4.2,5380.0,1.0,442.0,0.5
2005-02-14,10500.0,0.1,2.0,7020.0,0.0,409.0,0.3
2005-02-15,10500.0,0.0,2.0,6540.0,0.0,369.0,0.0
2005-02-16,9810.0,0.0,3.1,6060.0,0.0,337.0,0.0
2005-02-17,9350.0,0.0,3.9,5760.0,0.0,311.0,0.0
2005-02-18,9010.0,0.0,4.0,5520.0,0.0,291.0,0.0
2005-02-19,8780.0,0.1,6.6,5390.0,2.2,282.0,0.8
2005-02-20,8870.0,2.8,6.4,5530.0,14.0,338.0,5.3
2005-02-21,10100.0,0.0,5.8,6960.0,0.0,320.0,0.0
2005-02-22,10400.0,0.0,6.3,6880.0,0.0,299.0,0.0
2005-02-23,9920.0,0.0,6.6,6380.0,0.0,279.0,0.0
2005-02-24,9350.0,0.0,7.7,5960.0,0.0,262.0,0.0
2005-02-25,9040.0,0.0,7.6,5720.0,0.0,249.0,0.0
2005-02-26,8700.0,0.0,7.1,5440.0,0.0,239.0,0.0
2005-02-27,8430.0,0.0,9.1,5260.0,1.0,229.0,0.0
2005-02-28,8280.0,3.9,10.0,5180.0,9.6,229.0,4.4
2005-03-01,8250.0,2.0,9.3,5150.0,4.3,228.0,1.6
2005-03-02,8180.0,3.0,9.6,5080.0,3.7,221.0,2.8
2005-03-03,8040.0,0.0,8.1,5000.0,0.0,215.0,0.0
2005-03-04,7900.0,0.0,9.9,4850.0,1.1,205.0,0.0
2005-03-05,7720.0,0.0,8.8,4780.0,0.0,196.0,0.0
2005-03-06,7470.0,0.0,10.5,4670.0,0.0,188.0,0.0
2005-03-07,7220.0,0.0,11.4,4560.0,0.0,181.0,0.0
2005-03-08,7120.0,0.0,12.0,4480.0,0.0,176.0,0.0
2005-03-09,6990.0,0.0,12.7,4370.0,0.1,172.0,0.0
2005-03-10,6880.0,0.0,13.2,4290.0,0.0,167.0,0.0
2005-03-11,6820.0,0.0,13.4,4210.0,0.0,163.0,0.0
2005-03-12,6740.0,0.0,13.1,4140.0,0.0,159.0,0.0
2005-03-13,6610.0,0.0,11.0,4040.0,0.0,152.0,0.0
2005-03-14,6510.0,0.0,10.6,3980.0,0.0,147.0,0.0
2005-03-15,6420.0,0.0,9.2,3930.0,0.0,142.0,0.0
2005-03-16,6350.0,1.1,10.1,3890.0,0.8,143.0,0.9
2005-03-17,6440.0,1.7,7.1,3950.0,5.3,188.0,3.1
2005-03-18,6740.0,0.0,8.1,4160.0,0.0,165.0,0.0
2005-03-19,6730.0,9.4,10.2,4100.0,9.3,256.0,8.3
2005-03-20,7150.0,9.8,10.6,4500.0,11.9,377.0,8.1
2005-03-21,7850.0,4.6,6.5,4850.0,5.7,345.0,4.8
2005-03-22,8000.0,0.9,7.3,4940.0,9.5,320.0,3.9
2005-03-23,8020.0,3.1,7.2,5070.0,3.8,327.0,3.7
2005-03-24,8480.0,8.1,6.4,5500.0,11.9,348.0,10.4
2005-03-25,9750.0,4.2,6.1,6960.0,1.2,348.0,4.0
2005-03-26,10700.0,13.0,9.2,7150.0,12.0,1130.0,12.0
2005-03-27,18800.0,42.6,10.4,9340.0,41.9,5090.0,41.6
2005-03-28,41100.0,9.0,7.5,21600.0,15.8,3100.0,11.7
2005-03-29,47200.0,21.0,7.4,26500.0,32.5,2070.0,24.3
2005-03-30,45900.0,1.7,6.9,27400.0,4.9,1450.0,3.5
2005-03-31,37100.0,0.0,8.3,21300.0,0.0,1050.0,0.0
2005-04-01,28300.0,9.7,10.4,15900.0,8.9,1130.0,8.9
2005-04-02,25200.0,0.1,8.4,13800.0,0.2,1110.0,0.0
2005-04-03,22800.0,7.1,8.1,12400.0,10.5,934.0,7.6
2005-04-04,21400.0,0.4,6.8,11800.0,6.2,909.0,1.2
2005-04-05,20400.0,0.7,9.5,11600.0,0.3,806.0,1.0
2005-04-06,19000.0,0.2,10.6,11100.0,0.3,747.0,0.6
2005-04-07,18200.0,11.7,10.3,10800.0,12.1,935.0,11.0
2005-04-08,21000.0,7.1,6.9,12900.0,9.4,1130.0,9.5
2005-04-09,24800.0,0.5,9.0,16100.0,4.9,979.0,1.9
2005-04-10,24400.0,0.0,7.6,15400.0,0.0,833.0,0.0
2005-04-11,22600.0,12.6,9.2,14100.0,13.6,985.0,12.4
2005-04-12,23000.0,6.3,6.8,14500.0,10.7,951.0,6.5
2005-04-13,22600.0,4.4,6.4,13900.0,7.7,824.0,4.2
2005-04-14,21000.0,1.9,6.3,12500.0,4.8,809.0,3.0
2005-04-15,19200.0,2.0,7.5,11500.0,1.8,784.0,1.1
2005-04-16,18500.0,16.1,11.0,10700.0,12.4,1490.0,14.6
2005-04-17,21200.0,4.0,8.2,10900.0,7.1,1690.0,4.4
2005-04-18,23100.0,2.8,7.6,11800.0,5.7,1250.0,4.6
2005-04-19,22600.0,0.1,9.5,12100.0,1.9,1010.0,0.0
2005-04-20,20100.0,0.0,11.0,10800.0,0.0,854.0,0.0
2005-04-21,18300.0,0.0,11.8,9820.0,0.0,759.0,0.0
2005-04-22,16600.0,0.0,14.1,9040.0,0.0,714.0,0.0
2005-04-23,15900.0,5.0,13.4,8650.0,5.2,775.0,5.8
2005-04-24,17600.0,2.5,10.9,9590.0,2.2,859.0,2.3
2005-04-25,17900.0,0.0,12.6,9980.0,0.0,733.0,0.0
2005-04-26,17000.0,0.0,13.3,9470.0,0.0,655.0,0.0
2005-04-27,16100.0,0.0,14.6,9200.0,0.0,606.0,0.0
2005-04-28,15900.0,0.7,14.7,9300.0,0.0,647.0,0.2
2005-04-29,15500.0,1.3,12.7,8990.0,0.3,561.0,0.6
2005-04-30,15100.0,0.0,12.5,8680.0,0.3,509.0,0.1
2005-05-01,15200.0,0.0,13.4,8980.0,3.0,463.0,0.2
2005-05-02,15400.0,2.3,13.5,9070.0,0.5,455.0,2.3
2005-05-03,15200.0,0.0,14.3,8940.0,0.0,412.0,0.0
2005-05-04,14800.0,5.5,15.3,8410.0,7.7,417.0,5.8
2005-05-05,14900.0,0.2,14.7,8560.0,2.9,418.0,0.7
2005-05-06,15700.0,0.9,14.1,9200.0,7.6,521.0,1.6
2005-05-07,16700.0,0.0,12.8,10100.0,0.3,609.0,0.0
2005-05-08,16500.0,7.7,13.6,9680.0,15.2,580.0,10.3
2005-05-09,16600.0,6.6,11.1,9920.0,10.8,636.0,5.7
2005-05-10,20400.0,24.9,10.3,13600.0,26.4,1080.0,28.5
2005-05-11,31900.0,0.1,11.7,23100.0,0.7,1100.0,0.3
2005-05-12,34900.0,0.0,13.2,24600.0,0.0,833.0,0.0
2005-05-13,29400.0,0.0,15.9,20300.0,0.0,677.0,0.0
2005-05-14,23600.0,1.3,16.9,15600.0,1.3,588.0,1.0
2005-05-15,20100.0,7.8,16.3,13300.0,8.0,543.0,8.3
2005-05-16,18300.0,6.2,12.7,12000.0,11.0,670.0,6.7
2005-05-17,20100.0,5.2,10.7,13500.0,8.2,855.0,6.6
2005-05-18,23600.0,15.0,12.6,16000.0,23.7,995.0,15.5
2005-05-19,27900.0,1.8,12.8,18100.0,12.7,1460.0,2.4
2005-05-20,30200.0,1.8,12.5,19500.0,5.2,1160.0,1.0
2005-05-21,29900.0,0.2,11.6,18400.0,2.3,1150.0,0.0
2005-05-22,28700.0,5.9,12.0,16700.0,5.3,1040.0,6.1
2005-05-23,27100.0,0.0,11.2,15200.0,0.0,856.0,0.0
2005-05-24,23600.0,0.0,12.1,12900.0,0.0,713.0,0.0
2005-05-25,20600.0,0.0,16.6,10900.0,0.0,605.0,0.0
2005-05-26,17800.0,0.0,19.8,9730.0,0.0,519.0,0.0
2005-05-27,15900.0,0.0,21.0,8990.0,0.0,455.0,0.0
2005-05-28,14700.0,0.0,18.4,8400.0,0.0,407.0,0.1
2005-05-29,13900.0,0.1,15.3,8510.0,3.0,370.0,0.3
2005-05-30,14100.0,0.0,16.0,8900.0,0.0,340.0,0.0
2005-05-31,14200.0,0.6,14.7,8830.0,0.8,322.0,0.2
2005-06-01,13600.0,3.4,13.2,8420.0,1.9,419.0,3.7
2005-06-02,13700.0,0.6,13.3,8470.0,0.6,532.0,0.6
2005-06-03,14100.0,0.0,13.3,8650.0,0.0,458.0,0.0
2005-06-04,13200.0,0.0,12.7,8330.0,0.0,400.0,0.1
2005-06-05,12700.0,6.4,11.6,7970.0,10.4,431.0,6.4
2005-06-06,13900.0,5.1,11.0,7780.0,11.5,882.0,3.6
2005-06-07,17100.0,3.2,11.3,8770.0,8.5,1230.0,4.8
2005-06-08,20700.0,1.4,12.8,11900.0,2.0,1010.0,1.9
2005-06-09,20000.0,0.0,15.5,11800.0,0.0,774.0,0.0
2005-06-10,17500.0,0.0,14.5,9910.0,0.5,633.0,0.0
2005-06-11,15300.0,1.4,13.9,8740.0,0.9,571.0,1.0
2005-06-12,14700.0,0.2,12.6,8440.0,0.0,536.0,0.1
2005-06-13,14200.0,0.3,15.4,8180.0,0.8,491.0,0.8
2005-06-14,12900.0,0.0,14.6,7850.0,0.3,444.0,0.1
2005-06-15,11900.0,0.0,13.4,7290.0,0.0,400.0,0.0
2005-06-16,11100.0,3.0,15.1,6780.0,6.6,373.0,4.8
2005-06-17,10900.0,12.6,12.4,6600.0,9.3,523.0,13.9
2005-06-18,12600.0,0.0,15.1,6940.0,1.8,606.0,0.0
2005-06-19,13300.0,0.0,16.1,7340.0,4.3,556.0,0.5
2005-06-20,12900.0,0.0,18.1,7440.0,0.7,515.0,0.0
2005-06-21,12100.0,0.0,17.6,7360.0,0.0,439.0,0.0
2005-06-22,11600.0,0.7,15.5,7140.0,2.1,394.0,1.6
2005-06-23,11300.0,0.0,16.0,6950.0,0.0,357.0,0.0
2005-06-24,10700.0,0.0,17.9,6670.0,0.0,321.0,0.0
2005-06-25,9800.0,0.0,17.8,6300.0,0.0,291.0,0.0
2005-06-26,9380.0,1.0,16.1,5980.0,1.1,267.0,0.7
2005-06-27,9240.0,2.6,14.7,5820.0,1.1,280.0,1.7
2005-06-28,9390.0,0.9,15.4,5780.0,0.0,377.0,0.1
2005-06-29,9500.0,0.0,17.2,5770.0,0.0,332.0,0.0
2005-06-30,9170.0,0.0,19.9,5730.0,0.0,281.0,0.0
2005-07-01,8820.0,0.0,18.3,5610.0,0.0,254.0,0.0
2005-07-02,8500.0,0.0,16.9,5400.0,0.0,231.0,0.0
2005-07-03,8240.0,0.0,16.8,5180.0,0.0,216.0,0.0
2005-07-04,8140.0,0.0,19.2,5050.0,0.0,200.0,0.0
2005-07-05,8050.0,0.0,19.8,5020.0,0.0,186.0,0.0
2005-07-06,8020.0,2.4,19.5,5000.0,1.0,189.0,3.0
2005-07-07,7980.0,0.0,18.0,4960.0,0.0,188.0,0.0
2005-07-08,7920.0,3.4,16.5,4920.0,1.9,174.0,2.7
2005-07-09,7920.0,1.8,16.0,4930.0,3.8,191.0,2.4
2005-07-10,8010.0,0.0,16.6,5060.0,0.0,197.0,0.0
2005-07-11,7970.0,0.2,18.3,5130.0,0.0,200.0,0.3
2005-07-12,7820.0,0.0,17.9,5090.0,0.0,188.0,0.0
2005-07-13,7750.0,0.0,18.2,4990.0,0.0,174.0,0.0
2005-07-14,7560.0,0.0,19.4,4930.0,0.0,161.0,0.0
2005-07-15,7480.0,0.0,21.6,4920.0,0.0,152.0,0.0
2005-07-16,7500.0,0.0,19.0,5010.0,0.0,140.0,0.0
2005-07-17,7610.0,0.0,21.5,5130.0,0.0,134.0,0.0
2005-07-18,7580.0,0.0,25.3,5150.0,0.0,125.0,0.0
2005-07-19,7410.0,0.0,22.5,5100.0,0.0,119.0,0.0
2005-07-20,7290.0,0.0,21.0,4990.0,0.0,113.0,0.0
2005-07-21,7210.0,0.0,23.3,4910.0,0.0,107.0,0.0
2005-07-22,7210.0,5.9,23.4,4880.0,5.1,110.0,6.1
2005-07-23,7350.0,0.0,19.7,4990.0,0.0,104.0,0.0
2005-07-24,7280.0,0.0,19.6,5050.0,0.0,96.9,0.0
2005-07-25,7190.0,0.0,19.2,5050.0,0.0,92.4,0.0
2005-07-26,7100.0,0.0,23.7,4980.0,0.0,88.3,0.0
2005-07-27,7050.0,0.0,26.6,4990.0,0.0,84.2,0.0
2005-07-28,7100.0,0.0,25.0,5200.0,0.0,80.1,0.0
2005-07-29,7300.0,0.0,23.3,5300.0,0.0,77.6,0.0
2005-07-30,7250.0,0.0,23.6,5280.0,0.0,74.0,0.0
2005-07-31,7300.0,0.0,23.2,5290.0,0.0,71.4,0.0
2005-08-01,7270.0,0.0,21.5,5240.0,0.0,69.8,0.0
2005-08-02,7230.0,0.0,20.0,5210.0,0.8,68.1,0.0
2005-08-03,7190.0,0.0,22.3,5190.0,0.0,65.2,0.0
2005-08-04,7160.0,0.0,26.4,5160.0,0.0,61.6,0.0
2005-08-05,7110.0,0.0,25.0,5100.0,0.0,59.2,0.0
2005-08-06,7050.0,0.0,23.9,5050.0,0.0,56.9,0.0
2005-08-07,7050.0,0.0,22.5,5050.0,0.0,55.2,0.0
2005-08-08,7060.0,0.0,22.9,5040.0,0.0,54.0,0.0
2005-08-09,7020.0,0.0,22.2,5000.0,0.0,52.0,0.0
2005-08-10,6970.0,0.0,20.4,5040.0,0.0,50.9,0.0
2005-08-11,7050.0,0.0,19.9,5140.0,0.0,49.5,0.0
2005-08-12,7100.0,0.0,20.3,5170.0,0.0,47.9,0.0
2005-08-13,7110.0,0.0,23.7,5170.0,0.0,47.5,0.0
2005-08-14,7110.0,0.0,26.0,5180.0,0.0,45.4,0.0
2005-08-15,7080.0,0.0,24.9,5160.0,0.0,42.8,0.0
2005-08-16,7050.0,0.0,21.5,5140.0,0.0,42.0,0.0
2005-08-17,7060.0,0.0,18.5,5190.0,0.0,42.0,0.0
2005-08-18,7140.0,0.0,19.7,5260.0,0.0,42.4,0.0
2005-08-19,7160.0,0.0,22.3,5250.0,0.0,41.7,0.0
2005-08-20,7130.0,0.0,21.4,5230.0,0.0,40.4,0.0
2005-08-21,7130.0,0.0,21.1,5310.0,0.0,38.9,0.0
2005-08-22,7200.0,0.0,20.7,5310.0,0.0,37.2,0.0
2005-08-23,7170.0,0.0,17.9,5300.0,0.0,36.7,0.0
2005-08-24,7170.0,0.0,18.7,5300.0,0.0,35.9,0.0
2005-08-25,7180.0,0.0,22.1,5330.0,0.0,35.3,0.0
2005-08-26,7140.0,0.0,22.7,5300.0,0.0,34.2,0.0
2005-08-27,7130.0,0.0,20.7,5280.0,0.0,33.6,0.0
2005-08-28,7160.0,0.0,20.5,5290.0,0.0,32.3,0.0
2005-08-29,7230.0,0.1,17.5,5340.0,4.5,34.1,0.0
2005-08-30,7300.0,0.0,17.3,5360.0,1.4,40.2,0.0
2005-08-31,7310.0,0.0,19.6,5380.0,0.0,37.4,0.0
2005-09-01,7210.0,0.0,21.3,5180.0,0.0,34.7,0.0
2005-09-02,7140.0,0.0,20.1,5040.0,0.0,33.1,0.0
2005-09-03,7320.0,0.0,18.6,5110.0,0.0,32.5,0.0
2005-09-04,7460.0,0.0,17.7,5130.0,0.0,32.0,0.0
2005-09-05,7510.0,0.0,17.3,5140.0,0.0,31.6,0.0
2005-09-06,7500.0,0.0,18.6,5110.0,0.0,31.0,0.0
2005-09-07,7790.0,0.0,20.5,5110.0,0.0,30.9,0.0
2005-09-08,8220.0,0.0,21.4,5200.0,0.0,30.4,0.0
2005-09-09,8300.0,0.0,17.7,5220.0,0.0,31.2,0.0
2005-09-10,8480.0,2.7,15.0,5320.0,5.0,58.7,1.5
2005-09-11,8780.0,4.2,14.2,5520.0,2.8,54.7,1.9
2005-09-12,8890.0,0.0,15.9,5580.0,0.0,45.5,0.0
2005-09-13,8810.0,0.0,16.8,5450.0,0.0,40.6,0.0
2005-09-14,8730.0,0.0,17.9,5400.0,0.0,38.5,0.0
2005-09-15,8750.0,0.0,16.7,5400.0,0.0,36.9,0.0
2005-09-16,8910.0,1.2,15.1,5370.0,3.4,37.3,1.1
2005-09-17,8970.0,1.9,13.4,5430.0,0.8,41.9,0.4
2005-09-18,9030.0,0.0,14.4,5450.0,0.0,40.7,0.0
2005-09-19,9040.0,0.0,15.8,5410.0,0.0,37.7,0.0
2005-09-20,8990.0,0.0,16.4,5400.0,0.0,36.1,0.0
2005-09-21,8930.0,0.0,15.9,5420.0,0.0,34.8,0.0
2005-09-22,8950.0,0.0,14.8,5440.0,0.0,33.5,0.0
2005-09-23,8940.0,0.0,15.0,5390.0,0.0,33.0,0.0
2005-09-24,8940.0,0.0,14.0,5510.0,0.0,31.8,0.0
2005-09-25,9100.0,0.0,14.7,5530.0,0.0,31.1,0.0
2005-09-26,9060.0,0.0,16.7,5530.0,0.0,30.5,0.0
2005-09-27,9090.0,0.0,17.1,5590.0,0.0,29.7,0.0
2005-09-28,9100.0,0.0,16.5,5580.0,0.0,28.8,0.0
2005-09-29,9090.0,0.0,16.7,5590.0,0.0,28.6,0.0
2005-09-30,9250.0,16.9,18.2,5700.0,0.0,41.0,8.9
2005-10-01,9960.0,10.5,13.8,6020.0,18.6,198.0,14.5
2005-10-02,10600.0,4.0,10.8,6330.0,8.8,161.0,4.5
2005-10-03,10500.0,1.9,10.6,6370.0,6.4,155.0,3.6
2005-10-04,10400.0,0.0,10.2,6340.0,1.4,123.0,0.6
2005-10-05,10200.0,0.2,12.3,6240.0,0.0,88.8,0.0
2005-10-06,9850.0,0.0,14.5,6080.0,0.0,69.8,0.0
2005-10-07,9620.0,0.4,14.5,5950.0,0.3,60.1,0.4
2005-10-08,9640.0,0.6,12.2,6250.0,0.5,56.5,0.1
2005-10-09,9860.0,0.6,13.4,6310.0,0.3,70.8,0.6
2005-10-10,9850.0,0.3,13.1,6290.0,0.5,70.8,0.4
2005-10-11,9830.0,0.3,13.9,6220.0,0.1,58.9,0.1
2005-10-12,9740.0,0.0,12.6,6190.0,0.0,53.1,0.0
2005-10-13,9660.0,1.8,12.9,6170.0,0.0,50.1,1.2
2005-10-14,9640.0,0.0,13.6,6140.0,0.0,49.0,0.0
2005-10-15,9540.0,6.3,13.0,6160.0,12.2,53.7,7.5
2005-10-16,9420.0,0.0,13.6,6260.0,0.5,90.1,0.2
2005-10-17,9600.0,0.0,14.6,6340.0,0.0,80.5,0.2
2005-10-18,9430.0,0.3,14.7,6250.0,0.0,66.8,0.0
2005-10-19,9270.0,10.9,14.4,6130.0,10.0,87.9,10.1
2005-10-20,9370.0,2.5,14.2,6120.0,1.1,530.0,1.3
2005-10-21,9830.0,0.0,13.1,6160.0,0.0,306.0,0.0
2005-10-22,9600.0,0.0,13.3,6200.0,0.0,182.0,0.0
2005-10-23,9440.0,0.0,14.0,6240.0,0.0,135.0,0.0
2005-10-24,9520.0,0.0,14.0,6370.0,0.0,111.0,0.0
2005-10-25,9400.0,0.2,13.3,6060.0,0.4,96.7,0.0
2005-10-26,9150.0,9.2,10.6,5680.0,9.9,130.0,9.9
2005-10-27,9300.0,1.1,8.2,5650.0,1.4,149.0,1.0
2005-10-28,9780.0,12.2,10.4,6020.0,20.4,343.0,16.2
2005-10-29,10700.0,2.6,9.9,6370.0,7.8,456.0,4.0
2005-10-30,10900.0,0.1,9.4,6480.0,0.3,370.0,0.2
2005-10-31,10700.0,10.7,12.8,6350.0,8.9,1710.0,7.3
2005-11-01,15000.0,27.6,12.4,6680.0,17.5,2810.0,17.9
2005-11-02,19000.0,0.2,8.6,8120.0,0.4,1540.0,0.2
2005-11-03,18100.0,23.6,8.6,8490.0,27.0,961.0,23.2
2005-11-04,19300.0,12.1,7.7,8990.0,15.1,1300.0,14.3
2005-11-05,22400.0,15.1,7.1,10800.0,17.4,1700.0,14.3
2005-11-06,26800.0,6.5,8.9,12700.0,14.6,2950.0,8.8
2005-11-07,31500.0,4.2,6.7,16000.0,3.0,1530.0,2.5
2005-11-08,28800.0,0.0,4.2,14600.0,0.0,1070.0,0.1
2005-11-09,25700.0,0.0,5.8,13400.0,0.0,796.0,0.0
2005-11-10,23900.0,0.9,6.9,12600.0,0.0,652.0,0.4
2005-11-11,23200.0,3.3,7.7,12100.0,3.9,724.0,4.7
2005-11-12,25100.0,7.3,7.6,13100.0,10.4,1070.0,7.4
2005-11-13,27800.0,13.2,10.0,14600.0,18.5,2540.0,14.1
2005-11-14,33600.0,0.2,9.8,17600.0,0.4,2330.0,0.4
2005-11-15,33900.0,0.0,5.0,18400.0,0.0,1380.0,0.0
2005-11-16,29700.0,0.0,5.8,16600.0,0.0,987.0,0.0
2005-11-17,27500.0,0.0,6.8,15100.0,0.0,766.0,0.0
2005-11-18,25000.0,0.0,6.8,13400.0,0.0,632.0,0.0
2005-11-19,22500.0,0.0,8.0,11900.0,0.0,542.0,0.0
2005-11-20,19900.0,0.0,6.4,10700.0,0.0,472.0,0.0
2005-11-21,17700.0,0.0,5.2,9460.0,0.0,414.0,0.0
2005-11-22,15800.0,0.0,5.2,8700.0,0.0,367.0,0.0
2005-11-23,15000.0,0.0,5.6,8310.0,0.0,328.0,0.0
2005-11-24,14700.0,0.2,4.1,8120.0,1.3,296.0,0.0
2005-11-25,15900.0,28.8,5.8,9000.0,39.9,644.0,29.6
2005-11-26,21800.0,2.9,4.2,13000.0,5.5,1100.0,3.2
2005-11-27,24900.0,3.2,3.8,13000.0,4.7,758.0,3.9
2005-11-28,22900.0,2.1,1.4,12500.0,10.5,622.0,3.8
2005-11-29,22600.0,9.3,5.0,13800.0,6.6,839.0,5.2
2005-11-30,25900.0,2.4,4.3,16000.0,3.8,795.0,2.9
2005-12-01,27200.0,6.0,4.1,16700.0,10.5,763.0,7.4
2005-12-02,33100.0,10.4,4.7,21300.0,14.9,884.0,10.0
2005-12-03,43800.0,6.5,4.2,27800.0,9.0,796.0,5.2
2005-12-04,44300.0,0.0,2.6,27500.0,0.4,700.0,0.1
2005-12-05,37300.0,0.0,2.1,23400.0,0.0,620.0,0.0
2005-12-06,31500.0,0.0,1.9,20100.0,0.0,560.0,0.0
2005-12-07,26800.0,0.7,2.8,17400.0,1.8,519.0,1.2
2005-12-08,23300.0,1.6,1.6,15300.0,2.3,471.0,1.8
2005-12-09,21100.0,0.0,1.2,13600.0,0.0,431.0,0.0
2005-12-10,19000.0,0.0,1.5,12200.0,0.0,480.0,0.0
2005-12-11,17800.0,0.0,2.5,11500.0,0.0,643.0,0.0
2005-12-12,17600.0,0.0,1.0,11300.0,0.0,683.0,0.0
2005-12-13,17500.0,0.0,1.1,11000.0,0.0,589.0,0.0
2005-12-14,16300.0,0.0,0.1,9760.0,0.0,503.0,0.0
2005-12-15,15000.0,0.0,-0.6,8610.0,0.0,443.0,0.0
2005-12-16,14200.0,0.0,-1.3,8640.0,0.0,396.0,0.0
2005-12-17,14000.0,0.0,-1.3,8960.0,0.0,357.0,0.0
2005-12-18,13500.0,1.5,0.6,8520.0,3.9,327.0,2.8
2005-12-19,13900.0,11.9,2.4,8990.0,14.1,420.0,11.1
2005-12-20,19400.0,6.3,4.6,13100.0,7.8,1010.0,6.2
2005-12-21,28900.0,17.1,6.6,19200.0,22.0,1390.0,17.8
2005-12-22,46900.0,27.7,11.1,28300.0,20.8,3770.0,22.8
2005-12-23,67400.0,3.6,10.7,38100.0,1.3,2980.0,2.7
2005-12-24,68200.0,0.0,11.1,38100.0,0.0,1610.0,0.0
2005-12-25,59100.0,5.5,10.8,30000.0,9.5,1300.0,4.9
2005-12-26,50400.0,9.6,9.2,25400.0,10.8,1180.0,9.1
2005-12-27,50300.0,15.7,8.9,25200.0,19.5,1530.0,15.1
2005-12-28,64500.0,47.3,9.6,35200.0,50.3,2910.0,48.4
2005-12-29,81700.0,0.7,7.3,48400.0,5.8,2350.0,0.8
2005-12-30,90300.0,45.0,8.8,54800.0,56.9,6710.0,46.1
2005-12-31,118000.0,13.4,9.8,66000.0,29.1,6210.0,17.5
2006-01-01,139000.0,2.2,8.3,79400.0,5.2,2840.0,2.4
2006-01-02,131000.0,12.0,7.0,76600.0,15.2,1880.0,11.4
2006-01-03,113000.0,6.8,4.5,61700.0,6.0,1510.0,7.6
2006-01-04,93800.0,3.8,5.8,53200.0,3.7,1300.0,3.3
2006-01-05,85500.0,0.7,6.0,50300.0,0.0,1100.0,0.0
2006-01-06,82600.0,25.2,8.3,48800.0,12.8,977.0,17.2
2006-01-07,87700.0,17.0,8.6,51200.0,21.1,1450.0,17.9
2006-01-08,94200.0,7.5,6.7,53900.0,15.8,1740.0,9.8
2006-01-09,96000.0,8.6,8.1,54400.0,7.0,2600.0,6.9
2006-01-10,103000.0,36.9,10.9,55200.0,36.4,8930.0,36.7
2006-01-11,119000.0,15.5,8.7,62100.0,27.0,5490.0,15.7
2006-01-12,130000.0,5.0,6.5,75100.0,9.3,2700.0,4.4
2006-01-13,126000.0,15.0,8.6,69800.0,17.6,3400.0,14.9
2006-01-14,113000.0,12.0,7.1,58600.0,15.4,2870.0,14.3
2006-01-15,103000.0,2.8,3.7,60000.0,3.7,1800.0,2.3
2006-01-16,100000.0,7.9,5.7,61800.0,5.4,1450.0,6.0
2006-01-17,108000.0,36.6,9.7,66000.0,58.2,3650.0,45.0
2006-01-18,130000.0,5.3,7.1,77900.0,9.1,2480.0,4.5
2006-01-19,138000.0,1.0,5.9,85200.0,4.3,1760.0,0.6
2006-01-20,136000.0,16.6,6.8,76000.0,22.0,1850.0,16.2
2006-01-21,126000.0,3.4,5.8,71200.0,6.0,1830.0,3.4
2006-01-22,122000.0,0.5,3.1,71100.0,1.3,1410.0,0.8
2006-01-23,117000.0,0.0,4.7,67100.0,0.0,1110.0,0.0
2006-01-24,108000.0,0.0,5.6,62100.0,0.0,997.0,0.0
2006-01-25,99200.0,4.8,4.4,57400.0,5.3,984.0,4.8
2006-01-26,92500.0,6.5,4.3,53200.0,8.4,885.0,5.8
2006-01-27,86300.0,9.7,5.3,50900.0,15.3,844.0,10.5
2006-01-28,85900.0,24.4,6.5,51700.0,29.0,1150.0,25.0
2006-01-29,88900.0,14.9,6.2,52000.0,16.2,1390.0,14.6
2006-01-30,94000.0,25.8,9.7,53800.0,23.3,2570.0,24.4
2006-01-31,94700.0,8.6,5.5,52000.0,9.7,2030.0,8.3
2006-02-01,94700.0,18.7,8.7,53800.0,19.7,3020.0,19.1
2006-02-02,92800.0,4.6,8.9,55800.0,6.5,2050.0,4.0
2006-02-03,89200.0,1.8,9.1,54300.0,2.8,2610.0,2.8
2006-02-04,88700.0,12.1,8.7,53500.0,20.7,2480.0,14.5
2006-02-05,91500.0,0.0,4.2,55200.0,1.0,1780.0,0.5
2006-02-06,87200.0,0.0,6.0,53400.0,0.0,1310.0,0.0
2006-02-07,71200.0,0.0,6.3,42300.0,0.0,1050.0,0.0
2006-02-08,53200.0,0.1,5.2,34000.0,0.0,923.0,0.0
2006-02-09,45900.0,0.0,6.7,30400.0,0.0,842.0,0.0
2006-02-10,42000.0,0.0,7.1,27900.0,0.0,729.0,0.0
2006-02-11,38400.0,0.0,5.4,25600.0,0.0,634.0,0.0
2006-02-12,32500.0,0.0,6.8,21400.0,0.0,563.0,0.0
2006-02-13,27800.0,0.1,6.6,18400.0,0.0,522.0,0.0
2006-02-14,25400.0,0.8,3.7,17100.0,1.7,495.0,1.2
2006-02-15,23600.0,0.0,1.4,15100.0,1.7,451.0,0.0
2006-02-16,20800.0,0.0,0.8,12600.0,0.0,410.0,0.0
2006-02-17,18700.0,0.0,0.1,10900.0,0.0,367.0,0.0
2006-02-18,17500.0,0.0,-1.0,10400.0,0.0,323.0,0.0
2006-02-19,16800.0,0.0,-0.7,9920.0,0.0,309.0,0.0
2006-02-20,16200.0,0.0,0.4,9460.0,0.0,292.0,0.0
2006-02-21,15600.0,1.3,3.4,9160.0,0.0,282.0,1.3
2006-02-22,15300.0,0.2,5.7,8910.0,0.1,282.0,0.2
2006-02-23,14600.0,0.0,6.0,8140.0,0.0,269.0,0.0
2006-02-24,14000.0,1.3,4.3,7780.0,0.2,279.0,0.9
2006-02-25,13500.0,0.0,3.0,7570.0,0.0,256.0,0.0
2006-02-26,13200.0,0.0,5.5,7400.0,0.0,248.0,0.0
2006-02-27,13100.0,9.8,9.4,7450.0,16.6,350.0,9.0
2006-02-28,16000.0,23.4,7.6,10300.0,32.1,987.0,27.3
2006-03-01,24000.0,0.7,7.7,15800.0,2.1,981.0,0.5
2006-03-02,23100.0,2.6,7.7,14400.0,5.3,802.0,3.5
2006-03-03,20600.0,0.0,5.1,12800.0,0.1,653.0,0.0
2006-03-04,18900.0,1.3,6.7,11600.0,1.8,565.0,1.2
2006-03-05,17700.0,2.8,8.5,10800.0,3.4,493.0,3.5
2006-03-06,16800.0,3.0,8.9,10200.0,8.0,454.0,1.7
2006-03-07,16400.0,10.2,7.0,10000.0,12.5,490.0,10.9
2006-03-08,17200.0,14.1,5.2,10500.0,11.5,579.0,13.0
2006-03-09,21900.0,13.3,3.3,13800.0,20.5,737.0,15.3
2006-03-10,29200.0,1.7,2.7,18600.0,5.4,601.0,1.9
2006-03-11,28000.0,0.8,2.0,17200.0,1.0,511.0,0.7
2006-03-12,23900.0,0.5,3.3,14600.0,0.5,454.0,0.2
2006-03-13,21100.0,0.0,3.5,13000.0,0.1,410.0,0.0
2006-03-14,19400.0,1.2,5.0,11700.0,5.1,388.0,1.7
2006-03-15,18300.0,4.4,5.1,11100.0,4.5,375.0,4.1
2006-03-16,18000.0,13.0,5.7,11000.0,18.2,420.0,14.6
2006-03-17,19300.0,5.7,6.4,12100.0,12.4,505.0,7.5
2006-03-18,20900.0,1.8,5.4,13000.0,2.6,572.0,1.8
2006-03-19,20600.0,0.0,5.6,12600.0,0.0,519.0,0.0
2006-03-20,19400.0,0.0,5.8,11700.0,1.2,468.0,0.0
2006-03-21,18300.0,4.9,7.0,11000.0,8.6,464.0,6.4
2006-03-22,18100.0,1.1,9.4,11100.0,0.7,489.0,0.9
2006-03-23,17800.0,0.0,10.3,10900.0,0.0,506.0,0.0
2006-03-24,18400.0,13.3,10.0,11500.0,16.9,596.0,12.9
2006-03-25,20100.0,3.5,6.2,12500.0,7.6,644.0,4.6
2006-03-26,20600.0,1.3,5.8,13300.0,2.6,634.0,1.5
2006-03-27,20800.0,0.0,8.0,13000.0,0.0,565.0,0.0
2006-03-28,19400.0,0.0,11.1,12100.0,0.2,582.0,0.0
2006-03-29,18900.0,2.8,9.3,12400.0,6.8,654.0,3.7
2006-03-30,19800.0,0.0,8.7,13100.0,2.7,621.0,0.0
2006-03-31,20900.0,5.9,8.4,13400.0,10.7,611.0,5.7
2006-04-01,22200.0,4.4,8.0,14000.0,6.0,703.0,6.7
2006-04-02,23300.0,4.7,8.4,14400.0,5.2,702.0,4.5
2006-04-03,22300.0,3.2,9.2,13300.0,6.3,701.0,4.0
2006-04-04,21400.0,0.0,8.7,12600.0,0.0,744.0,0.0
2006-04-05,21900.0,2.1,9.7,12700.0,5.7,712.0,4.7
2006-04-06,22600.0,0.1,9.7,13100.0,0.0,733.0,0.1
2006-04-07,22700.0,0.0,11.5,13200.0,0.7,670.0,0.1
2006-04-08,22200.0,17.1,11.8,12600.0,6.5,904.0,12.7
2006-04-09,22900.0,1.5,9.6,13100.0,8.2,1050.0,2.9
2006-04-10,23400.0,2.9,9.6,13300.0,14.6,1030.0,6.2
2006-04-11,23900.0,4.1,9.6,14100.0,5.1,921.0,5.6
2006-04-12,23500.0,0.8,11.7,14000.0,4.3,875.0,0.8
2006-04-13,22600.0,0.0,11.4,13200.0,0.1,868.0,0.0
2006-04-14,21300.0,13.5,9.6,12200.0,11.4,1260.0,13.4
2006-04-15,23500.0,15.7,6.1,12600.0,19.4,1680.0,16.0
2006-04-16,27900.0,4.6,6.3,16700.0,7.0,1310.0,4.9
2006-04-17,30500.0,1.1,7.1,18100.0,4.7,1060.0,1.8
2006-04-18,27700.0,1.5,7.3,16100.0,1.0,920.0,1.6
2006-04-19,25400.0,0.0,10.4,14400.0,0.0,844.0,0.0
2006-04-20,23700.0,0.0,11.7,13500.0,0.0,860.0,0.0
2006-04-21,22800.0,2.5,10.7,12600.0,1.5,971.0,2.8
2006-04-22,21700.0,0.0,8.4,11900.0,0.0,869.0,0.0
2006-04-23,21000.0,0.0,11.9,11600.0,0.0,727.0,0.0
2006-04-24,20100.0,0.0,12.9,11000.0,0.0,672.0,0.0
2006-04-25,19300.0,0.0,12.4,10600.0,0.0,642.0,0.0
2006-04-26,18600.0,0.0,11.3,10300.0,0.0,627.0,0.0
2006-04-27,18500.0,0.0,12.1,9870.0,0.0,628.0,0.0
2006-04-28,18000.0,0.0,16.0,9530.0,0.0,725.0,0.0
2006-04-29,17700.0,0.0,14.6,9650.0,0.0,914.0,0.1
2006-04-30,17800.0,1.2,7.9,9640.0,0.0,824.0,0.9
2006-05-01,17100.0,0.0,9.6,9230.0,0.0,624.0,0.0
2006-05-02,16400.0,0.0,9.2,8690.0,0.0,505.0,0.0
2006-05-03,16500.0,0.0,12.9,8630.0,0.0,438.0,0.0
2006-05-04,16100.0,0.0,15.2,8640.0,0.0,413.0,0.0
2006-05-05,15500.0,0.0,15.5,8450.0,0.0,433.0,0.0
2006-05-06,15800.0,0.0,11.6,8270.0,0.0,453.0,0.0
2006-05-07,15800.0,4.2,10.3,8260.0,5.0,446.0,4.6
2006-05-08,16100.0,1.5,8.9,8520.0,0.5,519.0,1.5
2006-05-09,16400.0,0.0,9.8,8790.0,0.0,437.0,0.0
2006-05-10,16300.0,0.0,13.1,9040.0,0.0,385.0,0.0
2006-05-11,16400.0,0.6,14.7,9040.0,0.0,416.0,0.3
2006-05-12,16200.0,0.0,10.4,9060.0,0.0,430.0,0.0
2006-05-13,16100.0,0.0,11.9,9060.0,0.0,377.0,0.0
2006-05-14,16000.0,0.0,15.4,9010.0,0.0,354.0,0.0
2006-05-15,15800.0,0.0,20.3,8990.0,0.0,428.0,0.0
2006-05-16,15800.0,0.0,20.7,9110.0,0.0,534.0,0.0
2006-05-17,15600.0,0.0,19.8,9440.0,0.0,533.0,0.0
2006-05-18,16000.0,0.0,20.0,9840.0,0.0,527.0,0.0
2006-05-19,16400.0,1.3,17.9,10100.0,1.3,467.0,2.3
2006-05-20,16500.0,0.5,16.2,10300.0,4.8,418.0,2.4
2006-05-21,17100.0,0.8,17.2,10500.0,4.1,350.0,1.3
2006-05-22,17200.0,2.3,15.4,10300.0,5.3,316.0,2.8
2006-05-23,16700.0,11.0,14.7,10200.0,13.6,296.0,12.0
2006-05-24,16200.0,15.3,13.3,10000.0,14.2,332.0,15.7
2006-05-25,16700.0,2.7,12.8,11000.0,4.4,327.0,3.2
2006-05-26,17200.0,7.3,10.7,11100.0,13.5,489.0,7.4
2006-05-27,17800.0,9.7,9.8,11400.0,12.7,583.0,9.5
2006-05-28,18900.0,6.6,10.6,12100.0,11.4,1230.0,8.5
2006-05-29,22600.0,0.2,12.3,13900.0,2.5,1080.0,0.8
2006-05-30,21700.0,0.0,14.6,13200.0,0.0,705.0,0.0
2006-05-31,18600.0,0.2,17.0,10800.0,0.1,544.0,0.2
2006-06-01,16100.0,7.7,15.9,9310.0,8.7,486.0,8.4
2006-06-02,16300.0,8.7,16.1,9210.0,9.5,927.0,9.2
2006-06-03,19700.0,0.1,15.5,11100.0,0.9,956.0,0.8
2006-06-04,20900.0,5.9,17.0,12100.0,4.0,1100.0,4.0
2006-06-05,22900.0,0.0,16.6,13400.0,0.0,1100.0,0.0
2006-06-06,23100.0,0.0,16.7,14300.0,0.1,802.0,0.0
2006-06-07,21200.0,0.0,15.6,14100.0,0.0,631.0,0.0
2006-06-08,19500.0,0.0,13.8,13000.0,0.0,518.0,0.0
2006-06-09,17800.0,0.0,13.0,11900.0,0.0,437.0,0.0
2006-06-10,16500.0,0.0,14.3,10800.0,0.0,380.0,0.0
2006-06-11,15300.0,0.0,16.8,9610.0,0.0,334.0,0.0
2006-06-12,13900.0,0.9,18.5,8440.0,6.1,311.0,1.0
2006-06-13,13100.0,0.1,16.7,8160.0,0.3,328.0,0.1
2006-06-14,13400.0,1.3,15.1,8550.0,0.7,301.0,0.5
2006-06-15,13700.0,1.0,14.9,9030.0,1.2,351.0,1.0
2006-06-16,13900.0,1.2,16.5,8910.0,1.5,406.0,1.9
2006-06-17,13800.0,0.0,15.2,8830.0,0.0,495.0,0.0
2006-06-18,13400.0,0.0,15.3,8310.0,0.0,392.0,0.0
2006-06-19,12700.0,0.0,14.5,7800.0,0.0,330.0,0.0
2006-06-20,11900.0,0.0,14.4,7110.0,0.0,286.0,0.0
2006-06-21,11200.0,0.0,14.9,6790.0,0.0,254.0,0.0
2006-06-22,10900.0,0.0,16.0,6680.0,0.0,227.0,0.0
2006-06-23,10600.0,0.0,17.4,6630.0,0.0,206.0,0.0
2006-06-24,10300.0,0.0,21.2,6460.0,0.0,188.0,0.0
2006-06-25,10200.0,0.0,25.4,6280.0,0.0,172.0,0.0
2006-06-26,10000.0,0.0,28.1,6180.0,0.0,158.0,0.0
2006-06-27,9580.0,0.0,26.4,6040.0,0.0,146.0,0.0
2006-06-28,9310.0,0.0,20.4,5880.0,0.0,137.0,0.0
2006-06-29,9010.0,0.2,20.8,5620.0,0.7,131.0,0.4
2006-06-30,8680.0,0.0,22.9,5360.0,0.0,125.0,0.0
2006-07-01,8420.0,0.0,22.5,5280.0,0.0,116.0,0.0
2006-07-02,8240.0,0.0,23.3,5190.0,0.0,110.0,0.0
2006-07-03,8000.0,0.0,21.6,5040.0,0.0,105.0,0.0
2006-07-04,7810.0,0.0,20.9,4940.0,0.0,101.0,0.0
2006-07-05,7680.0,0.0,18.1,4890.0,0.0,96.0,0.0
2006-07-06,7600.0,0.0,16.5,4850.0,0.0,98.1,0.0
2006-07-07,7600.0,0.0,17.6,4860.0,0.0,95.7,0.0
2006-07-08,7480.0,0.0,22.0,4740.0,0.0,88.3,0.0
2006-07-09,7300.0,0.0,23.8,4650.0,0.0,83.0,0.0
2006-07-10,7190.0,0.0,20.6,4620.0,0.0,79.0,0.0
2006-07-11,7140.0,0.0,19.7,4690.0,0.0,77.9,0.0
2006-07-12,7180.0,1.6,17.5,4790.0,1.9,78.9,1.3
2006-07-13,7260.0,0.0,19.2,4770.0,0.0,83.1,0.0
2006-07-14,7130.0,0.0,19.6,4710.0,0.0,74.4,0.0
2006-07-15,7080.0,0.0,20.3,4690.0,0.0,69.7,0.0
2006-07-16,7010.0,0.0,21.1,4640.0,0.0,66.8,0.0
2006-07-17,7000.0,0.0,19.8,4690.0,0.0,63.2,0.0
2006-07-18,7000.0,0.0,18.6,4710.0,0.0,61.2,0.0
2006-07-19,6980.0,0.0,20.4,4700.0,0.0,59.6,0.0
2006-07-20,6910.0,0.0,23.7,4630.0,0.0,57.5,0.0
2006-07-21,6820.0,0.0,28.6,4620.0,0.0,55.0,0.0
2006-07-22,6780.0,0.0,31.3,4630.0,0.0,53.5,0.0
2006-07-23,6790.0,0.0,30.9,4640.0,0.0,51.9,0.0
2006-07-24,6770.0,0.0,29.9,4620.0,0.0,49.7,0.0
2006-07-25,6660.0,0.0,25.0,4610.0,0.0,47.0,0.0
2006-07-26,6680.0,0.0,24.2,4600.0,0.0,45.8,0.0
2006-07-27,6540.0,0.0,24.9,4460.0,0.0,45.2,0.0
2006-07-28,6400.0,0.0,20.2,4490.0,0.0,44.2,0.0
2006-07-29,6390.0,0.0,17.7,4560.0,0.0,43.9,0.0
2006-07-30,6400.0,0.6,17.1,4570.0,0.2,44.0,0.0
2006-07-31,6520.0,0.0,17.7,4700.0,0.0,43.8,0.0
2006-08-01,6570.0,0.0,18.8,4850.0,0.0,42.8,0.0
2006-08-02,6660.0,0.0,19.2,4920.0,0.0,42.0,0.0
2006-08-03,6680.0,0.0,19.5,4950.0,0.0,40.9,0.0
2006-08-04,6720.0,0.0,19.4,4960.0,0.0,39.4,0.0
2006-08-05,6730.0,0.0,21.3,5070.0,0.0,38.5,0.0
2006-08-06,6820.0,0.0,24.0,5140.0,0.0,37.9,0.0
2006-08-07,6850.0,0.0,24.5,5130.0,0.0,37.8,0.0
2006-08-08,6800.0,0.2,20.1,5090.0,0.8,37.5,0.0
2006-08-09,6750.0,0.0,20.6,5040.0,0.0,36.5,0.0
2006-08-10,6720.0,0.0,20.9,5010.0,0.0,35.4,0.0
2006-08-11,6690.0,0.0,17.4,4950.0,0.0,34.9,0.0
2006-08-12,6680.0,0.0,18.0,5020.0,0.0,34.3,0.0
2006-08-13,6710.0,0.0,22.0,5040.0,0.0,33.5,0.0
2006-08-14,6740.0,0.0,23.8,5040.0,0.0,32.4,0.0
2006-08-15,6710.0,0.0,19.4,5030.0,0.0,31.6,0.0
2006-08-16,6710.0,0.0,16.9,5080.0,0.0,31.5,0.0
2006-08-17,6750.0,0.0,17.8,5090.0,0.0,31.8,0.0
2006-08-18,6750.0,0.0,22.3,5110.0,0.0,31.4,0.0
2006-08-19,6760.0,0.0,24.6,5110.0,0.0,30.5,0.0
2006-08-20,6740.0,0.0,23.2,5090.0,0.0,29.3,0.0
2006-08-21,6710.0,0.0,21.1,5020.0,0.0,28.7,0.0
2006-08-22,6660.0,0.0,18.6,5010.0,0.0,28.5,0.0
2006-08-23,6650.0,0.0,18.1,5010.0,0.0,28.3,0.0
2006-08-24,6680.0,0.2,17.9,5000.0,0.3,28.0,0.0
2006-08-25,6630.0,0.0,18.9,4960.0,0.0,27.6,0.0
2006-08-26,6600.0,0.0,23.3,4950.0,0.0,27.1,0.0
2006-08-27,6620.0,0.0,24.7,4990.0,0.0,26.4,0.0
2006-08-28,6640.0,0.0,25.2,4980.0,0.0,25.6,0.0
2006-08-29,6600.0,0.0,18.7,4970.0,0.0,25.3,0.0
2006-08-30,6620.0,0.3,15.3,4990.0,0.1,26.6,0.2
2006-08-31,6670.0,0.0,17.0,5030.0,0.0,29.6,0.0
2006-09-01,6680.0,0.0,22.7,5040.0,0.0,27.8,0.0
2006-09-02,6670.0,0.0,24.5,5100.0,0.0,25.1,0.0
2006-09-03,6820.0,0.0,22.9,5250.0,0.0,24.5,0.0
2006-09-04,6880.0,0.0,21.6,5260.0,0.0,24.4,0.0
2006-09-05,6900.0,0.0,21.9,5290.0,0.0,24.1,0.0
2006-09-06,7000.0,0.0,22.2,5330.0,0.0,23.6,0.0
2006-09-07,7100.0,0.0,19.2,5300.0,0.0,23.1,0.0
2006-09-08,7280.0,0.0,18.9,5330.0,0.0,23.1,0.0
2006-09-09,7290.0,0.7,18.3,5310.0,0.0,23.3,0.9
2006-09-10,7370.0,0.0,17.5,5330.0,0.0,24.4,0.0
2006-09-11,7570.0,0.0,19.8,5340.0,0.0,24.1,0.0
2006-09-12,7530.0,0.0,21.0,5250.0,0.0,23.1,0.0
2006-09-13,7480.0,0.0,18.5,5190.0,0.0,22.3,0.0
2006-09-14,7410.0,2.1,14.3,5110.0,0.7,23.3,3.9
2006-09-15,7520.0,0.7,12.8,5240.0,4.3,28.3,1.0
2006-09-16,7800.0,0.5,13.7,5600.0,1.4,33.1,0.4
2006-09-17,8160.0,0.0,16.0,5440.0,0.0,31.3,0.0
2006-09-18,8020.0,1.6,17.7,5270.0,2.3,29.6,2.1
2006-09-19,8370.0,3.7,15.1,5330.0,3.5,32.7,3.4
2006-09-20,8480.0,0.3,13.4,5470.0,0.0,38.0,0.0
2006-09-21,8620.0,3.6,13.4,5560.0,3.8,49.1,5.5
2006-09-22,8790.0,0.0,13.7,5620.0,0.0,52.0,0.0
2006-09-23,8690.0,0.0,16.1,5480.0,0.0,39.2,0.0
2006-09-24,8560.0,0.0,18.4,5430.0,0.0,32.9,0.0
2006-09-25,8560.0,0.0,19.2,5460.0,0.0,29.9,0.0
2006-09-26,8460.0,0.0,20.1,5390.0,0.0,28.5,0.0
2006-09-27,8440.0,0.0,20.3,5510.0,0.0,27.1,0.0
2006-09-28,8540.0,0.0,20.7,5520.0,0.0,26.1,0.0
2006-09-29,8520.0,0.0,20.6,5520.0,0.0,25.4,0.0
2006-09-30,8500.0,0.0,18.5,5540.0,0.0,24.8,0.0
2006-10-01,8520.0,0.0,15.2,5540.0,0.0,24.0,0.0
2006-10-02,8590.0,0.0,14.5,5550.0,0.0,23.9,0.0
2006-10-03,8680.0,0.0,14.6,5570.0,1.0,24.0,0.3
2006-10-04,8820.0,0.0,14.8,5770.0,0.0,24.3,0.2
2006-10-05,8970.0,1.2,16.3,5850.0,0.0,24.8,0.0
2006-10-06,8990.0,0.0,14.3,6000.0,0.0,24.0,0.0
2006-10-07,9150.0,0.0,13.6,6440.0,0.0,23.6,0.0
2006-10-08,9230.0,0.0,12.1,6470.0,0.0,23.8,0.0
2006-10-09,9400.0,0.0,15.1,6790.0,0.0,25.0,0.0
2006-10-10,9720.0,0.0,14.0,7100.0,0.0,24.5,0.0
2006-10-11,9900.0,0.0,14.9,7290.0,0.0,23.3,0.0
2006-10-12,10100.0,0.0,16.2,7390.0,0.0,22.6,0.0
2006-10-13,10000.0,0.0,15.7,7270.0,0.0,22.2,0.0
2006-10-14,9950.0,0.0,14.2,7230.0,0.0,21.9,0.0
2006-10-15,10100.0,4.6,12.3,7300.0,4.4,28.8,4.4
2006-10-16,10300.0,5.0,11.6,7500.0,9.9,161.0,7.3
2006-10-17,10900.0,0.1,11.2,8000.0,0.2,117.0,0.1
2006-10-18,11000.0,0.0,10.1,7830.0,0.1,70.3,0.0
2006-10-19,10700.0,5.6,12.5,7660.0,4.1,120.0,6.4
2006-10-20,10800.0,0.0,12.0,7580.0,0.3,187.0,0.2
2006-10-21,10800.0,0.0,11.4,7570.0,0.0,99.2,0.0
2006-10-22,10600.0,0.0,12.7,7480.0,0.0,72.2,0.0
2006-10-23,10500.0,0.0,11.7,7430.0,0.0,59.4,0.0
2006-10-24,10400.0,1.6,9.7,7510.0,0.9,53.6,1.6
2006-10-25,10600.0,0.0,8.9,7620.0,0.2,59.3,0.4
2006-10-26,10600.0,0.0,9.5,7410.0,0.0,56.8,0.0
2006-10-27,10200.0,0.0,10.1,7000.0,0.0,50.0,0.0
2006-10-28,10000.0,0.0,10.1,6930.0,0.0,46.4,0.0
2006-10-29,10000.0,1.0,9.3,6940.0,0.4,45.5,0.6
2006-10-30,10100.0,0.0,5.7,6960.0,0.0,46.3,0.0
2006-10-31,10100.0,0.0,4.5,6990.0,0.0,43.4,0.0
2006-11-01,10100.0,0.0,5.0,7080.0,0.3,40.8,0.0
2006-11-02,10600.0,17.7,8.6,7420.0,17.9,51.6,17.2
2006-11-03,11400.0,14.5,12.8,7860.0,15.3,470.0,14.9
2006-11-04,13000.0,9.2,13.3,8250.0,7.1,965.0,7.4
2006-11-05,17300.0,28.0,13.7,9620.0,48.8,3860.0,32.7
2006-11-06,25600.0,24.7,16.0,12600.0,7.4,2820.0,18.2
2006-11-07,37400.0,64.7,15.5,15100.0,70.3,14500.0,65.4
2006-11-08,63700.0,4.8,9.9,25600.0,8.0,3340.0,4.7
2006-11-09,57400.0,1.9,8.4,28700.0,6.4,1810.0,2.6
2006-11-10,54200.0,10.9,8.8,27700.0,5.4,1400.0,7.0
2006-11-11,55400.0,24.5,7.7,29000.0,33.9,1590.0,27.1
2006-11-12,58400.0,10.4,7.8,30200.0,5.8,1330.0,6.0
2006-11-13,57500.0,16.9,9.0,27600.0,21.4,2640.0,17.2
2006-11-14,60200.0,4.2,7.1,28900.0,8.6,2310.0,5.5
2006-11-15,57700.0,4.9,9.6,28100.0,2.7,1450.0,3.8
2006-11-16,55100.0,12.3,8.8,26700.0,14.9,1870.0,13.8
2006-11-17,55500.0,0.0,6.7,28500.0,0.0,1270.0,0.0
2006-11-18,49600.0,0.0,6.7,25500.0,0.0,908.0,0.0
2006-11-19,45300.0,14.2,9.3,22700.0,15.4,917.0,12.7
2006-11-20,47900.0,4.2,10.3,23200.0,8.5,1710.0,6.3
2006-11-21,50100.0,10.5,9.5,25100.0,14.4,1630.0,9.6
2006-11-22,57100.0,15.7,7.5,30000.0,18.3,1790.0,15.7
2006-11-23,69800.0,14.0,6.1,38900.0,18.9,1680.0,15.0
2006-11-24,78100.0,6.7,7.0,44300.0,17.1,1990.0,9.7
2006-11-25,81000.0,1.8,4.9,46200.0,7.2,1790.0,3.6
2006-11-26,78300.0,17.4,5.7,44500.0,22.0,1530.0,18.7
2006-11-27,74000.0,3.3,2.6,41800.0,10.9,1470.0,4.6
2006-11-28,69000.0,0.2,0.8,40100.0,3.7,1080.0,0.6
2006-11-29,58000.0,0.0,-0.6,33900.0,0.0,825.0,0.1
2006-11-30,46700.0,5.3,4.7,27700.0,5.5,1160.0,5.3
2006-12-01,42300.0,0.0,3.9,25100.0,0.0,1230.0,0.2
2006-12-02,37800.0,0.0,3.1,23500.0,0.0,956.0,0.0
2006-12-03,34200.0,0.0,1.9,20400.0,0.0,785.0,0.0
2006-12-04,30300.0,0.0,2.5,17400.0,0.0,689.0,0.0
2006-12-05,26700.0,0.0,3.7,14500.0,0.0,653.0,0.0
2006-12-06,24700.0,0.0,4.8,13300.0,0.0,705.0,0.0
2006-12-07,24300.0,0.0,3.1,12800.0,0.0,769.0,0.0
2006-12-08,25000.0,0.0,3.4,12900.0,0.1,779.0,0.0
2006-12-09,25400.0,2.8,5.4,12800.0,3.2,887.0,2.7
2006-12-10,26600.0,5.4,7.2,13400.0,8.5,947.0,6.3
2006-12-11,28300.0,11.2,9.4,14300.0,13.0,1090.0,9.9
2006-12-12,36200.0,3.5,9.0,18000.0,9.6,1760.0,4.5
2006-12-13,49900.0,24.1,10.8,26300.0,22.7,4970.0,22.1
2006-12-14,71800.0,25.5,9.7,40100.0,29.0,6330.0,26.8
2006-12-15,94800.0,10.3,6.8,48600.0,18.2,3760.0,11.2
2006-12-16,93500.0,1.1,0.8,48300.0,0.0,2200.0,0.2
2006-12-17,79400.0,0.0,0.5,40900.0,0.0,1650.0,0.0
2006-12-18,70500.0,0.0,-0.4,38200.0,0.0,1280.0,0.0
2006-12-19,68400.0,0.0,0.9,37300.0,0.0,1040.0,0.0
2006-12-20,65900.0,1.8,0.6,35500.0,1.5,880.0,1.3
2006-12-21,63700.0,10.1,5.6,33800.0,11.8,1360.0,10.2
2006-12-22,64800.0,5.8,4.1,34200.0,5.7,1190.0,5.3
2006-12-23,62700.0,13.1,6.5,33400.0,14.4,1560.0,13.0
2006-12-24,63400.0,3.6,4.6,34100.0,1.9,1670.0,2.9
2006-12-25,69800.0,27.2,7.7,39600.0,41.3,2580.0,31.3
2006-12-26,84900.0,21.5,6.9,52000.0,29.4,3090.0,22.8
2006-12-27,99800.0,2.7,7.4,64400.0,5.0,2600.0,3.6
2006-12-28,96900.0,0.0,1.9,59500.0,0.0,1840.0,0.0
2006-12-29,84000.0,0.0,1.2,49500.0,0.0,1440.0,0.0
2006-12-30,77700.0,0.0,1.8,45600.0,0.0,1140.0,0.0
2006-12-31,71800.0,0.0,2.4,41900.0,0.0,934.0,0.0
2007-01-01,62500.0,0.3,2.5,38700.0,0.7,787.0,0.3
2007-01-02,55100.0,1.2,9.4,36200.0,0.0,786.0,0.2
2007-01-03,64300.0,45.7,9.7,39200.0,51.8,5210.0,53.0
2007-01-04,87000.0,4.5,5.2,52100.0,10.9,3030.0,6.1
2007-01-05,89500.0,2.2,1.9,59600.0,2.1,1940.0,1.4
2007-01-06,78800.0,17.6,6.0,44900.0,17.5,1870.0,16.8
2007-01-07,66800.0,4.3,7.5,39500.0,1.4,1940.0,3.0
2007-01-08,66200.0,4.8,8.7,36400.0,2.7,2900.0,5.1
2007-01-09,66400.0,0.0,7.2,36100.0,0.0,2240.0,0.0
2007-01-10,66600.0,6.5,3.4,37100.0,9.9,1890.0,8.2
2007-01-11,65400.0,0.9,0.2,37700.0,2.6,1500.0,1.2
2007-01-12,63100.0,0.0,-1.6,36000.0,0.0,1190.0,0.0
2007-01-13,58200.0,0.0,-2.8,33200.0,0.0,953.0,0.0
2007-01-14,53900.0,0.0,-1.7,31300.0,0.0,802.0,0.0
2007-01-15,49400.0,0.0,-2.0,29700.0,0.0,685.0,0.0
2007-01-16,45100.0,5.9,0.0,27000.0,7.0,603.0,6.1
2007-01-17,41500.0,0.0,0.4,24900.0,0.0,526.0,0.0
2007-01-18,36500.0,0.2,1.6,23200.0,0.3,468.0,0.5
2007-01-19,34900.0,0.0,2.7,22700.0,0.0,446.0,0.0
2007-01-20,32700.0,0.7,4.0,21300.0,0.8,588.0,0.8
2007-01-21,32100.0,0.0,2.4,20600.0,0.0,516.0,0.0
2007-01-22,30300.0,0.0,3.7,19400.0,0.0,466.0,0.0
2007-01-23,27700.0,0.0,4.0,16300.0,0.0,447.0,0.0
2007-01-24,23900.0,0.0,4.8,14000.0,0.0,445.0,0.0
2007-01-25,21600.0,0.0,2.6,12800.0,0.0,459.0,0.0
2007-01-26,20300.0,0.0,3.2,12100.0,0.0,441.0,0.0
2007-01-27,19400.0,0.0,2.6,11400.0,0.0,405.0,0.0
2007-01-28,17400.0,0.0,1.6,10400.0,0.0,369.0,0.0
2007-01-29,16000.0,0.0,2.1,9710.0,0.0,337.0,0.0
2007-01-30,15100.0,0.0,2.0,9220.0,0.0,313.0,0.0
2007-01-31,14200.0,0.0,1.5,8690.0,0.0,286.0,0.0
2007-02-01,13600.0,0.0,2.1,8290.0,0.0,264.0,0.0
2007-02-02,13000.0,0.0,1.4,7920.0,0.0,243.0,0.0
2007-02-03,12300.0,0.0,1.7,7620.0,0.0,226.0,0.0
2007-02-04,11900.0,0.0,5.7,7390.0,0.0,219.0,0.0
2007-02-05,11600.0,0.0,7.1,7240.0,0.0,266.0,0.0
2007-02-06,11500.0,0.0,7.2,7210.0,0.0,392.0,0.0
2007-02-07,11500.0,2.9,7.9,7250.0,5.3,397.0,2.9
2007-02-08,11700.0,3.0,6.8,7320.0,1.8,432.0,2.7
2007-02-09,12000.0,4.9,9.4,7460.0,6.0,493.0,4.7
2007-02-10,12000.0,3.4,7.7,7400.0,7.3,478.0,4.3
2007-02-11,12500.0,4.6,7.8,7900.0,8.6,568.0,5.3
2007-02-12,13800.0,4.0,7.6,8840.0,5.5,772.0,4.3
2007-02-13,14500.0,1.9,6.6,9090.0,1.3,639.0,1.2
2007-02-14,14300.0,4.8,6.2,9140.0,4.8,548.0,4.4
2007-02-15,16200.0,21.0,9.6,10700.0,29.4,3060.0,26.1
2007-02-16,44500.0,10.3,10.5,24200.0,22.6,4800.0,13.4
2007-02-17,59400.0,0.0,9.7,32700.0,0.0,2520.0,0.0
2007-02-18,49500.0,3.4,8.0,26300.0,5.2,1870.0,4.5
2007-02-19,39200.0,5.3,5.9,21000.0,3.8,1660.0,4.6
2007-02-20,35900.0,23.1,7.0,19200.0,22.0,2040.0,23.1
2007-02-21,40900.0,0.2,4.9,22200.0,4.2,1680.0,0.6
2007-02-22,40000.0,3.9,5.3,21900.0,6.6,1330.0,4.7
2007-02-23,36200.0,4.3,3.7,20900.0,10.5,1110.0,4.0
2007-02-24,36000.0,21.7,5.5,21000.0,21.6,1180.0,20.3
2007-02-25,43200.0,12.0,5.7,24800.0,13.9,1410.0,9.8
2007-02-26,48400.0,1.7,4.0,27500.0,5.4,1240.0,2.0
2007-02-27,46600.0,4.4,3.7,26500.0,9.5,1010.0,6.0
2007-02-28,44200.0,4.6,2.6,25800.0,7.4,850.0,6.8
2007-03-01,41100.0,5.5,3.0,24400.0,9.7,743.0,7.2
2007-03-02,38600.0,10.0,5.8,23400.0,15.5,881.0,10.2
2007-03-03,41000.0,2.7,8.5,24900.0,3.4,1490.0,3.2
2007-03-04,43800.0,0.0,8.7,25400.0,0.0,1700.0,0.0
2007-03-05,41400.0,0.1,11.1,23700.0,0.0,1720.0,0.0
2007-03-06,38800.0,0.0,10.7,22700.0,0.0,1680.0,0.0
2007-03-07,37200.0,8.8,11.1,21900.0,10.4,1740.0,8.4
2007-03-08,36400.0,0.3,8.1,21300.0,0.4,1700.0,0.0
2007-03-09,35000.0,3.1,7.9,20800.0,7.7,1320.0,3.4
2007-03-10,35400.0,0.0,11.2,20800.0,0.6,1250.0,0.0
2007-03-11,35600.0,0.9,14.4,20100.0,0.7,1760.0,0.8
2007-03-12,36100.0,4.0,13.0,19200.0,3.0,2540.0,4.7
2007-03-13,37400.0,0.0,7.5,18600.0,0.0,2190.0,0.0
2007-03-14,33300.0,0.0,7.1,16700.0,0.0,1490.0,0.5
2007-03-15,29400.0,0.0,6.4,14900.0,0.0,1120.0,0.0
2007-03-16,26500.0,0.0,11.6,12800.0,0.0,900.0,0.0
2007-03-17,24000.0,0.0,11.7,11300.0,0.0,925.0,0.0
2007-03-18,22200.0,0.8,12.5,10900.0,1.2,1040.0,0.6
2007-03-19,21200.0,4.1,11.8,10900.0,5.6,1070.0,4.4
2007-03-20,22100.0,11.5,7.9,11500.0,14.2,1600.0,13.2
2007-03-21,25300.0,0.0,5.4,13700.0,0.2,1250.0,0.2
2007-03-22,26300.0,0.0,8.4,14000.0,0.0,956.0,0.0
2007-03-23,25400.0,0.3,8.8,13700.0,0.0,808.0,0.0
2007-03-24,24700.0,10.5,11.1,13600.0,3.3,740.0,6.3
2007-03-25,24500.0,19.8,10.6,13800.0,17.7,1690.0,21.8
2007-03-26,29500.0,1.1,7.9,16500.0,7.1,1530.0,1.8
2007-03-27,28700.0,4.4,6.2,16100.0,6.4,1170.0,4.9
2007-03-28,26700.0,0.0,5.7,15300.0,0.0,930.0,0.0
2007-03-29,24000.0,0.0,7.8,13600.0,0.0,782.0,0.0
2007-03-30,21000.0,0.0,10.5,12300.0,0.0,684.0,0.0
2007-03-31,19800.0,2.1,10.5,12300.0,1.0,680.0,1.4
2007-04-01,19600.0,0.1,5.8,12000.0,0.0,861.0,0.0
2007-04-02,19300.0,0.7,5.1,12100.0,0.0,702.0,0.4
2007-04-03,18700.0,0.0,6.3,11800.0,0.0,586.0,0.0
2007-04-04,18500.0,0.5,9.5,11500.0,0.9,510.0,0.3
2007-04-05,18600.0,0.0,12.6,11400.0,0.0,461.0,0.0
2007-04-06,18000.0,0.0,14.0,11100.0,0.0,466.0,0.0
2007-04-07,17900.0,12.7,14.0,11000.0,7.2,657.0,12.0
2007-04-08,18800.0,0.7,11.3,11700.0,0.2,803.0,0.5
2007-04-09,19600.0,11.5,9.6,11900.0,18.2,1130.0,14.0
2007-04-10,20400.0,3.1,8.1,12200.0,4.3,1220.0,3.5
2007-04-11,19200.0,2.3,8.8,11400.0,7.5,957.0,2.6
2007-04-12,18100.0,7.3,7.0,10700.0,12.2,846.0,7.6
2007-04-13,18100.0,0.0,8.3,10600.0,0.8,745.0,0.2
2007-04-14,17900.0,4.7,10.4,10300.0,6.6,746.0,5.9
2007-04-15,18100.0,0.2,7.8,10500.0,0.2,757.0,0.0
2007-04-16,17900.0,0.8,7.9,10300.0,0.5,673.0,0.9
2007-04-17,17900.0,5.9,7.8,10100.0,8.2,751.0,7.2
2007-04-18,19300.0,3.6,6.2,10700.0,6.2,850.0,5.9
2007-04-19,19900.0,1.2,6.4,11200.0,4.0,858.0,3.0
2007-04-20,19300.0,0.0,7.9,11400.0,0.0,770.0,0.0
2007-04-21,18700.0,7.2,8.9,11200.0,6.8,728.0,7.0
2007-04-22,19600.0,2.7,9.3,11900.0,5.6,971.0,3.0
2007-04-23,20400.0,0.1,10.3,12400.0,0.7,859.0,0.3
2007-04-24,19500.0,0.8,11.5,11900.0,0.7,747.0,0.8
2007-04-25,18800.0,0.2,10.4,11700.0,0.1,690.0,0.2
2007-04-26,19200.0,0.0,10.3,11900.0,0.0,618.0,0.0
2007-04-27,18500.0,0.0,13.2,11200.0,0.0,548.0,0.0
2007-04-28,17700.0,0.0,13.7,10600.0,0.0,523.0,0.0
2007-04-29,16700.0,0.0,12.2,9810.0,0.0,515.0,0.0
2007-04-30,15900.0,0.0,10.8,9270.0,0.0,465.0,0.0
2007-05-01,15400.0,0.5,10.7,8990.0,0.5,424.0,0.9
2007-05-02,15300.0,2.9,11.0,9060.0,9.2,520.0,3.8
2007-05-03,16100.0,2.5,8.0,9480.0,14.3,540.0,4.6
2007-05-04,16200.0,4.7,8.5,10300.0,4.2,523.0,1.8
2007-05-05,16200.0,1.2,8.5,10100.0,0.6,515.0,2.2
2007-05-06,15600.0,0.0,11.6,9860.0,0.0,457.0,0.0
2007-05-07,15500.0,0.0,15.0,9710.0,0.0,436.0,0.0
2007-05-08,15100.0,0.0,17.7,9470.0,0.0,461.0,0.0
2007-05-09,14900.0,0.0,12.3,9390.0,0.0,476.0,0.0
2007-05-10,14900.0,0.0,12.3,9460.0,0.0,419.0,0.0
2007-05-11,15000.0,0.0,12.3,9430.0,0.0,370.0,0.0
2007-05-12,15100.0,0.7,12.2,9410.0,0.7,337.0,1.6
2007-05-13,15300.0,0.0,9.9,9610.0,0.0,322.0,0.0
2007-05-14,15100.0,0.0,12.7,9410.0,0.0,287.0,0.0
2007-05-15,14900.0,0.0,17.3,9730.0,0.0,265.0,0.0
2007-05-16,14900.0,0.0,13.7,10500.0,0.0,277.0,0.0
2007-05-17,15100.0,0.0,13.9,10700.0,0.0,260.0,0.0
2007-05-18,15200.0,0.0,14.8,10700.0,0.0,239.0,0.1
2007-05-19,15500.0,1.1,13.8,10300.0,0.4,236.0,0.5
2007-05-20,14900.0,3.9,11.2,9940.0,5.4,235.0,3.8
2007-05-21,14900.0,2.7,10.4,9980.0,2.5,409.0,2.3
2007-05-22,15600.0,0.0,11.1,10200.0,0.0,481.0,0.0
2007-05-23,15400.0,0.0,13.5,10400.0,0.0,384.0,0.0
2007-05-24,15000.0,1.6,15.7,10800.0,1.9,326.0,1.4
2007-05-25,15400.0,0.0,17.9,11500.0,0.0,293.0,0.0
2007-05-26,15300.0,0.0,17.2,11500.0,0.0,267.0,0.0
2007-05-27,14600.0,0.0,14.9,10700.0,0.6,249.0,0.4
2007-05-28,14000.0,0.0,11.8,10500.0,0.0,229.0,0.0
2007-05-29,13800.0,0.0,17.2,10400.0,0.0,203.0,0.0
2007-05-30,13600.0,0.0,20.5,10200.0,0.0,189.0,0.0
2007-05-31,13300.0,0.0,20.2,9970.0,0.0,183.0,0.0
2007-06-01,13100.0,0.0,20.5,9870.0,0.0,176.0,0.0
2007-06-02,12500.0,0.0,21.2,9560.0,0.0,167.0,0.0
2007-06-03,12200.0,0.0,21.5,9460.0,0.0,159.0,0.0
2007-06-04,12100.0,1.5,18.8,9400.0,0.7,150.0,1.2
2007-06-05,12000.0,2.1,14.8,9360.0,4.8,180.0,2.3
2007-06-06,12300.0,0.4,12.2,9650.0,7.1,267.0,1.4
2007-06-07,12800.0,0.0,13.2,9880.0,0.2,251.0,0.0
2007-06-08,12500.0,0.0,14.8,9700.0,0.0,214.0,0.0
2007-06-09,12100.0,3.1,14.4,9070.0,3.8,192.0,3.3
2007-06-10,11600.0,2.0,14.0,8590.0,3.6,288.0,3.5
2007-06-11,11400.0,0.0,13.2,8210.0,0.0,310.0,0.0
2007-06-12,10900.0,0.0,14.5,7680.0,0.0,272.0,0.0
2007-06-13,10100.0,0.0,16.7,7010.0,0.0,230.0,0.0
2007-06-14,9290.0,0.0,14.8,6230.0,0.0,205.0,0.0
2007-06-15,8640.0,0.0,17.5,6040.0,0.0,185.0,0.0
2007-06-16,8630.0,0.0,16.4,6160.0,0.0,174.0,0.0
2007-06-17,8560.0,0.0,14.2,6060.0,0.0,160.0,0.0
2007-06-18,8450.0,0.0,15.4,6040.0,0.0,147.0,0.0
2007-06-19,8440.0,0.0,18.1,6220.0,0.0,136.0,0.0
2007-06-20,8370.0,0.0,20.1,6180.0,0.0,127.0,0.0
2007-06-21,8300.0,0.0,17.8,6160.0,0.0,118.0,0.0
2007-06-22,8340.0,0.0,16.7,6170.0,0.0,111.0,0.0
2007-06-23,8260.0,0.0,15.6,6120.0,0.0,107.0,0.0
2007-06-24,8280.0,2.1,14.1,6150.0,1.7,104.0,1.4
2007-06-25,8370.0,0.3,14.1,6140.0,0.0,104.0,0.0
2007-06-26,8240.0,0.0,18.7,6040.0,0.0,95.5,0.0
2007-06-27,7920.0,0.0,18.1,5720.0,0.0,89.5,0.0
2007-06-28,7730.0,3.5,18.0,5550.0,2.5,89.0,5.1
2007-06-29,7620.0,1.6,16.1,5220.0,3.6,112.0,2.0
2007-06-30,7400.0,0.0,16.5,5020.0,0.0,116.0,0.0
2007-07-01,7190.0,0.0,17.9,4800.0,0.0,98.1,0.0
2007-07-02,6840.0,0.0,18.1,4590.0,0.0,88.9,0.0
2007-07-03,6550.0,0.0,20.8,4460.0,0.0,82.4,0.0
2007-07-04,6440.0,0.0,23.2,4510.0,0.0,78.4,0.0
2007-07-05,6410.0,0.0,24.0,4450.0,0.0,74.7,0.0
2007-07-06,6300.0,0.0,21.9,4400.0,0.0,71.3,0.0
2007-07-07,6210.0,0.0,20.7,4370.0,0.0,67.8,0.0
2007-07-08,6260.0,0.0,20.2,4450.0,0.0,65.1,0.0
2007-07-09,6300.0,0.0,22.3,4480.0,0.0,62.6,0.0
2007-07-10,6220.0,0.0,27.3,4450.0,0.0,60.8,0.0
2007-07-11,6130.0,0.0,28.3,4430.0,0.0,57.6,0.0
2007-07-12,6050.0,0.0,23.4,4350.0,0.3,55.6,0.0
2007-07-13,6040.0,1.6,22.2,4410.0,0.2,54.4,2.2
2007-07-14,6140.0,0.0,23.2,4510.0,0.2,53.2,0.0
2007-07-15,6180.0,0.0,21.3,4510.0,0.0,52.1,0.0
2007-07-16,6190.0,0.0,20.2,4510.0,0.0,50.1,0.0
2007-07-17,6110.0,1.5,20.2,4510.0,1.8,50.5,2.4
2007-07-18,6170.0,9.0,18.1,4530.0,10.4,61.8,11.1
2007-07-19,6350.0,0.4,18.5,4650.0,0.6,69.8,0.0
2007-07-20,6380.0,2.7,17.4,4610.0,2.4,62.5,2.5
2007-07-21,6270.0,2.4,17.7,4500.0,0.3,60.0,2.8
2007-07-22,6250.0,1.2,20.9,4540.0,0.0,59.2,0.2
2007-07-23,6210.0,0.0,20.8,4480.0,0.0,53.6,0.0
2007-07-24,6070.0,0.2,19.0,4440.0,0.0,50.6,0.2
2007-07-25,5990.0,0.0,19.9,4380.0,0.0,48.7,0.0
2007-07-26,5910.0,0.0,20.6,4370.0,0.0,46.4,0.0
2007-07-27,5930.0,0.0,20.3,4430.0,0.0,44.8,0.0
2007-07-28,5870.0,0.0,20.6,4450.0,0.0,43.4,0.0
2007-07-29,5860.0,0.0,19.8,4450.0,0.0,42.4,0.4
2007-07-30,5880.0,0.0,18.3,4490.0,0.0,41.7,0.0
2007-07-31,5910.0,0.0,20.8,4590.0,0.0,39.3,0.0
2007-08-01,5850.0,0.0,23.9,4480.0,0.0,37.7,0.0
2007-08-02,5770.0,0.0,24.6,4460.0,0.0,36.3,0.0
2007-08-03,5840.0,0.0,20.8,4580.0,0.0,34.6,0.0
2007-08-04,5910.0,0.0,19.5,4610.0,0.0,33.8,0.0
2007-08-05,5980.0,0.0,19.5,4670.0,0.0,33.0,0.0
2007-08-06,6120.0,0.0,18.8,4760.0,0.0,32.7,0.0
2007-08-07,6020.0,0.0,18.2,4660.0,0.0,33.1,0.0
2007-08-08,5970.0,0.0,18.3,4580.0,0.0,34.8,0.0
2007-08-09,6000.0,0.0,18.4,4610.0,0.0,33.6,0.0
2007-08-10,5960.0,0.0,17.9,4530.0,0.0,32.0,0.0
2007-08-11,5920.0,0.0,18.9,4520.0,0.0,30.2,0.0
2007-08-12,5990.0,0.7,17.1,4570.0,0.0,28.8,0.0
2007-08-13,6060.0,0.0,18.1,4590.0,0.0,27.9,0.0
2007-08-14,6070.0,0.0,22.4,4630.0,0.0,27.0,0.0
2007-08-15,6110.0,0.0,22.4,4700.0,0.0,26.0,0.0
2007-08-16,6160.0,0.3,19.4,4700.0,1.1,25.7,0.2
2007-08-17,6220.0,0.0,18.9,4750.0,0.1,25.8,0.0
2007-08-18,6290.0,0.0,17.7,4770.0,0.0,25.3,0.0
2007-08-19,6510.0,11.8,17.0,4830.0,11.8,35.8,13.8
2007-08-20,6640.0,5.8,18.1,4910.0,4.6,55.8,6.2
2007-08-21,6850.0,0.5,18.8,5000.0,0.6,91.4,0.8
2007-08-22,6830.0,0.0,18.4,4890.0,0.0,57.9,0.0
2007-08-23,6610.0,0.0,19.1,4890.0,0.0,44.8,0.0
2007-08-24,6620.0,0.0,20.7,4780.0,0.0,39.3,0.0
2007-08-25,6380.0,0.0,19.9,4730.0,0.0,35.1,0.0
2007-08-26,6490.0,0.0,18.7,4780.0,0.0,32.2,0.0
2007-08-27,6480.0,0.0,17.4,4760.0,0.0,30.3,0.0
2007-08-28,6410.0,0.0,19.6,4710.0,0.0,28.4,0.0
2007-08-29,6420.0,0.0,22.9,4780.0,0.0,27.4,0.0
2007-08-30,6440.0,0.0,24.0,4790.0,0.0,25.9,0.0
2007-08-31,6420.0,0.0,21.9,4720.0,0.6,24.7,0.0
2007-09-01,6420.0,0.0,19.8,4770.0,0.0,23.6,0.0
2007-09-02,6450.0,0.0,20.1,4790.0,0.0,22.9,0.0
2007-09-03,6510.0,0.0,20.9,4840.0,0.0,22.1,0.0
2007-09-04,6670.0,4.8,20.2,4910.0,2.8,29.4,3.7
2007-09-05,6770.0,0.0,19.5,4930.0,0.0,33.6,0.0
2007-09-06,6720.0,0.0,19.3,4810.0,0.0,26.8,0.0
2007-09-07,6580.0,0.0,17.3,4780.0,0.0,23.9,0.0
2007-09-08,6560.0,0.0,19.4,4800.0,0.0,22.3,0.0
2007-09-09,6520.0,0.0,21.9,4780.0,0.0,19.9,0.0
2007-09-10,6470.0,0.0,22.6,4760.0,0.0,18.0,0.0
2007-09-11,6420.0,0.0,22.4,4720.0,0.0,17.3,0.0
2007-09-12,6360.0,0.0,19.9,4720.0,0.0,16.8,0.0
2007-09-13,6370.0,0.0,18.4,4710.0,0.0,17.1,0.0
2007-09-14,6430.0,0.0,16.8,4750.0,0.0,18.4,0.3
2007-09-15,6480.0,0.0,17.3,4750.0,0.0,18.8,0.2
2007-09-16,6600.0,0.0,15.8,4810.0,0.8,19.4,0.0
2007-09-17,6770.0,2.0,15.6,4850.0,2.7,24.9,2.5
2007-09-18,6860.0,0.0,14.1,4860.0,0.0,25.6,0.0
2007-09-19,6770.0,0.4,14.3,4730.0,1.0,22.2,0.4
2007-09-20,6670.0,0.0,15.4,4730.0,0.0,19.8,0.0
2007-09-21,6960.0,0.0,16.7,4770.0,0.0,18.5,0.0
2007-09-22,7010.0,0.1,16.5,4760.0,0.0,17.8,0.0
2007-09-23,6990.0,0.0,13.4,4730.0,0.0,17.1,0.0
2007-09-24,6960.0,0.0,13.4,4710.0,0.0,17.0,0.0
2007-09-25,6980.0,0.0,14.3,4790.0,0.0,16.7,0.0
2007-09-26,7040.0,0.0,14.9,4820.0,0.0,16.3,0.0
2007-09-27,7070.0,0.0,17.3,4830.0,0.0,16.5,0.0
2007-09-28,7460.0,14.9,13.8,5390.0,14.1,25.0,14.8
2007-09-29,8440.0,0.1,11.0,6410.0,1.6,39.4,0.0
2007-09-30,8860.0,17.6,12.1,6250.0,21.4,74.0,17.9
2007-10-01,8880.0,8.3,12.2,5950.0,11.1,305.0,10.5
2007-10-02,9000.0,0.6,13.2,5800.0,0.2,224.0,0.0
2007-10-03,8600.0,5.2,11.8,5260.0,12.4,944.0,9.1
2007-10-04,9200.0,6.7,9.7,5360.0,12.6,1030.0,8.1
2007-10-05,9700.0,2.5,9.1,5700.0,0.5,570.0,2.5
2007-10-06,9380.0,0.0,9.3,5510.0,0.0,330.0,0.0
2007-10-07,8990.0,0.0,13.7,5400.0,0.0,242.0,0.0
2007-10-08,8820.0,5.4,12.0,5310.0,4.2,218.0,6.0
2007-10-09,8710.0,0.2,13.0,5250.0,0.5,187.0,0.1
2007-10-10,8680.0,11.1,12.7,5270.0,19.9,173.0,12.6
2007-10-11,8720.0,0.1,10.5,5340.0,0.2,242.0,0.3
2007-10-12,8840.0,0.0,12.8,5360.0,0.2,204.0,0.0
2007-10-13,8780.0,0.0,12.2,5310.0,0.0,168.0,0.0
2007-10-14,8490.0,0.0,12.7,5080.0,0.0,144.0,0.0
2007-10-15,8320.0,0.9,12.6,5020.0,2.9,127.0,1.9
2007-10-16,8280.0,6.7,10.2,5020.0,6.8,144.0,5.9
2007-10-17,8630.0,5.5,9.9,5250.0,16.3,245.0,4.5
2007-10-18,9270.0,6.8,10.7,5700.0,12.4,677.0,6.9
2007-10-19,12700.0,15.2,12.9,7080.0,40.4,2780.0,19.3
2007-10-20,23400.0,11.2,8.7,14600.0,20.7,2330.0,10.4
2007-10-21,27200.0,2.2,9.8,15400.0,2.5,2530.0,1.7
2007-10-22,24700.0,0.0,12.7,14300.0,0.0,1380.0,0.0
2007-10-23,20000.0,0.0,14.3,11600.0,0.0,958.0,0.0
2007-10-24,16900.0,1.5,13.0,9720.0,0.2,711.0,1.1
2007-10-25,15800.0,0.0,8.3,9020.0,0.0,532.0,0.0
2007-10-26,15200.0,0.0,8.5,8840.0,0.0,407.0,0.0
2007-10-27,13800.0,0.0,9.1,8330.0,0.0,334.0,0.0
2007-10-28,13400.0,0.0,10.6,7840.0,0.0,286.0,0.0
2007-10-29,13500.0,0.0,9.9,7570.0,0.3,250.0,0.0
2007-10-30,12900.0,0.0,9.3,6830.0,0.0,223.0,0.0
2007-10-31,11900.0,0.0,8.5,6330.0,0.0,199.0,0.0
2007-11-01,10900.0,0.0,8.7,5890.0,0.0,180.0,0.0
2007-11-02,10400.0,0.0,6.4,5640.0,0.0,165.0,0.0
2007-11-03,10300.0,0.0,7.3,5620.0,0.0,152.0,0.0
2007-11-04,10400.0,0.0,10.2,5790.0,0.0,142.0,0.0
2007-11-05,10400.0,0.0,10.3,5820.0,0.0,133.0,0.0
2007-11-06,10400.0,0.0,10.5,5870.0,0.0,125.0,0.0
2007-11-07,10300.0,0.0,9.4,6040.0,0.0,118.0,0.2
2007-11-08,10000.0,0.0,10.1,6080.0,0.0,111.0,0.0
2007-11-09,9860.0,0.9,10.5,6070.0,0.0,107.0,0.8
2007-11-10,9990.0,11.4,11.3,6140.0,8.5,200.0,11.1
2007-11-11,10800.0,0.6,8.3,6380.0,1.6,206.0,0.7
2007-11-12,11500.0,6.8,10.1,6450.0,7.9,631.0,6.8
2007-11-13,13300.0,1.4,7.1,6720.0,3.4,1820.0,2.0
2007-11-14,15700.0,0.0,5.7,8660.0,0.0,798.0,0.0
2007-11-15,16200.0,3.1,11.8,8330.0,1.5,576.0,2.2
2007-11-16,16600.0,15.5,11.8,8520.0,20.3,2190.0,16.3
2007-11-17,23200.0,18.9,12.1,10400.0,35.9,4300.0,23.7
2007-11-18,38000.0,10.4,8.0,21700.0,17.6,3260.0,13.0
2007-11-19,51400.0,10.3,6.3,30000.0,17.1,2450.0,13.2
2007-11-20,55800.0,1.3,5.2,34200.0,1.9,1630.0,1.4
2007-11-21,50100.0,0.0,4.0,28900.0,0.0,1150.0,0.0
2007-11-22,43800.0,0.0,3.3,25100.0,0.0,880.0,0.0
2007-11-23,39300.0,0.0,1.9,22600.0,0.0,712.0,0.0
2007-11-24,35300.0,0.0,3.0,20500.0,0.0,601.0,0.0
2007-11-25,31200.0,0.0,3.4,18100.0,0.0,525.0,0.0
2007-11-26,29100.0,0.0,2.2,16800.0,0.0,467.0,0.0
2007-11-27,27900.0,11.9,4.1,15900.0,12.0,565.0,12.5
2007-11-28,26900.0,1.8,2.1,15300.0,0.7,535.0,1.1
2007-11-29,25800.0,6.4,5.3,14400.0,6.7,675.0,6.7
2007-11-30,25700.0,2.0,2.9,14100.0,0.9,661.0,1.1
2007-12-01,24700.0,0.9,1.9,13900.0,0.5,553.0,0.6
2007-12-02,25000.0,32.8,5.2,14200.0,25.1,618.0,27.4
2007-12-03,37600.0,48.0,10.6,19500.0,49.4,4020.0,45.5
2007-12-04,63000.0,6.0,12.9,30500.0,11.6,5150.0,7.2
2007-12-05,70000.0,0.9,9.3,35200.0,4.2,3020.0,2.3
2007-12-06,63000.0,8.8,8.3,30300.0,6.9,2560.0,7.1
2007-12-07,54600.0,2.0,6.1,26500.0,3.2,1960.0,1.8
2007-12-08,49000.0,2.2,3.0,24200.0,0.5,1330.0,1.6
2007-12-09,44400.0,0.1,1.3,22200.0,0.2,978.0,0.0
2007-12-10,40300.0,0.0,3.0,19900.0,0.0,790.0,0.0
2007-12-11,36700.0,0.0,1.0,17700.0,0.0,656.0,0.0
2007-12-12,31600.0,0.0,2.8,14100.0,0.0,557.0,0.0
2007-12-13,27500.0,0.0,2.2,12000.0,0.0,480.0,0.0
2007-12-14,25100.0,0.0,2.5,10700.0,0.0,425.0,0.0
2007-12-15,22800.0,5.3,5.4,10200.0,6.0,412.0,5.7
2007-12-16,21600.0,1.4,5.2,10600.0,2.3,373.0,1.7
2007-12-17,21100.0,11.4,5.6,11100.0,13.0,449.0,12.0
2007-12-18,23400.0,14.8,5.7,12400.0,16.9,637.0,12.8
2007-12-19,28900.0,13.1,6.7,14800.0,11.7,1400.0,12.0
2007-12-20,41900.0,17.6,5.7,22700.0,20.7,1860.0,19.4
2007-12-21,51700.0,0.0,2.1,31100.0,0.3,1160.0,0.4
2007-12-22,48000.0,5.0,3.1,27300.0,6.5,1020.0,4.1
2007-12-23,44000.0,7.3,7.7,24800.0,5.2,3380.0,5.6
2007-12-24,61900.0,18.6,5.9,33700.0,20.4,4480.0,21.1
2007-12-25,76300.0,2.6,1.5,45000.0,2.8,2120.0,3.2
2007-12-26,75300.0,7.6,2.2,42700.0,10.1,1450.0,9.0
2007-12-27,67200.0,7.5,1.2,38300.0,12.5,1090.0,7.7
2007-12-28,59600.0,6.9,4.4,34600.0,12.4,1010.0,8.3
2007-12-29,56000.0,5.6,5.2,31700.0,9.6,1220.0,7.5
2007-12-30,53800.0,4.6,4.4,30200.0,8.6,1320.0,4.4
2007-12-31,53200.0,0.2,1.1,31700.0,0.8,1010.0,0.5
2008-01-01,48200.0,0.0,1.6,28700.0,0.0,831.0,0.0
2008-01-02,42000.0,11.3,2.8,24800.0,10.4,778.0,10.0
2008-01-03,40800.0,15.1,5.0,23900.0,14.6,946.0,13.8
2008-01-04,41000.0,8.9,6.8,24200.0,12.1,1370.0,8.0
2008-01-05,48800.0,7.6,5.7,30600.0,14.3,1560.0,6.1
2008-01-06,59400.0,2.6,3.0,38700.0,9.9,1200.0,3.6
2008-01-07,64000.0,3.2,1.9,40300.0,7.8,956.0,5.2
2008-01-08,61800.0,24.7,3.8,37100.0,31.8,1220.0,26.3
2008-01-09,65900.0,4.0,4.0,40600.0,6.9,2270.0,4.8
2008-01-10,69600.0,14.5,7.2,43600.0,16.4,3050.0,15.3
2008-01-11,73200.0,8.9,8.4,42700.0,6.6,3730.0,8.0
2008-01-12,77300.0,5.7,7.7,47000.0,6.1,3350.0,4.8
2008-01-13,80500.0,0.0,5.5,48500.0,0.0,2750.0,0.0
2008-01-14,76700.0,3.0,4.5,46800.0,1.2,1950.0,2.3
2008-01-15,69500.0,4.0,1.7,41700.0,5.9,1910.0,5.2
2008-01-16,60800.0,0.0,1.5,37100.0,0.0,1370.0,0.0
2008-01-17,53000.0,0.0,0.4,31900.0,0.0,1050.0,0.0
2008-01-18,47400.0,0.0,1.4,28000.0,0.0,855.0,0.0
2008-01-19,43100.0,0.5,1.6,25000.0,0.0,747.0,0.2
2008-01-20,38500.0,2.9,2.9,21300.0,6.4,725.0,4.4
2008-01-21,33500.0,0.0,0.5,18800.0,0.4,616.0,0.0
2008-01-22,29700.0,0.0,-0.6,17100.0,0.0,541.0,0.0
2008-01-23,26900.0,0.0,-1.0,15900.0,0.0,487.0,0.0
2008-01-24,23700.0,0.0,-0.7,14500.0,0.0,443.0,0.0
2008-01-25,21700.0,0.0,-0.2,14000.0,0.4,399.0,0.0
2008-01-26,20800.0,6.7,0.9,13500.0,6.6,440.0,6.6
2008-01-27,27400.0,22.8,2.4,18100.0,34.1,742.0,29.8
2008-01-28,38300.0,1.0,0.7,25600.0,2.8,590.0,1.6
2008-01-29,37500.0,18.9,2.6,24800.0,19.8,545.0,18.6
2008-01-30,41200.0,6.6,2.1,27900.0,11.9,506.0,8.7
2008-01-31,46100.0,21.1,4.9,28900.0,27.7,672.0,22.9
2008-02-01,53600.0,9.0,4.2,36000.0,13.7,756.0,10.7
2008-02-02,59600.0,18.4,2.5,38300.0,27.7,707.0,20.1
2008-02-03,57900.0,4.4,3.5,37100.0,10.0,636.0,5.9
2008-02-04,53500.0,0.8,2.1,34100.0,1.4,561.0,1.2
2008-02-05,44000.0,4.3,4.7,27600.0,4.1,535.0,4.4
2008-02-06,38900.0,1.7,4.2,24900.0,3.8,585.0,2.5
2008-02-07,42000.0,15.3,6.2,25800.0,13.4,973.0,14.2
2008-02-08,47500.0,8.9,5.5,28400.0,3.4,1030.0,7.2
2008-02-09,46400.0,0.9,8.3,27500.0,0.0,1100.0,0.5
2008-02-10,42300.0,0.8,9.1,24600.0,1.0,1230.0,0.6
2008-02-11,39000.0,0.0,7.4,22600.0,0.0,1330.0,0.0
2008-02-12,34400.0,0.0,7.5,20200.0,0.0,1170.0,0.0
2008-02-13,31000.0,1.3,5.8,18200.0,0.7,1290.0,0.9
2008-02-14,28800.0,0.0,3.4,17200.0,0.0,1050.0,0.3
2008-02-15,26200.0,0.0,4.5,15800.0,0.0,871.0,0.0
2008-02-16,23800.0,0.0,5.7,14500.0,0.0,840.0,0.0
2008-02-17,21900.0,0.0,4.9,13300.0,0.0,822.0,0.0
2008-02-18,20600.0,0.0,5.6,12600.0,0.0,824.0,0.0
2008-02-19,19800.0,0.0,4.6,12200.0,0.7,900.0,0.1
2008-02-20,19700.0,0.7,7.2,12200.0,0.5,931.0,0.8
2008-02-21,19300.0,0.0,5.9,12100.0,0.3,942.0,0.0
2008-02-22,18700.0,0.7,7.7,11700.0,2.0,921.0,1.1
2008-02-23,18000.0,0.0,6.2,11300.0,0.0,851.0,0.0
2008-02-24,17200.0,1.3,8.0,10500.0,3.7,787.0,1.5
2008-02-25,16200.0,0.6,8.6,9880.0,0.9,878.0,0.7
2008-02-26,16600.0,0.0,7.4,10000.0,0.0,998.0,0.0
2008-02-27,17500.0,0.1,8.2,10100.0,0.0,986.0,0.0
2008-02-28,16900.0,0.0,8.5,9950.0,0.0,1000.0,0.0
2008-02-29,16200.0,0.8,9.9,9760.0,0.5,1140.0,1.0
2008-03-01,17700.0,14.1,6.7,10200.0,19.1,2170.0,14.2
2008-03-02,21700.0,0.0,4.7,12600.0,0.9,1500.0,0.5
2008-03-03,21000.0,1.7,4.7,12600.0,2.7,1110.0,1.6
2008-03-04,20300.0,0.1,5.8,13000.0,0.1,910.0,0.1
2008-03-05,18800.0,0.0,4.6,12200.0,0.0,772.0,0.0
2008-03-06,17000.0,0.0,6.2,10900.0,0.0,680.0,0.0
2008-03-07,15700.0,0.0,6.2,10000.0,0.0,634.0,0.0
2008-03-08,15700.0,4.7,8.5,9860.0,13.1,852.0,7.2
2008-03-09,16800.0,0.0,7.8,10200.0,0.0,923.0,0.0
2008-03-10,16800.0,0.2,10.9,10000.0,0.2,931.0,0.2
2008-03-11,17400.0,3.5,8.7,9990.0,4.5,1900.0,3.8
2008-03-12,19600.0,0.0,6.6,10900.0,0.1,1400.0,0.0
2008-03-13,19700.0,10.1,7.7,10700.0,10.2,1440.0,9.8
2008-03-14,23500.0,15.3,6.4,12800.0,20.6,1800.0,14.5
2008-03-15,32700.0,4.5,5.8,18300.0,7.7,1630.0,4.4
2008-03-16,38800.0,1.3,5.3,21300.0,2.4,1410.0,2.4
2008-03-17,37400.0,1.6,6.0,19900.0,3.4,1150.0,2.0
2008-03-18,36500.0,5.7,9.2,19500.0,8.7,2510.0,5.0
2008-03-19,44800.0,0.0,6.6,23900.0,0.0,2690.0,0.0
2008-03-20,47500.0,1.6,6.4,27700.0,3.7,1810.0,1.1
2008-03-21,45500.0,9.4,4.8,26800.0,8.8,1420.0,9.2
2008-03-22,41700.0,0.0,5.8,24100.0,0.0,1120.0,0.0
2008-03-23,36000.0,8.9,8.4,20300.0,6.1,1030.0,7.2
2008-03-24,33300.0,1.0,4.9,18500.0,1.0,1470.0,1.3
2008-03-25,32100.0,0.5,5.3,18300.0,0.2,1130.0,0.3
2008-03-26,30600.0,12.5,5.4,18000.0,13.4,981.0,11.5
2008-03-27,32500.0,2.3,3.4,19100.0,8.0,854.0,2.7
2008-03-28,30500.0,8.8,3.9,17500.0,10.6,771.0,7.8
2008-03-29,28700.0,2.1,3.1,16600.0,6.4,684.0,1.8
2008-03-30,25900.0,0.5,2.8,15100.0,1.2,613.0,1.7
2008-03-31,23500.0,1.0,3.2,14000.0,0.8,548.0,0.4
2008-04-01,22700.0,0.0,4.1,13400.0,0.0,501.0,0.0
2008-04-02,21300.0,0.0,5.4,13000.0,0.0,473.0,0.0
2008-04-03,20900.0,0.0,7.0,12900.0,0.0,470.0,0.0
2008-04-04,20500.0,5.5,7.5,12900.0,5.5,528.0,5.0
2008-04-05,20800.0,6.5,5.6,12900.0,8.6,613.0,6.9
2008-04-06,20700.0,7.7,6.9,12400.0,10.1,709.0,7.0
2008-04-07,21000.0,7.9,5.6,12400.0,9.3,801.0,7.5
2008-04-08,23200.0,3.0,5.8,13700.0,3.7,825.0,3.3
2008-04-09,24300.0,3.2,6.9,14100.0,5.2,770.0,4.0
2008-04-10,24400.0,1.4,7.7,14200.0,0.0,763.0,0.5
2008-04-11,24500.0,0.0,8.0,14000.0,0.0,768.0,0.0
2008-04-12,23800.0,0.0,12.7,12800.0,0.0,1110.0,0.0
2008-04-13,23000.0,0.0,13.3,12000.0,0.0,1860.0,0.0
2008-04-14,24400.0,2.0,8.5,13100.0,5.6,1850.0,2.8
2008-04-15,24400.0,0.5,5.0,13700.0,3.8,1260.0,1.1
2008-04-16,20900.0,0.0,7.3,12400.0,0.0,967.0,0.0
2008-04-17,18800.0,0.0,7.8,11200.0,0.0,832.0,0.0
2008-04-18,17600.0,1.0,7.3,10400.0,0.0,808.0,0.5
2008-04-19,16900.0,1.3,4.3,9830.0,3.2,747.0,1.5
2008-04-20,16100.0,0.9,4.0,9220.0,5.1,662.0,1.1
2008-04-21,16400.0,1.7,4.8,9020.0,5.6,603.0,2.1
2008-04-22,16200.0,16.2,6.3,8950.0,13.7,586.0,13.6
2008-04-23,17800.0,11.8,7.5,10200.0,13.4,752.0,12.1
2008-04-24,21500.0,4.7,7.3,12400.0,6.8,891.0,6.5
2008-04-25,22300.0,0.0,7.1,12700.0,0.0,880.0,0.0
2008-04-26,21200.0,0.0,10.3,12100.0,0.0,838.0,0.0
2008-04-27,20500.0,0.0,13.5,12000.0,0.0,1100.0,0.0
2008-04-28,21300.0,0.5,12.9,12400.0,0.4,1620.0,0.8
2008-04-29,23500.0,6.3,9.1,13200.0,9.7,2030.0,8.3
2008-04-30,25800.0,2.2,6.4,14200.0,6.1,1660.0,3.9
2008-05-01,25400.0,0.8,7.2,14200.0,0.2,1260.0,1.7
2008-05-02,23800.0,0.0,11.1,13500.0,0.0,1060.0,0.0
2008-05-03,22600.0,0.0,10.7,13100.0,0.2,1160.0,0.3
2008-05-04,22300.0,0.0,10.3,13000.0,0.0,1230.0,0.0
2008-05-05,24100.0,0.0,13.7,13900.0,0.0,1500.0,0.0
2008-05-06,25300.0,0.1,11.4,14400.0,0.0,1840.0,0.0
2008-05-07,27300.0,0.0,9.3,15400.0,0.0,1550.0,0.0
2008-05-08,28400.0,0.0,7.8,16100.0,0.0,1200.0,0.0
2008-05-09,28200.0,0.0,8.3,15400.0,0.0,960.0,0.0
2008-05-10,26600.0,0.0,10.8,14300.0,0.2,913.0,0.1
2008-05-11,27400.0,0.5,9.8,14700.0,1.1,1280.0,1.1
2008-05-12,28100.0,0.0,8.7,14500.0,0.0,1210.0,0.0
2008-05-13,27500.0,1.2,10.9,14100.0,0.2,1010.0,1.0
2008-05-14,26900.0,0.6,13.4,13800.0,0.1,1560.0,1.1
2008-05-15,28200.0,0.0,17.3,14200.0,0.0,2320.0,0.0
2008-05-16,31600.0,0.0,21.0,15200.0,0.0,3170.0,0.0
2008-05-17,37200.0,0.0,23.4,18400.0,0.0,3630.0,0.0
2008-05-18,41500.0,0.0,20.2,22700.0,0.0,3210.0,0.0
2008-05-19,42900.0,0.0,20.5,24300.0,0.0,2640.0,0.0
2008-05-20,43600.0,4.9,16.5,23500.0,4.0,2600.0,5.3
2008-05-21,46400.0,0.5,10.9,23400.0,2.1,2620.0,1.5
2008-05-22,47500.0,0.0,9.9,23500.0,0.2,2090.0,0.0
2008-05-23,43200.0,2.9,10.3,21600.0,2.7,1510.0,3.1
2008-05-24,37400.0,0.0,13.2,19400.0,0.1,1230.0,0.0
2008-05-25,32700.0,0.3,14.5,17500.0,0.2,1440.0,0.7
2008-05-26,30600.0,5.1,14.5,16300.0,0.0,1290.0,2.7
2008-05-27,29500.0,0.3,13.9,15800.0,0.0,1230.0,0.0
2008-05-28,28200.0,0.4,14.5,14600.0,2.4,1280.0,1.5
2008-05-29,27700.0,0.4,12.5,15400.0,0.1,1510.0,0.9
2008-05-30,28900.0,0.0,12.4,16600.0,0.0,1290.0,0.0
2008-05-31,27900.0,0.0,14.8,16300.0,0.0,1290.0,0.0
2008-06-01,26500.0,0.0,12.7,16000.0,0.0,1230.0,0.0
2008-06-02,25200.0,0.0,12.7,15700.0,0.0,1010.0,0.0
2008-06-03,25200.0,17.0,12.5,15400.0,20.6,1580.0,16.9
2008-06-04,31300.0,0.5,11.4,17000.0,1.4,1860.0,0.7
2008-06-05,35900.0,1.8,11.3,19100.0,1.0,1390.0,1.0
2008-06-06,35200.0,5.9,9.9,19100.0,7.2,1650.0,6.8
2008-06-07,34400.0,1.2,10.5,18600.0,2.0,2280.0,1.8
2008-06-08,33700.0,0.0,11.8,18900.0,0.0,1620.0,0.0
2008-06-09,31700.0,0.6,13.6,18700.0,0.8,1310.0,0.4
2008-06-10,28800.0,3.4,9.9,17300.0,2.3,1570.0,4.1
2008-06-11,27900.0,0.0,10.7,16100.0,0.0,2010.0,0.0
2008-06-12,27700.0,0.0,12.3,15200.0,0.0,1460.0,0.0
2008-06-13,25700.0,0.0,15.8,14000.0,0.0,1260.0,0.0
2008-06-14,23700.0,0.0,14.0,12800.0,0.0,1260.0,0.0
2008-06-15,22700.0,0.0,14.1,12400.0,0.0,1140.0,0.0
2008-06-16,23300.0,0.0,15.5,12700.0,0.0,1060.0,0.0
2008-06-17,22000.0,0.0,13.7,12700.0,0.0,1020.0,0.0
2008-06-18,21700.0,0.0,13.2,12600.0,0.0,900.0,0.0
2008-06-19,20800.0,0.0,16.0,12300.0,0.0,814.0,0.0
2008-06-20,20300.0,0.0,18.9,12500.0,0.0,854.0,0.0
2008-06-21,20700.0,0.0,21.4,12300.0,0.0,956.0,0.0
2008-06-22,20800.0,0.0,16.9,12300.0,0.7,904.0,0.1
2008-06-23,20700.0,0.0,15.8,12200.0,0.0,769.0,0.0
2008-06-24,19600.0,0.0,16.0,11100.0,0.0,678.0,0.0
2008-06-25,17200.0,0.0,18.4,10100.0,0.0,659.0,0.0
2008-06-26,14800.0,0.0,16.3,9090.0,0.0,655.0,0.0
2008-06-27,13900.0,0.0,19.9,8750.0,0.0,630.0,0.0
2008-06-28,15000.0,0.0,25.9,8730.0,0.0,775.0,0.0
2008-06-29,15900.0,0.0,26.1,9430.0,0.0,856.0,0.0
2008-06-30,16100.0,0.0,22.4,9670.0,0.0,835.0,0.0
2008-07-01,15900.0,0.0,20.8,9990.0,0.0,705.0,0.0
2008-07-02,15700.0,0.0,22.4,10100.0,0.0,612.0,0.0
2008-07-03,14600.0,0.0,21.2,9260.0,0.0,563.0,0.0
2008-07-04,13500.0,0.1,19.6,8640.0,0.1,487.0,0.0
2008-07-05,12800.0,0.0,18.9,8170.0,0.0,400.0,0.0
2008-07-06,12300.0,0.0,18.6,7810.0,0.0,364.0,0.0
2008-07-07,11800.0,0.0,19.8,7400.0,0.0,339.0,0.0
2008-07-08,10800.0,0.0,22.8,6910.0,0.0,315.0,0.0
2008-07-09,10100.0,0.0,25.7,6530.0,0.0,308.0,0.0
2008-07-10,9850.0,0.0,22.1,6270.0,0.0,295.0,0.0
2008-07-11,9410.0,0.0,20.0,6030.0,0.0,261.0,0.0
2008-07-12,8990.0,0.0,24.7,5780.0,0.0,228.0,0.0
2008-07-13,8420.0,0.0,26.2,5370.0,0.0,215.0,0.0
2008-07-14,8030.0,0.0,25.8,5180.0,0.0,206.0,0.0
2008-07-15,7760.0,0.0,25.9,5040.0,0.0,193.0,0.0
2008-07-16,7490.0,0.0,22.1,5010.0,0.0,179.0,0.0
2008-07-17,7580.0,0.0,20.4,4950.0,0.0,164.0,0.0
2008-07-18,7440.0,0.0,18.9,4890.0,0.0,150.0,0.0
2008-07-19,7270.0,0.0,18.2,4890.0,0.0,139.0,0.0
2008-07-20,7350.0,0.0,19.9,4880.0,0.0,130.0,0.0
2008-07-21,7390.0,0.0,21.6,4830.0,0.0,123.0,0.0
2008-07-22,7220.0,0.0,18.3,4740.0,0.0,118.0,0.0
2008-07-23,7190.0,0.0,16.0,4790.0,0.0,114.0,0.0
2008-07-24,7240.0,0.0,18.4,4760.0,0.0,106.0,0.0
2008-07-25,7120.0,0.0,20.2,4700.0,0.0,100.0,0.0
2008-07-26,7130.0,0.0,19.8,4770.0,0.0,95.7,0.2
2008-07-27,7250.0,0.0,18.8,4770.0,0.0,91.5,0.0
2008-07-28,6990.0,0.0,19.1,4710.0,0.0,88.6,0.0
2008-07-29,6680.0,0.0,17.4,4700.0,0.3,84.7,0.0
2008-07-30,6780.0,1.2,16.3,4840.0,0.0,92.8,1.9
2008-07-31,6940.0,0.0,18.9,5000.0,0.0,86.1,0.0
2008-08-01,7090.0,1.2,18.3,5150.0,1.7,80.5,1.8
2008-08-02,7070.0,0.0,17.1,5180.0,0.0,83.4,0.0
2008-08-03,6860.0,0.0,17.6,5160.0,0.0,78.7,0.0
2008-08-04,6820.0,0.0,20.5,5140.0,0.0,73.5,0.0
2008-08-05,6680.0,0.0,24.2,5080.0,0.0,70.0,0.0
2008-08-06,6590.0,0.0,23.6,5070.0,0.0,67.2,0.0
2008-08-07,6580.0,0.0,22.0,5080.0,0.0,65.5,0.0
2008-08-08,6630.0,0.0,19.6,5180.0,0.0,63.2,0.0
2008-08-09,6750.0,0.5,18.7,5170.0,0.0,63.5,1.1
2008-08-10,6750.0,0.0,17.9,5190.0,0.0,63.3,0.0
2008-08-11,6770.0,0.0,20.4,5190.0,0.0,59.2,0.0
2008-08-12,6720.0,0.0,22.0,5140.0,0.0,56.7,0.0
2008-08-13,6540.0,0.0,22.2,5070.0,0.0,54.8,0.0
2008-08-14,6520.0,0.0,26.3,5100.0,0.0,52.8,0.0
2008-08-15,6490.0,0.0,28.8,5040.0,0.0,50.5,0.0
2008-08-16,6450.0,0.0,28.5,5030.0,0.0,48.4,0.0
2008-08-17,6540.0,0.0,27.2,5140.0,0.0,46.8,0.0
2008-08-18,6730.0,0.9,21.1,5260.0,3.3,46.9,1.2
2008-08-19,6830.0,0.1,18.9,5280.0,0.4,50.4,0.2
2008-08-20,7190.0,14.2,17.1,5360.0,16.2,267.0,15.4
2008-08-21,7790.0,4.1,16.2,5580.0,5.3,786.0,6.0
2008-08-22,8410.0,0.0,17.3,5830.0,0.0,411.0,0.0
2008-08-23,7870.0,0.0,20.2,5580.0,0.0,229.0,0.0
2008-08-24,7450.0,0.2,21.1,5530.0,0.0,161.0,0.0
2008-08-25,7550.0,11.6,17.4,5600.0,7.7,148.0,12.5
2008-08-26,7540.0,0.0,15.9,5540.0,0.0,132.0,0.0
2008-08-27,7520.0,0.1,17.0,5510.0,0.0,115.0,0.3
2008-08-28,7470.0,0.0,17.7,5500.0,0.0,107.0,0.0
2008-08-29,7510.0,0.0,20.9,5500.0,0.0,95.9,0.0
2008-08-30,7330.0,0.0,17.2,5440.0,0.0,86.8,0.0
2008-08-31,7200.0,0.5,14.2,5450.0,0.3,78.9,0.4
2008-09-01,7310.0,0.2,13.7,5500.0,0.2,80.2,0.0
2008-09-02,7930.0,0.0,15.2,5500.0,0.0,74.3,0.0
2008-09-03,8000.0,0.0,16.4,5450.0,0.0,69.2,0.0
2008-09-04,8060.0,0.0,17.5,5590.0,0.0,65.5,0.0
2008-09-05,8150.0,0.0,19.0,5640.0,0.0,62.5,0.0
2008-09-06,8270.0,0.0,19.9,5720.0,0.0,60.1,0.0
2008-09-07,8360.0,0.0,21.6,5840.0,0.0,57.6,0.0
2008-09-08,8490.0,0.0,22.7,5880.0,0.0,54.3,0.0
2008-09-09,8860.0,0.0,20.7,5810.0,0.0,52.0,0.0
2008-09-10,9060.0,0.0,17.6,5940.0,0.0,50.7,0.0
2008-09-11,9340.0,0.0,21.0,6160.0,0.0,48.9,0.0
2008-09-12,9430.0,0.0,21.6,6210.0,0.0,46.4,0.0
2008-09-13,9470.0,0.0,18.9,6150.0,0.0,45.0,0.0
2008-09-14,9340.0,0.0,21.3,5910.0,0.0,43.4,0.0
2008-09-15,9110.0,0.0,22.7,5710.0,0.0,41.8,0.0
2008-09-16,8930.0,0.0,23.4,5470.0,0.0,40.2,0.0
2008-09-17,8810.0,0.0,21.2,5580.0,0.0,38.9,0.0
2008-09-18,9030.0,0.0,17.4,5740.0,0.0,37.9,0.0
2008-09-19,9140.0,0.0,17.3,5800.0,0.0,38.1,0.0
2008-09-20,9060.0,0.0,16.4,5850.0,0.0,37.3,0.0
2008-09-21,9030.0,0.7,15.6,5930.0,3.6,40.2,0.7
2008-09-22,9240.0,0.5,14.5,6030.0,0.4,53.6,0.8
2008-09-23,9430.0,0.0,13.4,6040.0,0.0,51.9,0.0
2008-09-24,9400.0,0.1,16.4,6070.0,0.2,45.9,0.3
2008-09-25,9630.0,1.7,15.9,6140.0,3.4,66.4,2.7
2008-09-26,9680.0,0.0,14.5,6170.0,0.0,69.2,0.0
2008-09-27,9690.0,0.0,14.7,6170.0,0.0,53.6,0.0
2008-09-28,9770.0,0.0,16.9,6160.0,0.0,47.5,0.0
2008-09-29,9760.0,0.0,19.0,6130.0,0.0,43.1,0.0
2008-09-30,9700.0,0.0,19.4,6040.0,0.0,40.1,0.0
2008-10-01,9690.0,0.0,19.1,6030.0,0.0,38.6,0.0
2008-10-02,9750.0,6.8,17.5,6200.0,8.9,37.9,8.0
2008-10-03,10500.0,8.1,14.7,7190.0,8.1,50.7,6.6
2008-10-04,11900.0,19.6,14.7,8450.0,29.7,373.0,21.6
2008-10-05,14100.0,1.3,12.6,9500.0,3.8,650.0,1.7
2008-10-06,14700.0,1.6,15.3,9620.0,0.2,426.0,0.9
2008-10-07,14100.0,7.3,14.4,9290.0,6.1,701.0,5.3
2008-10-08,14900.0,0.0,10.4,9930.0,0.0,518.0,0.0
2008-10-09,14600.0,4.3,8.6,9810.0,4.9,327.0,3.4
2008-10-10,14400.0,0.2,7.6,9760.0,1.1,267.0,0.7
2008-10-11,13900.0,0.0,7.6,8980.0,0.0,223.0,0.0
2008-10-12,12500.0,0.0,9.2,7510.0,0.0,185.0,0.0
2008-10-13,11400.0,0.0,11.3,6840.0,0.0,158.0,0.0
2008-10-14,11100.0,0.0,12.5,6810.0,0.0,140.0,0.0
2008-10-15,11600.0,0.0,8.7,7730.0,0.0,125.0,0.0
2008-10-16,12600.0,0.0,13.2,8820.0,0.0,114.0,0.1
2008-10-17,13100.0,0.0,12.5,9830.0,0.0,106.0,0.0
2008-10-18,13500.0,0.0,13.4,10200.0,0.0,98.8,0.0
2008-10-19,13300.0,0.0,9.5,9890.0,0.0,92.9,0.0
2008-10-20,12900.0,5.7,10.5,9620.0,4.6,97.0,6.2
2008-10-21,13200.0,0.0,8.4,10200.0,0.0,158.0,0.0
2008-10-22,13500.0,0.0,9.4,10200.0,0.0,141.0,0.0
2008-10-23,13200.0,0.0,10.3,9800.0,0.0,122.0,0.0
2008-10-24,12700.0,0.0,8.6,9280.0,0.0,110.0,0.0
2008-10-25,11900.0,0.0,10.2,8770.0,0.0,101.0,0.0
2008-10-26,11700.0,0.0,12.4,9070.0,0.0,92.5,0.0
2008-10-27,11900.0,0.0,13.2,9080.0,0.0,85.8,0.0
2008-10-28,11700.0,0.0,11.7,8650.0,0.0,81.4,0.0
2008-10-29,11200.0,0.0,11.6,8270.0,0.0,77.3,0.0
2008-10-30,11100.0,0.5,11.4,8290.0,0.5,74.0,0.4
2008-10-31,11600.0,5.9,12.9,8960.0,8.3,75.5,5.4
2008-11-01,12200.0,2.5,13.4,9220.0,3.5,74.6,2.2
2008-11-02,12400.0,8.8,12.3,9550.0,12.5,95.7,9.5
2008-11-03,12900.0,17.4,9.9,9470.0,24.2,242.0,17.2
2008-11-04,14300.0,25.7,8.2,9960.0,32.2,884.0,27.8
2008-11-05,18200.0,8.3,6.7,11900.0,13.7,759.0,10.2
2008-11-06,21000.0,12.0,11.3,13700.0,12.7,1980.0,9.4
2008-11-07,25900.0,0.0,14.4,16000.0,0.2,1620.0,0.1
2008-11-08,26100.0,11.4,12.8,16400.0,14.8,922.0,11.5
2008-11-09,25200.0,2.1,10.3,16400.0,3.2,776.0,2.6
2008-11-10,25500.0,1.4,9.8,16900.0,2.5,835.0,2.1
2008-11-11,25800.0,12.6,9.8,16400.0,14.6,1660.0,12.8
2008-11-12,33200.0,8.1,13.5,18300.0,6.2,4660.0,6.7
2008-11-13,48400.0,13.1,12.3,23300.0,14.4,8140.0,12.6
2008-11-14,51800.0,0.0,7.0,26500.0,0.0,2190.0,0.0
2008-11-15,41400.0,0.0,8.3,21400.0,0.0,1230.0,0.0
2008-11-16,35200.0,0.0,10.4,18200.0,0.0,851.0,0.0
2008-11-17,30700.0,0.0,10.5,16200.0,0.0,645.0,0.0
2008-11-18,27900.0,0.0,9.0,14600.0,0.0,519.0,0.0
2008-11-19,25200.0,0.0,9.0,13200.0,0.0,434.0,0.0
2008-11-20,23000.0,7.3,7.8,12200.0,14.0,416.0,7.3
2008-11-21,22300.0,0.0,6.6,11800.0,0.6,490.0,0.1
2008-11-22,22300.0,2.7,7.4,11900.0,4.2,489.0,3.0
2008-11-23,21700.0,0.0,5.1,12100.0,0.0,445.0,0.0
2008-11-24,20400.0,0.0,5.6,11800.0,0.0,386.0,0.0
2008-11-25,19300.0,2.4,4.9,11400.0,0.3,342.0,1.4
2008-11-26,17800.0,0.2,5.6,10600.0,0.0,309.0,0.2
2008-11-27,15600.0,0.0,5.2,9450.0,0.3,282.0,0.0
2008-11-28,13800.0,0.4,8.3,8410.0,0.9,264.0,1.1
2008-11-29,12400.0,0.0,10.6,7490.0,0.0,260.0,0.0
2008-11-30,11200.0,0.0,10.1,6860.0,0.0,257.0,0.0
2008-12-01,10700.0,0.0,9.1,6620.0,0.0,242.0,0.0
2008-12-02,10600.0,7.6,10.9,6410.0,5.5,720.0,7.9
2008-12-03,12000.0,0.0,8.7,6750.0,0.0,703.0,0.0
2008-12-04,13000.0,0.0,6.3,7140.0,0.0,516.0,0.0
2008-12-05,13100.0,0.0,4.4,6710.0,0.0,417.0,0.0
2008-12-06,11700.0,0.0,4.0,6000.0,0.0,355.0,0.0
2008-12-07,9690.0,0.4,5.3,5260.0,0.2,330.0,0.5
2008-12-08,9080.0,0.6,6.1,5030.0,0.1,351.0,0.6
2008-12-09,8920.0,0.0,4.1,5010.0,0.0,314.0,0.0
2008-12-10,8680.0,0.0,4.8,4910.0,0.0,288.0,0.0
2008-12-11,8470.0,0.0,7.3,4830.0,0.0,267.0,0.0
2008-12-12,8360.0,8.9,3.8,4810.0,8.2,280.0,8.7
2008-12-13,8880.0,4.0,3.4,5090.0,10.0,364.0,6.2
2008-12-14,9880.0,3.6,1.7,5690.0,7.0,320.0,2.6
2008-12-15,10300.0,2.6,-2.5,6090.0,5.4,280.0,3.5
2008-12-16,11000.0,0.0,-3.6,6480.0,0.0,267.0,0.0
2008-12-17,11100.0,3.1,-1.9,6410.0,0.3,254.0,0.9
2008-12-18,11400.0,10.2,2.0,6370.0,14.7,261.0,11.3
2008-12-19,12300.0,0.2,-0.5,7090.0,8.0,241.0,1.0
2008-12-20,12300.0,9.5,0.8,7030.0,7.3,237.0,8.5
2008-12-21,13800.0,26.3,3.8,7690.0,16.9,560.0,21.7
2008-12-22,21400.0,14.9,2.7,12600.0,16.0,787.0,14.7
2008-12-23,26100.0,0.1,1.0,15500.0,0.2,579.0,0.0
2008-12-24,23700.0,6.6,2.0,13800.0,7.8,515.0,5.7
2008-12-25,24100.0,11.6,2.4,13800.0,17.2,485.0,13.8
2008-12-26,24700.0,2.7,0.0,14500.0,3.1,426.0,2.7
2008-12-27,23400.0,13.9,6.0,13200.0,15.3,2010.0,13.7
2008-12-28,38900.0,10.9,9.6,19200.0,22.8,7940.0,15.2
2008-12-29,67000.0,12.5,7.1,37900.0,23.0,4720.0,15.4
2008-12-30,82800.0,0.1,4.6,49600.0,0.4,2760.0,0.0
2008-12-31,83900.0,7.6,6.1,51700.0,3.9,2080.0,6.0
2009-01-01,81100.0,34.9,6.9,45600.0,16.1,7490.0,30.2
2009-01-02,95500.0,53.6,6.2,49000.0,27.9,10100.0,46.8
2009-01-03,109000.0,1.4,1.3,53200.0,1.9,3120.0,1.1
2009-01-04,101000.0,0.0,1.0,50800.0,0.2,1920.0,0.0
2009-01-05,90900.0,14.9,6.1,49100.0,15.9,2880.0,14.0
2009-01-06,89000.0,4.8,8.5,49100.0,8.1,3870.0,5.9
2009-01-07,89500.0,4.6,10.2,50200.0,3.0,7460.0,4.0
2009-01-08,92100.0,16.1,9.6,47300.0,16.9,7250.0,16.2
2009-01-09,90900.0,0.0,4.3,47500.0,0.0,3480.0,0.0
2009-01-10,86800.0,0.0,3.1,48100.0,0.0,2090.0,0.0
2009-01-11,82700.0,0.4,6.2,47900.0,0.2,1480.0,0.5
2009-01-12,79200.0,0.1,8.7,44500.0,0.0,1360.0,0.0
2009-01-13,71900.0,0.0,8.0,39000.0,0.0,1380.0,0.0
2009-01-14,63400.0,0.0,6.3,34900.0,0.0,1180.0,0.0
2009-01-15,56400.0,0.0,5.8,31800.0,0.0,1200.0,0.0
2009-01-16,51900.0,0.0,4.2,29500.0,0.0,1290.0,0.0
2009-01-17,47500.0,0.0,2.5,26400.0,0.0,1270.0,0.0
2009-01-18,42400.0,0.0,2.4,23000.0,0.0,1050.0,0.0
2009-01-19,38000.0,0.0,2.5,20800.0,0.0,902.0,0.0
2009-01-20,35000.0,0.0,2.4,19500.0,0.0,795.0,0.0
2009-01-21,32400.0,0.0,1.7,18300.0,0.0,703.0,0.0
2009-01-22,30200.0,0.0,2.9,17200.0,0.0,638.0,0.0
2009-01-23,27400.0,0.0,3.1,16000.0,0.0,592.0,0.0
2009-01-24,23900.0,0.0,2.7,14800.0,0.0,561.0,0.0
2009-01-25,22800.0,6.6,3.2,14300.0,5.9,536.0,6.8
2009-01-26,22100.0,0.0,0.1,14100.0,0.2,466.0,0.0
2009-01-27,21300.0,2.9,0.4,13700.0,3.6,434.0,2.9
2009-01-28,20800.0,1.0,4.3,13200.0,2.6,492.0,1.4
2009-01-29,20500.0,0.0,3.1,12900.0,0.0,464.0,0.1
2009-01-30,19800.0,0.0,3.2,12500.0,0.0,442.0,0.0
2009-01-31,18700.0,0.4,3.7,11700.0,0.0,448.0,0.3
2009-02-01,18000.0,0.0,1.4,11300.0,0.0,414.0,0.0
2009-02-02,17400.0,0.0,3.3,10800.0,0.0,383.0,0.0
2009-02-03,16900.0,0.0,4.2,10600.0,0.0,367.0,0.0
2009-02-04,16000.0,0.0,5.5,10100.0,0.0,396.0,0.0
2009-02-05,14400.0,0.0,3.9,9200.0,0.0,441.0,0.0
2009-02-06,13300.0,5.3,4.5,8340.0,10.4,505.0,7.1
2009-02-07,13200.0,0.1,4.9,7990.0,0.0,534.0,0.0
2009-02-08,12300.0,0.0,3.6,7330.0,0.5,470.0,0.0
2009-02-09,11700.0,4.0,1.9,7060.0,6.6,418.0,4.0
2009-02-10,11400.0,5.0,1.4,6890.0,5.6,384.0,4.8
2009-02-11,11300.0,4.5,3.0,6850.0,5.6,359.0,4.2
2009-02-12,11400.0,0.0,2.2,6850.0,0.3,331.0,0.2
2009-02-13,11800.0,5.1,2.9,6790.0,4.4,313.0,4.0
2009-02-14,11600.0,0.6,2.3,6700.0,0.7,298.0,1.2
2009-02-15,11200.0,2.4,3.9,6760.0,4.3,287.0,2.6
2009-02-16,11000.0,0.0,4.3,6610.0,0.7,284.0,0.0
2009-02-17,10800.0,1.9,6.8,6540.0,6.5,289.0,3.6
2009-02-18,10900.0,0.0,5.2,6620.0,0.0,286.0,0.0
2009-02-19,10700.0,0.0,5.3,6460.0,0.0,287.0,0.0
2009-02-20,10500.0,0.0,6.5,6350.0,0.0,286.0,0.0
2009-02-21,10200.0,0.1,5.3,6170.0,0.6,285.0,0.0
2009-02-22,10100.0,2.0,7.7,6120.0,7.3,308.0,2.9
2009-02-23,10800.0,8.5,8.3,6760.0,15.6,585.0,9.6
2009-02-24,16700.0,13.9,8.2,11400.0,22.6,1420.0,15.7
2009-02-25,31000.0,11.9,7.9,17800.0,19.1,2340.0,17.0
2009-02-26,42900.0,7.6,4.0,24600.0,11.1,1990.0,10.3
2009-02-27,43900.0,0.3,2.2,25400.0,0.4,1180.0,0.8
2009-02-28,33000.0,0.3,3.5,18300.0,0.7,890.0,0.0
2009-03-01,26300.0,0.3,8.0,15200.0,1.9,848.0,0.3
2009-03-02,25300.0,7.6,9.6,15000.0,11.8,1190.0,7.7
2009-03-03,27400.0,3.1,8.0,15700.0,4.1,1150.0,2.7
2009-03-04,26100.0,1.2,5.3,14300.0,3.8,895.0,0.2
2009-03-05,23700.0,6.2,5.2,12900.0,9.4,905.0,7.4
2009-03-06,23300.0,0.8,3.6,13100.0,1.5,864.0,1.8
2009-03-07,22900.0,1.5,4.1,12900.0,1.1,710.0,1.5
2009-03-08,21400.0,0.3,3.6,12100.0,4.4,634.0,1.5
2009-03-09,20200.0,1.5,2.2,11600.0,2.5,559.0,1.5
2009-03-10,18600.0,1.0,2.5,11000.0,1.7,500.0,1.7
2009-03-11,16900.0,0.0,2.4,10100.0,0.0,445.0,0.0
2009-03-12,15500.0,0.0,3.7,9460.0,0.0,412.0,0.0
2009-03-13,14800.0,0.0,5.7,9030.0,0.0,399.0,0.0
2009-03-14,14300.0,9.3,6.2,8790.0,8.3,464.0,8.3
2009-03-15,16900.0,32.7,7.1,10300.0,33.4,1090.0,32.8
2009-03-16,28900.0,3.9,6.0,18900.0,9.7,1520.0,3.3
2009-03-17,37200.0,6.0,6.4,23200.0,8.1,1050.0,7.2
2009-03-18,34000.0,0.0,6.8,20800.0,0.3,943.0,0.0
2009-03-19,30200.0,0.0,8.1,18200.0,0.0,860.0,0.0
2009-03-20,27200.0,2.5,10.2,16500.0,2.2,942.0,2.5
2009-03-21,25600.0,0.2,7.2,15300.0,3.0,1090.0,0.2
2009-03-22,24500.0,3.2,5.9,15100.0,9.6,1020.0,6.3
2009-03-23,25200.0,1.2,4.0,15600.0,3.0,847.0,1.5
2009-03-24,24200.0,2.9,7.1,14700.0,2.8,842.0,2.4
2009-03-25,23500.0,6.0,7.4,14400.0,5.4,1190.0,5.8
2009-03-26,25500.0,0.0,6.3,15200.0,0.0,1480.0,0.0
2009-03-27,27000.0,0.0,6.7,15700.0,0.0,1120.0,0.0
2009-03-28,25500.0,8.6,7.9,14900.0,4.4,1270.0,7.7
2009-03-29,28500.0,5.5,5.5,15300.0,8.8,2550.0,6.2
2009-03-30,29800.0,0.0,4.7,16200.0,0.0,1450.0,0.0
2009-03-31,28300.0,2.4,7.1,15000.0,1.5,1110.0,2.9
2009-04-01,26500.0,3.0,5.1,13600.0,1.2,1050.0,2.4
2009-04-02,25000.0,10.0,8.1,12700.0,13.8,2190.0,11.5
2009-04-03,28700.0,2.6,5.3,14800.0,6.0,1910.0,4.2
2009-04-04,29500.0,0.0,5.1,15300.0,0.0,1290.0,0.0
2009-04-05,26800.0,0.0,9.3,14200.0,0.0,1020.0,0.0
2009-04-06,25200.0,0.0,11.7,13800.0,0.0,956.0,0.0
2009-04-07,24100.0,0.0,13.3,13600.0,0.0,1140.0,0.0
2009-04-08,23600.0,0.4,11.8,13300.0,0.4,1280.0,0.5
2009-04-09,23500.0,3.6,9.1,12900.0,7.4,1190.0,4.2
2009-04-10,24100.0,1.4,8.0,13300.0,3.1,1230.0,2.4
2009-04-11,24100.0,0.0,8.5,13400.0,0.0,963.0,0.0
2009-04-12,22500.0,8.1,10.0,12900.0,5.1,919.0,7.0
2009-04-13,23600.0,11.3,7.3,12600.0,14.6,2480.0,13.3
2009-04-14,26200.0,1.5,4.5,13500.0,3.8,1460.0,3.0
2009-04-15,24500.0,0.0,6.4,12900.0,0.4,1030.0,0.0
2009-04-16,22200.0,0.0,8.1,11900.0,0.0,846.0,0.0
2009-04-17,20700.0,4.8,11.1,11200.0,6.7,793.0,4.5
2009-04-18,20400.0,0.0,9.4,11300.0,0.0,838.0,0.0
2009-04-19,20400.0,0.0,12.6,11600.0,0.0,814.0,0.0
2009-04-20,20200.0,0.0,15.2,11400.0,0.0,1070.0,0.0
2009-04-21,20400.0,0.0,16.0,11400.0,0.0,1430.0,0.0
2009-04-22,20700.0,0.0,13.8,11700.0,0.0,1340.0,0.0
2009-04-23,20500.0,0.5,8.0,11600.0,0.3,1030.0,1.1
2009-04-24,19400.0,0.3,7.5,11300.0,0.0,762.0,0.0
2009-04-25,19300.0,0.0,7.7,10800.0,0.0,609.0,0.0
2009-04-26,19200.0,0.1,7.3,10500.0,0.0,516.0,0.0
2009-04-27,18500.0,0.0,8.0,10100.0,0.2,452.0,0.0
2009-04-28,17900.0,4.1,8.5,9930.0,5.7,462.0,4.3
2009-04-29,18100.0,1.9,8.0,9860.0,6.7,461.0,0.6
2009-04-30,17400.0,0.0,9.3,9610.0,0.1,417.0,0.0
2009-05-01,15700.0,0.0,12.1,9030.0,0.0,391.0,0.0
2009-05-02,16000.0,11.6,14.4,9220.0,16.2,597.0,12.2
2009-05-03,17600.0,0.7,11.1,9800.0,3.3,949.0,0.9
2009-05-04,18600.0,8.9,10.1,10500.0,14.7,914.0,10.2
2009-05-05,24600.0,13.9,11.5,13000.0,19.5,2360.0,14.7
2009-05-06,41300.0,9.7,11.4,20400.0,12.9,3240.0,9.1
2009-05-07,50600.0,2.4,10.2,22500.0,6.5,3070.0,3.5
2009-05-08,50000.0,0.7,9.3,22200.0,0.0,1920.0,1.3
2009-05-09,43100.0,0.0,10.9,19700.0,0.0,1280.0,0.0
2009-05-10,35600.0,0.4,12.7,17500.0,0.0,1010.0,0.5
2009-05-11,30100.0,0.8,13.1,15700.0,1.6,931.0,0.9
2009-05-12,26200.0,2.4,9.6,14600.0,4.2,900.0,2.9
2009-05-13,26400.0,3.0,8.8,15500.0,2.9,828.0,2.5
2009-05-14,29000.0,10.6,11.5,16100.0,12.7,2930.0,11.2
2009-05-15,32200.0,0.0,11.2,16900.0,0.0,1880.0,0.0
2009-05-16,30200.0,0.0,14.9,16000.0,0.0,1280.0,0.0
2009-05-17,27500.0,0.0,17.3,14800.0,0.0,1180.0,0.0
2009-05-18,26200.0,0.0,17.4,14400.0,0.0,1130.0,0.0
2009-05-19,26300.0,3.4,12.1,15100.0,3.4,1130.0,3.3
2009-05-20,26800.0,0.0,10.8,15400.0,0.0,978.0,0.0
2009-05-21,25500.0,0.0,12.9,14600.0,0.0,768.0,0.0
2009-05-22,22500.0,0.0,14.2,13500.0,0.0,691.0,0.0
2009-05-23,21600.0,0.0,14.6,12700.0,0.0,673.0,0.0
2009-05-24,19800.0,0.0,14.1,12100.0,0.0,648.0,0.0
2009-05-25,18600.0,0.0,13.9,11900.0,0.0,588.0,0.0
2009-05-26,18800.0,0.0,15.6,11700.0,0.0,529.0,0.0
2009-05-27,18100.0,0.0,15.9,11400.0,0.0,499.0,0.0
2009-05-28,17700.0,0.0,18.0,10700.0,0.0,502.0,0.0
2009-05-29,16200.0,0.0,21.5,9910.0,0.0,524.0,0.0
2009-05-30,15400.0,0.0,21.5,9280.0,0.0,535.0,0.0
2009-05-31,16100.0,0.0,20.9,9680.0,0.0,489.0,0.0
2009-06-01,16200.0,0.0,19.9,9670.0,0.0,445.0,0.0
2009-06-02,15800.0,0.0,20.5,9780.0,0.0,407.0,0.0
2009-06-03,15900.0,0.2,20.6,10000.0,0.4,357.0,0.9
2009-06-04,16300.0,0.5,21.6,10600.0,3.5,359.0,1.2
2009-06-05,17800.0,15.7,16.1,11300.0,3.2,368.0,12.3
2009-06-06,17500.0,1.9,14.6,10700.0,0.3,315.0,2.4
2009-06-07,15700.0,0.0,15.0,9640.0,0.0,283.0,0.0
2009-06-08,14000.0,0.0,14.7,8860.0,0.0,250.0,0.0
2009-06-09,12800.0,0.0,16.8,8510.0,0.0,230.0,0.0
2009-06-10,13800.0,0.0,16.0,8990.0,3.1,222.0,0.0
2009-06-11,13800.0,0.0,17.2,9040.0,0.6,225.0,0.4
2009-06-12,13800.0,0.0,17.0,9110.0,0.1,213.0,0.0
2009-06-13,13900.0,2.0,17.7,8850.0,0.9,215.0,3.1
2009-06-14,13400.0,0.4,16.9,8080.0,0.0,202.0,0.2
2009-06-15,12100.0,0.0,17.4,7380.0,0.0,189.0,0.0
2009-06-16,10500.0,0.0,18.6,6680.0,0.0,173.0,0.0
2009-06-17,10000.0,0.1,17.6,6540.0,0.0,163.0,0.1
2009-06-18,9730.0,0.0,17.8,6300.0,0.0,154.0,0.0
2009-06-19,9590.0,1.8,17.4,6200.0,2.3,155.0,2.2
2009-06-20,9530.0,0.3,14.5,6100.0,0.0,161.0,0.0
2009-06-21,9560.0,0.6,13.9,6060.0,0.2,151.0,0.7
2009-06-22,9610.0,0.0,13.9,6180.0,0.0,146.0,0.0
2009-06-23,9470.0,0.0,16.8,6060.0,0.0,135.0,0.0
2009-06-24,9080.0,0.0,19.1,5910.0,0.0,125.0,0.0
2009-06-25,9080.0,0.0,16.6,6180.0,0.0,118.0,0.0
2009-06-26,9050.0,0.0,16.3,6060.0,0.0,113.0,0.0
2009-06-27,8750.0,0.0,18.3,5810.0,0.0,107.0,0.0
2009-06-28,8460.0,0.0,19.4,5570.0,0.0,102.0,0.0
2009-06-29,8330.0,0.0,17.8,5570.0,0.0,97.5,0.0
2009-06-30,8140.0,0.0,18.0,5460.0,0.0,92.8,0.0
2009-07-01,7960.0,0.0,20.4,5210.0,0.0,87.7,0.0
2009-07-02,7530.0,0.0,23.6,4910.0,0.0,84.4,0.0
2009-07-03,7420.0,0.0,24.8,5140.0,0.0,80.4,0.0
2009-07-04,7500.0,0.0,23.3,5100.0,0.0,77.1,0.0
2009-07-05,7430.0,0.0,23.0,5060.0,0.0,74.4,0.0
2009-07-06,7420.0,0.0,17.2,5050.0,0.0,71.6,0.0
2009-07-07,7370.0,0.0,16.6,5070.0,0.0,71.3,0.0
2009-07-08,7360.0,0.0,15.8,4930.0,0.0,70.0,0.0
2009-07-09,7020.0,0.0,16.9,4670.0,0.0,69.0,0.0
2009-07-10,7100.0,0.0,20.8,5000.0,0.2,66.5,0.0
2009-07-11,7190.0,0.0,21.2,4840.0,0.0,65.1,0.0
2009-07-12,7080.0,0.8,17.9,4830.0,3.3,64.5,0.7
2009-07-13,7570.0,2.9,16.2,5080.0,1.5,75.1,3.7
2009-07-14,7520.0,0.0,18.0,5000.0,0.0,71.2,0.0
2009-07-15,7390.0,0.0,21.4,4960.0,0.0,63.4,0.0
2009-07-16,7190.0,0.0,23.8,4850.0,0.0,59.6,0.0
2009-07-17,6870.0,0.0,25.7,4760.0,0.0,56.7,0.0
2009-07-18,6680.0,0.0,24.2,4700.0,0.0,54.6,0.0
2009-07-19,6650.0,0.0,21.2,4700.0,0.0,52.9,0.0
2009-07-20,6660.0,0.0,23.4,4680.0,0.0,51.5,0.0
2009-07-21,6590.0,0.0,24.1,4620.0,0.1,49.0,0.0
2009-07-22,6430.0,0.0,21.5,4540.0,0.0,47.9,0.0
2009-07-23,6410.0,0.0,20.0,4600.0,0.0,47.0,0.0
2009-07-24,6510.0,0.0,20.6,4730.0,0.0,46.2,0.0
2009-07-25,6450.0,0.0,24.2,4760.0,0.0,44.9,0.0
2009-07-26,6470.0,0.0,24.7,4810.0,0.0,43.8,0.0
2009-07-27,6490.0,0.0,28.4,4760.0,0.0,42.5,0.0
2009-07-28,6270.0,0.0,31.7,4760.0,0.0,41.2,0.0
2009-07-29,6200.0,0.0,31.8,4860.0,0.0,40.2,0.0
2009-07-30,6230.0,0.0,27.6,4830.0,0.0,40.8,0.0
2009-07-31,6210.0,0.0,24.0,4980.0,0.0,37.2,0.0
2009-08-01,6300.0,0.0,25.5,5140.0,0.0,36.7,0.0
2009-08-02,6520.0,0.0,26.6,5330.0,0.0,36.1,0.0
2009-08-03,6580.0,0.0,23.4,5380.0,0.0,35.0,0.0
2009-08-04,6540.0,0.0,21.8,5330.0,0.0,34.3,0.0
2009-08-05,6730.0,0.0,20.2,5380.0,0.0,33.8,0.0
2009-08-06,6800.0,0.0,18.6,5330.0,0.0,34.3,0.0
2009-08-07,6910.0,0.3,17.8,5380.0,0.7,40.3,0.8
2009-08-08,7170.0,0.0,18.1,5630.0,0.0,43.5,0.0
2009-08-09,7340.0,0.0,20.2,5600.0,0.0,39.9,0.0
2009-08-10,7310.0,0.0,20.0,5590.0,0.0,37.1,0.0
2009-08-11,7210.0,0.0,22.1,5530.0,0.0,35.4,0.0
2009-08-12,7150.0,2.6,21.4,5560.0,1.4,36.4,2.0
2009-08-13,7070.0,0.3,18.8,5500.0,0.0,42.1,0.3
2009-08-14,7030.0,0.0,17.0,5420.0,0.0,39.1,0.0
2009-08-15,6850.0,0.0,16.6,5320.0,0.0,39.7,0.0
2009-08-16,6840.0,0.0,17.5,5330.0,0.0,36.2,0.0
2009-08-17,6930.0,0.0,22.0,5420.0,0.0,34.0,0.0
2009-08-18,6880.0,0.0,25.5,5380.0,0.0,32.3,0.0
2009-08-19,6740.0,0.0,26.9,5230.0,0.0,31.3,0.0
2009-08-20,6600.0,0.0,23.9,5200.0,0.0,30.0,0.0
2009-08-21,6660.0,0.0,19.5,5240.0,0.0,28.9,0.0
2009-08-22,6700.0,0.0,20.5,5310.0,0.0,28.7,0.0
2009-08-23,6690.0,0.0,18.4,5250.0,0.0,28.1,0.0
2009-08-24,6730.0,0.0,18.3,5310.0,0.0,27.4,0.0
2009-08-25,6720.0,0.0,17.6,5280.0,0.0,26.9,0.0
2009-08-26,7260.0,0.0,18.7,6290.0,0.0,26.6,0.0
2009-08-27,7660.0,0.0,22.4,6120.0,0.0,26.1,0.0
2009-08-28,7430.0,0.2,21.3,5980.0,2.2,25.3,0.2
2009-08-29,7460.0,4.8,17.8,6000.0,3.3,25.7,4.7
2009-08-30,7520.0,0.0,20.0,5980.0,0.0,25.5,0.0
2009-08-31,7530.0,0.0,21.1,5940.0,0.0,25.2,0.0
2009-09-01,7580.0,0.0,19.8,6050.0,0.2,24.7,0.0
2009-09-02,7640.0,0.0,19.1,6020.0,0.0,24.3,0.0
2009-09-03,8040.0,1.6,19.2,6360.0,0.0,23.7,2.9
2009-09-04,7990.0,0.0,18.9,6200.0,0.0,23.2,0.0
2009-09-05,8310.0,8.2,17.3,6400.0,9.0,29.4,6.8
2009-09-06,8720.0,9.8,15.3,6820.0,9.1,45.1,8.2
2009-09-07,9220.0,0.3,15.7,6990.0,2.6,69.7,0.3
2009-09-08,9390.0,0.0,15.2,7000.0,0.0,48.4,0.0
2009-09-09,9250.0,0.0,17.9,6790.0,0.0,37.9,0.0
2009-09-10,8990.0,0.0,19.4,6500.0,0.0,33.4,0.0
2009-09-11,8750.0,0.0,21.9,6470.0,0.0,30.8,0.0
2009-09-12,8790.0,0.0,22.2,6410.0,0.0,29.3,0.0
2009-09-13,8760.0,0.0,20.7,6640.0,0.0,27.8,0.0
2009-09-14,9070.0,0.0,18.7,6680.0,0.0,27.6,0.0
2009-09-15,8860.0,0.0,20.0,6650.0,0.0,27.1,0.0
2009-09-16,9000.0,0.0,19.7,6690.0,0.0,26.5,0.0
2009-09-17,8930.0,0.0,17.0,6460.0,0.0,26.4,0.0
2009-09-18,8520.0,0.0,18.3,6050.0,0.0,26.2,0.0
2009-09-19,8180.0,3.9,18.0,5790.0,2.7,27.2,5.0
2009-09-20,7980.0,0.0,15.4,5480.0,0.0,30.8,0.0
2009-09-21,7700.0,0.0,18.0,5310.0,0.0,30.7,0.0
2009-09-22,7690.0,0.0,21.3,5550.0,0.0,26.2,0.0
2009-09-23,7910.0,0.0,21.6,5580.0,0.0,24.4,0.0
2009-09-24,7800.0,0.0,18.6,5470.0,0.0,23.5,0.0
2009-09-25,8050.0,0.0,17.8,5460.0,0.0,23.2,0.0
2009-09-26,8280.0,0.0,17.7,5520.0,0.0,23.2,0.0
2009-09-27,8430.0,0.0,16.9,5540.0,0.0,22.7,0.0
2009-09-28,8430.0,0.1,16.1,5560.0,0.0,22.2,0.0
2009-09-29,8540.0,1.4,12.0,5680.0,5.9,25.7,1.8
2009-09-30,9020.0,0.0,11.3,6270.0,0.3,39.0,0.1
2009-10-01,9790.0,0.0,13.5,7010.0,0.0,46.3,0.0
2009-10-02,10200.0,0.8,14.0,7200.0,0.3,38.0,1.1
2009-10-03,10300.0,1.1,10.5,7190.0,1.2,36.0,0.1
2009-10-04,10400.0,2.0,11.1,7150.0,4.2,36.8,3.1
2009-10-05,9960.0,0.0,11.4,6570.0,0.0,39.2,0.0
2009-10-06,9520.0,0.0,12.1,6460.0,0.0,35.6,0.0
2009-10-07,10200.0,0.0,13.0,7190.0,0.0,31.9,0.0
2009-10-08,10800.0,0.0,12.0,7700.0,0.0,30.2,0.0
2009-10-09,11000.0,0.0,13.5,7610.0,0.0,29.2,0.0
2009-10-10,10700.0,0.0,11.8,7500.0,0.0,28.3,0.0
2009-10-11,10200.0,0.0,10.0,6800.0,0.0,27.2,0.0
2009-10-12,9470.0,0.0,9.4,6210.0,0.0,26.2,0.0
2009-10-13,9140.0,2.8,11.1,6070.0,3.2,26.2,4.3
2009-10-14,9860.0,16.0,14.0,7080.0,17.8,32.7,15.0
2009-10-15,11100.0,1.5,13.8,8350.0,3.2,48.1,1.1
2009-10-16,11800.0,0.0,15.2,8450.0,0.0,41.1,0.0
2009-10-17,11600.0,5.9,16.5,8160.0,4.3,40.6,5.6
2009-10-18,11200.0,0.5,14.9,7910.0,0.5,73.2,0.4
2009-10-19,10600.0,0.3,12.9,7290.0,0.3,59.4,0.9
2009-10-20,10500.0,0.0,11.8,7200.0,0.0,51.1,0.0
2009-10-21,10900.0,9.7,13.2,7890.0,8.9,48.6,10.7
2009-10-22,11800.0,0.1,12.3,8830.0,0.2,58.8,0.0
2009-10-23,12400.0,9.7,13.1,8850.0,9.6,74.2,11.7
2009-10-24,12500.0,0.2,11.1,8630.0,0.2,188.0,0.2
2009-10-25,12300.0,0.0,9.5,8160.0,0.0,106.0,0.1
2009-10-26,11500.0,20.0,12.5,7560.0,18.3,216.0,18.8
2009-10-27,12000.0,1.4,8.0,7620.0,7.2,622.0,2.1
2009-10-28,12900.0,0.3,6.6,8300.0,0.1,401.0,0.7
2009-10-29,13100.0,4.0,8.4,8020.0,4.3,415.0,3.8
2009-10-30,14500.0,2.8,12.8,8250.0,2.6,1170.0,3.6
2009-10-31,15900.0,8.8,13.4,8860.0,9.0,1190.0,11.0
2009-11-01,16600.0,0.0,9.4,9050.0,0.0,811.0,0.0
2009-11-02,16100.0,0.0,8.2,9240.0,0.0,464.0,0.0
2009-11-03,15200.0,0.0,8.5,9000.0,0.0,320.0,0.0
2009-11-04,14700.0,0.0,8.9,8790.0,0.0,244.0,0.0
2009-11-05,14400.0,1.2,10.5,8520.0,1.7,201.0,0.8
2009-11-06,14700.0,15.5,10.5,8590.0,23.3,625.0,18.1
2009-11-07,17500.0,8.6,8.8,10200.0,13.5,1380.0,7.5
2009-11-08,22200.0,7.3,9.0,12400.0,14.7,1820.0,10.6
2009-11-09,24600.0,2.0,8.5,14100.0,2.9,1190.0,1.5
2009-11-10,23100.0,1.3,8.8,13300.0,7.8,1050.0,2.3
2009-11-11,22300.0,6.3,8.6,13200.0,9.8,960.0,7.3
2009-11-12,23000.0,6.3,6.2,13300.0,11.3,862.0,6.1
2009-11-13,23200.0,5.1,6.0,13500.0,5.8,722.0,5.5
2009-11-14,22300.0,0.3,4.2,12800.0,0.2,609.0,0.3
2009-11-15,20800.0,0.3,7.9,11900.0,0.0,498.0,0.0
2009-11-16,19500.0,0.0,11.3,11200.0,0.0,457.0,0.0
2009-11-17,20200.0,24.6,10.6,11100.0,24.5,1310.0,22.6
2009-11-18,27300.0,3.5,6.4,14200.0,3.3,1260.0,3.0
2009-11-19,30000.0,8.1,9.7,15200.0,3.9,1100.0,5.0
2009-11-20,28900.0,22.1,9.8,14300.0,28.1,1050.0,23.6
2009-11-21,29200.0,4.2,5.2,14600.0,5.9,880.0,3.1
2009-11-22,31100.0,20.1,7.0,15400.0,24.7,1300.0,20.6
2009-11-23,35200.0,0.2,6.4,17800.0,0.1,1070.0,0.3
2009-11-24,33200.0,0.0,8.8,17200.0,0.0,794.0,0.0
2009-11-25,28300.0,0.0,7.9,15500.0,0.0,739.0,0.0
2009-11-26,25500.0,14.1,7.8,14200.0,18.4,788.0,12.5
2009-11-27,28500.0,16.7,9.0,15900.0,19.4,1910.0,14.7
2009-11-28,36600.0,0.0,5.2,21000.0,0.0,1290.0,0.0
2009-11-29,35800.0,0.0,6.0,20200.0,0.0,878.0,0.0
2009-11-30,31800.0,0.0,5.2,18000.0,0.0,685.0,0.0
2009-12-01,27600.0,0.0,6.8,15800.0,0.0,568.0,0.0
2009-12-02,23500.0,0.0,3.8,12900.0,0.0,484.0,0.0
2009-12-03,18900.0,0.0,1.9,10300.0,0.0,414.0,0.0
2009-12-04,15900.0,0.0,1.8,8920.0,0.0,362.0,0.0
2009-12-05,14100.0,0.0,0.9,8070.0,0.0,325.0,0.0
2009-12-06,12900.0,0.0,0.2,7510.0,0.0,293.0,0.0
2009-12-07,12200.0,0.0,-1.9,7080.0,0.0,250.0,0.0
2009-12-08,11600.0,0.0,-4.3,6690.0,0.0,220.0,0.0
2009-12-09,11400.0,0.0,-4.8,6580.0,0.0,190.0,0.0
2009-12-10,12900.0,0.0,-3.8,7570.0,0.0,185.0,0.0
2009-12-11,12300.0,0.0,-2.4,7450.0,0.0,180.0,0.0
2009-12-12,11700.0,5.3,0.9,7100.0,5.7,180.0,6.0
2009-12-13,11200.0,3.6,1.2,6480.0,0.0,200.0,3.5
2009-12-14,10200.0,2.9,3.3,5820.0,0.9,188.0,1.7
2009-12-15,12400.0,29.1,6.7,6420.0,29.0,1960.0,26.8
2009-12-16,27700.0,7.7,9.1,12200.0,9.9,3020.0,8.5
2009-12-17,38500.0,5.3,8.8,18300.0,7.9,2600.0,5.5
2009-12-18,38400.0,0.0,6.9,19200.0,0.3,1680.0,0.0
2009-12-19,34300.0,2.6,9.3,17600.0,3.3,1350.0,3.5
2009-12-20,32100.0,4.3,8.7,16100.0,4.2,1240.0,3.4
2009-12-21,36200.0,16.2,9.1,17700.0,17.6,2620.0,16.3
2009-12-22,45100.0,1.4,3.0,20900.0,5.3,2080.0,2.7
2009-12-23,42900.0,0.0,1.3,20700.0,0.0,1280.0,0.0
2009-12-24,37600.0,0.0,1.1,18300.0,0.0,963.0,0.0
2009-12-25,32400.0,0.0,1.2,15300.0,0.0,832.0,0.0
2009-12-26,26900.0,0.0,0.4,13000.0,0.0,717.0,0.0
2009-12-27,22300.0,0.0,1.0,11800.0,1.8,614.0,0.0
2009-12-28,20000.0,0.0,1.5,11000.0,1.0,535.0,0.0
2009-12-29,18500.0,1.9,0.7,10300.0,4.8,477.0,2.8
2009-12-30,19000.0,3.7,3.9,10700.0,9.3,514.0,4.0
2009-12-31,23900.0,21.5,3.8,13900.0,23.5,1520.0,21.1
2010-01-01,44400.0,11.8,9.9,24200.0,18.0,3590.0,14.0
2010-01-02,61300.0,4.3,8.2,36000.0,3.2,2850.0,3.7
2010-01-03,60600.0,0.0,5.6,33400.0,0.0,1740.0,0.0
2010-01-04,50200.0,6.7,6.2,27900.0,4.8,1370.0,4.3
2010-01-05,46800.0,4.4,10.3,26500.0,6.7,3750.0,6.2
2010-01-06,60000.0,16.7,10.1,31300.0,12.9,3710.0,17.1
2010-01-07,70700.0,0.0,5.3,38300.0,0.0,2220.0,0.0
2010-01-08,69100.0,1.7,6.0,37500.0,4.2,1480.0,1.9
2010-01-09,64200.0,6.3,8.3,34400.0,4.5,1260.0,5.8
2010-01-10,59800.0,0.0,7.4,31800.0,0.0,1050.0,0.0
2010-01-11,54000.0,0.0,8.6,27700.0,0.0,880.0,0.0
2010-01-12,50100.0,15.9,9.4,26100.0,15.0,850.0,14.9
2010-01-13,49900.0,9.0,8.6,26200.0,13.4,899.0,9.2
2010-01-14,48100.0,0.0,8.2,25600.0,1.5,1000.0,0.2
2010-01-15,43100.0,10.7,9.1,23500.0,7.1,850.0,8.1
2010-01-16,43100.0,14.0,8.8,24100.0,23.6,1480.0,17.0
2010-01-17,45600.0,4.8,9.2,26100.0,7.6,1620.0,4.4
2010-01-18,46600.0,5.0,9.8,26800.0,4.2,1450.0,3.9
2010-01-19,43600.0,2.7,9.1,24800.0,2.3,1070.0,3.0
2010-01-20,37800.0,1.8,6.1,21700.0,0.7,846.0,1.5
2010-01-21,33500.0,2.4,6.7,19700.0,0.7,700.0,1.7
2010-01-22,30400.0,9.9,5.8,18200.0,9.3,623.0,12.2
2010-01-23,27100.0,1.5,5.3,16100.0,1.3,560.0,0.8
2010-01-24,24900.0,8.9,6.3,14600.0,8.7,577.0,7.7
2010-01-25,26600.0,6.7,8.3,14800.0,6.8,1110.0,6.4
2010-01-26,28400.0,0.7,7.5,15700.0,1.7,977.0,0.9
2010-01-27,26200.0,0.0,4.8,14900.0,0.0,783.0,0.0
2010-01-28,24100.0,0.0,5.4,13900.0,0.0,659.0,0.0
2010-01-29,22300.0,0.0,7.2,12900.0,0.3,576.0,0.0
2010-01-30,20700.0,1.5,6.9,12000.0,4.7,536.0,2.1
2010-01-31,19700.0,1.5,7.5,11700.0,4.8,533.0,2.9
2010-02-01,19200.0,6.0,5.3,11500.0,7.5,511.0,5.9
2010-02-02,20300.0,2.5,7.7,12400.0,1.5,553.0,1.9
2010-02-03,21400.0,1.6,7.4,13000.0,5.9,532.0,2.6
2010-02-04,21800.0,2.1,7.6,13200.0,5.2,615.0,2.7
2010-02-05,22000.0,3.8,9.3,13000.0,2.4,664.0,3.2
2010-02-06,20900.0,1.1,7.8,11900.0,2.6,614.0,1.6
2010-02-07,19300.0,3.7,7.5,11500.0,2.9,551.0,3.9
2010-02-08,18400.0,0.0,5.8,10900.0,0.0,493.0,0.0
2010-02-09,17000.0,0.0,5.4,10100.0,0.0,442.0,0.0
2010-02-10,15800.0,4.0,4.3,9410.0,2.2,405.0,2.9
2010-02-11,15400.0,2.1,9.1,9210.0,3.1,573.0,2.4
2010-02-12,17500.0,17.4,9.6,10500.0,24.9,852.0,18.6
2010-02-13,21400.0,1.8,9.5,12500.0,2.2,841.0,0.8
2010-02-14,21200.0,8.8,9.9,12000.0,13.0,802.0,9.0
2010-02-15,21100.0,0.3,7.2,12000.0,0.8,844.0,0.7
2010-02-16,20900.0,4.4,11.1,12100.0,3.9,816.0,4.7
2010-02-17,20900.0,0.0,7.8,12100.0,0.0,757.0,0.0
2010-02-18,19300.0,0.0,7.6,11100.0,0.0,647.0,0.0
2010-02-19,17700.0,0.0,6.7,10300.0,0.0,557.0,0.0
2010-02-20,16400.0,0.0,6.1,9630.0,0.0,484.0,0.0
2010-02-21,15300.0,0.0,5.0,9050.0,0.0,423.0,0.0
2010-02-22,14400.0,0.0,4.7,8580.0,0.0,375.0,0.0
2010-02-23,13800.0,2.4,5.8,8220.0,2.4,352.0,1.6
2010-02-24,15100.0,13.3,7.7,9110.0,19.0,602.0,12.8
2010-02-25,18000.0,1.3,8.5,10400.0,3.9,992.0,1.4
2010-02-26,20100.0,20.6,9.5,12200.0,21.4,830.0,17.7
2010-02-27,25100.0,4.5,9.6,14700.0,4.9,791.0,5.0
2010-02-28,22900.0,0.3,8.9,12600.0,0.5,664.0,0.0
2010-03-01,19400.0,0.0,9.4,10800.0,0.0,562.0,0.0
2010-03-02,17300.0,0.6,9.6,9940.0,4.6,495.0,1.1
2010-03-03,16300.0,0.6,6.5,9380.0,4.6,444.0,2.1
2010-03-04,15400.0,0.0,6.7,9130.0,0.3,414.0,0.1
2010-03-05,14900.0,0.0,7.8,8830.0,0.0,372.0,0.0
2010-03-06,14000.0,0.0,8.2,8340.0,0.0,340.0,0.0
2010-03-07,13200.0,0.0,7.8,7880.0,0.0,315.0,0.0
2010-03-08,12800.0,3.7,6.9,7620.0,3.8,313.0,4.9
2010-03-09,12600.0,0.0,3.5,7650.0,0.2,288.0,0.0
2010-03-10,12200.0,3.3,4.8,7420.0,6.6,286.0,4.0
2010-03-11,12100.0,8.4,7.2,7380.0,5.5,368.0,6.1
2010-03-12,15200.0,41.7,7.7,9280.0,42.7,1110.0,41.0
2010-03-13,23600.0,6.0,4.9,13900.0,7.1,950.0,5.3
2010-03-14,24000.0,0.1,5.9,13700.0,0.0,720.0,0.0
2010-03-15,20500.0,0.0,9.7,11800.0,0.0,643.0,0.0
2010-03-16,18300.0,0.5,9.6,10700.0,0.9,699.0,0.4
2010-03-17,17000.0,0.5,7.5,9830.0,0.1,708.0,0.6
2010-03-18,15900.0,0.0,7.0,9110.0,0.0,604.0,0.0
2010-03-19,14800.0,0.0,8.2,8550.0,0.0,521.0,0.0
2010-03-20,13900.0,0.0,10.2,8110.0,0.0,461.0,0.0
2010-03-21,13200.0,3.8,11.5,7730.0,6.7,514.0,4.6
2010-03-22,13500.0,3.9,8.0,7680.0,5.9,869.0,5.4
2010-03-23,13800.0,0.2,7.4,7840.0,0.0,770.0,0.0
2010-03-24,13200.0,0.0,10.0,7610.0,0.0,633.0,0.0
2010-03-25,13300.0,10.9,9.1,7670.0,17.2,667.0,13.1
2010-03-26,17600.0,15.1,7.6,10600.0,21.6,1170.0,15.5
2010-03-27,25400.0,0.0,8.6,15500.0,0.5,1070.0,0.0
2010-03-28,25200.0,9.1,11.0,14900.0,7.5,1090.0,7.6
2010-03-29,33200.0,31.5,9.1,18200.0,31.0,4280.0,32.5
2010-03-30,58500.0,9.3,5.8,31900.0,16.9,3160.0,9.3
2010-03-31,67600.0,2.4,5.6,40900.0,4.3,1970.0,1.7
2010-04-01,59800.0,0.6,5.1,35500.0,1.3,1410.0,0.6
2010-04-02,50900.0,20.2,6.4,29300.0,23.1,1340.0,19.8
2010-04-03,51700.0,6.4,5.1,30500.0,12.0,1380.0,6.4
2010-04-04,51600.0,6.1,6.2,30700.0,7.8,1100.0,6.5
2010-04-05,45800.0,3.9,6.0,26800.0,5.8,937.0,3.7
2010-04-06,41800.0,7.8,6.5,24600.0,10.2,929.0,8.5
2010-04-07,39100.0,0.0,7.6,21900.0,0.0,944.0,0.0
2010-04-08,36300.0,8.5,7.7,19500.0,8.0,1100.0,8.6
2010-04-09,35700.0,0.0,5.4,18500.0,0.5,950.0,0.0
2010-04-10,32600.0,0.0,8.2,16500.0,0.0,805.0,0.0
2010-04-11,28300.0,3.4,10.6,15200.0,11.7,754.0,5.0
2010-04-12,27200.0,4.8,11.4,15900.0,2.0,872.0,4.3
2010-04-13,26300.0,0.0,10.4,15900.0,0.6,1100.0,0.1
2010-04-14,26500.0,0.0,8.2,15700.0,0.8,1170.0,0.0
2010-04-15,27500.0,8.5,9.4,14900.0,10.1,1670.0,12.1
2010-04-16,27300.0,0.0,11.1,14100.0,0.0,1370.0,0.0
2010-04-17,24500.0,0.1,12.2,12800.0,0.0,1290.0,0.0
2010-04-18,22100.0,0.0,12.9,11800.0,0.0,1190.0,0.0
2010-04-19,20700.0,0.8,13.8,11200.0,0.9,1190.0,1.1
2010-04-20,20100.0,5.2,10.7,11200.0,11.7,1140.0,6.2
2010-04-21,22400.0,3.4,8.5,12600.0,4.2,994.0,4.5
2010-04-22,23300.0,0.0,8.8,13300.0,0.0,783.0,0.0
2010-04-23,22100.0,0.0,9.8,12100.0,0.0,647.0,0.0
2010-04-24,19600.0,1.0,10.1,11000.0,1.8,640.0,1.5
2010-04-25,18400.0,0.0,9.3,10200.0,0.0,600.0,0.0
2010-04-26,17100.0,2.1,11.5,9680.0,2.3,549.0,2.0
2010-04-27,18600.0,26.5,9.8,10700.0,34.4,1080.0,26.6
2010-04-28,29700.0,6.6,7.6,18900.0,10.3,1490.0,6.4
2010-04-29,36500.0,4.2,7.4,22100.0,9.4,1490.0,3.5
2010-04-30,36300.0,1.1,8.1,21800.0,3.2,1290.0,2.9
2010-05-01,34200.0,0.1,10.0,20200.0,0.2,1140.0,0.2
2010-05-02,30100.0,0.1,9.3,17900.0,0.0,1110.0,0.0
2010-05-03,27800.0,6.2,10.5,16500.0,7.2,1800.0,7.1
2010-05-04,29800.0,1.1,7.0,16100.0,1.6,1710.0,0.7
2010-05-05,30100.0,5.9,6.5,15700.0,2.2,1120.0,6.6
2010-05-06,27900.0,0.1,7.0,14900.0,1.2,897.0,1.1
2010-05-07,24600.0,0.0,10.7,13200.0,0.0,771.0,0.0
2010-05-08,22000.0,0.0,12.0,11900.0,0.1,689.0,0.1
2010-05-09,20200.0,0.3,12.4,10900.0,1.0,641.0,0.3
2010-05-10,19300.0,6.2,10.4,10300.0,9.0,757.0,6.2
2010-05-11,18300.0,0.3,9.9,10300.0,2.0,807.0,0.5
2010-05-12,18400.0,0.0,10.9,10700.0,0.0,723.0,0.0
2010-05-13,18800.0,0.0,12.1,11500.0,0.0,648.0,0.0
2010-05-14,19000.0,0.0,14.8,11300.0,0.0,618.0,0.0
2010-05-15,18300.0,0.0,15.0,11000.0,0.0,633.0,0.0
2010-05-16,17700.0,0.3,15.5,10500.0,0.0,632.0,0.0
2010-05-17,17000.0,5.0,15.4,10400.0,8.8,598.0,6.4
2010-05-18,17600.0,3.6,13.4,10100.0,4.7,630.0,4.5
2010-05-19,18000.0,6.5,12.6,10400.0,9.0,708.0,6.8
2010-05-20,18600.0,5.1,9.4,10800.0,16.2,1010.0,5.2
2010-05-21,20400.0,11.3,8.6,12800.0,14.6,917.0,11.6
2010-05-22,22100.0,8.6,7.5,13600.0,11.4,924.0,9.7
2010-05-23,23200.0,2.5,8.9,14700.0,2.6,906.0,3.3
2010-05-24,23600.0,0.0,9.9,14900.0,0.0,834.0,0.0
2010-05-25,22700.0,10.0,12.1,14200.0,13.9,729.0,10.7
2010-05-26,22300.0,6.8,11.6,14500.0,11.9,787.0,8.0
2010-05-27,25200.0,0.2,11.8,16400.0,4.5,841.0,0.1
2010-05-28,27200.0,1.4,11.3,17800.0,0.6,722.0,0.9
2010-05-29,25700.0,0.8,11.2,16800.0,0.0,739.0,0.0
2010-05-30,23300.0,0.6,13.9,14900.0,0.3,699.0,0.6
2010-05-31,21200.0,8.7,14.4,13500.0,9.7,745.0,7.1
2010-06-01,21400.0,0.9,13.5,13600.0,1.8,872.0,0.9
2010-06-02,27400.0,19.2,13.7,16200.0,21.1,4500.0,21.0
2010-06-03,57100.0,1.2,11.1,29900.0,2.5,3980.0,2.1
2010-06-04,75200.0,22.7,12.5,43200.0,26.1,3320.0,22.9
2010-06-05,85300.0,0.0,13.5,50500.0,0.0,2440.0,0.0
2010-06-06,85600.0,9.5,16.1,53400.0,4.8,1630.0,7.1
2010-06-07,77100.0,0.7,14.7,49100.0,1.8,2140.0,1.0
2010-06-08,64500.0,0.0,14.7,40100.0,0.0,1470.0,0.0
2010-06-09,53300.0,11.6,13.4,33300.0,10.1,1200.0,9.7
2010-06-10,48900.0,12.0,11.5,31300.0,14.5,1720.0,15.1
2010-06-11,48200.0,0.6,11.4,30300.0,1.3,1690.0,1.2
2010-06-12,45100.0,0.0,14.6,28000.0,0.0,1200.0,0.0
2010-06-13,39700.0,0.0,17.5,23800.0,0.0,920.0,0.0
2010-06-14,34000.0,0.0,13.2,20100.0,0.0,751.0,0.0
2010-06-15,30200.0,0.3,11.8,17800.0,1.2,636.0,0.3
2010-06-16,27700.0,0.2,11.2,16600.0,1.0,581.0,0.6
2010-06-17,25200.0,0.5,12.4,15400.0,1.2,571.0,0.4
2010-06-18,23100.0,0.0,13.1,14400.0,0.0,513.0,0.0
2010-06-19,21600.0,0.0,13.5,13700.0,0.6,458.0,0.0
2010-06-20,20100.0,0.2,13.0,13000.0,0.2,427.0,0.3
2010-06-21,19000.0,0.0,13.8,12500.0,0.0,406.0,0.0
2010-06-22,18000.0,0.0,15.3,11800.0,0.0,370.0,0.0
2010-06-23,16400.0,0.0,18.4,10800.0,0.0,340.0,0.0
2010-06-24,15100.0,0.0,18.5,10200.0,0.0,315.0,0.0
2010-06-25,14300.0,0.0,17.6,9730.0,0.0,292.0,0.0
2010-06-26,13700.0,0.0,16.2,9410.0,0.0,272.0,0.0
2010-06-27,13300.0,0.0,18.1,9190.0,0.0,252.0,0.0
2010-06-28,13000.0,0.0,18.2,9040.0,0.0,235.0,0.0
2010-06-29,12700.0,0.0,15.3,8770.0,0.0,218.0,0.0
2010-06-30,12500.0,0.0,14.2,8640.0,0.0,204.0,0.0
2010-07-01,12100.0,0.0,15.0,8340.0,0.0,192.0,0.0
2010-07-02,12000.0,3.2,13.9,8210.0,1.9,229.0,2.3
2010-07-03,11900.0,0.1,14.5,8050.0,0.0,219.0,0.2
2010-07-04,11700.0,0.0,15.3,7990.0,0.0,196.0,0.0
2010-07-05,11400.0,0.0,15.4,7750.0,0.0,180.0,0.0
2010-07-06,11000.0,0.0,17.5,7550.0,0.0,168.0,0.0
2010-07-07,10900.0,0.0,23.0,7570.0,0.0,156.0,0.0
2010-07-08,10700.0,0.0,24.1,7560.0,0.0,146.0,0.0
2010-07-09,10600.0,0.0,25.5,7540.0,0.0,137.0,0.0
2010-07-10,10300.0,0.0,23.3,7400.0,0.0,129.0,0.0
2010-07-11,10300.0,0.0,22.7,7570.0,0.0,123.0,0.0
2010-07-12,10500.0,0.0,19.1,7770.0,0.0,118.0,0.0
2010-07-13,10900.0,0.0,15.8,8000.0,0.0,112.0,0.0
2010-07-14,11000.0,0.0,18.6,7850.0,0.0,109.0,0.0
2010-07-15,10800.0,0.0,22.1,7690.0,0.0,104.0,0.0
2010-07-16,10600.0,0.0,20.1,7570.0,0.0,99.8,0.0
2010-07-17,10400.0,0.0,18.8,7480.0,0.0,95.9,0.0
2010-07-18,10400.0,0.0,18.5,7450.0,0.0,92.6,0.0
2010-07-19,10400.0,0.0,17.6,7450.0,0.0,89.9,0.0
2010-07-20,10400.0,0.0,18.4,7470.0,0.0,86.9,0.0
2010-07-21,10300.0,0.0,18.5,7470.0,0.0,84.5,0.0
2010-07-22,10300.0,0.0,20.1,7480.0,0.0,80.9,0.0
2010-07-23,10200.0,0.0,18.6,7430.0,0.0,77.0,0.0
2010-07-24,10000.0,0.0,23.8,7150.0,0.0,74.9,0.0
2010-07-25,9800.0,0.0,23.8,7100.0,0.0,72.4,0.0
2010-07-26,9840.0,0.0,22.6,7160.0,0.0,69.4,0.0
2010-07-27,9760.0,0.0,21.1,7110.0,0.0,67.0,0.0
2010-07-28,9680.0,0.0,21.2,7040.0,0.0,65.4,0.0
2010-07-29,9510.0,0.0,20.2,6760.0,0.0,64.0,0.0
2010-07-30,9210.0,0.0,19.9,6540.0,0.0,62.2,0.0
2010-07-31,9120.0,0.0,18.1,6430.0,0.0,60.9,0.0
2010-08-01,9000.0,0.0,17.7,6320.0,0.0,60.6,0.0
2010-08-02,8980.0,0.0,20.4,6270.0,0.0,59.3,0.0
2010-08-03,8790.0,0.0,19.9,6290.0,0.0,58.0,0.0
2010-08-04,8970.0,0.0,19.5,6620.0,0.0,56.8,0.0
2010-08-05,8630.0,0.0,21.7,6510.0,0.0,56.0,0.0
2010-08-06,8440.0,0.0,21.2,6570.0,0.0,54.3,0.0
2010-08-07,8410.0,0.0,20.1,6500.0,0.0,52.6,0.0
2010-08-08,8360.0,0.0,20.0,6430.0,0.0,51.6,0.1
2010-08-09,8350.0,0.0,18.5,6370.0,0.0,51.0,0.0
2010-08-10,8200.0,0.0,17.0,6270.0,0.0,50.8,0.0
2010-08-11,8340.0,0.0,18.1,6150.0,0.0,49.8,0.0
2010-08-12,7900.0,0.0,20.0,5910.0,0.0,48.4,0.0
2010-08-13,7690.0,0.0,22.8,5760.0,0.0,47.2,0.0
2010-08-14,7510.0,0.0,26.4,5680.0,0.0,44.4,0.0
2010-08-15,7420.0,0.0,24.7,5580.0,0.0,42.7,0.0
2010-08-16,7230.0,0.0,24.4,5350.0,0.0,42.3,0.0
2010-08-17,7310.0,0.0,26.6,5290.0,0.0,41.2,0.0
2010-08-18,7400.0,0.0,20.3,5230.0,0.0,40.6,0.0
2010-08-19,6910.0,0.0,18.2,5050.0,0.0,40.6,0.0
2010-08-20,6680.0,0.0,17.5,4960.0,0.0,40.1,0.0
2010-08-21,6610.0,0.0,17.1,4930.0,0.0,39.2,0.0
2010-08-22,6610.0,0.0,16.6,4900.0,0.1,39.0,0.0
2010-08-23,6590.0,0.0,17.1,4860.0,0.0,39.1,0.0
2010-08-24,6470.0,0.0,22.0,4750.0,0.0,38.1,0.0
2010-08-25,6420.0,0.0,25.1,4970.0,0.0,36.4,0.0
2010-08-26,6750.0,0.0,21.5,5030.0,0.0,35.2,0.0
2010-08-27,6620.0,0.0,16.2,4910.0,0.0,35.1,0.0
2010-08-28,6650.0,0.0,17.8,4980.0,0.0,35.1,0.0
2010-08-29,6750.0,0.0,15.1,5030.0,0.0,34.7,0.0
2010-08-30,6890.0,2.0,15.0,5100.0,9.3,36.4,4.1
2010-08-31,7060.0,1.1,14.8,5240.0,0.0,37.6,0.3
2010-09-01,7190.0,1.6,16.9,5260.0,1.2,55.8,1.7
2010-09-02,7170.0,0.0,19.5,5250.0,0.0,64.2,0.0
2010-09-03,7220.0,0.0,23.0,5230.0,0.0,46.6,0.0
2010-09-04,7000.0,0.0,19.1,5140.0,0.0,40.5,0.0
2010-09-05,6950.0,0.1,14.8,5120.0,0.0,38.3,0.1
2010-09-06,6900.0,0.0,14.3,5040.0,0.0,37.1,0.0
2010-09-07,6880.0,3.2,16.9,5070.0,7.9,37.5,4.3
2010-09-08,7180.0,4.4,14.8,5270.0,4.2,41.8,6.5
2010-09-09,7690.0,0.1,15.8,5390.0,0.2,49.4,0.5
2010-09-10,7840.0,0.0,15.1,5320.0,0.0,50.5,0.0
2010-09-11,7780.0,0.0,15.0,5290.0,0.0,44.0,0.0
2010-09-12,7740.0,0.0,16.7,5170.0,0.0,39.8,0.0
2010-09-13,7590.0,0.0,18.5,5090.0,0.0,37.4,0.0
2010-09-14,7600.0,0.0,19.1,5020.0,0.0,35.5,0.0
2010-09-15,7700.0,0.1,19.0,5060.0,2.9,34.8,0.1
2010-09-16,7980.0,4.1,17.8,5120.0,2.1,37.1,2.3
2010-09-17,7960.0,16.4,17.4,5120.0,13.8,40.1,15.8
2010-09-18,8190.0,16.3,17.3,5390.0,16.0,58.8,16.5
2010-09-19,9040.0,15.1,17.0,5900.0,17.9,162.0,18.1
2010-09-20,9890.0,5.6,15.2,6450.0,6.6,519.0,6.8
2010-09-21,10600.0,0.0,14.1,6800.0,0.0,235.0,0.0
2010-09-22,10000.0,0.0,13.8,6300.0,0.0,142.0,0.0
2010-09-23,9420.0,0.8,12.7,6060.0,0.5,109.0,1.0
2010-09-24,9150.0,0.0,14.8,5810.0,0.1,108.0,0.0
2010-09-25,8930.0,0.0,16.6,5730.0,0.0,94.4,0.0
2010-09-26,8760.0,2.8,17.6,5660.0,0.6,82.5,0.8
2010-09-27,8620.0,0.0,19.9,5590.0,0.0,75.7,0.0
2010-09-28,8580.0,0.0,20.3,5620.0,0.0,69.7,0.0
2010-09-29,8550.0,0.0,18.4,5570.0,0.0,65.5,0.0
2010-09-30,8590.0,0.0,18.2,5530.0,0.0,62.0,0.0
2010-10-01,8850.0,0.0,18.1,5490.0,0.0,58.7,0.0
2010-10-02,9510.0,0.0,15.2,5400.0,0.0,56.2,0.0
2010-10-03,10100.0,0.0,14.6,5320.0,0.0,54.3,0.0
2010-10-04,10100.0,0.0,13.7,5310.0,0.0,53.2,0.0
2010-10-05,10100.0,0.0,12.2,5280.0,0.0,51.7,0.0
2010-10-06,9760.0,0.0,14.7,5550.0,0.0,49.3,0.0
2010-10-07,9400.0,0.0,16.7,5870.0,0.0,47.8,0.0
2010-10-08,9520.0,0.0,16.3,6200.0,0.0,47.7,0.0
2010-10-09,9870.0,15.8,16.2,6330.0,7.4,74.4,10.9
2010-10-10,10600.0,15.5,16.6,6550.0,12.3,243.0,15.6
2010-10-11,11500.0,0.0,11.9,6770.0,0.0,305.0,0.0
2010-10-12,11100.0,0.0,11.7,6730.0,0.0,179.0,0.0
2010-10-13,10700.0,0.0,13.0,6920.0,0.0,133.0,0.0
2010-10-14,11100.0,0.0,13.7,7330.0,0.0,109.0,0.0
2010-10-15,11200.0,0.2,12.2,7280.0,0.0,95.5,0.2
2010-10-16,11000.0,0.0,10.4,7220.0,0.0,86.4,0.0
2010-10-17,10700.0,0.0,10.0,7190.0,0.0,79.6,0.0
2010-10-18,10500.0,0.0,10.3,7170.0,0.0,74.6,0.0
2010-10-19,10500.0,0.0,11.8,7200.0,0.0,70.4,0.0
2010-10-20,10400.0,0.0,14.0,7180.0,0.0,66.9,0.0
2010-10-21,10400.0,0.0,12.2,7140.0,0.0,63.7,0.0
2010-10-22,10300.0,1.2,13.2,7160.0,3.4,64.5,1.6
2010-10-23,11000.0,2.2,13.0,7350.0,4.0,74.1,2.1
2010-10-24,13100.0,29.8,12.0,9060.0,43.3,716.0,31.4
2010-10-25,17800.0,7.9,9.7,11600.0,21.7,1610.0,10.5
2010-10-26,22300.0,4.5,8.5,13700.0,14.8,1200.0,4.2
2010-10-27,23000.0,1.4,8.2,14600.0,0.8,934.0,0.5
2010-10-28,21000.0,8.6,10.3,13200.0,10.5,625.0,9.1
2010-10-29,19400.0,1.3,10.7,12500.0,3.6,613.0,1.8
2010-10-30,18800.0,4.1,9.4,12000.0,2.3,539.0,2.4
2010-10-31,18500.0,11.1,10.8,11400.0,12.4,695.0,12.1
2010-11-01,18500.0,5.0,15.0,11300.0,2.3,614.0,2.4
2010-11-02,19000.0,11.9,14.6,10500.0,7.5,1990.0,14.1
2010-11-03,20400.0,0.0,14.1,10200.0,0.0,1130.0,0.0
2010-11-04,18100.0,0.0,12.9,9520.0,0.0,692.0,0.0
2010-11-05,16700.0,0.0,12.0,8880.0,0.0,508.0,0.0
2010-11-06,16600.0,1.1,12.6,8630.0,0.0,400.0,0.4
2010-11-07,18300.0,24.2,11.2,9180.0,31.9,701.0,25.4
2010-11-08,22300.0,4.0,7.2,12300.0,8.4,936.0,3.4
2010-11-09,25300.0,6.6,6.4,13200.0,9.6,988.0,6.2
2010-11-10,28500.0,5.0,8.7,14300.0,11.5,1610.0,7.7
2010-11-11,30400.0,0.0,6.7,16000.0,0.0,1040.0,0.0
2010-11-12,27300.0,0.2,7.7,14900.0,0.2,854.0,0.4
2010-11-13,25000.0,0.7,7.4,13800.0,0.2,703.0,0.5
2010-11-14,23400.0,5.7,10.1,12900.0,4.2,1190.0,7.9
2010-11-15,23500.0,3.2,11.7,12000.0,0.9,1650.0,4.2
2010-11-16,24200.0,1.5,10.7,12100.0,2.7,2660.0,2.7
2010-11-17,27100.0,2.7,8.4,13000.0,0.2,1810.0,1.5
2010-11-18,34800.0,30.6,7.3,15000.0,33.5,3070.0,32.3
2010-11-19,47700.0,1.1,5.9,23900.0,4.8,1830.0,1.2
2010-11-20,46500.0,4.8,5.1,22700.0,5.7,1290.0,5.2
2010-11-21,41400.0,1.3,2.8,19700.0,2.7,973.0,1.4
2010-11-22,37800.0,7.3,2.4,17800.0,12.4,864.0,8.5
2010-11-23,39200.0,4.7,-0.7,19200.0,7.7,766.0,6.0
2010-11-24,40700.0,0.0,-3.0,20100.0,0.0,619.0,0.0
2010-11-25,37300.0,0.0,0.9,17800.0,0.0,539.0,0.0
2010-11-26,33400.0,3.2,5.0,15700.0,5.7,650.0,3.7
2010-11-27,33600.0,7.9,5.6,15700.0,14.9,1420.0,10.1
2010-11-28,36500.0,1.9,3.5,19000.0,3.2,1040.0,4.1
2010-11-29,36100.0,0.1,3.3,19400.0,0.1,838.0,0.2
2010-11-30,34300.0,21.2,6.1,18100.0,17.2,1950.0,17.7
2010-12-01,46200.0,15.1,8.3,22900.0,15.8,4250.0,15.3
2010-12-02,58900.0,0.4,6.2,33900.0,0.2,2850.0,0.0
2010-12-03,61000.0,1.1,3.5,36800.0,0.0,1890.0,0.3
2010-12-04,56900.0,0.0,4.3,34700.0,0.6,1300.0,0.1
2010-12-05,50400.0,0.3,4.8,30500.0,0.4,984.0,0.1
2010-12-06,44400.0,3.3,6.1,26000.0,4.4,865.0,3.4
2010-12-07,39600.0,2.6,8.2,22600.0,3.1,864.0,1.8
2010-12-08,37900.0,13.6,8.1,21600.0,16.3,1490.0,10.5
2010-12-09,44400.0,20.9,9.6,24400.0,24.9,3750.0,18.9
2010-12-10,59300.0,18.4,8.0,30100.0,21.3,3730.0,20.5
2010-12-11,62800.0,16.9,6.7,33500.0,10.4,3960.0,12.4
2010-12-12,68300.0,8.7,12.9,34800.0,2.7,5520.0,5.9
2010-12-13,75300.0,13.5,11.6,37700.0,22.3,7190.0,18.3
2010-12-14,83100.0,17.4,8.4,41600.0,21.3,4770.0,17.5
2010-12-15,86800.0,3.8,5.0,45900.0,7.8,2760.0,1.6
2010-12-16,81400.0,0.8,4.3,43300.0,1.0,1780.0,0.5
2010-12-17,74500.0,0.0,2.7,40300.0,0.0,1250.0,0.0
2010-12-18,71900.0,9.0,4.9,42300.0,14.4,1010.0,9.6
2010-12-19,74200.0,3.1,4.5,44000.0,9.4,841.0,4.0
2010-12-20,74500.0,2.8,5.4,44700.0,5.8,741.0,2.8
2010-12-21,74400.0,0.3,5.0,44600.0,0.2,663.0,0.3
2010-12-22,70800.0,1.6,6.5,42700.0,2.3,602.0,1.3
2010-12-23,64600.0,0.0,7.3,39600.0,0.0,544.0,0.0
2010-12-24,58500.0,1.0,6.4,35600.0,0.0,493.0,0.1
2010-12-25,52200.0,6.6,7.2,30000.0,6.8,492.0,5.4
2010-12-26,43800.0,10.6,5.8,25600.0,13.9,545.0,11.2
2010-12-27,42200.0,8.3,5.4,26100.0,11.4,566.0,8.1
2010-12-28,49600.0,42.8,8.2,28100.0,36.9,3520.0,36.9
2010-12-29,72200.0,22.6,3.8,39500.0,26.9,3250.0,26.3
2010-12-30,81700.0,0.3,1.1,51200.0,2.5,1750.0,1.1
2010-12-31,74900.0,0.0,-1.4,46600.0,0.0,1160.0,0.0
2011-01-01,64500.0,0.0,-0.9,38400.0,0.1,895.0,0.0
2011-01-02,57300.0,0.0,-0.8,34600.0,0.0,742.0,0.0
2011-01-03,51500.0,0.0,-1.2,30500.0,0.0,634.0,0.0
2011-01-04,43400.0,0.0,0.3,25800.0,0.0,555.0,0.0
2011-01-05,35100.0,1.7,2.4,21800.0,0.0,498.0,0.9
2011-01-06,29200.0,0.0,4.4,18400.0,0.0,462.0,0.0
2011-01-07,25300.0,0.4,4.0,15900.0,0.0,452.0,0.2
2011-01-08,22900.0,3.1,3.5,14200.0,4.7,524.0,4.5
2011-01-09,22600.0,0.0,2.6,14200.0,0.9,494.0,0.0
2011-01-10,21800.0,0.3,1.0,13700.0,0.1,449.0,0.1
2011-01-11,22500.0,0.0,-0.2,13300.0,0.3,411.0,0.0
2011-01-12,24700.0,10.8,5.5,14900.0,5.1,1160.0,7.3
2011-01-13,32300.0,14.1,10.1,16000.0,12.8,3920.0,13.0
2011-01-14,41600.0,1.8,11.2,20600.0,1.9,3400.0,3.1
2011-01-15,46300.0,15.0,11.5,26000.0,10.5,3240.0,14.3
2011-01-16,59600.0,45.8,12.0,32000.0,42.4,13000.0,51.8
2011-01-17,90800.0,1.0,11.0,47700.0,2.6,6590.0,1.2
2011-01-18,101000.0,5.3,6.7,57900.0,2.9,3350.0,5.2
2011-01-19,95900.0,6.3,4.6,52000.0,4.9,2760.0,6.8
2011-01-20,81500.0,0.0,3.2,44500.0,0.0,1860.0,0.0
2011-01-21,75700.0,4.8,5.0,43800.0,1.5,1480.0,3.6
2011-01-22,74200.0,0.1,6.6,43500.0,0.0,1460.0,0.1
2011-01-23,70900.0,0.0,5.4,42000.0,0.0,1130.0,0.0
2011-01-24,66900.0,0.0,7.4,39200.0,0.0,922.0,0.0
2011-01-25,62800.0,0.0,8.9,36100.0,0.0,790.0,0.0
2011-01-26,59000.0,0.0,6.8,33200.0,0.0,690.0,0.0
2011-01-27,55300.0,0.0,7.1,29400.0,0.0,620.0,0.0
2011-01-28,51000.0,0.1,7.6,26100.0,0.0,580.0,0.0
2011-01-29,45500.0,0.0,9.5,23300.0,0.0,540.0,0.0
2011-01-30,38200.0,0.0,6.3,19800.0,0.2,490.0,0.0
2011-01-31,30700.0,0.0,6.7,16300.0,0.0,441.0,0.0
2011-02-01,25000.0,0.0,4.3,14000.0,0.0,397.0,0.0
2011-02-02,21600.0,0.0,1.8,13000.0,0.0,363.0,0.0
2011-02-03,19700.0,0.0,4.2,12200.0,0.0,335.0,0.0
2011-02-04,18500.0,0.0,5.2,11600.0,0.0,312.0,0.0
2011-02-05,16900.0,0.8,8.7,10200.0,0.5,352.0,0.6
2011-02-06,14900.0,0.1,9.0,9020.0,0.0,452.0,0.1
2011-02-07,14500.0,1.3,8.1,8760.0,4.0,554.0,2.7
2011-02-08,14300.0,0.5,5.0,8640.0,1.6,582.0,1.6
2011-02-09,14100.0,0.0,2.6,8600.0,0.0,501.0,0.0
2011-02-10,13600.0,0.0,2.9,8310.0,0.0,442.0,0.0
2011-02-11,13000.0,0.0,4.6,8090.0,0.0,405.0,0.0
2011-02-12,12700.0,0.0,8.5,7930.0,0.0,392.0,0.0
2011-02-13,12900.0,11.2,7.8,7940.0,9.8,578.0,10.7
2011-02-14,13700.0,2.9,6.6,8170.0,2.4,607.0,2.1
2011-02-15,17500.0,26.6,5.7,12000.0,38.3,913.0,30.5
2011-02-16,33400.0,4.3,3.4,24000.0,6.5,899.0,4.2
2011-02-17,35400.0,0.3,3.6,22700.0,1.1,699.0,0.2
2011-02-18,28500.0,4.2,2.2,18100.0,4.4,586.0,4.1
2011-02-19,25000.0,1.7,2.8,16200.0,1.5,513.0,2.1
2011-02-20,22400.0,0.0,3.2,14200.0,0.1,454.0,0.3
2011-02-21,19700.0,0.0,4.1,12500.0,0.4,407.0,0.0
2011-02-22,18100.0,1.6,4.8,11600.0,3.6,393.0,2.0
2011-02-23,17300.0,2.5,2.7,11200.0,4.7,370.0,2.7
2011-02-24,17600.0,3.4,1.1,11400.0,8.4,347.0,3.5
2011-02-25,17800.0,2.2,-1.5,11500.0,1.6,310.0,1.1
2011-02-26,16700.0,0.0,-2.4,10600.0,0.0,283.0,0.0
2011-02-27,15700.0,1.3,2.5,10000.0,1.1,285.0,0.6
2011-02-28,17500.0,29.5,5.3,11400.0,30.0,379.0,31.7
2011-03-01,36800.0,26.3,5.6,22800.0,23.6,550.0,28.5
2011-03-02,46400.0,4.5,6.9,26600.0,7.1,828.0,4.8
2011-03-03,40700.0,6.8,5.1,22100.0,10.3,964.0,6.7
2011-03-04,35700.0,1.2,6.0,20200.0,2.3,813.0,2.0
2011-03-05,35600.0,9.1,8.5,21600.0,12.0,1150.0,7.6
2011-03-06,39700.0,0.0,6.4,24800.0,0.0,1050.0,0.0
2011-03-07,36000.0,0.7,4.5,21700.0,1.8,834.0,0.7
2011-03-08,30400.0,6.8,7.2,18300.0,13.4,844.0,7.2
2011-03-09,29600.0,6.0,10.5,19500.0,8.8,1440.0,6.2
2011-03-10,37200.0,36.6,9.4,22400.0,31.4,2810.0,32.0
2011-03-11,47600.0,0.9,6.7,28400.0,2.9,2170.0,0.5
2011-03-12,46000.0,5.9,7.1,28700.0,4.8,1370.0,4.9
2011-03-13,41500.0,8.3,9.3,26300.0,10.2,1220.0,7.5
2011-03-14,43300.0,3.8,8.8,27400.0,7.3,1650.0,3.1
2011-03-15,45500.0,10.5,9.6,27600.0,19.2,1580.0,9.2
2011-03-16,49500.0,10.9,6.2,30700.0,19.1,2120.0,14.6
2011-03-17,61100.0,3.1,5.4,37700.0,6.7,1490.0,3.9
2011-03-18,57600.0,2.4,6.8,35100.0,6.1,1200.0,3.0
2011-03-19,48900.0,0.8,5.8,29100.0,3.6,1040.0,1.1
2011-03-20,41700.0,3.2,5.5,24900.0,5.3,903.0,5.1
2011-03-21,36000.0,4.1,7.0,21400.0,8.8,875.0,6.0
2011-03-22,32600.0,3.2,5.5,19500.0,2.7,874.0,2.3
2011-03-23,30000.0,0.7,6.6,17600.0,2.8,772.0,1.2
2011-03-24,27200.0,4.6,6.4,15700.0,3.8,730.0,4.8
2011-03-25,26200.0,4.4,4.5,14600.0,11.5,691.0,6.3
2011-03-26,27900.0,9.1,7.0,14900.0,15.8,727.0,8.8
2011-03-27,28500.0,9.4,6.0,16300.0,17.8,800.0,9.8
2011-03-28,30700.0,3.0,6.5,18600.0,9.2,837.0,4.2
2011-03-29,33400.0,7.9,7.9,20600.0,12.8,1310.0,9.0
2011-03-30,41900.0,8.5,10.5,24100.0,8.8,3400.0,9.3
2011-03-31,47900.0,0.4,11.5,26800.0,0.1,3300.0,0.3
2011-04-01,46700.0,0.0,11.0,24800.0,0.0,2800.0,0.0
2011-04-02,45300.0,6.4,8.4,24800.0,8.3,2520.0,9.1
2011-04-03,45400.0,0.3,5.4,25900.0,0.2,1640.0,0.8
2011-04-04,42100.0,4.6,8.7,24000.0,0.3,1300.0,1.5
2011-04-05,41800.0,11.4,7.9,23700.0,11.2,3130.0,12.0
2011-04-06,47300.0,10.3,6.6,28300.0,9.2,1960.0,10.1
2011-04-07,48200.0,1.7,4.3,29500.0,5.8,1400.0,3.2
2011-04-08,46500.0,0.2,5.7,28700.0,1.3,1060.0,0.5
2011-04-09,42500.0,0.0,7.9,26100.0,0.0,901.0,0.0
2011-04-10,38400.0,2.3,8.1,23500.0,2.0,784.0,2.2
2011-04-11,35300.0,10.2,8.1,21400.0,11.7,943.0,10.5
2011-04-12,34800.0,0.9,6.2,20900.0,0.7,901.0,1.3
2011-04-13,33000.0,4.3,6.8,19800.0,9.4,801.0,4.6
2011-04-14,31600.0,14.5,6.4,19000.0,18.9,796.0,16.0
2011-04-15,32900.0,19.0,8.3,19600.0,10.2,1810.0,13.5
2011-04-16,44100.0,2.2,10.8,24100.0,8.4,4610.0,3.1
2011-04-17,58900.0,1.2,6.6,34900.0,2.6,3350.0,2.8
2011-04-18,63900.0,0.6,6.2,42000.0,0.0,1950.0,0.3
2011-04-19,58000.0,0.4,6.4,35800.0,0.0,1300.0,0.0
2011-04-20,48200.0,0.0,7.7,28200.0,0.0,989.0,0.0
2011-04-21,39600.0,0.0,6.7,23000.0,1.5,823.0,0.5
2011-04-22,33900.0,0.0,6.3,19200.0,0.2,699.0,0.0
2011-04-23,28800.0,0.0,9.9,16600.0,0.0,626.0,0.0
2011-04-24,25600.0,5.6,9.6,15100.0,13.2,664.0,6.9
2011-04-25,26000.0,21.6,8.8,15600.0,21.8,1180.0,19.7
2011-04-26,31600.0,6.1,8.0,18900.0,10.4,1710.0,8.3
2011-04-27,36900.0,1.5,8.3,22700.0,0.7,1470.0,0.9
2011-04-28,36400.0,8.5,7.0,22100.0,9.7,1200.0,7.7
2011-04-29,35200.0,1.9,6.0,21000.0,7.5,1040.0,3.3
2011-04-30,33800.0,0.1,8.1,21000.0,0.1,937.0,0.2
2011-05-01,32700.0,0.0,8.4,20600.0,0.0,831.0,0.0
2011-05-02,30400.0,1.9,10.9,19200.0,1.7,820.0,1.9
2011-05-03,28700.0,0.5,8.7,18200.0,0.1,797.0,0.2
2011-05-04,26900.0,0.0,9.9,16700.0,0.0,732.0,0.0
2011-05-05,24600.0,0.0,11.1,15200.0,0.0,794.0,0.0
2011-05-06,23300.0,1.0,10.6,14500.0,0.7,819.0,1.3
2011-05-07,24300.0,5.2,9.5,14500.0,3.0,1050.0,4.7
2011-05-08,25000.0,5.1,8.8,14400.0,5.2,1440.0,4.6
2011-05-09,25800.0,1.5,9.0,14800.0,3.1,1240.0,3.0
2011-05-10,25600.0,0.0,10.6,15000.0,0.0,1010.0,0.0
2011-05-11,25100.0,4.6,10.9,15300.0,4.2,1030.0,3.9
2011-05-12,25800.0,2.5,7.8,15700.0,2.3,1260.0,2.9
2011-05-13,27100.0,0.0,10.4,16800.0,0.0,1010.0,0.0
2011-05-14,29400.0,0.0,11.8,17500.0,0.0,961.0,0.0
2011-05-15,30900.0,9.7,10.2,18000.0,7.1,998.0,8.3
2011-05-16,31300.0,0.8,9.4,17600.0,3.9,1340.0,1.4
2011-05-17,31000.0,0.9,10.0,17100.0,6.3,1080.0,1.3
2011-05-18,27600.0,0.0,10.6,16000.0,2.9,913.0,1.2
2011-05-19,24100.0,0.0,12.8,15100.0,0.0,840.0,0.0
2011-05-20,22100.0,0.0,13.8,14600.0,0.0,824.0,0.0
2011-05-21,21700.0,0.0,13.0,14400.0,0.0,867.0,0.0
2011-05-22,21900.0,0.2,11.8,14400.0,0.0,799.0,0.4
2011-05-23,21800.0,0.5,11.2,14000.0,1.1,744.0,0.3
2011-05-24,21600.0,2.0,11.4,13800.0,1.6,693.0,0.5
2011-05-25,22600.0,10.6,12.1,15200.0,17.7,730.0,11.8
2011-05-26,25200.0,2.5,9.3,16700.0,5.0,794.0,2.6
2011-05-27,28600.0,11.5,10.0,18300.0,15.5,1290.0,12.5
2011-05-28,31200.0,3.4,9.0,19900.0,8.1,1520.0,2.6
2011-05-29,33700.0,3.0,9.8,22400.0,3.2,1140.0,1.6
2011-05-30,34200.0,0.1,11.2,22300.0,0.3,1010.0,0.0
2011-05-31,34400.0,7.5,11.3,21900.0,9.4,1160.0,7.3
2011-06-01,35900.0,3.6,11.2,22500.0,14.9,1420.0,4.7
2011-06-02,38400.0,3.2,11.2,23800.0,3.8,1490.0,3.4
2011-06-03,37800.0,2.8,12.7,23100.0,2.1,1330.0,3.6
2011-06-04,35000.0,0.0,17.9,21500.0,0.0,1150.0,0.0
2011-06-05,32100.0,0.0,19.2,19900.0,0.7,1190.0,0.3
2011-06-06,30700.0,0.0,16.5,19000.0,0.1,1170.0,0.1
2011-06-07,29800.0,0.3,13.7,18300.0,0.1,970.0,0.3
2011-06-08,28000.0,0.0,12.7,17100.0,0.0,800.0,0.1
2011-06-09,25700.0,0.0,14.1,16000.0,0.0,668.0,0.0
2011-06-10,24300.0,0.0,14.7,15300.0,0.0,658.0,0.0
2011-06-11,23200.0,0.0,14.5,14900.0,0.0,651.0,0.0
2011-06-12,22400.0,0.3,14.7,14600.0,0.9,598.0,0.9
2011-06-13,22100.0,1.8,14.5,14400.0,4.6,642.0,2.8
2011-06-14,22000.0,0.0,14.1,14400.0,0.0,618.0,0.0
2011-06-15,21200.0,0.7,13.1,14200.0,0.2,556.0,0.4
2011-06-16,20800.0,0.1,12.3,14100.0,0.0,486.0,0.0
2011-06-17,20400.0,0.0,13.8,13700.0,0.0,441.0,0.0
2011-06-18,19400.0,1.6,14.4,12900.0,1.4,464.0,1.6
2011-06-19,18900.0,0.4,14.1,12500.0,0.2,576.0,0.7
2011-06-20,18800.0,0.0,15.6,12400.0,0.0,512.0,0.0
2011-06-21,18300.0,0.0,17.8,12200.0,0.0,500.0,0.0
2011-06-22,18100.0,0.0,18.4,11700.0,0.0,512.0,0.1
2011-06-23,17600.0,0.4,14.2,11100.0,0.0,478.0,0.3
2011-06-24,17200.0,0.2,14.2,10800.0,0.0,381.0,0.1
2011-06-25,17100.0,0.0,14.8,10900.0,0.0,329.0,0.0
2011-06-26,16700.0,0.0,16.3,10400.0,0.0,306.0,0.0
2011-06-27,16200.0,0.0,18.0,10300.0,0.0,301.0,0.0
2011-06-28,15900.0,1.0,18.0,10100.0,3.7,333.0,1.7
2011-06-29,15800.0,0.1,17.0,10200.0,0.1,320.0,0.2
2011-06-30,15700.0,1.1,15.0,10000.0,0.0,348.0,1.4
2011-07-01,15200.0,0.0,15.8,9520.0,0.0,321.0,0.0
2011-07-02,14100.0,0.0,19.3,9090.0,0.0,284.0,0.0
2011-07-03,13200.0,0.0,17.6,8970.0,0.0,274.0,0.0
2011-07-04,12900.0,0.0,17.7,8820.0,0.0,252.0,0.0
2011-07-05,12600.0,0.0,20.4,8660.0,0.0,232.0,0.0
2011-07-06,12500.0,0.0,22.3,8520.0,0.0,218.0,0.0
2011-07-07,12200.0,0.0,20.2,8200.0,0.0,211.0,0.0
2011-07-08,11500.0,0.0,16.2,7650.0,0.0,195.0,0.0
2011-07-09,11100.0,0.0,17.6,7450.0,0.0,176.0,0.0
2011-07-10,10800.0,0.0,19.2,7060.0,0.0,163.0,0.0
2011-07-11,10200.0,0.0,17.4,6570.0,0.0,155.0,0.0
2011-07-12,10000.0,1.9,15.9,6610.0,2.0,158.0,2.4
2011-07-13,10200.0,1.0,15.6,6640.0,0.8,161.0,0.6
2011-07-14,10200.0,0.1,16.6,6610.0,0.0,147.0,0.0
2011-07-15,10100.0,0.0,17.2,6620.0,0.0,137.0,0.0
2011-07-16,10100.0,5.0,16.9,6660.0,6.3,143.0,4.6
2011-07-17,10400.0,7.3,16.0,6790.0,9.6,171.0,7.3
2011-07-18,10800.0,1.0,15.6,6900.0,1.5,160.0,0.7
2011-07-19,10600.0,1.2,17.4,7010.0,4.3,156.0,3.3
2011-07-20,11400.0,0.0,16.3,8620.0,0.0,162.0,0.0
2011-07-21,12600.0,0.2,16.8,8820.0,0.0,145.0,0.0
2011-07-22,11800.0,0.0,16.5,8110.0,0.0,139.0,0.0
2011-07-23,10900.0,0.0,19.0,7440.0,0.0,127.0,0.0
2011-07-24,10400.0,0.0,22.8,7050.0,0.0,118.0,0.0
2011-07-25,10000.0,0.0,19.9,6800.0,0.0,112.0,0.0
2011-07-26,9660.0,0.0,18.7,6570.0,0.0,108.0,0.0
2011-07-27,9460.0,0.0,18.0,6450.0,0.0,102.0,0.0
2011-07-28,9140.0,0.0,19.1,6300.0,0.0,95.7,0.0
2011-07-29,9030.0,0.0,21.3,6300.0,0.0,91.3,0.0
2011-07-30,8750.0,0.0,21.7,6100.0,0.0,87.5,0.0
2011-07-31,8570.0,0.0,20.8,6020.0,0.0,84.1,0.0
2011-08-01,8480.0,0.0,20.6,5940.0,0.0,81.0,0.0
2011-08-02,8310.0,0.0,20.4,5910.0,0.0,77.9,0.0
2011-08-03,8320.0,0.0,20.5,5930.0,0.0,75.2,0.0
2011-08-04,8270.0,0.0,21.6,5880.0,0.0,72.6,0.0
2011-08-05,8100.0,0.0,20.6,5690.0,0.0,70.7,0.0
2011-08-06,7940.0,0.0,20.4,5580.0,0.0,68.7,0.0
2011-08-07,7990.0,0.0,19.6,5700.0,0.0,67.0,0.0
2011-08-08,8180.0,0.0,19.6,5870.0,0.0,65.4,0.0
2011-08-09,8110.0,0.0,18.2,5730.0,0.0,65.4,0.0
2011-08-10,7930.0,0.0,18.1,5650.0,0.0,62.7,0.0
2011-08-11,7900.0,0.0,19.7,5680.0,0.0,60.5,0.0
2011-08-12,7950.0,0.0,20.5,5630.0,0.0,58.9,0.0
2011-08-13,7850.0,0.0,19.2,5570.0,0.0,57.3,0.0
2011-08-14,8000.0,0.0,18.3,5680.0,0.0,56.7,0.0
2011-08-15,8030.0,0.0,18.8,5630.0,0.0,55.4,0.0
2011-08-16,7910.0,0.0,20.3,5650.0,0.0,54.2,0.0
2011-08-17,7860.0,0.0,21.0,5660.0,0.0,52.4,0.0
2011-08-18,7760.0,0.0,19.5,5520.0,0.0,50.7,0.0
2011-08-19,7680.0,0.0,20.1,5470.0,0.0,49.7,0.0
2011-08-20,7620.0,0.0,23.2,5460.0,0.0,48.9,0.0
2011-08-21,7630.0,0.0,24.5,5430.0,0.0,47.4,0.0
2011-08-22,7610.0,0.0,21.2,5460.0,0.0,46.1,0.0
2011-08-23,7660.0,0.2,21.6,5410.0,0.0,45.5,0.0
2011-08-24,7510.0,0.0,24.6,5420.0,0.0,44.5,0.0
2011-08-25,7790.0,0.0,25.1,5710.0,0.0,43.5,0.0
2011-08-26,7920.0,0.0,24.0,5800.0,0.0,43.9,0.0
2011-08-27,8080.0,0.0,24.1,5940.0,0.0,43.7,0.0
2011-08-28,8140.0,0.0,22.6,5920.0,0.0,40.7,0.0
2011-08-29,8140.0,0.0,19.7,5940.0,0.0,39.6,0.0
2011-08-30,8140.0,0.0,18.7,6070.0,0.0,40.4,0.0
2011-08-31,8410.0,0.0,16.1,6280.0,0.0,39.8,0.1
2011-09-01,8290.0,0.0,16.2,5960.0,0.0,39.5,0.0
2011-09-02,8860.0,0.0,18.6,5670.0,0.0,38.6,0.0
2011-09-03,8770.0,0.0,21.6,5620.0,0.0,37.2,0.0
2011-09-04,8910.0,0.0,23.7,5760.0,0.0,35.0,0.0
2011-09-05,9100.0,0.0,22.0,6060.0,0.0,34.2,0.0
2011-09-06,9320.0,0.0,22.3,6330.0,0.0,33.5,0.0
2011-09-07,9680.0,0.0,24.4,6770.0,0.0,32.5,0.0
2011-09-08,10000.0,0.0,24.7,7050.0,0.0,31.3,0.0
2011-09-09,10100.0,0.0,24.0,7070.0,0.0,30.9,0.0
2011-09-10,9900.0,0.0,25.8,7040.0,0.0,30.7,0.0
2011-09-11,9940.0,0.0,26.6,7160.0,0.0,29.7,0.0
2011-09-12,10200.0,0.0,21.2,7150.0,0.0,28.4,0.0
2011-09-13,10200.0,0.0,19.8,7130.0,0.0,28.6,0.0
2011-09-14,10300.0,0.0,18.6,7130.0,0.0,29.4,0.0
2011-09-15,10200.0,0.0,17.0,7040.0,0.1,29.7,0.2
2011-09-16,10200.0,0.0,16.0,7070.0,0.1,29.9,0.0
2011-09-17,10300.0,0.2,14.9,7150.0,0.0,29.6,0.0
2011-09-18,10500.0,1.2,17.6,7270.0,1.2,29.3,0.7
2011-09-19,10600.0,0.7,18.2,7300.0,1.5,30.9,0.9
2011-09-20,10500.0,0.0,17.8,7180.0,0.0,34.2,0.0
2011-09-21,10500.0,0.0,20.1,7230.0,0.0,30.9,0.0
2011-09-22,10400.0,0.0,20.4,7120.0,0.0,28.0,0.0
2011-09-23,10400.0,0.0,21.7,7140.0,0.0,26.6,0.0
2011-09-24,10500.0,0.0,21.5,7190.0,0.0,25.7,0.0
2011-09-25,10600.0,2.0,19.2,7280.0,1.0,27.4,1.6
2011-09-26,10700.0,0.0,17.3,7400.0,0.2,36.9,0.0
2011-09-27,11100.0,11.6,17.1,7360.0,5.2,41.7,10.7
2011-09-28,11800.0,0.0,14.8,7450.0,0.0,47.9,0.0
2011-09-29,12000.0,0.0,17.3,7530.0,0.0,37.8,0.0
2011-09-30,12200.0,0.0,18.2,7580.0,0.0,31.9,0.0
2011-10-01,12300.0,0.0,16.0,7450.0,0.2,30.1,0.0
2011-10-02,12600.0,9.6,15.5,7610.0,7.0,38.0,8.4
2011-10-03,12900.0,12.1,14.5,7900.0,18.4,53.4,11.5
2011-10-04,13100.0,3.2,12.9,8500.0,7.1,63.8,4.2
2011-10-05,13000.0,8.3,10.8,9120.0,13.5,71.4,8.7
2011-10-06,13500.0,2.1,10.6,9500.0,2.8,88.0,2.1
2011-10-07,13600.0,1.0,12.3,9480.0,0.0,76.4,0.2
2011-10-08,13700.0,0.0,14.3,9340.0,0.3,89.0,0.0
2011-10-09,14200.0,2.0,13.5,9210.0,1.0,69.8,0.8
2011-10-10,14500.0,4.4,14.8,9180.0,14.3,78.1,6.1
2011-10-11,14800.0,9.2,14.0,9410.0,9.0,645.0,6.1
2011-10-12,16100.0,0.3,13.2,9640.0,0.0,597.0,0.0
2011-10-13,15600.0,0.8,11.9,9430.0,0.2,299.0,0.6
2011-10-14,15000.0,0.0,11.4,9320.0,0.1,199.0,0.1
2011-10-15,14600.0,0.1,13.3,8990.0,0.0,149.0,0.0
2011-10-16,14200.0,0.1,12.7,9050.0,0.4,123.0,0.0
2011-10-17,14300.0,0.0,11.0,9190.0,0.0,106.0,0.0
2011-10-18,14100.0,0.0,13.4,9080.0,0.0,92.8,0.0
2011-10-19,13900.0,0.0,13.7,8950.0,0.0,83.5,0.0
2011-10-20,13900.0,0.0,12.7,8990.0,0.0,77.7,0.0
2011-10-21,13800.0,0.0,13.0,8970.0,0.0,73.0,0.0
2011-10-22,13900.0,0.0,14.8,8980.0,0.0,69.6,0.0
2011-10-23,13900.0,0.1,14.7,8910.0,0.0,68.4,0.0
2011-10-24,13900.0,0.2,11.6,8820.0,0.0,64.7,0.1
2011-10-25,13800.0,0.0,8.0,8820.0,0.0,61.2,0.0
2011-10-26,13700.0,0.0,7.7,8670.0,0.0,58.5,0.0
2011-10-27,13500.0,0.0,9.7,8530.0,0.0,56.5,0.0
2011-10-28,13400.0,0.9,9.3,8340.0,0.0,55.6,0.2
2011-10-29,13300.0,8.0,11.9,8110.0,6.2,126.0,8.6
2011-10-30,13300.0,4.0,13.9,8000.0,5.0,217.0,3.1
2011-10-31,13400.0,0.8,10.6,7880.0,0.7,607.0,1.5
2011-11-01,13400.0,0.0,6.6,7990.0,0.0,332.0,0.0
2011-11-02,13100.0,0.0,6.8,8000.0,0.0,234.0,0.0
2011-11-03,13400.0,11.8,8.4,8200.0,14.5,229.0,10.9
2011-11-04,13400.0,0.8,5.2,7980.0,0.3,195.0,0.2
2011-11-05,13100.0,3.6,5.3,7950.0,7.4,171.0,3.2
2011-11-06,13100.0,2.2,6.5,8090.0,2.8,161.0,3.5
2011-11-07,13000.0,0.3,7.1,7980.0,1.1,155.0,0.5
2011-11-08,12900.0,0.0,7.0,8040.0,0.2,152.0,0.0
2011-11-09,12700.0,0.0,9.8,7880.0,0.0,146.0,0.0
2011-11-10,12500.0,0.0,8.4,7710.0,0.0,141.0,0.0
2011-11-11,12200.0,0.0,7.0,7590.0,0.0,133.0,0.0
2011-11-12,11900.0,2.9,7.3,7590.0,3.1,169.0,3.5
2011-11-13,11500.0,4.9,8.8,7450.0,3.9,371.0,4.8
2011-11-14,11800.0,2.0,9.0,7550.0,1.4,510.0,2.1
2011-11-15,12200.0,0.3,6.3,7770.0,0.0,595.0,0.7
2011-11-16,12400.0,7.8,5.8,8360.0,5.8,605.0,7.2
2011-11-17,14500.0,8.8,8.6,8960.0,15.8,3090.0,10.3
2011-11-18,19700.0,4.9,4.6,11500.0,13.4,1490.0,6.7
2011-11-19,21200.0,1.8,4.3,12900.0,7.9,876.0,1.2
2011-11-20,19500.0,0.0,2.2,11700.0,0.4,627.0,0.0
2011-11-21,17000.0,4.3,5.5,10100.0,3.5,618.0,3.5
2011-11-22,19300.0,36.5,9.7,11100.0,26.9,2910.0,31.2
2011-11-23,32700.0,31.3,10.4,17300.0,27.0,2660.0,26.4
2011-11-24,36500.0,9.2,5.9,18900.0,7.4,1920.0,8.7
2011-11-25,33900.0,6.7,6.0,18000.0,8.7,1740.0,8.2
2011-11-26,31100.0,0.0,7.0,17200.0,0.0,1080.0,0.0
2011-11-27,27700.0,6.0,8.8,15200.0,3.1,924.0,5.0
2011-11-28,26500.0,5.1,6.0,13900.0,8.0,1190.0,6.8
2011-11-29,25000.0,0.0,4.5,12900.0,0.0,889.0,0.0
2011-11-30,22900.0,3.3,7.3,11800.0,2.2,809.0,2.6
2011-12-01,20600.0,0.0,4.1,10700.0,0.0,714.0,0.0
2011-12-02,18900.0,0.0,3.6,10100.0,0.0,601.0,0.0
2011-12-03,17300.0,0.0,2.1,9180.0,0.0,507.0,0.0
2011-12-04,15600.0,0.0,1.7,8170.0,0.0,434.0,0.0
2011-12-05,14100.0,0.0,1.7,7350.0,0.0,379.0,0.0
2011-12-06,12700.0,0.0,1.5,6820.0,0.0,338.0,0.0
2011-12-07,11700.0,0.0,0.9,6370.0,0.0,305.0,0.0
2011-12-08,10900.0,0.0,0.9,6050.0,0.0,279.0,0.0
2011-12-09,11000.0,0.0,1.9,5920.0,0.0,256.0,0.0
2011-12-10,11600.0,0.0,1.2,6110.0,0.0,238.0,0.0
2011-12-11,11700.0,0.0,1.9,5950.0,0.0,225.0,0.0
2011-12-12,11300.0,0.0,1.0,5750.0,0.0,211.0,0.0
2011-12-13,11100.0,0.0,0.4,5850.0,0.0,198.0,0.0
2011-12-14,10900.0,0.0,0.6,5810.0,0.0,187.0,0.0
2011-12-15,10600.0,2.5,3.5,5490.0,3.0,189.0,2.1
2011-12-16,10400.0,0.0,3.6,5300.0,0.0,179.0,0.0
2011-12-17,9620.0,0.0,4.3,5080.0,0.0,168.0,0.0
2011-12-18,8990.0,0.1,2.8,4830.0,0.0,166.0,0.2
2011-12-19,8900.0,0.0,4.2,4760.0,0.0,163.0,0.0
2011-12-20,8730.0,0.0,3.2,4640.0,0.0,157.0,0.0
2011-12-21,8730.0,0.0,3.3,4620.0,0.0,152.0,0.0
2011-12-22,8650.0,0.0,1.0,4570.0,0.0,145.0,0.0
2011-12-23,8530.0,0.0,2.3,4540.0,0.0,139.0,0.0
2011-12-24,8380.0,0.0,3.0,4570.0,0.0,134.0,0.0
2011-12-25,8300.0,2.1,3.7,4520.0,4.0,139.0,2.6
2011-12-26,8350.0,0.0,2.3,4550.0,0.4,162.0,0.2
2011-12-27,8550.0,2.4,7.2,4640.0,2.1,176.0,1.9
2011-12-28,11600.0,20.5,10.4,5420.0,20.7,5730.0,19.5
2011-12-29,40500.0,11.7,9.8,18300.0,11.3,5620.0,10.4
2011-12-30,63400.0,26.8,9.5,31800.0,40.5,8670.0,33.2
2011-12-31,82500.0,0.0,2.4,45100.0,1.1,3070.0,0.6
2012-01-01,80000.0,0.7,4.6,44200.0,0.1,1750.0,0.5
2012-01-02,62900.0,1.0,4.9,32000.0,0.7,1260.0,0.8
2012-01-03,53000.0,1.8,9.6,27600.0,3.1,1320.0,2.4
2012-01-04,48700.0,2.9,8.0,25600.0,2.4,1060.0,3.2
2012-01-05,47100.0,3.3,8.6,26000.0,3.4,1070.0,4.2
2012-01-06,45500.0,1.3,3.5,24800.0,0.7,898.0,1.4
2012-01-07,40900.0,0.8,5.2,22700.0,1.1,740.0,0.9
2012-01-08,35700.0,0.0,4.3,20400.0,0.0,627.0,0.0
2012-01-09,30700.0,0.0,2.9,17900.0,0.0,545.0,0.0
2012-01-10,27300.0,4.9,3.6,15600.0,4.2,489.0,4.6
2012-01-11,23500.0,0.0,1.8,13800.0,0.0,432.0,0.0
2012-01-12,21700.0,0.0,0.6,13000.0,0.0,389.0,0.0
2012-01-13,20700.0,0.0,3.1,12000.0,0.0,359.0,0.0
2012-01-14,18700.0,2.0,3.3,10200.0,1.7,340.0,2.1
2012-01-15,17700.0,1.8,1.3,9770.0,4.8,336.0,3.2
2012-01-16,17500.0,1.8,-0.4,9730.0,3.2,310.0,1.0
2012-01-17,18500.0,12.3,2.2,10300.0,18.1,325.0,15.0
2012-01-18,38000.0,48.2,5.2,21200.0,59.0,2630.0,55.3
2012-01-19,90200.0,51.5,9.9,48700.0,58.2,13300.0,57.4
2012-01-20,150000.0,10.5,8.9,73600.0,13.4,7290.0,11.2
2012-01-21,156000.0,15.9,7.9,79800.0,23.7,5410.0,19.2
2012-01-22,134000.0,5.7,4.6,65500.0,6.6,2880.0,5.3
2012-01-23,107000.0,1.4,4.3,60500.0,3.1,2170.0,2.2
2012-01-24,99100.0,14.1,5.4,60300.0,8.0,2740.0,12.7
2012-01-25,103000.0,4.3,10.4,64200.0,5.1,6120.0,4.2
2012-01-26,111000.0,4.2,8.6,69900.0,9.6,4310.0,6.6
2012-01-27,116000.0,0.0,2.2,72800.0,0.0,2460.0,0.0
2012-01-28,111000.0,0.0,1.9,69200.0,0.0,1550.0,0.0
2012-01-29,101000.0,5.0,5.6,60900.0,3.9,1320.0,4.4
2012-01-30,90600.0,12.9,8.1,52300.0,12.0,2860.0,13.0
2012-01-31,83500.0,0.0,6.0,47900.0,0.0,1690.0,0.0
2012-02-01,75200.0,4.8,7.7,41000.0,6.7,1380.0,5.4
2012-02-02,65500.0,0.0,4.7,33200.0,0.0,1150.0,0.0
2012-02-03,57500.0,0.0,5.2,28400.0,0.0,926.0,0.0
2012-02-04,51500.0,0.0,4.9,25900.0,0.0,773.0,0.0
2012-02-05,48200.0,0.0,5.1,24300.0,0.0,665.0,0.0
2012-02-06,46000.0,0.0,4.6,23100.0,0.0,593.0,0.0
2012-02-07,43900.0,0.0,5.1,21900.0,0.0,535.0,0.0
2012-02-08,38400.0,2.5,7.1,18600.0,3.1,531.0,2.3
2012-02-09,33500.0,2.2,8.8,16600.0,2.7,868.0,2.2
2012-02-10,29800.0,8.7,8.9,14900.0,9.2,970.0,8.3
2012-02-11,27200.0,0.3,7.6,14100.0,1.7,1590.0,1.2
2012-02-12,25700.0,0.0,4.7,14100.0,0.1,1020.0,0.0
2012-02-13,23700.0,5.0,5.0,13100.0,6.3,786.0,5.0
2012-02-14,22200.0,3.6,4.8,12500.0,4.1,670.0,3.7
2012-02-15,20700.0,1.3,2.6,11700.0,1.1,584.0,1.3
2012-02-16,19400.0,0.3,3.7,11000.0,0.6,526.0,0.4
2012-02-17,18500.0,2.9,7.6,10300.0,2.5,554.0,3.1
2012-02-18,18800.0,6.5,5.9,10100.0,10.6,1090.0,7.8
2012-02-19,20000.0,2.0,3.6,11100.0,2.8,845.0,3.1
2012-02-20,20200.0,4.2,6.1,11200.0,6.7,1060.0,4.6
2012-02-21,22900.0,3.1,9.1,12700.0,3.9,2560.0,3.9
2012-02-22,30200.0,8.5,9.9,17200.0,8.4,4270.0,9.0
2012-02-23,39000.0,0.0,5.8,20900.0,0.0,2770.0,0.0
2012-02-24,37300.0,0.0,5.1,22100.0,0.0,1630.0,0.0
2012-02-25,33800.0,11.2,5.0,20400.0,14.4,1390.0,12.9
2012-02-26,33400.0,1.9,3.2,21200.0,1.9,1070.0,2.5
2012-02-27,30600.0,0.3,1.4,18800.0,0.9,889.0,0.4
2012-02-28,26900.0,1.7,2.2,16300.0,1.6,770.0,1.5
2012-02-29,27400.0,19.0,3.2,17500.0,22.4,722.0,20.6
2012-03-01,34900.0,7.6,2.9,22600.0,13.5,663.0,10.2
2012-03-02,36400.0,0.0,3.8,23600.0,0.7,595.0,0.0
2012-03-03,32700.0,0.1,8.1,21100.0,0.0,636.0,0.0
2012-03-04,29800.0,0.0,7.3,19400.0,0.0,815.0,0.0
2012-03-05,28900.0,8.0,6.7,18800.0,6.0,1010.0,7.1
2012-03-06,30100.0,0.1,2.6,19200.0,2.2,1070.0,0.8
2012-03-07,30200.0,0.0,3.0,19600.0,0.0,840.0,0.0
2012-03-08,27300.0,0.0,5.7,17300.0,0.0,759.0,0.0
2012-03-09,24700.0,0.0,7.6,15700.0,0.0,897.0,0.0
2012-03-10,23900.0,2.3,8.0,15100.0,1.6,972.0,2.4
2012-03-11,25200.0,15.5,6.5,14900.0,16.7,1250.0,14.7
2012-03-12,28500.0,10.5,5.7,16400.0,9.4,1050.0,8.0
2012-03-13,39200.0,40.1,3.6,21500.0,38.7,1430.0,40.0
2012-03-14,47000.0,5.9,4.3,24900.0,4.7,1150.0,4.9
2012-03-15,50400.0,22.0,9.5,26700.0,27.5,3370.0,23.2
2012-03-16,72100.0,12.1,8.0,38400.0,14.6,4770.0,12.4
2012-03-17,84100.0,8.2,6.0,49600.0,15.6,2500.0,8.9
2012-03-18,82100.0,3.9,3.5,50700.0,5.2,1730.0,5.0
2012-03-19,70300.0,0.8,2.6,41400.0,2.6,1260.0,1.1
2012-03-20,57900.0,11.2,6.7,34000.0,13.4,1850.0,13.4
2012-03-21,65800.0,25.5,3.4,39300.0,41.0,2330.0,31.9
2012-03-22,81000.0,17.2,2.2,51200.0,19.6,2010.0,19.1
2012-03-23,89300.0,0.0,3.0,62400.0,0.0,1510.0,0.0
2012-03-24,88800.0,0.1,8.5,59000.0,0.0,1250.0,0.2
2012-03-25,75700.0,0.7,7.3,47800.0,3.2,1190.0,1.4
2012-03-26,63900.0,1.4,6.6,40400.0,0.9,1070.0,1.1
2012-03-27,58000.0,3.3,8.7,36200.0,3.4,980.0,3.1
2012-03-28,55900.0,5.7,8.9,34900.0,7.9,1090.0,5.8
2012-03-29,57700.0,24.9,8.4,36000.0,26.7,1180.0,23.0
2012-03-30,75200.0,33.1,9.6,46100.0,38.6,6550.0,34.3
2012-03-31,103000.0,19.3,6.1,61400.0,21.5,3650.0,19.7
2012-04-01,118000.0,11.5,6.3,75500.0,19.5,2590.0,13.9
2012-04-02,119000.0,1.0,8.5,73600.0,2.4,1850.0,1.6
2012-04-03,106000.0,4.2,8.8,61900.0,5.4,1500.0,4.6
2012-04-04,90000.0,5.7,5.1,53600.0,10.0,1350.0,5.4
2012-04-05,81300.0,4.6,4.7,50000.0,6.3,1160.0,4.1
2012-04-06,74700.0,0.9,4.0,46400.0,2.9,994.0,2.0
2012-04-07,64500.0,0.0,6.8,39800.0,1.2,864.0,0.1
2012-04-08,52300.0,0.0,11.2,31900.0,0.1,791.0,0.0
2012-04-09,42800.0,0.0,11.9,26700.0,0.0,817.0,0.0
2012-04-10,37400.0,0.0,11.7,22600.0,1.9,912.0,0.0
2012-04-11,34400.0,9.1,10.4,20900.0,14.1,1020.0,11.8
2012-04-12,35300.0,5.6,7.9,22100.0,7.4,1050.0,6.9
2012-04-13,35800.0,1.8,7.3,21900.0,9.1,904.0,3.4
2012-04-14,33200.0,0.0,8.9,19900.0,0.7,808.0,0.0
2012-04-15,30500.0,0.0,10.1,18200.0,0.0,763.0,0.0
2012-04-16,29500.0,11.2,11.5,17400.0,17.3,1610.0,12.4
2012-04-17,35500.0,2.0,8.0,20500.0,1.6,1820.0,2.8
2012-04-18,41700.0,4.5,9.8,24300.0,6.5,1770.0,5.9
2012-04-19,44000.0,5.4,9.9,25000.0,6.1,1850.0,5.5
2012-04-20,47700.0,2.0,12.5,26100.0,2.2,2730.0,1.8
2012-04-21,49300.0,0.0,12.1,27800.0,0.0,2050.0,0.0
2012-04-22,45400.0,0.0,16.0,26200.0,0.0,1900.0,0.0
2012-04-23,42300.0,0.0,17.6,24200.0,0.0,1990.0,0.0
2012-04-24,40500.0,0.2,15.0,23400.0,0.1,1840.0,0.7
2012-04-25,42500.0,1.6,13.8,25500.0,6.3,1360.0,2.5
2012-04-26,46800.0,20.5,10.8,26700.0,22.0,2070.0,24.1
2012-04-27,50000.0,3.8,8.5,28200.0,8.4,1850.0,5.1
2012-04-28,48300.0,0.0,10.8,27200.0,0.0,1430.0,0.0
2012-04-29,41800.0,0.0,11.9,23700.0,0.0,1140.0,0.0
2012-04-30,36100.0,7.3,11.5,20400.0,7.2,1690.0,7.6
2012-05-01,36900.0,0.8,8.7,20800.0,2.8,2080.0,1.2
2012-05-02,40600.0,1.8,7.9,22400.0,1.4,1560.0,1.4
2012-05-03,40600.0,20.9,9.7,22900.0,22.2,1810.0,20.1
2012-05-04,44100.0,2.6,8.9,25100.0,5.0,2410.0,3.4
2012-05-05,45000.0,2.4,7.6,25700.0,1.6,1950.0,2.8
2012-05-06,42900.0,0.0,9.8,24800.0,0.0,1410.0,0.0
2012-05-07,38300.0,0.0,13.8,22800.0,0.0,1140.0,0.0
2012-05-08,34800.0,0.0,14.6,20900.0,0.0,1070.0,0.0
2012-05-09,32100.0,0.0,11.2,18400.0,0.0,1050.0,0.0
2012-05-10,28400.0,0.0,8.1,15800.0,0.0,868.0,0.0
2012-05-11,25000.0,0.0,10.8,14200.0,0.0,721.0,0.0
2012-05-12,23100.0,0.0,14.6,13100.0,0.0,639.0,0.0
2012-05-13,21700.0,0.0,18.0,12300.0,0.0,668.0,0.0
2012-05-14,21200.0,0.0,19.3,12100.0,0.0,810.0,0.0
2012-05-15,21100.0,0.0,16.4,12100.0,0.0,855.0,0.0
2012-05-16,21200.0,0.0,15.8,12500.0,0.0,761.0,0.0
2012-05-17,21200.0,0.0,12.6,12400.0,0.0,631.0,0.0
2012-05-18,20700.0,0.0,10.9,11800.0,0.0,520.0,0.0
2012-05-19,19100.0,0.0,12.8,11200.0,0.0,441.0,0.0
2012-05-20,17300.0,1.1,14.3,10900.0,0.2,398.0,0.5
2012-05-21,16800.0,9.5,14.0,10700.0,8.8,450.0,8.6
2012-05-22,18300.0,6.4,11.3,11400.0,5.2,779.0,5.7
2012-05-23,21400.0,1.8,10.6,12200.0,3.3,906.0,1.8
2012-05-24,22300.0,7.2,10.8,13300.0,14.4,1380.0,7.4
2012-05-25,25800.0,4.5,11.5,15400.0,1.6,1270.0,3.5
2012-05-26,28100.0,0.6,13.3,17700.0,0.0,932.0,0.1
2012-05-27,28800.0,0.0,13.2,18300.0,0.0,753.0,0.0
2012-05-28,27300.0,0.0,12.9,17000.0,0.0,653.0,0.0
2012-05-29,24200.0,0.0,11.6,14600.0,0.0,567.0,0.0
2012-05-30,21200.0,0.0,14.2,13000.0,0.0,502.0,0.0
2012-05-31,18600.0,0.0,16.6,11800.0,0.0,468.0,0.0
2012-06-01,16700.0,0.7,18.1,10700.0,0.6,474.0,0.0
2012-06-02,16600.0,1.6,15.8,10500.0,1.2,549.0,1.7
2012-06-03,16500.0,0.0,13.2,10300.0,0.0,483.0,0.0
2012-06-04,16100.0,3.8,13.7,10200.0,10.3,586.0,6.2
2012-06-05,19400.0,9.4,10.8,12300.0,8.2,1230.0,12.0
2012-06-06,29500.0,0.2,10.9,19000.0,0.3,1050.0,0.3
2012-06-07,31900.0,11.2,13.5,20400.0,11.1,868.0,10.5
2012-06-08,30800.0,2.5,11.4,19400.0,11.9,1080.0,2.9
2012-06-09,30600.0,6.2,10.4,18300.0,7.4,1510.0,4.7
2012-06-10,32200.0,0.0,12.5,19500.0,0.0,1100.0,0.0
2012-06-11,30300.0,0.0,15.7,18400.0,0.0,854.0,0.0
2012-06-12,26100.0,0.8,16.0,15900.0,0.8,721.0,0.7
2012-06-13,23200.0,0.0,14.8,13800.0,0.0,694.0,0.2
2012-06-14,21300.0,0.0,13.7,12500.0,0.0,619.0,0.0
2012-06-15,19400.0,0.0,15.9,11700.0,0.0,529.0,0.0
2012-06-16,18600.0,0.0,20.0,11900.0,0.0,474.0,0.0
2012-06-17,18700.0,0.2,19.0,11600.0,0.0,442.0,0.3
2012-06-18,17500.0,0.1,14.2,10600.0,0.9,468.0,0.1
2012-06-19,16300.0,1.6,12.5,9490.0,1.4,517.0,1.4
2012-06-20,15600.0,0.0,14.8,9230.0,0.0,439.0,0.0
2012-06-21,15100.0,0.0,18.1,8670.0,0.0,390.0,0.0
2012-06-22,13900.0,0.0,16.4,8470.0,2.9,363.0,0.3
2012-06-23,14200.0,9.3,12.9,8590.0,11.0,435.0,10.1
2012-06-24,15600.0,2.5,13.9,9290.0,3.3,501.0,3.2
2012-06-25,16300.0,0.5,13.9,9890.0,3.1,437.0,1.1
2012-06-26,15900.0,3.6,13.7,9880.0,9.0,485.0,3.8
2012-06-27,15800.0,0.0,14.7,9690.0,0.0,538.0,0.0
2012-06-28,15000.0,0.0,16.9,9130.0,0.2,451.0,0.0
2012-06-29,14100.0,0.6,17.2,8400.0,1.0,390.0,0.7
2012-06-30,13600.0,2.1,18.5,7980.0,3.5,351.0,1.2
2012-07-01,13300.0,2.0,17.1,7730.0,0.1,348.0,2.4
2012-07-02,13100.0,0.0,16.2,7560.0,0.0,325.0,0.0
2012-07-03,12600.0,0.6,15.7,7360.0,1.1,345.0,1.1
2012-07-04,12500.0,0.0,15.0,7310.0,0.0,365.0,0.0
2012-07-05,12300.0,0.0,17.6,7180.0,0.0,314.0,0.0
2012-07-06,12000.0,0.0,19.0,6930.0,0.0,281.0,0.0
2012-07-07,11700.0,0.0,20.6,6690.0,0.0,256.0,0.0
2012-07-08,11300.0,0.0,23.3,6520.0,0.0,234.0,0.0
2012-07-09,10900.0,0.0,22.8,6410.0,0.0,213.0,0.0
2012-07-10,10600.0,0.0,20.9,6360.0,0.0,197.0,0.0
2012-07-11,10400.0,0.0,22.7,6280.0,0.0,183.0,0.0
2012-07-12,10200.0,0.0,22.3,6220.0,0.0,170.0,0.0
2012-07-13,10000.0,0.0,20.3,6100.0,0.0,158.0,0.0
2012-07-14,9700.0,0.0,21.4,5890.0,0.0,149.0,0.0
2012-07-15,9540.0,0.0,19.6,5790.0,0.0,143.0,0.0
2012-07-16,9530.0,0.0,17.8,5770.0,0.0,137.0,0.0
2012-07-17,9390.0,0.8,20.7,5710.0,0.2,130.0,0.1
2012-07-18,9240.0,0.0,18.5,5680.0,0.3,125.0,0.0
2012-07-19,9260.0,0.0,20.4,5770.0,0.0,122.0,0.0
2012-07-20,9160.0,5.6,19.4,5730.0,8.6,118.0,7.0
2012-07-21,9070.0,0.0,18.4,5750.0,0.0,114.0,0.0
2012-07-22,8930.0,0.0,18.1,5740.0,0.0,108.0,0.0
2012-07-23,8960.0,0.0,16.1,5740.0,0.0,105.0,0.0
2012-07-24,8840.0,0.0,18.6,5680.0,0.0,101.0,0.0
2012-07-25,8690.0,0.0,21.5,5580.0,0.0,97.7,0.0
2012-07-26,8560.0,0.0,21.4,5530.0,0.0,94.6,0.0
2012-07-27,8410.0,0.0,18.9,5450.0,0.0,93.1,0.0
2012-07-28,8350.0,0.0,19.1,5420.0,0.0,91.1,0.0
2012-07-29,8370.0,0.0,19.6,5390.0,0.0,87.7,0.0
2012-07-30,8340.0,0.0,18.9,5360.0,0.0,85.3,0.0
2012-07-31,8220.0,0.0,19.5,5330.0,0.0,82.5,0.0
2012-08-01,8150.0,0.0,19.9,5300.0,0.0,79.5,0.0
2012-08-02,8120.0,0.0,19.7,5250.0,0.0,76.8,0.0
2012-08-03,8100.0,0.0,21.6,5330.0,0.0,74.6,0.0
2012-08-04,8360.0,0.0,26.5,5600.0,0.0,72.7,0.0
2012-08-05,8360.0,0.0,26.3,5570.0,0.0,70.3,0.0
2012-08-06,8320.0,0.0,23.3,5560.0,0.0,69.3,0.0
2012-08-07,8180.0,0.0,21.2,5510.0,0.0,67.7,0.0
2012-08-08,8100.0,0.0,19.5,5540.0,0.0,66.7,0.0
2012-08-09,8100.0,0.0,20.2,5470.0,0.0,65.4,0.0
2012-08-10,8050.0,0.0,21.1,5410.0,0.0,64.4,0.0
2012-08-11,8020.0,0.0,21.8,5300.0,0.0,62.9,0.0
2012-08-12,7980.0,0.0,25.5,5320.0,0.0,61.2,0.0
2012-08-13,8040.0,0.0,25.5,5370.0,0.0,58.6,0.0
2012-08-14,8020.0,0.0,24.2,5360.0,0.0,56.8,0.0
2012-08-15,7880.0,0.0,24.3,5220.0,0.0,56.3,0.0
2012-08-16,7750.0,0.0,27.1,5140.0,0.0,56.0,0.0
2012-08-17,7680.0,0.0,25.7,5130.0,0.0,54.4,0.0
2012-08-18,7790.0,0.0,22.1,5360.0,0.0,53.9,0.0
2012-08-19,8070.0,0.0,20.3,5590.0,0.0,54.4,0.0
2012-08-20,8310.0,0.0,19.8,5700.0,0.0,53.2,0.0
2012-08-21,8310.0,0.0,20.5,5740.0,0.0,52.0,0.0
2012-08-22,8260.0,0.0,19.1,5700.0,0.0,51.0,0.0
2012-08-23,8280.0,0.0,18.3,5720.0,0.0,50.2,0.0
2012-08-24,8270.0,0.0,16.6,5710.0,0.0,49.3,0.0
2012-08-25,8210.0,0.0,19.6,5670.0,0.0,48.7,0.0
2012-08-26,8180.0,0.0,18.2,5640.0,0.0,48.0,0.0
2012-08-27,8220.0,0.6,18.0,5610.0,1.3,48.7,0.6
2012-08-28,8130.0,0.0,18.2,5600.0,0.0,48.3,0.0
2012-08-29,8170.0,0.0,17.3,5640.0,0.0,47.5,0.0
2012-08-30,8240.0,0.0,17.9,5670.0,0.0,46.7,0.0
2012-08-31,8240.0,0.0,18.0,5690.0,0.0,46.3,0.0
2012-09-01,8290.0,0.0,16.8,5690.0,0.0,45.5,0.0
2012-09-02,8250.0,0.0,17.2,5500.0,0.0,44.7,0.0
2012-09-03,8270.0,0.0,18.8,5450.0,0.0,44.1,0.0
2012-09-04,8500.0,0.0,20.2,5560.0,0.0,43.4,0.0
2012-09-05,8750.0,0.0,21.5,5690.0,0.0,42.7,0.0
2012-09-06,8890.0,0.0,21.3,5650.0,0.0,42.7,0.0
2012-09-07,8990.0,0.0,23.2,5650.0,0.0,41.8,0.0
2012-09-08,9150.0,0.0,21.6,5750.0,0.0,40.6,0.0
2012-09-09,9590.0,0.0,16.7,6260.0,0.0,40.2,0.0
2012-09-10,10000.0,1.7,16.6,6510.0,0.6,42.0,1.9
2012-09-11,10200.0,0.0,15.3,6620.0,0.0,43.7,0.0
2012-09-12,10300.0,0.0,18.7,6620.0,0.0,42.4,0.0
2012-09-13,10300.0,0.0,21.0,6620.0,0.0,39.7,0.0
2012-09-14,10300.0,0.0,22.1,6620.0,0.0,38.5,0.0
2012-09-15,10400.0,0.0,20.1,6640.0,0.0,38.1,0.0
2012-09-16,10500.0,0.0,19.7,6640.0,0.0,37.6,0.0
2012-09-17,10700.0,0.0,21.4,6640.0,0.0,37.2,0.0
2012-09-18,10700.0,0.0,22.5,6650.0,0.0,37.3,0.0
2012-09-19,11000.0,0.0,19.3,6730.0,0.0,37.1,0.0
2012-09-20,11000.0,0.0,18.2,6740.0,0.0,37.3,0.0
2012-09-21,11100.0,0.0,16.3,6750.0,0.0,37.8,0.0
2012-09-22,11400.0,0.0,15.6,6840.0,0.0,39.1,0.0
2012-09-23,11600.0,0.2,17.1,6980.0,0.4,39.0,0.3
2012-09-24,11300.0,0.0,17.6,6970.0,0.0,38.1,0.0
2012-09-25,11000.0,0.0,17.4,6920.0,0.0,37.4,0.0
2012-09-26,10900.0,0.0,15.2,6820.0,0.0,36.6,0.0
2012-09-27,10800.0,0.0,17.5,6750.0,0.0,36.2,0.0
2012-09-28,10700.0,0.0,20.1,6650.0,0.0,35.7,0.0
2012-09-29,10700.0,0.0,19.1,6670.0,0.0,35.5,0.0
2012-09-30,10800.0,0.0,16.5,6720.0,0.0,35.4,0.0
2012-10-01,10800.0,0.0,19.1,6710.0,0.0,35.1,0.0
2012-10-02,10800.0,0.0,18.6,6750.0,0.0,34.9,0.0
2012-10-03,11000.0,0.0,16.2,7030.0,0.0,34.0,0.0
2012-10-04,11200.0,0.0,16.2,7340.0,0.0,32.5,0.0
2012-10-05,11600.0,0.0,15.9,7750.0,0.0,31.7,0.0
2012-10-06,11800.0,0.0,15.5,7980.0,0.0,31.4,0.0
2012-10-07,12000.0,0.0,15.8,8060.0,0.0,31.1,0.0
2012-10-08,12000.0,0.0,14.3,8070.0,0.0,31.5,0.0
2012-10-09,12000.0,0.0,13.3,8000.0,0.0,31.9,0.0
2012-10-10,12100.0,0.0,14.5,8080.0,0.0,32.9,0.0
2012-10-11,12200.0,0.0,14.3,8110.0,0.0,35.3,0.0
2012-10-12,12300.0,7.8,12.1,8170.0,3.4,41.4,5.7
2012-10-13,12700.0,12.2,13.7,8350.0,15.6,92.2,12.3
2012-10-14,12700.0,0.0,15.6,8410.0,0.3,75.5,0.0
2012-10-15,13000.0,21.7,15.5,8620.0,24.2,261.0,21.3
2012-10-16,15000.0,12.8,14.9,9460.0,24.6,1630.0,16.7
2012-10-17,17100.0,0.0,10.9,10900.0,0.0,481.0,0.0
2012-10-18,14500.0,0.0,11.3,9150.0,0.0,263.0,0.0
2012-10-19,13200.0,6.6,13.4,8410.0,15.3,219.0,9.1
2012-10-20,13400.0,3.9,10.9,8360.0,4.9,828.0,5.1
2012-10-21,14800.0,3.3,8.4,9020.0,5.9,828.0,3.2
2012-10-22,15000.0,5.5,7.7,9190.0,11.4,641.0,7.2
2012-10-23,14900.0,0.7,7.7,9330.0,3.3,554.0,0.7
2012-10-24,15100.0,5.6,7.9,9710.0,9.0,448.0,5.8
2012-10-25,15600.0,0.5,8.8,10100.0,0.6,517.0,1.1
2012-10-26,16100.0,0.1,9.8,10700.0,0.0,446.0,0.0
2012-10-27,17000.0,9.5,11.7,11200.0,10.1,608.0,8.6
2012-10-28,21900.0,23.5,14.2,12300.0,19.6,3820.0,26.9
2012-10-29,31400.0,18.2,15.4,15000.0,8.0,3550.0,12.8
2012-10-30,34000.0,8.9,15.3,17700.0,3.2,1630.0,5.5
2012-10-31,31400.0,14.2,13.7,16800.0,11.4,986.0,11.3
2012-11-01,28800.0,8.2,12.6,15600.0,12.3,1040.0,8.3
2012-11-02,28600.0,1.7,11.6,14700.0,2.3,1140.0,1.1
2012-11-03,27800.0,2.0,13.5,14500.0,2.3,973.0,1.8
2012-11-04,26800.0,0.4,15.6,13700.0,0.1,851.0,0.3
2012-11-05,25000.0,0.0,14.9,12700.0,0.0,671.0,0.0
2012-11-06,23700.0,0.0,13.2,12000.0,0.0,551.0,0.0
2012-11-07,22700.0,0.3,11.4,11600.0,0.3,491.0,0.4
2012-11-08,22300.0,0.6,7.3,11400.0,3.1,434.0,1.3
2012-11-09,21700.0,3.7,5.2,11300.0,5.5,392.0,4.2
2012-11-10,21200.0,2.0,4.3,11300.0,0.6,359.0,0.2
2012-11-11,21100.0,1.6,6.3,11200.0,1.0,328.0,0.5
2012-11-12,22000.0,21.6,8.2,11200.0,22.9,1570.0,19.1
2012-11-13,26300.0,0.0,10.4,11500.0,0.1,1500.0,0.1
2012-11-14,25600.0,0.5,9.6,12000.0,0.0,1280.0,0.4
2012-11-15,23300.0,0.0,7.6,11400.0,0.0,921.0,0.0
2012-11-16,22700.0,0.0,8.1,10800.0,0.0,714.0,0.0
2012-11-17,25000.0,12.6,9.5,11900.0,13.8,730.0,13.9
2012-11-18,28700.0,6.5,7.3,13000.0,7.4,965.0,6.1
2012-11-19,35600.0,53.6,10.3,15400.0,42.9,1990.0,43.8
2012-11-20,59200.0,43.3,10.2,24900.0,56.6,6420.0,51.8
2012-11-21,83600.0,13.1,8.0,44100.0,19.0,3910.0,15.7
2012-11-22,87100.0,0.1,5.0,47900.0,0.2,2250.0,0.4
2012-11-23,79100.0,1.6,7.1,44200.0,0.0,1520.0,0.4
2012-11-24,75000.0,19.0,10.0,43100.0,24.2,3090.0,21.6
2012-11-25,78000.0,0.2,5.9,45500.0,0.5,2050.0,0.0
2012-11-26,75600.0,0.0,4.5,47000.0,0.0,1350.0,0.0
2012-11-27,70000.0,0.0,5.6,42700.0,0.0,993.0,0.0
2012-11-28,64300.0,1.7,5.3,40000.0,4.7,804.0,2.1
2012-11-29,59700.0,7.6,9.5,37700.0,16.8,708.0,9.3
2012-11-30,58600.0,5.1,10.5,37500.0,13.8,817.0,5.4
2012-12-01,63100.0,23.5,10.0,41800.0,26.5,1260.0,22.4
2012-12-02,74300.0,27.3,9.0,48100.0,34.9,2180.0,29.0
2012-12-03,85900.0,7.1,9.2,56600.0,4.1,2200.0,5.2
2012-12-04,93700.0,21.5,10.8,59900.0,29.4,4640.0,22.3
2012-12-05,98000.0,9.2,8.4,51800.0,22.2,4840.0,11.2
2012-12-06,94100.0,0.3,5.7,54500.0,0.4,2120.0,0.3
2012-12-07,90200.0,3.3,7.2,57500.0,3.6,1760.0,3.8
2012-12-08,85300.0,0.4,5.6,52500.0,0.8,1730.0,1.1
2012-12-09,76900.0,2.8,6.1,47200.0,0.7,1300.0,1.8
2012-12-10,70000.0,0.9,8.7,43400.0,0.0,1280.0,1.0
2012-12-11,64400.0,3.5,5.7,40100.0,5.7,1180.0,3.0
2012-12-12,59300.0,6.7,5.0,36600.0,6.5,1180.0,5.8
2012-12-13,55000.0,0.4,2.7,34000.0,0.6,1010.0,0.5
2012-12-14,50600.0,3.8,4.5,30500.0,3.5,868.0,3.4
2012-12-15,46200.0,7.7,2.6,27400.0,7.5,773.0,7.2
2012-12-16,43800.0,15.5,4.1,25500.0,16.5,782.0,14.9
2012-12-17,49900.0,18.9,6.6,28800.0,31.0,2290.0,21.3
2012-12-18,63000.0,8.3,1.8,39100.0,17.1,1490.0,9.9
2012-12-19,66000.0,4.9,3.1,41400.0,4.5,1090.0,2.9
2012-12-20,63200.0,51.5,4.3,37600.0,54.6,1240.0,51.5
2012-12-21,66600.0,2.0,3.6,41500.0,4.2,1160.0,1.9
2012-12-22,66200.0,4.8,4.3,41900.0,9.0,1040.0,7.3
2012-12-23,60700.0,9.0,4.5,38700.0,14.2,983.0,10.5
2012-12-24,59000.0,3.0,4.2,38000.0,2.8,932.0,3.2
2012-12-25,56500.0,12.8,4.9,35900.0,12.4,1190.0,11.7
2012-12-26,56500.0,3.8,6.6,34200.0,5.0,1670.0,3.3
2012-12-27,54900.0,0.8,4.9,32700.0,3.1,1480.0,1.8
2012-12-28,51100.0,0.0,5.2,30700.0,0.0,1120.0,0.0
2012-12-29,45900.0,0.0,3.2,27700.0,0.0,894.0,0.0
2012-12-30,40600.0,0.6,2.5,23900.0,0.0,744.0,0.5
2012-12-31,35400.0,0.4,2.0,20700.0,0.7,632.0,0.4
2013-01-01,31400.0,0.0,0.5,18200.0,1.1,550.0,0.0
2013-01-02,26600.0,0.0,-0.1,15800.0,0.0,490.0,0.0
2013-01-03,24200.0,0.0,-0.1,14700.0,0.0,446.0,0.0
2013-01-04,22600.0,0.0,5.6,13600.0,0.0,463.0,0.0
2013-01-05,21300.0,0.2,3.0,12600.0,0.0,502.0,0.2
2013-01-06,20400.0,0.7,5.1,12200.0,0.1,510.0,0.2
2013-01-07,20100.0,7.3,7.6,12100.0,6.4,1000.0,7.5
2013-01-08,22900.0,1.0,9.2,12900.0,0.0,1940.0,1.0
2013-01-09,26800.0,12.8,8.2,14700.0,12.6,2020.0,13.5
2013-01-10,29400.0,1.3,2.9,16800.0,2.4,1430.0,2.0
2013-01-11,29700.0,0.0,0.9,17400.0,0.8,1040.0,0.1
2013-01-12,26900.0,0.0,0.1,15700.0,0.0,821.0,0.0
2013-01-13,24500.0,0.0,-1.4,14300.0,0.0,688.0,0.0
2013-01-14,22700.0,0.0,-0.9,13100.0,0.0,597.0,0.0
2013-01-15,20900.0,0.1,2.0,12300.0,0.0,530.0,0.1
2013-01-16,20000.0,0.0,2.2,12000.0,0.0,490.0,0.0
2013-01-17,19200.0,0.0,3.0,11500.0,0.0,498.0,0.0
2013-01-18,18800.0,0.0,3.4,11400.0,0.0,619.0,0.0
2013-01-19,19500.0,0.0,4.0,12300.0,0.0,721.0,0.0
2013-01-20,20800.0,0.0,3.2,13000.0,0.0,771.0,0.0
2013-01-21,21000.0,0.0,2.4,12900.0,0.0,729.0,0.0
2013-01-22,20500.0,0.0,2.1,12400.0,0.0,673.0,0.0
2013-01-23,20000.0,4.6,2.0,11600.0,7.4,652.0,5.0
2013-01-24,20200.0,2.4,2.8,11600.0,3.8,665.0,3.1
2013-01-25,21400.0,8.3,7.0,12300.0,8.1,1090.0,9.2
2013-01-26,25800.0,3.1,5.7,15300.0,6.9,1490.0,3.3
2013-01-27,31800.0,2.4,3.8,18400.0,3.4,1090.0,2.0
2013-01-28,34700.0,9.4,4.6,18700.0,12.4,1040.0,11.3
2013-01-29,39700.0,13.2,6.1,21200.0,11.1,2170.0,16.8
2013-01-30,47700.0,0.8,6.7,26000.0,0.1,2210.0,0.9
2013-01-31,46300.0,0.3,7.7,24900.0,0.0,2230.0,0.2
2013-02-01,40700.0,0.0,7.7,22500.0,0.0,1630.0,0.0
2013-02-02,36000.0,0.0,5.7,20500.0,0.0,1300.0,0.0
2013-02-03,32800.0,0.0,4.8,18900.0,0.0,1140.0,0.0
2013-02-04,30300.0,0.0,6.5,17300.0,0.0,964.0,0.0
2013-02-05,27500.0,2.8,7.9,15500.0,5.6,903.0,3.3
2013-02-06,25300.0,3.9,7.2,14600.0,4.4,980.0,3.8
2013-02-07,24700.0,4.5,6.5,14400.0,7.2,928.0,4.6
2013-02-08,24200.0,2.1,3.0,14000.0,3.0,790.0,2.4
2013-02-09,23100.0,0.0,3.7,13300.0,0.0,678.0,0.0
2013-02-10,21000.0,0.0,6.2,12000.0,0.0,595.0,0.0
2013-02-11,18900.0,0.0,4.8,10800.0,0.0,532.0,0.0
2013-02-12,17900.0,0.1,7.3,10400.0,0.0,518.0,0.0
2013-02-13,17500.0,0.4,8.8,10200.0,0.4,669.0,0.9
2013-02-14,17300.0,0.0,7.2,9770.0,0.0,837.0,0.0
2013-02-15,16400.0,0.0,7.1,9220.0,0.0,776.0,0.0
2013-02-16,15800.0,0.3,7.3,8860.0,0.4,833.0,0.9
2013-02-17,15900.0,0.3,5.0,8790.0,0.0,765.0,0.0
2013-02-18,15500.0,0.0,3.9,8570.0,0.3,654.0,0.0
2013-02-19,15000.0,2.1,4.8,8450.0,5.3,573.0,1.8
2013-02-20,14700.0,0.2,3.9,8410.0,0.1,509.0,0.1
2013-02-21,14500.0,5.7,4.4,8430.0,4.5,494.0,5.6
2013-02-22,14800.0,14.0,5.9,8690.0,10.4,575.0,13.6
2013-02-23,17500.0,5.3,4.8,10000.0,11.8,764.0,7.2
2013-02-24,19900.0,0.5,4.4,11500.0,0.6,634.0,0.9
2013-02-25,19300.0,6.7,6.3,11100.0,10.0,708.0,7.9
2013-02-26,19400.0,0.7,3.9,11200.0,1.2,698.0,1.1
2013-02-27,19000.0,0.0,7.1,10900.0,0.4,614.0,0.1
2013-02-28,18000.0,8.5,9.3,10300.0,6.8,1280.0,8.1
2013-03-01,20500.0,0.1,11.5,10600.0,0.7,2610.0,0.1
2013-03-02,22000.0,0.0,9.4,11400.0,0.0,1870.0,0.0
2013-03-03,20800.0,1.7,6.7,10800.0,0.5,1570.0,1.5
2013-03-04,19500.0,0.0,4.7,10300.0,0.0,1140.0,0.0
2013-03-05,18300.0,6.3,5.3,9930.0,10.3,893.0,7.0
2013-03-06,18400.0,15.0,5.5,10400.0,18.7,833.0,15.9
2013-03-07,20700.0,0.3,5.8,12500.0,0.8,790.0,0.2
2013-03-08,20300.0,0.0,5.7,11700.0,0.0,709.0,0.0
2013-03-09,18600.0,0.0,6.5,10600.0,0.0,631.0,0.0
2013-03-10,17300.0,0.0,7.0,9730.0,0.0,575.0,0.0
2013-03-11,16300.0,0.0,8.2,9060.0,0.0,582.0,0.0
2013-03-12,15800.0,0.0,8.6,8760.0,0.0,744.0,0.0
2013-03-13,15600.0,0.0,10.3,8610.0,0.0,798.0,0.0
2013-03-14,15300.0,0.7,10.6,8380.0,0.0,925.0,0.4
2013-03-15,15400.0,2.2,11.3,8440.0,2.2,1000.0,2.3
2013-03-16,15300.0,4.9,9.5,8230.0,4.1,1010.0,4.3
2013-03-17,15600.0,3.2,5.2,8370.0,4.1,1090.0,5.6
2013-03-18,15700.0,0.0,5.8,8530.0,0.0,811.0,0.0
2013-03-19,14900.0,0.3,7.1,8110.0,0.9,681.0,0.0
2013-03-20,16300.0,24.1,9.3,9010.0,27.3,1840.0,26.0
2013-03-21,23200.0,3.7,4.9,12400.0,4.6,1730.0,5.3
2013-03-22,23300.0,0.9,4.5,12800.0,1.2,1100.0,1.5
2013-03-23,20700.0,0.0,4.3,11400.0,0.0,845.0,0.0
2013-03-24,18900.0,0.0,5.5,10400.0,0.0,708.0,0.0
2013-03-25,17500.0,0.8,7.8,9650.0,0.0,637.0,0.9
2013-03-26,16400.0,0.0,8.0,9140.0,0.7,613.0,0.3
2013-03-27,15700.0,1.1,9.4,8870.0,1.4,595.0,1.3
2013-03-28,15400.0,2.3,10.9,8630.0,5.4,663.0,2.9
2013-03-29,15100.0,0.0,11.9,8460.0,0.0,718.0,0.0
2013-03-30,15000.0,0.0,12.6,8410.0,0.0,793.0,0.0
2013-03-31,14800.0,0.0,14.2,8270.0,0.0,916.0,0.0
2013-04-01,14800.0,0.1,13.0,8230.0,0.6,959.0,0.4
2013-04-02,15500.0,0.0,11.9,8530.0,0.0,865.0,0.0
2013-04-03,16200.0,0.0,11.1,8980.0,0.0,776.0,0.0
2013-04-04,16200.0,3.3,13.4,8970.0,6.9,763.0,3.1
2013-04-05,17500.0,4.2,11.6,9670.0,7.9,1500.0,5.1
2013-04-06,22700.0,14.0,10.3,12700.0,18.0,2300.0,13.9
2013-04-07,28800.0,22.9,8.5,15600.0,25.0,2530.0,22.8
2013-04-08,35100.0,3.4,6.9,19300.0,3.4,1900.0,3.1
2013-04-09,34300.0,0.0,8.7,19100.0,0.0,1290.0,0.0
2013-04-10,30700.0,1.1,10.6,16500.0,1.1,1150.0,1.2
2013-04-11,28200.0,0.2,8.7,14700.0,0.0,1240.0,0.1
2013-04-12,25300.0,0.5,8.0,13100.0,0.0,949.0,0.0
2013-04-13,21900.0,4.3,7.4,11700.0,2.9,904.0,5.0
2013-04-14,20200.0,2.6,6.5,11000.0,4.4,816.0,3.5
2013-04-15,19200.0,3.3,6.2,10500.0,5.1,741.0,3.7
2013-04-16,18300.0,2.9,6.9,10200.0,1.8,682.0,3.4
2013-04-17,18200.0,1.7,7.4,11100.0,0.0,622.0,0.7
2013-04-18,19100.0,0.0,9.4,11700.0,0.0,565.0,0.0
2013-04-19,18600.0,6.4,10.7,11500.0,4.3,831.0,5.6
2013-04-20,20400.0,0.0,10.3,11900.0,0.1,1550.0,0.5
2013-04-21,21900.0,0.0,8.7,12600.0,0.0,1160.0,0.0
2013-04-22,21000.0,0.0,10.3,12300.0,0.0,920.0,0.0
2013-04-23,19900.0,0.0,10.9,11700.0,0.0,763.0,0.0
2013-04-24,18400.0,0.0,12.1,10600.0,0.0,658.0,0.0
2013-04-25,16800.0,0.0,14.0,9600.0,0.0,608.0,0.0
2013-04-26,16400.0,0.0,15.1,9200.0,0.0,613.0,0.0
2013-04-27,16200.0,0.0,14.8,9070.0,0.0,660.0,0.0
2013-04-28,16100.0,0.1,12.9,9010.0,0.0,639.0,0.2
2013-04-29,15900.0,0.5,11.9,8920.0,0.3,689.0,0.9
2013-04-30,15900.0,0.2,8.2,8710.0,0.0,639.0,0.3
2013-05-01,15200.0,0.0,9.2,8580.0,0.0,497.0,0.0
2013-05-02,14600.0,0.0,13.9,8990.0,0.0,426.0,0.0
2013-05-03,15700.0,0.0,15.6,10000.0,0.0,424.0,0.0
2013-05-04,15800.0,0.0,17.7,10000.0,0.0,469.0,0.0
2013-05-05,15600.0,0.0,19.5,9950.0,0.0,517.0,0.0
2013-05-06,16000.0,0.0,18.2,9920.0,0.0,525.0,0.0
2013-05-07,16000.0,0.0,16.7,9890.0,0.0,508.0,0.0
2013-05-08,16000.0,0.0,15.4,9630.0,0.0,470.0,0.0
2013-05-09,15500.0,0.0,16.9,9280.0,0.0,437.0,0.0
2013-05-10,15100.0,0.0,19.2,9180.0,0.0,420.0,0.0
2013-05-11,15000.0,0.0,19.5,9270.0,0.0,414.0,0.0
2013-05-12,14900.0,0.0,19.4,9460.0,0.7,401.0,0.0
2013-05-13,15200.0,2.4,16.5,9470.0,1.1,367.0,1.2
2013-05-14,15100.0,0.0,12.9,9400.0,0.0,324.0,0.0
2013-05-15,14500.0,0.8,13.4,9220.0,1.0,286.0,0.6
2013-05-16,14100.0,2.4,14.1,9090.0,1.3,275.0,1.6
2013-05-17,14100.0,0.3,12.8,9250.0,0.9,270.0,0.5
2013-05-18,14600.0,2.8,12.3,9600.0,2.6,255.0,4.9
2013-05-19,14600.0,4.5,13.0,9440.0,2.3,295.0,2.7
2013-05-20,14700.0,0.0,13.6,9430.0,0.0,285.0,0.0
2013-05-21,14600.0,8.4,11.7,9370.0,12.3,286.0,9.3
2013-05-22,14700.0,6.5,7.4,9700.0,11.5,421.0,7.8
2013-05-23,15900.0,11.6,8.9,10600.0,10.0,595.0,11.6
2013-05-24,17000.0,11.1,10.3,10400.0,9.6,1110.0,10.1
2013-05-25,17000.0,0.0,11.8,9120.0,0.7,952.0,0.1
2013-05-26,15700.0,3.8,13.9,8500.0,6.6,915.0,5.1
2013-05-27,15800.0,13.8,12.6,8600.0,22.3,1590.0,15.2
2013-05-28,18800.0,1.1,12.9,9430.0,2.8,2160.0,2.3
2013-05-29,20800.0,11.8,12.9,10200.0,13.8,2160.0,12.0
2013-05-30,22200.0,0.2,11.9,10100.0,1.6,2350.0,0.2
2013-05-31,23000.0,0.0,12.8,10400.0,0.0,1440.0,0.0
2013-06-01,19900.0,0.0,14.9,9780.0,0.0,995.0,0.0
2013-06-02,16900.0,0.0,15.7,8930.0,0.0,775.0,0.0
2013-06-03,15100.0,0.0,14.9,8270.0,0.0,636.0,0.0
2013-06-04,14000.0,0.0,16.8,7630.0,0.0,539.0,0.0
2013-06-05,13000.0,0.0,19.7,7240.0,0.0,467.0,0.0
2013-06-06,12500.0,0.0,20.1,6970.0,0.0,414.0,0.0
2013-06-07,11800.0,0.0,19.2,6700.0,0.0,370.0,0.0
2013-06-08,11400.0,0.0,17.9,6590.0,0.0,336.0,0.0
2013-06-09,11100.0,0.0,17.5,6390.0,0.0,306.0,0.0
2013-06-10,10700.0,0.0,14.9,6230.0,0.0,282.0,0.0
2013-06-11,10400.0,0.2,14.0,6220.0,0.3,262.0,0.4
2013-06-12,10700.0,0.8,13.6,7020.0,0.0,247.0,0.1
2013-06-13,11300.0,4.9,13.4,7280.0,5.2,250.0,4.8
2013-06-14,11600.0,0.7,14.0,7440.0,0.7,242.0,1.3
2013-06-15,11400.0,0.0,16.8,7310.0,0.0,217.0,0.0
2013-06-16,11000.0,0.0,17.0,6850.0,0.0,201.0,0.0
2013-06-17,10500.0,0.1,17.4,6410.0,0.0,190.0,0.0
2013-06-18,10100.0,0.1,16.1,6240.0,3.1,195.0,0.4
2013-06-19,10100.0,1.2,14.1,6320.0,11.5,223.0,2.2
2013-06-20,10400.0,1.6,14.1,6570.0,3.1,220.0,2.4
2013-06-21,10500.0,0.0,15.2,6640.0,0.0,210.0,0.0
2013-06-22,10300.0,0.0,17.3,6430.0,0.0,190.0,0.0
2013-06-23,10200.0,6.6,18.3,6310.0,8.0,187.0,7.1
2013-06-24,10200.0,3.8,15.4,6380.0,5.5,307.0,3.9
2013-06-25,10500.0,5.9,16.0,6540.0,6.4,409.0,6.0
2013-06-26,11100.0,0.0,17.1,6780.0,0.5,675.0,0.1
2013-06-27,11500.0,0.0,19.8,6850.0,0.3,543.0,0.0
2013-06-28,10800.0,0.0,21.9,6300.0,0.0,409.0,0.0
2013-06-29,10200.0,0.0,23.2,5980.0,0.0,329.0,0.0
2013-06-30,9880.0,0.0,25.1,5780.0,0.0,280.0,0.0
2013-07-01,9550.0,0.0,24.7,5630.0,0.0,244.0,0.0
2013-07-02,9190.0,0.0,25.5,5380.0,0.0,217.0,0.0
2013-07-03,8830.0,0.0,23.9,5300.0,0.0,195.0,0.0
2013-07-04,8470.0,0.0,20.6,5160.0,0.0,176.0,0.0
2013-07-05,8460.0,0.0,18.3,5140.0,0.0,162.0,0.0
2013-07-06,8300.0,0.0,18.8,5080.0,0.0,151.0,0.0
2013-07-07,8220.0,0.0,20.2,5040.0,0.0,140.0,0.0
2013-07-08,8140.0,0.0,20.4,5040.0,0.0,132.0,0.0
2013-07-09,8020.0,0.0,23.5,4980.0,0.0,123.0,0.0
2013-07-10,7930.0,0.0,23.1,4950.0,0.0,116.0,0.0
2013-07-11,7840.0,0.0,19.5,4860.0,0.0,110.0,0.0
2013-07-12,7670.0,0.0,18.6,4810.0,0.0,106.0,0.0
2013-07-13,7590.0,0.0,18.8,4760.0,0.0,101.0,0.0
2013-07-14,7530.0,0.0,22.2,4700.0,0.0,97.2,0.0
2013-07-15,7520.0,0.0,22.5,4710.0,0.0,92.8,0.0
2013-07-16,7410.0,0.0,25.1,4650.0,0.0,89.3,0.0
2013-07-17,7280.0,0.0,21.2,4640.0,0.0,86.3,0.0
2013-07-18,7190.0,0.0,21.2,4600.0,0.0,84.4,0.0
2013-07-19,7120.0,0.0,22.2,4610.0,0.0,80.7,0.0
2013-07-20,7130.0,0.0,21.7,4790.0,0.0,78.1,0.0
2013-07-21,7290.0,0.0,21.5,4900.0,0.0,74.4,0.0
2013-07-22,7310.0,0.0,22.2,4900.0,0.0,72.0,0.0
2013-07-23,7170.0,0.0,23.6,4820.0,0.0,69.6,0.0
2013-07-24,7140.0,0.0,24.6,4840.0,0.0,67.0,0.0
2013-07-25,7090.0,0.0,24.3,4790.0,0.0,65.1,0.0
2013-07-26,6990.0,0.0,24.2,4710.0,0.0,63.0,0.0
2013-07-27,6910.0,0.0,21.3,4710.0,0.0,61.2,0.0
2013-07-28,6980.0,0.0,18.9,4760.0,0.0,60.2,0.0
2013-07-29,7050.0,0.0,18.9,4790.0,0.0,59.6,0.0
2013-07-30,7170.0,0.0,20.3,5080.0,0.0,59.1,0.0
2013-07-31,7340.0,0.0,21.3,5170.0,0.0,57.9,0.0
2013-08-01,7330.0,0.0,18.6,5170.0,0.0,58.7,0.0
2013-08-02,7480.0,0.0,18.3,5250.0,0.0,60.8,0.0
2013-08-03,7510.0,0.2,20.0,5270.0,0.0,59.9,0.5
2013-08-04,7530.0,0.0,22.9,5240.0,0.0,56.7,0.0
2013-08-05,7490.0,0.0,23.8,5230.0,0.0,54.2,0.0
2013-08-06,7360.0,0.0,24.6,5160.0,0.0,52.4,0.0
2013-08-07,7250.0,0.0,23.5,5120.0,0.0,50.8,0.0
2013-08-08,7230.0,0.0,21.4,5140.0,0.0,49.9,0.0
2013-08-09,7290.0,0.1,22.0,5140.0,0.3,49.4,0.4
2013-08-10,7330.0,0.7,21.9,5190.0,0.0,50.0,0.5
2013-08-11,7400.0,0.0,20.5,5210.0,0.0,51.8,0.0
2013-08-12,7450.0,0.0,19.9,5260.0,0.0,51.0,0.0
2013-08-13,7410.0,0.0,20.1,5240.0,0.0,48.4,0.0
2013-08-14,7380.0,0.0,21.9,5180.0,0.3,46.2,0.2
2013-08-15,7330.0,0.0,22.1,5190.0,0.0,45.1,0.0
2013-08-16,7370.0,0.0,21.9,5270.0,0.3,44.6,0.0
2013-08-17,7370.0,0.0,21.3,5220.0,0.0,43.9,0.0
2013-08-18,7350.0,0.0,20.9,5200.0,0.0,42.6,0.0
2013-08-19,7330.0,0.0,22.7,5200.0,0.0,41.7,0.0
2013-08-20,7230.0,0.0,21.2,5140.0,0.0,40.6,0.0
2013-08-21,7100.0,0.0,22.9,5080.0,0.0,39.9,0.0
2013-08-22,7140.0,0.0,25.2,5160.0,0.0,39.5,0.0
2013-08-23,7200.0,0.0,20.6,5220.0,0.0,44.0,0.2
2013-08-24,7240.0,0.0,19.5,5250.0,1.9,43.9,0.0
2013-08-25,7470.0,5.6,18.0,5520.0,9.7,43.2,7.4
2013-08-26,7750.0,0.0,17.9,5700.0,0.0,46.2,0.0
2013-08-27,7930.0,2.0,20.4,5950.0,0.4,44.1,0.1
2013-08-28,8200.0,0.6,21.3,6140.0,0.0,41.1,0.5
2013-08-29,8160.0,5.3,21.4,6070.0,3.8,42.6,3.5
2013-08-30,8170.0,0.2,20.8,6050.0,0.7,51.2,0.2
2013-08-31,8110.0,0.0,21.1,6070.0,0.0,50.7,0.0
2013-09-01,8190.0,0.0,21.4,6110.0,0.0,43.0,0.0
2013-09-02,8400.0,0.3,20.9,6060.0,0.6,40.0,0.3
2013-09-03,8530.0,1.1,19.9,6000.0,0.3,39.5,1.6
2013-09-04,8740.0,0.0,19.6,5980.0,0.0,39.0,0.0
2013-09-05,9280.0,2.4,18.7,6310.0,12.8,46.0,5.1
2013-09-06,11600.0,10.8,17.2,6830.0,6.4,154.0,9.5
2013-09-07,11600.0,0.0,18.8,7010.0,0.0,106.0,0.0
2013-09-08,10700.0,0.0,21.0,6600.0,0.0,64.7,0.0
2013-09-09,10300.0,0.0,21.8,6590.0,0.0,53.8,0.0
2013-09-10,10400.0,0.0,23.4,6590.0,0.0,48.8,0.0
2013-09-11,10300.0,0.0,25.1,6450.0,0.0,44.7,0.0
2013-09-12,10100.0,0.0,21.9,6430.0,0.0,42.2,0.0
2013-09-13,10100.0,0.0,21.1,6410.0,0.0,41.2,0.0
2013-09-14,10200.0,0.0,21.0,6460.0,0.0,40.7,0.0
2013-09-15,10100.0,0.0,19.9,6450.0,0.0,40.2,0.0
2013-09-16,10100.0,0.0,17.9,6460.0,0.1,40.8,0.0
2013-09-17,10100.0,0.0,17.5,6480.0,0.6,43.6,0.0
2013-09-18,10400.0,0.0,16.5,6200.0,0.0,45.7,0.0
2013-09-19,9630.0,0.0,17.2,5530.0,0.0,45.8,0.0
2013-09-20,9220.0,0.0,17.3,5410.0,2.4,42.1,0.1
2013-09-21,9170.0,7.2,15.7,5510.0,11.4,41.4,8.2
2013-09-22,9610.0,6.1,14.3,5820.0,7.7,52.8,6.9
2013-09-23,9910.0,1.9,14.0,5890.0,4.3,216.0,3.2
2013-09-24,10600.0,7.4,13.5,6210.0,14.8,314.0,8.3
2013-09-25,12000.0,3.3,11.1,6820.0,6.5,610.0,4.3
2013-09-26,13300.0,0.8,12.0,7580.0,1.4,339.0,0.4
2013-09-27,12500.0,6.1,11.4,7420.0,1.3,227.0,4.8
2013-09-28,14600.0,24.0,13.7,7940.0,18.0,1310.0,19.2
2013-09-29,21600.0,42.8,12.6,10100.0,46.4,3440.0,44.8
2013-09-30,34600.0,19.0,12.6,16800.0,25.5,4040.0,20.1
2013-10-01,39700.0,3.8,11.4,20600.0,7.3,2710.0,3.4
2013-10-02,32900.0,4.8,9.1,16200.0,2.7,1720.0,3.3
2013-10-03,28200.0,1.2,8.9,15100.0,2.7,1110.0,1.6
2013-10-04,25000.0,0.0,9.8,13800.0,0.0,770.0,0.0
2013-10-05,23300.0,0.0,12.1,12800.0,0.0,579.0,0.0
2013-10-06,21700.0,0.0,13.6,12100.0,0.0,458.0,0.0
2013-10-07,20700.0,3.8,13.6,11600.0,2.0,429.0,3.4
2013-10-08,19200.0,4.6,10.5,10800.0,3.9,680.0,5.4
2013-10-09,18600.0,0.3,8.1,9970.0,1.0,904.0,0.5
2013-10-10,18000.0,0.0,10.2,9570.0,0.0,628.0,0.0
2013-10-11,17300.0,0.1,11.2,9390.0,0.0,488.0,0.1
2013-10-12,16500.0,0.0,10.4,9040.0,1.0,405.0,0.0
2013-10-13,16100.0,0.0,9.3,8850.0,0.0,348.0,0.0
2013-10-14,16000.0,0.0,10.3,8710.0,0.0,305.0,0.0
2013-10-15,16000.0,0.0,10.8,8640.0,0.0,270.0,0.0
2013-10-16,15800.0,0.0,11.2,8500.0,0.0,244.0,0.0
2013-10-17,15400.0,0.0,11.5,8470.0,0.0,222.0,0.0
2013-10-18,15200.0,0.0,11.6,8540.0,0.0,203.0,0.0
2013-10-19,15100.0,0.0,12.9,8580.0,0.0,188.0,0.0
2013-10-20,15100.0,0.0,11.9,8610.0,0.0,175.0,0.0
2013-10-21,15100.0,0.0,12.9,8620.0,0.0,164.0,0.0
2013-10-22,15000.0,0.0,13.5,8590.0,0.0,153.0,0.0
2013-10-23,15000.0,0.0,12.9,8470.0,0.0,145.0,0.0
2013-10-24,14700.0,0.0,13.2,8360.0,0.0,138.0,0.0
2013-10-25,14700.0,0.0,12.5,8400.0,0.0,131.0,0.0
2013-10-26,15500.0,0.0,10.6,8430.0,0.0,125.0,0.0
2013-10-27,14800.0,2.7,8.7,7780.0,2.9,133.0,3.7
2013-10-28,14800.0,0.0,9.1,7700.0,0.3,133.0,0.0
2013-10-29,15500.0,0.0,7.2,7680.0,0.0,119.0,0.0
2013-10-30,15800.0,0.0,6.5,7540.0,0.0,113.0,0.0
2013-10-31,14800.0,0.0,11.1,7390.0,0.2,110.0,0.3
2013-11-01,15200.0,0.3,10.2,7340.0,0.0,111.0,0.0
2013-11-02,15800.0,8.3,11.1,7420.0,9.9,251.0,8.1
2013-11-03,16700.0,0.8,7.9,7710.0,6.3,452.0,2.0
2013-11-04,17500.0,5.8,7.6,8310.0,3.0,457.0,4.2
2013-11-05,18400.0,6.0,9.6,8680.0,8.4,759.0,7.9
2013-11-06,21300.0,2.0,11.9,9840.0,1.3,1060.0,1.5
2013-11-07,23000.0,14.6,11.9,10700.0,11.2,1220.0,13.5
2013-11-08,25200.0,1.6,9.7,12600.0,2.3,1220.0,1.4
2013-11-09,28100.0,0.0,7.3,15500.0,0.0,873.0,0.0
2013-11-10,28600.0,0.0,8.9,16800.0,0.0,646.0,0.0
2013-11-11,28000.0,0.0,9.4,16200.0,0.0,509.0,0.0
2013-11-12,26700.0,3.8,9.9,15100.0,3.8,438.0,3.5
2013-11-13,25700.0,0.0,10.7,14000.0,0.0,379.0,0.0
2013-11-14,23600.0,0.4,8.0,12100.0,0.1,338.0,0.2
2013-11-15,21300.0,0.3,6.2,10300.0,0.7,323.0,0.4
2013-11-16,20700.0,6.4,8.1,10000.0,7.8,850.0,7.1
2013-11-17,23400.0,1.0,8.5,12200.0,0.3,827.0,1.8
2013-11-18,25400.0,2.3,11.2,13300.0,1.4,819.0,1.8
2013-11-19,27000.0,23.4,9.9,13200.0,26.9,2490.0,27.8
2013-11-20,33900.0,0.0,4.8,18000.0,1.0,1850.0,0.0
2013-11-21,36600.0,0.0,2.9,22300.0,0.0,1010.0,0.0
2013-11-22,30600.0,0.0,1.5,19900.0,0.0,718.0,0.0
2013-11-23,26300.0,0.0,1.8,17100.0,0.0,575.0,0.0
2013-11-24,21700.0,0.0,3.6,14500.0,0.0,481.0,0.0
2013-11-25,19700.0,0.0,2.7,13400.0,0.0,411.0,0.0
2013-11-26,18100.0,0.0,3.1,12100.0,0.0,361.0,0.0
2013-11-27,16900.0,0.0,3.8,11000.0,0.0,325.0,0.0
2013-11-28,15900.0,0.0,3.7,10300.0,0.0,294.0,0.0
2013-11-29,15100.0,0.0,2.0,9630.0,0.0,268.0,0.0
2013-11-30,14200.0,0.0,3.7,9050.0,0.1,248.0,0.3
2013-12-01,13700.0,4.6,10.0,8730.0,4.4,1220.0,5.0
2013-12-02,21300.0,17.7,8.5,9690.0,18.2,6450.0,17.2
2013-12-03,33500.0,0.0,3.1,16500.0,0.1,2020.0,0.0
2013-12-04,31500.0,0.0,-0.6,16100.0,0.0,1150.0,0.0
2013-12-05,27600.0,0.0,-2.8,14300.0,0.0,836.0,0.0
2013-12-06,25600.0,2.3,-2.2,13400.0,5.3,672.0,3.5
2013-12-07,23800.0,0.0,-3.1,12800.0,0.0,554.0,0.0
2013-12-08,22500.0,0.0,-5.5,12000.0,0.0,472.0,0.0
2013-12-09,20900.0,0.0,-3.7,11200.0,0.0,418.0,0.0
2013-12-10,19900.0,0.0,0.0,10600.0,0.0,380.0,0.0
2013-12-11,18000.0,0.0,-0.4,9560.0,0.0,345.0,0.0
2013-12-12,16300.0,0.9,0.1,8770.0,0.2,325.0,0.4
2013-12-13,15900.0,3.3,4.3,8360.0,2.4,349.0,3.0
2013-12-14,16100.0,0.0,2.7,8540.0,0.0,326.0,0.0
2013-12-15,15700.0,0.0,3.0,8370.0,0.0,307.0,0.0
2013-12-16,15300.0,0.0,4.0,8250.0,0.0,295.0,0.0
2013-12-17,15100.0,0.0,4.1,8110.0,0.0,282.0,0.0
2013-12-18,14700.0,0.0,3.4,7850.0,0.0,268.0,0.0
2013-12-19,14400.0,1.8,0.1,7660.0,1.4,255.0,1.5
2013-12-20,14000.0,1.6,1.0,7440.0,0.2,258.0,0.8
2013-12-21,13900.0,1.5,7.1,7200.0,3.9,653.0,3.9
2013-12-22,15400.0,1.8,7.2,8020.0,0.3,802.0,1.4
2013-12-23,16200.0,1.6,8.0,8350.0,2.4,768.0,2.3
2013-12-24,16800.0,0.5,4.4,8560.0,0.6,884.0,0.9
2013-12-25,16700.0,0.0,2.4,8630.0,0.0,707.0,0.0
2013-12-26,15600.0,0.0,3.5,8360.0,0.0,581.0,0.0
2013-12-27,14800.0,0.0,2.8,8080.0,0.0,494.0,0.0
2013-12-28,14000.0,0.0,3.8,7840.0,0.0,428.0,0.0
2013-12-29,13300.0,0.0,2.5,7580.0,0.0,379.0,0.0
2013-12-30,12700.0,0.0,3.3,7360.0,0.0,345.0,0.0
2013-12-31,12300.0,0.0,3.6,7120.0,0.0,316.0,0.2
2014-01-01,11900.0,0.0,4.4,6920.0,0.0,291.0,0.0
2014-01-02,11800.0,0.0,4.3,6900.0,0.0,270.0,0.0
2014-01-03,11600.0,1.5,5.8,6770.0,0.7,287.0,1.9
2014-01-04,11600.0,0.0,1.2,6690.0,0.0,257.0,0.0
2014-01-05,11300.0,0.0,1.3,6490.0,0.0,239.0,0.0
2014-01-06,10900.0,0.0,2.0,6220.0,0.0,226.0,0.0
2014-01-07,10700.0,3.7,4.5,6230.0,3.4,223.0,3.3
2014-01-08,11000.0,6.7,7.9,6390.0,4.2,323.0,7.0
2014-01-09,13200.0,7.8,6.6,7470.0,11.0,1090.0,8.3
2014-01-10,18000.0,1.1,8.7,9900.0,1.9,1660.0,1.3
2014-01-11,20700.0,14.2,10.1,11900.0,20.3,1710.0,14.1
2014-01-12,28600.0,11.0,7.1,16100.0,15.8,2570.0,10.4
2014-01-13,35900.0,0.0,9.1,19700.0,0.2,2910.0,0.0
2014-01-14,35600.0,0.0,6.1,19600.0,0.0,1680.0,0.0
2014-01-15,29400.0,0.0,5.8,15900.0,0.0,1130.0,0.0
2014-01-16,24500.0,0.0,4.2,13300.0,0.0,900.0,0.0
2014-01-17,21800.0,0.0,3.4,12000.0,0.0,770.0,0.0
2014-01-18,19500.0,0.0,3.5,11100.0,0.0,681.0,0.0
2014-01-19,17700.0,0.0,3.2,10400.0,0.0,593.0,0.0
2014-01-20,16400.0,0.0,3.2,9800.0,0.0,516.0,0.0
2014-01-21,15500.0,0.0,3.4,9380.0,0.0,456.0,0.0
2014-01-22,14700.0,0.0,3.1,9050.0,0.0,407.0,0.0
2014-01-23,14100.0,0.0,4.4,8800.0,0.0,368.0,0.0
2014-01-24,13700.0,0.0,4.6,8690.0,0.0,334.0,0.0
2014-01-25,13600.0,0.0,5.0,8630.0,0.0,306.0,0.0
2014-01-26,13100.0,0.0,4.5,8280.0,0.0,284.0,0.0
2014-01-27,12700.0,0.0,2.8,8120.0,0.0,266.0,0.0
2014-01-28,12500.0,4.9,3.8,7940.0,7.4,262.0,6.9
2014-01-29,13500.0,14.3,8.8,8500.0,18.1,1790.0,13.8
2014-01-30,21000.0,0.5,6.5,13400.0,0.3,1530.0,0.4
2014-01-31,23600.0,0.7,4.9,14700.0,1.4,981.0,1.1
2014-02-01,23200.0,0.0,4.9,13700.0,0.5,777.0,0.0
2014-02-02,21600.0,0.0,3.7,12600.0,0.0,659.0,0.0
2014-02-03,20200.0,0.8,2.5,11800.0,1.3,579.0,0.4
2014-02-04,19400.0,1.3,0.3,11300.0,1.5,507.0,1.5
2014-02-05,18700.0,0.0,-0.1,10800.0,0.2,442.0,0.0
2014-02-06,18000.0,6.3,-2.2,10200.0,5.8,399.0,6.0
2014-02-07,17700.0,10.9,-3.8,9860.0,15.6,388.0,12.3
2014-02-08,17900.0,17.8,0.1,11100.0,23.0,391.0,19.0
2014-02-09,25200.0,6.0,2.9,19400.0,6.3,982.0,3.8
2014-02-10,37900.0,1.4,2.0,25700.0,1.1,1200.0,1.3
2014-02-11,46400.0,5.6,6.2,29300.0,6.2,3310.0,6.4
2014-02-12,67600.0,12.0,9.4,37600.0,28.3,9100.0,15.4
2014-02-13,87700.0,0.7,9.7,47800.0,4.5,5720.0,1.1
2014-02-14,96600.0,22.0,9.8,54600.0,36.8,5790.0,25.3
2014-02-15,103000.0,14.3,7.8,57200.0,19.7,4240.0,14.2
2014-02-16,106000.0,9.5,6.8,64400.0,13.5,3530.0,10.9
2014-02-17,107000.0,16.4,8.9,66700.0,18.6,2540.0,15.3
2014-02-18,105000.0,18.9,8.3,64400.0,16.7,3200.0,19.4
2014-02-19,105000.0,6.2,5.3,61300.0,10.5,3070.0,7.2
2014-02-20,106000.0,10.6,6.5,63400.0,10.6,2290.0,11.5
2014-02-21,105000.0,0.2,7.0,64000.0,0.6,1960.0,0.3
2014-02-22,101000.0,0.0,4.3,59300.0,0.0,1480.0,0.0
2014-02-23,90600.0,0.0,5.7,53100.0,0.0,1140.0,0.0
2014-02-24,80900.0,5.2,8.8,47500.0,1.3,1120.0,3.2
2014-02-25,72800.0,0.2,8.8,42900.0,0.1,1350.0,0.0
2014-02-26,64300.0,0.0,7.1,36100.0,0.0,1140.0,0.0
2014-02-27,57100.0,5.2,7.4,31400.0,4.6,1000.0,5.1
2014-02-28,52500.0,0.0,9.2,28700.0,1.1,950.0,0.0
2014-03-01,49100.0,4.5,8.3,26400.0,7.6,931.0,6.8
2014-03-02,47200.0,12.1,9.1,25700.0,9.4,1830.0,14.6
2014-03-03,53500.0,9.9,11.0,29300.0,12.7,3270.0,7.1
2014-03-04,61700.0,0.0,11.1,33300.0,1.0,2610.0,0.3
2014-03-05,63100.0,19.8,12.0,35200.0,17.7,3020.0,19.2
2014-03-06,77600.0,21.3,10.9,41200.0,30.1,3570.0,21.1
2014-03-07,83500.0,0.5,10.6,46800.0,1.6,3040.0,0.5
2014-03-08,82500.0,0.8,9.2,47900.0,0.8,2020.0,0.5
2014-03-09,82800.0,19.4,12.1,45200.0,21.4,5480.0,20.3
2014-03-10,89100.0,4.1,9.7,47900.0,9.0,4030.0,7.2
2014-03-11,91700.0,0.0,6.9,54200.0,0.4,2620.0,0.0
2014-03-12,90600.0,0.0,8.0,54100.0,0.0,1680.0,0.0
2014-03-13,80900.0,0.0,9.7,44500.0,0.0,1200.0,0.0
2014-03-14,69100.0,5.4,10.8,37800.0,5.1,1100.0,5.0
2014-03-15,62800.0,0.0,9.8,33900.0,0.0,1060.0,0.0
2014-03-16,57300.0,0.0,12.1,30200.0,0.0,871.0,0.0
2014-03-17,53500.0,14.2,7.1,27500.0,12.1,1000.0,14.3
2014-03-18,49600.0,0.0,6.9,25000.0,0.0,870.0,0.0
2014-03-19,43000.0,0.2,7.2,21500.0,0.0,789.0,0.1
2014-03-20,34700.0,2.0,5.7,18200.0,0.1,714.0,1.8
2014-03-21,26000.0,0.0,5.7,14500.0,0.0,628.0,0.0
2014-03-22,22200.0,0.0,6.2,12600.0,0.0,555.0,0.0
2014-03-23,20200.0,0.0,7.7,11500.0,0.0,494.0,0.0
2014-03-24,19000.0,0.0,10.1,10900.0,0.0,445.0,0.0
2014-03-25,18200.0,8.3,11.0,10500.0,17.2,425.0,8.1
2014-03-26,18400.0,4.4,8.6,10700.0,14.9,492.0,5.3
2014-03-27,21100.0,9.5,8.4,12900.0,21.7,916.0,9.9
2014-03-28,29500.0,25.2,9.2,18400.0,29.8,2770.0,26.2
2014-03-29,50500.0,10.8,9.2,29300.0,16.1,3470.0,11.0
2014-03-30,63000.0,3.2,7.8,38700.0,11.8,2430.0,4.8
2014-03-31,56800.0,1.6,7.0,33500.0,2.6,1690.0,0.8
2014-04-01,48200.0,10.4,7.9,29800.0,5.7,1260.0,9.7
2014-04-02,43800.0,0.5,8.1,28000.0,0.0,1020.0,0.0
2014-04-03,39200.0,0.6,8.9,25300.0,0.4,856.0,0.3
2014-04-04,35500.0,8.7,8.8,22500.0,9.0,920.0,8.8
2014-04-05,33400.0,6.6,9.6,20400.0,9.1,1090.0,6.8
2014-04-06,33800.0,5.6,11.3,19800.0,5.0,2280.0,5.0
2014-04-07,35900.0,0.0,12.6,19600.0,0.0,1750.0,0.0
2014-04-08,32900.0,0.0,13.5,18000.0,0.0,1250.0,0.0
2014-04-09,30500.0,2.1,12.4,16900.0,0.1,1010.0,1.5
2014-04-10,28300.0,0.0,10.0,15800.0,0.0,834.0,0.0
2014-04-11,26200.0,0.0,10.8,14800.0,0.0,682.0,0.0
2014-04-12,24500.0,0.0,11.1,13600.0,0.0,586.0,0.0
2014-04-13,22700.0,0.0,11.5,12500.0,0.0,512.0,0.0
2014-04-14,21500.0,0.0,12.6,12000.0,0.0,454.0,0.0
2014-04-15,20400.0,0.0,10.2,11600.0,0.0,411.0,0.0
2014-04-16,19200.0,0.0,10.7,11200.0,0.0,380.0,0.0
2014-04-17,18600.0,11.4,11.1,11100.0,7.2,385.0,9.2
2014-04-18,18400.0,1.4,8.7,11300.0,1.6,493.0,1.5
2014-04-19,17900.0,3.9,9.1,11200.0,4.0,425.0,3.8
2014-04-20,17300.0,0.0,10.7,10800.0,0.0,414.0,0.0
2014-04-21,16800.0,0.1,11.9,10500.0,0.7,377.0,0.5
2014-04-22,16600.0,10.6,9.3,10300.0,15.3,426.0,12.2
2014-04-23,17300.0,21.3,8.4,10800.0,16.5,809.0,16.8
2014-04-24,24200.0,23.2,10.9,12800.0,27.6,3880.0,24.9
2014-04-25,36400.0,1.5,8.8,18700.0,7.1,2260.0,2.9
2014-04-26,36000.0,1.9,7.6,20000.0,2.1,1340.0,1.5
2014-04-27,33300.0,10.8,8.4,18500.0,19.8,1240.0,12.6
2014-04-28,33000.0,1.9,8.7,18300.0,3.2,1240.0,2.2
2014-04-29,31500.0,0.0,13.2,17500.0,0.0,1000.0,0.0
2014-04-30,28600.0,0.0,16.8,15700.0,0.0,887.0,0.0
2014-05-01,26300.0,0.0,18.6,14400.0,0.0,808.0,0.0
2014-05-02,24500.0,0.0,17.0,13500.0,0.0,708.0,0.0
2014-05-03,23000.0,0.1,13.3,12100.0,1.1,622.0,0.1
2014-05-04,21800.0,21.2,11.7,11000.0,16.6,893.0,16.8
2014-05-05,22700.0,6.0,10.7,11300.0,11.8,1610.0,5.3
2014-05-06,23300.0,0.4,11.1,11800.0,1.7,1100.0,0.0
2014-05-07,22200.0,0.0,10.4,11100.0,0.0,839.0,0.0
2014-05-08,20800.0,8.6,11.3,10400.0,7.3,749.0,7.9
2014-05-09,22400.0,12.1,10.4,10800.0,22.8,2170.0,14.6
2014-05-10,35000.0,5.4,9.4,16900.0,12.0,2580.0,5.8
2014-05-11,45300.0,0.0,11.1,23300.0,0.0,1750.0,0.2
2014-05-12,44100.0,0.0,13.6,23600.0,0.0,1180.0,0.0
2014-05-13,37300.0,0.0,16.0,21300.0,0.0,897.0,0.0
2014-05-14,31000.0,0.0,19.2,18200.0,0.0,729.0,0.0
2014-05-15,26900.0,0.0,20.1,16000.0,0.0,624.0,0.0
2014-05-16,24300.0,0.0,16.0,14700.0,0.0,543.0,0.0
2014-05-17,21800.0,0.0,14.4,13000.0,0.1,473.0,0.0
2014-05-18,19900.0,8.6,13.4,12000.0,13.8,508.0,7.3
2014-05-19,20400.0,6.4,13.0,12500.0,7.5,661.0,5.6
2014-05-20,21500.0,0.0,14.4,12700.0,0.3,571.0,0.0
2014-05-21,20100.0,0.0,14.6,12300.0,0.0,480.0,0.0
2014-05-22,19300.0,0.0,16.9,11600.0,0.0,422.0,0.0
2014-05-23,18100.0,1.2,17.9,10800.0,1.5,384.0,1.4
2014-05-24,17300.0,0.0,15.5,10400.0,0.0,355.0,0.0
2014-05-25,16900.0,0.0,15.3,10200.0,0.0,323.0,0.0
2014-05-26,16500.0,2.3,15.1,9940.0,0.2,301.0,1.9
2014-05-27,16100.0,0.0,13.1,9710.0,0.0,281.0,0.0
2014-05-28,15800.0,1.5,12.6,9370.0,5.8,290.0,2.3
2014-05-29,15100.0,1.8,12.8,8710.0,0.8,293.0,3.2
2014-05-30,14000.0,0.0,14.8,8020.0,0.0,265.0,0.0
2014-05-31,12900.0,0.0,16.2,7660.0,0.0,245.0,0.0
2014-06-01,12400.0,0.0,15.2,7540.0,0.0,231.0,0.0
2014-06-02,12100.0,0.0,16.7,7310.0,0.0,218.0,0.0
2014-06-03,11900.0,0.0,15.4,7200.0,0.0,206.0,0.0
2014-06-04,12200.0,0.0,14.9,7690.0,0.0,196.0,0.0
2014-06-05,12600.0,0.0,16.1,7850.0,0.0,185.0,0.0
2014-06-06,12500.0,0.0,16.6,7930.0,0.0,176.0,0.0
2014-06-07,12800.0,0.0,17.7,8770.0,0.0,167.0,0.0
2014-06-08,13300.0,0.0,18.3,9090.0,0.0,160.0,0.0
2014-06-09,13300.0,0.0,18.6,9060.0,0.0,153.0,0.0
2014-06-10,13200.0,0.0,16.3,9010.0,0.0,147.0,0.0
2014-06-11,13100.0,0.0,17.5,8950.0,0.0,141.0,0.0
2014-06-12,13000.0,0.0,16.4,8860.0,1.2,138.0,0.0
2014-06-13,13000.0,9.1,14.0,8880.0,6.0,214.0,8.1
2014-06-14,13400.0,0.1,13.6,9000.0,0.0,242.0,0.1
2014-06-15,13000.0,0.1,13.9,8040.0,0.1,203.0,0.0
2014-06-16,12100.0,1.8,12.1,7500.0,2.8,229.0,2.5
2014-06-17,12000.0,0.3,12.2,7320.0,0.3,421.0,0.1
2014-06-18,12000.0,0.0,14.5,7200.0,0.0,368.0,0.0
2014-06-19,11700.0,0.0,17.0,7000.0,0.0,307.0,0.0
2014-06-20,11300.0,1.8,16.7,6870.0,0.6,269.0,2.3
2014-06-21,11000.0,0.0,15.8,6790.0,0.0,243.0,0.0
2014-06-22,10800.0,0.0,17.9,6970.0,0.0,215.0,0.0
2014-06-23,11000.0,0.0,20.0,7150.0,0.0,194.0,0.0
2014-06-24,11000.0,0.0,18.2,7400.0,0.4,180.0,0.1
2014-06-25,11000.0,0.0,19.5,7490.0,0.7,173.0,0.2
2014-06-26,11600.0,6.6,16.5,8380.0,12.1,205.0,8.7
2014-06-27,12300.0,12.2,16.4,8280.0,10.2,423.0,12.6
2014-06-28,12600.0,0.4,16.8,7680.0,0.3,676.0,0.1
2014-06-29,12300.0,0.0,16.4,7270.0,0.0,559.0,0.0
2014-06-30,11600.0,0.0,18.5,7000.0,0.0,413.0,0.0
2014-07-01,11000.0,0.0,23.1,6910.0,0.0,325.0,0.0
2014-07-02,10700.0,0.0,22.3,6650.0,0.0,274.0,0.0
2014-07-03,9870.0,0.0,18.8,6090.0,0.0,241.0,0.0
2014-07-04,9300.0,0.0,19.1,5660.0,0.0,216.0,0.0
2014-07-05,8880.0,0.0,20.7,5500.0,0.0,194.0,0.0
2014-07-06,8640.0,0.0,22.6,5430.0,0.0,175.0,0.0
2014-07-07,8530.0,0.0,24.1,5360.0,0.0,161.0,0.0
2014-07-08,8330.0,0.0,24.6,5240.0,0.0,150.0,0.0
2014-07-09,8490.0,0.0,23.1,5190.0,0.0,140.0,0.0
2014-07-10,8530.0,0.0,21.3,5130.0,0.0,131.0,0.0
2014-07-11,8340.0,0.0,23.5,5080.0,0.0,122.0,0.0
2014-07-12,7970.0,0.0,24.4,5020.0,0.0,117.0,0.0
2014-07-13,7950.0,0.1,24.3,5070.0,0.0,112.0,0.0
2014-07-14,8020.0,0.0,22.0,5080.0,0.0,114.0,0.0
2014-07-15,7990.0,0.0,24.5,5040.0,0.0,105.0,0.0
2014-07-16,7850.0,0.0,25.6,4970.0,0.0,97.6,0.0
2014-07-17,7700.0,0.0,22.5,4910.0,0.0,92.7,0.0
2014-07-18,7580.0,0.0,20.2,4840.0,0.0,88.8,0.0
2014-07-19,7410.0,0.0,22.7,4790.0,0.0,86.2,0.0
2014-07-20,7370.0,0.2,21.6,4820.0,0.0,82.9,0.1
2014-07-21,7350.0,0.0,19.3,4790.0,0.0,83.2,0.0
2014-07-22,7320.0,2.6,20.6,4800.0,2.6,84.1,1.5
2014-07-23,7510.0,9.3,18.0,5010.0,5.6,90.5,8.1
2014-07-24,7820.0,2.2,16.4,5180.0,2.5,105.0,1.4
2014-07-25,7960.0,0.0,18.0,5190.0,0.0,89.4,0.0
2014-07-26,7730.0,0.0,20.1,5030.0,0.0,79.7,0.0
2014-07-27,7550.0,0.0,22.1,4930.0,0.0,74.4,0.0
2014-07-28,7450.0,0.0,24.2,4880.0,0.0,72.2,0.0
2014-07-29,7260.0,0.0,24.7,4800.0,0.0,69.3,0.0
2014-07-30,7220.0,0.0,23.8,4950.0,0.0,65.1,0.0
2014-07-31,7330.0,0.0,24.9,5050.0,0.0,62.6,0.0
2014-08-01,7440.0,0.0,25.7,5300.0,0.0,62.0,0.0
2014-08-02,7810.0,0.0,25.2,5590.0,0.0,59.7,0.0
2014-08-03,7820.0,0.0,24.2,5590.0,0.0,57.7,0.0
2014-08-04,7860.0,0.0,26.1,5610.0,0.0,55.8,0.0
2014-08-05,7780.0,0.0,23.1,5660.0,0.0,54.7,0.0
2014-08-06,7870.0,0.0,21.9,5750.0,0.0,53.1,0.0
2014-08-07,7900.0,0.0,21.5,5720.0,0.0,51.9,0.0
2014-08-08,7830.0,0.0,20.4,5660.0,0.0,50.1,0.0
2014-08-09,7810.0,0.0,21.0,5650.0,0.0,48.4,0.0
2014-08-10,7810.0,0.0,24.4,5640.0,0.0,47.5,0.0
2014-08-11,7850.0,0.0,29.2,5650.0,0.0,46.4,0.0
2014-08-12,7800.0,1.4,24.9,5650.0,3.0,46.0,2.4
2014-08-13,7840.0,0.0,20.3,5710.0,0.0,46.3,0.0
2014-08-14,7980.0,0.0,20.6,5730.0,3.6,46.2,0.3
2014-08-15,8000.0,0.0,21.1,5770.0,0.0,46.1,0.0
2014-08-16,8060.0,0.0,22.1,5770.0,0.0,44.6,0.0
2014-08-17,8060.0,0.0,24.3,5760.0,0.0,43.0,0.0
2014-08-18,7960.0,0.0,24.1,5680.0,0.0,40.8,0.0
2014-08-19,7870.0,0.0,24.5,5660.0,0.0,39.6,0.0
2014-08-20,7820.0,0.0,20.3,5630.0,0.0,38.8,0.0
2014-08-21,7760.0,0.0,18.9,5530.0,0.0,38.7,0.0
2014-08-22,7740.0,0.1,20.6,5530.0,0.8,37.9,0.0
2014-08-23,7750.0,0.0,21.5,5480.0,0.0,37.3,0.0
2014-08-24,7690.0,0.0,22.4,5450.0,0.0,36.7,0.0
2014-08-25,7730.0,0.0,22.5,5460.0,0.0,35.7,0.0
2014-08-26,7710.0,0.0,25.1,5470.0,0.0,35.0,0.0
2014-08-27,7660.0,0.0,24.7,5450.0,0.0,34.2,0.0
2014-08-28,7640.0,0.0,23.1,5450.0,0.0,33.6,0.0
2014-08-29,7830.0,0.0,21.3,5440.0,0.0,33.2,0.0
2014-08-30,7650.0,1.1,19.3,5450.0,1.6,37.7,0.8
2014-08-31,7740.0,0.0,17.8,5520.0,0.0,47.5,0.0
2014-09-01,7860.0,0.0,19.2,5570.0,0.0,42.9,0.0
2014-09-02,8010.0,0.0,20.3,5520.0,0.0,37.5,0.0
2014-09-03,8150.0,0.0,17.6,5440.0,0.0,35.7,0.0
2014-09-04,8230.0,0.0,19.3,5380.0,0.0,34.7,0.0
2014-09-05,8160.0,0.0,23.3,5340.0,0.0,32.8,0.0
2014-09-06,8120.0,0.0,24.5,5330.0,0.0,30.9,0.0
2014-09-07,8290.0,0.0,22.4,5600.0,0.0,30.1,0.0
2014-09-08,8480.0,0.0,20.6,5710.0,0.0,30.3,0.0
2014-09-09,8500.0,0.0,19.1,5650.0,0.0,29.9,0.0
2014-09-10,8210.0,0.0,18.5,5190.0,0.0,30.0,0.0
2014-09-11,8290.0,0.0,21.1,5650.0,0.0,29.5,0.0
2014-09-12,8200.0,0.0,20.5,5380.0,0.0,27.9,0.0
2014-09-13,8130.0,0.0,21.8,5530.0,0.0,27.8,0.0
2014-09-14,8370.0,0.0,22.3,5640.0,0.0,28.2,0.0
2014-09-15,8350.0,0.0,23.2,5590.0,0.0,26.9,0.0
2014-09-16,8290.0,0.0,20.5,5590.0,0.0,26.7,0.0
2014-09-17,8310.0,0.0,20.5,5600.0,0.6,26.8,0.0
2014-09-18,8340.0,1.7,18.4,5610.0,0.7,27.7,1.9
2014-09-19,8380.0,0.0,19.9,5610.0,0.0,28.3,0.0
2014-09-20,8400.0,0.0,22.3,5420.0,0.0,28.3,0.0
2014-09-21,8410.0,0.0,23.3,5380.0,0.0,27.3,0.0
2014-09-22,8440.0,0.0,19.1,5350.0,0.0,26.4,0.0
2014-09-23,8530.0,0.4,19.2,5370.0,0.7,26.9,0.0
2014-09-24,9010.0,26.5,17.6,5750.0,35.4,51.5,27.4
2014-09-25,9420.0,1.0,16.7,6140.0,1.9,61.0,1.1
2014-09-26,9450.0,0.5,16.8,5980.0,3.9,47.2,1.0
2014-09-27,9170.0,0.0,16.1,5810.0,0.0,39.9,0.0
2014-09-28,9010.0,0.0,16.6,5660.0,0.0,35.6,0.0
2014-09-29,9000.0,0.1,16.2,5600.0,0.6,34.0,0.2
2014-09-30,9260.0,1.4,14.1,5810.0,1.0,38.9,0.8
2014-10-01,9600.0,0.0,14.2,6100.0,0.1,39.6,0.0
2014-10-02,9890.0,0.0,14.0,6240.0,0.0,37.7,0.0
2014-10-03,10300.0,0.0,16.3,6460.0,0.0,34.1,0.0
2014-10-04,10700.0,0.0,19.6,6590.0,0.0,32.3,0.0
2014-10-05,11000.0,0.0,19.4,6640.0,0.0,31.0,0.0
2014-10-06,11300.0,0.0,20.8,6830.0,0.0,30.2,0.0
2014-10-07,11500.0,0.0,21.0,7010.0,0.0,29.7,0.0
2014-10-08,11500.0,0.0,19.5,6970.0,0.0,29.3,0.0
2014-10-09,11400.0,0.0,18.0,6770.0,0.0,28.6,0.0
2014-10-10,11300.0,0.0,16.6,6720.0,0.0,28.3,0.0
2014-10-11,11400.0,1.3,17.7,6650.0,1.9,30.5,2.0
2014-10-12,11400.0,0.0,14.4,6690.0,0.0,34.9,0.0
2014-10-13,11400.0,0.0,15.3,6640.0,0.0,32.9,0.0
2014-10-14,11600.0,15.1,15.6,6830.0,19.1,44.7,18.0
2014-10-15,12200.0,5.5,13.0,7240.0,13.0,96.2,8.5
2014-10-16,12300.0,0.8,14.0,7280.0,0.4,114.0,0.2
2014-10-17,12200.0,2.5,14.6,7340.0,3.7,73.7,2.9
2014-10-18,12200.0,7.9,16.0,7330.0,7.9,102.0,8.8
2014-10-19,12100.0,0.0,16.5,7270.0,0.0,108.0,0.0
2014-10-20,12100.0,11.1,16.1,7280.0,16.4,90.6,11.2
2014-10-21,12200.0,3.9,13.0,7590.0,8.9,168.0,4.4
2014-10-22,13300.0,30.0,13.8,8130.0,28.2,646.0,25.7
2014-10-23,16100.0,26.3,13.6,8650.0,26.8,1830.0,26.2
2014-10-24,18600.0,1.9,11.8,10000.0,3.8,800.0,2.1
2014-10-25,16200.0,2.7,11.5,9070.0,10.1,450.0,2.9
2014-10-26,15300.0,10.5,11.0,8720.0,19.5,960.0,11.1
2014-10-27,18000.0,2.1,10.4,10100.0,0.8,1280.0,1.8
2014-10-28,17700.0,6.7,12.7,10000.0,4.5,670.0,5.3
2014-10-29,18200.0,1.8,14.1,9920.0,1.8,860.0,1.4
2014-10-30,21400.0,3.5,13.8,11000.0,2.7,604.0,1.6
2014-10-31,23300.0,23.8,13.0,11300.0,26.1,1570.0,27.2
2014-11-01,26800.0,0.1,9.3,13400.0,1.0,1010.0,0.0
2014-11-02,24600.0,1.1,9.1,12400.0,1.8,656.0,0.8
2014-11-03,21300.0,10.2,11.1,11100.0,9.0,923.0,10.9
2014-11-04,20800.0,12.7,12.8,10500.0,11.7,1720.0,11.7
2014-11-05,22100.0,0.0,14.2,10200.0,0.0,1540.0,0.1
2014-11-06,20500.0,2.2,13.9,9970.0,3.7,913.0,2.8
2014-11-07,18600.0,0.2,10.8,9310.0,0.1,692.0,0.3
2014-11-08,17800.0,0.0,8.8,8900.0,0.0,541.0,0.0
2014-11-09,16900.0,1.4,9.5,8500.0,0.7,462.0,1.9
2014-11-10,16400.0,0.0,8.8,8220.0,0.0,413.0,0.0
2014-11-11,15800.0,0.0,7.9,7950.0,0.0,351.0,0.0
2014-11-12,15200.0,0.0,3.8,7610.0,0.0,306.0,0.0
2014-11-13,15400.0,18.2,2.8,8160.0,14.5,643.0,17.6
2014-11-14,22400.0,4.6,1.9,11500.0,42.5,1650.0,12.5
2014-11-15,36000.0,0.0,0.7,24200.0,0.0,908.0,0.0
2014-11-16,33400.0,0.0,0.2,20300.0,0.0,643.0,0.0
2014-11-17,26400.0,0.0,0.8,16200.0,0.0,512.0,0.0
2014-11-18,23700.0,0.0,1.3,15500.0,0.0,428.0,0.0
2014-11-19,25200.0,0.0,2.6,17800.0,0.2,370.0,0.0
2014-11-20,27100.0,5.6,8.3,19700.0,7.1,492.0,5.8
2014-11-21,28900.0,8.4,8.7,21000.0,8.2,986.0,8.3
2014-11-22,34500.0,17.7,9.8,22000.0,30.5,4290.0,25.0
2014-11-23,44900.0,0.9,8.3,29200.0,2.0,2270.0,1.4
2014-11-24,44500.0,3.4,10.0,28400.0,1.5,2010.0,2.3
2014-11-25,40800.0,1.1,13.0,25500.0,4.3,2250.0,1.4
2014-11-26,39700.0,0.0,12.3,21800.0,0.0,2230.0,0.0
2014-11-27,38300.0,4.0,12.7,20800.0,9.7,1470.0,6.0
2014-11-28,41400.0,9.7,11.8,21900.0,16.5,4290.0,12.1
2014-11-29,53900.0,10.2,6.6,28700.0,13.8,4320.0,10.4
2014-11-30,62500.0,0.0,1.7,38200.0,0.0,2070.0,0.0
2014-12-01,57900.0,0.8,2.1,34500.0,11.9,1340.0,1.5
2014-12-02,51200.0,0.0,4.5,32200.0,13.3,1080.0,0.0
2014-12-03,50900.0,0.0,4.6,33700.0,0.0,906.0,0.0
2014-12-04,49500.0,12.6,6.9,31800.0,13.0,1070.0,14.6
2014-12-05,52500.0,9.2,9.4,32900.0,7.6,1830.0,7.8
2014-12-06,53800.0,12.6,9.8,32600.0,12.3,1510.0,12.4
2014-12-07,52600.0,0.0,7.7,31600.0,0.0,1240.0,0.0
2014-12-08,46900.0,0.0,8.6,27700.0,0.4,947.0,0.1
2014-12-09,41300.0,6.4,13.3,24100.0,5.4,798.0,6.6
2014-12-10,37400.0,19.3,12.5,21300.0,14.8,814.0,16.9
2014-12-11,41200.0,13.0,10.1,23900.0,15.1,1130.0,14.0
2014-12-12,42900.0,1.1,9.6,24600.0,3.4,882.0,1.5
2014-12-13,37100.0,0.3,5.7,21200.0,0.6,728.0,0.2
2014-12-14,32300.0,0.0,5.0,18700.0,0.0,619.0,0.0
2014-12-15,29200.0,1.7,5.9,16900.0,4.8,540.0,1.5
2014-12-16,26700.0,1.0,7.0,15300.0,3.3,483.0,0.5
2014-12-17,23200.0,3.1,6.7,13300.0,2.4,437.0,3.3
2014-12-18,20700.0,0.8,8.6,12100.0,0.4,421.0,0.8
2014-12-19,20700.0,14.7,9.3,12400.0,19.2,536.0,15.4
2014-12-20,30200.0,37.1,9.2,16500.0,46.5,4080.0,39.2
2014-12-21,64200.0,14.9,12.3,31200.0,30.1,11200.0,17.0
2014-12-22,89600.0,4.8,10.9,49400.0,4.1,5460.0,5.2
2014-12-23,95900.0,0.0,9.7,58200.0,0.0,2540.0,0.1
2014-12-24,98500.0,24.6,8.3,59300.0,20.9,2430.0,23.0
2014-12-25,99900.0,0.4,5.2,61100.0,0.3,2080.0,0.4
2014-12-26,98200.0,0.3,5.6,62200.0,0.2,1500.0,0.1
2014-12-27,93200.0,3.7,6.8,58900.0,1.7,1210.0,2.6
2014-12-28,87800.0,5.0,6.2,54100.0,7.9,1450.0,6.3
2014-12-29,84700.0,1.6,4.0,51800.0,4.8,1330.0,1.8
2014-12-30,81600.0,0.0,-0.5,49800.0,0.0,1010.0,0.0
2014-12-31,76500.0,0.0,-2.1,46100.0,0.0,815.0,0.0
2015-01-01,67600.0,0.0,-1.0,42300.0,0.0,685.0,0.0
2015-01-02,61000.0,0.0,0.9,39400.0,0.0,591.0,0.0
2015-01-03,53200.0,0.0,2.8,36200.0,0.0,528.0,0.0
2015-01-04,44100.0,4.2,5.4,31000.0,3.1,531.0,3.5
2015-01-05,38000.0,3.4,10.0,26300.0,0.0,817.0,1.7
2015-01-06,33700.0,0.0,9.1,22200.0,0.0,872.0,0.0
2015-01-07,29700.0,0.0,8.1,19100.0,0.0,825.0,0.0
2015-01-08,26700.0,0.0,6.5,16500.0,0.0,757.0,0.0
2015-01-09,24300.0,0.0,5.4,15000.0,0.0,654.0,0.0
2015-01-10,23300.0,0.5,4.6,14300.0,0.0,554.0,0.2
2015-01-11,22200.0,1.4,6.9,13700.0,1.2,487.0,1.3
2015-01-12,21900.0,2.5,7.2,13800.0,4.6,437.0,2.5
2015-01-13,22200.0,0.0,7.1,14000.0,0.0,395.0,0.0
2015-01-14,21300.0,0.0,4.5,13300.0,0.0,358.0,0.0
2015-01-15,20300.0,0.2,3.6,12500.0,0.6,331.0,0.0
2015-01-16,21600.0,14.2,8.6,13300.0,18.1,734.0,14.5
2015-01-17,28200.0,23.3,7.9,17700.0,26.1,1940.0,22.3
2015-01-18,50200.0,15.9,11.7,28300.0,18.2,3480.0,15.5
2015-01-19,61200.0,2.7,7.7,34800.0,5.7,1910.0,2.1
2015-01-20,53700.0,0.0,5.6,29000.0,0.0,1250.0,0.0
2015-01-21,44700.0,0.0,4.5,25200.0,0.0,907.0,0.0
2015-01-22,40600.0,0.0,6.7,22700.0,0.0,716.0,0.0
2015-01-23,36400.0,1.9,7.8,20500.0,0.9,597.0,1.5
2015-01-24,34400.0,0.0,9.7,19300.0,0.0,518.0,0.0
2015-01-25,32600.0,0.0,10.6,18500.0,0.0,456.0,0.0
2015-01-26,31300.0,0.0,9.3,17900.0,0.0,404.0,0.0
2015-01-27,30100.0,0.0,8.8,16900.0,0.0,363.0,0.0
2015-01-28,27100.0,0.9,9.6,15300.0,0.0,332.0,0.7
2015-01-29,23200.0,0.0,8.7,13700.0,0.0,305.0,0.0
2015-01-30,21000.0,0.0,7.2,12600.0,0.0,283.0,0.0
2015-01-31,19000.0,0.0,6.9,11800.0,0.0,264.0,0.0
2015-02-01,17100.0,2.2,6.6,10400.0,3.6,257.0,1.7
2015-02-02,15900.0,6.6,10.2,9660.0,10.4,337.0,7.6
2015-02-03,16600.0,2.3,8.7,10400.0,12.3,403.0,5.3
2015-02-04,19100.0,4.8,9.2,13600.0,5.8,405.0,5.2
2015-02-05,21400.0,4.1,11.2,14400.0,4.0,385.0,2.6
2015-02-06,27800.0,30.7,12.3,17000.0,29.6,503.0,29.3
2015-02-07,45700.0,22.7,11.7,27300.0,25.1,1340.0,21.0
2015-02-08,59000.0,9.1,10.8,37600.0,10.0,1440.0,9.0
2015-02-09,62800.0,23.7,9.8,38200.0,25.7,1230.0,28.1
2015-02-10,64800.0,16.7,10.2,37900.0,13.0,3680.0,16.9
2015-02-11,64000.0,0.0,9.1,35600.0,0.0,1770.0,0.0
2015-02-12,52300.0,0.0,10.0,29200.0,0.0,1060.0,0.0
2015-02-13,42000.0,0.0,10.3,24300.0,0.0,781.0,0.0
2015-02-14,35300.0,0.0,9.3,21200.0,0.0,624.0,0.0
2015-02-15,30200.0,0.0,8.6,18500.0,0.0,524.0,0.0
2015-02-16,25400.0,0.0,9.5,15800.0,0.0,451.0,0.0
2015-02-17,21900.0,0.0,8.9,13500.0,0.0,395.0,0.0
2015-02-18,19300.0,0.0,9.0,11700.0,0.0,355.0,0.0
2015-02-19,17400.0,0.0,8.8,10500.0,0.0,323.0,0.0
2015-02-20,16200.0,0.0,9.4,9770.0,0.0,298.0,0.1
2015-02-21,15100.0,0.0,7.8,9180.0,0.0,276.0,0.0
2015-02-22,14300.0,0.0,7.8,8710.0,0.0,254.0,0.0
2015-02-23,13600.0,0.0,5.8,8360.0,0.0,237.0,0.0
2015-02-24,13100.0,0.0,7.1,8120.0,0.0,223.0,0.0
2015-02-25,12700.0,0.2,7.8,7840.0,0.0,211.0,0.2
2015-02-26,12300.0,2.0,8.9,7630.0,0.6,221.0,1.7
2015-02-27,12200.0,10.5,9.1,7650.0,14.6,291.0,12.2
2015-02-28,13000.0,1.0,7.5,8370.0,2.9,301.0,0.3
2015-03-01,13100.0,0.0,5.6,8210.0,0.0,258.0,0.0
2015-03-02,12300.0,0.4,7.6,7720.0,0.5,237.0,0.5
2015-03-03,11900.0,0.0,5.9,7490.0,0.0,220.0,0.0
2015-03-04,11500.0,0.0,5.2,7270.0,0.0,207.0,0.0
2015-03-05,11200.0,0.0,7.5,7080.0,0.0,196.0,0.0
2015-03-06,10900.0,0.0,9.2,6910.0,0.0,186.0,0.0
2015-03-07,10600.0,0.0,10.6,6730.0,0.0,177.0,0.0
2015-03-08,10400.0,0.0,10.7,6640.0,0.0,170.0,0.0
2015-03-09,10200.0,0.0,10.5,6520.0,0.0,162.0,0.0
2015-03-10,10100.0,0.0,11.0,6450.0,0.0,156.0,0.0
2015-03-11,9960.0,4.2,12.6,6370.0,3.6,154.0,3.6
2015-03-12,9970.0,5.4,13.0,6420.0,4.7,178.0,5.3
2015-03-13,10000.0,0.0,12.8,6420.0,0.0,163.0,0.0
2015-03-14,10100.0,19.6,13.2,6350.0,20.2,403.0,19.9
2015-03-15,16000.0,32.2,12.7,8380.0,27.2,2150.0,29.2
2015-03-16,22800.0,0.0,9.5,11300.0,0.0,1490.0,0.3
2015-03-17,19600.0,0.0,9.6,10200.0,0.1,907.0,0.0
2015-03-18,16800.0,0.0,10.3,8950.0,0.0,718.0,0.0
2015-03-19,15000.0,0.0,10.6,8160.0,0.0,573.0,0.0
2015-03-20,13800.0,0.0,11.6,7660.0,0.1,484.0,0.0
2015-03-21,13900.0,13.1,11.4,7670.0,12.4,555.0,12.5
2015-03-22,14300.0,0.4,9.5,8040.0,4.3,529.0,0.6
2015-03-23,14800.0,9.3,8.3,8200.0,15.9,626.0,8.4
2015-03-24,18900.0,17.3,9.0,10800.0,15.7,1190.0,17.8
2015-03-25,21900.0,2.8,11.7,12400.0,1.0,1150.0,2.3
2015-03-26,20200.0,0.0,12.5,10900.0,0.0,1050.0,0.0
2015-03-27,18100.0,0.0,13.3,9780.0,0.0,797.0,0.0
2015-03-28,16600.0,2.7,11.6,9010.0,3.1,927.0,3.0
2015-03-29,16000.0,0.0,11.9,8650.0,0.0,812.0,0.0
2015-03-30,15000.0,0.0,12.4,8130.0,0.0,652.0,0.0
2015-03-31,14300.0,5.0,10.9,7830.0,11.4,743.0,7.5
2015-04-01,15000.0,3.5,7.3,8200.0,10.6,945.0,6.0
2015-04-02,15400.0,1.2,7.2,8480.0,3.2,865.0,2.7
2015-04-03,14900.0,5.7,7.2,8300.0,4.1,738.0,4.8
2015-04-04,14700.0,0.6,6.3,8110.0,1.3,671.0,0.9
2015-04-05,14200.0,0.0,7.6,7830.0,0.5,599.0,0.2
2015-04-06,13800.0,1.8,7.6,7720.0,3.2,567.0,2.1
2015-04-07,13800.0,0.5,8.9,7740.0,3.9,526.0,0.9
2015-04-08,13600.0,3.2,9.5,7570.0,4.4,532.0,4.5
2015-04-09,13800.0,2.8,9.2,7930.0,1.9,551.0,0.6
2015-04-10,13600.0,0.0,10.1,7800.0,0.0,507.0,0.0
2015-04-11,13300.0,11.0,9.8,7560.0,8.6,661.0,9.6
2015-04-12,13800.0,0.1,8.0,7610.0,0.2,769.0,0.0
2015-04-13,13600.0,2.8,8.9,7560.0,2.7,662.0,2.2
2015-04-14,14100.0,5.8,6.4,7720.0,11.0,697.0,7.4
2015-04-15,15600.0,1.5,6.7,8870.0,0.7,704.0,2.0
2015-04-16,15700.0,0.0,9.8,8990.0,0.0,671.0,0.0
2015-04-17,15100.0,0.0,13.2,8620.0,0.0,666.0,0.0
2015-04-18,14200.0,0.0,13.1,8160.0,0.0,623.0,0.0
2015-04-19,13400.0,0.0,14.8,7690.0,0.0,551.0,0.0
2015-04-20,12700.0,0.0,15.5,7330.0,0.0,491.0,0.0
2015-04-21,12200.0,0.0,13.9,7050.0,0.0,436.0,0.1
2015-04-22,11800.0,0.0,9.8,6830.0,0.0,387.0,0.0
2015-04-23,11300.0,0.7,8.7,6550.0,1.4,352.0,0.8
2015-04-24,11100.0,3.0,8.4,6430.0,6.3,342.0,3.3
2015-04-25,11100.0,3.7,9.2,6460.0,8.0,405.0,4.9
2015-04-26,11300.0,1.3,9.1,6680.0,2.1,398.0,2.7
2015-04-27,11300.0,0.6,14.3,6680.0,0.0,358.0,0.0
2015-04-28,11000.0,0.5,15.6,6450.0,0.0,330.0,0.2
2015-04-29,10700.0,0.4,11.0,6300.0,0.1,309.0,0.7
2015-04-30,10400.0,0.0,11.4,6130.0,0.0,285.0,0.0
2015-05-01,10100.0,0.0,14.0,5920.0,0.0,264.0,0.0
2015-05-02,9790.0,0.0,13.3,5780.0,0.0,244.0,0.0
2015-05-03,9730.0,0.0,13.5,5820.0,0.0,228.0,0.0
2015-05-04,9600.0,0.0,13.1,5790.0,0.0,215.0,0.0
2015-05-05,9510.0,1.0,11.7,5770.0,0.9,203.0,0.7
2015-05-06,9360.0,0.2,10.9,5710.0,1.7,193.0,0.4
2015-05-07,9250.0,0.0,12.0,5650.0,4.3,183.0,0.0
2015-05-08,9160.0,0.0,14.8,5610.0,0.0,173.0,0.0
2015-05-09,8980.0,0.0,17.4,5530.0,0.0,163.0,0.0
2015-05-10,8810.0,0.0,16.7,5440.0,0.0,154.0,0.0
2015-05-11,8780.0,0.0,13.3,5390.0,0.0,151.0,0.0
2015-05-12,9040.0,3.7,10.9,5640.0,6.8,170.0,3.6
2015-05-13,9560.0,2.4,10.5,6040.0,4.6,180.0,2.8
2015-05-14,9570.0,0.0,12.3,5940.0,0.2,162.0,0.0
2015-05-15,9180.0,0.0,13.0,5730.0,0.3,157.0,0.0
2015-05-16,9040.0,0.0,13.1,5700.0,0.3,156.0,0.0
2015-05-17,8970.0,0.0,13.2,5630.0,0.1,163.0,0.0
2015-05-18,8870.0,0.0,14.9,5580.0,0.0,159.0,0.0
2015-05-19,8780.0,0.0,15.1,5520.0,0.0,197.0,0.0
2015-05-20,8760.0,0.3,16.5,5540.0,0.1,180.0,0.1
2015-05-21,8710.0,1.4,17.0,5540.0,5.2,169.0,4.3
2015-05-22,8720.0,2.2,15.0,5550.0,0.0,201.0,1.1
2015-05-23,9150.0,0.8,14.0,5990.0,0.2,204.0,1.4
2015-05-24,9330.0,0.0,14.8,6060.0,0.0,199.0,0.0
2015-05-25,9140.0,0.0,14.8,5870.0,0.0,189.0,0.0
2015-05-26,8890.0,0.0,14.4,5670.0,0.0,173.0,0.0
2015-05-27,8650.0,0.0,16.1,5530.0,0.0,160.0,0.0
2015-05-28,8520.0,0.0,19.1,5460.0,0.0,150.0,0.0
2015-05-29,8290.0,0.0,19.8,5320.0,0.0,141.0,0.0
2015-05-30,8200.0,0.0,18.9,5310.0,0.0,132.0,0.0
2015-05-31,8180.0,0.0,19.9,5310.0,0.0,124.0,0.0
2015-06-01,8350.0,4.4,17.3,5390.0,7.7,121.0,5.4
2015-06-02,8420.0,4.9,13.2,5470.0,4.7,133.0,4.4
2015-06-03,8510.0,0.4,13.8,5540.0,0.9,136.0,0.3
2015-06-04,8510.0,0.0,15.2,5530.0,0.0,126.0,0.0
2015-06-05,8220.0,0.0,18.5,5340.0,0.0,117.0,0.0
2015-06-06,7910.0,0.0,22.0,5180.0,0.0,109.0,0.0
2015-06-07,7710.0,0.0,23.2,5050.0,0.0,102.0,0.0
2015-06-08,7560.0,0.0,25.0,4940.0,0.0,97.2,0.0
2015-06-09,7310.0,0.0,25.0,4790.0,0.0,92.7,0.0
2015-06-10,7110.0,0.0,20.3,4660.0,0.0,88.4,0.0
2015-06-11,6990.0,0.0,18.8,4600.0,0.0,84.9,0.0
2015-06-12,6980.0,0.0,18.1,4690.0,0.0,80.4,0.0
2015-06-13,7020.0,0.0,16.8,4760.0,0.0,77.9,0.0
2015-06-14,7030.0,0.0,18.6,4730.0,0.0,75.5,0.0
2015-06-15,7150.0,0.0,21.7,4760.0,0.0,73.5,0.0
2015-06-16,6930.0,0.0,18.9,4700.0,0.0,71.3,0.0
2015-06-17,7030.0,0.0,19.0,4770.0,0.0,69.3,0.0
2015-06-18,6900.0,0.0,21.4,4660.0,0.0,65.7,0.0
2015-06-19,6770.0,0.0,17.8,4550.0,0.0,63.9,0.0
2015-06-20,6680.0,0.0,19.4,4440.0,0.0,62.9,0.0
2015-06-21,6600.0,0.0,21.8,4390.0,0.0,60.8,0.0
2015-06-22,6590.0,0.0,18.8,4360.0,0.0,59.3,0.0
2015-06-23,6530.0,0.0,19.6,4330.0,0.0,57.4,0.0
2015-06-24,6470.0,0.0,22.1,4280.0,0.0,55.3,0.0
2015-06-25,6400.0,0.0,23.6,4200.0,0.0,53.8,0.0
2015-06-26,6310.0,0.0,26.6,4090.0,0.0,52.1,0.0
2015-06-27,6240.0,0.0,29.0,4120.0,0.0,50.7,0.0
2015-06-28,6260.0,0.0,27.1,4140.0,0.0,49.9,0.0
2015-06-29,6270.0,0.0,24.4,4140.0,0.0,49.0,0.0
2015-06-30,6240.0,0.0,24.1,4090.0,0.0,47.1,0.0
2015-07-01,6150.0,0.0,26.2,4030.0,0.0,45.2,0.0
2015-07-02,5980.0,0.0,27.9,3980.0,0.0,43.8,0.0
2015-07-03,5890.0,0.0,27.3,3940.0,0.0,42.4,0.0
2015-07-04,5820.0,0.0,25.3,3920.0,0.0,41.1,0.0
2015-07-05,5800.0,0.0,25.8,3920.0,0.0,39.5,0.0
2015-07-06,5810.0,0.0,24.2,3910.0,0.0,38.6,0.0
2015-07-07,5750.0,0.0,22.3,3890.0,0.0,37.9,0.0
2015-07-08,5730.0,0.0,22.7,3880.0,0.0,37.6,0.0
2015-07-09,5700.0,0.0,22.8,3860.0,0.0,37.0,0.0
2015-07-10,5690.0,1.1,20.3,3880.0,0.1,37.5,2.5
2015-07-11,5790.0,0.0,19.3,3940.0,0.0,38.4,0.0
2015-07-12,5830.0,0.0,20.0,3910.0,0.1,38.2,0.0
2015-07-13,5840.0,0.0,20.9,3880.0,0.0,36.6,0.0
2015-07-14,5730.0,0.0,21.7,3820.0,0.0,35.6,0.0
2015-07-15,5680.0,0.0,21.0,3790.0,0.0,34.3,0.0
2015-07-16,5660.0,0.0,20.4,3760.0,0.0,33.1,0.0
2015-07-17,5650.0,0.0,20.3,3750.0,0.0,32.2,0.0
2015-07-18,5610.0,0.0,25.8,3740.0,0.0,31.7,0.0
2015-07-19,5620.0,0.0,27.0,3740.0,0.0,30.7,0.0
2015-07-20,5670.0,0.0,23.5,3770.0,0.0,30.0,0.0
2015-07-21,5570.0,0.0,22.0,3730.0,0.0,29.5,0.0
2015-07-22,5480.0,0.0,18.5,3720.0,0.0,29.3,0.0
2015-07-23,5450.0,0.0,19.4,3700.0,0.0,29.1,0.0
2015-07-24,5450.0,0.0,20.1,3690.0,0.0,28.8,0.0
2015-07-25,5470.0,1.4,19.3,3700.0,0.3,28.8,1.0
2015-07-26,5530.0,0.0,18.1,3720.0,0.0,30.2,0.0
2015-07-27,5600.0,0.0,18.4,3730.0,0.0,30.5,0.0
2015-07-28,5550.0,0.0,20.4,3740.0,0.0,30.3,0.0
2015-07-29,5480.0,0.0,25.6,3750.0,0.0,28.5,0.0
2015-07-30,5440.0,0.0,28.9,3770.0,0.0,27.2,0.0
2015-07-31,5420.0,0.0,29.3,3770.0,0.0,26.0,0.0
2015-08-01,5410.0,0.0,28.3,3780.0,0.0,24.9,0.0
2015-08-02,5440.0,0.0,27.2,3810.0,0.0,24.3,0.0
2015-08-03,5520.0,0.1,25.4,3900.0,0.0,25.1,0.4
2015-08-04,5540.0,0.0,22.8,3940.0,0.0,25.1,0.0
2015-08-05,5550.0,0.0,20.0,3950.0,0.0,24.2,0.0
2015-08-06,5500.0,0.0,19.7,3940.0,0.0,23.7,0.0
2015-08-07,5500.0,0.0,21.7,3930.0,0.0,23.6,0.0
2015-08-08,5460.0,0.0,21.4,3960.0,0.0,23.4,0.0
2015-08-09,5620.0,0.0,21.2,4130.0,0.0,23.4,0.0
2015-08-10,5680.0,0.0,21.9,4180.0,0.0,23.2,0.0
2015-08-11,5600.0,0.0,22.1,4170.0,0.0,23.0,0.0
2015-08-12,5550.0,0.0,23.8,4140.0,0.0,23.0,0.0
2015-08-13,5540.0,0.0,23.0,4120.0,0.0,22.5,0.0
2015-08-14,5520.0,0.2,20.1,4070.0,0.5,22.3,0.4
2015-08-15,5560.0,0.3,19.0,4080.0,0.1,23.4,0.3
2015-08-16,5620.0,0.0,20.4,4070.0,0.0,23.5,0.0
2015-08-17,5630.0,0.0,22.6,4050.0,0.0,23.1,0.0
2015-08-18,5520.0,0.0,25.5,3980.0,0.0,22.4,0.0
2015-08-19,5440.0,0.0,27.8,3940.0,0.0,21.6,0.0
2015-08-20,5400.0,0.0,22.9,3900.0,0.0,20.8,0.0
2015-08-21,5350.0,0.0,19.2,3800.0,0.0,20.3,0.0
2015-08-22,5280.0,0.0,21.1,3770.0,0.0,20.4,0.0
2015-08-23,5310.0,0.0,24.5,3750.0,0.0,20.2,0.0
2015-08-24,5340.0,0.0,21.6,3770.0,0.0,19.9,0.0
2015-08-25,5300.0,0.0,20.5,3770.0,0.0,19.7,0.0
2015-08-26,5280.0,0.0,22.4,3770.0,0.0,19.6,0.0
2015-08-27,5280.0,0.0,21.6,3760.0,0.0,19.5,0.0
2015-08-28,5240.0,1.3,22.2,3740.0,1.1,19.3,0.8
2015-08-29,5260.0,5.6,21.9,3740.0,5.8,24.4,5.8
2015-08-30,5400.0,8.3,17.6,3750.0,7.8,37.4,8.2
2015-08-31,5530.0,0.0,17.7,3760.0,0.0,60.6,0.0
2015-09-01,5580.0,0.0,18.1,3810.0,0.0,37.7,0.0
2015-09-02,5510.0,1.1,17.4,3780.0,1.3,33.3,1.1
2015-09-03,5500.0,0.0,15.4,3800.0,0.0,42.4,0.1
2015-09-04,5510.0,0.4,14.6,3840.0,0.0,38.6,0.0
2015-09-05,5560.0,3.9,13.3,3890.0,2.0,33.5,1.6
2015-09-06,5560.0,0.0,14.1,3900.0,0.6,32.0,0.0
2015-09-07,5600.0,0.0,15.4,3920.0,0.0,30.6,0.0
2015-09-08,5580.0,0.0,18.2,3900.0,0.0,29.2,0.0
2015-09-09,5500.0,0.0,20.5,3850.0,0.0,28.1,0.0
2015-09-10,5450.0,0.0,21.0,3820.0,0.0,27.0,0.0
2015-09-11,5430.0,0.0,23.0,3810.0,0.0,26.2,0.0
2015-09-12,5460.0,0.0,24.0,3800.0,0.0,25.4,0.0
2015-09-13,5640.0,0.0,21.2,3830.0,0.0,24.5,0.0
2015-09-14,5860.0,1.0,15.8,3850.0,0.6,23.7,1.1
2015-09-15,5990.0,0.0,13.4,3890.0,0.0,23.6,0.0
2015-09-16,6150.0,0.3,15.4,3960.0,1.3,24.6,0.6
2015-09-17,6430.0,10.3,16.0,4100.0,13.1,63.7,10.7
2015-09-18,6710.0,0.5,16.7,4420.0,0.1,135.0,0.1
2015-09-19,7050.0,0.0,17.4,4380.0,0.0,61.8,0.0
2015-09-20,6770.0,0.0,19.3,4260.0,0.0,45.8,0.0
2015-09-21,6660.0,1.0,17.8,4160.0,0.6,39.2,1.4
2015-09-22,6530.0,0.0,15.2,4090.0,0.0,36.1,0.0
2015-09-23,6440.0,0.0,15.4,4070.0,0.0,34.2,0.0
2015-09-24,6430.0,0.0,17.2,4060.0,0.0,32.6,0.0
2015-09-25,6460.0,0.2,17.3,4070.0,0.3,31.6,0.1
2015-09-26,6450.0,0.0,17.1,4070.0,0.0,30.8,0.0
2015-09-27,6450.0,0.0,14.3,4080.0,0.0,30.3,0.0
2015-09-28,6480.0,0.0,15.7,4090.0,0.0,29.4,0.0
2015-09-29,6460.0,0.0,18.2,4080.0,0.0,28.4,0.0
2015-09-30,6470.0,0.0,16.3,4190.0,0.0,27.6,0.0
2015-10-01,6670.0,0.0,16.3,4360.0,0.0,27.1,0.0
2015-10-02,6600.0,0.0,15.8,4400.0,0.0,26.7,0.0
2015-10-03,6560.0,0.3,14.9,4390.0,0.3,27.2,0.5
2015-10-04,6560.0,0.0,17.0,4420.0,0.0,27.0,0.0
2015-10-05,6570.0,0.0,18.2,4450.0,0.0,26.3,0.0
2015-10-06,6540.0,0.0,18.3,4430.0,0.0,25.5,0.0
2015-10-07,6470.0,0.0,17.5,4420.0,0.2,25.2,0.0
2015-10-08,6340.0,0.0,18.1,4400.0,0.0,25.3,0.0
2015-10-09,6280.0,0.1,17.5,4340.0,0.0,25.0,0.0
2015-10-10,6380.0,4.1,18.8,4530.0,3.6,27.3,3.7
2015-10-11,6670.0,2.1,15.4,4620.0,3.7,45.3,3.3
2015-10-12,6710.0,0.0,14.8,4610.0,0.0,45.1,0.0
2015-10-13,6660.0,0.0,16.1,4560.0,0.0,34.4,0.0
2015-10-14,6550.0,0.0,15.5,4520.0,0.0,31.1,0.0
2015-10-15,6530.0,0.0,16.2,4610.0,0.0,29.9,0.0
2015-10-16,6670.0,0.0,16.9,5090.0,0.0,28.9,0.0
2015-10-17,7330.0,3.2,16.8,5740.0,4.6,28.6,3.2
2015-10-18,7620.0,1.5,15.8,5850.0,0.6,29.9,1.9
2015-10-19,7690.0,2.3,14.3,5900.0,3.8,31.6,2.7
2015-10-20,7730.0,0.1,14.2,5900.0,0.0,33.1,0.2
2015-10-21,7570.0,0.0,13.8,5700.0,0.0,32.6,0.0
2015-10-22,7420.0,0.0,14.0,5570.0,0.0,30.7,0.0
2015-10-23,7260.0,0.0,11.6,5420.0,0.0,29.3,0.0
2015-10-24,7030.0,0.0,14.0,5240.0,0.0,28.6,0.0
2015-10-25,7070.0,10.7,11.6,5220.0,11.3,29.1,8.7
2015-10-26,7160.0,2.1,12.7,5290.0,1.4,45.2,2.7
2015-10-27,7390.0,0.0,11.2,5350.0,0.0,64.9,0.0
2015-10-28,7520.0,8.1,13.4,5390.0,10.1,52.6,8.0
2015-10-29,7430.0,1.9,13.7,5380.0,1.6,175.0,2.5
2015-10-30,7680.0,5.8,14.0,5430.0,5.1,438.0,6.4
2015-10-31,8930.0,15.9,15.6,5530.0,6.8,3080.0,13.2
2015-11-01,15500.0,24.1,13.3,6180.0,30.0,3550.0,26.2
2015-11-02,14300.0,4.7,10.7,7590.0,5.9,1320.0,4.2
2015-11-03,12400.0,2.1,9.0,7210.0,1.4,789.0,2.6
2015-11-04,11100.0,0.0,6.9,7000.0,0.0,541.0,0.0
2015-11-05,10100.0,2.4,8.8,6490.0,2.9,402.0,2.6
2015-11-06,9260.0,0.0,10.1,5810.0,0.0,323.0,0.0
2015-11-07,8250.0,6.8,9.5,5050.0,5.4,291.0,5.6
2015-11-08,8060.0,11.0,10.1,4950.0,17.0,879.0,8.7
2015-11-09,9680.0,1.2,8.0,5570.0,1.4,898.0,1.2
2015-11-10,10300.0,0.0,6.3,6310.0,0.3,602.0,0.0
2015-11-11,9780.0,5.9,9.0,6030.0,5.7,570.0,5.9
2015-11-12,9450.0,1.1,6.8,5740.0,0.1,553.0,0.8
2015-11-13,9230.0,4.3,11.1,5640.0,2.6,1100.0,3.6
2015-11-14,10700.0,4.0,13.1,5610.0,0.0,1180.0,1.8
2015-11-15,10900.0,12.1,9.8,5750.0,15.5,833.0,13.4
2015-11-16,10700.0,3.2,5.0,5790.0,3.9,676.0,3.0
2015-11-17,11800.0,20.5,10.2,6090.0,9.1,4060.0,16.7
2015-11-18,21700.0,12.5,8.7,7090.0,13.5,4890.0,13.6
2015-11-19,23100.0,23.1,9.3,10400.0,26.9,3470.0,27.4
2015-11-20,30100.0,0.0,6.5,14900.0,0.0,2290.0,0.0
2015-11-21,28600.0,0.0,4.6,15100.0,0.0,1250.0,0.0
2015-11-22,21300.0,0.0,3.8,12300.0,0.0,855.0,0.0
2015-11-23,17500.0,0.0,3.7,10400.0,0.0,651.0,0.0
2015-11-24,16000.0,14.0,4.7,9230.0,14.1,660.0,13.9
2015-11-25,15400.0,0.6,2.7,9100.0,0.3,535.0,0.5
2015-11-26,14300.0,0.0,2.0,8650.0,0.0,451.0,0.0
2015-11-27,14300.0,0.0,1.5,8230.0,0.0,392.0,0.0
2015-11-28,14100.0,0.0,1.0,7810.0,0.0,344.0,0.0
2015-11-29,13600.0,0.0,1.0,7250.0,0.0,306.0,0.0
2015-11-30,12900.0,0.0,-0.3,6800.0,0.9,275.0,0.0
2015-12-01,12500.0,0.0,2.4,6600.0,0.0,255.0,0.0
2015-12-02,13300.0,14.1,4.5,6750.0,12.0,459.0,12.7
2015-12-03,15300.0,9.9,7.6,7500.0,8.1,494.0,8.4
2015-12-04,17900.0,9.3,8.1,8680.0,13.4,1060.0,9.7
2015-12-05,27100.0,1.3,7.8,12700.0,2.1,976.0,1.0
2015-12-06,29200.0,14.3,10.0,13300.0,16.2,1070.0,13.6
2015-12-07,39200.0,59.9,11.5,15400.0,41.3,7420.0,53.7
2015-12-08,64900.0,10.8,14.0,26900.0,8.7,4890.0,10.2
2015-12-09,73800.0,32.9,12.2,31900.0,25.3,4780.0,26.5
2015-12-10,74200.0,19.4,8.8,33900.0,29.6,3250.0,20.7
2015-12-11,74000.0,11.1,6.6,36100.0,18.3,2560.0,10.2
2015-12-12,76000.0,16.3,7.0,40300.0,18.5,3380.0,16.9
2015-12-13,85000.0,19.1,7.0,45400.0,35.6,4170.0,24.4
2015-12-14,93700.0,3.7,4.3,54500.0,10.2,2360.0,5.1
2015-12-15,93900.0,0.0,3.2,56900.0,0.0,1510.0,0.0
2015-12-16,85200.0,2.2,5.4,47800.0,1.7,1160.0,1.5
2015-12-17,75700.0,36.3,8.0,43400.0,41.3,5170.0,34.3
2015-12-18,101000.0,32.2,9.5,56300.0,27.2,7480.0,30.0
2015-12-19,121000.0,2.0,5.8,70700.0,4.6,3060.0,2.0
2015-12-20,120000.0,9.0,6.2,75300.0,12.5,1950.0,9.2
2015-12-21,112000.0,22.2,6.7,64100.0,29.0,2190.0,24.0
2015-12-22,95800.0,2.8,5.8,49800.0,8.7,2690.0,4.9
2015-12-23,86700.0,11.8,4.8,49000.0,15.6,2040.0,11.6
2015-12-24,92300.0,6.4,3.5,54600.0,9.8,1530.0,6.6
2015-12-25,95500.0,1.2,2.6,58700.0,1.6,1150.0,0.8
2015-12-26,92000.0,0.0,0.8,55300.0,0.0,925.0,0.0
2015-12-27,84100.0,6.5,2.3,49800.0,5.8,791.0,5.4
2015-12-28,79200.0,4.0,4.0,46800.0,4.8,744.0,3.5
2015-12-29,74400.0,2.3,3.4,45300.0,1.5,673.0,1.1
2015-12-30,64000.0,0.0,2.3,37600.0,2.8,602.0,0.2
2015-12-31,50500.0,0.0,-0.1,28900.0,0.0,534.0,0.0
2016-01-01,40300.0,0.0,0.5,24300.0,0.0,480.0,0.0
2016-01-02,37500.0,0.0,-1.1,23400.0,0.0,435.0,0.0
2016-01-03,35500.0,2.5,-2.1,22000.0,4.6,404.0,3.2
2016-01-04,33600.0,3.6,1.3,20700.0,1.1,400.0,2.1
2016-01-05,32400.0,5.7,2.0,19700.0,7.6,457.0,6.6
2016-01-06,31100.0,0.0,1.0,18800.0,0.5,504.0,0.0
2016-01-07,29300.0,1.1,2.8,17400.0,1.0,493.0,1.5
2016-01-08,26100.0,0.0,3.3,15900.0,0.1,477.0,0.0
2016-01-09,24000.0,2.5,3.7,14700.0,6.4,459.0,3.1
2016-01-10,22700.0,0.0,3.0,13400.0,0.0,450.0,0.0
2016-01-11,21400.0,0.7,3.0,12500.0,3.1,445.0,1.1
2016-01-12,22000.0,10.6,6.5,12600.0,7.1,714.0,7.7
2016-01-13,29800.0,37.4,8.3,16000.0,28.2,1630.0,33.7
2016-01-14,36700.0,4.8,4.8,20000.0,5.3,1540.0,4.4
2016-01-15,42000.0,2.3,6.9,23700.0,3.1,1130.0,1.6
2016-01-16,43800.0,12.2,8.2,24900.0,14.8,1560.0,10.7
2016-01-17,50200.0,16.8,7.5,29000.0,22.9,2340.0,19.2
2016-01-18,64400.0,1.0,8.1,39900.0,7.8,2270.0,1.1
2016-01-19,73200.0,23.0,7.6,46400.0,27.3,1800.0,24.8
2016-01-20,78900.0,5.2,7.5,48900.0,8.2,2080.0,6.0
2016-01-21,79600.0,0.7,9.7,51800.0,0.3,1640.0,0.0
2016-01-22,77100.0,14.2,10.7,49200.0,12.6,1740.0,12.5
2016-01-23,71700.0,10.2,7.7,46000.0,15.7,1560.0,13.8
2016-01-24,67200.0,2.9,6.7,42300.0,4.8,1510.0,3.4
2016-01-25,62300.0,0.3,8.4,39300.0,0.5,1200.0,0.4
2016-01-26,56800.0,0.4,10.7,35700.0,0.0,1020.0,0.0
2016-01-27,52200.0,1.4,10.2,32500.0,0.7,1090.0,1.0
2016-01-28,50100.0,22.7,12.2,30700.0,21.9,2310.0,23.2
2016-01-29,56200.0,10.4,8.5,33200.0,14.7,2500.0,9.8
2016-01-30,62000.0,3.6,5.6,38200.0,10.8,1900.0,4.7
2016-01-31,65600.0,0.6,3.1,40900.0,0.8,1360.0,0.6
2016-02-01,61300.0,0.1,4.3,36700.0,1.5,1070.0,0.0
2016-02-02,53900.0,0.1,3.9,31800.0,1.0,878.0,0.0
2016-02-03,46100.0,5.3,6.0,26900.0,5.1,768.0,4.1
2016-02-04,38900.0,19.0,7.9,23200.0,14.8,1590.0,19.2
2016-02-05,38400.0,0.0,6.9,22600.0,0.0,1620.0,0.0
2016-02-06,36600.0,5.1,7.8,21200.0,4.3,1580.0,5.7
2016-02-07,34100.0,0.0,9.2,19700.0,0.0,1220.0,0.0
2016-02-08,31600.0,0.0,9.6,18400.0,0.0,1150.0,0.0
2016-02-09,29900.0,0.0,10.1,17600.0,0.0,1170.0,0.0
2016-02-10,27200.0,0.0,9.4,16400.0,0.0,1040.0,0.0
2016-02-11,24800.0,2.7,11.4,15300.0,3.1,937.0,2.6
2016-02-12,23600.0,3.4,10.4,14600.0,4.1,1020.0,4.7
2016-02-13,23800.0,1.6,8.3,14500.0,0.4,1180.0,1.7
2016-02-14,25800.0,18.5,10.0,15000.0,14.6,2970.0,17.1
2016-02-15,37400.0,0.3,12.2,20000.0,0.3,2770.0,0.5
2016-02-16,37700.0,0.3,10.8,20300.0,0.0,1660.0,0.0
2016-02-17,32200.0,0.5,10.6,18700.0,0.9,1290.0,0.7
2016-02-18,33700.0,10.0,7.5,19500.0,13.0,1490.0,11.4
2016-02-19,39800.0,9.6,7.8,22900.0,13.6,1670.0,10.1
2016-02-20,43800.0,2.5,6.0,25100.0,5.5,1330.0,3.5
2016-02-21,41100.0,2.3,5.3,22600.0,2.7,1110.0,2.4
2016-02-22,36500.0,1.8,5.1,20200.0,0.4,953.0,2.5
2016-02-23,32100.0,0.0,5.8,17700.0,0.0,809.0,0.0
2016-02-24,27000.0,0.0,8.8,15100.0,0.0,692.0,0.0
2016-02-25,24200.0,0.0,9.6,13400.0,0.0,616.0,0.0
2016-02-26,22200.0,0.2,10.5,12600.0,3.1,585.0,0.4
2016-02-27,22300.0,5.9,10.9,12800.0,8.4,1280.0,7.1
2016-02-28,24100.0,4.6,9.5,13400.0,4.3,1220.0,4.0
2016-02-29,23500.0,0.7,8.5,13100.0,0.1,1020.0,0.1
2016-03-01,23100.0,9.2,9.2,12600.0,8.7,1120.0,7.5
2016-03-02,24000.0,0.0,10.0,12600.0,0.7,1220.0,0.5
2016-03-03,25300.0,12.2,11.5,13700.0,11.0,1080.0,11.6
2016-03-04,26800.0,0.3,9.4,14000.0,1.0,905.0,0.3
2016-03-05,29000.0,8.9,12.3,15000.0,12.3,878.0,8.8
2016-03-06,32000.0,10.8,10.0,16900.0,18.6,1370.0,12.5
2016-03-07,36500.0,9.8,7.7,19400.0,14.4,1180.0,11.1
2016-03-08,36200.0,3.2,5.5,18900.0,3.1,975.0,3.1
2016-03-09,34700.0,12.4,7.9,18600.0,12.4,1030.0,10.4
2016-03-10,38700.0,17.6,10.8,21100.0,17.0,1460.0,14.1
2016-03-11,40400.0,1.7,7.4,21900.0,3.4,1190.0,2.6
2016-03-12,36200.0,15.3,8.2,20100.0,21.6,1330.0,16.8
2016-03-13,39600.0,23.9,6.9,23400.0,30.2,1530.0,26.1
2016-03-14,52100.0,13.0,6.3,30700.0,16.4,1840.0,11.6
2016-03-15,62100.0,11.0,5.9,38400.0,16.0,1650.0,12.3
2016-03-16,64800.0,4.4,7.9,38500.0,3.4,1660.0,3.9
2016-03-17,59600.0,0.0,7.3,34000.0,0.0,1750.0,0.0
2016-03-18,53000.0,0.0,8.9,30600.0,0.0,1360.0,0.0
2016-03-19,51300.0,0.0,11.6,31500.0,0.0,1180.0,0.0
2016-03-20,49700.0,13.4,11.7,30400.0,17.8,1340.0,15.5
2016-03-21,50500.0,6.1,9.0,31100.0,9.4,1880.0,5.5
2016-03-22,52500.0,2.2,8.2,32200.0,5.0,1630.0,1.6
2016-03-23,51900.0,0.0,8.7,32900.0,1.0,1640.0,0.0
2016-03-24,49500.0,4.0,9.4,30300.0,4.6,1870.0,5.1
2016-03-25,45900.0,0.4,8.1,26900.0,1.2,1540.0,0.9
2016-03-26,41200.0,0.2,7.8,24000.0,4.0,1190.0,0.9
2016-03-27,38100.0,3.3,9.0,22500.0,5.4,1220.0,5.0
2016-03-28,35500.0,1.2,5.9,20900.0,1.5,1220.0,2.4
2016-03-29,32900.0,0.0,7.4,19500.0,0.0,1020.0,0.0
2016-03-30,30000.0,0.0,10.5,17700.0,0.0,882.0,0.0
2016-03-31,27600.0,0.0,12.8,16300.0,0.0,795.0,0.0
2016-04-01,24900.0,0.0,13.7,14600.0,0.0,778.0,0.0
2016-04-02,22100.0,0.0,13.3,12900.0,0.0,789.0,0.0
2016-04-03,20700.0,0.0,12.9,12000.0,0.0,744.0,0.0
2016-04-04,19800.0,8.4,11.1,11500.0,10.6,839.0,8.8
2016-04-05,19800.0,0.1,9.1,11600.0,0.2,808.0,0.1
2016-04-06,19100.0,0.0,11.4,11400.0,0.0,655.0,0.0
2016-04-07,18800.0,0.0,15.6,11500.0,0.0,614.0,0.0
2016-04-08,18500.0,0.0,18.1,11300.0,0.0,642.0,0.0
2016-04-09,17500.0,0.0,15.5,10700.0,0.0,611.0,0.0
2016-04-10,17900.0,0.4,12.1,10900.0,0.0,542.0,0.0
2016-04-11,18000.0,0.0,10.9,11300.0,0.0,466.0,0.0
2016-04-12,17900.0,0.0,11.8,11300.0,0.0,414.0,0.0
2016-04-13,17600.0,4.6,10.2,11300.0,6.1,415.0,4.1
2016-04-14,17800.0,11.4,8.9,11700.0,21.0,474.0,14.0
2016-04-15,20400.0,1.2,8.9,14000.0,2.6,792.0,2.1
2016-04-16,21900.0,0.0,12.0,14300.0,0.0,642.0,0.0
2016-04-17,19600.0,0.0,14.6,12600.0,0.0,557.0,0.0
2016-04-18,18000.0,0.0,18.7,11700.0,0.0,525.0,0.0
2016-04-19,17200.0,0.0,18.6,11400.0,0.0,502.0,0.0
2016-04-20,16800.0,0.0,17.8,11100.0,0.0,478.0,0.0
2016-04-21,16400.0,0.0,15.3,11000.0,0.0,436.0,0.0
2016-04-22,16800.0,16.7,13.7,11100.0,19.4,423.0,18.6
2016-04-23,16900.0,0.6,12.4,11300.0,3.1,398.0,0.7
2016-04-24,17300.0,9.3,10.2,11000.0,15.1,935.0,11.8
2016-04-25,18600.0,1.3,8.8,11800.0,3.4,928.0,2.1
2016-04-26,19300.0,0.0,9.5,12400.0,0.0,755.0,0.0
2016-04-27,18500.0,0.2,10.2,11600.0,3.9,621.0,0.3
2016-04-28,17300.0,0.2,10.9,10900.0,0.1,530.0,0.2
2016-04-29,16500.0,1.2,11.2,10300.0,1.1,471.0,1.3
2016-04-30,15800.0,0.1,10.8,9830.0,0.6,434.0,0.2
2016-05-01,15700.0,0.0,15.0,10300.0,0.0,394.0,0.0
2016-05-02,15900.0,0.0,18.2,10800.0,0.7,371.0,0.0
2016-05-03,16000.0,0.0,16.7,10700.0,0.0,350.0,0.0
2016-05-04,15300.0,0.1,15.0,10200.0,3.4,329.0,0.2
2016-05-05,15100.0,0.0,14.8,10100.0,0.0,307.0,0.0
2016-05-06,14900.0,0.0,16.3,10200.0,0.0,284.0,0.0
2016-05-07,15300.0,0.0,19.9,11000.0,0.0,269.0,0.0
2016-05-08,15600.0,0.0,15.7,11200.0,0.0,257.0,0.0
2016-05-09,15600.0,0.0,12.2,11200.0,0.0,239.0,0.0
2016-05-10,15400.0,0.0,14.9,11000.0,0.0,221.0,0.0
2016-05-11,15100.0,0.0,18.3,10800.0,0.0,205.0,0.0
2016-05-12,14900.0,0.0,18.3,10800.0,0.0,192.0,0.0
2016-05-13,14900.0,0.0,18.9,10900.0,0.0,183.0,0.0
2016-05-14,14600.0,3.8,14.8,10500.0,8.2,180.0,4.2
2016-05-15,14900.0,5.4,12.3,10700.0,3.6,205.0,5.5
2016-05-16,15100.0,0.0,13.1,10700.0,0.5,247.0,0.4
2016-05-17,14900.0,0.0,14.6,10500.0,0.0,215.0,0.0
2016-05-18,14300.0,0.0,17.3,10100.0,0.0,191.0,0.0
2016-05-19,13800.0,0.6,12.5,9790.0,2.8,189.0,0.7
2016-05-20,14000.0,1.1,11.0,10100.0,0.3,198.0,2.5
2016-05-21,14200.0,1.8,12.4,10200.0,0.0,243.0,0.1
2016-05-22,14200.0,1.1,12.6,10100.0,4.9,400.0,1.3
2016-05-23,14200.0,0.2,13.4,10000.0,2.0,510.0,0.4
2016-05-24,14300.0,0.0,15.0,10000.0,0.3,441.0,0.0
2016-05-25,13900.0,0.0,14.5,9720.0,0.0,354.0,0.0
2016-05-26,13300.0,0.0,13.3,9260.0,0.0,303.0,0.0
2016-05-27,12900.0,0.4,12.8,9090.0,0.2,270.0,0.5
2016-05-28,12400.0,0.0,13.8,8810.0,0.0,244.0,0.0
2016-05-29,12100.0,0.0,15.7,8620.0,0.0,221.0,0.0
2016-05-30,11900.0,0.0,16.0,8620.0,0.0,203.0,0.0
2016-05-31,11800.0,0.0,19.8,8720.0,0.0,188.0,0.0
2016-06-01,11800.0,0.0,20.6,8770.0,0.0,173.0,0.0
2016-06-02,11600.0,1.1,18.1,8620.0,0.1,167.0,1.3
2016-06-03,11400.0,0.0,19.8,8480.0,0.0,162.0,0.0
2016-06-04,11300.0,0.0,26.2,8630.0,0.0,148.0,0.0
2016-06-05,11600.0,0.0,27.6,8950.0,0.0,137.0,0.0
2016-06-06,11700.0,0.0,25.1,9050.0,0.0,130.0,0.0
2016-06-07,11600.0,0.0,24.7,8910.0,0.0,122.0,0.0
2016-06-08,11300.0,0.0,21.1,8680.0,0.0,116.0,0.0
2016-06-09,11200.0,1.9,15.6,8560.0,0.9,114.0,1.8
2016-06-10,11000.0,3.7,14.1,8260.0,7.0,118.0,3.1
2016-06-11,10700.0,0.1,13.7,7910.0,4.3,149.0,0.0
2016-06-12,10600.0,0.0,16.0,7710.0,0.0,139.0,0.0
2016-06-13,10300.0,0.2,15.9,7450.0,0.2,121.0,0.2
2016-06-14,9920.0,1.8,12.4,7160.0,4.1,161.0,1.5
2016-06-15,9940.0,0.2,12.4,7080.0,0.7,291.0,0.0
2016-06-16,9980.0,0.0,13.4,7060.0,6.3,281.0,0.2
2016-06-17,9960.0,2.0,14.0,6940.0,4.5,255.0,2.7
2016-06-18,9490.0,3.0,15.0,6470.0,1.5,276.0,3.2
2016-06-19,9440.0,0.0,15.0,6380.0,0.0,365.0,0.0
2016-06-20,9360.0,0.0,19.4,6380.0,0.0,283.0,0.0
2016-06-21,9040.0,0.0,17.0,6180.0,0.0,232.0,0.0
2016-06-22,8710.0,0.0,18.2,6050.0,0.0,200.0,0.0
2016-06-23,8600.0,3.8,16.5,5980.0,1.3,190.0,0.3
2016-06-24,8560.0,0.1,14.9,5940.0,0.2,433.0,0.0
2016-06-25,8780.0,0.0,17.3,5770.0,0.0,434.0,0.0
2016-06-26,8430.0,0.0,21.3,5520.0,0.0,320.0,0.0
2016-06-27,8110.0,0.0,23.4,5370.0,0.0,260.0,0.0
2016-06-28,7860.0,0.0,21.2,5320.0,0.0,222.0,0.0
2016-06-29,7950.0,0.0,20.3,5680.0,0.0,193.0,0.0
2016-06-30,8170.0,0.0,19.3,5800.0,0.0,170.0,0.0
2016-07-01,8100.0,0.0,19.6,5730.0,0.0,154.0,0.0
2016-07-02,7720.0,0.0,22.0,5630.0,0.0,142.0,0.0
2016-07-03,7500.0,0.0,19.7,5500.0,0.0,131.0,0.0
2016-07-04,7410.0,0.0,18.2,5450.0,0.0,122.0,0.0
2016-07-05,7360.0,0.0,17.8,5420.0,0.0,115.0,0.0
2016-07-06,7270.0,0.0,19.1,5360.0,0.0,109.0,0.0
2016-07-07,7220.0,0.0,18.9,5330.0,0.0,104.0,0.0
2016-07-08,7260.0,7.6,16.6,5360.0,10.9,115.0,9.2
2016-07-09,7580.0,3.5,16.4,5570.0,3.4,147.0,5.8
2016-07-10,7950.0,4.8,15.0,5780.0,8.7,159.0,4.6
2016-07-11,8150.0,0.2,16.9,5830.0,0.1,182.0,0.6
2016-07-12,8130.0,0.1,17.5,5730.0,0.0,155.0,0.0
2016-07-13,7750.0,0.0,18.6,5280.0,0.1,137.0,0.0
2016-07-14,7150.0,0.0,20.2,4750.0,0.0,123.0,0.0
2016-07-15,6640.0,0.0,18.5,4390.0,0.0,113.0,0.0
2016-07-16,6340.0,0.0,17.7,4350.0,0.0,105.0,0.0
2016-07-17,6480.0,0.0,18.5,4550.0,0.0,100.0,0.0
2016-07-18,6570.0,0.0,18.8,4580.0,0.1,96.6,0.0
2016-07-19,6530.0,0.0,18.2,4550.0,0.0,92.8,0.1
2016-07-20,6460.0,0.0,19.4,4510.0,0.0,86.7,0.0
2016-07-21,6390.0,0.0,21.8,4480.0,0.0,81.5,0.0
2016-07-22,6360.0,0.2,19.5,4480.0,0.0,77.7,0.4
2016-07-23,6320.0,0.0,19.6,4440.0,0.0,74.6,0.0
2016-07-24,6320.0,0.0,21.1,4420.0,0.0,71.5,0.0
2016-07-25,6320.0,0.0,23.1,4400.0,0.0,68.9,0.0
2016-07-26,6240.0,0.0,22.5,4450.0,0.0,66.4,0.0
2016-07-27,6310.0,0.0,22.9,4520.0,0.0,64.0,0.0
2016-07-28,6290.0,0.0,24.8,4520.0,0.0,61.7,0.0
2016-07-29,6270.0,0.0,26.2,4490.0,0.0,58.4,0.0
2016-07-30,6230.0,0.0,22.9,4440.0,0.0,55.6,0.0
2016-07-31,6240.0,0.0,19.4,4420.0,0.0,53.0,0.0
2016-08-01,6230.0,0.0,20.3,4400.0,0.0,51.8,0.0
2016-08-02,6150.0,0.0,18.9,4350.0,0.0,50.7,0.0
2016-08-03,6150.0,0.0,18.8,4370.0,0.0,50.6,0.0
2016-08-04,6200.0,0.0,23.5,4420.0,0.0,49.3,0.0
2016-08-05,6200.0,0.0,23.1,4400.0,0.0,47.1,0.0
2016-08-06,6150.0,0.0,18.7,4370.0,0.0,45.8,0.0
2016-08-07,6160.0,0.0,18.4,4390.0,0.1,44.9,0.0
2016-08-08,6260.0,3.7,17.0,4410.0,0.4,45.8,3.4
2016-08-09,6290.0,0.0,16.8,4420.0,0.0,49.4,0.0
2016-08-10,6310.0,0.0,18.6,4400.0,0.0,48.5,0.0
2016-08-11,6260.0,0.0,21.5,4370.0,0.0,45.7,0.0
2016-08-12,6170.0,0.0,25.0,4340.0,0.0,43.5,0.0
2016-08-13,6090.0,0.0,25.8,4260.0,0.0,41.5,0.0
2016-08-14,6070.0,0.0,24.8,4250.0,0.0,40.0,0.0
2016-08-15,6010.0,0.0,23.1,4160.0,0.0,38.5,0.0
2016-08-16,5880.0,0.0,22.3,4110.0,0.0,37.6,0.0
2016-08-17,5880.0,0.0,22.2,4090.0,0.0,37.0,0.0
2016-08-18,5870.0,0.0,24.4,4060.0,0.0,36.4,0.0
2016-08-19,5860.0,0.0,29.3,3980.0,0.0,35.5,0.0
2016-08-20,5700.0,0.0,29.2,3840.0,0.0,33.9,0.0
2016-08-21,5670.0,0.0,23.3,3820.0,0.0,33.1,0.0
2016-08-22,5730.0,0.0,19.3,3830.0,0.0,33.1,0.0
2016-08-23,5680.0,0.0,19.6,3780.0,0.0,32.9,0.0
2016-08-24,5650.0,0.0,23.0,3820.0,0.0,31.8,0.0
2016-08-25,5760.0,0.0,26.2,3890.0,0.0,30.4,0.0
2016-08-26,5720.0,0.0,27.1,3910.0,0.0,29.4,0.0
2016-08-27,5710.0,0.0,23.9,3930.0,0.0,29.1,0.0
2016-08-28,5760.0,0.0,21.0,3990.0,0.0,28.7,0.0
2016-08-29,5830.0,0.0,20.8,4030.0,0.0,28.8,0.0
2016-08-30,5770.0,0.0,18.5,4040.0,0.0,28.7,0.0
2016-08-31,5790.0,0.5,18.1,4100.0,0.2,29.3,0.3
2016-09-01,5850.0,0.1,17.7,4160.0,0.4,31.5,0.3
2016-09-02,5850.0,1.7,16.9,4160.0,0.9,39.9,0.9
2016-09-03,5860.0,0.1,16.0,4200.0,0.0,46.7,0.0
2016-09-04,5880.0,0.1,15.3,4180.0,0.0,38.0,0.0
2016-09-05,5850.0,0.0,15.7,4150.0,0.0,34.6,0.0
2016-09-06,5820.0,4.1,16.4,4140.0,1.9,36.6,2.1
2016-09-07,6270.0,0.1,17.6,4140.0,0.0,47.5,0.2
2016-09-08,6630.0,0.0,18.0,4150.0,0.0,42.3,0.0
2016-09-09,6600.0,0.0,18.5,4100.0,0.0,36.1,0.0
2016-09-10,6530.0,0.0,21.4,4020.0,0.0,33.3,0.0
2016-09-11,6500.0,0.0,19.1,3990.0,0.0,31.5,0.0
2016-09-12,6480.0,0.0,17.4,3970.0,0.0,30.5,0.0
2016-09-13,6380.0,0.0,19.4,3940.0,0.0,29.4,0.0
2016-09-14,6320.0,0.0,18.7,3910.0,0.0,28.2,0.0
2016-09-15,6350.0,0.0,18.3,3910.0,0.0,27.9,0.0
2016-09-16,6380.0,0.0,19.7,3900.0,0.0,27.9,0.0
2016-09-17,6430.0,6.4,17.5,3860.0,1.8,37.1,5.5
2016-09-18,6640.0,2.8,17.1,3910.0,3.1,129.0,5.0
2016-09-19,6810.0,0.0,15.7,3990.0,0.0,98.7,0.0
2016-09-20,6790.0,0.0,15.7,4000.0,0.0,64.0,0.0
2016-09-21,6720.0,0.0,14.7,3960.0,0.0,51.1,0.0
2016-09-22,6650.0,0.2,14.3,3970.0,0.3,50.1,0.1
2016-09-23,6620.0,1.0,14.2,4010.0,1.9,52.9,0.7
2016-09-24,6690.0,0.0,14.2,4050.0,0.1,50.5,0.0
2016-09-25,6720.0,0.0,17.3,4070.0,0.0,48.8,0.0
2016-09-26,6670.0,0.0,21.3,4020.0,0.0,45.0,0.0
2016-09-27,6580.0,0.0,20.2,3980.0,0.0,42.0,0.0
2016-09-28,6500.0,0.0,17.5,3980.0,0.0,40.0,0.0
2016-09-29,6520.0,0.0,16.4,3960.0,0.0,38.8,0.0
2016-09-30,6520.0,0.0,14.7,3930.0,0.0,37.7,0.0
2016-10-01,6540.0,0.7,14.0,3900.0,1.0,38.1,0.7
2016-10-02,6800.0,12.0,12.3,4060.0,15.6,42.0,10.7
2016-10-03,6990.0,0.0,11.8,4200.0,0.5,43.7,0.0
2016-10-04,7190.0,2.6,13.4,4400.0,9.0,53.0,2.6
2016-10-05,8100.0,11.6,12.7,5180.0,15.0,722.0,12.0
2016-10-06,10500.0,1.3,13.0,5710.0,1.1,1460.0,2.0
2016-10-07,11000.0,24.3,13.4,6040.0,14.4,2070.0,17.8
2016-10-08,12500.0,0.8,16.1,5750.0,0.3,1430.0,0.5
2016-10-09,10800.0,8.8,16.3,5630.0,0.0,645.0,2.1
2016-10-10,10000.0,10.8,13.0,5450.0,10.8,1010.0,9.7
2016-10-11,10500.0,0.0,10.5,5390.0,0.0,695.0,0.0
2016-10-12,9870.0,0.0,11.6,5410.0,0.0,463.0,0.0
2016-10-13,10100.0,32.2,13.8,5680.0,25.5,1370.0,29.6
2016-10-14,16300.0,34.6,13.6,6810.0,43.5,3390.0,35.9
2016-10-15,22500.0,27.6,12.7,9610.0,36.9,3390.0,26.9
2016-10-16,23900.0,15.1,11.6,10400.0,27.5,3060.0,16.3
2016-10-17,28600.0,11.7,11.6,12900.0,24.6,3850.0,13.1
2016-10-18,36900.0,8.3,11.1,16200.0,18.5,3650.0,9.8
2016-10-19,43000.0,0.6,10.3,22000.0,1.1,2220.0,0.3
2016-10-20,36500.0,6.2,14.1,17200.0,7.1,2260.0,6.2
2016-10-21,36900.0,0.4,13.8,16900.0,5.5,2480.0,1.0
2016-10-22,40900.0,1.0,11.8,20200.0,0.4,1530.0,0.7
2016-10-23,38000.0,3.3,12.6,18300.0,2.8,1070.0,3.3
2016-10-24,33300.0,5.7,11.7,16000.0,8.4,823.0,6.3
2016-10-25,30200.0,0.6,12.8,14700.0,0.4,689.0,0.7
2016-10-26,28900.0,18.5,13.0,14900.0,23.8,670.0,17.2
2016-10-27,33000.0,18.4,12.2,17400.0,24.1,968.0,22.6
2016-10-28,39500.0,1.7,11.8,21600.0,4.3,1010.0,1.6
2016-10-29,41100.0,3.1,12.2,22700.0,4.7,803.0,2.8
2016-10-30,38900.0,4.4,10.6,21600.0,6.7,671.0,4.5
2016-10-31,37800.0,8.4,11.8,21200.0,5.5,922.0,7.7
2016-11-01,39700.0,0.0,11.6,21900.0,0.0,845.0,0.0
2016-11-02,37400.0,1.2,12.5,20100.0,0.5,658.0,1.5
2016-11-03,34600.0,1.7,14.0,18300.0,1.0,537.0,1.2
2016-11-04,28700.0,0.0,12.1,15500.0,0.0,455.0,0.0
2016-11-05,22400.0,24.3,12.1,12400.0,18.4,439.0,16.1
2016-11-06,23600.0,14.5,11.8,13100.0,17.7,794.0,15.5
2016-11-07,24400.0,0.0,13.1,13500.0,0.0,648.0,0.0
2016-11-08,21400.0,0.0,13.3,11800.0,0.0,532.0,0.0
2016-11-09,19300.0,0.6,12.7,10800.0,0.1,455.0,0.4
2016-11-10,18400.0,0.0,12.2,10300.0,0.0,400.0,0.0
2016-11-11,17700.0,0.0,12.6,9780.0,0.0,354.0,0.0
2016-11-12,17200.0,4.6,13.7,9520.0,3.9,341.0,4.7
2016-11-13,16900.0,2.0,10.7,9290.0,1.0,346.0,1.9
2016-11-14,17400.0,21.3,12.4,9290.0,26.9,985.0,19.0
2016-11-15,24600.0,10.2,12.3,11100.0,15.4,3500.0,10.2
2016-11-16,34800.0,1.0,7.7,15300.0,7.6,2540.0,0.4
2016-11-17,34900.0,0.1,7.4,15700.0,1.7,1490.0,0.5
2016-11-18,32700.0,0.0,6.4,14600.0,0.0,1070.0,0.0
2016-11-19,30300.0,0.7,9.7,14300.0,6.1,837.0,1.0
2016-11-20,29000.0,1.9,10.9,13700.0,4.2,692.0,1.7
2016-11-21,28200.0,0.2,9.7,13400.0,2.8,709.0,0.4
2016-11-22,28700.0,2.8,9.0,14000.0,3.7,696.0,2.0
2016-11-23,31300.0,14.9,7.9,15500.0,16.3,924.0,14.8
2016-11-24,38300.0,34.6,7.8,19900.0,26.6,997.0,28.2
2016-11-25,59200.0,46.0,8.9,29100.0,48.8,1520.0,47.2
2016-11-26,69300.0,2.1,8.0,32600.0,1.1,1410.0,2.8
2016-11-27,64200.0,7.4,6.7,28200.0,8.7,1210.0,9.0
2016-11-28,55300.0,9.8,7.7,24900.0,13.0,1960.0,10.5
2016-11-29,53000.0,0.0,7.3,25700.0,0.6,1780.0,0.1
2016-11-30,51800.0,6.2,7.3,25900.0,12.9,1530.0,8.0
2016-12-01,48900.0,0.4,4.8,25100.0,1.5,1380.0,1.2
2016-12-02,44900.0,0.8,6.0,23400.0,0.1,1090.0,0.3
2016-12-03,40800.0,0.6,8.1,21200.0,0.4,1010.0,0.4
2016-12-04,38500.0,16.9,7.6,19200.0,15.6,1390.0,16.2
2016-12-05,41800.0,5.1,2.5,21500.0,5.2,1280.0,5.6
2016-12-06,43900.0,1.9,3.0,23700.0,2.4,996.0,1.2
2016-12-07,41200.0,0.0,0.0,23000.0,0.0,797.0,0.0
2016-12-08,37500.0,14.3,-0.1,21100.0,8.4,685.0,14.1
2016-12-09,38700.0,7.9,4.3,22300.0,10.4,1060.0,8.1
2016-12-10,47400.0,14.9,6.1,28200.0,12.9,2290.0,13.5
2016-12-11,60100.0,5.8,5.9,37600.0,13.3,1800.0,5.5
2016-12-12,65600.0,4.1,5.1,40900.0,6.7,1610.0,4.9
2016-12-13,62400.0,0.0,2.6,39100.0,0.0,1190.0,0.0
2016-12-14,53900.0,4.6,1.0,33300.0,16.7,954.0,7.3
2016-12-15,51400.0,8.4,-0.6,35500.0,12.5,783.0,10.2
2016-12-16,58300.0,0.0,-2.0,44400.0,0.0,645.0,0.0
2016-12-17,58000.0,0.0,-2.4,42300.0,0.0,546.0,0.0
2016-12-18,51600.0,0.0,0.6,37000.0,0.0,478.0,0.0
2016-12-19,46600.0,8.1,1.4,33500.0,7.2,468.0,7.8
2016-12-20,53000.0,16.6,7.8,33600.0,12.1,4330.0,14.0
2016-12-21,67400.0,0.0,2.4,37500.0,0.0,2370.0,0.0
2016-12-22,64200.0,0.0,2.2,37100.0,0.0,1390.0,0.0
2016-12-23,56500.0,9.5,4.1,33500.0,10.5,1120.0,11.5
2016-12-24,51300.0,0.1,1.2,31400.0,0.4,960.0,0.4
2016-12-25,46000.0,0.3,1.1,28300.0,0.0,792.0,0.0
2016-12-26,40000.0,0.0,1.5,24000.0,0.0,672.0,0.0
2016-12-27,36000.0,12.0,4.7,20900.0,13.2,986.0,11.5
2016-12-28,37100.0,0.9,3.4,21300.0,2.0,1080.0,1.5
2016-12-29,35900.0,0.0,3.6,21000.0,0.0,843.0,0.0
2016-12-30,32900.0,1.4,4.6,19900.0,0.3,731.0,1.6
2016-12-31,30800.0,0.0,0.9,18900.0,0.0,639.0,0.0
2017-01-01,29500.0,3.7,2.1,18100.0,4.9,591.0,2.5
2017-01-02,29600.0,2.8,-1.0,18300.0,3.7,520.0,13.2
2017-01-03,28100.0,0.7,-2.3,17400.0,1.1,448.0,0.7
2017-01-04,25600.0,1.5,-2.2,16200.0,1.9,402.0,1.9
2017-01-05,23800.0,0.0,-3.0,14300.0,0.0,362.0,0.0
2017-01-06,20700.0,0.0,-5.0,12400.0,0.0,333.0,0.0
2017-01-07,19900.0,4.8,-4.1,11800.0,11.8,320.0,6.7
2017-01-08,20000.0,11.8,-2.2,12300.0,15.9,367.0,10.9
2017-01-09,28100.0,14.2,3.0,19200.0,16.6,908.0,16.3
2017-01-10,48200.0,13.0,3.3,32600.0,21.2,833.0,20.3
2017-01-11,58000.0,15.1,-0.3,38400.0,5.8,851.0,9.7
2017-01-12,56100.0,0.0,-5.1,36400.0,0.0,696.0,0.0
2017-01-13,48500.0,0.0,-6.1,31700.0,0.0,589.0,0.0
2017-01-14,43200.0,0.0,-5.7,30200.0,0.0,521.0,0.0
2017-01-15,41000.0,0.0,-4.0,29700.0,0.0,466.0,0.0
2017-01-16,37200.0,0.0,-3.0,26800.0,0.0,429.0,0.0
2017-01-17,33600.0,3.9,-0.2,23300.0,6.7,519.0,2.7
2017-01-18,41400.0,34.9,9.4,24300.0,19.6,2670.0,29.1
2017-01-19,52100.0,6.7,7.3,27800.0,6.9,2000.0,6.0
2017-01-20,48800.0,3.4,5.6,25500.0,6.0,1380.0,3.9
2017-01-21,42600.0,5.4,4.2,23100.0,4.9,1060.0,6.2
2017-01-22,39800.0,4.2,5.9,23100.0,4.7,967.0,4.9
2017-01-23,38400.0,0.8,3.3,22700.0,2.0,822.0,1.2
2017-01-24,34200.0,0.0,2.1,20600.0,0.0,680.0,0.0
2017-01-25,31200.0,1.2,2.3,19400.0,0.0,583.0,0.0
2017-01-26,28600.0,1.5,5.3,18100.0,0.2,513.0,0.9
2017-01-27,26800.0,0.0,3.1,17200.0,0.0,457.0,0.0
2017-01-28,24900.0,0.0,1.7,15800.0,0.0,419.0,0.0
2017-01-29,22900.0,0.0,2.2,14700.0,0.0,418.0,0.0
2017-01-30,21700.0,0.0,5.3,14000.0,0.0,431.0,0.0
2017-01-31,20900.0,0.6,4.6,13500.0,2.0,444.0,1.3
2017-02-01,20400.0,0.0,2.0,13400.0,0.0,429.0,0.0
2017-02-02,19500.0,1.7,1.6,12800.0,2.9,390.0,3.1
2017-02-03,19100.0,10.2,-0.3,12600.0,10.0,394.0,9.9
2017-02-04,24600.0,21.6,7.8,15500.0,20.0,1580.0,27.0
2017-02-05,43000.0,43.2,6.1,24900.0,51.8,3540.0,54.2
2017-02-06,76900.0,23.4,2.9,42500.0,18.5,2580.0,19.1
2017-02-07,77000.0,6.6,2.1,40600.0,7.9,1530.0,7.9
2017-02-08,67300.0,13.9,3.0,34600.0,13.2,1930.0,10.7
2017-02-09,74500.0,37.2,10.3,39200.0,29.6,5030.0,32.1
2017-02-10,86700.0,4.0,8.2,46300.0,3.2,3530.0,6.0
2017-02-11,82600.0,0.0,4.2,46200.0,0.1,1950.0,0.3
2017-02-12,69300.0,0.0,2.9,40700.0,0.0,1300.0,0.0
2017-02-13,57500.0,0.0,3.8,34900.0,0.0,1000.0,0.0
2017-02-14,48600.0,0.0,3.8,29500.0,0.0,837.0,0.0
2017-02-15,45200.0,18.1,8.2,26600.0,7.6,953.0,10.8
2017-02-16,58100.0,46.9,10.2,32400.0,47.9,3550.0,47.2
2017-02-17,76800.0,0.7,7.1,41000.0,1.8,2990.0,3.5
2017-02-18,72600.0,3.0,7.9,38700.0,8.7,1740.0,4.1
2017-02-19,61900.0,8.8,6.2,33000.0,5.2,1450.0,6.0
2017-02-20,61100.0,25.3,5.9,33400.0,16.5,1490.0,18.2
2017-02-21,67300.0,20.7,6.1,37900.0,37.3,1730.0,30.7
2017-02-22,78000.0,2.5,3.3,46600.0,4.2,1450.0,4.6
2017-02-23,79100.0,2.9,1.4,47800.0,1.0,1150.0,3.2
2017-02-24,67500.0,3.4,1.0,38000.0,0.9,943.0,1.5
2017-02-25,53400.0,1.2,1.3,30100.0,1.5,782.0,1.4
2017-02-26,43900.0,8.5,2.9,25400.0,12.1,695.0,7.4
2017-02-27,40100.0,5.6,1.5,23700.0,4.7,617.0,5.1
2017-02-28,37000.0,2.5,3.4,21500.0,8.0,597.0,4.7
2017-03-01,33700.0,0.3,6.3,19400.0,0.3,573.0,0.1
2017-03-02,31500.0,0.0,5.9,17800.0,0.0,546.0,0.1
2017-03-03,29000.0,0.9,7.6,16500.0,0.6,539.0,0.5
2017-03-04,29400.0,13.4,4.9,17000.0,12.1,916.0,9.9
2017-03-05,32300.0,8.5,2.6,19400.0,9.0,784.0,6.0
2017-03-06,34600.0,8.4,2.6,21400.0,14.1,686.0,8.2
2017-03-07,39300.0,15.1,4.3,24800.0,17.7,764.0,20.2
2017-03-08,50100.0,7.4,7.5,30500.0,14.0,4110.0,22.4
2017-03-09,70100.0,10.8,9.7,40900.0,16.1,8630.0,15.6
2017-03-10,90500.0,5.3,11.3,49900.0,1.5,6120.0,1.3
2017-03-11,94400.0,4.8,7.9,53500.0,6.7,3280.0,6.3
2017-03-12,80300.0,0.3,10.2,44500.0,0.1,2760.0,0.4
2017-03-13,62200.0,5.1,10.8,35400.0,1.7,2470.0,2.7
2017-03-14,57900.0,17.4,12.4,31800.0,8.9,3510.0,12.3
2017-03-15,70000.0,21.7,11.4,37000.0,15.5,3020.0,19.4
2017-03-16,76400.0,2.2,7.1,38900.0,3.7,3520.0,4.9
2017-03-17,76100.0,2.6,4.5,39400.0,1.7,2040.0,1.6
2017-03-18,71600.0,18.5,10.0,37600.0,14.3,2450.0,20.7
2017-03-19,72900.0,0.0,5.0,38200.0,0.0,2310.0,0.0
2017-03-20,70900.0,2.0,6.5,38000.0,3.0,1470.0,2.1
2017-03-21,65800.0,10.2,8.5,34800.0,10.2,1260.0,13.6
2017-03-22,60700.0,4.6,8.6,32700.0,4.2,1300.0,5.9
2017-03-23,57400.0,0.5,7.4,30800.0,0.0,1300.0,0.0
2017-03-24,58200.0,25.9,8.6,31700.0,26.6,2080.0,25.6
2017-03-25,66800.0,3.8,8.0,36700.0,6.1,2340.0,5.2
2017-03-26,66000.0,9.8,7.2,36400.0,9.1,2000.0,9.4
2017-03-27,65500.0,3.6,8.0,35900.0,10.4,2780.0,7.0
2017-03-28,68300.0,0.6,8.8,38800.0,0.2,2140.0,1.9
2017-03-29,68200.0,6.5,9.6,37500.0,13.1,2830.0,13.5
2017-03-30,68600.0,2.0,8.1,36500.0,5.3,3230.0,4.0
2017-03-31,68400.0,0.3,6.9,36900.0,0.8,1910.0,0.1
2017-04-01,60900.0,0.3,9.1,33400.0,1.7,1360.0,1.5
2017-04-02,52400.0,0.0,8.4,29500.0,0.0,1110.0,0.0
2017-04-03,45500.0,0.0,5.9,26900.0,0.0,917.0,0.0
2017-04-04,40500.0,0.1,8.1,25000.0,0.0,771.0,0.0
2017-04-05,35700.0,0.7,10.5,22100.0,0.0,681.0,0.0
2017-04-06,32200.0,8.3,10.3,19800.0,3.7,722.0,5.5
2017-04-07,30100.0,8.5,10.4,18300.0,17.2,846.0,11.0
2017-04-08,29800.0,6.4,6.5,18500.0,9.0,811.0,3.3
2017-04-09,28900.0,0.2,6.8,17800.0,0.8,689.0,0.3
2017-04-10,27400.0,8.5,7.3,17300.0,11.3,621.0,7.7
2017-04-11,26700.0,0.6,6.7,16900.0,1.2,593.0,0.6
2017-04-12,27000.0,14.0,9.4,16700.0,15.7,670.0,13.8
2017-04-13,28900.0,7.9,7.2,16700.0,7.5,928.0,5.4
2017-04-14,28500.0,6.3,6.9,16300.0,14.7,964.0,2.7
2017-04-15,27600.0,0.1,6.5,15900.0,0.8,926.0,0.1
2017-04-16,25900.0,0.1,9.1,15300.0,1.7,810.0,0.1
2017-04-17,24900.0,4.3,10.3,15300.0,4.8,871.0,5.7
2017-04-18,27200.0,6.0,10.8,17100.0,10.5,1260.0,7.0
2017-04-19,30000.0,3.6,9.9,19200.0,2.7,1200.0,3.6
2017-04-20,29700.0,8.5,9.1,18700.0,11.3,1380.0,3.8
2017-04-21,30100.0,0.0,9.1,19200.0,0.0,1380.0,0.0
2017-04-22,28700.0,1.6,12.1,18200.0,0.8,1120.0,1.6
2017-04-23,27300.0,2.2,9.6,17300.0,1.2,1140.0,1.4
2017-04-24,27800.0,13.2,8.4,17200.0,15.9,2490.0,17.3
2017-04-25,36700.0,3.4,8.2,21900.0,8.6,3080.0,4.1
2017-04-26,46300.0,12.4,9.9,25700.0,11.5,3600.0,15.6
2017-04-27,60300.0,4.7,8.2,33100.0,10.3,3350.0,3.6
2017-04-28,66900.0,0.0,7.6,37200.0,0.0,2350.0,0.1
2017-04-29,61800.0,0.0,9.4,34000.0,0.0,1550.0,0.0
2017-04-30,50400.0,3.9,10.7,29100.0,1.8,1400.0,3.3
2017-05-01,44700.0,0.2,7.4,25800.0,0.0,1250.0,0.8
2017-05-02,40200.0,0.7,12.0,23500.0,0.5,1050.0,1.4
2017-05-03,35900.0,1.2,14.9,21400.0,0.0,1070.0,0.5
2017-05-04,33700.0,1.9,18.8,19800.0,0.1,1390.0,0.1
2017-05-05,34700.0,8.9,13.3,18700.0,14.7,1680.0,12.5
2017-05-06,36100.0,1.0,8.3,17700.0,0.3,1210.0,0.7
2017-05-07,31900.0,0.2,9.1,17200.0,0.1,876.0,0.1
2017-05-08,28500.0,0.0,11.3,17100.0,0.0,713.0,0.0
2017-05-09,26600.0,0.0,13.1,15800.0,0.0,660.0,0.0
2017-05-10,24400.0,0.0,13.0,14600.0,0.0,679.0,0.0
2017-05-11,23800.0,10.5,13.0,14100.0,15.8,765.0,10.6
2017-05-12,24500.0,5.9,8.6,14300.0,8.9,800.0,5.1
2017-05-13,25400.0,12.4,8.5,14800.0,10.6,949.0,8.9
2017-05-14,28000.0,15.1,9.1,16400.0,4.9,1310.0,6.5
2017-05-15,30100.0,0.2,9.4,17100.0,0.0,1150.0,0.0
2017-05-16,30600.0,15.5,9.8,17100.0,21.0,2720.0,21.1
2017-05-17,39400.0,2.3,10.1,20500.0,1.2,2810.0,1.0
2017-05-18,42600.0,0.1,11.2,23500.0,0.2,1830.0,0.1
2017-05-19,40300.0,0.0,14.4,22800.0,0.0,1320.0,0.0
2017-05-20,35800.0,0.6,14.0,20600.0,0.0,1130.0,0.1
2017-05-21,32400.0,0.0,16.0,18700.0,0.0,1000.0,0.0
2017-05-22,29300.0,0.0,19.8,17000.0,0.0,996.0,0.0
2017-05-23,27200.0,0.0,20.8,15900.0,0.0,1010.0,0.0
2017-05-24,26100.0,0.0,12.6,15600.0,0.0,886.0,0.0
2017-05-25,26000.0,0.0,12.1,16300.0,0.0,657.0,0.0
2017-05-26,25600.0,0.0,16.2,16000.0,0.0,563.0,0.0
2017-05-27,23700.0,0.0,18.9,14600.0,0.0,552.0,0.0
2017-05-28,21900.0,0.0,17.9,14100.0,0.0,571.0,0.0
2017-05-29,21300.0,0.0,15.6,14000.0,0.0,585.0,0.0
2017-05-30,21700.0,0.5,13.8,13800.0,0.8,558.0,0.2
2017-05-31,21100.0,0.1,14.2,13400.0,0.0,449.0,0.3
2017-06-01,19200.0,1.6,16.3,12500.0,0.6,422.0,2.2
2017-06-02,17200.0,0.0,15.3,11800.0,0.0,398.0,0.0
2017-06-03,16800.0,1.2,14.4,12000.0,0.1,368.0,0.3
2017-06-04,17500.0,0.1,13.9,12200.0,0.1,332.0,0.6
2017-06-05,16900.0,0.0,13.6,11700.0,0.0,290.0,0.0
2017-06-06,16100.0,0.0,17.6,11400.0,0.0,268.0,0.0
2017-06-07,15800.0,0.0,16.8,11300.0,0.0,275.0,0.0
2017-06-08,15700.0,9.4,15.6,11200.0,11.7,376.0,10.9
2017-06-09,16500.0,7.3,12.0,11300.0,3.0,456.0,2.6
2017-06-10,17300.0,6.5,11.1,11500.0,14.5,537.0,9.8
2017-06-11,17200.0,5.9,11.7,11900.0,1.8,519.0,1.0
2017-06-12,17000.0,0.0,13.3,11900.0,0.5,403.0,0.5
2017-06-13,16600.0,0.6,12.4,11600.0,0.9,419.0,0.9
2017-06-14,16100.0,0.1,12.7,11200.0,0.0,403.0,0.1
2017-06-15,15800.0,3.1,14.0,11000.0,5.4,393.0,4.5
2017-06-16,15900.0,3.2,15.2,10900.0,0.8,622.0,3.4
2017-06-17,16400.0,0.1,14.5,10800.0,0.0,778.0,0.4
2017-06-18,16000.0,0.0,18.2,10500.0,0.0,575.0,0.0
2017-06-19,15200.0,0.0,20.7,10000.0,0.0,461.0,0.0
2017-06-20,14200.0,0.0,18.4,9550.0,0.0,388.0,0.1
2017-06-21,14200.0,0.0,15.8,9560.0,0.0,326.0,0.0
2017-06-22,13200.0,0.0,17.2,8750.0,0.0,279.0,0.0
2017-06-23,12600.0,0.0,20.8,8450.0,0.0,247.0,0.0
2017-06-24,12100.0,0.0,24.3,8100.0,0.0,223.0,0.0
2017-06-25,11400.0,0.0,25.4,7620.0,0.0,202.0,0.0
2017-06-26,10900.0,0.4,19.9,7220.0,1.0,187.0,1.6
2017-06-27,10500.0,0.0,17.5,7020.0,0.0,175.0,0.0
2017-06-28,10400.0,0.0,16.2,7020.0,0.0,164.0,0.0
2017-06-29,10500.0,0.0,16.9,6970.0,0.0,153.0,0.0
2017-06-30,10300.0,0.0,20.1,6990.0,0.0,144.0,0.0
2017-07-01,10200.0,0.0,17.5,7050.0,0.0,136.0,0.0
2017-07-02,10100.0,0.0,18.4,7090.0,0.0,130.0,0.0
2017-07-03,9880.0,0.0,18.9,6930.0,0.0,123.0,0.0
2017-07-04,9600.0,0.0,19.5,6840.0,0.0,117.0,0.0
2017-07-05,9550.0,0.0,22.1,6880.0,0.0,110.0,0.0
2017-07-06,9380.0,0.0,19.8,6730.0,0.0,105.0,0.0
2017-07-07,9270.0,0.0,19.2,6680.0,0.0,101.0,0.0
2017-07-08,9200.0,0.0,19.1,6590.0,0.0,96.9,0.0
2017-07-09,9090.0,0.0,20.6,6500.0,0.0,92.0,0.0
2017-07-10,9060.0,0.0,19.6,6450.0,0.0,88.5,0.0
2017-07-11,8910.0,0.0,17.8,6310.0,0.0,85.0,0.0
2017-07-12,8810.0,0.0,18.8,6210.0,0.0,81.8,0.0
2017-07-13,8540.0,0.0,18.2,5920.0,0.0,79.5,0.0
2017-07-14,8620.0,0.0,19.3,5960.0,0.0,77.4,0.0
2017-07-15,8330.0,0.0,19.4,5630.0,0.0,74.0,0.0
2017-07-16,7780.0,0.0,17.3,5250.0,0.0,71.3,0.0
2017-07-17,7590.0,0.0,18.8,5160.0,0.0,69.1,0.0
2017-07-18,7330.0,0.0,19.5,5010.0,0.0,66.9,0.0
2017-07-19,7100.0,0.0,18.1,4940.0,0.0,65.1,0.0
2017-07-20,6890.0,0.0,18.4,4920.0,0.0,63.3,0.1
2017-07-21,6840.0,0.0,18.3,4900.0,0.0,61.9,0.0
2017-07-22,6770.0,0.0,21.8,4850.0,0.0,59.2,0.0
2017-07-23,6730.0,0.0,23.8,4810.0,0.0,56.8,0.0
2017-07-24,6670.0,0.0,21.7,4760.0,0.0,54.9,0.0
2017-07-25,6540.0,0.0,22.2,4700.0,0.0,53.6,0.0
2017-07-26,6460.0,0.0,21.4,4660.0,0.0,51.7,0.0
2017-07-27,6420.0,0.0,19.6,4610.0,0.0,50.4,0.0
2017-07-28,6400.0,0.0,19.6,4580.0,0.0,49.5,0.0
2017-07-29,6390.0,0.0,19.6,4560.0,0.0,48.1,0.0
2017-07-30,6370.0,0.0,22.3,4560.0,0.0,46.6,0.0
2017-07-31,6330.0,0.0,23.6,4500.0,0.0,45.1,0.0
2017-08-01,6210.0,0.0,25.9,4700.0,0.0,43.1,0.0
2017-08-02,7120.0,0.0,28.5,6030.0,0.0,42.5,0.0
2017-08-03,8390.0,0.0,29.1,7260.0,0.0,41.1,0.0
2017-08-04,9060.0,0.0,26.0,7550.0,0.0,39.3,0.0
2017-08-05,9110.0,0.0,21.2,7520.0,0.0,38.8,0.0
2017-08-06,9290.0,0.0,21.9,7690.0,0.0,37.9,0.0
2017-08-07,9480.0,0.0,23.6,7770.0,0.0,37.3,0.0
2017-08-08,9440.0,0.0,23.4,7770.0,0.0,36.8,0.0
2017-08-09,9390.0,0.0,23.9,7690.0,0.0,35.9,0.0
2017-08-10,9320.0,0.0,23.1,7670.0,0.0,35.2,0.0
2017-08-11,9310.0,0.0,22.0,7620.0,0.0,35.0,0.0
2017-08-12,9300.0,0.0,19.6,7610.0,0.0,34.7,0.0
2017-08-13,9350.0,4.3,18.0,7570.0,4.1,36.0,7.1
2017-08-14,9420.0,0.0,16.8,7620.0,0.0,38.5,0.0
2017-08-15,9440.0,0.0,18.4,7680.0,0.0,37.0,0.0
2017-08-16,9440.0,0.0,19.6,7670.0,0.0,34.8,0.0
2017-08-17,9090.0,0.0,20.0,7080.0,0.0,33.3,0.0
2017-08-18,8730.0,0.0,20.1,6890.0,0.0,32.4,0.0
2017-08-19,8610.0,0.0,19.6,6830.0,0.0,31.5,0.0
2017-08-20,8510.0,0.0,19.4,6840.0,0.0,30.9,0.0
2017-08-21,8580.0,0.0,21.6,6900.0,0.0,30.8,0.0
2017-08-22,8720.0,0.0,22.2,7080.0,0.0,30.6,0.0
2017-08-23,8760.0,0.0,20.7,7080.0,0.0,29.9,0.0
2017-08-24,8830.0,0.6,18.8,7180.0,0.2,29.5,1.3
2017-08-25,8870.0,0.0,18.1,7170.0,0.0,28.9,0.0
2017-08-26,8760.0,0.0,20.5,7010.0,0.0,28.2,0.0
2017-08-27,8610.0,0.0,23.8,6850.0,0.0,27.6,0.0
2017-08-28,8630.0,0.0,25.4,6880.0,0.0,26.7,0.0
2017-08-29,8690.0,0.0,23.2,7140.0,0.0,25.8,0.0
2017-08-30,9090.0,0.0,18.6,7250.0,0.0,25.0,0.0
2017-08-31,8950.0,0.0,19.5,6890.0,0.0,24.9,0.0
2017-09-01,8850.0,0.0,21.5,6660.0,0.0,25.0,0.0
2017-09-02,8880.0,0.0,24.9,6350.0,0.0,24.4,0.0
2017-09-03,9120.0,0.0,25.9,6420.0,0.0,23.4,0.0
2017-09-04,9420.0,0.0,25.8,6450.0,0.0,22.9,0.0
2017-09-05,9500.0,0.0,25.9,6380.0,0.0,22.7,0.0
2017-09-06,9390.0,0.0,22.7,6080.0,0.0,22.4,0.0
2017-09-07,9080.0,0.0,22.7,5830.0,1.8,23.0,0.1
2017-09-08,8910.0,0.7,19.2,5630.0,0.0,23.7,0.2
2017-09-09,8720.0,0.1,19.2,5400.0,0.0,24.9,0.0
2017-09-10,8370.0,1.6,18.6,5030.0,0.2,25.2,0.2
2017-09-11,8070.0,0.0,19.7,4820.0,0.0,24.2,0.0
2017-09-12,7890.0,0.0,22.1,4700.0,0.0,22.4,0.0
2017-09-13,7890.0,0.0,17.1,4860.0,0.0,21.2,0.0
2017-09-14,8070.0,0.0,16.8,5040.0,0.0,20.5,0.0
2017-09-15,8180.0,0.0,16.5,5130.0,0.0,20.4,0.0
2017-09-16,8360.0,0.0,17.4,5320.0,0.0,20.4,0.0
2017-09-17,8540.0,3.4,15.5,5400.0,1.0,22.5,3.4
2017-09-18,8680.0,12.6,13.7,5450.0,12.4,58.4,4.8
2017-09-19,9270.0,12.7,12.5,5800.0,29.2,290.0,7.8
2017-09-20,10700.0,12.0,12.4,6570.0,16.1,1320.0,11.9
2017-09-21,12600.0,3.3,10.3,7640.0,1.6,776.0,1.7
2017-09-22,11900.0,1.6,11.5,7300.0,0.4,331.0,1.0
2017-09-23,10900.0,0.0,13.4,6960.0,0.0,210.0,0.0
2017-09-24,10400.0,0.0,14.0,6710.0,0.0,155.0,0.0
2017-09-25,10100.0,0.2,14.8,6430.0,0.0,125.0,0.1
2017-09-26,9630.0,0.0,16.6,6050.0,0.0,107.0,0.0
2017-09-27,9240.0,0.0,18.7,5750.0,0.0,93.4,0.0
2017-09-28,8930.0,0.0,18.6,5490.0,0.0,82.7,0.0
2017-09-29,8740.0,1.9,16.8,5370.0,3.8,75.7,0.9
2017-09-30,9210.0,2.5,12.6,5680.0,1.6,75.0,2.8
2017-10-01,9750.0,0.7,12.3,6120.0,0.2,81.1,1.2
2017-10-02,10300.0,1.0,10.8,6450.0,0.5,81.2,1.3
2017-10-03,10700.0,0.0,11.9,6760.0,0.0,72.5,0.0
2017-10-04,11100.0,0.0,12.9,6660.0,0.0,66.2,0.0
2017-10-05,11000.0,0.0,12.3,6660.0,0.0,62.0,0.0
2017-10-06,11000.0,0.0,13.2,6540.0,0.0,58.7,0.0
2017-10-07,11000.0,0.7,13.9,6260.0,0.9,59.4,2.2
2017-10-08,11000.0,0.0,11.9,6300.0,0.1,62.8,0.1
2017-10-09,11000.0,0.0,10.6,6280.0,0.0,62.9,0.0
2017-10-10,11000.0,3.0,11.1,6230.0,3.6,58.3,1.7
2017-10-11,11300.0,5.2,8.2,6860.0,2.4,76.5,6.4
2017-10-12,12900.0,11.0,8.2,8380.0,9.4,351.0,12.3
2017-10-13,15500.0,7.6,9.1,9410.0,17.2,711.0,9.4
2017-10-14,17100.0,0.2,6.8,11000.0,0.9,392.0,0.2
2017-10-15,16300.0,0.0,9.0,10200.0,0.0,268.0,0.0
2017-10-16,15100.0,0.0,10.0,9590.0,0.0,218.0,0.0
2017-10-17,14200.0,0.0,10.1,9330.0,0.0,187.0,0.0
2017-10-18,14100.0,0.2,12.7,9320.0,0.2,165.0,0.6
2017-10-19,14100.0,19.5,12.3,9330.0,20.7,422.0,19.9
2017-10-20,17200.0,8.2,9.3,10400.0,26.1,2370.0,11.2
2017-10-21,23200.0,26.2,8.9,12800.0,27.1,4520.0,24.3
2017-10-22,39900.0,38.9,14.1,17300.0,36.2,9310.0,38.4
2017-10-23,54800.0,0.0,12.3,25800.0,0.2,2670.0,0.1
2017-10-24,39700.0,0.0,12.4,20600.0,0.0,1320.0,0.0
2017-10-25,30300.0,0.0,11.3,16400.0,0.0,873.0,0.0
2017-10-26,27200.0,0.2,14.0,14600.0,0.1,652.0,0.6
2017-10-27,24800.0,0.0,12.9,13600.0,0.0,518.0,0.0
2017-10-28,24400.0,0.0,12.0,12900.0,0.0,429.0,0.0
2017-10-29,23300.0,0.3,11.2,12300.0,0.0,367.0,0.2
2017-10-30,22500.0,0.0,11.2,11800.0,0.0,316.0,0.0
2017-10-31,21600.0,0.0,8.5,11300.0,0.0,280.0,0.0
2017-11-01,20800.0,1.0,8.9,10900.0,0.1,253.0,0.3
2017-11-02,20400.0,2.6,9.6,10400.0,5.6,282.0,3.1
2017-11-03,21100.0,3.4,7.1,10300.0,7.4,587.0,6.2
2017-11-04,22800.0,0.5,5.5,11900.0,0.1,448.0,3.3
2017-11-05,23500.0,18.5,7.2,12000.0,22.8,550.0,12.0
2017-11-06,24600.0,0.4,5.2,12600.0,0.3,620.0,2.4
2017-11-07,25600.0,0.0,3.7,13100.0,0.0,541.0,0.0
2017-11-08,25000.0,7.3,5.0,13200.0,6.7,468.0,6.8
2017-11-09,25600.0,12.8,7.3,13000.0,9.3,661.0,16.7
2017-11-10,27900.0,10.6,8.5,13700.0,15.6,1030.0,18.0
2017-11-11,31600.0,1.1,10.1,16200.0,4.1,1070.0,3.9
2017-11-12,32300.0,6.5,10.6,16300.0,0.6,904.0,4.2
2017-11-13,31700.0,15.9,10.0,15500.0,11.2,1220.0,10.9
2017-11-14,33800.0,1.7,8.6,16400.0,0.5,1190.0,0.5
2017-11-15,33300.0,31.4,9.3,16900.0,28.5,1110.0,28.4
2017-11-16,41800.0,11.6,6.6,21200.0,20.8,1620.0,19.0
2017-11-17,50300.0,2.9,5.8,26700.0,2.7,1460.0,3.1
2017-11-18,47600.0,0.0,4.9,25300.0,0.3,1160.0,0.0
2017-11-19,42700.0,0.0,4.0,23600.0,0.0,905.0,0.0
2017-11-20,40100.0,15.4,10.2,21000.0,8.5,4070.0,14.9
2017-11-21,46700.0,9.7,9.9,22700.0,7.7,3180.0,7.6
2017-11-22,49500.0,12.1,13.8,26100.0,4.4,2630.0,10.4
2017-11-23,52300.0,12.8,14.1,28000.0,11.8,5110.0,18.5
2017-11-24,66200.0,0.4,8.5,35400.0,0.1,3500.0,0.3
2017-11-25,68200.0,0.8,5.2,40200.0,0.5,1850.0,0.7
2017-11-26,61400.0,8.4,7.4,37200.0,14.2,1590.0,10.5
2017-11-27,58600.0,1.7,5.7,35100.0,1.5,1890.0,1.4
2017-11-28,56000.0,11.1,5.6,33600.0,8.5,1410.0,10.8
2017-11-29,53100.0,0.3,5.5,31100.0,0.4,1340.0,1.0
2017-11-30,49700.0,4.0,4.2,29200.0,2.3,1090.0,3.1
2017-12-01,46300.0,0.7,6.7,27000.0,3.6,904.0,2.2
2017-12-02,43700.0,14.2,6.2,25300.0,9.1,801.0,12.1
2017-12-03,43500.0,3.3,4.8,24400.0,4.2,798.0,5.3
2017-12-04,42400.0,0.0,3.7,23600.0,0.2,719.0,0.1
2017-12-05,38500.0,0.0,2.5,20400.0,0.0,639.0,0.0
2017-12-06,34200.0,0.0,5.0,17900.0,0.0,570.0,0.0
2017-12-07,30900.0,0.0,3.3,15600.0,0.0,511.0,0.0
2017-12-08,28000.0,0.0,0.7,13800.0,0.0,467.0,0.0
2017-12-09,25800.0,0.0,-0.6,12200.0,0.0,434.0,0.0
2017-12-10,23800.0,0.0,-0.1,10800.0,0.0,402.0,0.0
2017-12-11,22100.0,0.0,-0.3,9540.0,0.0,370.0,0.0
2017-12-12,21000.0,0.0,-1.3,8980.0,0.0,340.0,0.0
2017-12-13,20100.0,0.0,-0.1,8550.0,0.0,315.0,0.0
2017-12-14,19300.0,0.0,1.4,8250.0,0.0,293.0,0.0
2017-12-15,18700.0,0.4,-0.3,8070.0,1.5,276.0,1.7
2017-12-16,18000.0,0.9,2.4,7810.0,1.1,268.0,1.0
2017-12-17,16900.0,0.2,3.5,7620.0,0.0,249.0,0.0
2017-12-18,15900.0,0.1,6.0,7490.0,0.0,258.0,0.0
2017-12-19,15300.0,22.7,8.5,7660.0,20.1,407.0,19.9
2017-12-20,18200.0,7.8,4.1,9740.0,4.9,697.0,3.6
2017-12-21,20100.0,0.0,-0.1,11300.0,0.1,536.0,0.0
2017-12-22,18800.0,0.2,0.3,10400.0,0.0,464.0,0.1
2017-12-23,18200.0,9.6,3.2,10400.0,4.1,469.0,9.1
2017-12-24,19000.0,3.3,-1.1,10800.0,1.1,442.0,2.2
2017-12-25,19700.0,4.7,3.7,11200.0,4.1,664.0,4.4
2017-12-26,20600.0,0.3,-0.9,11500.0,0.3,735.0,0.4
2017-12-27,19700.0,1.3,2.8,10800.0,5.4,657.0,2.5
2017-12-28,19100.0,0.4,6.5,10600.0,0.1,937.0,0.3
2017-12-29,23200.0,22.6,9.8,10700.0,5.2,5080.0,13.4
2017-12-30,34700.0,7.1,7.8,13400.0,10.0,4410.0,12.5
2017-12-31,36400.0,0.0,3.4,16600.0,0.0,1950.0,0.0
2018-01-01,30600.0,0.0,1.4,15300.0,0.0,1230.0,0.0
2018-01-02,25900.0,0.0,1.4,13800.0,0.0,933.0,0.0
2018-01-03,23700.0,0.0,1.6,12700.0,0.0,771.0,0.0
2018-01-04,22400.0,1.3,1.9,11700.0,0.9,670.0,2.0
2018-01-05,21500.0,11.1,4.7,11500.0,6.4,608.0,7.2
2018-01-06,21500.0,2.6,7.1,11700.0,3.9,600.0,3.9
2018-01-07,20700.0,0.1,4.0,11200.0,0.2,535.0,0.3
2018-01-08,19400.0,0.3,4.5,10600.0,0.0,476.0,0.0
2018-01-09,20100.0,12.4,5.5,11100.0,13.6,584.0,14.6
2018-01-10,23400.0,1.8,4.8,12900.0,3.8,725.0,2.5
2018-01-11,25500.0,22.5,9.3,13800.0,16.5,2120.0,17.1
2018-01-12,38300.0,3.2,9.7,18700.0,7.5,2990.0,7.3
2018-01-13,43300.0,0.0,8.6,21800.0,0.0,1500.0,0.0
2018-01-14,38700.0,0.0,7.5,19800.0,0.0,1020.0,0.0
2018-01-15,34200.0,0.4,6.8,17800.0,0.1,797.0,1.3
2018-01-16,31300.0,6.3,8.8,16400.0,5.4,697.0,5.3
2018-01-17,29700.0,0.5,7.8,15200.0,0.5,606.0,0.2
2018-01-18,32000.0,13.0,9.3,17400.0,24.9,1310.0,15.1
2018-01-19,41300.0,3.1,5.2,23000.0,5.5,1270.0,5.8
2018-01-20,42500.0,3.5,5.7,23500.0,2.4,1060.0,2.6
2018-01-21,39800.0,6.6,7.4,22100.0,9.5,953.0,7.1
2018-01-22,38700.0,1.9,5.8,22500.0,1.0,993.0,2.5
2018-01-23,39600.0,15.6,5.5,23000.0,9.5,1150.0,10.8
2018-01-24,47400.0,27.6,7.9,25300.0,24.1,2460.0,24.4
2018-01-25,56100.0,7.7,4.4,30700.0,11.0,1970.0,5.3
2018-01-26,61400.0,5.2,4.4,35700.0,4.1,1350.0,3.4
2018-01-27,58400.0,11.6,7.1,33400.0,8.8,1870.0,14.1
2018-01-28,55200.0,1.9,11.1,31500.0,1.8,2900.0,7.7
2018-01-29,54800.0,2.1,9.9,31800.0,0.0,2170.0,0.1
2018-01-30,53300.0,15.3,7.9,30000.0,7.7,2910.0,13.0
2018-01-31,52900.0,0.0,5.1,29500.0,0.1,1810.0,0.0
2018-02-01,47500.0,0.1,5.9,26200.0,0.0,1260.0,0.0
2018-02-02,43000.0,2.2,10.1,23400.0,1.4,1750.0,3.8
2018-02-03,40700.0,0.7,10.5,21700.0,0.3,1850.0,0.2
2018-02-04,37400.0,0.6,10.5,19600.0,0.0,1440.0,0.0
2018-02-05,34200.0,0.0,9.6,17900.0,0.2,1200.0,0.0
2018-02-06,31000.0,0.2,6.9,16300.0,0.0,974.0,0.0
2018-02-07,27900.0,0.0,7.2,14100.0,0.0,795.0,0.0
2018-02-08,24700.0,0.0,8.0,11900.0,0.0,687.0,0.0
2018-02-09,21400.0,0.0,7.9,10500.0,0.2,626.0,0.1
2018-02-10,19500.0,0.0,5.6,9920.0,0.0,559.0,0.0
2018-02-11,17900.0,0.6,3.1,9450.0,2.4,496.0,2.3
2018-02-12,16700.0,0.0,2.7,9120.0,0.2,439.0,0.1
2018-02-13,15700.0,0.0,0.7,8750.0,0.0,391.0,0.0
2018-02-14,15000.0,8.0,4.4,8380.0,10.0,382.0,6.9
2018-02-15,14700.0,0.2,4.5,8700.0,0.6,371.0,0.5
2018-02-16,14000.0,1.4,5.2,8620.0,0.6,367.0,1.0
2018-02-17,13300.0,2.1,8.1,8320.0,2.3,1120.0,4.0
2018-02-18,15900.0,3.8,4.4,8800.0,7.8,1830.0,2.7
2018-02-19,18500.0,0.3,0.8,10400.0,0.4,1030.0,0.9
2018-02-20,17300.0,0.6,0.8,9740.0,0.8,783.0,0.5
2018-02-21,16100.0,3.8,0.1,9230.0,6.4,657.0,8.7
2018-02-22,15400.0,3.3,1.5,8990.0,3.2,565.0,4.5
2018-02-23,14800.0,0.0,-1.5,8750.0,0.0,490.0,0.0
2018-02-24,14100.0,7.6,3.8,8410.0,8.0,476.0,7.8
2018-02-25,15200.0,20.4,4.9,9470.0,19.7,548.0,18.4
2018-02-26,21000.0,1.7,0.8,14300.0,5.2,595.0,2.1
2018-02-27,25000.0,0.5,1.3,15700.0,0.1,504.0,0.7
2018-02-28,21300.0,6.0,4.9,12900.0,5.5,508.0,5.2
2018-03-01,22200.0,12.0,4.9,13400.0,13.8,675.0,14.4
2018-03-02,25300.0,2.0,3.7,15200.0,2.4,631.0,1.7
2018-03-03,23300.0,4.4,4.1,13600.0,1.4,549.0,1.2
2018-03-04,20600.0,0.5,3.0,12100.0,1.9,489.0,2.6
2018-03-05,18400.0,0.1,4.8,11000.0,0.5,449.0,0.2
2018-03-06,16900.0,0.0,4.0,10100.0,0.0,428.0,0.0
2018-03-07,15900.0,0.0,4.4,9620.0,0.0,441.0,0.0
2018-03-08,15400.0,8.8,7.3,9560.0,6.9,710.0,5.4
2018-03-09,18900.0,2.0,7.7,11200.0,3.0,2820.0,2.8
2018-03-10,23900.0,0.0,4.8,14100.0,0.0,1500.0,0.0
2018-03-11,21900.0,0.6,8.8,13200.0,0.0,1160.0,0.4
2018-03-12,20000.0,0.0,9.3,12200.0,0.0,1170.0,0.0
2018-03-13,20800.0,11.6,10.3,12100.0,17.4,1350.0,12.8
2018-03-14,24600.0,4.1,6.9,14200.0,2.2,1350.0,1.6
2018-03-15,25300.0,0.5,6.1,14100.0,1.8,1060.0,0.5
2018-03-16,22800.0,4.1,5.2,12900.0,1.1,846.0,4.1
2018-03-17,21100.0,8.7,5.7,12000.0,5.8,750.0,4.1
2018-03-18,19800.0,3.1,5.7,11500.0,1.8,693.0,0.7
2018-03-19,18700.0,0.5,5.1,11100.0,0.1,622.0,0.3
2018-03-20,17400.0,0.0,5.8,10500.0,0.0,561.0,0.0
2018-03-21,16600.0,1.1,6.7,9970.0,1.6,537.0,1.1
2018-03-22,18000.0,17.4,7.3,11100.0,26.4,756.0,21.1
2018-03-23,25900.0,10.3,4.1,16500.0,15.6,799.0,11.2
2018-03-24,34300.0,11.4,2.7,22100.0,17.2,735.0,14.8
2018-03-25,35600.0,5.6,4.1,21900.0,2.5,666.0,4.1
2018-03-26,29900.0,1.3,4.5,17800.0,0.4,616.0,1.1
2018-03-27,25500.0,0.0,7.9,15200.0,0.0,578.0,0.0
2018-03-28,23000.0,0.0,9.5,13700.0,0.1,697.0,0.1
2018-03-29,22000.0,0.0,7.6,13000.0,0.0,807.0,0.0
2018-03-30,21000.0,0.0,8.8,12400.0,0.0,826.0,0.0
2018-03-31,20000.0,0.0,9.8,11600.0,0.0,849.0,0.0
2018-04-01,19000.0,1.3,6.5,11100.0,1.1,836.0,0.5
2018-04-02,18700.0,4.3,4.8,10900.0,2.9,861.0,5.3
2018-04-03,18700.0,0.1,4.4,10800.0,0.0,715.0,0.0
2018-04-04,18000.0,1.6,8.7,10300.0,0.3,635.0,1.2
2018-04-05,18100.0,3.8,10.9,10200.0,3.7,771.0,4.5
2018-04-06,20000.0,2.7,12.0,10700.0,0.6,1680.0,2.5
2018-04-07,24000.0,10.5,13.3,12400.0,6.5,2560.0,6.6
2018-04-08,40900.0,38.3,8.4,20800.0,23.5,3930.0,34.5
2018-04-09,56400.0,0.0,8.5,29700.0,0.0,2450.0,0.0
2018-04-10,49700.0,2.7,11.2,25200.0,5.0,1660.0,2.8
2018-04-11,40800.0,4.0,9.5,21100.0,4.3,1590.0,4.1
2018-04-12,38400.0,12.0,5.8,20200.0,16.2,1430.0,13.7
2018-04-13,39500.0,4.2,7.7,21500.0,3.1,1750.0,3.5
2018-04-14,40600.0,0.3,10.3,20900.0,0.0,1810.0,0.2
2018-04-15,39700.0,20.0,8.9,20100.0,17.2,1600.0,19.1
2018-04-16,42000.0,6.1,6.2,22100.0,14.3,1680.0,4.0
2018-04-17,42000.0,3.5,7.0,21900.0,3.0,1610.0,2.3
2018-04-18,39100.0,0.5,7.8,20500.0,0.6,1330.0,1.0
2018-04-19,34600.0,1.1,8.5,18000.0,0.1,1110.0,0.7
2018-04-20,30500.0,0.0,9.7,15900.0,0.0,1010.0,0.0
2018-04-21,26400.0,0.9,10.9,14300.0,0.2,976.0,0.5
2018-04-22,24200.0,0.0,8.9,13100.0,0.0,874.0,0.0
2018-04-23,22500.0,0.0,11.2,12200.0,0.0,772.0,0.0
2018-04-24,20800.0,0.0,13.7,11500.0,0.0,745.0,0.0
2018-04-25,19800.0,0.0,15.9,10900.0,0.0,826.0,0.0
2018-04-26,19700.0,0.0,16.2,10500.0,0.0,1020.0,0.0
2018-04-27,19900.0,4.3,11.9,10300.0,4.6,1070.0,4.1
2018-04-28,21500.0,2.6,9.5,10500.0,1.3,824.0,5.8
2018-04-29,21600.0,12.7,10.1,10300.0,6.3,750.0,9.6
2018-04-30,20700.0,0.5,9.2,10400.0,0.9,710.0,0.9
2018-05-01,19200.0,0.7,10.0,10100.0,0.5,620.0,0.3
2018-05-02,17500.0,0.0,11.1,9400.0,0.0,539.0,0.0
2018-05-03,15900.0,0.0,14.2,8850.0,0.0,526.0,0.0
2018-05-04,15000.0,0.3,11.8,8490.0,0.0,573.0,0.0
2018-05-05,14600.0,0.7,13.6,8290.0,0.0,554.0,0.1
2018-05-06,14300.0,1.9,15.2,8100.0,5.5,555.0,2.7
2018-05-07,14000.0,0.0,13.3,7950.0,0.0,529.0,0.0
2018-05-08,13800.0,0.6,14.5,7720.0,0.4,519.0,0.5
2018-05-09,13600.0,2.4,14.6,7680.0,2.3,536.0,2.5
2018-05-10,13700.0,2.0,12.1,8340.0,1.2,485.0,6.2
2018-05-11,14700.0,0.0,11.2,9160.0,0.0,485.0,0.3
2018-05-12,15200.0,0.0,13.5,10100.0,0.0,405.0,0.0
2018-05-13,15700.0,0.0,17.7,10400.0,0.0,382.0,0.0
2018-05-14,15300.0,0.0,17.4,10300.0,0.0,385.0,0.0
2018-05-15,15100.0,0.0,16.0,10500.0,0.0,373.0,0.0
2018-05-16,15400.0,0.0,14.4,10800.0,0.0,344.0,0.0
2018-05-17,15200.0,0.0,14.2,10700.0,0.1,300.0,0.2
2018-05-18,15100.0,0.2,13.1,10800.0,0.0,272.0,0.3
2018-05-19,15200.0,0.0,13.5,10500.0,0.0,248.0,0.0
2018-05-20,15100.0,0.0,13.8,10300.0,0.0,232.0,0.0
2018-05-21,15100.0,0.0,13.6,10400.0,0.0,215.0,0.0
2018-05-22,14800.0,0.0,16.7,10300.0,0.0,201.0,0.0
2018-05-23,14500.0,0.0,17.5,10400.0,0.9,195.0,0.4
2018-05-24,14700.0,0.0,16.1,10700.0,0.0,188.0,0.0
2018-05-25,14800.0,0.0,15.8,10800.0,0.0,178.0,0.0
2018-05-26,15100.0,0.0,12.4,11000.0,0.0,167.0,0.5
2018-05-27,15200.0,0.0,14.4,10900.0,0.0,155.0,0.0
2018-05-28,15100.0,0.0,15.6,10700.0,0.0,145.0,0.0
2018-05-29,15200.0,0.0,14.7,10800.0,0.0,138.0,0.0
2018-05-30,15100.0,0.0,12.3,10700.0,0.0,132.0,0.0
2018-05-31,14500.0,0.3,12.8,10400.0,0.5,127.0,0.1
2018-06-01,13900.0,0.0,12.8,10200.0,0.2,125.0,0.0
2018-06-02,13600.0,0.0,16.4,9890.0,0.0,117.0,0.0
2018-06-03,13200.0,0.0,16.4,9610.0,0.0,111.0,0.0
2018-06-04,13000.0,0.0,14.2,9690.0,0.0,108.0,0.0
2018-06-05,12800.0,0.0,14.5,9520.0,0.0,104.0,0.0
2018-06-06,12600.0,0.0,15.6,9390.0,0.0,99.2,0.0
2018-06-07,12500.0,0.0,15.7,9300.0,0.0,96.0,0.0
2018-06-08,12400.0,0.5,15.5,9250.0,0.9,95.8,0.4
2018-06-09,12500.0,14.5,12.4,9120.0,10.7,152.0,12.1
2018-06-10,12800.0,6.3,10.4,9080.0,3.9,219.0,4.3
2018-06-11,13000.0,4.7,12.7,9090.0,6.8,235.0,5.6
2018-06-12,12400.0,0.0,15.3,8410.0,0.0,190.0,0.0
2018-06-13,11300.0,2.8,14.9,7590.0,2.6,155.0,2.8
2018-06-14,10400.0,0.0,14.1,6800.0,0.0,140.0,0.0
2018-06-15,9570.0,0.0,15.1,6380.0,0.1,128.0,0.0
2018-06-16,9200.0,0.3,15.7,6060.0,0.0,119.0,0.3
2018-06-17,8810.0,0.0,19.5,5890.0,0.0,113.0,0.1
2018-06-18,8710.0,0.0,20.4,5870.0,0.0,111.0,0.0
2018-06-19,8520.0,0.0,20.5,5800.0,0.0,102.0,0.0
2018-06-20,8320.0,0.0,22.9,5690.0,0.0,96.0,0.0
2018-06-21,8190.0,0.0,19.2,5620.0,0.0,91.4,0.3
2018-06-22,8310.0,0.1,18.4,5860.0,0.0,88.4,0.0
2018-06-23,8510.0,0.0,17.6,5900.0,0.0,84.3,0.0
2018-06-24,8480.0,0.0,20.1,5880.0,0.0,80.3,0.0
2018-06-25,8470.0,0.5,17.9,5840.0,0.5,76.6,0.8
2018-06-26,8350.0,0.0,15.7,5760.0,0.0,73.7,0.0
2018-06-27,8300.0,0.0,17.6,5750.0,0.0,71.4,0.0
2018-06-28,8310.0,0.3,15.6,5760.0,0.2,68.7,0.2
2018-06-29,8270.0,0.0,16.7,5650.0,0.0,66.9,0.0
2018-06-30,8030.0,0.0,18.4,5520.0,0.0,65.1,0.0
2018-07-01,7950.0,0.0,19.5,5470.0,0.0,62.7,0.0
2018-07-02,7730.0,0.4,16.2,5300.0,0.0,61.2,0.1
2018-07-03,7390.0,0.0,15.3,5160.0,0.0,59.7,0.0
2018-07-04,7350.0,0.0,19.4,5200.0,0.0,58.3,0.0
2018-07-05,7300.0,0.5,18.5,5220.0,3.1,56.9,1.8
2018-07-06,7200.0,0.1,19.8,5160.0,0.0,55.3,0.0
2018-07-07,7080.0,0.0,18.1,5170.0,0.0,53.8,0.0
2018-07-08,7290.0,0.0,19.9,5370.0,0.0,52.3,0.0
2018-07-09,7340.0,0.0,18.0,5390.0,0.0,51.5,0.0
2018-07-10,7260.0,0.1,17.0,5380.0,0.1,51.9,0.0
2018-07-11,7290.0,0.0,20.7,5400.0,0.0,50.4,0.0
2018-07-12,7240.0,0.0,25.3,5340.0,0.0,48.5,0.0
2018-07-13,7180.0,0.0,25.7,5300.0,0.0,46.8,0.0
2018-07-14,7090.0,0.0,22.5,5240.0,0.0,45.4,0.0
2018-07-15,7090.0,0.0,25.3,5230.0,0.0,44.2,0.0
2018-07-16,7110.0,0.0,25.5,5230.0,0.0,42.9,0.0
2018-07-17,6950.0,0.0,22.9,5200.0,0.0,41.7,0.0
2018-07-18,6770.0,0.0,20.4,5100.0,0.0,40.7,0.0
2018-07-19,6570.0,0.0,19.5,4870.0,0.0,40.5,0.0
2018-07-20,6400.0,0.0,17.5,4760.0,0.0,40.3,0.0
2018-07-21,6390.0,0.0,18.5,4760.0,0.0,39.3,0.0
2018-07-22,6400.0,0.0,20.9,4770.0,0.0,38.7,0.0
2018-07-23,6450.0,0.0,23.2,4830.0,0.0,38.1,0.0
2018-07-24,6430.0,0.0,23.9,4850.0,0.0,36.9,0.0
2018-07-25,6360.0,0.0,24.3,4750.0,0.0,35.9,0.0
2018-07-26,6290.0,0.0,25.8,4740.0,0.0,34.8,0.0
2018-07-27,6320.0,0.0,22.1,4730.0,0.0,34.0,0.0
2018-07-28,6200.0,0.0,21.3,4510.0,0.0,33.6,0.0
2018-07-29,6140.0,0.0,24.3,4480.0,0.0,33.3,0.0
2018-07-30,6150.0,0.0,24.0,4460.0,0.0,32.7,0.0
2018-07-31,6170.0,0.0,22.0,4670.0,0.0,32.4,0.0
2018-08-01,6510.0,0.0,20.4,4870.0,0.0,31.8,0.0
2018-08-02,6560.0,0.0,19.2,4910.0,0.0,31.4,0.0
2018-08-03,6720.0,0.3,18.0,5050.0,0.0,31.7,0.1
2018-08-04,6760.0,0.0,19.9,5050.0,0.0,31.7,0.0
2018-08-05,6810.0,0.0,20.8,5050.0,0.0,31.8,0.0
2018-08-06,6810.0,0.0,22.0,5040.0,0.0,31.1,0.0
2018-08-07,6640.0,0.0,23.0,4990.0,0.0,30.3,0.0
2018-08-08,6640.0,0.0,24.5,5050.0,0.0,29.9,0.0
2018-08-09,6590.0,0.0,23.8,5000.0,0.0,29.5,0.0
2018-08-10,6560.0,0.0,23.5,4980.0,0.0,28.8,0.0
2018-08-11,6510.0,2.9,20.6,4940.0,0.1,27.9,0.5
2018-08-12,6530.0,0.0,19.6,4930.0,0.0,27.6,0.0
2018-08-13,6530.0,0.0,21.7,4910.0,0.0,27.4,0.0
2018-08-14,6480.0,0.0,24.7,4890.0,0.0,26.9,0.0
2018-08-15,6460.0,0.0,23.3,4930.0,0.0,26.2,0.0
2018-08-16,6530.0,0.2,21.5,4960.0,0.0,26.0,0.0
2018-08-17,6530.0,0.0,18.3,4960.0,0.0,25.5,0.0
2018-08-18,6540.0,0.0,18.7,4910.0,0.0,25.2,0.0
2018-08-19,6510.0,0.0,20.8,4900.0,0.0,25.2,0.0
2018-08-20,6540.0,0.0,21.0,4890.0,0.0,25.2,0.0
2018-08-21,6490.0,0.0,24.7,4880.0,0.0,25.2,0.0
2018-08-22,6480.0,0.0,24.6,4860.0,0.0,24.2,0.0
2018-08-23,6460.0,0.0,19.2,4840.0,0.0,23.7,0.0
2018-08-24,6500.0,0.0,16.6,4860.0,0.0,24.4,0.0
2018-08-25,6540.0,0.0,15.8,4870.0,0.0,24.5,0.0
2018-08-26,6610.0,0.0,17.1,4890.0,0.2,25.4,0.5
2018-08-27,6670.0,2.4,17.6,4920.0,2.5,34.3,2.7
2018-08-28,6690.0,0.0,20.1,4930.0,0.0,37.3,0.0
2018-08-29,6640.0,0.0,20.7,4890.0,0.0,30.8,0.0
2018-08-30,6670.0,0.0,17.3,4950.0,0.0,27.6,0.0
2018-08-31,6770.0,0.2,17.4,5000.0,0.0,27.0,0.0
2018-09-01,6810.0,0.0,16.6,4960.0,0.0,26.7,0.0
2018-09-02,6830.0,0.0,17.2,4940.0,0.0,26.3,0.0
2018-09-03,6930.0,0.0,18.6,4950.0,0.0,25.6,0.0
2018-09-04,6940.0,0.0,17.2,4920.0,0.0,24.9,0.0
2018-09-05,7310.0,0.0,20.5,4760.0,0.0,24.5,0.0
2018-09-06,7400.0,0.0,19.9,4650.0,0.0,23.9,0.0
2018-09-07,7400.0,0.0,17.9,4590.0,0.0,23.4,0.0
2018-09-08,7450.0,1.8,17.3,4550.0,0.0,23.2,0.2
2018-09-09,7460.0,0.0,16.9,4540.0,0.0,23.1,0.0
2018-09-10,7490.0,3.7,18.0,4530.0,2.6,24.4,5.5
2018-09-11,7570.0,0.5,15.7,4570.0,0.1,27.1,0.8
2018-09-12,7740.0,5.9,14.4,4820.0,0.8,29.7,5.2
2018-09-13,7890.0,0.7,13.9,4930.0,0.8,32.0,0.6
2018-09-14,7850.0,0.0,13.9,4780.0,0.2,31.5,0.2
2018-09-15,7840.0,0.0,13.8,4520.0,0.0,28.7,0.1
2018-09-16,7810.0,6.6,14.6,4410.0,1.7,30.8,4.5
2018-09-17,7780.0,0.0,13.1,4390.0,0.0,44.0,0.0
2018-09-18,7790.0,0.0,13.2,4440.0,0.0,39.0,0.0
2018-09-19,7810.0,0.0,13.4,4470.0,0.0,31.9,0.0
2018-09-20,7710.0,0.2,14.9,4440.0,0.0,29.4,0.0
2018-09-21,7640.0,0.0,15.6,4480.0,0.0,28.0,0.0
2018-09-22,7590.0,0.6,17.1,4460.0,2.0,29.0,1.4
2018-09-23,7600.0,0.1,13.3,4490.0,0.0,31.5,0.2
2018-09-24,7630.0,0.0,12.9,4490.0,0.0,32.0,0.0
2018-09-25,7590.0,0.0,15.9,4480.0,0.0,29.1,0.0
2018-09-26,7670.0,0.0,18.0,4670.0,0.0,27.3,0.0
2018-09-27,7720.0,0.0,18.5,4720.0,0.0,26.2,0.0
2018-09-28,7700.0,0.0,19.6,4740.0,0.0,25.5,0.0
2018-09-29,7670.0,1.2,16.1,4670.0,4.6,24.9,1.0
2018-09-30,7590.0,1.5,14.8,4550.0,1.1,25.5,1.0
2018-10-01,7510.0,0.0,16.7,4490.0,0.0,26.5,0.0
2018-10-02,7510.0,0.2,15.9,4530.0,0.0,26.4,0.0
2018-10-03,7600.0,0.0,11.9,4540.0,0.0,25.8,0.0
2018-10-04,7570.0,0.0,12.9,4540.0,0.0,25.3,0.0
2018-10-05,7630.0,4.6,10.1,4590.0,7.5,26.8,5.4
2018-10-06,7750.0,3.8,12.9,4630.0,4.5,88.0,4.7
2018-10-07,7980.0,0.5,10.4,4810.0,0.0,73.8,0.0
2018-10-08,8080.0,5.7,11.6,4740.0,4.1,56.6,4.5
2018-10-09,7970.0,1.1,14.4,4700.0,1.8,95.7,2.3
2018-10-10,8020.0,0.0,12.4,4670.0,0.0,87.1,0.0
2018-10-11,7920.0,0.0,11.9,4600.0,0.0,59.9,0.0
2018-10-12,7800.0,0.0,12.3,4580.0,0.0,50.7,0.0
2018-10-13,7760.0,0.0,13.2,4540.0,0.0,45.4,0.0
2018-10-14,7640.0,0.0,13.5,4470.0,0.0,41.4,0.0
2018-10-15,7550.0,0.0,12.5,4410.0,0.0,38.2,0.0
2018-10-16,7520.0,0.0,13.7,4370.0,0.0,36.3,0.0
2018-10-17,7440.0,0.0,14.2,4330.0,0.0,34.4,0.0
2018-10-18,7420.0,0.0,12.9,4310.0,0.0,33.4,0.0
2018-10-19,7390.0,0.0,11.9,4310.0,0.0,32.7,0.0
2018-10-20,7340.0,0.0,12.3,4290.0,0.0,32.0,0.0
2018-10-21,7330.0,0.0,11.5,4280.0,0.0,31.4,0.0
2018-10-22,7330.0,0.0,11.2,4270.0,0.0,30.7,0.0
2018-10-23,7330.0,0.3,10.6,4310.0,0.4,30.4,0.3
2018-10-24,7440.0,0.7,11.2,4330.0,0.2,30.4,1.2
2018-10-25,7440.0,0.1,12.4,4310.0,0.0,30.3,0.9
2018-10-26,7430.0,11.1,13.3,4460.0,3.9,36.7,12.6
2018-10-27,7830.0,10.1,12.7,4980.0,6.0,74.1,6.9
2018-10-28,8040.0,25.8,13.9,5100.0,19.1,186.0,20.1
2018-10-29,8250.0,9.0,11.0,5230.0,10.7,465.0,7.0
2018-10-30,8880.0,0.4,9.3,5610.0,1.8,398.0,2.6
2018-10-31,8650.0,7.9,10.6,5490.0,7.7,276.0,12.3
2018-11-01,8540.0,1.0,14.2,5420.0,5.4,792.0,3.3
2018-11-02,9280.0,7.1,13.9,5770.0,1.6,921.0,5.3
2018-11-03,9640.0,0.0,11.3,5760.0,0.0,649.0,0.0
2018-11-04,9240.0,6.1,12.5,5760.0,5.1,590.0,7.9
2018-11-05,9300.0,0.7,10.2,5710.0,1.4,685.0,1.1
2018-11-06,9350.0,0.1,8.6,5330.0,0.2,824.0,1.7
2018-11-07,8450.0,0.0,7.4,4640.0,0.0,574.0,0.0
2018-11-08,7800.0,0.0,5.5,4370.0,0.0,385.0,0.0
2018-11-09,7220.0,0.0,4.6,4110.0,0.0,286.0,0.0
2018-11-10,6890.0,0.0,6.3,3960.0,0.0,228.0,0.0
2018-11-11,6710.0,0.0,5.0,3890.0,0.0,190.0,0.0
2018-11-12,6580.0,0.0,5.6,3830.0,0.0,163.0,0.0
2018-11-13,6470.0,0.0,4.3,3780.0,0.0,144.0,0.0
2018-11-14,6370.0,0.4,5.9,3750.0,0.2,130.0,0.5
2018-11-15,6310.0,0.0,7.8,3730.0,0.0,120.0,0.0
2018-11-16,6300.0,0.0,7.6,3730.0,0.0,111.0,0.0
2018-11-17,6260.0,0.0,8.1,3700.0,0.0,104.0,0.0
2018-11-18,6200.0,0.0,5.6,3680.0,0.0,96.4,0.0
2018-11-19,6160.0,0.0,3.9,3660.0,0.0,90.9,0.0
2018-11-20,6140.0,0.0,3.2,3660.0,0.0,86.1,0.0
2018-11-21,6090.0,8.9,4.4,3650.0,8.5,83.7,6.7
2018-11-22,6190.0,18.0,7.2,3720.0,14.1,92.6,15.7
2018-11-23,6730.0,11.7,7.8,4170.0,15.3,383.0,11.9
2018-11-24,8130.0,1.3,5.7,5380.0,0.9,717.0,0.7
2018-11-25,10100.0,0.0,4.4,6170.0,0.0,429.0,0.0
2018-11-26,9490.0,0.3,6.3,5550.0,0.0,307.0,0.0
2018-11-27,9620.0,15.3,11.5,5670.0,27.3,1220.0,19.3
2018-11-28,12900.0,14.3,8.9,7100.0,14.9,1960.0,16.1
2018-11-29,16700.0,1.6,7.2,9320.0,2.0,1620.0,1.9
2018-11-30,15700.0,4.0,6.9,8810.0,5.1,998.0,3.5
2018-12-01,15600.0,4.5,5.5,8410.0,7.1,927.0,7.2
2018-12-02,15600.0,1.6,4.3,8680.0,1.1,719.0,1.8
2018-12-03,14800.0,0.2,3.6,8160.0,1.7,554.0,0.7
2018-12-04,13800.0,0.0,2.3,7490.0,0.0,450.0,0.0
2018-12-05,12800.0,0.0,1.5,6840.0,0.0,377.0,0.0
2018-12-06,11800.0,0.0,0.4,6120.0,0.0,321.0,0.0
2018-12-07,11100.0,0.0,-0.7,5570.0,0.2,282.0,0.2
2018-12-08,10500.0,3.2,1.6,5210.0,4.1,258.0,2.3
2018-12-09,10400.0,6.2,2.1,5110.0,5.7,254.0,4.0
2018-12-10,10700.0,6.2,4.7,5090.0,5.7,461.0,13.2
2018-12-11,11200.0,3.0,6.4,5170.0,2.5,734.0,2.8
2018-12-12,13700.0,12.1,6.6,5580.0,11.6,2590.0,13.5
2018-12-13,15700.0,0.0,7.7,7690.0,0.0,1140.0,0.0
2018-12-14,14600.0,3.2,5.1,7880.0,5.4,768.0,3.8
2018-12-15,13500.0,4.7,5.1,7770.0,3.4,639.0,3.6
2018-12-16,13100.0,14.2,6.1,7610.0,17.2,544.0,16.7
2018-12-17,12900.0,1.4,7.9,7220.0,0.8,626.0,0.8
2018-12-18,20300.0,50.5,9.6,10100.0,36.3,3810.0,47.5
2018-12-19,39300.0,0.2,8.7,19300.0,0.2,2320.0,0.7
2018-12-20,39200.0,5.9,9.6,20100.0,9.4,1520.0,6.3
2018-12-21,34000.0,0.1,4.4,18700.0,1.0,1590.0,1.5
2018-12-22,34100.0,0.7,2.7,19400.0,0.1,1070.0,0.3
2018-12-23,33800.0,22.6,6.3,18800.0,17.0,2160.0,17.0
2018-12-24,42700.0,10.8,7.3,20600.0,26.4,3450.0,21.0
2018-12-25,46200.0,0.4,3.8,24100.0,0.0,1710.0,0.5
2018-12-26,40700.0,2.0,4.6,21500.0,0.8,1170.0,2.1
2018-12-27,35900.0,2.3,4.0,19200.0,3.1,1050.0,1.7
2018-12-28,31700.0,2.0,4.9,16700.0,0.2,868.0,0.7
2018-12-29,27800.0,2.0,7.0,14500.0,1.8,973.0,2.2
2018-12-30,28400.0,12.0,7.2,13800.0,10.6,3560.0,11.2
2018-12-31,31200.0,0.2,3.2,15300.0,0.6,1750.0,0.6
2019-01-01,29500.0,0.0,0.3,15100.0,0.0,1150.0,0.0
2019-01-02,26800.0,0.0,-0.4,14200.0,0.0,878.0,0.0
2019-01-03,24900.0,2.1,5.4,13500.0,0.7,712.0,1.8
2019-01-04,24000.0,4.4,7.6,12700.0,3.4,666.0,2.8
2019-01-05,22500.0,0.8,4.7,11800.0,0.4,618.0,0.6
2019-01-06,21400.0,10.7,5.0,11300.0,10.0,584.0,9.2
2019-01-07,21700.0,2.8,3.5,11700.0,1.7,535.0,2.5
2019-01-08,21800.0,12.5,4.2,11400.0,10.2,570.0,10.7
2019-01-09,22400.0,6.8,5.0,11700.0,2.4,708.0,3.5
2019-01-10,24500.0,2.5,9.3,12100.0,3.2,994.0,2.5
2019-01-11,25800.0,0.0,6.2,12000.0,0.0,845.0,0.0
2019-01-12,24100.0,0.0,4.1,11300.0,0.0,673.0,0.0
2019-01-13,21700.0,0.0,3.7,10600.0,0.0,560.0,0.0
2019-01-14,20000.0,0.0,3.0,9870.0,0.0,481.0,0.0
2019-01-15,18900.0,0.0,1.1,9310.0,0.0,422.0,0.0
2019-01-16,17100.0,2.3,1.3,8880.0,2.0,379.0,0.9
2019-01-17,15900.0,9.9,4.9,8750.0,13.2,365.0,9.6
2019-01-18,16900.0,8.9,6.4,9420.0,8.7,476.0,7.5
2019-01-19,25700.0,19.0,8.9,12700.0,20.1,4090.0,26.9
2019-01-20,40900.0,18.4,5.8,23500.0,20.5,1930.0,18.9
2019-01-21,47600.0,1.6,3.7,30400.0,3.8,1230.0,2.5
2019-01-22,46400.0,3.9,4.7,28800.0,1.3,926.0,2.9
2019-01-23,40300.0,5.0,8.7,24500.0,4.7,1760.0,7.5
2019-01-24,39000.0,0.0,6.2,22800.0,0.1,1500.0,0.0
2019-01-25,35500.0,0.0,3.7,21100.0,0.0,1080.0,0.0
2019-01-26,31400.0,0.0,3.6,19000.0,0.0,842.0,0.0
2019-01-27,28100.0,0.0,3.2,17100.0,0.0,702.0,0.0
2019-01-28,25900.0,0.0,3.9,16000.0,0.0,611.0,0.0
2019-01-29,24100.0,0.0,3.3,14800.0,0.0,534.0,0.0
2019-01-30,21500.0,0.0,2.4,13300.0,0.0,471.0,0.0
2019-01-31,18800.0,0.0,2.2,11600.0,0.0,419.0,0.0
2019-02-01,16700.0,7.0,6.3,10100.0,7.8,387.0,7.9
2019-02-02,15000.0,2.4,7.2,9220.0,2.0,407.0,2.2
2019-02-03,14400.0,6.5,5.7,9160.0,9.5,475.0,9.5
2019-02-04,16400.0,4.8,2.1,11000.0,6.0,485.0,7.1
2019-02-05,17200.0,0.7,0.1,11200.0,1.8,429.0,1.8
2019-02-06,15900.0,0.1,0.4,10300.0,2.3,383.0,1.4
2019-02-07,14600.0,0.0,-2.4,9180.0,0.0,349.0,0.0
2019-02-08,13300.0,0.4,-0.8,8350.0,0.0,329.0,0.0
2019-02-09,13800.0,7.8,2.1,9050.0,11.6,331.0,13.2
2019-02-10,16000.0,0.9,-0.6,10700.0,0.1,295.0,0.3
2019-02-11,16600.0,28.1,3.6,10600.0,25.4,329.0,27.5
2019-02-12,24200.0,44.2,5.1,14800.0,27.9,424.0,32.5
2019-02-13,31100.0,9.3,4.1,17100.0,12.2,532.0,13.5
2019-02-14,31000.0,10.1,3.6,17600.0,8.5,637.0,9.3
2019-02-15,30900.0,3.6,4.8,18900.0,2.5,866.0,2.8
2019-02-16,32600.0,3.8,4.4,19800.0,10.1,798.0,4.2
2019-02-17,31600.0,1.1,1.9,19200.0,1.0,721.0,2.2
2019-02-18,28500.0,0.0,1.6,17300.0,0.0,610.0,0.0
2019-02-19,24500.0,0.7,2.5,14900.0,0.5,545.0,1.2
2019-02-20,22800.0,8.4,3.9,14300.0,13.7,574.0,11.8
2019-02-21,24400.0,1.6,1.4,15900.0,2.0,516.0,2.8
2019-02-22,23300.0,0.0,1.2,14700.0,0.0,463.0,0.0
2019-02-23,21700.0,6.1,4.1,13500.0,5.3,459.0,6.1
2019-02-24,29300.0,15.3,3.7,20100.0,44.1,554.0,31.8
2019-02-25,48200.0,6.6,1.8,36100.0,22.4,527.0,11.3
2019-02-26,51000.0,0.0,-2.2,35600.0,0.0,455.0,0.0
2019-02-27,40500.0,6.3,-1.4,26700.0,9.8,410.0,8.4
2019-02-28,32700.0,0.7,-1.8,21600.0,0.3,368.0,1.2
2019-03-01,28300.0,0.7,1.8,19100.0,0.5,342.0,0.2
2019-03-02,26500.0,0.0,2.3,18500.0,0.0,330.0,0.0
2019-03-03,25400.0,0.0,0.7,17800.0,0.0,318.0,0.0
2019-03-04,23800.0,0.0,-1.8,16700.0,0.0,297.0,0.0
2019-03-05,22300.0,0.0,-1.5,15700.0,0.0,286.0,0.0
2019-03-06,21100.0,4.4,-0.2,15000.0,7.3,286.0,5.4
2019-03-07,20800.0,3.1,1.8,15000.0,3.3,281.0,4.5
2019-03-08,21200.0,3.5,1.2,15300.0,3.4,275.0,3.5
2019-03-09,22000.0,1.4,2.0,15600.0,2.6,282.0,4.9
2019-03-10,21700.0,0.0,2.3,15000.0,0.0,271.0,0.0
2019-03-11,20300.0,0.0,2.4,14200.0,0.0,265.0,0.0
2019-03-12,19800.0,11.1,6.8,13600.0,12.4,356.0,15.2
2019-03-13,21900.0,1.3,4.6,15600.0,1.7,414.0,1.5
2019-03-14,22700.0,0.0,5.0,15600.0,0.0,418.0,0.3
2019-03-15,20900.0,0.0,5.7,14200.0,0.0,428.0,0.0
2019-03-16,19700.0,0.0,6.8,13600.0,0.0,528.0,0.0
2019-03-17,19400.0,0.0,8.3,13400.0,0.0,744.0,0.0
2019-03-18,20000.0,0.0,10.1,13800.0,0.0,1030.0,0.0
2019-03-19,20800.0,0.0,10.8,14100.0,0.0,1300.0,0.0
2019-03-20,22300.0,0.0,11.6,14800.0,0.0,1620.0,0.0
2019-03-21,23700.0,0.1,10.5,15300.0,0.5,1510.0,0.0
2019-03-22,23100.0,3.9,6.6,15200.0,6.4,1250.0,3.8
2019-03-23,22700.0,3.5,8.2,15000.0,1.6,1310.0,1.8
2019-03-24,22900.0,0.1,7.5,15300.0,0.1,1220.0,0.1
2019-03-25,22000.0,3.7,7.7,14600.0,4.8,1060.0,3.8
2019-03-26,20900.0,1.3,6.8,13800.0,0.5,1090.0,1.0
2019-03-27,20000.0,2.8,7.2,12800.0,2.8,962.0,3.8
2019-03-28,19200.0,1.8,6.8,11800.0,3.9,1020.0,2.9
2019-03-29,19200.0,0.8,8.0,11400.0,1.9,937.0,1.4
2019-03-30,18800.0,0.1,8.8,11100.0,0.0,932.0,0.0
2019-03-31,18000.0,0.0,9.7,10600.0,0.0,938.0,0.0
2019-04-01,17400.0,2.2,11.2,10300.0,4.6,1030.0,3.2
2019-04-02,18400.0,13.3,11.2,11800.0,18.2,1300.0,14.8
2019-04-03,23400.0,5.3,12.0,15500.0,5.1,2030.0,4.8
2019-04-04,27900.0,2.4,9.3,17100.0,3.2,1930.0,4.0
2019-04-05,30500.0,17.2,9.9,18800.0,14.7,1840.0,14.7
2019-04-06,39600.0,11.0,8.4,23200.0,10.7,2150.0,13.2
2019-04-07,56700.0,36.4,10.2,31500.0,39.1,7050.0,42.5
2019-04-08,87200.0,14.6,10.5,50100.0,27.3,8070.0,19.5
2019-04-09,111000.0,5.0,9.4,72600.0,6.5,5430.0,7.0
2019-04-10,129000.0,2.2,8.7,93600.0,2.3,3350.0,2.7
2019-04-11,141000.0,13.3,8.7,92800.0,11.3,5360.0,12.1
2019-04-12,145000.0,0.7,10.0,80500.0,4.3,4120.0,4.3
2019-04-13,134000.0,2.1,8.1,75600.0,1.2,2730.0,3.1
2019-04-14,118000.0,2.3,6.8,71000.0,1.7,1990.0,1.1
2019-04-15,105000.0,1.5,6.1,62400.0,3.6,1450.0,0.9
2019-04-16,90300.0,9.2,8.6,53300.0,5.2,1150.0,9.1
2019-04-17,76700.0,1.3,10.9,46500.0,1.0,978.0,1.3
2019-04-18,64800.0,0.0,13.2,39800.0,0.0,921.0,0.0
2019-04-19,53700.0,0.1,13.7,33800.0,0.2,1060.0,0.2
2019-04-20,46600.0,7.2,11.3,29500.0,5.5,1080.0,7.8
2019-04-21,41300.0,0.0,9.6,26400.0,0.0,884.0,0.0
2019-04-22,36900.0,0.1,9.3,23700.0,0.0,737.0,0.0
2019-04-23,32900.0,2.2,12.7,21200.0,0.6,706.0,1.9
2019-04-24,29500.0,0.0,10.3,19200.0,0.0,729.0,0.0
2019-04-25,27400.0,0.0,11.4,17700.0,0.0,637.0,0.0
2019-04-26,25400.0,0.0,12.7,16600.0,0.0,574.0,0.0
2019-04-27,24200.0,0.2,9.5,16000.0,0.0,508.0,0.0
2019-04-28,23800.0,0.0,7.7,15600.0,0.0,441.0,0.0
2019-04-29,22800.0,0.0,10.7,14800.0,0.0,389.0,0.0
2019-04-30,21300.0,0.0,11.4,14000.0,0.0,351.0,0.0
2019-05-01,19600.0,0.0,10.8,12700.0,0.0,320.0,0.0
2019-05-02,18300.0,0.0,9.1,11800.0,0.0,298.0,0.0
2019-05-03,17300.0,0.0,10.4,10500.0,0.0,281.0,0.0
2019-05-04,15700.0,0.0,12.6,9300.0,0.0,273.0,0.0
2019-05-05,14500.0,0.0,14.3,8540.0,0.0,280.0,0.0
2019-05-06,13800.0,0.0,14.8,8110.0,0.0,294.0,0.0
2019-05-07,13400.0,0.0,16.0,7980.0,0.0,309.0,0.0
2019-05-08,13400.0,0.0,13.9,8260.0,0.0,305.0,0.0
2019-05-09,13600.0,0.0,18.4,8930.0,0.0,296.0,0.0
2019-05-10,14300.0,0.0,18.0,9640.0,0.0,285.0,0.0
2019-05-11,14700.0,0.0,18.8,9820.0,0.0,264.0,0.0
2019-05-12,14900.0,0.0,14.2,10100.0,0.0,255.0,0.0
2019-05-13,15200.0,0.0,12.9,10300.0,0.0,240.0,0.0
2019-05-14,15100.0,6.3,12.9,10300.0,5.9,228.0,5.8
2019-05-15,15200.0,5.0,11.7,10300.0,7.7,222.0,6.2
2019-05-16,15200.0,4.3,12.4,10300.0,4.4,229.0,7.3
2019-05-17,15200.0,1.7,12.2,10200.0,1.7,251.0,1.9
2019-05-18,14900.0,0.6,13.1,10100.0,0.7,253.0,0.9
2019-05-19,14900.0,12.7,12.9,10200.0,15.9,240.0,18.8
2019-05-20,14700.0,0.3,12.1,10200.0,0.4,224.0,1.0
2019-05-21,14700.0,2.0,12.3,10100.0,5.6,219.0,4.6
2019-05-22,14700.0,0.4,14.1,10700.0,0.1,215.0,0.3
2019-05-23,15300.0,0.4,14.9,11400.0,0.8,199.0,1.3
2019-05-24,15600.0,5.0,13.3,11600.0,3.8,192.0,5.9
2019-05-25,15600.0,6.6,11.0,11700.0,4.7,203.0,4.7
2019-05-26,16000.0,8.1,11.2,11900.0,10.5,244.0,9.5
2019-05-27,16100.0,0.2,15.2,11700.0,2.0,243.0,1.5
2019-05-28,15700.0,0.0,14.7,11400.0,0.0,220.0,0.0
2019-05-29,15300.0,0.0,14.2,11100.0,0.0,203.0,0.0
2019-05-30,14900.0,0.0,15.4,10800.0,0.0,186.0,0.0
2019-05-31,14400.0,0.0,17.0,10400.0,0.0,175.0,0.0
2019-06-01,14200.0,0.0,17.4,10300.0,0.0,163.0,0.0
2019-06-02,13800.0,0.0,17.4,10100.0,0.0,152.0,0.0
2019-06-03,13400.0,0.0,14.8,9810.0,0.0,141.0,0.0
2019-06-04,13100.0,0.0,15.2,9690.0,0.0,132.0,0.0
2019-06-05,13200.0,0.4,15.6,9820.0,0.1,125.0,0.7
2019-06-06,13100.0,0.9,13.0,9770.0,0.1,122.0,2.2
2019-06-07,13100.0,0.9,12.2,9710.0,3.7,138.0,0.9
2019-06-08,13100.0,0.3,12.4,9650.0,0.1,146.0,0.0
2019-06-09,13000.0,0.0,15.5,9540.0,0.0,125.0,0.0
2019-06-10,12700.0,0.0,20.1,9350.0,0.0,115.0,0.0
2019-06-11,12400.0,0.0,23.6,9030.0,0.0,108.0,0.0
2019-06-12,12000.0,0.0,26.6,8850.0,0.0,102.0,0.0
2019-06-13,12100.0,0.0,23.1,8950.0,0.0,96.5,0.0
2019-06-14,11700.0,0.0,17.0,8340.0,0.0,91.8,0.0
2019-06-15,11300.0,0.0,17.5,8220.0,0.0,88.3,0.0
2019-06-16,11200.0,0.0,18.7,8070.0,0.0,85.1,0.0
2019-06-17,11000.0,0.0,19.1,7950.0,0.0,81.8,0.0
2019-06-18,10900.0,0.0,19.0,7800.0,0.0,79.3,0.0
2019-06-19,10500.0,0.0,15.6,7300.0,0.0,76.4,0.0
2019-06-20,9920.0,0.1,14.3,6880.0,0.1,76.3,0.3
2019-06-21,9810.0,0.0,14.8,6830.0,0.1,79.5,0.0
2019-06-22,9760.0,0.0,15.8,6760.0,0.0,74.5,0.0
2019-06-23,9780.0,0.0,16.8,6810.0,0.0,71.3,0.0
2019-06-24,9730.0,0.0,15.9,6700.0,0.0,68.7,0.0
2019-06-25,9550.0,0.2,16.6,6630.0,0.4,66.8,0.2
2019-06-26,9370.0,0.7,15.2,6190.0,0.3,66.8,0.3
2019-06-27,8950.0,14.5,13.2,5820.0,8.1,70.9,6.3
2019-06-28,9000.0,1.6,14.5,5700.0,4.0,77.5,2.0
2019-06-29,8550.0,0.0,16.7,5090.0,0.0,68.2,0.0
2019-06-30,7900.0,0.0,18.0,4760.0,0.0,63.5,0.0
2019-07-01,7580.0,0.5,19.0,4600.0,0.5,61.2,0.5
2019-07-02,7320.0,0.4,16.3,4520.0,0.0,61.2,0.8
2019-07-03,7200.0,0.1,17.0,4500.0,0.1,62.4,0.0
2019-07-04,7140.0,0.0,18.7,4550.0,0.0,60.0,0.0
2019-07-05,7230.0,0.0,18.5,4620.0,0.0,56.8,0.0
2019-07-06,7150.0,0.3,16.6,4560.0,0.0,55.1,0.1
2019-07-07,7140.0,0.0,17.2,4540.0,0.0,54.2,0.0
2019-07-08,7100.0,0.0,18.4,4510.0,0.0,52.7,0.0
2019-07-09,7020.0,1.8,18.4,4520.0,2.8,51.6,1.1
2019-07-10,7220.0,13.1,18.0,4610.0,8.2,54.0,10.5
2019-07-11,7210.0,0.5,19.2,4580.0,0.4,52.5,0.3
2019-07-12,7080.0,0.0,20.6,4520.0,0.0,50.4,0.0
2019-07-13,7050.0,0.0,20.2,4670.0,0.0,48.5,0.0
2019-07-14,7210.0,0.0,20.6,4800.0,0.0,47.3,0.0
2019-07-15,7190.0,2.8,19.6,4750.0,0.6,47.1,2.0
2019-07-16,7110.0,0.3,19.2,4700.0,0.0,49.4,0.2
2019-07-17,7040.0,0.5,18.4,4750.0,0.0,47.4,0.0
2019-07-18,6990.0,0.5,19.5,4730.0,2.2,51.4,1.2
2019-07-19,6910.0,0.0,17.2,4620.0,0.0,54.6,0.0
2019-07-20,6810.0,0.0,19.0,4550.0,0.0,47.3,0.0
2019-07-21,6680.0,0.0,20.9,4490.0,0.0,44.5,0.0
2019-07-22,6670.0,0.0,20.3,4490.0,0.0,42.5,0.0
2019-07-23,6660.0,0.0,19.6,4480.0,0.0,41.5,0.0
2019-07-24,6770.0,0.0,18.4,4780.0,0.0,40.7,0.0
2019-07-25,6930.0,0.0,21.9,4860.0,0.0,39.9,0.0
2019-07-26,6960.0,0.0,24.0,4900.0,0.0,38.8,0.0
2019-07-27,6970.0,0.0,20.7,4930.0,0.0,37.8,0.1
2019-07-28,7030.0,0.0,20.8,4920.0,0.0,37.6,0.0
2019-07-29,7060.0,0.0,20.4,4980.0,0.0,36.8,0.0
2019-07-30,7150.0,0.0,18.6,5100.0,0.0,36.3,0.0
2019-07-31,7200.0,0.0,20.0,5190.0,0.0,36.0,0.0
2019-08-01,7350.0,0.0,21.4,5340.0,0.0,35.4,0.0
2019-08-02,7440.0,0.1,21.8,5360.0,0.0,34.8,0.0
2019-08-03,7350.0,0.1,22.5,5250.0,0.0,34.7,0.0
2019-08-04,7290.0,0.0,24.1,5200.0,0.0,34.2,0.0
2019-08-05,7270.0,0.0,22.7,5180.0,0.0,33.2,0.0
2019-08-06,7220.0,0.0,21.3,5170.0,0.0,32.8,0.0
2019-08-07,7220.0,0.0,20.2,5170.0,0.0,32.6,0.0
2019-08-08,7220.0,0.0,18.6,5210.0,0.0,33.6,0.0
2019-08-09,7360.0,0.4,18.9,5350.0,0.0,34.5,0.0
2019-08-10,7420.0,1.0,18.9,5370.0,3.8,35.2,2.2
2019-08-11,7500.0,0.1,18.2,5420.0,0.0,36.8,0.2
2019-08-12,7500.0,0.0,19.9,5390.0,0.0,37.8,0.0
2019-08-13,7380.0,0.0,22.3,5330.0,0.0,34.5,0.0
2019-08-14,7280.0,0.0,21.9,5250.0,0.0,32.4,0.0
2019-08-15,7200.0,0.0,20.8,5200.0,0.0,31.3,0.0
2019-08-16,7150.0,0.0,19.6,5150.0,0.0,30.6,0.0
2019-08-17,7140.0,0.0,18.7,5150.0,0.0,30.2,0.0
2019-08-18,7170.0,0.0,19.7,5140.0,0.0,29.9,0.0
2019-08-19,7190.0,0.0,19.8,5140.0,0.0,29.5,0.0
2019-08-20,7120.0,0.0,20.8,5180.0,0.0,29.2,0.0
2019-08-21,7380.0,1.8,18.0,5340.0,5.3,30.0,5.0
2019-08-22,7360.0,4.2,17.1,5180.0,1.4,36.2,2.3
2019-08-23,7220.0,0.0,18.1,5070.0,0.0,38.4,0.0
2019-08-24,7200.0,0.0,19.3,5200.0,0.0,33.0,0.0
2019-08-25,7400.0,0.0,19.2,5290.0,0.0,30.5,0.0
2019-08-26,7360.0,0.0,19.6,5270.0,0.0,29.1,0.0
2019-08-27,7300.0,0.0,24.5,5240.0,0.0,28.1,0.0
2019-08-28,7270.0,0.0,25.8,5230.0,0.0,27.0,0.0
2019-08-29,7300.0,1.7,22.5,5240.0,0.8,28.7,1.4
2019-08-30,7420.0,0.0,21.0,5340.0,0.0,30.8,0.0
2019-08-31,7450.0,0.0,20.0,5250.0,0.0,30.2,0.0
2019-09-01,7340.0,0.1,21.1,5180.0,0.0,28.7,0.0
2019-09-02,7860.0,0.0,19.9,5200.0,0.0,27.7,0.0
2019-09-03,8240.0,0.0,20.2,5220.0,0.0,27.2,0.0
2019-09-04,8260.0,0.0,19.4,5200.0,0.0,27.3,0.0
2019-09-05,8280.0,0.0,21.6,5180.0,0.0,27.6,0.0
2019-09-06,8280.0,0.0,22.0,5170.0,0.2,27.4,0.0
2019-09-07,8380.0,0.1,18.9,5200.0,0.0,27.6,0.0
2019-09-08,8480.0,2.6,17.3,5280.0,5.1,35.0,3.8
2019-09-09,8870.0,9.5,16.1,5560.0,11.9,145.0,7.5
2019-09-10,9570.0,15.4,15.7,5860.0,10.5,95.4,16.0
2019-09-11,9640.0,3.6,15.3,5950.0,3.7,68.5,8.9
2019-09-12,9360.0,0.0,17.0,5780.0,0.0,55.0,0.0
2019-09-13,9030.0,3.9,18.9,5570.0,0.8,47.8,3.7
2019-09-14,8850.0,0.0,17.8,5470.0,0.0,44.6,0.0
2019-09-15,8950.0,15.3,15.7,5550.0,17.1,55.8,18.7
2019-09-16,9430.0,7.4,14.2,5870.0,6.9,168.0,7.1
2019-09-17,9940.0,6.9,14.6,6210.0,4.2,149.0,5.7
2019-09-18,10200.0,23.8,14.0,6480.0,12.6,452.0,19.9
2019-09-19,11700.0,1.0,13.9,7300.0,0.2,298.0,2.3
2019-09-20,11200.0,1.2,15.8,6790.0,0.5,183.0,1.0
2019-09-21,10200.0,0.1,16.1,6290.0,0.0,139.0,0.0
2019-09-22,9780.0,23.8,14.9,6070.0,4.3,122.0,14.5
2019-09-23,9730.0,0.4,14.4,5970.0,0.7,160.0,5.5
2019-09-24,9650.0,0.9,17.3,5890.0,0.0,142.0,0.5
2019-09-25,9330.0,0.0,15.5,5660.0,0.0,127.0,0.0
2019-09-26,9010.0,0.4,15.2,5490.0,0.0,111.0,0.1
2019-09-27,8890.0,0.1,13.2,5420.0,0.0,105.0,0.2
2019-09-28,8820.0,3.2,11.0,5350.0,6.3,110.0,3.6
2019-09-29,8890.0,5.7,8.3,5480.0,1.6,125.0,6.3
2019-09-30,9060.0,0.7,8.0,5610.0,7.6,119.0,0.4
2019-10-01,8960.0,0.0,8.6,5480.0,0.0,106.0,0.0
2019-10-02,8780.0,0.0,8.4,5290.0,0.0,96.1,0.0
2019-10-03,8580.0,2.4,11.2,5060.0,3.8,92.5,1.7
2019-10-04,8630.0,1.0,10.5,5130.0,0.8,95.3,2.1
2019-10-05,8970.0,0.0,10.5,5420.0,0.0,110.0,0.0
2019-10-06,8980.0,0.0,11.3,5380.0,0.0,102.0,0.0
2019-10-07,8860.0,0.0,11.9,5300.0,0.0,94.0,0.0
2019-10-08,8790.0,1.4,13.6,5250.0,1.2,118.0,1.0
2019-10-09,8810.0,0.0,6.4,5240.0,0.1,194.0,0.0
2019-10-10,8950.0,0.0,7.4,5370.0,0.0,165.0,0.0
2019-10-11,9190.0,0.0,8.8,5870.0,0.0,136.0,0.0
2019-10-12,9610.0,0.0,8.4,6110.0,0.0,119.0,0.0
2019-10-13,9660.0,2.0,10.6,6190.0,1.7,108.0,1.3
2019-10-14,9690.0,0.0,9.5,6230.0,0.0,97.8,0.0
2019-10-15,9620.0,0.0,9.3,6160.0,0.0,90.3,0.0
2019-10-16,9470.0,8.3,11.5,6210.0,3.8,92.1,4.4
2019-10-17,9750.0,8.0,11.3,6590.0,9.9,237.0,10.0
2019-10-18,10600.0,7.9,10.4,6800.0,9.2,793.0,7.4
2019-10-19,12400.0,19.9,10.7,7240.0,13.8,2460.0,20.7
2019-10-20,15000.0,2.1,9.6,7800.0,0.6,1810.0,2.1
2019-10-21,14100.0,0.7,12.5,8070.0,1.1,1000.0,1.4
2019-10-22,12800.0,6.3,14.7,7520.0,6.6,1150.0,10.4
2019-10-23,12800.0,0.0,10.2,7140.0,0.0,934.0,0.0
2019-10-24,12000.0,0.0,9.7,6990.0,0.0,611.0,0.0
2019-10-25,11400.0,0.0,12.1,6710.0,0.0,452.0,0.3
2019-10-26,10700.0,0.0,8.7,6240.0,0.0,361.0,0.3
2019-10-27,10400.0,0.0,6.9,5840.0,0.0,300.0,0.0
2019-10-28,10500.0,0.0,5.7,5580.0,0.0,256.0,0.0
2019-10-29,10300.0,0.0,4.9,5310.0,0.0,223.0,0.0
2019-10-30,9990.0,0.0,2.6,5140.0,0.0,200.0,0.0
2019-10-31,9800.0,0.0,3.0,5020.0,0.0,183.0,0.0
2019-11-01,9750.0,0.0,5.2,4950.0,0.0,167.0,0.0
2019-11-02,9770.0,0.0,7.2,5030.0,0.0,154.0,0.0
2019-11-03,9880.0,0.0,7.0,5230.0,0.0,143.0,0.0
2019-11-04,9950.0,0.0,6.7,5670.0,0.0,134.0,0.0
2019-11-05,11000.0,0.0,5.9,7120.0,0.0,126.0,0.0
2019-11-06,11900.0,0.0,5.6,7270.0,0.0,119.0,0.0
2019-11-07,12600.0,0.0,6.9,7320.0,0.0,112.0,0.0
2019-11-08,13200.0,0.0,5.7,7180.0,0.0,107.0,0.0
2019-11-09,13100.0,0.1,8.4,6520.0,0.1,102.0,0.7
2019-11-10,12300.0,0.1,9.9,5300.0,0.0,98.0,0.0
2019-11-11,11600.0,0.0,9.9,4840.0,0.0,94.3,0.0
2019-11-12,11300.0,4.1,7.2,4590.0,0.2,91.5,1.7
2019-11-13,10900.0,0.0,8.2,4360.0,0.0,89.9,0.0
2019-11-14,10200.0,0.0,7.3,4220.0,0.0,86.6,0.0
2019-11-15,10200.0,3.5,9.4,4440.0,2.6,115.0,4.0
2019-11-16,9890.0,0.0,9.4,4360.0,0.0,136.0,0.0
2019-11-17,9070.0,0.4,9.1,4140.0,0.3,107.0,0.6
2019-11-18,8380.0,3.9,10.6,4070.0,3.8,101.0,1.1
2019-11-19,8000.0,8.1,11.0,4110.0,6.0,218.0,6.9
2019-11-20,7960.0,0.0,7.3,4270.0,0.0,289.0,0.0
2019-11-21,8110.0,0.0,6.1,4470.0,0.0,214.0,0.0
2019-11-22,7830.0,0.0,3.1,4300.0,0.0,178.0,0.0
2019-11-23,7630.0,0.0,2.2,4200.0,0.0,157.0,0.0
2019-11-24,7490.0,1.4,6.3,4130.0,1.2,146.0,1.4
2019-11-25,7530.0,3.3,5.6,4130.0,5.2,169.0,4.8
2019-11-26,7700.0,5.8,3.8,4220.0,9.0,182.0,5.3
2019-11-27,8130.0,1.7,4.2,4430.0,7.7,170.0,2.5
2019-11-28,8040.0,0.0,2.6,4420.0,0.0,154.0,0.0
2019-11-29,7870.0,0.0,-0.2,4340.0,0.0,142.0,0.0
2019-11-30,7830.0,0.0,-1.0,4240.0,0.0,134.0,0.0
2019-12-01,7760.0,3.5,1.2,4240.0,7.0,130.0,4.9
2019-12-02,7700.0,0.5,1.2,4200.0,0.2,126.0,0.1
2019-12-03,7620.0,0.0,2.0,4140.0,0.0,125.0,0.0
2019-12-04,7560.0,0.0,2.0,4080.0,0.0,132.0,0.0
2019-12-05,7460.0,0.0,3.4,4040.0,0.0,136.0,0.0
2019-12-06,7280.0,0.8,3.6,4040.0,0.7,134.0,0.7
2019-12-07,7520.0,25.0,5.1,4230.0,19.0,144.0,21.9
2019-12-08,7750.0,2.2,6.7,4290.0,2.9,159.0,4.2
2019-12-09,7890.0,0.0,6.6,4390.0,0.0,161.0,0.0
2019-12-10,7810.0,5.6,3.8,4400.0,6.7,154.0,5.8
2019-12-11,8020.0,13.5,6.5,4580.0,11.0,163.0,11.7
2019-12-12,8970.0,16.7,8.4,5040.0,13.4,735.0,18.8
2019-12-13,12100.0,4.0,7.0,6030.0,1.5,929.0,5.0
2019-12-14,13600.0,0.2,4.3,8110.0,0.5,577.0,2.0
2019-12-15,13100.0,0.0,3.2,7840.0,0.2,423.0,0.0
2019-12-16,12200.0,0.2,3.9,7230.0,0.2,338.0,0.2
2019-12-17,11500.0,0.0,1.0,6820.0,0.0,286.0,0.0
2019-12-18,10800.0,0.0,0.1,6560.0,0.0,251.0,0.0
2019-12-19,10800.0,23.0,6.5,6410.0,21.6,518.0,22.7
2019-12-20,13900.0,14.5,11.7,7180.0,4.4,2130.0,12.9
2019-12-21,20600.0,37.0,9.3,10000.0,20.6,1250.0,25.8
2019-12-22,23900.0,3.7,6.2,12100.0,12.8,1100.0,8.2
2019-12-23,23700.0,6.1,5.6,13000.0,6.2,844.0,6.8
2019-12-24,21800.0,0.1,1.7,12300.0,0.1,672.0,0.0
2019-12-25,19200.0,1.8,4.4,10700.0,2.4,559.0,1.8
2019-12-26,16900.0,0.1,0.9,9470.0,0.0,469.0,0.1
2019-12-27,15000.0,0.2,3.4,8530.0,0.4,409.0,0.4
2019-12-28,13400.0,0.0,2.8,7700.0,0.0,360.0,0.0
2019-12-29,12400.0,4.4,4.0,7040.0,1.5,328.0,1.3
2019-12-30,11800.0,0.0,3.7,6660.0,0.2,301.0,0.0
2019-12-31,11300.0,0.6,5.5,6340.0,1.5,289.0,1.8
2020-01-01,12100.0,13.6,9.8,6730.0,11.9,2010.0,15.4
2020-01-02,18700.0,0.4,7.1,9860.0,0.2,1960.0,0.0
2020-01-03,20700.0,0.8,9.3,11100.0,0.0,1180.0,0.0
2020-01-04,20800.0,11.8,7.9,11300.0,13.8,965.0,11.8
2020-01-05,21200.0,6.1,5.9,12300.0,10.2,871.0,8.6
2020-01-06,23000.0,18.4,6.6,13000.0,11.1,1640.0,14.3
2020-01-07,27600.0,2.5,9.1,13800.0,3.4,1880.0,3.2
2020-01-08,29500.0,9.3,6.5,15200.0,14.3,2460.0,8.8
2020-01-09,34300.0,2.9,3.4,18600.0,3.1,1700.0,3.0
2020-01-10,35400.0,10.5,4.3,20300.0,5.3,1340.0,7.3
2020-01-11,40700.0,10.7,6.6,23100.0,9.1,2970.0,9.7
2020-01-12,53300.0,24.6,5.4,31300.0,18.6,2440.0,20.3
2020-01-13,59300.0,9.3,3.1,35900.0,12.8,1780.0,10.5
2020-01-14,59600.0,2.6,1.8,36300.0,7.0,1210.0,5.2
2020-01-15,52400.0,1.7,1.0,31400.0,1.2,919.0,1.4
2020-01-16,46700.0,11.8,3.7,28200.0,21.8,837.0,16.3
2020-01-17,45600.0,1.4,1.9,28900.0,1.2,708.0,3.1
2020-01-18,42500.0,6.3,5.2,26100.0,5.5,753.0,5.5
2020-01-19,40100.0,1.2,7.9,24000.0,0.5,1220.0,0.6
2020-01-20,39100.0,0.0,6.0,22200.0,0.0,1410.0,0.0
2020-01-21,37100.0,9.2,5.9,21300.0,9.7,1430.0,7.8
2020-01-22,38200.0,8.3,6.8,22700.0,5.9,1790.0,6.7
2020-01-23,41900.0,11.3,10.2,23300.0,1.3,3810.0,8.9
2020-01-24,51100.0,17.5,10.4,26200.0,14.3,4350.0,16.3
2020-01-25,58100.0,5.2,9.5,31900.0,2.8,2870.0,4.1
2020-01-26,58300.0,18.2,9.8,33100.0,15.8,2830.0,16.3
2020-01-27,60200.0,8.7,7.5,35800.0,6.8,2520.0,8.3
2020-01-28,66100.0,35.2,9.1,38800.0,21.2,4480.0,23.8
2020-01-29,80800.0,6.0,8.1,47300.0,5.2,3500.0,8.4
2020-01-30,87300.0,3.0,7.3,52800.0,5.1,2630.0,5.3
2020-01-31,86500.0,3.4,11.6,52000.0,2.3,2000.0,2.9
2020-02-01,78500.0,5.7,11.3,46000.0,4.4,2630.0,5.8
2020-02-02,71300.0,1.6,4.0,39900.0,0.8,2450.0,1.1
2020-02-03,61700.0,1.4,1.8,34000.0,0.7,1450.0,1.0
2020-02-04,50300.0,0.0,0.8,28000.0,0.6,1040.0,0.0
2020-02-05,39100.0,10.2,5.0,21400.0,5.7,1220.0,7.9
2020-02-06,33200.0,0.5,9.1,18800.0,0.6,2720.0,0.6
2020-02-07,35500.0,0.4,9.6,19100.0,1.0,3080.0,0.7
2020-02-08,42200.0,3.8,6.9,22300.0,4.2,2990.0,4.5
2020-02-09,45000.0,0.0,3.6,24300.0,0.0,1920.0,0.1
2020-02-10,43100.0,0.0,2.9,23300.0,0.0,1350.0,0.0
2020-02-11,38600.0,0.0,2.9,20100.0,0.0,1050.0,0.0
2020-02-12,33500.0,0.0,5.7,16900.0,0.0,870.0,0.0
2020-02-13,29000.0,0.5,2.6,14600.0,1.0,743.0,0.9
2020-02-14,24100.0,1.4,5.0,13100.0,1.3,675.0,1.2
2020-02-15,21500.0,9.7,5.7,12000.0,8.5,685.0,10.3
2020-02-16,24200.0,11.3,6.4,13200.0,20.7,1320.0,16.9
2020-02-17,29500.0,1.4,4.9,17400.0,1.3,1030.0,1.1
2020-02-18,27100.0,0.0,3.0,15400.0,0.0,830.0,0.0
2020-02-19,23600.0,0.0,3.4,13700.0,0.0,696.0,0.0
2020-02-20,21100.0,0.0,3.7,12500.0,0.0,603.0,0.0
2020-02-21,18800.0,0.0,3.6,11500.0,0.0,534.0,0.0
2020-02-22,17100.0,0.0,4.8,10400.0,0.0,496.0,0.0
2020-02-23,15900.0,5.1,6.6,9670.0,2.1,536.0,3.5
2020-02-24,15400.0,0.3,4.5,9350.0,0.3,599.0,0.1
2020-02-25,14900.0,0.2,4.3,9060.0,0.0,513.0,0.0
2020-02-26,14100.0,0.7,7.8,8620.0,0.0,464.0,0.4
2020-02-27,13500.0,0.0,5.6,8230.0,0.0,441.0,0.0
2020-02-28,13000.0,0.0,6.4,8010.0,0.0,447.0,0.0
2020-02-29,12800.0,4.0,6.3,7810.0,9.3,514.0,3.6
2020-03-01,13000.0,2.9,3.0,7940.0,1.2,472.0,2.3
2020-03-02,12800.0,0.0,4.9,7740.0,0.0,424.0,0.0
2020-03-03,12300.0,1.2,8.8,7400.0,1.5,458.0,1.8
2020-03-04,12000.0,0.0,8.1,7070.0,0.6,529.0,0.0
2020-03-05,11800.0,0.0,6.5,6910.0,0.0,522.0,0.0
2020-03-06,11700.0,4.4,6.9,7010.0,2.3,509.0,3.6
2020-03-07,12000.0,6.1,4.8,7140.0,11.1,528.0,7.0
2020-03-08,12300.0,0.2,3.0,7320.0,0.0,485.0,0.1
2020-03-09,11900.0,0.0,3.9,7020.0,0.0,443.0,0.0
2020-03-10,11400.0,0.0,4.8,6780.0,0.0,405.0,0.0
2020-03-11,11000.0,0.0,6.1,6530.0,0.0,376.0,0.0
2020-03-12,10700.0,0.0,4.9,6330.0,0.0,350.0,0.0
2020-03-13,10400.0,2.0,3.5,6210.0,1.4,337.0,2.8
2020-03-14,11000.0,10.9,3.1,6570.0,13.4,336.0,15.1
2020-03-15,11700.0,0.8,2.7,7060.0,1.2,307.0,0.9
2020-03-16,11500.0,0.4,4.4,6800.0,0.3,284.0,0.5
2020-03-17,11300.0,0.0,6.4,6530.0,0.0,273.0,0.0
2020-03-18,11000.0,0.0,6.8,6380.0,0.0,262.0,0.0
2020-03-19,10700.0,0.0,7.0,6240.0,0.0,251.0,0.0
2020-03-20,10500.0,0.0,8.0,6090.0,0.0,247.0,0.0
2020-03-21,10200.0,0.0,8.2,5930.0,0.0,257.0,0.0
2020-03-22,10100.0,0.0,7.3,5780.0,0.0,267.0,0.0
2020-03-23,9960.0,2.7,7.9,5710.0,5.1,283.0,3.2
2020-03-24,10100.0,5.8,5.8,5780.0,13.9,307.0,4.7
2020-03-25,10600.0,6.8,4.5,6010.0,8.3,323.0,4.4
2020-03-26,10800.0,0.3,4.4,6220.0,0.0,310.0,0.1
2020-03-27,10600.0,3.1,6.1,6120.0,1.8,298.0,3.6
2020-03-28,10500.0,4.9,7.8,6020.0,4.2,387.0,6.1
2020-03-29,11300.0,7.2,9.2,6110.0,11.1,1210.0,7.6
2020-03-30,14800.0,11.6,8.8,7260.0,12.4,2280.0,11.0
2020-03-31,23000.0,7.0,6.6,12600.0,11.4,2310.0,6.1
2020-04-01,32300.0,5.7,5.1,20300.0,7.7,1440.0,7.2
2020-04-02,29800.0,5.6,5.0,17000.0,7.1,1070.0,5.3
2020-04-03,25100.0,1.8,4.1,14300.0,4.2,874.0,0.8
2020-04-04,21800.0,1.1,5.2,12800.0,2.5,741.0,1.8
2020-04-05,20400.0,5.0,7.1,11900.0,4.4,702.0,4.2
2020-04-06,19400.0,0.4,9.5,11300.0,1.5,792.0,0.2
2020-04-07,18400.0,0.0,8.4,10900.0,0.0,778.0,0.0
2020-04-08,17100.0,0.0,8.9,10200.0,0.0,816.0,0.0
2020-04-09,16400.0,0.0,12.6,9790.0,0.0,898.0,0.0
2020-04-10,15900.0,0.0,12.0,9440.0,0.0,1010.0,0.0
2020-04-11,15200.0,0.1,10.6,8960.0,0.0,992.0,0.0
2020-04-12,14600.0,0.0,9.3,8670.0,0.0,834.0,0.0
2020-04-13,13900.0,0.0,9.1,8370.0,0.0,665.0,0.0
2020-04-14,13100.0,0.0,9.5,7920.0,0.0,559.0,0.0
2020-04-15,12500.0,1.0,10.5,7500.0,0.1,509.0,0.4
2020-04-16,12000.0,0.0,11.8,7190.0,0.0,494.0,0.0
2020-04-17,11600.0,0.0,11.5,6950.0,0.0,479.0,0.0
2020-04-18,11300.0,3.3,11.2,6790.0,1.0,483.0,3.5
2020-04-19,11300.0,0.5,9.7,6730.0,2.3,462.0,0.4
2020-04-20,11100.0,0.0,10.4,6630.0,0.0,449.0,0.0
2020-04-21,10900.0,0.0,11.1,6520.0,0.0,471.0,0.0
2020-04-22,11000.0,10.7,11.0,6700.0,14.8,582.0,17.0
2020-04-23,12300.0,3.2,12.0,7230.0,6.6,1560.0,4.4
2020-04-24,14000.0,3.2,11.8,8380.0,2.3,1000.0,3.7
2020-04-25,13700.0,6.0,13.1,8470.0,4.4,943.0,5.6
2020-04-26,14100.0,0.0,10.7,8530.0,0.1,1020.0,0.0
2020-04-27,14100.0,6.6,12.6,8660.0,6.7,1230.0,8.7
2020-04-28,14500.0,0.4,13.0,8540.0,0.4,1250.0,0.7
2020-04-29,14400.0,0.0,14.9,8920.0,0.0,1040.0,0.0
2020-04-30,14500.0,1.2,13.2,9200.0,0.4,1110.0,2.3
2020-05-01,15200.0,1.1,9.9,9270.0,0.1,856.0,1.6
2020-05-02,15700.0,13.3,11.6,9460.0,12.4,729.0,11.1
2020-05-03,15900.0,1.7,9.3,9470.0,1.9,917.0,5.3
2020-05-04,16200.0,0.7,9.4,9800.0,0.0,762.0,0.5
2020-05-05,15300.0,0.4,12.5,9250.0,0.5,632.0,0.7
2020-05-06,14300.0,4.0,11.7,8730.0,3.7,616.0,5.1
2020-05-07,13900.0,0.0,11.1,8500.0,0.0,547.0,0.0
2020-05-08,13400.0,0.0,16.2,8220.0,0.0,481.0,0.0
2020-05-09,13200.0,0.0,18.3,8150.0,0.0,489.0,0.0
2020-05-10,13200.0,0.0,18.1,8100.0,0.0,517.0,0.0
2020-05-11,13500.0,0.2,16.1,8140.0,3.9,514.0,0.2
2020-05-12,13800.0,6.8,12.6,8420.0,8.9,515.0,7.3
2020-05-13,14300.0,8.0,11.0,8510.0,5.4,653.0,7.9
2020-05-14,14900.0,11.7,11.0,8910.0,19.4,786.0,12.0
2020-05-15,16700.0,5.0,11.9,9260.0,0.3,1380.0,3.2
2020-05-16,16900.0,1.5,13.6,9020.0,2.0,960.0,1.8
2020-05-17,15100.0,7.8,13.0,8400.0,4.2,784.0,8.2
2020-05-18,15100.0,27.2,12.3,8620.0,13.0,790.0,22.5
2020-05-19,16700.0,1.2,11.6,9790.0,0.1,846.0,1.6
2020-05-20,17600.0,0.3,12.0,10600.0,0.5,882.0,0.9
2020-05-21,17800.0,1.6,11.5,10600.0,2.5,1280.0,0.3
2020-05-22,18900.0,0.7,9.4,10600.0,0.5,1630.0,1.2
2020-05-23,19400.0,0.0,10.6,10800.0,0.0,1210.0,0.1
2020-05-24,18900.0,0.0,12.7,10600.0,0.0,918.0,0.0
2020-05-25,17400.0,0.6,14.4,9860.0,0.1,741.0,0.7
2020-05-26,16000.0,0.3,16.5,9170.0,0.0,626.0,0.0
2020-05-27,14800.0,0.0,16.3,8460.0,0.0,543.0,0.0
2020-05-28,14000.0,0.0,20.1,8060.0,0.0,478.0,0.0
2020-05-29,13400.0,0.0,20.1,7940.0,0.0,432.0,0.0
2020-05-30,13300.0,11.4,15.2,7960.0,10.5,416.0,13.9
2020-05-31,13500.0,4.6,12.4,8070.0,3.6,397.0,4.1
2020-06-01,13100.0,0.0,13.1,7920.0,0.0,342.0,0.0
2020-06-02,12100.0,0.0,15.0,7540.0,0.0,303.0,0.0
2020-06-03,11600.0,0.0,15.5,8200.0,0.0,276.0,0.0
2020-06-04,12200.0,0.0,14.8,8580.0,0.0,255.0,0.0
2020-06-05,12300.0,0.2,15.9,8530.0,0.1,238.0,0.4
2020-06-06,12400.0,8.2,12.3,9000.0,11.2,249.0,7.7
2020-06-07,12900.0,0.9,11.1,9480.0,6.4,360.0,2.2
2020-06-08,13600.0,0.6,12.3,9860.0,2.1,492.0,2.3
2020-06-09,14000.0,14.0,13.4,9950.0,5.7,655.0,9.2
2020-06-10,14900.0,2.9,16.8,10000.0,2.8,1220.0,4.0
2020-06-11,15100.0,4.5,15.9,9890.0,2.3,771.0,2.7
2020-06-12,14200.0,4.2,15.1,9190.0,4.2,599.0,7.5
2020-06-13,12900.0,6.7,11.6,8250.0,4.3,577.0,4.8
2020-06-14,13100.0,4.7,12.5,8280.0,2.4,1370.0,5.2
2020-06-15,15000.0,9.1,14.5,8810.0,8.7,1980.0,10.8
2020-06-16,18800.0,10.3,12.5,9440.0,16.8,2230.0,6.2
2020-06-17,19500.0,0.1,14.4,9810.0,0.1,1430.0,0.2
2020-06-18,18400.0,0.0,16.1,9760.0,0.0,1000.0,0.0
2020-06-19,16700.0,0.0,19.4,8980.0,0.0,766.0,0.0
2020-06-20,15400.0,4.6,18.1,8370.0,3.6,623.0,3.2
2020-06-21,14500.0,0.1,17.3,7850.0,0.4,537.0,0.8
2020-06-22,13700.0,0.0,17.7,7400.0,0.0,456.0,0.0
2020-06-23,12800.0,0.0,22.4,6960.0,0.0,396.0,0.0
2020-06-24,11800.0,0.2,21.4,6550.0,0.0,350.0,0.0
2020-06-25,11300.0,0.0,19.0,6350.0,0.0,314.0,0.0
2020-06-26,10700.0,0.0,21.8,6190.0,0.0,283.0,0.0
2020-06-27,10200.0,1.1,19.7,6040.0,0.0,258.0,0.4
2020-06-28,9600.0,1.7,15.4,5880.0,0.7,247.0,0.8
2020-06-29,9260.0,0.2,16.4,5820.0,0.0,242.0,0.3
2020-06-30,9110.0,1.5,16.3,5710.0,2.3,223.0,2.1
2020-07-01,8910.0,0.5,14.5,5640.0,0.3,209.0,0.4
2020-07-02,8980.0,0.0,15.8,5850.0,0.0,197.0,0.0
2020-07-03,8910.0,0.0,16.7,5770.0,0.0,183.0,0.0
2020-07-04,8750.0,0.0,17.2,5700.0,0.0,172.0,0.0
2020-07-05,8620.0,0.0,17.5,5630.0,0.0,162.0,0.0
2020-07-06,8550.0,0.0,16.8,5640.0,0.0,155.0,0.0
2020-07-07,8440.0,0.8,15.9,5570.0,0.3,150.0,0.1
2020-07-08,8310.0,0.2,17.3,5420.0,0.1,145.0,0.2
2020-07-09,8140.0,0.2,18.0,5310.0,0.4,137.0,0.0
2020-07-10,7980.0,0.0,19.5,5200.0,0.0,131.0,0.0
2020-07-11,7850.0,0.0,19.1,5150.0,0.0,124.0,0.0
2020-07-12,7790.0,0.0,17.6,5100.0,0.0,118.0,0.0
2020-07-13,7690.0,0.0,18.2,5010.0,0.0,113.0,0.0
2020-07-14,7540.0,0.0,20.3,4930.0,0.0,108.0,0.0
2020-07-15,7480.0,0.0,22.9,4990.0,0.0,103.0,0.0
2020-07-16,7630.0,0.0,23.2,5140.0,0.0,98.9,0.0
2020-07-17,7630.0,0.0,20.5,5140.0,0.0,95.5,0.0
2020-07-18,7600.0,0.0,19.1,5120.0,0.0,92.7,0.0
2020-07-19,7620.0,0.0,23.4,5120.0,0.0,89.4,0.0
2020-07-20,7640.0,0.0,23.9,5130.0,0.0,85.7,0.0
2020-07-21,7540.0,0.0,23.8,5100.0,0.0,82.6,0.0
2020-07-22,7500.0,0.0,21.7,5100.0,0.0,79.6,0.0
2020-07-23,7560.0,0.1,19.4,5160.0,0.0,77.3,0.4
2020-07-24,7540.0,0.0,18.2,5060.0,0.0,75.2,0.0
2020-07-25,7410.0,0.0,18.3,5010.0,0.0,73.5,0.0
2020-07-26,7670.0,0.0,23.5,5370.0,0.0,71.1,0.0
2020-07-27,7840.0,0.0,27.8,5450.0,0.0,67.9,0.0
2020-07-28,7760.0,0.0,24.4,5420.0,0.0,66.8,0.0
2020-07-29,7730.0,0.0,24.6,5400.0,0.0,64.5,0.0
2020-07-30,7660.0,0.0,25.7,5350.0,0.0,62.3,0.0
2020-07-31,7640.0,0.0,22.8,5450.0,0.0,59.9,0.0
2020-08-01,7720.0,0.0,20.3,5660.0,0.0,58.7,0.0
2020-08-02,7730.0,0.0,21.3,5760.0,0.0,57.5,0.0
2020-08-03,7790.0,0.0,21.0,5780.0,0.0,56.1,0.0
2020-08-04,7770.0,0.0,22.1,5770.0,0.0,55.0,0.0
2020-08-05,7690.0,0.0,21.3,5720.0,0.0,53.7,0.0
2020-08-06,7630.0,3.7,17.8,5710.0,2.8,54.5,3.3
2020-08-07,7730.0,0.0,17.4,5750.0,0.0,57.8,0.0
2020-08-08,7720.0,0.0,19.6,5760.0,0.0,54.5,0.0
2020-08-09,7700.0,0.0,19.0,5730.0,0.0,52.4,0.0
2020-08-10,7640.0,0.0,23.1,5640.0,0.0,50.6,0.0
2020-08-11,7570.0,0.0,20.1,5720.0,0.0,49.0,0.0
2020-08-12,7440.0,0.0,16.9,5480.0,0.0,47.6,0.0
2020-08-13,7300.0,0.0,17.7,5340.0,0.0,46.9,0.0
2020-08-14,7350.0,0.0,20.0,5530.0,0.0,45.8,0.0
2020-08-15,7490.0,0.0,24.5,5640.0,0.0,44.6,0.0
2020-08-16,7580.0,0.0,28.2,5680.0,0.0,43.5,0.0
2020-08-17,7570.0,0.0,24.9,5690.0,0.0,42.9,0.0
2020-08-18,7630.0,0.0,23.3,5800.0,0.0,41.8,0.0
2020-08-19,7670.0,0.0,21.3,5820.0,0.0,41.2,0.0
2020-08-20,7680.0,0.0,21.4,5820.0,0.1,40.3,0.5
2020-08-21,7650.0,0.1,22.1,5780.0,0.4,40.6,0.2
2020-08-22,7690.0,4.7,18.6,5790.0,0.1,44.1,0.2
2020-08-23,7730.0,0.0,19.9,5790.0,0.0,43.7,0.0
2020-08-24,7730.0,0.0,19.9,5790.0,0.0,41.2,0.0
2020-08-25,7670.0,0.0,19.7,5780.0,0.0,39.4,0.0
2020-08-26,7620.0,0.0,19.2,5740.0,0.0,38.4,0.0
2020-08-27,7560.0,0.0,19.6,5700.0,0.0,37.4,0.0
2020-08-28,7550.0,0.0,20.2,5700.0,0.0,36.9,0.0
2020-08-29,7530.0,0.0,19.9,5640.0,0.0,36.2,0.0
2020-08-30,7390.0,0.0,16.3,5460.0,0.0,35.4,0.0
2020-08-31,7370.0,0.0,18.5,5420.0,0.0,35.3,0.0
2020-09-01,7740.0,0.0,20.3,5540.0,0.0,35.6,0.0
2020-09-02,8600.0,0.0,23.8,5550.0,0.0,35.1,0.0
2020-09-03,8690.0,0.0,24.3,5800.0,0.0,34.1,0.0
2020-09-04,8700.0,0.0,23.1,5540.0,0.0,33.2,0.0
2020-09-05,8610.0,0.0,18.6,5490.0,0.0,32.7,0.0
2020-09-06,8650.0,0.0,20.2,5470.0,0.0,32.4,0.0
2020-09-07,8750.0,0.0,23.2,5480.0,0.0,32.2,0.0
2020-09-08,8750.0,0.0,23.0,5430.0,0.0,26.6,0.0
2020-09-09,8940.0,0.0,23.2,5950.0,0.0,24.9,0.0
2020-09-10,9200.0,0.0,23.6,6070.0,0.0,30.5,0.0
2020-09-11,9350.0,0.0,19.4,6240.0,0.0,34.8,0.0
2020-09-12,9500.0,0.0,18.8,6370.0,0.0,36.6,0.0
2020-09-13,9310.0,0.0,17.7,6220.0,0.0,37.2,0.0
2020-09-14,9040.0,0.0,18.6,6110.0,0.0,38.0,0.0
2020-09-15,8960.0,0.1,21.7,6170.0,0.0,37.8,0.0
2020-09-16,8920.0,0.0,20.2,6130.0,0.0,37.3,0.0
2020-09-17,8820.0,0.0,21.2,6010.0,0.0,37.6,0.1
2020-09-18,9290.0,27.7,18.8,6350.0,20.9,51.4,30.7
2020-09-19,9650.0,1.4,16.5,6580.0,4.6,70.7,5.0
2020-09-20,9650.0,0.1,16.4,6640.0,0.0,51.8,0.2
2020-09-21,9400.0,0.0,16.3,6440.0,0.0,43.0,0.0
2020-09-22,9220.0,0.0,17.4,6330.0,0.1,40.1,0.1
2020-09-23,9270.0,3.5,17.0,6310.0,0.0,42.8,1.5
2020-09-24,9790.0,9.7,16.1,6510.0,7.7,103.0,10.2
2020-09-25,10500.0,6.7,15.0,6650.0,4.8,95.6,6.7
2020-09-26,10900.0,2.7,15.0,6630.0,1.6,578.0,1.9
2020-09-27,11600.0,0.0,14.7,6970.0,0.0,249.0,0.0
2020-09-28,11400.0,0.0,17.2,7040.0,0.0,149.0,0.0
2020-09-29,11300.0,0.0,18.2,7150.0,0.0,112.0,0.0
2020-09-30,11200.0,0.0,18.4,7080.0,0.0,93.4,0.0
2020-10-01,10400.0,0.0,17.2,6900.0,0.0,82.2,0.0
2020-10-02,11000.0,0.0,17.1,6850.0,0.0,74.3,0.0
2020-10-03,11200.0,0.0,16.4,6670.0,0.0,68.7,0.0
2020-10-04,10700.0,0.0,16.3,6510.0,0.0,64.3,0.0
2020-10-05,10500.0,0.0,15.6,6460.0,0.0,61.4,0.0
2020-10-06,9900.0,0.0,15.9,6490.0,0.0,59.0,0.0
2020-10-07,10100.0,0.0,16.0,6640.0,0.0,56.8,0.0
2020-10-08,10300.0,0.3,16.0,6600.0,0.3,54.9,0.2
2020-10-09,10200.0,0.1,14.7,6540.0,0.0,53.3,0.0
2020-10-10,10600.0,28.5,15.4,6650.0,25.0,517.0,25.2
2020-10-11,12100.0,2.6,12.2,7490.0,0.5,1400.0,3.5
2020-10-12,14200.0,11.3,14.4,7710.0,4.1,3080.0,10.2
2020-10-13,14300.0,8.0,13.8,7830.0,5.8,2870.0,10.7
2020-10-14,15800.0,0.9,12.1,7810.0,0.0,1490.0,0.5
2020-10-15,14600.0,0.0,10.5,8430.0,0.0,726.0,0.0
2020-10-16,13700.0,0.0,11.5,7910.0,0.0,487.0,0.0
2020-10-17,13100.0,0.1,14.8,7780.0,1.8,397.0,1.0
2020-10-18,13100.0,0.2,13.0,7960.0,0.0,333.0,0.3
2020-10-19,13100.0,0.9,14.0,8060.0,0.6,376.0,0.7
2020-10-20,13000.0,0.0,11.8,7850.0,0.0,314.0,0.0
2020-10-21,12600.0,0.2,12.0,7310.0,0.2,270.0,0.0
2020-10-22,11700.0,0.0,7.1,6610.0,0.0,239.0,0.0
2020-10-23,11400.0,0.0,6.3,6480.0,0.0,214.0,0.0
2020-10-24,11000.0,0.5,11.2,6420.0,0.3,286.0,0.2
2020-10-25,11000.0,0.0,5.3,6470.0,0.0,269.0,0.0
2020-10-26,10900.0,0.0,3.3,6450.0,0.0,230.0,0.0
2020-10-27,10700.0,0.0,5.6,6380.0,0.0,208.0,0.0
2020-10-28,10300.0,0.0,7.7,6300.0,0.0,191.0,0.0
2020-10-29,9900.0,0.0,9.5,6100.0,0.0,176.0,0.0
2020-10-30,9700.0,1.4,9.3,5830.0,1.2,169.0,1.6
2020-10-31,9410.0,0.0,8.1,5680.0,0.0,162.0,0.0
2020-11-01,9240.0,0.0,8.3,5610.0,0.0,149.0,0.0
2020-11-02,9090.0,0.0,8.4,5570.0,0.0,140.0,0.0
2020-11-03,9010.0,1.9,9.5,5490.0,0.8,137.0,3.7
2020-11-04,8970.0,2.7,14.8,5360.0,2.2,196.0,1.8
2020-11-05,8970.0,9.5,14.8,5240.0,6.2,555.0,9.5
2020-11-06,10100.0,10.1,9.3,5300.0,9.3,1750.0,9.4
2020-11-07,11000.0,0.6,5.6,5750.0,2.0,888.0,2.0
2020-11-08,10800.0,0.1,3.9,5890.0,0.2,642.0,0.4
2020-11-09,10600.0,0.0,1.0,5750.0,0.0,483.0,0.0
2020-11-10,10300.0,7.3,6.2,5600.0,8.1,536.0,5.4
2020-11-11,10500.0,1.1,5.2,5670.0,1.9,765.0,2.8
2020-11-12,11600.0,0.7,4.1,6210.0,0.3,559.0,0.4
2020-11-13,12700.0,46.3,8.1,6400.0,34.6,2330.0,33.3
2020-11-14,19700.0,7.0,6.3,8980.0,4.5,2010.0,7.6
2020-11-15,27000.0,26.9,9.7,12500.0,29.3,3710.0,26.7
2020-11-16,35400.0,7.7,10.0,20100.0,9.7,1990.0,11.4
2020-11-17,34200.0,9.0,9.7,18100.0,5.9,1600.0,9.2
2020-11-18,33500.0,18.0,8.6,16400.0,16.9,1680.0,17.5
2020-11-19,38300.0,6.0,7.3,18100.0,5.4,1770.0,2.7
2020-11-20,41400.0,1.0,4.7,20700.0,0.0,1210.0,1.0
2020-11-21,38300.0,0.0,3.0,19100.0,0.0,880.0,0.0
2020-11-22,34300.0,1.0,2.1,16900.0,0.2,700.0,0.0
2020-11-23,31200.0,3.7,6.4,15500.0,2.5,634.0,5.4
2020-11-24,29200.0,0.1,7.5,14200.0,0.0,589.0,0.0
2020-11-25,27000.0,9.5,6.5,13300.0,11.6,881.0,7.8
2020-11-26,27300.0,0.3,6.4,14100.0,1.0,1110.0,1.4
2020-11-27,27700.0,0.0,4.2,14800.0,0.0,902.0,0.0
2020-11-28,26200.0,1.6,2.7,14200.0,0.2,724.0,1.0
2020-11-29,24100.0,0.0,4.0,12800.0,0.0,621.0,0.0
2020-11-30,22700.0,9.4,5.4,11800.0,7.7,676.0,7.7
2020-12-01,22000.0,0.0,3.2,10300.0,0.1,665.0,0.0
2020-12-02,20800.0,0.0,4.8,10100.0,0.0,559.0,0.0
2020-12-03,19100.0,0.2,3.2,9680.0,0.0,487.0,0.0
2020-12-04,17100.0,0.0,2.4,9000.0,0.0,433.0,0.0
2020-12-05,14000.0,0.0,2.9,7750.0,0.0,398.0,0.0
2020-12-06,12500.0,4.6,6.7,7200.0,5.1,574.0,7.2
2020-12-07,12400.0,0.0,6.1,7120.0,0.0,567.0,0.0
2020-12-08,12200.0,0.0,5.1,7180.0,0.0,491.0,0.0
2020-12-09,12100.0,5.2,7.9,7060.0,3.0,595.0,5.3
2020-12-10,12400.0,1.2,4.3,7100.0,2.3,551.0,2.7
2020-12-11,12800.0,8.6,3.5,7190.0,2.4,566.0,9.0
2020-12-12,14500.0,3.6,3.4,7950.0,9.0,566.0,4.3
2020-12-13,15300.0,12.7,4.6,8460.0,8.7,901.0,12.6
2020-12-14,18400.0,1.4,5.3,10900.0,3.6,1260.0,3.0
2020-12-15,23200.0,5.2,6.2,14700.0,5.8,1270.0,4.7
2020-12-16,24100.0,13.0,7.3,14400.0,10.6,1540.0,9.4
2020-12-17,28000.0,8.4,7.5,15800.0,18.4,2490.0,14.1
2020-12-18,35700.0,0.0,6.1,19800.0,0.1,1650.0,0.0
2020-12-19,40100.0,6.3,9.2,21800.0,4.1,1930.0,8.0
2020-12-20,51500.0,70.5,10.6,27000.0,64.3,12100.0,81.5
2020-12-21,85600.0,10.6,11.4,45000.0,8.0,6790.0,7.9
2020-12-22,95400.0,7.8,6.3,54700.0,8.3,3610.0,8.3
2020-12-23,90200.0,0.0,3.7,49300.0,0.0,1940.0,0.0
2020-12-24,74900.0,0.0,-0.3,39200.0,0.0,1340.0,0.0
2020-12-25,60200.0,8.5,-0.6,33100.0,9.1,1050.0,8.4
2020-12-26,55600.0,10.4,6.9,31700.0,18.7,1210.0,13.5
2020-12-27,56500.0,3.1,5.7,33400.0,0.1,1110.0,0.0
2020-12-28,53600.0,0.0,3.3,30400.0,0.0,901.0,0.0
2020-12-29,48800.0,0.0,-0.1,26700.0,0.0,749.0,0.0
2020-12-30,45900.0,5.0,3.7,24100.0,6.8,709.0,9.5
2020-12-31,46600.0,3.9,7.7,24200.0,11.4,1410.0,6.9
2021-01-01,49100.0,7.5,8.8,25400.0,3.8,1310.0,3.7
2021-01-02,51200.0,16.0,7.9,24600.0,11.4,2040.0,14.0
2021-01-03,62500.0,31.7,8.4,29200.0,26.6,4550.0,27.3
2021-01-04,74700.0,23.3,9.0,39400.0,22.0,2900.0,23.9
2021-01-05,83100.0,2.2,5.9,44300.0,1.7,2390.0,2.7
2021-01-06,81200.0,23.2,7.7,43000.0,14.1,1600.0,17.4
2021-01-07,75800.0,7.6,7.8,40200.0,7.3,2010.0,7.5
2021-01-08,70800.0,13.7,6.5,38600.0,12.0,1560.0,12.4
2021-01-09,65100.0,0.0,3.2,36000.0,0.1,1290.0,0.4
2021-01-10,59200.0,6.3,4.6,32800.0,10.3,1050.0,9.0
2021-01-11,54100.0,0.3,6.6,29800.0,0.0,913.0,0.0
2021-01-12,52800.0,56.6,10.2,27900.0,35.0,5220.0,40.0
2021-01-13,76900.0,31.3,10.4,37800.0,24.0,6530.0,32.0
2021-01-14,87100.0,0.0,6.0,44300.0,0.0,2380.0,0.0
2021-01-15,75000.0,2.8,8.3,38100.0,4.1,1520.0,5.3
2021-01-16,60300.0,0.1,6.6,33000.0,0.1,1170.0,0.0
2021-01-17,55200.0,0.6,6.2,32100.0,1.3,955.0,1.0
2021-01-18,53500.0,0.0,5.5,30400.0,0.0,799.0,0.0
2021-01-19,49100.0,0.0,3.6,27100.0,0.0,682.0,0.0
2021-01-20,44300.0,0.0,2.3,23300.0,0.0,598.0,0.0
2021-01-21,38800.0,0.6,3.9,20300.0,0.5,535.0,0.0
2021-01-22,34800.0,1.4,4.2,18400.0,0.3,481.0,1.3
2021-01-23,31700.0,0.0,1.8,16900.0,0.0,435.0,0.0
2021-01-24,29300.0,5.0,2.7,15600.0,3.8,412.0,4.1
2021-01-25,28100.0,2.5,1.8,15100.0,0.8,396.0,2.3
2021-01-26,26600.0,4.3,1.9,14500.0,3.0,367.0,2.9
2021-01-27,24600.0,14.0,1.8,14100.0,13.0,354.0,12.4
2021-01-28,24200.0,5.4,5.1,14300.0,14.6,365.0,12.2
2021-01-29,23500.0,0.3,4.5,14300.0,0.1,353.0,0.2
2021-01-30,21900.0,6.4,5.7,13100.0,3.9,355.0,4.9
2021-01-31,21700.0,11.9,7.3,13000.0,11.1,457.0,12.4
2021-02-01,25300.0,22.1,8.3,15200.0,25.7,566.0,22.5
2021-02-02,29400.0,5.6,6.9,17500.0,9.2,783.0,5.3
2021-02-03,33500.0,16.8,4.6,20400.0,24.2,795.0,19.5
2021-02-04,36300.0,0.0,4.3,22500.0,0.0,667.0,0.0
2021-02-05,31300.0,1.4,7.1,18800.0,1.2,798.0,1.0
2021-02-06,27500.0,0.6,5.5,16200.0,0.0,962.0,0.3
2021-02-07,25100.0,0.1,6.2,14800.0,0.3,999.0,0.4
2021-02-08,23500.0,0.0,4.5,13900.0,0.0,841.0,0.0
2021-02-09,21700.0,0.0,3.2,13000.0,0.0,687.0,0.0
2021-02-10,20100.0,0.0,0.7,12100.0,0.0,590.0,0.0
2021-02-11,18900.0,5.8,2.6,11900.0,4.1,539.0,4.9
2021-02-12,21000.0,19.2,-2.0,13300.0,14.2,664.0,18.0
2021-02-13,31700.0,29.4,-0.5,18500.0,44.4,1470.0,32.3
2021-02-14,50000.0,4.6,3.4,29700.0,5.6,1400.0,5.3
2021-02-15,53100.0,11.8,8.0,29400.0,9.4,3700.0,16.9
2021-02-16,55900.0,3.8,6.3,29900.0,10.8,4050.0,7.0
2021-02-17,54800.0,0.3,4.7,30400.0,0.7,2130.0,0.5
2021-02-18,47600.0,8.6,3.9,27000.0,9.7,1690.0,9.3
2021-02-19,47400.0,9.9,6.6,27700.0,10.8,3540.0,8.5
2021-02-20,57000.0,5.6,6.1,32400.0,9.7,2170.0,9.8
2021-02-21,54600.0,4.4,6.6,31800.0,2.8,1690.0,3.5
2021-02-22,49500.0,3.7,8.8,28300.0,1.8,2490.0,3.6
2021-02-23,47900.0,4.6,5.8,25300.0,1.4,3160.0,3.1
2021-02-24,43400.0,0.4,3.9,22300.0,0.3,1720.0,1.6
2021-02-25,34600.0,2.6,4.4,18600.0,1.2,1310.0,2.0
2021-02-26,31500.0,4.3,6.0,17100.0,8.1,1440.0,4.9
2021-02-27,32700.0,0.9,5.5,17400.0,1.8,1200.0,2.2
2021-02-28,31400.0,0.1,6.3,16700.0,0.2,965.0,0.2
2021-03-01,28000.0,0.0,5.4,15500.0,0.0,886.0,0.0
2021-03-02,24900.0,0.0,6.8,14800.0,0.0,879.0,0.0
2021-03-03,23300.0,0.0,4.9,14100.0,0.0,873.0,0.0
2021-03-04,21900.0,0.0,6.6,13400.0,0.0,852.0,0.0
2021-03-05,20800.0,8.2,6.8,12800.0,11.8,822.0,10.4
2021-03-06,21300.0,3.6,5.8,13700.0,5.9,825.0,5.3
2021-03-07,21800.0,5.5,6.0,14000.0,4.1,707.0,2.6
2021-03-08,20500.0,0.1,4.4,13000.0,0.3,608.0,0.1
2021-03-09,18800.0,0.8,5.5,11900.0,1.2,546.0,1.4
2021-03-10,17800.0,3.3,5.4,11100.0,3.3,510.0,2.8
2021-03-11,16900.0,1.7,4.9,10300.0,0.3,478.0,1.0
2021-03-12,15900.0,0.0,5.8,9700.0,0.0,480.0,0.0
2021-03-13,15100.0,0.0,6.2,9220.0,0.0,513.0,0.0
2021-03-14,14600.0,4.9,7.1,8890.0,4.1,584.0,3.8
2021-03-15,14800.0,4.1,3.8,8960.0,5.8,546.0,6.4
2021-03-16,15600.0,0.0,3.1,9150.0,0.0,469.0,0.0
2021-03-17,15300.0,0.0,4.6,8920.0,0.0,437.0,0.0
2021-03-18,15000.0,8.9,6.7,8760.0,6.3,493.0,7.2
2021-03-19,15000.0,7.5,7.3,8690.0,3.6,599.0,5.8
2021-03-20,15100.0,6.3,6.9,8640.0,6.5,625.0,4.6
2021-03-21,15500.0,0.4,5.2,8780.0,0.5,622.0,0.3
2021-03-22,15800.0,11.5,6.4,8980.0,11.3,678.0,13.1
2021-03-23,17100.0,0.1,5.5,9890.0,0.1,671.0,0.1
2021-03-24,17600.0,3.6,6.3,10200.0,3.7,644.0,3.6
2021-03-25,17400.0,1.3,6.4,10000.0,3.0,841.0,2.2
2021-03-26,17700.0,0.0,5.3,10300.0,0.0,752.0,0.1
2021-03-27,17200.0,0.0,7.7,9910.0,0.0,669.0,0.0
2021-03-28,16200.0,1.3,8.2,9290.0,0.0,741.0,0.3
2021-03-29,15900.0,5.2,4.6,8860.0,3.3,844.0,5.6
2021-03-30,15500.0,0.0,4.3,8770.0,0.0,656.0,0.0
2021-03-31,14900.0,0.0,6.4,8480.0,0.0,583.0,0.0
2021-04-01,14700.0,0.0,10.0,8480.0,0.0,650.0,0.0
2021-04-02,14500.0,0.0,8.2,8320.0,0.0,746.0,0.0
2021-04-03,14600.0,0.0,9.6,8650.0,0.0,744.0,0.0
2021-04-04,14800.0,0.0,10.4,8730.0,0.0,726.0,0.0
2021-04-05,14500.0,0.0,5.6,8620.0,0.0,660.0,0.0
2021-04-06,14300.0,0.0,7.2,8540.0,0.0,593.0,0.0
2021-04-07,14200.0,0.1,7.6,8830.0,0.5,599.0,0.7
2021-04-08,14900.0,0.7,8.0,9590.0,1.6,567.0,1.4
2021-04-09,15000.0,0.0,6.7,9570.0,0.0,485.0,0.0
2021-04-10,14700.0,2.5,7.1,9210.0,3.3,476.0,1.9
2021-04-11,13400.0,0.0,5.5,7900.0,0.0,420.0,0.0
2021-04-12,12200.0,0.0,8.1,7260.0,0.0,390.0,0.0
2021-04-13,11700.0,0.0,10.1,7050.0,0.0,385.0,0.0
2021-04-14,11500.0,0.0,10.1,6870.0,0.0,393.0,0.0
2021-04-15,11100.0,0.0,11.8,6520.0,0.0,425.0,0.0
2021-04-16,10900.0,0.0,14.3,6380.0,0.0,540.0,0.0
2021-04-17,10800.0,0.0,14.9,6290.0,0.0,672.0,0.0
2021-04-18,10800.0,0.0,15.9,6240.0,0.0,773.0,0.0
2021-04-19,11000.0,0.0,14.0,6290.0,0.0,804.0,0.0
2021-04-20,11000.0,0.0,15.0,6390.0,0.4,685.0,0.0
2021-04-21,10900.0,0.0,14.1,6390.0,0.0,581.0,0.0
2021-04-22,10600.0,0.0,12.3,6320.0,0.0,554.0,0.0
2021-04-23,10500.0,0.0,10.0,6280.0,0.0,523.0,0.0
2021-04-24,10400.0,5.6,10.0,6280.0,5.1,487.0,4.2
2021-04-25,10600.0,5.5,8.9,6350.0,7.5,557.0,2.9
2021-04-26,10800.0,1.8,9.0,6460.0,0.4,570.0,1.7
2021-04-27,10700.0,0.1,9.7,6470.0,0.2,500.0,0.1
2021-04-28,10300.0,0.0,12.7,6260.0,0.0,470.0,0.0
2021-04-29,10100.0,0.0,15.3,6110.0,0.0,514.0,0.0
2021-04-30,10100.0,0.0,14.6,6160.0,0.0,562.0,0.0
2021-05-01,10500.0,6.3,12.7,6480.0,4.6,666.0,6.8
2021-05-02,11100.0,1.3,11.6,7030.0,0.2,550.0,0.8
2021-05-03,11100.0,0.0,12.1,7080.0,0.0,453.0,0.0
2021-05-04,10800.0,2.7,12.8,6800.0,0.5,418.0,1.4
2021-05-05,10500.0,0.0,13.7,6620.0,0.0,428.0,0.0
2021-05-06,10300.0,1.0,14.8,6550.0,1.1,447.0,1.5
2021-05-07,10400.0,1.6,10.1,6590.0,1.2,476.0,1.8
2021-05-08,10300.0,0.0,8.8,6500.0,0.0,396.0,0.0
2021-05-09,10100.0,0.2,11.6,6340.0,0.2,334.0,0.3
2021-05-10,9830.0,0.0,12.7,6080.0,0.0,319.0,0.0
2021-05-11,9530.0,0.0,13.8,5890.0,0.0,321.0,0.0
2021-05-12,9330.0,0.0,16.3,5850.0,0.0,324.0,0.0
2021-05-13,9300.0,0.0,16.7,5810.0,0.0,338.0,0.0
2021-05-14,9310.0,0.0,18.4,5830.0,0.0,334.0,0.1
2021-05-15,9190.0,0.0,16.6,5820.0,0.0,317.0,0.0
2021-05-16,9170.0,0.0,17.7,5830.0,0.0,296.0,0.0
2021-05-17,8980.0,0.0,14.8,5750.0,0.2,281.0,0.0
2021-05-18,8900.0,0.0,12.1,5700.0,0.2,289.0,0.7
2021-05-19,8880.0,0.3,10.2,5690.0,2.4,246.0,2.3
2021-05-20,8850.0,1.3,9.4,5700.0,4.1,230.0,3.7
2021-05-21,8990.0,0.1,10.9,5780.0,2.3,269.0,1.5
2021-05-22,8950.0,1.0,12.6,5730.0,0.3,236.0,0.1
2021-05-23,8910.0,0.8,12.5,5640.0,0.0,226.0,0.6
2021-05-24,8890.0,5.0,12.6,5610.0,1.3,235.0,3.9
2021-05-25,9180.0,22.5,13.0,5690.0,8.6,401.0,18.5
2021-05-26,9910.0,0.0,12.9,6320.0,0.0,430.0,0.0
2021-05-27,10100.0,5.0,13.6,6380.0,2.9,440.0,3.4
2021-05-28,9980.0,0.3,12.9,6200.0,0.2,487.0,0.0
2021-05-29,9780.0,0.0,14.7,6050.0,0.0,393.0,0.0
2021-05-30,9550.0,0.0,18.4,6150.0,0.0,338.0,0.0
2021-05-31,9500.0,0.0,21.1,6300.0,0.0,297.0,0.0
2021-06-01,9510.0,0.0,24.4,6460.0,0.0,268.0,0.0
2021-06-02,9440.0,0.0,24.3,6750.0,0.0,247.0,0.0
2021-06-03,10000.0,0.0,20.7,7550.0,0.0,225.0,0.0
2021-06-04,10100.0,0.0,17.8,7330.0,0.0,205.0,0.0
2021-06-05,9340.0,1.3,16.1,6500.0,0.6,192.0,0.5
2021-06-06,8830.0,0.0,12.0,6100.0,0.0,182.0,0.5
2021-06-07,8590.0,3.1,12.1,5700.0,0.9,197.0,0.3
2021-06-08,8300.0,1.7,11.8,5490.0,1.6,185.0,1.4
2021-06-09,8140.0,3.4,12.1,5450.0,0.4,176.0,0.7
2021-06-10,8160.0,0.7,12.7,5590.0,0.2,164.0,1.1
2021-06-11,8200.0,5.6,13.7,5510.0,5.9,161.0,5.4
2021-06-12,8290.0,4.2,15.7,5530.0,1.4,161.0,3.5
2021-06-13,8990.0,34.8,17.3,6050.0,30.4,186.0,30.6
2021-06-14,9280.0,7.2,16.1,6040.0,5.9,230.0,8.0
2021-06-15,9300.0,1.6,14.9,6050.0,0.9,241.0,1.9
2021-06-16,9050.0,0.3,15.4,5860.0,0.0,218.0,0.0
2021-06-17,8620.0,0.0,18.3,5600.0,0.0,196.0,0.0
2021-06-18,8320.0,0.0,18.6,5510.0,0.0,180.0,0.0
2021-06-19,8670.0,0.0,17.7,6510.0,0.0,167.0,0.0
2021-06-20,10000.0,0.0,21.9,7770.0,0.0,156.0,0.0
2021-06-21,10200.0,0.0,25.5,7790.0,0.0,147.0,0.0
2021-06-22,10000.0,0.0,22.1,7710.0,0.0,139.0,0.0
2021-06-23,9920.0,0.0,20.5,7650.0,0.0,133.0,0.0
2021-06-24,9940.0,0.0,20.1,7730.0,0.0,126.0,0.0
2021-06-25,9820.0,0.0,24.6,7540.0,0.0,119.0,0.0
2021-06-26,9700.0,0.0,28.2,7480.0,0.0,114.0,0.0
2021-06-27,9820.0,0.0,31.5,7670.0,0.0,107.0,0.0
2021-06-28,9850.0,0.0,37.3,7640.0,0.0,100.0,0.0
2021-06-29,9650.0,0.0,23.8,7380.0,0.0,97.1,0.0
2021-06-30,8950.0,0.0,21.3,6290.0,0.0,95.6,0.0
2021-07-01,7910.0,0.0,19.9,5370.0,0.0,93.7,0.0
2021-07-02,7410.0,0.0,21.3,4910.0,0.0,91.2,0.0
2021-07-03,7020.0,0.0,22.4,4540.0,0.0,87.6,0.0
2021-07-04,6760.0,0.0,21.9,4380.0,0.0,84.1,0.0
2021-07-05,6640.0,0.0,21.2,4300.0,0.0,81.8,0.0
2021-07-06,6550.0,0.0,23.1,4240.0,0.0,78.7,0.0
2021-07-07,6540.0,0.1,20.4,4360.0,0.0,76.8,0.1
2021-07-08,6730.0,0.0,18.6,4620.0,0.0,75.6,0.0
2021-07-09,6880.0,0.0,19.6,4600.0,0.0,73.5,0.0
2021-07-10,6670.0,0.0,22.6,4300.0,0.0,71.4,0.0
2021-07-11,6410.0,0.0,21.4,4180.0,0.0,68.7,0.0
2021-07-12,6480.0,0.0,22.2,4240.0,0.0,67.1,0.0
2021-07-13,6400.0,0.0,20.7,4130.0,0.0,65.6,0.0
2021-07-14,6190.0,0.0,21.0,3960.0,0.0,64.3,0.0
2021-07-15,6100.0,0.0,18.6,3910.0,0.0,63.1,0.0
2021-07-16,6060.0,0.0,18.4,3910.0,0.0,62.1,0.0
2021-07-17,5970.0,0.0,19.3,3940.0,0.0,60.9,0.0
2021-07-18,5970.0,0.0,19.7,3940.0,0.0,59.6,0.0
2021-07-19,5950.0,0.0,21.6,3940.0,0.0,57.9,0.0
2021-07-20,5870.0,0.0,20.2,3880.0,0.0,56.5,0.0
2021-07-21,5800.0,0.0,18.2,3870.0,0.0,55.9,0.0
2021-07-22,5770.0,0.0,18.4,3860.0,0.0,55.0,0.0
2021-07-23,5760.0,0.0,19.8,3870.0,0.0,53.6,0.0
2021-07-24,5770.0,0.0,24.0,3890.0,0.0,52.4,0.0
2021-07-25,5760.0,0.0,24.0,3880.0,0.0,51.3,0.0
2021-07-26,5760.0,0.0,23.5,3880.0,0.0,50.2,0.0
2021-07-27,5700.0,0.0,23.7,3850.0,0.0,49.6,0.0
2021-07-28,5670.0,0.0,24.3,3840.0,0.0,49.3,0.0
2021-07-29,5650.0,0.0,26.5,3850.0,0.0,48.1,0.0
2021-07-30,5630.0,0.0,27.6,3830.0,0.0,47.4,0.0
2021-07-31,5660.0,0.0,27.7,3860.0,0.0,47.8,0.0
2021-08-01,5760.0,0.0,23.9,3880.0,0.0,47.4,0.0
2021-08-02,5740.0,0.0,25.3,3880.0,0.0,46.0,0.0
2021-08-03,5650.0,0.0,24.8,3830.0,0.0,44.6,0.0
2021-08-04,5620.0,0.0,24.6,3800.0,0.0,44.2,0.0
2021-08-05,5600.0,0.0,24.4,3750.0,0.0,43.4,0.0
2021-08-06,5610.0,1.0,20.6,3760.0,0.5,43.3,0.4
2021-08-07,5650.0,0.0,21.8,3750.0,0.0,43.5,0.0
2021-08-08,5630.0,0.0,18.7,3740.0,0.0,42.7,0.0
2021-08-09,5650.0,0.0,19.8,3740.0,0.0,42.6,0.0
2021-08-10,5620.0,0.0,24.1,3750.0,0.0,41.8,0.0
2021-08-11,5570.0,0.0,28.0,3720.0,0.0,41.1,0.0
2021-08-12,5650.0,0.0,30.0,3870.0,0.0,40.1,0.0
2021-08-13,5650.0,0.0,28.7,3820.0,0.0,39.5,0.0
2021-08-14,5600.0,0.0,26.1,3780.0,0.0,39.2,0.0
2021-08-15,5620.0,0.0,26.0,3790.0,0.0,38.9,0.0
2021-08-16,5640.0,0.0,22.6,3810.0,0.0,38.0,0.0
2021-08-17,5680.0,0.0,18.2,3880.0,0.4,37.7,0.0
2021-08-18,5650.0,0.0,18.3,3840.0,0.0,39.0,0.0
2021-08-19,5690.0,0.0,18.9,3890.0,0.0,38.6,0.0
2021-08-20,5700.0,0.1,17.8,3750.0,0.0,38.0,0.3
2021-08-21,5600.0,0.8,17.9,3790.0,0.9,38.3,0.5
2021-08-22,5740.0,0.0,16.9,3910.0,0.0,40.7,0.0
2021-08-23,5830.0,0.0,15.3,3970.0,0.0,39.0,0.0
2021-08-24,5810.0,0.0,17.9,4020.0,0.0,37.5,0.0
2021-08-25,5780.0,0.0,18.5,3990.0,0.0,36.8,0.0
2021-08-26,5810.0,2.5,18.2,4060.0,0.9,36.2,0.2
2021-08-27,5830.0,0.0,18.0,4050.0,0.0,36.3,0.2
2021-08-28,5800.0,0.0,18.7,4000.0,0.0,36.1,0.0
2021-08-29,5790.0,0.0,22.0,3990.0,0.0,35.4,0.0
2021-08-30,5810.0,0.0,16.5,3980.0,0.2,34.8,0.1
2021-08-31,5750.0,0.0,16.2,3940.0,0.0,34.4,0.0
2021-09-01,5840.0,0.0,16.0,4030.0,0.0,34.1,0.0
2021-09-02,6260.0,0.0,18.7,4020.0,0.0,34.1,0.0
2021-09-03,6460.0,0.0,20.1,4020.0,0.0,33.9,0.0
2021-09-04,6510.0,0.0,20.4,4010.0,0.0,33.2,0.0
2021-09-05,6570.0,0.0,21.5,4020.0,0.0,33.1,0.0
2021-09-06,6610.0,0.0,19.8,4020.0,0.0,32.9,0.0
2021-09-07,6570.0,0.0,21.6,4020.0,0.0,32.9,0.0
2021-09-08,6560.0,0.8,22.1,4040.0,1.3,32.6,0.4
2021-09-09,6640.0,0.0,21.7,4120.0,0.0,32.2,0.0
2021-09-10,6720.0,0.0,18.3,4130.0,0.6,32.3,0.7
2021-09-11,6740.0,0.0,16.7,4160.0,0.0,33.1,0.0
2021-09-12,6810.0,0.0,18.8,4160.0,0.0,33.0,0.0
2021-09-13,6810.0,0.0,16.0,4140.0,0.0,32.2,0.0
2021-09-14,6740.0,0.0,17.3,4110.0,0.0,32.0,0.0
2021-09-15,6770.0,0.6,18.8,4140.0,0.2,31.3,0.2
2021-09-16,6780.0,0.0,14.7,4150.0,0.0,31.2,0.0
2021-09-17,6760.0,0.0,17.4,4120.0,0.0,31.0,0.0
2021-09-18,7300.0,19.3,16.8,4320.0,19.1,157.0,19.1
2021-09-19,7980.0,10.4,14.2,4930.0,19.2,744.0,12.6
2021-09-20,9620.0,0.6,14.4,6030.0,0.2,581.0,0.8
2021-09-21,9150.0,0.0,16.1,5290.0,0.0,322.0,0.0
2021-09-22,8130.0,1.4,17.0,4740.0,0.7,225.0,1.0
2021-09-23,7690.0,0.0,16.5,4510.0,0.0,178.0,0.0
2021-09-24,7630.0,0.0,18.4,4390.0,0.0,151.0,0.0
2021-09-25,7580.0,0.0,19.7,4310.0,0.0,132.0,0.0
2021-09-26,7500.0,0.0,17.0,4240.0,0.0,119.0,0.0
2021-09-27,7760.0,19.3,16.0,4370.0,17.7,353.0,19.4
2021-09-28,9230.0,6.7,12.2,4720.0,6.1,1670.0,4.8
2021-09-29,11300.0,0.2,12.1,5560.0,0.0,1010.0,0.2
2021-09-30,10700.0,3.5,14.5,5330.0,1.0,563.0,3.0
2021-10-01,9750.0,0.3,13.0,4850.0,0.3,408.0,0.6
2021-10-02,9680.0,0.0,12.1,4640.0,0.0,320.0,0.0
2021-10-03,9520.0,0.0,13.1,4520.0,0.0,266.0,0.0
2021-10-04,9370.0,0.0,13.9,4460.0,0.0,232.0,0.0
2021-10-05,9380.0,8.1,12.5,4430.0,5.6,219.0,6.3
2021-10-06,9490.0,2.3,10.5,4470.0,2.0,241.0,3.6
2021-10-07,9540.0,0.0,9.7,4470.0,0.1,207.0,0.1
2021-10-08,9410.0,0.1,8.3,4420.0,0.0,188.0,0.3
2021-10-09,9350.0,0.0,10.6,4370.0,0.0,172.0,0.0
2021-10-10,9330.0,3.2,12.0,4340.0,2.4,184.0,3.5
2021-10-11,9430.0,0.4,8.9,4400.0,0.4,205.0,0.7
2021-10-12,9480.0,0.1,6.6,4400.0,0.0,198.0,0.0
2021-10-13,9530.0,5.9,8.4,4460.0,7.7,197.0,7.7
2021-10-14,9550.0,1.0,10.3,4470.0,0.8,217.0,3.8
2021-10-15,9500.0,0.0,10.5,4460.0,0.0,266.0,0.0
2021-10-16,8970.0,0.0,11.7,4430.0,0.0,238.0,0.0
2021-10-17,8230.0,0.0,11.6,4420.0,0.0,217.0,0.0
2021-10-18,7800.0,3.7,10.4,4490.0,1.8,218.0,2.4
2021-10-19,7540.0,0.0,8.8,4540.0,0.0,203.0,0.0
2021-10-20,7380.0,4.6,12.1,4570.0,6.8,192.0,5.0
2021-10-21,7520.0,0.6,11.2,4750.0,4.2,188.0,0.3
2021-10-22,8320.0,21.4,12.1,5190.0,31.7,530.0,27.6
2021-10-23,10300.0,12.9,10.4,6800.0,7.5,751.0,9.2
2021-10-24,12100.0,9.3,11.4,8430.0,6.6,762.0,7.3
2021-10-25,13000.0,3.1,11.6,8920.0,5.7,865.0,2.6
2021-10-26,13800.0,6.2,10.2,9210.0,9.6,1550.0,10.0
2021-10-27,15400.0,1.9,11.7,9160.0,8.1,2510.0,12.4
2021-10-28,15800.0,6.8,13.9,9170.0,3.9,1970.0,5.1
2021-10-29,15500.0,28.3,13.6,9010.0,7.7,2090.0,11.6
2021-10-30,16600.0,0.0,9.6,9990.0,0.0,1410.0,0.0
2021-10-31,16300.0,0.0,8.7,10600.0,0.0,917.0,0.0
2021-11-01,14900.0,8.5,7.7,10000.0,9.1,720.0,8.9
2021-11-02,14200.0,0.1,9.7,9700.0,0.0,611.0,0.0
2021-11-03,13700.0,1.5,9.4,9450.0,0.0,512.0,0.0
2021-11-04,13700.0,34.8,11.4,9630.0,22.3,705.0,21.9
2021-11-05,15800.0,5.1,9.8,10500.0,3.9,1170.0,4.3
2021-11-06,17900.0,21.0,8.1,11700.0,13.1,1350.0,10.9
2021-11-07,19200.0,2.9,6.4,11900.0,8.7,1190.0,7.2
2021-11-08,18600.0,0.6,6.5,11600.0,1.1,1040.0,3.1
2021-11-09,17500.0,12.6,8.8,10600.0,16.2,1390.0,14.7
2021-11-10,17600.0,1.7,8.1,10300.0,0.1,1280.0,0.3
2021-11-11,21600.0,29.5,12.2,12300.0,35.2,5820.0,30.4
2021-11-12,43700.0,12.8,14.9,23600.0,2.8,5850.0,5.4
2021-11-13,45600.0,2.9,11.9,21800.0,3.4,4220.0,3.4
2021-11-14,37800.0,0.0,14.5,19400.0,0.0,2080.0,0.0
2021-11-15,30800.0,5.0,12.6,17000.0,8.2,1500.0,6.5
2021-11-16,27600.0,0.2,6.0,15800.0,0.8,1380.0,0.3
2021-11-17,28200.0,0.0,5.1,15100.0,0.0,1070.0,0.0
2021-11-18,27700.0,1.5,6.3,13700.0,1.7,872.0,0.2
2021-11-19,25800.0,4.6,9.7,12000.0,7.6,1120.0,6.1
2021-11-20,25400.0,0.0,6.2,11000.0,0.0,1150.0,0.0
2021-11-21,24400.0,0.0,3.5,10100.0,0.0,884.0,0.0
2021-11-22,23300.0,0.4,3.4,9250.0,0.0,730.0,0.0
2021-11-23,22100.0,14.6,7.4,8550.0,21.9,856.0,16.5
2021-11-24,21300.0,0.0,4.5,9170.0,0.0,855.0,0.0
2021-11-25,21300.0,0.0,4.7,10400.0,0.0,709.0,0.0
2021-11-26,21600.0,13.9,8.9,11800.0,18.2,821.0,9.3
2021-11-27,22900.0,1.6,11.1,12300.0,2.9,1100.0,3.9
2021-11-28,24800.0,1.3,13.3,13000.0,0.4,2010.0,1.9
2021-11-29,25900.0,6.6,11.7,13300.0,0.6,1420.0,2.6
2021-11-30,25500.0,0.0,10.8,12600.0,0.0,1150.0,0.0
2021-12-01,22500.0,0.0,11.0,11200.0,0.0,926.0,0.0
2021-12-02,20800.0,0.3,10.5,10100.0,0.5,769.0,0.5
2021-12-03,18300.0,0.1,6.0,8670.0,0.0,655.0,0.0
2021-12-04,16600.0,0.2,4.8,7880.0,0.0,577.0,0.0
2021-12-05,15700.0,1.7,5.6,7370.0,0.8,643.0,1.1
2021-12-06,15200.0,14.2,4.8,7180.0,12.1,665.0,18.9
2021-12-07,16800.0,1.3,9.4,8420.0,3.9,844.0,2.0
2021-12-08,18900.0,1.2,9.0,10300.0,2.0,1050.0,4.3
2021-12-09,18500.0,3.5,3.4,9990.0,8.6,1070.0,3.9
2021-12-10,18100.0,0.3,3.7,9810.0,2.2,976.0,5.9
2021-12-11,19600.0,32.1,6.8,10500.0,30.8,1780.0,34.8
2021-12-12,33100.0,9.3,5.9,16100.0,35.7,3000.0,23.6
2021-12-13,46800.0,17.2,3.7,28000.0,24.1,1780.0,20.2
2021-12-14,51400.0,2.0,2.3,31300.0,0.6,1380.0,2.3
2021-12-15,48100.0,2.3,3.6,28100.0,1.5,1080.0,2.5
2021-12-16,41500.0,3.8,5.3,23400.0,9.0,966.0,4.8
2021-12-17,37100.0,0.0,5.4,21000.0,0.5,1050.0,2.3
2021-12-18,33300.0,1.3,7.2,18700.0,0.1,978.0,0.4
2021-12-19,38100.0,45.5,4.0,20300.0,51.4,3220.0,45.6
2021-12-20,66900.0,30.5,3.8,37400.0,22.2,5440.0,32.8
2021-12-21,89300.0,4.2,2.4,50200.0,4.8,3690.0,3.3
2021-12-22,86700.0,13.2,6.3,47700.0,10.4,2460.0,7.4
2021-12-23,77900.0,7.4,6.6,41400.0,9.1,3240.0,16.0
2021-12-24,76200.0,12.9,3.6,42800.0,19.0,2180.0,18.8
2021-12-25,75800.0,6.9,2.1,43500.0,5.5,1570.0,8.2
2021-12-26,70300.0,5.0,0.5,40600.0,3.4,1230.0,6.0
2021-12-27,61800.0,3.0,-2.0,35200.0,3.3,1010.0,5.0
2021-12-28,53100.0,2.9,-0.4,29900.0,3.8,872.0,5.0
2021-12-29,47600.0,1.2,0.1,27000.0,2.1,756.0,3.2
2021-12-30,44400.0,4.2,0.4,25000.0,6.6,693.0,6.5
2021-12-31,42300.0,3.2,2.5,23500.0,14.3,656.0,4.7
2022-01-01,39800.0,0.0,-2.4,22200.0,0.0,571.0,0.0
2022-01-02,36000.0,0.5,2.0,19300.0,0.0,530.0,0.1
2022-01-03,42200.0,48.9,6.1,22400.0,50.8,1180.0,48.5
2022-01-04,65100.0,11.7,3.0,39300.0,15.4,1110.0,19.0
2022-01-05,77700.0,16.8,5.6,49000.0,16.1,2140.0,18.5
2022-01-06,87700.0,14.3,9.6,52500.0,7.1,7700.0,22.0
2022-01-07,98000.0,16.3,8.2,57300.0,12.6,5910.0,13.9
2022-01-08,97000.0,0.0,5.5,55300.0,0.1,3090.0,0.0
2022-01-09,84000.0,0.0,2.1,47100.0,0.0,1830.0,0.0
2022-01-10,66800.0,1.6,2.3,38300.0,0.8,1390.0,0.9
2022-01-11,57500.0,1.9,6.3,35200.0,0.0,1390.0,1.9
2022-01-12,55800.0,0.0,9.9,35600.0,0.0,1720.0,0.0
2022-01-13,56700.0,5.6,8.3,37000.0,3.3,1910.0,4.3
2022-01-14,58100.0,0.0,8.0,38100.0,0.4,2050.0,0.3
2022-01-15,57900.0,0.0,4.2,38200.0,0.0,1520.0,0.0
2022-01-16,55100.0,0.0,2.4,35700.0,0.0,1260.0,0.0
2022-01-17,50700.0,0.0,3.6,31600.0,0.0,1260.0,0.0
2022-01-18,46400.0,0.5,5.0,28500.0,0.3,1170.0,0.6
2022-01-19,43400.0,4.4,7.8,26100.0,4.1,1150.0,6.7
2022-01-20,43700.0,5.5,10.8,25900.0,3.1,2900.0,6.8
2022-01-21,47300.0,0.0,6.3,26500.0,0.1,2500.0,0.0
2022-01-22,44900.0,0.0,3.7,25700.0,0.0,1520.0,0.0
2022-01-23,40700.0,0.0,2.9,23400.0,0.0,1180.0,0.0
2022-01-24,37300.0,0.0,1.8,21400.0,0.0,1030.0,0.0
2022-01-25,33200.0,0.0,1.4,19000.0,0.0,885.0,0.0
2022-01-26,30800.0,0.0,0.3,17500.0,0.0,759.0,0.0
2022-01-27,28400.0,0.0,0.7,15900.0,0.0,667.0,0.0
2022-01-28,26900.0,0.0,0.6,15100.0,0.0,603.0,0.0
2022-01-29,24700.0,0.0,-0.2,13600.0,0.0,560.0,0.0
2022-01-30,21900.0,0.1,2.7,12000.0,0.0,538.0,0.0
2022-01-31,19800.0,10.5,4.9,11000.0,8.3,750.0,8.3
2022-02-01,18300.0,1.4,2.3,10500.0,1.5,655.0,1.2
2022-02-02,16300.0,0.8,4.6,9730.0,0.5,582.0,0.4
2022-02-03,15400.0,0.1,5.9,9360.0,0.1,595.0,0.0
2022-02-04,15000.0,0.0,3.2,9080.0,0.0,560.0,0.0
2022-02-05,14500.0,0.0,7.0,8760.0,0.3,542.0,0.1
2022-02-06,14000.0,0.0,4.4,8530.0,0.0,530.0,0.0
2022-02-07,13500.0,0.0,4.6,8340.0,0.0,537.0,0.0
2022-02-08,13200.0,0.0,6.1,8130.0,0.0,537.0,0.0
2022-02-09,12900.0,0.0,6.1,7940.0,0.0,511.0,0.0
2022-02-10,12700.0,0.0,6.9,7870.0,0.0,624.0,0.0
2022-02-11,12600.0,0.0,7.0,7750.0,0.0,667.0,0.0
2022-02-12,12500.0,0.0,7.8,7730.0,0.0,611.0,0.0
2022-02-13,12400.0,0.0,5.9,7880.0,0.0,561.0,0.0
2022-02-14,12400.0,3.8,8.6,7810.0,14.5,626.0,7.7
2022-02-15,12700.0,0.2,4.2,7930.0,2.0,604.0,0.2
2022-02-16,12700.0,0.5,7.0,7900.0,0.0,530.0,0.0
2022-02-17,12200.0,0.0,5.6,7590.0,0.0,482.0,0.0
2022-02-18,11700.0,0.0,5.2,7290.0,0.0,434.0,0.0
2022-02-19,11400.0,0.0,5.0,7070.0,0.0,407.0,0.5
2022-02-20,11200.0,1.4,6.4,7040.0,2.5,478.0,2.9
2022-02-21,11400.0,8.0,3.2,7040.0,4.6,514.0,18.9
2022-02-22,11800.0,0.5,0.6,7300.0,2.4,453.0,0.6
2022-02-23,11700.0,0.0,-2.8,7300.0,0.0,394.0,0.0
2022-02-24,11500.0,0.3,-0.4,7040.0,0.1,370.0,0.1
2022-02-25,11300.0,0.0,-0.2,6900.0,0.0,340.0,0.0
2022-02-26,10900.0,2.3,0.4,6790.0,1.7,333.0,1.1
2022-02-27,10900.0,18.7,7.4,6790.0,5.2,482.0,5.9
2022-02-28,14500.0,32.3,11.8,8150.0,23.2,3590.0,23.9
2022-03-01,29300.0,11.7,12.0,13000.0,21.3,4110.0,13.8
2022-03-02,36800.0,16.9,10.5,16400.0,31.2,3890.0,26.6
2022-03-03,43800.0,5.3,8.0,22600.0,7.5,2490.0,7.4
2022-03-04,44300.0,1.9,5.7,24500.0,1.6,1610.0,1.1
2022-03-05,35900.0,0.1,5.6,20100.0,0.1,1150.0,0.1
2022-03-06,28600.0,0.0,5.1,16400.0,0.0,896.0,0.0
2022-03-07,23700.0,0.0,4.9,13900.0,0.0,739.0,0.0
2022-03-08,20700.0,0.1,5.5,12300.0,0.3,645.0,0.8
2022-03-09,18700.0,4.6,6.5,11200.0,4.3,608.0,13.0
2022-03-10,17800.0,0.1,2.2,10800.0,0.0,529.0,0.1
2022-03-11,16600.0,0.0,4.1,10100.0,0.0,473.0,0.0
2022-03-12,15600.0,1.2,6.3,9500.0,1.4,443.0,1.4
2022-03-13,17500.0,23.9,7.3,10800.0,25.6,705.0,22.0
2022-03-14,21900.0,2.2,8.0,12700.0,1.6,948.0,2.2
2022-03-15,22800.0,12.4,9.4,12900.0,17.6,1950.0,22.2
2022-03-16,25900.0,0.0,7.4,14900.0,0.0,1460.0,0.4
2022-03-17,24900.0,0.0,6.1,13900.0,0.3,1040.0,0.1
2022-03-18,22500.0,0.4,9.7,12400.0,0.2,888.0,0.5
2022-03-19,21200.0,4.1,9.1,11500.0,9.7,951.0,9.1
2022-03-20,20300.0,0.9,4.9,11200.0,0.4,918.0,1.9
2022-03-21,19400.0,10.2,6.3,10800.0,6.6,907.0,9.9
2022-03-22,19500.0,0.4,11.2,10500.0,0.8,1400.0,0.4
2022-03-23,19600.0,0.7,11.7,10300.0,0.8,1320.0,1.3
2022-03-24,19000.0,0.2,8.0,10100.0,0.0,1160.0,0.1
2022-03-25,18300.0,0.0,9.2,10000.0,0.0,968.0,0.0
2022-03-26,17700.0,0.0,10.9,9790.0,0.0,836.0,0.2
2022-03-27,17000.0,0.0,12.4,9470.0,0.1,815.0,0.0
2022-03-28,16300.0,2.8,12.6,9250.0,2.7,801.0,7.7
2022-03-29,15800.0,1.0,9.4,9100.0,2.3,691.0,2.4
2022-03-30,15300.0,0.1,9.6,8790.0,0.2,631.0,2.0
2022-03-31,14700.0,0.1,6.8,8560.0,0.0,555.0,0.1
2022-04-01,14400.0,0.3,7.0,8350.0,0.0,479.0,0.0
2022-04-02,14000.0,0.9,8.1,8140.0,1.3,454.0,4.1
2022-04-03,13600.0,0.0,7.8,7950.0,0.0,420.0,0.0
2022-04-04,14600.0,22.1,9.4,8430.0,17.6,1410.0,18.4
2022-04-05,20200.0,1.8,6.6,11400.0,0.6,1300.0,2.2
2022-04-06,21000.0,0.0,6.9,11900.0,0.0,908.0,0.1
2022-04-07,19100.0,0.0,10.4,10800.0,0.0,771.0,0.0
2022-04-08,17400.0,1.3,12.3,9790.0,1.0,762.0,1.4
2022-04-09,16200.0,1.6,6.3,9240.0,1.9,677.0,1.6
2022-04-10,15700.0,7.6,5.5,9040.0,14.2,660.0,9.5
2022-04-11,17600.0,23.9,4.5,10500.0,19.1,763.0,23.6
2022-04-12,21600.0,4.9,4.1,13900.0,10.7,707.0,6.6
2022-04-13,24600.0,7.2,4.0,14900.0,8.9,673.0,9.4
2022-04-14,26900.0,3.0,3.1,16600.0,11.8,632.0,3.6
2022-04-15,26800.0,1.0,3.4,16400.0,2.4,611.0,1.2
2022-04-16,24500.0,4.7,4.9,14900.0,3.3,640.0,4.3
2022-04-17,22800.0,0.1,5.5,13900.0,1.3,609.0,0.3
2022-04-18,21600.0,8.4,8.0,12900.0,11.4,715.0,9.9
2022-04-19,22900.0,11.0,5.0,13500.0,14.4,1160.0,15.3
2022-04-20,27000.0,4.2,6.4,15800.0,5.0,1120.0,7.2
2022-04-21,30800.0,8.3,8.3,19000.0,5.9,1410.0,6.0
2022-04-22,33200.0,5.7,7.5,19400.0,3.8,1300.0,5.2
2022-04-23,30200.0,0.0,8.4,17100.0,0.0,1260.0,0.6
2022-04-24,27300.0,0.0,10.4,15700.0,0.0,1420.0,0.0
2022-04-25,25900.0,2.0,12.2,15100.0,1.0,1540.0,1.6
2022-04-26,25600.0,1.6,8.2,15100.0,4.4,1360.0,3.4
2022-04-27,25300.0,1.3,8.5,15200.0,1.1,1130.0,0.5
2022-04-28,24000.0,4.6,8.3,14400.0,3.3,954.0,3.4
2022-04-29,22600.0,9.8,8.6,13600.0,2.0,1130.0,2.6
2022-04-30,24500.0,17.6,10.2,13700.0,20.1,2690.0,24.4
2022-05-01,31600.0,4.1,8.6,16600.0,3.0,2330.0,2.8
2022-05-02,33300.0,10.3,10.0,19100.0,20.2,2050.0,13.4
2022-05-03,36400.0,1.1,9.6,21700.0,1.6,2100.0,1.5
2022-05-04,39600.0,0.0,10.8,23200.0,0.0,1650.0,0.0
2022-05-05,37900.0,16.0,11.0,22400.0,12.8,2190.0,15.0
2022-05-06,45700.0,18.5,11.0,26600.0,28.4,4950.0,19.4
2022-05-07,66200.0,9.5,9.2,39200.0,15.6,5510.0,7.3
2022-05-08,81700.0,14.4,6.2,46600.0,6.5,3000.0,15.9
2022-05-09,83400.0,5.5,5.2,49100.0,9.3,1980.0,7.2
2022-05-10,76200.0,1.3,7.3,44900.0,1.1,1530.0,1.1
2022-05-11,61600.0,0.5,8.0,35600.0,0.1,1240.0,1.0
2022-05-12,50000.0,13.7,8.3,28900.0,14.8,1180.0,14.3
2022-05-13,46000.0,1.1,6.7,26700.0,3.3,1380.0,2.2
2022-05-14,51400.0,18.1,11.6,30300.0,15.9,4750.0,25.7
2022-05-15,66000.0,7.5,14.3,36600.0,2.8,2700.0,6.9
2022-05-16,67400.0,1.4,13.6,37100.0,0.8,1860.0,0.4
2022-05-17,57500.0,0.0,10.6,32500.0,0.0,1430.0,0.0
2022-05-18,47800.0,5.8,10.7,27800.0,3.6,1450.0,10.6
2022-05-19,41700.0,1.6,9.3,24400.0,3.2,1420.0,3.0
2022-05-20,37600.0,0.5,8.6,22300.0,0.5,1100.0,0.4
2022-05-21,33200.0,0.0,10.7,19800.0,0.0,911.0,0.0
2022-05-22,29700.0,0.0,13.0,17400.0,0.0,814.0,0.0
2022-05-23,26600.0,0.0,15.0,15200.0,0.0,780.0,0.0
2022-05-24,23900.0,0.0,12.7,13900.0,0.0,760.0,0.4
2022-05-25,22000.0,1.5,14.9,12900.0,0.0,735.0,0.9
2022-05-26,20400.0,0.0,15.8,11800.0,0.2,722.0,0.1
2022-05-27,19900.0,1.5,13.9,11200.0,1.3,742.0,4.0
2022-05-28,20600.0,9.7,11.8,10900.0,9.7,685.0,10.1
2022-05-29,22300.0,9.5,10.8,11200.0,16.4,1230.0,14.9
2022-05-30,27800.0,5.5,10.3,15700.0,1.3,1310.0,4.7
2022-05-31,29000.0,0.4,12.3,16100.0,0.1,999.0,0.3
2022-06-01,26100.0,0.0,16.0,14400.0,0.0,842.0,0.0
2022-06-02,23300.0,0.0,16.3,12800.0,0.0,772.0,0.0
2022-06-03,21800.0,8.0,15.4,11900.0,3.7,723.0,5.0
2022-06-04,21900.0,11.2,12.8,11900.0,15.5,727.0,11.3
2022-06-05,23600.0,22.4,15.3,12500.0,26.5,1290.0,36.3
2022-06-06,26900.0,2.5,13.2,14500.0,4.0,1530.0,5.9
2022-06-07,30100.0,0.0,13.6,16100.0,0.0,1290.0,0.0
2022-06-08,29200.0,0.1,16.2,15700.0,0.4,973.0,0.0
2022-06-09,26600.0,0.0,15.4,14500.0,0.0,815.0,0.0
2022-06-10,25900.0,15.7,16.9,14100.0,5.7,1600.0,15.9
2022-06-11,36100.0,26.3,14.9,17600.0,34.3,4230.0,34.5
2022-06-12,52000.0,10.1,11.8,28600.0,14.0,2580.0,12.8
2022-06-13,64300.0,0.3,10.9,39300.0,2.8,2890.0,1.7
2022-06-14,67900.0,2.0,12.0,42800.0,3.3,2400.0,1.5
2022-06-15,62600.0,0.3,12.8,40700.0,0.0,1790.0,0.0
2022-06-16,53100.0,2.3,14.5,33700.0,0.2,1330.0,0.8
2022-06-17,41600.0,9.6,12.9,25600.0,6.3,1110.0,11.1
2022-06-18,34900.0,1.4,12.1,21100.0,1.8,971.0,2.4
2022-06-19,30500.0,2.2,12.7,18000.0,1.7,877.0,1.0
2022-06-20,28400.0,1.9,13.6,17700.0,0.2,792.0,0.7
2022-06-21,26000.0,0.0,16.4,16200.0,0.0,696.0,0.0
2022-06-22,23200.0,0.5,18.7,14600.0,0.0,619.0,0.0
2022-06-23,21400.0,0.2,15.4,13400.0,0.0,553.0,0.0
2022-06-24,20300.0,0.0,16.5,12900.0,0.0,492.0,0.0
2022-06-25,19100.0,0.0,21.4,12100.0,0.0,440.0,0.0
2022-06-26,17300.0,0.0,24.2,11100.0,0.0,401.0,0.0
2022-06-27,15900.0,0.0,24.0,10500.0,0.0,369.0,0.0
2022-06-28,15100.0,0.0,17.9,10000.0,0.0,339.0,0.0
2022-06-29,14900.0,0.0,16.4,10200.0,0.0,316.0,0.0
2022-06-30,15200.0,0.0,16.8,10600.0,0.0,295.0,0.0
2022-07-01,14900.0,0.0,18.0,10300.0,0.0,277.0,0.0
2022-07-02,14300.0,0.0,17.6,9900.0,0.0,263.0,0.0
2022-07-03,14000.0,0.2,16.2,10200.0,0.2,251.0,0.1
2022-07-04,14900.0,0.0,16.5,11100.0,0.0,237.0,0.0
2022-07-05,14700.0,3.9,18.4,11100.0,1.7,230.0,2.4
2022-07-06,14300.0,6.7,18.2,10400.0,3.1,247.0,4.3
2022-07-07,13400.0,0.0,18.3,9690.0,0.4,225.0,0.3
2022-07-08,12100.0,0.1,18.8,8190.0,0.0,209.0,0.0
2022-07-09,11300.0,0.0,19.4,7760.0,0.0,197.0,0.0
2022-07-10,11000.0,0.0,18.1,7590.0,0.0,187.0,0.0
2022-07-11,10800.0,0.0,22.8,7440.0,0.0,178.0,0.0
2022-07-12,10600.0,0.0,26.5,7330.0,0.0,169.0,0.0
2022-07-13,10400.0,0.0,18.9,7190.0,0.0,162.0,0.0
2022-07-14,10100.0,0.0,19.5,7080.0,0.0,156.0,0.0
2022-07-15,10000.0,0.0,18.7,7000.0,0.0,150.0,0.0
2022-07-16,9700.0,0.3,19.7,6570.0,0.0,145.0,0.2
2022-07-17,9060.0,0.0,18.8,6000.0,0.0,140.0,0.0
2022-07-18,8560.0,0.0,17.9,5680.0,0.0,135.0,0.0
2022-07-19,8330.0,0.0,21.9,5560.0,0.0,131.0,0.0
2022-07-20,8210.0,0.0,23.3,5510.0,0.0,126.0,0.0
2022-07-21,8120.0,0.0,21.7,5400.0,0.0,121.0,0.0
2022-07-22,7960.0,0.0,18.5,5280.0,0.0,117.0,0.3
2022-07-23,7900.0,0.0,18.6,5240.0,0.0,114.0,0.0
2022-07-24,7950.0,0.0,20.8,5250.0,0.0,111.0,0.0
2022-07-25,7930.0,0.0,26.9,5190.0,0.0,106.0,0.0
2022-07-26,7750.0,0.0,27.2,5090.0,0.0,102.0,0.0
2022-07-27,7600.0,0.0,24.9,5060.0,0.0,98.7,0.0
2022-07-28,7460.0,0.0,25.7,5040.0,0.0,95.8,0.0
2022-07-29,7400.0,0.0,27.2,5130.0,0.0,93.4,0.0
2022-07-30,7420.0,0.0,28.6,5290.0,0.0,89.9,0.0
2022-07-31,7490.0,0.0,29.3,5440.0,0.0,87.1,0.0
2022-08-01,7480.0,0.9,24.1,5420.0,0.0,85.2,0.1
2022-08-02,7370.0,0.0,22.0,5360.0,0.0,83.5,0.0
2022-08-03,7190.0,0.0,22.6,5240.0,0.0,80.4,0.0
2022-08-04,6900.0,0.0,18.4,5000.0,0.0,78.4,0.0
2022-08-05,6740.0,0.0,20.1,4890.0,0.0,77.2,0.0
2022-08-06,6720.0,0.0,21.9,5020.0,0.0,75.2,0.0
2022-08-07,6860.0,0.0,25.5,5080.0,0.0,72.9,0.0
2022-08-08,6800.0,0.2,22.9,5030.0,0.6,71.1,0.1
2022-08-09,6780.0,1.3,20.1,5070.0,0.0,71.4,0.0
2022-08-10,7000.0,0.2,20.9,5290.0,0.0,72.0,0.1
2022-08-11,7060.0,0.0,20.3,5280.0,0.0,69.8,0.0
2022-08-12,7000.0,0.0,19.3,5220.0,0.0,67.4,0.0
2022-08-13,6980.0,0.0,18.9,5190.0,0.0,65.8,0.0
2022-08-14,6960.0,0.0,20.1,5190.0,0.0,64.1,0.0
2022-08-15,6940.0,0.0,21.2,5170.0,0.0,62.4,0.0
2022-08-16,6820.0,0.0,21.7,5100.0,0.0,60.7,0.0
2022-08-17,6770.0,0.0,25.7,5060.0,0.0,59.2,0.0
2022-08-18,6800.0,0.0,28.0,5040.0,0.0,58.9,0.0
2022-08-19,6850.0,0.0,22.9,5110.0,0.0,58.8,0.0
2022-08-20,6940.0,0.0,20.2,5150.0,0.0,57.5,0.0
2022-08-21,6940.0,0.0,20.9,5140.0,0.0,56.2,0.0
2022-08-22,6930.0,0.0,22.9,5110.0,0.0,53.6,0.0
2022-08-23,6780.0,0.0,21.8,5030.0,0.0,52.6,0.0
2022-08-24,6640.0,0.0,22.6,4960.0,0.0,51.9,0.0
2022-08-25,6600.0,0.0,23.5,4930.0,0.0,51.2,0.0
2022-08-26,6560.0,0.0,20.8,4920.0,0.0,50.0,0.0
2022-08-27,6690.0,0.0,19.4,5260.0,0.2,49.1,1.0
2022-08-28,7100.0,0.0,18.1,5520.0,0.0,48.8,0.0
2022-08-29,7180.0,0.0,21.8,5540.0,0.0,48.0,0.0
2022-08-30,7010.0,0.0,25.5,5400.0,0.0,46.6,0.0
2022-08-31,7030.0,0.0,23.4,5510.0,0.0,45.1,0.0
2022-09-01,7210.0,0.0,21.0,5550.0,0.0,43.9,0.0
2022-09-02,8060.0,0.0,22.3,5820.0,0.0,43.3,0.0
2022-09-03,8890.0,0.0,18.8,6670.0,0.1,43.0,0.5
2022-09-04,9470.0,0.0,19.8,7030.0,0.0,43.3,0.0
2022-09-05,9560.0,0.0,19.6,6970.0,0.0,42.4,0.0
2022-09-06,9490.0,0.0,21.0,6940.0,0.0,41.3,0.0
2022-09-07,9470.0,0.0,22.4,6920.0,0.0,40.1,0.0
2022-09-08,9420.0,0.0,18.3,6910.0,0.0,39.1,0.0
2022-09-09,9400.0,0.0,21.6,6860.0,0.0,38.4,0.0
2022-09-10,9290.0,0.0,25.7,6590.0,0.0,37.7,0.0
2022-09-11,9020.0,0.0,24.0,6360.0,0.0,37.4,0.0
2022-09-12,8950.0,0.7,20.1,6270.0,0.9,38.6,1.8
2022-09-13,8770.0,0.0,18.0,6140.0,0.0,39.3,0.0
2022-09-14,8640.0,0.0,17.3,6180.0,0.0,38.4,0.0
2022-09-15,8610.0,0.4,16.8,6100.0,0.0,37.7,0.0
2022-09-16,8320.0,0.0,16.9,5930.0,0.0,37.2,0.0
2022-09-17,8250.0,0.0,15.5,5920.0,0.0,37.1,0.0
2022-09-18,8260.0,1.8,17.3,5890.0,0.8,39.9,1.8
2022-09-19,8230.0,0.0,18.5,5860.0,0.0,41.0,0.0
2022-09-20,8180.0,0.0,19.2,5830.0,0.1,37.3,0.0
2022-09-21,8190.0,0.0,18.7,5840.0,0.4,36.3,0.2
2022-09-22,8140.0,1.1,17.4,5810.0,1.7,37.0,0.1
2022-09-23,8160.0,0.0,15.7,5810.0,0.0,37.0,0.0
2022-09-24,8160.0,0.0,17.4,5810.0,0.0,36.1,0.0
2022-09-25,8150.0,0.0,18.7,5780.0,0.0,35.3,0.0
2022-09-26,8140.0,0.0,20.1,5750.0,0.0,34.8,0.0
2022-09-27,8060.0,0.0,18.5,5700.0,0.0,34.1,0.0
2022-09-28,8080.0,2.3,16.5,5710.0,3.8,34.1,1.9
2022-09-29,8220.0,8.5,16.9,5850.0,3.4,47.5,11.7
2022-09-30,8560.0,0.7,15.2,6160.0,0.0,75.7,1.1
2022-10-01,8860.0,0.0,18.6,6410.0,0.0,52.4,0.0
2022-10-02,9290.0,0.0,19.6,6610.0,0.0,44.6,0.0
2022-10-03,9480.0,0.0,17.5,6740.0,0.0,42.1,0.0
2022-10-04,9570.0,0.0,15.8,6770.0,0.0,41.2,0.0
2022-10-05,9790.0,0.0,15.6,6790.0,0.0,40.3,0.0
2022-10-06,9990.0,0.0,16.3,6790.0,0.0,40.2,0.0
2022-10-07,10000.0,0.0,16.6,6790.0,0.0,39.1,0.0
2022-10-08,10300.0,0.0,17.3,6790.0,0.0,38.1,0.0
2022-10-09,10500.0,0.0,18.0,6750.0,0.0,37.2,0.0
2022-10-10,10500.0,0.0,17.2,6730.0,0.0,36.3,0.0
2022-10-11,10500.0,0.0,16.1,6700.0,0.0,36.1,0.1
2022-10-12,10100.0,0.0,15.3,6670.0,0.0,36.0,0.0
2022-10-13,10000.0,0.0,16.6,6670.0,0.0,35.2,0.0
2022-10-14,10600.0,0.0,16.7,6780.0,0.0,34.9,0.0
2022-10-15,11000.0,0.0,18.2,6770.0,0.0,34.1,0.0
2022-10-16,11000.0,0.0,17.6,6730.0,0.0,33.1,0.0
2022-10-17,10900.0,0.0,14.3,6720.0,0.0,33.2,0.0
2022-10-18,10900.0,0.0,14.1,6710.0,0.0,33.6,0.0
2022-10-19,11000.0,0.0,14.4,6730.0,0.0,33.7,0.0
2022-10-20,11100.0,0.0,14.2,6740.0,0.0,33.3,0.0
2022-10-21,11400.0,4.3,12.3,7210.0,1.3,36.6,1.2
2022-10-22,12700.0,7.6,10.8,7830.0,9.5,346.0,5.5
2022-10-23,14900.0,0.6,8.6,8950.0,0.8,380.0,1.4
2022-10-24,16700.0,4.8,10.1,9930.0,6.6,517.0,6.6
2022-10-25,17400.0,1.1,8.9,9770.0,0.5,968.0,0.9
2022-10-26,18000.0,9.1,8.7,9800.0,8.2,1270.0,10.3
2022-10-27,18300.0,0.0,8.8,10400.0,0.0,613.0,0.2
2022-10-28,18100.0,7.9,9.7,10500.0,1.7,376.0,5.1
2022-10-29,16900.0,18.5,11.9,9760.0,0.1,276.0,1.3
2022-10-30,16200.0,0.2,11.1,9320.0,0.0,223.0,0.6
2022-10-31,15700.0,7.0,11.7,8930.0,2.5,266.0,11.1
2022-11-01,16100.0,16.6,8.9,9040.0,21.9,748.0,20.9
2022-11-02,17200.0,4.8,5.5,9680.0,3.5,645.0,13.1
2022-11-03,17300.0,1.3,4.8,9980.0,0.7,489.0,1.2
2022-11-04,16700.0,28.0,8.9,9890.0,14.2,5480.0,27.7
2022-11-05,28300.0,29.8,10.4,11100.0,26.9,8240.0,29.3
2022-11-06,33800.0,25.1,6.0,19600.0,29.6,2530.0,28.0
2022-11-07,30500.0,8.1,3.8,19400.0,5.4,1650.0,7.4
2022-11-08,30500.0,3.2,4.2,18600.0,2.5,1180.0,2.7
2022-11-09,24900.0,0.0,3.9,15000.0,0.0,919.0,0.0
2022-11-10,21200.0,0.0,3.9,12500.0,0.0,747.0,0.0
2022-11-11,19200.0,2.0,4.0,11000.0,4.3,651.0,2.8
2022-11-12,18100.0,5.2,5.0,10100.0,0.7,585.0,4.1
2022-11-13,17500.0,0.0,3.2,9740.0,0.0,517.0,0.0
2022-11-14,16400.0,0.0,3.6,9180.0,0.0,463.0,0.0
2022-11-15,15200.0,0.0,4.4,8850.0,0.0,422.0,0.0
2022-11-16,14900.0,0.0,2.9,8510.0,0.0,391.0,0.0
2022-11-17,14100.0,0.0,1.4,7790.0,0.0,374.0,0.0
2022-11-18,13200.0,0.0,1.7,7420.0,0.0,350.0,0.0
2022-11-19,13000.0,0.0,1.2,7320.0,0.0,324.0,0.0
2022-11-20,13000.0,0.0,0.1,7550.0,0.0,301.0,0.2
2022-11-21,12700.0,0.0,2.4,7510.0,0.0,282.0,0.0
2022-11-22,12200.0,10.2,5.4,7410.0,5.5,286.0,9.2
2022-11-23,12400.0,0.3,6.0,7220.0,0.0,640.0,0.3
2022-11-24,12800.0,0.0,3.8,7370.0,0.0,481.0,0.0
2022-11-25,12500.0,0.2,4.0,7450.0,0.0,420.0,0.0
2022-11-26,12400.0,9.3,3.0,7450.0,10.1,394.0,8.1
2022-11-27,12700.0,5.9,5.1,7600.0,4.0,528.0,7.5
2022-11-28,14100.0,4.6,4.8,7730.0,6.2,841.0,13.0
2022-11-29,16000.0,3.1,1.3,8700.0,1.4,643.0,2.6
2022-11-30,19700.0,36.4,5.8,9970.0,41.9,1320.0,40.0
2022-12-01,28400.0,4.6,3.2,14400.0,9.4,1140.0,3.3
2022-12-02,29000.0,1.2,1.5,15900.0,0.0,790.0,0.0
2022-12-03,23100.0,0.0,3.3,12700.0,0.1,643.0,0.1
2022-12-04,19000.0,4.0,1.5,10700.0,2.4,560.0,3.2
2022-12-05,16000.0,0.0,0.8,8940.0,0.0,500.0,0.0
2022-12-06,14100.0,0.0,0.6,7960.0,0.0,457.0,0.0
2022-12-07,12700.0,0.0,1.1,7380.0,0.0,422.0,0.0
2022-12-08,12000.0,16.4,5.2,7000.0,18.7,471.0,17.8
2022-12-09,12900.0,3.3,3.7,7470.0,4.5,574.0,8.1
2022-12-10,15400.0,21.7,7.0,8940.0,16.8,936.0,13.7
2022-12-11,19300.0,1.1,5.5,10700.0,2.0,1000.0,2.2
2022-12-12,20200.0,0.6,4.7,11200.0,2.8,845.0,1.6
2022-12-13,19100.0,0.0,3.3,11100.0,0.0,702.0,0.0
2022-12-14,17300.0,0.0,1.3,10200.0,0.0,594.0,0.0
2022-12-15,15600.0,0.0,1.0,9070.0,0.0,520.0,0.0
2022-12-16,14000.0,0.0,1.7,8160.0,0.0,466.0,0.0
2022-12-17,12900.0,0.0,-0.8,7510.0,0.0,426.0,0.0
2022-12-18,11900.0,0.5,2.6,7000.0,0.0,400.0,0.4
2022-12-19,11300.0,0.4,4.0,6670.0,0.4,397.0,0.0
2022-12-20,10900.0,2.1,4.2,6450.0,1.5,518.0,2.0
2022-12-21,12000.0,1.9,4.3,6420.0,1.5,1720.0,12.1
2022-12-22,14200.0,0.2,-4.4,7500.0,0.5,1010.0,0.3
2022-12-23,14700.0,9.2,-3.7,7840.0,6.3,1090.0,8.0
2022-12-24,16200.0,11.5,1.9,8220.0,17.8,3060.0,12.0
2022-12-25,25400.0,0.4,9.7,11200.0,2.1,4240.0,0.4
2022-12-26,34900.0,10.2,11.6,17700.0,7.8,3110.0,8.7
2022-12-27,46500.0,60.3,10.2,23400.0,56.3,5380.0,58.1
2022-12-28,68200.0,10.1,6.1,37400.0,7.7,4010.0,7.9
2022-12-29,73900.0,8.0,5.7,43600.0,8.5,2450.0,12.6
2022-12-30,68500.0,22.1,8.6,38500.0,22.5,3420.0,19.3
2022-12-31,70000.0,7.0,6.9,41800.0,9.6,2400.0,18.8
2023-01-01,69900.0,0.8,4.4,42500.0,0.0,1660.0,2.5
2023-01-02,62700.0,0.3,1.5,37500.0,0.5,1240.0,0.3
2023-01-03,56300.0,1.9,5.1,34500.0,3.7,1000.0,1.8
2023-01-04,51900.0,6.6,4.2,31100.0,6.0,911.0,8.2
2023-01-05,49100.0,1.2,6.9,29200.0,1.9,917.0,1.1
2023-01-06,47300.0,3.1,7.1,26600.0,0.4,961.0,0.8
2023-01-07,47900.0,11.4,7.6,24900.0,9.9,872.0,9.9
2023-01-08,45700.0,8.1,6.9,23900.0,7.7,895.0,6.1
2023-01-09,45300.0,10.8,6.5,23100.0,6.0,865.0,12.2
2023-01-10,43400.0,1.1,6.2,20700.0,2.0,754.0,0.4
2023-01-11,38400.0,12.4,7.2,18200.0,12.7,674.0,11.7
2023-01-12,35600.0,16.0,8.4,17300.0,8.7,799.0,14.8
2023-01-13,33700.0,11.9,9.4,16800.0,12.8,938.0,12.9
2023-01-14,31800.0,5.8,8.5,16700.0,3.0,1060.0,3.4
2023-01-15,32200.0,18.0,7.5,17300.0,24.3,1050.0,22.9
2023-01-16,36000.0,0.7,5.3,19000.0,2.6,1040.0,0.9
2023-01-17,36100.0,0.8,5.6,18100.0,1.4,812.0,1.2
2023-01-18,32300.0,9.4,6.4,17100.0,12.7,728.0,11.5
2023-01-19,30200.0,0.4,3.3,17000.0,0.8,679.0,5.7
2023-01-20,26600.0,0.0,1.6,15300.0,0.0,597.0,0.0
2023-01-21,22700.0,3.2,0.6,13500.0,2.5,545.0,3.1
2023-01-22,20500.0,0.3,2.4,12500.0,0.4,498.0,0.0
2023-01-23,18700.0,0.0,2.7,11500.0,0.0,453.0,0.0
2023-01-24,17000.0,0.0,1.9,10300.0,0.0,417.0,0.0
2023-01-25,15700.0,0.0,3.0,9500.0,0.0,391.0,0.0
2023-01-26,14900.0,0.0,3.2,9230.0,0.0,372.0,0.0
2023-01-27,14600.0,0.9,4.7,9180.0,0.4,394.0,1.1
2023-01-28,14300.0,0.7,5.5,9150.0,2.4,508.0,1.1
2023-01-29,14600.0,3.4,1.5,9240.0,5.8,488.0,4.9
2023-01-30,14100.0,0.0,-2.5,8990.0,0.0,425.0,0.0
2023-01-31,13400.0,0.0,-0.6,8570.0,0.0,394.0,0.0
2023-02-01,13100.0,0.0,0.5,8340.0,0.0,365.0,0.0
2023-02-02,12600.0,0.0,-0.1,7860.0,0.0,339.0,0.0
2023-02-03,12000.0,2.5,2.3,7430.0,2.0,324.0,2.2
2023-02-04,11800.0,1.9,7.0,7390.0,0.5,317.0,2.7
2023-02-05,12000.0,9.8,6.3,7520.0,9.8,515.0,12.7
2023-02-06,13700.0,0.8,5.5,7990.0,1.6,831.0,0.8
2023-02-07,14200.0,8.9,6.3,8350.0,3.6,799.0,9.1
2023-02-08,14900.0,1.6,4.3,8340.0,1.1,1150.0,1.5
2023-02-09,15300.0,0.0,4.0,8720.0,0.0,816.0,0.0
2023-02-10,14600.0,1.5,7.6,8440.0,3.8,712.0,2.9
2023-02-11,13900.0,0.3,5.1,8180.0,0.0,627.0,0.0
2023-02-12,13300.0,0.0,3.1,7940.0,0.0,556.0,0.0
2023-02-13,12900.0,4.8,5.6,7710.0,13.7,566.0,1.1
2023-02-14,13100.0,4.8,2.3,7930.0,8.3,558.0,9.4
2023-02-15,13600.0,0.0,-0.9,8380.0,0.0,495.0,0.0
2023-02-16,13300.0,0.0,0.8,8120.0,0.0,464.0,0.0
2023-02-17,13100.0,0.0,2.8,7870.0,0.0,434.0,0.1
2023-02-18,12700.0,0.0,5.7,7660.0,0.0,416.0,0.0
2023-02-19,12100.0,0.0,4.7,7470.0,0.2,409.0,0.0
2023-02-20,11800.0,0.0,7.3,7310.0,0.0,421.0,0.0
2023-02-21,11700.0,2.8,6.4,7220.0,7.4,749.0,4.5
2023-02-22,12700.0,7.8,1.9,7860.0,3.1,701.0,6.9
2023-02-23,14000.0,5.0,1.2,8660.0,2.6,572.0,2.6
2023-02-24,13900.0,0.1,-4.4,8560.0,0.4,492.0,0.7
2023-02-25,13000.0,0.0,-2.6,8030.0,0.0,459.0,0.0
2023-02-26,12800.0,13.2,2.1,7870.0,17.9,477.0,8.6
2023-02-27,14200.0,6.7,2.7,8560.0,5.7,440.0,6.4
2023-02-28,15200.0,12.3,2.2,9260.0,11.2,429.0,18.3
2023-03-01,17200.0,3.8,0.5,10800.0,1.7,392.0,2.9
2023-03-02,16700.0,2.1,3.9,10200.0,1.7,385.0,1.5
2023-03-03,16100.0,8.6,2.7,9800.0,8.9,380.0,3.1
2023-03-04,15800.0,13.7,3.3,9690.0,10.5,373.0,10.8
2023-03-05,16200.0,1.7,1.8,10000.0,3.0,361.0,1.7
2023-03-06,16500.0,5.5,3.3,10200.0,1.0,350.0,3.6
2023-03-07,16100.0,1.9,3.4,9940.0,3.0,342.0,6.0
2023-03-08,15600.0,6.6,2.4,9610.0,2.1,342.0,7.4
2023-03-09,15600.0,7.9,4.0,9450.0,4.1,333.0,5.3
2023-03-10,16900.0,9.7,4.5,10200.0,13.4,410.0,8.8
2023-03-11,19200.0,0.4,5.2,12200.0,1.0,417.0,2.3
2023-03-12,19600.0,3.6,4.2,12600.0,3.1,454.0,1.4
2023-03-13,22400.0,27.8,8.1,14200.0,33.3,1230.0,36.1
2023-03-14,35300.0,0.4,3.9,22600.0,0.3,1250.0,0.5
2023-03-15,35400.0,1.0,4.9,21800.0,0.5,880.0,1.8
2023-03-16,28500.0,0.1,4.8,17400.0,0.0,750.0,0.0
2023-03-17,24600.0,0.0,5.9,15000.0,0.0,765.0,0.0
2023-03-18,22400.0,0.0,8.2,13600.0,0.0,844.0,0.0
2023-03-19,21000.0,1.7,8.9,12700.0,2.0,1050.0,2.6
2023-03-20,21000.0,5.8,7.7,12900.0,8.0,1410.0,11.5
2023-03-21,22700.0,1.0,6.6,14000.0,0.1,1230.0,1.7
2023-03-22,21800.0,3.3,8.1,13300.0,3.8,1080.0,0.8
2023-03-23,20500.0,7.3,6.6,12500.0,7.4,1240.0,8.2
2023-03-24,21100.0,6.7,3.6,13100.0,11.6,1050.0,8.0
2023-03-25,22900.0,7.2,3.0,14600.0,14.3,864.0,8.0
2023-03-26,24000.0,5.3,2.6,15600.0,5.8,744.0,2.7
2023-03-27,23400.0,1.9,3.0,14900.0,1.1,667.0,1.5
2023-03-28,22600.0,10.2,5.7,14800.0,12.3,729.0,10.7
2023-03-29,24100.0,1.0,4.6,15500.0,0.7,763.0,0.7
2023-03-30,23500.0,1.8,5.8,15000.0,0.6,778.0,2.4
2023-03-31,22200.0,2.2,6.4,14100.0,1.3,769.0,2.2
2023-04-01,24900.0,19.3,6.1,16000.0,36.8,1230.0,24.8
2023-04-02,32600.0,7.3,4.6,21400.0,11.3,1120.0,9.7
2023-04-03,35700.0,2.7,3.0,22900.0,7.2,937.0,4.6
2023-04-04,34200.0,4.5,3.6,21800.0,9.9,832.0,10.6
2023-04-05,32000.0,0.4,4.0,20700.0,0.9,741.0,0.2
2023-04-06,30400.0,11.6,7.9,19800.0,11.1,1050.0,9.3
2023-04-07,34100.0,17.9,9.6,21500.0,18.9,2170.0,17.4
2023-04-08,39300.0,0.1,8.1,23900.0,0.2,1950.0,0.2
2023-04-09,37600.0,8.0,9.8,23000.0,8.5,1920.0,5.6
2023-04-10,40800.0,26.4,9.5,23900.0,25.6,3810.0,24.1
2023-04-11,56600.0,14.8,6.3,32500.0,16.6,3850.0,18.1
2023-04-12,62400.0,5.2,5.4,38600.0,5.8,2160.0,4.3
2023-04-13,55500.0,1.6,5.1,33600.0,1.7,1480.0,0.8
2023-04-14,45800.0,0.0,6.9,28000.0,0.0,1170.0,0.1
2023-04-15,39000.0,0.2,7.4,23900.0,0.2,1050.0,0.2
2023-04-16,33800.0,9.4,7.4,20400.0,9.6,1120.0,8.7
2023-04-17,30900.0,2.5,6.3,18800.0,8.3,1180.0,3.0
2023-04-18,30100.0,8.3,4.7,18500.0,11.7,1000.0,7.2
2023-04-19,29700.0,5.6,5.1,19100.0,5.2,918.0,6.3
2023-04-20,31100.0,5.8,5.1,20200.0,6.7,891.0,6.4
2023-04-21,33600.0,6.1,8.1,21700.0,6.9,1670.0,7.2
2023-04-22,39100.0,0.8,10.9,25600.0,1.4,1700.0,0.8
2023-04-23,42100.0,4.6,12.0,27300.0,3.4,2880.0,5.3
2023-04-24,45400.0,1.8,9.3,29500.0,1.6,2690.0,1.0
2023-04-25,46300.0,0.0,9.4,30500.0,0.0,2020.0,0.0
2023-04-26,42800.0,0.0,12.5,28000.0,0.0,1980.0,0.0
2023-04-27,39400.0,0.0,15.2,25500.0,0.0,2420.0,0.0
2023-04-28,38000.0,0.0,16.9,24400.0,0.0,2700.0,0.0
2023-04-29,38500.0,0.0,17.2,24400.0,0.0,2810.0,0.0
2023-04-30,38600.0,0.6,13.0,25000.0,0.0,2200.0,0.0
2023-05-01,37400.0,0.6,11.2,24600.0,0.1,1390.0,0.7
2023-05-02,34000.0,1.5,11.6,22300.0,1.3,1050.0,2.1
2023-05-03,29900.0,0.0,13.1,18700.0,0.0,1140.0,0.0
2023-05-04,27100.0,12.8,10.6,16900.0,1.5,1350.0,5.6
2023-05-05,26700.0,0.3,10.8,16500.0,0.2,1160.0,0.5
2023-05-06,26100.0,1.4,11.3,16100.0,2.6,1080.0,2.6
2023-05-07,25500.0,0.6,10.5,15400.0,0.4,1150.0,3.5
2023-05-08,25400.0,1.5,11.0,15000.0,6.9,956.0,3.9
2023-05-09,25200.0,3.5,10.3,14600.0,1.1,840.0,3.7
2023-05-10,24400.0,0.0,12.7,13800.0,0.0,855.0,0.1
2023-05-11,23800.0,0.0,13.8,13100.0,0.1,937.0,0.0
2023-05-12,23300.0,0.0,15.8,12400.0,0.0,985.0,0.0
2023-05-13,23300.0,0.0,20.0,12200.0,0.0,1110.0,0.0
2023-05-14,24000.0,0.0,22.7,12500.0,0.0,1230.0,0.0
2023-05-15,25000.0,0.0,22.9,13000.0,0.0,1120.0,0.0
2023-05-16,25000.0,0.0,18.4,13400.0,0.0,909.0,0.0
2023-05-17,23600.0,0.0,20.5,13700.0,0.0,833.0,0.0
2023-05-18,22800.0,0.0,19.7,13500.0,0.0,815.0,0.0
2023-05-19,21800.0,0.1,17.7,12700.0,0.0,736.0,0.0
2023-05-20,20500.0,0.0,18.4,12400.0,0.0,671.0,0.0
2023-05-21,19600.0,0.0,15.9,12400.0,0.1,574.0,0.0
2023-05-22,18600.0,0.0,13.1,11900.0,0.0,447.0,0.2
2023-05-23,17900.0,1.0,12.4,11200.0,0.0,362.0,0.4
2023-05-24,16500.0,0.0,13.8,10200.0,0.0,322.0,0.0
2023-05-25,15300.0,0.0,17.1,9420.0,0.0,303.0,0.0
2023-05-26,14700.0,0.0,19.5,9160.0,0.0,300.0,0.0
2023-05-27,14400.0,0.0,17.1,9300.0,0.0,291.0,0.0
2023-05-28,14300.0,0.0,14.5,9230.0,0.0,271.0,0.0
2023-05-29,13500.0,0.0,16.1,8580.0,0.0,251.0,0.0
2023-05-30,13000.0,0.0,14.1,8380.0,0.0,231.0,0.0
2023-05-31,12600.0,0.0,12.9,8310.0,0.0,214.0,0.0
2023-06-01,12400.0,0.0,13.1,8180.0,0.0,196.0,0.0
2023-06-02,12200.0,0.0,14.3,8090.0,0.0,183.0,0.0
2023-06-03,12000.0,0.0,15.4,8210.0,0.0,173.0,0.0
2023-06-04,11900.0,0.0,16.0,8190.0,0.0,165.0,0.0
2023-06-05,11900.0,0.0,18.6,8170.0,0.0,157.0,0.0
2023-06-06,11600.0,0.0,20.5,8000.0,0.0,150.0,0.0
2023-06-07,11400.0,0.0,20.8,7880.0,0.0,144.0,0.0
2023-06-08,11300.0,0.0,17.4,7840.0,0.0,138.0,0.0
2023-06-09,11100.0,1.1,16.4,7900.0,0.0,133.0,0.0
2023-06-10,11100.0,0.0,15.9,7820.0,0.0,127.0,0.0
2023-06-11,11000.0,0.0,18.3,7750.0,0.0,119.0,0.0
2023-06-12,10900.0,0.0,20.8,7660.0,0.0,113.0,0.0
2023-06-13,10600.0,0.0,19.0,7510.0,0.0,109.0,0.0
2023-06-14,10100.0,0.0,14.8,7290.0,0.0,104.0,0.0
2023-06-15,10000.0,0.0,14.5,7170.0,0.0,100.0,0.0
2023-06-16,9890.0,0.0,18.5,7120.0,0.0,96.1,0.0
2023-06-17,9480.0,0.0,17.5,6720.0,0.2,93.1,0.5
2023-06-18,9150.0,1.9,12.8,6470.0,6.7,102.0,3.7
2023-06-19,9190.0,8.0,11.1,6480.0,6.3,121.0,6.2
2023-06-20,9280.0,0.6,12.5,6540.0,6.0,118.0,1.0
2023-06-21,9210.0,0.0,15.2,6570.0,0.0,103.0,0.0
2023-06-22,8950.0,0.0,19.7,6410.0,0.0,94.1,0.0
2023-06-23,8710.0,0.0,20.4,6290.0,0.0,88.5,0.0
2023-06-24,8550.0,0.0,16.8,6150.0,0.0,84.4,0.0
2023-06-25,8320.0,0.0,19.1,5970.0,0.0,80.8,0.0
2023-06-26,8330.0,0.0,17.9,6040.0,0.0,77.9,0.0
2023-06-27,8250.0,0.0,17.4,6020.0,0.0,76.0,0.0
2023-06-28,8150.0,0.0,18.9,5930.0,0.0,73.7,0.0
2023-06-29,8020.0,0.0,20.4,5840.0,0.0,71.0,0.0
2023-06-30,7930.0,0.0,20.8,5780.0,0.0,68.2,0.0
2023-07-01,7850.0,0.0,20.1,5740.0,0.0,66.0,0.0
2023-07-02,7660.0,0.0,21.3,5700.0,0.0,63.8,0.0
2023-07-03,7610.0,0.0,21.7,5650.0,0.0,62.1,0.0
2023-07-04,7490.0,0.0,23.4,5590.0,0.0,60.0,0.0
2023-07-05,7430.0,0.0,26.2,5560.0,0.0,58.1,0.0
2023-07-06,7320.0,0.0,23.2,5490.0,0.0,56.7,0.0
2023-07-07,7260.0,0.0,18.5,5460.0,0.0,55.8,0.0
2023-07-08,7260.0,0.0,17.6,5450.0,0.0,55.7,0.0
2023-07-09,7320.0,0.0,18.8,5480.0,0.0,55.0,0.0
2023-07-10,7330.0,0.0,17.5,5480.0,0.0,53.8,0.4
2023-07-11,7220.0,0.0,18.2,5440.0,0.0,53.2,0.0
2023-07-12,7170.0,0.0,19.9,5400.0,0.0,51.8,0.0
2023-07-13,7130.0,0.0,20.5,5370.0,0.0,50.5,0.0
2023-07-14,7080.0,0.0,23.2,5320.0,0.0,49.3,0.0
2023-07-15,6950.0,0.0,25.6,5170.0,0.0,47.8,0.0
2023-07-16,6650.0,0.0,22.7,4830.0,0.0,46.5,0.0
2023-07-17,6470.0,0.0,19.6,4710.0,0.0,45.5,0.2
2023-07-18,6380.0,0.0,20.8,4670.0,0.0,45.4,0.0
2023-07-19,6340.0,0.0,23.4,4690.0,0.0,44.8,0.0
2023-07-20,6320.0,0.0,21.1,4670.0,0.0,43.9,0.0
2023-07-21,6400.0,0.0,20.9,4800.0,0.0,43.6,0.0
2023-07-22,6290.0,0.0,22.3,4640.0,0.0,42.7,0.0
2023-07-23,6160.0,0.0,21.7,4610.0,0.0,41.8,0.0
2023-07-24,6120.0,0.5,18.7,4600.0,2.3,41.4,4.0
2023-07-25,6110.0,0.6,20.3,4580.0,0.9,42.4,1.6
2023-07-26,6150.0,0.0,20.2,4590.0,0.0,42.8,0.0
2023-07-27,6210.0,0.0,19.8,4770.0,0.0,41.0,0.0
2023-07-28,6200.0,0.0,19.3,4690.0,0.0,40.1,0.0
2023-07-29,6150.0,0.0,18.7,4630.0,0.0,39.4,0.0
2023-07-30,6180.0,0.0,18.7,4630.0,0.0,39.0,0.0
2023-07-31,6240.0,0.0,19.7,4650.0,0.0,38.4,0.0
2023-08-01,6180.0,0.0,20.8,4660.0,0.0,37.8,0.0
2023-08-02,6120.0,0.0,22.3,4610.0,0.0,36.9,0.0
2023-08-03,6080.0,0.0,21.1,4600.0,0.0,36.3,0.0
2023-08-04,6060.0,0.0,21.8,4520.0,0.0,36.1,0.0
2023-08-05,6260.0,0.1,23.6,4500.0,0.0,36.1,0.0
2023-08-06,6620.0,0.0,23.2,4520.0,0.0,36.6,0.3
2023-08-07,6690.0,0.0,22.1,4460.0,0.0,36.3,0.0
2023-08-08,6610.0,0.0,21.1,4410.0,0.0,35.5,0.0
2023-08-09,6600.0,0.3,21.0,4370.0,0.0,34.8,0.6
2023-08-10,6570.0,0.0,20.2,4330.0,0.0,34.2,0.0
2023-08-11,6520.0,0.0,21.4,4300.0,0.0,33.8,0.0
2023-08-12,6510.0,0.0,22.6,4330.0,0.0,33.2,0.0
2023-08-13,6570.0,0.0,26.1,4370.0,0.0,32.6,0.0
2023-08-14,6620.0,0.0,29.7,4380.0,0.0,31.8,0.0
2023-08-15,6640.0,0.0,30.2,4360.0,0.0,31.4,0.0
2023-08-16,6620.0,0.0,29.1,4320.0,0.0,31.0,0.0
2023-08-17,6660.0,0.0,27.9,4320.0,0.0,30.8,0.0
2023-08-18,6650.0,0.0,21.4,4320.0,0.0,30.7,0.0
2023-08-19,6590.0,0.0,19.6,4190.0,0.0,30.2,0.0
2023-08-20,6450.0,0.0,23.0,4040.0,0.0,30.0,0.0
2023-08-21,6480.0,0.0,20.4,4040.0,0.0,29.9,0.0
2023-08-22,6430.0,0.0,17.6,4040.0,0.0,29.9,0.0
2023-08-23,6460.0,0.0,18.2,4020.0,0.0,30.0,0.0
2023-08-24,6470.0,0.0,20.7,4020.0,0.0,29.9,0.0
2023-08-25,6470.0,0.0,25.0,4040.0,0.0,29.9,0.1
2023-08-26,6690.0,0.0,21.9,4130.0,0.0,29.2,0.0
2023-08-27,7030.0,0.0,21.4,4390.0,0.0,29.1,0.0
2023-08-28,7310.0,0.0,19.5,4480.0,0.0,29.3,0.0
2023-08-29,7490.0,0.5,19.0,4540.0,0.5,30.3,0.7
2023-08-30,7460.0,1.3,18.6,4550.0,0.2,32.0,1.2
2023-08-31,7700.0,10.1,17.9,4660.0,7.8,39.3,12.0
2023-09-01,8080.0,7.5,17.8,4760.0,2.8,48.2,12.4
2023-09-02,7820.0,0.0,20.8,4720.0,0.0,40.7,0.0
2023-09-03,7160.0,2.9,18.8,4600.0,0.4,44.4,2.0
2023-09-04,7010.0,0.4,17.4,4600.0,0.0,39.7,0.6
2023-09-05,6990.0,0.0,16.1,4580.0,0.0,41.5,0.0
2023-09-06,6930.0,0.0,16.2,4540.0,0.0,37.0,0.0
2023-09-07,6810.0,0.0,17.3,4470.0,0.0,34.6,0.0
2023-09-08,6790.0,0.0,16.7,4450.0,0.0,33.6,0.0
2023-09-09,6730.0,0.0,18.6,4400.0,0.0,32.9,0.0
2023-09-10,6630.0,0.0,19.1,4290.0,0.0,32.1,0.0
2023-09-11,6610.0,0.0,18.0,4270.0,0.0,31.3,0.0
2023-09-12,6540.0,0.0,17.4,4260.0,0.0,31.1,0.0
2023-09-13,6500.0,0.0,18.7,4270.0,0.0,30.5,0.0
2023-09-14,6460.0,0.0,19.6,4250.0,0.0,30.4,0.0
2023-09-15,6430.0,0.0,21.5,4240.0,0.0,29.5,0.0
2023-09-16,6400.0,0.0,20.4,4230.0,0.0,28.9,0.0
2023-09-17,6370.0,0.0,16.1,4200.0,0.0,28.6,0.0
2023-09-18,6340.0,0.1,18.0,4210.0,0.0,28.7,0.3
2023-09-19,6300.0,0.0,15.2,4210.0,0.0,28.6,0.0
2023-09-20,6260.0,0.7,15.6,4190.0,0.0,29.3,0.4
2023-09-21,6270.0,0.0,14.4,4190.0,0.0,30.6,0.0
2023-09-22,6280.0,0.0,15.9,4180.0,0.0,30.3,0.0
2023-09-23,6610.0,1.7,16.1,4220.0,0.0,29.5,0.8
2023-09-24,6840.0,12.1,13.6,4260.0,8.5,31.9,9.9
2023-09-25,7220.0,20.7,14.3,4540.0,18.3,43.5,16.1
2023-09-26,7610.0,12.1,14.1,4670.0,10.3,51.8,14.8
2023-09-27,7640.0,5.1,14.2,4690.0,10.8,90.1,9.9
2023-09-28,7670.0,1.9,13.2,4700.0,0.7,184.0,1.6
2023-09-29,7810.0,2.3,13.3,4660.0,4.1,183.0,14.5
2023-09-30,7980.0,0.0,13.5,4900.0,0.0,191.0,0.2
2023-10-01,8650.0,0.0,11.8,5110.0,0.0,155.0,0.0
2023-10-02,8680.0,2.3,11.7,5140.0,1.4,135.0,1.3
2023-10-03,8750.0,4.8,14.7,5240.0,3.4,322.0,4.5
2023-10-04,9090.0,0.0,14.0,5560.0,0.0,294.0,0.0
2023-10-05,9460.0,0.0,15.8,5940.0,0.0,207.0,0.0
2023-10-06,9580.0,0.0,18.8,6190.0,0.0,165.0,0.0
2023-10-07,9810.0,0.0,18.3,6240.0,0.0,140.0,0.0
2023-10-08,9790.0,0.0,16.4,6230.0,0.0,124.0,0.0
2023-10-09,9750.0,2.6,15.8,6150.0,4.4,115.0,3.1
2023-10-10,9830.0,9.8,13.2,6200.0,11.7,132.0,14.1
2023-10-11,10300.0,25.4,12.0,6540.0,37.9,1730.0,26.0
2023-10-12,13900.0,1.1,13.4,7560.0,1.1,1820.0,2.1
2023-10-13,14500.0,1.3,12.9,8370.0,1.9,754.0,1.0
2023-10-14,13000.0,4.0,12.7,7650.0,2.2,486.0,3.4
2023-10-15,12400.0,0.6,13.8,7460.0,0.4,359.0,1.2
2023-10-16,12000.0,9.6,14.8,7280.0,13.7,375.0,14.1
2023-10-17,12300.0,0.1,13.0,7580.0,0.4,676.0,0.2
2023-10-18,13700.0,0.0,12.1,9160.0,0.0,465.0,0.0
2023-10-19,14300.0,0.0,12.6,9910.0,0.0,361.0,0.0
2023-10-20,14400.0,0.0,14.7,10100.0,0.0,299.0,0.0
2023-10-21,13900.0,0.2,13.1,9350.0,0.1,258.0,0.4
2023-10-22,12700.0,1.4,12.7,8220.0,0.0,229.0,0.7
2023-10-23,12100.0,0.0,12.4,7810.0,0.2,206.0,0.5
2023-10-24,11500.0,4.1,8.8,7660.0,3.6,197.0,3.7
2023-10-25,11500.0,15.8,8.0,7660.0,13.3,763.0,14.9
2023-10-26,12600.0,5.4,6.6,8140.0,4.4,750.0,2.9
2023-10-27,12600.0,0.0,6.4,8490.0,0.0,542.0,0.0
2023-10-28,11900.0,0.0,5.2,8130.0,0.0,427.0,0.0
2023-10-29,12000.0,0.0,5.1,7960.0,0.0,356.0,0.0
2023-10-30,12300.0,0.0,5.5,7780.0,0.0,313.0,0.0
2023-10-31,11600.0,0.0,5.9,7580.0,0.0,289.0,0.0
2023-11-01,11100.0,8.3,7.9,7410.0,4.9,309.0,9.3
2023-11-02,11100.0,21.9,12.7,7350.0,20.8,1040.0,7.9
2023-11-03,11600.0,0.3,11.3,7090.0,0.3,995.0,0.3
2023-11-04,12400.0,28.2,15.0,7240.0,39.4,1940.0,26.3
2023-11-05,17200.0,5.7,11.6,9610.0,11.9,2180.0,10.9
2023-11-06,25000.0,25.0,10.9,15500.0,16.0,2390.0,11.1
2023-11-07,28500.0,10.8,10.1,16000.0,7.5,2690.0,10.8
2023-11-08,30800.0,0.0,7.1,17100.0,0.1,1820.0,0.4
2023-11-09,27000.0,0.2,5.2,15800.0,0.0,1150.0,0.0
2023-11-10,23800.0,5.3,8.1,13900.0,4.3,900.0,5.0
2023-11-11,21100.0,4.7,10.1,11700.0,3.1,841.0,7.0
2023-11-12,19200.0,0.0,10.1,10100.0,0.0,982.0,0.1
2023-11-13,18200.0,10.8,10.2,9160.0,9.2,894.0,9.9
2023-11-14,16600.0,0.0,7.4,8750.0,0.0,786.0,0.0
2023-11-15,15300.0,1.0,8.4,8450.0,2.3,655.0,2.6
2023-11-16,14700.0,0.0,7.4,7860.0,0.0,554.0,0.0
2023-11-17,14300.0,0.0,6.0,7160.0,0.0,479.0,0.0
2023-11-18,13000.0,0.5,6.1,6670.0,3.2,432.0,0.7
2023-11-19,12700.0,9.1,7.9,6840.0,7.6,879.0,7.3
2023-11-20,13800.0,0.0,4.9,7950.0,0.0,806.0,0.1
2023-11-21,14300.0,0.0,5.4,8480.0,0.0,648.0,0.0
2023-11-22,14500.0,19.8,9.4,8700.0,5.5,615.0,15.2
2023-11-23,15000.0,0.0,5.7,8690.0,0.1,567.0,0.0
2023-11-24,14800.0,0.0,3.5,8370.0,0.0,498.0,0.0
2023-11-25,14300.0,0.0,2.1,8040.0,0.0,443.0,0.0
2023-11-26,14000.0,0.0,1.9,7840.0,0.0,398.0,0.0
2023-11-27,13500.0,0.0,1.2,7350.0,0.0,361.0,0.0
2023-11-28,12900.0,0.0,0.1,6960.0,0.0,330.0,0.0
2023-11-29,12400.0,0.0,-0.0,7000.0,0.0,304.0,0.0
2023-11-30,11600.0,5.9,2.1,6650.0,6.3,304.0,5.6
2023-12-01,11900.0,9.5,6.1,6880.0,10.1,428.0,6.8
2023-12-02,14200.0,20.9,8.9,8480.0,16.2,1520.0,16.9
2023-12-03,24700.0,40.5,10.6,16000.0,47.5,8810.0,55.2
2023-12-04,60400.0,7.2,12.9,36800.0,14.2,8060.0,21.3
2023-12-05,73900.0,36.5,14.3,46400.0,5.2,3810.0,11.7
2023-12-06,67500.0,51.1,12.0,35200.0,39.8,3140.0,37.7
2023-12-07,65100.0,6.5,7.3,33100.0,16.2,3200.0,10.5
2023-12-08,67000.0,0.2,4.5,36500.0,6.3,2330.0,5.9
2023-12-09,65500.0,0.9,2.6,36400.0,0.2,1600.0,0.5
2023-12-10,61000.0,26.5,8.3,32600.0,15.2,5600.0,21.2
2023-12-11,69600.0,0.4,9.5,36600.0,3.4,4140.0,3.1
2023-12-12,75900.0,0.0,6.2,44600.0,0.0,2270.0,0.0
2023-12-13,72800.0,0.0,4.2,41900.0,0.0,1500.0,0.0
2023-12-14,64000.0,1.2,5.0,38300.0,0.0,1120.0,0.0
2023-12-15,56300.0,0.7,4.5,34300.0,0.0,875.0,0.0
2023-12-16,49000.0,0.0,2.3,30400.0,0.0,721.0,0.0
2023-12-17,41200.0,0.0,2.0,27300.0,0.0,618.0,0.0
2023-12-18,36200.0,1.4,3.8,24200.0,0.2,544.0,0.7
2023-12-19,32400.0,12.2,7.7,21000.0,11.0,520.0,14.0
2023-12-20,29800.0,0.0,7.1,18600.0,0.0,467.0,0.0
2023-12-21,26700.0,0.0,4.8,16600.0,0.0,417.0,0.0
2023-12-22,24700.0,5.6,5.7,15000.0,5.4,421.0,5.0
2023-12-23,22900.0,0.2,1.7,14000.0,0.1,413.0,0.7
2023-12-24,19800.0,3.5,1.3,12600.0,3.5,377.0,3.4
2023-12-25,17500.0,14.7,5.1,11300.0,8.3,448.0,9.8
2023-12-26,17800.0,5.4,8.5,11100.0,7.3,873.0,6.2
2023-12-27,18500.0,3.4,5.9,11100.0,3.2,773.0,3.1
2023-12-28,17900.0,6.5,7.2,10700.0,0.5,619.0,0.0
2023-12-29,17500.0,0.1,6.9,10500.0,1.5,534.0,0.3
2023-12-30,17000.0,9.2,8.5,10300.0,3.1,556.0,20.0
2023-12-31,17400.0,0.6,5.3,10600.0,0.0,672.0,3.2
